Zone,Nom,Catégorie,Statut,Adresse,Latitude,Longitude,Image,Source
Rabat,Marjane,Supermarché,Formel,Marjane,33.9540447,-6.8534265,icons/supermarket.png,OSM
Rabat,Label'Vie Souissi,Supermarché,Formel,Label'Vie Souissi,33.9821138,-6.8287801,icons/supermarket.png,OSM
Rabat,McDonald's,Restaurant,Formel,McDonald's,33.9954233,-6.8473937,icons/restaurant.png,OSM
Rabat,Parapharmacie sans nom,Parapharmacie,Formel,Rue Maziata,33.9695454,-6.8643092,icons/pharmacy.png,OSM
Rabat,Pharmacie l'Hôpital Militaire صيدلية المستشفى العسكري,Parapharmacie,Formel,"Avenue Al Arz شارع الأرز, Rabat ⵔⴱⴰⵟ الرباط",33.9639919,-6.8701924,icons/pharmacy.png,OSM
Rabat,Pharmacie Misk صيدلية مسك,Parapharmacie,Formel,"Avenue Abderrahim Bouabid شارع عبد الرحيم بوعبيد, Rabat ⵔⴱⴰⵟ الرباط",33.9632595,-6.8729779,icons/pharmacy.png,OSM
Rabat,Pharmacie Ryad صيدلية الرياض,Parapharmacie,Formel,"Avenue Annakhil شارع النخيل, Rabat",33.9622649,-6.87713,icons/pharmacy.png,OSM
Rabat,Asswak Assalam,Supermarché,Formel,Asswak Assalam,33.9482419,-6.8695243,icons/supermarket.png,OSM
Rabat,Pharmacie Ibn Sina صيدلية ابن سينا,Parapharmacie,Formel,"Avenue Fal Ould Oumeir شارع فال ولد عمير, Rabat ⵔⴱⴰⵟ الرباط",33.9962816,-6.8481761,icons/pharmacy.png,OSM
Rabat,Pharmacie Moderne الصيدلية العصرية,Parapharmacie,Formel,Rabat,34.0002024,-6.8468272,icons/pharmacy.png,OSM
Rabat,Pizza Hut,Restaurant,Formel,"Avenue de France شارع فرنسا, Rabat ⵔⴱⴰⵟ الرباط",33.998388,-6.8455206,icons/restaurant.png,OSM
Rabat,Pizzaki,Restaurant,Formel,Pizzaki,33.9965988,-6.8504761,icons/restaurant.png,OSM
Rabat,Rotisserie Atlas,Restaurant,Formel,Rotisserie Atlas,33.9952254,-6.8502014,icons/restaurant.png,OSM
Rabat,La Pause Gourmande,Café,Formel,La Pause Gourmande,33.9956359,-6.8475119,icons/cafe.png,OSM
Rabat,Oukaimeden,Café,Formel,Oukaimeden,33.996395,-6.8478566,icons/cafe.png,OSM
Rabat,Pizza Hut,Restaurant,Formel,Pizza Hut,33.9531222,-6.8543921,icons/restaurant.png,OSM
Rabat,Pharmacie Marjane Hay Ryad صيدلية مرجان حي الرياض,Parapharmacie,Formel,"Rocade de Rabat الطريق السيار المداري الرباط, Rabat",33.9538628,-6.8525408,icons/pharmacy.png,OSM
Rabat,La Matelot,Restaurant,Formel,La Matelot,34.0276674,-6.8302289,icons/restaurant.png,OSM
Rabat,Café Balima,Café,Formel,Café Balima,34.0181798,-6.8355016,icons/cafe.png,OSM
Rabat,Ty Potes,Restaurant,Formel,Rue Ghafsa,34.0172043,-6.8318751,icons/restaurant.png,OSM
Rabat,McDonald's,Restaurant,Formel,McDonald's,34.0173844,-6.8347226,icons/restaurant.png,OSM
Rabat,Nefertiti,Café,Formel,Rabat,34.0244046,-6.8309897,icons/cafe.png,OSM
Rabat,Coq Magic,Restaurant,Formel,Coq Magic,34.0202844,-6.8276726,icons/restaurant.png,OSM
Rabat,Pharmacie Benyahya صيدلية بنيحيى,Parapharmacie,Formel,"Avenue Hassan II شارع الحسن الثاني, Rabat",34.0059473,-6.856221,icons/pharmacy.png,OSM
Rabat,Supermarché de la Tour Hassan,Supérette / Mini-market,Formel,Supermarché de la Tour Hassan,34.0188393,-6.8299462,icons/convenience.png,OSM
Rabat,La Mamma,Restaurant,Formel,La Mamma,34.0184807,-6.8348346,icons/restaurant.png,OSM
Rabat,The Media Luna,Café,Formel,The Media Luna,34.0175803,-6.8328014,icons/cafe.png,OSM
Rabat,Le studio,Restaurant,Formel,Le studio,34.0160907,-6.8309051,icons/restaurant.png,OSM
Rabat,Dar Naji,Restaurant,Formel,Rue Jazirat Al Arab,34.0216395,-6.8418268,icons/restaurant.png,OSM
Rabat,Pizza Hut,Restaurant,Formel,Rabat ⵔⴱⴰⵟ الرباط,33.9735371,-6.8302849,icons/restaurant.png,OSM
Rabat,Supérette / Mini-market sans nom,Supérette / Mini-market,Formel,Supérette / Mini-market sans nom,33.9372462,-6.8142176,icons/convenience.png,OSM
Rabat,Épicerie sans nom,Épicerie,Informel,Épicerie sans nom,33.979623,-6.8212343,icons/greengrocer.png,OSM
Rabat,Supérette / Mini-market sans nom,Supérette / Mini-market,Formel,Supérette / Mini-market sans nom,33.94086,-6.8101836,icons/convenience.png,OSM
Rabat,Rachida's store,Supérette / Mini-market,Formel,Rachida's store,33.9621729,-6.8100205,icons/convenience.png,OSM
Rabat,Chez Aziz,Épicerie,Informel,Chez Aziz,33.9560463,-6.8687042,icons/greengrocer.png,OSM
Rabat,Ihssane,Café,Formel,Ihssane,34.0687568,-6.7919518,icons/cafe.png,OSM
Rabat,Pharmacie Kounouz,Parapharmacie,Formel,Pharmacie Kounouz,33.9630866,-6.8666198,icons/pharmacy.png,OSM
Rabat,Supérette / Mini-market sans nom,Supérette / Mini-market,Formel,Supérette / Mini-market sans nom,33.9629145,-6.8609751,icons/convenience.png,OSM
Rabat,Boulangerie sans nom,Boulangerie,Formel,Boulangerie sans nom,33.9696221,-6.8642845,icons/bakery.png,OSM
Rabat,Paul,Boulangerie,Formel,"Mahaj Ryad, Rabat ⵔⴱⴰⵟ الرباط",33.9598787,-6.8680169,icons/bakery.png,OSM
Rabat,Épicerie sans nom,Épicerie,Informel,Épicerie sans nom,33.9629153,-6.86091,icons/greengrocer.png,OSM
Rabat,Pharmacie et Laboratoire Zitoune صيدلية و مختبر الزيتون,Parapharmacie,Formel,"Rue Al Karm زنقة الكرم, Rabat",33.962087,-6.8636699,icons/pharmacy.png,OSM
Rabat,Paul,Boulangerie,Formel,Paul,33.9895332,-6.8484932,icons/bakery.png,OSM
Rabat,Tajine wa Tanja,Restaurant,Formel,Tajine wa Tanja,34.0154111,-6.8373784,icons/restaurant.png,OSM
Rabat,BIM,Supérette / Mini-market,Formel,BIM,34.0193452,-6.8231962,icons/convenience.png,OSM
Rabat,Supérette / Mini-market sans nom,Supérette / Mini-market,Formel,Supérette / Mini-market sans nom,33.9814147,-6.8577677,icons/convenience.png,OSM
Rabat,Supérette / Mini-market sans nom,Supérette / Mini-market,Formel,Supérette / Mini-market sans nom,33.9831095,-6.8505365,icons/convenience.png,OSM
Rabat,Café sans nom,Café,Formel,Café sans nom,33.981477,-6.8577141,icons/cafe.png,OSM
Rabat,Restaurant sans nom,Restaurant,Formel,Restaurant sans nom,33.983194,-6.8504024,icons/restaurant.png,OSM
Rabat,Barbecue,Restaurant,Formel,Barbecue,34.0013317,-6.8507005,icons/restaurant.png,OSM
Rabat,Carrefour Market,Supermarché,Formel,Avenue Ibn Sina,34.0023902,-6.8519558,icons/supermarket.png,OSM
Rabat,Yoka Sushi,Restaurant,Formel,Yoka Sushi,34.0007858,-6.8495432,icons/restaurant.png,OSM
Rabat,Café Liliane,Café,Formel,Café Liliane,33.9964516,-6.8466521,icons/cafe.png,OSM
Rabat,Le Bistrot du Pietri,Restaurant,Formel,Le Bistrot du Pietri,34.0162377,-6.8322852,icons/restaurant.png,OSM
Rabat,Carrefour,Supermarché,Formel,Carrefour,33.9297734,-6.9291911,icons/supermarket.png,OSM
Rabat,Pharmacie El Fath,Parapharmacie,Formel,Pharmacie El Fath,34.0480173,-6.7970992,icons/pharmacy.png,OSM
Rabat,Tam,Restaurant,Formel,Tam,34.0186748,-6.8281181,icons/restaurant.png,OSM
Rabat,Casalino,Restaurant,Formel,Casalino,33.9334977,-6.9403585,icons/restaurant.png,OSM
Rabat,Supermarché sans nom,Supermarché,Formel,Supermarché sans nom,34.0057026,-6.8500199,icons/supermarket.png,OSM
Rabat,Carrefour Market,Supermarché,Formel,Carrefour Market,33.9621808,-6.8771284,icons/supermarket.png,OSM
Rabat,Épicerie sans nom,Épicerie,Informel,Épicerie sans nom,34.0001899,-6.8465045,icons/greengrocer.png,OSM
Rabat,Supérette / Mini-market sans nom,Supérette / Mini-market,Formel,Supérette / Mini-market sans nom,33.9933223,-6.8462512,icons/convenience.png,OSM
Rabat,Supérette / Mini-market sans nom,Supérette / Mini-market,Formel,Supérette / Mini-market sans nom,33.993987,-6.8466636,icons/convenience.png,OSM
Rabat,Café sans nom,Café,Formel,Café sans nom,33.9937046,-6.8468942,icons/cafe.png,OSM
Rabat,Tea Room & Co,Café,Formel,Tea Room & Co,33.9946417,-6.8470304,icons/cafe.png,OSM
Rabat,Taiyaki,Restaurant,Formel,Taiyaki,33.9944415,-6.8468964,icons/restaurant.png,OSM
Rabat,Épicerie sans nom,Épicerie,Informel,Épicerie sans nom,33.994675,-6.846883,icons/greengrocer.png,OSM
Rabat,Terra Luna,Restaurant,Formel,"Avenue Fal Ould Oumeir شارع فال ولد عمير, Rabat",33.9949533,-6.8471757,icons/restaurant.png,OSM
Rabat,Arthé,Restaurant,Formel,Arthé,33.995468,-6.84743,icons/restaurant.png,OSM
Rabat,Grillades Adil,Restaurant,Formel,Grillades Adil,33.9951946,-6.8476035,icons/restaurant.png,OSM
Rabat,KFC,Restaurant,Formel,Avenue Fal Ould Oumeir شارع فال ولد عمير,33.994844,-6.8474489,icons/restaurant.png,OSM
Rabat,First Pizza,Restaurant,Formel,"Rue Oum Errabia زنقة أم الربيع, Rabat ⵔⴱⴰⵟ الرباط",33.996765,-6.8467668,icons/restaurant.png,OSM
Rabat,Dar Al Fawakih,Restaurant,Formel,Dar Al Fawakih,33.9967094,-6.8469626,icons/restaurant.png,OSM
Rabat,Caesar's,Restaurant,Formel,Caesar's,33.9969651,-6.8461633,icons/restaurant.png,OSM
Rabat,Picasso,Restaurant,Formel,Picasso,33.9966426,-6.8471479,icons/restaurant.png,OSM
Rabat,Ch'hiwates Bennani,Boulangerie,Formel,Avenue Atlas شارع الأطلس,33.9966994,-6.8461252,icons/bakery.png,OSM
Rabat,Brownies,Café,Formel,Avenue Atlas شارع الأطلس,33.9967539,-6.8459649,icons/cafe.png,OSM
Rabat,Mihad Market,Supérette / Mini-market,Formel,Mihad Market,33.9968266,-6.8457006,icons/convenience.png,OSM
Rabat,Schmid,Café,Formel,Schmid,33.9970852,-6.8457959,icons/cafe.png,OSM
Rabat,La cantine du marché,Restaurant,Formel,La cantine du marché,34.0004161,-6.8462628,icons/restaurant.png,OSM
Rabat,7ème art,Restaurant,Formel,7ème art,34.0200062,-6.8355982,icons/restaurant.png,OSM
Rabat,Café Les Deux Palmiers,Café,Formel,Café Les Deux Palmiers,34.0494553,-6.7982647,icons/cafe.png,OSM
Rabat,Chez Brahim,Supermarché,Formel,Chez Brahim,33.9315538,-6.9481251,icons/supermarket.png,OSM
Rabat,Pharmacie des Écoles صيدلية المدارس,Parapharmacie,Formel,"Rue Al Jaoutann, Rabat",33.9651542,-6.8668657,icons/pharmacy.png,OSM
Rabat,Café la Côte,Restaurant,Formel,Café la Côte,34.0470792,-6.8278929,icons/restaurant.png,OSM
Rabat,Cupidon,Café,Formel,Cupidon,34.0174456,-6.8247895,icons/cafe.png,OSM
Rabat,Carrefour Market,Supermarché,Formel,Carrefour Market,34.0211534,-6.8270419,icons/supermarket.png,OSM
Rabat,Café La Cartouche,Café,Formel,Café La Cartouche,34.021763,-6.8269137,icons/cafe.png,OSM
Rabat,Poisson Magic,Restaurant,Formel,Poisson Magic,34.0217199,-6.826974,icons/restaurant.png,OSM
Rabat,Shot Coffee,Café,Formel,Shot Coffee,34.0220168,-6.82679,icons/cafe.png,OSM
Rabat,Restaurant sans nom,Restaurant,Formel,Restaurant sans nom,34.0220879,-6.8266666,icons/restaurant.png,OSM
Rabat,Gallinicta,Restaurant,Formel,Gallinicta,34.0221324,-6.8265915,icons/restaurant.png,OSM
Rabat,Galette de neige,Café,Formel,Galette de neige,34.0217225,-6.8251726,icons/cafe.png,OSM
Rabat,Parapharmacie sans nom,Parapharmacie,Formel,Parapharmacie sans nom,34.0212412,-6.8265787,icons/pharmacy.png,OSM
Rabat,Pharmacie Centre Chèques Postaux صيدلية مركز الشيكات البريدية,Parapharmacie,Formel,"Avenue Moulay Ismail شارع مولاي اسماعيل, Rabat ⵔⴱⴰⵟ الرباط",34.0209889,-6.8267416,icons/pharmacy.png,OSM
Rabat,Pharmacie Chellah صيدلية شالة,Parapharmacie,Formel,"Avenue Chellah شارع شالة, Rabat",34.0217171,-6.8312237,icons/pharmacy.png,OSM
Rabat,Pharmacie du Théatre صيدلية المسرح,Parapharmacie,Formel,"Rue Al Marj زنقة المرج, Rabat",34.0195429,-6.8310709,icons/pharmacy.png,OSM
Rabat,Buggs Burger,Restaurant,Formel,Buggs Burger,34.0186426,-6.8308905,icons/restaurant.png,OSM
Rabat,Le p'tit resto,Restaurant,Formel,Le p'tit resto,34.018044,-6.8293215,icons/restaurant.png,OSM
Rabat,Pharmacie de la Tour Hassan صيدلية صومعة حسان,Parapharmacie,Formel,"Place de l'Unité Africaine ساحة الوحدة الإفريقية, Rabat",34.0178583,-6.8290641,icons/pharmacy.png,OSM
Rabat,mohammed V,Parapharmacie,Formel,MohammedV,34.0489348,-6.7994052,icons/pharmacy.png,OSM
Rabat,café Badr,Café,Formel,café Badr,34.0493456,-6.7995031,icons/cafe.png,OSM
Rabat,Pharmacie Mamounia,Parapharmacie,Formel,Avenue Othman BIbn Affane,34.0503377,-6.8005667,icons/pharmacy.png,OSM
Rabat,La Grande Pharmacie الصيدلية الكبرى,Parapharmacie,Formel,"Avenue Abou Faris Al Marini شارع أبو فارس المريني, Rabat",34.0163793,-6.8319284,icons/pharmacy.png,OSM
Rabat,Koutoubia,Restaurant,Formel,Koutoubia,34.0147067,-6.8307576,icons/restaurant.png,OSM
Rabat,Locamed,Supérette / Mini-market,Formel,Locamed,33.982564,-6.8288437,icons/convenience.png,OSM
Rabat,Pharmacie Gharbia صيدلية الغربية,Parapharmacie,Formel,"Rue Karachi زنقة كالكوتا, Rabat",34.0273181,-6.8455781,icons/pharmacy.png,OSM
Rabat,Pharmacie Ibn Hajar صيدلية إبن حجر,Parapharmacie,Formel,"Rue Ibn Hajar, Rabat",34.0085482,-6.8511786,icons/pharmacy.png,OSM
Rabat,La Française,Boulangerie,Formel,La Française,34.0052917,-6.8473285,icons/bakery.png,OSM
Rabat,Café sans nom,Café,Formel,Café sans nom,33.9869485,-6.8700429,icons/cafe.png,OSM
Rabat,Nostalgia,Café,Formel,Rue Moulay Idriss,34.0198912,-6.8233916,icons/cafe.png,OSM
Rabat,Nejma,Café,Formel,Nejma,33.9610729,-6.8851102,icons/cafe.png,OSM
Rabat,Domino's,Restaurant,Formel,Rabat ⵔⴱⴰⵟ الرباط,33.9604394,-6.8680298,icons/restaurant.png,OSM
Rabat,O'Caprices,Café,Formel,O'Caprices,33.9601813,-6.8682658,icons/cafe.png,OSM
Rabat,Café des Oudayas,Café,Formel,Café des Oudayas,34.0305263,-6.8350809,icons/cafe.png,OSM
Rabat,LPG,Café,Formel,LPG,33.9958045,-6.8475621,icons/cafe.png,OSM
Rabat,Pharmacie El Irfane صيدلية العرفان,Parapharmacie,Formel,"شارع علال الفاسي, Rabat",33.9818509,-6.864547,icons/pharmacy.png,OSM
Rabat,Pharmacie Ijtihad صيدلية الاجتهاد,Parapharmacie,Formel,"Rue Ijtihad, salé سلا",34.0685311,-6.7637243,icons/pharmacy.png,OSM
Rabat,Fennich,Boulangerie,Formel,Fennich,33.9901354,-6.8258274,icons/bakery.png,OSM
Rabat,Ouzoud,Restaurant,Formel,Ouzoud,34.0239239,-6.8307214,icons/restaurant.png,OSM
Rabat,Pharmacie des Oudayas صيدلية الأوداية,Parapharmacie,Formel,"Avenue Al Marsa شارع المرسى, Rabat",34.029522,-6.8358024,icons/pharmacy.png,OSM
Rabat,Boulangerie sans nom,Boulangerie,Formel,الرباط,34.0259158,-6.8318228,icons/bakery.png,OSM
Rabat,Cake Shop,Boulangerie,Formel,Cake Shop,34.0199082,-6.8268021,icons/bakery.png,OSM
Rabat,Pharmacie Assanaoubar صيدلية الصنوبر,Parapharmacie,Formel,"Avenue Assanaoubar شارع الصنوبر, Rabat",33.957923,-6.8794404,icons/pharmacy.png,OSM
Rabat,Esperanza,Restaurant,Formel,Esperanza,34.0163492,-6.8304817,icons/restaurant.png,OSM
Rabat,Sambuca,Café,Formel,Sambuca,34.0198064,-6.835457,icons/cafe.png,OSM
Rabat,La Rive,Restaurant,Formel,La Rive,34.0165031,-6.8302324,icons/restaurant.png,OSM
Rabat,Espace Ezzara,Restaurant,Formel,Espace Ezzara,34.0224715,-6.8314828,icons/restaurant.png,OSM
Rabat,Pharmacie Borj صيدلية البرج,Parapharmacie,Formel,"Avenue Addolb شارع الدلب, Rabat",33.9475044,-6.8736322,icons/pharmacy.png,OSM
Rabat,Rotisserie Hassan,Restaurant,Formel,Rotisserie Hassan,34.0202439,-6.8280303,icons/restaurant.png,OSM
Rabat,Chawermatti,Restaurant,Formel,Chawermatti,34.0208885,-6.8266483,icons/restaurant.png,OSM
Rabat,Café Al Altal,Café,Formel,Café Al Altal,34.0197676,-6.8263129,icons/cafe.png,OSM
Rabat,Supérette / Mini-market sans nom,Supérette / Mini-market,Formel,Supérette / Mini-market sans nom,34.0187354,-6.829257,icons/convenience.png,OSM
Rabat,Resto 3.0,Restaurant,Formel,Resto 3.0,34.0185999,-6.8281602,icons/restaurant.png,OSM
Rabat,Boulangerie Agadir,Boulangerie,Formel,Boulangerie Agadir,34.0202157,-6.8252873,icons/bakery.png,OSM
Rabat,Supérette / Mini-market sans nom,Supérette / Mini-market,Formel,Supérette / Mini-market sans nom,34.0195516,-6.8265773,icons/convenience.png,OSM
Rabat,Supérette / Mini-market sans nom,Supérette / Mini-market,Formel,Supérette / Mini-market sans nom,34.0797017,-6.7907108,icons/convenience.png,OSM
Rabat,Café Pappas,Café,Formel,Café Pappas,34.0743681,-6.7949339,icons/cafe.png,OSM
Rabat,Salma Palace,Café,Formel,Salma Palace,34.0720559,-6.7956374,icons/cafe.png,OSM
Rabat,Al Abtal,Boulangerie,Formel,Al Abtal,33.9958643,-6.8486642,icons/bakery.png,OSM
Rabat,Café sans nom,Café,Formel,Café sans nom,34.0153296,-6.8389958,icons/cafe.png,OSM
Rabat,Villa Jnane,Café,Formel,Villa Jnane,34.0150348,-6.8395134,icons/cafe.png,OSM
Rabat,Kiosque sans nom,Kiosque,Informel,Kiosque sans nom,34.0222379,-6.8381205,icons/kiosk.png,OSM
Rabat,Pharmacie les Arcades صيدلية أركاد,Parapharmacie,Formel,"Avenue Pasteur شارع باستور, Rabat",34.0125082,-6.8425147,icons/pharmacy.png,OSM
Rabat,Pharmacie de Palma صيدلية بالما,Parapharmacie,Formel,"Avenue Moulay Abdellah, Témara تمارة",33.9342673,-6.9439595,icons/pharmacy.png,OSM
Rabat,Supérette / Mini-market sans nom,Supérette / Mini-market,Formel,Supérette / Mini-market sans nom,34.019993,-6.8306398,icons/convenience.png,OSM
Rabat,Sotto Sopra,Restaurant,Formel,Sotto Sopra,34.0197502,-6.8310487,icons/restaurant.png,OSM
Rabat,El Bahia,Restaurant,Formel,El Bahia,34.0225999,-6.837612,icons/restaurant.png,OSM
Rabat,Pizza Rica,Restaurant,Formel,Pizza Rica,34.0224029,-6.8383695,icons/restaurant.png,OSM
Rabat,Les artistes,Café,Formel,Les artistes,34.0149703,-6.8311637,icons/cafe.png,OSM
Rabat,Café sans nom,Café,Formel,Café sans nom,34.0140987,-6.8316078,icons/cafe.png,OSM
Rabat,Pharmacie de la Capitale صيدلية العاصمة,Parapharmacie,Formel,"Rue Moulay Abdalaziz زنقة مولاي عبد العزيز, Rabat ⵕⵕⴱⴰⵟ الرباط",34.0141694,-6.8313865,icons/pharmacy.png,OSM
Rabat,L'R du goût,Restaurant,Formel,L'R du goût,34.0144277,-6.8308211,icons/restaurant.png,OSM
Rabat,Supérette / Mini-market sans nom,Supérette / Mini-market,Formel,Supérette / Mini-market sans nom,34.0143856,-6.8306426,icons/convenience.png,OSM
Rabat,Supérette / Mini-market sans nom,Supérette / Mini-market,Formel,Supérette / Mini-market sans nom,34.0133965,-6.8302185,icons/convenience.png,OSM
Rabat,Pizzeria Al Forno,Restaurant,Formel,Pizzeria Al Forno,34.013475,-6.8304299,icons/restaurant.png,OSM
Rabat,Supérette / Mini-market sans nom,Supérette / Mini-market,Formel,Supérette / Mini-market sans nom,34.0137237,-6.8290015,icons/convenience.png,OSM
Rabat,Bab Essad,Restaurant,Formel,Bab Essad,34.0139406,-6.8279357,icons/restaurant.png,OSM
Rabat,BİM,Supermarché,Formel,BİM,34.0147107,-6.8284878,icons/supermarket.png,OSM
Rabat,Supérette / Mini-market sans nom,Supérette / Mini-market,Formel,Supérette / Mini-market sans nom,34.0149157,-6.8280389,icons/convenience.png,OSM
Rabat,Pharmacie Rhaouti صيدلية غوتي,Parapharmacie,Formel,"شارع علال الفاسي, Rabat ⵔⴱⴰⵟ الرباط",33.976008,-6.8699708,icons/pharmacy.png,OSM
Rabat,Café Etoile,Café,Formel,Café Etoile,34.0182313,-6.8336875,icons/cafe.png,OSM
Rabat,Dar Naji,Restaurant,Formel,Dar Naji,34.0023958,-6.8460529,icons/restaurant.png,OSM
Rabat,La Menara,Restaurant,Formel,Rue Er-Ryad,34.017855,-6.8293141,icons/restaurant.png,OSM
Rabat,Le Pisé,Café,Formel,Le Pisé,34.0179196,-6.829597,icons/cafe.png,OSM
Rabat,Yarilaz,Restaurant,Formel,Yarilaz,34.0154788,-6.8318743,icons/restaurant.png,OSM
Rabat,Dalia,Restaurant,Formel,Dalia,34.0159872,-6.8317492,icons/restaurant.png,OSM
Rabat,Pieea Vera,Restaurant,Formel,Pieea Vera,34.0168945,-6.832379,icons/restaurant.png,OSM
Rabat,Delicia Food,Restaurant,Formel,Delicia Food,34.0154289,-6.8319527,icons/restaurant.png,OSM
Rabat,Yana Dream,Café,Formel,Yana Dream,34.0160136,-6.8320345,icons/cafe.png,OSM
Rabat,Astoria,Café,Formel,Astoria,34.0168795,-6.8313391,icons/cafe.png,OSM
Rabat,L'abeille D'or,Café,Formel,L'abeille D'or,34.015551,-6.8317317,icons/cafe.png,OSM
Rabat,Alaa Snack,Restaurant,Formel,Alaa Snack,34.0161649,-6.8321613,icons/restaurant.png,OSM
Rabat,Café sans nom,Café,Formel,Café sans nom,34.0185206,-6.8302174,icons/cafe.png,OSM
Rabat,Carrion,Café,Formel,Carrion,34.0166517,-6.8303182,icons/cafe.png,OSM
Rabat,Madalena,Café,Formel,Rue Mohamed Jazouli,34.0189893,-6.8297028,icons/cafe.png,OSM
Rabat,Itry,Café,Formel,Itry,34.0174321,-6.8303044,icons/cafe.png,OSM
Rabat,Pietri Palace,Café,Formel,Pietri Palace,34.0165006,-6.8306178,icons/cafe.png,OSM
Rabat,Pharmacie Descartes صيدلية ديكارت,Parapharmacie,Formel,"Avenue des Nations Unies شارع الأمم المتحدة, Rabat",33.9914532,-6.8467235,icons/pharmacy.png,OSM
Rabat,Pharmacie Al Faraj صيدلية الفرج,Parapharmacie,Formel,"Rue Balafrej زنقة بلافريج, Rabat",34.0107326,-6.8564975,icons/pharmacy.png,OSM
Rabat,Côte à Côte,Restaurant,Formel,Côte à Côte,33.9951164,-6.8490244,icons/restaurant.png,OSM
Rabat,Pharmacie Ben Omar صيدلية بن عمر,Parapharmacie,Formel,"Avenue Chellah شارع شالة, Rabat ⵔⴱⴰⵟ الرباط",34.0154509,-6.8271485,icons/pharmacy.png,OSM
Rabat,La Sala,Café,Formel,La Sala,34.0163069,-6.8277492,icons/cafe.png,OSM
Rabat,Choumoue Al Farah,Café,Formel,Choumoue Al Farah,34.0205179,-6.8308732,icons/cafe.png,OSM
Rabat,Ahlen,Supermarché,Formel,Ahlen,34.0202727,-6.8298601,icons/supermarket.png,OSM
Rabat,Chantilly,Restaurant,Formel,Chantilly,34.0211643,-6.8315143,icons/restaurant.png,OSM
Rabat,Fresh Time,Restaurant,Formel,الرباط,34.0208645,-6.8315427,icons/restaurant.png,OSM
Rabat,Zerda,Restaurant,Formel,Avenue Patrice Lumumba,34.021025,-6.8315275,icons/restaurant.png,OSM
Rabat,Doha,Restaurant,Formel,Doha,34.0224143,-6.8314849,icons/restaurant.png,OSM
Rabat,Pesca del Mar,Restaurant,Formel,Pesca del Mar,34.0236439,-6.8324975,icons/restaurant.png,OSM
Rabat,San Marino,Café,Formel,San Marino,34.0214721,-6.8359527,icons/cafe.png,OSM
Rabat,L'empire,Café,Formel,الرباط,34.0211905,-6.8363555,icons/cafe.png,OSM
Rabat,Molina,Café,Formel,Molina,34.0212253,-6.8357782,icons/cafe.png,OSM
Rabat,Hollywood,Café,Formel,Hollywood,34.0212378,-6.835939,icons/cafe.png,OSM
Rabat,Snack Ghazaa,Restaurant,Formel,Snack Ghazaa,34.0207831,-6.836921,icons/restaurant.png,OSM
Rabat,Green Café,Café,Formel,Green Café,34.0209754,-6.8363512,icons/cafe.png,OSM
Rabat,Le Lingot D'or,Café,Formel,Le Lingot D'or,34.0209855,-6.8367366,icons/cafe.png,OSM
Rabat,Pharmacie Guedira صيدلية عبد الحكيم اكديرة,Parapharmacie,Formel,"Avenue Allal Ben Abdellah شارع علال بن عبد الله, Rabat ⵔⴱⴰⵟ الرباط",34.0215779,-6.8363628,icons/pharmacy.png,OSM
Rabat,La Fine Brioche,Café,Formel,La Fine Brioche,34.0208311,-6.8358382,icons/cafe.png,OSM
Rabat,Majestic,Café,Formel,Majestic,34.0207515,-6.8360641,icons/cafe.png,OSM
Rabat,Comedie,Café,Formel,Comedie,34.0203533,-6.8370087,icons/cafe.png,OSM
Rabat,La Scène,Café,Formel,La Scène,34.0200628,-6.8371762,icons/cafe.png,OSM
Rabat,Pharmacie la Renaissance صيدلية النهضة,Parapharmacie,Formel,"Avenue Mohamed V شارع محمد الخامس, Rabat",34.0203254,-6.8372771,icons/pharmacy.png,OSM
Rabat,Pharmacie Al Alfiya صيدلية الألفية,Parapharmacie,Formel,"Avenue de Michlifen شارع مشليفن, Rabat",33.993394,-6.8478351,icons/pharmacy.png,OSM
Rabat,% Arabica,Café,Formel,% Arabica,34.0163656,-6.82871,icons/cafe.png,OSM
Rabat,La Sala,Café,Formel,La Sala,34.0163328,-6.8277524,icons/cafe.png,OSM
Rabat,Doncof,Café,Formel,Doncof,34.0019876,-6.846073,icons/cafe.png,OSM
Rabat,Pharmacie Ibn Khattab صيدلية بن خطاب,Parapharmacie,Formel,"Avenue Omar Ibn Khattab شارع عمر بن الخطاب, Rabat ⵔⴱⴰⵟ الرباط",34.0023082,-6.8459085,icons/pharmacy.png,OSM
Rabat,Al Boustane,Café,Formel,Al Boustane,34.0020721,-6.8458893,icons/cafe.png,OSM
Rabat,Il Buon Gelato,Café,Formel,Il Buon Gelato,34.001741,-6.8457693,icons/cafe.png,OSM
Rabat,Gustie Sapori,Restaurant,Formel,Gustie Sapori,33.9997916,-6.8459747,icons/restaurant.png,OSM
Rabat,Le Saxo,Restaurant,Formel,Le Saxo,33.9996969,-6.8461436,icons/restaurant.png,OSM
Rabat,La Une,Café,Formel,La Une,34.0005106,-6.8465371,icons/cafe.png,OSM
Rabat,Pharmacie des Facultés صيدلية الكليات,Parapharmacie,Formel,"Avenue Omar Ibn Khattab شارع عمر بن الخطاب, Rabat",33.9994604,-6.8445409,icons/pharmacy.png,OSM
Rabat,Amoud,Boulangerie,Formel,"Avenue des Nations Unies شارع الأمم المتحدة, Rabat ⵔⴱⴰⵟ الرباط",33.9903906,-6.8475094,icons/bakery.png,OSM
Rabat,Pharmacie des Nations Unies صيدلية الأمم المتحدة,Parapharmacie,Formel,"Rue Jabal El Ayachi زنقة جبل العياشي, Rabat ⵔⴱⴰⵟ الرباط",33.9956587,-6.8455968,icons/pharmacy.png,OSM
Rabat,La Fournée,Café,Formel,La Fournée,33.9977822,-6.8485827,icons/cafe.png,OSM
Rabat,Oliveri,Café,Formel,Rabat ⵔⴱⴰⵟ الرباط,33.9976795,-6.8484955,icons/cafe.png,OSM
Rabat,Pharmacie l'Oasis صيدلية الواحة,Parapharmacie,Formel,"Avenue Oqba, Rabat",34.0101104,-6.8436866,icons/pharmacy.png,OSM
Rabat,Pharmacie Alam صيدلية علام,Parapharmacie,Formel,"Avenue Oqba, Rabat",34.0082884,-6.8445817,icons/pharmacy.png,OSM
Rabat,By Cap,Restaurant,Formel,By Cap,33.9901132,-6.8497583,icons/restaurant.png,OSM
Rabat,Corrida,Restaurant,Formel,Rabat,34.0227995,-6.8301512,icons/restaurant.png,OSM
Rabat,Pharmacie Dounia Soleil صيدلية دنيا الشمس,Parapharmacie,Formel,"Rue Casablanca زنقة الدار البيضاء, Rabat",34.0246476,-6.829974,icons/pharmacy.png,OSM
Rabat,La Rose Verte,Café,Formel,La Rose Verte,34.0243178,-6.8304731,icons/cafe.png,OSM
Rabat,Pharmacie de la Résistance صيدلية المقاومة,Parapharmacie,Formel,"Avenue Al Mouqaouama شارع المقاومة, Rabat",34.0229167,-6.8462022,icons/pharmacy.png,OSM
Rabat,Latium,Restaurant,Formel,Latium,33.9548026,-6.8652877,icons/restaurant.png,OSM
Rabat,Pharmacie Safiya صيدلية الصافية,Parapharmacie,Formel,"Avenue Annakhil شارع النخيل, Rabat",33.9552146,-6.8656761,icons/pharmacy.png,OSM
Rabat,Cofeeshop Company,Café,Formel,Cofeeshop Company,33.9558937,-6.8663755,icons/cafe.png,OSM
Rabat,Aya Rosa,Café,Formel,Aya Rosa,33.9556091,-6.8663063,icons/cafe.png,OSM
Rabat,La Cuchara,Restaurant,Formel,La Cuchara,33.955381,-6.8661613,icons/restaurant.png,OSM
Rabat,The Noodle House,Restaurant,Formel,The Noodle House,33.9555473,-6.8662305,icons/restaurant.png,OSM
Rabat,La Terrazza,Restaurant,Formel,La Terrazza,33.9535514,-6.8636956,icons/restaurant.png,OSM
Rabat,Zayyane,Restaurant,Formel,Zayyane,33.9560802,-6.8667069,icons/restaurant.png,OSM
Rabat,Le Saint Honore,Boulangerie,Formel,Le Saint Honore,33.9556594,-6.8663454,icons/bakery.png,OSM
Rabat,Starbucks,Café,Formel,Starbucks,33.9566443,-6.8676795,icons/cafe.png,OSM
Rabat,Pharmacie Amyris صيدلية أمرس,Parapharmacie,Formel,"Avenue Abderrahim Bouabid شارع عبد الرحيم بوعبيد, Rabat",33.966459,-6.8689394,icons/pharmacy.png,OSM
Rabat,Pharmacie Al Minbat صيدلية المنبت,Parapharmacie,Formel,"Avenue Mehdi Ben Barka, Rabat",33.9786059,-6.8368404,icons/pharmacy.png,OSM
Rabat,Mister Brochette,Restaurant,Formel,Mister Brochette,34.0203039,-6.8285313,icons/restaurant.png,OSM
Rabat,Fleming,Parapharmacie,Formel,Rue Sahel,33.947977,-6.8289978,icons/pharmacy.png,OSM
Rabat,Pharmacie des Zaers صيدلية زعير,Parapharmacie,Formel,"Avenue Mohammed VI شارع محمد السادس, Rabat ⵔⴱⴰⵟ الرباط",33.9820186,-6.8288893,icons/pharmacy.png,OSM
Rabat,Pharmacie Talha صيدلية طلحة,Parapharmacie,Formel,"Rue Bani Meskine زنقة بني مسكين, Rabat",33.952492,-6.829435,icons/pharmacy.png,OSM
Rabat,Dar Naji,Restaurant,Formel,Dar Naji,33.9855372,-6.8284958,icons/restaurant.png,OSM
Rabat,Pharmacie la Pinède صيدلية الصنوبر,Parapharmacie,Formel,"Avenue Mohammed VI شارع محمد السادس, Rabat ⵔⴱⴰⵟ الرباط",33.9854203,-6.828252,icons/pharmacy.png,OSM
Rabat,Pharmacie des Ministères d'Agdal صيدلية وزارات أكدال,Parapharmacie,Formel,"Rue Mohamed Bel Hassan Al Wazani زنقة محمد بلحسن الوزاني, Rabat",33.99536,-6.8556405,icons/pharmacy.png,OSM
Rabat,Pharmacie Ibn Tofail صيدلية ابن طفيل,Parapharmacie,Formel,"Avenue Assalam شارع السلام, Rabat",33.993735,-6.8720219,icons/pharmacy.png,OSM
Rabat,Pharmacie Essalam صيدلية السلام,Parapharmacie,Formel,"Avenue Assalam شارع السلام, Rabat",33.9985411,-6.8699254,icons/pharmacy.png,OSM
Rabat,Ya.Sin,Parapharmacie,Formel,Ya.Sin,33.9725938,-6.8201801,icons/pharmacy.png,OSM
Rabat,Tapamigo,Restaurant,Formel,"Avenue Ibn Batouta شارع ابن بطوطة, Rabat ⵕⵕⴱⴰⵟ الرباط",34.0083478,-6.8395114,icons/restaurant.png,OSM
Rabat,Café Du Littoral,Café,Formel,Café Du Littoral,33.9389851,-6.9384157,icons/cafe.png,OSM
Rabat,Doremi,Café,Formel,Doremi,33.9387798,-6.9386487,icons/cafe.png,OSM
Rabat,Red Wood,Café,Formel,Red Wood,33.9388967,-6.9385229,icons/cafe.png,OSM
Rabat,Harhoura Ice,Café,Formel,Harhoura Ice,33.93873,-6.9387155,icons/cafe.png,OSM
Rabat,Pharmacie C.H.U صيدلية المستشفى الجامعي,Parapharmacie,Formel,"Avenue Ibn Rochd شارع ابن رشد, Rabat",33.9877718,-6.8530394,icons/pharmacy.png,OSM
Rabat,Pharmacie L'Étoile صيدلية النجمة,Parapharmacie,Formel,"Rue Amir Abdelkader زنقة الأمير عبد القادر, Rabat",33.9900489,-6.8541423,icons/pharmacy.png,OSM
Rabat,LP,Café,Formel,LP,33.9357902,-6.9421207,icons/cafe.png,OSM
Rabat,Gloria,Café,Formel,Gloria,33.9355872,-6.942412,icons/cafe.png,OSM
Rabat,Why Not,Café,Formel,Why Not,33.9361936,-6.9414014,icons/cafe.png,OSM
Rabat,Sol Y Mar,Café,Formel,Sol Y Mar,33.9357415,-6.942247,icons/cafe.png,OSM
Rabat,Verona,Café,Formel,Verona,33.9352284,-6.9427852,icons/cafe.png,OSM
Rabat,Pharmacie Guyville Harhoura صيدلية غايفيل هرهورة,Parapharmacie,Formel,Témara تمارة,33.9361065,-6.9417122,icons/pharmacy.png,OSM
Rabat,La Falaise,Café,Formel,La Falaise,33.9356675,-6.9423354,icons/cafe.png,OSM
Rabat,La Fontaine Bleue,Café,Formel,La Fontaine Bleue,33.9349717,-6.9431574,icons/cafe.png,OSM
Rabat,Miami Light,Café,Formel,Miami Light,33.9948633,-6.8503589,icons/cafe.png,OSM
Rabat,Pharmacie Oqba صيدلية عقبة,Parapharmacie,Formel,"Avenue Oqba شارع عقبة, Rabat",34.0031697,-6.8496954,icons/pharmacy.png,OSM
Rabat,Pharmacie des Orangers صيدلية الليمون,Parapharmacie,Formel,Pharmacie des Orangers صيدلية الليمون,34.0527906,-6.7849912,icons/pharmacy.png,OSM
Rabat,Dar Morjana,Restaurant,Formel,"Avenue Atlas, Rabat",33.99673,-6.8460289,icons/restaurant.png,OSM
Rabat,Boulangerie sans nom,Boulangerie,Formel,Boulangerie sans nom,34.0184979,-6.8359006,icons/bakery.png,OSM
Rabat,Café sans nom,Café,Formel,Café sans nom,34.0445477,-6.8158858,icons/cafe.png,OSM
Rabat,Boulangerie Patisserie Abtal,Boulangerie,Formel,"Avenue Al Abtal, Rabat",34.0012204,-6.8476142,icons/bakery.png,OSM
Rabat,Carrefour Express,Supérette / Mini-market,Formel,Avenue Maghreb Arabe,34.0210221,-6.8423142,icons/convenience.png,OSM
Rabat,Tacos de Lyon,Restaurant,Formel,Avenue Maghreb Arabe,34.0200706,-6.8448274,icons/restaurant.png,OSM
Rabat,Boulangerie Patisserie Boumalek,Boulangerie,Formel,"Avenue Maghreb Arabe, Rabat",34.0203107,-6.8447871,icons/bakery.png,OSM
Rabat,Café Benhammou,Café,Formel,Avenue Maghreb Arabe,34.0202529,-6.8450339,icons/cafe.png,OSM
Rabat,Boumalek delice,Boulangerie,Formel,Avenue Al Mouqaouama,34.0209043,-6.8479012,icons/bakery.png,OSM
Rabat,Venezia Ice,Café,Formel,"Avenue de France شارع فرنسا, Rabat ⵔⴱⴰⵟ الرباط",33.9977697,-6.8481855,icons/cafe.png,OSM
Rabat,La Rive,Café,Formel,Avenue de France,33.9974489,-6.8482591,icons/cafe.png,OSM
Rabat,Bert's,Café,Formel,Bert's,33.9975563,-6.8479977,icons/cafe.png,OSM
Rabat,Terre de Glace,Café,Formel,Terre de Glace,34.0012609,-6.8499423,icons/cafe.png,OSM
Rabat,Café Badr,Café,Formel,Café Badr,34.0011897,-6.8499075,icons/cafe.png,OSM
Rabat,Café Kamaoufel,Café,Formel,Café Kamaoufel,34.001103,-6.8498646,icons/cafe.png,OSM
Rabat,Boubnina,Restaurant,Formel,Place Abou Bakr Asseddik,34.0001958,-6.8493844,icons/restaurant.png,OSM
Rabat,Pinchos,Restaurant,Formel,Pinchos,33.9954771,-6.850578,icons/restaurant.png,OSM
Rabat,Citirusta,Restaurant,Formel,Avenue Ibn Sina,34.0020281,-6.8518914,icons/restaurant.png,OSM
Rabat,Coq Magic,Restaurant,Formel,Avenue Oqba شارع عقبة,34.0022176,-6.8507341,icons/restaurant.png,OSM
Rabat,Goethe 2.0,Restaurant,Formel,Avenue Oqba شارع عقبة,34.0058019,-6.8466383,icons/restaurant.png,OSM
Rabat,Chez Ouazzani,Restaurant,Formel,Chez Ouazzani,34.0046502,-6.8470373,icons/restaurant.png,OSM
Rabat,Le Savarin,Café,Formel,Rue Tensift,33.9994358,-6.8465284,icons/cafe.png,OSM
Rabat,Pinchos,Restaurant,Formel,Avenue de France,33.9977447,-6.8483053,icons/restaurant.png,OSM
Rabat,Zen Garden,Café,Formel,زنقة ملوية Rue Melouya,33.9979001,-6.8480774,icons/cafe.png,OSM
Rabat,Le Rocher,Café,Formel,Le Rocher,33.9978536,-6.8478628,icons/cafe.png,OSM
Rabat,Dar Al Fawakih,Restaurant,Formel,Avenue Maghreb Arabe,34.0203191,-6.8438873,icons/restaurant.png,OSM
Rabat,Café Concorde,Café,Formel,Avenue Hassan II,34.0202724,-6.8425154,icons/cafe.png,OSM
Rabat,Le Grand Comptoir,Restaurant,Formel,Avenue Mohamed V,34.0190163,-6.8361497,icons/restaurant.png,OSM
Rabat,Café la Tourterelle,Café,Formel,Café la Tourterelle,34.0012726,-6.8480836,icons/cafe.png,OSM
Rabat,BIM,Supermarché,Formel,BIM,34.0001283,-6.8493428,icons/supermarket.png,OSM
Rabat,Sand'way,Restaurant,Formel,Avenue Oqba شارع عقبة,34.0026312,-6.8502535,icons/restaurant.png,OSM
Rabat,O'pizza,Restaurant,Formel,Avenue Oqba شارع عقبة,34.0026601,-6.8502213,icons/restaurant.png,OSM
Rabat,La Diva,Café,Formel,La Diva,34.0029614,-6.8496594,icons/cafe.png,OSM
Rabat,Salés Sucrés,Restaurant,Formel,Avenue Oqba شارع عقبة,34.0030126,-6.8497949,icons/restaurant.png,OSM
Rabat,La Graille,Restaurant,Formel,Avenue Oqba شارع عقبة,34.0028469,-6.8500014,icons/restaurant.png,OSM
Rabat,Casarina,Café,Formel,Avenue Oqba شارع عقبة,34.0041055,-6.8483331,icons/cafe.png,OSM
Rabat,La Tassa,Café,Formel,Avenue Oqba شارع عقبة,34.0037875,-6.8486979,icons/cafe.png,OSM
Rabat,Café de Paris,Café,Formel,Avenue Oqba شارع عقبة,34.0036785,-6.8488105,icons/cafe.png,OSM
Rabat,Le Bartoldi,Restaurant,Formel,Le Bartoldi,34.0034395,-6.8490975,icons/restaurant.png,OSM
Rabat,Café sans nom,Café,Formel,Café sans nom,34.0021409,-6.8519836,icons/cafe.png,OSM
Rabat,Chez Said,Supérette / Mini-market,Formel,Chez Said,34.0021365,-6.8520587,icons/convenience.png,OSM
Rabat,Supérette / Mini-market sans nom,Supérette / Mini-market,Formel,Supérette / Mini-market sans nom,34.0172002,-6.8266578,icons/convenience.png,OSM
Rabat,La Bonne Maison,Supérette / Mini-market,Formel,La Bonne Maison,34.0202505,-6.8281349,icons/convenience.png,OSM
Rabat,Zumbra Jus,Restaurant,Formel,Zumbra Jus,34.0206193,-6.8267618,icons/restaurant.png,OSM
Rabat,Café sans nom,Café,Formel,Café sans nom,34.0205737,-6.8267309,icons/cafe.png,OSM
Rabat,La couronne d'or,Boulangerie,Formel,La couronne d'or,34.0205359,-6.8266947,icons/bakery.png,OSM
Rabat,Restaurant - Rotisserie Aya,Restaurant,Formel,Restaurant - Rotisserie Aya,34.0196651,-6.8257908,icons/restaurant.png,OSM
Rabat,Addik Snack,Restaurant,Formel,Avenue Al Alaouiyine,34.01997,-6.8259498,icons/restaurant.png,OSM
Rabat,La passerelle,Restaurant,Formel,La passerelle,34.0202585,-6.8256246,icons/restaurant.png,OSM
Rabat,Supérette / Mini-market sans nom,Supérette / Mini-market,Formel,Supérette / Mini-market sans nom,34.0200279,-6.8237698,icons/convenience.png,OSM
Rabat,Happy Fish,Restaurant,Formel,Happy Fish,34.0207647,-6.824351,icons/restaurant.png,OSM
Rabat,Pharmacie et Laboratoire Les Almohades صيدلية و مختبر الموحدين,Parapharmacie,Formel,"Rue Zagora Hassan, Rabat الرباط",34.0206772,-6.8243041,icons/pharmacy.png,OSM
Rabat,Santo,Restaurant,Formel,Rue Zagora Hassan,34.0205304,-6.8242096,icons/restaurant.png,OSM
Rabat,Le Mare Nostrum,Restaurant,Formel,Le Mare Nostrum,34.018773,-6.8254374,icons/restaurant.png,OSM
Rabat,Supérette / Mini-market sans nom,Supérette / Mini-market,Formel,Supérette / Mini-market sans nom,34.018013,-6.8246044,icons/convenience.png,OSM
Rabat,Supérette / Mini-market sans nom,Supérette / Mini-market,Formel,Supérette / Mini-market sans nom,34.0182662,-6.8248384,icons/convenience.png,OSM
Rabat,Café sans nom,Café,Formel,Café sans nom,34.0182091,-6.8245361,icons/cafe.png,OSM
Rabat,Pâtisserie Al Yamama,Boulangerie,Formel,Pâtisserie Al Yamama,34.0183814,-6.8246671,icons/bakery.png,OSM
Rabat,Supérette / Mini-market sans nom,Supérette / Mini-market,Formel,Supérette / Mini-market sans nom,34.0189559,-6.8256063,icons/convenience.png,OSM
Rabat,Supérette / Mini-market sans nom,Supérette / Mini-market,Formel,Supérette / Mini-market sans nom,34.0191288,-6.8253851,icons/convenience.png,OSM
Rabat,Sens du goût,Supérette / Mini-market,Formel,Sens du goût,34.0192771,-6.8256076,icons/convenience.png,OSM
Rabat,Fabiola,Café,Formel,Fabiola,34.0174879,-6.8271151,icons/cafe.png,OSM
Rabat,Supérette / Mini-market sans nom,Supérette / Mini-market,Formel,Supérette / Mini-market sans nom,34.0218421,-6.8299632,icons/convenience.png,OSM
Rabat,Pharmacie l'Officine Moderne صيدلية المستوصف الحديث,Parapharmacie,Formel,"Avenue d'Alger شارع الجزائر, Rabat الرباط",34.0174608,-6.8258189,icons/pharmacy.png,OSM
Rabat,La Brasserie,Restaurant,Formel,La Brasserie,34.0175478,-6.8277983,icons/restaurant.png,OSM
Rabat,Supérette / Mini-market sans nom,Supérette / Mini-market,Formel,Supérette / Mini-market sans nom,34.0144764,-6.8289941,icons/convenience.png,OSM
Rabat,Lilas,Restaurant,Formel,Lilas,34.0004894,-6.8455279,icons/restaurant.png,OSM
Rabat,Pilippe Rey. Petit Bistro,Restaurant,Formel,Pilippe Rey. Petit Bistro,34.0206136,-6.8304944,icons/restaurant.png,OSM
Rabat,Épicerie sans nom,Épicerie,Informel,Épicerie sans nom,34.0213027,-6.8265028,icons/greengrocer.png,OSM
Rabat,Supérette / Mini-market sans nom,Supérette / Mini-market,Formel,Supérette / Mini-market sans nom,34.0214164,-6.8260537,icons/convenience.png,OSM
Rabat,BİM,Supermarché,Formel,BİM,34.0214688,-6.8261893,icons/supermarket.png,OSM
Rabat,Croquette,Restaurant,Formel,Croquette,34.0213371,-6.8262187,icons/restaurant.png,OSM
Rabat,Abha,Café,Formel,Abha,34.0245064,-6.8447902,icons/cafe.png,OSM
Rabat,Parfums,Kiosque,Informel,Parfums,34.0213321,-6.8275625,icons/kiosk.png,OSM
Rabat,Boumalek,Boulangerie,Formel,Boumalek,34.0207291,-6.8306774,icons/bakery.png,OSM
Rabat,Supérette / Mini-market sans nom,Supérette / Mini-market,Formel,Supérette / Mini-market sans nom,34.0212133,-6.8298525,icons/convenience.png,OSM
Rabat,saada food,Restaurant,Formel,saada food,34.0217639,-6.8313352,icons/restaurant.png,OSM
Rabat,exotic,Restaurant,Formel,Rabat,34.0215728,-6.8306308,icons/restaurant.png,OSM
Rabat,Perle Diamant,Café,Formel,Perle Diamant,34.0215612,-6.830985,icons/cafe.png,OSM
Rabat,Café Florida,Café,Formel,Café Florida,34.0215701,-6.8486008,icons/cafe.png,OSM
Rabat,Chiwates du terroir,Restaurant,Formel,Chiwates du terroir,34.0185128,-6.8260138,icons/restaurant.png,OSM
Rabat,Supérette / Mini-market sans nom,Supérette / Mini-market,Formel,Supérette / Mini-market sans nom,34.0212369,-6.8227514,icons/convenience.png,OSM
Rabat,Supérette / Mini-market sans nom,Supérette / Mini-market,Formel,Supérette / Mini-market sans nom,34.0214109,-6.824861,icons/convenience.png,OSM
Rabat,Supérette / Mini-market sans nom,Supérette / Mini-market,Formel,Supérette / Mini-market sans nom,34.0171899,-6.8257471,icons/convenience.png,OSM
Rabat,Restaurant Riyad Al Hassan,Restaurant,Formel,Restaurant Riyad Al Hassan,34.016457,-6.8507726,icons/restaurant.png,OSM
Rabat,Café au coin de la perle,Café,Formel,Café au coin de la perle,34.0191799,-6.8478221,icons/cafe.png,OSM
Rabat,Supérette / Mini-market sans nom,Supérette / Mini-market,Formel,Supérette / Mini-market sans nom,34.0181756,-6.848721,icons/convenience.png,OSM
Rabat,Supérette / Mini-market sans nom,Supérette / Mini-market,Formel,Supérette / Mini-market sans nom,34.0181606,-6.8487398,icons/convenience.png,OSM
Rabat,Supérette / Mini-market sans nom,Supérette / Mini-market,Formel,Supérette / Mini-market sans nom,34.0181206,-6.8487263,icons/convenience.png,OSM
Rabat,Le Sablier,Café,Formel,Le Sablier,34.0182945,-6.8473313,icons/cafe.png,OSM
Rabat,Café sans nom,Café,Formel,Café sans nom,34.0175774,-6.8498388,icons/cafe.png,OSM
Rabat,Café sans nom,Café,Formel,Café sans nom,34.0172698,-6.8499117,icons/cafe.png,OSM
Rabat,DH Palace,Café,Formel,DH Palace,33.9340345,-6.942399,icons/cafe.png,OSM
Rabat,Alimentation Generale,Supérette / Mini-market,Formel,Alimentation Generale,33.9341592,-6.9426796,icons/convenience.png,OSM
Rabat,Konichiwa,Restaurant,Formel,Konichiwa,33.9343289,-6.9433331,icons/restaurant.png,OSM
Rabat,Pharmacie Le Littoral صيدلية الساحل,Parapharmacie,Formel,"Avenue Abdrrahim Bouabid, Témara تمارة",33.9297373,-6.9465894,icons/pharmacy.png,OSM
Rabat,Sabah Acham,Restaurant,Formel,Sabah Acham,33.9346194,-6.9431692,icons/restaurant.png,OSM
Rabat,Dunkin',Restaurant,Formel,Dunkin',33.9345965,-6.9430654,icons/restaurant.png,OSM
Rabat,Pizzeria Haliano,Restaurant,Formel,Pizzeria Haliano,33.9336337,-6.9416407,icons/restaurant.png,OSM
Rabat,Café Bruxelles,Café,Formel,Café Bruxelles,33.9335787,-6.9405963,icons/cafe.png,OSM
Rabat,Pharmacie Essaada صيدلية السعادة,Parapharmacie,Formel,"Avenue Mohamed VI, Témara تمارة",33.9335925,-6.940455,icons/pharmacy.png,OSM
Rabat,Papilino,Restaurant,Formel,Papilino,33.9333373,-6.9401595,icons/restaurant.png,OSM
Rabat,Café sans nom,Café,Formel,Café sans nom,33.9338934,-6.941671,icons/cafe.png,OSM
Rabat,Arrabie,Café,Formel,Arrabie,33.9331858,-6.9402353,icons/cafe.png,OSM
Rabat,Le Georges,Restaurant,Formel,Le Georges,34.0007034,-6.8459905,icons/restaurant.png,OSM
Rabat,Pharmacie Michlifen صيدلية مشليفن,Parapharmacie,Formel,"Avenue de Michlifen شارع مشليفن, Rabat",33.9946256,-6.8505065,icons/pharmacy.png,OSM
Rabat,Supérette / Mini-market sans nom,Supérette / Mini-market,Formel,Supérette / Mini-market sans nom,34.0221246,-6.8281821,icons/convenience.png,OSM
Rabat,Supérette / Mini-market sans nom,Supérette / Mini-market,Formel,Supérette / Mini-market sans nom,34.0170609,-6.8506867,icons/convenience.png,OSM
Rabat,Supérette / Mini-market sans nom,Supérette / Mini-market,Formel,Supérette / Mini-market sans nom,34.0171381,-6.8505998,icons/convenience.png,OSM
Rabat,Il Giardino الجيردينو,Restaurant,Formel,"Avenue Ahmed El Yazidi شارع أحمد اليزيدي, Rabat  الرباط",34.0156052,-6.8211928,icons/restaurant.png,OSM
Rabat,Pharmacie des Cliniques صيدلية المصحات,Parapharmacie,Formel,"Rue Ouazzane زنقة وزان, Rabat الرباط",34.0210339,-6.8213996,icons/pharmacy.png,OSM
Rabat,BİM,Supermarché,Formel,BİM,34.024685,-6.8450175,icons/supermarket.png,OSM
Rabat,Supérette / Mini-market sans nom,Supérette / Mini-market,Formel,Supérette / Mini-market sans nom,34.0247063,-6.8447084,icons/convenience.png,OSM
Rabat,Supérette / Mini-market sans nom,Supérette / Mini-market,Formel,Supérette / Mini-market sans nom,34.0175391,-6.8508668,icons/convenience.png,OSM
Rabat,Supérette / Mini-market sans nom,Supérette / Mini-market,Formel,Supérette / Mini-market sans nom,34.0174858,-6.8508132,icons/convenience.png,OSM
Rabat,Supérette / Mini-market sans nom,Supérette / Mini-market,Formel,Supérette / Mini-market sans nom,34.0169522,-6.8519129,icons/convenience.png,OSM
Rabat,Supérette / Mini-market sans nom,Supérette / Mini-market,Formel,Supérette / Mini-market sans nom,34.0170233,-6.8519826,icons/convenience.png,OSM
Rabat,Bim بيم,Supermarché,Formel,Bim بيم,34.0165342,-6.8522294,icons/supermarket.png,OSM
Rabat,4You,Café,Formel,4You,34.025619,-6.8452645,icons/cafe.png,OSM
Rabat,Pharmacie de la Marne صيدلية مارل,Parapharmacie,Formel,"Avenue Patrice Lumumba شارع باتريس لومومبا, Rabat ⵔⴱⴰⵟ الرباط",34.0140629,-6.8290191,icons/pharmacy.png,OSM
Rabat,Guelzim,Café,Formel,Guelzim,34.0204392,-6.8367645,icons/cafe.png,OSM
Rabat,L'imperial,Café,Formel,L'imperial,33.9996923,-6.8486913,icons/cafe.png,OSM
Rabat,Saytlia,Épicerie,Informel,"Rue Doukkala, Rabat",33.9933992,-6.8237071,icons/greengrocer.png,OSM
Rabat,Tout Va Bien,Restaurant,Formel,Tout Va Bien,34.0179112,-6.8514265,icons/restaurant.png,OSM
Rabat,Acima آسيما,Supermarché,Formel,Acima آسيما,34.0178059,-6.8516447,icons/supermarket.png,OSM
Rabat,Pizza Risse,Restaurant,Formel,Pizza Risse,34.0176887,-6.8518931,icons/restaurant.png,OSM
Rabat,Pharmacie Ibn El Haytam صيدلية ابن الهيثم,Parapharmacie,Formel,"Avenue Al Mouqaouama شارع المقاومة, Rabat",34.0170042,-6.8531909,icons/pharmacy.png,OSM
Rabat,Pharmacie Aya صيدلية اًية,Parapharmacie,Formel,"Avenue El Hachimi El Mestari زنقة الهاشمي المستاري, Rabat",34.0166735,-6.8567883,icons/pharmacy.png,OSM
Rabat,Supérette / Mini-market sans nom,Supérette / Mini-market,Formel,Supérette / Mini-market sans nom,34.014077,-6.854336,icons/convenience.png,OSM
Rabat,Le Dhow,Restaurant,Formel,Le Dhow,34.0290184,-6.8324165,icons/restaurant.png,OSM
Rabat,Supérette / Mini-market sans nom,Supérette / Mini-market,Formel,Supérette / Mini-market sans nom,34.0204169,-6.8497957,icons/convenience.png,OSM
Rabat,Supérette / Mini-market sans nom,Supérette / Mini-market,Formel,Supérette / Mini-market sans nom,34.0205334,-6.8493256,icons/convenience.png,OSM
Rabat,Supérette / Mini-market sans nom,Supérette / Mini-market,Formel,Supérette / Mini-market sans nom,34.0221872,-6.8489896,icons/convenience.png,OSM
Rabat,Supérette / Mini-market sans nom,Supérette / Mini-market,Formel,Supérette / Mini-market sans nom,34.0222162,-6.8489654,icons/convenience.png,OSM
Rabat,Supérette / Mini-market sans nom,Supérette / Mini-market,Formel,Supérette / Mini-market sans nom,34.031792,-6.8360109,icons/convenience.png,OSM
Rabat,La Gafiera,Café,Formel,"Rue Ibn Hajar زنقة ابن حجر, Rabat",34.0085412,-6.8514521,icons/cafe.png,OSM
Rabat,Supérette / Mini-market sans nom,Supérette / Mini-market,Formel,Supérette / Mini-market sans nom,34.008551,-6.8512633,icons/convenience.png,OSM
Rabat,Sushi House,Restaurant,Formel,Sushi House,33.9897439,-6.848208,icons/restaurant.png,OSM
Rabat,Quick,Restaurant,Formel,Quick,33.9954967,-6.8477997,icons/restaurant.png,OSM
Rabat,La Grillardiere,Restaurant,Formel,La Grillardiere,33.9581699,-6.872866,icons/restaurant.png,OSM
Rabat,La Piazza Verde,Café,Formel,La Piazza Verde,33.9574329,-6.8726944,icons/cafe.png,OSM
Rabat,Yoka Sushi,Restaurant,Formel,Yoka Sushi,33.9573701,-6.8727667,icons/restaurant.png,OSM
Rabat,Grillade Adil,Restaurant,Formel,Grillade Adil,33.9574967,-6.8726141,icons/restaurant.png,OSM
Rabat,Almasjid,Café,Formel,Almasjid,33.957253,-6.8728792,icons/cafe.png,OSM
Rabat,Il Bam Bino,Restaurant,Formel,Il Bam Bino,33.9571488,-6.8730212,icons/restaurant.png,OSM
Rabat,Goss!p,Café,Formel,Goss!p,33.9573326,-6.872823,icons/cafe.png,OSM
Rabat,Les Domaines,Supermarché,Formel,Les Domaines,33.9757027,-6.8599642,icons/supermarket.png,OSM
Rabat,Supérette / Mini-market sans nom,Supérette / Mini-market,Formel,Supérette / Mini-market sans nom,34.0221584,-6.8489762,icons/convenience.png,OSM
Rabat,Supérette / Mini-market sans nom,Supérette / Mini-market,Formel,Supérette / Mini-market sans nom,34.0219574,-6.8496339,icons/convenience.png,OSM
Rabat,Pharmacie Maghrebine الصيدلية المغاربية,Parapharmacie,Formel,"Place des Alliés ساحة الحلفاء, Rabat ⵔⴱⴰⵟ الرباط",34.0221318,-6.8497586,icons/pharmacy.png,OSM
Rabat,Café sans nom,Café,Formel,Café sans nom,34.0221764,-6.8498136,icons/cafe.png,OSM
Rabat,Café Fennick,Café,Formel,Café Fennick,34.0321213,-6.8226597,icons/cafe.png,OSM
Rabat,Supérette / Mini-market sans nom,Supérette / Mini-market,Formel,Supérette / Mini-market sans nom,34.0371232,-6.8262153,icons/convenience.png,OSM
Rabat,Café sans nom,Café,Formel,Café sans nom,34.0243092,-6.8472719,icons/cafe.png,OSM
Rabat,Café sans nom,Café,Formel,Café sans nom,34.0244473,-6.847443,icons/cafe.png,OSM
Rabat,Supérette / Mini-market sans nom,Supérette / Mini-market,Formel,Supérette / Mini-market sans nom,34.0260025,-6.8450241,icons/convenience.png,OSM
Rabat,Café sans nom,Café,Formel,Café sans nom,34.0172288,-6.8267442,icons/cafe.png,OSM
Rabat,La Deliciosa,Café,Formel,"Rue 16 Novembre شارع 16 نوفمبر, Rabat ⵔⴱⴰⵟ الرباط",33.9915537,-6.8484737,icons/cafe.png,OSM
Rabat,L'hacienda,Restaurant,Formel,L'hacienda,34.0177968,-6.8253706,icons/restaurant.png,OSM
Rabat,Krystal,Restaurant,Formel,Krystal,34.0172493,-6.8351892,icons/restaurant.png,OSM
Rabat,Pharmacie Cherqi صيدلية الشرقي,Parapharmacie,Formel,"Avenue Laalou شارع لعلو, Rabat",34.0286307,-6.8387859,icons/pharmacy.png,OSM
Rabat,Supérette / Mini-market sans nom,Supérette / Mini-market,Formel,Supérette / Mini-market sans nom,34.0186457,-6.8307952,icons/convenience.png,OSM
Rabat,Boulangerie Patisserie,Boulangerie,Formel,Boulangerie Patisserie,33.9858561,-6.8284043,icons/bakery.png,OSM
Rabat,Boulangerie Patisserie,Boulangerie,Formel,Boulangerie Patisserie,33.9830984,-6.8293246,icons/bakery.png,OSM
Rabat,Tacos De Mexico,Restaurant,Formel,Tacos De Mexico,34.0253428,-6.8461406,icons/restaurant.png,OSM
Rabat,Pharmacie Miramar صيدلية ميرامار,Parapharmacie,Formel,Témara تمارة,33.9436808,-6.9340169,icons/pharmacy.png,OSM
Rabat,Pharmacie de la Côte صيدلية الشاطئ,Parapharmacie,Formel,"Avenue Al Kifah شارع الكفاح, Rabat",33.9906974,-6.8765319,icons/pharmacy.png,OSM
Rabat,Pharmacie Sayegh صيدلية الصايغ,Parapharmacie,Formel,"Avenue Al Kifah شارع الكفاح, Rabat",33.9904097,-6.882226,icons/pharmacy.png,OSM
Rabat,Pharmacie la Grande Mosquée صيدلية المسجد الكبير,Parapharmacie,Formel,Témara تمارة,33.9414093,-6.9365945,icons/pharmacy.png,OSM
Rabat,Supérette / Mini-market sans nom,Supérette / Mini-market,Formel,Supérette / Mini-market sans nom,34.0161923,-6.8309612,icons/convenience.png,OSM
Rabat,la carré noir,Café,Formel,la carré noir,34.0191083,-6.8358451,icons/cafe.png,OSM
Rabat,Al Fanous,Restaurant,Formel,Al Fanous,34.0182035,-6.8341182,icons/restaurant.png,OSM
Rabat,Café l'Escale,Restaurant,Formel,Rabat ⵔⴱⴰⵟ الرباط,34.0167876,-6.8239355,icons/restaurant.png,OSM
Rabat,bouregreg,Café,Formel,Rabat,34.0242033,-6.8319921,icons/cafe.png,OSM
Rabat,goût du détroit,Restaurant,Formel,Rabat,34.0243524,-6.8313973,icons/restaurant.png,OSM
Rabat,trst,Supérette / Mini-market,Formel,trst,34.0100562,-6.8397277,icons/convenience.png,OSM
Rabat,Aux merveilles de la Médina,Boulangerie,Formel,Aux merveilles de la Médina,34.0225651,-6.8380887,icons/bakery.png,OSM
Rabat,Halinka,Café,Formel,Halinka,34.0201996,-6.8350376,icons/cafe.png,OSM
Rabat,Carrion,Café,Formel,Rabat ⵔⴱⴰⵟ الرباط,33.9602529,-6.868168,icons/cafe.png,OSM
Rabat,Café Ifrane,Café,Formel,Avenue Tadla,33.9943787,-6.8184338,icons/cafe.png,OSM
Rabat,Nour Al Arab,Café,Formel,Nour Al Arab,34.0083088,-6.8515226,icons/cafe.png,OSM
Rabat,Café Bahja,Café,Formel,Café Bahja,34.0436492,-6.7963353,icons/cafe.png,OSM
Rabat,Supérette / Mini-market sans nom,Supérette / Mini-market,Formel,Supérette / Mini-market sans nom,34.0175921,-6.834031,icons/convenience.png,OSM
Rabat,Faceburger,Restaurant,Formel,"Avenue de Michlifen شارع مشليفن, Rabat ⵔⴱⴰⵟ الرباط",33.9939453,-6.8493165,icons/restaurant.png,OSM
Rabat,Paparotti,Restaurant,Formel,Paparotti,34.0178571,-6.8344649,icons/restaurant.png,OSM
Rabat,La petite duchesse,Café,Formel,La petite duchesse,34.0178894,-6.8344227,icons/cafe.png,OSM
Rabat,Anoual Grillade,Restaurant,Formel,Anoual Grillade,34.0176199,-6.8349657,icons/restaurant.png,OSM
Rabat,Smoothie Frais,Café,Formel,Smoothie Frais,34.0183463,-6.8345388,icons/cafe.png,OSM
Rabat,Le pain bul,Boulangerie,Formel,Rue Prince Moulay Abdellah زنقة الأمير مولاي عبد الله,34.0174324,-6.8350318,icons/bakery.png,OSM
Rabat,Pharmacie Zahra صيدلية زهرة,Parapharmacie,Formel,"Rue Prince Moulay Abdellah, Rabat ⵔⴱⴰⵟ الرباط",34.0174629,-6.8350178,icons/pharmacy.png,OSM
Rabat,Salon de thé Amoun Er Rachid,Café,Formel,Salon de thé Amoun Er Rachid,34.0175462,-6.8349794,icons/cafe.png,OSM
Rabat,Youm Youm,Restaurant,Formel,Youm Youm,34.0181067,-6.8340996,icons/restaurant.png,OSM
Rabat,Pharmacie Al Boustane صيدلية البستان,Parapharmacie,Formel,"Avenue Al Mostakbal شارع المستقبل, Rabat",33.9803551,-6.8883849,icons/pharmacy.png,OSM
Rabat,Sandway,Restaurant,Formel,Sandway,33.9565173,-6.8692997,icons/restaurant.png,OSM
Rabat,Supérette / Mini-market sans nom,Supérette / Mini-market,Formel,Supérette / Mini-market sans nom,34.0255823,-6.8458248,icons/convenience.png,OSM
Rabat,Supérette / Mini-market sans nom,Supérette / Mini-market,Formel,Supérette / Mini-market sans nom,34.0199237,-6.8485255,icons/convenience.png,OSM
Rabat,Patisserie baghdad,Boutique de confiserie,Informel,Patisserie baghdad,34.0227783,-6.8490898,icons/confectionery.png,OSM
Rabat,Supermarché sans nom,Supermarché,Formel,Supermarché sans nom,34.0230492,-6.8483268,icons/supermarket.png,OSM
Rabat,Pâtisserie Lazreq,Boutique de confiserie,Informel,Pâtisserie Lazreq,34.0248119,-6.8468557,icons/confectionery.png,OSM
Rabat,Supérette / Mini-market sans nom,Supérette / Mini-market,Formel,Supérette / Mini-market sans nom,34.0215098,-6.8511783,icons/convenience.png,OSM
Rabat,Supérette / Mini-market sans nom,Supérette / Mini-market,Formel,Supérette / Mini-market sans nom,34.0196407,-6.8498513,icons/convenience.png,OSM
Rabat,Restaurant sans nom,Restaurant,Formel,Restaurant sans nom,34.0201595,-6.8498352,icons/restaurant.png,OSM
Rabat,Supérette / Mini-market sans nom,Supérette / Mini-market,Formel,Supérette / Mini-market sans nom,34.0214019,-6.8510463,icons/convenience.png,OSM
Rabat,Supérette / Mini-market sans nom,Supérette / Mini-market,Formel,Supérette / Mini-market sans nom,34.0233529,-6.8508942,icons/convenience.png,OSM
Rabat,Supérette / Mini-market sans nom,Supérette / Mini-market,Formel,Supérette / Mini-market sans nom,34.0236109,-6.8480738,icons/convenience.png,OSM
Rabat,Supérette / Mini-market sans nom,Supérette / Mini-market,Formel,Supérette / Mini-market sans nom,34.0258658,-6.8449812,icons/convenience.png,OSM
Rabat,Café sans nom,Café,Formel,Café sans nom,34.024388,-6.8471597,icons/cafe.png,OSM
Rabat,Supérette / Mini-market sans nom,Supérette / Mini-market,Formel,Supérette / Mini-market sans nom,34.0237653,-6.8467134,icons/convenience.png,OSM
Rabat,Supérette / Mini-market sans nom,Supérette / Mini-market,Formel,Supérette / Mini-market sans nom,34.023872,-6.8468086,icons/convenience.png,OSM
Rabat,Restaurant sans nom,Restaurant,Formel,Restaurant sans nom,34.022092,-6.8496947,icons/restaurant.png,OSM
Rabat,Restaurant sans nom,Restaurant,Formel,Restaurant sans nom,34.0220452,-6.8496466,icons/restaurant.png,OSM
Rabat,Tacos de Mexico,Restaurant,Formel,Tacos de Mexico,34.0253139,-6.8461605,icons/restaurant.png,OSM
Rabat,Boulangerie Saâdiyine,Boulangerie,Formel,Boulangerie Saâdiyine,34.0233757,-6.8471347,icons/bakery.png,OSM
Rabat,Supermarché sans nom,Supermarché,Formel,Supermarché sans nom,34.0227372,-6.8456429,icons/supermarket.png,OSM
Rabat,Boulangerie sans nom,Boulangerie,Formel,Boulangerie sans nom,34.0256683,-6.8372001,icons/bakery.png,OSM
Rabat,Restaurant sans nom,Restaurant,Formel,Restaurant sans nom,34.0285282,-6.8348712,icons/restaurant.png,OSM
Rabat,Boulangerie sans nom,Boulangerie,Formel,Boulangerie sans nom,34.0255163,-6.8373106,icons/bakery.png,OSM
Rabat,Supérette / Mini-market sans nom,Supérette / Mini-market,Formel,Supérette / Mini-market sans nom,34.0274327,-6.8351634,icons/convenience.png,OSM
Rabat,Supérette / Mini-market sans nom,Supérette / Mini-market,Formel,Supérette / Mini-market sans nom,34.0278476,-6.8357502,icons/convenience.png,OSM
Rabat,Restaurant sans nom,Restaurant,Formel,Restaurant sans nom,34.0285599,-6.8348147,icons/restaurant.png,OSM
Rabat,Supérette / Mini-market sans nom,Supérette / Mini-market,Formel,Supérette / Mini-market sans nom,34.0210936,-6.8495025,icons/convenience.png,OSM
Rabat,Supérette / Mini-market sans nom,Supérette / Mini-market,Formel,Supérette / Mini-market sans nom,34.0274874,-6.8351408,icons/convenience.png,OSM
Rabat,Supérette / Mini-market sans nom,Supérette / Mini-market,Formel,Supérette / Mini-market sans nom,34.0285202,-6.8347691,icons/convenience.png,OSM
Rabat,Supérette / Mini-market sans nom,Supérette / Mini-market,Formel,Supérette / Mini-market sans nom,34.0257098,-6.837113,icons/convenience.png,OSM
Rabat,Supérette / Mini-market sans nom,Supérette / Mini-market,Formel,الرباط,34.0251399,-6.8383931,icons/convenience.png,OSM
Rabat,Restaurant sans nom,Restaurant,Formel,Restaurant sans nom,34.0284877,-6.8348145,icons/restaurant.png,OSM
Rabat,Supérette / Mini-market sans nom,Supérette / Mini-market,Formel,Supérette / Mini-market sans nom,34.02846,-6.8348659,icons/convenience.png,OSM
Rabat,Nabab kebab,Restaurant,Formel,Nabab kebab,33.957802,-6.8730532,icons/restaurant.png,OSM
Rabat,Chez el Ouazzani,Restaurant,Formel,Chez el Ouazzani,33.9366632,-6.9419718,icons/restaurant.png,OSM
Rabat,Pharmacie la Vitalité صيدلية الحيوية,Parapharmacie,Formel,"Avenue Atthuya, Rabat",33.9569468,-6.8595193,icons/pharmacy.png,OSM
Rabat,Pharmacie Attannoub صيدلية التنوب,Parapharmacie,Formel,Rabat,33.9568429,-6.8547399,icons/pharmacy.png,OSM
Rabat,cafe touilnouvis مقهى تويلنوفيس,Café,Formel,cafe touilnouvis مقهى تويلنوفيس,33.92492,-6.9161467,icons/cafe.png,OSM
Rabat,Venezia Ice,Café,Formel,Rabat ⵔⴱⴰⵟ الرباط,33.9618936,-6.8664381,icons/cafe.png,OSM
Rabat,café Orkidea Blanca,Café,Formel,Avenue D,34.0693994,-6.7921428,icons/cafe.png,OSM
Rabat,Épicerie sans nom,Épicerie,Informel,Épicerie sans nom,34.0236828,-6.8373133,icons/greengrocer.png,OSM
Rabat,Bim,Supermarché,Formel,Bim,33.9990888,-6.8642534,icons/supermarket.png,OSM
Rabat,Cafe yassmine مقهى ياسمين,Café,Formel,Avenue Tarik Ibn Ziad شارع طارق بن زياد,33.9096278,-6.9137995,icons/cafe.png,OSM
Rabat,MOKARI شركة موكاري,Supérette / Mini-market,Formel,MOKARI شركة موكاري,34.0303913,-6.7771206,icons/convenience.png,OSM
Rabat,Supérette / Mini-market sans nom,Supérette / Mini-market,Formel,Supérette / Mini-market sans nom,34.0008549,-6.8554544,icons/convenience.png,OSM
Rabat,Supérette / Mini-market sans nom,Supérette / Mini-market,Formel,Supérette / Mini-market sans nom,34.0026484,-6.8539854,icons/convenience.png,OSM
Rabat,Supérette / Mini-market sans nom,Supérette / Mini-market,Formel,Supérette / Mini-market sans nom,34.0046043,-6.8547778,icons/convenience.png,OSM
Rabat,Boulangerie sans nom,Boulangerie,Formel,Boulangerie sans nom,34.0060474,-6.8560225,icons/bakery.png,OSM
Rabat,Л-марса Сале,Restaurant,Formel,Л-марса Сале,34.0281368,-6.8226461,icons/restaurant.png,OSM
Rabat,Bim,Supermarché,Formel,Bim,33.9935572,-6.8506858,icons/supermarket.png,OSM
Rabat,MY BOU,Café,Formel,MY BOU,34.0155962,-6.8303308,icons/cafe.png,OSM
Rabat,Pharmacie Bab Marrakech صيدلية باب مراكش,Parapharmacie,Formel,"Rue Al Achaari زنقة الأشعري, Rabat",34.0074394,-6.8481517,icons/pharmacy.png,OSM
Rabat,Bim,Supermarché,Formel,Bim,34.0336155,-6.8052487,icons/supermarket.png,OSM
Rabat,Fm,Café,Formel,Fm,34.043029,-6.782102,icons/cafe.png,OSM
Rabat,Pharmacie Hay Arrahma,Parapharmacie,Formel,Avenue Ali Ben Abi Taleb شارع علي بن أبي طالب,34.0575178,-6.7982334,icons/pharmacy.png,OSM
Rabat,La grande Pharmacie de Salé,Parapharmacie,Formel,La grande Pharmacie de Salé,34.0356505,-6.823897,icons/pharmacy.png,OSM
Rabat,Pharmacie de l'Union,Parapharmacie,Formel,Pharmacie de l'Union,34.0366326,-6.8239893,icons/pharmacy.png,OSM
Rabat,Pharmacie Ryad Sale,Parapharmacie,Formel,Pharmacie Ryad Sale,34.0357828,-6.8209248,icons/pharmacy.png,OSM
Rabat,Pharmacie Fennich,Parapharmacie,Formel,Pharmacie Fennich,34.0412544,-6.8283229,icons/pharmacy.png,OSM
Rabat,Pharmacie Al Wifak صيدلية الوفاق,Parapharmacie,Formel,"Avenue Ibn Sina, Rabat",34.0012208,-6.8512268,icons/pharmacy.png,OSM
Rabat,Supérette / Mini-market sans nom,Supérette / Mini-market,Formel,Supérette / Mini-market sans nom,34.0197691,-6.8315235,icons/convenience.png,OSM
Rabat,Tablit,Café,Formel,Tablit,34.0209373,-6.8315358,icons/cafe.png,OSM
Rabat,Pharmacie Laraki صيدلية العراقي,Parapharmacie,Formel,"Boulevard Gaza, Témara تمارة",33.9230063,-6.9310203,icons/pharmacy.png,OSM
Rabat,INZA,Restaurant,Formel,INZA,34.0239017,-6.8390483,icons/restaurant.png,OSM
Rabat,Café Restaurant Taghazoute,Café,Formel,Café Restaurant Taghazoute,34.0238533,-6.8387819,icons/cafe.png,OSM
Rabat,Pharmacie Al Maghrib Al Arabi صيدلية المغرب العربي,Parapharmacie,Formel,"Avenue Maghreb Arabe شارع المغرب العربي, Rabat ⵔⴱⴰⵟ الرباط",34.0195343,-6.8464862,icons/pharmacy.png,OSM
Rabat,Pharmacie Fellat صيدلية فلات,Parapharmacie,Formel,"Place de Russie ساحة روسيا, Rabat ⵔⴱⴰⵟ الرباط",34.0195444,-6.8499448,icons/pharmacy.png,OSM
Rabat,restaurant le mandarin,Restaurant,Formel,restaurant le mandarin,34.0246698,-6.8471627,icons/restaurant.png,OSM
Rabat,Café Al Osra قهوة الأسرة,Café,Formel,"Avenue Abdelkrim Al Khattabi شارع عبد الكريم الخطابي, Rabat ⵔⴱⴰⵟ الرباط",34.0215976,-6.8508931,icons/cafe.png,OSM
Rabat,Restaurant Tian An Men Chinois,Restaurant,Formel,Restaurant Tian An Men Chinois,34.0214861,-6.8484941,icons/restaurant.png,OSM
Rabat,Supérette / Mini-market sans nom,Supérette / Mini-market,Formel,Supérette / Mini-market sans nom,34.0314342,-6.8362918,icons/convenience.png,OSM
Rabat,Restaurant sans nom,Restaurant,Formel,Restaurant sans nom,34.0313967,-6.8363719,icons/restaurant.png,OSM
Rabat,Café SaniDiana مقهى ساني ديانا,Café,Formel,Café SaniDiana مقهى ساني ديانا,34.0195008,-6.8494479,icons/cafe.png,OSM
Rabat,Mirabilis,Restaurant,Formel,Mirabilis,34.0223029,-6.8466163,icons/restaurant.png,OSM
Rabat,Supérette / Mini-market sans nom,Supérette / Mini-market,Formel,Supérette / Mini-market sans nom,34.0147007,-6.8420496,icons/convenience.png,OSM
Rabat,Restaurant sans nom,Restaurant,Formel,Restaurant sans nom,34.0232976,-6.8484362,icons/restaurant.png,OSM
Rabat,Restaurant sans nom,Restaurant,Formel,Restaurant sans nom,34.0199001,-6.8498146,icons/restaurant.png,OSM
Rabat,Supérette / Mini-market sans nom,Supérette / Mini-market,Formel,Supérette / Mini-market sans nom,34.0314253,-6.8363471,icons/convenience.png,OSM
Rabat,Boulangerie Saadiyinear مخبزة السعديين,Boulangerie,Formel,Boulangerie Saadiyinear مخبزة السعديين,34.0234643,-6.8471251,icons/bakery.png,OSM
Rabat,Supérette / Mini-market sans nom,Supérette / Mini-market,Formel,Supérette / Mini-market sans nom,34.0207498,-6.8432956,icons/convenience.png,OSM
Rabat,Café Des Lys,Café,Formel,Avenue Al Mouqaouama شارع المقاومة,34.0215465,-6.8472068,icons/cafe.png,OSM
Rabat,Café sans nom,Café,Formel,Avenue Abdelkrim El Khattabi,34.0423806,-6.7853254,icons/cafe.png,OSM
Rabat,قهوة البال,Café,Formel,قهوة البال,34.0547202,-6.8192637,icons/cafe.png,OSM
Rabat,Cafe Al Fath مقهى الفتح,Café,Formel,Cafe Al Fath مقهى الفتح,33.9000669,-6.9340574,icons/cafe.png,OSM
Rabat,Ichbilia اشبيلية,Café,Formel,Avenue Moulay Abdellah,34.0220462,-6.7716797,icons/cafe.png,OSM
Rabat,مقهى سرايا,Café,Formel,Avenue Abdelkrim El Khattabi,34.0357782,-6.7870388,icons/cafe.png,OSM
Rabat,مقهى بيكولو,Café,Formel,Avenue Abdelkrim El Khattabi,34.0361923,-6.7866607,icons/cafe.png,OSM
Rabat,مقهى فلسطين,Café,Formel,Avenue 20 Aout,34.0400059,-6.7849728,icons/cafe.png,OSM
Rabat,جولي فيراج,Café,Formel,جولي فيراج,33.9843209,-6.8075216,icons/cafe.png,OSM
Rabat,Café Ghita,Café,Formel,Avenue Maghreb Arabe شارع المغرب العربي,34.0208864,-6.8427846,icons/cafe.png,OSM
Rabat,مقهى لاتينا,Café,Formel,Avenue Abdelkrim El Khattabi,34.0389847,-6.7858294,icons/cafe.png,OSM
Rabat,مقهى اوتاوا,Café,Formel,Avenue Abdelkrim El Khattabi,34.0375515,-6.7860871,icons/cafe.png,OSM
Rabat,Café Rosalina مقهى روزالينا,Café,Formel,Avenue Abdelkrim El Khattabi,34.0366038,-6.7863542,icons/cafe.png,OSM
Rabat,Café sans nom,Café,Formel,Avenue Abdelkrim El Khattabi,34.0381391,-6.785929,icons/cafe.png,OSM
Rabat,مقهى دالي,Café,Formel,Avenue Abdelkrim El Khattabi,34.0415419,-6.7849697,icons/cafe.png,OSM
Rabat,مقهى أوتاوا,Café,Formel,Avenue Abdelkrim El Khattabi,34.0379238,-6.7859316,icons/cafe.png,OSM
Rabat,مقهى بريستيج,Café,Formel,Avenue Abdelkrim El Khattabi,34.0372101,-6.7860738,icons/cafe.png,OSM
Rabat,Café sans nom,Café,Formel,la pepiniere,34.0375428,-6.814447,icons/cafe.png,OSM
Rabat,Pharmacie Choukro Allah صيدلية شكر الله,Parapharmacie,Formel,Rabat,33.9877056,-6.8732178,icons/pharmacy.png,OSM
Rabat,Pharmacie Al Bouchra صيدلية البشرى,Parapharmacie,Formel,"Avenue El Majd شارع المجد, Rabat",33.9791681,-6.8794588,icons/pharmacy.png,OSM
Rabat,Pharmacie Mazhar صيدلية المزار,Parapharmacie,Formel,"Avenue El Majd شارع المجد, Rabat",33.9753505,-6.882405,icons/pharmacy.png,OSM
Rabat,Ichwa,Café,Formel,Avenue Hassan II شارع الحسن الثاني,34.0211977,-6.839708,icons/cafe.png,OSM
Rabat,Pharmacie Al Andalous صيدلية الأندلس,Parapharmacie,Formel,"Avenue Mohammed VI شارع محمد السادس, Rabat",33.9884197,-6.827869,icons/pharmacy.png,OSM
Rabat,Oliveri,Café,Formel,Oliveri,33.9879328,-6.8278849,icons/cafe.png,OSM
Rabat,Villa My Pearl,Café,Formel,Villa My Pearl,33.9883906,-6.8516456,icons/cafe.png,OSM
Rabat,Villa M,Restaurant,Formel,Villa M,33.9902716,-6.8515298,icons/restaurant.png,OSM
Rabat,Baba Ghannouge,Restaurant,Formel,Baba Ghannouge,34.0161227,-6.8346761,icons/restaurant.png,OSM
Rabat,Café sans nom,Café,Formel,Café sans nom,34.0509078,-6.7973197,icons/cafe.png,OSM
Rabat,Pharmacie du Mausolée صيدلية الضريح,Parapharmacie,Formel,"Rue Al Mouahidine زنقة الموحدين, Rabat ⵔⴱⴰⵟ الرباط",34.0237902,-6.8253315,icons/pharmacy.png,OSM
Rabat,Dar El Medina,Restaurant,Formel,"Rue Benjelloul, Souk sebat Medina, الرباط",34.0263347,-6.8336183,icons/restaurant.png,OSM
Rabat,Marjane,Supermarché,Formel,"طريق عين حوالة, الرباط",34.0188825,-6.8159498,icons/supermarket.png,OSM
Rabat,Marjane Sale,Supermarché,Formel,Marjane Sale,34.0518518,-6.7956538,icons/supermarket.png,OSM
Rabat,Carrefour,Supermarché,Formel,Carrefour,34.0585009,-6.8014107,icons/supermarket.png,OSM
Rabat,Chez Mario,Restaurant,Formel,Chez Mario,34.0516389,-6.7958041,icons/restaurant.png,OSM
Rabat,Marché G5,Épicerie,Informel,Marché G5,33.9767975,-6.8850031,icons/greengrocer.png,OSM
Rabat,شجرة الصنوبر,Restaurant,Formel,Avenue de France شارع فرنسا,33.9979318,-6.8476184,icons/restaurant.png,OSM
Rabat,Kung Fu,Restaurant,Formel,Kung Fu,34.000914,-6.8439043,icons/restaurant.png,OSM
Rabat,Yamal Acham,Restaurant,Formel,Yamal Acham,34.0205096,-6.8431608,icons/restaurant.png,OSM
Rabat,Le Petit Beur,Restaurant,Formel,Le Petit Beur,34.0178088,-6.8350104,icons/restaurant.png,OSM
Rabat,Restaurant sans nom,Restaurant,Formel,Restaurant sans nom,34.0244389,-6.8393538,icons/restaurant.png,OSM
Rabat,Restaurant sans nom,Restaurant,Formel,Restaurant sans nom,34.0354597,-6.8243477,icons/restaurant.png,OSM
Rabat,Kiosque sans nom,Kiosque,Informel,Kiosque sans nom,33.9520247,-6.8953869,icons/kiosk.png,OSM
Rabat,Kiosque sans nom,Kiosque,Informel,Kiosque sans nom,33.9522564,-6.8968744,icons/kiosk.png,OSM
Rabat,Kiosque sans nom,Kiosque,Informel,Kiosque sans nom,33.952275,-6.8936858,icons/kiosk.png,OSM
Rabat,Kiosque sans nom,Kiosque,Informel,Kiosque sans nom,33.9525551,-6.898653,icons/kiosk.png,OSM
Rabat,Kiosque sans nom,Kiosque,Informel,Kiosque sans nom,33.9527708,-6.8951224,icons/kiosk.png,OSM
Rabat,Kiosque sans nom,Kiosque,Informel,Kiosque sans nom,33.9536701,-6.8924365,icons/kiosk.png,OSM
Rabat,Kiosque sans nom,Kiosque,Informel,Kiosque sans nom,33.9541902,-6.8949611,icons/kiosk.png,OSM
Rabat,Restaurant sans nom,Restaurant,Formel,Restaurant sans nom,33.9551279,-6.8942507,icons/restaurant.png,OSM
Rabat,سناك أدرار,Restaurant,Formel,سناك أدرار,33.996654,-6.8712261,icons/restaurant.png,OSM
Rabat,أميكو سناك,Restaurant,Formel,أميكو سناك,33.9964715,-6.8709927,icons/restaurant.png,OSM
Rabat,Pharmacie Ziady صيدلية الزيادي,Parapharmacie,Formel,"Avenue Assalam شارع السلام, Rabat",33.9966312,-6.8710228,icons/pharmacy.png,OSM
Rabat,قسارية وادي الذهب,Supermarché,Formel,قسارية وادي الذهب,33.9979884,-6.8703795,icons/supermarket.png,OSM
Rabat,شواية الأخوين,Restaurant,Formel,شواية الأخوين,33.9125229,-6.9240105,icons/restaurant.png,OSM
Rabat,Mr. Brochette,Restaurant,Formel,Mr. Brochette,34.0163765,-6.8344779,icons/restaurant.png,OSM
Rabat,Istanbul Express - Turkish Restaurant,Restaurant,Formel,Istanbul Express - Turkish Restaurant,34.0013919,-6.8503468,icons/restaurant.png,OSM
Rabat,JaponeZa,Restaurant,Formel,JaponeZa,34.0014813,-6.8503934,icons/restaurant.png,OSM
Rabat,Café Chez Ziyad,Café,Formel,"Avenue Sidi Mohammed, Salé سلا",34.0518483,-6.8126647,icons/cafe.png,OSM
Rabat,Tacos de lyon,Restaurant,Formel,Avenue Fal Ould Oumeir شارع فال ولد عمير,33.994442,-6.8469287,icons/restaurant.png,OSM
Rabat,Tacos de lyon,Restaurant,Formel,Avenue Fal Ould Oumeir شارع فال ولد عمير,34.0025975,-6.8510023,icons/restaurant.png,OSM
Rabat,Tacos de nice,Restaurant,Formel,Avenue Maghreb Arabe شارع المغرب العربي,34.021029,-6.8422133,icons/restaurant.png,OSM
Rabat,Hbibo,Restaurant,Formel,Rue Jbel Bouiblane زنقة جبل بويبلان,33.9947337,-6.8468608,icons/restaurant.png,OSM
Rabat,Domino's,Restaurant,Formel,Domino's,33.989307,-6.8509857,icons/restaurant.png,OSM
Rabat,Pharmacie Jnane Souissi صيدلية جنان السويسي,Parapharmacie,Formel,"Rue Sahel زنقة الساحل, Rabat",33.9487807,-6.8433871,icons/pharmacy.png,OSM
Rabat,Nardine,Café,Formel,Nardine,33.9416112,-6.8935466,icons/cafe.png,OSM
Rabat,Starbucks,Café,Formel,Avenue Fal Ould Oumeir شارع فال ولد عمير,33.9957975,-6.8479807,icons/cafe.png,OSM
Rabat,Sahbi,Restaurant,Formel,Sahbi,33.9972314,-6.8496625,icons/restaurant.png,OSM
Rabat,Zoom Pizza,Restaurant,Formel,Avenue Mohamed V,34.0156829,-6.8344541,icons/restaurant.png,OSM
Rabat,Le limonadier,Restaurant,Formel,Le limonadier,33.9965709,-6.8453165,icons/restaurant.png,OSM
Rabat,Zumba,Café,Formel,Zumba,33.9976366,-6.8477337,icons/cafe.png,OSM
Rabat,globe lounge,Restaurant,Formel,globe lounge,33.9980117,-6.8451742,icons/restaurant.png,OSM
Rabat,google,Café,Formel,google,33.9984731,-6.845378,icons/cafe.png,OSM
Rabat,miss one,Restaurant,Formel,miss one,33.9986388,-6.84561,icons/restaurant.png,OSM
Rabat,Pizzaria,Restaurant,Formel,Pizzaria,33.9979411,-6.846885,icons/restaurant.png,OSM
Rabat,Nourine,Restaurant,Formel,Nourine,33.9383852,-6.8972272,icons/restaurant.png,OSM
Rabat,Le Croissanterie,Restaurant,Formel,Le Croissanterie,33.9060656,-6.7777328,icons/restaurant.png,OSM
Rabat,Café sans nom,Café,Formel,Café sans nom,33.9306177,-6.7592882,icons/cafe.png,OSM
Rabat,Café rasha,Café,Formel,Café rasha,34.0734027,-6.7943783,icons/cafe.png,OSM
Rabat,Pharmacie El Ismaili صيدلية الإسماعلي,Parapharmacie,Formel,Pharmacie El Ismaili صيدلية الإسماعلي,34.0450322,-6.7980612,icons/pharmacy.png,OSM
Rabat,Taco Bueno,Restaurant,Formel,Taco Bueno,33.9964205,-6.8470482,icons/restaurant.png,OSM
Rabat,Mondolini Lounge,Restaurant,Formel,Rabat,34.0217548,-6.8314959,icons/restaurant.png,OSM
Rabat,Restaurant sans nom,Restaurant,Formel,Rue Oslo,34.0245774,-6.8447522,icons/restaurant.png,OSM
Rabat,Restaurant de la Liberation,Restaurant,Formel,"Avenue Mohamed V شارع محمد الخامس, الرباط",34.0235955,-6.8388874,icons/restaurant.png,OSM
Rabat,Café Ritch,Café,Formel,Rue Bucarest زنقة بوخارست,34.0204481,-6.8508344,icons/cafe.png,OSM
Rabat,Supérette / Mini-market sans nom,Supérette / Mini-market,Formel,Supérette / Mini-market sans nom,34.0206682,-6.8512823,icons/convenience.png,OSM
Rabat,Pharmacie Birouni صيدلية البيروني,Parapharmacie,Formel,"Avenue Ibn Al Haytem, Salé سلا",34.0684678,-6.7609647,icons/pharmacy.png,OSM
Rabat,Pharmacie Charaf,Parapharmacie,Formel,Pharmacie Charaf,34.0610442,-6.8099242,icons/pharmacy.png,OSM
Rabat,Pharmacie Salam Eddine El Ayoubi,Parapharmacie,Formel,Boulevard Rahal Al Maskini,34.0558772,-6.8098055,icons/pharmacy.png,OSM
Rabat,Pharmacie Al Firdaous,Parapharmacie,Formel,Avenue D,34.0690016,-6.7921217,icons/pharmacy.png,OSM
Rabat,Pharmacie Al Kawthar,Parapharmacie,Formel,Avenue Allal Ben Abdellah,34.0672118,-6.7943171,icons/pharmacy.png,OSM
Rabat,Fritura,Restaurant,Formel,Fritura,34.0200227,-6.8496166,icons/restaurant.png,OSM
Rabat,Pharmacie Ibn Zohr صيدلية ابن زهر,Parapharmacie,Formel,"Avenue Al Kifah, Rabat",33.9915637,-6.8681016,icons/pharmacy.png,OSM
Rabat,Cafe Hatim,Café,Formel,Cafe Hatim,34.0022072,-6.8659736,icons/cafe.png,OSM
Rabat,Cafe Maher,Café,Formel,Avenue Annour,33.9943531,-6.8669526,icons/cafe.png,OSM
Rabat,Pharmacie Bouchra Al Oum صيدلية بشرى الأم,Parapharmacie,Formel,"Avenue de Chebanate, Rabat",33.9840482,-6.8885078,icons/pharmacy.png,OSM
Rabat,Pharmacie Amwaj صيدلية أمواج,Parapharmacie,Formel,"Rue Abou Bakr Achchafii, Rabat",33.9800111,-6.8914063,icons/pharmacy.png,OSM
Rabat,Pharmacie Al Kawthar صيدلية الكوثر,Parapharmacie,Formel,"rue Inbihat, Rabat",33.981253,-6.8786686,icons/pharmacy.png,OSM
Rabat,Snoopy Burger,Restaurant,Formel,Rue Moulay Ali Cherif,34.0173435,-6.8303257,icons/restaurant.png,OSM
Rabat,Pharmacie des Résidences صيدلية الإقامات,Parapharmacie,Formel,"Rue Al Kanari, Rabat",33.973653,-6.8985156,icons/pharmacy.png,OSM
Rabat,Pharmacie Idéale صيدلية إديال,Parapharmacie,Formel,"Avenue El Menzeh, Rabat",33.9752975,-6.8925723,icons/pharmacy.png,OSM
Rabat,Pharmacie Attaissir صيدلية التيسير,Parapharmacie,Formel,Rabat,33.9781106,-6.8914703,icons/pharmacy.png,OSM
Rabat,Pharmacie Sofia صيدلية صوفيا,Parapharmacie,Formel,"Avenue El Massira, Rabat",33.9709498,-6.894417,icons/pharmacy.png,OSM
Rabat,Pharmacie El Menzeh صيدلية المنزه,Parapharmacie,Formel,"Avenue El Massira, Rabat",33.9754894,-6.8892613,icons/pharmacy.png,OSM
Rabat,Pharmacie Al Amane صيدلية الأمان,Parapharmacie,Formel,"Rue Ibn Al Abbar, Rabat",33.9732709,-6.8874319,icons/pharmacy.png,OSM
Rabat,Pharmacie Marassa صيدلية المرسى,Parapharmacie,Formel,"Boulevard d'Egypte, Rabat",34.0251367,-6.8416741,icons/pharmacy.png,OSM
Rabat,Pharmacie Al Amana صيدلية الأمانة,Parapharmacie,Formel,"Avenue Hassan II, Rabat",34.0127439,-6.8488091,icons/pharmacy.png,OSM
Rabat,Pharmacie Diour Jamaâ صيدلية ديور الجامع,Parapharmacie,Formel,Rabat,34.0166694,-6.8465681,icons/pharmacy.png,OSM
Rabat,Costa Del Cafe,Café,Formel,Rue Al Hind,34.014819,-6.8531285,icons/cafe.png,OSM
Rabat,Pharmacie Belmahi صيدلية بن الماحي,Parapharmacie,Formel,"Avenue Tonkin شارع طونكان, Rabat",34.0162248,-6.8497592,icons/pharmacy.png,OSM
Rabat,Lys Rose,Restaurant,Formel,Rue Al Hind,34.0166521,-6.8508071,icons/restaurant.png,OSM
Rabat,Café Karim,Café,Formel,Avenue Madagascar,34.0152525,-6.8505053,icons/cafe.png,OSM
Rabat,Hungry Birds,Restaurant,Formel,Avenue Madagascar,34.0146823,-6.8506596,icons/restaurant.png,OSM
Rabat,L 'Escargot,Café,Formel,Avenue Madagascar,34.0143056,-6.8510413,icons/cafe.png,OSM
Rabat,Pharmacie du Minaret صيدلية المنارة,Parapharmacie,Formel,"Avenue Hassan II, Rabat",34.0140137,-6.8480362,icons/pharmacy.png,OSM
Rabat,Super Marché Aissa,Supérette / Mini-market,Formel,Rue Dahomey,34.0161532,-6.8497629,icons/convenience.png,OSM
Rabat,Pharmacie El Amine صيدلية الأمين,Parapharmacie,Formel,"Avenue Hassan II, Rabat",34.0173385,-6.8447823,icons/pharmacy.png,OSM
Rabat,Pharmacie La Corniche صيدلية الكرنيش,Parapharmacie,Formel,"Rue Addis-Abeba زنقة أديس أبابا, Rabat",34.0258963,-6.8485412,icons/pharmacy.png,OSM
Rabat,Sultina,Restaurant,Formel,Rue Seddik Hsain زنقة الصديق حساين,34.0227635,-6.8502653,icons/restaurant.png,OSM
Rabat,Le Large Café,Café,Formel,Avenue Mokhtar Gazoulit شارع المختار جزوليت,34.023407,-6.8519846,icons/cafe.png,OSM
Rabat,Sun Way,Restaurant,Formel,Rue Paris زنقة باريس,34.0216642,-6.8470895,icons/restaurant.png,OSM
Rabat,Glacier Café Patissier,Café,Formel,Avenue Abdelkrim Al Khattabi شارع عبد الكريم الخطابي,34.0238928,-6.8481208,icons/cafe.png,OSM
Rabat,Pharmacie de l'Océan صيدلية المحيط,Parapharmacie,Formel,"Avenue Abdelkrim Al Khattabi شارع عبد الكريم الخطابي, Rabat",34.0251959,-6.8464955,icons/pharmacy.png,OSM
Rabat,Parapharmacie,Parapharmacie,Formel,Avenue D,34.0629524,-6.7839141,icons/pharmacy.png,OSM
Rabat,Parapharmacie sans nom,Parapharmacie,Formel,Route de Rabat,34.0828392,-6.7756958,icons/pharmacy.png,OSM
Rabat,Café Du Midi,Café,Formel,Avenue Patrice Lumumba,34.0119221,-6.8285434,icons/cafe.png,OSM
Rabat,Ardeco Cuisine and Parquet,Restaurant,Formel,Avenue Patrice Lumumba,34.01457,-6.8288156,icons/restaurant.png,OSM
Rabat,Restaurant Les 2 Palais,Restaurant,Formel,Rue Moulay Ali Cherif,34.0123699,-6.8262035,icons/restaurant.png,OSM
Rabat,Pharmacie Al Ikhlas,Parapharmacie,Formel,5,34.0594188,-6.7847959,icons/pharmacy.png,OSM
Rabat,Cafe Martima,Café,Formel,Rue Chobba Allail,33.955396,-6.8652548,icons/cafe.png,OSM
Rabat,Pharmacie Assounah صيدلية السنة,Parapharmacie,Formel,"Avenue Mohamed V شارع محمد الخامس, Rabat ⵔⴱⴰⵟ الرباط",34.011256,-6.8290584,icons/pharmacy.png,OSM
Rabat,Pharmacie Rania صيدلية رانيا,Parapharmacie,Formel,"Rue Temar, Rabat",33.9522471,-6.873729,icons/pharmacy.png,OSM
Rabat,Pharmacie les Colonnes صيدلية ليكولون,Parapharmacie,Formel,"Avenue Mohamed El Fassi شارع محمد الفاسي, Rabat ⵔⴱⴰⵟ الرباط",34.0132496,-6.822307,icons/pharmacy.png,OSM
Rabat,Bella Costa,Café,Formel,Rue Aguelmane Sidi Ali,34.0068916,-6.8477212,icons/cafe.png,OSM
Rabat,Globe Restaurant,Restaurant,Formel,Rue Al Achaari,34.0061634,-6.8473631,icons/restaurant.png,OSM
Rabat,Reggio,Restaurant,Formel,Avenue Oqba,34.0055219,-6.8470077,icons/restaurant.png,OSM
Rabat,Restaurant Havana,Restaurant,Formel,Avenue Oqba,34.0058713,-6.8465581,icons/restaurant.png,OSM
Rabat,Restaurant Pizza Musique & Expo,Restaurant,Formel,Avenue Oqba,34.0060867,-6.8463211,icons/restaurant.png,OSM
Rabat,Bistrot Burger,Restaurant,Formel,Avenue Oqba,34.0061223,-6.8462835,icons/restaurant.png,OSM
Rabat,Pharmacie Riad Al Otor صيدلية رياض الأطر,Parapharmacie,Formel,"Rue Addouma, Rabat",33.9512032,-6.8570328,icons/pharmacy.png,OSM
Rabat,Pharmacie Moulay Youssef صيدلية مولاي يوسف,Parapharmacie,Formel,"Avenue Sidi Mohammed Ben Abdellah, Rabat",34.0066587,-6.8631591,icons/pharmacy.png,OSM
Rabat,Pharmacie Ziniber,Parapharmacie,Formel,Pharmacie Ziniber,34.0409161,-6.8126875,icons/pharmacy.png,OSM
Rabat,Pharmacie Du Croissant صيدلية الهلال,Parapharmacie,Formel,"Avenue Sidi Mohammed Ben Abdellah, Rabat",34.0105454,-6.8595631,icons/pharmacy.png,OSM
Rabat,La Petite Chaise,Café,Formel,Avenue Mohamed Zerktouni,34.0151303,-6.8545058,icons/cafe.png,OSM
Rabat,Café Joli Coin,Café,Formel,Avenue Mohamed Zerktouni,34.0148998,-6.8549004,icons/cafe.png,OSM
Rabat,Via Café,Café,Formel,Avenue Atlas,33.9957673,-6.8494371,icons/cafe.png,OSM
Rabat,Angelo Nardelli,Restaurant,Formel,Avenue Ibn Sina,33.9976548,-6.8510203,icons/restaurant.png,OSM
Rabat,Pharmacie Badr صيدلية بدر,Parapharmacie,Formel,"Avenue Fal Ould Oumeir, Rabat",34.003911,-6.8515426,icons/pharmacy.png,OSM
Rabat,Au Jour Le Jour,Café,Formel,Avenue Atlas,33.9952298,-6.8504329,icons/cafe.png,OSM
Rabat,Adelis,Restaurant,Formel,Rue Oued Baht,34.000063,-6.8482053,icons/restaurant.png,OSM
Rabat,Le Flamant Rose Cafe,Café,Formel,Rue Melouya,34.0008724,-6.8493131,icons/cafe.png,OSM
Rabat,La Italiana,Restaurant,Formel,Avenue de Bin El Ouidane,34.0051773,-6.848094,icons/restaurant.png,OSM
Rabat,Nour Cafe,Café,Formel,Rue Aguelmane Sidi Ali,34.0047948,-6.8491656,icons/cafe.png,OSM
Rabat,Super Marche Addoha,Supermarché,Formel,Avenue Omar Ibn Khattab,34.0000197,-6.8447064,icons/supermarket.png,OSM
Rabat,Pharmacie Hay Karima,Parapharmacie,Formel,Avenue Mohammed V,34.0552061,-6.7934252,icons/pharmacy.png,OSM
Rabat,Pharmacie de l'Agdal صيدلية أكدال,Parapharmacie,Formel,"Rue Ibn Hanbal, Rabat ⵔⴱⴰⵟ الرباط",33.9887734,-6.848024,icons/pharmacy.png,OSM
Rabat,La Galerie,Restaurant,Formel,Avenue Omar Ibn Khattab,33.9997651,-6.8445937,icons/restaurant.png,OSM
Rabat,Pharmacie Semlali,Parapharmacie,Formel,Boulevard Bocfeur Abd Karim Khatabi,34.0607103,-6.8133232,icons/pharmacy.png,OSM
Rabat,Ma Petite Pharmacie,Parapharmacie,Formel,Zankat Bouchoak,34.0538383,-6.7917073,icons/pharmacy.png,OSM
Rabat,Pharmacie Bab Sebta,Parapharmacie,Formel,Pharmacie Bab Sebta,34.0428986,-6.819845,icons/pharmacy.png,OSM
Rabat,Pharmacie du Quartier Industriel,Parapharmacie,Formel,Avenue Omar Ibn Laass,34.0586393,-6.7889178,icons/pharmacy.png,OSM
Rabat,Pharmacie Sidi Moussa,Parapharmacie,Formel,Avenue Nasser,34.0502727,-6.8226855,icons/pharmacy.png,OSM
Rabat,Pharmacie Lahkim,Parapharmacie,Formel,Pharmacie Lahkim,34.0471208,-6.8239568,icons/pharmacy.png,OSM
Rabat,Pharmacie al Osra,Parapharmacie,Formel,Pharmacie al Osra,34.0482115,-6.8208495,icons/pharmacy.png,OSM
Rabat,Pharmacie Hammi,Parapharmacie,Formel,Avenue Ibn Al Haytem,34.051685,-6.7822069,icons/pharmacy.png,OSM
Rabat,Cooper Pharma,Parapharmacie,Formel,Boulevard Oujada,34.0530005,-6.8157861,icons/pharmacy.png,OSM
Rabat,Pharmacie Az-zahra,Parapharmacie,Formel,Rue Oued Roumane,34.0518705,-6.7787817,icons/pharmacy.png,OSM
Rabat,Pharmacie Annour,Parapharmacie,Formel,Avenue Ibn Al Haytem,34.0569994,-6.7774004,icons/pharmacy.png,OSM
Rabat,Pharmacie Nour Salé,Parapharmacie,Formel,Boulevard Oujada,34.0530067,-6.8157737,icons/pharmacy.png,OSM
Rabat,Parapharmacie Raputons,Parapharmacie,Formel,Boulevard Rahal Al Maskini,34.0637245,-6.8031389,icons/pharmacy.png,OSM
Rabat,Pharmacie Moulay Idriss,Parapharmacie,Formel,Rue Abed Allah Bnou Abbass,34.0645711,-6.8066458,icons/pharmacy.png,OSM
Rabat,Pharmacie Al Jazira,Parapharmacie,Formel,Boulevard Rahal Al Maskini,34.0677573,-6.8001549,icons/pharmacy.png,OSM
Rabat,Pharmacie Anoual,Parapharmacie,Formel,Avenue de L'Aviation,34.0604448,-6.767845,icons/pharmacy.png,OSM
Rabat,Bio Cafe,Café,Formel,Avenue Al Haouz,33.9858338,-6.8212853,icons/cafe.png,OSM
Rabat,Pharmacie L'Opera,Parapharmacie,Formel,Pharmacie L'Opera,34.0458079,-6.8098189,icons/pharmacy.png,OSM
Rabat,Pharmacie Tahiri,Parapharmacie,Formel,Boulevard Jbel Saghro,34.0775797,-6.7908517,icons/pharmacy.png,OSM
Rabat,Pharmacie Taiba,Parapharmacie,Formel,Boulevard Oued Alokous,34.0813241,-6.7900255,icons/pharmacy.png,OSM
Rabat,Pharmacie Rizk,Parapharmacie,Formel,Avenue 6 Novembre,34.0479125,-6.8079038,icons/pharmacy.png,OSM
Rabat,Cafe Annahda,Café,Formel,Cafe Annahda,33.9771936,-6.8209407,icons/cafe.png,OSM
Rabat,Pharmacie Dar Essalam صيدلية دار السلام,Parapharmacie,Formel,"Rue Bani Jaber, Rabat",33.9792107,-6.8171898,icons/pharmacy.png,OSM
Rabat,Supérette / Mini-market sans nom,Supérette / Mini-market,Formel,Supérette / Mini-market sans nom,34.0209345,-6.8495122,icons/convenience.png,OSM
Rabat,Café Florida,Café,Formel,Café Florida,34.0210145,-6.8478774,icons/cafe.png,OSM
Rabat,Supérette / Mini-market sans nom,Supérette / Mini-market,Formel,Supérette / Mini-market sans nom,34.0227752,-6.8481121,icons/convenience.png,OSM
Rabat,Supérette / Mini-market sans nom,Supérette / Mini-market,Formel,Supérette / Mini-market sans nom,34.0219637,-6.8503622,icons/convenience.png,OSM
Rabat,Dar Dmana,Parapharmacie,Formel,Avenue Al Massira Al Khadra,34.0281209,-6.8008932,icons/pharmacy.png,OSM
Rabat,Cafe les Cinq H,Café,Formel,Avenue Moulay Youssef,34.0397626,-6.8016154,icons/cafe.png,OSM
Rabat,Pharmacie Bouchouk,Parapharmacie,Formel,Pharmacie Bouchouk,34.0814785,-6.7860545,icons/pharmacy.png,OSM
Rabat,Pharmacie Du Dispensaire,Parapharmacie,Formel,Boulevard Jbel Tobqal,34.0760995,-6.7843319,icons/pharmacy.png,OSM
Rabat,Pharmacie Aicha,Parapharmacie,Formel,Boulevard Jbel Bounacer,34.0743666,-6.7868015,icons/pharmacy.png,OSM
Rabat,Pharmacie du Haut Souissi صيدلية السويسي العالي,Parapharmacie,Formel,"Rue Abderahmane B. Abi Baker, Rabat",33.9376309,-6.8141721,icons/pharmacy.png,OSM
Rabat,Pharmacie L'Enfant صيدلية الطفل,Parapharmacie,Formel,"Rue Mghila, Rabat",33.9813791,-6.810289,icons/pharmacy.png,OSM
Rabat,Pharmacie Ibn Al Haytam,Parapharmacie,Formel,Avenue Mohamed V,34.066903,-6.7783727,icons/pharmacy.png,OSM
Rabat,Pharmacie du Golf صيدلية الكولف,Parapharmacie,Formel,"Rue Abd Elkader Rechdi, Rabat",33.940854,-6.8197973,icons/pharmacy.png,OSM
Rabat,Café Nohaila,Café,Formel,Avenue Mohamed V,34.0541756,-6.7946993,icons/cafe.png,OSM
Rabat,Pharmacie Essania,Parapharmacie,Formel,Avenue Salah Eddine el Ayoubi,34.0474325,-6.8129303,icons/pharmacy.png,OSM
Rabat,Pharmacie Nassiha,Parapharmacie,Formel,Rue Al Amal,34.0693482,-6.7823531,icons/pharmacy.png,OSM
Rabat,Parapharmacie sans nom,Parapharmacie,Formel,Boulevard Abedllah Ben Yassine,34.0406461,-6.8037088,icons/pharmacy.png,OSM
Rabat,Pharmacie Et Laboratoire al Hayat,Parapharmacie,Formel,Avenue du Haut-Atlas,34.0428108,-6.7909214,icons/pharmacy.png,OSM
Rabat,Pharmacie el Farah,Parapharmacie,Formel,Avenue Ali Ben Abi Taleb شارع علي بن أبي طالب,34.0694026,-6.785738,icons/pharmacy.png,OSM
Rabat,Pharmacie Ilham,Parapharmacie,Formel,Avenue Oued Eddahab,34.071921,-6.7856562,icons/pharmacy.png,OSM
Rabat,Pharmacie Inbiat,Parapharmacie,Formel,Avenue Assalam,34.0517494,-6.7908946,icons/pharmacy.png,OSM
Rabat,Pharmacie Alhan,Parapharmacie,Formel,Avenue Mohamed V,34.053215,-6.7952733,icons/pharmacy.png,OSM
Rabat,Pharmacie Volubilis,Parapharmacie,Formel,Avenue 20 Aout,34.0410484,-6.7798573,icons/pharmacy.png,OSM
Rabat,Pharmacie El Ouedgi,Parapharmacie,Formel,Avenue 20 Aout,34.0443499,-6.7788471,icons/pharmacy.png,OSM
Rabat,Pharmacie Ikram,Parapharmacie,Formel,Avenue Imam Malik,34.0445566,-6.7825127,icons/pharmacy.png,OSM
Rabat,Pharmacie Safir,Parapharmacie,Formel,Avenue Imam Malik,34.0407105,-6.7843419,icons/pharmacy.png,OSM
Rabat,Pharmacie Lazrak,Parapharmacie,Formel,Pharmacie Lazrak,34.0465707,-6.7806908,icons/pharmacy.png,OSM
Rabat,Pharmacie L'Hopital,Parapharmacie,Formel,Avenue Ali Ben Abi Taleb شارع علي بن أبي طالب,34.0644811,-6.7908671,icons/pharmacy.png,OSM
Rabat,Pharmacie Al Ahbab,Parapharmacie,Formel,Avenue Oued Eddahab,34.0691315,-6.7886858,icons/pharmacy.png,OSM
Rabat,Pharmacie Zohour,Parapharmacie,Formel,Avenue Omar Ibn Laass,34.0614525,-6.7928351,icons/pharmacy.png,OSM
Rabat,Pharmacie Super Arrahma,Parapharmacie,Formel,Avenue Mohamed V,34.0618886,-6.7828037,icons/pharmacy.png,OSM
Rabat,Pharmacie Centre De Santé,Parapharmacie,Formel,Rue Oued Bouregreg,34.0667763,-6.7911668,icons/pharmacy.png,OSM
Rabat,Bim,Supermarché,Formel,Bim,34.0199852,-6.8503793,icons/supermarket.png,OSM
Rabat,Supérette / Mini-market sans nom,Supérette / Mini-market,Formel,Supérette / Mini-market sans nom,34.0198296,-6.8502237,icons/convenience.png,OSM
Rabat,Tacos Avenue,Restaurant,Formel,Tacos Avenue,34.0218546,-6.8469813,icons/restaurant.png,OSM
Rabat,Café ITALI مقهى إيطاليا,Café,Formel,Avenue Mohamed V,34.0168935,-6.8349267,icons/cafe.png,OSM
Rabat,MF,Boutique de confiserie,Informel,Boulevard Jbel Moaskar,34.0771244,-6.7853284,icons/confectionery.png,OSM
Rabat,Pharmacie Al Houda صيدلية الهدى,Parapharmacie,Formel,"Avenue El Farah, Rabat",33.9897329,-6.8107592,icons/pharmacy.png,OSM
Rabat,Café Bel Air,Café,Formel,Café Bel Air,33.9953091,-6.8201162,icons/cafe.png,OSM
Rabat,Boulangerie مخبزة اكيوض,Boulangerie,Formel,Boulangerie مخبزة اكيوض,33.991312,-6.8153493,icons/bakery.png,OSM
Rabat,Dar Zaki,Restaurant,Formel,"Rue Moulay Brahim, Old Medina",34.0267279,-6.8339196,icons/restaurant.png,OSM
Rabat,Café مقهى آدم,Café,Formel,Café مقهى آدم,33.9906928,-6.8154751,icons/cafe.png,OSM
Rabat,Restaurant sans nom,Restaurant,Formel,Restaurant sans nom,34.0218033,-6.8467944,icons/restaurant.png,OSM
Rabat,Pharmacie l'Olivier صيدلية الزيتونة,Parapharmacie,Formel,Témara تمارة,33.9405327,-6.8930863,icons/pharmacy.png,OSM
Rabat,isola,Café,Formel,isola,34.0756799,-6.7649997,icons/cafe.png,OSM
Rabat,Afdal,Supérette / Mini-market,Formel,Afdal,34.0157931,-6.8306668,icons/convenience.png,OSM
Rabat,Miam - La petite brasserie,Café,Formel,Miam - La petite brasserie,33.9623895,-6.8646582,icons/cafe.png,OSM
Rabat,Restaurant sans nom,Restaurant,Formel,Restaurant sans nom,34.015366,-6.8349199,icons/restaurant.png,OSM
Rabat,Café Shazine,Café,Formel,Avenue Hassan II,34.0212241,-6.8396191,icons/cafe.png,OSM
Rabat,Säidoune,Restaurant,Formel,Avenue Mohamed V شارع محمد الخامس,34.0160161,-6.8345992,icons/restaurant.png,OSM
Rabat,Pharmacie Abouab Al Wifaq صيدلية أبواب الوفاق,Parapharmacie,Formel,Témara,33.9267824,-6.9291602,icons/pharmacy.png,OSM
Rabat,Café Tamazight,Café,Formel,Café Tamazight,33.9915361,-6.8676639,icons/cafe.png,OSM
Rabat,Pizza des Gourmets,Restaurant,Formel,"Rue Al Mouahidine زنقة الموحدين, Rabat ⵔⴱⴰⵟ الرباط",34.0239681,-6.8246452,icons/restaurant.png,OSM
Rabat,شوارما مازن الشام,Restaurant,Formel,شوارما مازن الشام,34.0015073,-6.8468562,icons/restaurant.png,OSM
Rabat,سناك مرحبا,Restaurant,Formel,Avenue Mohamed Ben Lhassan Louazzani,34.0404622,-6.7899008,icons/restaurant.png,OSM
Rabat,dar diafa,Café,Formel,sdsd,33.9218904,-6.8970794,icons/cafe.png,OSM
Rabat,Le monde,Restaurant,Formel,Le monde,34.0230153,-6.8385757,icons/restaurant.png,OSM
Rabat,MESK LIL,Café,Formel,MESK LIL,34.0516011,-6.8128945,icons/cafe.png,OSM
Rabat,Coffee Time,Café,Formel,Coffee Time,33.9776824,-6.8168805,icons/cafe.png,OSM
Rabat,Boulangerie sans nom,Boulangerie,Formel,Boulangerie sans nom,34.0154658,-6.8285204,icons/bakery.png,OSM
Rabat,Restaurant sans nom,Restaurant,Formel,Restaurant sans nom,34.0254836,-6.8283796,icons/restaurant.png,OSM
Rabat,Restaurant sans nom,Restaurant,Formel,Restaurant sans nom,34.0251745,-6.8291619,icons/restaurant.png,OSM
Rabat,Restaurant sans nom,Restaurant,Formel,Restaurant sans nom,34.016239,-6.8346477,icons/restaurant.png,OSM
Rabat,Restaurant sans nom,Restaurant,Formel,Restaurant sans nom,34.0155281,-6.8351045,icons/restaurant.png,OSM
Rabat,La Ruche,Restaurant,Formel,La Ruche,34.0198342,-6.8345369,icons/restaurant.png,OSM
Rabat,Ajax,Café,Formel,Ajax,34.0245919,-6.7593854,icons/cafe.png,OSM
Rabat,La Capitale,Restaurant,Formel,La Capitale,34.0308503,-6.8207871,icons/restaurant.png,OSM
Rabat,Good Way,Restaurant,Formel,الرباط,34.0257415,-6.8399812,icons/restaurant.png,OSM
Rabat,Café El Baraka,Café,Formel,Avenue Moulay Rachid,34.0174879,-6.7641407,icons/cafe.png,OSM
Rabat,Bricoma temara,Supermarché,Formel,Bricoma temara,33.9199138,-6.9244983,icons/supermarket.png,OSM
Rabat,agourai,Café,Formel,agourai,34.0629413,-6.7650474,icons/cafe.png,OSM
Rabat,hda brahim,Boulangerie,Formel,hda brahim,34.0631866,-6.7627189,icons/bakery.png,OSM
Rabat,lhna,Boulangerie,Formel,lhna,34.0592245,-6.7759319,icons/bakery.png,OSM
Rabat,Dar Safran,Restaurant,Formel,Dar Safran,34.0209795,-6.8315318,icons/restaurant.png,OSM
Rabat,Le Ziryab,Restaurant,Formel,الرباط,34.0274972,-6.8342086,icons/restaurant.png,OSM
Rabat,constructeurs automobiles,Supermarché,Formel,constructeurs automobiles,33.9481698,-6.8708996,icons/supermarket.png,OSM
Rabat,Dipndip,Café,Formel,"Shaheed Deya Errahman, Rabat ⵔⴱⴰⵟ الرباط",33.9543167,-6.8494526,icons/cafe.png,OSM
Rabat,Paul,Boulangerie,Formel,Paul,33.9350028,-6.9443876,icons/bakery.png,OSM
Rabat,Campus Al Irfane,Restaurant,Formel,Campus Al Irfane,33.9815635,-6.8644706,icons/restaurant.png,OSM
Rabat,Restaurant sans nom,Restaurant,Formel,Restaurant sans nom,33.9815383,-6.8643642,icons/restaurant.png,OSM
Rabat,Restaurant sans nom,Restaurant,Formel,Restaurant sans nom,34.0208833,-6.8375138,icons/restaurant.png,OSM
Rabat,Restaurant sans nom,Restaurant,Formel,Restaurant sans nom,34.0200871,-6.8371267,icons/restaurant.png,OSM
Rabat,Restaurant sans nom,Restaurant,Formel,Restaurant sans nom,33.948226,-6.8320184,icons/restaurant.png,OSM
Rabat,épicerie,Supérette / Mini-market,Formel,épicerie,34.0073898,-6.8497156,icons/convenience.png,OSM
Rabat,épicerie,Supérette / Mini-market,Formel,épicerie,34.0075298,-6.8514697,icons/convenience.png,OSM
Rabat,marjane,Supermarché,Formel,"R401, Rabat",33.9887089,-6.82737,icons/supermarket.png,OSM
Rabat,Burger King,Restaurant,Formel,Rabat ⵔⴱⴰⵟ الرباط,33.9558523,-6.8412444,icons/restaurant.png,OSM
Rabat,La passion du jus,Restaurant,Formel,La passion du jus,34.0171004,-6.8348119,icons/restaurant.png,OSM
Rabat,MAYA-Restaurant lounge,Restaurant,Formel,"Avenue Mohammed VI شارع محمد السادس, Rabat ⵔⴱⴰⵟ الرباط",33.9833478,-6.8287415,icons/restaurant.png,OSM
Rabat,la rambla,Restaurant,Formel,"Avenue Mohammed VI شارع محمد السادس, Rabat ⵔⴱⴰⵟ الرباط",33.9840851,-6.8285645,icons/restaurant.png,OSM
Rabat,Chez guedi,Restaurant,Formel,Chez guedi,33.9751172,-6.8576625,icons/restaurant.png,OSM
Rabat,Relais Burger,Restaurant,Formel,Relais Burger,34.0677106,-6.793148,icons/restaurant.png,OSM
Rabat,911,Restaurant,Formel,911,34.015618,-6.8355673,icons/restaurant.png,OSM
Rabat,Pharmacie Mecca صيدلية مكة,Parapharmacie,Formel,"Avenue Ailanthus, Rabat",33.9443673,-6.8692589,icons/pharmacy.png,OSM
Rabat,Mosquée Lalla Khadija,Épicerie,Informel,Mosquée Lalla Khadija,33.9458695,-6.8698044,icons/greengrocer.png,OSM
Rabat,marjane market,Supermarché,Formel,marjane market,33.9696521,-6.8645104,icons/supermarket.png,OSM
Rabat,Boumalek Patisserie Océan,Café,Formel,"Avenue Maghreb Arabe شارع المغرب العربي, Rabat",34.0202634,-6.8449581,icons/cafe.png,OSM
Rabat,Paul,Boulangerie,Formel,Paul,33.953997,-6.8527407,icons/bakery.png,OSM
Rabat,La piz,Restaurant,Formel,La piz,33.9562969,-6.8673183,icons/restaurant.png,OSM
Rabat,Beyti Istanbul,Restaurant,Formel,Avenue Annakhil شارع النخيل,33.9564364,-6.8674722,icons/restaurant.png,OSM
Rabat,Domino's,Restaurant,Formel,Domino's,33.9351004,-6.9442278,icons/restaurant.png,OSM
Rabat,Pharmacie Mesk Ellil صيدلية مسك الليل,Parapharmacie,Formel,Rabat,33.9474695,-6.8607684,icons/pharmacy.png,OSM
Rabat,Metros de Pizza,Restaurant,Formel,Metros de Pizza,34.0034933,-6.8485214,icons/restaurant.png,OSM
Rabat,mitsuki sushi,Restaurant,Formel,"Avenue Omar Ibn Al Khattab, rabat",34.0031943,-6.8453073,icons/restaurant.png,OSM
Rabat,Café sans nom,Café,Formel,Café sans nom,34.0223712,-6.7980914,icons/cafe.png,OSM
Rabat,Dounia,Café,Formel,Dounia,34.0210639,-6.8433164,icons/cafe.png,OSM
Rabat,Supermarché sans nom,Supermarché,Formel,Supermarché sans nom,34.0219435,-6.844655,icons/supermarket.png,OSM
Rabat,Supérette / Mini-market sans nom,Supérette / Mini-market,Formel,Supérette / Mini-market sans nom,33.9966808,-6.856154,icons/convenience.png,OSM
Rabat,Restaurant sans nom,Restaurant,Formel,Restaurant sans nom,33.9961734,-6.8554125,icons/restaurant.png,OSM
Rabat,YOUBARBECUE,Restaurant,Formel,"Avenue D, Salé سلا",34.0632456,-6.7837469,icons/restaurant.png,OSM
Rabat,Grillade MR PINO,Restaurant,Formel,"Avenue Tarik Ibn Ziad شارع طارق بن زياد, Témara تمارة",33.9102217,-6.9058166,icons/restaurant.png,OSM
Rabat,Restaurant sans nom,Restaurant,Formel,Restaurant sans nom,34.0210439,-6.8421435,icons/restaurant.png,OSM
Rabat,Café sans nom,Café,Formel,Café sans nom,34.0204148,-6.842971,icons/cafe.png,OSM
Rabat,Pharmacie des Orangers صيدلية الليمون,Parapharmacie,Formel,"Avenue Hassan II شارع الحسن الثاني, Rabat",34.0198347,-6.8425075,icons/pharmacy.png,OSM
Rabat,Restaurant sans nom,Restaurant,Formel,Restaurant sans nom,34.020833,-6.843409,icons/restaurant.png,OSM
Rabat,Afoulki,Restaurant,Formel,Afoulki,34.0209437,-6.8435083,icons/restaurant.png,OSM
Rabat,Les Cinq B,Restaurant,Formel,Les Cinq B,33.9913637,-6.8511906,icons/restaurant.png,OSM
Rabat,Café PINO,Café,Formel,"Avenue Tarik Ibn Ziad شارع طارق بن زياد, Témara تمارة",33.9107258,-6.9065088,icons/cafe.png,OSM
Rabat,Pharmacie Bon Secours صيدلية العناية,Parapharmacie,Formel,"Rue Tchad زنقة نشاد, Rabat",34.0202562,-6.8433934,icons/pharmacy.png,OSM
Rabat,Carrefour Market,Supermarché,Formel,Carrefour Market,34.0055501,-6.8473634,icons/supermarket.png,OSM
Rabat,Café sans nom,Café,Formel,Café sans nom,34.0043049,-6.8516201,icons/cafe.png,OSM
Rabat,Supérette / Mini-market sans nom,Supérette / Mini-market,Formel,Supérette / Mini-market sans nom,34.0048252,-6.850617,icons/convenience.png,OSM
Rabat,Café sans nom,Café,Formel,Café sans nom,34.0051844,-6.8474546,icons/cafe.png,OSM
Rabat,Marjane,Supermarché,Formel,Marjane,34.0033837,-6.8444038,icons/supermarket.png,OSM
Rabat,Supérette / Mini-market sans nom,Supérette / Mini-market,Formel,Supérette / Mini-market sans nom,34.0046051,-6.8514619,icons/convenience.png,OSM
Rabat,Petits Radis,Restaurant,Formel,Petits Radis,33.954341,-6.8493242,icons/restaurant.png,OSM
Rabat,Restaurant sans nom,Restaurant,Formel,Restaurant sans nom,34.0099602,-6.8433838,icons/restaurant.png,OSM
Rabat,El Chapo,Restaurant,Formel,El Chapo,33.989165,-6.8513037,icons/restaurant.png,OSM
Rabat,L'Atelier du Sandwich,Restaurant,Formel,L'Atelier du Sandwich,33.9952688,-6.8492357,icons/restaurant.png,OSM
Rabat,Kimos,Café,Formel,Kimos,33.9949086,-6.8509818,icons/cafe.png,OSM
Rabat,Yamal Acham,Restaurant,Formel,Yamal Acham,34.0024606,-6.8509401,icons/restaurant.png,OSM
Rabat,Clandestino,Restaurant,Formel,Clandestino,34.0021734,-6.8505314,icons/restaurant.png,OSM
Rabat,L'Avant Goût,Restaurant,Formel,L'Avant Goût,34.0027297,-6.8501392,icons/restaurant.png,OSM
Rabat,Pastaway,Restaurant,Formel,Pastaway,34.0027771,-6.8500771,icons/restaurant.png,OSM
Rabat,Café sans nom,Café,Formel,Café sans nom,34.0223765,-6.8282155,icons/cafe.png,OSM
Rabat,F.café,Café,Formel,F.café,33.9973646,-6.844987,icons/cafe.png,OSM
Rabat,electro fikri,Supermarché,Formel,"Avenue Nasser, sale",34.0496167,-6.8168297,icons/supermarket.png,OSM
Rabat,épicerie jnane souissi,Supermarché,Formel,épicerie jnane souissi,33.9483571,-6.8433886,icons/supermarket.png,OSM
Rabat,مطعم سفره,Restaurant,Formel,مطعم سفره,34.0208301,-6.8304208,icons/restaurant.png,OSM
Rabat,Supérette / Mini-market sans nom,Supérette / Mini-market,Formel,Supérette / Mini-market sans nom,33.9954866,-6.8558858,icons/convenience.png,OSM
Rabat,Pharmacie Al Wafae صيدلية الوفاء,Parapharmacie,Formel,Salé,34.0239456,-6.7567668,icons/pharmacy.png,OSM
Rabat,Pharmacie du Soleil صيدلية شمس,Parapharmacie,Formel,Salé,34.025103,-6.7524119,icons/pharmacy.png,OSM
Rabat,Restaurant Gardenia,Restaurant,Formel,"Avenue Atlas شارع الأطلس, Rabat ⵔⴱⴰⵟ الرباط",33.9962299,-6.8474284,icons/restaurant.png,OSM
Rabat,دار الناجي,Restaurant,Formel,Rabat ⵕⵕⴱⴰⵟ الرباط,33.9794775,-6.8956636,icons/restaurant.png,OSM
Rabat,Maison Beyrouth,Restaurant,Formel,Maison Beyrouth,34.0013525,-6.8467198,icons/restaurant.png,OSM
Rabat,Café sans nom,Café,Formel,Lotissement Halima 2,34.0918879,-6.7684513,icons/cafe.png,OSM
Rabat,Café Galicia,Café,Formel,"Allée Nord الممر الشمالي, Rabat",33.9635913,-6.8656215,icons/cafe.png,OSM
Rabat,Coffee House Company,Café,Formel,Coffee House Company,33.9896172,-6.8482449,icons/cafe.png,OSM
Rabat,Maison Chorouk,Boulangerie,Formel,Maison Chorouk,34.0014273,-6.8503761,icons/bakery.png,OSM
Rabat,Le Galapagos,Café,Formel,Le Galapagos,34.0011635,-6.8506742,icons/cafe.png,OSM
Rabat,Maya Sushi,Restaurant,Formel,Maya Sushi,34.0012824,-6.8503064,icons/restaurant.png,OSM
Rabat,Restaurant sans nom,Restaurant,Formel,Restaurant sans nom,33.9924918,-6.8714513,icons/restaurant.png,OSM
Rabat,Rôtisserie des voyageurs,Restaurant,Formel,Rôtisserie des voyageurs,33.9916116,-6.8671672,icons/restaurant.png,OSM
Rabat,Restaurant sans nom,Restaurant,Formel,Restaurant sans nom,33.9916561,-6.8666911,icons/restaurant.png,OSM
Rabat,Grande Saveur Isabel,Restaurant,Formel,Grande Saveur Isabel,33.991645,-6.8668386,icons/restaurant.png,OSM
Rabat,Café sans nom,Café,Formel,Café sans nom,33.9913403,-6.871039,icons/cafe.png,OSM
Rabat,Café sans nom,Café,Formel,Café sans nom,33.9914104,-6.8711664,icons/cafe.png,OSM
Rabat,Café sans nom,Café,Formel,Café sans nom,33.9913859,-6.8707305,icons/cafe.png,OSM
Rabat,Café sans nom,Café,Formel,Café sans nom,33.9913514,-6.8706648,icons/cafe.png,OSM
Rabat,Supérette / Mini-market sans nom,Supérette / Mini-market,Formel,Supérette / Mini-market sans nom,33.9923505,-6.8711919,icons/convenience.png,OSM
Rabat,Restaurant sans nom,Restaurant,Formel,Restaurant sans nom,33.9924467,-6.8713488,icons/restaurant.png,OSM
Rabat,Chichawa,Café,Formel,Avenue Al Kifah,33.9908974,-6.8744289,icons/cafe.png,OSM
Rabat,Green Village Rabat,Supermarché,Formel,Green Village Rabat,33.9883456,-6.8278641,icons/supermarket.png,OSM
Rabat,MOOJOOD (موجود),Restaurant,Formel,MOOJOOD (موجود),34.0008186,-6.856458,icons/restaurant.png,OSM
Rabat,ستاربكس,Café,Formel,ستاربكس,34.0003715,-6.8569275,icons/cafe.png,OSM
Rabat,مقهى الموعد,Café,Formel,مقهى الموعد,34.0345134,-6.8243357,icons/cafe.png,OSM
Rabat,Bim,Supermarché,Formel,Bim,34.0410363,-6.806028,icons/supermarket.png,OSM
Rabat,Supérette / Mini-market sans nom,Supérette / Mini-market,Formel,Supérette / Mini-market sans nom,33.9894352,-6.8513228,icons/convenience.png,OSM
Rabat,Eat Néocantine,Restaurant,Formel,Eat Néocantine,33.9561737,-6.868444,icons/restaurant.png,OSM
Rabat,MY PARA PHARMACIE,Parapharmacie,Formel,"Avenue Bouabid شارع بوعبيد, salé",34.0472516,-6.7794141,icons/pharmacy.png,OSM
Rabat,Sandfood,Restaurant,Formel,Sandfood,33.9558207,-6.8690994,icons/restaurant.png,OSM
Rabat,Allo Beldi,Restaurant,Formel,Allo Beldi,34.003439,-6.8463787,icons/restaurant.png,OSM
Rabat,La Table d'à Côté,Café,Formel,La Table d'à Côté,34.0180194,-6.8291722,icons/cafe.png,OSM
Rabat,Café Carrion,Café,Formel,Rue 16 Novembre شارع 16 نوفمبر,33.9924418,-6.8474788,icons/cafe.png,OSM
Rabat,Villarica,Restaurant,Formel,Villarica,34.0003815,-6.8470908,icons/restaurant.png,OSM
Rabat,Meeting,Café,Formel,Meeting,33.9868822,-6.8504739,icons/cafe.png,OSM
Rabat,Restaurant sans nom,Restaurant,Formel,Restaurant sans nom,33.99226,-6.8828604,icons/restaurant.png,OSM
Rabat,Café sans nom,Café,Formel,Café sans nom,33.9923885,-6.88279,icons/cafe.png,OSM
Rabat,Restaurant sans nom,Restaurant,Formel,Restaurant sans nom,34.0530327,-6.8233054,icons/restaurant.png,OSM
Rabat,Café sans nom,Café,Formel,Café sans nom,34.0586819,-6.8177426,icons/cafe.png,OSM
Rabat,Restaurant sans nom,Restaurant,Formel,Restaurant sans nom,34.0292784,-6.8231517,icons/restaurant.png,OSM
Rabat,Pharmacie Al Bouchra صيدلية البشرى,Parapharmacie,Formel,Témara تمارة,33.9014891,-6.9346514,icons/pharmacy.png,OSM
Rabat,Pharmacie Annaourass صيدلية النورس,Parapharmacie,Formel,Témara,33.9039311,-6.9319935,icons/pharmacy.png,OSM
Rabat,Phamacie Ghouroub صيدلية الغروب,Parapharmacie,Formel,Témara,33.9025831,-6.9282568,icons/pharmacy.png,OSM
Rabat,Pharmacie Islah صيدلية إصلاح,Parapharmacie,Formel,Témara تمارة,33.906197,-6.9343977,icons/pharmacy.png,OSM
Rabat,Restaurant sans nom,Restaurant,Formel,Restaurant sans nom,33.9921764,-6.8829734,icons/restaurant.png,OSM
Rabat,Café sans nom,Café,Formel,Café sans nom,33.9920312,-6.883185,icons/cafe.png,OSM
Rabat,Pharmacie Essafae صيدلية الصفاء,Parapharmacie,Formel,Témara,33.9076189,-6.9236075,icons/pharmacy.png,OSM
Rabat,Pharmacie Socrate صيدلية سقراط,Parapharmacie,Formel,Témara تمارة,33.9018538,-6.9233913,icons/pharmacy.png,OSM
Rabat,Pharmacie Koutoubia صيدلية الكتبية,Parapharmacie,Formel,"Avenue Hamza Bnou Abdelmottaleb, Témara",33.9049666,-6.9260325,icons/pharmacy.png,OSM
Rabat,Pharmacie Lamia صيدلية لمياء,Parapharmacie,Formel,Témara,33.9053782,-6.9230663,icons/pharmacy.png,OSM
Rabat,Pharmacie Sijilmassa صيدلية سجلماسة,Parapharmacie,Formel,Témara,33.9072147,-6.9270748,icons/pharmacy.png,OSM
Rabat,Pharmacie Al Kasbah صيدلية القصبة,Parapharmacie,Formel,Témara,33.9059939,-6.9295412,icons/pharmacy.png,OSM
Rabat,Pharmacie Amina صيدلية أمينة,Parapharmacie,Formel,Témara,33.913484,-6.9283621,icons/pharmacy.png,OSM
Rabat,Pharmacie Skikina صيدلية سكيكينة,Parapharmacie,Formel,Témara,33.9107361,-6.9322297,icons/pharmacy.png,OSM
Rabat,Pharmacie Atlal صيدلية أطلال,Parapharmacie,Formel,Témara,33.9087987,-6.9311325,icons/pharmacy.png,OSM
Rabat,Pharmacie Atlantique صيدلية اطلنتيك,Parapharmacie,Formel,Témara تمارة,33.9467779,-6.9330918,icons/pharmacy.png,OSM
Rabat,Pharmacie Acima صيدلية أسيما,Parapharmacie,Formel,Témara تمارة,33.9372478,-6.9393493,icons/pharmacy.png,OSM
Rabat,Pharmacie Sami صيدلية السامي,Parapharmacie,Formel,Témara تمارة,33.9147773,-6.9404058,icons/pharmacy.png,OSM
Rabat,Pharmacie Oum Hani صيدلية أم هاني,Parapharmacie,Formel,Témara تمارة,33.9128603,-6.9373046,icons/pharmacy.png,OSM
Rabat,Pharmacie Mariman صيدلية ماريمان,Parapharmacie,Formel,Témara تمارة,33.9182108,-6.9361179,icons/pharmacy.png,OSM
Rabat,Pharmacie Noufa صيدلية نوفا,Parapharmacie,Formel,Témara تمارة,33.9187879,-6.9337317,icons/pharmacy.png,OSM
Rabat,أسواق السلام,Supermarché,Formel,"شارع المجد, الرباط",33.9673749,-6.8962738,icons/supermarket.png,OSM
Rabat,Lily Gourmet,Café,Formel,Rue Soumaya,33.9901181,-6.8518641,icons/cafe.png,OSM
Rabat,Pharmacie Fidaa صيدلية الفداء,Parapharmacie,Formel,Témara تمارة,33.9270462,-6.9374179,icons/pharmacy.png,OSM
Rabat,Pharmacie Errachad صيدلية الرشاد,Parapharmacie,Formel,Témara تمارة,33.9187315,-6.930025,icons/pharmacy.png,OSM
Rabat,Pharmacie Attadamoun صيدلية التضامن,Parapharmacie,Formel,Témara,33.9249094,-6.9362756,icons/pharmacy.png,OSM
Rabat,Pharmacie El Fadi صيدلية الفاضي,Parapharmacie,Formel,Témara,33.9231017,-6.928671,icons/pharmacy.png,OSM
Rabat,Pharmacie Camelia صيدلية كاميليا,Parapharmacie,Formel,Témara,33.9251264,-6.9205466,icons/pharmacy.png,OSM
Rabat,Pharmacie Zamzam صيدلية زمزم,Parapharmacie,Formel,Témara,33.9238885,-6.9248428,icons/pharmacy.png,OSM
Rabat,Pharmacie Kenzi Témara صيدلية كنزي تمارة,Parapharmacie,Formel,Témara,33.9257001,-6.9272041,icons/pharmacy.png,OSM
Rabat,Pharmacie Manar Al Wifak صيدلية منار الوفاق,Parapharmacie,Formel,Témara,33.9270952,-6.9325478,icons/pharmacy.png,OSM
Rabat,Pharmacie Al Woroud صيدلية الورود,Parapharmacie,Formel,Témara,33.9281361,-6.9265001,icons/pharmacy.png,OSM
Rabat,Pharmacie Malak صيدلية ملاك,Parapharmacie,Formel,Témara,33.9296684,-6.929014,icons/pharmacy.png,OSM
Rabat,Pharmacie Cherkawa صيدلية شرقاوة,Parapharmacie,Formel,Témara تمارة,33.937401,-6.920648,icons/pharmacy.png,OSM
Rabat,Pharmacie Bensaid صيدلية بنسعيد,Parapharmacie,Formel,Témara تمارة,33.9016216,-6.9187741,icons/pharmacy.png,OSM
Rabat,Grande Pharmacie de Témara الصيدلية الكبرى تمارة,Parapharmacie,Formel,Témara تمارة,33.903609,-6.9140238,icons/pharmacy.png,OSM
Rabat,Pharmacie Oum Aicha صيدلية أم عائشة,Parapharmacie,Formel,Témara تمارة,33.9058091,-6.9121661,icons/pharmacy.png,OSM
Rabat,Pharmacie Ghita صيدلية غيثة,Parapharmacie,Formel,Témara تمارة,33.904325,-6.9178434,icons/pharmacy.png,OSM
Rabat,Pharmacie Al Hilal صيدلية الهلال,Parapharmacie,Formel,Témara تمارة,33.9066687,-6.9152836,icons/pharmacy.png,OSM
Rabat,Pharmacie Zahrat Al Amal صيدلية زهرة الأمل,Parapharmacie,Formel,Témara تمارة,33.9079077,-6.9086815,icons/pharmacy.png,OSM
Rabat,Pharmacie Dakar صيدلية دكار,Parapharmacie,Formel,Témara تمارة,33.910868,-6.9087569,icons/pharmacy.png,OSM
Rabat,Pharmacie Mouram صيدلية مرام,Parapharmacie,Formel,Témara تمارة,33.9109904,-6.9053822,icons/pharmacy.png,OSM
Rabat,Pharmacie Anniema صيدلية النعمة,Parapharmacie,Formel,Témara تمارة,33.913744,-6.906729,icons/pharmacy.png,OSM
Rabat,Pharmacie Riad Fès صيدلية رياض فاس,Parapharmacie,Formel,Témara تمارة,33.9201526,-6.9003706,icons/pharmacy.png,OSM
Rabat,Pharmacie Rochdi صيدلية رشدي,Parapharmacie,Formel,Témara تمارة,33.9217184,-6.8854504,icons/pharmacy.png,OSM
Rabat,Pharmacie Assalam صيدلية السلام,Parapharmacie,Formel,Témara تمارة,33.9146273,-6.8889785,icons/pharmacy.png,OSM
Rabat,Pharmacie Al Kawthar صيدلية الكوثر,Parapharmacie,Formel,Témara تمارة,33.9157845,-6.8867194,icons/pharmacy.png,OSM
Rabat,Pharmacie Al Maarif صيدلية المعارف,Parapharmacie,Formel,Témara تمارة,33.9170967,-6.8904975,icons/pharmacy.png,OSM
Rabat,Pharmacie Al Ghait صيدلية الغيث,Parapharmacie,Formel,Témara تمارة,33.9192774,-6.8874284,icons/pharmacy.png,OSM
Rabat,Pharmacie la Santé صيدلية الصحة,Parapharmacie,Formel,"Avenue Tarik Ibn Ziad شارع طارق بن زياد, Témara تمارة",33.928809,-6.8909732,icons/pharmacy.png,OSM
Rabat,Pharmacie Ennassim صيدلية النسيم,Parapharmacie,Formel,Témara تمارة,33.9262605,-6.8865728,icons/pharmacy.png,OSM
Rabat,Pharmacie de la Famille صيدلية العائلة,Parapharmacie,Formel,Témara تمارة,33.9264648,-6.893479,icons/pharmacy.png,OSM
Rabat,Pharmacie Naimi صيدلية النعيمي,Parapharmacie,Formel,Témara تمارة,33.9262586,-6.8900068,icons/pharmacy.png,OSM
Rabat,Pharmacie Fatine صيدلية فاتن,Parapharmacie,Formel,"Boulevard Moulay Ali Cherif, Témara تمارة",33.9242032,-6.8919994,icons/pharmacy.png,OSM
Rabat,Pharmacie Al Hay صيدلية الحي,Parapharmacie,Formel,"Avenue Tarik Ibn Ziad شارع طارق بن زياد, Témara تمارة",33.9228441,-6.897484,icons/pharmacy.png,OSM
Rabat,Pharmacie Badr صيدلية بدر,Parapharmacie,Formel,Témara تمارة,33.9228264,-6.8950291,icons/pharmacy.png,OSM
Rabat,Pharmacie Al Maghrib Al Arabi صيدلية المغرب العربي,Parapharmacie,Formel,"Boulevard des Idrissides, Témara تمارة",33.9198499,-6.8966467,icons/pharmacy.png,OSM
Rabat,Pharmacie de la Victoire صيدلية النصر,Parapharmacie,Formel,"Avenue Ibn Khaldoun شارع ابن خلدون, Témara تمارة",33.921263,-6.8932382,icons/pharmacy.png,OSM
Rabat,Pharmacie l'Espoir صيدلية الأمل,Parapharmacie,Formel,Témara تمارة,33.9216662,-6.8897352,icons/pharmacy.png,OSM
Rabat,Pharmacie Al Yassmine صيدلية الياسمين,Parapharmacie,Formel,"Rue de Melillia, Témara تمارة",33.9201295,-6.8913652,icons/pharmacy.png,OSM
Rabat,Pharmacie El Mostaocef صيدلية المستوصف,Parapharmacie,Formel,Témara تمارة,33.9177626,-6.8940202,icons/pharmacy.png,OSM
Rabat,Pharmacie Soundous صيدلية سندس,Parapharmacie,Formel,Témara تمارة,33.9371878,-6.8849284,icons/pharmacy.png,OSM
Rabat,Pharmacie Narjis صيدلية النرجس,Parapharmacie,Formel,Témara,33.9405698,-6.8844553,icons/pharmacy.png,OSM
Rabat,Pharmacie Al Mamoune صيدلية المامون,Parapharmacie,Formel,Témara تمارة,33.9427007,-6.8834139,icons/pharmacy.png,OSM
Rabat,Pharmacie Erraha صيدلية الراحة,Parapharmacie,Formel,Témara تمارة,33.9423669,-6.8862505,icons/pharmacy.png,OSM
Rabat,Pharmacie Azur صيدلية أزور,Parapharmacie,Formel,Témara تمارة,33.9364125,-6.8876555,icons/pharmacy.png,OSM
Rabat,Pharmacie Rim صيدلية ريم,Parapharmacie,Formel,Témara تمارة,33.9403017,-6.8877409,icons/pharmacy.png,OSM
Rabat,Pharmacie El Guich صيدلية الكيش,Parapharmacie,Formel,Témara تمارة,33.9389333,-6.8866628,icons/pharmacy.png,OSM
Rabat,Pharmacie des Cités صيدلية الإقامات,Parapharmacie,Formel,Témara تمارة,33.9371887,-6.8933101,icons/pharmacy.png,OSM
Rabat,Pharmacie Al Anouar صيدلية الأنوار,Parapharmacie,Formel,Témara تمارة,33.9390192,-6.8911083,icons/pharmacy.png,OSM
Rabat,Pharmacie Granada صيدلية غرناطة,Parapharmacie,Formel,Témara تمارة,33.9386033,-6.8951207,icons/pharmacy.png,OSM
Rabat,Pharmacie la Source صيدلية المنبع,Parapharmacie,Formel,Témara تمارة,33.9344817,-6.8919746,icons/pharmacy.png,OSM
Rabat,Pharmacie Anassiha صيدلية النصيحة,Parapharmacie,Formel,Témara تمارة,33.9410053,-6.9004563,icons/pharmacy.png,OSM
Rabat,Pharmacie Al Masjid صيدلية المسجد,Parapharmacie,Formel,Témara تمارة,33.9416153,-6.8975602,icons/pharmacy.png,OSM
Rabat,Pharmacie Al Mouhafada صيدلية المحافظة,Parapharmacie,Formel,Témara تمارة,33.9334471,-6.8948429,icons/pharmacy.png,OSM
Rabat,Pharmacie Al Farabi صيدلية الفرابي,Parapharmacie,Formel,Témara تمارة,33.9366248,-6.8982848,icons/pharmacy.png,OSM
Rabat,Pharmacie Moulay Idriss صيدلية مولاي إدريس,Parapharmacie,Formel,Témara تمارة,33.9327124,-6.8980801,icons/pharmacy.png,OSM
Rabat,Pharmacie Bahia صيدلية باهية,Parapharmacie,Formel,"Avenue Moulay Idriss Ier, Témara تمارة",33.9300581,-6.8992114,icons/pharmacy.png,OSM
Rabat,Pharmacie Bouarouss صيدلية بوعروس,Parapharmacie,Formel,Témara تمارة,33.9312391,-6.9014276,icons/pharmacy.png,OSM
Rabat,Pharmacie Ibn Nafiss صيدلية ابن النفيس,Parapharmacie,Formel,"Boulevard Moulay Ali Cherif, Témara تمارة",33.9305512,-6.9039631,icons/pharmacy.png,OSM
Rabat,Pharmacie Moulay Ali Cherif صيدلية مولاي علي الشريف,Parapharmacie,Formel,"Boulevard Moulay Ali Cherif, Témara",33.9327517,-6.9071789,icons/pharmacy.png,OSM
Rabat,Pharmacie Jardins des Oudaya صيدلية حدائق الوداية,Parapharmacie,Formel,"Boulevard Sahl Rhône, Témara تمارة",33.9393475,-6.8991335,icons/pharmacy.png,OSM
Rabat,Pharmacie Al Hiba صيدلية الهبة,Parapharmacie,Formel,Témara,33.9337937,-6.9020855,icons/pharmacy.png,OSM
Rabat,Pharmacie Beni Hachem صيدلية بني هاشم,Parapharmacie,Formel,Témara,33.9357349,-6.9064874,icons/pharmacy.png,OSM
Rabat,Pharmacie Macha Allah صيدلية ما شاء الله,Parapharmacie,Formel,Témara,33.9343147,-6.9097087,icons/pharmacy.png,OSM
Rabat,Pharmacie El Massira صيدلية المسيرة,Parapharmacie,Formel,Témara تمارة,33.9286568,-6.8957097,icons/pharmacy.png,OSM
Rabat,Pharmacie Al Ihssan صيدلية الإحسان,Parapharmacie,Formel,Témara تمارة,33.9303761,-6.8932609,icons/pharmacy.png,OSM
Rabat,Pharmacie Al Fajr صيدلية الفجر,Parapharmacie,Formel,"Boulevard Moulay Ali Cherif, Témara تمارة",33.927296,-6.8967799,icons/pharmacy.png,OSM
Rabat,Pharmacie 2000 صيدلية,Parapharmacie,Formel,"Boulevard Moulay Ali Cherif, Témara تمارة",33.9287041,-6.9000699,icons/pharmacy.png,OSM
Rabat,Pharmacie El Qods صيدلية القدس,Parapharmacie,Formel,Témara,33.9266607,-6.901968,icons/pharmacy.png,OSM
Rabat,Pharmacie Leila صيدلية ليلى,Parapharmacie,Formel,Témara تمارة,33.9254898,-6.8994468,icons/pharmacy.png,OSM
Rabat,Pharmacie du Centre صيدلية المركز,Parapharmacie,Formel,"Avenue Hassan II شارع الحسن الثاني, Témara تمارة",33.9245592,-6.917565,icons/pharmacy.png,OSM
Rabat,Pharmacie du Marché صيدلية السوق,Parapharmacie,Formel,"Avenue Mohamed V, Témara",33.9281315,-6.9079699,icons/pharmacy.png,OSM
Rabat,Pharmacie Houdaya صيدلية هوداية,Parapharmacie,Formel,Témara تمارة,33.921258,-6.9095421,icons/pharmacy.png,OSM
Rabat,Pharmacie El Moumen صيدلية المومن,Parapharmacie,Formel,"Avenue Mohemed Zerktouni, Témara",33.9250446,-6.9086836,icons/pharmacy.png,OSM
Rabat,Pharmacie Moulay Slimane صيدلية مولاي سليمان,Parapharmacie,Formel,Témara تمارة,33.9234948,-6.9051324,icons/pharmacy.png,OSM
Rabat,Pharmacie Bakkali صيدلية البقالي,Parapharmacie,Formel,"Avenue Allal Ben Abdellah, Témara",33.9263421,-6.9057074,icons/pharmacy.png,OSM
Rabat,Pharmacie Nahda صيدلية النهضة,Parapharmacie,Formel,"Avenue Mohamed Zerktouni, Témara تمارة",33.9210433,-6.9030973,icons/pharmacy.png,OSM
Rabat,Pharmacie Tarik Ibn Ziad صيدلية طارق بن زياد,Parapharmacie,Formel,"Avenue Tarik Ibn Ziad شارع طارق بن زياد, Témara تمارة",33.9186575,-6.9031235,icons/pharmacy.png,OSM
Rabat,Pharmacie Al Khiam صيدلية الخيام,Parapharmacie,Formel,"Avenue Moulay Rachid, Témara تمارة",33.9187178,-6.9053563,icons/pharmacy.png,OSM
Rabat,Pharmacie de Prestige صيدلية المجد,Parapharmacie,Formel,Témara تمارة,33.9207794,-6.906389,icons/pharmacy.png,OSM
Rabat,Pharmacie Témara صيدلية تمارة,Parapharmacie,Formel,Témara تمارة,33.9252812,-6.9172712,icons/pharmacy.png,OSM
Rabat,Pharmacie Hatim صيدلية حاتم,Parapharmacie,Formel,"Avenue Tarik Ibn Ziad شارع طارق بن زياد, Témara تمارة",33.9160794,-6.9064637,icons/pharmacy.png,OSM
Rabat,Pharmacie Aredouane صيدلية الرضوان,Parapharmacie,Formel,Témara تمارة,33.9189754,-6.9088554,icons/pharmacy.png,OSM
Rabat,Pharmacie Nouvelle الصيدلية الجديدة,Parapharmacie,Formel,"Rue Hassan, Témara تمارة",33.9211395,-6.9124989,icons/pharmacy.png,OSM
Rabat,Pharmacie Fathallah صيدلية فتح الله,Parapharmacie,Formel,Témara تمارة,33.9160241,-6.9093014,icons/pharmacy.png,OSM
Rabat,Pharmacie Al Fouarat صيدلية الفوارات,Parapharmacie,Formel,"Avenue Tarik Ibn Ziad شارع طارق بن زياد, Témara تمارة",33.9130534,-6.9107743,icons/pharmacy.png,OSM
Rabat,Pharmacie Labchir صيدلية لبشير,Parapharmacie,Formel,"Avenue Abdelkrim Al Khattabi, Témara",33.9156295,-6.9120998,icons/pharmacy.png,OSM
Rabat,Pharmacie Abi Houraira صيدلية أبي هريرة,Parapharmacie,Formel,"Avenue du Caire, Témara تمارة",33.9107831,-6.9155249,icons/pharmacy.png,OSM
Rabat,Pharmacie les Urgences صيدلية المستعجلات,Parapharmacie,Formel,Témara تمارة,33.910824,-6.9132135,icons/pharmacy.png,OSM
Rabat,Pharmacie Essalama صيدلية السلامة,Parapharmacie,Formel,"Avenue Mohamed V شارع محمد الخامس, Témara تمارة",33.9233742,-6.9138331,icons/pharmacy.png,OSM
Rabat,Pharmacie Hay Al Azrak صيدلية حي الأزرق,Parapharmacie,Formel,Témara تمارة,33.922906,-6.9162382,icons/pharmacy.png,OSM
Rabat,Pharmacie et Laboratoire Chifaa صيدلية و مختبر الشفاء,Parapharmacie,Formel,"Avenue Hassan II شارع الحسن الثاني, Témara",33.9221981,-6.9199735,icons/pharmacy.png,OSM
Rabat,Pharmacie Al Maarifa صيدلية المعرفة,Parapharmacie,Formel,Témara ⵜⵎⴰⵔⴰ تمارة,33.9153701,-6.9224901,icons/pharmacy.png,OSM
Rabat,Pharmacie Fath El Kheir,Parapharmacie,Formel,"Avenue Abdelkrim Al Khattabi, Témara",33.9067659,-6.9206488,icons/pharmacy.png,OSM
Rabat,Pharmacie Moulat صيدلية مولات,Parapharmacie,Formel,"Avenue Hassan I شارع الحسن الأول, Témara",33.90906,-6.9210455,icons/pharmacy.png,OSM
Rabat,Pharmacie Al Afaq,Parapharmacie,Formel,Témara,33.911779,-6.9195283,icons/pharmacy.png,OSM
Rabat,Pharmacie Mosquée Zahra صيدلية مسجد الزهراء,Parapharmacie,Formel,"Avenue Hassan I شارع الحسن الأول, Témara تمارة",33.9112587,-6.9219571,icons/pharmacy.png,OSM
Rabat,Pharmacie Khizrane صيدلية خيزران,Parapharmacie,Formel,Témara تمارة,33.9183439,-6.9142993,icons/pharmacy.png,OSM
Rabat,Pharmacie Ibn Sina صيدلية بن سينا,Parapharmacie,Formel,"Avenue Mohamed V شارع محمد الخامس, Témara",33.9132048,-6.9242799,icons/pharmacy.png,OSM
Rabat,Pharmacie Roudani صيدلية الروداني,Parapharmacie,Formel,Témara تمارة,33.917612,-6.9159627,icons/pharmacy.png,OSM
Rabat,Pharmacie Kenza صيدلية كنزة,Parapharmacie,Formel,"Avenue Mohamed V شارع محمد الخامس, Témara",33.9204252,-6.9164897,icons/pharmacy.png,OSM
Rabat,Pharmacie Andaloussi صيدلية أندلسي,Parapharmacie,Formel,"Avenue Mohamed V شارع محمد الخامس, Témara تمارة",33.9169582,-6.9199853,icons/pharmacy.png,OSM
Rabat,Pharmacie Echoumoue صيدلية الشموع,Parapharmacie,Formel,Témara تمارة,33.9141061,-6.9173491,icons/pharmacy.png,OSM
Rabat,Pharmacie Oum Kaltoum صيدلية أم كلثوم,Parapharmacie,Formel,"Avenue du Caire, Témara ⵜⵎⴰⵔⴰ تمارة",33.9140077,-6.9209603,icons/pharmacy.png,OSM
Rabat,Pharmacie Ilias صيدلية إلياس,Parapharmacie,Formel,"Rue de Rabat, Témara تمارة",33.9154505,-6.9190345,icons/pharmacy.png,OSM
Rabat,Pharmacie Aswak Assalam صيدلية أسواق السلام,Parapharmacie,Formel,"Avenue Hassan II شارع الحسن الثاني, Témara تمارة",33.9051823,-6.9404555,icons/pharmacy.png,OSM
Rabat,Pharmacie la Liberté صيدلية الحرية,Parapharmacie,Formel,"Avenue Hassan II شارع الحسن الثاني, Témara",33.9226632,-6.9194801,icons/pharmacy.png,OSM
Rabat,Pharmacie Carré Santé Beauté صيدلية الجمال و الصحة,Parapharmacie,Formel,"Avenue Mehdi Ben Barka, Rabat",33.9604086,-6.8558563,icons/pharmacy.png,OSM
Rabat,Pharmacie Ibn Toumerte صيدلية ابن تومرت,Parapharmacie,Formel,"Avenue Ibn Toumert شارع ابن تومرت, Rabat",34.0161602,-6.8391178,icons/pharmacy.png,OSM
Rabat,Pharmacie Ryad Andalous صيدلية رياض الأندلس,Parapharmacie,Formel,"Rue Morino, Rabat",33.9570777,-6.8831228,icons/pharmacy.png,OSM
Rabat,Joli Coin,Restaurant,Formel,Joli Coin,33.9900747,-6.8541283,icons/restaurant.png,OSM
Rabat,Pharmacie Al Baraka صيدلية البركة,Parapharmacie,Formel,"Zankat Oulad Hariz, Rabat",33.9888007,-6.8239329,icons/pharmacy.png,OSM
Rabat,Supérette / Mini-market sans nom,Supérette / Mini-market,Formel,Supérette / Mini-market sans nom,33.9556328,-6.8690667,icons/convenience.png,OSM
Rabat,Oh My Bun!,Restaurant,Formel,Oh My Bun!,33.9556215,-6.869496,icons/restaurant.png,OSM
Rabat,Pharmacie Hay El Fath صيدلية حي الفتح,Parapharmacie,Formel,"شارع المسيرة, Rabat",33.9648165,-6.9037249,icons/pharmacy.png,OSM
Rabat,Pharmacie El Ighata صيدلية الإغاثة,Parapharmacie,Formel,Rabat,33.9669117,-6.905958,icons/pharmacy.png,OSM
Rabat,Pharmacie Al Mountazah صيدلية المنتزه,Parapharmacie,Formel,Rabat,33.9686741,-6.8978006,icons/pharmacy.png,OSM
Rabat,Pharmacie Al Mountalak صيدلية المنطلق,Parapharmacie,Formel,Rabat ⵔⴱⴰⵟ الرباط,33.9696951,-6.9008125,icons/pharmacy.png,OSM
Rabat,Pharmacie Marjolaine صيدلية مارجولين,Parapharmacie,Formel,Rabat,33.969775,-6.9043704,icons/pharmacy.png,OSM
Rabat,Pharmacie Yacoub El Mansour صيدلية يعقوب المنصور,Parapharmacie,Formel,Rabat,33.9725882,-6.8836256,icons/pharmacy.png,OSM
Rabat,Pharmacie l'Avenir صيدلية المستقبل,Parapharmacie,Formel,"Avenue El Majd شارع المجد, Rabat",33.9712315,-6.8859781,icons/pharmacy.png,OSM
Rabat,Pharmacie Al Bahja صيدلية البهجة,Parapharmacie,Formel,"Avenue El Majd شارع المجد, Rabat",33.9685567,-6.8884884,icons/pharmacy.png,OSM
Rabat,Pharmacie Kasry صيدلية قصري,Parapharmacie,Formel,Rabat,33.9687435,-6.893351,icons/pharmacy.png,OSM
Rabat,Pharmacie Al Hikma صيدلية الحكمة,Parapharmacie,Formel,Rabat,33.9707695,-6.8909279,icons/pharmacy.png,OSM
Rabat,Pharmacie Al Massira صيدلية المسيرة,Parapharmacie,Formel,"شارع المسيرة, Rabat",33.9733091,-6.8912277,icons/pharmacy.png,OSM
Rabat,Pharmacie Attine صيدلية التين,Parapharmacie,Formel,"Avenue des Far شارع الجيش الملكي, Rabat",33.9772954,-6.8893143,icons/pharmacy.png,OSM
Rabat,Pharmacie Al Khawarizmi صيدلية الخوارزمي,Parapharmacie,Formel,"شارع المنزه, Rabat",33.9731035,-6.8945642,icons/pharmacy.png,OSM
Rabat,Pharmacie Lotus صيدلية لوتس,Parapharmacie,Formel,"Avenue des Far شارع الجيش الملكي, Rabat ⵕⵕⴱⴰⵟ الرباط",33.9794101,-6.8954273,icons/pharmacy.png,OSM
Rabat,Pharmacie Al Azhar صيدلية الأزهر,Parapharmacie,Formel,"شارع المحيط الهادي, Rabat",33.973203,-6.897132,icons/pharmacy.png,OSM
Rabat,Pharmacie El Mouna صيدلية المنى,Parapharmacie,Formel,Rabat,33.9869334,-6.8875054,icons/pharmacy.png,OSM
Rabat,Pharmacie Al Hamd صيدلية الحمد,Parapharmacie,Formel,"شارع المسيرة, Rabat",33.9896223,-6.874472,icons/pharmacy.png,OSM
Rabat,Pharmacie Al Amal صيدلية الأمل,Parapharmacie,Formel,"شارع المسيرة, Rabat",33.9871927,-6.8756888,icons/pharmacy.png,OSM
Rabat,Pharmacie Al Kifah صيدلية الكفاح,Parapharmacie,Formel,"Avenue Al Kifah شارع الكفاح, Rabat",33.9906675,-6.8716954,icons/pharmacy.png,OSM
Rabat,Pharmacie Chbanat صيدلية الشبانات,Parapharmacie,Formel,"Rue Abou Zaraa Addinachqi, Rabat",33.982118,-6.8913054,icons/pharmacy.png,OSM
Rabat,Pharmacie Abi Hourayra صيدلية أبي هريرة,Parapharmacie,Formel,Rabat,33.9882321,-6.8824171,icons/pharmacy.png,OSM
Rabat,Supérette / Mini-market sans nom,Supérette / Mini-market,Formel,Supérette / Mini-market sans nom,33.9945824,-6.8499354,icons/convenience.png,OSM
Rabat,Café sans nom,Café,Formel,Café sans nom,33.9946407,-6.8500313,icons/cafe.png,OSM
Rabat,Café 7 fruits,Café,Formel,Café 7 fruits,33.9946795,-6.8500893,icons/cafe.png,OSM
Rabat,Pharmacie Bouitat صيدلية البويتات,Parapharmacie,Formel,Rabat,33.9865506,-6.8795935,icons/pharmacy.png,OSM
Rabat,Pharmacie Ennaim صيدلية النعيم,Parapharmacie,Formel,Rabat,33.988957,-6.8781018,icons/pharmacy.png,OSM
Rabat,Pharmacie Ar-Rahman صيدلية الرحمان,Parapharmacie,Formel,"Avenue Al Mostakbal شارع المستقبل, Rabat",33.9861083,-6.8822802,icons/pharmacy.png,OSM
Rabat,Pharmacie El Kouass صيدلية القواس,Parapharmacie,Formel,"شارع المسيرة, Rabat",33.9824049,-6.8809576,icons/pharmacy.png,OSM
Rabat,Pharmacie El Mansour صيدلية المنصور,Parapharmacie,Formel,"Avenue Al Izdihar شارع الإزدهار, Rabat",33.9812502,-6.8845478,icons/pharmacy.png,OSM
Rabat,El Tropic,Restaurant,Formel,El Tropic,33.9811949,-6.8290121,icons/restaurant.png,OSM
Rabat,Pharmacie Ibn Baytar صيدلية بن البيطار,Parapharmacie,Formel,"شارع المسيرة, Rabat",33.9836714,-6.8792088,icons/pharmacy.png,OSM
Rabat,Pharmacie Tarik صيدلية طارق,Parapharmacie,Formel,"شارع المسيرة, Rabat",33.9781948,-6.8854167,icons/pharmacy.png,OSM
Rabat,Pharmacie Al Majd صيدلية المجد,Parapharmacie,Formel,Rabat,33.9834241,-6.876612,icons/pharmacy.png,OSM
Rabat,Pharmacie Bekkari صيدلية البكاري,Parapharmacie,Formel,Rabat,33.9783383,-6.8825148,icons/pharmacy.png,OSM
Rabat,Pharmacie Assabah صيدلية الصباح,Parapharmacie,Formel,Rabat,33.9925619,-6.8817746,icons/pharmacy.png,OSM
Rabat,Pharmacie Hay Al Kora صيدلية حي الكورة,Parapharmacie,Formel,Rabat,33.9962381,-6.8780082,icons/pharmacy.png,OSM
Rabat,Pharmacie Ibn Rochd صيدلية ابن رشد,Parapharmacie,Formel,"Avenue Assalam شارع السلام, Rabat",34.0040184,-6.865602,icons/pharmacy.png,OSM
Rabat,Pharmacie Nadia صيدلية نادية,Parapharmacie,Formel,Rabat,34.0013575,-6.8710003,icons/pharmacy.png,OSM
Rabat,Pharmacie Al Masjid صيدلية المسجد,Parapharmacie,Formel,"Avenue Sidi Mohammed Ben Abdellah شارع سيدي محمد بن عبد الله, Rabat",34.0025588,-6.8692028,icons/pharmacy.png,OSM
Rabat,Pharmacie Marché de Gros صيدلية سوق الجملة,Parapharmacie,Formel,Rabat,34.0042521,-6.8688539,icons/pharmacy.png,OSM
Rabat,Pharmacie El Atlas صيدلية الأطلس,Parapharmacie,Formel,"Avenue Sidi Mohammed Ben Abdellah شارع سيدي محمد بن عبد الله, Rabat",33.9988325,-6.8729038,icons/pharmacy.png,OSM
Rabat,Pharmacie Al Khair صيدلية الخير,Parapharmacie,Formel,"Avenue Sidi Mohammed Ben Abdellah شارع سيدي محمد بن عبد الله, Rabat",33.9961903,-6.8751656,icons/pharmacy.png,OSM
Rabat,Pharmacie Hay Bouhlal صيدلية حي بوهلال,Parapharmacie,Formel,"Avenue Sidi Mohammed Ben Abdellah شارع سيدي محمد بن عبد الله, Rabat",33.9938882,-6.8773241,icons/pharmacy.png,OSM
Rabat,Pharmacie Nahim صيدلية نهيم,Parapharmacie,Formel,Rabat,33.9945332,-6.8697116,icons/pharmacy.png,OSM
Rabat,Café sans nom,Café,Formel,Café sans nom,33.9787483,-6.8807902,icons/cafe.png,OSM
Rabat,Boulangerie sans nom,Boulangerie,Formel,Boulangerie sans nom,33.9787882,-6.8807491,icons/bakery.png,OSM
Rabat,Fast Food,Restaurant,Formel,Fast Food,33.9787197,-6.8808027,icons/restaurant.png,OSM
Rabat,Supérette / Mini-market sans nom,Supérette / Mini-market,Formel,Supérette / Mini-market sans nom,33.9789848,-6.8805259,icons/convenience.png,OSM
Rabat,Maeya Brunch,Café,Formel,Maeya Brunch,34.0167984,-6.8318692,icons/cafe.png,OSM
Rabat,Supérette / Mini-market sans nom,Supérette / Mini-market,Formel,Supérette / Mini-market sans nom,33.9899562,-6.8541372,icons/convenience.png,OSM
Rabat,بيم,Supermarché,Formel,بيم,34.0167238,-6.7706659,icons/supermarket.png,OSM
Rabat,مقهى هابي داي,Café,Formel,"شارع الفتح, الرباط",33.9722953,-6.8831629,icons/cafe.png,OSM
Rabat,الحوس,Supérette / Mini-market,Formel,"زنقة بحر الشمال, الرباط",33.9697048,-6.8997435,icons/convenience.png,OSM
Rabat,Café ZILIS,Café,Formel,"شارع المجد, الرباط",33.967943,-6.8969979,icons/cafe.png,OSM
Rabat,مقهى التنس,Café,Formel,"شارع المجد, الرباط",33.9680887,-6.8971666,icons/cafe.png,OSM
Rabat,أودادن,Supérette / Mini-market,Formel,"ساحة أودادن, الرباط",33.9683064,-6.9014185,icons/convenience.png,OSM
Rabat,BIM Hay Moulay Ismail,Supermarché,Formel,BIM Hay Moulay Ismail,34.0265899,-6.7804085,icons/supermarket.png,OSM
Rabat,Le Délice Africain,Restaurant,Formel,Le Délice Africain,33.9955796,-6.8494652,icons/restaurant.png,OSM
Rabat,Café sans nom,Café,Formel,Café sans nom,33.9695493,-6.8969111,icons/cafe.png,OSM
Rabat,Épicerie sans nom,Épicerie,Informel,Épicerie sans nom,33.9694965,-6.8974301,icons/greengrocer.png,OSM
Rabat,Épicerie sans nom,Épicerie,Informel,Épicerie sans nom,33.9694765,-6.8973014,icons/greengrocer.png,OSM
Rabat,Épicerie sans nom,Épicerie,Informel,Épicerie sans nom,33.9691339,-6.8980202,icons/greengrocer.png,OSM
Rabat,Boulangerie sans nom,Boulangerie,Formel,"شارع المجد, الرباط",33.9683263,-6.8974121,icons/bakery.png,OSM
Rabat,مقهى لاكاشيت,Café,Formel,مقهى لاكاشيت,33.9677329,-6.8967321,icons/cafe.png,OSM
Rabat,مقهى هيرمانوس,Café,Formel,الرباط,33.9673242,-6.9026853,icons/cafe.png,OSM
Rabat,Azafran,Restaurant,Formel,Azafran,34.0139654,-6.7850409,icons/restaurant.png,OSM
Rabat,Berrada traiteur,Boutique de confiserie,Informel,Berrada traiteur,34.0024111,-6.8505159,icons/confectionery.png,OSM
Rabat,واينوت,Restaurant,Formel,الرباط,33.9816809,-6.8643669,icons/restaurant.png,OSM
Rabat,Café sans nom,Café,Formel,Café sans nom,33.9855005,-6.8741604,icons/cafe.png,OSM
Rabat,سميرميس,Café,Formel,سميرميس,34.0465518,-6.7871148,icons/cafe.png,OSM
Rabat,Café sans nom,Café,Formel,Café sans nom,34.0465074,-6.7872534,icons/cafe.png,OSM
Rabat,Café Jannat de Hamza,Café,Formel,Café Jannat de Hamza,34.0247286,-6.8386468,icons/cafe.png,OSM
Rabat,اوليفيري,Café,Formel,"محج الرياض, Rabat ⵔⴱⴰⵟ الرباط",33.9626325,-6.8656551,icons/cafe.png,OSM
Rabat,باربيرا,Café,Formel,"محج الرياض, الرباط",33.9618062,-6.8657221,icons/cafe.png,OSM
Rabat,Sushi House,Restaurant,Formel,"محج الرياض, الرباط",33.9619665,-6.8655461,icons/restaurant.png,OSM
Rabat,Blend,Restaurant,Formel,Blend,33.9619238,-6.8655898,icons/restaurant.png,OSM
Rabat,Burger King,Restaurant,Formel,"محج الرياض, الرباط",33.9627749,-6.8658097,icons/restaurant.png,OSM
Rabat,Dinarjat,Restaurant,Formel,Dinarjat,34.0281632,-6.8376448,icons/restaurant.png,OSM
Rabat,Le goéland,Restaurant,Formel,Le goéland,34.0145407,-6.8281738,icons/restaurant.png,OSM
Rabat,Casa José,Restaurant,Formel,Casa José,34.0189901,-6.8361186,icons/restaurant.png,OSM
Rabat,Restaurant sans nom,Restaurant,Formel,"شارع المجد, الرباط",33.9688905,-6.8980937,icons/restaurant.png,OSM
Rabat,Supérette / Mini-market sans nom,Supérette / Mini-market,Formel,Supérette / Mini-market sans nom,33.9681058,-6.9014195,icons/convenience.png,OSM
Rabat,الحوس,Supérette / Mini-market,Formel,"زنقة بحر الشمال, الرباط",33.9696872,-6.9002515,icons/convenience.png,OSM
Rabat,Primus,Restaurant,Formel,Primus,34.0153944,-6.8350059,icons/restaurant.png,OSM
Rabat,Restaurant sans nom,Restaurant,Formel,Restaurant sans nom,33.9771769,-6.8858062,icons/restaurant.png,OSM
Rabat,Restaurant sans nom,Restaurant,Formel,Restaurant sans nom,33.977148,-6.8857673,icons/restaurant.png,OSM
Rabat,Restaurant sans nom,Restaurant,Formel,Restaurant sans nom,33.9898649,-6.8541377,icons/restaurant.png,OSM
Rabat,Sufra,Restaurant,Formel,Sufra,34.0206332,-6.8304218,icons/restaurant.png,OSM
Rabat,Felicita,Restaurant,Formel,Felicita,33.9610385,-6.8673328,icons/restaurant.png,OSM
Rabat,Little Mamma,Restaurant,Formel,Rabat ⵔⴱⴰⵟ الرباط,33.9601638,-6.867717,icons/restaurant.png,OSM
Rabat,Oceanos,Restaurant,Formel,Oceanos,33.9601602,-6.8674561,icons/restaurant.png,OSM
Rabat,Dar Naji Agdal,Restaurant,Formel,Dar Naji Agdal,34.0033035,-6.8463067,icons/restaurant.png,OSM
Rabat,La Pagode,Restaurant,Formel,La Pagode,34.0153111,-6.8376916,icons/restaurant.png,OSM
Rabat,Luna Palace,Café,Formel,Luna Palace,33.9803511,-6.8846693,icons/cafe.png,OSM
Rabat,Glacier,Café,Formel,Glacier,34.015678,-6.836674,icons/cafe.png,OSM
Rabat,Cafe Zagoura,Café,Formel,Cafe Zagoura,33.9296822,-6.8899956,icons/cafe.png,OSM
Rabat,Clay Oven,Restaurant,Formel,Clay Oven,33.9617161,-6.864708,icons/restaurant.png,OSM
Rabat,Le Medina,Restaurant,Formel,Rue Annakhil,33.959691,-6.8734776,icons/restaurant.png,OSM
Rabat,Saladbar - Green is better,Restaurant,Formel,Saladbar - Green is better,33.9625506,-6.8648192,icons/restaurant.png,OSM
Rabat,As'iam,Restaurant,Formel,As'iam,33.9540727,-6.8746584,icons/restaurant.png,OSM
Rabat,Restaurant sans nom,Restaurant,Formel,Restaurant sans nom,34.0180605,-6.8263114,icons/restaurant.png,OSM
Rabat,Restaurant sans nom,Restaurant,Formel,Restaurant sans nom,34.0249409,-6.8397704,icons/restaurant.png,OSM
Rabat,L'Atelier Burger,Restaurant,Formel,L'Atelier Burger,33.9537687,-6.8739709,icons/restaurant.png,OSM
Rabat,Boca Buena,Restaurant,Formel,Boca Buena,34.0031527,-6.8494679,icons/restaurant.png,OSM
Rabat,Épicerie,Supérette / Mini-market,Formel,Épicerie,33.9918553,-6.8495222,icons/convenience.png,OSM
Rabat,Pharmacie Bin El Ouidane,Parapharmacie,Formel,Pharmacie Bin El Ouidane,34.0066391,-6.8508352,icons/pharmacy.png,OSM
Rabat,Supérette / Mini-market sans nom,Supérette / Mini-market,Formel,Supérette / Mini-market sans nom,34.0062469,-6.8502273,icons/convenience.png,OSM
Rabat,BIM,Supermarché,Formel,BIM,34.0060606,-6.8504204,icons/supermarket.png,OSM
Rabat,Yogorino & Two Brothers,Restaurant,Formel,Yogorino & Two Brothers,33.9949395,-6.8454025,icons/restaurant.png,OSM
Rabat,Mania Club Café,Café,Formel,Mania Club Café,34.0182886,-6.8481902,icons/cafe.png,OSM
Rabat,Supérette / Mini-market sans nom,Supérette / Mini-market,Formel,Supérette / Mini-market sans nom,34.0184006,-6.8463369,icons/convenience.png,OSM
Rabat,Pharmacie de Rabat,Parapharmacie,Formel,Pharmacie de Rabat,34.0184271,-6.8457835,icons/pharmacy.png,OSM
Rabat,Épicerie sans nom,Épicerie,Informel,Épicerie sans nom,34.0719713,-6.7948657,icons/greengrocer.png,OSM
Rabat,Supermarché sans nom,Supermarché,Formel,Supermarché sans nom,34.0727593,-6.7951128,icons/supermarket.png,OSM
Rabat,Boho,Café,Formel,Rue El Yamama,34.0150951,-6.8369471,icons/cafe.png,OSM
Rabat,Dunkin',Restaurant,Formel,Dunkin',33.9623476,-6.8662715,icons/restaurant.png,OSM
Rabat,Pizza Hut,Restaurant,Formel,Rabat ⵔⴱⴰⵟ الرباط,33.9618432,-6.8658522,icons/restaurant.png,OSM
Rabat,Wedo Burgers,Restaurant,Formel,Wedo Burgers,33.9600424,-6.8678269,icons/restaurant.png,OSM
Rabat,"Magasin ""B'rik""",Épicerie,Informel,"Magasin ""B'rik""",34.0030128,-6.8644354,icons/greengrocer.png,OSM
Rabat,"Magasin ""Late Boukarrou""",Épicerie,Informel,"Magasin ""Late Boukarrou""",34.0030963,-6.8645821,icons/greengrocer.png,OSM
Rabat,"Magasin ""Lehri""",Épicerie,Informel,"Magasin ""Lehri""",34.0031975,-6.8647664,icons/greengrocer.png,OSM
Rabat,"Magasin ""Boukarrou Jr""",Épicerie,Informel,"Magasin ""Boukarrou Jr""",34.0032242,-6.8648924,icons/greengrocer.png,OSM
Rabat,Parapharmacie sans nom,Parapharmacie,Formel,Parapharmacie sans nom,33.9934305,-6.8685522,icons/pharmacy.png,OSM
Rabat,Restaurant sans nom,Restaurant,Formel,Restaurant sans nom,33.9935029,-6.8685577,icons/restaurant.png,OSM
Rabat,Restaurant sans nom,Restaurant,Formel,Restaurant sans nom,33.9935842,-6.8685727,icons/restaurant.png,OSM
Rabat,Supérette / Mini-market sans nom,Supérette / Mini-market,Formel,Supérette / Mini-market sans nom,33.9933668,-6.868544,icons/convenience.png,OSM
Rabat,Restaurant sans nom,Restaurant,Formel,Restaurant sans nom,33.9934565,-6.8687638,icons/restaurant.png,OSM
Rabat,Supérette / Mini-market sans nom,Supérette / Mini-market,Formel,Supérette / Mini-market sans nom,33.9933552,-6.869128,icons/convenience.png,OSM
Rabat,Supérette / Mini-market sans nom,Supérette / Mini-market,Formel,Supérette / Mini-market sans nom,33.9920204,-6.8678725,icons/convenience.png,OSM
Rabat,Supérette / Mini-market sans nom,Supérette / Mini-market,Formel,Supérette / Mini-market sans nom,33.992108,-6.8676824,icons/convenience.png,OSM
Rabat,Inza,Restaurant,Formel,Inza,34.021767,-6.8381833,icons/restaurant.png,OSM
Rabat,Café sans nom,Café,Formel,Rue Omar El Jadidi زنقة عمر الجديدي,34.0100849,-6.8567352,icons/cafe.png,OSM
Rabat,Le Picolo's,Restaurant,Formel,Le Picolo's,33.9867191,-6.8282633,icons/restaurant.png,OSM
Rabat,Restaurant sans nom,Restaurant,Formel,Restaurant sans nom,34.0125709,-6.8289325,icons/restaurant.png,OSM
Rabat,Restaurant sans nom,Restaurant,Formel,Rue Sidi Fatah زنقة سيدي فاتح,34.0270404,-6.8395515,icons/restaurant.png,OSM
Rabat,Restaurant sans nom,Restaurant,Formel,Rue Halab زنقة حلب,34.0201111,-6.8371682,icons/restaurant.png,OSM
Rabat,BİM,Supermarché,Formel,BİM,33.9910154,-6.8696498,icons/supermarket.png,OSM
Rabat,Supermarché sans nom,Supermarché,Formel,Supermarché sans nom,33.9534406,-6.8804285,icons/supermarket.png,OSM
Rabat,Café sans nom,Café,Formel,Café sans nom,33.9532881,-6.8806368,icons/cafe.png,OSM
Rabat,Café sans nom,Café,Formel,Café sans nom,33.9912124,-6.8682498,icons/cafe.png,OSM
Rabat,Super U Express,Supermarché,Formel,Rabat ⵔⴱⴰⵟ الرباط,33.9544627,-6.8494316,icons/supermarket.png,OSM
Rabat,صيدلية النزهة,Parapharmacie,Formel,صيدلية النزهة,33.9566815,-6.8171845,icons/pharmacy.png,OSM
Rabat,Café sans nom,Café,Formel,Café sans nom,33.9979035,-6.8674774,icons/cafe.png,OSM
Rabat,Carrefour Market,Supermarché,Formel,Carrefour Market,34.0232465,-6.8501651,icons/supermarket.png,OSM
Rabat,Café sans nom,Café,Formel,Café sans nom,33.9707164,-6.8226014,icons/cafe.png,OSM
Rabat,صيدلية عز الدين,Parapharmacie,Formel,صيدلية عز الدين,34.0867589,-6.7817856,icons/pharmacy.png,OSM
Rabat,صيدلية الحساني,Parapharmacie,Formel,صيدلية الحساني,34.0148984,-6.7651773,icons/pharmacy.png,OSM
Rabat,Pharmacie Ennasr,Parapharmacie,Formel,Pharmacie Ennasr,34.0126624,-6.7648397,icons/pharmacy.png,OSM
Rabat,Mutawakkil Pharmacy,Parapharmacie,Formel,Mutawakkil Pharmacy,34.0168961,-6.7677242,icons/pharmacy.png,OSM
Rabat,Pharmacie Printemps,Parapharmacie,Formel,Pharmacie Printemps,34.0178129,-6.7652398,icons/pharmacy.png,OSM
Rabat,Restaurant sans nom,Restaurant,Formel,Restaurant sans nom,34.0210119,-6.8378704,icons/restaurant.png,OSM
Rabat,Boulangerie sans nom,Boulangerie,Formel,Boulangerie sans nom,34.0175666,-6.8493806,icons/bakery.png,OSM
Rabat,Primos Chicken,Restaurant,Formel,"Place Abou Bakr Asseddik ساحة أبو بكر الصديق, RABAT",33.9998339,-6.8504201,icons/restaurant.png,OSM
Rabat,Little Mamma Agdal,Restaurant,Formel,"Avenue Fal Ould Oumeir شارع فال ولد عمير, RABAT",33.9989185,-6.8491499,icons/restaurant.png,OSM
Rabat,Casketa,Restaurant,Formel,"Place Abou Bakr Asseddik ساحة أبو بكر الصديق, RABAT",33.9999928,-6.8500457,icons/restaurant.png,OSM
Rabat,GOLDEN FISH,Restaurant,Formel,"Avenue Imam Malek, Rabat ⵔⴱⴰⵟ الرباط",33.9899813,-6.8376905,icons/restaurant.png,OSM
Rabat,Marina Palms,Café,Formel,Marina Palms,34.0276629,-6.8301854,icons/cafe.png,OSM
Rabat,Ober Mamma,Restaurant,Formel,Ober Mamma,34.0163571,-6.8304629,icons/restaurant.png,OSM
Rabat,Café sans nom,Café,Formel,Café sans nom,34.0219974,-6.8395531,icons/cafe.png,OSM
Rabat,Restaurant sans nom,Restaurant,Formel,Restaurant sans nom,34.0199115,-6.8345701,icons/restaurant.png,OSM
Rabat,Boulangerie sans nom,Boulangerie,Formel,Rue Sidi Fatah زنقة سيدي فاتح,34.0241758,-6.8378347,icons/bakery.png,OSM
Rabat,Pietri Palace,Café,Formel,Pietri Palace,34.01737,-6.8299176,icons/cafe.png,OSM
Rabat,Restaurant sans nom,Restaurant,Formel,Restaurant sans nom,34.0160237,-6.8391124,icons/restaurant.png,OSM
Rabat,Restaurant sans nom,Restaurant,Formel,Restaurant sans nom,34.0148394,-6.8396426,icons/restaurant.png,OSM
Rabat,Les Saveurs de Chine,Restaurant,Formel,"Rue Benzert زنقة بنزرت, Rabat",34.0163634,-6.8325103,icons/restaurant.png,OSM
Rabat,STORE TAHAR,Supérette / Mini-market,Formel,Rue Al Kilass,34.0432052,-6.7783521,icons/convenience.png,OSM
Rabat,Radia Restaurant - Café,Restaurant,Formel,"Diar Elmansour, Rabat ⵔⴱⴰⵟ الرباط",33.9951968,-6.8797646,icons/restaurant.png,OSM
Rabat,Café Crusty,Café,Formel,Café Crusty,33.9918488,-6.8833825,icons/cafe.png,OSM
Rabat,Boulangerie sans nom,Boulangerie,Formel,Boulangerie sans nom,33.9941205,-6.8806643,icons/bakery.png,OSM
Rabat,Sabahacham,Restaurant,Formel,Sabahacham,33.9933152,-6.8813958,icons/restaurant.png,OSM
Rabat,Café sans nom,Café,Formel,Rue Joutia,34.0255569,-6.8349256,icons/cafe.png,OSM
Rabat,Boutique de confiserie sans nom,Boutique de confiserie,Informel,Boutique de confiserie sans nom,34.0242395,-6.8378576,icons/confectionery.png,OSM
Rabat,El yassmine,Parapharmacie,Formel,El yassmine,33.9889539,-6.8143609,icons/pharmacy.png,OSM
Rabat,Tagadirt Restaurant,Restaurant,Formel,Tagadirt Restaurant,34.0205409,-6.8370985,icons/restaurant.png,OSM
Rabat,Snack Al Boughaz,Restaurant,Formel,Snack Al Boughaz,34.0343767,-6.8211693,icons/restaurant.png,OSM
Rabat,Itri Foods,Restaurant,Formel,Itri Foods,34.0344674,-6.8210307,icons/restaurant.png,OSM
Rabat,Restaurant sans nom,Restaurant,Formel,Restaurant sans nom,34.0344445,-6.8209848,icons/restaurant.png,OSM
Rabat,Café sans nom,Café,Formel,Café sans nom,34.0923556,-6.7682339,icons/cafe.png,OSM
Rabat,Cafétéria Marché Central,Café,Formel,Cafétéria Marché Central,34.0227959,-6.8383811,icons/cafe.png,OSM
Rabat,Boulangerie sans nom,Boulangerie,Formel,Boulangerie sans nom,34.047018,-6.7971278,icons/bakery.png,OSM
Rabat,Supérette / Mini-market sans nom,Supérette / Mini-market,Formel,Supérette / Mini-market sans nom,34.0500677,-6.8008259,icons/convenience.png,OSM
Rabat,Café sans nom,Café,Formel,Café sans nom,34.0490673,-6.7997831,icons/cafe.png,OSM
Rabat,Café sans nom,Café,Formel,Café sans nom,34.0189354,-6.8280527,icons/cafe.png,OSM
Rabat,Top Batido,Café,Formel,Top Batido,34.0158346,-6.834501,icons/cafe.png,OSM
Rabat,Burger King,Restaurant,Formel,Burger King,34.0290672,-6.823351,icons/restaurant.png,OSM
Rabat,Pasteur,Parapharmacie,Formel,Pasteur,34.0481748,-6.8006116,icons/pharmacy.png,OSM
Rabat,Burger King,Restaurant,Formel,Burger King,34.0032698,-6.8447557,icons/restaurant.png,OSM
Rabat,Grillades De Poisson,Restaurant,Formel,Grillades De Poisson,34.0401596,-6.8324634,icons/restaurant.png,OSM
Rabat,Instagrill Rabat,Restaurant,Formel,Instagrill Rabat,34.0193504,-6.8427468,icons/restaurant.png,OSM
Rabat,Snack Boukana,Restaurant,Formel,Snack Boukana,34.0214923,-6.8437635,icons/restaurant.png,OSM
Rabat,BİM,Supermarché,Formel,BİM,34.0176488,-6.8334566,icons/supermarket.png,OSM
Rabat,BİM,Supermarché,Formel,BİM,34.0195515,-6.8446384,icons/supermarket.png,OSM
Rabat,BİM,Supermarché,Formel,BİM,34.0185065,-6.8247,icons/supermarket.png,OSM
Rabat,BİM,Supermarché,Formel,BİM,34.024395,-6.82826,icons/supermarket.png,OSM
Rabat,Dar el Karam Fatima,Café,Formel,Dar el Karam Fatima,34.0321495,-6.8352488,icons/cafe.png,OSM
Rabat,Supérette / Mini-market sans nom,Supérette / Mini-market,Formel,Supérette / Mini-market sans nom,33.9038025,-6.9238872,icons/convenience.png,OSM
Rabat,مقهى لبدر,Café,Formel,مقهى لبدر,33.9035709,-6.9238826,icons/cafe.png,OSM
Rabat,Oscar,Café,Formel,Oscar,33.9029759,-6.9247033,icons/cafe.png,OSM
Rabat,Café Bab Tamesna,Café,Formel,Café Bab Tamesna,33.9019101,-6.9233194,icons/cafe.png,OSM
Rabat,مقهى الأحلام,Café,Formel,مقهى الأحلام,33.9016703,-6.9235928,icons/cafe.png,OSM
Rabat,العطرية الفيلالية,Supérette / Mini-market,Formel,العطرية الفيلالية,33.9043029,-6.9231011,icons/convenience.png,OSM
Rabat,La Soie,Café,Formel,La Soie,33.9007965,-6.9246997,icons/cafe.png,OSM
Rabat,Badr Bacery,Boulangerie,Formel,Badr Bacery,33.9008796,-6.9245805,icons/bakery.png,OSM
Rabat,الزعراوي إخوان,Boulangerie,Formel,الزعراوي إخوان,33.9015266,-6.9247228,icons/bakery.png,OSM
Rabat,Café Alexandra,Café,Formel,Café Alexandra,33.9015739,-6.9247832,icons/cafe.png,OSM
Rabat,مقهى يوري,Café,Formel,مقهى يوري,33.901993,-6.9254138,icons/cafe.png,OSM
Rabat,AROMASHOP,Supermarché,Formel,"Rue Toudgha زنقة تودغة /Résidence KAYS, Rabat",33.9993127,-6.8470809,icons/supermarket.png,OSM
Rabat,Botroch Professionnelle,Boulangerie,Formel,Botroch Professionnelle,33.9026743,-6.9247775,icons/bakery.png,OSM
Rabat,مخبزة أمين,Boulangerie,Formel,مخبزة أمين,33.9036805,-6.9255804,icons/bakery.png,OSM
Rabat,صيدلية الرياض,Parapharmacie,Formel,صيدلية الرياض,34.0438361,-6.804304,icons/pharmacy.png,OSM
Rabat,Supérette / Mini-market sans nom,Supérette / Mini-market,Formel,Supérette / Mini-market sans nom,34.043864,-6.8042016,icons/convenience.png,OSM
Rabat,سناك بلادي,Restaurant,Formel,سناك بلادي,33.9033236,-6.9249313,icons/restaurant.png,OSM
Rabat,Para Life,Parapharmacie,Formel,Para Life,33.9028356,-6.9242374,icons/pharmacy.png,OSM
Rabat,Supérette / Mini-market sans nom,Supérette / Mini-market,Formel,Supérette / Mini-market sans nom,33.9025273,-6.9240916,icons/convenience.png,OSM
Rabat,Café Jad,Café,Formel,Café Jad,33.9027602,-6.9222876,icons/cafe.png,OSM
Rabat,Pâtisserie Ennakhil,Boulangerie,Formel,Pâtisserie Ennakhil,33.9026062,-6.9195317,icons/bakery.png,OSM
Rabat,Supérette / Mini-market sans nom,Supérette / Mini-market,Formel,Supérette / Mini-market sans nom,33.9027861,-6.919332,icons/convenience.png,OSM
Rabat,Supérette / Mini-market sans nom,Supérette / Mini-market,Formel,Supérette / Mini-market sans nom,33.902129,-6.9201107,icons/convenience.png,OSM
Rabat,مقهى زين,Café,Formel,مقهى زين,33.90211,-6.9218954,icons/cafe.png,OSM
Rabat,Supérette / Mini-market sans nom,Supérette / Mini-market,Formel,Supérette / Mini-market sans nom,33.9047645,-6.9225934,icons/convenience.png,OSM
Rabat,Market Belhaj,Supérette / Mini-market,Formel,Market Belhaj,33.9065401,-6.9246846,icons/convenience.png,OSM
Rabat,Supérette / Mini-market sans nom,Supérette / Mini-market,Formel,Supérette / Mini-market sans nom,33.9062988,-6.9254133,icons/convenience.png,OSM
Rabat,La Manga,Café,Formel,La Manga,33.9062589,-6.9253351,icons/cafe.png,OSM
Rabat,مقهى جواهر,Café,Formel,مقهى جواهر,33.9071821,-6.9241294,icons/cafe.png,OSM
Rabat,Ahmed Market,Supérette / Mini-market,Formel,Ahmed Market,33.9065737,-6.924646,icons/convenience.png,OSM
Rabat,مخبزة باسم,Boulangerie,Formel,مخبزة باسم,33.9072548,-6.9240587,icons/bakery.png,OSM
Rabat,مقهى جباليا,Café,Formel,مقهى جباليا,33.9066245,-6.9246018,icons/cafe.png,OSM
Rabat,عطار تفيلالت,Supérette / Mini-market,Formel,عطار تفيلالت,33.90715,-6.9202053,icons/convenience.png,OSM
Rabat,Restaurant sans nom,Restaurant,Formel,Restaurant sans nom,33.9004113,-6.9241199,icons/restaurant.png,OSM
Rabat,محلبة وحلويات تاليوين,Boulangerie,Formel,محلبة وحلويات تاليوين,33.9001483,-6.9241235,icons/bakery.png,OSM
Rabat,Supérette / Mini-market sans nom,Supérette / Mini-market,Formel,Supérette / Mini-market sans nom,33.9001782,-6.9241619,icons/convenience.png,OSM
Rabat,Supérette / Mini-market sans nom,Supérette / Mini-market,Formel,Supérette / Mini-market sans nom,33.9001224,-6.9241012,icons/convenience.png,OSM
Rabat,Épicerie sans nom,Épicerie,Informel,Épicerie sans nom,33.9000842,-6.9240688,icons/greengrocer.png,OSM
Rabat,Supérette / Mini-market sans nom,Supérette / Mini-market,Formel,Supérette / Mini-market sans nom,33.9000105,-6.9241627,icons/convenience.png,OSM
Rabat,Arzak,Restaurant,Formel,Témara تمارة,33.9005033,-6.9256242,icons/restaurant.png,OSM
Rabat,Supérette / Mini-market sans nom,Supérette / Mini-market,Formel,Supérette / Mini-market sans nom,33.9016935,-6.9238778,icons/convenience.png,OSM
Rabat,أسماك هشام,Restaurant,Formel,أسماك هشام,33.9051359,-6.9225359,icons/restaurant.png,OSM
Rabat,Supérette / Mini-market sans nom,Supérette / Mini-market,Formel,Supérette / Mini-market sans nom,33.9031321,-6.9237617,icons/convenience.png,OSM
Rabat,مخبزة روزاليندا,Boulangerie,Formel,مخبزة روزاليندا,33.9050838,-6.9264395,icons/bakery.png,OSM
Rabat,مقهى الخيام,Café,Formel,مقهى الخيام,33.905853,-6.9256969,icons/cafe.png,OSM
Rabat,Dunkin',Restaurant,Formel,Dunkin',33.9515846,-6.8852014,icons/restaurant.png,OSM
Rabat,Wakame,Restaurant,Formel,"458 Guy Ville Plage, Harhoura",33.9341892,-6.9427548,icons/restaurant.png,OSM
Rabat,Supermarché sans nom,Supermarché,Formel,Supermarché sans nom,33.9145019,-6.815832,icons/supermarket.png,OSM
Rabat,Supérette / Mini-market sans nom,Supérette / Mini-market,Formel,Supérette / Mini-market sans nom,33.9015036,-6.9253957,icons/convenience.png,OSM
Rabat,Café Urbano,Café,Formel,Café Urbano,33.9018426,-6.9256296,icons/cafe.png,OSM
Rabat,ماكسي همزة,Supérette / Mini-market,Formel,ماكسي همزة,33.9023268,-6.9228069,icons/convenience.png,OSM
Rabat,Traiteur Benbrahim,Café,Formel,Traiteur Benbrahim,33.9405135,-6.8946117,icons/cafe.png,OSM
Rabat,BİM,Supermarché,Formel,BİM,33.9336665,-6.942528,icons/supermarket.png,OSM
Rabat,Agha Acham,Restaurant,Formel,Agha Acham,33.9345746,-6.9429564,icons/restaurant.png,OSM
Rabat,Al Andalous,Restaurant,Formel,Al Andalous,33.9347715,-6.943313,icons/restaurant.png,OSM
Rabat,Sushi Box,Restaurant,Formel,Sushi Box,33.9350269,-6.9429808,icons/restaurant.png,OSM
Rabat,Little Mamma,Restaurant,Formel,Little Mamma,34.0164388,-6.8343002,icons/restaurant.png,OSM
Rabat,Supérette / Mini-market sans nom,Supérette / Mini-market,Formel,Supérette / Mini-market sans nom,34.0134806,-6.8412363,icons/convenience.png,OSM
Rabat,Mille Délices,Café,Formel,Mille Délices,33.9038606,-6.919916,icons/cafe.png,OSM
Rabat,Our corner,Café,Formel,Our corner,33.9040033,-6.919706,icons/cafe.png,OSM
Rabat,Café Dialna,Café,Formel,Café Dialna,33.9040726,-6.9196417,icons/cafe.png,OSM
Rabat,BIM,Supermarché,Formel,BIM,33.9041389,-6.919544,icons/supermarket.png,OSM
Rabat,Burger King,Restaurant,Formel,Burger King,34.0585411,-6.8027093,icons/restaurant.png,OSM
Rabat,Supérette / Mini-market sans nom,Supérette / Mini-market,Formel,Supérette / Mini-market sans nom,33.9026877,-6.9264299,icons/convenience.png,OSM
Rabat,Café sans nom,Café,Formel,Café sans nom,33.9207502,-6.9161457,icons/cafe.png,OSM
Rabat,PARADEL CAFE,Café,Formel,PARADEL CAFE,33.9207913,-6.9160852,icons/cafe.png,OSM
Rabat,Green House,Café,Formel,Green House,33.9212445,-6.9159753,icons/cafe.png,OSM
Rabat,مقهى اليمامة,Café,Formel,مقهى اليمامة,33.9210536,-6.9162541,icons/cafe.png,OSM
Rabat,AL MASBAH,Parapharmacie,Formel,"Rue Ibn Taimia, Rabat",33.9862189,-6.8876238,icons/pharmacy.png,OSM
Rabat,Para Bée Lilia's,Parapharmacie,Formel,Para Bée Lilia's,33.9209805,-6.9162844,icons/pharmacy.png,OSM
Rabat,Restaurant sans nom,Restaurant,Formel,Restaurant sans nom,33.9205848,-6.9166813,icons/restaurant.png,OSM
Rabat,Supérette / Mini-market sans nom,Supérette / Mini-market,Formel,Supérette / Mini-market sans nom,33.920737,-6.9165438,icons/convenience.png,OSM
Rabat,سناك الشعب,Restaurant,Formel,سناك الشعب,33.9207017,-6.9165718,icons/restaurant.png,OSM
Rabat,Café sans nom,Café,Formel,Café sans nom,33.9206728,-6.9166011,icons/cafe.png,OSM
Rabat,مشواة يونس,Restaurant,Formel,مشواة يونس,33.9206365,-6.9166208,icons/restaurant.png,OSM
Rabat,Café Atlantis,Café,Formel,Café Atlantis,33.9064516,-6.9214195,icons/cafe.png,OSM
Rabat,Nice Smile Coffe,Café,Formel,Nice Smile Coffe,33.9205116,-6.9167661,icons/cafe.png,OSM
Rabat,Café sans nom,Café,Formel,Café sans nom,34.0174328,-6.8450684,icons/cafe.png,OSM
Rabat,Carrefour,Supermarché,Formel,Carrefour,34.0152177,-6.8461064,icons/supermarket.png,OSM
Rabat,Pharmacie 16 Novembre,Parapharmacie,Formel,"rue du 16 novembre, Rabat",33.991146,-6.8489787,icons/pharmacy.png,OSM
Rabat,Club Apostrophe,Café,Formel,"X5RC+FQM, R401, Rabat",33.9913103,-6.8281138,icons/cafe.png,OSM
Rabat,Rayhan Parapharmacie,Supermarché,Formel,Rayhan Parapharmacie,33.9151608,-6.9057284,icons/supermarket.png,OSM
Rabat,Castle Food,Restaurant,Formel,Place Abou Bakr Asseddik ساحة أبو بكر الصديق,34.0003148,-6.8494302,icons/restaurant.png,OSM
Rabat,Deep coffee,Café,Formel,"Avenue Mohamed V شارع محمد الخامس immeuble irac magasin 10, SALE",34.0457364,-6.8056767,icons/cafe.png,OSM
Rabat,VITTEL Café,Café,Formel,VITTEL Café,33.9072903,-6.922608,icons/cafe.png,OSM
Rabat,Tacos de Lyon.,Restaurant,Formel,Tacos de Lyon.,33.9944885,-6.8469142,icons/restaurant.png,OSM
Rabat,Pharmacie ANZI,Parapharmacie,Formel,"Angle Avenue Hassan 2 et Rue Abbas Ibn Farnas N° 1, Rabat",34.0031796,-6.8585763,icons/pharmacy.png,OSM
Rabat,Restaurant sans nom,Restaurant,Formel,Restaurant sans nom,34.0208938,-6.831562,icons/restaurant.png,OSM
Rabat,Café sans nom,Café,Formel,Café sans nom,33.9148657,-6.9401415,icons/cafe.png,OSM
Rabat,awal cafe,Café,Formel,"Avenue Oqba شارع عقبة, Rabat ⵔⴱⴰⵟ الرباط",34.0075592,-6.8450438,icons/cafe.png,OSM
Rabat,Snack Barcelona,Restaurant,Formel,Snack Barcelona,34.0474885,-6.8278095,icons/restaurant.png,OSM
Rabat,Restaurant Al Ghorub,Restaurant,Formel,Restaurant Al Ghorub,34.0493066,-6.8268157,icons/restaurant.png,OSM
Rabat,Snack Cherkaoui,Restaurant,Formel,Snack Cherkaoui,34.047305,-6.8278609,icons/restaurant.png,OSM
Rabat,Restaurant sans nom,Restaurant,Formel,Restaurant sans nom,34.0263797,-6.8345593,icons/restaurant.png,OSM
Rabat,Café sans nom,Café,Formel,Café sans nom,34.0380168,-6.8245337,icons/cafe.png,OSM
Rabat,Café sans nom,Café,Formel,Café sans nom,34.0226925,-6.8386383,icons/cafe.png,OSM
Rabat,Café sans nom,Café,Formel,Café sans nom,34.022929,-6.838786,icons/cafe.png,OSM
Rabat,Pharmacie et ParaPharmacie Line,Parapharmacie,Formel,Témara تمارة,33.9170964,-6.8990926,icons/pharmacy.png,OSM
Rabat,Le Rocher,Restaurant,Formel,Le Rocher,34.0283149,-6.8151099,icons/restaurant.png,OSM
Rabat,Achibest,Supérette / Mini-market,Formel,"Rue Abbas Ben Farnas زنقة عباس بن فرناس, Rabat",34.0026339,-6.8576795,icons/convenience.png,OSM
Rabat,Vazzy's Cafe,Café,Formel,"Rue Mohamed Triki زنقة محمد التريكي, Rabat",34.0027765,-6.8574423,icons/cafe.png,OSM
Rabat,Chérifa,Café,Formel,Chérifa,33.9028745,-6.9169121,icons/cafe.png,OSM
Rabat,MSK pharma,Parapharmacie,Formel,MSK pharma,33.9015442,-6.9181276,icons/pharmacy.png,OSM
Rabat,La bonne dose,Café,Formel,La bonne dose,33.9032719,-6.9172785,icons/cafe.png,OSM
Rabat,مطعم النسيم,Restaurant,Formel,مطعم النسيم,33.9023239,-6.9172852,icons/restaurant.png,OSM
Rabat,La Javanaise,Restaurant,Formel,Avenue Hassan II شارع الحسن الثاني,34.0060569,-6.8562358,icons/restaurant.png,OSM
Rabat,cafécarrion,Café,Formel,"Avenue Mohamed Al Yazidi شارع محمد اليزيدي, Rabat",33.9534305,-6.8803685,icons/cafe.png,OSM
Rabat,proxi,Supermarché,Formel,"X44M+2PP, Av. Annakhil, Rabat, Rabat",33.9553464,-6.8658003,icons/supermarket.png,OSM
Rabat,cafe barozas,Café,Formel,"Rue Al Hind زنقة الهند, Rabat",34.0172825,-6.8502934,icons/cafe.png,OSM
Rabat,La Ola,Restaurant,Formel,"Rue du Rif, Rabat ⵔⴱⴰⵟ الرباط",33.9746719,-6.8293635,icons/restaurant.png,OSM
Rabat,Chiken GZA,Restaurant,Formel,Chiken GZA,34.0250271,-6.8395424,icons/restaurant.png,OSM
Rabat,Supérette / Mini-market sans nom,Supérette / Mini-market,Formel,Supérette / Mini-market sans nom,34.0240084,-6.8382826,icons/convenience.png,OSM
Rabat,Épicerie sans nom,Épicerie,Informel,Épicerie sans nom,34.02464,-6.8371039,icons/greengrocer.png,OSM
Rabat,Dar Mounia,Café,Formel,Dar Mounia,34.029533,-6.835859,icons/cafe.png,OSM
Rabat,Ourize Food,Restaurant,Formel,Ourize Food,34.0248276,-6.8395669,icons/restaurant.png,OSM
Rabat,Nour's Food,Restaurant,Formel,Nour's Food,34.0246116,-6.83945,icons/restaurant.png,OSM
Rabat,Habricha Istanbul,Restaurant,Formel,Habricha Istanbul,34.0246786,-6.8394923,icons/restaurant.png,OSM
Rabat,Chérie Chéri,Restaurant,Formel,Chérie Chéri,34.0307495,-6.8222848,icons/restaurant.png,OSM
Rabat,Royal Burger,Restaurant,Formel,Royal Burger,34.0308823,-6.8222147,icons/restaurant.png,OSM
Rabat,Yoyorino,Café,Formel,Yoyorino,34.0291308,-6.8244789,icons/cafe.png,OSM
Rabat,Parapharmacie sans nom,Parapharmacie,Formel,Parapharmacie sans nom,34.0293437,-6.8245096,icons/pharmacy.png,OSM
Rabat,KFC,Restaurant,Formel,KFC,34.0213197,-6.8395266,icons/restaurant.png,OSM
Rabat,Bayt Al Quds,Restaurant,Formel,Bayt Al Quds,34.0303266,-6.82729,icons/restaurant.png,OSM
Rabat,Le Repère Gourmand,Restaurant,Formel,Le Repère Gourmand,34.029661,-6.825649,icons/restaurant.png,OSM
Rabat,The Frame,Restaurant,Formel,The Frame,34.0302868,-6.8271706,icons/restaurant.png,OSM
Rabat,Panda Crêpes,Restaurant,Formel,Panda Crêpes,34.0303626,-6.8273911,icons/restaurant.png,OSM
Rabat,Le 18 Bouregreg Street,Restaurant,Formel,Le 18 Bouregreg Street,34.0298773,-6.8258907,icons/restaurant.png,OSM
Rabat,Le Positano,Restaurant,Formel,Le Positano,34.0297078,-6.8257827,icons/restaurant.png,OSM
Rabat,Café Carrion,Café,Formel,"rue Bani Maskin, Souissi, Rabat",33.9510269,-6.8418155,icons/cafe.png,OSM
Rabat,Tacos de Paris,Restaurant,Formel,Tacos de Paris,33.9958844,-6.8472458,icons/restaurant.png,OSM
Rabat,Café mogador,Café,Formel,Café mogador,33.9296652,-6.8902533,icons/cafe.png,OSM
Rabat,Pokawa,Restaurant,Formel,Pokawa,33.9360253,-6.9417237,icons/restaurant.png,OSM
Rabat,Court Food,Restaurant,Formel,Court Food,33.9387111,-6.938644,icons/restaurant.png,OSM
Rabat,La Maison Du Pain,Café,Formel,La Maison Du Pain,33.9380172,-6.9393055,icons/cafe.png,OSM
Rabat,Burger King,Restaurant,Formel,Burger King,33.9377483,-6.9396536,icons/restaurant.png,OSM
Rabat,Achab Harhoura,Restaurant,Formel,Achab Harhoura,33.9378375,-6.939563,icons/restaurant.png,OSM
Rabat,Andaluz Traiteur,Café,Formel,Andaluz Traiteur,33.9381852,-6.9391227,icons/cafe.png,OSM
Rabat,Pizza Hut,Restaurant,Formel,Pizza Hut,33.9372003,-6.9402222,icons/restaurant.png,OSM
Rabat,U Express,Supermarché,Formel,U Express,34.0316964,-6.8230108,icons/supermarket.png,OSM
Rabat,Epicerié,Supérette / Mini-market,Formel,Epicerié,33.9277942,-6.8913765,icons/convenience.png,OSM
Rabat,Restaurant sans nom,Restaurant,Formel,Restaurant sans nom,33.9985627,-6.8453106,icons/restaurant.png,OSM
Rabat,Le Nautilus,Café,Formel,"Rue Ouhoud زنقة أحد, Rabat",33.9938585,-6.8493701,icons/cafe.png,OSM
Rabat,Café sans nom,Café,Formel,Café sans nom,33.9241648,-6.8895348,icons/cafe.png,OSM
Rabat,Supérette / Mini-market sans nom,Supérette / Mini-market,Formel,Supérette / Mini-market sans nom,34.0610948,-6.8076141,icons/convenience.png,OSM
Rabat,Mr.Bricolage,Parapharmacie,Formel,Mr.Bricolage,34.0577957,-6.8017291,icons/pharmacy.png,OSM
Rabat,Fried fish,Restaurant,Formel,Fried fish,34.0270629,-6.8327084,icons/restaurant.png,OSM
Rabat,U Express MegaMall,Supermarché,Formel,Rabat ⵔⴱⴰⵟ الرباط,33.9675926,-6.8308492,icons/supermarket.png,OSM
Rabat,Marjane Market,Supermarché,Formel,Marjane Market,33.9648773,-6.8517837,icons/supermarket.png,OSM
Rabat,Carrefour Market,Supermarché,Formel,Rabat ⵔⴱⴰⵟ الرباط,33.9739333,-6.8289221,icons/supermarket.png,OSM
Rabat,Vittoria,Café,Formel,"Rue 16 Novembre شارع 16 نوفمبر, Rabat",33.9923084,-6.8476138,icons/cafe.png,OSM
Rabat,Sofia Palace,Restaurant,Formel,Avenue Mehdi Ben Barka شارع المهدي بن بركة,33.9686194,-6.8470185,icons/restaurant.png,OSM
Rabat,ماكدونالدز,Restaurant,Formel,ماكدونالدز,34.0034562,-6.8447118,icons/restaurant.png,OSM
Rabat,Café,Café,Formel,Café,33.9633975,-6.8662782,icons/cafe.png,OSM
Rabat,Supermarché Kazyon,Supermarché,Formel,Avenue Ibn Sina شارع ابن سينا,33.990605,-6.8512552,icons/supermarket.png,OSM
Rabat,La Bodega,Restaurant,Formel,"Avenue de Michlifen شارع مشليفن, Rabat ⵔⴱⴰⵟ الرباط",33.9930228,-6.8477333,icons/restaurant.png,OSM
Rabat,Café Be You,Café,Formel,"Avenue Fal Ould Oumeir شارع فال ولد عمير, Rabat ⵔⴱⴰⵟ الرباط",33.9940759,-6.8470675,icons/cafe.png,OSM
Rabat,Café,Café,Formel,Café,33.9612113,-6.8649562,icons/cafe.png,OSM
Rabat,Supérette / Mini-market sans nom,Supérette / Mini-market,Formel,Supérette / Mini-market sans nom,33.9620025,-6.8636728,icons/convenience.png,OSM
Rabat,Supermarché sans nom,Supermarché,Formel,Supermarché sans nom,33.9621378,-6.8641211,icons/supermarket.png,OSM
Rabat,Épicerie,Supérette / Mini-market,Formel,Épicerie,33.9407626,-6.8200158,icons/convenience.png,OSM
Rabat,ماكدونالدز,Restaurant,Formel,ماكدونالدز,34.0015985,-6.8583429,icons/restaurant.png,OSM
Rabat,Cafés Carrion,Café,Formel,Cafés Carrion,34.0019609,-6.8578561,icons/cafe.png,OSM
Rabat,Marjane Market,Supermarché,Formel,Marjane Market,34.0171682,-6.8313048,icons/supermarket.png,OSM
Rabat,شاورما أبطال الشام المدينة,Restaurant,Formel,شاورما أبطال الشام المدينة,34.0163506,-6.8345568,icons/restaurant.png,OSM
Rabat,Café Hawaii,Café,Formel,Café Hawaii,34.0162809,-6.8346461,icons/cafe.png,OSM
Rabat,Café Le Calisson,Café,Formel,Café Le Calisson,33.9879697,-6.8513309,icons/cafe.png,OSM
Rabat,Pharmacie des Universités,Parapharmacie,Formel,Pharmacie des Universités,33.9881575,-6.8513294,icons/pharmacy.png,OSM
Rabat,Sushi B ox,Restaurant,Formel,Sushi B ox,33.959946,-6.8679549,icons/restaurant.png,OSM
Rabat,Fratello,Café,Formel,Fratello,33.9605071,-6.8673408,icons/cafe.png,OSM
Rabat,Soleil d'Argan,Épicerie,Informel,Soleil d'Argan,33.9606434,-6.8672262,icons/greengrocer.png,OSM
Rabat,Nigela,Café,Formel,Nigela,33.9609801,-6.8673953,icons/cafe.png,OSM
Rabat,Gotham,Restaurant,Formel,Gotham,33.9610465,-6.8665625,icons/restaurant.png,OSM
Rabat,Soy,Restaurant,Formel,Soy,33.9614102,-6.8669313,icons/restaurant.png,OSM
Rabat,Chez Kimo,Restaurant,Formel,Chez Kimo,33.9614913,-6.8668572,icons/restaurant.png,OSM
Rabat,Tapéo,Restaurant,Formel,Tapéo,33.9612135,-6.8665923,icons/restaurant.png,OSM
Rabat,PInchos,Restaurant,Formel,PInchos,33.9613177,-6.8665377,icons/restaurant.png,OSM
Rabat,Zila Russi,Épicerie,Informel,Zila Russi,33.9614093,-6.8664482,icons/greengrocer.png,OSM
Rabat,Maymana,Boulangerie,Formel,Maymana,33.9612685,-6.8673816,icons/bakery.png,OSM
Rabat,Green Chili,Restaurant,Formel,Green Chili,33.9623046,-6.8663143,icons/restaurant.png,OSM
Rabat,Lyn,Restaurant,Formel,Lyn,33.9618767,-6.8656594,icons/restaurant.png,OSM
Rabat,Le Noble,Boulangerie,Formel,Le Noble,33.9615195,-6.8651792,icons/bakery.png,OSM
Rabat,Café RH,Café,Formel,Café RH,33.9613496,-6.8656324,icons/cafe.png,OSM
Rabat,Café Carrion,Café,Formel,Café Carrion,33.9612965,-6.864896,icons/cafe.png,OSM
Rabat,Pizza Verra,Restaurant,Formel,Pizza Verra,33.9631602,-6.8661126,icons/restaurant.png,OSM
Rabat,Café Lala,Café,Formel,Café Lala,33.9619583,-6.864707,icons/cafe.png,OSM
Rabat,Miam Petite Brasserie,Café,Formel,Miam Petite Brasserie,33.9618031,-6.8648657,icons/cafe.png,OSM
Rabat,Or du temps,Épicerie,Informel,Or du temps,33.9616516,-6.866716,icons/greengrocer.png,OSM
Rabat,À L'Ancienne,Boulangerie,Formel,À L'Ancienne,33.9614067,-6.8652676,icons/bakery.png,OSM
Rabat,Lobi,Épicerie,Informel,Lobi,33.9616361,-6.865889,icons/greengrocer.png,OSM
Rabat,Anaè,Épicerie,Informel,Anaè,33.9609296,-6.8674553,icons/greengrocer.png,OSM
Rabat,Paraland,Parapharmacie,Formel,Paraland,33.960859,-6.8675488,icons/pharmacy.png,OSM
Rabat,Café sans nom,Café,Formel,Café sans nom,34.0272684,-6.8326562,icons/cafe.png,OSM
Rabat,Café sans nom,Café,Formel,Café sans nom,34.0271211,-6.8324329,icons/cafe.png,OSM
Rabat,Buvette de l'ENA,Restaurant,Formel,Buvette de l'ENA,33.9878532,-6.8619473,icons/restaurant.png,OSM
Rabat,Para Efficience,Parapharmacie,Formel,Para Efficience,34.0404449,-6.8066351,icons/pharmacy.png,OSM
Rabat,Café sans nom,Café,Formel,Café sans nom,34.0204735,-6.8366779,icons/cafe.png,OSM
Rabat,Supérette / Mini-market sans nom,Supérette / Mini-market,Formel,Supérette / Mini-market sans nom,34.0029056,-6.857279,icons/convenience.png,OSM
Rabat,Parapharmacie,Parapharmacie,Formel,Rue Mohamed Triki زنقة محمد التريكي,34.0026489,-6.8575656,icons/pharmacy.png,OSM
Rabat,Le PAvillon des Gourmets,Restaurant,Formel,Le PAvillon des Gourmets,33.9505561,-6.8416822,icons/restaurant.png,OSM
Rabat,Barco Blanco,Restaurant,Formel,Barco Blanco,34.0277243,-6.8305932,icons/restaurant.png,OSM
Rabat,Blue Berry,Restaurant,Formel,Blue Berry,34.0276219,-6.8297655,icons/restaurant.png,OSM
Rabat,Venezia Ice,Restaurant,Formel,Venezia Ice,34.0275782,-6.8293732,icons/restaurant.png,OSM
Rabat,مطعم النرجس,Restaurant,Formel,مطعم النرجس,33.9691647,-6.8799189,icons/restaurant.png,OSM
Rabat,L'Endroit,Restaurant,Formel,Rue Jabal Oukaïmeden زنقة جبل أوكايمدن,33.9960654,-6.8467333,icons/restaurant.png,OSM
Rabat,Le Four A Bois,Restaurant,Formel,Le Four A Bois,33.9971949,-6.8592134,icons/restaurant.png,OSM
Rabat,Restaurant sans nom,Restaurant,Formel,Restaurant sans nom,33.9901701,-6.837266,icons/restaurant.png,OSM
Rabat,Out Of Africa,Restaurant,Formel,Out Of Africa,33.9522112,-6.8974688,icons/restaurant.png,OSM
Rabat,Panda,Restaurant,Formel,Avenue Annakhil شارع النخيل,33.9562005,-6.8679194,icons/restaurant.png,OSM
Rabat,Le Safran,Restaurant,Formel,Le Safran,33.9438438,-6.8159295,icons/restaurant.png,OSM
Rabat,Borjeddar,Restaurant,Formel,Borjeddar,34.0321616,-6.8400816,icons/restaurant.png,OSM
Rabat,Ciconia,Restaurant,Formel,Ciconia,34.006118,-6.8219385,icons/restaurant.png,OSM
Rabat,Alhayba Sweets,Boutique de confiserie,Informel,Alhayba Sweets,34.0013972,-6.8575352,icons/confectionery.png,OSM
Rabat,Le Patio,Restaurant,Formel,Le Patio,34.0068827,-6.8232425,icons/restaurant.png,OSM
Rabat,Lbahia,Restaurant,Formel,La plage de Rabat,34.0327009,-6.8386957,icons/restaurant.png,OSM
Rabat,Cafés Carrion,Café,Formel,"Rue Almanar, Témara تمارة",33.9225984,-6.9321474,icons/cafe.png,OSM
Rabat,Café Mia Luna,Café,Formel,Café Mia Luna,34.0214259,-6.8308556,icons/cafe.png,OSM
Rabat,The Kitch,Restaurant,Formel,Rue Ghaza,34.0209565,-6.8369104,icons/restaurant.png,OSM
Rabat,La Bamba,Restaurant,Formel,La Bamba,34.0182999,-6.8347923,icons/restaurant.png,OSM
Rabat,Kasr al Assil,Restaurant,Formel,Kasr al Assil,34.0130405,-6.8306797,icons/restaurant.png,OSM
Rabat,Chez Lhaja,Restaurant,Formel,Chez Lhaja,34.0233897,-6.8359775,icons/restaurant.png,OSM
Rabat,Restaurant sans nom,Restaurant,Formel,Restaurant sans nom,34.0182931,-6.834908,icons/restaurant.png,OSM
Rabat,Dalla Zia,Restaurant,Formel,Dalla Zia,33.9963315,-6.8785146,icons/restaurant.png,OSM
Rabat,Mocaccino,Café,Formel,Mocaccino,33.99571,-6.8791211,icons/cafe.png,OSM
Rabat,Bocadillos Del Costa,Restaurant,Formel,Bocadillos Del Costa,33.9959373,-6.8783867,icons/restaurant.png,OSM
Rabat,Café Jour à la Mer,Café,Formel,Café Jour à la Mer,33.995468,-6.8789133,icons/cafe.png,OSM
Rabat,Ice Burg,Café,Formel,Ice Burg,33.9957446,-6.8790902,icons/cafe.png,OSM
Rabat,Café Picardi,Café,Formel,Café Picardi,33.9963779,-6.8784666,icons/cafe.png,OSM
Rabat,Droguerie dakhla,Parapharmacie,Formel,Droguerie dakhla,33.996055,-6.8761403,icons/pharmacy.png,OSM
Rabat,Restaurant sans nom,Restaurant,Formel,Restaurant sans nom,33.9951825,-6.877062,icons/restaurant.png,OSM
Rabat,Restaurant sans nom,Restaurant,Formel,Restaurant sans nom,33.9953187,-6.8769319,icons/restaurant.png,OSM
Rabat,Droguerie el mansour,Parapharmacie,Formel,Droguerie el mansour,33.9952111,-6.8781656,icons/pharmacy.png,OSM
Rabat,Restaurant sans nom,Restaurant,Formel,Restaurant sans nom,33.9965551,-6.8782985,icons/restaurant.png,OSM
Rabat,Mini Market Razane,Supermarché,Formel,"X4VC+VQ4, Rabat, Rabat ⵔⴱⴰⵟ الرباط",33.9946105,-6.8780533,icons/supermarket.png,OSM
Rabat,La vue de Rabat,Café,Formel,"La corniche de Rabat Résidence Assabah, Rabat 10000, Rabat ⵔⴱⴰⵟ الرباط",33.994364,-6.8804758,icons/cafe.png,OSM
Rabat,La porte de la mer,Café,Formel,Rabat ⵔⴱⴰⵟ الرباط,33.9949115,-6.8798872,icons/cafe.png,OSM
Rabat,Café point de vue,Café,Formel,"Avenue Mustapha Assayeh شارع مصطفى السايح, Rabat ⵔⴱⴰⵟ الرباط",33.9952559,-6.8795344,icons/cafe.png,OSM
Rabat,Restaurant sans nom,Restaurant,Formel,"Avenue Mustapha Assayeh شارع مصطفى السايح, Rabat ⵔⴱⴰⵟ الرباط",33.9951777,-6.8796035,icons/restaurant.png,OSM
Rabat,Restaurant sans nom,Restaurant,Formel,"Avenue Mustapha Assayeh شارع مصطفى السايح, Rabat ⵔⴱⴰⵟ الرباط",33.9938519,-6.8808365,icons/restaurant.png,OSM
Rabat,Marché de légumes au gros,Épicerie,Informel,Marché de légumes au gros,34.0620062,-6.7983816,icons/greengrocer.png,OSM
Rabat,Divers commerces,Supérette / Mini-market,Formel,Divers commerces,33.9579351,-6.8794553,icons/convenience.png,OSM
Rabat,Carrefour Market,Supermarché,Formel,Carrefour Market,33.9622158,-6.877019,icons/supermarket.png,OSM
Rabat,Marché d'El Karia,Épicerie,Informel,Marché d'El Karia,34.0212844,-6.7664701,icons/greengrocer.png,OSM
Rabat,سوق البالي,Épicerie,Informel,سوق البالي,34.0133223,-6.7637546,icons/greengrocer.png,OSM
Rabat,primeur,Café,Formel,Rabat,33.9539196,-6.8831942,icons/cafe.png,OSM
Rabat,Centre commercial,Supermarché,Formel,Centre commercial,33.9693269,-6.864395,icons/supermarket.png,OSM
Rabat,Marché désorganisé سوق غير منظم,Épicerie,Informel,Marché désorganisé سوق غير منظم,34.0651596,-6.7725846,icons/greengrocer.png,OSM
Rabat,Centre commercial,Supermarché,Formel,Centre commercial,33.9918085,-6.8290895,icons/supermarket.png,OSM
Rabat,La Minaudière,Café,Formel,La Minaudière,33.9890746,-6.8286152,icons/cafe.png,OSM
Rabat,Marché youssoufia,Épicerie,Informel,Marché youssoufia,33.9974342,-6.8152412,icons/greengrocer.png,OSM
Rabat,Marché sidi moussa,Épicerie,Informel,Marché sidi moussa,34.0537937,-6.8195463,icons/greengrocer.png,OSM
Rabat,atacadao,Restaurant,Formel,atacadao,34.0292428,-6.7609376,icons/restaurant.png,OSM
Rabat,أسواق السلام,Supermarché,Formel,Témara تمارة,33.9051196,-6.9410295,icons/supermarket.png,OSM
Rabat,Marjane,Supermarché,Formel,Avenue Hassan II شارع الحسن الثاني,33.9208659,-6.9244929,icons/supermarket.png,OSM
Rabat,Yacoub Al Mansour,Épicerie,Informel,Yacoub Al Mansour,34.0059748,-6.8671423,icons/greengrocer.png,OSM
Rabat,Souk d'Akkari,Épicerie,Informel,Souk d'Akkari,34.0088532,-6.8589612,icons/greengrocer.png,OSM
Rabat,Atacadão,Supermarché,Formel,Atacadão,34.0280547,-6.7615646,icons/supermarket.png,OSM
Rabat,Marché aux grains,Épicerie,Informel,Marché aux grains,33.9869518,-6.8680759,icons/greengrocer.png,OSM
Rabat,Hypermarché Asswak Assalam,Supermarché,Formel,Hypermarché Asswak Assalam,33.948328,-6.8690247,icons/supermarket.png,OSM
Rabat,McDonald's,Restaurant,Formel,McDonald's,33.953268,-6.8547312,icons/restaurant.png,OSM
Rabat,Pharmacie al Kasba,Parapharmacie,Formel,Avenue Sidi Moussa,34.0564026,-6.8198596,icons/pharmacy.png,OSM
Rabat,Parapharmacie sans nom,Parapharmacie,Formel,Rue Al Izdihar,34.0709515,-6.7586181,icons/pharmacy.png,OSM
Rabat,Pharmacie Ambassador,Parapharmacie,Formel,Rue Ain Khalouiya زنقة عين خلوية,33.9600755,-6.8196068,icons/pharmacy.png,OSM
Rabat,Pharmacie Yamina,Parapharmacie,Formel,Rue Ain Khalouiya زنقة عين خلوية,33.9590961,-6.8233224,icons/pharmacy.png,OSM
Rabat,Pharmacie Ibtissam,Parapharmacie,Formel,Avenue Lalla Amina,34.0410362,-6.8101288,icons/pharmacy.png,OSM
Rabat,Pharmacie Achouhadaa,Parapharmacie,Formel,Avenue Achouhada,34.0385712,-6.7920811,icons/pharmacy.png,OSM
Rabat,Pharmacie Elamana,Parapharmacie,Formel,Avenue Omar Bnou Abdelazziz,34.0429026,-6.7812576,icons/pharmacy.png,OSM
Rabat,Marché central,Épicerie,Informel,Marché central,34.0224447,-6.8387589,icons/greengrocer.png,OSM
Rabat,Marché de Tabriquet,Épicerie,Informel,Marché de Tabriquet,34.0431934,-6.8053799,icons/greengrocer.png,OSM
Rabat,Marjane Market,Supermarché,Formel,Marjane Market,33.9372634,-6.9396326,icons/supermarket.png,OSM
Rabat,Carrefour Market,Supermarché,Formel,"Rue Jaafar Assidiq, Rabat ⵔⴱⴰⵟ الرباط",33.9873172,-6.8495328,icons/supermarket.png,OSM
Rabat,warda-pharmacie,Parapharmacie,Formel,"Avenue Bir Kacem, Rabat ⵔⴱⴰⵟ الرباط",33.9579784,-6.8482276,icons/pharmacy.png,OSM
Rabat,Souk Laghzal,Épicerie,Informel,Souk Laghzal,34.0380532,-6.8242863,icons/greengrocer.png,OSM
Rabat,Marché El Kamra (Souk de Kamra) سوق القامرة,Épicerie,Informel,Marché El Kamra (Souk de Kamra) سوق القامرة,33.9938013,-6.8703034,icons/greengrocer.png,OSM
Rabat,Café sans nom,Café,Formel,Salé,34.0363727,-6.8063235,icons/cafe.png,OSM
Rabat,Café sans nom,Café,Formel,Café sans nom,34.0352241,-6.8062151,icons/cafe.png,OSM
Rabat,Café sans nom,Café,Formel,Café sans nom,34.0351399,-6.8064273,icons/cafe.png,OSM
Rabat,Marché,Épicerie,Informel,Marché,34.0363698,-6.8229439,icons/greengrocer.png,OSM
Rabat,رواق قصر الذهب,Épicerie,Informel,"شارع المسيرة, الرباط",33.9766427,-6.8876639,icons/greengrocer.png,OSM
Rabat,Burger King,Restaurant,Formel,Burger King,33.9875441,-6.8518544,icons/restaurant.png,OSM
Rabat,Souk Assalihine,Épicerie,Informel,Souk Assalihine,34.0472007,-6.7904551,icons/greengrocer.png,OSM
Rabat,Souk Assalihine,Épicerie,Informel,Souk Assalihine,34.048885,-6.7907672,icons/greengrocer.png,OSM
Rabat,Ancien Marché de Gros,Épicerie,Informel,"Avenue Al Houria شارع الحرية, Rabat ⵔⴱⴰⵟ الرباط",34.0066222,-6.8673738,icons/greengrocer.png,OSM
Rabat,Himoud Market,Supermarché,Formel,"Rue Al Maarif, Rabat",33.991782,-6.8232465,icons/supermarket.png,OSM
Rabat,Supérette / Mini-market sans nom,Supérette / Mini-market,Formel,Supérette / Mini-market sans nom,33.9582556,-6.8569974,icons/convenience.png,OSM
Rabat,Mouradallah,Parapharmacie,Formel,"Avenue Mohamed Al Yazidi شارع محمد اليزيدي, Rabat",33.953348,-6.869598,icons/pharmacy.png,OSM
Rabat,McDonald's,Restaurant,Formel,McDonald's,34.0313677,-6.8167048,icons/restaurant.png,OSM
Rabat,Carrefour,Supermarché,Formel,Carrefour,33.9082928,-6.9397095,icons/supermarket.png,OSM
Rabat,FLO,Épicerie,Informel,FLO,33.9078258,-6.9394501,icons/greengrocer.png,OSM
Rabat,Mr Bricolage,Épicerie,Informel,Mr Bricolage,33.9077151,-6.9391989,icons/greengrocer.png,OSM
Rabat,Decathlon,Épicerie,Informel,Decathlon,33.9067006,-6.9378071,icons/greengrocer.png,OSM
Rabat,Lefties,Épicerie,Informel,Lefties,33.9069138,-6.9380908,icons/greengrocer.png,OSM
Rabat,Defacto,Épicerie,Informel,Defacto,33.9070969,-6.9383336,icons/greengrocer.png,OSM
Rabat,Marwa,Épicerie,Informel,Marwa,33.9072301,-6.9385191,icons/greengrocer.png,OSM
Rabat,Lc Waikiki,Épicerie,Informel,Lc Waikiki,33.9073585,-6.9386986,icons/greengrocer.png,OSM
Rabat,Mobilium,Épicerie,Informel,Mobilium,33.9074916,-6.9388873,icons/greengrocer.png,OSM
Rabat,Adidas,Épicerie,Informel,Adidas,33.9075833,-6.9390142,icons/greengrocer.png,OSM
Rabat,Restaurant sans nom,Restaurant,Formel,Restaurant sans nom,34.0006828,-6.8571602,icons/restaurant.png,OSM
Rabat,Restaurant sans nom,Restaurant,Formel,Restaurant sans nom,34.0007175,-6.8572016,icons/restaurant.png,OSM
Rabat,Restaurant sans nom,Restaurant,Formel,Restaurant sans nom,34.0007529,-6.8572441,icons/restaurant.png,OSM
Rabat,Restaurant sans nom,Restaurant,Formel,Restaurant sans nom,34.0007877,-6.8572856,icons/restaurant.png,OSM
Rabat,Restaurant sans nom,Restaurant,Formel,Restaurant sans nom,34.0008228,-6.8573275,icons/restaurant.png,OSM
Rabat,Restaurant sans nom,Restaurant,Formel,Restaurant sans nom,34.0008592,-6.857371,icons/restaurant.png,OSM
Rabat,Restaurant sans nom,Restaurant,Formel,Restaurant sans nom,34.0012058,-6.8577553,icons/restaurant.png,OSM
Rabat,Restaurant sans nom,Restaurant,Formel,Restaurant sans nom,34.001241,-6.8577974,icons/restaurant.png,OSM
Rabat,Restaurant sans nom,Restaurant,Formel,Restaurant sans nom,34.001276,-6.8578392,icons/restaurant.png,OSM
Rabat,Restaurant sans nom,Restaurant,Formel,Restaurant sans nom,34.0013111,-6.857881,icons/restaurant.png,OSM
Rabat,Restaurant sans nom,Restaurant,Formel,Restaurant sans nom,34.0013468,-6.8579237,icons/restaurant.png,OSM
Rabat,Restaurant sans nom,Restaurant,Formel,Restaurant sans nom,34.0013822,-6.857966,icons/restaurant.png,OSM
Rabat,Restaurant sans nom,Restaurant,Formel,Restaurant sans nom,34.0015905,-6.8579704,icons/restaurant.png,OSM
Rabat,Restaurant sans nom,Restaurant,Formel,Restaurant sans nom,34.0016765,-6.8578567,icons/restaurant.png,OSM
Rabat,Restaurant sans nom,Restaurant,Formel,Restaurant sans nom,34.0014516,-6.8574741,icons/restaurant.png,OSM
Rabat,Restaurant sans nom,Restaurant,Formel,Restaurant sans nom,34.0013585,-6.8573679,icons/restaurant.png,OSM
Rabat,Restaurant sans nom,Restaurant,Formel,Restaurant sans nom,34.0012661,-6.857262,icons/restaurant.png,OSM
Rabat,Restaurant sans nom,Restaurant,Formel,Restaurant sans nom,34.001175,-6.8571575,icons/restaurant.png,OSM
Rabat,Restaurant sans nom,Restaurant,Formel,Restaurant sans nom,34.0010811,-6.8570507,icons/restaurant.png,OSM
Rabat,Restaurant sans nom,Restaurant,Formel,Restaurant sans nom,34.0010887,-6.8569513,icons/restaurant.png,OSM
Rabat,Restaurant sans nom,Restaurant,Formel,Restaurant sans nom,34.001224,-6.8573199,icons/restaurant.png,OSM
Rabat,Restaurant sans nom,Restaurant,Formel,Restaurant sans nom,34.0011178,-6.8574482,icons/restaurant.png,OSM
Rabat,Café sans nom,Café,Formel,Café sans nom,34.0009618,-6.8570207,icons/cafe.png,OSM
Rabat,Café sans nom,Café,Formel,Café sans nom,34.0008579,-6.8571514,icons/cafe.png,OSM
Rabat,Commerce,Supermarché,Formel,Commerce,34.0007982,-6.8567155,icons/supermarket.png,OSM
Rabat,Épicerie sans nom,Épicerie,Informel,Épicerie sans nom,33.9337193,-6.9001285,icons/greengrocer.png,OSM
Rabat,Pharmacie Internationale الصيدلية الدولية,Parapharmacie,Formel,Témara تمارة,33.9219426,-6.9390991,icons/pharmacy.png,OSM
Rabat,Pharmacie Jorio صيدلية جوريو,Parapharmacie,Formel,Témara تمارة,33.921436,-6.9342956,icons/pharmacy.png,OSM
Rabat,Pharmacie Santé صيدلية الصحة,Parapharmacie,Formel,Témara تمارة,33.9208422,-6.9362284,icons/pharmacy.png,OSM
Rabat,Pharmacie Ryad El Wifak صيدلية رياض الوفاق,Parapharmacie,Formel,Témara,33.9242785,-6.9336763,icons/pharmacy.png,OSM
Rabat,Pharmacie Al Moubaraka صيدلية المباركة,Parapharmacie,Formel,Témara تمارة,33.9269659,-6.9351078,icons/pharmacy.png,OSM
Rabat,Pharmacie Harhoura صيدلية هرهورة,Parapharmacie,Formel,"Rue Dar Essalam, Témara تمارة",33.940205,-6.9390632,icons/pharmacy.png,OSM
Rabat,Norza market,Épicerie,Informel,Norza market,33.9378674,-6.8870769,icons/greengrocer.png,OSM
Rabat,Restaurant sans nom,Restaurant,Formel,Restaurant sans nom,34.0280962,-6.8236226,icons/restaurant.png,OSM
Rabat,Restaurant sans nom,Restaurant,Formel,Restaurant sans nom,33.9904202,-6.8449072,icons/restaurant.png,OSM
Rabat,epicerie hassan bir kaceim,Supérette / Mini-market,Formel,epicerie hassan bir kaceim,33.9610623,-6.8363371,icons/convenience.png,OSM
Hay Hassani,ATP Market 1,Supermarché,Formel,"Rue 1, Casablanca",33.573,-7.62,icons/supermarket.png,ATP
Maarif,ATP Epicerie 2,Épicerie,Informel,"Rue 2, Casablanca",33.58,-7.63,icons/greengrocer.png,ATP
Maarif,ATP Café 3,Café,Formel,"Rue 3, Casablanca",33.59,-7.64,icons/cafe.png,ATP
