Zone,Nom,Catégorie,Statut,Adresse,Latitude,Longitude,Image,Source
Marrakech,McDonald's,Restaurant,Formel,McDonald's,31.6331559,-8.0088887,icons/restaurant.png,OSM
Marrakech,Al Fassia,Restaurant,Formel,"Boulevard Mohammed Zerktouni, Marrakech",31.6359916,-8.0133642,icons/restaurant.png,OSM
Marrakech,Café Bousafsaf,Café,Formel,Café Bousafsaf,31.641836,-8.0026233,icons/cafe.png,OSM
Marrakech,Zwin Zwin café,Restaurant,Formel,"Rue El Moustachfa, Marrakech",31.6219848,-7.9884598,icons/restaurant.png,OSM
Marrakech,Narwama,Restaurant,Formel,"Rue Koutoubia, Marrakech",31.6260554,-7.9922352,icons/restaurant.png,OSM
Marrakech,Grand Balcon du Café Glacier,Café,Formel,Grand Balcon du Café Glacier,31.6253377,-7.9883071,icons/cafe.png,OSM
Marrakech,Les Premices,Café,Formel,Les Premices,31.6252093,-7.987833,icons/cafe.png,OSM
Marrakech,Taj'in Darna,Restaurant,Formel,Taj'in Darna,31.6254632,-7.9877675,icons/restaurant.png,OSM
Marrakech,Toubkal,Restaurant,Formel,Toubkal,31.6254141,-7.9877413,icons/restaurant.png,OSM
Marrakech,Café Argana,Restaurant,Formel,Café Argana,31.6266252,-7.9889459,icons/restaurant.png,OSM
Marrakech,Aqua,Café,Formel,Aqua,31.6261349,-7.9874794,icons/cafe.png,OSM
Marrakech,La Farmacie,Restaurant,Formel,"Rue des Banques, Marrakech Medina",31.626511,-7.9872135,icons/restaurant.png,OSM
Marrakech,Café de France,Café,Formel,Café de France,31.6263381,-7.987307,icons/cafe.png,OSM
Marrakech,Les Terrasses de l'Alhambra,Restaurant,Formel,Les Terrasses de l'Alhambra,31.6267722,-7.9875678,icons/restaurant.png,OSM
Marrakech,Café des Epices,Café,Formel,"75 Rahba Lakdima, Marrakech",31.6290624,-7.9873234,icons/cafe.png,OSM
Marrakech,Un Déjeuner à Marrakech,Restaurant,Formel,"Douar Graoua, Marrakech",31.6240078,-7.9849483,icons/restaurant.png,OSM
Marrakech,Chez Chegrouni,Restaurant,Formel,Place Djemaa Al Fnaa,31.6267243,-7.9871002,icons/restaurant.png,OSM
Marrakech,Bougainvillea,Café,Formel,Bougainvillea,31.6298432,-7.9899252,icons/cafe.png,OSM
Marrakech,Café Arabe,Restaurant,Formel,"rue Mouassine, Marrakech",31.6307879,-7.9893484,icons/restaurant.png,OSM
Marrakech,Yochkad Supermarché,Supermarché,Formel,"Boulevard Moulay Rachid, Marrakech",31.6327017,-8.0123764,icons/supermarket.png,OSM
Marrakech,Acima,Supermarché,Formel,Acima,31.6371714,-8.0179297,icons/supermarket.png,OSM
Marrakech,Pizza Hut,Restaurant,Formel,Pizza Hut,31.6300985,-8.0044276,icons/restaurant.png,OSM
Marrakech,Carrefour,Supermarché,Formel,Carrefour,31.592773,-7.9863483,icons/supermarket.png,OSM
Marrakech,Le Charlot,Café,Formel,Le Charlot,31.6306645,-8.0044857,icons/cafe.png,OSM
Marrakech,Ait Bougumez,Restaurant,Formel,Ait Bougumez,31.6216083,-7.9911376,icons/restaurant.png,OSM
Marrakech,El Marini,Supérette / Mini-market,Formel,El Marini,31.6308302,-8.0072135,icons/convenience.png,OSM
Marrakech,Pharmacie El Janoub صيدلية الجنوب,Parapharmacie,Formel,"Rue Chajarat el Filine, Marrakech",31.6197141,-8.0517407,icons/pharmacy.png,OSM
Marrakech,Pharmacie Loughribi صيدلية لوغريبي,Parapharmacie,Formel,"Route de Fes, Marrakech",31.6482637,-7.9444873,icons/pharmacy.png,OSM
Marrakech,Pharmacie La Province صيدلي العمالة,Parapharmacie,Formel,"Route de Fes, Marrakech",31.6455351,-7.9818213,icons/pharmacy.png,OSM
Marrakech,Restaurant sans nom,Restaurant,Formel,Restaurant sans nom,31.6486984,-7.9412994,icons/restaurant.png,OSM
Marrakech,Souk Kafé,Restaurant,Formel,Souk Kafé,31.6317761,-7.9886906,icons/restaurant.png,OSM
Marrakech,Cafe Baghdadia,Café,Formel,Avenue Abd El Krim El Khattabi,31.6361156,-8.0172346,icons/cafe.png,OSM
Marrakech,Les Maîtres du Pain,Boulangerie,Formel,Les Maîtres du Pain,31.6399883,-8.0235043,icons/bakery.png,OSM
Marrakech,Dar Moha,Restaurant,Formel,Rue Dar El Bacha,31.6313665,-7.9932671,icons/restaurant.png,OSM
Marrakech,Kechmara,Restaurant,Formel,"Rue de la Liberté, Marrakech",31.6341509,-8.0133768,icons/restaurant.png,OSM
Marrakech,Grand Café de la Poste,Restaurant,Formel,Grand Café de la Poste,31.6331197,-8.010006,icons/restaurant.png,OSM
Marrakech,Musèe de Marrakech,Café,Formel,Musèe de Marrakech,31.6316273,-7.9863832,icons/cafe.png,OSM
Marrakech,Supermarché sans nom,Supermarché,Formel,Supermarché sans nom,31.6360735,-7.9973076,icons/supermarket.png,OSM
Marrakech,Belgueni,Restaurant,Formel,Belgueni,31.6384177,-8.0176395,icons/restaurant.png,OSM
Marrakech,Carrefour Market,Supermarché,Formel,Carrefour Market,31.6285279,-8.0025701,icons/supermarket.png,OSM
Marrakech,Les Négociants,Café,Formel,Les Négociants,31.6359832,-8.0140914,icons/cafe.png,OSM
Marrakech,Aswak Assalam,Supermarché,Formel,Aswak Assalam,31.6365412,-8.0003316,icons/supermarket.png,OSM
Marrakech,La Trattoria,Restaurant,Formel,La Trattoria,31.63384,-8.0151742,icons/restaurant.png,OSM
Marrakech,Pharmacie Populaire الصيدلية الشعبية,Parapharmacie,Formel,"Rue Riad Laarous, Marrakech",31.633907,-7.9909252,icons/pharmacy.png,OSM
Marrakech,Boulangerie sans nom,Boulangerie,Formel,Boulangerie sans nom,31.6356849,-7.9922001,icons/bakery.png,OSM
Marrakech,cafe snack laarouss,Restaurant,Formel,cafe snack laarouss,31.6338105,-7.9911718,icons/restaurant.png,OSM
Marrakech,Supérette / Mini-market sans nom,Supérette / Mini-market,Formel,Supérette / Mini-market sans nom,31.6357876,-7.9914089,icons/convenience.png,OSM
Marrakech,Restaurant Lamamakech,Restaurant,Formel,Restaurant Lamamakech,31.6341412,-7.9909577,icons/restaurant.png,OSM
Marrakech,즉석과일주스,Restaurant,Formel,즉석과일주스,31.6349701,-7.9909636,icons/restaurant.png,OSM
Marrakech,Aswak Assalam,Supermarché,Formel,Aswak Assalam,31.6364924,-8.0003296,icons/supermarket.png,OSM
Marrakech,patisserie des princes,Café,Formel,patisserie des princes,31.6240406,-7.9891579,icons/cafe.png,OSM
Marrakech,Le Chat qui Rit,Restaurant,Formel,"Rue Yougoslavie, Marrakech",31.6315028,-8.0127825,icons/restaurant.png,OSM
Marrakech,Riad Dar Sohane,Restaurant,Formel,"Derb Jamaa, Marrakech",31.6237118,-7.9856406,icons/restaurant.png,OSM
Marrakech,Bo,Restaurant,Formel,Bo,31.636187,-8.0118749,icons/restaurant.png,OSM
Marrakech,Marjane Supermarche مرجان سوق ممتاز,Supermarché,Formel,Marjane Supermarche مرجان سوق ممتاز,31.6677964,-8.013255,icons/supermarket.png,OSM
Marrakech,16 cafe,Café,Formel,"Place du 16 Novembre, Marrakech",31.6327667,-8.0075034,icons/cafe.png,OSM
Marrakech,Café sans nom,Café,Formel,Marrakech,31.6239594,-7.974928,icons/cafe.png,OSM
Marrakech,Épicerie sans nom,Épicerie,Informel,Épicerie sans nom,31.6401529,-7.9839486,icons/greengrocer.png,OSM
Marrakech,Boulangerie Al Aqsa,Boulangerie,Formel,Boulangerie Al Aqsa,31.6291337,-8.0463998,icons/bakery.png,OSM
Marrakech,La Terrasse Des Epices,Restaurant,Formel,"Souk Cherifia, Marrakech",31.6310673,-7.9888763,icons/restaurant.png,OSM
Marrakech,Le Jardin,Restaurant,Formel,"rue El Jeld, Sidi Abdelaziz",31.6320477,-7.9887642,icons/restaurant.png,OSM
Marrakech,Cafe Terrasse Palais El Badia,Restaurant,Formel,Cafe Terrasse Palais El Badia,31.6193956,-7.9851114,icons/restaurant.png,OSM
Marrakech,Souika Boussekri,Épicerie,Informel,Souika Boussekri,31.6251905,-7.9732532,icons/greengrocer.png,OSM
Marrakech,Riad Monceau,Restaurant,Formel,Derb Chaabane,31.6244904,-7.9868587,icons/restaurant.png,OSM
Marrakech,Pharmacie de la Place صيدلية الساحة,Parapharmacie,Formel,Marrakech ⵎⵕⵕⴰⴽⵛ مراكش,31.6254905,-7.9885542,icons/pharmacy.png,OSM
Marrakech,7 Saints,Café,Formel,7 Saints,31.6252435,-7.9879349,icons/cafe.png,OSM
Marrakech,Épicerie sans nom,Épicerie,Informel,Épicerie sans nom,31.6256804,-7.98765,icons/greengrocer.png,OSM
Marrakech,Supérette / Mini-market sans nom,Supérette / Mini-market,Formel,Supérette / Mini-market sans nom,31.6273279,-7.984177,icons/convenience.png,OSM
Marrakech,Earth Cafe,Restaurant,Formel,Derb el Messfloui,31.6234505,-7.9871211,icons/restaurant.png,OSM
Marrakech,Pharmacie Maatallah صيدلية معطى الله,Parapharmacie,Formel,"Avenue Al Orouba, Marrakech",31.5956758,-8.0494981,icons/pharmacy.png,OSM
Marrakech,Snack Hassan,Restaurant,Formel,Snack Hassan,31.6283547,-8.01633,icons/restaurant.png,OSM
Marrakech,Riad Larrouss,Restaurant,Formel,Riad Larrouss,31.634787,-7.9934301,icons/restaurant.png,OSM
Marrakech,Le Grand Cafe,Café,Formel,Le Grand Cafe,31.6314845,-8.0166652,icons/cafe.png,OSM
Marrakech,ماكدونالدز,Restaurant,Formel,ماكدونالدز,31.6308828,-8.0172066,icons/restaurant.png,OSM
Marrakech,KFC,Restaurant,Formel,KFC,31.630997,-8.0172591,icons/restaurant.png,OSM
Marrakech,Dar Yacout,Restaurant,Formel,"derb Sidi Ahmed Soussi, Marrakech",31.6365673,-7.9934804,icons/restaurant.png,OSM
Marrakech,Amandine,Boutique de confiserie,Informel,Amandine,31.6340116,-8.0152102,icons/confectionery.png,OSM
Marrakech,Cafe Amalou,Café,Formel,Cafe Amalou,31.6355948,-8.0171016,icons/cafe.png,OSM
Marrakech,Les Printemps,Restaurant,Formel,Les Printemps,31.6344129,-8.0154962,icons/restaurant.png,OSM
Marrakech,Boulengerie Patisserie Imouzzar,Boulangerie,Formel,Boulengerie Patisserie Imouzzar,31.6326541,-8.0160305,icons/bakery.png,OSM
Marrakech,Épicerie sans nom,Épicerie,Informel,Épicerie sans nom,31.633277,-8.0148569,icons/greengrocer.png,OSM
Marrakech,Supérette / Mini-market sans nom,Supérette / Mini-market,Formel,Supérette / Mini-market sans nom,31.6333967,-8.01488,icons/convenience.png,OSM
Marrakech,Supérette / Mini-market sans nom,Supérette / Mini-market,Formel,Supérette / Mini-market sans nom,31.6334548,-8.0149029,icons/convenience.png,OSM
Marrakech,Pharmacie Palacio صيدلية بلاسيو,Parapharmacie,Formel,"Rue Mohammed El Bekal, Marrakech",31.6334989,-8.0151196,icons/pharmacy.png,OSM
Marrakech,Restaurant sans nom,Restaurant,Formel,Restaurant sans nom,31.6337749,-8.014941,icons/restaurant.png,OSM
Marrakech,Pharmacie Abdelkrim El Khattabi صيدلية عبد الكريم الخطابي,Parapharmacie,Formel,"Boulevard Mohammed Abdelkaraim el Khattabi, Marrakech",31.635834,-8.017145,icons/pharmacy.png,OSM
Marrakech,Chez Brahim,Restaurant,Formel,Derb Dabachi,31.6269928,-7.9860251,icons/restaurant.png,OSM
Marrakech,Mazel Cafe,Restaurant,Formel,Mazel Cafe,31.6196593,-7.9850195,icons/restaurant.png,OSM
Marrakech,Nespresso,Café,Formel,Nespresso,31.6350123,-8.0122926,icons/cafe.png,OSM
Marrakech,L'Unik,Restaurant,Formel,L'Unik,31.6327694,-8.007332,icons/restaurant.png,OSM
Marrakech,Supérette / Mini-market sans nom,Supérette / Mini-market,Formel,Supérette / Mini-market sans nom,31.6322294,-8.0055207,icons/convenience.png,OSM
Marrakech,Restaurant sans nom,Restaurant,Formel,Restaurant sans nom,31.6319109,-8.0055045,icons/restaurant.png,OSM
Marrakech,KFC,Restaurant,Formel,Avenue Hassan II,31.6318069,-8.0080838,icons/restaurant.png,OSM
Marrakech,Fish restaurant,Restaurant,Formel,Fish restaurant,31.6223154,-7.9716497,icons/restaurant.png,OSM
Marrakech,Alimentation Générale,Supérette / Mini-market,Formel,Alimentation Générale,31.6564063,-8.0130733,icons/convenience.png,OSM
Marrakech,Asmak,Restaurant,Formel,Asmak,31.6487341,-8.0073171,icons/restaurant.png,OSM
Marrakech,Gano,Café,Formel,Gano,31.6487444,-8.0071611,icons/cafe.png,OSM
Marrakech,Le Bon Goût,Café,Formel,Le Bon Goût,31.6487073,-8.0092977,icons/cafe.png,OSM
Marrakech,Le Vôtre,Boulangerie,Formel,Le Vôtre,31.6489531,-8.0076331,icons/bakery.png,OSM
Marrakech,Pharmacie Mouzdalifa صيدلية المزدلفة,Parapharmacie,Formel,"Boulevard Al Mouzdalifa, Marrakech",31.6487421,-8.0091537,icons/pharmacy.png,OSM
Marrakech,Café Pizza Radimi,Café,Formel,Café Pizza Radimi,31.6412859,-8.0004693,icons/cafe.png,OSM
Marrakech,Café Snack Mandarine,Café,Formel,Café Snack Mandarine,31.6440528,-8.0006516,icons/cafe.png,OSM
Marrakech,Red Garden,Café,Formel,Red Garden,31.6404662,-8.0010398,icons/cafe.png,OSM
Marrakech,Acimatrite,Supérette / Mini-market,Formel,Acimatrite,31.6388456,-8.0202439,icons/convenience.png,OSM
Marrakech,Chez Casanova,Restaurant,Formel,Chez Casanova,31.6376232,-8.008926,icons/restaurant.png,OSM
Marrakech,Extrablatt,Café,Formel,Extrablatt,31.6236387,-8.0030371,icons/cafe.png,OSM
Marrakech,La Flamme,Café,Formel,La Flamme,31.6380489,-8.0184065,icons/cafe.png,OSM
Marrakech,Pharmacie Hay Semlalia صيدلية حي السملالية,Parapharmacie,Formel,Marrakech,31.6465449,-8.0135084,icons/pharmacy.png,OSM
Marrakech,Rolls Café,Café,Formel,Rolls Café,31.6370392,-8.0198103,icons/cafe.png,OSM
Marrakech,Suite Marabella Marrakech,Restaurant,Formel,Suite Marabella Marrakech,31.6220842,-8.0005243,icons/restaurant.png,OSM
Marrakech,mawazine,Café,Formel,marrakech,31.6409583,-8.0458053,icons/cafe.png,OSM
Marrakech,Rahba Kedima,Café,Formel,Rahba kedima,31.6288161,-7.9870485,icons/cafe.png,OSM
Marrakech,Red Planet,Café,Formel,Red Planet,31.6655863,-8.0094128,icons/cafe.png,OSM
Marrakech,Malysia,Café,Formel,Malysia,31.6645841,-8.0090051,icons/cafe.png,OSM
Marrakech,Moon Roof,Café,Formel,Moon Roof,31.634846,-8.0187369,icons/cafe.png,OSM
Marrakech,La crêperie de Marrakech,Restaurant,Formel,La crêperie de Marrakech,31.639919,-8.0209129,icons/restaurant.png,OSM
Marrakech,Pizza Hut,Restaurant,Formel,Pizza Hut,31.6380104,-8.0209129,icons/restaurant.png,OSM
Marrakech,Wok to Walk,Restaurant,Formel,Wok to Walk,31.6350732,-8.0113011,icons/restaurant.png,OSM
Marrakech,Domino,Restaurant,Formel,Domino,31.6350298,-8.0112529,icons/restaurant.png,OSM
Marrakech,Gino,Restaurant,Formel,Gino,31.6349453,-8.0111685,icons/restaurant.png,OSM
Marrakech,Family Pizza,Restaurant,Formel,Family Pizza,31.6583647,-8.0050904,icons/restaurant.png,OSM
Marrakech,L'Amanguier,Café,Formel,L'Amanguier,31.6585141,-8.0056435,icons/cafe.png,OSM
Marrakech,Supérette / Mini-market sans nom,Supérette / Mini-market,Formel,Supérette / Mini-market sans nom,31.659106,-8.0049869,icons/convenience.png,OSM
Marrakech,Supérette / Mini-market sans nom,Supérette / Mini-market,Formel,Supérette / Mini-market sans nom,31.6598296,-8.0047255,icons/convenience.png,OSM
Marrakech,Supérette / Mini-market sans nom,Supérette / Mini-market,Formel,Supérette / Mini-market sans nom,31.6583151,-8.0039083,icons/convenience.png,OSM
Marrakech,Supérette / Mini-market sans nom,Supérette / Mini-market,Formel,Supérette / Mini-market sans nom,31.6588573,-8.0027199,icons/convenience.png,OSM
Marrakech,City Grill,Restaurant,Formel,City Grill,31.6579091,-8.0047423,icons/restaurant.png,OSM
Marrakech,Supérette / Mini-market sans nom,Supérette / Mini-market,Formel,Supérette / Mini-market sans nom,31.6271273,-7.9854539,icons/convenience.png,OSM
Marrakech,Méchoui Quessabine,Café,Formel,Marrakech Medina,31.6271351,-7.9869882,icons/cafe.png,OSM
Marrakech,Makiyato,Café,Formel,Makiyato,31.6490308,-8.0096066,icons/cafe.png,OSM
Marrakech,Neoboroca Cafe,Restaurant,Formel,Neoboroca Cafe,31.6491244,-8.0130265,icons/restaurant.png,OSM
Marrakech,Majorelle Cafe,Café,Formel,Majorelle Cafe,31.6485262,-8.013748,icons/cafe.png,OSM
Marrakech,Tipico,Restaurant,Formel,Tipico,31.6484554,-8.01363,icons/restaurant.png,OSM
Marrakech,Cuit a Huit,Restaurant,Formel,Cuit a Huit,31.647864,-8.0141074,icons/restaurant.png,OSM
Marrakech,Cafe Perla,Café,Formel,Cafe Perla,31.6558941,-8.0210892,icons/cafe.png,OSM
Marrakech,Yakht Resto,Restaurant,Formel,Yakht Resto,31.6548439,-8.0183694,icons/restaurant.png,OSM
Marrakech,Chicago,Restaurant,Formel,Chicago,31.6543886,-8.0184484,icons/restaurant.png,OSM
Marrakech,Palmy Cafe,Café,Formel,Palmy Cafe,31.6552412,-8.0180234,icons/cafe.png,OSM
Marrakech,Cafe Salyass,Café,Formel,Cafe Salyass,31.6529822,-8.0173004,icons/cafe.png,OSM
Marrakech,McHappy,Restaurant,Formel,McHappy,31.6530758,-8.0171797,icons/restaurant.png,OSM
Marrakech,Lino,Restaurant,Formel,Lino,31.653158,-8.0171019,icons/restaurant.png,OSM
Marrakech,504 Cafe & Restaurant,Restaurant,Formel,504 Cafe & Restaurant,31.6530324,-8.0169329,icons/restaurant.png,OSM
Marrakech,Taxi,Restaurant,Formel,Taxi,31.6510323,-8.0154094,icons/restaurant.png,OSM
Marrakech,Taxi,Boulangerie,Formel,Taxi,31.6509684,-8.0153826,icons/bakery.png,OSM
Marrakech,Ailmentation Generale,Supérette / Mini-market,Formel,Ailmentation Generale,31.6543978,-8.0195534,icons/convenience.png,OSM
Marrakech,Pharmacie La Fountaine صيدلية النافورة,Parapharmacie,Formel,"Route de Safi, Marrakech",31.6545722,-8.0197836,icons/pharmacy.png,OSM
Marrakech,Friend's Place,Restaurant,Formel,Friend's Place,31.6552425,-8.0216429,icons/restaurant.png,OSM
Marrakech,Krusti,Boulangerie,Formel,Krusti,31.6402437,-8.0261158,icons/bakery.png,OSM
Marrakech,Niagara Pizza,Restaurant,Formel,Niagara Pizza,31.6396913,-8.0207467,icons/restaurant.png,OSM
Marrakech,Chami,Restaurant,Formel,Chami,31.6297761,-8.0050031,icons/restaurant.png,OSM
Marrakech,Istanbul,Restaurant,Formel,Istanbul,31.6298546,-8.0049496,icons/restaurant.png,OSM
Marrakech,Pharmacie Issafarnes صيدلية إسفارن,Parapharmacie,Formel,"Route de Targa, Marrakech",31.6474711,-8.0480489,icons/pharmacy.png,OSM
Marrakech,Café Lynx,Café,Formel,Café Lynx,31.657886,-8.0052091,icons/cafe.png,OSM
Marrakech,Diamanda Café,Café,Formel,Diamanda Café,31.6576975,-8.0030676,icons/cafe.png,OSM
Marrakech,Green Palm,Café,Formel,Green Palm,31.6580492,-8.0053214,icons/cafe.png,OSM
Marrakech,Le Bellaria,Café,Formel,Le Bellaria,31.6572213,-8.0047894,icons/cafe.png,OSM
Marrakech,Le Cristal,Café,Formel,Le Cristal,31.6544527,-8.0030611,icons/cafe.png,OSM
Marrakech,Pharmacie Alistiklal صيدلية الإستقلال,Parapharmacie,Formel,"Avenue 18 Novembre, Marrakech",31.6535339,-8.0084674,icons/pharmacy.png,OSM
Marrakech,Pharmacie Assif صيدلية أسيف,Parapharmacie,Formel,"Boulevard Allal El Fassi, Marrakech",31.6555646,-8.0031478,icons/pharmacy.png,OSM
Marrakech,psi sage,Restaurant,Formel,Avenue Allal El Fassi,31.6665831,-8.0108179,icons/restaurant.png,OSM
Marrakech,Café Amina,Café,Formel,Café Amina,31.6590576,-7.9960846,icons/cafe.png,OSM
Marrakech,Pharmacie La Victoire صيدلية النصر,Parapharmacie,Formel,"Avenue Daoudiate, Marrakech",31.6592991,-7.9970209,icons/pharmacy.png,OSM
Marrakech,Le Pain Quotidien,Boulangerie,Formel,Le Pain Quotidien,31.6494791,-8.0006708,icons/bakery.png,OSM
Marrakech,Le Spécial,Restaurant,Formel,Le Spécial,31.6519715,-7.9975877,icons/restaurant.png,OSM
Marrakech,Pharmacie Ariha صيدلية أريحا,Parapharmacie,Formel,"Boulevard Ariha, Marrakech",31.6503251,-7.9894099,icons/pharmacy.png,OSM
Marrakech,Bianco Ice,Café,Formel,Bianco Ice,31.5863676,-7.9879495,icons/cafe.png,OSM
Marrakech,Café Nour Assila,Café,Formel,Café Nour Assila,31.5974416,-8.0223508,icons/cafe.png,OSM
Marrakech,Café CTM,Café,Formel,Café CTM,31.6262639,-8.0204377,icons/cafe.png,OSM
Marrakech,Pharmacie L'Orchidée صيدلية الأوركيد,Parapharmacie,Formel,"Rue Abou Bakr Seddik, Marrakech",31.6260972,-8.0201238,icons/pharmacy.png,OSM
Marrakech,Le Café du Théâtre,Café,Formel,Le Café du Théâtre,31.6297802,-8.0162877,icons/cafe.png,OSM
Marrakech,Pharmacie Kaadoud صيدلية القعدود,Parapharmacie,Formel,"Rue Ibn Qodama, Marrakech",31.6452847,-8.0103641,icons/pharmacy.png,OSM
Marrakech,Café sans nom,Café,Formel,Café sans nom,31.6321306,-8.0162501,icons/cafe.png,OSM
Marrakech,Atlas Targe Club Restaurant,Restaurant,Formel,Atlas Targe Club Restaurant,31.6643865,-8.0658204,icons/restaurant.png,OSM
Marrakech,Palais Chahrmane,Restaurant,Formel,Rue Fandak,31.6197255,-7.9865193,icons/restaurant.png,OSM
Marrakech,Villa Flora,Restaurant,Formel,"Derb Azzouz, Marrakech",31.6297793,-7.9900772,icons/restaurant.png,OSM
Marrakech,La Villa des Orangers,Restaurant,Formel,"Rue Sidi Mimoun, Marrakech مراكش",31.6203219,-7.9917418,icons/restaurant.png,OSM
Marrakech,Arkech,Restaurant,Formel,Arkech,31.6237788,-8.0031206,icons/restaurant.png,OSM
Marrakech,Pharmacie Les Jardins de la Mamounia صيدلية حدائق المامونية,Parapharmacie,Formel,"Avenue Houman El Fetouaki, Marrakech ⵎⵕⵕⴰⴽⵯⵛ مراكش",31.6218621,-7.9950507,icons/pharmacy.png,OSM
Marrakech,Olivia Mar,Café,Formel,Olivia Mar,31.6335828,-8.0042473,icons/cafe.png,OSM
Marrakech,Pharmacie des Sciences صيدلية العلوم,Parapharmacie,Formel,"Avenue Prince Moulay Abdullah, Marrakech",31.6495958,-8.0141088,icons/pharmacy.png,OSM
Marrakech,Best Place,Restaurant,Formel,Best Place,31.6511379,-8.0200129,icons/restaurant.png,OSM
Marrakech,Pharmacie Tropicana صيدلية تروبيكانا,Parapharmacie,Formel,Marrakech,31.6459837,-8.0164401,icons/pharmacy.png,OSM
Marrakech,Café Atlas,Café,Formel,Café Atlas,31.6357526,-8.0145211,icons/cafe.png,OSM
Marrakech,Café Emirates,Café,Formel,Café Emirates,31.6345677,-8.0168683,icons/cafe.png,OSM
Marrakech,Café Ibno Sina,Café,Formel,Café Ibno Sina,31.6385772,-8.0177807,icons/cafe.png,OSM
Marrakech,Chez Amhane,Restaurant,Formel,Chez Amhane,31.6385024,-8.0173327,icons/restaurant.png,OSM
Marrakech,Le Diamant Vert,Restaurant,Formel,Le Diamant Vert,31.644676,-8.0192518,icons/restaurant.png,OSM
Marrakech,Naima,Restaurant,Formel,Rue Azbezd,31.6300675,-7.9850795,icons/restaurant.png,OSM
Marrakech,Kasbah Cafe,Café,Formel,Boutouil Kasbah,31.6171249,-7.9895077,icons/cafe.png,OSM
Marrakech,Complexe Solaris,Restaurant,Formel,Complexe Solaris,31.634163,-8.010838,icons/restaurant.png,OSM
Marrakech,Elite,Restaurant,Formel,Elite,31.6335198,-8.0096381,icons/restaurant.png,OSM
Marrakech,Le gueliz,Restaurant,Formel,Le gueliz,31.63377,-8.010154,icons/restaurant.png,OSM
Marrakech,Pharmacie Al Abiad صيدلية الأبيض,Parapharmacie,Formel,Marrakech,31.6156341,-8.0691573,icons/pharmacy.png,OSM
Marrakech,Boulangerie Patisserie,Boulangerie,Formel,Boulangerie Patisserie,31.6185245,-8.0603743,icons/bakery.png,OSM
Marrakech,Fran Trab,Supérette / Mini-market,Formel,Fran Trab,31.620043,-8.0585352,icons/convenience.png,OSM
Marrakech,Boulangerie Patisserie,Boulangerie,Formel,Boulangerie Patisserie,31.6151975,-8.0688341,icons/bakery.png,OSM
Marrakech,Henna Cafe,Café,Formel,Arset Aouzal Souikat,31.631592,-7.9942543,icons/cafe.png,OSM
Marrakech,Jad Mahal,Restaurant,Formel,Marrakech,31.6220131,-8.0002174,icons/restaurant.png,OSM
Marrakech,Le Grand Salon,Restaurant,Formel,Le Grand Salon,31.6720075,-7.9288065,icons/restaurant.png,OSM
Marrakech,Le Foundouk,Restaurant,Formel,Rue Souk El Fassi,31.631923,-7.9848998,icons/restaurant.png,OSM
Marrakech,Fouquet's,Restaurant,Formel,Rue DJebel Alakhdar,31.628966,-7.9968979,icons/restaurant.png,OSM
Marrakech,Riad des Mers,Restaurant,Formel,"Derb Sidi Massoud, Marrakech",31.6376136,-7.9953947,icons/restaurant.png,OSM
Marrakech,Le Stylia,Restaurant,Formel,Rue El Ksour,31.6280385,-7.99123,icons/restaurant.png,OSM
Marrakech,Epicurien Marrakech,Restaurant,Formel,Rue Ibrahim El Mazini,31.621336,-8.0047475,icons/restaurant.png,OSM
Marrakech,Restaurant sans nom,Restaurant,Formel,Restaurant sans nom,31.6588518,-8.0229945,icons/restaurant.png,OSM
Marrakech,Les Jardins de la Medina Restaurant,Restaurant,Formel,Les Jardins de la Medina Restaurant,31.6119695,-7.987269,icons/restaurant.png,OSM
Marrakech,Le Studio,Restaurant,Formel,"Boulevard Moulay Rachid, Marrakech",31.6324665,-8.0111294,icons/restaurant.png,OSM
Marrakech,Bo&Zin,Restaurant,Formel,Route de l`Ourika,31.5737775,-7.9813622,icons/restaurant.png,OSM
Marrakech,Le Bistrot Loft,Restaurant,Formel,"Rue de la Liberté, Marrakech",31.6347751,-8.0129847,icons/restaurant.png,OSM
Marrakech,Le Tobsil,Restaurant,Formel,"Derb Moulay Abdellah Ben Hessein, Marrakech",31.6272423,-7.9928021,icons/restaurant.png,OSM
Marrakech,Le Zinc,Restaurant,Formel,"rue Principale, Marrakech",31.6691087,-8.0426274,icons/restaurant.png,OSM
Marrakech,La Villa Canaille,Restaurant,Formel,"Rue Ksar El Kebir, Marrakech",31.6215726,-8.0075473,icons/restaurant.png,OSM
Marrakech,Épicerie sans nom,Épicerie,Informel,Épicerie sans nom,31.631724,-8.0092494,icons/greengrocer.png,OSM
Marrakech,Kechburger,Restaurant,Formel,Kechburger,31.641627,-8.0176066,icons/restaurant.png,OSM
Marrakech,Dar Marjana,Restaurant,Formel,Dar Marjana,31.631811,-7.9931581,icons/restaurant.png,OSM
Marrakech,Catanzaro,Restaurant,Formel,Catanzaro,31.6349003,-8.0104773,icons/restaurant.png,OSM
Marrakech,Jo's,Restaurant,Formel,Jo's,31.6337316,-8.0151322,icons/restaurant.png,OSM
Marrakech,Mamma Mia,Restaurant,Formel,Mamma Mia,31.6345916,-8.0131709,icons/restaurant.png,OSM
Marrakech,Winoo,Restaurant,Formel,Winoo,31.6324814,-8.0116256,icons/restaurant.png,OSM
Marrakech,Angsana Si Said,Restaurant,Formel,Angsana Si Said,31.6227127,-7.9838891,icons/restaurant.png,OSM
Marrakech,Souk el Maasi,Épicerie,Informel,Souk el Maasi,31.6289761,-7.9872974,icons/greengrocer.png,OSM
Marrakech,Le Salama,Restaurant,Formel,Le Salama,31.6262683,-7.9867501,icons/restaurant.png,OSM
Marrakech,Imlil Snack Bar,Restaurant,Formel,Imlil Snack Bar,31.626188,-7.9917683,icons/restaurant.png,OSM
Marrakech,Relais de Paris,Restaurant,Formel,Relais de Paris,31.6258677,-7.992162,icons/restaurant.png,OSM
Marrakech,Souk des maroquiniers,Épicerie,Informel,Souk des maroquiniers,31.6294598,-7.9873271,icons/greengrocer.png,OSM
Marrakech,Earth Cafe,Restaurant,Formel,Derb Nakous,31.6202259,-7.985379,icons/restaurant.png,OSM
Marrakech,Souq El Kessabine,Épicerie,Informel,Souq El Kessabine,31.6270836,-7.9867229,icons/greengrocer.png,OSM
Marrakech,Palais Gharnata,Restaurant,Formel,"Derb El Arsa Riad Zitoun Jdid, Marrakech",31.6220875,-7.9831205,icons/restaurant.png,OSM
Marrakech,Pepe Nero,Restaurant,Formel,"Derb Cherkaoui, Marrakech",31.6252725,-7.9839116,icons/restaurant.png,OSM
Marrakech,Les Jardins des Bala,Restaurant,Formel,Les Jardins des Bala,31.6259426,-7.9913994,icons/restaurant.png,OSM
Marrakech,Diaffa,Restaurant,Formel,"Rue Jebel Lakhdar, Marrakech",31.6271592,-7.9938419,icons/restaurant.png,OSM
Marrakech,Ice Room,Café,Formel,Ice Room,31.6536749,-8.0215131,icons/cafe.png,OSM
Marrakech,Coin Mars,Café,Formel,Coin Mars,31.6541475,-8.0215828,icons/cafe.png,OSM
Marrakech,Musée,Café,Formel,Musée,31.655504,-8.031223,icons/cafe.png,OSM
Marrakech,Pescara,Restaurant,Formel,Pescara,31.6535031,-8.0318416,icons/restaurant.png,OSM
Marrakech,Supérette / Mini-market sans nom,Supérette / Mini-market,Formel,Supérette / Mini-market sans nom,31.6200521,-7.9860659,icons/convenience.png,OSM
Marrakech,Café sans nom,Café,Formel,Café sans nom,31.6204151,-7.9855906,icons/cafe.png,OSM
Marrakech,Pharmacie Bine Lekchali صيدلية بين لقشالي,Parapharmacie,Formel,"Route de Targa, Marrakech",31.6411076,-8.0281311,icons/pharmacy.png,OSM
Marrakech,Pasta Delice,Restaurant,Formel,Rue Med el Bakkal,31.6415492,-8.0175662,icons/restaurant.png,OSM
Marrakech,Vis ta vie,Restaurant,Formel,Vis ta vie,31.6574986,-8.0042776,icons/restaurant.png,OSM
Marrakech,Vis ta vie,Café,Formel,Vis ta vie,31.6575501,-8.004478,icons/cafe.png,OSM
Marrakech,Ayaso Concept Store,Café,Formel,"Boulevard Mohammed Zerktouni, Marrakech",31.6352266,-8.0167363,icons/cafe.png,OSM
Marrakech,أكلات ادريس السريعة,Restaurant,Formel,"bin lamaasser bab lakhmiss, marrakech",31.6377259,-7.9882457,icons/restaurant.png,OSM
Marrakech,pharmacie sijilmassa صيدلية سجلماسة,Parapharmacie,Formel,pharmacie sijilmassa صيدلية سجلماسة,31.6383248,-7.9876618,icons/pharmacy.png,OSM
Marrakech,Miâara,Épicerie,Informel,Miâara,31.6193869,-7.9801803,icons/greengrocer.png,OSM
Marrakech,Restaurant sans nom,Restaurant,Formel,Restaurant sans nom,31.6498343,-7.9369256,icons/restaurant.png,OSM
Marrakech,Restaurant sans nom,Restaurant,Formel,Restaurant sans nom,31.6495192,-7.9368076,icons/restaurant.png,OSM
Marrakech,Restaurant sans nom,Restaurant,Formel,Restaurant sans nom,31.6492292,-7.9367647,icons/restaurant.png,OSM
Marrakech,Riad KaÏss,Restaurant,Formel,Riad KaÏss,31.6214429,-7.9855272,icons/restaurant.png,OSM
Marrakech,Pharmacie Mekka صيدلية مكة,Parapharmacie,Formel,Marrakech,31.671362,-8.0366529,icons/pharmacy.png,OSM
Marrakech,Le Grand Bleu – International cuisine,Restaurant,Formel,Le Grand Bleu – International cuisine,31.6864032,-7.9679195,icons/restaurant.png,OSM
Marrakech,La Brasserie,Restaurant,Formel,La Brasserie,31.6867599,-7.969729,icons/restaurant.png,OSM
Marrakech,Riad Omar Hotel restaurant,Restaurant,Formel,Riad Omar Hotel restaurant,31.6232457,-7.9897078,icons/restaurant.png,OSM
Marrakech,Pharmacie Dar El Baroud,Parapharmacie,Formel,Pharmacie Dar El Baroud,31.6256559,-7.993974,icons/pharmacy.png,OSM
Marrakech,Cafe Chez ZaZa,Restaurant,Formel,Cafe Chez ZaZa,31.627463,-7.9884092,icons/restaurant.png,OSM
Marrakech,Le Bol de Saigon,Restaurant,Formel,Le Bol de Saigon,31.6425384,-8.0188211,icons/restaurant.png,OSM
Marrakech,Le Colisee,Restaurant,Formel,Le Colisee,31.6360115,-8.0157672,icons/restaurant.png,OSM
Marrakech,Vita Nova,Restaurant,Formel,Vita Nova,31.6380956,-8.0135958,icons/restaurant.png,OSM
Marrakech,La Taverne,Restaurant,Formel,La Taverne,31.6355095,-8.0152299,icons/restaurant.png,OSM
Marrakech,Restaurant sans nom,Restaurant,Formel,Restaurant sans nom,31.6032701,-7.9514624,icons/restaurant.png,OSM
Marrakech,Café sans nom,Café,Formel,Café sans nom,31.6038213,-7.9509457,icons/cafe.png,OSM
Marrakech,Ksar Essaoussan,Restaurant,Formel,"Rue El Ksour, Derb El Messoudyenne",31.6281147,-7.9918345,icons/restaurant.png,OSM
Marrakech,Medina Saveurs,Restaurant,Formel,Medina Saveurs,31.6306685,-7.9864894,icons/restaurant.png,OSM
Marrakech,Café Fnaque Berbere,Restaurant,Formel,Café Fnaque Berbere,31.6281723,-7.9895846,icons/restaurant.png,OSM
Marrakech,Café sans nom,Café,Formel,Café sans nom,31.6273798,-7.9892789,icons/cafe.png,OSM
Marrakech,Cafe Le Bled,Café,Formel,Cafe Le Bled,31.625989,-7.9861836,icons/cafe.png,OSM
Marrakech,Bakchich Cafe,Café,Formel,Bakchich Cafe,31.6258908,-7.9861702,icons/cafe.png,OSM
Marrakech,ماكدونالدز,Restaurant,Formel,ماكدونالدز,31.6342356,-8.0115064,icons/restaurant.png,OSM
Marrakech,Boulangerie sans nom,Boulangerie,Formel,Boulangerie sans nom,31.6404648,-8.0183288,icons/bakery.png,OSM
Marrakech,Dar Essalam,Restaurant,Formel,Dar Essalam,31.6223645,-7.9864363,icons/restaurant.png,OSM
Marrakech,ParaPharmacie,Parapharmacie,Formel,ParaPharmacie,31.6168813,-7.9825002,icons/pharmacy.png,OSM
Marrakech,Marché légumes et fruits,Épicerie,Informel,Marché légumes et fruits,31.630222,-7.9859931,icons/greengrocer.png,OSM
Marrakech,La table du Palais,Restaurant,Formel,"Rue Sidi El Yamani, Marrakech",31.6297335,-7.9905069,icons/restaurant.png,OSM
Marrakech,Marjane,Supermarché,Formel,Marjane,31.629295,-8.0796306,icons/supermarket.png,OSM
Marrakech,Guerrab,Restaurant,Formel,Guerrab,31.6272127,-7.9878494,icons/restaurant.png,OSM
Marrakech,Café Bakshish,Restaurant,Formel,Café Bakshish,31.6290615,-7.9875634,icons/restaurant.png,OSM
Marrakech,Atay Cafe Food,Restaurant,Formel,Atay Cafe Food,31.6326246,-7.9884564,icons/restaurant.png,OSM
Marrakech,Roti D'or,Restaurant,Formel,Roti D'or,31.6267829,-7.9862666,icons/restaurant.png,OSM
Marrakech,O'Tacos,Restaurant,Formel,O'Tacos,31.6295275,-7.981152,icons/restaurant.png,OSM
Marrakech,News,Café,Formel,Rue Abou Bakr Seddik,31.626824,-8.0157242,icons/cafe.png,OSM
Marrakech,Amaia,Restaurant,Formel,Avenue Hassan II,31.6315541,-8.0118249,icons/restaurant.png,OSM
Marrakech,Café Clock,Restaurant,Formel,Derb Chtouka,31.6130285,-7.987289,icons/restaurant.png,OSM
Marrakech,Katsura,Restaurant,Formel,Rue Oum Errabia,31.6309567,-8.004067,icons/restaurant.png,OSM
Marrakech,La Place,Café,Formel,La Place,31.6317888,-8.0081451,icons/cafe.png,OSM
Marrakech,various restsurants,Restaurant,Formel,various restsurants,31.5881694,-8.0091691,icons/restaurant.png,OSM
Marrakech,Yan snack pizzeria,Restaurant,Formel,Rue Ibn Sahl,31.6291603,-8.0183063,icons/restaurant.png,OSM
Marrakech,Supermarché sans nom,Supermarché,Formel,Supermarché sans nom,31.6470766,-7.9455618,icons/supermarket.png,OSM
Marrakech,Bahreya بحرية,Restaurant,Formel,Bahreya بحرية,31.6325547,-8.0118035,icons/restaurant.png,OSM
Marrakech,Bazaar Cafe,Café,Formel,Bazaar Cafe,31.6289131,-7.9911011,icons/cafe.png,OSM
Marrakech,Henna Art Cafe,Café,Formel,Henna Art Cafe,31.6237312,-7.9870832,icons/cafe.png,OSM
Marrakech,Restaurant sans nom,Restaurant,Formel,Restaurant sans nom,31.6352528,-7.9913113,icons/restaurant.png,OSM
Marrakech,Dino Gelato italiano,Café,Formel,Dino Gelato italiano,31.6310802,-8.0059239,icons/cafe.png,OSM
Marrakech,Café Cavalca مقهى المهاجر,Café,Formel,Café Cavalca مقهى المهاجر,31.6337839,-8.0442931,icons/cafe.png,OSM
Marrakech,Supermarché sans nom,Supermarché,Formel,Supermarché sans nom,31.6312341,-7.9887684,icons/supermarket.png,OSM
Marrakech,Restaurant sans nom,Restaurant,Formel,Boulevard Mohammed V,31.6315444,-8.0069639,icons/restaurant.png,OSM
Marrakech,Latitude31,Restaurant,Formel,Latitude31,31.6350578,-7.9953547,icons/restaurant.png,OSM
Marrakech,Café sans nom,Café,Formel,Café sans nom,31.6239967,-7.9850032,icons/cafe.png,OSM
Marrakech,Jad jamal,Restaurant,Formel,Ibn Youssef,31.6314736,-7.9866198,icons/restaurant.png,OSM
Marrakech,porte de Marrakech adoha,Café,Formel,porte de Marrakech adoha,31.639185,-8.0756816,icons/cafe.png,OSM
Marrakech,Parapharmacie sans nom,Parapharmacie,Formel,Parapharmacie sans nom,31.597501,-8.0504639,icons/pharmacy.png,OSM
Marrakech,Restaurant Al Baraka,Restaurant,Formel,"Place Jamâa El Fna،, Marrakech",31.6259112,-7.9903183,icons/restaurant.png,OSM
Marrakech,Azyr,Restaurant,Formel,Azyr,31.6272777,-8.0170979,icons/restaurant.png,OSM
Marrakech,Pharmacie Bel Bakkar صيدلية بلبكار,Parapharmacie,Formel,Marrakech,31.6541669,-7.9889001,icons/pharmacy.png,OSM
Marrakech,Pharmacie Moutadamine صيدلية متضامن,Parapharmacie,Formel,Marrakech,31.654952,-7.9919882,icons/pharmacy.png,OSM
Marrakech,Arabis,Café,Formel,Arabis,31.6584379,-8.0025887,icons/cafe.png,OSM
Marrakech,Pharmacie Unité 4 صيدلية الوحدة,Parapharmacie,Formel,Marrakech,31.6564302,-7.9997439,icons/pharmacy.png,OSM
Marrakech,Pharmacie Kamilia صيدلي كاميليا,Parapharmacie,Formel,Marrakech,31.6534241,-8.0051403,icons/pharmacy.png,OSM
Marrakech,Pharmacie Mouassine صيدلية مواسين,Parapharmacie,Formel,"Rue Sidi El Yamani, Marrakech",31.6293402,-7.9904177,icons/pharmacy.png,OSM
Marrakech,Bistro Laksour,Café,Formel,Bistro Laksour,31.6271103,-7.9932873,icons/cafe.png,OSM
Marrakech,Pharmacie Koutoubia صيدلية الكتبية,Parapharmacie,Formel,"Avenue Fatima Zohra, Marrakech",31.6274447,-7.9935913,icons/pharmacy.png,OSM
Marrakech,Restaurant sans nom,Restaurant,Formel,Avenue Dyour Saboun,31.635339,-7.9889649,icons/restaurant.png,OSM
Marrakech,Nomad,Restaurant,Formel,Derb Aarjane,31.6286777,-7.9874376,icons/restaurant.png,OSM
Marrakech,Restaurant sans nom,Restaurant,Formel,Rue de Berrima,31.6173077,-7.9829561,icons/restaurant.png,OSM
Marrakech,India,Restaurant,Formel,Rue Tariq Bnou Ziad,31.6338422,-8.0094561,icons/restaurant.png,OSM
Marrakech,Café Rouge,Café,Formel,Café Rouge,31.6281405,-7.9910062,icons/cafe.png,OSM
Marrakech,Sidi Ydub,Restaurant,Formel,Sidi Ydub,31.627734,-7.9796759,icons/restaurant.png,OSM
Marrakech,Les Amis الأصدقاء,Restaurant,Formel,Les Amis الأصدقاء,31.6369492,-8.0013882,icons/restaurant.png,OSM
Marrakech,Restaurant sans nom,Restaurant,Formel,Restaurant sans nom,31.6379191,-7.9993843,icons/restaurant.png,OSM
Marrakech,Supermarché sans nom,Supermarché,Formel,Supermarché sans nom,31.5436464,-7.9723653,icons/supermarket.png,OSM
Marrakech,Café bonjour,Café,Formel,Café bonjour,31.5434703,-7.9723263,icons/cafe.png,OSM
Marrakech,Café sans nom,Café,Formel,Café sans nom,31.6230469,-7.9909503,icons/cafe.png,OSM
Marrakech,Le focus,Café,Formel,Le focus,31.6382703,-8.0065153,icons/cafe.png,OSM
Marrakech,Reda Fast Food,Restaurant,Formel,Reda Fast Food,31.6384913,-8.0058055,icons/restaurant.png,OSM
Marrakech,Dreamland,Restaurant,Formel,Dreamland,31.6378043,-8.010163,icons/restaurant.png,OSM
Marrakech,Soto,Restaurant,Formel,Soto,31.6363054,-8.0118316,icons/restaurant.png,OSM
Marrakech,Cafe Kif Kif,Café,Formel,Cafe Kif Kif,31.6252706,-7.9925003,icons/cafe.png,OSM
Marrakech,Riad dar Timtam,Restaurant,Formel,Riad dar Timtam,31.6284352,-7.9862501,icons/restaurant.png,OSM
Marrakech,Madresa art galerie,Café,Formel,Madresa art galerie,31.6316648,-7.9863843,icons/cafe.png,OSM
Marrakech,Restaurant sans nom,Restaurant,Formel,Restaurant sans nom,31.6349423,-7.9938415,icons/restaurant.png,OSM
Marrakech,Supermarché sans nom,Supermarché,Formel,Supermarché sans nom,31.6349405,-7.9942117,icons/supermarket.png,OSM
Marrakech,Supermarché sans nom,Supermarché,Formel,Supermarché sans nom,31.6367975,-7.9963042,icons/supermarket.png,OSM
Marrakech,Pharmacie Dar Al Bacha صيدلية دار الباشا,Parapharmacie,Formel,"Rue Dar El Bacha, Marrakech",31.6307609,-7.9934104,icons/pharmacy.png,OSM
Marrakech,Dar Tazi,Restaurant,Formel,"Rue de Fassis, Marrakech",31.6320699,-7.9841818,icons/restaurant.png,OSM
Marrakech,Dar Cherifa,Restaurant,Formel,Derb Chorfa Lakbir,31.629188,-7.9902862,icons/restaurant.png,OSM
Marrakech,Café Sahrij,Café,Formel,Café Sahrij,31.6311305,-7.9900577,icons/cafe.png,OSM
Marrakech,Dar Zellij,Restaurant,Formel,Dar Zellij,31.6374464,-7.9922645,icons/restaurant.png,OSM
Marrakech,Épicerie sans nom,Épicerie,Informel,Épicerie sans nom,31.6279021,-7.9824414,icons/greengrocer.png,OSM
Marrakech,Épicerie sans nom,Épicerie,Informel,Épicerie sans nom,31.6303402,-7.9894774,icons/greengrocer.png,OSM
Marrakech,Café sans nom,Café,Formel,Café sans nom,31.6348893,-7.9939654,icons/cafe.png,OSM
Marrakech,Le Jardin,Restaurant,Formel,Le Jardin,31.6320809,-7.9886628,icons/restaurant.png,OSM
Marrakech,Mokhito chicha,Boulangerie,Formel,Mokhito chicha,31.6310454,-8.0129802,icons/bakery.png,OSM
Marrakech,La Table de Marrakech,Restaurant,Formel,Rue Riad Zitoun El Jedid,31.620818,-7.9841361,icons/restaurant.png,OSM
Marrakech,Central Food,Restaurant,Formel,Central Food,31.6340804,-8.0110451,icons/restaurant.png,OSM
Marrakech,l'tachine,Restaurant,Formel,"Rue Badr / Av. des Nations Unies, Marrakech",31.6326366,-8.0064482,icons/restaurant.png,OSM
Marrakech,Eveil des Sens,Restaurant,Formel,"Rue Ibn Atya, Marrakesch",31.6321342,-8.0059735,icons/restaurant.png,OSM
Marrakech,Boulangerie sans nom,Boulangerie,Formel,Boulangerie sans nom,31.6322021,-8.0037868,icons/bakery.png,OSM
Marrakech,Supermarché sans nom,Supermarché,Formel,Supermarché sans nom,31.6321553,-8.0037922,icons/supermarket.png,OSM
Marrakech,Café sans nom,Café,Formel,Café sans nom,31.630958,-7.9904432,icons/cafe.png,OSM
Marrakech,Cuisine de terroir,Restaurant,Formel,Rue Kennaria,31.6255664,-7.9862179,icons/restaurant.png,OSM
Marrakech,شارع بمراكش,Café,Formel,شارع بمراكش,31.6263214,-8.0039195,icons/cafe.png,OSM
Marrakech,مراكش,Café,Formel,مراكش,31.627365,-7.9963371,icons/cafe.png,OSM
Marrakech,Restaurant sans nom,Restaurant,Formel,Restaurant sans nom,31.6342595,-7.9907346,icons/restaurant.png,OSM
Marrakech,SushiStore,Restaurant,Formel,SushiStore,31.6285094,-8.0075125,icons/restaurant.png,OSM
Marrakech,Billy's Burger,Restaurant,Formel,Billy's Burger,31.6284865,-8.0074857,icons/restaurant.png,OSM
Marrakech,Nid D'cigogne,Restaurant,Formel,Nid D'cigogne,31.6167981,-7.989288,icons/restaurant.png,OSM
Marrakech,La Grillardière,Restaurant,Formel,La Grillardière,31.629072,-8.0067162,icons/restaurant.png,OSM
Marrakech,Mai Thai,Restaurant,Formel,Mai Thai,31.6247356,-8.0035592,icons/restaurant.png,OSM
Marrakech,Pâtisserie Al-Jawda,Café,Formel,Pâtisserie Al-Jawda,31.6344056,-8.0130765,icons/cafe.png,OSM
Marrakech,Poissons,Restaurant,Formel,Poissons,31.6327675,-8.0117013,icons/restaurant.png,OSM
Marrakech,Plata Hai Boujemaa,Restaurant,Formel,Plata Hai Boujemaa,31.6383766,-8.015952,icons/restaurant.png,OSM
Marrakech,Nid'Cigogne,Restaurant,Formel,Nid'Cigogne,31.6169912,-7.9893991,icons/restaurant.png,OSM
Marrakech,Azar,Restaurant,Formel,Rue Yougoslavie زنقة يوغوسلافيا,31.6316491,-8.0127854,icons/restaurant.png,OSM
Marrakech,Zeitoun Cafè,Café,Formel,Zeitoun Cafè,31.6267731,-7.9876733,icons/cafe.png,OSM
Marrakech,Le Cantine Des Gazelles,Café,Formel,Le Cantine Des Gazelles,31.6259263,-7.9862026,icons/cafe.png,OSM
Marrakech,Kui-Zin,Restaurant,Formel,"Rue Amsafah, Marrakech",31.6324404,-7.9885322,icons/restaurant.png,OSM
Marrakech,Restaurant sans nom,Restaurant,Formel,Restaurant sans nom,31.6322134,-8.0115543,icons/restaurant.png,OSM
Marrakech,Pharmacie El Ghorfi صيدلية الغرفي,Parapharmacie,Formel,Marrakech,31.640221,-7.9886634,icons/pharmacy.png,OSM
Marrakech,Labachi,Restaurant,Formel,Labachi,31.6271132,-7.9871283,icons/restaurant.png,OSM
Marrakech,Boulangerie sans nom,Boulangerie,Formel,Hassan 2,31.6202528,-8.0131168,icons/bakery.png,OSM
Marrakech,Oscar Progrès,Restaurant,Formel,Rue Bani Marine,31.6238326,-7.9897977,icons/restaurant.png,OSM
Marrakech,Restaurant sans nom,Restaurant,Formel,Restaurant sans nom,31.6321689,-7.9858588,icons/restaurant.png,OSM
Marrakech,Restaurant sans nom,Restaurant,Formel,Restaurant sans nom,31.6275471,-7.9815133,icons/restaurant.png,OSM
Marrakech,Supérette / Mini-market sans nom,Supérette / Mini-market,Formel,Supérette / Mini-market sans nom,31.6270273,-7.9801725,icons/convenience.png,OSM
Marrakech,Bonna,Café,Formel,"Triq Bab Ghmat, Marrakech",31.624508,-7.9757675,icons/cafe.png,OSM
Marrakech,La Siréne,Restaurant,Formel,La Siréne,31.6366513,-8.0147879,icons/restaurant.png,OSM
Marrakech,Agdal,Restaurant,Formel,Agdal,31.6366413,-8.0152831,icons/restaurant.png,OSM
Marrakech,Le Petit Thai,Restaurant,Formel,Le Petit Thai,31.6364284,-8.0119782,icons/restaurant.png,OSM
Marrakech,Le Grand Dades,Café,Formel,Le Grand Dades,31.6370039,-8.0123757,icons/cafe.png,OSM
Marrakech,Cafe du Livre,Restaurant,Formel,Rue Tariq Bnou Ziad,31.6351547,-8.0106506,icons/restaurant.png,OSM
Marrakech,The Sandwich Factory,Restaurant,Formel,The Sandwich Factory,31.6359954,-8.0123469,icons/restaurant.png,OSM
Marrakech,Kiosque sans nom,Kiosque,Informel,Kiosque sans nom,31.6362228,-8.0147664,icons/kiosk.png,OSM
Marrakech,Salon dr Toudra,Café,Formel,Salon dr Toudra,31.6186481,-7.99052,icons/cafe.png,OSM
Marrakech,Pharmacie malak,Parapharmacie,Formel,Pharmacie malak,31.5413139,-7.9711502,icons/pharmacy.png,OSM
Marrakech,Bab Espresso,Café,Formel,Bab Espresso,31.6175708,-7.9911309,icons/cafe.png,OSM
Marrakech,Cafe Restaurant Cherine,Restaurant,Formel,Cafe Restaurant Cherine,31.533511,-7.965692,icons/restaurant.png,OSM
Marrakech,Pharmacie El Mechouar صيدلية المشور,Parapharmacie,Formel,"Rue Oqba Ben Nafaa, Marrakech",31.6067832,-7.9885663,icons/pharmacy.png,OSM
Marrakech,Pharmacie Sidi Boutchich صيدلية سيدي بوتشيش,Parapharmacie,Formel,"Route Sidi Boudchich, Marrakech",31.6230845,-7.9810132,icons/pharmacy.png,OSM
Marrakech,Pharmacie radia lehbichat,Parapharmacie,Formel,Pharmacie radia lehbichat,31.5626676,-7.9787129,icons/pharmacy.png,OSM
Marrakech,Pharmacie Arset Lamaache صيدلية عرصة المعاش,Parapharmacie,Formel,"Rue Arset El Maach, Marrakech ⵎⵕⵕⴰⴽⵯⵛ مراكش",31.6189375,-7.988476,icons/pharmacy.png,OSM
Marrakech,Pharmacie Khalid Ben El Walid صيدلية خالد ابن الوليد,Parapharmacie,Formel,"Rue Al Imam El Jazouli, Marrakech",31.6539211,-7.9986407,icons/pharmacy.png,OSM
Marrakech,Tacos de lyon,Restaurant,Formel,Route de Targa,31.6382088,-8.018667,icons/restaurant.png,OSM
Marrakech,Restaurant sans nom,Restaurant,Formel,Restaurant sans nom,31.6230215,-7.9903077,icons/restaurant.png,OSM
Marrakech,Mechoui Alley,Restaurant,Formel,Mechoui Alley,31.6270278,-7.9876932,icons/restaurant.png,OSM
Marrakech,Le Trou au Mur,Restaurant,Formel,"Derb Farnatchi, Marrakech",31.6320971,-7.9855182,icons/restaurant.png,OSM
Marrakech,"La famille, Cantine au Jardin",Restaurant,Formel,Rue Riad Zitoun El Jedid,31.6228783,-7.9846187,icons/restaurant.png,OSM
Marrakech,Foodiz,Restaurant,Formel,Foodiz,31.6336369,-8.0101976,icons/restaurant.png,OSM
Marrakech,Cafe Restaurant Dabachi,Restaurant,Formel,Cafe Restaurant Dabachi,31.6275236,-7.9840566,icons/restaurant.png,OSM
Marrakech,Delices Strouza,Restaurant,Formel,Delices Strouza,31.6334384,-8.0136846,icons/restaurant.png,OSM
Marrakech,Snacking Delyse,Restaurant,Formel,Snacking Delyse,31.6366979,-8.012379,icons/restaurant.png,OSM
Marrakech,Café sans nom,Café,Formel,Café sans nom,31.6391677,-8.0040488,icons/cafe.png,OSM
Marrakech,Café Snack Bab Agnaou,Restaurant,Formel,"rue Bab Agnaou, Marrakech",31.6229886,-7.9897603,icons/restaurant.png,OSM
Marrakech,Black&Chich,Restaurant,Formel,Black&Chich,31.6232663,-7.9848375,icons/restaurant.png,OSM
Marrakech,Boulangerie sans nom,Boulangerie,Formel,Boulangerie sans nom,31.6236357,-7.9849536,icons/bakery.png,OSM
Marrakech,Boulangerie sans nom,Boulangerie,Formel,Boulangerie sans nom,31.620256,-7.9924641,icons/bakery.png,OSM
Marrakech,My Kawa,Café,Formel,"Rue Yves Saint Laurent, Marrakech",31.6411864,-8.0018479,icons/cafe.png,OSM
Marrakech,Joe ice,Café,Formel,Joe ice,31.6692841,-8.0091678,icons/cafe.png,OSM
Marrakech,Restaurant Café Manal,Restaurant,Formel,Restaurant Café Manal,31.6261933,-8.0199193,icons/restaurant.png,OSM
Marrakech,Bim,Supermarché,Formel,Bim,31.6377663,-8.0189674,icons/supermarket.png,OSM
Marrakech,Kui-Zin,Café,Formel,Kui-Zin,31.632251,-7.9888024,icons/cafe.png,OSM
Marrakech,Carpi,Café,Formel,Carpi,31.6603478,-8.006455,icons/cafe.png,OSM
Marrakech,La cuisine de Mona,Restaurant,Formel,La cuisine de Mona,31.6395216,-8.0199162,icons/restaurant.png,OSM
Marrakech,Restaurant sans nom,Restaurant,Formel,Restaurant sans nom,31.6269407,-7.9862982,icons/restaurant.png,OSM
Marrakech,Parapharmacie sans nom,Parapharmacie,Formel,Parapharmacie sans nom,31.6275466,-7.9817375,icons/pharmacy.png,OSM
Marrakech,Pizzeria Jannat Medina,Restaurant,Formel,Pizzeria Jannat Medina,31.627549,-7.9818839,icons/restaurant.png,OSM
Marrakech,Kiosque sans nom,Kiosque,Informel,Kiosque sans nom,31.6277231,-7.9834128,icons/kiosk.png,OSM
Marrakech,Dar Touria,Restaurant,Formel,Dar Touria,31.6277559,-7.9834013,icons/restaurant.png,OSM
Marrakech,Kiosque sans nom,Kiosque,Informel,Kiosque sans nom,31.6298958,-7.9894187,icons/kiosk.png,OSM
Marrakech,Patisserie et Gateaux Al Quods,Boulangerie,Formel,Patisserie et Gateaux Al Quods,31.6276757,-7.9833549,icons/bakery.png,OSM
Marrakech,Supérette / Mini-market sans nom,Supérette / Mini-market,Formel,Supérette / Mini-market sans nom,31.5356126,-7.9971618,icons/convenience.png,OSM
Marrakech,Café sans nom,Café,Formel,Café sans nom,31.5360789,-7.9973924,icons/cafe.png,OSM
Marrakech,Café sans nom,Café,Formel,Café sans nom,31.5359052,-7.9972959,icons/cafe.png,OSM
Marrakech,Parapharmacie sans nom,Parapharmacie,Formel,Parapharmacie sans nom,31.5358046,-7.9972583,icons/pharmacy.png,OSM
Marrakech,Supérette / Mini-market sans nom,Supérette / Mini-market,Formel,Supérette / Mini-market sans nom,31.5356903,-7.9971939,icons/convenience.png,OSM
Marrakech,Kiosque sans nom,Kiosque,Informel,Kiosque sans nom,31.6260699,-7.9866239,icons/kiosk.png,OSM
Marrakech,Kiosque sans nom,Kiosque,Informel,Kiosque sans nom,31.6249592,-7.9897194,icons/kiosk.png,OSM
Marrakech,Parapharmacie sans nom,Parapharmacie,Formel,Parapharmacie sans nom,31.6248342,-7.9854263,icons/pharmacy.png,OSM
Marrakech,Cafe Snack Badouck,Restaurant,Formel,Cafe Snack Badouck,31.6261959,-7.9866357,icons/restaurant.png,OSM
Marrakech,Restaurant sans nom,Restaurant,Formel,Restaurant sans nom,31.5558488,-7.976017,icons/restaurant.png,OSM
Marrakech,Restaurant sans nom,Restaurant,Formel,Restaurant sans nom,31.5883264,-7.9846565,icons/restaurant.png,OSM
Marrakech,La Terrasse Ben Youssef,Restaurant,Formel,Rue Riad Laarous,31.6327385,-7.9888481,icons/restaurant.png,OSM
Marrakech,عند حسن,Restaurant,Formel,Rue Mauritanie,31.6318726,-8.011507,icons/restaurant.png,OSM
Marrakech,Bistro La Comedie,Restaurant,Formel,Avenue Hassan II,31.6312148,-8.0119426,icons/restaurant.png,OSM
Marrakech,Regue Jamaa,Café,Formel,Regue Jamaa,31.6313934,-7.9963198,icons/cafe.png,OSM
Marrakech,Café Kessabine Medina,Restaurant,Formel,Café Kessabine Medina,31.6269053,-7.9869355,icons/restaurant.png,OSM
Marrakech,Café Kessabine,Restaurant,Formel,Café Kessabine,31.6271152,-7.9870872,icons/restaurant.png,OSM
Marrakech,Pharmacie Zohour صيدلية الزهور,Parapharmacie,Formel,"Route Bab Kechich, Marrakech",31.6428754,-7.9827121,icons/pharmacy.png,OSM
Marrakech,News Café نيوز كافيه,Restaurant,Formel,Rue Abou Bakr Seddik,31.6268208,-8.0159257,icons/restaurant.png,OSM
Marrakech,Supérette / Mini-market sans nom,Supérette / Mini-market,Formel,Supérette / Mini-market sans nom,31.6302566,-7.9876854,icons/convenience.png,OSM
Marrakech,Tajine,Restaurant,Formel,Tajine,31.6272622,-7.99012,icons/restaurant.png,OSM
Marrakech,Café sans nom,Café,Formel,Café sans nom,31.6406328,-7.9993449,icons/cafe.png,OSM
Marrakech,Snack Amir,Restaurant,Formel,Snack Amir,31.623924,-7.9891654,icons/restaurant.png,OSM
Marrakech,Pharmacie Sidi Abbad صيدلية سيدي عباد,Parapharmacie,Formel,"Avenue 18 Novembre, Marrakech",31.6551714,-8.0112098,icons/pharmacy.png,OSM
Marrakech,Restaurail,Restaurant,Formel,Restaurail,31.6297986,-8.0188424,icons/restaurant.png,OSM
Marrakech,Bali,Restaurant,Formel,Bali,31.6301185,-8.012529,icons/restaurant.png,OSM
Marrakech,Cafe Armani,Café,Formel,Boulevard Mohammed Abdelkaraim el Khattabi,31.6342862,-8.0167861,icons/cafe.png,OSM
Marrakech,Le Comptoir du Pacha,Restaurant,Formel,"Arset Aouzal, Marrakech",31.6315007,-7.9942972,icons/restaurant.png,OSM
Marrakech,Restaurant sans nom,Restaurant,Formel,Restaurant sans nom,31.6245633,-7.9894524,icons/restaurant.png,OSM
Marrakech,Naranj Libanese,Restaurant,Formel,Rue Riad Zitoun El Jedid,31.6245374,-7.985213,icons/restaurant.png,OSM
Marrakech,Restaurant sans nom,Restaurant,Formel,Restaurant sans nom,31.624074,-7.9850545,icons/restaurant.png,OSM
Marrakech,Cafe Ezzahia,Café,Formel,Boulevard Mohammed Abdelkaraim el Khattabi,31.6400717,-8.0186516,icons/cafe.png,OSM
Marrakech,Ayman,Restaurant,Formel,Avenue 18 Novembre,31.6577297,-8.0157495,icons/restaurant.png,OSM
Marrakech,Pharmacie Santé et Bien Etre صيدلية الصحة و العافية,Parapharmacie,Formel,Marrakech ⵎⵕⵕⴰⴽⵯⵛ مراكش,31.6129554,-7.9969794,icons/pharmacy.png,OSM
Marrakech,Pharmacie Assouna صيدلية السنة,Parapharmacie,Formel,Marrakech ⵎⵕⵕⴰⴽⵯⵛ مراكش,31.5923788,-8.0348767,icons/pharmacy.png,OSM
Marrakech,Cafe Zaafrane,Café,Formel,Avenue M'Hamid,31.5968779,-8.0445825,icons/cafe.png,OSM
Marrakech,Pharmacie El Habib صيدلية الحبيب,Parapharmacie,Formel,Marrakech ⵎⵕⵕⴰⴽⵯⵛ مراكش,31.5895528,-8.0366757,icons/pharmacy.png,OSM
Marrakech,Café Yasser,Café,Formel,Café Yasser,31.5892185,-8.0558042,icons/cafe.png,OSM
Marrakech,Pharmacie Chaab صيدلية الشعب,Parapharmacie,Formel,Marrakech,31.5854306,-8.0599104,icons/pharmacy.png,OSM
Marrakech,Cafe Chellah,Café,Formel,Cafe Chellah,31.5847208,-8.0481693,icons/cafe.png,OSM
Marrakech,Pharmacie Imam Mouslim صيدلية الإمام مسلم,Parapharmacie,Formel,"Avenue Imam Mouslim, Marrakech",31.5936517,-8.0461708,icons/pharmacy.png,OSM
Marrakech,Neta Café,Café,Formel,Avenue Nakhil,31.5950365,-8.0402112,icons/cafe.png,OSM
Marrakech,Pharmacie Ibn Nafis صيدلية ابن النفيس,Parapharmacie,Formel,"Boulevard Mohammed Abdelkaraim el Khattabi, Marrakech",31.6436787,-8.0190122,icons/pharmacy.png,OSM
Marrakech,Dar Nejjarine,Restaurant,Formel,Dar Nejjarine,31.6221941,-7.9878179,icons/restaurant.png,OSM
Marrakech,Pharmacie Lamhamid صيدلية المحاميد,Parapharmacie,Formel,"Avenue Al Khalij, Marrakech ⵎⵕⵕⴰⴽⵯⵛ مراكش",31.5948888,-8.0321086,icons/pharmacy.png,OSM
Marrakech,Pharmacie Al Mounir صيدلية المنير,Parapharmacie,Formel,"Avenue Errassif, Marrakech ⵎⵕⵕⴰⴽⵯⵛ مراكش",31.5970014,-8.0313424,icons/pharmacy.png,OSM
Marrakech,Cafe Snack Ahmed,Café,Formel,Cafe Snack Ahmed,31.6384515,-8.0753622,icons/cafe.png,OSM
Marrakech,Pharmacie Al Firdaous صيدلية الفردوس,Parapharmacie,Formel,"Avenue Guemassa, Marrakech",31.5853881,-8.0452414,icons/pharmacy.png,OSM
Marrakech,Pharmacie El Mazani صيدلية المزاني,Parapharmacie,Formel,Marrakech ⵎⵕⵕⴰⴽⵯⵛ مراكش,31.5730622,-8.0561548,icons/pharmacy.png,OSM
Marrakech,Cafe Alhilal,Café,Formel,Cafe Alhilal,31.5764217,-8.0577716,icons/cafe.png,OSM
Marrakech,Pharmacie Al Moustachfa صيدلية المستشفى,Parapharmacie,Formel,Marrakech ⵎⵕⵕⴰⴽⵯⵛ مراكش,31.5709742,-7.9826956,icons/pharmacy.png,OSM
Marrakech,Restaurant sans nom,Restaurant,Formel,Restaurant sans nom,31.622221,-7.9877593,icons/restaurant.png,OSM
Marrakech,Restaurant sans nom,Restaurant,Formel,Restaurant sans nom,31.622218,-7.9877946,icons/restaurant.png,OSM
Marrakech,Pharmacie Salam صيدلية السلام,Parapharmacie,Formel,"Avenue El Idrissi, Marrakech",31.6379925,-8.0437316,icons/pharmacy.png,OSM
Marrakech,Pharmacie Badir صيدلية بادير,Parapharmacie,Formel,Marrakech ⵎⵕⵕⴰⴽⵯⵛ مراكش,31.6831794,-8.0665028,icons/pharmacy.png,OSM
Marrakech,Cafe Restaurant Racine,Café,Formel,Rue Ibn Atya,31.6318713,-8.0038561,icons/cafe.png,OSM
Marrakech,Pharmacie Mansoura صيدلية منصورة,Parapharmacie,Formel,"Rue Khalid Ben El Oualid, Marrakech",31.6317554,-8.0034846,icons/pharmacy.png,OSM
Marrakech,Salad Box,Restaurant,Formel,Rue Imam Chaffii,31.6276062,-8.0070423,icons/restaurant.png,OSM
Marrakech,Pharmacie Noujoud صيدلية نجود,Parapharmacie,Formel,"Route de Safi, Marrakech",31.6569689,-8.0222289,icons/pharmacy.png,OSM
Marrakech,Pharmacie Ezzaytoune صيدلية الزيتون,Parapharmacie,Formel,Marrakech,31.6393512,-8.039656,icons/pharmacy.png,OSM
Marrakech,Pharmacie Les Orangers صيدلية لزورانجي,Parapharmacie,Formel,Marrakech,31.6516002,-8.0475956,icons/pharmacy.png,OSM
Marrakech,Parapharmacie,Parapharmacie,Formel,Parapharmacie,31.652459,-8.050869,icons/pharmacy.png,OSM
Marrakech,Pharmacie Atlas Targa صيدلية أطلس تارغا,Parapharmacie,Formel,"Route de Targa, Marrakech",31.6506768,-8.0588548,icons/pharmacy.png,OSM
Marrakech,Pharmacie Hay Al Karam,Parapharmacie,Formel,P2008,31.6807803,-8.0504224,icons/pharmacy.png,OSM
Marrakech,Pharmacie Bab Asfi,Parapharmacie,Formel,Pharmacie Bab Asfi,31.6889195,-8.0748493,icons/pharmacy.png,OSM
Marrakech,Pharmacie Souk Laawad صيدلية سوق لعواد,Parapharmacie,Formel,Marrakech,31.6822487,-8.0591747,icons/pharmacy.png,OSM
Marrakech,Pharmacie Bab Mansour صيدلية باب منصور,Parapharmacie,Formel,Marrakech ⵎⵕⵕⴰⴽⵯⵛ مراكش,31.6869393,-8.0701928,icons/pharmacy.png,OSM
Marrakech,Pharmacie Akioud صيدلية أكيوض,Parapharmacie,Formel,Marrakech,31.653001,-8.0259174,icons/pharmacy.png,OSM
Marrakech,Pharmacie Hamza صيدلية حمزة,Parapharmacie,Formel,Marrakech,31.6597545,-8.0540991,icons/pharmacy.png,OSM
Marrakech,Pharmacie Premium صيدلية برميوم,Parapharmacie,Formel,Marrakech,31.6506906,-8.0413138,icons/pharmacy.png,OSM
Marrakech,Pharmacie El Harti صيدلية الحارثي,Parapharmacie,Formel,"Rue Yakoub El Marini, Marrakech",31.6310229,-8.0080899,icons/pharmacy.png,OSM
Marrakech,Restaurant Orgnaza,Restaurant,Formel,Rue Moulay el Hassan,31.6279659,-8.0064878,icons/restaurant.png,OSM
Marrakech,Pharmacie Et Laboratoire La Libérte صيدلية و مختبر الحرية,Parapharmacie,Formel,"Rue Moulay el Hassan, Marrakech",31.6294385,-8.003822,icons/pharmacy.png,OSM
Marrakech,Pharmacie L'Hivernage صيدلية الشتاء,Parapharmacie,Formel,"Rue Cadi Ayad, Marrakech",31.6299735,-8.0130738,icons/pharmacy.png,OSM
Marrakech,Parapharmacie sans nom,Parapharmacie,Formel,Parapharmacie sans nom,31.6301481,-7.9581946,icons/pharmacy.png,OSM
Marrakech,Pharmacie Fekhara صيدلية فخارة,Parapharmacie,Formel,Marrakech,31.6377995,-7.9790568,icons/pharmacy.png,OSM
Marrakech,Pharmacie Tikida صيدلية تكيدا,Parapharmacie,Formel,"Route de Fes, Marrakech",31.645998,-7.9785674,icons/pharmacy.png,OSM
Marrakech,Pharmacie Les Jardins d'Agdal صيدلية حدائق أكدال,Parapharmacie,Formel,"Avenue Tassiltante, Marrakech ⵎⵕⵕⴰⴽⵯⵛ مراكش",31.6070196,-7.9724714,icons/pharmacy.png,OSM
Marrakech,Cafe Retaurant Aymane,Café,Formel,Avenue du 11 Janvier,31.6412991,-7.9967058,icons/cafe.png,OSM
Marrakech,Pharmacie Derb El Gabs صيدلية درب الكبص,Parapharmacie,Formel,Marrakech,31.6102189,-7.963463,icons/pharmacy.png,OSM
Marrakech,Pharmacie El Oued صيدلية الواد,Parapharmacie,Formel,"Avenue El Oued, Marrakech",31.6132418,-7.9588872,icons/pharmacy.png,OSM
Marrakech,Pharmacie Ali صيدلية علي,Parapharmacie,Formel,Marrakech,31.6134627,-7.9615834,icons/pharmacy.png,OSM
Marrakech,Pharmacie Al Baraka صيدلية البركة,Parapharmacie,Formel,"Avenue Houman Al Fatouaki, Marrakech",31.6151528,-7.9641545,icons/pharmacy.png,OSM
Marrakech,Pharmacie Bastoun صيدلية باستون,Parapharmacie,Formel,"Avenue Ibn Al Haitam, Marrakech",31.6071905,-7.9605784,icons/pharmacy.png,OSM
Marrakech,Pharmacie Tichka صيدلية تيشكا,Parapharmacie,Formel,"Avenue Al Barada, Marrakech",31.6097839,-7.9605872,icons/pharmacy.png,OSM
Marrakech,Pharmacie Berradi III صيدلية برادي 3,Parapharmacie,Formel,"Rue Moujahid, Marrakech ⵎⵕⵕⴰⴽⵯⵛ مراكش",31.6229327,-8.0695334,icons/pharmacy.png,OSM
Marrakech,Pharmacie Iziki صيدلية إزيكي,Parapharmacie,Formel,"Avenue Essaouira, Marrakech ⵎⵕⵕⴰⴽⵯⵛ مراكش",31.6276699,-8.0651675,icons/pharmacy.png,OSM
Marrakech,Pharmacie Le Printemps صيدلية الربيع,Parapharmacie,Formel,"Avenue Essaouira طريق الصويرة, Marrakech",31.6276111,-8.0616557,icons/pharmacy.png,OSM
Marrakech,Pharmacie Bouziane صيدلية بوزيان,Parapharmacie,Formel,Marrakech,31.621682,-8.0518225,icons/pharmacy.png,OSM
Marrakech,Pharmacie Al Ahd Al Jadid صيدلية العهد الجديد,Parapharmacie,Formel,"Rue Chajarat Ettoffah, Marrakech",31.6160246,-8.0584527,icons/pharmacy.png,OSM
Marrakech,Pharmacie Al Manar صيدلية المنار,Parapharmacie,Formel,"Rue al Iraq, Marrakech",31.6216863,-8.0281359,icons/pharmacy.png,OSM
Marrakech,Pharmacie De La Base صيدلية القاعدة,Parapharmacie,Formel,"Rue al Ikhaa, Marrakech",31.6240034,-8.0303594,icons/pharmacy.png,OSM
Marrakech,Pharmacie Ain Mezouar صيدلية عين مزوار,Parapharmacie,Formel,"Rue el Hamdaniyine, Marrakech",31.6249495,-8.0355367,icons/pharmacy.png,OSM
Marrakech,ACHKID AWI,Boulangerie,Formel,ACHKID AWI,31.5874897,-8.0492087,icons/bakery.png,OSM
Marrakech,Hamdame,Café,Formel,Hamdame,31.5876155,-8.0492852,icons/cafe.png,OSM
Marrakech,Khawater,Café,Formel,Khawater,31.587447,-8.0489365,icons/cafe.png,OSM
Marrakech,Al Andalous,Café,Formel,Al Andalous,31.5879679,-8.0496392,icons/cafe.png,OSM
Marrakech,Inzal,Café,Formel,Inzal,31.5871716,-8.0488212,icons/cafe.png,OSM
Marrakech,Marzouga,Café,Formel,Marzouga,31.5871716,-8.0490518,icons/cafe.png,OSM
Marrakech,Boulangerie sans nom,Boulangerie,Formel,Boulangerie sans nom,31.5873133,-8.0491699,icons/bakery.png,OSM
Marrakech,Rayhane Snack & Pizzeria,Restaurant,Formel,Rayhane Snack & Pizzeria,31.587415,-8.0448596,icons/restaurant.png,OSM
Marrakech,ARWA,Café,Formel,ARWA,31.5866473,-8.0444599,icons/cafe.png,OSM
Marrakech,Snack Oussama,Restaurant,Formel,Snack Oussama,31.5904869,-8.0460102,icons/restaurant.png,OSM
Marrakech,Kiosque sans nom,Kiosque,Informel,Kiosque sans nom,31.5902584,-8.0596305,icons/kiosk.png,OSM
Marrakech,Parapharmacie sans nom,Parapharmacie,Formel,Parapharmacie sans nom,31.5892429,-8.0529205,icons/pharmacy.png,OSM
Marrakech,Riad Almhamid,Café,Formel,Riad Almhamid,31.5902265,-8.0526429,icons/cafe.png,OSM
Marrakech,Majiland,Café,Formel,Majiland,31.5900677,-8.0504958,icons/cafe.png,OSM
Marrakech,Cafe Valentino,Café,Formel,Cafe Valentino,31.5895102,-8.0501525,icons/cafe.png,OSM
Marrakech,Pharmacie Addaoui صيدلية الضاوي,Parapharmacie,Formel,Marrakech,31.5907859,-8.0589342,icons/pharmacy.png,OSM
Marrakech,Marché,Supermarché,Formel,Marché,31.5967789,-8.0469687,icons/supermarket.png,OSM
Marrakech,Bim,Supermarché,Formel,Bim,31.5805536,-8.0541094,icons/supermarket.png,OSM
Marrakech,CAFE INWA,Café,Formel,CAFE INWA,31.5775693,-8.0546726,icons/cafe.png,OSM
Marrakech,Bim,Supermarché,Formel,Bim,31.5874457,-8.0419842,icons/supermarket.png,OSM
Marrakech,KIMONO,Café,Formel,KIMONO,31.5883912,-8.0495971,icons/cafe.png,OSM
Marrakech,Snack Doha,Restaurant,Formel,Snack Doha,31.5879685,-8.0498278,icons/restaurant.png,OSM
Marrakech,Myah Bay,Restaurant,Formel,Myah Bay,31.6006806,-8.0173027,icons/restaurant.png,OSM
Marrakech,Le Comptoir de Charlotte,Café,Formel,Le Comptoir de Charlotte,31.6320906,-8.0162449,icons/cafe.png,OSM
Marrakech,CosaMia,Restaurant,Formel,CosaMia,31.6409811,-8.0150729,icons/restaurant.png,OSM
Marrakech,Sandwicherie Pizzeria YACINE,Restaurant,Formel,"Targa Sidi Mbarek, Marrakech",31.63696,-8.0430154,icons/restaurant.png,OSM
Marrakech,Lotus Club Marrakech,Restaurant,Formel,Rue Ahmed Chaouqi,31.624715,-8.0044537,icons/restaurant.png,OSM
Marrakech,Restaurant sans nom,Restaurant,Formel,Restaurant sans nom,31.6307949,-7.9870581,icons/restaurant.png,OSM
Marrakech,Kiosque sans nom,Kiosque,Informel,Kiosque sans nom,31.6241884,-7.99467,icons/kiosk.png,OSM
Marrakech,Restaurant sans nom,Restaurant,Formel,Restaurant sans nom,31.6348276,-7.9911272,icons/restaurant.png,OSM
Marrakech,Restaurant sans nom,Restaurant,Formel,Restaurant sans nom,31.6267399,-7.9862537,icons/restaurant.png,OSM
Marrakech,Restaurant sans nom,Restaurant,Formel,Restaurant sans nom,31.6251535,-7.9923876,icons/restaurant.png,OSM
Marrakech,Restaurant sans nom,Restaurant,Formel,Kaat Benahid,31.6306241,-7.9862296,icons/restaurant.png,OSM
Marrakech,Café Dar Touareg,Café,Formel,Rue Tougma,31.6195135,-7.9861978,icons/cafe.png,OSM
Marrakech,Restaurant sans nom,Restaurant,Formel,Restaurant sans nom,31.635162,-8.015502,icons/restaurant.png,OSM
Marrakech,Dar Anika,Restaurant,Formel,Dar Anika,31.6205064,-7.9858588,icons/restaurant.png,OSM
Marrakech,Restaurant sans nom,Restaurant,Formel,Boulevard el Mansour Eddahbi,31.6336801,-8.0124917,icons/restaurant.png,OSM
Marrakech,Restaurant sans nom,Restaurant,Formel,Restaurant sans nom,31.623416,-7.9900065,icons/restaurant.png,OSM
Marrakech,Fouad Snack,Restaurant,Formel,Fouad Snack,31.6361523,-7.9865791,icons/restaurant.png,OSM
Marrakech,Restaurant Mimoun,Restaurant,Formel,Restaurant Mimoun,31.6232845,-7.9867068,icons/restaurant.png,OSM
Marrakech,Restaurant sans nom,Restaurant,Formel,Restaurant sans nom,31.6166669,-7.9821087,icons/restaurant.png,OSM
Marrakech,مبشور فوود عند علي شيكسبير,Restaurant,Formel,Avenue Ibn Toumert,31.6290101,-8.0462267,icons/restaurant.png,OSM
Marrakech,La Table de la Kasbah,Restaurant,Formel,derb el hajra,31.6173944,-7.990067,icons/restaurant.png,OSM
Marrakech,Maazouz,Café,Formel,Maazouz,31.6289367,-7.9866373,icons/cafe.png,OSM
Marrakech,Los hermanos,Café,Formel,Los hermanos,31.6302836,-7.9858512,icons/cafe.png,OSM
Marrakech,Chez Lamine Hadj,Restaurant,Formel,Chez Lamine Hadj,31.6269724,-7.987707,icons/restaurant.png,OSM
Marrakech,Supermarché sans nom,Supermarché,Formel,Supermarché sans nom,31.6434731,-7.9883473,icons/supermarket.png,OSM
Marrakech,Restaurant sans nom,Restaurant,Formel,Restaurant sans nom,31.6274041,-7.9846585,icons/restaurant.png,OSM
Marrakech,Restaurant sans nom,Restaurant,Formel,Bab Agnou,31.617604,-7.9898773,icons/restaurant.png,OSM
Marrakech,El Bahriya,Restaurant,Formel,Boulevard Moulay Rachid,31.6325485,-8.011723,icons/restaurant.png,OSM
Marrakech,Djelabar,Restaurant,Formel,Djelabar,31.6291276,-8.0052925,icons/restaurant.png,OSM
Marrakech,Koulchi Zine - Rooftop Restaurant,Restaurant,Formel,Riad Zitoun Lakdim رياض الزيتون القديم,31.6217997,-7.9862192,icons/restaurant.png,OSM
Marrakech,L'atelier des Saveurs,Restaurant,Formel,L'atelier des Saveurs,31.632008,-7.9924978,icons/restaurant.png,OSM
Marrakech,Boulangerie sans nom,Boulangerie,Formel,Boulangerie sans nom,31.636018,-7.9837233,icons/bakery.png,OSM
Marrakech,Bombay Halal,Restaurant,Formel,Rue Ibn Zaidoun,31.6397515,-8.0160334,icons/restaurant.png,OSM
Marrakech,Laiterie Yacoute,Café,Formel,Derb Fahal Al Zaqriti درب فحل الزقريتي,31.6261982,-7.9910347,icons/cafe.png,OSM
Marrakech,Restaurant sans nom,Restaurant,Formel,Restaurant sans nom,31.6309613,-7.9869017,icons/restaurant.png,OSM
Marrakech,Dar Pastilla,Restaurant,Formel,Dar Pastilla,31.6260548,-7.9866615,icons/restaurant.png,OSM
Marrakech,Taj'inDarna,Restaurant,Formel,Taj'inDarna,31.625692,-7.9878371,icons/restaurant.png,OSM
Marrakech,Falafel,Restaurant,Formel,Falafel,31.6305986,-7.9863879,icons/restaurant.png,OSM
Marrakech,Baromètre Marrakech,Restaurant,Formel,Rue Moulay Ali,31.6370832,-8.0140387,icons/restaurant.png,OSM
Marrakech,Restaurant sans nom,Restaurant,Formel,Rue Mohammed el Bekal,31.6409091,-8.0173079,icons/restaurant.png,OSM
Marrakech,Restaurant sans nom,Restaurant,Formel,Restaurant sans nom,31.579898,-8.0272918,icons/restaurant.png,OSM
Marrakech,Restaurant sans nom,Restaurant,Formel,Restaurant sans nom,31.6376961,-8.0132507,icons/restaurant.png,OSM
Marrakech,Café sans nom,Café,Formel,Café sans nom,31.623055,-7.9897151,icons/cafe.png,OSM
Marrakech,Restaurant sans nom,Restaurant,Formel,Restaurant sans nom,31.6293568,-8.0081043,icons/restaurant.png,OSM
Marrakech,Restaurant sans nom,Restaurant,Formel,Restaurant sans nom,31.6301821,-8.0078565,icons/restaurant.png,OSM
Marrakech,Table de la Medina,Restaurant,Formel,Table de la Medina,31.631959,-7.9890249,icons/restaurant.png,OSM
Marrakech,Le Jardins de Guéliz,Restaurant,Formel,Le Jardins de Guéliz,31.6311393,-8.0086003,icons/restaurant.png,OSM
Marrakech,Libzar,Restaurant,Formel,Rue Moulay Ali,31.6376087,-8.0133305,icons/restaurant.png,OSM
Marrakech,Babouche Café,Restaurant,Formel,Rue Des Banques,31.6262881,-7.9868538,icons/restaurant.png,OSM
Marrakech,Kafe Merstan,Café,Formel,Souk Chaaria,31.6306165,-7.9862588,icons/cafe.png,OSM
Marrakech,Porte du monde,Restaurant,Formel,Rue Riad Zitoun El Jedid,31.6241525,-7.9850907,icons/restaurant.png,OSM
Marrakech,Chez Abdelhay,Restaurant,Formel,Chez Abdelhay,31.6321524,-7.9878536,icons/restaurant.png,OSM
Marrakech,Supermarché sans nom,Supermarché,Formel,Supermarché sans nom,31.6285959,-7.9894914,icons/supermarket.png,OSM
Marrakech,Le Warner,Restaurant,Formel,"Rue Yakoub el Marini, Marrakech",31.6298659,-8.0055242,icons/restaurant.png,OSM
Marrakech,La Maison Berbere,Restaurant,Formel,La Maison Berbere,31.6325066,-7.9890059,icons/restaurant.png,OSM
Marrakech,Supermarché sans nom,Supermarché,Formel,Supermarché sans nom,31.6405958,-7.9993516,icons/supermarket.png,OSM
Marrakech,Carrefour Market,Supermarché,Formel,Avenue Yakoub el Mansour,31.640579,-7.9994473,icons/supermarket.png,OSM
Marrakech,Carrefour,Supermarché,Formel,Carrefour,31.6501915,-8.0590801,icons/supermarket.png,OSM
Marrakech,Café sans nom,Café,Formel,Café sans nom,31.6532792,-8.0083787,icons/cafe.png,OSM
Marrakech,Restaurant sans nom,Restaurant,Formel,Restaurant sans nom,31.6338136,-8.0041205,icons/restaurant.png,OSM
Marrakech,Restaurant sans nom,Restaurant,Formel,Restaurant sans nom,31.6269938,-7.9861154,icons/restaurant.png,OSM
Marrakech,Snack La Place,Restaurant,Formel,Snack La Place,31.6262209,-7.988433,icons/restaurant.png,OSM
Marrakech,Restaurant sans nom,Restaurant,Formel,Restaurant sans nom,31.6308838,-7.9869434,icons/restaurant.png,OSM
Marrakech,Sinatra,Restaurant,Formel,Sinatra,31.6341373,-8.0137132,icons/restaurant.png,OSM
Marrakech,Snack Abderrahim,Restaurant,Formel,Snack Abderrahim,31.6326612,-8.0148724,icons/restaurant.png,OSM
Marrakech,Lounge Le Maestro,Restaurant,Formel,Lounge Le Maestro,31.6349273,-8.0139884,icons/restaurant.png,OSM
Marrakech,Restaurant sans nom,Restaurant,Formel,Restaurant sans nom,31.6272956,-7.9884904,icons/restaurant.png,OSM
Marrakech,Chinguitti Fiber,Café,Formel,Chinguitti Fiber,31.6289997,-7.9868885,icons/cafe.png,OSM
Marrakech,Restaurant sans nom,Restaurant,Formel,Restaurant sans nom,31.6338709,-7.9913618,icons/restaurant.png,OSM
Marrakech,Pharmacie Ezzahraoui صيدلية الزهراوي,Parapharmacie,Formel,Marrakech,31.6388374,-8.0362589,icons/pharmacy.png,OSM
Marrakech,Local Tajine 20dr,Café,Formel,Local Tajine 20dr,31.6200876,-7.9896833,icons/cafe.png,OSM
Marrakech,Restaurant sans nom,Restaurant,Formel,Restaurant sans nom,31.6243263,-7.9888705,icons/restaurant.png,OSM
Marrakech,Restaurant sans nom,Restaurant,Formel,Restaurant sans nom,31.6335219,-7.9902149,icons/restaurant.png,OSM
Marrakech,Markthalle,Supérette / Mini-market,Formel,Markthalle,31.620205,-7.9868837,icons/convenience.png,OSM
Marrakech,Bloom Coffee,Café,Formel,Bloom Coffee,31.6729586,-8.0350812,icons/cafe.png,OSM
Marrakech,Roti Shop Marrakech,Restaurant,Formel,Roti Shop Marrakech,31.6762731,-8.0196907,icons/restaurant.png,OSM
Marrakech,Restaurant sans nom,Restaurant,Formel,Restaurant sans nom,31.626647,-8.0267826,icons/restaurant.png,OSM
Marrakech,Saladbox Semlalia,Restaurant,Formel,Saladbox Semlalia,31.6433859,-8.0187036,icons/restaurant.png,OSM
Marrakech,Ostrich Cafe,Café,Formel,Ostrich Cafe,31.6170519,-7.9890004,icons/cafe.png,OSM
Marrakech,Restaurant Ksar El Hamra,Restaurant,Formel,Restaurant Ksar El Hamra,31.622832,-7.9857005,icons/restaurant.png,OSM
Marrakech,Restaurant sans nom,Restaurant,Formel,Restaurant sans nom,31.6231883,-7.9890326,icons/restaurant.png,OSM
Marrakech,Souk Ableuh,Épicerie,Informel,Souk Ableuh,31.6270286,-7.9878047,icons/greengrocer.png,OSM
Marrakech,Exotic Bai,Restaurant,Formel,Exotic Bai,31.6335048,-7.9894545,icons/restaurant.png,OSM
Marrakech,Chez Rachid,Restaurant,Formel,Chez Rachid,31.6326565,-7.9876544,icons/restaurant.png,OSM
Marrakech,Relais de Paris & Lounge Marrakech,Restaurant,Formel,"Boulevard Mohamed VI, Marrakech ⵎⵕⵕⴰⴽⵯⵛ مراكش",31.5783005,-7.9828023,icons/restaurant.png,OSM
Marrakech,Casa José,Restaurant,Formel,Casa José,31.6305819,-8.0082107,icons/restaurant.png,OSM
Marrakech,le petit cornichon,Restaurant,Formel,le petit cornichon,31.6377248,-8.0130445,icons/restaurant.png,OSM
Marrakech,Spicy,Restaurant,Formel,Spicy,31.6377005,-8.0163861,icons/restaurant.png,OSM
Marrakech,bazar gourmand,Restaurant,Formel,bazar gourmand,31.6348566,-8.0126639,icons/restaurant.png,OSM
Marrakech,Restaurant sans nom,Restaurant,Formel,Restaurant sans nom,31.6342962,-8.0099975,icons/restaurant.png,OSM
Marrakech,VERSACE Restaurant & Lounge,Restaurant,Formel,"Avenue du 7eme Art, marrakech",31.5936706,-7.9887779,icons/restaurant.png,OSM
Marrakech,دار الطاجين,Restaurant,Formel,دار الطاجين,31.657651,-8.0160651,icons/restaurant.png,OSM
Marrakech,Restaurant sans nom,Restaurant,Formel,Restaurant sans nom,31.6238852,-7.9871183,icons/restaurant.png,OSM
Marrakech,Safra de Gueliz,Restaurant,Formel,Safra de Gueliz,31.6306826,-8.0082164,icons/restaurant.png,OSM
Marrakech,Supérette / Mini-market sans nom,Supérette / Mini-market,Formel,Supérette / Mini-market sans nom,31.6327595,-7.9873267,icons/convenience.png,OSM
Marrakech,Restaurant sans nom,Restaurant,Formel,Restaurant sans nom,31.6303772,-8.0059907,icons/restaurant.png,OSM
Marrakech,Snac Elbahria,Restaurant,Formel,Snac Elbahria,31.6325055,-8.0117092,icons/restaurant.png,OSM
Marrakech,Pharmacie Bab Fteuh صيدلية باب فتوح,Parapharmacie,Formel,Marrakech ⵎⵕⵕⴰⴽⵯⵛ مراكش,31.6273414,-7.9893007,icons/pharmacy.png,OSM
Marrakech,Restaurant sans nom,Restaurant,Formel,Restaurant sans nom,31.6306236,-7.9948593,icons/restaurant.png,OSM
Marrakech,Café sans nom,Café,Formel,Café sans nom,31.6331467,-8.0044547,icons/cafe.png,OSM
Marrakech,KABANA ROOFTOP FOOD & COCKTAILS,Restaurant,Formel,Rue Fatima Zahra,31.6353404,-8.0649224,icons/restaurant.png,OSM
Marrakech,Dar Chef,Restaurant,Formel,Route Kennaria Dbchi,31.6254683,-7.9861714,icons/restaurant.png,OSM
Marrakech,Le Samovar,Café,Formel,Passage Prince Moulay Rachid,31.6251823,-7.9887164,icons/cafe.png,OSM
Marrakech,Boulangerie sans nom,Boulangerie,Formel,Rue Hassania,31.634998,-8.0081073,icons/bakery.png,OSM
Marrakech,Restaurant sans nom,Restaurant,Formel,Restaurant sans nom,31.6270469,-7.9861262,icons/restaurant.png,OSM
Marrakech,Boulangerie sans nom,Boulangerie,Formel,Boulangerie sans nom,31.6246018,-7.9853709,icons/bakery.png,OSM
Marrakech,Carrefour,Supermarché,Formel,Carrefour,31.6290769,-8.0029904,icons/supermarket.png,OSM
Marrakech,Broc The Kasbah,Restaurant,Formel,Rue Riad Laarous,31.6340021,-7.9907756,icons/restaurant.png,OSM
Marrakech,Supérette / Mini-market sans nom,Supérette / Mini-market,Formel,Supérette / Mini-market sans nom,31.6245276,-7.9836282,icons/convenience.png,OSM
Marrakech,Supérette / Mini-market sans nom,Supérette / Mini-market,Formel,Supérette / Mini-market sans nom,31.623906,-7.9833728,icons/convenience.png,OSM
Marrakech,Supérette / Mini-market sans nom,Supérette / Mini-market,Formel,Supérette / Mini-market sans nom,31.6244209,-7.9835275,icons/convenience.png,OSM
Marrakech,La Cantine des Gacelles,Restaurant,Formel,La Cantine des Gacelles,31.62587,-7.9862336,icons/restaurant.png,OSM
Marrakech,Café sans nom,Café,Formel,Café sans nom,31.6307318,-7.9866499,icons/cafe.png,OSM
Marrakech,Restaurant sans nom,Restaurant,Formel,Derb el Hamam Issebtyine,31.6315262,-7.9828184,icons/restaurant.png,OSM
Marrakech,Restaurant sans nom,Restaurant,Formel,Restaurant sans nom,31.6244495,-7.9873157,icons/restaurant.png,OSM
Marrakech,Restaurant Falafil,Restaurant,Formel,Restaurant Falafil,31.6308462,-7.9867265,icons/restaurant.png,OSM
Marrakech,Restaurant sans nom,Restaurant,Formel,Boulevard Moulay Rachid,31.6325585,-8.0119563,icons/restaurant.png,OSM
Marrakech,Restaurant Mythe,Restaurant,Formel,Restaurant Mythe,31.6271837,-7.9876473,icons/restaurant.png,OSM
Marrakech,Le Saadi,Restaurant,Formel,Le Saadi,31.6222402,-8.0043179,icons/restaurant.png,OSM
Marrakech,La bonne adresse,Restaurant,Formel,La bonne adresse,31.6402251,-8.0017427,icons/restaurant.png,OSM
Marrakech,Burger King,Restaurant,Formel,Burger King,31.6181422,-8.0095104,icons/restaurant.png,OSM
Marrakech,Le 165 café,Café,Formel,Le 165 café,31.6345641,-8.0121478,icons/cafe.png,OSM
Marrakech,Pharmacie Al Atlas صيدلية الأطلس,Parapharmacie,Formel,"Rue Loubnane, Marrakech",31.6349944,-8.0095608,icons/pharmacy.png,OSM
Marrakech,Boulangerie sans nom,Boulangerie,Formel,Boulangerie sans nom,31.617342,-7.9895453,icons/bakery.png,OSM
Marrakech,Supérette / Mini-market sans nom,Supérette / Mini-market,Formel,Supérette / Mini-market sans nom,31.6371598,-8.0211004,icons/convenience.png,OSM
Marrakech,Restaurant sans nom,Restaurant,Formel,Restaurant sans nom,31.6175499,-8.009942,icons/restaurant.png,OSM
Marrakech,Restaurant sans nom,Restaurant,Formel,Restaurant sans nom,31.6176347,-8.0097124,icons/restaurant.png,OSM
Marrakech,Restaurant sans nom,Restaurant,Formel,Restaurant sans nom,31.6136104,-7.9878039,icons/restaurant.png,OSM
Marrakech,Café sans nom,Café,Formel,Café sans nom,31.6271836,-7.9888676,icons/cafe.png,OSM
Marrakech,Restaurant sans nom,Restaurant,Formel,Restaurant sans nom,31.6203906,-7.9845787,icons/restaurant.png,OSM
Marrakech,Amoud,Boulangerie,Formel,Amoud,31.6528401,-8.0197106,icons/bakery.png,OSM
Marrakech,Restaurant sans nom,Restaurant,Formel,Restaurant sans nom,31.6340791,-7.9906886,icons/restaurant.png,OSM
Marrakech,Exotic Bali,Restaurant,Formel,Derb Chentouf,31.6336166,-7.9891467,icons/restaurant.png,OSM
Marrakech,Restaurant sans nom,Restaurant,Formel,Restaurant sans nom,31.6310044,-8.0055562,icons/restaurant.png,OSM
Marrakech,Restaurant sans nom,Restaurant,Formel,Restaurant sans nom,31.6205636,-7.9925654,icons/restaurant.png,OSM
Marrakech,Dat L'hssira,Restaurant,Formel,Dat L'hssira,31.6312402,-7.9827191,icons/restaurant.png,OSM
Marrakech,Restaurant sans nom,Restaurant,Formel,Rue Riad Zitoun El Jedid,31.6243747,-7.9853096,icons/restaurant.png,OSM
Marrakech,Restaurant sans nom,Restaurant,Formel,Restaurant sans nom,31.6301435,-7.9894245,icons/restaurant.png,OSM
Marrakech,Exotic Bali,Restaurant,Formel,Rue Badr,31.631894,-8.0064152,icons/restaurant.png,OSM
Marrakech,Supermarché sans nom,Supermarché,Formel,Supermarché sans nom,31.6261988,-7.9912163,icons/supermarket.png,OSM
Marrakech,Supermarché sans nom,Supermarché,Formel,Supermarché sans nom,31.6205476,-7.9837913,icons/supermarket.png,OSM
Marrakech,Parapharmacie sans nom,Parapharmacie,Formel,Parapharmacie sans nom,31.6242805,-7.9850981,icons/pharmacy.png,OSM
Marrakech,Parapharmacie sans nom,Parapharmacie,Formel,Parapharmacie sans nom,31.6248635,-7.985449,icons/pharmacy.png,OSM
Marrakech,Herbalist,Parapharmacie,Formel,Herbalist,31.6328144,-7.9831368,icons/pharmacy.png,OSM
Marrakech,Chez Ben Driss,Restaurant,Formel,Chez Ben Driss,31.625492,-7.9877985,icons/restaurant.png,OSM
Marrakech,Patosserie Marrocain,Boulangerie,Formel,Patosserie Marrocain,31.627259,-7.9852421,icons/bakery.png,OSM
Marrakech,Café sans nom,Café,Formel,Café sans nom,31.5722453,-8.0708799,icons/cafe.png,OSM
Marrakech,دار الحصيرة,Restaurant,Formel,Rue Tachenbacht,31.6315072,-7.9827201,icons/restaurant.png,OSM
Marrakech,Restaurant sans nom,Restaurant,Formel,Avenue Prince Moulay Rachid,31.6175652,-8.0096799,icons/restaurant.png,OSM
Marrakech,Restaurant sans nom,Restaurant,Formel,"Kissariat Ben Khaled R’Mila, Rue Lalla Fatima Zahra",31.6259383,-7.9928622,icons/restaurant.png,OSM
Marrakech,Café sans nom,Café,Formel,Route Sidi Abelaziz,31.6315206,-7.9925609,icons/cafe.png,OSM
Marrakech,Restaurant sans nom,Restaurant,Formel,Boulevard Mohammed VI شارع محمد السادس,31.6388935,-8.0218763,icons/restaurant.png,OSM
Marrakech,Pharmacie Jnan Slimane صيدلية جنان سليمان,Parapharmacie,Formel,Marrakech ⵎⵕⵕⴰⴽⵯⵛ مراكش,31.5750694,-8.0613534,icons/pharmacy.png,OSM
Marrakech,Pharmacie Bab Assalam صيدلية باب السلام,Parapharmacie,Formel,Marrakech ⵎⵕⵕⴰⴽⵯⵛ مراكش,31.5739845,-8.0623771,icons/pharmacy.png,OSM
Marrakech,Pharmacie Oudghiri صيدلية الودغيري,Parapharmacie,Formel,Marrakech,31.5797725,-8.0543781,icons/pharmacy.png,OSM
Marrakech,Pharmacie Essajda صيدلية السجدة,Parapharmacie,Formel,Marrakech ⵎⵕⵕⴰⴽⵯⵛ مراكش,31.575099,-8.0559343,icons/pharmacy.png,OSM
Marrakech,Pharmacie Wahab صيدلية وهاب,Parapharmacie,Formel,"Avenue Guemassa, Marrakech ⵎⵕⵕⴰⴽⵯⵛ مراكش",31.5789321,-8.0575357,icons/pharmacy.png,OSM
Marrakech,Pharmacie Abraj El Koutoubia صيدلية أبراج الكتبية,Parapharmacie,Formel,Marrakech ⵎⵕⵕⴰⴽⵯⵛ مراكش,31.5764072,-8.0606894,icons/pharmacy.png,OSM
Marrakech,Pharmacie Le Croissant Vert صيدلية الهلال الأخضر,Parapharmacie,Formel,Marrakech ⵎⵕⵕⴰⴽⵯⵛ مراكش,31.5798894,-8.0609568,icons/pharmacy.png,OSM
Marrakech,Pharmacie Hay Al Bahja صيدلية حي البهجة,Parapharmacie,Formel,Marrakech,31.5645564,-8.0779626,icons/pharmacy.png,OSM
Marrakech,Pharmacie Abwab Lamhamid صيدلية أبواب لمحاميد,Parapharmacie,Formel,Marrakech ⵎⵕⵕⴰⴽⵯⵛ مراكش,31.5708934,-8.0718611,icons/pharmacy.png,OSM
Marrakech,Pharmacie Berradi Centrale صيدلية برادي المركزية,Parapharmacie,Formel,Marrakech,31.584577,-8.0557391,icons/pharmacy.png,OSM
Marrakech,Pharmacie Benouhoud صيدلية بنوهود,Parapharmacie,Formel,Marrakech ⵎⵕⵕⴰⴽⵯⵛ مراكش,31.5737218,-8.0684727,icons/pharmacy.png,OSM
Marrakech,Pharmacie Arraha Chkili صيدلية الراحة الشكيلي,Parapharmacie,Formel,"Avenue Guemassa, Marrakech",31.5839249,-8.0484817,icons/pharmacy.png,OSM
Marrakech,Pharmacie Nassim صيدلية نسيم,Parapharmacie,Formel,Marrakech,31.5822361,-8.0533653,icons/pharmacy.png,OSM
Marrakech,Pharmacie Oscar صيدلية أوسكار,Parapharmacie,Formel,Marrakech,31.5850176,-8.0520612,icons/pharmacy.png,OSM
Marrakech,Pharmacie Al Majd صيدلية المجد,Parapharmacie,Formel,"Avenue El Ouaha شارع الواحة, Marrakech",31.589295,-8.0524423,icons/pharmacy.png,OSM
Marrakech,Pharmacie Urgence صيدلية المستعجلات,Parapharmacie,Formel,Marrakech ⵎⵕⵕⴰⴽⵯⵛ مراكش,31.5872533,-8.0493067,icons/pharmacy.png,OSM
Marrakech,Pharmacie Kezibri صيدلية قزيبري,Parapharmacie,Formel,Marrakech,31.596332,-8.0596893,icons/pharmacy.png,OSM
Marrakech,Pharmacie Rania صيدلية رانيا,Parapharmacie,Formel,Marrakech ⵎⵕⵕⴰⴽⵯⵛ مراكش,31.5900764,-8.0624818,icons/pharmacy.png,OSM
Marrakech,Pharmacie Ouirgane صيدلية ويركان,Parapharmacie,Formel,Marrakech,31.5931765,-8.0508109,icons/pharmacy.png,OSM
Marrakech,Pharmacie El Housna صيدلية الحسنى,Parapharmacie,Formel,Marrakech,31.5922271,-8.0534202,icons/pharmacy.png,OSM
Marrakech,Pharmacie Ibn Sina صيدلية ابن سينا,Parapharmacie,Formel,Marrakech,31.6012652,-8.0554626,icons/pharmacy.png,OSM
Marrakech,Pharmacie Noun Oualkalam صيدلية نون و القلم,Parapharmacie,Formel,Marrakech,31.6009541,-8.0545602,icons/pharmacy.png,OSM
Marrakech,Pharmacie Les Résidences Nouha صيدلية إقامات نهى,Parapharmacie,Formel,"Avenue Sijilmassa, Marrakech",31.6038397,-8.0515899,icons/pharmacy.png,OSM
Marrakech,Pharmacie Adrar صيدلية أدرار,Parapharmacie,Formel,"Avenue Al Mokhtar Soussi, Marrakech",31.5992462,-8.0523038,icons/pharmacy.png,OSM
Marrakech,Pharmacie Hay Zakariaa صيدلية حي زكرياء,Parapharmacie,Formel,Marrakech,31.5979103,-8.0553251,icons/pharmacy.png,OSM
Marrakech,Pharmacie Al Imane صيدلية الإيمان,Parapharmacie,Formel,"Avenue Al Orouba, Marrakech",31.5999167,-8.0464078,icons/pharmacy.png,OSM
Marrakech,Pharmacie Simou صيدلية سيمو,Parapharmacie,Formel,"Avenue Al Mokhtar Soussi, Marrakech",31.600799,-8.0497764,icons/pharmacy.png,OSM
Marrakech,Pharmacie Fath Al Andalous صيدلية فتح الأندلس,Parapharmacie,Formel,Marrakech,31.5951172,-8.0558646,icons/pharmacy.png,OSM
Marrakech,Pharmacie Laarif صيدلية لعريف,Parapharmacie,Formel,"Avenue Guelmim شارع كلميم, Avenue Al Mokhtar Soussi",31.5964238,-8.0527792,icons/pharmacy.png,OSM
Marrakech,Pharmacie Al Ousra صيدلية الأسرة,Parapharmacie,Formel,Marrakech ⵎⵕⵕⴰⴽⵯⵛ مراكش,31.5893153,-8.0396545,icons/pharmacy.png,OSM
Marrakech,Pharmacie Ighly صيدلية إغلي,Parapharmacie,Formel,"Avenue Riddani, Marrakech ⵎⵕⵕⴰⴽⵯⵛ مراكش",31.5878275,-8.0418871,icons/pharmacy.png,OSM
Marrakech,Pharmacie Raja صيدلية الرجاء,Parapharmacie,Formel,Marrakech,31.5976381,-8.0470227,icons/pharmacy.png,OSM
Marrakech,Pharmacie Zahra Azzohor صيدلية زهرة الزهور,Parapharmacie,Formel,Marrakech ⵎⵕⵕⴰⴽⵯⵛ مراكش,31.5988971,-8.043104,icons/pharmacy.png,OSM
Marrakech,Pharmacie Annahda صيدلية النهضة,Parapharmacie,Formel,"Avenue M'Hamid, Marrakech",31.5970748,-8.0435993,icons/pharmacy.png,OSM
Marrakech,Pharmacie Ibn Zohr صيدلية ابن زهر,Parapharmacie,Formel,Marrakech ⵎⵕⵕⴰⴽⵯⵛ مراكش,31.6003671,-8.0329125,icons/pharmacy.png,OSM
Marrakech,Pharmacie Masjid Nahda صيدلية مسجد النهضة,Parapharmacie,Formel,Marrakech,31.6014089,-8.0378945,icons/pharmacy.png,OSM
Marrakech,Pharmacie Al Akwas صيدلية الأقواس,Parapharmacie,Formel,Marrakech,31.5981715,-8.0338547,icons/pharmacy.png,OSM
Marrakech,Pharmacie Saada 5 صيدلية السعادة,Parapharmacie,Formel,"Avenue El Ouaha شارع الواحة, Marrakech",31.5902817,-8.0489984,icons/pharmacy.png,OSM
Marrakech,Pharmacie Toukram صيدلية تكرم,Parapharmacie,Formel,"Avenue Imam Mouslim, Marrakech",31.5901816,-8.0457931,icons/pharmacy.png,OSM
Marrakech,Pharmacie Assafae صيدلية الصفاء,Parapharmacie,Formel,"Avenue Al Khalij, Marrakech ⵎⵕⵕⴰⴽⵯⵛ مراكش",31.5922771,-8.0385072,icons/pharmacy.png,OSM
Marrakech,Pharmacie Nakhil M'Hamid صيدلية نخيل المحاميد,Parapharmacie,Formel,"Avenue Nakhil شارع النخيل, Marrakech ⵎⵕⵕⴰⴽⵯⵛ مراكش",31.5945035,-8.0418551,icons/pharmacy.png,OSM
Marrakech,Pharmacie Al Badre صيدلية البدر,Parapharmacie,Formel,"Avenue Al Khalij, Marrakech ⵎⵕⵕⴰⴽⵯⵛ مراكش",31.5918409,-8.0419904,icons/pharmacy.png,OSM
Marrakech,Pharmacie Lina صيدلية لينة,Parapharmacie,Formel,Marrakech ⵎⵕⵕⴰⴽⵯⵛ مراكش,31.5965232,-8.0391624,icons/pharmacy.png,OSM
Marrakech,Grande Pharmacie M'Hamid الصيدلية الكبرى المحاميد,Parapharmacie,Formel,"Avenue Al Hijaz, Marrakech",31.5965801,-8.0350969,icons/pharmacy.png,OSM
Marrakech,Pharmacie Al Matar صيدلية المطار,Parapharmacie,Formel,"Avenue Guemassa, Marrakech ⵎⵕⵕⴰⴽⵯⵛ مراكش",31.5924724,-8.031882,icons/pharmacy.png,OSM
Marrakech,Pharmacie Miftah Al Atlas صيدلية مفتاح الأطلس,Parapharmacie,Formel,Marrakech,31.5861113,-8.0312374,icons/pharmacy.png,OSM
Marrakech,Pharmacie Skalli صيدلية الصقلي,Parapharmacie,Formel,"Avenue El Hanna, Marrakech ⵎⵕⵕⴰⴽⵯⵛ مراكش",31.5951819,-8.0290308,icons/pharmacy.png,OSM
Marrakech,Pharmacie Hopital Régional صيدلية المستشفى الجامعي,Parapharmacie,Formel,Marrakech ⵎⵕⵕⴰⴽⵯⵛ مراكش,31.5881484,-8.0285595,icons/pharmacy.png,OSM
Marrakech,Pharmacie Qortoba صيدلية قرطبة,Parapharmacie,Formel,Marrakech,31.5919487,-8.0270787,icons/pharmacy.png,OSM
Marrakech,Pharmacie Principale Chrifia الصيدلية الرئيسية الشريفية,Parapharmacie,Formel,Marrakech,31.5872981,-8.0239658,icons/pharmacy.png,OSM
Marrakech,Pharmacie Oualili صيدلية وليلي,Parapharmacie,Formel,Marrakech ⵎⵕⵕⴰⴽⵯⵛ مراكش,31.5910531,-8.0246644,icons/pharmacy.png,OSM
Marrakech,Pharmacie Jardin Hay Chrifia صيدلية حدائق الشريفية,Parapharmacie,Formel,"Rue des écoles, Marrakech",31.5895537,-8.0218567,icons/pharmacy.png,OSM
Marrakech,Pharmacie Bouakaz صيدلية بوعكاز,Parapharmacie,Formel,Marrakech,31.5952927,-8.0230089,icons/pharmacy.png,OSM
Marrakech,Pharmacie Salma صيدلية سلمى,Parapharmacie,Formel,Marrakech ⵎⵕⵕⴰⴽⵯⵛ مراكش,31.5945653,-8.0188833,icons/pharmacy.png,OSM
Marrakech,Pharmacie Al Hamd صيدلية الحمد,Parapharmacie,Formel,Marrakech ⵎⵕⵕⴰⴽⵯⵛ مراكش,31.5944487,-8.0263045,icons/pharmacy.png,OSM
Marrakech,Pharmacie Al Manal صيدلية المنال,Parapharmacie,Formel,Marrakech ⵎⵕⵕⴰⴽⵯⵛ مراكش,31.5974734,-8.0206438,icons/pharmacy.png,OSM
Marrakech,Pharmacie Kabbadj صيدلية القباج,Parapharmacie,Formel,Marrakech ⵎⵕⵕⴰⴽⵯⵛ مراكش,31.5924249,-8.0218114,icons/pharmacy.png,OSM
Marrakech,Pharmacie Al Hanaa صيدلية الهناء,Parapharmacie,Formel,Marrakech ⵎⵕⵕⴰⴽⵯⵛ مراكش,31.5744677,-7.9828115,icons/pharmacy.png,OSM
Marrakech,Pharmacie Koukou صيدلية كوكو,Parapharmacie,Formel,Marrakech ⵎⵕⵕⴰⴽⵯⵛ مراكش,31.5747975,-7.9679645,icons/pharmacy.png,OSM
Marrakech,Pharmacie Taha Yassine صيدلية طه يس,Parapharmacie,Formel,Marrakech ⵎⵕⵕⴰⴽⵯⵛ مراكش,31.5744373,-7.9639323,icons/pharmacy.png,OSM
Marrakech,Pharmacie Dalal صيدلية دلال,Parapharmacie,Formel,Marrakech,31.5703863,-7.9628919,icons/pharmacy.png,OSM
Marrakech,Pharmacie Al Mazar صيدلية المزار,Parapharmacie,Formel,"Rue Oqba Ben Nafaa, Marrakech",31.5928873,-7.9860777,icons/pharmacy.png,OSM
Marrakech,Pharmacie Aya صيدلية اَية,Parapharmacie,Formel,"Avenue Al Adarissa, Marrakech",31.5945755,-7.9638132,icons/pharmacy.png,OSM
Marrakech,Pharmacie Hay El Jadid صيدلية الحي الجديد,Parapharmacie,Formel,Marrakech,31.5947618,-7.9603063,icons/pharmacy.png,OSM
Marrakech,Pharmacie Wahat Sidi Youssef صيدلية واحة سيدي يوسف,Parapharmacie,Formel,"Avenue Al Mariniyine, Marrakech",31.5994672,-7.9608071,icons/pharmacy.png,OSM
Marrakech,Pharmacie El kheir صيدلية الخير,Parapharmacie,Formel,Marrakech,31.5979843,-7.957198,icons/pharmacy.png,OSM
Marrakech,Pharmacie la Palestine صيدلية فلسطين,Parapharmacie,Formel,Marrakech ⵎⵕⵕⴰⴽⵯⵛ مراكش,31.6021953,-7.9692486,icons/pharmacy.png,OSM
Marrakech,Pharmacie Jbilet صيدلية الجبيلات,Parapharmacie,Formel,"Rue Al Khoukha, Marrakech ⵎⵕⵕⴰⴽⵯⵛ مراكش",31.6028393,-7.965915,icons/pharmacy.png,OSM
Marrakech,Pharmacie Hadji صيدلية حاجي,Parapharmacie,Formel,"Rue Imam Chafii, Marrakech",31.6057094,-7.9583399,icons/pharmacy.png,OSM
Marrakech,Pharmacie Tensift صيدلية تانسيفت,Parapharmacie,Formel,Marrakech,31.6049546,-7.9632764,icons/pharmacy.png,OSM
Marrakech,Pharmacie Riad صيدلية رياض,Parapharmacie,Formel,Marrakech ⵎⵕⵕⴰⴽⵯⵛ مراكش,31.604032,-7.9714257,icons/pharmacy.png,OSM
Marrakech,Pharmacie Nassir صيدلية ناصر,Parapharmacie,Formel,"طريق الضريح, Marrakech",31.6099004,-7.9576564,icons/pharmacy.png,OSM
Marrakech,Pharmacie Du Complexe صيدلية المركب,Parapharmacie,Formel,"Avenue Fatima Al Fihria, Marrakech ⵎⵕⵕⴰⴽⵯⵛ مراكش",31.6073853,-7.9695712,icons/pharmacy.png,OSM
Marrakech,Pharmacie Al Farabi صيدلية الفرابي,Parapharmacie,Formel,"Avenue As-Saquia, Marrakech ⵎⵕⵕⴰⴽⵯⵛ مراكش",31.6083248,-7.966259,icons/pharmacy.png,OSM
Marrakech,Pharmacie Jnane صيدلية جنان,Parapharmacie,Formel,Marrakech ⵎⵕⵕⴰⴽⵯⵛ مراكش,31.609758,-7.9708549,icons/pharmacy.png,OSM
Marrakech,Pharmacie Al Madariss صيدلية المدارس,Parapharmacie,Formel,"Avenue Al Madariss, Marrakech ⵎⵕⵕⴰⴽⵯⵛ مراكش",31.6107807,-7.9681023,icons/pharmacy.png,OSM
Marrakech,Pharmacie Ibn Khaldoun صيدلية ابن خلدون,Parapharmacie,Formel,"Avenue El Houria, Marrakech ⵎⵕⵕⴰⴽⵯⵛ مراكش",31.6130191,-7.9725498,icons/pharmacy.png,OSM
Marrakech,Pharmacie Sidi Youssef صيدلية سيدي يوسف,Parapharmacie,Formel,"Avenue Al Madariss, Marrakech ⵎⵕⵕⴰⴽⵯⵛ مراكش",31.6161842,-7.9705276,icons/pharmacy.png,OSM
Marrakech,Pharmacie Al Mssalla صيدلية المصلى,Parapharmacie,Formel,"Avenue Al Madariss, Marrakech ⵎⵕⵕⴰⴽⵯⵛ مراكش",31.6135253,-7.9693822,icons/pharmacy.png,OSM
Marrakech,Pharmacie Derb Al Makina صيدلية درب الماكينة,Parapharmacie,Formel,Marrakech ⵎⵕⵕⴰⴽⵯⵛ مراكش,31.6151294,-7.9678121,icons/pharmacy.png,OSM
Marrakech,Pharmacie du Golf صيدلية الكولف,Parapharmacie,Formel,"Route Darih, Marrakech",31.6227802,-7.971606,icons/pharmacy.png,OSM
Marrakech,Pharmacie Houman Al Fatouaki صيدلية حمان الفطواكي,Parapharmacie,Formel,"Avenue Houman Al Fatouaki, Marrakech ⵎⵕⵕⴰⴽⵯⵛ مراكش",31.6208724,-7.9703436,icons/pharmacy.png,OSM
Marrakech,Pharmacie Baghdad صيدلية بغداد,Parapharmacie,Formel,"طريق الضريح, Marrakech",31.6210808,-7.9681155,icons/pharmacy.png,OSM
Marrakech,Pharmacie Idrissi صيدلية إدريسي,Parapharmacie,Formel,"Avenue Homane Al Fatouaki, Marrakech ⵎⵕⵕⴰⴽⵯⵛ مراكش",31.6186649,-7.9699335,icons/pharmacy.png,OSM
Marrakech,Pharmacie Hind صيدلية هند,Parapharmacie,Formel,"Rue de Bab Hmar, Marrakech ⵎⵕⵕⴰⴽⵯⵛ مراكش",31.6146223,-7.9769635,icons/pharmacy.png,OSM
Marrakech,Pharmacie Sidi Youssef Ben Ali صيدلية سيدي يوسف بن علي,Parapharmacie,Formel,"Derb Agouram درب اڭرام, Marrakech",31.6144868,-7.9642887,icons/pharmacy.png,OSM
Marrakech,Pharmacie Ibn Tachfine صيدلية ابن تاشفين,Parapharmacie,Formel,"Avenue Msalla, Marrakech",31.6125708,-7.9649568,icons/pharmacy.png,OSM
Marrakech,Pharmacie El Mansour Eddahbi صيدلية المنصور الذهبي,Parapharmacie,Formel,"Rue de Berrima, Marrakech ⵎⵕⵕⴰⴽⵯⵛ مراكش",31.6151207,-7.979734,icons/pharmacy.png,OSM
Marrakech,Al Khalil صيدلية الخليل,Parapharmacie,Formel,"Tariq Makhzen, Marrakech ⵎⵕⵕⴰⴽⵯⵛ مراكش",31.6132322,-7.9868341,icons/pharmacy.png,OSM
Marrakech,Pharmacie Saadiens صيدلية السعديين,Parapharmacie,Formel,"Rue de la Kasbah, Marrakech ⵎⵕⵕⴰⴽⵯⵛ مراكش",31.6168888,-7.9893335,icons/pharmacy.png,OSM
Marrakech,Pharmacie Mamounia صيدلية المامونية,Parapharmacie,Formel,"Rue Lalla Rkia, Marrakech ⵎⵕⵕⴰⴽⵯⵛ مراكش",31.6198585,-7.9907455,icons/pharmacy.png,OSM
Marrakech,Pharmacie Al Badii صيدلية البديع,Parapharmacie,Formel,"Rue de Berrima, Marrakech ⵎⵕⵕⴰⴽⵯⵛ مراكش",31.6167353,-7.9815264,icons/pharmacy.png,OSM
Marrakech,Pharmacie Jnane El Afia صيدلية جنان العافية,Parapharmacie,Formel,"Taoualat El Miâra, Marrakech ⵎⵕⵕⴰⴽⵯⵛ مراكش",31.6203307,-7.9804821,icons/pharmacy.png,OSM
Marrakech,Pharmacie Arafat صيدلية عرفات,Parapharmacie,Formel,Marrakech ⵎⵕⵕⴰⴽⵯⵛ مراكش,31.6247339,-8.0719908,icons/pharmacy.png,OSM
Marrakech,Pharmacie Fakhara صيدلية فخارة,Parapharmacie,Formel,"Avenue Essaouira طريق الصويرة, Marrakech ⵎⵕⵕⴰⴽⵯⵛ مراكش",31.6281073,-8.0915033,icons/pharmacy.png,OSM
Marrakech,Pharmacie La Famille صيدلية الأسرة,Parapharmacie,Formel,Marrakech,31.6132656,-8.0486328,icons/pharmacy.png,OSM
Marrakech,Pharmacie Al Ikhlass صيدلية الإخلاص,Parapharmacie,Formel,Marrakech,31.6166461,-8.0541346,icons/pharmacy.png,OSM
Marrakech,Pharmacie Vidal صيدلية فيدال,Parapharmacie,Formel,Marrakech,31.613547,-8.055466,icons/pharmacy.png,OSM
Marrakech,Pharmacie Soufiane صيدلية سفيان,Parapharmacie,Formel,"Avenue du Rhin, Marrakech",31.6177906,-8.0486138,icons/pharmacy.png,OSM
Marrakech,Pharmacie Al Hilal صيدلية الهلال,Parapharmacie,Formel,Marrakech,31.6178995,-8.0559198,icons/pharmacy.png,OSM
Marrakech,Pharmacie Hay Tachfin صيدلية حي تاشفين,Parapharmacie,Formel,Marrakech,31.6204715,-8.0450685,icons/pharmacy.png,OSM
Marrakech,Pharmacie Le Laurier صيدلية لوريي,Parapharmacie,Formel,"Avenue Mohammadia, Marrakech",31.622047,-8.0486222,icons/pharmacy.png,OSM
Marrakech,Pharmacie Yassine صيدلية ياسين,Parapharmacie,Formel,Marrakech,31.6214204,-8.0565406,icons/pharmacy.png,OSM
Marrakech,Pharmacie Karam صيدلية كرم,Parapharmacie,Formel,"Rue Chajarat El Filine, Marrakech",31.6152208,-8.0625566,icons/pharmacy.png,OSM
Marrakech,Pharmacie Socoma صيدلية صوكوما,Parapharmacie,Formel,"Avenue Laayoune, Marrakech",31.6189672,-8.0584233,icons/pharmacy.png,OSM
Marrakech,Pharmacie Ennour صيدلية النور,Parapharmacie,Formel,"Rue Chajarat Azzaytoun, Marrakech",31.6183967,-8.0658078,icons/pharmacy.png,OSM
Marrakech,Pharmacie Jasmin صيدلية الياسمين,Parapharmacie,Formel,Marrakech,31.6176531,-8.0615606,icons/pharmacy.png,OSM
Marrakech,Pharmacie Oumaima صيدلية أميمة,Parapharmacie,Formel,"Rue Zoubair Ben El Awam زنقة الزبير بن العوام, Marrakech",31.6163088,-8.0654691,icons/pharmacy.png,OSM
Marrakech,Pharmacie Al Manfalouti صيدلية المنفلوطي,Parapharmacie,Formel,"Avenue Al Manfalouti شارع المنفلوطي, Marrakech",31.6186521,-8.0685937,icons/pharmacy.png,OSM
Marrakech,Pharmacie Askadjour صيدلية أسكجور,Parapharmacie,Formel,Marrakech,31.6203126,-8.0629547,icons/pharmacy.png,OSM
Marrakech,Pharmacie Soudri صيدلية سودري,Parapharmacie,Formel,Marrakech ⵎⵕⵕⴰⴽⵯⵛ مراكش,31.6207977,-8.0683185,icons/pharmacy.png,OSM
Marrakech,Pharmacie Sahara صيدلية الصحراء,Parapharmacie,Formel,Marrakech,31.6218938,-8.0659925,icons/pharmacy.png,OSM
Marrakech,Pharmacie du Conseil صيدلية النصيحة,Parapharmacie,Formel,"Avenue Al Madrassa, Marrakech",31.6234599,-8.0630557,icons/pharmacy.png,OSM
Marrakech,Pharmacie Ettaoufik صيدلية التوفيق,Parapharmacie,Formel,Marrakech,31.6212559,-8.0600398,icons/pharmacy.png,OSM
Marrakech,Pharmacie Salah Eddine El Ayyoubi صيدلية صلاح الدين الأيوبي,Parapharmacie,Formel,"Avenue Al Madrassa, Marrakech ⵎⵕⵕⴰⴽⵯⵛ مراكش",31.62601,-8.0680436,icons/pharmacy.png,OSM
Marrakech,Pharmacie Amaddah صيدلية أمداح,Parapharmacie,Formel,"Avenue Belouardi, Marrakech",31.6251994,-8.0614376,icons/pharmacy.png,OSM
Marrakech,Pharmacie Laayoune صيدلية لعيون,Parapharmacie,Formel,"Avenue Laayoune, Marrakech",31.6235683,-8.0584045,icons/pharmacy.png,OSM
Marrakech,Pharmacie Addoha صيدلية الضحى,Parapharmacie,Formel,Marrakech,31.6214006,-8.058035,icons/pharmacy.png,OSM
Marrakech,Pharmacie El Basri صيدلية البصري,Parapharmacie,Formel,"Rue Agadir, Marrakech",31.6270807,-8.0548968,icons/pharmacy.png,OSM
Marrakech,Pharmacie Targa صيدلي تارغا,Parapharmacie,Formel,"Avenue Essaouira طريق الصويرة, Marrakech",31.627216,-8.0431423,icons/pharmacy.png,OSM
Marrakech,Pharmacie Azli صيدلية أزلي,Parapharmacie,Formel,Marrakech,31.6239616,-8.0531258,icons/pharmacy.png,OSM
Marrakech,Pharmacie Saada صيدلية السعادة,Parapharmacie,Formel,"Rue El Amaouiyine, Marrakech",31.6270247,-8.0377175,icons/pharmacy.png,OSM
Marrakech,Pharmacie Avenue Hassan II صيدلية شارع الحسن الثاني,Parapharmacie,Formel,"Avenue Hassan II شارع الحسن الثاني, Marrakech",31.6273076,-8.0249167,icons/pharmacy.png,OSM
Marrakech,Pharmacie El Quitar صيدلية القطار,Parapharmacie,Formel,"Avenue Hassan II شارع الحسن الثاني, Marrakech",31.6289011,-8.0192076,icons/pharmacy.png,OSM
Marrakech,Pharmacie Du Consulat صيدلية القنصلية,Parapharmacie,Formel,"Rue Abou Bakr Seddik, Marrakech",31.6267677,-8.0168208,icons/pharmacy.png,OSM
Marrakech,Pharmacie Sheraton صيدلية شيراتون,Parapharmacie,Formel,Marrakech,31.6199021,-8.0104364,icons/pharmacy.png,OSM
Marrakech,Pharmacie Rahimi صيدلية رحيمي,Parapharmacie,Formel,"Route de la Piscine, Marrakech",31.6201298,-8.0132087,icons/pharmacy.png,OSM
Marrakech,Pharmacie Natura صيدلية الطبيعة,Parapharmacie,Formel,"Avenue El Qadissia, Marrakech",31.623557,-8.0035288,icons/pharmacy.png,OSM
Marrakech,Pharmacie L'Opera صيدلية الأوبرا,Parapharmacie,Formel,"Boulevard Mohammed VI شارع محمد السادس, Marrakech",31.6252915,-8.0124341,icons/pharmacy.png,OSM
Marrakech,Pharmacie Bab Jdid صيدلية باب جديد,Parapharmacie,Formel,"Avenue de Paris, Marrakech",31.6259653,-8.0018529,icons/pharmacy.png,OSM
Marrakech,Pharmacie Du Kawkab صيدلية الكوكب,Parapharmacie,Formel,"Rue Moulay El Hassan, Marrakesh",31.6274941,-8.0072783,icons/pharmacy.png,OSM
Marrakech,Pharmacie Eddafali صيدلية الدفالي,Parapharmacie,Formel,"Rue de l'Iman Ali, Marrakech",31.6294995,-8.0060742,icons/pharmacy.png,OSM
Marrakech,Pharmacie l'Unité صيدلية الوحدة,Parapharmacie,Formel,"Avenue des Nations Unies شارع الأمم المتحدة, Marrakech",31.6328186,-8.0057356,icons/pharmacy.png,OSM
Marrakech,Pharmacie Al Ahbass صيدلية الأحباس,Parapharmacie,Formel,Marrakech,31.6335968,-8.0016328,icons/pharmacy.png,OSM
Marrakech,Pharmacie El Hara صيدلية الحارة,Parapharmacie,Formel,"Avenue Al Mallakh, Marrakech",31.6322575,-8.0007156,icons/pharmacy.png,OSM
Marrakech,Pharmacie de La Médina صيدلية المدينة,Parapharmacie,Formel,"Avenue Houman El Fetouaki, Marrakech",31.6223617,-7.9893235,icons/pharmacy.png,OSM
Marrakech,Pharmacie Bahia Homeo صيدلية الباهية هوميو,Parapharmacie,Formel,"Avenue Houman El Fetouaki, Marrakech",31.6203318,-7.9860294,icons/pharmacy.png,OSM
Marrakech,Pharmacie Riad Zitoun صيدلية رياض الزيتون,Parapharmacie,Formel,"Rue Riad Zitoun El Jedid, Marrakech",31.6219904,-7.9841738,icons/pharmacy.png,OSM
Marrakech,Pharmacie Maghreb صيدلية المغرب,Parapharmacie,Formel,"Rue Ibn Khaldoun, Marrakech ⵎⵕⵕⴰⴽⵯⵛ مراكش",31.6236874,-7.9916947,icons/pharmacy.png,OSM
Marrakech,Pharmacie Derb Dabachi صيدلية ررب ضبشي,Parapharmacie,Formel,"Rue Biadine, Marrakech",31.6271092,-7.9855954,icons/pharmacy.png,OSM
Marrakech,Pharmacie Kennaria صيدلية كنارية,Parapharmacie,Formel,Marrakech,31.6256229,-7.9856652,icons/pharmacy.png,OSM
Marrakech,Pharmacie Bab Aghmat صيدلية باب أغمات,Parapharmacie,Formel,"Triq Bab Ghmat, Marrakech",31.6252877,-7.9766715,icons/pharmacy.png,OSM
Marrakech,Pharmacie El Amal صيدلية الأمل,Parapharmacie,Formel,"Derb Sidi Boulabada, Marrakech",31.6276795,-7.9831991,icons/pharmacy.png,OSM
Marrakech,Pharmacie Douar Graoua صيدلية دوار كراوة,Parapharmacie,Formel,"Trik Tikhizrit, Marrakech",31.6254721,-7.9829115,icons/pharmacy.png,OSM
Marrakech,Pharmacie El Boussekri صيدلية البوسكري,Parapharmacie,Formel,"Rue El Cadi Ayad, Marrakech",31.6272292,-7.9731177,icons/pharmacy.png,OSM
Marrakech,Pharmacie Bab Aylan صيدلية باب أيلان,Parapharmacie,Formel,"Triq Bab Aylan, Marrakech",31.629584,-7.9749193,icons/pharmacy.png,OSM
Marrakech,Pharmacie Sidi Ayoub صيدلي سيدي أيوب,Parapharmacie,Formel,Marrakech,31.6281703,-7.9787502,icons/pharmacy.png,OSM
Marrakech,Pharmacie Azzahraa صيدلية الزهراء,Parapharmacie,Formel,"Rahba Kedima Square, Marrakech",31.6290112,-7.9869143,icons/pharmacy.png,OSM
Marrakech,Pharmacie Lalla Aouda Saadia صيدلية لالة عودة السعدية,Parapharmacie,Formel,"Rue Rachida, Marrakech",31.6314302,-7.9790223,icons/pharmacy.png,OSM
Marrakech,Pharmacie Ben Saleh صيدلية بن صالح,Parapharmacie,Formel,"Rue Azbezd, Marrakech",31.6297933,-7.9830681,icons/pharmacy.png,OSM
Marrakech,Pharmacie Bab Debagh صيدلية باب الدباغ,Parapharmacie,Formel,"Rue Houria, Marrakech",31.633586,-7.9825338,icons/pharmacy.png,OSM
Marrakech,Pharmacie Tabhirte صيدلية تابحيرت,Parapharmacie,Formel,"Chariâa Sidi Fekhar, Marrakech",31.6340419,-7.9814812,icons/pharmacy.png,OSM
Marrakech,Pharmacie El Moukef صيدلية الموقف,Parapharmacie,Formel,"Route Bab Lakhmiss, Marrakech",31.6348519,-7.9834371,icons/pharmacy.png,OSM
Marrakech,Pharmacie Chater صيدلية الشاطر,Parapharmacie,Formel,"Derb Slima, Marrakech",31.6333163,-7.9851825,icons/pharmacy.png,OSM
Marrakech,Pharmacie Arrahma صيدلية الرحمة,Parapharmacie,Formel,"Avenue Dyour Saboun, Marrakech",31.6342899,-7.9879576,icons/pharmacy.png,OSM
Marrakech,Pharmacie Riad Laarouss صيدلية رياض العروس,Parapharmacie,Formel,"Rue El Gza, Marrakech",31.6350135,-7.9942735,icons/pharmacy.png,OSM
Marrakech,Pharmacie Marrakech صيدلية مراكش,Parapharmacie,Formel,"Rue Bab Doukkala, Marrakech",31.633899,-7.9987136,icons/pharmacy.png,OSM
Marrakech,Pharmacie Bab Doukkala صيدلية باب دكالة,Parapharmacie,Formel,"Rue Boutouil, Marrakech",31.635877,-7.9975382,icons/pharmacy.png,OSM
Marrakech,Pharmacie Kechich صيدلية كشيش,Parapharmacie,Formel,"Route Bab el Khemis, Marrakech",31.6389059,-7.9850143,icons/pharmacy.png,OSM
Marrakech,Pharmacie La Mosquée صيدلية المسجد,Parapharmacie,Formel,"Avenue Fatima Zohra, Marrakech",31.630934,-7.9961617,icons/pharmacy.png,OSM
Marrakech,Pharmacie Arset Ihiri صيدلية عرصة إهيري,Parapharmacie,Formel,"Derb Sidi Massoud, Marrakech",31.6375418,-7.9952744,icons/pharmacy.png,OSM
Marrakech,Pharmacie Jabha صيدلية الجبهة,Parapharmacie,Formel,Marrakech,31.6411163,-7.9858899,icons/pharmacy.png,OSM
Marrakech,Pharmacie Zaouia Abbasia صيدلية الزاوية العباسية,Parapharmacie,Formel,"Derb El Arsa, Marrakech",31.6400179,-7.9915972,icons/pharmacy.png,OSM
Marrakech,Pharmacie Bab Lekhmiss صيدلية باب الخميس,Parapharmacie,Formel,Marrakech,31.6432375,-7.9890725,icons/pharmacy.png,OSM
Marrakech,Pharmacie Morakkab Souk Lekhmis صيدلية مركب سوق الخميس,Parapharmacie,Formel,Marrakech,31.6419573,-7.9862319,icons/pharmacy.png,OSM
Marrakech,Pharmacie Al Qaria Siahiya صيدلية القرية السياحية,Parapharmacie,Formel,Marrakech,31.6397548,-7.9796476,icons/pharmacy.png,OSM
Marrakech,Pharmacie Al Antaki صيدلية الأنطاكي,Parapharmacie,Formel,"Chariaa Antaki, Marrakech",31.6362457,-7.9851924,icons/pharmacy.png,OSM
Marrakech,Pharmacie Al Kawtar صيدلية الكوثر,Parapharmacie,Formel,Marrakech,31.6352986,-7.9765795,icons/pharmacy.png,OSM
Marrakech,Pharmacie El Imame Ali صيدلي الإمام علي,Parapharmacie,Formel,Marrakech,31.6486115,-7.979973,icons/pharmacy.png,OSM
Marrakech,Pharmacie El Hamidi صيدلية الحميدي,Parapharmacie,Formel,Marrakech,31.6451705,-7.9850595,icons/pharmacy.png,OSM
Marrakech,Pharmacie Ain Itti صيدلية عين إطي,Parapharmacie,Formel,Marrakech,31.6484334,-7.9829258,icons/pharmacy.png,OSM
Marrakech,Pharmacie Borj Ennakhil صيدلية برج النخيل,Parapharmacie,Formel,"Djnan Abiad, Marrakech",31.6486658,-7.9630905,icons/pharmacy.png,OSM
Marrakech,Pharmacie Guennoune صيدلية كنون,Parapharmacie,Formel,Marrakech,31.6639524,-7.9856643,icons/pharmacy.png,OSM
Marrakech,Pharmacie Dar Tounsi صيدلية دار التونسي,Parapharmacie,Formel,Marrakech,31.648825,-7.9517422,icons/pharmacy.png,OSM
Marrakech,Pharmacie M'Hamdia صيدلية المحمدية,Parapharmacie,Formel,Marrakech,31.6471224,-7.9020994,icons/pharmacy.png,OSM
Marrakech,Pharmacie Al Amana صيدلية الأمانة,Parapharmacie,Formel,Marrakech ⵎⵕⵕⴰⴽⵯⵛ مراكش,31.6343858,-7.9205112,icons/pharmacy.png,OSM
Marrakech,Pharmacie Massi صيدلية ماسي,Parapharmacie,Formel,Marrakech,31.6254759,-7.9651033,icons/pharmacy.png,OSM
Marrakech,Pharmacie Tallaght صيدلية تلاغت,Parapharmacie,Formel,Marrakech,31.6251449,-7.93494,icons/pharmacy.png,OSM
Marrakech,Pharmacie Mahaj Essalam صيدلية محج السلام,Parapharmacie,Formel,Marrakech,31.6353125,-8.094395,icons/pharmacy.png,OSM
Marrakech,Pharmacie Anniama صيدلية النعمة,Parapharmacie,Formel,Marrakech,31.6360728,-8.0995049,icons/pharmacy.png,OSM
Marrakech,Pharmacie Essaada Marjane صيدلية السعادة مرجان,Parapharmacie,Formel,Marrakech,31.6354572,-8.0943873,icons/pharmacy.png,OSM
Marrakech,Pharmacie Marjane Massira صيدلية مرجان المسيرة,Parapharmacie,Formel,Marrakech ⵎⵕⵕⴰⴽⵯⵛ مراكش,31.6298137,-8.0794547,icons/pharmacy.png,OSM
Marrakech,Pharmacie Sami صيدلية سامي,Parapharmacie,Formel,Marrakech,31.6321105,-8.0952032,icons/pharmacy.png,OSM
Marrakech,Pharmacie de la Nation صيدلي الأمة,Parapharmacie,Formel,Marrakech ⵎⵕⵕⴰⴽⵯⵛ مراكش,31.6333189,-8.075738,icons/pharmacy.png,OSM
Marrakech,Pharmacie Abwab Al Khair صيدلية أبواب الخير,Parapharmacie,Formel,Marrakech ⵎⵕⵕⴰⴽⵯⵛ مراكش,31.6380079,-8.0784014,icons/pharmacy.png,OSM
Marrakech,Pharmacie Al Aksa صيدلية العكسة,Parapharmacie,Formel,Marrakech ⵎⵕⵕⴰⴽⵯⵛ مراكش,31.6360784,-8.0757549,icons/pharmacy.png,OSM
Marrakech,Pharmacie El Massira صيدلية المسيرة,Parapharmacie,Formel,Marrakech ⵎⵕⵕⴰⴽⵯⵛ مراكش,31.6373864,-8.0799311,icons/pharmacy.png,OSM
Marrakech,Pharmacie Jenane Faiza صيدلية جنان فايزة,Parapharmacie,Formel,Marrakech ⵎⵕⵕⴰⴽⵯⵛ مراكش,31.6390042,-8.082103,icons/pharmacy.png,OSM
Marrakech,Pharmacie Abwab Addoha صيدلية أبواب الضحى,Parapharmacie,Formel,Marrakech ⵎⵕⵕⴰⴽⵯⵛ مراكش,31.6363622,-8.0723482,icons/pharmacy.png,OSM
Marrakech,Pharmacie Ben Allal صيدلية بن علال,Parapharmacie,Formel,Marrakech ⵎⵕⵕⴰⴽⵯⵛ مراكش,31.642353,-8.0755484,icons/pharmacy.png,OSM
Marrakech,Pharmacie Bichara صيدلية بشارة,Parapharmacie,Formel,Marrakech ⵎⵕⵕⴰⴽⵯⵛ مراكش,31.6477185,-8.0803131,icons/pharmacy.png,OSM
Marrakech,Pharmacie Al Haramaine صيدلية الحرمين,Parapharmacie,Formel,Marrakech ⵎⵕⵕⴰⴽⵯⵛ مراكش,31.6483963,-8.0748276,icons/pharmacy.png,OSM
Marrakech,Pharmacie Les Portes de Marrakech صيدلية أبواب مراكش,Parapharmacie,Formel,"Route de Souihla, Marrakech ⵎⵕⵕⴰⴽⵯⵛ مراكش",31.6395279,-8.0775474,icons/pharmacy.png,OSM
Marrakech,Pharmacie Prestige Targa صيدلية بريستيج تارغا,Parapharmacie,Formel,Marrakech,31.666047,-8.0569348,icons/pharmacy.png,OSM
Marrakech,Pharmacie Borj Targa صيدلية برج تارغا,Parapharmacie,Formel,"Route de Targa, Marrakech",31.6520927,-8.061695,icons/pharmacy.png,OSM
Marrakech,Pharmacie Sebou صيدلية سبو,Parapharmacie,Formel,Marrakech ⵎⵕⵕⴰⴽⵯⵛ مراكش,31.6474178,-8.0655064,icons/pharmacy.png,OSM
Marrakech,Pharmacie Al Khabir صيدلية الخبير,Parapharmacie,Formel,"Avenue El Moutanabi, Marrakech ⵎⵕⵕⴰⴽⵯⵛ مراكش",31.6458199,-8.0669075,icons/pharmacy.png,OSM
Marrakech,Pharmacie Al Azhar صيدلية الأزهر,Parapharmacie,Formel,"Rue Rifa Ibn Machrouh, Marrakech ⵎⵕⵕⴰⴽⵯⵛ مراكش",31.6423972,-8.0669988,icons/pharmacy.png,OSM
Marrakech,Pharmacie Oum Rabii صيدلية أم الربيع,Parapharmacie,Formel,"Rue Rifa Ibn Machrouh, Marrakech",31.6422246,-8.0632518,icons/pharmacy.png,OSM
Marrakech,Pharmacie Kenza صيدلية كنزة,Parapharmacie,Formel,Marrakech ⵎⵕⵕⴰⴽⵯⵛ مراكش,31.640323,-8.0654533,icons/pharmacy.png,OSM
Marrakech,Pharmacie El Amane صيدلية الأمان,Parapharmacie,Formel,Marrakech ⵎⵕⵕⴰⴽⵯⵛ مراكش,31.6458854,-8.0630226,icons/pharmacy.png,OSM
Marrakech,Pharmacie La Perle Rouge صيدلية الجوهرة الحمراء,Parapharmacie,Formel,Marrakech ⵎⵕⵕⴰⴽⵯⵛ مراكش,31.6442504,-8.0647053,icons/pharmacy.png,OSM
Marrakech,Pharmacie El Massmoudi صيدلية المصمودي,Parapharmacie,Formel,"Rue Saadiennes, Marrakech",31.6558375,-8.0550308,icons/pharmacy.png,OSM
Marrakech,Pharmacie Tilila صيدلية تليلا,Parapharmacie,Formel,Marrakech,31.6617498,-8.0570413,icons/pharmacy.png,OSM
Marrakech,Pharmacie Daou صيدلية الضو,Parapharmacie,Formel,Marrakech,31.6568055,-8.0535983,icons/pharmacy.png,OSM
Marrakech,Pharmacie Souihla صيدلية السويهلة,Parapharmacie,Formel,"Route de Targa, Marrakech",31.6490524,-8.052712,icons/pharmacy.png,OSM
Marrakech,Pharmacie Al Inara صيدلية الإنارة,Parapharmacie,Formel,Marrakech,31.6409181,-8.0531112,icons/pharmacy.png,OSM
Marrakech,Pharmacie Hay Machou صيدلية حي ماشو,Parapharmacie,Formel,Marrakech,31.6409648,-8.0560278,icons/pharmacy.png,OSM
Marrakech,Pharmacie Fadila صيدلية فضيلة,Parapharmacie,Formel,Marrakech,31.638079,-8.0482553,icons/pharmacy.png,OSM
Marrakech,Pharmacie Sofia صيدلية صوفيا,Parapharmacie,Formel,Marrakech,31.6402111,-8.0454672,icons/pharmacy.png,OSM
Marrakech,Pharmacie Sidi Mbarek صيدلية سيدي مبارك,Parapharmacie,Formel,Marrakech,31.6345902,-8.0413904,icons/pharmacy.png,OSM
Marrakech,Pharmacie Petersbourg صيدلية بترسبورغ,Parapharmacie,Formel,Marrakech ⵎⵕⵕⴰⴽⵯⵛ مراكش,31.6335286,-8.0705662,icons/pharmacy.png,OSM
Marrakech,Pharmacie Fadil صيدلية فضيل,Parapharmacie,Formel,Marrakech ⵎⵕⵕⴰⴽⵯⵛ مراكش,31.6354785,-8.0678271,icons/pharmacy.png,OSM
Marrakech,Pharmacie Asseha صيدلية الصحة,Parapharmacie,Formel,"Avenue Essaouira طريق الصويرة, Marrakech ⵎⵕⵕⴰⴽⵯⵛ مراكش",31.6286293,-8.0693622,icons/pharmacy.png,OSM
Marrakech,Pharmacie Hay Hassani صيدلية الحي الحسني,Parapharmacie,Formel,Marrakech ⵎⵕⵕⴰⴽⵯⵛ مراكش,31.6322979,-8.0672924,icons/pharmacy.png,OSM
Marrakech,Pharmacie Radi صيدلية الراضي,Parapharmacie,Formel,Marrakech ⵎⵕⵕⴰⴽⵯⵛ مراكش,31.6355285,-8.0640906,icons/pharmacy.png,OSM
Marrakech,Pharmacie Al Fath صيدلية الفتح,Parapharmacie,Formel,Marrakech ⵎⵕⵕⴰⴽⵯⵛ مراكش,31.6296557,-8.0667794,icons/pharmacy.png,OSM
Marrakech,Pharmacie Moulay Driss صيدلية مولاي ادريس,Parapharmacie,Formel,"Avenue Al Aqsa, Marrakech ⵎⵕⵕⴰⴽⵯⵛ مراكش",31.6331957,-8.0638562,icons/pharmacy.png,OSM
Marrakech,Pharmacie Ibn Al Aouam صيدلية ابن العوام,Parapharmacie,Formel,Marrakech,31.6284431,-8.0590802,icons/pharmacy.png,OSM
Marrakech,Pharmacie Bilal صيدلية بلال,Parapharmacie,Formel,"Rue El Jaouz, Marrakech ⵎⵕⵕⴰⴽⵯⵛ مراكش",31.6404888,-8.0665314,icons/pharmacy.png,OSM
Marrakech,Pharmacie Al Haouz صيدلية الحوز,Parapharmacie,Formel,"Avenue Hassan II, Marrakech",31.6301703,-8.0622889,icons/pharmacy.png,OSM
Marrakech,Pharmacie Chifaa صيدلية الشفاء,Parapharmacie,Formel,Marrakech,31.6320987,-8.058556,icons/pharmacy.png,OSM
Marrakech,Pharmacie et Laboratoire Belkhayat صيدلية و مختبر بلخياط,Parapharmacie,Formel,"Avenue Al Kantara, Marrakech",31.6344441,-8.0613368,icons/pharmacy.png,OSM
Marrakech,Pharmacie Lahmadi صيدلية لحمادي,Parapharmacie,Formel,"Route de Souihla, Marrakech",31.6383314,-8.0588928,icons/pharmacy.png,OSM
Marrakech,Pharmacie Al Wafa صيدلية الوفاء,Parapharmacie,Formel,Marrakech,31.6288209,-8.0522316,icons/pharmacy.png,OSM
Marrakech,Pharmacie Zerktouni صيدلية الزرقطوني,Parapharmacie,Formel,"Rue Al Achjare, Marrakech",31.6303149,-8.0549459,icons/pharmacy.png,OSM
Marrakech,Pharmacie Al Bouchra صيدلية البشرى,Parapharmacie,Formel,Marrakech,31.631976,-8.053261,icons/pharmacy.png,OSM
Marrakech,Pharmacie Douar El Askar صيدلية دوار العسكر,Parapharmacie,Formel,"Avenue Ibn Toumert شارع ابن تومرت, Marrakech",31.6298342,-8.048402,icons/pharmacy.png,OSM
Marrakech,Pharmacie Al Andalous صيدلية الأندلس,Parapharmacie,Formel,Marrakech,31.6327006,-8.056231,icons/pharmacy.png,OSM
Marrakech,Pharmacie Al Bahja صيدلية البهجة,Parapharmacie,Formel,"Avenue Al Midani, Marrakech",31.6331328,-8.0449001,icons/pharmacy.png,OSM
Marrakech,Pharmacie Ibn Bitar صيدلية ابن البيطار,Parapharmacie,Formel,"Avenue Hassan El Ouazzani, Marrakech",31.6318622,-8.0504302,icons/pharmacy.png,OSM
Marrakech,Pharmacie et Laboratoire Le Pont صيدلية و مختبر القنطرة,Parapharmacie,Formel,Marrakech,31.6348784,-8.0579421,icons/pharmacy.png,OSM
Marrakech,Pharmacie Al Massira صيدلية المسيرة,Parapharmacie,Formel,"Rue Essanabile, Marrakech",31.6374704,-8.0526009,icons/pharmacy.png,OSM
Marrakech,Pharmacie Belkaziz صيدلية بلقزيز,Parapharmacie,Formel,"Route de Souihla, Marrakech",31.6351291,-8.0461326,icons/pharmacy.png,OSM
Marrakech,Pharmacie Lahrach صيدلية لحرش,Parapharmacie,Formel,Marrakech,31.6347248,-8.0531288,icons/pharmacy.png,OSM
Marrakech,Pharmacie Al Houda صيدلية الهدى,Parapharmacie,Formel,"Rue Bakou, Marrakech",31.6353035,-8.0495524,icons/pharmacy.png,OSM
Marrakech,Pharmacie Castor صيدلية كاستور,Parapharmacie,Formel,Marrakech,31.6296419,-8.0448538,icons/pharmacy.png,OSM
Marrakech,Pharmacie Ibn Toumert صيدلية ابن تومرت,Parapharmacie,Formel,"Avenue Essaouira طريق الصويرة, Marrakech",31.6279068,-8.0460961,icons/pharmacy.png,OSM
Marrakech,Pharmacie Al Manzeh صيدلية المنزه,Parapharmacie,Formel,Marrakech,31.630266,-8.0420185,icons/pharmacy.png,OSM
Marrakech,Pharmacie Larbaa صيدلية الأربعاء,Parapharmacie,Formel,"Rue Abdellah Ben Yassine, Marrakech",31.6302085,-8.036747,icons/pharmacy.png,OSM
Marrakech,Pharmacie Al Wéd صيدلية الود,Parapharmacie,Formel,"Rue El Mouqaouma, Marrakech",31.630807,-8.0275876,icons/pharmacy.png,OSM
Marrakech,Pharmacie Moukawama صيدلية المقاومة,Parapharmacie,Formel,"Rue El Mouqaouma, Marrakech",31.6336315,-8.0290497,icons/pharmacy.png,OSM
Marrakech,Pharmacie l'Hopital Militaire صيدلية المستشفى العسكري,Parapharmacie,Formel,"Boulevard Mohammed VI شارع محمد السادس, Marrakech",31.6365989,-8.0199602,icons/pharmacy.png,OSM
Marrakech,Pharmacie Victor Hugo صيدلية فيكتور هوغو,Parapharmacie,Formel,"Route de Targa, Marrakech",31.6402347,-8.0252843,icons/pharmacy.png,OSM
Marrakech,Pharmacie Dar Al Halib صيدلية دار الحليب,Parapharmacie,Formel,Marrakech,31.6357762,-8.0353783,icons/pharmacy.png,OSM
Marrakech,Pharmacie Jabal Gueliz صيدلية جبل كليز,Parapharmacie,Formel,Marrakech,31.6428934,-8.0398186,icons/pharmacy.png,OSM
Marrakech,Pharmacie Anoual صيدلية أنوال,Parapharmacie,Formel,"Boulevard Mohammed Abdelkaraim el Khattabi, Marrakech",31.6328476,-8.0164038,icons/pharmacy.png,OSM
Marrakech,Pharmacie Paris صيدلية باريس,Parapharmacie,Formel,"Boulevard Mohammed V شارع محمد الخامس, Marrakech",31.6351437,-8.0131617,icons/pharmacy.png,OSM
Marrakech,Pharmacie Centrale الصيدلية المركزية,Parapharmacie,Formel,"Rue de la Liberté شارع الحرية, Marrakech",31.6351483,-8.0125684,icons/pharmacy.png,OSM
Marrakech,Pharmacie de Gueliz صيدلية جيليز,Parapharmacie,Formel,"Boulevard Moulay Rachid شارع مولاي رشيد, Marrakech",31.6327419,-8.0126076,icons/pharmacy.png,OSM
Marrakech,Pharmacie Moderne الصيدلية المعاصرة,Parapharmacie,Formel,"Rue Mohammed El Bekal, Marrakech",31.6366585,-8.0161065,icons/pharmacy.png,OSM
Marrakech,Pharmacie Avicenne صيدلية ابن سينا,Parapharmacie,Formel,"Boulevard Mohammed Abdelkaraim el Khattabi, Marrakech",31.6386217,-8.0178562,icons/pharmacy.png,OSM
Marrakech,Pharmacie Ibn Toufail صيدلية ابن طفيل,Parapharmacie,Formel,"Rue Ibn Zaidoun, Marrakech",31.6403848,-8.0155732,icons/pharmacy.png,OSM
Marrakech,Pharmacie Ibn Rochd صيدلية ابن رشد,Parapharmacie,Formel,"Rue Ibn Aicha, Marrakech",31.6380865,-8.0133879,icons/pharmacy.png,OSM
Marrakech,Pharmacie Al Filali صيدلية الفيلالي,Parapharmacie,Formel,"Rue Khalid Ben El Oualid, Marrakech",31.634877,-8.0044092,icons/pharmacy.png,OSM
Marrakech,Pharmacie Hani صيدلية هاني,Parapharmacie,Formel,"Rue Sourya, Marrakech",31.6362315,-8.0069473,icons/pharmacy.png,OSM
Marrakech,Pharmacie Al Mahatta صيدلية المحطة,Parapharmacie,Formel,"Avenue Moulay Abdellah, Marrakech",31.6360131,-8.0009299,icons/pharmacy.png,OSM
Marrakech,Pharmacie Fleming صيدلية فليمينك,Parapharmacie,Formel,Marrakech,31.6416548,-8.0092007,icons/pharmacy.png,OSM
Marrakech,Pharmacie Dar Talib صيدلية دار الطالب,Parapharmacie,Formel,"Rue Erraouda, Marrakech",31.643505,-8.0120974,icons/pharmacy.png,OSM
Marrakech,Pharmacie Al Moustachfa صيدلية المستشفى,Parapharmacie,Formel,"Rue Rahlal Ben Ahmed, Marrakech",31.6416243,-8.0180264,icons/pharmacy.png,OSM
Marrakech,Pharmacie Al Maarifa صيدلية المعرفة,Parapharmacie,Formel,"Avenue Prince Moulay Abdullah, Marrakech",31.6473549,-8.0124545,icons/pharmacy.png,OSM
Marrakech,Pharmacie Sup De Co صيدلية سوب دو كو,Parapharmacie,Formel,"Avenue Prince Moulay Abdullah, Marrakech",31.651761,-8.0168063,icons/pharmacy.png,OSM
Marrakech,Pharmacie Volubilis صيدلية وليلي,Parapharmacie,Formel,"Boulevard Mohammed Abdelkaraim el Khattabi, Marrakech",31.6514256,-8.0197911,icons/pharmacy.png,OSM
Marrakech,Pharmacie et Laboratoire Du Petit Marché صيدلية و مختبر السوق الصغير,Parapharmacie,Formel,"Rue Capitaine Ben Ali Belhaj, Marrakech",31.6396459,-8.0207808,icons/pharmacy.png,OSM
Marrakech,Pharmacie Bassatine Gueliz صيدلية بساتين كليز,Parapharmacie,Formel,Marrakech,31.6478209,-8.0357845,icons/pharmacy.png,OSM
Marrakech,Pharmacie Les Portes de Gueliz أبواب صيدلية كليز,Parapharmacie,Formel,Marrakech,31.6491388,-8.0385605,icons/pharmacy.png,OSM
Marrakech,La Grande Pharmacie Attawhid صيدلية التوحيد الكبرى,Parapharmacie,Formel,Marrakech,31.6521415,-8.0365209,icons/pharmacy.png,OSM
Marrakech,Pharmacie Hay El Koudia صيدلية حي الكدية,Parapharmacie,Formel,Marrakech,31.6507639,-8.024245,icons/pharmacy.png,OSM
Marrakech,Pharmacie Ibn Atia صيدلية ابن عطية,Parapharmacie,Formel,Marrakech,31.6524034,-8.0309839,icons/pharmacy.png,OSM
Marrakech,Pharmacie Sanae صيدلية سناء,Parapharmacie,Formel,Marrakech,31.6570324,-8.0264444,icons/pharmacy.png,OSM
Marrakech,Pharmacie Galien صيدلية غاليان,Parapharmacie,Formel,Marrakech,31.6536356,-8.021385,icons/pharmacy.png,OSM
Marrakech,Pharmacie Les Vergers صيدلية البساتين,Parapharmacie,Formel,Marrakech,31.6543053,-8.0289268,icons/pharmacy.png,OSM
Marrakech,Pharmacie Hay Mabrouka صيدلية حي مبروكة,Parapharmacie,Formel,"Avenue Acharaf, Marrakech",31.6563813,-8.0327389,icons/pharmacy.png,OSM
Marrakech,Pharmacie Les Cyprès صيدلية السرو,Parapharmacie,Formel,Marrakech,31.6551164,-8.0357647,icons/pharmacy.png,OSM
Marrakech,Pharmacie Targa Palmier صيدلية نخيل تارغا,Parapharmacie,Formel,Marrakech,31.6477485,-8.0426762,icons/pharmacy.png,OSM
Marrakech,Pharmacie Najd صيدلية نجد,Parapharmacie,Formel,"Avenue Acharaf, Marrakech",31.6596651,-8.0320627,icons/pharmacy.png,OSM
Marrakech,Pharmacie Sidi Ghanem صيدلية سيدي غانم,Parapharmacie,Formel,"Rue Sidi Ghanem, Marrakech",31.6688288,-8.0392719,icons/pharmacy.png,OSM
Marrakech,Pharmacie Jawhar صيدلية جوهر,Parapharmacie,Formel,Marrakech,31.6613159,-8.0442608,icons/pharmacy.png,OSM
Marrakech,Pharmacie Al Balsam صيدلية البلسم,Parapharmacie,Formel,Marrakech,31.6719225,-8.0456449,icons/pharmacy.png,OSM
Marrakech,Pharmacie Haj Boubker صيدلية الحاج بوبكر,Parapharmacie,Formel,Marrakech,31.6668244,-8.0426641,icons/pharmacy.png,OSM
Marrakech,Pharmacie Hay Sinai صيدلية الحي الصناعي,Parapharmacie,Formel,"Rue Principale, Marrakech",31.66984,-8.0427509,icons/pharmacy.png,OSM
Marrakech,Pharmacie Bismillah صيدلية بسم الله,Parapharmacie,Formel,"Rue Principale, Marrakech",31.6742309,-8.0470268,icons/pharmacy.png,OSM
Marrakech,Pharmacie Belkaid صيدلية بلقايد,Parapharmacie,Formel,Marrakech,31.6742913,-8.0556331,icons/pharmacy.png,OSM
Marrakech,Pharmacie Chaouf صيدلية شعوف,Parapharmacie,Formel,Marrakech,31.6785847,-8.0595572,icons/pharmacy.png,OSM
Marrakech,Pharmacie Riad Saada صيدلية رياض السعادة,Parapharmacie,Formel,Marrakech,31.6798579,-8.0548401,icons/pharmacy.png,OSM
Marrakech,Pharmacie La Gare Routière صيدلية المحطة الطرقية,Parapharmacie,Formel,Marrakech ⵎⵕⵕⴰⴽⵯⵛ مراكش,31.6841886,-8.0759923,icons/pharmacy.png,OSM
Marrakech,Pharmacie Douae صيدلية دعاء,Parapharmacie,Formel,Marrakech ⵎⵕⵕⴰⴽⵯⵛ مراكش,31.6858927,-8.0734114,icons/pharmacy.png,OSM
Marrakech,Pharmacie Mamoun صيدلية المامون,Parapharmacie,Formel,Marrakech ⵎⵕⵕⴰⴽⵯⵛ مراكش,31.6839362,-8.0737874,icons/pharmacy.png,OSM
Marrakech,Pharmacie Jebli صيدلية جبلي,Parapharmacie,Formel,Marrakech ⵎⵕⵕⴰⴽⵯⵛ مراكش,31.6835282,-8.0699612,icons/pharmacy.png,OSM
Marrakech,Pharmacie Dakar صيدلية دكار,Parapharmacie,Formel,Marrakech ⵎⵕⵕⴰⴽⵯⵛ مراكش,31.6859302,-8.0665008,icons/pharmacy.png,OSM
Marrakech,Pharmacie Les Trois Palmiers صيدلية النخلات الثلاث,Parapharmacie,Formel,Marrakech ⵎⵕⵕⴰⴽⵯⵛ مراكش,31.6849123,-8.0640178,icons/pharmacy.png,OSM
Marrakech,Pharmacie Al Farj صيدلية الفجر,Parapharmacie,Formel,Marrakech ⵎⵕⵕⴰⴽⵯⵛ مراكش,31.6896231,-8.0690391,icons/pharmacy.png,OSM
Marrakech,Pharmacie et Laboratoire Nakhil صيدلية و مختبر النخيل,Parapharmacie,Formel,"Avenue Yacoub El Mansour, Marrakech",31.6379648,-8.0093512,icons/pharmacy.png,OSM
Marrakech,Pharmacie Majorelle صيدلية ماجوريل,Parapharmacie,Formel,"Boulevard Allal El Fassi, Marrakech",31.6402247,-7.9997537,icons/pharmacy.png,OSM
Marrakech,Pharmacie 11 Janvier صيدلية 11 يناير,Parapharmacie,Formel,"Avenue du 11 Janvier شارع 11 يناير, Marrakech",31.6410406,-7.9968308,icons/pharmacy.png,OSM
Marrakech,Pharmacie Daoudiat صيدلية الداوديات,Parapharmacie,Formel,"Boulevard Allal El Fassi, Marrakech",31.6431575,-8.0000418,icons/pharmacy.png,OSM
Marrakech,Pharmacie Al Qods صيدلية القدس,Parapharmacie,Formel,"Boulevard Allal El Fassi, Marrakech",31.647291,-8.0004644,icons/pharmacy.png,OSM
Marrakech,Pharmacie Masjid Daoudiate صيدلية مسجد الداوديات,Parapharmacie,Formel,Marrakech,31.6498026,-7.9930251,icons/pharmacy.png,OSM
Marrakech,Pharmacie Mohammadia صيدلية المحمدية,Parapharmacie,Formel,"Avenue Palestine شارع فلسطين, Marrakech",31.6493959,-7.9972179,icons/pharmacy.png,OSM
Marrakech,Pharmacie Chair El Hamraa صيدلية شاعر الحمراء,Parapharmacie,Formel,"Boulevard Abou Oubeida Al Jarah, Marrakech",31.6464142,-7.9923936,icons/pharmacy.png,OSM
Marrakech,Pharmacie Razi صيدلية الرازي,Parapharmacie,Formel,Marrakech,31.6527748,-7.9935289,icons/pharmacy.png,OSM
Marrakech,Pharmacie Salle Couverte صيدلية القاعة المغطاة,Parapharmacie,Formel,"Rue Abderahmane Ibn Aouf, Marrakech",31.64773,-7.9946862,icons/pharmacy.png,OSM
Marrakech,Pharmacie C.H.U صيدلية المستشفى الجامعي,Parapharmacie,Formel,"Avenue Ibn Sina شارع ابن سينا, Marrakech",31.6573723,-7.9905237,icons/pharmacy.png,OSM
Marrakech,Pharmacie Chatebi صيدلية الشاطبي,Parapharmacie,Formel,"Avenue Achatibi, Marrakech",31.6573724,-7.9873005,icons/pharmacy.png,OSM
Marrakech,Pharmacie Bennouna صيدلية بنونة,Parapharmacie,Formel,Marrakech,31.6594257,-7.9886009,icons/pharmacy.png,OSM
Marrakech,Pharmacie Mamar An-Nakhil صيدلية ممر النخيل,Parapharmacie,Formel,Marrakech,31.6614772,-7.9873945,icons/pharmacy.png,OSM
Marrakech,Pharmacie Chahrazad صيدلية شهرزاد,Parapharmacie,Formel,"Avenue Ibn Jabran, Marrakech",31.6558011,-7.9964695,icons/pharmacy.png,OSM
Marrakech,Pharmacie Des Narcisses صيدلية النرجس,Parapharmacie,Formel,"Boulevard Allal El Fassi, Marrakech",31.6524346,-8.0011819,icons/pharmacy.png,OSM
Marrakech,Pharmacie Zahia صيدلية الزاهية,Parapharmacie,Formel,Marrakech,31.6417185,-8.0049964,icons/pharmacy.png,OSM
Marrakech,Pharmacie de L'Université صيدلية الجامعة,Parapharmacie,Formel,"Avenue Prince Moulay Abdullah, Marrakech",31.642593,-8.0071721,icons/pharmacy.png,OSM
Marrakech,Pharmacie Al Irfane صيدلية العرفان,Parapharmacie,Formel,Marrakech,31.6447784,-8.0033554,icons/pharmacy.png,OSM
Marrakech,Pharmacie Rouidate صيدلية الرويضات,Parapharmacie,Formel,"Avenue Achjar, Marrakech",31.6467471,-8.0045728,icons/pharmacy.png,OSM
Marrakech,Pharmacie Mimosa صيدلية ميموزا,Parapharmacie,Formel,"Avenue Achjar, Marrakech",31.644571,-8.0080261,icons/pharmacy.png,OSM
Marrakech,Pharmacie Awatif صيدلية عواطف,Parapharmacie,Formel,Marrakech,31.6521252,-8.0096695,icons/pharmacy.png,OSM
Marrakech,Pharmacie Attaiba صيدلية الطيبة,Parapharmacie,Formel,Marrakech,31.6501785,-8.0120876,icons/pharmacy.png,OSM
Marrakech,Pharmacie Sidi Ouaggag صيدلية سيدي وكاك,Parapharmacie,Formel,Marrakech,31.6541297,-8.0135605,icons/pharmacy.png,OSM
Marrakech,Pharmacie du Soleil صيدلية الشمس,Parapharmacie,Formel,Marrakech,31.6543072,-8.0162844,icons/pharmacy.png,OSM
Marrakech,Pharmacie Cadi Ayyad صيدلية القاضي عياض,Parapharmacie,Formel,Marrakech,31.6571624,-8.0160435,icons/pharmacy.png,OSM
Marrakech,Pharmacie Halima Saadia صيدلية حليمة السعدية,Parapharmacie,Formel,"Rue Halima Saadia, Marrakech",31.6647362,-8.0142052,icons/pharmacy.png,OSM
Marrakech,Pharmacie Ismailia صيدلية الإسماعيلية,Parapharmacie,Formel,Marrakech,31.6558106,-8.0069965,icons/pharmacy.png,OSM
Marrakech,Pharmacie Jawhara صيدلية جوهرة,Parapharmacie,Formel,"Rue Ichbilia, Marrakech",31.6572463,-8.0129625,icons/pharmacy.png,OSM
Marrakech,Pharmacie Mogador صيدلية موكادور,Parapharmacie,Formel,Marrakech,31.6593783,-8.0087889,icons/pharmacy.png,OSM
Marrakech,Pharmacie Des Mines صيدلية المناجم,Parapharmacie,Formel,Marrakech,31.6621942,-8.0115633,icons/pharmacy.png,OSM
Marrakech,Pharmacie Issil صيدلية إسيل,Parapharmacie,Formel,"Rue Abbes Ibn Abdel Motalib, Marrakech",31.6597853,-8.0114697,icons/pharmacy.png,OSM
Marrakech,Pharmacie Amerchich صيدلية أمرشيش,Parapharmacie,Formel,Marrakech,31.6587756,-8.0005419,icons/pharmacy.png,OSM
Marrakech,Pharmacie Zineb صيدلية زينب,Parapharmacie,Formel,"Avenue Daoudiate, Marrakech",31.6591664,-7.9928567,icons/pharmacy.png,OSM
Marrakech,Pharmacie Badr Eddaoui صيدلية بدر الضاوي,Parapharmacie,Formel,Marrakech,31.6604072,-7.9954581,icons/pharmacy.png,OSM
Marrakech,Pharmacie Maniss صيدلية منيس,Parapharmacie,Formel,"Avenue Daoudiate, Marrakech",31.6580404,-8.0033238,icons/pharmacy.png,OSM
Marrakech,Pharmacie Al Ihssane صيدلية الإحسان,Parapharmacie,Formel,"Avenue Ibn Sina شارع ابن سينا, Marrakech",31.662572,-7.993474,icons/pharmacy.png,OSM
Marrakech,Pharmacie Al Imam Malek صيدلية الإمام مالك,Parapharmacie,Formel,"Boulevard Allal El Fassi, Marrakech",31.6597927,-8.0058819,icons/pharmacy.png,OSM
Marrakech,Pharmacie La Cité Universitaire صيدلية الحي الجامعي,Parapharmacie,Formel,Marrakech,31.6631898,-8.000884,icons/pharmacy.png,OSM
Marrakech,Pharmacie Illy صيدلية إلي,Parapharmacie,Formel,"Rue Jamiate Ben Youssef, Marrakech",31.6621095,-8.0050586,icons/pharmacy.png,OSM
Marrakech,Pharmacie Hokok Al Insane صيدلية حقوق الإنسان,Parapharmacie,Formel,"Boulevard Al Kouliyate, Marrakech",31.6650648,-7.9976081,icons/pharmacy.png,OSM
Marrakech,Pharmacie Al Boustane صيدلية البستان,Parapharmacie,Formel,"Boulevard Allal El Fassi, Marrakech",31.6624028,-8.0075965,icons/pharmacy.png,OSM
Marrakech,Pharmacie Allal El Fassi صيدلية علال الفاسي,Parapharmacie,Formel,"Boulevard Allal El Fassi, Marrakech",31.6650446,-8.0091853,icons/pharmacy.png,OSM
Marrakech,Pharmacie Lkssour صيدلية القصور,Parapharmacie,Formel,"Avenue Errazi, Marrakech",31.6668371,-8.0081249,icons/pharmacy.png,OSM
Marrakech,Pharmacie Al Wifak صيدلية الوفاق,Parapharmacie,Formel,"Avenue Errazi, Marrakech",31.669674,-8.0069585,icons/pharmacy.png,OSM
Marrakech,Pharmacie Chama صيدلية شامة,Parapharmacie,Formel,Marrakech,31.6678142,-8.0024993,icons/pharmacy.png,OSM
Marrakech,Pharmacie Hopital Mohamed VI صيدلية مستشفى محمد السادس,Parapharmacie,Formel,"Avenue Ibn Sina شارع ابن سينا, Marrakech",31.6657771,-7.9949076,icons/pharmacy.png,OSM
Marrakech,Pharmacie Ben Youssef صيدلية بن يوسف,Parapharmacie,Formel,Marrakech,31.680683,-8.0014453,icons/pharmacy.png,OSM
Marrakech,Pharmacie Jnane Awrad صيدلية جنان أوراد,Parapharmacie,Formel,Marrakech,31.659513,-8.0210779,icons/pharmacy.png,OSM
Marrakech,Pharmacie Marjane صيدلية مرجان,Parapharmacie,Formel,"Boulevard Allal El Fassi, Marrakech",31.6682533,-8.0129073,icons/pharmacy.png,OSM
Marrakech,Pharmacie Plaza صيدلية بلازا,Parapharmacie,Formel,Marrakech,31.663987,-8.0152564,icons/pharmacy.png,OSM
Marrakech,Pharmacie Route Safi صيدلية طريق اًسفي,Parapharmacie,Formel,"Route Safi, Marrakech",31.6634051,-8.0303925,icons/pharmacy.png,OSM
Marrakech,Pharmacie Acharaf صيدلية الشرف,Parapharmacie,Formel,Marrakech,31.6685368,-8.0227666,icons/pharmacy.png,OSM
Marrakech,Pharmacie Asoraya صيدلية الثريا,Parapharmacie,Formel,Marrakech,31.6715232,-8.0225463,icons/pharmacy.png,OSM
Marrakech,Pharmacie Hay Assanaoubar صيدلية حي الصنوبر,Parapharmacie,Formel,Marrakech,31.6675436,-8.0264905,icons/pharmacy.png,OSM
Marrakech,Pharmacie Benzouine صيدلية بنزوين,Parapharmacie,Formel,Marrakech,31.6723353,-8.0262145,icons/pharmacy.png,OSM
Marrakech,Pharmacie Al Yousr صيدلية اليسر,Parapharmacie,Formel,Marrakech,31.6718875,-8.0200907,icons/pharmacy.png,OSM
Marrakech,Pharmacie Dyour Marjane صيدلية ديور مرجان,Parapharmacie,Formel,Marrakech,31.6717789,-8.0106032,icons/pharmacy.png,OSM
Marrakech,La Résidence Café,Café,Formel,La Résidence Café,31.6748571,-8.0196348,icons/cafe.png,OSM
Marrakech,Pharmacie Dar Saada صيدلية دار السعادة,Parapharmacie,Formel,Marrakech,31.6747173,-8.0166794,icons/pharmacy.png,OSM
Marrakech,Pharmacie Cité Yasmine صيدلية حي ياسمين,Parapharmacie,Formel,Marrakech,31.6778021,-8.0069562,icons/pharmacy.png,OSM
Marrakech,Pharmacie Asafar صيدلية أسفار,Parapharmacie,Formel,Marrakech,31.6724519,-8.0137136,icons/pharmacy.png,OSM
Marrakech,Pharmacie Nakhil Saada صيدلية نخيل السعادة,Parapharmacie,Formel,Marrakech,31.674404,-8.0104541,icons/pharmacy.png,OSM
Marrakech,Pharmacie Hôtel Wazo صيدلية فندق وازو,Parapharmacie,Formel,"Boulevard Mohammed Abdelkaraim el Khattabi, Marrakech",31.6763605,-8.0024149,icons/pharmacy.png,OSM
Marrakech,Pharmacie Nouarat Marjane صيدلية نوارة مرجان,Parapharmacie,Formel,Marrakech,31.6771905,-8.0118754,icons/pharmacy.png,OSM
Marrakech,Pharmacie Espace Santé صيدلية فضاء الصحة,Parapharmacie,Formel,"Boulevard Allal El Fassi, Marrakech",31.6752438,-8.0278894,icons/pharmacy.png,OSM
Marrakech,Pharmacie Jnanate صيدلية جنانات,Parapharmacie,Formel,Marrakech,31.6711978,-8.0306147,icons/pharmacy.png,OSM
Marrakech,Pharmacie Al Izdihar صيدلية الإزدهار,Parapharmacie,Formel,Marrakech,31.6664672,-8.0316825,icons/pharmacy.png,OSM
Marrakech,Pharmacie Salima صيدلية سليمة,Parapharmacie,Formel,Marrakech,31.6781894,-8.0276134,icons/pharmacy.png,OSM
Marrakech,Pharmacie Bab Marrakech صيدلية باب مراكش,Parapharmacie,Formel,Marrakech,31.6766292,-8.024748,icons/pharmacy.png,OSM
Marrakech,Pharmacie Al Fadl صيدلية الفضل,Parapharmacie,Formel,Marrakech,31.6793796,-8.0221031,icons/pharmacy.png,OSM
Marrakech,Pharmacie Al Abawayn صيدلية الأبوين,Parapharmacie,Formel,Marrakech,31.6792942,-8.0248549,icons/pharmacy.png,OSM
Marrakech,Pharmacie Sraghna صيدلية سراغنة,Parapharmacie,Formel,Marrakech,31.6790308,-8.0145349,icons/pharmacy.png,OSM
Marrakech,Pharmacie Mamoune صيدلية مامون,Parapharmacie,Formel,Marrakech,31.6784869,-8.0176396,icons/pharmacy.png,OSM
Marrakech,Pharmacie Al Massar صيدلية المسار,Parapharmacie,Formel,Marrakech,31.6716551,-8.0402657,icons/pharmacy.png,OSM
Marrakech,Pharmacie Marché de Gros صيدلية سوق الجملة,Parapharmacie,Formel,Marrakech,31.6759935,-8.0332853,icons/pharmacy.png,OSM
Marrakech,Pharmacie Rayyane صيدلية الريان,Parapharmacie,Formel,Marrakech,31.6744997,-8.0402437,icons/pharmacy.png,OSM
Marrakech,Pharmacie Nazik صيدلية نازك,Parapharmacie,Formel,Marrakech,31.6766629,-8.0416173,icons/pharmacy.png,OSM
Marrakech,Pharmacie Majda صيدلية ماجدة,Parapharmacie,Formel,Marrakech,31.6797795,-8.0463029,icons/pharmacy.png,OSM
Marrakech,L'Opéra,Café,Formel,L'Opéra,31.6258296,-8.0126608,icons/cafe.png,OSM
Marrakech,L'Mida,Restaurant,Formel,"Rahba Lakdima, Marrakech",31.6292152,-7.986435,icons/restaurant.png,OSM
Marrakech,Carrefour market,Supermarché,Formel,Carrefour market,31.6488652,-8.0096125,icons/supermarket.png,OSM
Marrakech,Twins,Café,Formel,Twins,31.6554668,-8.017912,icons/cafe.png,OSM
Marrakech,الجوهرة,Café,Formel,الجوهرة,31.6555163,-8.017901,icons/cafe.png,OSM
Marrakech,أمين,Café,Formel,أمين,31.6523876,-8.0164806,icons/cafe.png,OSM
Marrakech,METOU,Restaurant,Formel,METOU,31.6400919,-8.0202364,icons/restaurant.png,OSM
Marrakech,Restaurant sans nom,Restaurant,Formel,Rue Yakoub El Marini,31.630702,-8.0071088,icons/restaurant.png,OSM
Marrakech,PAUL,Boulangerie,Formel,PAUL,31.618767,-8.0095318,icons/bakery.png,OSM
Marrakech,La Poterne,Café,Formel,La Poterne,31.6301102,-7.9977488,icons/cafe.png,OSM
Marrakech,Restaurant sans nom,Restaurant,Formel,Restaurant sans nom,31.6268331,-7.9870132,icons/restaurant.png,OSM
Marrakech,la paillote,Restaurant,Formel,la paillote,31.5790726,-8.0154678,icons/restaurant.png,OSM
Marrakech,Viavia,Café,Formel,Viavia,31.6201264,-7.9865925,icons/cafe.png,OSM
Marrakech,مول السفنج,Café,Formel,مول السفنج,31.6201471,-7.9856748,icons/cafe.png,OSM
Marrakech,Terrasse des palais,Restaurant,Formel,Terrasse des palais,31.6203602,-7.9851472,icons/restaurant.png,OSM
Marrakech,Monquotidien,Boulangerie,Formel,Monquotidien,31.6356198,-8.0144411,icons/bakery.png,OSM
Marrakech,Kabsa,Café,Formel,Kabsa,31.6661688,-8.0104285,icons/cafe.png,OSM
Marrakech,Restaurant sans nom,Restaurant,Formel,Restaurant sans nom,31.637285,-8.0142105,icons/restaurant.png,OSM
Marrakech,Restaurant sans nom,Restaurant,Formel,Restaurant sans nom,31.6306094,-8.0114185,icons/restaurant.png,OSM
Marrakech,Restaurant sans nom,Restaurant,Formel,Restaurant sans nom,31.6300061,-7.9893705,icons/restaurant.png,OSM
Marrakech,Chez Hassan,Boutique de confiserie,Informel,Rue Riad Laarous,31.6332279,-7.9897757,icons/confectionery.png,OSM
Marrakech,L'empreinte,Café,Formel,"Avenue Essaouira طريق الصويرة, Marrakech",31.6278151,-8.0420879,icons/cafe.png,OSM
Marrakech,La maison du pain,Boulangerie,Formel,La maison du pain,31.667733,-8.0414292,icons/bakery.png,OSM
Marrakech,Mehdi Boulangerie et Patisserie,Boulangerie,Formel,Marrakech,31.6315631,-7.9931854,icons/bakery.png,OSM
Marrakech,Café sans nom,Café,Formel,Café sans nom,31.6315941,-7.9945858,icons/cafe.png,OSM
Marrakech,Yamani Food,Restaurant,Formel,Derb Dabachi,31.6269914,-7.9861421,icons/restaurant.png,OSM
Marrakech,Café sans nom,Café,Formel,Rue Riad Zitoun El Jedid,31.6240088,-7.9851104,icons/cafe.png,OSM
Marrakech,Lotus Privilege,Restaurant,Formel,Derb Sidi Ben Hamdouche,31.6333765,-7.9921178,icons/restaurant.png,OSM
Marrakech,Restaurant Café Charkaoui,Restaurant,Formel,Restaurant Café Charkaoui,31.6204903,-7.9852027,icons/restaurant.png,OSM
Marrakech,Restaurant sans nom,Restaurant,Formel,Avenue Hassan II شارع الحسن الثاني,31.6311479,-8.0119588,icons/restaurant.png,OSM
Marrakech,Restaurant sans nom,Restaurant,Formel,Boulevard Mohammed VI شارع محمد السادس,31.631578,-8.0168271,icons/restaurant.png,OSM
Marrakech,Ayaso,Restaurant,Formel,Ayaso,31.628849,-7.9869686,icons/restaurant.png,OSM
Marrakech,Restaurant sans nom,Restaurant,Formel,Restaurant sans nom,31.6332222,-7.9920436,icons/restaurant.png,OSM
Marrakech,Kartell Kollektiv,Café,Formel,Rue halab,31.6363854,-8.0095791,icons/cafe.png,OSM
Marrakech,Restaurant sans nom,Restaurant,Formel,Restaurant sans nom,31.62001,-7.9852058,icons/restaurant.png,OSM
Marrakech,Pikala Café,Café,Formel,Pikala Café,31.6315592,-7.9950005,icons/cafe.png,OSM
Marrakech,Black Pan Pizzaria,Restaurant,Formel,Black Pan Pizzaria,31.637265,-8.007473,icons/restaurant.png,OSM
Marrakech,Eat Me Kech,Restaurant,Formel,Eat Me Kech,31.635335,-8.0093466,icons/restaurant.png,OSM
Marrakech,Restaurant sans nom,Restaurant,Formel,Restaurant sans nom,31.6413735,-7.9968218,icons/restaurant.png,OSM
Marrakech,Kiosque sans nom,Kiosque,Informel,Kiosque sans nom,31.6336727,-8.0038192,icons/kiosk.png,OSM
Marrakech,Boulangerie et Patisserie Fatah,Boulangerie,Formel,Boulangerie et Patisserie Fatah,31.6374845,-8.0101793,icons/bakery.png,OSM
Marrakech,Café sans nom,Café,Formel,Café sans nom,31.6297718,-7.9961653,icons/cafe.png,OSM
Marrakech,Café sans nom,Café,Formel,Café sans nom,31.6066419,-7.9723953,icons/cafe.png,OSM
Marrakech,Sitis,Supérette / Mini-market,Formel,"Avenue Yacoub El Mansour, Marrakech",31.6388873,-8.005,icons/convenience.png,OSM
Marrakech,Restaurant sans nom,Restaurant,Formel,Restaurant sans nom,31.6338268,-8.0082043,icons/restaurant.png,OSM
Marrakech,Vape Shop Amsterdam,Kiosque,Informel,Vape Shop Amsterdam,31.6362012,-8.010637,icons/kiosk.png,OSM
Marrakech,Green Midi,Restaurant,Formel,Green Midi,31.6336853,-8.0100341,icons/restaurant.png,OSM
Marrakech,Le Tire Bouchon,Restaurant,Formel,Le Tire Bouchon,31.6350384,-8.009895,icons/restaurant.png,OSM
Marrakech,Restaurant sans nom,Restaurant,Formel,Restaurant sans nom,31.6357375,-8.0114916,icons/restaurant.png,OSM
Marrakech,Le Lab Gourmana,Restaurant,Formel,Le Lab Gourmana,31.6360427,-8.0100738,icons/restaurant.png,OSM
Marrakech,Cafe de la Place,Café,Formel,Cafe de la Place,31.6344455,-8.0130032,icons/cafe.png,OSM
Marrakech,La Table Espagnole,Restaurant,Formel,La Table Espagnole,31.6360792,-8.0109562,icons/restaurant.png,OSM
Marrakech,Salon de Patisserie Belkabir,Boulangerie,Formel,Salon de Patisserie Belkabir,31.6356008,-8.0117746,icons/bakery.png,OSM
Marrakech,Alfadle,Café,Formel,Alfadle,31.6377633,-8.0104454,icons/cafe.png,OSM
Marrakech,Snacking Delyse,Restaurant,Formel,Snacking Delyse,31.6365865,-8.0122705,icons/restaurant.png,OSM
Marrakech,Poka,Restaurant,Formel,Poka,31.63246,-8.0037937,icons/restaurant.png,OSM
Marrakech,Snack Amira,Restaurant,Formel,Snack Amira,31.6343533,-8.0043061,icons/restaurant.png,OSM
Marrakech,Cafe Warda,Café,Formel,Cafe Warda,31.638841,-8.0061333,icons/cafe.png,OSM
Marrakech,% Arabica,Café,Formel,M Avenue,31.6223956,-8.0169065,icons/cafe.png,OSM
Marrakech,Le Kilim,Restaurant,Formel,Sis 36 angle rue la liberté et rue Tarik Ibnou Ziad N° 3 rez-de-chaussée,31.6356415,-8.0111946,icons/restaurant.png,OSM
Marrakech,Pizzeria Bab Doukkala,Restaurant,Formel,Pizzeria Bab Doukkala,31.633588,-7.9986264,icons/restaurant.png,OSM
Marrakech,Café sans nom,Café,Formel,Café sans nom,31.6203381,-7.9857173,icons/cafe.png,OSM
Marrakech,Local Fried Fish and Chipa,Restaurant,Formel,Local Fried Fish and Chipa,31.6204341,-7.9909789,icons/restaurant.png,OSM
Marrakech,شيلو كافيه و مطعم,Restaurant,Formel,شيلو كافيه و مطعم,31.6347044,-8.0097612,icons/restaurant.png,OSM
Marrakech,Supérette / Mini-market sans nom,Supérette / Mini-market,Formel,Supérette / Mini-market sans nom,31.6241265,-7.9888812,icons/convenience.png,OSM
Marrakech,Boulangerie sans nom,Boulangerie,Formel,Boulangerie sans nom,31.6377427,-8.0215359,icons/bakery.png,OSM
Marrakech,Restaurant sans nom,Restaurant,Formel,Restaurant sans nom,31.6453659,-7.9766355,icons/restaurant.png,OSM
Marrakech,NEW ERA,Parapharmacie,Formel,NEW ERA,31.6388741,-8.0092363,icons/pharmacy.png,OSM
Marrakech,Mon quotidien,Boulangerie,Formel,Mon quotidien,31.6479571,-8.0033104,icons/bakery.png,OSM
Marrakech,Le Mart,Restaurant,Formel,Le Mart,31.6311294,-7.9884288,icons/restaurant.png,OSM
Marrakech,Medina Sky,Restaurant,Formel,Medina Sky,31.6284578,-7.9915536,icons/restaurant.png,OSM
Marrakech,Dar L'Hssira,Restaurant,Formel,Dar L'Hssira,31.6309407,-7.9825062,icons/restaurant.png,OSM
Marrakech,Supérette / Mini-market sans nom,Supérette / Mini-market,Formel,Supérette / Mini-market sans nom,31.6255599,-7.9647553,icons/convenience.png,OSM
Marrakech,Café sans nom,Café,Formel,طريق أوريكا,31.5744932,-7.9817982,icons/cafe.png,OSM
Marrakech,Kiosque sans nom,Kiosque,Informel,Kiosque sans nom,31.6190728,-7.9893129,icons/kiosk.png,OSM
Marrakech,Cesina Snack,Restaurant,Formel,Cesina Snack,31.6202377,-7.9856786,icons/restaurant.png,OSM
Marrakech,Marrakchia,Restaurant,Formel,"Rue Azbezd, Marrakech Medina",31.630239,-7.9855424,icons/restaurant.png,OSM
Marrakech,Café le pont,Café,Formel,Café le pont,31.6337194,-8.0580822,icons/cafe.png,OSM
Marrakech,PATTIZ,Restaurant,Formel,"residence Saida, rue Av. 4ème D.M.M., Marrakech 40010",31.6411015,-8.0276096,icons/restaurant.png,OSM
Marrakech,Zeitoun Restaurant,Restaurant,Formel,Zeitoun Restaurant,31.630447,-8.0049618,icons/restaurant.png,OSM
Marrakech,Showtime coffee Shop,Café,Formel,Boulevard Al Mouzdalifa,31.6492018,-8.0118665,icons/cafe.png,OSM
Marrakech,Supermarché sans nom,Supermarché,Formel,Supermarché sans nom,31.5923383,-7.9860686,icons/supermarket.png,OSM
Marrakech,Chez RABIYR,Supérette / Mini-market,Formel,Chez RABIYR,31.6331653,-7.9979676,icons/convenience.png,OSM
Marrakech,Foundounk Gargaa,Café,Formel,Rue Koutoubia,31.6260935,-7.99105,icons/cafe.png,OSM
Marrakech,Restaurant sans nom,Restaurant,Formel,Rue El Ksour,31.6275773,-7.991812,icons/restaurant.png,OSM
Marrakech,Mamá Africa,Restaurant,Formel,Rue Oum Errabia زنقة أم الربيع,31.6307961,-8.0040734,icons/restaurant.png,OSM
Marrakech,Cafe Boutouil,Café,Formel,Cafe Boutouil,31.6354261,-7.9977612,icons/cafe.png,OSM
Marrakech,So Quickly,Restaurant,Formel,So Quickly,31.6362207,-7.9972715,icons/restaurant.png,OSM
Marrakech,Mimid,Restaurant,Formel,Mimid,31.6361922,-7.9972771,icons/restaurant.png,OSM
Marrakech,Restaurant sans nom,Restaurant,Formel,Restaurant sans nom,31.6207648,-7.9841237,icons/restaurant.png,OSM
Marrakech,Café sans nom,Café,Formel,Café sans nom,31.6166749,-7.988943,icons/cafe.png,OSM
Marrakech,Restaurant sans nom,Restaurant,Formel,Restaurant sans nom,31.6249764,-7.9888386,icons/restaurant.png,OSM
Marrakech,Café sans nom,Café,Formel,Café sans nom,31.6267572,-7.9878447,icons/cafe.png,OSM
Marrakech,Spuntini Dabashi,Restaurant,Formel,Spuntini Dabashi,31.6276444,-7.9821744,icons/restaurant.png,OSM
Marrakech,Restaurant sans nom,Restaurant,Formel,Taoulat ben Saleh,31.62906,-7.98318,icons/restaurant.png,OSM
Marrakech,Restaurant sans nom,Restaurant,Formel,Restaurant sans nom,31.633429,-7.998314,icons/restaurant.png,OSM
Marrakech,Snack Al-Masjid,Restaurant,Formel,Snack Al-Masjid,31.6741477,-8.0560515,icons/restaurant.png,OSM
Marrakech,Supérette / Mini-market sans nom,Supérette / Mini-market,Formel,Supérette / Mini-market sans nom,31.6743476,-8.0558391,icons/convenience.png,OSM
Marrakech,Supérette / Mini-market sans nom,Supérette / Mini-market,Formel,Supérette / Mini-market sans nom,31.671045,-8.0549447,icons/convenience.png,OSM
Marrakech,Supérette / Mini-market sans nom,Supérette / Mini-market,Formel,Supérette / Mini-market sans nom,31.6710592,-8.0555526,icons/convenience.png,OSM
Marrakech,Supérette / Mini-market sans nom,Supérette / Mini-market,Formel,Supérette / Mini-market sans nom,31.6710323,-8.0544016,icons/convenience.png,OSM
Marrakech,Restaurant sans nom,Restaurant,Formel,Restaurant sans nom,31.6206186,-7.9865501,icons/restaurant.png,OSM
Marrakech,Restaurant sans nom,Restaurant,Formel,Medina Mall,31.6208548,-7.9866658,icons/restaurant.png,OSM
Marrakech,Supérette / Mini-market sans nom,Supérette / Mini-market,Formel,Supérette / Mini-market sans nom,31.6703095,-8.0631686,icons/convenience.png,OSM
Marrakech,Café sans nom,Café,Formel,Café sans nom,31.6707562,-8.0614766,icons/cafe.png,OSM
Marrakech,Supérette Salma,Supérette / Mini-market,Formel,Supérette Salma,31.6703557,-8.0633188,icons/convenience.png,OSM
Marrakech,Supérette / Mini-market sans nom,Supérette / Mini-market,Formel,Supérette / Mini-market sans nom,31.6737435,-8.067421,icons/convenience.png,OSM
Marrakech,Restaurant sans nom,Restaurant,Formel,Restaurant sans nom,31.6708661,-8.0617678,icons/restaurant.png,OSM
Marrakech,Parapharmacie sans nom,Parapharmacie,Formel,Parapharmacie sans nom,31.6696732,-8.0633494,icons/pharmacy.png,OSM
Marrakech,Parapharmacie sans nom,Parapharmacie,Formel,Parapharmacie sans nom,31.6732588,-8.0528701,icons/pharmacy.png,OSM
Marrakech,Parapharmacie sans nom,Parapharmacie,Formel,Parapharmacie sans nom,31.6734865,-8.0671701,icons/pharmacy.png,OSM
Marrakech,Supérette / Mini-market sans nom,Supérette / Mini-market,Formel,Supérette / Mini-market sans nom,31.6749974,-8.0568275,icons/convenience.png,OSM
Marrakech,Café sans nom,Café,Formel,Café sans nom,31.6730646,-8.0522384,icons/cafe.png,OSM
Marrakech,Supérette / Mini-market sans nom,Supérette / Mini-market,Formel,Supérette / Mini-market sans nom,31.6747441,-8.0578068,icons/convenience.png,OSM
Marrakech,Restaurant sans nom,Restaurant,Formel,Restaurant sans nom,31.6344928,-8.0100238,icons/restaurant.png,OSM
Marrakech,Restaurant sans nom,Restaurant,Formel,Derb Sekaia,31.6233595,-7.9893741,icons/restaurant.png,OSM
Marrakech,hanut,Supérette / Mini-market,Formel,hanut,31.6358962,-8.0234519,icons/convenience.png,OSM
Marrakech,Hanut,Supérette / Mini-market,Formel,Hanut,31.6369074,-8.0236764,icons/convenience.png,OSM
Marrakech,Dahdah,Restaurant,Formel,Dahdah,31.6376515,-8.0240048,icons/restaurant.png,OSM
Marrakech,Tabati,Supérette / Mini-market,Formel,Tabati,31.6375584,-8.0242932,icons/convenience.png,OSM
Marrakech,najib,Restaurant,Formel,najib,31.637489,-8.0223879,icons/restaurant.png,OSM
Marrakech,caffeteria,Restaurant,Formel,caffeteria,31.6445441,-8.0212371,icons/restaurant.png,OSM
Marrakech,Le vrai jus,Restaurant,Formel,Le vrai jus,31.6310044,-7.9962183,icons/restaurant.png,OSM
Marrakech,Hicham,Restaurant,Formel,Hicham,31.630135,-7.9953221,icons/restaurant.png,OSM
Marrakech,Cafe Populaire,Café,Formel,Cafe Populaire,31.6342382,-7.9908486,icons/cafe.png,OSM
Marrakech,Coin D'or,Restaurant,Formel,Coin D'or,31.6342066,-7.9907249,icons/restaurant.png,OSM
Marrakech,Supermarché sans nom,Supermarché,Formel,Supermarché sans nom,31.5952096,-8.0282859,icons/supermarket.png,OSM
Marrakech,Restaurant sans nom,Restaurant,Formel,Restaurant sans nom,31.5942727,-8.0297717,icons/restaurant.png,OSM
Marrakech,Restaurant sans nom,Restaurant,Formel,Restaurant sans nom,31.5933936,-8.0307385,icons/restaurant.png,OSM
Marrakech,Restaurant sans nom,Restaurant,Formel,Restaurant sans nom,31.5935939,-8.0304876,icons/restaurant.png,OSM
Marrakech,Café sans nom,Café,Formel,Café sans nom,31.5940501,-8.0335541,icons/cafe.png,OSM
Marrakech,Supermarché sans nom,Supermarché,Formel,Supermarché sans nom,31.5896002,-8.033803,icons/supermarket.png,OSM
Marrakech,Supérette / Mini-market sans nom,Supérette / Mini-market,Formel,Supérette / Mini-market sans nom,31.5882315,-8.0338809,icons/convenience.png,OSM
Marrakech,Boulangerie sans nom,Boulangerie,Formel,Boulangerie sans nom,31.5882091,-8.0337262,icons/bakery.png,OSM
Marrakech,Café sans nom,Café,Formel,Café sans nom,31.5947461,-8.0290025,icons/cafe.png,OSM
Marrakech,Boulangerie sans nom,Boulangerie,Formel,Boulangerie sans nom,31.5956055,-8.0339533,icons/bakery.png,OSM
Marrakech,Café sans nom,Café,Formel,Café sans nom,31.5952016,-8.0341453,icons/cafe.png,OSM
Marrakech,Restaurant sans nom,Restaurant,Formel,Restaurant sans nom,31.5926635,-8.0326215,icons/restaurant.png,OSM
Marrakech,Café sans nom,Café,Formel,Café sans nom,31.59228,-8.032387,icons/cafe.png,OSM
Marrakech,Café sans nom,Café,Formel,Café sans nom,31.591863,-8.0331309,icons/cafe.png,OSM
Marrakech,Café sans nom,Café,Formel,Café sans nom,31.591649,-8.0336011,icons/cafe.png,OSM
Marrakech,Café sans nom,Café,Formel,Café sans nom,31.5925685,-8.0325677,icons/cafe.png,OSM
Marrakech,Supérette / Mini-market sans nom,Supérette / Mini-market,Formel,Supérette / Mini-market sans nom,31.5920731,-8.0327195,icons/convenience.png,OSM
Marrakech,Restaurant sans nom,Restaurant,Formel,Restaurant sans nom,31.5913107,-8.0342827,icons/restaurant.png,OSM
Marrakech,Supérette / Mini-market sans nom,Supérette / Mini-market,Formel,Supérette / Mini-market sans nom,31.5894125,-8.0336491,icons/convenience.png,OSM
Marrakech,Café sans nom,Café,Formel,Café sans nom,31.5922122,-8.0324619,icons/cafe.png,OSM
Marrakech,Supérette / Mini-market sans nom,Supérette / Mini-market,Formel,Supérette / Mini-market sans nom,31.5891492,-8.0333486,icons/convenience.png,OSM
Marrakech,Café sans nom,Café,Formel,Café sans nom,31.5948564,-8.0288792,icons/cafe.png,OSM
Marrakech,Café sans nom,Café,Formel,Café sans nom,31.594075,-8.0298535,icons/cafe.png,OSM
Marrakech,Parapharmacie sans nom,Parapharmacie,Formel,Parapharmacie sans nom,31.5881505,-8.0334861,icons/pharmacy.png,OSM
Marrakech,Restaurant sans nom,Restaurant,Formel,Restaurant sans nom,31.5966387,-8.0352859,icons/restaurant.png,OSM
Marrakech,Café sans nom,Café,Formel,Café sans nom,31.5936601,-8.0331611,icons/cafe.png,OSM
Marrakech,Café sans nom,Café,Formel,Café sans nom,31.5942227,-8.0337218,icons/cafe.png,OSM
Marrakech,Boulangerie sans nom,Boulangerie,Formel,Boulangerie sans nom,31.5953273,-8.0349832,icons/bakery.png,OSM
Marrakech,Restaurant sans nom,Restaurant,Formel,Restaurant sans nom,31.5960155,-8.0349445,icons/restaurant.png,OSM
Marrakech,Restaurant sans nom,Restaurant,Formel,Restaurant sans nom,31.5958118,-8.0414433,icons/restaurant.png,OSM
Marrakech,Café sans nom,Café,Formel,Café sans nom,31.5956711,-8.0418081,icons/cafe.png,OSM
Marrakech,Boulangerie sans nom,Boulangerie,Formel,Boulangerie sans nom,31.5933658,-8.0329614,icons/bakery.png,OSM
Marrakech,Boulangerie sans nom,Boulangerie,Formel,Boulangerie sans nom,31.5944193,-8.0337022,icons/bakery.png,OSM
Marrakech,Restaurant sans nom,Restaurant,Formel,Restaurant sans nom,31.5958926,-8.0348585,icons/restaurant.png,OSM
Marrakech,Restaurant sans nom,Restaurant,Formel,Restaurant sans nom,31.5959463,-8.0347396,icons/restaurant.png,OSM
Marrakech,Café sans nom,Café,Formel,Café sans nom,31.5975532,-8.0360651,icons/cafe.png,OSM
Marrakech,Restaurant sans nom,Restaurant,Formel,Restaurant sans nom,31.5973507,-8.0367231,icons/restaurant.png,OSM
Marrakech,Restaurant sans nom,Restaurant,Formel,Restaurant sans nom,31.5973216,-8.0368762,icons/restaurant.png,OSM
Marrakech,Café sans nom,Café,Formel,Café sans nom,31.5970897,-8.0374564,icons/cafe.png,OSM
Marrakech,Café sans nom,Café,Formel,Café sans nom,31.5965576,-8.039476,icons/cafe.png,OSM
Marrakech,Café sans nom,Café,Formel,Café sans nom,31.5966376,-8.0402381,icons/cafe.png,OSM
Marrakech,Supérette / Mini-market sans nom,Supérette / Mini-market,Formel,Supérette / Mini-market sans nom,31.5962791,-8.0400742,icons/convenience.png,OSM
Marrakech,Café sans nom,Café,Formel,Café sans nom,31.5960299,-8.0407586,icons/cafe.png,OSM
Marrakech,Café sans nom,Café,Formel,Café sans nom,31.59594,-8.0411829,icons/cafe.png,OSM
Marrakech,Café sans nom,Café,Formel,Café sans nom,31.5953817,-8.0417268,icons/cafe.png,OSM
Marrakech,Café sans nom,Café,Formel,Café sans nom,31.5952511,-8.041657,icons/cafe.png,OSM
Marrakech,Café sans nom,Café,Formel,Café sans nom,31.5958419,-8.0417937,icons/cafe.png,OSM
Marrakech,Restaurant sans nom,Restaurant,Formel,Restaurant sans nom,31.5944305,-8.033859,icons/restaurant.png,OSM
Marrakech,Restaurant sans nom,Restaurant,Formel,Restaurant sans nom,31.5953216,-8.0342862,icons/restaurant.png,OSM
Marrakech,Supérette / Mini-market sans nom,Supérette / Mini-market,Formel,Supérette / Mini-market sans nom,31.5964948,-8.035178,icons/convenience.png,OSM
Marrakech,Café sans nom,Café,Formel,Café sans nom,31.597047,-8.0355413,icons/cafe.png,OSM
Marrakech,Restaurant sans nom,Restaurant,Formel,Restaurant sans nom,31.5965796,-8.0394458,icons/restaurant.png,OSM
Marrakech,Café sans nom,Café,Formel,Café sans nom,31.5957452,-8.0417649,icons/cafe.png,OSM
Marrakech,Café sans nom,Café,Formel,Café sans nom,31.5932666,-8.0439233,icons/cafe.png,OSM
Marrakech,Café sans nom,Café,Formel,Café sans nom,31.5920162,-8.0487152,icons/cafe.png,OSM
Marrakech,Restaurant sans nom,Restaurant,Formel,Restaurant sans nom,31.5915478,-8.0500523,icons/restaurant.png,OSM
Marrakech,Restaurant sans nom,Restaurant,Formel,Restaurant sans nom,31.5915755,-8.0499806,icons/restaurant.png,OSM
Marrakech,Restaurant sans nom,Restaurant,Formel,Restaurant sans nom,31.5894849,-8.0558795,icons/restaurant.png,OSM
Marrakech,Café sans nom,Café,Formel,Café sans nom,31.5927143,-8.0545723,icons/cafe.png,OSM
Marrakech,Supérette / Mini-market sans nom,Supérette / Mini-market,Formel,Supérette / Mini-market sans nom,31.5934084,-8.0531277,icons/convenience.png,OSM
Marrakech,Boulangerie sans nom,Boulangerie,Formel,Boulangerie sans nom,31.5936931,-8.052527,icons/bakery.png,OSM
Marrakech,Café sans nom,Café,Formel,Café sans nom,31.5937433,-8.0520008,icons/cafe.png,OSM
Marrakech,Restaurant sans nom,Restaurant,Formel,Restaurant sans nom,31.5939166,-8.0517722,icons/restaurant.png,OSM
Marrakech,Restaurant sans nom,Restaurant,Formel,Restaurant sans nom,31.5939908,-8.0517168,icons/restaurant.png,OSM
Marrakech,Café sans nom,Café,Formel,Café sans nom,31.5943625,-8.0509416,icons/cafe.png,OSM
Marrakech,Restaurant sans nom,Restaurant,Formel,Restaurant sans nom,31.5949942,-8.050458,icons/restaurant.png,OSM
Marrakech,Café sans nom,Café,Formel,Café sans nom,31.5954071,-8.050001,icons/cafe.png,OSM
Marrakech,Café sans nom,Café,Formel,Café sans nom,31.5955311,-8.0497406,icons/cafe.png,OSM
Marrakech,Supérette / Mini-market sans nom,Supérette / Mini-market,Formel,Supérette / Mini-market sans nom,31.5956605,-8.0494369,icons/convenience.png,OSM
Marrakech,Café sans nom,Café,Formel,Café sans nom,31.5956553,-8.0481309,icons/cafe.png,OSM
Marrakech,Supérette / Mini-market sans nom,Supérette / Mini-market,Formel,Supérette / Mini-market sans nom,31.5957543,-8.0471034,icons/convenience.png,OSM
Marrakech,Restaurant sans nom,Restaurant,Formel,Restaurant sans nom,31.5956704,-8.047086,icons/restaurant.png,OSM
Marrakech,Restaurant sans nom,Restaurant,Formel,Restaurant sans nom,31.5955412,-8.0470266,icons/restaurant.png,OSM
Marrakech,Café sans nom,Café,Formel,Café sans nom,31.5961127,-8.0467213,icons/cafe.png,OSM
Marrakech,Restaurant sans nom,Restaurant,Formel,Restaurant sans nom,31.5965535,-8.0453582,icons/restaurant.png,OSM
Marrakech,Restaurant sans nom,Restaurant,Formel,Restaurant sans nom,31.5966979,-8.0454793,icons/restaurant.png,OSM
Marrakech,Café sans nom,Café,Formel,Café sans nom,31.5968666,-8.0450712,icons/cafe.png,OSM
Marrakech,Boulangerie sans nom,Boulangerie,Formel,Boulangerie sans nom,31.5968046,-8.0447747,icons/bakery.png,OSM
Marrakech,Restaurant sans nom,Restaurant,Formel,Restaurant sans nom,31.5967198,-8.0444279,icons/restaurant.png,OSM
Marrakech,Supérette / Mini-market sans nom,Supérette / Mini-market,Formel,Supérette / Mini-market sans nom,31.5969778,-8.0438008,icons/convenience.png,OSM
Marrakech,Boulangerie sans nom,Boulangerie,Formel,Boulangerie sans nom,31.5977119,-8.038179,icons/bakery.png,OSM
Marrakech,Restaurant sans nom,Restaurant,Formel,Restaurant sans nom,31.5982587,-8.0336052,icons/restaurant.png,OSM
Marrakech,Café sans nom,Café,Formel,Café sans nom,31.5974361,-8.0283875,icons/cafe.png,OSM
Marrakech,Supérette / Mini-market sans nom,Supérette / Mini-market,Formel,Supérette / Mini-market sans nom,31.5973499,-8.0286461,icons/convenience.png,OSM
Marrakech,Restaurant sans nom,Restaurant,Formel,Restaurant sans nom,31.5961885,-8.0311822,icons/restaurant.png,OSM
Marrakech,Restaurant sans nom,Restaurant,Formel,Restaurant sans nom,31.5960936,-8.0318486,icons/restaurant.png,OSM
Marrakech,Boulangerie sans nom,Boulangerie,Formel,Boulangerie sans nom,31.596913,-8.0336241,icons/bakery.png,OSM
Marrakech,Supérette / Mini-market sans nom,Supérette / Mini-market,Formel,Supérette / Mini-market sans nom,31.5956189,-8.0339235,icons/convenience.png,OSM
Marrakech,Boulangerie sans nom,Boulangerie,Formel,Boulangerie sans nom,31.5957993,-8.0336964,icons/bakery.png,OSM
Marrakech,Boulangerie sans nom,Boulangerie,Formel,Boulangerie sans nom,31.5962248,-8.0326403,icons/bakery.png,OSM
Marrakech,Boulangerie sans nom,Boulangerie,Formel,Boulangerie sans nom,31.596353,-8.0323647,icons/bakery.png,OSM
Marrakech,Café sans nom,Café,Formel,Café sans nom,31.5969516,-8.0311755,icons/cafe.png,OSM
Marrakech,Supérette / Mini-market sans nom,Supérette / Mini-market,Formel,Supérette / Mini-market sans nom,31.595578,-8.0305816,icons/convenience.png,OSM
Marrakech,Café sans nom,Café,Formel,Café sans nom,31.5935935,-8.0446722,icons/cafe.png,OSM
Marrakech,Café sans nom,Café,Formel,Café sans nom,31.5926568,-8.0466356,icons/cafe.png,OSM
Marrakech,Café sans nom,Café,Formel,Café sans nom,31.591702,-8.0484778,icons/cafe.png,OSM
Marrakech,Café sans nom,Café,Formel,Café sans nom,31.5906779,-8.0514774,icons/cafe.png,OSM
Marrakech,Restaurant sans nom,Restaurant,Formel,Restaurant sans nom,31.5896691,-8.0556341,icons/restaurant.png,OSM
Marrakech,Café sans nom,Café,Formel,Café sans nom,31.5929295,-8.0545593,icons/cafe.png,OSM
Marrakech,Parapharmacie sans nom,Parapharmacie,Formel,Parapharmacie sans nom,31.5952628,-8.0498699,icons/pharmacy.png,OSM
Marrakech,Café sans nom,Café,Formel,Café sans nom,31.5960987,-8.0479572,icons/cafe.png,OSM
Marrakech,Restaurant sans nom,Restaurant,Formel,Restaurant sans nom,31.595819,-8.0469075,icons/restaurant.png,OSM
Marrakech,Supérette / Mini-market sans nom,Supérette / Mini-market,Formel,Supérette / Mini-market sans nom,31.5967353,-8.0448548,icons/convenience.png,OSM
Marrakech,Restaurant sans nom,Restaurant,Formel,Restaurant sans nom,31.5967724,-8.0444397,icons/restaurant.png,OSM
Marrakech,Restaurant sans nom,Restaurant,Formel,Restaurant sans nom,31.5973375,-8.0408894,icons/restaurant.png,OSM
Marrakech,Café sans nom,Café,Formel,Café sans nom,31.5977253,-8.0366972,icons/cafe.png,OSM
Marrakech,Supérette / Mini-market sans nom,Supérette / Mini-market,Formel,Supérette / Mini-market sans nom,31.5976826,-8.0359916,icons/convenience.png,OSM
Marrakech,Restaurant sans nom,Restaurant,Formel,Restaurant sans nom,31.598123,-8.0337327,icons/restaurant.png,OSM
Marrakech,Café sans nom,Café,Formel,Café sans nom,31.5979008,-8.0325791,icons/cafe.png,OSM
Marrakech,Café sans nom,Café,Formel,Café sans nom,31.5973789,-8.0285367,icons/cafe.png,OSM
Marrakech,Restaurant sans nom,Restaurant,Formel,Restaurant sans nom,31.5962262,-8.0310887,icons/restaurant.png,OSM
Marrakech,Restaurant sans nom,Restaurant,Formel,Restaurant sans nom,31.5960751,-8.0314289,icons/restaurant.png,OSM
Marrakech,Boulangerie sans nom,Boulangerie,Formel,Boulangerie sans nom,31.5970774,-8.0337706,icons/bakery.png,OSM
Marrakech,Boulangerie sans nom,Boulangerie,Formel,Boulangerie sans nom,31.597397,-8.0338671,icons/bakery.png,OSM
Marrakech,Supérette / Mini-market sans nom,Supérette / Mini-market,Formel,Supérette / Mini-market sans nom,31.5976359,-8.0340464,icons/convenience.png,OSM
Marrakech,Restaurant sans nom,Restaurant,Formel,Restaurant sans nom,31.595791,-8.034762,icons/restaurant.png,OSM
Marrakech,Restaurant sans nom,Restaurant,Formel,Restaurant sans nom,31.5943158,-8.0298284,icons/restaurant.png,OSM
Marrakech,Café sans nom,Café,Formel,Café sans nom,31.5927858,-8.0319278,icons/cafe.png,OSM
Marrakech,Café sans nom,Café,Formel,Café sans nom,31.5939654,-8.0420527,icons/cafe.png,OSM
Marrakech,Café sans nom,Café,Formel,Café sans nom,31.5942567,-8.0422522,icons/cafe.png,OSM
Marrakech,Café sans nom,Café,Formel,Café sans nom,31.5935197,-8.0432513,icons/cafe.png,OSM
Marrakech,Café sans nom,Café,Formel,Café sans nom,31.5937938,-8.0434092,icons/cafe.png,OSM
Marrakech,Café sans nom,Café,Formel,Café sans nom,31.5935091,-8.0528539,icons/cafe.png,OSM
Marrakech,Restaurant sans nom,Restaurant,Formel,Restaurant sans nom,31.594667,-8.0506991,icons/restaurant.png,OSM
Marrakech,Supérette / Mini-market sans nom,Supérette / Mini-market,Formel,Supérette / Mini-market sans nom,31.595035,-8.0508083,icons/convenience.png,OSM
Marrakech,Café sans nom,Café,Formel,Café sans nom,31.5963753,-8.0455758,icons/cafe.png,OSM
Marrakech,Supérette / Mini-market sans nom,Supérette / Mini-market,Formel,Supérette / Mini-market sans nom,31.5976442,-8.0359686,icons/convenience.png,OSM
Marrakech,Café sans nom,Café,Formel,Café sans nom,31.59794,-8.0332146,icons/cafe.png,OSM
Marrakech,Boulangerie sans nom,Boulangerie,Formel,Boulangerie sans nom,31.595688,-8.0328214,icons/bakery.png,OSM
Marrakech,Supérette / Mini-market sans nom,Supérette / Mini-market,Formel,Supérette / Mini-market sans nom,31.5967516,-8.0333897,icons/convenience.png,OSM
Marrakech,Boulangerie sans nom,Boulangerie,Formel,Boulangerie sans nom,31.5971895,-8.0338563,icons/bakery.png,OSM
Marrakech,Boulangerie sans nom,Boulangerie,Formel,Boulangerie sans nom,31.5977176,-8.0342699,icons/bakery.png,OSM
Marrakech,Restaurant sans nom,Restaurant,Formel,Restaurant sans nom,31.5947319,-8.030138,icons/restaurant.png,OSM
Marrakech,Restaurant sans nom,Restaurant,Formel,Restaurant sans nom,31.5962678,-8.0467727,icons/restaurant.png,OSM
Marrakech,Boulangerie sans nom,Boulangerie,Formel,Boulangerie sans nom,31.5959107,-8.0334547,icons/bakery.png,OSM
Marrakech,Café sans nom,Café,Formel,Café sans nom,31.5927849,-8.0544373,icons/cafe.png,OSM
Marrakech,Café sans nom,Café,Formel,Café sans nom,31.5977171,-8.0380241,icons/cafe.png,OSM
Marrakech,Supérette / Mini-market sans nom,Supérette / Mini-market,Formel,Supérette / Mini-market sans nom,31.5959917,-8.0329879,icons/convenience.png,OSM
Marrakech,Café sans nom,Café,Formel,Café sans nom,31.5952112,-8.0506644,icons/cafe.png,OSM
Marrakech,Restaurant sans nom,Restaurant,Formel,Restaurant sans nom,31.5967615,-8.0453065,icons/restaurant.png,OSM
Marrakech,Supérette / Mini-market sans nom,Supérette / Mini-market,Formel,Supérette / Mini-market sans nom,31.5967765,-8.044794,icons/convenience.png,OSM
Marrakech,Boulangerie sans nom,Boulangerie,Formel,Boulangerie sans nom,31.5969252,-8.044107,icons/bakery.png,OSM
Marrakech,Café sans nom,Café,Formel,Café sans nom,31.597867,-8.0297847,icons/cafe.png,OSM
Marrakech,Café sans nom,Café,Formel,Café sans nom,31.5965213,-8.0310033,icons/cafe.png,OSM
Marrakech,Supérette / Mini-market sans nom,Supérette / Mini-market,Formel,Supérette / Mini-market sans nom,31.5968768,-8.0334944,icons/convenience.png,OSM
Marrakech,Supérette / Mini-market sans nom,Supérette / Mini-market,Formel,Supérette / Mini-market sans nom,31.5961016,-8.0326594,icons/convenience.png,OSM
Marrakech,Boulangerie sans nom,Boulangerie,Formel,Boulangerie sans nom,31.596355,-8.0320447,icons/bakery.png,OSM
Marrakech,Boulangerie sans nom,Boulangerie,Formel,Boulangerie sans nom,31.5969902,-8.0312111,icons/bakery.png,OSM
Marrakech,Restaurant sans nom,Restaurant,Formel,Restaurant sans nom,31.5955497,-8.0307005,icons/restaurant.png,OSM
Marrakech,Boulangerie sans nom,Boulangerie,Formel,Boulangerie sans nom,31.5948956,-8.0302251,icons/bakery.png,OSM
Marrakech,Restaurant sans nom,Restaurant,Formel,Restaurant sans nom,31.593409,-8.0310976,icons/restaurant.png,OSM
Marrakech,Épicerie sans nom,Épicerie,Informel,Épicerie sans nom,31.5978891,-8.0341611,icons/greengrocer.png,OSM
Marrakech,Supérette / Mini-market sans nom,Supérette / Mini-market,Formel,Supérette / Mini-market sans nom,31.5959423,-8.0333785,icons/convenience.png,OSM
Marrakech,Restaurant sans nom,Restaurant,Formel,Restaurant sans nom,31.6201874,-7.9856625,icons/restaurant.png,OSM
Marrakech,Le petit Marche,Supermarché,Formel,"Rue Khalid Ben El Oualid, Marrakech",31.6317085,-8.0029925,icons/supermarket.png,OSM
Marrakech,Grillade,Restaurant,Formel,Grillade,31.6554601,-8.0163345,icons/restaurant.png,OSM
Marrakech,Paname Lounge Marrakech,Restaurant,Formel,"Rue Yougoslavie زنقة يوغوسلافيا, Marrakech",31.6329886,-8.0135755,icons/restaurant.png,OSM
Marrakech,Café sans nom,Café,Formel,Café sans nom,31.6318198,-8.0055047,icons/cafe.png,OSM
Marrakech,Pensee,Café,Formel,Pensee,31.6314757,-8.005394,icons/cafe.png,OSM
Marrakech,Café sans nom,Café,Formel,Café sans nom,31.6246596,-7.9897866,icons/cafe.png,OSM
Marrakech,Supérette / Mini-market sans nom,Supérette / Mini-market,Formel,Supérette / Mini-market sans nom,31.6311861,-8.0038243,icons/convenience.png,OSM
Marrakech,Restaurant sans nom,Restaurant,Formel,Restaurant sans nom,31.6268155,-7.9896513,icons/restaurant.png,OSM
Marrakech,Boutique de confiserie sans nom,Boutique de confiserie,Informel,Boutique de confiserie sans nom,31.6406513,-8.0184245,icons/confectionery.png,OSM
Marrakech,Restaurant sans nom,Restaurant,Formel,Avenue Yacoub El Mansour,31.6408889,-7.9997309,icons/restaurant.png,OSM
Marrakech,Restaurant sans nom,Restaurant,Formel,Avenue Houman El Fetouaki,31.6204606,-7.9865299,icons/restaurant.png,OSM
Marrakech,Marjorel Market,Supérette / Mini-market,Formel,Marjorel Market,31.6395258,-7.9996468,icons/convenience.png,OSM
Marrakech,Restaurant sans nom,Restaurant,Formel,Rue Riad Zitoun El Jedid,31.6229256,-7.9851515,icons/restaurant.png,OSM
Marrakech,Restaurant sans nom,Restaurant,Formel,Boulevard Moulay Rachid شارع مولاي رشيد,31.6325698,-8.0117612,icons/restaurant.png,OSM
Marrakech,Restaurant sans nom,Restaurant,Formel,Rue des Banques,31.6260637,-7.9867691,icons/restaurant.png,OSM
Marrakech,Restaurant sans nom,Restaurant,Formel,Rue Riad Zitoun el Kdim,31.6244439,-7.9870149,icons/restaurant.png,OSM
Marrakech,Restaurant sans nom,Restaurant,Formel,Derb Jdid,31.6274283,-7.9841347,icons/restaurant.png,OSM
Marrakech,Restaurant sans nom,Restaurant,Formel,Rue des Banques,31.625773,-7.9862408,icons/restaurant.png,OSM
Marrakech,Restaurant sans nom,Restaurant,Formel,Rue Dar El Bacha,31.6314655,-7.9901691,icons/restaurant.png,OSM
Marrakech,Restaurant sans nom,Restaurant,Formel,Boulevard El Mansour Eddahbi,31.6340749,-8.0145815,icons/restaurant.png,OSM
Marrakech,Baba Pizza,Restaurant,Formel,"57 Rue Mouatamid Ibn Abaad, Marrakech",31.6315526,-8.0071371,icons/restaurant.png,OSM
Marrakech,Manzil,Restaurant,Formel,"Rue Ibn Atya, Marrakesch",31.6321313,-8.0048346,icons/restaurant.png,OSM
Marrakech,KASER LOUBNANE MARRAKECH,Café,Formel,"Avenue Yacoub El Mansour, Marrakech",31.6388446,-8.0051458,icons/cafe.png,OSM
Marrakech,Soul Food,Restaurant,Formel,Soul Food,31.6323042,-7.9885668,icons/restaurant.png,OSM
Marrakech,Café Elena,Café,Formel,Café Elena,31.6393325,-8.0723457,icons/cafe.png,OSM
Marrakech,Gouzwine,Boulangerie,Formel,Gouzwine,31.6394604,-8.0723427,icons/bakery.png,OSM
Marrakech,Le Slimana,Restaurant,Formel,Le Slimana,31.6311251,-7.9853577,icons/restaurant.png,OSM
Marrakech,Argan Garden Marrakech,Restaurant,Formel,"Rue d'amezmiz, Marrakech",31.5664638,-8.0108352,icons/restaurant.png,OSM
Marrakech,Tiznit,Restaurant,Formel,"Place Jamaâ Lefna, Marrakech Medina",31.6271153,-7.9879667,icons/restaurant.png,OSM
Marrakech,Patisserie Riad,Boulangerie,Formel,Patisserie Riad,31.6339581,-7.9910758,icons/bakery.png,OSM
Marrakech,Menara Food,Restaurant,Formel,Menara Food,31.6165431,-7.9891614,icons/restaurant.png,OSM
Marrakech,Kiosque sans nom,Kiosque,Informel,Kiosque sans nom,31.616386,-7.9890736,icons/kiosk.png,OSM
Marrakech,Restaurant sans nom,Restaurant,Formel,Restaurant sans nom,31.6164355,-7.988983,icons/restaurant.png,OSM
Marrakech,Supérette / Mini-market sans nom,Supérette / Mini-market,Formel,Supérette / Mini-market sans nom,31.6166047,-7.988837,icons/convenience.png,OSM
Marrakech,Cafe Jardin,Café,Formel,Marrakech,31.655168,-8.0306288,icons/cafe.png,OSM
Marrakech,Pharmacie de Progres,Parapharmacie,Formel,Pharmacie de Progres,31.6253007,-7.9886645,icons/pharmacy.png,OSM
Marrakech,Supérette / Mini-market sans nom,Supérette / Mini-market,Formel,Supérette / Mini-market sans nom,31.6354134,-8.0074516,icons/convenience.png,OSM
Marrakech,Chez Omar,Restaurant,Formel,Chez Omar,31.6269831,-7.9861669,icons/restaurant.png,OSM
Marrakech,M Bacha Restaurant,Restaurant,Formel,Derb Dekkak,31.6317896,-7.9966791,icons/restaurant.png,OSM
Marrakech,Azhar La Grande Epicerie,Supérette / Mini-market,Formel,Azhar La Grande Epicerie,31.612452,-7.9970869,icons/convenience.png,OSM
Marrakech,Carrefour Market,Supermarché,Formel,Carrefour Market,31.6180668,-8.0092373,icons/supermarket.png,OSM
Marrakech,Dabachi Chez Cherif,Restaurant,Formel,"Derb Dabachi, Marrakech",31.6273429,-7.9851708,icons/restaurant.png,OSM
Marrakech,Storytelling Cafe,Restaurant,Formel,"Rue du Souk des Fassis, Marrakech",31.6318575,-7.9849065,icons/restaurant.png,OSM
Marrakech,Starbucks,Café,Formel,Starbucks,31.6304481,-8.0170707,icons/cafe.png,OSM
Marrakech,Villa Aaron,Restaurant,Formel,Villa Aaron,31.6196463,-7.9896527,icons/restaurant.png,OSM
Marrakech,Le Grand Bazar Marrakech,Restaurant,Formel,Le Grand Bazar Marrakech,31.6268758,-7.9869834,icons/restaurant.png,OSM
Marrakech,La Pergola rooftop jazz bar,Restaurant,Formel,Derb Chaabane,31.6244209,-7.9869115,icons/restaurant.png,OSM
Marrakech,BİM,Supérette / Mini-market,Formel,BİM,31.6455077,-7.9791224,icons/convenience.png,OSM
Marrakech,BİM,Supérette / Mini-market,Formel,BİM,31.6419076,-8.0096064,icons/convenience.png,OSM
Marrakech,La main de Fatima,Restaurant,Formel,La main de Fatima,31.6190685,-7.9868005,icons/restaurant.png,OSM
Marrakech,Jijo Mazel,Café,Formel,10,31.6273781,-7.9934635,icons/cafe.png,OSM
Marrakech,Café Mouassine,Café,Formel,Café Mouassine,31.6290267,-7.9894903,icons/cafe.png,OSM
Marrakech,Chez Mariama Berbère,Restaurant,Formel,Chez Mariama Berbère,31.6326435,-7.9889899,icons/restaurant.png,OSM
Marrakech,Sḧawarma,Restaurant,Formel,Sḧawarma,31.6275557,-7.9843778,icons/restaurant.png,OSM
Marrakech,Restaurant sans nom,Restaurant,Formel,Restaurant sans nom,31.6314004,-7.9890373,icons/restaurant.png,OSM
Marrakech,Chez Ali,Restaurant,Formel,Chez Ali,31.6196099,-7.9849929,icons/restaurant.png,OSM
Marrakech,Mama terrasse,Café,Formel,Mama terrasse,31.6330275,-7.9894985,icons/cafe.png,OSM
Marrakech,Le Jardin Ben Youssef,Restaurant,Formel,Le Jardin Ben Youssef,31.6328318,-7.9887404,icons/restaurant.png,OSM
Marrakech,Yazel,Restaurant,Formel,Yazel,31.6310214,-7.9893989,icons/restaurant.png,OSM
Marrakech,Pizza Amore Italiano,Restaurant,Formel,Pizza Amore Italiano,31.5924594,-7.9868231,icons/restaurant.png,OSM
Marrakech,Café sans nom,Café,Formel,Café sans nom,31.5746745,-8.0582328,icons/cafe.png,OSM
Marrakech,La Terrasse Du Marché,Café,Formel,La Terrasse Du Marché,31.6199027,-7.9856433,icons/cafe.png,OSM
Marrakech,Kech Badi,Restaurant,Formel,Rue de Berrima,31.6197835,-7.9850495,icons/restaurant.png,OSM
Marrakech,La Fontaine des épices,Restaurant,Formel,131,31.6311057,-7.989435,icons/restaurant.png,OSM
Marrakech,Aassila Coffee,Café,Formel,"Rue Sidi Boulabada, Marrakesh 40000, Marocco",31.6275931,-7.9816022,icons/cafe.png,OSM
Marrakech,دار دار,Restaurant,Formel,Riad Zitoun Lakdim رياض الزيتون القديم,31.6222767,-7.9864208,icons/restaurant.png,OSM
Marrakech,Mabrouka,Restaurant,Formel,Rue Bani Marine,31.6240284,-7.9897085,icons/restaurant.png,OSM
Marrakech,Herboristerie Bendriss,Parapharmacie,Formel,Qaâat Bennahid,31.6306644,-7.9859952,icons/pharmacy.png,OSM
Marrakech,"Marrakech, Azalai urban souk",Restaurant,Formel,Boulevard El Mansour Eddahbi,31.6334188,-8.0121946,icons/restaurant.png,OSM
Marrakech,Azalai urban souk,Restaurant,Formel,Boulevard El Mansour Eddahbi,31.6334139,-8.0121382,icons/restaurant.png,OSM
Marrakech,Café Almasraf,Restaurant,Formel,Café Almasraf,31.6187996,-7.9894959,icons/restaurant.png,OSM
Marrakech,ENJOY YOUR MEAL VEGGIE LOVERS - Restaurant Végétarien Médina Marrakech,Restaurant,Formel,Route Kennaria Dbchi,31.6258143,-7.9861975,icons/restaurant.png,OSM
Marrakech,MK Rooftop Marrakech,Restaurant,Formel,"Derb Sebaai, Marrakesh",31.6274372,-7.9921963,icons/restaurant.png,OSM
Marrakech,MALAH,Restaurant,Formel,MALAH,31.6197918,-7.9846662,icons/restaurant.png,OSM
Marrakech,Manzah l'koutoubiap,Restaurant,Formel,"Rue Fatima Zahra, Marrakech",31.625349,-7.9927789,icons/restaurant.png,OSM
Marrakech,Restaurant sans nom,Restaurant,Formel,Restaurant sans nom,31.6254969,-7.9926568,icons/restaurant.png,OSM
Marrakech,Kabana,Restaurant,Formel,Kabana,31.6261357,-7.9929493,icons/restaurant.png,OSM
Marrakech,Shawarma Laffah,Restaurant,Formel,Shawarma Laffah,31.6268184,-7.9934156,icons/restaurant.png,OSM
Marrakech,La table de la Koutoubia,Café,Formel,La table de la Koutoubia,31.6255171,-7.9934505,icons/cafe.png,OSM
Marrakech,Restaurante Portofino,Restaurant,Formel,Boulevard Mohammed V,31.6253221,-7.9932723,icons/restaurant.png,OSM
Marrakech,Le Markech Terrasse,Café,Formel,Boulevard Mohammed V,31.6252899,-7.9932072,icons/cafe.png,OSM
Marrakech,Sky Venisia,Restaurant,Formel,Boulevard Mohammed V,31.6252708,-7.9931587,icons/restaurant.png,OSM
Marrakech,Droguerie Zarktouni,Parapharmacie,Formel,Droguerie Zarktouni,31.6254762,-7.9928953,icons/pharmacy.png,OSM
Marrakech,Chez Omar,Café,Formel,Chez Omar,31.6252041,-7.9926974,icons/cafe.png,OSM
Marrakech,Café Koutoubia,Café,Formel,Café Koutoubia,31.625158,-7.9926614,icons/cafe.png,OSM
Marrakech,Restaurant sans nom,Restaurant,Formel,Restaurant sans nom,31.6280345,-8.0626548,icons/restaurant.png,OSM
Marrakech,The Ancient House Grill,Café,Formel,The Ancient House Grill,31.6225815,-7.9913725,icons/cafe.png,OSM
Marrakech,Café Roxe,Café,Formel,Café Roxe,31.6224841,-7.9901599,icons/cafe.png,OSM
Marrakech,Cafe Imzzane,Café,Formel,Cafe Imzzane,31.6228374,-7.9902172,icons/cafe.png,OSM
Marrakech,Cafe Ennaser,Café,Formel,Cafe Ennaser,31.6230487,-7.9900174,icons/cafe.png,OSM
Marrakech,Kiosque sans nom,Kiosque,Informel,Kiosque sans nom,31.6231958,-7.9900941,icons/kiosk.png,OSM
Marrakech,Cafe Iceberg,Café,Formel,Cafe Iceberg,31.623336,-7.9902088,icons/cafe.png,OSM
Marrakech,McDonald's,Restaurant,Formel,McDonald's,31.6092729,-7.9960381,icons/restaurant.png,OSM
Marrakech,Carrefour,Supermarché,Formel,Carrefour,31.6048303,-8.0001812,icons/supermarket.png,OSM
Marrakech,Kasbah adalussiya,Restaurant,Formel,Kasbah adalussiya,31.6182058,-7.9894789,icons/restaurant.png,OSM
Marrakech,Restaurant sans nom,Restaurant,Formel,Restaurant sans nom,31.6210003,-7.989647,icons/restaurant.png,OSM
Marrakech,Snack ourika,Restaurant,Formel,Snack ourika,31.6199551,-7.9896698,icons/restaurant.png,OSM
Marrakech,Chez Bahia,Restaurant,Formel,Chez Bahia,31.6248052,-7.9874498,icons/restaurant.png,OSM
Marrakech,Azalai urban souk,Restaurant,Formel,Azalai urban souk,31.6334641,-8.012585,icons/restaurant.png,OSM
Marrakech,Boulangerie sans nom,Boulangerie,Formel,Boulangerie sans nom,31.6147422,-7.9883512,icons/bakery.png,OSM
Marrakech,6eme,Restaurant,Formel,6eme,31.6055124,-7.9995451,icons/restaurant.png,OSM
Marrakech,Sushi 6eme,Restaurant,Formel,Sushi 6eme,31.6054393,-7.9992983,icons/restaurant.png,OSM
Marrakech,Café sans nom,Café,Formel,Café sans nom,31.6153808,-7.9867598,icons/cafe.png,OSM
Marrakech,Supérette / Mini-market sans nom,Supérette / Mini-market,Formel,Supérette / Mini-market sans nom,31.6165695,-7.9885279,icons/convenience.png,OSM
Marrakech,Café sans nom,Café,Formel,Café sans nom,31.6128489,-7.9884935,icons/cafe.png,OSM
Marrakech,Supérette / Mini-market sans nom,Supérette / Mini-market,Formel,Supérette / Mini-market sans nom,31.6150199,-7.9865719,icons/convenience.png,OSM
Marrakech,Supérette / Mini-market sans nom,Supérette / Mini-market,Formel,Supérette / Mini-market sans nom,31.6129727,-7.9881172,icons/convenience.png,OSM
Marrakech,Parapharmacie sans nom,Parapharmacie,Formel,Parapharmacie sans nom,31.6153546,-7.986851,icons/pharmacy.png,OSM
Marrakech,Supérette / Mini-market sans nom,Supérette / Mini-market,Formel,Supérette / Mini-market sans nom,31.6156986,-7.9870507,icons/convenience.png,OSM
Marrakech,Supérette / Mini-market sans nom,Supérette / Mini-market,Formel,Supérette / Mini-market sans nom,31.6158469,-7.9870937,icons/convenience.png,OSM
Marrakech,Marjane Menara,Supermarché,Formel,Boulevard Abdelkrim Al Khattabi,31.6679944,-8.0132112,icons/supermarket.png,OSM
Marrakech,Bijouterie Ouadia,Épicerie,Informel,Bijouterie Ouadia,31.6205874,-7.9848553,icons/greengrocer.png,OSM
Marrakech,Atacadão,Supermarché,Formel,Atacadão,31.6469178,-7.9452704,icons/supermarket.png,OSM
Marrakech,Marjane,Supermarché,Formel,Marjane,31.6292116,-8.079721,icons/supermarket.png,OSM
Marrakech,Pizza Hut,Restaurant,Formel,Boulevard Mohammed Abdelkaraim el Khattabi,31.6685159,-8.0107062,icons/restaurant.png,OSM
Marrakech,Tito's,Restaurant,Formel,Boulevard Allal el Fassi,31.6680913,-8.0112599,icons/restaurant.png,OSM
Marrakech,les 1001 nuits,Restaurant,Formel,les 1001 nuits,31.6509019,-7.9797984,icons/restaurant.png,OSM
Marrakech,Asswak Assalam,Supermarché,Formel,Asswak Assalam,31.6274795,-8.0241882,icons/supermarket.png,OSM
Marrakech,Oliveri,Café,Formel,Oliveri,31.634519,-8.0109671,icons/cafe.png,OSM
Marrakech,Marché de gros aux légumes et fruits de Marrakech,Épicerie,Informel,Marché de gros aux légumes et fruits de Marrakech,31.6785911,-8.0327681,icons/greengrocer.png,OSM
Marrakech,Restaurant sans nom,Restaurant,Formel,Restaurant sans nom,31.6387108,-8.0161871,icons/restaurant.png,OSM
Marrakech,Little Italy Marrakech,Restaurant,Formel,"Rue Mohammed El Bekal, Marrakech",31.6392994,-8.0166022,icons/restaurant.png,OSM
Marrakech,Association Amal - Women Training Center and Moroccan Restaurant,Restaurant,Formel,Association Amal - Women Training Center and Moroccan Restaurant,31.6390715,-8.0137562,icons/restaurant.png,OSM
Marrakech,Nikki Beach – Beach Club,Restaurant,Formel,Nikki Beach – Beach Club,31.687491,-7.9777499,icons/restaurant.png,OSM
Marrakech,Karmoussa,Restaurant,Formel,Karmoussa,31.686744,-7.9650355,icons/restaurant.png,OSM
Marrakech,Le Jardin,Restaurant,Formel,Le Jardin,31.671221,-7.9850067,icons/restaurant.png,OSM
Marrakech,Pasta Cosy – Italian cuisine,Restaurant,Formel,Pasta Cosy – Italian cuisine,31.684445,-7.9677491,icons/restaurant.png,OSM
Marrakech,La Pergola,Restaurant,Formel,La Pergola,31.6737284,-7.9874478,icons/restaurant.png,OSM
Marrakech,Marche Central,Épicerie,Informel,Marche Central,31.6336467,-8.0065815,icons/greengrocer.png,OSM
Marrakech,Restaurant sans nom,Restaurant,Formel,Restaurant sans nom,31.6788058,-7.9743771,icons/restaurant.png,OSM
Marrakech,Restaurant sans nom,Restaurant,Formel,Restaurant sans nom,31.6816308,-7.9751646,icons/restaurant.png,OSM
Marrakech,Restaurant sans nom,Restaurant,Formel,Restaurant sans nom,31.6807155,-7.9756531,icons/restaurant.png,OSM
Marrakech,Acima Massira,Supermarché,Formel,Acima Massira,31.6392525,-8.0599241,icons/supermarket.png,OSM
Marrakech,Épicerie sans nom,Épicerie,Informel,Épicerie sans nom,31.6081023,-7.9636104,icons/greengrocer.png,OSM
Marrakech,Marjane,Supermarché,Formel,Marjane,31.6293089,-8.0797225,icons/supermarket.png,OSM
Marrakech,Cafe Sahrij,Café,Formel,Cafe Sahrij,31.6309278,-7.9898306,icons/cafe.png,OSM
Marrakech,Café des épices,Café,Formel,Café des épices,31.6290458,-7.9873196,icons/cafe.png,OSM
Marrakech,McDonald's,Restaurant,Formel,Boulevard Mohammed Abdelkaraim el Khattabi,31.6550891,-8.0192964,icons/restaurant.png,OSM
Marrakech,Supérette / Mini-market sans nom,Supérette / Mini-market,Formel,Supérette / Mini-market sans nom,31.629574,-7.9945066,icons/convenience.png,OSM
Marrakech,BIM Stores,Supermarché,Formel,Ramila avenue Fatima Ezzahra,31.6280302,-7.9939146,icons/supermarket.png,OSM
Marrakech,Chez Yassine,Restaurant,Formel,Avenue Fatima Zohra,31.6283693,-7.9940195,icons/restaurant.png,OSM
Marrakech,Restaurant sans nom,Restaurant,Formel,Restaurant sans nom,31.6287732,-7.9938861,icons/restaurant.png,OSM
Marrakech,KFC,Restaurant,Formel,KFC,31.623959,-7.9911796,icons/restaurant.png,OSM
Marrakech,Restaurant sans nom,Restaurant,Formel,Restaurant sans nom,31.623827,-7.9916281,icons/restaurant.png,OSM
Marrakech,O'Tacos,Restaurant,Formel,O'Tacos,31.6238473,-7.9915386,icons/restaurant.png,OSM
Marrakech,Mido,Restaurant,Formel,Mido,31.6238832,-7.9914356,icons/restaurant.png,OSM
Marrakech,Restaurant sans nom,Restaurant,Formel,Restaurant sans nom,31.6224793,-7.990404,icons/restaurant.png,OSM
Marrakech,Immim,Restaurant,Formel,Immim,31.6224846,-7.990762,icons/restaurant.png,OSM
Marrakech,Igloo,Café,Formel,Igloo,31.6227854,-7.9901561,icons/cafe.png,OSM
Marrakech,Kiosque sans nom,Kiosque,Informel,Kiosque sans nom,31.6234181,-7.990311,icons/kiosk.png,OSM
Marrakech,Kiosque sans nom,Kiosque,Informel,Kiosque sans nom,31.6234532,-7.9903359,icons/kiosk.png,OSM
Marrakech,hysushi,Restaurant,Formel,"Rue el Imam Malik,, Marrakech",31.6343522,-8.007632,icons/restaurant.png,OSM
Marrakech,Marché au gros au poisson,Épicerie,Informel,Marché au gros au poisson,31.5902122,-8.0308415,icons/greengrocer.png,OSM
Marrakech,BİM,Supermarché,Formel,BİM,31.6188117,-7.9890444,icons/supermarket.png,OSM
Marrakech,Terrasse La Medersa,Restaurant,Formel,Terrasse La Medersa,31.6320864,-7.9859653,icons/restaurant.png,OSM
Marrakech,Restaurant sans nom,Restaurant,Formel,Restaurant sans nom,31.5788262,-7.984165,icons/restaurant.png,OSM
Marrakech,Boulangerie Patisserie,Boulangerie,Formel,Boulangerie Patisserie,31.6185248,-8.0603679,icons/bakery.png,OSM
Marrakech,Tavlin,Restaurant,Formel,Tavlin,31.6307009,-7.9863051,icons/restaurant.png,OSM
Marrakech,Chouaid Azouy,Café,Formel,Chouaid Azouy,31.5522295,-7.9082725,icons/cafe.png,OSM
Marrakech,مطعم المأكولات المغربية,Restaurant,Formel,مطعم المأكولات المغربية,31.6235302,-7.9816264,icons/restaurant.png,OSM
Marrakech,Pharmacie Arset Banni صيدلية عرصة باني,Parapharmacie,Formel,"Rue El Cadi Ayad, Marrakech",31.624204,-7.9745418,icons/pharmacy.png,OSM
Marrakech,Carrefour Market,Supermarché,Formel,Carrefour Market,31.6353046,-8.0112659,icons/supermarket.png,OSM
Marrakech,Domino's,Restaurant,Formel,Domino's,31.6351366,-8.0109632,icons/restaurant.png,OSM
Marrakech,Burger King,Restaurant,Formel,Burger King,31.6348358,-8.0108937,icons/restaurant.png,OSM
Marrakech,Café sans nom,Café,Formel,Café sans nom,31.5916743,-8.0336219,icons/cafe.png,OSM
Marrakech,Restaurant sans nom,Restaurant,Formel,Restaurant sans nom,31.5913627,-8.034351,icons/restaurant.png,OSM
Marrakech,Orangeraie,Restaurant,Formel,Orangeraie,31.5790761,-7.9843618,icons/restaurant.png,OSM
Marrakech,Plaça de Jemaa El Fna,Épicerie,Informel,Marrakech ⵎⵕⵕⴰⴽⵛ مراكش,31.6249443,-7.9884135,icons/greengrocer.png,OSM
Hay Hassani,ATP Market 1,Supermarché,Formel,"Rue 1, Casablanca",33.573,-7.62,icons/supermarket.png,ATP
Maarif,ATP Epicerie 2,Épicerie,Informel,"Rue 2, Casablanca",33.58,-7.63,icons/greengrocer.png,ATP
Maarif,ATP Café 3,Café,Formel,"Rue 3, Casablanca",33.59,-7.64,icons/cafe.png,ATP
