Zone,Nom,Catégorie,Statut,Adresse,Latitude,Longitude,Image,Source
Fès,Restaurant sans nom,Restaurant,Formel,Restaurant sans nom,33.9652412,-5.0320592,icons/restaurant.png,OSM
Fès,Chez Rachid,Restaurant,Formel,Chez Rachid,34.0617191,-4.9835992,icons/restaurant.png,OSM
Fès,Café sans nom,Café,Formel,Café sans nom,34.0604663,-4.9725795,icons/cafe.png,OSM
Fès,Kessaria,Épicerie,Informel,Kessaria,34.0650207,-4.9743144,icons/greengrocer.png,OSM
Fès,Café Ahl Fès,Café,Formel,Café Ahl Fès,34.0574046,-5.0312894,icons/cafe.png,OSM
Fès,Scorpion du desert,Café,Formel,Scorpion du desert,34.0622496,-4.9821416,icons/cafe.png,OSM
Fès,Café El Waha,Café,Formel,rue Lalla Asmaa,34.0439607,-5.0039229,icons/cafe.png,OSM
Fès,Supermarché Ait El Kadi Said,Supermarché,Formel,Jordani,34.0449051,-5.0046161,icons/supermarket.png,OSM
Fès,Supérette / Mini-market sans nom,Supérette / Mini-market,Formel,Supérette / Mini-market sans nom,34.0455008,-5.0036719,icons/convenience.png,OSM
Fès,McDonald's ماكدونالدز,Restaurant,Formel,فاس,34.0443717,-4.9960062,icons/restaurant.png,OSM
Fès,La Renaissance,Café,Formel,La Renaissance,34.0380331,-4.9979805,icons/cafe.png,OSM
Fès,Pharmacie Centrale الصيدلية المركزية,Parapharmacie,Formel,"Boulevard Mohamed V, Fès",34.036761,-4.9978456,icons/pharmacy.png,OSM
Fès,Kirawane,Café,Formel,Kirawane,34.0440652,-5.0004026,icons/cafe.png,OSM
Fès,Épicerie sans nom,Épicerie,Informel,Épicerie sans nom,34.0292175,-4.9951313,icons/greengrocer.png,OSM
Fès,Carrefour Market Label'Vie,Supermarché,Formel,Fès,34.0221396,-4.9976204,icons/supermarket.png,OSM
Fès,Souk Ain hijaj,Épicerie,Informel,Fez,34.0256154,-4.9725203,icons/greengrocer.png,OSM
Fès,Cafe Victorine,Café,Formel,Cafe Victorine,34.0351562,-4.9989564,icons/cafe.png,OSM
Fès,Café Clock,Restaurant,Formel,"Derb Magana, derb magana talaa kbira medina fes",34.0625611,-4.9832263,icons/restaurant.png,OSM
Fès,L'Italien,Restaurant,Formel,"Av Omar Ibn Al Khattab شارع عمر ابن الخطاب, Fès فاس",34.0370687,-5.0139956,icons/restaurant.png,OSM
Fès,Mezzanine,Restaurant,Formel,fes medina,34.0597569,-4.9884032,icons/restaurant.png,OSM
Fès,Qaat Smen قاعة السمن,Épicerie,Informel,Fes Médina,34.0648647,-4.9806243,icons/greengrocer.png,OSM
Fès,Souk el Henna,Épicerie,Informel,Fès,34.0654854,-4.9750793,icons/greengrocer.png,OSM
Fès,Palais de Fès,Restaurant,Formel,fez medina,34.059973,-4.9719488,icons/restaurant.png,OSM
Fès,Restaurant vesuvio,Restaurant,Formel,avenue des far 9 rue abi hayane taouhidi,34.0402405,-5.0077057,icons/restaurant.png,OSM
Fès,Don Vitto,Restaurant,Formel,Don Vitto,34.0413429,-5.0072336,icons/restaurant.png,OSM
Fès,Tannerie Ain Azliten,Épicerie,Informel,Fes Médina ain zleten,34.0656009,-4.9804437,icons/greengrocer.png,OSM
Fès,Restaurant sans nom,Restaurant,Formel,Restaurant sans nom,34.0666182,-4.9733978,icons/restaurant.png,OSM
Fès,Café sans nom,Café,Formel,Café sans nom,34.0473145,-5.0055963,icons/cafe.png,OSM
Fès,Pharmacie Filali صيدلية فيلالي,Parapharmacie,Formel,"AV Obaida ibn El Jarrah, Fès",34.0400364,-5.0057261,icons/pharmacy.png,OSM
Fès,Carrefour كارفور,Supermarché,Formel,فاس,34.0471687,-4.9861108,icons/supermarket.png,OSM
Fès,Burger King,Restaurant,Formel,Burger King,34.04576,-4.9945966,icons/restaurant.png,OSM
Fès,Cafe Jazirat Laila,Café,Formel,Cafe Jazirat Laila,34.0158041,-4.9701262,icons/cafe.png,OSM
Fès,Pizza Hut,Restaurant,Formel,Pizza Hut,34.0450785,-4.9951537,icons/restaurant.png,OSM
Fès,La Maison Bleue,Restaurant,Formel,2 Place de L’Istiqlal,34.060642,-4.9818415,icons/restaurant.png,OSM
Fès,Restaurant Nejjarine,Restaurant,Formel,Fes Médina 9 rue dermani nejjarine,34.0649167,-4.9760475,icons/restaurant.png,OSM
Fès,Café Memory,Café,Formel,Avenue My Rachid Route de Sefrou Zohor 2 Lotis Iraki,34.0090671,-4.9791671,icons/cafe.png,OSM
Fès,Pharmacie Rcif صيدلية الرصيف,Parapharmacie,Formel,Fès,34.0607842,-4.9730652,icons/pharmacy.png,OSM
Fès,Restaurant Sekaya,Restaurant,Formel,Fes Médina,34.0643266,-4.9769673,icons/restaurant.png,OSM
Fès,Café Berlin,Café,Formel,Café Berlin,33.9591152,-4.9929529,icons/cafe.png,OSM
Fès,Restaurant sans nom,Restaurant,Formel,Restaurant sans nom,33.9591041,-4.9930615,icons/restaurant.png,OSM
Fès,Café Salah,Café,Formel,Lot Fadwa BenSouda,34.017961,-5.0531319,icons/cafe.png,OSM
Fès,Dar Tajine,Restaurant,Formel,"Derb Elghorba, Fez",34.0637333,-4.9759902,icons/restaurant.png,OSM
Fès,مقشدة حي للا سكينة,Restaurant,Formel,Rue lalla soukaina,34.0189745,-5.025826,icons/restaurant.png,OSM
Fès,Dias,Café,Formel,Dias,34.0187561,-5.0262161,icons/cafe.png,OSM
Fès,Boulangerie sans nom,Boulangerie,Formel,Boulangerie sans nom,34.0627067,-4.9788471,icons/bakery.png,OSM
Fès,مفسدة للا سكينة,Restaurant,Formel,Rue lalla soukaina,34.0189381,-5.0258872,icons/restaurant.png,OSM
Fès,Zohra,Restaurant,Formel,Zohra,34.0667605,-4.9730227,icons/restaurant.png,OSM
Fès,Riad Andalib,Restaurant,Formel,fez medina,34.0605412,-4.972282,icons/restaurant.png,OSM
Fès,Laiterie Ben hayoun,Café,Formel,Laiterie Ben hayoun,34.0108497,-4.9769303,icons/cafe.png,OSM
Fès,Café la Première Tasse,Café,Formel,Café la Première Tasse,34.0187237,-5.0494001,icons/cafe.png,OSM
Fès,Chez Thami Restaurant,Restaurant,Formel,Chez Thami Restaurant,34.0616477,-4.9835522,icons/restaurant.png,OSM
Fès,Chez Yazid,Café,Formel,Chez Yazid,34.0085165,-5.0278912,icons/cafe.png,OSM
Fès,Café arrahma مقهى الرحمة,Café,Formel,Café arrahma مقهى الرحمة,34.0100338,-5.028054,icons/cafe.png,OSM
Fès,Café Diamant de Amazon مقهى جوهرة الامازون,Café,Formel,Café Diamant de Amazon مقهى جوهرة الامازون,34.0082076,-5.0284889,icons/cafe.png,OSM
Fès,Café paris مقهى باريس,Café,Formel,Café paris مقهى باريس,34.0080211,-5.0289725,icons/cafe.png,OSM
Fès,Café my way مقهى ماي واي,Café,Formel,Café my way مقهى ماي واي,34.0078061,-5.0292899,icons/cafe.png,OSM
Fès,Paul,Café,Formel,avenue allal benabdelah fes,34.0312118,-5.0087176,icons/cafe.png,OSM
Fès,Pizzeria doigts d or بيزيريا الأصابع الدهبية,Restaurant,Formel,Pizzeria doigts d or بيزيريا الأصابع الدهبية,34.0062199,-4.9877735,icons/restaurant.png,OSM
Fès,Kim Taki كيم طاكي,Restaurant,Formel,Kim Taki كيم طاكي,34.0184159,-4.9856684,icons/restaurant.png,OSM
Fès,Café Vertona,Café,Formel,Café Vertona,34.0112049,-5.0228099,icons/cafe.png,OSM
Fès,Riad Les Oudayas,Restaurant,Formel,"Rue el-Hamia, Fès",34.059842,-4.9781765,icons/restaurant.png,OSM
Fès,Thami's restaurant,Restaurant,Formel,Thami's restaurant,34.0618008,-4.9832742,icons/restaurant.png,OSM
Fès,Café Megador مقهى ميغاضور,Café,Formel,Café Megador مقهى ميغاضور,34.0069009,-5.0097547,icons/cafe.png,OSM
Fès,Marché de légumes سوق خضراوات,Épicerie,Informel,Marché de légumes سوق خضراوات,34.0059674,-5.0085249,icons/greengrocer.png,OSM
Fès,Restaurant Nagham cafe مقهى نغم,Restaurant,Formel,Place de Bab Boujloud,34.0613271,-4.9837951,icons/restaurant.png,OSM
Fès,مقهى رامي امي,Café,Formel,مقهى رامي امي,34.0048669,-5.0451777,icons/cafe.png,OSM
Fès,Supérette / Mini-market sans nom,Supérette / Mini-market,Formel,Supérette / Mini-market sans nom,34.0081716,-5.0302963,icons/convenience.png,OSM
Fès,Pharmacie Irchad صيدلية إرشاد,Parapharmacie,Formel,"HAY AL WIFAQ RTE AIN SMAEN, Fès",34.0091704,-5.0299565,icons/pharmacy.png,OSM
Fès,Supérette / Mini-market sans nom,Supérette / Mini-market,Formel,Supérette / Mini-market sans nom,34.0091735,-5.0300185,icons/convenience.png,OSM
Fès,Cafe barbados,Café,Formel,Cafe barbados,34.0079089,-4.9687312,icons/cafe.png,OSM
Fès,Café Challenger,Café,Formel,Avenue My Rachid Route de Sefrou Zohor 2 Rue Barbados,34.0079646,-4.9782702,icons/cafe.png,OSM
Fès,snack zamzam سناك زمزم,Café,Formel,snack zamzam سناك زمزم,34.0095845,-5.0256847,icons/cafe.png,OSM
Fès,Café sans nom,Café,Formel,Café sans nom,34.0478827,-4.9961116,icons/cafe.png,OSM
Fès,Restaurant nagham cafe مقهى و مطعم نغم,Restaurant,Formel,Restaurant nagham cafe مقهى و مطعم نغم,34.0613834,-4.9838617,icons/restaurant.png,OSM
Fès,Great Wall of China Restaurant,Restaurant,Formel,Rue d'Arabie Saoudite,34.0411223,-5.0017159,icons/restaurant.png,OSM
Fès,Blanco بلانكو,Café,Formel,Blanco بلانكو,34.0017439,-5.0106601,icons/cafe.png,OSM
Fès,Pharmacie Basmati صيدلية بسمتي,Parapharmacie,Formel,"1227, HAY JDID- ZOUAGHA, Fès",34.0165709,-5.0335195,icons/pharmacy.png,OSM
Fès,Zagora,Restaurant,Formel,5 BVD Mohamed V FES,34.0347608,-4.9969181,icons/restaurant.png,OSM
Fès,Pharmacie Lablida صيدلية البليدة,Parapharmacie,Formel,"شوارة, Fès ⴼⴰⵙ فاس",34.0665469,-4.9713274,icons/pharmacy.png,OSM
Fès,Restaurant ahl Fès مطعم أهل فاس,Restaurant,Formel,Fès,34.0613559,-5.0089846,icons/restaurant.png,OSM
Fès,Café dima zen مقهى ديما زين,Café,Formel,Café dima zen مقهى ديما زين,34.0151976,-5.0207031,icons/cafe.png,OSM
Fès,Pharmacie la Tulipe صيدلية لاتوليب,Parapharmacie,Formel,"طريق عين السمن Route Aïn Smenقامة بسم الله طريق عين السمن, Fès",34.0155439,-5.0204776,icons/pharmacy.png,OSM
Fès,Cafe 5/5,Café,Formel,Avenue lalla Hasnae,34.045231,-4.9977661,icons/cafe.png,OSM
Fès,Sabah,Café,Formel,Sabah,34.0465571,-4.9975204,icons/cafe.png,OSM
Fès,Alimentation général,Supérette / Mini-market,Formel,Alimentation général,34.0443255,-4.9976618,icons/convenience.png,OSM
Fès,Cafe mouritanie مقهى موريطانيا,Café,Formel,Cafe mouritanie مقهى موريطانيا,34.0436457,-4.9982275,icons/cafe.png,OSM
Fès,Kiosque,Kiosque,Informel,Kiosque,34.0397409,-5.0012561,icons/kiosk.png,OSM
Fès,Pharmacie de la Liberté صيدلية الحرية,Parapharmacie,Formel,"Place de la Résistance, Fès",34.0452085,-4.9969331,icons/pharmacy.png,OSM
Fès,Café florance,Café,Formel,Avenue Hassan II,34.0426163,-4.9990291,icons/cafe.png,OSM
Fès,Cafe lafiat,Café,Formel,Cafe lafiat,34.0443527,-4.9976522,icons/cafe.png,OSM
Fès,Café Monte Carlo,Café,Formel,Avenue Hassan II,34.0433216,-4.9984497,icons/cafe.png,OSM
Fès,Café Leonardos,Café,Formel,Café Leonardos,34.0449192,-4.9980087,icons/cafe.png,OSM
Fès,Café Brasilia مقهى برازيليا Café Brasilia,Café,Formel,Avenue Hassan II,34.0446464,-4.9974143,icons/cafe.png,OSM
Fès,Cass-croute,Restaurant,Formel,Avenue lalla Hasnae,34.0450971,-4.997662,icons/restaurant.png,OSM
Fès,Casse-croute,Restaurant,Formel,rue Algerie,34.0397039,-5.0015857,icons/restaurant.png,OSM
Fès,Cafe zagzouti مقهى الزكزوتي,Café,Formel,Avenue Hassan II,34.0440292,-4.9979382,icons/cafe.png,OSM
Fès,Patisserie Boulangerie rosana,Boulangerie,Formel,Avenue Hassan II,34.0419845,-4.9994981,icons/bakery.png,OSM
Fès,Café Riad,Café,Formel,Avenue Hassan II,34.0392789,-5.0016567,icons/cafe.png,OSM
Fès,Supérette / Mini-market sans nom,Supérette / Mini-market,Formel,Supérette / Mini-market sans nom,34.0449253,-4.9981406,icons/convenience.png,OSM
Fès,Café Belle Amore,Café,Formel,Avenue Hassan II,34.0387934,-5.002073,icons/cafe.png,OSM
Fès,Pharmacie les Palmiers صيدلية النخيل,Parapharmacie,Formel,"Avenue Hassan II, Fés",34.0394593,-5.0015078,icons/pharmacy.png,OSM
Fès,Café Baghdad,Café,Formel,Avenue Hassan II,34.039351,-5.0016,icons/cafe.png,OSM
Fès,Pharmacie de France صيدلية فرنسا,Parapharmacie,Formel,"Avenue Hassan II, Fès",34.0429619,-4.9987649,icons/pharmacy.png,OSM
Fès,Cafe Ampire,Café,Formel,Avenue Hassan II,34.0443037,-4.9976921,icons/cafe.png,OSM
Fès,Café Regency,Café,Formel,Avenue Hassan II,34.0390636,-5.0018347,icons/cafe.png,OSM
Fès,Café les palmier,Café,Formel,Avenue Hassan II,34.0395472,-5.0014278,icons/cafe.png,OSM
Fès,Pharmacie l'Amitié صيدلية الصداقة,Parapharmacie,Formel,"RUE MED FASSI 221 HAY ADARISSA, Fés",34.014454,-5.0096513,icons/pharmacy.png,OSM
Fès,Pharmacie Bouslikhane صيدلية بوسليخن,Parapharmacie,Formel,"LOT AL WIFAK AIN SMEN, Fés",34.0094085,-5.0261096,icons/pharmacy.png,OSM
Fès,Pharmacie Acima صيدلية أسيما,Parapharmacie,Formel,"CENTRE COMMERCIAL ACIMA, Fès",34.0296079,-5.0105717,icons/pharmacy.png,OSM
Fès,Restaurant sans nom,Restaurant,Formel,Avenue Hassan II,34.0436142,-4.9982609,icons/restaurant.png,OSM
Fès,Café le pole,Café,Formel,Avenue Hassan II,34.0410661,-5.0002523,icons/cafe.png,OSM
Fès,Café sans nom,Café,Formel,Avenue Hassan II,34.0406075,-5.000627,icons/cafe.png,OSM
Fès,Tcheken international,Café,Formel,Avenue Hassan II,34.0389358,-5.0019766,icons/cafe.png,OSM
Fès,Supérette / Mini-market sans nom,Supérette / Mini-market,Formel,Rue d'Arabie Saoudite,34.0411885,-5.0013425,icons/convenience.png,OSM
Fès,Café sans nom,Café,Formel,Avenue Hassan II,34.0432273,-4.9985463,icons/cafe.png,OSM
Fès,Café jawhara,Café,Formel,Rue d'Arabie Saoudite,34.0410556,-5.0011874,icons/cafe.png,OSM
Fès,Café la fontaine مقهى الخصة,Café,Formel,Avenue Hassan II,34.0448807,-4.9973031,icons/cafe.png,OSM
Fès,Cafe la suite,Café,Formel,lott hamza rte imouzzer fez,33.9932116,-4.9945937,icons/cafe.png,OSM
Fès,Café Monza,Café,Formel,Avenue Moussa Ben Noussair,34.0590307,-5.0262732,icons/cafe.png,OSM
Fès,Café Cinq Cinq,Café,Formel,rue N° 6,34.0550295,-5.0263432,icons/cafe.png,OSM
Fès,Café Etoile El Hadika,Café,Formel,Café Etoile El Hadika,34.0580032,-5.0306155,icons/cafe.png,OSM
Fès,ESTONIA,Café,Formel,ESTONIA,34.0062046,-4.9677366,icons/cafe.png,OSM
Fès,Cafe miroire,Café,Formel,Avenue Allal Ben Abdallah,34.0339184,-5.004895,icons/cafe.png,OSM
Fès,Café maki,Café,Formel,Avenue Allal Ben Abdallah,34.0337979,-5.0050427,icons/cafe.png,OSM
Fès,Cafe Michael,Café,Formel,Cafe Michael,34.0443094,-4.9986524,icons/cafe.png,OSM
Fès,Aroma espresso,Café,Formel,Avenue Hassan II,34.043054,-4.997697,icons/cafe.png,OSM
Fès,Casse-croute,Café,Formel,Avenue Hassan II,34.0428409,-4.9978614,icons/cafe.png,OSM
Fès,Café Dina مقهى دينا,Café,Formel,"Avenue Allal Ben Abdallah, Fès",34.0332688,-5.0054344,icons/cafe.png,OSM
Fès,Café odragao,Café,Formel,Avenue Hassan II شارع الحسن الثاني,34.0427376,-4.9979552,icons/cafe.png,OSM
Fès,Café Floria,Café,Formel,Avenue Hassan II,34.0425332,-4.9980943,icons/cafe.png,OSM
Fès,Cafe nouvelles etoiles,Café,Formel,Cafe nouvelles etoiles,34.0439325,-4.9988189,icons/cafe.png,OSM
Fès,Cafe Tunis,Café,Formel,Cafe Tunis,34.0439451,-4.9988415,icons/cafe.png,OSM
Fès,Laitie,Restaurant,Formel,Laitie,34.0435541,-4.9984693,icons/restaurant.png,OSM
Fès,Snack Lahcen,Restaurant,Formel,Rue Mohamed Jabli,34.0423845,-4.9979351,icons/restaurant.png,OSM
Fès,Supermarché sans nom,Supermarché,Formel,Supermarché sans nom,34.0422706,-4.9976803,icons/supermarket.png,OSM
Fès,Grillade soufiane,Restaurant,Formel,Grillade soufiane,34.044,-4.9992723,icons/restaurant.png,OSM
Fès,Café La Menthe,Café,Formel,Rue Mohamed Jabli,34.0410249,-4.9977605,icons/cafe.png,OSM
Fès,Cafe Le Carlton,Café,Formel,"Avenue Allal Ben Abdallah, Fès",34.0315349,-5.0073374,icons/cafe.png,OSM
Fès,Héritier allal salmi,Restaurant,Formel,Héritier allal salmi,34.0437803,-4.9990633,icons/restaurant.png,OSM
Fès,Pâtisserie mabrouka,Boulangerie,Formel,Rue Lakhdar Ghilane,34.0431279,-4.9972511,icons/bakery.png,OSM
Fès,café Al Madar,Café,Formel,café Al Madar,34.0156436,-4.9745274,icons/cafe.png,OSM
Fès,Pharmacie Echadli صيدلية الشادلي,Parapharmacie,Formel,"lotiss anbra S3 45fin rte ain smen fes, Fès",34.0078033,-5.0322131,icons/pharmacy.png,OSM
Fès,alimentation général,Supérette / Mini-market,Formel,alimentation général,34.0433934,-4.9995648,icons/convenience.png,OSM
Fès,Pharmacie Allal Ben Abdellah صيدلية علال بن عبد الله,Parapharmacie,Formel,"Avenue Allal Ben Abdallah, Fès",34.033564,-5.0069404,icons/pharmacy.png,OSM
Fès,Café cocktail dream,Café,Formel,Avenue Allal Ben Abdallah,34.0341955,-5.005428,icons/cafe.png,OSM
Fès,N k,Épicerie,Informel,Rue Lakhdar Ghilane,34.0421101,-4.9969644,icons/greengrocer.png,OSM
Fès,Zahrat Fès,Café,Formel,Zahrat Fès,34.0434132,-4.9993329,icons/cafe.png,OSM
Fès,Consult,Épicerie,Informel,Rue Lakhdar Ghilane,34.042126,-4.9971927,icons/greengrocer.png,OSM
Fès,CTL,Épicerie,Informel,Rue Lakhdar Ghilane,34.042128,-4.9970841,icons/greengrocer.png,OSM
Fès,Pharmacie du Maroc صيدلية المغرب,Parapharmacie,Formel,"BATHA, Fès",34.0604344,-4.9817913,icons/pharmacy.png,OSM
Fès,Pharmacie la Criée صيدلية المزاد,Parapharmacie,Formel,"11 QUARTIER AL AMANE BENSOUDA, Fès",34.0005071,-5.0434417,icons/pharmacy.png,OSM
Fès,Café Floria,Café,Formel,Rue Mohamed Jabli,34.0420127,-4.9988027,icons/cafe.png,OSM
Fès,Bah jallon,Restaurant,Formel,Bah jallon,34.0429454,-5.000189,icons/restaurant.png,OSM
Fès,Cafe les Ambassadeurs,Café,Formel,Cafe les Ambassadeurs,34.0427008,-5.0001182,icons/cafe.png,OSM
Fès,Boutique de confiserie sans nom,Boutique de confiserie,Informel,Boutique de confiserie sans nom,34.0429059,-5.0001695,icons/confectionery.png,OSM
Fès,Café Aswan,Café,Formel,"Avenue Allal Ben Abdallah, Fès",34.0351038,-5.0047198,icons/cafe.png,OSM
Fès,Café la breva,Café,Formel,Avenue Allal Ben Abdallah,34.0353511,-5.0044977,icons/cafe.png,OSM
Fès,Cafe naamane abyad,Café,Formel,Cafe naamane abyad,34.0432756,-5.0001109,icons/cafe.png,OSM
Fès,Epicier et Tabac Rihanna chop,Supérette / Mini-market,Formel,Rue Lalla Amina,34.0356125,-5.0048562,icons/convenience.png,OSM
Fès,Para pharmacie,Parapharmacie,Formel,Rue du 16 Novembre,34.0415005,-4.9974061,icons/pharmacy.png,OSM
Fès,Grillade Lexssous,Restaurant,Formel,Rue du 16 Novembre,34.040901,-4.9974671,icons/restaurant.png,OSM
Fès,Café Manara,Café,Formel,Rue Lakhdar Ghilane,34.0421379,-4.9974071,icons/cafe.png,OSM
Fès,APM,Épicerie,Informel,Rue du 16 Novembre,34.041558,-4.9974184,icons/greengrocer.png,OSM
Fès,Cremerie,Boutique de confiserie,Informel,Rue du 16 Novembre,34.041801,-4.9975081,icons/confectionery.png,OSM
Fès,Snak Lahcen,Restaurant,Formel,Rue Mohamed Jabli,34.0416245,-4.9982745,icons/restaurant.png,OSM
Fès,Fitraco,Épicerie,Informel,Rue Hassan Zegriti,34.0406254,-4.9975137,icons/greengrocer.png,OSM
Fès,Crémier tajeddin,Café,Formel,Crémier tajeddin,34.0432825,-5.0004344,icons/cafe.png,OSM
Fès,Epicier بقال,Supérette / Mini-market,Formel,Epicier بقال,34.0432668,-5.0004473,icons/convenience.png,OSM
Fès,Supérette / Mini-market sans nom,Supérette / Mini-market,Formel,Supérette / Mini-market sans nom,34.0432336,-5.0004809,icons/convenience.png,OSM
Fès,Cafe italie,Café,Formel,Cafe italie,34.0429991,-5.0004823,icons/cafe.png,OSM
Fès,Casse croûte,Restaurant,Formel,Rue Hassan Zegriti,34.0404226,-4.9974698,icons/restaurant.png,OSM
Fès,Café L'instant Asiatique,Café,Formel,Rue Lalla Amina,34.0354916,-5.0087281,icons/cafe.png,OSM
Fès,Cafe aljawda,Café,Formel,Cafe aljawda,34.0429774,-5.0005037,icons/cafe.png,OSM
Fès,Café-Restaurant Alessio,Restaurant,Formel,Rue Hassan Zegriti,34.0404283,-4.9972993,icons/restaurant.png,OSM
Fès,Épicier,Épicerie,Informel,Rue Hassan Zegriti,34.040368,-4.9970809,icons/greengrocer.png,OSM
Fès,Snack fich,Restaurant,Formel,Snack fich,34.0427808,-5.000837,icons/restaurant.png,OSM
Fès,Cremerie,Café,Formel,Rue Hassan Zegriti,34.0403604,-4.9972962,icons/cafe.png,OSM
Fès,Café Smart,Café,Formel,Rue du 16 Novembre,34.0403475,-4.9974028,icons/cafe.png,OSM
Fès,Cafe Petite croute,Café,Formel,Cafe Petite croute,34.0426117,-5.0008014,icons/cafe.png,OSM
Fès,Crémerie,Café,Formel,Crémerie,34.039384,-4.9988043,icons/cafe.png,OSM
Fès,Café marignan,Café,Formel,Café marignan,34.0390921,-4.9987257,icons/cafe.png,OSM
Fès,Épicier,Supérette / Mini-market,Formel,Rue du 16 Novembre,34.0399526,-4.9974242,icons/convenience.png,OSM
Fès,Café sans nom,Café,Formel,Café sans nom,34.0391952,-4.9992276,icons/cafe.png,OSM
Fès,Café oumnia,Café,Formel,Rue du 16 Novembre,34.0394189,-4.9973289,icons/cafe.png,OSM
Fès,Ste Bouyachtat,Épicerie,Informel,Avenue Abdallah Chefchaouni,34.03974,-4.9970202,icons/greengrocer.png,OSM
Fès,Casse croûte,Restaurant,Formel,Avenue Abdallah Chefchaouni,34.0398918,-4.9969305,icons/restaurant.png,OSM
Fès,Casse croûte,Restaurant,Formel,Avenue Abdallah Chefchaouni,34.0400208,-4.9968654,icons/restaurant.png,OSM
Fès,Crémier figuguia,Café,Formel,Crémier figuguia,34.042774,-4.9996772,icons/cafe.png,OSM
Fès,Casse croûte,Restaurant,Formel,Avenue Abdallah Chefchaouni,34.0397768,-4.9970012,icons/restaurant.png,OSM
Fès,mamounia,Café,Formel,mamounia,34.0395235,-4.9998228,icons/cafe.png,OSM
Fès,Restant zakaria,Restaurant,Formel,Restant zakaria,34.0393687,-4.9996003,icons/restaurant.png,OSM
Fès,Epicier بقال,Supérette / Mini-market,Formel,jamil ben maamar,34.0348625,-5.0076827,icons/convenience.png,OSM
Fès,Resto Mexico,Café,Formel,rue Lalla Malika,34.0349032,-5.0077786,icons/cafe.png,OSM
Fès,Eurent Comptable,Épicerie,Informel,Avenue Abdallah Chefchaouni,34.0398599,-4.9969583,icons/greengrocer.png,OSM
Fès,Casse croûte,Restaurant,Formel,Avenue Abdallah Chefchaouni,34.040068,-4.9968354,icons/restaurant.png,OSM
Fès,Café Volubilis,Café,Formel,Avenue Abdallah Chefchaouni,34.0405583,-4.9966283,icons/cafe.png,OSM
Fès,Café Mirador,Café,Formel,Avenue Abdallah Chefchaouni,34.0410919,-4.9966819,icons/cafe.png,OSM
Fès,Cafe ahlan,Café,Formel,Cafe ahlan,34.0425468,-5.0015311,icons/cafe.png,OSM
Fès,Café Espace FreeTime,Café,Formel,Avenue Abdallah Chefchaouni,34.0412349,-4.9966835,icons/cafe.png,OSM
Fès,Alimentation général,Supérette / Mini-market,Formel,Alimentation général,34.0424893,-5.0014314,icons/convenience.png,OSM
Fès,Épicier,Épicerie,Informel,Avenue Abdallah Chefchaouni,34.0417724,-4.9967038,icons/greengrocer.png,OSM
Fès,Tipico Pizza,Café,Formel,rue Lalla Nezha,34.036744,-5.006388,icons/cafe.png,OSM
Fès,Café Rock'nrrou,Café,Formel,rue Abi Chouaib Doukali,34.0368112,-5.0064871,icons/cafe.png,OSM
Fès,Café restaurant du centre,Café,Formel,Café restaurant du centre,34.0388238,-4.998544,icons/cafe.png,OSM
Fès,Épicier et Tabac,Supérette / Mini-market,Formel,rue Abi Chouaib Doukali,34.0371933,-5.0072539,icons/convenience.png,OSM
Fès,Pharmacie Bahja صيدلية البهجة,Parapharmacie,Formel,"Boulevard Mohammed 5, Fès",34.0389152,-4.9986734,icons/pharmacy.png,OSM
Fès,Épicier Et Tabac,Supérette / Mini-market,Formel,rue Lalla Nezha,34.036674,-5.0064224,icons/convenience.png,OSM
Fès,Pharmacie de la Santé صيدلية الصحة,Parapharmacie,Formel,"Avenue Ismailia, Fès",34.0128456,-4.9854532,icons/pharmacy.png,OSM
Fès,Pharmacie Idrissi صيدلية الإدريسي,Parapharmacie,Formel,"DEBUT HAY SAADA RTE AIN CHKEF, Fès",34.0267254,-5.0034341,icons/pharmacy.png,OSM
Fès,Café la villa مقهى لافيلا,Café,Formel,Café la villa مقهى لافيلا,34.0261821,-5.0141193,icons/cafe.png,OSM
Fès,La piscope,Restaurant,Formel,La piscope,34.0399333,-5.005807,icons/restaurant.png,OSM
Fès,Pharmacie Debbagh صيدلية الدباغ,Parapharmacie,Formel,"Avenue OUBEIDA IBN JARRAH, Fès",34.0428163,-5.0038728,icons/pharmacy.png,OSM
Fès,Café sans nom,Café,Formel,Avenue Abdallah Chefchaouni,34.0421387,-4.9967521,icons/cafe.png,OSM
Fès,La villa,Café,Formel,La villa,34.0261672,-5.0140931,icons/cafe.png,OSM
Fès,La Grilladière,Restaurant,Formel,"rue Lalla Aicha, 12 avenue moulay el kamal fez",34.0350959,-5.0090408,icons/restaurant.png,OSM
Fès,Epicier بقال,Supérette / Mini-market,Formel,rue Abi Bakr Znaybar,34.0377608,-5.0062527,icons/convenience.png,OSM
Fès,Café Istamboul,Café,Formel,Avenue Abdallah Chefchaouni,34.0422816,-4.9967407,icons/cafe.png,OSM
Fès,Cofirad,Épicerie,Informel,Avenue Abdallah Chefchaouni,34.0423418,-4.9967616,icons/greengrocer.png,OSM
Fès,Café al khattabi,Café,Formel,Café al khattabi,34.0384065,-4.9984672,icons/cafe.png,OSM
Fès,Cafe restaurant Florence,Café,Formel,Cafe restaurant Florence,34.0418755,-5.0008142,icons/cafe.png,OSM
Fès,Kiosque sans nom,Kiosque,Informel,Kiosque sans nom,34.0442728,-4.9968972,icons/kiosk.png,OSM
Fès,Café baby alhara,Café,Formel,Avenue Abdallah Chefchaouni,34.0428191,-4.9965793,icons/cafe.png,OSM
Fès,Café Palace,Café,Formel,Avenue Abdallah Chefchaouni,34.0430405,-4.9966058,icons/cafe.png,OSM
Fès,Epicier tabac journaux,Kiosque,Informel,Epicier tabac journaux,34.04207,-5.001128,icons/kiosk.png,OSM
Fès,Crouta saada,Restaurant,Formel,Crouta saada,34.0382853,-4.9987745,icons/restaurant.png,OSM
Fès,Pharmacie et Laboratoire Al Amrani صيدلية و مختبر العمراني,Parapharmacie,Formel,"Avenue Lalla Meryem شارع للا مريم, Fès",34.0421156,-5.001262,icons/pharmacy.png,OSM
Fès,Restaut moncif,Restaurant,Formel,Restaut moncif,34.0383167,-4.999223,icons/restaurant.png,OSM
Fès,Bismillah,Restaurant,Formel,Bismillah,34.0385292,-4.9993,icons/restaurant.png,OSM
Fès,Cafe la concorde,Café,Formel,Cafe la concorde,34.0421776,-5.0013265,icons/cafe.png,OSM
Fès,Restaurant Adwak fes,Restaurant,Formel,Restaurant Adwak fes,34.0421617,-5.0012958,icons/restaurant.png,OSM
Fès,Restaut moncif,Restaurant,Formel,Restaut moncif,34.0384986,-4.99929,icons/restaurant.png,OSM
Fès,Snak royal,Restaurant,Formel,Snak royal,34.0421864,-5.0013466,icons/restaurant.png,OSM
Fès,Épicerie tabac,Supérette / Mini-market,Formel,Épicerie tabac,34.0385145,-4.9993414,icons/convenience.png,OSM
Fès,Restaurant snack chichen_Maroc,Restaurant,Formel,Restaurant snack chichen_Maroc,34.0421683,-5.0013089,icons/restaurant.png,OSM
Fès,Le Rocoin,Café,Formel,"IBN ROCHD, Fès",34.0347518,-5.0091162,icons/cafe.png,OSM
Fès,Café,Café,Formel,rue Lalla Aicha,34.034841,-5.008877,icons/cafe.png,OSM
Fès,Cafe wislane,Café,Formel,Cafe wislane,34.0424832,-5.0018799,icons/cafe.png,OSM
Fès,Crémier Nice,Restaurant,Formel,Crémier Nice,34.0425251,-5.0019306,icons/restaurant.png,OSM
Fès,Cafe la foire,Café,Formel,Cafe la foire,34.0425517,-5.0019834,icons/cafe.png,OSM
Fès,Café O'Square,Café,Formel,rue Lalla Aicha,34.0343059,-5.008818,icons/cafe.png,OSM
Fès,Dar Sidi Idir,Restaurant,Formel,Fes Médina,34.0649813,-4.9765344,icons/restaurant.png,OSM
Fès,Patisserie Rosalie,Café,Formel,Avenue du Prince Heritier,34.0378885,-5.0073052,icons/cafe.png,OSM
Fès,Épicier,Supérette / Mini-market,Formel,Avenue Abdallah Chefchaouni,34.0408995,-4.9964282,icons/convenience.png,OSM
Fès,Dar Dmana Delices,Boulangerie,Formel,"rue Abi Chouaib Doukali, Fès",34.0367126,-5.0076598,icons/bakery.png,OSM
Fès,Pharmacie Moulay El Kamel صيدلية مولاي الكامل,Parapharmacie,Formel,"Avenue du Prince Heritier champs de course, Fès",34.0365542,-5.0084996,icons/pharmacy.png,OSM
Fès,Café jnan arraha,Café,Formel,Avenue Abdallah Chefchaouni,34.0406348,-4.9964246,icons/cafe.png,OSM
Fès,Restaurant sans nom,Restaurant,Formel,IBN BADISS,34.0357144,-5.0079062,icons/restaurant.png,OSM
Fès,Cremerie,Café,Formel,Avenue Abdallah Chefchaouni,34.0405185,-4.9964198,icons/cafe.png,OSM
Fès,Epicier بقال,Supérette / Mini-market,Formel,Avenue du Prince Heritier,34.0324509,-5.012576,icons/convenience.png,OSM
Fès,Pharmacie Mimousa صيدلية ميموزة,Parapharmacie,Formel,"20 AV . Prince Heritier, Fès فاس",34.0326314,-5.0123203,icons/pharmacy.png,OSM
Fès,Snack al jawda,Restaurant,Formel,Snack al jawda,34.0392375,-5.000093,icons/restaurant.png,OSM
Fès,Le bistro,Café,Formel,Le bistro,34.0393357,-4.9999877,icons/cafe.png,OSM
Fès,Kiosque,Kiosque,Informel,Kiosque,34.0419744,-5.0005041,icons/kiosk.png,OSM
Fès,Snak syrnos,Restaurant,Formel,Snak syrnos,34.0385466,-4.9994587,icons/restaurant.png,OSM
Fès,La comédie,Café,Formel,La comédie,34.0416577,-5.0022764,icons/cafe.png,OSM
Fès,Café syrnos,Café,Formel,Café syrnos,34.0383338,-4.9992051,icons/cafe.png,OSM
Fès,Mini market bio,Supérette / Mini-market,Formel,Mini market bio,34.0382222,-4.9995962,icons/convenience.png,OSM
Fès,Laiterie adoik fes,Café,Formel,"Rue du Soudan زنقة السودان, Fès",34.0426511,-5.0014557,icons/cafe.png,OSM
Fès,Ahram cafe,Café,Formel,Ahram cafe,34.0427022,-5.0014201,icons/cafe.png,OSM
Fès,Café Coin d'artiste,Café,Formel,Rue Allal Loudiyi,34.0408374,-4.9978285,icons/cafe.png,OSM
Fès,La table du chef,Café,Formel,La table du chef,34.0386351,-5.003755,icons/cafe.png,OSM
Fès,Casse croûte,Restaurant,Formel,Casse croûte,34.0391354,-5.003896,icons/restaurant.png,OSM
Fès,La noce sarl,Restaurant,Formel,Rue Jarir,34.0312815,-5.0059746,icons/restaurant.png,OSM
Fès,Malongo,Café,Formel,Rue Jarir,34.0310797,-5.0058099,icons/cafe.png,OSM
Fès,L'as palace,Café,Formel,L'as palace,34.0416387,-5.0036772,icons/cafe.png,OSM
Fès,Crémier cocktail,Café,Formel,Crémier cocktail,34.0421702,-5.0036035,icons/cafe.png,OSM
Fès,Cafe Universal,Café,Formel,Ibno Batouta,34.0308564,-5.0054075,icons/cafe.png,OSM
Fès,Pharmacie Zemmouri صيدلية الزموري,Parapharmacie,Formel,"RESIDENCE NAKHLA RTE AIN SMEN, Fès",34.0185021,-5.0190467,icons/pharmacy.png,OSM
Fès,Epicier بقال,Supérette / Mini-market,Formel,ibno badis,34.0362705,-5.0085745,icons/convenience.png,OSM
Fès,Restaurant SUN REMO,Restaurant,Formel,Rue Jarir,34.0318516,-5.0057828,icons/restaurant.png,OSM
Fès,Epicier بقال,Supérette / Mini-market,Formel,Rue Jarir,34.0315536,-5.0056726,icons/convenience.png,OSM
Fès,Supérette / Mini-market sans nom,Supérette / Mini-market,Formel,Boulevard Abus Houriya,34.0174292,-4.9899363,icons/convenience.png,OSM
Fès,Epicier بقال,Supérette / Mini-market,Formel,Rue Jarir,34.031868,-5.0047409,icons/convenience.png,OSM
Fès,Maroc terroir Bio,Supermarché,Formel,Avenue Abdelali Benchekroun,34.0406817,-4.9979776,icons/supermarket.png,OSM
Fès,Café club snac,Café,Formel,Rue Ahmed Chaouki,34.0304368,-5.0045863,icons/cafe.png,OSM
Fès,MB Restaurant Lounge,Restaurant,Formel,Rue Ahmed Chaouki,34.0320367,-5.004426,icons/restaurant.png,OSM
Fès,Pharmacie et Laboratoire El Karaouyine صيدلية و مختبر القرويين,Parapharmacie,Formel,"Bourmana derb kristiani, Fès",34.0210364,-4.9929013,icons/pharmacy.png,OSM
Fès,Restaurant kai Tai,Restaurant,Formel,Rue Ahmed Chaouki,34.0323426,-5.0042876,icons/restaurant.png,OSM
Fès,Café Himalaya,Café,Formel,Avenue Egypte,34.0440331,-5.0032491,icons/cafe.png,OSM
Fès,Supermarché sans nom,Supermarché,Formel,Supermarché sans nom,34.0382784,-5.0002848,icons/supermarket.png,OSM
Fès,Restaurant adil,Restaurant,Formel,Restaurant adil,34.0386419,-5.000554,icons/restaurant.png,OSM
Fès,Café Agdal,Café,Formel,rue Lalla Asmaa,34.0439295,-5.0035938,icons/cafe.png,OSM
Fès,Café Zalagh,Café,Formel,rue Lalla Asmaa,34.044141,-5.0037003,icons/cafe.png,OSM
Fès,Le jazzy,Restaurant,Formel,Le jazzy,34.0379127,-5.0010026,icons/restaurant.png,OSM
Fès,Restaurant La cheminée,Restaurant,Formel,rue Lalla Asmaa,34.0445027,-5.0038537,icons/restaurant.png,OSM
Fès,Laitiere,Café,Formel,khalid ibn walid,34.0219601,-4.9937672,icons/cafe.png,OSM
Fès,Restaurant Aladino,Restaurant,Formel,rue Lalla Asmaa,34.0446279,-5.0039264,icons/restaurant.png,OSM
Fès,Pharmacie Jnane Fès صيدلية جنان فاس,Parapharmacie,Formel,"rue Akhtal ibn battouta, Fés",34.0304772,-5.0051309,icons/pharmacy.png,OSM
Fès,Talent Mohammed et cts Epicier,Supérette / Mini-market,Formel,rue Lalla Asmaa,34.0448118,-5.0042528,icons/convenience.png,OSM
Fès,M M Patisserie,Boulangerie,Formel,M M Patisserie,34.030796,-5.0077589,icons/bakery.png,OSM
Fès,Pharmacie Oudghiri صيدلية الودغيري,Parapharmacie,Formel,"Rue Al Baroudi, Fès",34.030867,-5.0078186,icons/pharmacy.png,OSM
Fès,Café Bilez,Café,Formel,hay kods,34.0308749,-5.00791,icons/cafe.png,OSM
Fès,Café Sahara,Café,Formel,rue Lalla Asmaa,34.0438505,-5.0038734,icons/cafe.png,OSM
Fès,Boulangerie Pâtisserie El Waha,Boulangerie,Formel,rue Lalla Asmaa,34.0439025,-5.0039015,icons/bakery.png,OSM
Fès,Crémerie Khayrat,Café,Formel,rue Lalla Asmaa,34.0435284,-5.0036476,icons/cafe.png,OSM
Fès,Café Cortoba,Café,Formel,rue Lalla Asmaa,34.0434654,-5.0036256,icons/cafe.png,OSM
Fès,Café Opera,Café,Formel,rue Lalla Asmaa,34.0456027,-5.004732,icons/cafe.png,OSM
Fès,Café Mega,Café,Formel,rue Lalla Asmaa,34.0455088,-5.0046036,icons/cafe.png,OSM
Fès,Snack el Amal,Restaurant,Formel,rue Lalla Asmaa,34.045438,-5.0045732,icons/restaurant.png,OSM
Fès,Supérette / Mini-market sans nom,Supérette / Mini-market,Formel,Supérette / Mini-market sans nom,34.0454771,-5.0045926,icons/convenience.png,OSM
Fès,Café Walima,Café,Formel,rue Lalla Asmaa,34.0452766,-5.0044932,icons/cafe.png,OSM
Fès,Supérette / Mini-market sans nom,Supérette / Mini-market,Formel,Supérette / Mini-market sans nom,34.0451616,-5.0044324,icons/convenience.png,OSM
Fès,Café Friouato,Café,Formel,rue Lalla Asmaa,34.0449301,-5.0043258,icons/cafe.png,OSM
Fès,Snack Said,Restaurant,Formel,rue Lalla Asmaa,34.0447645,-5.0042284,icons/restaurant.png,OSM
Fès,Clubs Cafe Snack,Café,Formel,khalil matran,34.0318491,-5.0066733,icons/cafe.png,OSM
Fès,Epicier بقال,Supérette / Mini-market,Formel,Rue Farazdak,34.0328457,-5.0051347,icons/convenience.png,OSM
Fès,Divels Coffee pool,Café,Formel,Divels Coffee pool,34.0381983,-4.9991673,icons/cafe.png,OSM
Fès,Zanzibar café,Café,Formel,Zanzibar café,34.0383862,-4.9984143,icons/cafe.png,OSM
Fès,Café Ghizlane,Café,Formel,Avenue des Sports,34.0454854,-5.0039863,icons/cafe.png,OSM
Fès,Restaurant sans nom,Restaurant,Formel,Avenue des Sports,34.0453708,-5.0039426,icons/restaurant.png,OSM
Fès,Café Al Karam,Café,Formel,Avenue des Sports,34.0461862,-5.0030898,icons/cafe.png,OSM
Fès,Café Coin Serein,Café,Formel,Avenue des Sports,34.0462661,-5.0027606,icons/cafe.png,OSM
Fès,Café Atalis,Café,Formel,Avenue des Sports,34.0460456,-5.0033723,icons/cafe.png,OSM
Fès,Cafe zahrat al jabal,Café,Formel,Cafe zahrat al jabal,34.0382171,-5.0052128,icons/cafe.png,OSM
Fès,Café Ghizlane,Café,Formel,Avenue des Sports,34.045925,-5.0040192,icons/cafe.png,OSM
Fès,Snack Cuisine Marocaine,Restaurant,Formel,Avenue des Sports,34.0459461,-5.0039564,icons/restaurant.png,OSM
Fès,Bleu Babel,Café,Formel,Bleu Babel,34.0391259,-5.0068976,icons/cafe.png,OSM
Fès,Supérette / Mini-market sans nom,Supérette / Mini-market,Formel,billal,34.0203793,-4.9936064,icons/convenience.png,OSM
Fès,Supérette / Mini-market sans nom,Supérette / Mini-market,Formel,billal,34.0207604,-4.993643,icons/convenience.png,OSM
Fès,Café Central Parc مقهى الحديقة المركزية,Café,Formel,Avenue Abdallah Chefchaouni,34.038635,-4.9971388,icons/cafe.png,OSM
Fès,De marisco,Restaurant,Formel,De marisco,34.0373099,-4.998025,icons/restaurant.png,OSM
Fès,Supérette / Mini-market sans nom,Supérette / Mini-market,Formel,Supérette / Mini-market sans nom,34.0327832,-5.0050202,icons/convenience.png,OSM
Fès,Pizzeria fassi food,Restaurant,Formel,Pizzeria fassi food,34.0373512,-4.9980398,icons/restaurant.png,OSM
Fès,Épicerie tabac,Supérette / Mini-market,Formel,Épicerie tabac,34.0372518,-4.9979982,icons/convenience.png,OSM
Fès,Café Palmiras,Café,Formel,Avenue Mohamed es Saoui,34.0383209,-4.9957469,icons/cafe.png,OSM
Fès,Cremerie Malibu fruit,Café,Formel,Avenue Mohamed es Saoui,34.0383249,-4.995632,icons/cafe.png,OSM
Fès,Cremerie Abderrazak,Café,Formel,Avenue Mohamed es Saoui,34.0383281,-4.9955687,icons/cafe.png,OSM
Fès,Pharmacie Assalama صيدلية السلامة,Parapharmacie,Formel,"Rue Jordani, Fès",34.0451989,-5.0029903,icons/pharmacy.png,OSM
Fès,El Mansouri Mbarek Épicerie,Supérette / Mini-market,Formel,Rue des Etats-Unis,34.0453058,-5.0035387,icons/convenience.png,OSM
Fès,Driss Machrouh et Nadia Zakri,Restaurant,Formel,Rue des Etats-Unis,34.0453942,-5.0035778,icons/restaurant.png,OSM
Fès,Supérette / Mini-market sans nom,Supérette / Mini-market,Formel,Rue Mohamed Jabli,34.0414292,-4.9978884,icons/convenience.png,OSM
Fès,Ahmed Moufakkir,Restaurant,Formel,rue Lalla Asmaa,34.044292,-5.0040164,icons/restaurant.png,OSM
Fès,Cafe l'Avenue,Café,Formel,Cafe l'Avenue,34.0402927,-5.0090923,icons/cafe.png,OSM
Fès,Anbra,Restaurant,Formel,rte imouzer,34.0198204,-4.9963124,icons/restaurant.png,OSM
Fès,Pharmacie Route d'Immouzer صيدلية طريق إيموزار,Parapharmacie,Formel,"Avenue Roi Houssaine, Fès",34.0196299,-4.9959536,icons/pharmacy.png,OSM
Fès,Café Happiness,Café,Formel,Avenue Lalla Hasnae,34.0456343,-5.0030196,icons/cafe.png,OSM
Fès,Jus de Fruits Verginia,Café,Formel,Avenue Obaida Bnou El Jarrah,34.0423564,-5.0038167,icons/cafe.png,OSM
Fès,Jus de fruits Copa Cabana,Café,Formel,Obaida Bnou El Jarrah,34.0422696,-5.0039198,icons/cafe.png,OSM
Fès,Crémerie Palais,Café,Formel,Obaida Bnou El Jarrah,34.0421727,-5.0040229,icons/cafe.png,OSM
Fès,El Houria Cocktail,Café,Formel,Obaida Bnou El Jarrah,34.0421387,-5.0040608,icons/cafe.png,OSM
Fès,Cocktail Taiba,Café,Formel,Oubaida bnou el Jarrah,34.0420232,-5.0041727,icons/cafe.png,OSM
Fès,Crémerie Hawaï,Café,Formel,Obaida Bnou El Jarrah,34.0419589,-5.0042313,icons/cafe.png,OSM
Fès,Cocktail In0,Café,Formel,Obaida Bnou El Jarrah,34.0419217,-5.0042717,icons/cafe.png,OSM
Fès,Café Glacier Lydia,Café,Formel,Résidence El Houria,34.0415182,-5.0041945,icons/cafe.png,OSM
Fès,Café Mamouchka,Café,Formel,Obaida Bnou El Jarrah,34.0415889,-5.0045642,icons/cafe.png,OSM
Fès,Supérette / Mini-market sans nom,Supérette / Mini-market,Formel,Supérette / Mini-market sans nom,34.0396371,-5.009035,icons/convenience.png,OSM
Fès,Supérette / Mini-market sans nom,Supérette / Mini-market,Formel,Supérette / Mini-market sans nom,34.0397809,-5.0099411,icons/convenience.png,OSM
Fès,Supérette / Mini-market sans nom,Supérette / Mini-market,Formel,Supérette / Mini-market sans nom,34.0387398,-5.0077748,icons/convenience.png,OSM
Fès,Café Misbah,Café,Formel,Obaida Bnou El Jarrah,34.0421006,-5.0044182,icons/cafe.png,OSM
Fès,Supérette / Mini-market sans nom,Supérette / Mini-market,Formel,Supérette / Mini-market sans nom,34.0263134,-4.9947952,icons/convenience.png,OSM
Fès,Épicier Ait Bella Mohammed,Supérette / Mini-market,Formel,Obaida Bnou El Jarrah,34.0420284,-5.0044746,icons/convenience.png,OSM
Fès,Restaurant Le Consul,Restaurant,Formel,Obaida Bnou El Jarrah,34.0418726,-5.0045915,icons/restaurant.png,OSM
Fès,Café restaurant Le paname palace,Café,Formel,Avenue Mohamed es Saoui,34.0384378,-4.995229,icons/cafe.png,OSM
Fès,Parapharmacie,Parapharmacie,Formel,"Avenue Lissan-Edine Ibn Al-Khatib, Fès",34.02563,-4.9954797,icons/pharmacy.png,OSM
Fès,Pharmacie de l'Hôpital صيدلية المستشفى,Parapharmacie,Formel,"Rue Mohammed Diouri زنقة محمد الديوري, Fès",34.0392486,-4.9936096,icons/pharmacy.png,OSM
Fès,Épicier Moderne Slimani,Supérette / Mini-market,Formel,Obaida Bnou El Jarrah,34.0414375,-5.0049523,icons/convenience.png,OSM
Fès,Légumier et Epicier Hjira,Épicerie,Informel,Obaida Bnou El Jarrah,34.0413192,-5.0050305,icons/greengrocer.png,OSM
Fès,Légumier Zriuki,Épicerie,Informel,Obaida Bnou El Jarrah,34.0411812,-5.0051343,icons/greengrocer.png,OSM
Fès,Café L'Empereur,Café,Formel,Avenue Mohamed es Saoui,34.0403405,-4.9941212,icons/cafe.png,OSM
Fès,Restaurant Rico's Sandwich,Restaurant,Formel,Obaida Bnou El Jarrah,34.0409938,-5.0052404,icons/restaurant.png,OSM
Fès,Épicier Mikou,Supérette / Mini-market,Formel,Obaida Bnou El Jarrah,34.0410756,-5.0052303,icons/convenience.png,OSM
Fès,Rincon,Restaurant,Formel,Rincon,34.0402767,-5.0094237,icons/restaurant.png,OSM
Fès,Épicier Dalaa,Supérette / Mini-market,Formel,Obaida Bnou El Jarrah,34.0404073,-5.0057047,icons/convenience.png,OSM
Fès,Cafe Cesar,Café,Formel,Cafe Cesar,34.040224,-5.009455,icons/cafe.png,OSM
Fès,Cafe amaklne,Café,Formel,Cafe amaklne,34.040194,-5.0094728,icons/cafe.png,OSM
Fès,Restaurant Luigi,Restaurant,Formel,6 rue hassine ibn tabite fés,34.0389485,-5.0099257,icons/restaurant.png,OSM
Fès,Café Sbens,Café,Formel,Rue Mohammed Diouri,34.0416608,-4.9951,icons/cafe.png,OSM
Fès,Supérette / Mini-market sans nom,Supérette / Mini-market,Formel,Supérette / Mini-market sans nom,34.0264904,-4.9955214,icons/convenience.png,OSM
Fès,Ogriola,Restaurant,Formel,Boulevard Moulay Hicham,34.0265102,-4.9954322,icons/restaurant.png,OSM
Fès,Cafe la lune,Café,Formel,Cafe la lune,34.0386756,-5.0096806,icons/cafe.png,OSM
Fès,Deutsch Cuisines,Restaurant,Formel,Deutsch Cuisines,34.0387811,-5.0103233,icons/restaurant.png,OSM
Fès,Supérette / Mini-market sans nom,Supérette / Mini-market,Formel,Supérette / Mini-market sans nom,34.0265449,-4.9952446,icons/convenience.png,OSM
Fès,Café  Bar Dalila,Café,Formel,Boulevard Mohammed V شارع محمد الخامس,34.0395525,-4.9988846,icons/cafe.png,OSM
Fès,Crémerie,Café,Formel,Crémerie,34.0392859,-4.9987547,icons/cafe.png,OSM
Fès,Café Étoile de Fes,Café,Formel,Rue Mohammed Diouri,34.0412302,-4.9947278,icons/cafe.png,OSM
Fès,Gelateria Roma,Café,Formel,Gelateria Roma,34.038694,-5.0099066,icons/cafe.png,OSM
Fès,Restaurant Caminitto,Restaurant,Formel,Obaida Bnou El Jarrah,34.0401337,-5.0056571,icons/restaurant.png,OSM
Fès,Supérette,Supérette / Mini-market,Formel,Supérette,34.0407849,-4.9952089,icons/convenience.png,OSM
Fès,Supérette / Mini-market sans nom,Supérette / Mini-market,Formel,Supérette / Mini-market sans nom,34.0403238,-4.995158,icons/convenience.png,OSM
Fès,Chickandy,Restaurant,Formel,Obaida Bnou El Jarrah,34.0398823,-5.0058558,icons/restaurant.png,OSM
Fès,Café Jawharat,Café,Formel,Rue Mohammed Diouri,34.0404816,-4.9950993,icons/cafe.png,OSM
Fès,Pizza Midway,Restaurant,Formel,Obaida Bnou El Jarrah,34.0398383,-5.0058847,icons/restaurant.png,OSM
Fès,Les Pêcheurs,Restaurant,Formel,Obaida Bnou El Jarrah,34.0397745,-5.0059311,icons/restaurant.png,OSM
Fès,Café Flamingo,Café,Formel,Obaida Bnou El Jarrah,34.0395141,-5.0062636,icons/cafe.png,OSM
Fès,Kiosque,Kiosque,Informel,Kiosque,34.0436766,-4.9962866,icons/kiosk.png,OSM
Fès,Kiosque,Kiosque,Informel,Avenue Abdallah Chefchaouni,34.0440898,-4.9967302,icons/kiosk.png,OSM
Fès,Épicier Otekni Houcine,Supérette / Mini-market,Formel,Av. Abi Bakr Essedik,34.040746,-5.0080495,icons/convenience.png,OSM
Fès,Café Buenas,Café,Formel,Av. Abi Bakr Essedik,34.0408806,-5.0079454,icons/cafe.png,OSM
Fès,Épicier Nadifi Abdellah,Supérette / Mini-market,Formel,Av. Abi Bakr Essedik,34.041465,-5.0072748,icons/convenience.png,OSM
Fès,Café Salmane,Café,Formel,Av. Abi Bakr Essedik,34.0415729,-5.0071801,icons/cafe.png,OSM
Fès,Four Abdelouahed Sadouk,Boulangerie,Formel,Av. Abi Bakr Essedik,34.0416547,-5.0071106,icons/bakery.png,OSM
Fès,Abdelouahed Sadouk,Restaurant,Formel,Av. Abi Bakr Essedik,34.0416881,-5.0070886,icons/restaurant.png,OSM
Fès,Supérette / Mini-market sans nom,Supérette / Mini-market,Formel,Supérette / Mini-market sans nom,34.0396033,-5.010476,icons/convenience.png,OSM
Fès,Epicerie et Tabac,Supérette / Mini-market,Formel,Rue Lalla Amina,34.0353524,-5.0062422,icons/convenience.png,OSM
Fès,Café Oued Dahab,Café,Formel,Av. Abi Bakr Essedik,34.0419497,-5.0069859,icons/cafe.png,OSM
Fès,Café sans nom,Café,Formel,Avenue Abdelali Benchekroun,34.0408722,-4.9983233,icons/cafe.png,OSM
Fès,Café Top Town,Café,Formel,Av. Abi Bakr Essedik,34.0425172,-5.0065474,icons/cafe.png,OSM
Fès,Laitiere Alej Aadimatik,Café,Formel,Av. Abi Bakr Essedik,34.0426279,-5.0064511,icons/cafe.png,OSM
Fès,Café Sémiramis Tachi Mohammed,Café,Formel,Av. Abi Bakr Essedik,34.0435219,-5.0057069,icons/cafe.png,OSM
Fès,Laitiere Lamkadem Mbarek,Café,Formel,Av. Abi Bakr Essedik,34.0441785,-5.0055512,icons/cafe.png,OSM
Fès,Restaurant Économique Nachit Massaoud,Restaurant,Formel,Av. Abi Bakr Essedik,34.0449853,-5.0053801,icons/restaurant.png,OSM
Fès,Hassani Mustapha et Driss,Restaurant,Formel,Av. Abi Bakr Essedik,34.0447566,-5.0054348,icons/restaurant.png,OSM
Fès,Snack Fath Driss Dabir,Restaurant,Formel,Av. Abi Bakr Essedik,34.0450552,-5.0053825,icons/restaurant.png,OSM
Fès,Laitiere Khayrate,Café,Formel,Av. Abi Bakr Essedik,34.0454422,-5.0053043,icons/cafe.png,OSM
Fès,Café Jaouda,Café,Formel,Av. Abi Bakr Essedik,34.0452924,-5.0053474,icons/cafe.png,OSM
Fès,Agora café,Café,Formel,Boulevard Moulay Rachid,34.0195846,-4.9871055,icons/cafe.png,OSM
Fès,Épicier El Mokadem Mbarek,Supérette / Mini-market,Formel,Av. Abi Bakr Essedik,34.0439595,-5.0057989,icons/convenience.png,OSM
Fès,Snack Hayani,Restaurant,Formel,Av. Abi Bakr Essedik,34.0436981,-5.0059184,icons/restaurant.png,OSM
Fès,Crémerie al ikram,Café,Formel,Crémerie al ikram,34.0346122,-4.9975675,icons/cafe.png,OSM
Fès,Casse croûte,Restaurant,Formel,Avenue Abdelali Benchekroun,34.0402976,-4.9980312,icons/restaurant.png,OSM
Fès,Crémerie Classico,Café,Formel,Av. Abi Bakr Essedik,34.0413347,-5.0078308,icons/cafe.png,OSM
Fès,Snack chehiwat Amine,Restaurant,Formel,Avenue Abdelali Benchekroun,34.0398148,-4.9981881,icons/restaurant.png,OSM
Fès,Supérette / Mini-market sans nom,Supérette / Mini-market,Formel,Supérette / Mini-market sans nom,34.0397973,-4.9982552,icons/convenience.png,OSM
Fès,Crémerie Faissal,Café,Formel,Av. Abi Bakr Essedik,34.040593,-5.0083755,icons/cafe.png,OSM
Fès,Café Nil,Café,Formel,Av. Abi Bakr Essedik,34.0403211,-5.0085876,icons/cafe.png,OSM
Fès,Boulangerie Pâtisserie Chhiouate Fes,Boulangerie,Formel,Av. Abi Bakr Essedik,34.0403816,-5.0085481,icons/bakery.png,OSM
Fès,Pharmacie Moulay Driss صيدلية مولاي ادريس,Parapharmacie,Formel,"lot kenza chapm course, Fès",34.0336413,-5.0189835,icons/pharmacy.png,OSM
Fès,Restaurant wong,Restaurant,Formel,"Av Omar Ibn Al Khattab, lotissement kenza champs de courses fez",34.0338111,-5.0185804,icons/restaurant.png,OSM
Fès,Cremerie Lahcica,Café,Formel,Av Omar Ibn Al Khattab,34.0322702,-5.021166,icons/cafe.png,OSM
Fès,Café Rajae,Café,Formel,Av Omar Ibn Al Khattab,34.0318148,-5.0218106,icons/cafe.png,OSM
Fès,Supérette / Mini-market sans nom,Supérette / Mini-market,Formel,Supérette / Mini-market sans nom,34.0300409,-5.0227752,icons/convenience.png,OSM
Fès,Supérette / Mini-market sans nom,Supérette / Mini-market,Formel,Supérette / Mini-market sans nom,34.0322129,-5.021267,icons/convenience.png,OSM
Fès,Restaurant Taslit,Restaurant,Formel,Av Omar Ibn Al Khattab,34.0331428,-5.0193414,icons/restaurant.png,OSM
Fès,Cremerie le Palais,Café,Formel,Av Omar Ibn Al Khattab,34.0318985,-5.0216927,icons/cafe.png,OSM
Fès,Pharmacie le Palais صيدلية القصر,Parapharmacie,Formel,"HAY TARIK A COTE PALAIS SANABIL, Fès",34.0307431,-5.0229027,icons/pharmacy.png,OSM
Fès,Cremerie Venerdie,Café,Formel,Av Omar Ibn Al Khattab,34.0296347,-5.0228106,icons/cafe.png,OSM
Fès,Hjira hamza grillade,Restaurant,Formel,Hjira hamza grillade,34.0424883,-5.0020395,icons/restaurant.png,OSM
Fès,Supérette / Mini-market sans nom,Supérette / Mini-market,Formel,Supérette / Mini-market sans nom,34.0424513,-5.0019911,icons/convenience.png,OSM
Fès,Supérette / Mini-market sans nom,Supérette / Mini-market,Formel,Supérette / Mini-market sans nom,34.0332462,-5.0195152,icons/convenience.png,OSM
Fès,Venizia restaurant,Café,Formel,Venizia restaurant,34.0422072,-5.0013872,icons/cafe.png,OSM
Fès,Supérette / Mini-market sans nom,Supérette / Mini-market,Formel,Supérette / Mini-market sans nom,34.0292063,-5.023728,icons/convenience.png,OSM
Fès,Café Miami,Café,Formel,Tarik 1 Rte Ben Souda,34.0290389,-5.0241749,icons/cafe.png,OSM
Fès,Snack casse croûte,Restaurant,Formel,Avenue Abdelali Benchekroun,34.039791,-4.9980553,icons/restaurant.png,OSM
Fès,Casse croute,Restaurant,Formel,Tarik 1 Rte Bensouda,34.0284677,-5.0252317,icons/restaurant.png,OSM
Fès,Supérette / Mini-market sans nom,Supérette / Mini-market,Formel,Supérette / Mini-market sans nom,34.0292242,-5.0234634,icons/convenience.png,OSM
Fès,Casse croûte Oliverdi,Restaurant,Formel,Avenue Abdelali Benchekroun,34.0391701,-4.9981933,icons/restaurant.png,OSM
Fès,Laitière,Café,Formel,Avenue Abdelali Benchekroun,34.0390914,-4.9984439,icons/cafe.png,OSM
Fès,Café L' Alliance,Café,Formel,Tarik 1 Rte Bensouda,34.0283412,-5.0254385,icons/cafe.png,OSM
Fès,Supérette / Mini-market sans nom,Supérette / Mini-market,Formel,Supérette / Mini-market sans nom,34.0396479,-4.998604,icons/convenience.png,OSM
Fès,Café Caraibi,Café,Formel,Tarik 1 Rte Bensouda,34.0282637,-5.025535,icons/cafe.png,OSM
Fès,Patisserie Venezia,Boulangerie,Formel,Tarik 2 ROUTE BENDAOUDE,34.0288719,-5.0243381,icons/bakery.png,OSM
Fès,Supérette / Mini-market sans nom,Supérette / Mini-market,Formel,Supérette / Mini-market sans nom,34.0289379,-5.0242291,icons/convenience.png,OSM
Fès,Casse croute,Restaurant,Formel,Tarik 2 ROUTE BENDAOUDE,34.0290312,-5.023983,icons/restaurant.png,OSM
Fès,Cremerie Bismillah,Café,Formel,Tarik 2 ROUTE BENDAOUDE,34.0290589,-5.0238301,icons/cafe.png,OSM
Fès,Café marhaba,Café,Formel,Café marhaba,34.0396976,-4.9987508,icons/cafe.png,OSM
Fès,Café Le Myrthe,Café,Formel,Jordani,34.0447693,-5.0043645,icons/cafe.png,OSM
Fès,Crémerie lhaj thami,Café,Formel,Crémerie lhaj thami,34.039296,-4.9985922,icons/cafe.png,OSM
Fès,Crémerie,Café,Formel,Crémerie,34.0395119,-4.9986904,icons/cafe.png,OSM
Fès,Crémerie,Café,Formel,Crémerie,34.03937,-4.9986185,icons/cafe.png,OSM
Fès,Crémerie,Café,Formel,Crémerie,34.0394496,-4.9986574,icons/cafe.png,OSM
Fès,Café Stella,Café,Formel,Jordani,34.0446021,-5.0048658,icons/cafe.png,OSM
Fès,Supérette / Mini-market sans nom,Supérette / Mini-market,Formel,Supérette / Mini-market sans nom,34.0445716,-5.0051759,icons/convenience.png,OSM
Fès,Snack économique Taleb El Hajar et El Hachmi Alouane,Restaurant,Formel,Jordani,34.0445338,-5.0052728,icons/restaurant.png,OSM
Fès,Café Iceberg Berg,Café,Formel,Café Iceberg Berg,34.0387117,-5.0037316,icons/cafe.png,OSM
Fès,Café bouquet,Café,Formel,Café bouquet,34.0393193,-5.0039147,icons/cafe.png,OSM
Fès,Bazar,Épicerie,Informel,Avenue Abdallah Chefchaouni,34.0383253,-4.9977876,icons/greengrocer.png,OSM
Fès,Restaurant sans nom,Restaurant,Formel,Avenue Abdallah Chefchaouni,34.0382962,-4.9977956,icons/restaurant.png,OSM
Fès,Café Yassmine مقهى ياسمين,Café,Formel,Café Yassmine مقهى ياسمين,34.0237598,-5.0059838,icons/cafe.png,OSM
Fès,Café Zahrat Tghat,Café,Formel,Café Zahrat Tghat,34.0515537,-5.0356274,icons/cafe.png,OSM
Fès,Café Regina,Café,Formel,Café Regina,34.0518687,-5.0357371,icons/cafe.png,OSM
Fès,Oum Al Kheir,Boutique de confiserie,Informel,Oum Al Kheir,34.0576283,-5.0260334,icons/confectionery.png,OSM
Fès,Café Cybelle Palace,Café,Formel,Café Cybelle Palace,34.053883,-5.0262709,icons/cafe.png,OSM
Fès,Al Hadika,Boutique de confiserie,Informel,Al Hadika,34.0565748,-5.0297395,icons/confectionery.png,OSM
Fès,Bouanane بوعنان,Café,Formel,Bouanane بوعنان,34.0247923,-5.0045267,icons/cafe.png,OSM
Fès,Snack restaurant XIII,Restaurant,Formel,Snack restaurant XIII,34.0248474,-5.0046557,icons/restaurant.png,OSM
Fès,Pharmacie Nouzha صيدلية النزهة,Parapharmacie,Formel,"Route Ain Chkef, Fés",34.0117154,-5.0108792,icons/pharmacy.png,OSM
Fès,Journal tabac,Kiosque,Informel,Journal tabac,34.0383881,-4.998201,icons/kiosk.png,OSM
Fès,Café glory,Café,Formel,Café glory,34.0384796,-4.9977428,icons/cafe.png,OSM
Fès,Relax pub,Restaurant,Formel,Avenue Mohamed es Saoui,34.0376819,-4.9989486,icons/restaurant.png,OSM
Fès,Romaince pub,Restaurant,Formel,Avenue Mohamed es Saoui,34.0376679,-4.9989838,icons/restaurant.png,OSM
Fès,Legumier,Épicerie,Informel,Med Abdelaziz Lhbabi,34.0291004,-5.0240971,icons/greengrocer.png,OSM
Fès,V fruit sec,Épicerie,Informel,Med Abdelaziz Lhbabi,34.0291418,-5.0241062,icons/greengrocer.png,OSM
Fès,Café Amiga,Café,Formel,Café Amiga,34.0413747,-5.0025106,icons/cafe.png,OSM
Fès,Café Tour D' argent ave,Café,Formel,Avenue Mohamed es Saoui,34.037604,-4.9993597,icons/cafe.png,OSM
Fès,V. Olives,Épicerie,Informel,Med Abdelaziz Lhbabi,34.029754,-5.0241399,icons/greengrocer.png,OSM
Fès,Supérette / Mini-market sans nom,Supérette / Mini-market,Formel,Supérette / Mini-market sans nom,34.0300024,-5.0241342,icons/convenience.png,OSM
Fès,V. Tabac et journaux,Kiosque,Informel,Avenue Mohamed es Saoui,34.0374616,-5.0003183,icons/kiosk.png,OSM
Fès,Legumier,Épicerie,Informel,Med Abdelaziz Lhbabi,34.030471,-5.0241146,icons/greengrocer.png,OSM
Fès,Supérette / Mini-market sans nom,Supérette / Mini-market,Formel,Supérette / Mini-market sans nom,34.0391604,-4.9985524,icons/convenience.png,OSM
Fès,Pâtisserie la renaissance,Café,Formel,Pâtisserie la renaissance,34.0390809,-4.998529,icons/cafe.png,OSM
Fès,Pharmacie El Fath صيدلية الفتح,Parapharmacie,Formel,"Avenue Mohamed Es Slaoui, Fès",34.0374402,-5.0003795,icons/pharmacy.png,OSM
Fès,Supérette / Mini-market sans nom,Supérette / Mini-market,Formel,Supérette / Mini-market sans nom,34.039181,-4.9985577,icons/convenience.png,OSM
Fès,Pharmacie la Croix Verte صيدلية لاكروا فيرت,Parapharmacie,Formel,"Boulevard Mohammed V شارع محمد الخامس, BV MOHAMED 5",34.0385288,-4.9981613,icons/pharmacy.png,OSM
Fès,Cafe la momie,Café,Formel,Cafe la momie,34.0398004,-5.0075077,icons/cafe.png,OSM
Fès,Restaurant Pizzeria la Mamia,Restaurant,Formel,Restaurant Pizzeria la Mamia,34.0425193,-5.0002556,icons/restaurant.png,OSM
Fès,Casse croute,Restaurant,Formel,Casse croute,34.0427485,-4.9996346,icons/restaurant.png,OSM
Fès,Supérette / Mini-market sans nom,Supérette / Mini-market,Formel,Supérette / Mini-market sans nom,34.0403069,-5.0110112,icons/convenience.png,OSM
Fès,Cafe soussi,Café,Formel,Cafe soussi,34.043275,-4.9994468,icons/cafe.png,OSM
Fès,Café Reda,Café,Formel,Café Reda,34.013439,-4.9712301,icons/cafe.png,OSM
Fès,Palamera,Restaurant,Formel,Palamera,34.013479,-4.9711299,icons/restaurant.png,OSM
Fès,Pharmacie Marjane صيدلية مرجان,Parapharmacie,Formel,"SUPER MARCHE MARJANE, Fès",34.0492382,-5.0355052,icons/pharmacy.png,OSM
Fès,Perfecto,Café,Formel,Perfecto,34.0494421,-5.0350459,icons/cafe.png,OSM
Fès,Fassia Home Made,Boulangerie,Formel,Avenue Abi Naïm,34.0432909,-5.0046219,icons/bakery.png,OSM
Fès,Épicier Brahim El Mokadem 1,Supérette / Mini-market,Formel,Avenue Abi Naïm,34.0435308,-5.005091,icons/convenience.png,OSM
Fès,Chez Abdessamad,Épicerie,Informel,Avenue Abi Naïm,34.0436158,-5.0049768,icons/greengrocer.png,OSM
Fès,Épicier Abdelhadi Ben Hassan,Supérette / Mini-market,Formel,Avenue Abi Naïm,34.0433682,-5.0047617,icons/convenience.png,OSM
Fès,Casse-croûte et Café Trio's,Restaurant,Formel,Avenue Abi Naïm,34.0436302,-5.0052826,icons/restaurant.png,OSM
Fès,Snack Anass Tazi 1,Restaurant,Formel,Avenue Abi Naïm,34.043752,-5.0052812,icons/restaurant.png,OSM
Fès,Café Lixus,Café,Formel,Abou Obaida Bnou El Jarrah,34.0426913,-5.0039766,icons/cafe.png,OSM
Fès,Pâtisserie La Girondine Rajae El Youbi,Boulangerie,Formel,Avenue Abi Naïm,34.0435695,-5.0051462,icons/bakery.png,OSM
Fès,Pharmacie Al Ichrak صيدلية الإشراق,Parapharmacie,Formel,"367 AHMED BALAFEJ ADARISSA, Fès",34.0167606,-5.0109578,icons/pharmacy.png,OSM
Fès,Snack Rosa,Restaurant,Formel,Med Abdelaziz Lhbabi,34.0312484,-5.0240486,icons/restaurant.png,OSM
Fès,Café le votre,Café,Formel,Café le votre,34.03764,-4.9977703,icons/cafe.png,OSM
Fès,Café saiss,Café,Formel,Café saiss,34.0374653,-4.9977373,icons/cafe.png,OSM
Fès,Cafe abir palace,Café,Formel,Cafe abir palace,34.0399117,-5.0083587,icons/cafe.png,OSM
Fès,Pharmacie Al Mernissi صيدلية المرنيسي,Parapharmacie,Formel,"Champs de Cours Dokkarat, Fès",34.0392401,-5.0129692,icons/pharmacy.png,OSM
Fès,Laitiere Nour,Café,Formel,Bnou Kayim,34.0437905,-5.0040733,icons/cafe.png,OSM
Fès,Épicier Takoua Asri El Mustapha,Supérette / Mini-market,Formel,Rue Ibn Qayyim,34.0435817,-5.0048048,icons/convenience.png,OSM
Fès,Café Al khozama,Café,Formel,Avenue Mohamed es Saoui,34.037296,-4.9991565,icons/cafe.png,OSM
Fès,Pharmacie Masjid Ataqwa صيدلية مسجد التقوى,Parapharmacie,Formel,"RUE AL AMIR RTE AYN CHKEF, Fès",34.0194622,-5.0056751,icons/pharmacy.png,OSM
Fès,Sandwich,Restaurant,Formel,Med Abdelaziz Lhbabi,34.0328818,-5.0246905,icons/restaurant.png,OSM
Fès,Supérette / Mini-market sans nom,Supérette / Mini-market,Formel,Supérette / Mini-market sans nom,34.0325344,-5.0240167,icons/convenience.png,OSM
Fès,Boulangerie patisserie,Boulangerie,Formel,Med Abdelaziz Lhbabi,34.0327202,-5.0244862,icons/bakery.png,OSM
Fès,Pharmacie Sounni صيدلية السني,Parapharmacie,Formel,"ERAC HAY AL ADARISSA, Fès",34.0182594,-5.0079836,icons/pharmacy.png,OSM
Fès,Sandwich Marseille,Restaurant,Formel,Med Abdelaziz Lhbabi,34.0323969,-5.0240158,icons/restaurant.png,OSM
Fès,Crémerie,Restaurant,Formel,Crémerie,34.0360983,-4.9975355,icons/restaurant.png,OSM
Fès,Café Peacock,Café,Formel,Avenue Mohamed es Saoui,34.0375014,-4.9987254,icons/cafe.png,OSM
Fès,Supérette / Mini-market sans nom,Supérette / Mini-market,Formel,Supérette / Mini-market sans nom,34.0328538,-5.0247782,icons/convenience.png,OSM
Fès,Café kods,Café,Formel,Med Abdelaziz Lhbabi,34.0329617,-5.025012,icons/cafe.png,OSM
Fès,Supérette / Mini-market sans nom,Supérette / Mini-market,Formel,Fez فاس‎,34.0329249,-5.0249522,icons/convenience.png,OSM
Fès,Cremerie,Café,Formel,Med Abdelaziz Lhbabi,34.0329051,-5.0248987,icons/cafe.png,OSM
Fès,Patisserie,Boulangerie,Formel,Med Abdelaziz Lhbabi,34.0325693,-5.0241622,icons/bakery.png,OSM
Fès,Pharmacie Bennani صيدلية بناني,Parapharmacie,Formel,"HAY TARIK I, Fès",34.032488,-5.02417,icons/pharmacy.png,OSM
Fès,Café Aji,Café,Formel,Café Aji,34.0391408,-5.0090695,icons/cafe.png,OSM
Fès,Café de refuge club,Café,Formel,Avenue Mohamed es Saoui,34.0375266,-4.9985236,icons/cafe.png,OSM
Fès,Café Le Panaché Lahlou Nabil Abdelfattah,Café,Formel,Av. Abi Hanifa,34.0424477,-5.0045305,icons/cafe.png,OSM
Fès,Épicier Rami Hassan,Supérette / Mini-market,Formel,Av. Abi Hanifa,34.0429236,-5.0054012,icons/convenience.png,OSM
Fès,Pharmacie Arrachad صيدلية الرشاد,Parapharmacie,Formel,"Hay Griyou Zouagha Haute, Fès",34.0156004,-5.026931,icons/pharmacy.png,OSM
Fès,Pharmacie Farah صيدلية فرح,Parapharmacie,Formel,"Avenue Ibn Al Atir شارع ابن الأثير, Fès",34.0221038,-5.0122016,icons/pharmacy.png,OSM
Fès,Pharmacie Belbacha صيدلية بالباشة,Parapharmacie,Formel,Fès,34.0304648,-5.013688,icons/pharmacy.png,OSM
Fès,Pharmacie Moulay Slimane صيدلية مولاي سليمان,Parapharmacie,Formel,"RUE SAIN LOUIS RTE AIN CHKAEF, Fès",34.029394,-5.0005704,icons/pharmacy.png,OSM
Fès,Pharmacie la Station صيدلية المحطة,Parapharmacie,Formel,Fès,34.0094418,-5.0456351,icons/pharmacy.png,OSM
Fès,Pharmacie Azzahraouayn صيدلية الزهراويين,Parapharmacie,Formel,"1 BAB atlas lot N 41 zouagha, Fès",34.0247453,-5.0407415,icons/pharmacy.png,OSM
Fès,Supérette / Mini-market sans nom,Supérette / Mini-market,Formel,Supérette / Mini-market sans nom,34.0322496,-5.0240902,icons/convenience.png,OSM
Fès,Supérette / Mini-market sans nom,Supérette / Mini-market,Formel,Supérette / Mini-market sans nom,34.0320835,-5.0240999,icons/convenience.png,OSM
Fès,V. Oeufs,Supermarché,Formel,Med Abdelaziz Lhbabi,34.0320041,-5.0241018,icons/supermarket.png,OSM
Fès,Café Yasmine,Café,Formel,Med Abdelaziz Lhbabi,34.0319619,-5.024101,icons/cafe.png,OSM
Fès,Patisserie Ilyas,Boulangerie,Formel,Med Abdelaziz Lhbabi,34.0315734,-5.0241604,icons/bakery.png,OSM
Fès,Supérette / Mini-market sans nom,Supérette / Mini-market,Formel,Supérette / Mini-market sans nom,34.031316,-5.0241339,icons/convenience.png,OSM
Fès,Supérette / Mini-market sans nom,Supérette / Mini-market,Formel,Supérette / Mini-market sans nom,34.0310091,-5.0241672,icons/convenience.png,OSM
Fès,Supérette / Mini-market sans nom,Supérette / Mini-market,Formel,Supérette / Mini-market sans nom,34.0308134,-5.0241669,icons/convenience.png,OSM
Fès,Café California,Café,Formel,Avenue Mohamed es Saoui,34.0377124,-4.9972107,icons/cafe.png,OSM
Fès,Laitière,Café,Formel,Med Abdelaziz Lhbabi,34.0298774,-5.0242046,icons/cafe.png,OSM
Fès,V.binllet,Restaurant,Formel,Med Abdelaziz Lhbabi,34.0299005,-5.024211,icons/restaurant.png,OSM
Fès,Café Golden Palace,Café,Formel,rue Imam Malik,34.0416917,-5.004958,icons/cafe.png,OSM
Fès,Snack Bennani Abdelkarim,Restaurant,Formel,"rue Imam Malik, Fès",34.0417341,-5.0052085,icons/restaurant.png,OSM
Fès,Epicerie Salam,Supérette / Mini-market,Formel,rue Imam Malik,34.0415454,-5.0049296,icons/convenience.png,OSM
Fès,Pharmacie Imam Ali صيدلية الإمام علي,Parapharmacie,Formel,"rue Imam Malik, Fès",34.0423848,-5.006424,icons/pharmacy.png,OSM
Fès,Pharmacie Touzani صيدلية التوزاني,Parapharmacie,Formel,"Rue Abdellah Guenoun, Fès",34.029135,-5.0265075,icons/pharmacy.png,OSM
Fès,Café Le Menarit,Café,Formel,Rue Abdellah Guenoun,34.0282954,-5.0257634,icons/cafe.png,OSM
Fès,Pharmacie Pavlov صيدلية بافلوف,Parapharmacie,Formel,"IMM 84 N 3 LOT .DALILA-ADDOHA-ZOUAGHA, Fès",34.0129982,-5.0401436,icons/pharmacy.png,OSM
Fès,Café Zohour,Café,Formel,Avenue Karama Zohour 1,34.0141524,-4.9861593,icons/cafe.png,OSM
Fès,Pharmacie Bab Ftouh صيدلية باب فتوح,Parapharmacie,Formel,"BAB FTOUH, Fès",34.0608412,-4.9664226,icons/pharmacy.png,OSM
Fès,Zagora,Restaurant,Formel,Zagora,34.0347081,-4.9973585,icons/restaurant.png,OSM
Fès,Pharmacie Al Ouafae صيدلية الوفاء,Parapharmacie,Formel,"LOT 394 NARJISS LOT OUAFAE RTE SEFROU, Fès",34.0112189,-4.9763526,icons/pharmacy.png,OSM
Fès,Kiosque moussaoui,Kiosque,Informel,Kiosque moussaoui,34.0403506,-4.9991519,icons/kiosk.png,OSM
Fès,Cristal,Café,Formel,Cristal,34.0376006,-4.9981428,icons/cafe.png,OSM
Fès,Marisco,Restaurant,Formel,Marisco,34.0372313,-4.9979824,icons/restaurant.png,OSM
Fès,Pharmacie Naima Lahlou صيدلية نعيمة لحلو,Parapharmacie,Formel,Fès,34.0570103,-4.9905245,icons/pharmacy.png,OSM
Fès,Pharmacie Ben Debbab صيدلية بن دباب,Parapharmacie,Formel,"ROND POINT KARAOUINE BEN DEBBAB, Fès",34.0638765,-4.9943906,icons/pharmacy.png,OSM
Fès,Café Elysée,Café,Formel,Avenue Mohamed es Saoui,34.0379021,-4.9961526,icons/cafe.png,OSM
Fès,Pharmacie Lwdaya صيدلية لوداية,Parapharmacie,Formel,Fès ⴼⴰⵙ فاس,34.0697582,-5.0120009,icons/pharmacy.png,OSM
Fès,Pharmacie Arrajae صيدلية الرجاء,Parapharmacie,Formel,"N 1 RUE MERJA ZOUAGHA, Fès",34.03271,-5.047852,icons/pharmacy.png,OSM
Fès,Pharmacie Bouzoubaa صيدلية بوزوبع,Parapharmacie,Formel,Fès,34.0206795,-5.0270395,icons/pharmacy.png,OSM
Fès,Café Borj Al Arab,Café,Formel,rue Ahmed Amine,34.0417064,-5.0065037,icons/cafe.png,OSM
Fès,Restaurant Chez Ismail Spécialité Poissons,Restaurant,Formel,rue Ahmed Amine,34.0415643,-5.0064381,icons/restaurant.png,OSM
Fès,Supérette / Mini-market sans nom,Supérette / Mini-market,Formel,Supérette / Mini-market sans nom,34.0409811,-5.0053745,icons/convenience.png,OSM
Fès,Epicerie Bouzid Erradi,Supérette / Mini-market,Formel,Avenue Iman Ali,34.0397651,-5.004716,icons/convenience.png,OSM
Fès,Snack Belamlih Kamal 11,Restaurant,Formel,Avenue Iman Ali,34.0398145,-5.0048456,icons/restaurant.png,OSM
Fès,Snack Al Akhawayne,Restaurant,Formel,Avenue Iman Ali,34.0400416,-5.0052555,icons/restaurant.png,OSM
Fès,Pharmacie El Malhi صيدلية الملحي,Parapharmacie,Formel,"HAY TARIK 1 RUE 3, Fès فاس",34.0356746,-5.0245247,icons/pharmacy.png,OSM
Fès,Pharmacie El Wardi صيدلية الوردي,Parapharmacie,Formel,"hay oued fes, Fès",34.0551533,-5.0329316,icons/pharmacy.png,OSM
Fès,Pharmacie Al Mawada صيدلية المودة,Parapharmacie,Formel,"Boulevard Karaouine, Fés",34.0067267,-5.0165884,icons/pharmacy.png,OSM
Fès,Pharmacie Sahb El Ward صيدلية سهب الورد,Parapharmacie,Formel,"5 sehb el ward hors bab ftouh, Fès",34.0543407,-4.9532305,icons/pharmacy.png,OSM
Fès,Café Restaurant,Café,Formel,Avenue Mohamed es Saoui,34.0380728,-4.9954282,icons/cafe.png,OSM
Fès,Pharmacie Al Ghassani صيدلية الغساني,Parapharmacie,Formel,"DHAR MEHRAZ BAB EL GHOUL, Fès",34.0403695,-4.9898563,icons/pharmacy.png,OSM
Fès,Snak intamealim,Restaurant,Formel,Avenue Mohamed es Saoui,34.03822,-4.9949382,icons/restaurant.png,OSM
Fès,Café palmira,Café,Formel,Avenue Mohamed es Saoui,34.0382498,-4.9948758,icons/cafe.png,OSM
Fès,Café d'ors,Café,Formel,Avenue Mohamed es Saoui,34.038928,-4.9936644,icons/cafe.png,OSM
Fès,Pharmacie L'IRIS صيدلية الاغيس,Parapharmacie,Formel,"19 RUE BIZERT RTE D'IMMOUZER, fés",34.0213738,-4.9984577,icons/pharmacy.png,OSM
Fès,La noblesse fassi,Café,Formel,La noblesse fassi,34.0343632,-4.9973989,icons/cafe.png,OSM
Fès,Pharmacie Ziat صيدلية الزيات,Parapharmacie,Formel,"DREB ZIAT BATHA, Fès",34.0576478,-4.9769857,icons/pharmacy.png,OSM
Fès,Supérette / Mini-market sans nom,Supérette / Mini-market,Formel,Supérette / Mini-market sans nom,34.0308734,-5.0266129,icons/convenience.png,OSM
Fès,Supérette / Mini-market sans nom,Supérette / Mini-market,Formel,Supérette / Mini-market sans nom,34.0303795,-5.0268486,icons/convenience.png,OSM
Fès,L'immigré,Restaurant,Formel,L'immigré,34.0343439,-4.997289,icons/restaurant.png,OSM
Fès,Pharmacie Saiss صيدلية سايس,Parapharmacie,Formel,"14 RUE 1 BLOC PAM BENSOUDA, Fès",34.0326792,-4.9969956,icons/pharmacy.png,OSM
Fès,Supérette / Mini-market sans nom,Supérette / Mini-market,Formel,Supérette / Mini-market sans nom,34.0290901,-5.025064,icons/convenience.png,OSM
Fès,Supérette / Mini-market sans nom,Supérette / Mini-market,Formel,Supérette / Mini-market sans nom,34.0292965,-5.0258345,icons/convenience.png,OSM
Fès,Pharmacie Nahid صيدلية ناهيد,Parapharmacie,Formel,"HAY MSELLAH, Fés",34.0633492,-5.0083871,icons/pharmacy.png,OSM
Fès,Supérette / Mini-market sans nom,Supérette / Mini-market,Formel,Supérette / Mini-market sans nom,34.0390611,-4.9933686,icons/convenience.png,OSM
Fès,Autrement Chez Soi,Restaurant,Formel,Avenue Iman Ali,34.0406525,-5.0061129,icons/restaurant.png,OSM
Fès,Supérette / Mini-market sans nom,Supérette / Mini-market,Formel,Supérette / Mini-market sans nom,34.0426395,-5.0101968,icons/convenience.png,OSM
Fès,Epicerie Nait Ali Mohammed,Supérette / Mini-market,Formel,Avenue Iman Ali,34.0405301,-5.0059041,icons/convenience.png,OSM
Fès,Laitiere Maiji Abdelaziz,Café,Formel,Avenue Iman Ali,34.0398545,-5.0049032,icons/cafe.png,OSM
Fès,Supérette / Mini-market sans nom,Supérette / Mini-market,Formel,Supérette / Mini-market sans nom,34.0296966,-5.025753,icons/convenience.png,OSM
Fès,Supérette / Mini-market sans nom,Supérette / Mini-market,Formel,Supérette / Mini-market sans nom,34.0296916,-5.0246584,icons/convenience.png,OSM
Fès,Café pâtisserie,Café,Formel,Rue Cuny,34.0369032,-4.9970755,icons/cafe.png,OSM
Fès,Snak New Quick,Restaurant,Formel,Snak New Quick,34.03682,-4.9970709,icons/restaurant.png,OSM
Fès,Boulangerie,Boulangerie,Formel,El Mehdi Mniai,34.0308182,-5.0260977,icons/bakery.png,OSM
Fès,Café Ramsisse palace,Café,Formel,Café Ramsisse palace,34.0377793,-5.0000599,icons/cafe.png,OSM
Fès,Cremerie,Café,Formel,Rue Cuny,34.0364678,-4.9969531,icons/cafe.png,OSM
Fès,Cremerie Amal,Café,Formel,Rue Cuny,34.0364255,-4.9969362,icons/cafe.png,OSM
Fès,Epicerie Lahlou,Supérette / Mini-market,Formel,Epicerie Lahlou,34.0442304,-4.9987097,icons/convenience.png,OSM
Fès,The Ruined Garden,Restaurant,Formel,Derb Idrissi,34.0620951,-4.9774646,icons/restaurant.png,OSM
Fès,Pharmacie El Attar صيدلية العطار,Parapharmacie,Formel,"HAY ALMOUADAFINE DOUKARAT, Fès",34.0420078,-5.0172347,icons/pharmacy.png,OSM
Fès,Pharmacie Amine صيدلية أمين,Parapharmacie,Formel,"32 TRIK JDIDA RCIF, Fès",34.0584106,-4.972887,icons/pharmacy.png,OSM
Fès,Pharmacie Arssat Zitoun صيدلية عرصة الزيتون,Parapharmacie,Formel,Fès,33.9916405,-5.042749,icons/pharmacy.png,OSM
Fès,Pharmacie Saidi صيدلية سعيدي,Parapharmacie,Formel,"178 Olivrie secT 27 Zouagha haut, Fès",33.9942988,-5.0401468,icons/pharmacy.png,OSM
Fès,Pharmacie Niama صيدلية نعمة,Parapharmacie,Formel,Fès,33.9977066,-5.0480324,icons/pharmacy.png,OSM
Fès,Café Les Poettes,Café,Formel,place Maghreb Arabe,34.0428292,-5.0122784,icons/cafe.png,OSM
Fès,Café El Yamama,Café,Formel,Avenue Iman Ali,34.042983,-5.0119563,icons/cafe.png,OSM
Fès,Café Top Snooker,Café,Formel,Avenue Iman Ali,34.0430364,-5.0116027,icons/cafe.png,OSM
Fès,Pharmacie El Mouahidine صيدلية الموحدين,Parapharmacie,Formel,"Avenue des Almohades شارع الموحدين, Fès",34.0427102,-5.0123896,icons/pharmacy.png,OSM
Fès,Café Escale Fes,Café,Formel,place Maghreb Arabe,34.0428271,-5.0121667,icons/cafe.png,OSM
Fès,Café Top Classico,Café,Formel,place Maghreb Arabe,34.0429052,-5.0120855,icons/cafe.png,OSM
Fès,Supérette / Mini-market sans nom,Supérette / Mini-market,Formel,Supérette / Mini-market sans nom,34.0343511,-5.0264172,icons/convenience.png,OSM
Fès,Supérette / Mini-market sans nom,Supérette / Mini-market,Formel,Supérette / Mini-market sans nom,34.0318934,-5.0264253,icons/convenience.png,OSM
Fès,Supérette / Mini-market sans nom,Supérette / Mini-market,Formel,Supérette / Mini-market sans nom,34.0322229,-5.0264215,icons/convenience.png,OSM
Fès,Four,Boulangerie,Formel,Med Lharak,34.0317252,-5.0266238,icons/bakery.png,OSM
Fès,Pharmacie la Bonté صيدلية الطيبة,Parapharmacie,Formel,"HAY TARIK 2, Fès",34.0337314,-5.0268101,icons/pharmacy.png,OSM
Fès,Supérette / Mini-market sans nom,Supérette / Mini-market,Formel,Supérette / Mini-market sans nom,34.0341856,-5.0265222,icons/convenience.png,OSM
Fès,Supérette / Mini-market sans nom,Supérette / Mini-market,Formel,Supérette / Mini-market sans nom,34.0366489,-4.9988519,icons/convenience.png,OSM
Fès,Supérette / Mini-market sans nom,Supérette / Mini-market,Formel,Supérette / Mini-market sans nom,34.0331772,-5.0271009,icons/convenience.png,OSM
Fès,Restaurant ahrame,Restaurant,Formel,Restaurant ahrame,34.0368001,-4.9990779,icons/restaurant.png,OSM
Fès,Delice chicken,Restaurant,Formel,Delice chicken,34.0369307,-4.9992715,icons/restaurant.png,OSM
Fès,Café mimousa,Café,Formel,Café mimousa,34.0404007,-5.0086914,icons/cafe.png,OSM
Fès,Pharmacie Chifae صيدلية الشفاء,Parapharmacie,Formel,"Avenue des Far route de meknes, Fès",34.0404482,-5.0087851,icons/pharmacy.png,OSM
Fès,Boulangerie univers,Boulangerie,Formel,Boulangerie univers,34.0405448,-5.0089769,icons/bakery.png,OSM
Fès,Café univers,Café,Formel,Café univers,34.0406135,-5.0090885,icons/cafe.png,OSM
Fès,Café flamingo,Café,Formel,Café flamingo,34.0410132,-5.0104144,icons/cafe.png,OSM
Fès,Supérette / Mini-market sans nom,Supérette / Mini-market,Formel,Supérette / Mini-market sans nom,34.0422075,-5.0092478,icons/convenience.png,OSM
Fès,Café Diwane Palace,Café,Formel,Avenue Iman Ali,34.042593,-5.0102946,icons/cafe.png,OSM
Fès,Café El Bacha Palace,Café,Formel,Avenue Iman Ali,34.0419356,-5.0085809,icons/cafe.png,OSM
Fès,Supérette / Mini-market sans nom,Supérette / Mini-market,Formel,Supérette / Mini-market sans nom,34.0347474,-5.0260923,icons/convenience.png,OSM
Fès,Snak khadija,Restaurant,Formel,HYPODRAME,34.0352338,-5.025651,icons/restaurant.png,OSM
Fès,Supérette / Mini-market sans nom,Supérette / Mini-market,Formel,Supérette / Mini-market sans nom,34.0345954,-5.0259784,icons/convenience.png,OSM
Fès,Pharmacie des FAR صيدلية الجيش الملكي,Parapharmacie,Formel,"Avenue des Forces Armées Royales شارع الجيش الملكي, Fès",34.0407699,-5.0166336,icons/pharmacy.png,OSM
Fès,Supérette / Mini-market sans nom,Supérette / Mini-market,Formel,Supérette / Mini-market sans nom,34.0309232,-5.0248612,icons/convenience.png,OSM
Fès,Café Perlatino,Café,Formel,Abi Hamid Ghazali,34.0390071,-5.0045711,icons/cafe.png,OSM
Fès,Crémerie Sweet Palace,Café,Formel,Abi Hamid Ghazali,34.0391869,-5.0044196,icons/cafe.png,OSM
Fès,Café Iris,Café,Formel,Abi Hamid Ghazali,34.0385877,-5.0048722,icons/cafe.png,OSM
Fès,Snack Restaurant Puerto Rico,Restaurant,Formel,Abi Hamid Ghazali,34.0389262,-5.0044524,icons/restaurant.png,OSM
Fès,Laitiere Souad,Café,Formel,Abi Hamid Ghazali,34.0391017,-5.0043197,icons/cafe.png,OSM
Fès,Monalisa,Café,Formel,Monalisa,34.0370846,-4.9996455,icons/cafe.png,OSM
Fès,Supérette / Mini-market sans nom,Supérette / Mini-market,Formel,Supérette / Mini-market sans nom,34.0328009,-5.026035,icons/convenience.png,OSM
Fès,Café Napolitan,Café,Formel,Abi Hamid Ghazali,34.0392073,-5.0042399,icons/cafe.png,OSM
Fès,Four Pa Omar Dami M'hamed,Boulangerie,Formel,Abi Hamid Ghazali,34.0393206,-5.004126,icons/bakery.png,OSM
Fès,Crémerie Belvédère,Café,Formel,Crémerie Belvédère,34.0401062,-5.018962,icons/cafe.png,OSM
Fès,Café valida,Café,Formel,Café valida,34.0409926,-5.0110723,icons/cafe.png,OSM
Fès,Boulangerie,Boulangerie,Formel,Boulangerie,34.0409701,-5.0111588,icons/bakery.png,OSM
Fès,Supérette / Mini-market sans nom,Supérette / Mini-market,Formel,Supérette / Mini-market sans nom,34.0338385,-4.9957564,icons/convenience.png,OSM
Fès,Snack Mima House,Restaurant,Formel,Abdelkarim Benjelloun,34.0391101,-5.0048326,icons/restaurant.png,OSM
Fès,Pharmacie Doukkarat صيدلية الدكارات,Parapharmacie,Formel,"ROUTE DE MEKNES, Avenue des Forces Armées Royales شارع الجيش الملكي, Fès فاس",34.0393502,-5.0217359,icons/pharmacy.png,OSM
Fès,Café Le Parrain,Café,Formel,Abdelkarim Benjelloun,34.0392409,-5.0050692,icons/cafe.png,OSM
Fès,Le Coin de Bonheur,Restaurant,Formel,Abdelkarim Benjelloun,34.0394777,-5.0054341,icons/restaurant.png,OSM
Fès,Café Babylon,Café,Formel,Abdelkarim Benjelloun,34.0395633,-5.0055677,icons/cafe.png,OSM
Fès,Restaurant Sanslezard,Restaurant,Formel,Abdelkarim Benjelloun,34.0395972,-5.005654,icons/restaurant.png,OSM
Fès,Les quatre coins,Restaurant,Formel,Les quatre coins,34.0367749,-4.9988664,icons/restaurant.png,OSM
Fès,Poulet rôtis,Restaurant,Formel,Poulet rôtis,34.0368063,-4.9987817,icons/restaurant.png,OSM
Fès,Snack Kamo Sushi,Restaurant,Formel,Abdelkarim Benjelloun,34.0397179,-5.0058759,icons/restaurant.png,OSM
Fès,Café et Salle des Jeux Seven Lamsaffer,Café,Formel,Abdelkarim Benjelloun,34.0389519,-5.0048556,icons/cafe.png,OSM
Fès,Cremerie Cactus,Café,Formel,Med El Jay,34.0320098,-5.0237978,icons/cafe.png,OSM
Fès,Supérette / Mini-market sans nom,Supérette / Mini-market,Formel,Supérette / Mini-market sans nom,34.0318745,-5.0254159,icons/convenience.png,OSM
Fès,Café sarakosta,Café,Formel,Med Ljay,34.0319509,-5.0240032,icons/cafe.png,OSM
Fès,Cremerie,Café,Formel,Med Ben Brahim,34.0329917,-5.0251462,icons/cafe.png,OSM
Fès,Fez Café,Café,Formel,Fez Café,34.0614133,-4.9787162,icons/cafe.png,OSM
Fès,Supérette / Mini-market sans nom,Supérette / Mini-market,Formel,Supérette / Mini-market sans nom,34.0334517,-5.024364,icons/convenience.png,OSM
Fès,Les Deux Magots,Café,Formel,Rue Omar Al Mokhtar,34.0361799,-4.996802,icons/cafe.png,OSM
Fès,Supérette / Mini-market sans nom,Supérette / Mini-market,Formel,Supérette / Mini-market sans nom,34.0285034,-5.0241343,icons/convenience.png,OSM
Fès,Supérette / Mini-market sans nom,Supérette / Mini-market,Formel,Supérette / Mini-market sans nom,34.0267864,-5.0240956,icons/convenience.png,OSM
Fès,Supérette / Mini-market sans nom,Supérette / Mini-market,Formel,Supérette / Mini-market sans nom,34.0372736,-4.9969678,icons/convenience.png,OSM
Fès,Supérette / Mini-market sans nom,Supérette / Mini-market,Formel,Supérette / Mini-market sans nom,34.0271937,-5.0241062,icons/convenience.png,OSM
Fès,Pharmacie Route de Meknès صيدلية طريق مكناس,Parapharmacie,Formel,"lot karim amrani doukarat, Fès",34.0395245,-5.0272749,icons/pharmacy.png,OSM
Fès,Cafe safia,Café,Formel,Cafe safia,34.04011,-5.0298903,icons/cafe.png,OSM
Fès,Crémerie le coin lyaakoubi,Café,Formel,Crémerie le coin lyaakoubi,34.0400889,-5.0292796,icons/cafe.png,OSM
Fès,Cafe Epie D'or,Café,Formel,Cafe Epie D'or,34.040216,-5.0296563,icons/cafe.png,OSM
Fès,Supérette / Mini-market sans nom,Supérette / Mini-market,Formel,Supérette / Mini-market sans nom,34.0398909,-5.0308659,icons/convenience.png,OSM
Fès,Casse croûte fatima hamani,Restaurant,Formel,Casse croûte fatima hamani,34.0398795,-5.0309729,icons/restaurant.png,OSM
Fès,Cafe tabiaa,Café,Formel,Cafe tabiaa,34.0398404,-5.0311247,icons/cafe.png,OSM
Fès,Crémerie jalila,Café,Formel,Crémerie jalila,34.0398277,-5.0311811,icons/cafe.png,OSM
Fès,Cafe quadissiya,Café,Formel,Cafe quadissiya,34.0396732,-5.032113,icons/cafe.png,OSM
Fès,Pharmacie Tazi صيدلية التازي,Parapharmacie,Formel,"RTE MEKNES LOTISS LAHBABI N 11 FES, Fès",34.0397879,-5.0313486,icons/pharmacy.png,OSM
Fès,Grand Alaise,Restaurant,Formel,Wassel Ibn Ataa,34.0398902,-5.007188,icons/restaurant.png,OSM
Fès,Café Visa,Café,Formel,Hassan El Basri,34.0410741,-5.0088535,icons/cafe.png,OSM
Fès,Café Cup Sud,Café,Formel,Rue Moujahid El Ayachi ex Pierre Loti,34.0370998,-4.9973832,icons/cafe.png,OSM
Fès,Epicerie Bijou,Supérette / Mini-market,Formel,Rue Moujahid El Ayachi ex Pierre Loti,34.0371708,-4.9975173,icons/convenience.png,OSM
Fès,Cremerie Bijou,Café,Formel,Rue Moujahid El Ayachi ex Pierre Loti,34.0370798,-4.9975185,icons/cafe.png,OSM
Fès,Pharmacie Tarik صيدلية طارق,Parapharmacie,Formel,"86 HAY TARIK 2 RTE BENSOUDA FES, Fès",34.0281108,-5.0239044,icons/pharmacy.png,OSM
Fès,Restaurant Marrakech,Restaurant,Formel,Rue Omar Al Mokhtar,34.0360073,-4.9972231,icons/restaurant.png,OSM
Fès,Pharmacie Ait Skattou صيدلية ايت سقاطو,Parapharmacie,Formel,"AIT SKATTO HAY SAADA, Fès",34.0260824,-5.0012035,icons/pharmacy.png,OSM
Fès,Café Rotterdam,Café,Formel,Hassan El Basri,34.0416389,-5.0083045,icons/cafe.png,OSM
Fès,Crémerie,Café,Formel,Hassan El Basri,34.041561,-5.00838,icons/cafe.png,OSM
Fès,maison moi anan,Restaurant,Formel,Fes Médina,34.0644898,-4.9785742,icons/restaurant.png,OSM
Fès,Cremerie Moulay Driss,Café,Formel,Av Omar Ibn Al Khattab,34.0265054,-5.021592,icons/cafe.png,OSM
Fès,Pharmacie Benjelloun صيدلية بنجلون,Parapharmacie,Formel,"HAY TARIK, Fès",34.0268021,-5.0219356,icons/pharmacy.png,OSM
Fès,Café Le kitch,Café,Formel,Av Omar Ibn Al Khattab,34.0279663,-5.0226283,icons/cafe.png,OSM
Fès,Casse-croute,Restaurant,Formel,Av Omar Ibn Al Khattab,34.028187,-5.0226527,icons/restaurant.png,OSM
Fès,Supérette / Mini-market sans nom,Supérette / Mini-market,Formel,Supérette / Mini-market sans nom,34.0284712,-5.0227354,icons/convenience.png,OSM
Fès,Supérette / Mini-market sans nom,Supérette / Mini-market,Formel,Supérette / Mini-market sans nom,34.028349,-5.0231017,icons/convenience.png,OSM
Fès,Café Kawtar,Café,Formel,Rue Omar Al Mokhtar,34.0363111,-4.9962918,icons/cafe.png,OSM
Fès,Café Istoria,Café,Formel,Rue Omar Al Mokhtar,34.036355,-4.9960678,icons/cafe.png,OSM
Fès,Laitiere El Anouar Loudiyi Anouar,Café,Formel,Oussama Bnou Zayd,34.0416417,-5.0107563,icons/cafe.png,OSM
Fès,Epicerie Ait Yahya Mohammed,Supérette / Mini-market,Formel,Oussama Bnou Zayd,34.0416593,-5.01009,icons/convenience.png,OSM
Fès,Snack Zahouani Rachid,Restaurant,Formel,Oussama Bnou Zayd,34.0416278,-5.0102179,icons/restaurant.png,OSM
Fès,Epicerie didouche,Supérette / Mini-market,Formel,Epicerie didouche,34.0394325,-5.0269835,icons/convenience.png,OSM
Fès,Pâtisserie Min Fadli Allah,Boulangerie,Formel,Oussama Bnou Zayd,34.0416306,-5.0102741,icons/bakery.png,OSM
Fès,Légumier Amzini Mohammed,Épicerie,Informel,Oussama Bnou Zayd,34.0417447,-5.0132018,icons/greengrocer.png,OSM
Fès,Epicerie sabar,Supérette / Mini-market,Formel,Epicerie sabar,34.0387551,-5.0283131,icons/convenience.png,OSM
Fès,Supérette / Mini-market sans nom,Supérette / Mini-market,Formel,Supérette / Mini-market sans nom,34.0345579,-4.9967013,icons/convenience.png,OSM
Fès,Epicerie ouaquer,Supérette / Mini-market,Formel,Epicerie ouaquer,34.0390889,-5.0271056,icons/convenience.png,OSM
Fès,Epicerie chaquir,Supérette / Mini-market,Formel,Epicerie chaquir,34.0392165,-5.0289852,icons/convenience.png,OSM
Fès,Laitiere Slaoui Berrada Rajae,Café,Formel,Oussama Bnou Zayd,34.0418634,-5.0104078,icons/cafe.png,OSM
Fès,Epicerie sakhi,Supérette / Mini-market,Formel,Epicerie sakhi,34.038774,-5.0289985,icons/convenience.png,OSM
Fès,Epicerie charquaoui,Supérette / Mini-market,Formel,Epicerie charquaoui,34.0385725,-5.0282579,icons/convenience.png,OSM
Fès,Epicerie à aadouze,Supérette / Mini-market,Formel,Epicerie à aadouze,34.0390525,-5.0289909,icons/convenience.png,OSM
Fès,Epicerie lakcemi,Supérette / Mini-market,Formel,Epicerie lakcemi,34.0394229,-5.0285288,icons/convenience.png,OSM
Fès,Epicerie bel mrabet,Supérette / Mini-market,Formel,Epicerie bel mrabet,34.0389252,-5.0289957,icons/convenience.png,OSM
Fès,Epicerie arjan,Supérette / Mini-market,Formel,Epicerie arjan,34.0395431,-5.0289336,icons/convenience.png,OSM
Fès,Fruit secs,Épicerie,Informel,Fruit secs,34.0396069,-5.0289181,icons/greengrocer.png,OSM
Fès,Laitier et gâteau anoir,Café,Formel,Laitier et gâteau anoir,34.0399514,-5.0289089,icons/cafe.png,OSM
Fès,Crémier saida,Café,Formel,Crémier saida,34.03984,-5.0289059,icons/cafe.png,OSM
Fès,Supérette / Mini-market sans nom,Supérette / Mini-market,Formel,Supérette / Mini-market sans nom,34.0345382,-4.9970265,icons/convenience.png,OSM
Fès,Cremerie,Café,Formel,Laklak Tarik 2,34.026626,-5.0244181,icons/cafe.png,OSM
Fès,Laitiere Maroua Ben Addou Idrissi Rachid,Café,Formel,Oussama Bnou Zayd,34.0417109,-5.0120375,icons/cafe.png,OSM
Fès,Casse croûte youssefi,Restaurant,Formel,Casse croûte youssefi,34.0398778,-5.0292691,icons/restaurant.png,OSM
Fès,Crémier errabie,Café,Formel,Crémier errabie,34.0395927,-5.0292698,icons/cafe.png,OSM
Fès,Cafe Galacya,Café,Formel,Cafe Galacya,34.0394807,-5.0292672,icons/cafe.png,OSM
Fès,Crémier el arjane,Café,Formel,Crémier el arjane,34.0392815,-5.0292472,icons/cafe.png,OSM
Fès,Snak Fast Medina,Restaurant,Formel,Rue Patrice Lumumba,34.0343057,-4.9971764,icons/restaurant.png,OSM
Fès,Restaurant sans nom,Restaurant,Formel,"27 Rchem Laayoune, Palace Rcif Fes",34.0616041,-4.9742541,icons/restaurant.png,OSM
Fès,Crémerie El Mourtaoui Fouad,Café,Formel,Oussama Bnou Zayd,34.0417274,-5.0118601,icons/cafe.png,OSM
Fès,Epicerie Ait Yahya Lahcen,Supérette / Mini-market,Formel,Oussama Bnou Zayd,34.0418553,-5.0103554,icons/convenience.png,OSM
Fès,Supérette / Mini-market sans nom,Supérette / Mini-market,Formel,Supérette / Mini-market sans nom,34.0416541,-5.011881,icons/convenience.png,OSM
Fès,Pharmacie Lalla Soukaina صيدلية للاسكينة,Parapharmacie,Formel,"Rue lalla soukaina, Fès",34.0183664,-5.026767,icons/pharmacy.png,OSM
Fès,Supérette / Mini-market sans nom,Supérette / Mini-market,Formel,Supérette / Mini-market sans nom,34.0338273,-5.0236095,icons/convenience.png,OSM
Fès,Supérette / Mini-market sans nom,Supérette / Mini-market,Formel,Supérette / Mini-market sans nom,34.033452,-5.0234331,icons/convenience.png,OSM
Fès,Pharmacie la Lavande صيدلية الخزامى,Parapharmacie,Formel,"Rue 2 Hay Rajae Tarik 1, Fès",34.0335369,-5.022362,icons/pharmacy.png,OSM
Fès,Thé habibi café,Café,Formel,Thé habibi café,34.035945,-4.9999386,icons/cafe.png,OSM
Fès,Supérette / Mini-market sans nom,Supérette / Mini-market,Formel,Supérette / Mini-market sans nom,34.0350526,-5.023573,icons/convenience.png,OSM
Fès,Laitière Zouhir,Café,Formel,Tarik 3,34.0349342,-5.0236548,icons/cafe.png,OSM
Fès,Supérette / Mini-market sans nom,Supérette / Mini-market,Formel,Supérette / Mini-market sans nom,34.0361428,-5.0241196,icons/convenience.png,OSM
Fès,Cremerie,Café,Formel,Tarik 3,34.0351878,-5.0233942,icons/cafe.png,OSM
Fès,Supérette / Mini-market sans nom,Supérette / Mini-market,Formel,Supérette / Mini-market sans nom,34.035333,-5.0234229,icons/convenience.png,OSM
Fès,Café,Café,Formel,Café,34.0367491,-4.9986361,icons/cafe.png,OSM
Fès,Café,Café,Formel,Café,34.0366877,-4.9988177,icons/cafe.png,OSM
Fès,Supérette / Mini-market sans nom,Supérette / Mini-market,Formel,Supérette / Mini-market sans nom,34.0362808,-4.995965,icons/convenience.png,OSM
Fès,Vittorto,Restaurant,Formel,Vittorto,34.0368407,-4.9983015,icons/restaurant.png,OSM
Fès,Café hamza,Café,Formel,Café hamza,34.0368956,-4.9981746,icons/cafe.png,OSM
Fès,Laitière,Café,Formel,Rue 2 TARIK 1,34.0358471,-5.0245259,icons/cafe.png,OSM
Fès,Supérette / Mini-market sans nom,Supérette / Mini-market,Formel,Supérette / Mini-market sans nom,34.0357849,-5.0245856,icons/convenience.png,OSM
Fès,Crémerie la famille,Café,Formel,Crémerie la famille,34.0369611,-4.9979964,icons/cafe.png,OSM
Fès,Boulangerie,Boulangerie,Formel,Rue 3 Tarik 1,34.0357171,-5.024639,icons/bakery.png,OSM
Fès,Nile Nine,Café,Formel,Rue Med Benjelloum,34.0333783,-4.9946673,icons/cafe.png,OSM
Fès,Café anoual,Café,Formel,Café anoual,34.0354903,-4.997884,icons/cafe.png,OSM
Fès,Supérette / Mini-market sans nom,Supérette / Mini-market,Formel,Supérette / Mini-market sans nom,34.0395517,-5.0315069,icons/convenience.png,OSM
Fès,Café Rania,Café,Formel,Café Rania,34.0397849,-5.031794,icons/cafe.png,OSM
Fès,Epicerie bounou,Supérette / Mini-market,Formel,Epicerie bounou,34.0395113,-5.0318467,icons/convenience.png,OSM
Fès,Epicerie arjane,Supérette / Mini-market,Formel,Epicerie arjane,34.0395449,-5.0298181,icons/convenience.png,OSM
Fès,Boulangerie Bouchra,Boulangerie,Formel,Boulangerie Bouchra,34.0393317,-5.0316899,icons/bakery.png,OSM
Fès,Café Lario,Café,Formel,Route Aïn Smen طريق عين السمن,34.0071974,-5.033094,icons/cafe.png,OSM
Fès,Supérette / Mini-market sans nom,Supérette / Mini-market,Formel,Supérette / Mini-market sans nom,34.0417521,-5.0133518,icons/convenience.png,OSM
Fès,Café Agdal,Café,Formel,Iyass Ibn Mouaouiya,34.0415178,-5.0133364,icons/cafe.png,OSM
Fès,Snack Home Food,Restaurant,Formel,Iyass Ibn Mouaouiya,34.0414121,-5.013401,icons/restaurant.png,OSM
Fès,Epicerie Miami,Supérette / Mini-market,Formel,Iyass Ibn Mouaouiya,34.0414105,-5.0121299,icons/convenience.png,OSM
Fès,Café Petit Nid,Café,Formel,Abi Daoud,34.0420773,-5.011777,icons/cafe.png,OSM
Fès,Crémerie My Driss Idrissi Ketouni,Café,Formel,Abi Daoud,34.042332,-5.0118397,icons/cafe.png,OSM
Fès,Café Brini Hassan,Café,Formel,Abi Daoud,34.0424162,-5.0118698,icons/cafe.png,OSM
Fès,Pâtisserie Jaouhara Hajji Hassan,Boulangerie,Formel,Oussama Bnou Zayd,34.0417928,-5.0131207,icons/bakery.png,OSM
Fès,Supérette / Mini-market sans nom,Supérette / Mini-market,Formel,Supérette / Mini-market sans nom,34.0356083,-5.0247726,icons/convenience.png,OSM
Fès,Boulangerie sans nom,Boulangerie,Formel,Rue 3 Tarik 1,34.0355177,-5.0248551,icons/bakery.png,OSM
Fès,Café Inside,Café,Formel,Rue Patrice Lumumba,34.0352249,-4.9948044,icons/cafe.png,OSM
Fès,Boulangerie Chez Eric,Boulangerie,Formel,Rue Patrice Lumumba,34.0352912,-4.99462,icons/bakery.png,OSM
Fès,Café La Coupole Amakrane Amrou et Mohammed,Café,Formel,Avenue des Almohades,34.0420728,-5.0130409,icons/cafe.png,OSM
Fès,Café De Paris Oukili Karti Rachid,Café,Formel,Avenue des Almohades,34.0423233,-5.0127791,icons/cafe.png,OSM
Fès,Supérette / Mini-market sans nom,Supérette / Mini-market,Formel,Supérette / Mini-market sans nom,34.0338322,-4.9950702,icons/convenience.png,OSM
Fès,Supérette / Mini-market sans nom,Supérette / Mini-market,Formel,Supérette / Mini-market sans nom,34.0436667,-5.0117274,icons/convenience.png,OSM
Fès,Restaurant Économique,Restaurant,Formel,Avenue des Almohades,34.043884,-5.0114995,icons/restaurant.png,OSM
Fès,Café la rosie,Café,Formel,Café la rosie,34.0359718,-5.0290472,icons/cafe.png,OSM
Fès,Vente des légumes,Épicerie,Informel,Vente des légumes,34.035975,-5.0289781,icons/greengrocer.png,OSM
Fès,Supérette / Mini-market sans nom,Supérette / Mini-market,Formel,Supérette / Mini-market sans nom,34.0360176,-5.0285822,icons/convenience.png,OSM
Fès,Epicerie dakhouch,Supérette / Mini-market,Formel,Epicerie dakhouch,34.0356675,-5.0285748,icons/convenience.png,OSM
Fès,Supérette / Mini-market sans nom,Supérette / Mini-market,Formel,Supérette / Mini-market sans nom,34.0390712,-5.0321192,icons/convenience.png,OSM
Fès,Cremerie El ihssan,Café,Formel,Avenue Saint Louis,34.0263873,-5.0044176,icons/cafe.png,OSM
Fès,Restaurant Économique,Restaurant,Formel,Avenue des Almohades,34.0440803,-5.011214,icons/restaurant.png,OSM
Fès,Laiterie anouar,Café,Formel,Laiterie anouar,34.0353854,-4.9989549,icons/cafe.png,OSM
Fès,Supérette / Mini-market sans nom,Supérette / Mini-market,Formel,Supérette / Mini-market sans nom,34.0353102,-4.9988442,icons/convenience.png,OSM
Fès,Myrtys,Restaurant,Formel,Myrtys,34.0354319,-4.9989191,icons/restaurant.png,OSM
Fès,IZMIR,Café,Formel,Avenue des Almohades,34.0444549,-5.0100303,icons/cafe.png,OSM
Fès,Café El Mondo,Café,Formel,Avenue des Almohades,34.0445312,-5.0097029,icons/cafe.png,OSM
Fès,Supérette / Mini-market sans nom,Supérette / Mini-market,Formel,Supérette / Mini-market sans nom,34.0363399,-5.0285741,icons/convenience.png,OSM
Fès,Epicerie bouderrka,Supérette / Mini-market,Formel,Epicerie bouderrka,34.0365202,-5.0283988,icons/convenience.png,OSM
Fès,Laiterie,Café,Formel,Laiterie,34.0366338,-5.0282737,icons/cafe.png,OSM
Fès,Epicerie ouedir,Supérette / Mini-market,Formel,Epicerie ouedir,34.0367385,-5.0281699,icons/convenience.png,OSM
Fès,Epicerie azhari,Supérette / Mini-market,Formel,Epicerie azhari,34.036753,-5.0275552,icons/convenience.png,OSM
Fès,Epicerie bouchouiha,Supérette / Mini-market,Formel,Epicerie bouchouiha,34.036963,-5.0279794,icons/convenience.png,OSM
Fès,Supérette / Mini-market sans nom,Supérette / Mini-market,Formel,Supérette / Mini-market sans nom,34.0357607,-4.9955856,icons/convenience.png,OSM
Fès,Café la Girand,Café,Formel,Rue Abdelaziz Boutaled,34.0352874,-4.9954069,icons/cafe.png,OSM
Fès,Café Nzala Forever,Café,Formel,Rue Abdelaziz Boutaled,34.0364202,-4.9957061,icons/cafe.png,OSM
Fès,Épicier bader,Supérette / Mini-market,Formel,Rue Abdelaziz Boutaled,34.0343095,-4.9946973,icons/convenience.png,OSM
Fès,Snak,Restaurant,Formel,Rue Abdelaziz Boutaled,34.0342086,-4.9945929,icons/restaurant.png,OSM
Fès,L'unica لونيكا,Café,Formel,L'unica لونيكا,33.9996794,-5.0129618,icons/cafe.png,OSM
Fès,Panaché,Café,Formel,Rue Abdelaziz Boutaled,34.0339797,-4.9940514,icons/cafe.png,OSM
Fès,Supérette / Mini-market sans nom,Supérette / Mini-market,Formel,Supérette / Mini-market sans nom,34.0341305,-4.9943005,icons/convenience.png,OSM
Fès,Café Calèche d'or,Café,Formel,Rue Omar Al Mokhtar,34.0364628,-4.9955661,icons/cafe.png,OSM
Fès,Supérette / Mini-market sans nom,Supérette / Mini-market,Formel,Supérette / Mini-market sans nom,34.0247187,-5.0053922,icons/convenience.png,OSM
Fès,Pharmacie du Passage صيدلية المسار,Parapharmacie,Formel,"Rue Abdelaziz Boutaleb, Fès",34.0359013,-4.9953162,icons/pharmacy.png,OSM
Fès,Café Maria Palace,Café,Formel,Rue Abdelaziz Boutaled,34.0361592,-4.995502,icons/cafe.png,OSM
Fès,Café Sabah,Café,Formel,Avenue Saint Louis,34.024626,-5.0054423,icons/cafe.png,OSM
Fès,Café Riad,Café,Formel,Route Aïn Chkef طريق عين شقف,34.024469,-5.0055423,icons/cafe.png,OSM
Fès,Café Étoile,Café,Formel,Avenue des Almohades,34.045534,-5.0052198,icons/cafe.png,OSM
Fès,Snack Zoya,Restaurant,Formel,Avenue des Almohades,34.0455593,-5.0051193,icons/restaurant.png,OSM
Fès,Crémerie Les Voyageurs,Café,Formel,Avenue des Almohades,34.0455813,-5.0049739,icons/cafe.png,OSM
Fès,Café sans nom,Café,Formel,Café sans nom,34.0418525,-5.0082818,icons/cafe.png,OSM
Fès,Café sans nom,Café,Formel,Café sans nom,34.0427583,-5.0001482,icons/cafe.png,OSM
Fès,Snack Bello,Restaurant,Formel,Avenue Saint Louis,34.0242719,-5.0056639,icons/restaurant.png,OSM
Fès,Pharmacie Boutouil صيدلية بوطويل,Parapharmacie,Formel,"Fes eljadid, Fès ⴼⴰⵙ فاس",34.0560401,-4.9870892,icons/pharmacy.png,OSM
Fès,Pharmacie Populaire الصيدلية الشعبية,Parapharmacie,Formel,"28 BAB JIAF FES JDID, Fès ⴼⴰⵙ فاس",34.0539632,-4.9893255,icons/pharmacy.png,OSM
Fès,Pharmacie Louajriyeine صيدلية الوجريين,Parapharmacie,Formel,"33 DERB JAMAA NOUVEL MELLAH, Fès ⴼⴰⵙ فاس",34.0522071,-4.9901683,icons/pharmacy.png,OSM
Fès,Laborieuse,Café,Formel,Laborieuse,34.0319374,-4.9943358,icons/cafe.png,OSM
Fès,Café Yasmine,Café,Formel,Avenue Saint Louis,34.023893,-5.0058763,icons/cafe.png,OSM
Fès,Casse_croute,Restaurant,Formel,Avenue Saint Louis,34.0237994,-5.0059406,icons/restaurant.png,OSM
Fès,Restaurant omar,Restaurant,Formel,Restaurant omar,34.0315253,-4.9940725,icons/restaurant.png,OSM
Fès,Sandwich hassan,Restaurant,Formel,Sandwich hassan,34.0314994,-4.9940287,icons/restaurant.png,OSM
Fès,Restaurant sans nom,Restaurant,Formel,Restaurant sans nom,34.0312858,-4.9938779,icons/restaurant.png,OSM
Fès,Supérette / Mini-market sans nom,Supérette / Mini-market,Formel,Supérette / Mini-market sans nom,34.0362454,-4.9944177,icons/convenience.png,OSM
Fès,Snack la place,Restaurant,Formel,Snack la place,34.0309999,-4.9937079,icons/restaurant.png,OSM
Fès,Restaurant sans nom,Restaurant,Formel,Avenue Saint Louis,34.0235378,-5.006088,icons/restaurant.png,OSM
Fès,Restaurant sans nom,Restaurant,Formel,Avenue Saint Louis,34.0234279,-5.0061543,icons/restaurant.png,OSM
Fès,Café essalam,Café,Formel,Café essalam,34.0307165,-4.9935258,icons/cafe.png,OSM
Fès,Epicerie El Khayrte,Supérette / Mini-market,Formel,Avenue Saint Louis,34.0231361,-5.0063311,icons/convenience.png,OSM
Fès,Supérette / Mini-market sans nom,Supérette / Mini-market,Formel,Supérette / Mini-market sans nom,34.0369541,-4.9942384,icons/convenience.png,OSM
Fès,Supérette / Mini-market sans nom,Supérette / Mini-market,Formel,Supérette / Mini-market sans nom,34.0227028,-5.0065848,icons/convenience.png,OSM
Fès,Cafe odyssee,Café,Formel,Cafe odyssee,34.0359461,-5.000954,icons/cafe.png,OSM
Fès,Café Teatros,Café,Formel,Rue Omar Al Idrissi,34.0381351,-4.9932627,icons/cafe.png,OSM
Fès,Café Venizia Ice,Café,Formel,Rue Omar Al Idrissi,34.0387856,-4.9933699,icons/cafe.png,OSM
Fès,Supérette / Mini-market sans nom,Supérette / Mini-market,Formel,Supérette / Mini-market sans nom,34.0372834,-4.9932525,icons/convenience.png,OSM
Fès,Supérette / Mini-market sans nom,Supérette / Mini-market,Formel,Supérette / Mini-market sans nom,34.0367749,-4.9937645,icons/convenience.png,OSM
Fès,Café Google,Café,Formel,Bld Dhar Marez,34.0327858,-4.9923296,icons/cafe.png,OSM
Fès,Supérette / Mini-market sans nom,Supérette / Mini-market,Formel,Supérette / Mini-market sans nom,34.032661,-4.9922813,icons/convenience.png,OSM
Fès,Supérette / Mini-market sans nom,Supérette / Mini-market,Formel,Supérette / Mini-market sans nom,34.0296852,-4.9930575,icons/convenience.png,OSM
Fès,Snack oued dahab,Restaurant,Formel,Snack oued dahab,34.029494,-4.9929646,icons/restaurant.png,OSM
Fès,Supérette / Mini-market sans nom,Supérette / Mini-market,Formel,Supérette / Mini-market sans nom,34.0333614,-4.9927154,icons/convenience.png,OSM
Fès,Café Verre D'or,Café,Formel,Avenue Saint Louis,34.0220199,-5.0069744,icons/cafe.png,OSM
Fès,Café Star Essaada,Café,Formel,Avenue Saint Louis,34.0218721,-5.0070437,icons/cafe.png,OSM
Fès,Pharmacie Ravin صيدلية الرافان,Parapharmacie,Formel,"Rue Omar Al Idrissi, Fès",34.0345554,-4.9938759,icons/pharmacy.png,OSM
Fès,Pharmacie Adarissa صيدلية أدارسة,Parapharmacie,Formel,"HAY SAADA RTE AIN CHQEF, Fès",34.0215149,-5.0070833,icons/pharmacy.png,OSM
Fès,Café Menzah,Café,Formel,Avenue Saint Louis,34.021232,-5.0070358,icons/cafe.png,OSM
Fès,Epicerie des étudiants Africains,Supérette / Mini-market,Formel,Rue Omar Al Idrissi,34.0348195,-4.9940028,icons/convenience.png,OSM
Fès,Supérette / Mini-market sans nom,Supérette / Mini-market,Formel,Supérette / Mini-market sans nom,34.0346822,-4.9939214,icons/convenience.png,OSM
Fès,Café Ritz,Café,Formel,Bv Otmane ben affane,34.0442789,-5.0062104,icons/cafe.png,OSM
Fès,Casse-croûte Kotbi Khadija,Restaurant,Formel,Bv Otmane ben affane,34.0444352,-5.0058076,icons/restaurant.png,OSM
Fès,Café Reda,Café,Formel,Bv Otmane ben affane,34.0438937,-5.0071174,icons/cafe.png,OSM
Fès,Rocan Bleu,Café,Formel,Rue Hassan Dkhissi,34.0330033,-4.9940723,icons/cafe.png,OSM
Fès,Étoile de l'Atlas,Café,Formel,Rue Hassan Dkhissi,34.0330335,-4.9937077,icons/cafe.png,OSM
Fès,Café Brawn,Café,Formel,Avenue Saint Louis,34.0199377,-5.0067704,icons/cafe.png,OSM
Fès,Casse-croute,Restaurant,Formel,Avenue Saint Louis,34.019229,-5.0066561,icons/restaurant.png,OSM
Fès,Supérette / Mini-market sans nom,Supérette / Mini-market,Formel,Avenue Saint Louis,34.0188613,-5.0065644,icons/convenience.png,OSM
Fès,Cremerie Ibno Batouta,Café,Formel,Avenue Saint Louis,34.0183881,-5.006599,icons/cafe.png,OSM
Fès,Café Abitjanise,Café,Formel,Avenue Saint Louis,34.0182842,-5.0066198,icons/cafe.png,OSM
Fès,Grego delice,Café,Formel,Grego delice,34.0302435,-4.9928215,icons/cafe.png,OSM
Fès,Supérette / Mini-market sans nom,Supérette / Mini-market,Formel,Supérette / Mini-market sans nom,34.0329323,-4.9931286,icons/convenience.png,OSM
Fès,Café Lavida,Café,Formel,Avenue Saint Louis,34.0180564,-5.0067678,icons/cafe.png,OSM
Fès,Café gruzni,Café,Formel,Café gruzni,34.0309129,-4.9933283,icons/cafe.png,OSM
Fès,Café shiran palace,Café,Formel,Café shiran palace,34.0311761,-4.9934173,icons/cafe.png,OSM
Fès,Laiterie ennour,Café,Formel,Laiterie ennour,34.0317071,-4.9938117,icons/cafe.png,OSM
Fès,Restaurant sans nom,Restaurant,Formel,Av Saint Louis,34.0158942,-5.0073067,icons/restaurant.png,OSM
Fès,Café Mozart,Café,Formel,Av Saint Louis,34.0151392,-5.0074262,icons/cafe.png,OSM
Fès,L' Arc de Triomphe,Café,Formel,Av Saint Louis,34.0147573,-5.0076021,icons/cafe.png,OSM
Fès,Supérette / Mini-market sans nom,Supérette / Mini-market,Formel,Supérette / Mini-market sans nom,34.0143016,-5.0077354,icons/convenience.png,OSM
Fès,Supérette / Mini-market sans nom,Supérette / Mini-market,Formel,Supérette / Mini-market sans nom,34.0435881,-5.0066485,icons/convenience.png,OSM
Fès,Supérette / Mini-market sans nom,Supérette / Mini-market,Formel,Supérette / Mini-market sans nom,34.0437522,-5.0069292,icons/convenience.png,OSM
Fès,Snack Moukhtar Alassam,Restaurant,Formel,Av. Abi Hanifa,34.0438116,-5.0069488,icons/restaurant.png,OSM
Fès,Café La Nation,Café,Formel,Bv Otmane ben affane,34.0434746,-5.0081162,icons/cafe.png,OSM
Fès,V. Des Olives,Épicerie,Informel,Av. Abi Hanifa,34.0435312,-5.0065779,icons/greengrocer.png,OSM
Fès,Laitiere Ghizlane,Café,Formel,Av. Abi Hanifa,34.0434853,-5.0065158,icons/cafe.png,OSM
Fès,Supérette / Mini-market sans nom,Supérette / Mini-market,Formel,Supérette / Mini-market sans nom,34.0435988,-5.0068595,icons/convenience.png,OSM
Fès,Epicerie Charghine,Supérette / Mini-market,Formel,Bv Otmane ben affane,34.0435313,-5.0079834,icons/convenience.png,OSM
Fès,Supérette / Mini-market sans nom,Supérette / Mini-market,Formel,Supérette / Mini-market sans nom,34.0432051,-5.0088069,icons/convenience.png,OSM
Fès,Kiosque Bennani Abdelali,Kiosque,Informel,Bv Otmane ben affane,34.0429878,-5.0089893,icons/kiosk.png,OSM
Fès,V. Des Olives Bladi,Épicerie,Informel,Av. Abi Hanifa,34.0435045,-5.0068108,icons/greengrocer.png,OSM
Fès,Les Canarier,Café,Formel,Av Saint Louis,34.0146557,-5.0073042,icons/cafe.png,OSM
Fès,Laitière,Café,Formel,Bld Dhar Marez,34.0320899,-4.9936086,icons/cafe.png,OSM
Fès,Supérette / Mini-market sans nom,Supérette / Mini-market,Formel,Supérette / Mini-market sans nom,34.0157403,-5.0070485,icons/convenience.png,OSM
Fès,Pharmacie Yassine صيدلية ياسين,Parapharmacie,Formel,"Av Saint Louis RTE AIN CHKEF, Fès",34.0158487,-5.0070187,icons/pharmacy.png,OSM
Fès,Café La Montana,Café,Formel,Av Saint Louis,34.0160266,-5.0069831,icons/cafe.png,OSM
Fès,Café New Balima,Café,Formel,Bld Dhar Marez,34.0322739,-4.9921065,icons/cafe.png,OSM
Fès,Kiosque sans nom,Kiosque,Informel,Bld Dhar Marez,34.0323787,-4.9914358,icons/kiosk.png,OSM
Fès,Café la belle vie,Café,Formel,Route des champs,34.0327248,-4.9906636,icons/cafe.png,OSM
Fès,Café Noumidia,Café,Formel,Route des champs,34.0330341,-4.9904606,icons/cafe.png,OSM
Fès,Pharmacie Dhar El Mehraz صيدلية ظهر المهراز,Parapharmacie,Formel,Fès,34.0369664,-4.9896306,icons/pharmacy.png,OSM
Fès,Supérette / Mini-market sans nom,Supérette / Mini-market,Formel,Supérette / Mini-market sans nom,34.016829,-5.0068083,icons/convenience.png,OSM
Fès,Cremerie El Mahi,Café,Formel,Av Saint Louis,34.0171063,-5.006713,icons/cafe.png,OSM
Fès,Café chatie,Café,Formel,Café chatie,34.0285008,-4.9933338,icons/cafe.png,OSM
Fès,Supérette / Mini-market sans nom,Supérette / Mini-market,Formel,Supérette / Mini-market sans nom,34.0173936,-5.0066202,icons/convenience.png,OSM
Fès,Café Zarhoune,Café,Formel,Route des champs,34.0353461,-4.9906236,icons/cafe.png,OSM
Fès,Supérette / Mini-market sans nom,Supérette / Mini-market,Formel,Route des champs,34.0341849,-4.9904337,icons/convenience.png,OSM
Fès,Pharmacie Jnane El Berdai صيدلية جنان البردعي,Parapharmacie,Formel,Fès ⴼⴰⵙ فاس,34.0349848,-5.0558381,icons/pharmacy.png,OSM
Fès,Snak Lido,Restaurant,Formel,Route des champs,34.0340056,-4.9907273,icons/restaurant.png,OSM
Fès,Ville venisia,Café,Formel,Ville venisia,34.0334301,-5.0550508,icons/cafe.png,OSM
Fès,Pioche icecram,Café,Formel,Avenue Saint Louis,34.0180636,-5.0065044,icons/cafe.png,OSM
Fès,Snack La Vie,Restaurant,Formel,Avenue Saint Louis,34.018308,-5.0064284,icons/restaurant.png,OSM
Fès,Marbella Palace,Café,Formel,Avenue Saint Louis,34.0181847,-5.0064844,icons/cafe.png,OSM
Fès,Café Espace Minissa,Café,Formel,Route des champs,34.0334718,-4.9907238,icons/cafe.png,OSM
Fès,Snack Idrissi,Restaurant,Formel,Route des champs,34.0333861,-4.9907132,icons/restaurant.png,OSM
Fès,Supérette / Mini-market sans nom,Supérette / Mini-market,Formel,Supérette / Mini-market sans nom,34.0194784,-5.0064632,icons/convenience.png,OSM
Fès,Supérette / Mini-market sans nom,Supérette / Mini-market,Formel,Supérette / Mini-market sans nom,34.0197058,-5.0065159,icons/convenience.png,OSM
Fès,Supérette / Mini-market sans nom,Supérette / Mini-market,Formel,Supérette / Mini-market sans nom,34.0193421,-5.006431,icons/convenience.png,OSM
Fès,Yang Tse,Restaurant,Formel,Imam chafai,34.0449574,-5.0067072,icons/restaurant.png,OSM
Fès,Café Festina Palace,Café,Formel,Imam chafai,34.0450712,-5.0067543,icons/cafe.png,OSM
Fès,Pharmacie de la Gare صيدلية المحطة,Parapharmacie,Formel,"Imam chafai, Fès",34.0448431,-5.0066483,icons/pharmacy.png,OSM
Fès,Epicerie Idamir Tayeb,Supérette / Mini-market,Formel,Imam chafai,34.0447329,-5.0065942,icons/convenience.png,OSM
Fès,Pharmacie Hay El Anbra صيدلية حي العنبرة,Parapharmacie,Formel,"38 AV IBN LKHATIB DERB EL WARD FES, Fès",34.0100955,-5.0352723,icons/pharmacy.png,OSM
Fès,Pharmacie Saadi صيدلية السعدي,Parapharmacie,Formel,"715 LOTT ALKARAOUINE AIN CHEKEF, Fès",34.0047517,-5.0137715,icons/pharmacy.png,OSM
Fès,Pharmacie Ain Amir صيدلية عين عمير,Parapharmacie,Formel,"3 Rue anas route ain chkef fes, 37 rue el flaha hay hassani rte ain chekaf, Fès",34.0026816,-5.004085,icons/pharmacy.png,OSM
Fès,Snack Vinezia,Restaurant,Formel,Bld Dhar Marez,34.0324494,-4.9919947,icons/restaurant.png,OSM
Fès,Snack BA,Restaurant,Formel,Bld Dhar Marez,34.0324233,-4.9920818,icons/restaurant.png,OSM
Fès,Café Tahiti,Café,Formel,Bld Dhar Marez,34.0329371,-4.9907664,icons/cafe.png,OSM
Fès,Café Bendrom,Café,Formel,Bld Dhar Marez,34.0323312,-4.9931113,icons/cafe.png,OSM
Fès,Pharmacie Boulevard du Joulane صيدلية شارع الجولان,Parapharmacie,Formel,"Rue M'diq, Fès",34.0314245,-4.9925868,icons/pharmacy.png,OSM
Fès,V. fruits sec,Épicerie,Informel,Avenue Saint Louis,34.0199229,-5.0065595,icons/greengrocer.png,OSM
Fès,Laitière,Café,Formel,Avenue Saint Louis,34.0200582,-5.0065601,icons/cafe.png,OSM
Fès,Café Ocean,Café,Formel,Avenue Saint Louis,34.0206128,-5.0066578,icons/cafe.png,OSM
Fès,Boulangerie sans nom,Boulangerie,Formel,Avenue Saint Louis,34.0199866,-5.0065497,icons/bakery.png,OSM
Fès,Cremerie Rayan,Café,Formel,Avenue Saint Louis,34.0207342,-5.006691,icons/cafe.png,OSM
Fès,Olivier,Épicerie,Informel,Avenue Saint Louis,34.0211252,-5.0068299,icons/greengrocer.png,OSM
Fès,Café sans nom,Café,Formel,Avenue Saint Louis,34.0222365,-5.0065979,icons/cafe.png,OSM
Fès,Café Sky Club,Café,Formel,Avenue Saint Louis,34.0223365,-5.006553,icons/cafe.png,OSM
Fès,H.E.C.F,Boulangerie,Formel,Avenue Saint Louis,34.022293,-5.0065609,icons/bakery.png,OSM
Fès,Snack Eltaj,Restaurant,Formel,Rue Tanger,34.0301475,-4.9920214,icons/restaurant.png,OSM
Fès,Café Lily à pol,Café,Formel,Rue Tanger,34.0302774,-4.9920845,icons/cafe.png,OSM
Fès,Supérette / Mini-market sans nom,Supérette / Mini-market,Formel,Supérette / Mini-market sans nom,34.0339396,-4.9905242,icons/convenience.png,OSM
Fès,Supérette / Mini-market sans nom,Supérette / Mini-market,Formel,Supérette / Mini-market sans nom,34.0340432,-4.9903661,icons/convenience.png,OSM
Fès,Laitière lido,Café,Formel,Bld Dhar Marez,34.0341282,-4.9902516,icons/cafe.png,OSM
Fès,Boulangerie Oranais,Boulangerie,Formel,Bld Dhar Marez,34.0342726,-4.9900384,icons/bakery.png,OSM
Fès,Légumier,Épicerie,Informel,Bld Dhar Marez,34.0344453,-4.9897939,icons/greengrocer.png,OSM
Fès,Pharmacie Ville Nouvelle صيدلية المدينة الجديدة,Parapharmacie,Formel,"placE DE LA MARCHE VERTE, Avenue des Forces Armées Royales شارع الجيش الملكي, Fès",34.0343137,-4.9980042,icons/pharmacy.png,OSM
Fès,Supérette / Mini-market sans nom,Supérette / Mini-market,Formel,Supérette / Mini-market sans nom,34.0346692,-4.9888873,icons/convenience.png,OSM
Fès,Supérette / Mini-market sans nom,Supérette / Mini-market,Formel,Supérette / Mini-market sans nom,34.0349057,-4.988597,icons/convenience.png,OSM
Fès,Café Diamand Saada,Café,Formel,Avenue Saint Louis,34.0228658,-5.0061404,icons/cafe.png,OSM
Fès,Café Gloria,Café,Formel,Avenue Saint Louis,34.0230918,-5.006038,icons/cafe.png,OSM
Fès,Kiosque sans nom,Kiosque,Informel,Route Aïn Chkef طريق عين شقف,34.0233982,-5.005849,icons/kiosk.png,OSM
Fès,Restaurant sans nom,Restaurant,Formel,Avenue Saint Louis,34.0239527,-5.0055568,icons/restaurant.png,OSM
Fès,Cafe Arabica,Café,Formel,Avenue Saint Louis,34.0240448,-5.0054924,icons/cafe.png,OSM
Fès,Legumier,Épicerie,Informel,Avenue Saint Louis,34.0237063,-5.0056999,icons/greengrocer.png,OSM
Fès,Restaurant sans nom,Restaurant,Formel,Avenue Saint Louis,34.0242804,-5.0053849,icons/restaurant.png,OSM
Fès,Pharmacie du Boulevard صيدلية الشارع,Parapharmacie,Formel,"Avenue Abdallah Chefchaouni, Fès",34.0408528,-4.9966699,icons/pharmacy.png,OSM
Fès,Cremerie Florida,Café,Formel,Avenue Saint Louis,34.0258297,-5.0045038,icons/cafe.png,OSM
Fès,Crémier senhaji moumen,Café,Formel,Crémier senhaji moumen,34.0341886,-4.9977865,icons/cafe.png,OSM
Fès,Epicerie Goumghar,Supérette / Mini-market,Formel,Epicerie Goumghar,34.0341434,-4.9976836,icons/convenience.png,OSM
Fès,Café Mitropoul,Café,Formel,Avenue Ibn Al Haytam,34.0333172,-4.989569,icons/cafe.png,OSM
Fès,Café Athene,Café,Formel,Avenue Saint Louis,34.0264159,-5.0040131,icons/cafe.png,OSM
Fès,Pharmacie Mariam صيدلية مريم,Parapharmacie,Formel,Fès,33.9940124,-5.0477063,icons/pharmacy.png,OSM
Fès,Légumier,Épicerie,Informel,Avenue Ibn Al Haytam,34.0335648,-4.99014,icons/greengrocer.png,OSM
Fès,Hazer baba,Café,Formel,Hazer baba,34.0326789,-4.9953019,icons/cafe.png,OSM
Fès,Adouak Asaada,Boulangerie,Formel,Avenue Saint Louis,34.026664,-5.0036201,icons/bakery.png,OSM
Fès,Casse_croute,Restaurant,Formel,Avenue Saint Louis,34.0266158,-5.0037132,icons/restaurant.png,OSM
Fès,Kessaria,Épicerie,Informel,Kessaria,34.0619228,-4.9833845,icons/greengrocer.png,OSM
Fès,Berber cafe on roof terrace,Café,Formel,Berber cafe on roof terrace,34.0643538,-4.9736784,icons/cafe.png,OSM
Fès,Café sans nom,Café,Formel,Café sans nom,34.0659947,-4.9723838,icons/cafe.png,OSM
Fès,Pharmacie Oum Al Banine صيدلية أم البنين,Parapharmacie,Formel,"Boulevard Ahmed Mekouar, Fès",34.0586789,-4.9795617,icons/pharmacy.png,OSM
Fès,Café cremerie L'esperance,Café,Formel,Avenue Saint Louis,34.0302643,-4.9993856,icons/cafe.png,OSM
Fès,Saida Kharraz Pâtisserie Ghazala,Boulangerie,Formel,Ibn Hajar,34.0433491,-5.0090551,icons/bakery.png,OSM
Fès,Laitiere El Karam Bahij M'hamed,Café,Formel,Ibn Hajar,34.0432557,-5.0090194,icons/cafe.png,OSM
Fès,Casse-croûte El Karam Bahij Taoufik,Restaurant,Formel,Ibn Hajar,34.0431867,-5.0089914,icons/restaurant.png,OSM
Fès,Café Calabria,Café,Formel,Ibn Hajar,34.0439259,-5.0093179,icons/cafe.png,OSM
Fès,Café Bonjour,Café,Formel,Bld Dhar Marez,34.0337421,-4.9890867,icons/cafe.png,OSM
Fès,Cafe Le Melting pot,Café,Formel,Avenue Saint Louis,34.0306734,-4.9989577,icons/cafe.png,OSM
Fès,Restaurant Los Pescadores,Restaurant,Formel,"Avenue Saint Louis, Fès",34.030758,-4.9988678,icons/restaurant.png,OSM
Fès,Pharmacie Sebti صيدلية السبتي,Parapharmacie,Formel,"rue Benzakour Pres Clinique ryad, Fès",34.0323548,-5.0002925,icons/pharmacy.png,OSM
Fès,Café Aviation,Café,Formel,Bld Dhar Marez,34.0344857,-4.9889182,icons/cafe.png,OSM
Fès,Epicier بقال,Supérette / Mini-market,Formel,Rue Ibn Hazm,34.0429699,-5.0105717,icons/convenience.png,OSM
Fès,Café La Boussole,Café,Formel,Ibn Hazm,34.0427345,-5.0105666,icons/cafe.png,OSM
Fès,Supérette / Mini-market sans nom,Supérette / Mini-market,Formel,Supérette / Mini-market sans nom,34.0258269,-5.0049977,icons/convenience.png,OSM
Fès,V. Fruit Sec,Épicerie,Informel,Med Gharrnite,34.0252659,-5.0053466,icons/greengrocer.png,OSM
Fès,Sandwich El Saada,Restaurant,Formel,Med Ghrrit,34.0250462,-5.0054765,icons/restaurant.png,OSM
Fès,Supérette / Mini-market sans nom,Supérette / Mini-market,Formel,Supérette / Mini-market sans nom,34.0244579,-5.0058347,icons/convenience.png,OSM
Fès,Supérette / Mini-market sans nom,Supérette / Mini-market,Formel,Supérette / Mini-market sans nom,34.0244169,-5.0058578,icons/convenience.png,OSM
Fès,Pharmacie la Commune صيدلية الجماعة الجديدة,Parapharmacie,Formel,Fès ⴼⴰⵙ فاس,34.0333816,-5.0153706,icons/pharmacy.png,OSM
Fès,Café El Manara Vert,Café,Formel,Bld Dhar Marez,34.0342888,-4.989102,icons/cafe.png,OSM
Fès,Supérette / Mini-market sans nom,Supérette / Mini-market,Formel,Supérette / Mini-market sans nom,34.0345804,-4.9888992,icons/convenience.png,OSM
Fès,Restaurant sans nom,Restaurant,Formel,Restaurant sans nom,34.031678,-4.9943723,icons/restaurant.png,OSM
Fès,Ba kekki,Restaurant,Formel,Ba kekki,34.031707,-4.9945242,icons/restaurant.png,OSM
Fès,Laiterie marmoucha,Café,Formel,Laiterie marmoucha,34.0315269,-4.9944674,icons/cafe.png,OSM
Fès,Boulangerie la kbiri,Boulangerie,Formel,Boulangerie la kbiri,34.0314519,-4.9944597,icons/bakery.png,OSM
Fès,Café Adam,Café,Formel,Café Adam,34.0281507,-4.9933925,icons/cafe.png,OSM
Fès,Snack,Restaurant,Formel,Snack,34.0284309,-4.9938557,icons/restaurant.png,OSM
Fès,Supérette / Mini-market sans nom,Supérette / Mini-market,Formel,Supérette / Mini-market sans nom,34.0284015,-4.9941719,icons/convenience.png,OSM
Fès,Laiterie,Café,Formel,Laiterie,34.0284156,-4.994019,icons/cafe.png,OSM
Fès,Café drugstore,Café,Formel,Bld Dhar Marez,34.0301691,-4.983606,icons/cafe.png,OSM
Fès,Supérette / Mini-market sans nom,Supérette / Mini-market,Formel,Supérette / Mini-market sans nom,34.0254898,-5.0057681,icons/convenience.png,OSM
Fès,Hui-Huang,Restaurant,Formel,Rue 17,34.0241163,-5.0067886,icons/restaurant.png,OSM
Fès,Supérette / Mini-market sans nom,Supérette / Mini-market,Formel,Supérette / Mini-market sans nom,34.0292385,-4.981655,icons/convenience.png,OSM
Fès,Pharmacie Youssra صيدلية يسرى,Parapharmacie,Formel,"801 bd ibn el haytem q sidi brahim, Fès",34.0293711,-4.9818124,icons/pharmacy.png,OSM
Fès,Supérette / Mini-market sans nom,Supérette / Mini-market,Formel,Supérette / Mini-market sans nom,34.0238196,-5.006538,icons/convenience.png,OSM
Fès,Supérette / Mini-market sans nom,Supérette / Mini-market,Formel,Supérette / Mini-market sans nom,34.0238648,-5.0066525,icons/convenience.png,OSM
Fès,Café Les Fleurs,Café,Formel,Avenue Ibn Al Haytam,34.0294868,-4.9820621,icons/cafe.png,OSM
Fès,Crémerie,Café,Formel,Crémerie,34.030551,-4.9939547,icons/cafe.png,OSM
Fès,Cremerie,Café,Formel,rue Iben baja,34.0290313,-4.9775188,icons/cafe.png,OSM
Fès,Supérette / Mini-market sans nom,Supérette / Mini-market,Formel,Supérette / Mini-market sans nom,34.0314202,-4.9951693,icons/convenience.png,OSM
Fès,Café la tasse,Café,Formel,Café la tasse,34.0313442,-4.9951702,icons/cafe.png,OSM
Fès,Restaurant Pam Pam,Restaurant,Formel,Avenue Ibn Al Atir,34.0218837,-5.0102799,icons/restaurant.png,OSM
Fès,Café Best Time,Café,Formel,Avenue Ibn Al Atir,34.0221574,-5.0114696,icons/cafe.png,OSM
Fès,Café La Capsule Sbai Regragui Mounia,Café,Formel,Avenue Ibn Al Atir,34.0214871,-5.0078429,icons/cafe.png,OSM
Fès,Crémerie Andalous,Café,Formel,Avenue Ibn Al Atir,34.0218218,-5.0100114,icons/cafe.png,OSM
Fès,Café Salcido,Café,Formel,Avenue Ibn Al Atir,34.0221416,-5.011595,icons/cafe.png,OSM
Fès,Café Nantes,Café,Formel,Avenue Ibn Al Atir,34.0218954,-5.0105503,icons/cafe.png,OSM
Fès,Café Aquario,Café,Formel,Avenue Ibn Al Atir,34.0221697,-5.0117336,icons/cafe.png,OSM
Fès,Café najm,Café,Formel,Café najm,34.0308625,-4.995053,icons/cafe.png,OSM
Fès,Supérette / Mini-market sans nom,Supérette / Mini-market,Formel,Supérette / Mini-market sans nom,34.0306874,-4.9950485,icons/convenience.png,OSM
Fès,Salem Ahmed,Restaurant,Formel,Avenue Ibn Al Atir,34.0214163,-5.007495,icons/restaurant.png,OSM
Fès,Laitiere Moutaouakkil Driss,Café,Formel,Avenue Ibn Al Atir,34.0216691,-5.0088075,icons/cafe.png,OSM
Fès,Café Krouna,Café,Formel,Avenue Ibn Al Atir,34.0217376,-5.0095702,icons/cafe.png,OSM
Fès,Café Al Hawdaj,Café,Formel,Avenue Ibn Al Atir,34.0217965,-5.0098044,icons/cafe.png,OSM
Fès,Café French Club 2,Café,Formel,Avenue Ibn Al Atir,34.0213766,-5.0073772,icons/cafe.png,OSM
Fès,Café New Relax,Café,Formel,Avenue Ibn Al Atir,34.0224736,-5.0124358,icons/cafe.png,OSM
Fès,Supérette / Mini-market sans nom,Supérette / Mini-market,Formel,Supérette / Mini-market sans nom,34.0305244,-4.995032,icons/convenience.png,OSM
Fès,Supérette / Mini-market sans nom,Supérette / Mini-market,Formel,Supérette / Mini-market sans nom,34.030437,-4.9950343,icons/convenience.png,OSM
Fès,Supérette / Mini-market sans nom,Supérette / Mini-market,Formel,Supérette / Mini-market sans nom,34.0225295,-5.0125649,icons/convenience.png,OSM
Fès,Café Dambloise,Café,Formel,Avenue Ibn Al Atir,34.0226522,-5.0129034,icons/cafe.png,OSM
Fès,Café sans nom,Café,Formel,Café sans nom,34.0284689,-4.9945484,icons/cafe.png,OSM
Fès,Restaurant Le Plaisir,Restaurant,Formel,Avenue Ibn Al Atir,34.0226019,-5.012789,icons/restaurant.png,OSM
Fès,Supérette / Mini-market sans nom,Supérette / Mini-market,Formel,Supérette / Mini-market sans nom,34.0281053,-4.9943654,icons/convenience.png,OSM
Fès,Pizza let si Go,Restaurant,Formel,Pizza let si Go,34.0278678,-4.9942915,icons/restaurant.png,OSM
Fès,Café Cappella,Café,Formel,Avenue Al Ghassani,34.0441374,-4.9880426,icons/cafe.png,OSM
Fès,Pharmacie Ilyas صيدلية إلياس,Parapharmacie,Formel,"LOTSS BAB Lghoul dhar Lmahraz A5 FES, Fès",34.0451274,-4.9876615,icons/pharmacy.png,OSM
Fès,Supérette / Mini-market sans nom,Supérette / Mini-market,Formel,Supérette / Mini-market sans nom,34.0426635,-4.9863639,icons/convenience.png,OSM
Fès,Cremerie,Café,Formel,Avenue Al Ghassani,34.0427964,-4.9864725,icons/cafe.png,OSM
Fès,Pharmacie Bab Alghoul صيدلية باب الغول,Parapharmacie,Formel,"Avenue Mohamed Ben Arbi Alaoui شارع محمد السلاوي, Fès",34.0413437,-4.986712,icons/pharmacy.png,OSM
Fès,Café Aya,Café,Formel,Avenue Mohamed Ben Arbi Alaoui,34.0401451,-4.9901502,icons/cafe.png,OSM
Fès,Laitière El Massira,Café,Formel,Avenue Al Ghassani,34.0425691,-4.9863287,icons/cafe.png,OSM
Fès,Cremerie Abir,Café,Formel,Avenue Mohamed Ben Arbi Alaoui,34.0404919,-4.9891168,icons/cafe.png,OSM
Fès,Café la Brisa,Café,Formel,Rue Tanger,34.0291654,-4.9914864,icons/cafe.png,OSM
Fès,Supérette / Mini-market sans nom,Supérette / Mini-market,Formel,Supérette / Mini-market sans nom,34.0353484,-4.9989166,icons/convenience.png,OSM
Fès,Snak fes food,Restaurant,Formel,Snak fes food,34.0351459,-4.9984952,icons/restaurant.png,OSM
Fès,Café haitam,Café,Formel,Café haitam,34.0282605,-4.9942023,icons/cafe.png,OSM
Fès,Almajd,Restaurant,Formel,Rue 21,34.0235626,-5.0061412,icons/restaurant.png,OSM
Fès,Supérette / Mini-market sans nom,Supérette / Mini-market,Formel,Supérette / Mini-market sans nom,34.0244716,-5.0066412,icons/convenience.png,OSM
Fès,Épicerie raison food,Supérette / Mini-market,Formel,Épicerie raison food,34.0298304,-4.9945996,icons/convenience.png,OSM
Fès,Épicerie azrar,Supérette / Mini-market,Formel,Épicerie azrar,34.0299953,-4.9946585,icons/convenience.png,OSM
Fès,Cremerie,Café,Formel,Bld Dhar Marez,34.0276303,-4.9893657,icons/cafe.png,OSM
Fès,Supérette / Mini-market sans nom,Supérette / Mini-market,Formel,Supérette / Mini-market sans nom,34.0283356,-4.989872,icons/convenience.png,OSM
Fès,Supérette / Mini-market sans nom,Supérette / Mini-market,Formel,Supérette / Mini-market sans nom,34.0274231,-4.9887219,icons/convenience.png,OSM
Fès,Supérette / Mini-market sans nom,Supérette / Mini-market,Formel,Supérette / Mini-market sans nom,34.0273634,-4.9884803,icons/convenience.png,OSM
Fès,Pharmacie Marhaba صيدلية مرحبا,Parapharmacie,Formel,"HAY NAJAH SIDI BRAHIM RUE 2 N 98, Fès",34.0269793,-4.9880236,icons/pharmacy.png,OSM
Fès,Supérette / Mini-market sans nom,Supérette / Mini-market,Formel,Supérette / Mini-market sans nom,34.0230656,-5.007084,icons/convenience.png,OSM
Fès,Café Al Andalous,Café,Formel,rue Midelt,34.026815,-4.9869917,icons/cafe.png,OSM
Fès,Supérette / Mini-market sans nom,Supérette / Mini-market,Formel,Supérette / Mini-market sans nom,34.026892,-4.9872491,icons/convenience.png,OSM
Fès,Laitière zahrae,Café,Formel,Bld Dhar Marez,34.0267691,-4.9874536,icons/cafe.png,OSM
Fès,Laitière alkheir,Café,Formel,Bld Dhar Marez,34.0264145,-4.9867704,icons/cafe.png,OSM
Fès,Supérette / Mini-market sans nom,Supérette / Mini-market,Formel,Supérette / Mini-market sans nom,34.0251068,-4.9857372,icons/convenience.png,OSM
Fès,Pharmacie Bahia صيدلية باهية,Parapharmacie,Formel,"Av MIDELT SIDI BRAHIM, Fès",34.0248246,-4.9854877,icons/pharmacy.png,OSM
Fès,Supérette / Mini-market sans nom,Supérette / Mini-market,Formel,Supérette / Mini-market sans nom,34.0246311,-4.9852992,icons/convenience.png,OSM
Fès,Sandwich Benmaseoud,Restaurant,Formel,Avenue Ouahrane,34.0246523,-4.9853306,icons/restaurant.png,OSM
Fès,Laitiere Khayr Allah,Restaurant,Formel,Avenue Ibn Al Atir,34.0242396,-5.0165516,icons/restaurant.png,OSM
Fès,Café Images L'astree,Café,Formel,Bld Dhar Marez,34.026927,-4.988727,icons/cafe.png,OSM
Fès,Supérette / Mini-market sans nom,Supérette / Mini-market,Formel,Supérette / Mini-market sans nom,34.0254039,-4.9876226,icons/convenience.png,OSM
Fès,Supérette / Mini-market sans nom,Supérette / Mini-market,Formel,Supérette / Mini-market sans nom,34.0229725,-4.9880121,icons/convenience.png,OSM
Fès,Pharmacie Boughafer صيدلية بوغافر,Parapharmacie,Formel,"29 Rue Boughafer Narjis A, Fès",34.0222771,-4.9859761,icons/pharmacy.png,OSM
Fès,Boulangerie el jawhara,Boulangerie,Formel,Boulevard Moulay Rachid,34.0217586,-4.9861653,icons/bakery.png,OSM
Fès,Supérette / Mini-market sans nom,Supérette / Mini-market,Formel,Supérette / Mini-market sans nom,34.0218705,-4.9860275,icons/convenience.png,OSM
Fès,Black Ice Cafe,Restaurant,Formel,Black Ice Cafe,34.0333274,-4.9971708,icons/restaurant.png,OSM
Fès,Pharmacie Al Farabi صيدلية الفرابي,Parapharmacie,Formel,"LOTT HAJOUI DEKARAT, Fès فاس",34.0369228,-5.0206543,icons/pharmacy.png,OSM
Fès,Crémerie Ziad,Café,Formel,Avenue Ibn Al Atir,34.024886,-5.0181391,icons/cafe.png,OSM
Fès,Café Le Barron,Café,Formel,Avenue Ibn Al Atir,34.0219114,-5.0116899,icons/cafe.png,OSM
Fès,Snack L' Escalope,Restaurant,Formel,Avenue Ibn Al Atir,34.0218518,-5.0112861,icons/restaurant.png,OSM
Fès,Supérette / Mini-market sans nom,Supérette / Mini-market,Formel,Supérette / Mini-market sans nom,34.0247825,-5.017936,icons/convenience.png,OSM
Fès,Pharmacie Zakaria صيدلية زكرياء,Parapharmacie,Formel,"Avenue Ibn Al Atir, Fès",34.0248226,-5.0180415,icons/pharmacy.png,OSM
Fès,Supérette / Mini-market sans nom,Supérette / Mini-market,Formel,Supérette / Mini-market sans nom,34.0250207,-5.0180389,icons/convenience.png,OSM
Fès,Supérette / Mini-market sans nom,Supérette / Mini-market,Formel,Supérette / Mini-market sans nom,34.0256467,-5.0196258,icons/convenience.png,OSM
Fès,Alimentation générale et Fruits Secs,Épicerie,Informel,Avenue Ibn Al Atir,34.0257446,-5.0198023,icons/greengrocer.png,OSM
Fès,Estrella,Boulangerie,Formel,Avenue Ibn Al Atir,34.0247778,-5.0184297,icons/bakery.png,OSM
Fès,Café El Khalil,Café,Formel,Avenue Ibn Al Atir,34.0225858,-5.013459,icons/cafe.png,OSM
Fès,Fassinova,Restaurant,Formel,Avenue Ibn Al Atir,34.0253723,-5.019115,icons/restaurant.png,OSM
Fès,Café Malaika Hsinou Abdelilah,Café,Formel,Avenue Ibn Al Atir,34.0254312,-5.0192149,icons/cafe.png,OSM
Fès,Café Chourafa,Café,Formel,Avenue Ibn Al Atir,34.0245012,-5.0178403,icons/cafe.png,OSM
Fès,Café Normandie,Café,Formel,Avenue Ibn Al Atir,34.0242022,-5.0172092,icons/cafe.png,OSM
Fès,Café sans nom,Café,Formel,Avenue Ibn Al Atir,34.0257061,-5.0197491,icons/cafe.png,OSM
Fès,Pharmacie Chaymae صيدلية شيماء,Parapharmacie,Formel,Fès ⴼⴰⵙ فاس,34.0324461,-5.0585174,icons/pharmacy.png,OSM
Fès,Café pyramisa,Café,Formel,Boulevard Moulay Rachid,34.0213768,-4.9826156,icons/cafe.png,OSM
Fès,Supérette / Mini-market sans nom,Supérette / Mini-market,Formel,Supérette / Mini-market sans nom,34.0212121,-4.9828712,icons/convenience.png,OSM
Fès,Pharmacie Ibn Haitam صيدلية بن الهيثم,Parapharmacie,Formel,"104 BV KAIRAOUANE NARJISS FES, Fès",34.0211705,-4.9830509,icons/pharmacy.png,OSM
Fès,Cafe Baydir,Café,Formel,Boulevard Moulay Rachid,34.0210126,-4.9833401,icons/cafe.png,OSM
Fès,Supérette / Mini-market sans nom,Supérette / Mini-market,Formel,Supérette / Mini-market sans nom,34.0204131,-4.9845366,icons/convenience.png,OSM
Fès,Supérette / Mini-market sans nom,Supérette / Mini-market,Formel,Supérette / Mini-market sans nom,34.0203016,-4.9848061,icons/convenience.png,OSM
Fès,Café El Karam,Café,Formel,Avenue Al Karama,34.020356,-4.9846849,icons/cafe.png,OSM
Fès,Le 33,Café,Formel,Avenue Al Karama,34.0202119,-4.9849924,icons/cafe.png,OSM
Fès,Cremerie,Café,Formel,Rue Ibn khilkan,34.0232309,-5.006433,icons/cafe.png,OSM
Fès,Légumier,Épicerie,Informel,Rue Ibn Khilkan,34.0232028,-5.0063604,icons/greengrocer.png,OSM
Fès,Cremerie Aziza,Café,Formel,Avenue Al Karama,34.0206119,-4.9871954,icons/cafe.png,OSM
Fès,Cremerie El firdaws,Café,Formel,Boulevard Moulay Rachid,34.0228174,-4.9885013,icons/cafe.png,OSM
Fès,Supérette / Mini-market sans nom,Supérette / Mini-market,Formel,Supérette / Mini-market sans nom,34.0231303,-4.9886933,icons/convenience.png,OSM
Fès,Supérette / Mini-market sans nom,Supérette / Mini-market,Formel,Supérette / Mini-market sans nom,34.0235062,-4.988917,icons/convenience.png,OSM
Fès,Café la musée,Café,Formel,Boulevard Moulay Rachid,34.0234514,-4.9888861,icons/cafe.png,OSM
Fès,Boulangerie el houcine,Boulangerie,Formel,Boulangerie el houcine,34.0305822,-4.9948196,icons/bakery.png,OSM
Fès,Laiterie atlas,Café,Formel,Laiterie atlas,34.0307942,-4.9948339,icons/cafe.png,OSM
Fès,"Au P""tit Snack",Restaurant,Formel,Bno Abi Zaraa,34.0227158,-5.0067746,icons/restaurant.png,OSM
Fès,Supérette / Mini-market sans nom,Supérette / Mini-market,Formel,Supérette / Mini-market sans nom,34.022771,-5.0068727,icons/convenience.png,OSM
Fès,Laiterie alami,Café,Formel,Laiterie alami,34.0309877,-4.9948614,icons/cafe.png,OSM
Fès,Supérette / Mini-market sans nom,Supérette / Mini-market,Formel,Supérette / Mini-market sans nom,34.0207444,-5.0055289,icons/convenience.png,OSM
Fès,Bousbata Mohammed Sghir et Driss Mahfoud El Khalfaoui,Café,Formel,Avenue Ibn Al Atir,34.0205848,-5.0047198,icons/cafe.png,OSM
Fès,Dragées Bennis,Boutique de confiserie,Informel,Avenue Ibn Al Atir,34.0208622,-5.0063083,icons/confectionery.png,OSM
Fès,Tipico Pizza Fahmi Amine,Restaurant,Formel,Avenue Ibn Al Atir,34.0205369,-5.0045143,icons/restaurant.png,OSM
Fès,Casse-croûte Laamiri Abdelouahed,Restaurant,Formel,Avenue Ibn Al Atir,34.0207596,-5.0056597,icons/restaurant.png,OSM
Fès,Laitiere Ibn Al Atir,Café,Formel,Avenue Ibn Al Atir,34.0201947,-5.003306,icons/cafe.png,OSM
Fès,Café Le 64,Café,Formel,Avenue Ibn Al Atir,34.0202153,-5.0030353,icons/cafe.png,OSM
Fès,Cafe la coste,Café,Formel,Boulevard Moulay Rachid,34.0249557,-4.9897999,icons/cafe.png,OSM
Fès,Épicerie el fakia,Supérette / Mini-market,Formel,Épicerie el fakia,34.031177,-4.9948795,icons/convenience.png,OSM
Fès,Provision fassia,Boutique de confiserie,Informel,Provision fassia,34.0312481,-4.9948843,icons/confectionery.png,OSM
Fès,Laiterie el fassia,Café,Formel,Laiterie el fassia,34.0314328,-4.9949014,icons/cafe.png,OSM
Fès,Laiterie moulay driss,Café,Formel,Laiterie moulay driss,34.0314963,-4.9949081,icons/cafe.png,OSM
Fès,Supérette / Mini-market sans nom,Supérette / Mini-market,Formel,Supérette / Mini-market sans nom,34.0352756,-4.999094,icons/convenience.png,OSM
Fès,Laitiere El Amrani,Café,Formel,Rue Khalil,34.0220899,-5.0137551,icons/cafe.png,OSM
Fès,Kiosque Coca-Cola,Supérette / Mini-market,Formel,Avenue Ibn Al Atir,34.0214941,-5.0097122,icons/convenience.png,OSM
Fès,Café sans nom,Café,Formel,Rue 46,34.0228889,-5.0074096,icons/cafe.png,OSM
Fès,Cafe Aliona,Café,Formel,Cafe Aliona,34.0382454,-5.004994,icons/cafe.png,OSM
Fès,Supérette / Mini-market sans nom,Supérette / Mini-market,Formel,Supérette / Mini-market sans nom,34.0217964,-5.0070743,icons/convenience.png,OSM
Fès,Supérette / Mini-market sans nom,Supérette / Mini-market,Formel,Supérette / Mini-market sans nom,34.0217996,-5.0071306,icons/convenience.png,OSM
Fès,Supérette / Mini-market sans nom,Supérette / Mini-market,Formel,Supérette / Mini-market sans nom,34.0218607,-5.0078045,icons/convenience.png,OSM
Fès,Royal Dragée,Boutique de confiserie,Informel,Rue El Ouakidi,34.0232662,-5.0084256,icons/confectionery.png,OSM
Fès,Supérette / Mini-market sans nom,Supérette / Mini-market,Formel,Supérette / Mini-market sans nom,34.0223449,-5.0087913,icons/convenience.png,OSM
Fès,Supérette / Mini-market sans nom,Supérette / Mini-market,Formel,Supérette / Mini-market sans nom,34.0205567,-5.0132599,icons/convenience.png,OSM
Fès,Café Sandriyo,Café,Formel,Rue Abdelkadir Fassi,34.0201093,-5.0119608,icons/cafe.png,OSM
Fès,Crémerie Al Baraka,Café,Formel,Mosquée Al Baraka Adarissa,34.0198121,-5.0143963,icons/cafe.png,OSM
Fès,Supérette / Mini-market sans nom,Supérette / Mini-market,Formel,Supérette / Mini-market sans nom,34.0197739,-5.0142455,icons/convenience.png,OSM
Fès,Supérette / Mini-market sans nom,Supérette / Mini-market,Formel,Supérette / Mini-market sans nom,34.0197284,-5.014801,icons/convenience.png,OSM
Fès,Restaurant Escale,Restaurant,Formel,Haj Mustapha Lahlou Adarissa,34.0196632,-5.0144306,icons/restaurant.png,OSM
Fès,Pharmacie El Azhar صيدلية الأزهر,Parapharmacie,Formel,"Haj Mustapha Lahlou Adarissa 2, Fès",34.0191682,-5.0126464,icons/pharmacy.png,OSM
Fès,Supérette / Mini-market sans nom,Supérette / Mini-market,Formel,Supérette / Mini-market sans nom,34.0210316,-5.0144716,icons/convenience.png,OSM
Fès,Laitiere El Farah,Café,Formel,Rue Volubilis,34.0215754,-5.0136889,icons/cafe.png,OSM
Fès,Boulangerie Pâtisserie Al Anaka,Boulangerie,Formel,Haj Mustapha Lahlou,34.0198118,-5.0150585,icons/bakery.png,OSM
Fès,Crémerie La Petite Perle,Café,Formel,Haj Mustapha Lahlou Adarissa,34.0195515,-5.013975,icons/cafe.png,OSM
Fès,Café La Vana Bouhlal Bouchta,Café,Formel,Rue Khalil,34.0210136,-5.0145425,icons/cafe.png,OSM
Fès,Supérette / Mini-market sans nom,Supérette / Mini-market,Formel,Supérette / Mini-market sans nom,34.0215725,-5.0135763,icons/convenience.png,OSM
Fès,Café Coral Fes,Café,Formel,Rue Ariha,34.0207955,-5.0140095,icons/cafe.png,OSM
Fès,Café Get Set,Café,Formel,Rue Abdelkadir Fassi,34.0199145,-5.0115226,icons/cafe.png,OSM
Fès,Boulangerie Pâtisserie Al Baraka,Boulangerie,Formel,Mosquée Al Baraka Adarissa,34.0201866,-5.0142395,icons/bakery.png,OSM
Fès,Crémerie Ennaim,Café,Formel,Haj Mustapha Lahlou Adarissa,34.0194478,-5.0140095,icons/cafe.png,OSM
Fès,Laitiere Abou Al Karam,Café,Formel,Mosquée Al Baraka Adarissa,34.0201219,-5.0142825,icons/cafe.png,OSM
Fès,Supérette / Mini-market sans nom,Supérette / Mini-market,Formel,Supérette / Mini-market sans nom,34.025804,-5.0068,icons/convenience.png,OSM
Fès,Cremerie Al Akhawayne,Café,Formel,Av Tabari,34.0256686,-5.006873,icons/cafe.png,OSM
Fès,Legumier,Épicerie,Informel,Av Tabari,34.0260145,-5.0067388,icons/greengrocer.png,OSM
Fès,Café Nourat,Café,Formel,Route Aïn Smen,34.018005,-5.0194868,icons/cafe.png,OSM
Fès,Supérette / Mini-market sans nom,Supérette / Mini-market,Formel,Supérette / Mini-market sans nom,34.0188508,-5.0186613,icons/convenience.png,OSM
Fès,Cinema cafe,Restaurant,Formel,Rue Sidi El Khiyat,34.060114,-4.9813138,icons/restaurant.png,OSM
Fès,Pharmacie Ibn Al Hassan صيدلية ابن الحسن,Parapharmacie,Formel,"AIN KADDOUS A COTE DU PRISON, Fès ⴼⴰⵙ فاس",34.0605169,-5.0049131,icons/pharmacy.png,OSM
Fès,Cremerie Kings & Youngs,Café,Formel,Cremerie Kings & Youngs,34.0162375,-5.006245,icons/cafe.png,OSM
Fès,Laiterie Adrouji,Café,Formel,Laiterie Adrouji,34.0165756,-5.0059415,icons/cafe.png,OSM
Fès,Epicier Abeldi,Supérette / Mini-market,Formel,Epicier Abeldi,34.0166912,-5.0058512,icons/convenience.png,OSM
Fès,Cafe classico,Café,Formel,Cafe classico,34.0174465,-5.0051761,icons/cafe.png,OSM
Fès,Del Man Cafe,Café,Formel,Del Man Cafe,34.0164148,-5.0058648,icons/cafe.png,OSM
Fès,Patisserie Lala Fatima,Boutique de confiserie,Informel,Patisserie Lala Fatima,34.0170596,-5.0053362,icons/confectionery.png,OSM
Fès,KMB Snack,Restaurant,Formel,KMB Snack,34.0171721,-5.0052073,icons/restaurant.png,OSM
Fès,Snack Carla D'or,Restaurant,Formel,Snack Carla D'or,34.017319,-5.0050782,icons/restaurant.png,OSM
Fès,Cafe Touiti,Café,Formel,Cafe Touiti,34.0177713,-5.0047154,icons/cafe.png,OSM
Fès,Supérette / Mini-market sans nom,Supérette / Mini-market,Formel,Supérette / Mini-market sans nom,34.0176264,-5.0050346,icons/convenience.png,OSM
Fès,Vente de Légumes,Épicerie,Informel,Vente de Légumes,34.0177446,-5.0049276,icons/greengrocer.png,OSM
Fès,Cafe DVD,Café,Formel,Cafe DVD,34.0183111,-5.0043301,icons/cafe.png,OSM
Fès,Supérette / Mini-market sans nom,Supérette / Mini-market,Formel,Supérette / Mini-market sans nom,34.0188007,-5.0040768,icons/convenience.png,OSM
Fès,Parapharmacie Ibn lkhatib,Parapharmacie,Formel,hay ain haroun rue 202 N 34 fes,34.019185,-5.0037386,icons/pharmacy.png,OSM
Fès,Manhattan,Café,Formel,Manhattan,34.0205417,-5.0025755,icons/cafe.png,OSM
Fès,Pharmacie Iraqi Karima صيدلية عراقي كريمة,Parapharmacie,Formel,"AV IBN ALKHATEB RTE AIN CHKEF, Avenue Lissan-Edine Ibn Al-Khatib شارع لسان الدين ابن الخطيب, Fès",34.0206327,-5.0025925,icons/pharmacy.png,OSM
Fès,Epicier Seyar,Supérette / Mini-market,Formel,Epicier Seyar,34.0195908,-5.0033978,icons/convenience.png,OSM
Fès,Oberoi,Café,Formel,Oberoi,34.0200422,-5.0030377,icons/cafe.png,OSM
Fès,Ste Atlantico Fish,Restaurant,Formel,Ste Atlantico Fish,34.019495,-5.0034765,icons/restaurant.png,OSM
Fès,Laitiere Badr,Café,Formel,Route Aïn Smen,34.0217969,-5.0174232,icons/cafe.png,OSM
Fès,Pharmacie Al Ambra  صيدلية العنبرة,Parapharmacie,Formel,"38 bd El khatib derb el ward fes, Avenue Lissan-Edine Ibn Al-Khatib شارع لسان الدين ابن الخطيب, Fès",34.0227833,-4.9995074,icons/pharmacy.png,OSM
Fès,Pharmacie Al Irfane صيدلية العرفان,Parapharmacie,Formel,"DERB EL WARD, Avenue Lissan-Edine Ibn Al-Khatib شارع لسان الدين ابن الخطيب, Fès",34.0175081,-5.0048856,icons/pharmacy.png,OSM
Fès,Grillade Bensouda مشوار بن سودة,Restaurant,Formel,Grillade Bensouda مشوار بن سودة,34.0137583,-5.05064,icons/restaurant.png,OSM
Fès,Supérette / Mini-market sans nom,Supérette / Mini-market,Formel,Supérette / Mini-market sans nom,34.0227202,-5.0257567,icons/convenience.png,OSM
Fès,Café Abdou,Café,Formel,Mohammed 6 Hay Badr,34.0234871,-5.0266262,icons/cafe.png,OSM
Fès,Crémerie La Buvette,Café,Formel,Avenue Mohammed VI,34.0238728,-5.026706,icons/cafe.png,OSM
Fès,Pharmacie Amal Achifae صيدلية أمل الشفاء,Parapharmacie,Formel,"113 LOTT CHAMS BENSOUDA FES ZOUAGHA, Fès",34.0303207,-5.0546196,icons/pharmacy.png,OSM
Fès,Café Barbecue House,Café,Formel,Route Aïn Smen,34.0236174,-5.0162036,icons/cafe.png,OSM
Fès,Café Lina Nova,Café,Formel,Mohammed 6 Route Ain Smen,34.018525,-5.0205552,icons/cafe.png,OSM
Fès,Supérette / Mini-market sans nom,Supérette / Mini-market,Formel,Supérette / Mini-market sans nom,34.0189146,-5.0200188,icons/convenience.png,OSM
Fès,Café Champs-Elysées,Café,Formel,Route Aïn Smen,34.0196486,-5.0182642,icons/cafe.png,OSM
Fès,Café Luxor,Café,Formel,Route Aïn Smen,34.0196834,-5.0180017,icons/cafe.png,OSM
Fès,Pharmacie Badr صيدلية بدر,Parapharmacie,Formel,"CITé Adarissa ang route Ain smen, Fès",34.0215987,-5.0167602,icons/pharmacy.png,OSM
Fès,Café Arabesc Ahl Fes,Café,Formel,Mohammed 6 Hay Badr,34.0197253,-5.0229323,icons/cafe.png,OSM
Fès,Café Half Moon,Café,Formel,Route Aïn Smen,34.0195881,-5.0184454,icons/cafe.png,OSM
Fès,Crémerie Société Gzira,Café,Formel,Route Aïn Smen,34.0235112,-5.0162578,icons/cafe.png,OSM
Fès,Supérette / Mini-market sans nom,Supérette / Mini-market,Formel,Supérette / Mini-market sans nom,34.0212355,-5.0172822,icons/convenience.png,OSM
Fès,Laitiere Senhaji Mohammed,Café,Formel,Route Aïn Smen,34.0225572,-5.0164304,icons/cafe.png,OSM
Fès,Boulangerie Pâtisserie Levizir Louizi Rachid,Boulangerie,Formel,Place Ba Hnini,34.0237798,-5.0154527,icons/bakery.png,OSM
Fès,Gusto Justo,Restaurant,Formel,Mohammed 6 Route Ain Smen,34.0182295,-5.0200559,icons/restaurant.png,OSM
Fès,Tacos De Fes,Restaurant,Formel,Mohammed 6 Route Ain Smen,34.0191492,-5.0203755,icons/restaurant.png,OSM
Fès,Pharmacie Azzahrae صيدلية الزهراء,Parapharmacie,Formel,"Mohammed 6 Hay Lala soukaina fes, Fès",34.0202531,-5.0235395,icons/pharmacy.png,OSM
Fès,Tacos Naoufal Benhaddou,Restaurant,Formel,Route Ain Smen Hay Badr,34.0198759,-5.018767,icons/restaurant.png,OSM
Fès,Café Veroca,Café,Formel,Mohammed El Fassi Hay Adarissa,34.017466,-5.0167367,icons/cafe.png,OSM
Fès,Snack L'Habib Alaoui Balghiti,Restaurant,Formel,route Ain Smen Hay Badr,34.0198359,-5.0183744,icons/restaurant.png,OSM
Fès,Pharmacie Agdal صيدلية أكدال,Parapharmacie,Formel,"Route Ain Smen Hay Badr, Fès",34.0214796,-5.0205636,icons/pharmacy.png,OSM
Fès,Supérette / Mini-market sans nom,Supérette / Mini-market,Formel,Supérette / Mini-market sans nom,34.0199964,-5.0190264,icons/convenience.png,OSM
Fès,Supérette / Mini-market sans nom,Supérette / Mini-market,Formel,Supérette / Mini-market sans nom,34.0177006,-5.0049784,icons/convenience.png,OSM
Fès,Café Lool Pool,Café,Formel,Rue Chaouki,34.016731,-5.0165294,icons/cafe.png,OSM
Fès,Café Destinia,Café,Formel,Mohammed 6 Hay Badr,34.0204229,-5.0239841,icons/cafe.png,OSM
Fès,Café Palmiras,Café,Formel,Mohammed 6 Hay Badr,34.0218838,-5.0254999,icons/cafe.png,OSM
Fès,Supérette / Mini-market sans nom,Supérette / Mini-market,Formel,Supérette / Mini-market sans nom,34.0145881,-5.0103313,icons/convenience.png,OSM
Fès,Café Room 147,Café,Formel,Mohammed El Fassi Hay Adarissa,34.0173654,-5.0168168,icons/cafe.png,OSM
Fès,Restaurant Costa Serena,Restaurant,Formel,Route Ain Smen Hay Badr Face Mosquée Badr,34.0235415,-5.0205108,icons/restaurant.png,OSM
Fès,Pâtisserie Costa Serena,Boulangerie,Formel,Route Ain Smen Hay Badr Face Mosquée Badr,34.0234923,-5.0203727,icons/bakery.png,OSM
Fès,Café La Brise Rouen,Café,Formel,Route Ain Smen Hay Badr Face Mosquée Badr,34.0234154,-5.02018,icons/cafe.png,OSM
Fès,Hazerg Brahim Epicier,Supérette / Mini-market,Formel,Route Ain Smen Hay Badr Face Mosquée Badr,34.0233475,-5.0200134,icons/convenience.png,OSM
Fès,Pharmacie Labaraka صيدلية البركة,Parapharmacie,Formel,"Omar Ibn Abdeljalil Hay Adarissa, Fès",34.0189521,-5.0152133,icons/pharmacy.png,OSM
Fès,Café & You Club,Café,Formel,Omar Ibn Abdeljalil Hay Adarissa Lotis Firdaous,34.0187376,-5.0144825,icons/cafe.png,OSM
Fès,Ait Lamaalem Mohammed Epicier,Supérette / Mini-market,Formel,Omar Ibn Abdeljalil Hay Adarissa,34.0184882,-5.0134775,icons/convenience.png,OSM
Fès,Ait Mouh Lahcen Epicier,Supérette / Mini-market,Formel,Route Ain Smen Hay Badr Rue Thami Harouchi,34.0225889,-5.021735,icons/convenience.png,OSM
Fès,Crémerie 33 Michigan,Café,Formel,Omar Ibn Abdeljalil Hay Adarissa,34.018309,-5.0131048,icons/cafe.png,OSM
Fès,Café Costa Serena Société Nor Concept,Café,Formel,Route Ain Smen Hay Badr,34.0236187,-5.0206773,icons/cafe.png,OSM
Fès,Pharmacie Ennassiri صيدلية الناصري,Parapharmacie,Formel,"Route Ain Smen Hay Badr, Fès",34.0233883,-5.0210753,icons/pharmacy.png,OSM
Fès,Hazerg Iaaz Epicier,Supérette / Mini-market,Formel,Route Ain Smen Hay Badr Rue Thami Harouchi,34.0223257,-5.021519,icons/convenience.png,OSM
Fès,Supérette / Mini-market sans nom,Supérette / Mini-market,Formel,Supérette / Mini-market sans nom,34.0181926,-5.0128539,icons/convenience.png,OSM
Fès,Pharmacie Omari صيدلية عماري,Parapharmacie,Formel,"HAY SAADA, Fès",34.0268791,-5.0063514,icons/pharmacy.png,OSM
Fès,Snack Restaurant Vietnamien,Restaurant,Formel,Tabari,34.0265365,-5.006559,icons/restaurant.png,OSM
Fès,Casse_croute,Restaurant,Formel,Tabari,34.0258397,-5.0069502,icons/restaurant.png,OSM
Fès,Café sans nom,Café,Formel,Tabari,34.0257938,-5.0069659,icons/cafe.png,OSM
Fès,Vente des legumes,Épicerie,Informel,Etabari,34.0251794,-5.0073011,icons/greengrocer.png,OSM
Fès,Casse_croute,Restaurant,Formel,Rue N°5,34.0263233,-5.0071683,icons/restaurant.png,OSM
Fès,epicerie,Supérette / Mini-market,Formel,Rue N° 5,34.026565,-5.008141,icons/convenience.png,OSM
Fès,Pharmacie Demnati صيدلية الدمناتي,Parapharmacie,Formel,"HAY Gryou bloc B_N 27 FES, 9 HAY GRIOU ZOUAGHA, Fès",34.0207935,-5.0303522,icons/pharmacy.png,OSM
Fès,Café Bismillah,Café,Formel,Rue 65,34.0218506,-5.0093076,icons/cafe.png,OSM
Fès,Cafe Nour,Café,Formel,Rue 65,34.0231197,-5.009089,icons/cafe.png,OSM
Fès,Pharmacie Platanes صيدلية السيجان,Parapharmacie,Formel,Fès,34.0043523,-5.00755,icons/pharmacy.png,OSM
Fès,Restaurant Bouanania,Restaurant,Formel,"Rue Talaâ Kbira الطالعة الكبيرة, Fes Médina",34.0619008,-4.9839297,icons/restaurant.png,OSM
Fès,Pharmacie de l'Atlas صيدلية الأطلس,Parapharmacie,Formel,"place de Atlass, Fès",34.0318989,-4.9948294,icons/pharmacy.png,OSM
Fès,Café Atlas,Café,Formel,Café Atlas,34.0319699,-4.994993,icons/cafe.png,OSM
Fès,Snack lahlou,Restaurant,Formel,Snack lahlou,34.0326279,-4.9952232,icons/restaurant.png,OSM
Fès,Laiterie ghazala,Café,Formel,Laiterie ghazala,34.0323998,-4.995215,icons/cafe.png,OSM
Fès,Café Rex,Café,Formel,Café Rex,34.0323108,-4.9952288,icons/cafe.png,OSM
Fès,Snack el madina,Restaurant,Formel,Snack el madina,34.032236,-4.995205,icons/restaurant.png,OSM
Fès,Kiosque sans nom,Kiosque,Informel,Kiosque sans nom,34.0322119,-4.9949768,icons/kiosk.png,OSM
Fès,Snack abdou,Restaurant,Formel,Snack abdou,34.0328106,-4.996538,icons/restaurant.png,OSM
Fès,Vent fruit sec,Épicerie,Informel,Vent fruit sec,34.0178498,-5.0058884,icons/greengrocer.png,OSM
Fès,Big chef pizza,Restaurant,Formel,Big chef pizza,34.0175813,-5.0054743,icons/restaurant.png,OSM
Fès,Fragola,Restaurant,Formel,Fragola,34.0177605,-5.0055449,icons/restaurant.png,OSM
Fès,Délices,Restaurant,Formel,Délices,34.0180548,-5.0060308,icons/restaurant.png,OSM
Fès,Fes Para,Parapharmacie,Formel,Rue 65,34.0272923,-5.0086689,icons/pharmacy.png,OSM
Fès,Para Iraqi,Parapharmacie,Formel,Rue 65,34.0277934,-5.0093962,icons/pharmacy.png,OSM
Fès,Epicier بقال,Supérette / Mini-market,Formel,Rue 65,34.0254053,-5.0089023,icons/convenience.png,OSM
Fès,Epicier بقال,Supérette / Mini-market,Formel,Rue 65,34.0247705,-5.0090093,icons/convenience.png,OSM
Fès,Fougasse,Boulangerie,Formel,Rue 65,34.0242101,-5.009065,icons/bakery.png,OSM
Fès,Epicier بقال,Supérette / Mini-market,Formel,Rue 65,34.0240212,-5.0090879,icons/convenience.png,OSM
Fès,Pharmacie Afifa صيدلية عفيفة,Parapharmacie,Formel,"HAY SAADA RESIDENCE NOUR, Fès",34.0234473,-5.0091718,icons/pharmacy.png,OSM
Fès,Epicier et tabac,Supérette / Mini-market,Formel,Rue 65,34.0236539,-5.0091291,icons/convenience.png,OSM
Fès,Epicier بقال,Supérette / Mini-market,Formel,Rue 65,34.0231383,-5.009203,icons/convenience.png,OSM
Fès,Marjane Fès II,Supermarché,Formel,Marjane Fès II,33.9856729,-4.999559,icons/supermarket.png,OSM
Fès,Épicier,Supérette / Mini-market,Formel,Route Ain Chkef,34.0146496,-5.0007825,icons/convenience.png,OSM
Fès,Cremerie champ de fruit,Café,Formel,Route Ain Chkef,34.0146191,-5.000925,icons/cafe.png,OSM
Fès,Épicier,Supérette / Mini-market,Formel,Route Ain Chkef,34.0145923,-5.0010558,icons/convenience.png,OSM
Fès,Snak Lille,Restaurant,Formel,Avenue Ibn Al Atir,34.0145767,-5.0011091,icons/restaurant.png,OSM
Fès,Legumier,Épicerie,Informel,Hay Nour,34.0237005,-5.0096182,icons/greengrocer.png,OSM
Fès,Epicier بقال,Supérette / Mini-market,Formel,Hay Nour,34.0239186,-5.0105698,icons/convenience.png,OSM
Fès,Epicier بقال,Supérette / Mini-market,Formel,Hay NOUR,34.0239107,-5.0103379,icons/convenience.png,OSM
Fès,Epicier بقال,Supérette / Mini-market,Formel,Hay Nour,34.0239315,-5.0108119,icons/convenience.png,OSM
Fès,Pharmacie Ifrane صيدلية إفران,Parapharmacie,Formel,"Lot QODS route Immouzer, Fès",34.0144858,-5.0015964,icons/pharmacy.png,OSM
Fès,Café la calise,Café,Formel,avenue mohamed El Fassi,34.0143698,-5.0017964,icons/cafe.png,OSM
Fès,Cremerie Salade de fruits Zouine,Café,Formel,Route Ain Chkef,34.0144804,-5.0014743,icons/cafe.png,OSM
Fès,Supérette / Mini-market sans nom,Supérette / Mini-market,Formel,Supérette / Mini-market sans nom,34.0144735,-5.0015115,icons/convenience.png,OSM
Fès,Café Oscar,Café,Formel,Route Ain Chkef,34.0143185,-5.0019589,icons/cafe.png,OSM
Fès,Café Vip,Café,Formel,Route Ain Chkef,34.0142782,-5.0021354,icons/cafe.png,OSM
Fès,Le tarbouche,Restaurant,Formel,"Rue Talaâ Kbira الطالعة الكبيرة, Fes Médina",34.0639245,-4.9809009,icons/restaurant.png,OSM
Fès,Café al fakhir,Café,Formel,Café al fakhir,34.0329203,-4.9968123,icons/cafe.png,OSM
Fès,Crémerie argana,Café,Formel,Crémerie argana,34.0330506,-4.9963343,icons/cafe.png,OSM
Fès,Vente Du Pain,Boulangerie,Formel,Hay Nour,34.0229335,-5.0093563,icons/bakery.png,OSM
Fès,Snack Atlas,Restaurant,Formel,Snack Atlas,34.0324356,-4.995353,icons/restaurant.png,OSM
Fès,Snack omar,Restaurant,Formel,Snack omar,34.0322668,-4.996524,icons/restaurant.png,OSM
Fès,Café marcana palace,Café,Formel,Café marcana palace,34.0323006,-4.9962692,icons/cafe.png,OSM
Fès,l'Omega 3 لوميكا,Café,Formel,Fès فاس,34.025281,-5.0329079,icons/cafe.png,OSM
Fès,Taco tac,Restaurant,Formel,Taco tac,34.0142659,-5.0027169,icons/restaurant.png,OSM
Fès,Cremerie,Café,Formel,Route Ain Chkef,34.013929,-5.0073552,icons/cafe.png,OSM
Fès,Para saada,Parapharmacie,Formel,Hay Nour,34.0228165,-5.009449,icons/pharmacy.png,OSM
Fès,Epicier بقال,Supérette / Mini-market,Formel,Hay Nour,34.0227162,-5.009276,icons/convenience.png,OSM
Fès,Café le stendhal,Café,Formel,Route Ain Chkef,34.0141233,-5.0064103,icons/cafe.png,OSM
Fès,Para Medicos,Parapharmacie,Formel,Route Ain Chkef,34.0164825,-5.0013164,icons/pharmacy.png,OSM
Fès,Supérette / Mini-market sans nom,Supérette / Mini-market,Formel,Supérette / Mini-market sans nom,34.0146731,-5.0020228,icons/convenience.png,OSM
Fès,Borj el hout,Restaurant,Formel,Borj el hout,34.032175,-4.9953819,icons/restaurant.png,OSM
Fès,Café orientale,Café,Formel,Café orientale,34.03216,-4.9954583,icons/cafe.png,OSM
Fès,Grillade diko,Restaurant,Formel,Grillade diko,34.0320869,-4.9957808,icons/restaurant.png,OSM
Fès,Supérette / Mini-market sans nom,Supérette / Mini-market,Formel,Supérette / Mini-market sans nom,34.0320561,-4.9958566,icons/convenience.png,OSM
Fès,Restaurant belmaki,Restaurant,Formel,Restaurant belmaki,34.0319276,-4.9964627,icons/restaurant.png,OSM
Fès,Restaurant le 300,Restaurant,Formel,Restaurant le 300,34.0321486,-4.9955107,icons/restaurant.png,OSM
Fès,Restaurant debbagh,Restaurant,Formel,Restaurant debbagh,34.0321066,-4.9957098,icons/restaurant.png,OSM
Fès,Epicier بقال,Supérette / Mini-market,Formel,Hay Nour,34.0227747,-5.010122,icons/convenience.png,OSM
Fès,Casse_croute,Restaurant,Formel,Hay Nour,34.0222188,-5.0105321,icons/restaurant.png,OSM
Fès,Café Normandie,Café,Formel,Route Ain Chkef,34.014222,-5.0026106,icons/cafe.png,OSM
Fès,Laiterie mohamed taha,Café,Formel,Laiterie mohamed taha,34.0317338,-4.9953353,icons/cafe.png,OSM
Fès,Vendeur de légumes,Épicerie,Informel,Vendeur de légumes,34.0317401,-4.9952785,icons/greengrocer.png,OSM
Fès,Kiosque épicerie,Kiosque,Informel,Kiosque épicerie,34.031879,-4.9952655,icons/kiosk.png,OSM
Fès,Restaurant slaoui,Restaurant,Formel,Restaurant slaoui,34.0317239,-4.9955902,icons/restaurant.png,OSM
Fès,Supérette / Mini-market sans nom,Supérette / Mini-market,Formel,Supérette / Mini-market sans nom,34.0317412,-4.995194,icons/convenience.png,OSM
Fès,Supérette / Mini-market sans nom,Supérette / Mini-market,Formel,Supérette / Mini-market sans nom,34.0317319,-4.9957886,icons/convenience.png,OSM
Fès,Epicier بقال,Supérette / Mini-market,Formel,Hay Nour,34.0221675,-5.0105417,icons/convenience.png,OSM
Fès,Café voyageurs,Café,Formel,Café voyageurs,34.0310769,-4.9967167,icons/cafe.png,OSM
Fès,Épicerie tabac,Supérette / Mini-market,Formel,Épicerie tabac,34.0327683,-4.9968692,icons/convenience.png,OSM
Fès,Café Zahra errabie,Café,Formel,Café Zahra errabie,34.0315592,-4.99678,icons/cafe.png,OSM
Fès,Café sans nom,Café,Formel,Café sans nom,34.0314127,-4.9967581,icons/cafe.png,OSM
Fès,Produits agricoles,Épicerie,Informel,Produits agricoles,34.0308598,-4.9963723,icons/greengrocer.png,OSM
Fès,Supérette / Mini-market sans nom,Supérette / Mini-market,Formel,Supérette / Mini-market sans nom,34.0307894,-4.9955099,icons/convenience.png,OSM
Fès,Epicier baraka,Supérette / Mini-market,Formel,Epicier baraka,34.0195355,-5.0008707,icons/convenience.png,OSM
Fès,Cremerie allidin,Café,Formel,Cremerie allidin,34.0196359,-5.0009172,icons/cafe.png,OSM
Fès,Pharmacie Al Korachi صيدلية القرشي,Parapharmacie,Formel,"AV IBN KHALDOUN HAY ALAZHAR, Fès",34.0191247,-5.0016602,icons/pharmacy.png,OSM
Fès,Epicier zammouri,Supérette / Mini-market,Formel,Epicier zammouri,34.0177769,-5.0029394,icons/convenience.png,OSM
Fès,Epicier jaafar,Supérette / Mini-market,Formel,Epicier jaafar,34.0191481,-5.001764,icons/convenience.png,OSM
Fès,Epicier elyoubi,Supérette / Mini-market,Formel,Epicier elyoubi,34.017824,-5.002154,icons/convenience.png,OSM
Fès,Pharmacie Jabri صيدلية جابري,Parapharmacie,Formel,"avenue ibn lkhatteb, Fès",34.0158774,-5.0043792,icons/pharmacy.png,OSM
Fès,Cremerie Bismillah,Café,Formel,Hay Nour,34.0224197,-5.0114791,icons/cafe.png,OSM
Fès,Epicier L'oulidi,Supérette / Mini-market,Formel,Epicier L'oulidi,34.0171879,-5.0032028,icons/convenience.png,OSM
Fès,Epicier bihi,Supérette / Mini-market,Formel,Epicier bihi,34.0189308,-5.0032105,icons/convenience.png,OSM
Fès,Epicier ait malek,Supérette / Mini-market,Formel,Epicier ait malek,34.0146084,-5.003188,icons/convenience.png,OSM
Fès,Epicier salhi,Supérette / Mini-market,Formel,Epicier salhi,34.0151641,-5.0041788,icons/convenience.png,OSM
Fès,Epicier bouledden,Supérette / Mini-market,Formel,Epicier bouledden,34.0145729,-5.0044019,icons/convenience.png,OSM
Fès,Pâtisserie Ennaim,Boulangerie,Formel,Omar Ibn Abdeljalil,34.0181995,-5.0135577,icons/bakery.png,OSM
Fès,Laitiere Saiss Adarissa,Café,Formel,Omar Ibn Abdeljalil Hay Adarissa,34.0181413,-5.0134414,icons/cafe.png,OSM
Fès,Ait Idir Larbi Epicier,Supérette / Mini-market,Formel,Omar Ibn Abdeljalil Hay Adarissa,34.0180633,-5.0132702,icons/convenience.png,OSM
Fès,Café L' Apostrophe,Café,Formel,Route d'Immouzzer,34.0295291,-4.9980283,icons/cafe.png,OSM
Fès,Café Dalia,Café,Formel,Hay Adarissa 1 Immb 16,34.0188288,-5.0093477,icons/cafe.png,OSM
Fès,Cafè-Boulangerie Romaissa,Boulangerie,Formel,"Rue du Soudan زنقة السودان, Fès",34.0437272,-5.0006245,icons/bakery.png,OSM
Fès,Supérette / Mini-market sans nom,Supérette / Mini-market,Formel,Hay Nour,34.0241112,-5.0112317,icons/convenience.png,OSM
Fès,Epicier بقال,Supérette / Mini-market,Formel,Hay Raha,34.0251821,-5.0111139,icons/convenience.png,OSM
Fès,Café Espace Vert,Café,Formel,Hay Raha,34.0247652,-5.0119886,icons/cafe.png,OSM
Fès,Epicier بقال,Supérette / Mini-market,Formel,Hay Raha,34.0249041,-5.0128185,icons/convenience.png,OSM
Fès,Pharmacie L'Opera صيدلية الأوبرا,Parapharmacie,Formel,"LOT 94 MAGAZINE AIT SKATTO, Fès",34.0288781,-4.9951509,icons/pharmacy.png,OSM
Fès,Supérette / Mini-market sans nom,Supérette / Mini-market,Formel,Supérette / Mini-market sans nom,34.0287009,-4.995096,icons/convenience.png,OSM
Fès,Café sans nom,Café,Formel,Café sans nom,34.0282748,-4.9948701,icons/cafe.png,OSM
Fès,Chez Hamid,Café,Formel,Chez Hamid,34.0288375,-4.9949803,icons/cafe.png,OSM
Fès,Supérette / Mini-market sans nom,Supérette / Mini-market,Formel,Supérette / Mini-market sans nom,34.0283466,-4.994904,icons/convenience.png,OSM
Fès,Café Pâtisserie Restaurant L' Ambra,Café,Formel,Avenue Roi Houssaine Route d ' Immouzzer,34.0205052,-4.9960228,icons/cafe.png,OSM
Fès,Pharmacie Erriad صيدلية الرياض,Parapharmacie,Formel,Fès,34.0244919,-5.0126568,icons/pharmacy.png,OSM
Fès,Epicier بقال,Supérette / Mini-market,Formel,Hay Raha,34.0240824,-5.0128179,icons/convenience.png,OSM
Fès,Laitière,Café,Formel,Hay Raha,34.0235397,-5.0130275,icons/cafe.png,OSM
Fès,Epicier بقال,Supérette / Mini-market,Formel,Hay Raha,34.0236642,-5.0129682,icons/convenience.png,OSM
Fès,Pharmacie Mekouar صيدلية مكوار,Parapharmacie,Formel,"Avenue Roi Houssaine Route d ' Immouzzer Resi Riad, Fès",34.0309569,-4.9981453,icons/pharmacy.png,OSM
Fès,Café Adan,Café,Formel,Avenue Roi Houssaine Rue Ibn Hani,34.0288502,-4.9991501,icons/cafe.png,OSM
Fès,Chocotine,Boutique de confiserie,Informel,Avenue Roi Houssaine Route d ' Immouzzer Resi Nezha,34.0241986,-4.9976008,icons/confectionery.png,OSM
Fès,Supérette / Mini-market sans nom,Supérette / Mini-market,Formel,Supérette / Mini-market sans nom,34.0289515,-4.9953031,icons/convenience.png,OSM
Fès,Snack mouhcine,Restaurant,Formel,Snack mouhcine,34.0289796,-4.9954521,icons/restaurant.png,OSM
Fès,Restaurant Lounge Andalous,Restaurant,Formel,"Avenue Roi Houssaine Route d ' Immouzzer, 34 Route d'mouzzer fes",34.0210876,-4.9968308,icons/restaurant.png,OSM
Fès,Epicier بقال,Supérette / Mini-market,Formel,Hay Riad,34.0261481,-5.0110104,icons/convenience.png,OSM
Fès,L' Ami,Restaurant,Formel,Avenue Roi Houssaine Route d ' Immouzzer près du Café Adan,34.028785,-4.9989417,icons/restaurant.png,OSM
Fès,Domino's,Restaurant,Formel,Domino's,34.0456794,-4.9952002,icons/restaurant.png,OSM
Fès,Laitière,Café,Formel,Jabal Tar,34.026837,-5.0098969,icons/cafe.png,OSM
Fès,Epicier بقال,Supérette / Mini-market,Formel,Jabal Tar,34.0267797,-5.0096729,icons/convenience.png,OSM
Fès,Pharmacie Pasteur صيدلية باستور,Parapharmacie,Formel,"HAY SALAM BOURKAYEZ, Fès",34.0271122,-5.009844,icons/pharmacy.png,OSM
Fès,Epicier بقال,Supérette / Mini-market,Formel,Rue Aljaziras HAY salam,34.0269055,-5.010643,icons/convenience.png,OSM
Fès,Epicier بقال,Supérette / Mini-market,Formel,Rharnata Hay Salam,34.0273733,-5.0108673,icons/convenience.png,OSM
Fès,Boulangerie,Boulangerie,Formel,Rue soussane,34.0211557,-5.0044973,icons/bakery.png,OSM
Fès,Epicier بقال,Supérette / Mini-market,Formel,Saoussan Hay Zaza,34.0212742,-5.0044413,icons/convenience.png,OSM
Fès,Cremerie,Café,Formel,Rue Philippine Hay Zaza,34.023029,-5.0056843,icons/cafe.png,OSM
Fès,Epicier بقال,Supérette / Mini-market,Formel,Rue Philippine Hay Zaza,34.023086,-5.0054008,icons/convenience.png,OSM
Fès,Epicier بقال,Supérette / Mini-market,Formel,Marche Hay Zaza,34.0231612,-5.0057764,icons/convenience.png,OSM
Fès,Epicier بقال,Supérette / Mini-market,Formel,Rue Zitoue,34.0232554,-5.0045549,icons/convenience.png,OSM
Fès,Epicier بقال,Supérette / Mini-market,Formel,Rue Zitoune Hay Zaza,34.0230689,-5.004696,icons/convenience.png,OSM
Fès,Café Pane vero,Café,Formel,Hay Zaza,34.0255399,-5.0038378,icons/cafe.png,OSM
Fès,Café et Restaurant Dix - 30,Café,Formel,Avenue My Hicham Route d ' Immouzzer,34.0267134,-4.9955681,icons/cafe.png,OSM
Fès,Pharmacie Arrazi صيدلية الرازي,Parapharmacie,Formel,"Boulevard Moulay Hicham, Fès",34.0260606,-4.9976251,icons/pharmacy.png,OSM
Fès,Pâtisserie La Fougasse,Boulangerie,Formel,Avenue My Hicham Route d ' Immouzzer,34.0264668,-4.9954316,icons/bakery.png,OSM
Fès,Café Santa Rosa,Café,Formel,Avenue My Hicham et Avenue Lissaneddine Ibn Khatib Route d ' Immouzzer,34.0266725,-4.9945839,icons/cafe.png,OSM
Fès,Supermarché Ahlan,Supermarché,Formel,Avenue My Hicham Route d ' Immouzzer,34.0261205,-4.9973604,icons/supermarket.png,OSM
Fès,Café Victoria,Café,Formel,Avenue Ibn Khatib Atlas Route de Sefrou,34.028206,-4.9925125,icons/cafe.png,OSM
Fès,Café Pasta,Café,Formel,Avenue Ibn Khatib Atlas Route de Sefrou,34.0277695,-4.9930159,icons/cafe.png,OSM
Fès,Epicier بقال,Supérette / Mini-market,Formel,Abi Jaafar Ibno Atiya,34.0263608,-5.0039441,icons/convenience.png,OSM
Fès,Laitière Meryem,Café,Formel,Abi Jaafar Ibno Atiya,34.0262965,-5.0040281,icons/cafe.png,OSM
Fès,Epicier بقال,Supérette / Mini-market,Formel,Abi Jaafar Ibno Atiya,34.0256247,-5.0033271,icons/convenience.png,OSM
Fès,Cremerie,Café,Formel,Abdellah Aziz Fechtali,34.0262715,-5.0036462,icons/cafe.png,OSM
Fès,Outshy Sandwich Club,Restaurant,Formel,Avenue Ibn Khatib Route d ' Immouzzer,34.0263059,-4.9946297,icons/restaurant.png,OSM
Fès,Epicier بقال,Supérette / Mini-market,Formel,Abdelaziz Fechtali,34.0265502,-5.0032101,icons/convenience.png,OSM
Fès,Cremerie Aberahim,Café,Formel,Abdelaziz Fechtali,34.0269526,-5.0026699,icons/cafe.png,OSM
Fès,Agoumi Abdelilah Épicier,Supérette / Mini-market,Formel,Avenue Ibn Khatib Route d ' Immouzzer,34.0257946,-4.9952786,icons/convenience.png,OSM
Fès,Dar Benkirane,Supermarché,Formel,Avenue Ibn Khatib Route d ' Immouzzer Resi Étoiles,34.0249471,-4.9962782,icons/supermarket.png,OSM
Fès,Café Flamme Rouge,Café,Formel,Avenue Ibn Khatib Route d ' Immouzzer Resi Étoiles,34.0248589,-4.996368,icons/cafe.png,OSM
Fès,Supermarché BIM,Supermarché,Formel,Avenue Ibn Khatib Route d ' Immouzzer,34.0245012,-4.9968181,icons/supermarket.png,OSM
Fès,Epicier بقال,Supérette / Mini-market,Formel,Rue Soulaymane El Mouwahidi,34.0255101,-5.0016325,icons/convenience.png,OSM
Fès,Café Pronto,Café,Formel,Ait Skatou,34.026278,-5.0004703,icons/cafe.png,OSM
Fès,La Table Libanaise,Restaurant,Formel,Ait Skatou,34.0262049,-5.0002774,icons/restaurant.png,OSM
Fès,Cremerie Makour,Café,Formel,Ait Skatou,34.0260602,-4.9990322,icons/cafe.png,OSM
Fès,Crémerie Sbai Sassi Saad,Café,Formel,Avenue Khalid Ibn Oualid Hay Bouramana,34.0218134,-4.9936821,icons/cafe.png,OSM
Fès,Rami Mohamed Épicier A,Supérette / Mini-market,Formel,Avenue Khalid Ibn Oualid Hay Bouramana,34.0217546,-4.9936623,icons/convenience.png,OSM
Fès,Para Comptoire,Parapharmacie,Formel,Ait Skatou,34.0261142,-4.99872,icons/pharmacy.png,OSM
Fès,La Tulipe,Café,Formel,Ait Skatou,34.026125,-4.9986788,icons/cafe.png,OSM
Fès,Epicier بقال,Supérette / Mini-market,Formel,Ait Skatou,34.0260256,-4.998834,icons/convenience.png,OSM
Fès,Le Salaj,Restaurant,Formel,"Derb Salaj, Fès",34.0605711,-4.9811934,icons/restaurant.png,OSM
Fès,Café le Bon Coin,Café,Formel,Avenue Moulay Youssef,34.0460235,-4.9967595,icons/cafe.png,OSM
Fès,Supérette / Mini-market sans nom,Supérette / Mini-market,Formel,Supérette / Mini-market sans nom,34.0459875,-4.996774,icons/convenience.png,OSM
Fès,Café la jeunesse,Café,Formel,Avenue Moulay Youssef,34.0458566,-4.9968059,icons/cafe.png,OSM
Fès,Supérette / Mini-market sans nom,Supérette / Mini-market,Formel,Supérette / Mini-market sans nom,34.0458104,-4.9977334,icons/convenience.png,OSM
Fès,Superette Syjilmassa,Supermarché,Formel,Route Ain Chkaf,34.0130814,-5.0078926,icons/supermarket.png,OSM
Fès,Café L'Ariva,Café,Formel,Route Ain Chkef,34.0123677,-5.008149,icons/cafe.png,OSM
Fès,Poisson L' Ariva,Restaurant,Formel,Route Ain Chkaf,34.0122349,-5.0081951,icons/restaurant.png,OSM
Fès,Palma Palace,Café,Formel,Route Ain Chkaf,34.0099816,-5.0090247,icons/cafe.png,OSM
Fès,Epicier بقال,Supérette / Mini-market,Formel,Route Ain Chkaf,34.0092077,-5.0093539,icons/convenience.png,OSM
Fès,Épicerie + télé boutique,Supérette / Mini-market,Formel,Avenue lalla Hasnae,34.0449233,-4.998121,icons/convenience.png,OSM
Fès,Amghar Driss Épicier,Supérette / Mini-market,Formel,Avenue My Rachid Route de Sefrou Narjis A Resi Al Baraka 2,34.0177517,-4.985177,icons/convenience.png,OSM
Fès,Pharmacie Conseil صيدلية النصيحة,Parapharmacie,Formel,"Route de Sefrou Lotis Ouafae 1, Fès",34.0132374,-4.9815705,icons/pharmacy.png,OSM
Fès,Supermarché BIM,Supermarché,Formel,Avenue My Rachid Route de Sefrou Narjis A,34.0182945,-4.9855961,icons/supermarket.png,OSM
Fès,Café Andalousia,Café,Formel,Avenue My Rachid Route de Sefrou Narjis A Resi Al Baraka,34.0173305,-4.9849187,icons/cafe.png,OSM
Fès,Arizona Pizzeria,Restaurant,Formel,Avenue My Rachid Route de Sefrou Narjis A Lotis Amine,34.0137506,-4.9820299,icons/restaurant.png,OSM
Fès,Crémerie,Café,Formel,Avenue My Rachid Route de Sefrou Narjis A Resi Al Baraka 5,34.016632,-4.9843017,icons/cafe.png,OSM
Fès,Carrefour Market,Supermarché,Formel,Fez فاس‎,34.0015593,-5.0105851,icons/supermarket.png,OSM
Fès,Cremerie,Café,Formel,Avenue lalla Hasnae,34.0449274,-4.9979735,icons/cafe.png,OSM
Fès,Café villa nouva,Café,Formel,Avenue Hassan II,34.0447317,-4.9973407,icons/cafe.png,OSM
Fès,Epicier بقال,Supérette / Mini-market,Formel,Route Ain Chkaf,34.0009147,-5.0103006,icons/convenience.png,OSM
Fès,L'original,Restaurant,Formel,Avenue Hassan II شارع الحسن الثاني,34.0438991,-4.9980456,icons/restaurant.png,OSM
Fès,مقشدة الريف,Restaurant,Formel,Avenue My Rachid Route de Sefrou Lotis Ouafae 1,34.0118513,-4.9805389,icons/restaurant.png,OSM
Fès,Café TopKapi,Café,Formel,Avenue My Rachid Route de Sefrou Lotis Ouafae 1,34.0111625,-4.9799708,icons/cafe.png,OSM
Fès,Café Le Paris,Café,Formel,Avenue Hassan II,34.0431638,-4.9986013,icons/cafe.png,OSM
Fès,Épicier,Supérette / Mini-market,Formel,Avenue Hassan II,34.0407465,-5.0004967,icons/convenience.png,OSM
Fès,Cremerie Hawaï,Café,Formel,Avenue Hassan II,34.0408027,-5.0004564,icons/cafe.png,OSM
Fès,Café L' Aciana,Café,Formel,Route Ain Chkaf,33.9982721,-5.0107273,icons/cafe.png,OSM
Fès,Epicier بقال,Supérette / Mini-market,Formel,Route Ain Chkaf,33.9985489,-5.0110353,icons/convenience.png,OSM
Fès,Epicier بقال,Supérette / Mini-market,Formel,Route Ain Chkaf,33.9979625,-5.0112582,icons/convenience.png,OSM
Fès,Café avenda palace,Café,Formel,Café avenda palace,34.0105471,-4.9795492,icons/cafe.png,OSM
Fès,Pharmacie Al Ihssane,Parapharmacie,Formel,"6 LOTT ALOUAFAE AVENUE MY RACHID RTE SEFFROU FES, 6 LOTISS EL WAFA BD MY RACHID RTE SEFROU FEZ, Fès",34.0101598,-4.9792405,icons/pharmacy.png,OSM
Fès,Café mixe,Café,Formel,Café mixe,34.0104608,-4.9794754,icons/cafe.png,OSM
Fès,Crémerie Al jazira,Café,Formel,Crémerie Al jazira,34.0092225,-4.9786352,icons/cafe.png,OSM
Fès,Café la Gamme,Café,Formel,Avenue Hassan II,34.0386817,-5.0022922,icons/cafe.png,OSM
Fès,Café Alanya,Café,Formel,Café Alanya,34.0093657,-4.9787698,icons/cafe.png,OSM
Fès,Café villa nova,Café,Formel,Café villa nova,34.0091465,-4.9785603,icons/cafe.png,OSM
Fès,Pescado,Restaurant,Formel,Route Ain Chkaf,34.0017992,-5.0103986,icons/restaurant.png,OSM
Fès,Le Narval,Restaurant,Formel,Route Ain Chkaf,34.0017124,-5.0101245,icons/restaurant.png,OSM
Fès,Café Al Momayaza,Café,Formel,Route Ain Chkaf,34.0015077,-5.0094249,icons/cafe.png,OSM
Fès,Restaurant sans nom,Restaurant,Formel,Route Ain Chkaf,34.0016803,-5.0099873,icons/restaurant.png,OSM
Fès,Cremerie jus Blanco,Café,Formel,Route Ain Chkaf,34.0016567,-5.0098923,icons/cafe.png,OSM
Fès,Epicier بقال,Supérette / Mini-market,Formel,Route Ain Chkaf,34.0009432,-5.0067697,icons/convenience.png,OSM
Fès,Café San claire,Café,Formel,Route Ain Chkaf,34.0004489,-5.0079965,icons/cafe.png,OSM
Fès,Pharmacie El Karam صيدلية الكرم,Parapharmacie,Formel,"DHAR LKHMISS L'HABITAT, Fés",34.0698093,-4.9870605,icons/pharmacy.png,OSM
Fès,Cass-croute assimate Dajaj,Restaurant,Formel,Rue d'Arabie Saoudite,34.0398312,-5.0018269,icons/restaurant.png,OSM
Fès,Pharmacie Blanco صيدلية بلانكو,Parapharmacie,Formel,"Ridicule Yasmine rte Ain chqef, Fès",33.9992559,-5.0091302,icons/pharmacy.png,OSM
Fès,Cremerie Yahya Asfour,Café,Formel,Riad Yasmine,33.9991435,-5.0092539,icons/cafe.png,OSM
Fès,Casse croûte Nakhil,Restaurant,Formel,Rue d'Arabie Saoudite,34.0398013,-5.0017545,icons/restaurant.png,OSM
Fès,Supérette / Mini-market sans nom,Supérette / Mini-market,Formel,Supérette / Mini-market sans nom,34.0398561,-5.001878,icons/convenience.png,OSM
Fès,Vente Du Pain,Boulangerie,Formel,Riad Yasmine,33.9984114,-5.0096237,icons/bakery.png,OSM
Fès,Epicier بقال,Supérette / Mini-market,Formel,Riad Yasmine,33.9982853,-5.0096278,icons/convenience.png,OSM
Fès,Café Mikki Rikki,Café,Formel,Fadilla 3,33.9992032,-5.0079394,icons/cafe.png,OSM
Fès,Boulangerie,Boulangerie,Formel,Boulangerie,34.0189562,-4.9839422,icons/bakery.png,OSM
Fès,Cremerie Dahbi,Café,Formel,Fadilla 3,33.9995973,-5.0071111,icons/cafe.png,OSM
Fès,Pharmacie El Majd صيدلية المجد,Parapharmacie,Formel,"BVD. KARAOUIN HAY NARJISS, Avenue Karouyine شارع القرويين, Fès",34.0177335,-4.980803,icons/pharmacy.png,OSM
Fès,Café espace dream,Café,Formel,Café espace dream,34.0172552,-4.9798936,icons/cafe.png,OSM
Fès,Snack mardilla,Restaurant,Formel,Snack mardilla,34.0170513,-4.979175,icons/restaurant.png,OSM
Fès,Snack Moncef,Restaurant,Formel,Snack Moncef,34.0169309,-4.9789507,icons/restaurant.png,OSM
Fès,Café frankfort,Café,Formel,Café frankfort,34.0168668,-4.9788499,icons/cafe.png,OSM
Fès,Snack,Restaurant,Formel,Snack,34.0168359,-4.978776,icons/restaurant.png,OSM
Fès,Café las palmas,Café,Formel,Café las palmas,34.0166721,-4.9782707,icons/cafe.png,OSM
Fès,Droguerie أجزاخانة,Épicerie,Informel,Droguerie أجزاخانة,34.0106202,-4.9796091,icons/greengrocer.png,OSM
Fès,Café galaxi,Café,Formel,Café galaxi,34.0090202,-4.978418,icons/cafe.png,OSM
Fès,Epicier بقال,Supérette / Mini-market,Formel,Fadila3,33.9989656,-5.0056134,icons/convenience.png,OSM
Fès,Cremerie florence,Café,Formel,Rue d'Arabie Saoudite,34.0412617,-5.0010436,icons/cafe.png,OSM
Fès,Café topkapi,Café,Formel,Café topkapi,34.0160678,-4.9765666,icons/cafe.png,OSM
Fès,Epicier بقال,Supérette / Mini-market,Formel,Fadila3,34.0000789,-5.0054732,icons/convenience.png,OSM
Fès,Café espace artista,Café,Formel,Café espace artista,34.0158413,-4.9761059,icons/cafe.png,OSM
Fès,Café Milanino,Café,Formel,Fadila 3,34.0004279,-5.0053139,icons/cafe.png,OSM
Fès,Café Fath,Café,Formel,Route Ain Chkef,34.0000829,-5.0046563,icons/cafe.png,OSM
Fès,Restaurant fiesta,Restaurant,Formel,Restaurant fiesta,34.0150451,-4.9757537,icons/restaurant.png,OSM
Fès,Café fiesta,Café,Formel,Café fiesta,34.01499,-4.9756559,icons/cafe.png,OSM
Fès,Café l'incontro,Café,Formel,Café l'incontro,34.0151971,-4.975945,icons/cafe.png,OSM
Fès,Pharmacie Al Ahbab صيدلية الأحباب,Parapharmacie,Formel,"254 Lot fadela 3 rte Ain chkef, Fès",33.9992501,-5.004313,icons/pharmacy.png,OSM
Fès,Snack delice,Restaurant,Formel,Snack delice,34.0150926,-4.9748132,icons/restaurant.png,OSM
Fès,Restaurant al jazira,Restaurant,Formel,Restaurant al jazira,34.0151613,-4.9747362,icons/restaurant.png,OSM
Fès,Restaurant Picasso,Restaurant,Formel,Restaurant Picasso,34.0152458,-4.9746177,icons/restaurant.png,OSM
Fès,Snack Disney,Restaurant,Formel,Snack Disney,34.0165266,-4.9778591,icons/restaurant.png,OSM
Fès,Snack la place,Restaurant,Formel,Snack la place,34.014481,-4.9726783,icons/restaurant.png,OSM
Fès,Supérette / Mini-market sans nom,Supérette / Mini-market,Formel,Supérette / Mini-market sans nom,34.0144497,-4.9724555,icons/convenience.png,OSM
Fès,Pharmacie Taiba صيدلية طيبة,Parapharmacie,Formel,"Route Ain Chkef, Fès",34.001416,-5.0066556,icons/pharmacy.png,OSM
Fès,Patisserie Adwak Marocaine,Boulangerie,Formel,Route Ain Chkef,34.0012042,-5.005915,icons/bakery.png,OSM
Fès,Supérette / Mini-market sans nom,Supérette / Mini-market,Formel,Supérette / Mini-market sans nom,34.0144245,-4.972232,icons/convenience.png,OSM
Fès,Café sans nom,Café,Formel,Café sans nom,34.0144205,-4.9720712,icons/cafe.png,OSM
Fès,Pharmacie Ibn Khaldoun صيدلية ابن خلدون,Parapharmacie,Formel,"narjiss bvd karaouine, Avenue Karouyine شارع القرويين, Fés",34.0144522,-4.9717966,icons/pharmacy.png,OSM
Fès,Cremerie Pourquoi pas,Café,Formel,Route Ain Chkef,34.0024644,-5.0080498,icons/cafe.png,OSM
Fès,Crémerie salam,Café,Formel,Crémerie salam,34.0144403,-4.9723723,icons/cafe.png,OSM
Fès,Café Pollak,Café,Formel,Café Pollak,34.0144461,-4.9709397,icons/cafe.png,OSM
Fès,Cremerie Zahrat et Al Madaen,Café,Formel,Route Ain Chkef,34.0026643,-5.0083741,icons/cafe.png,OSM
Fès,Café Riad Yasmine,Café,Formel,Route Ain Chkef,34.0024735,-5.0082893,icons/cafe.png,OSM
Fès,Tradi Maison Fès,Boulangerie,Formel,"Zahrat al madain Route Ain Chkef, Fès",34.0026677,-5.0080413,icons/bakery.png,OSM
Fès,Supérette / Mini-market sans nom,Supérette / Mini-market,Formel,Supérette / Mini-market sans nom,34.0144196,-4.964364,icons/convenience.png,OSM
Fès,Laiterie imane,Café,Formel,Laiterie imane,34.014426,-4.964463,icons/cafe.png,OSM
Fès,Café,Café,Formel,Café,34.0145486,-4.969416,icons/cafe.png,OSM
Fès,Café casanova,Café,Formel,Café casanova,34.0145434,-4.9688867,icons/cafe.png,OSM
Fès,Café Ayoub,Café,Formel,Café Ayoub,34.0145658,-4.9700912,icons/cafe.png,OSM
Fès,Epicier بقال,Supérette / Mini-market,Formel,Fadila3,33.9981559,-5.0051614,icons/convenience.png,OSM
Fès,Epicier بقال,Supérette / Mini-market,Formel,Fadila3,33.998774,-5.0043836,icons/convenience.png,OSM
Fès,Epicier بقال,Supérette / Mini-market,Formel,Route Ain Chkaf,34.0026589,-5.0085495,icons/convenience.png,OSM
Fès,Epicier بقال,Supérette / Mini-market,Formel,Route Ain Chkaf,34.0034683,-5.0072889,icons/convenience.png,OSM
Fès,Crémerie Argana,Café,Formel,Avenue My Rachid Route de Sefrou Zohor 1 près du Complexe Social des Aveugles,34.0149114,-4.9835116,icons/cafe.png,OSM
Fès,Pizza Pasta,Restaurant,Formel,Avenue My Rachid Route de Sefrou Zohor 1,34.0121037,-4.9813166,icons/restaurant.png,OSM
Fès,Café Basma,Café,Formel,Avenue My Rachid Route de Sefrou Zohor 1 Rue Boulivia,34.0117539,-4.9810307,icons/cafe.png,OSM
Fès,Café El Manar,Café,Formel,Avenue My Rachid Route de Sefrou Zohor 1 Rue Chili,34.0108306,-4.980328,icons/cafe.png,OSM
Fès,Café Somatra,Café,Formel,Avenue My Rachid Route de Sefrou Zohor 2 Lotis Laila,34.0077459,-4.978071,icons/cafe.png,OSM
Fès,Société Café,Café,Formel,Avenue Karama et Avenue Abi Horaira Zohor 1,34.0179105,-4.9859624,icons/cafe.png,OSM
Fès,Café Top Marveille,Café,Formel,Avenue My Rachid Route de Sefrou Zohor 1,34.017739,-4.9855905,icons/cafe.png,OSM
Fès,Primo Snack,Restaurant,Formel,Avenue My Rachid Route de Sefrou Zohor 1 près du Complexe Social des Aveugles,34.0145313,-4.9832399,icons/restaurant.png,OSM
Fès,Snack,Restaurant,Formel,Avenue My Rachid Route de Sefrou Zohor 1 près du Complexe Social des Aveugles,34.0143075,-4.9830704,icons/restaurant.png,OSM
Fès,Café Sidney,Café,Formel,Avenue My Rachid Route de Sefrou Lotis Hicham Zohor 1,34.0131325,-4.9821465,icons/cafe.png,OSM
Fès,Café Belhaj,Café,Formel,Avenue My Rachid Route de Sefrou Zohor 1,34.0128955,-4.9819537,icons/cafe.png,OSM
Fès,Café Rosaleda,Café,Formel,Avenue My Rachid Route de Sefrou Zohor 1 Resi Beau séjour,34.0110722,-4.9805001,icons/cafe.png,OSM
Fès,Snack Al Aila Aziz Boukir,Restaurant,Formel,Avenue My Rachid Route de Sefrou Zohor 1,34.0106204,-4.9801866,icons/restaurant.png,OSM
Fès,Café Conporcini,Café,Formel,Avenue My Rachid Route de Sefrou Zohor 1,34.0103619,-4.9799922,icons/cafe.png,OSM
Fès,Café Nakhlate,Café,Formel,Avenue My Rachid Route de Sefrou Zohor 2 Lotis Iraki,34.0092134,-4.9792737,icons/cafe.png,OSM
Fès,Café La grille,Café,Formel,Avenue My Rachid Route de Sefrou Zohor 2 Lotis Iraki,34.0091298,-4.9792125,icons/cafe.png,OSM
Fès,Café Qatar,Café,Formel,Avenue My Rachid Route de Sefrou Lotis Hicham Zohor 1,34.0134149,-4.9823579,icons/cafe.png,OSM
Fès,Café Genova,Café,Formel,Avenue My Rachid Route de Sefrou Zohor 1,34.0128208,-4.9818994,icons/cafe.png,OSM
Fès,Café El Fadl,Café,Formel,Avenue My Rachid Route de Sefrou Zohor 1,34.0127083,-4.9818101,icons/cafe.png,OSM
Fès,Crémerie Saiss,Café,Formel,Avenue My Rachid Route de Sefrou Zohor 1 Resi Mehdi 3,34.0119782,-4.9812266,icons/cafe.png,OSM
Fès,Pharmacie C.H.U Hassan II صيدلية الحسن الثاني,Parapharmacie,Formel,"Avenue My Rachid Route de Sefrou Zohor 2 Lotis Laila, Fès",34.0076473,-4.9779753,icons/pharmacy.png,OSM
Fès,Café la Perla,Café,Formel,Café la Perla,34.0145981,-4.9709311,icons/cafe.png,OSM
Fès,Café Reda,Café,Formel,Café Reda,34.0146143,-4.9712325,icons/cafe.png,OSM
Fès,Parapharmacie Taha,Parapharmacie,Formel,Route Ain Chkef,34.0043557,-5.0073949,icons/pharmacy.png,OSM
Fès,Crémerie Vego,Café,Formel,Crémerie Vego,34.0146125,-4.9713529,icons/cafe.png,OSM
Fès,Crémerie,Café,Formel,Crémerie,34.0146136,-4.972152,icons/cafe.png,OSM
Fès,Epicier بقال,Supérette / Mini-market,Formel,Route Ain Chkef,34.0044733,-5.0074414,icons/convenience.png,OSM
Fès,Supérette / Mini-market sans nom,Supérette / Mini-market,Formel,Supérette / Mini-market sans nom,34.0146127,-4.9722317,icons/convenience.png,OSM
Fès,Café sans nom,Café,Formel,Route Ain Chkef,34.005307,-5.0080054,icons/cafe.png,OSM
Fès,laitiere,Café,Formel,Route Ain Chkef,34.0052874,-5.008201,icons/cafe.png,OSM
Fès,Epicier بقال,Supérette / Mini-market,Formel,Route Ain Chkef,34.0048678,-5.0077669,icons/convenience.png,OSM
Fès,Epicier بقال,Supérette / Mini-market,Formel,Route Ain Chkef,34.003764,-5.0082236,icons/convenience.png,OSM
Fès,Café Ithri,Café,Formel,Café Ithri,34.0147988,-4.9730616,icons/cafe.png,OSM
Fès,Café Mantequilla,Café,Formel,Route Ain Chkef,34.0039355,-5.0090642,icons/cafe.png,OSM
Fès,Café Madar,Café,Formel,Café Madar,34.0155217,-4.9744993,icons/cafe.png,OSM
Fès,Café et Hôtel Narjis,Café,Formel,Avenue My Rachid Route de Sefrou Lotis Hicham Zohor 1,34.013199,-4.9822057,icons/cafe.png,OSM
Fès,Epicier بقال,Supérette / Mini-market,Formel,Route Ain Chkef,34.0066376,-5.0077694,icons/convenience.png,OSM
Fès,Crémerie El Fath,Café,Formel,Crémerie El Fath,34.0161885,-4.9765162,icons/cafe.png,OSM
Fès,Crémerie Najah,Café,Formel,Crémerie Najah,34.0161482,-4.9764138,icons/cafe.png,OSM
Fès,Cremerie Abou Amira,Café,Formel,Route Ain Chkef,34.0065329,-5.0078068,icons/cafe.png,OSM
Fès,Pâtisserie Douk Rafie,Boulangerie,Formel,Route Ain Chkef,34.0065735,-5.0077927,icons/bakery.png,OSM
Fès,Epicier بقال,Supérette / Mini-market,Formel,Route Ain Chkef,34.00661,-5.0077795,icons/convenience.png,OSM
Fès,Vente Produits d'Alimentations,Supermarché,Formel,Route Ain Chkef,34.0061963,-5.008184,icons/supermarket.png,OSM
Fès,Pharmacie Al Inaya صيدلية العناية,Parapharmacie,Formel,"narjiss rte de sefrou, Avenue Karouyine شارع القرويين, Fès",34.0166064,-4.9775556,icons/pharmacy.png,OSM
Fès,Parapharmacie La Vedette,Parapharmacie,Formel,Parapharmacie La Vedette,34.0166342,-4.9776831,icons/pharmacy.png,OSM
Fès,Café Caraibi Palace,Café,Formel,Route Ain Chkef,34.0061028,-5.0082133,icons/cafe.png,OSM
Fès,Café Hoda,Café,Formel,Café Hoda,34.0175332,-4.9798922,icons/cafe.png,OSM
Fès,Snack Damascus,Restaurant,Formel,Snack Damascus,34.0176294,-4.9801894,icons/restaurant.png,OSM
Fès,Café oualid,Café,Formel,Café oualid,34.0179027,-4.9808644,icons/cafe.png,OSM
Fès,Café Dublin palace,Café,Formel,Café Dublin palace,34.0181293,-4.9813397,icons/cafe.png,OSM
Fès,Epicier بقال,Supérette / Mini-market,Formel,Route Ain Chkef,34.0063671,-5.0081306,icons/convenience.png,OSM
Fès,Café manhatan,Café,Formel,Café manhatan,34.0188709,-4.9831769,icons/cafe.png,OSM
Fès,Epicier بقال,Supérette / Mini-market,Formel,Route Ain Chkef,34.0067856,-5.0080931,icons/convenience.png,OSM
Fès,Vente Alimentation Général,Supérette / Mini-market,Formel,Route Ain Chkef,34.0065403,-5.0080627,icons/convenience.png,OSM
Fès,Vente Fruits Sec,Épicerie,Informel,Route Ain Chkef,34.006607,-5.0080323,icons/greengrocer.png,OSM
Fès,Epicier بقال,Supérette / Mini-market,Formel,Route Ain Chkef,34.0066937,-5.0079909,icons/convenience.png,OSM
Fès,Pharmacie Al Ikhwa صيدلية الإخوة,Parapharmacie,Formel,"Route Ain Chkef, Fès",34.0069752,-5.0085257,icons/pharmacy.png,OSM
Fès,Vente Alimentation Général,Supérette / Mini-market,Formel,Route Ain Chkef,34.0069892,-5.0086887,icons/convenience.png,OSM
Fès,Café l'orientale,Café,Formel,Café l'orientale,34.0191227,-4.983799,icons/cafe.png,OSM
Fès,Super Distribution,Supermarché,Formel,Avenue My Rachid Route de Sefrou Lotis Salam Resi Doae,34.0062187,-4.9769986,icons/supermarket.png,OSM
Fès,Café Billadi,Café,Formel,Route Ain Chkef,34.0065415,-5.0053223,icons/cafe.png,OSM
Fès,Pharmacie Haoudi صيدلية هاودي,Parapharmacie,Formel,"467 A Lotissement NARJIS, Avenue Karouyine شارع القرويين, Fès",34.0196338,-4.9851537,icons/pharmacy.png,OSM
Fès,Pharmacie Najmi صيدلية نجمي,Parapharmacie,Formel,"Hay anas rte ain chkef, Fès",34.0067506,-5.0053672,icons/pharmacy.png,OSM
Fès,Pharmacie La Victoire صيدلية النصر,Parapharmacie,Formel,"Avenue Abi Horaira Zohor 1, Fès",34.0178887,-4.9862395,icons/pharmacy.png,OSM
Fès,Snack Momo,Restaurant,Formel,Avenue Abi Horaira Zohor 1,34.0178219,-4.9865163,icons/restaurant.png,OSM
Fès,Restaurant La Rose,Restaurant,Formel,Avenue Abi Horaira Zohor 1,34.0175475,-4.9877056,icons/restaurant.png,OSM
Fès,Snack Ghlimi,Restaurant,Formel,Avenue Abi Horaira Zohor 1,34.0175327,-4.98777,icons/restaurant.png,OSM
Fès,Café Kortoba,Café,Formel,Avenue Abi Horaira Zohor 1,34.0176115,-4.9874284,icons/cafe.png,OSM
Fès,Restaurant Zarda,Restaurant,Formel,Avenue Abi Horaira Zohor 1,34.0175678,-4.9876177,icons/restaurant.png,OSM
Fès,Café La Paix,Café,Formel,Avenue Abi Horaira Zohor 1,34.0175876,-4.9875321,icons/cafe.png,OSM
Fès,Snack Amigon,Restaurant,Formel,Avenue Abi Horaira Zohor 1,34.0175066,-4.9878828,icons/restaurant.png,OSM
Fès,Snack Bimbirim,Restaurant,Formel,Avenue Abi Horaira Zohor 1,34.0174811,-4.9879933,icons/restaurant.png,OSM
Fès,Snack El Baraka,Restaurant,Formel,Avenue Abi Horaira Zohor 1,34.0174599,-4.9880855,icons/restaurant.png,OSM
Fès,Boulangerie Al moustakbal,Boulangerie,Formel,Route Ain Chkef,34.0051196,-5.0057358,icons/bakery.png,OSM
Fès,Café Belfort,Café,Formel,Route Ain Chkef,34.0045917,-5.0042921,icons/cafe.png,OSM
Fès,Cremerie Al Khir,Café,Formel,Route Ain Chkef,34.0039067,-5.0032658,icons/cafe.png,OSM
Fès,Plast Food,Restaurant,Formel,Plast Food,34.0037954,-5.0032737,icons/restaurant.png,OSM
Fès,Café Ice Square,Café,Formel,Route Ain Chkef,34.004059,-5.0032938,icons/cafe.png,OSM
Fès,Café La Terrasse,Café,Formel,Route Ain Chkef,34.0041952,-5.0033014,icons/cafe.png,OSM
Fès,Pharmacie Fatima Ezzahra صيدلية فاطمة الزهراء,Parapharmacie,Formel,"2 LOT TOURIA ANAS 3, Fès",34.0046872,-5.0014405,icons/pharmacy.png,OSM
Fès,Epicier بقال,Supérette / Mini-market,Formel,Route Ain Chkef,34.0046087,-5.0016543,icons/convenience.png,OSM
Fès,Café Sanabil,Café,Formel,Café Sanabil,34.0339245,-5.0172209,icons/cafe.png,OSM
Fès,Addouz Ali Épicier,Supérette / Mini-market,Formel,Avenue Abi Horaira Zohor 1,34.0174344,-4.9881957,icons/convenience.png,OSM
Fès,Café La Caserne,Café,Formel,Avenue Abi Horaira Zohor 1,34.0172846,-4.9888452,icons/cafe.png,OSM
Fès,Épicier,Supérette / Mini-market,Formel,Avenue Abi Horaira Zohor 1,34.0172654,-4.9889282,icons/convenience.png,OSM
Fès,Pharmacie El Houda صيدلية الهدى,Parapharmacie,Formel,"Avenue Abi Horaira Zohor 1, Fès",34.0171254,-4.9894159,icons/pharmacy.png,OSM
Fès,Café Artiistico,Café,Formel,Avenue Abi Horaira Zohor 1,34.0171009,-4.9896414,icons/cafe.png,OSM
Fès,Café Sais Palas,Café,Formel,Route Ain Chkef,34.0044453,-5.0035458,icons/cafe.png,OSM
Fès,Laiterie el Fath,Café,Formel,Laiterie el Fath,34.0169457,-4.9814987,icons/cafe.png,OSM
Fès,Crémerie ghaita,Café,Formel,Crémerie ghaita,34.0167821,-4.981513,icons/cafe.png,OSM
Fès,Boulangerie Dahmani,Boulangerie,Formel,Route Ain Chkef,34.0099394,-5.0056802,icons/bakery.png,OSM
Fès,Epicier بقال,Supérette / Mini-market,Formel,Route Ain Chkef,34.0096272,-5.0056298,icons/convenience.png,OSM
Fès,Laiterie Anasse,Café,Formel,Laiterie Anasse,34.0172017,-4.9814853,icons/cafe.png,OSM
Fès,Pharmacie Bakkali صيدلية البقالي,Parapharmacie,Formel,"Route Ain Chkef, Fès",34.0103035,-5.0057817,icons/pharmacy.png,OSM
Fès,Laiterie,Café,Formel,Laiterie,34.0174552,-4.9814497,icons/cafe.png,OSM
Fès,Snack la Ribera,Restaurant,Formel,Snack la Ribera,34.0177124,-4.981429,icons/restaurant.png,OSM
Fès,Café Ramses,Café,Formel,Café Ramses,34.0198528,-4.9812328,icons/cafe.png,OSM
Fès,Café Malak,Café,Formel,Avenue Karama Zohour 1,34.0172508,-4.9859516,icons/cafe.png,OSM
Fès,Société Dizig Épicier en demi - gros,Supermarché,Formel,Avenue Karama Zohour 1,34.0173626,-4.9859453,icons/supermarket.png,OSM
Fès,Café Hataba,Café,Formel,Avenue Karama Zohour 1,34.0176338,-4.9859135,icons/cafe.png,OSM
Fès,"Pâtisserie, Boulangerie et Grillade Al Karama",Boulangerie,Formel,Avenue Karama Zohour 1,34.0153531,-4.9860894,icons/bakery.png,OSM
Fès,Epicier بقال,Supérette / Mini-market,Formel,Route Imouzer,34.0090991,-5.0033978,icons/convenience.png,OSM
Fès,Café Williams,Café,Formel,Café Williams,34.0185833,-4.9815382,icons/cafe.png,OSM
Fès,Café quattro,Café,Formel,Café quattro,34.0184338,-4.9815436,icons/cafe.png,OSM
Fès,Café Hongkong,Café,Formel,Café Hongkong,34.0187496,-4.9815699,icons/cafe.png,OSM
Fès,Pharmacie Florida صيدلية فلوريدا,Parapharmacie,Formel,"Hay Anass 3, Fès",34.0076467,-5.0031474,icons/pharmacy.png,OSM
Fès,Pharmacie Mont Fleuri صيدلية الجبل,Parapharmacie,Formel,"Avenue Karama Zohour 1, Fès",34.0152601,-4.9860772,icons/pharmacy.png,OSM
Fès,Parapharmacie Al Karama,Parapharmacie,Formel,Avenue Karama Kissariat Al Omarae Zohour 1,34.0150398,-4.9861184,icons/pharmacy.png,OSM
Fès,Boulangerie,Boulangerie,Formel,Boulangerie,34.0183289,-4.9815368,icons/bakery.png,OSM
Fès,Café Biladi,Café,Formel,Avenue Karama Rue Konakri Zohour 1,34.0144486,-4.9861323,icons/cafe.png,OSM
Fès,Café Moya,Café,Formel,Café Moya,34.0167359,-4.9817109,icons/cafe.png,OSM
Fès,Epicier بقال,Supérette / Mini-market,Formel,Route Imouzer,34.0043619,-5.0001664,icons/convenience.png,OSM
Fès,Pharmacie Al Yousr صيدلية اليسر,Parapharmacie,Formel,"Complexe Salalam rte immouzer, Fès",34.012366,-5.0027424,icons/pharmacy.png,OSM
Fès,Café,Café,Formel,Route Imouzer,34.0123861,-5.003173,icons/cafe.png,OSM
Fès,Epicier بقال,Supérette / Mini-market,Formel,Route Imouzer,34.0128049,-5.0025447,icons/convenience.png,OSM
Fès,Restaurant Bavi,Restaurant,Formel,Route Imouzer,34.0128351,-5.0026744,icons/restaurant.png,OSM
Fès,Epicier بقال,Supérette / Mini-market,Formel,Route Imouzer,34.0128767,-5.0024993,icons/convenience.png,OSM
Fès,Café Hally,Café,Formel,Avenue Karama Zohour 1,34.0140671,-4.9861677,icons/cafe.png,OSM
Fès,Poly Cafés,Café,Formel,Avenue Karama Zohour 1,34.0135088,-4.986298,icons/cafe.png,OSM
Fès,Café Samar Leider,Café,Formel,Ain Amir,34.0095308,-5.0034395,icons/cafe.png,OSM
Fès,Epicier بقال,Supérette / Mini-market,Formel,Route Imouzer,34.0089564,-5.0034151,icons/convenience.png,OSM
Fès,Epicier بقال,Supérette / Mini-market,Formel,Route Imouzer,34.0073733,-5.0031978,icons/convenience.png,OSM
Fès,Café Angola,Café,Formel,Café Angola,34.0150408,-4.9820112,icons/cafe.png,OSM
Fès,Café parce halab,Café,Formel,Café parce halab,34.019455,-4.9812417,icons/cafe.png,OSM
Fès,Café l'îlot leila,Café,Formel,Café l'îlot leila,34.0157235,-4.9702722,icons/cafe.png,OSM
Fès,Café Arraidia,Café,Formel,Café Arraidia,34.0160671,-4.9702987,icons/cafe.png,OSM
Fès,Restaurant Katana Suchi,Restaurant,Formel,Route Imouzer,34.0130023,-5.0026782,icons/restaurant.png,OSM
Fès,Café Mallorca,Café,Formel,Café Mallorca,34.0151679,-4.9703474,icons/cafe.png,OSM
Fès,Café Atlantice Palace,Café,Formel,Café Atlantice Palace,34.016192,-4.9702663,icons/cafe.png,OSM
Fès,Café najmat El Jabal,Café,Formel,Café najmat El Jabal,34.0169107,-4.9702504,icons/cafe.png,OSM
Fès,Café Al Magharib,Café,Formel,Café Al Magharib,34.0182702,-4.9701891,icons/cafe.png,OSM
Fès,Café Al Macharik,Café,Formel,Café Al Macharik,34.0188261,-4.9702057,icons/cafe.png,OSM
Fès,Café Espace Rahma,Café,Formel,Café Espace Rahma,34.0168614,-4.9705971,icons/cafe.png,OSM
Fès,Crémerie Anouar,Café,Formel,Crémerie Anouar,34.0167153,-4.9705968,icons/cafe.png,OSM
Fès,Café Rihab fes,Café,Formel,Café Rihab fes,34.0159935,-4.9706051,icons/cafe.png,OSM
Fès,Crémerie oued dahab,Café,Formel,Crémerie oued dahab,34.0161247,-4.9705941,icons/cafe.png,OSM
Fès,Café Mouzar,Café,Formel,Café Mouzar,34.0154496,-4.9706799,icons/cafe.png,OSM
Fès,Café Tamarix Palace,Café,Formel,Café Tamarix Palace,34.0148021,-4.9707188,icons/cafe.png,OSM
Fès,Snack El wafae,Restaurant,Formel,Snack El wafae,34.0096459,-4.9783211,icons/restaurant.png,OSM
Fès,Café jibal Rif,Café,Formel,Café jibal Rif,34.0097528,-4.9781409,icons/cafe.png,OSM
Fès,Café festival,Café,Formel,Café festival,34.0098394,-4.978015,icons/cafe.png,OSM
Fès,Café Oxford,Café,Formel,Mohammed El Fassi,34.0139084,-5.0021891,icons/cafe.png,OSM
Fès,Café La Ruche,Café,Formel,Mohammed El Fassi,34.0138886,-5.002345,icons/cafe.png,OSM
Fès,Cremerie Ouzoud,Café,Formel,Mohammed El Fassi,34.0140406,-5.0016257,icons/cafe.png,OSM
Fès,Café Eglo Palace,Café,Formel,Café Eglo Palace,34.0111934,-4.9754327,icons/cafe.png,OSM
Fès,Laiterie Manal,Café,Formel,Laiterie Manal,34.0119774,-4.9738446,icons/cafe.png,OSM
Fès,Snack Katia,Restaurant,Formel,Snack Katia,34.0124853,-4.9729332,icons/restaurant.png,OSM
Fès,Café Arcobaleno,Café,Formel,Café Arcobaleno,34.0126495,-4.9726688,icons/cafe.png,OSM
Fès,Café Kenza,Café,Formel,Café Kenza,34.013318,-4.9714129,icons/cafe.png,OSM
Fès,Café Al Maghribia,Café,Formel,Café Al Maghribia,34.0137734,-4.9706619,icons/cafe.png,OSM
Fès,Café Uranus,Café,Formel,Café Uranus,34.0128861,-4.9723089,icons/cafe.png,OSM
Fès,Rabti Khalid Pizza Royale,Restaurant,Formel,Avenue Karama Zohour 1,34.0114874,-4.9884505,icons/restaurant.png,OSM
Fès,Café Youssef,Café,Formel,Avenue Karama Zohour 1,34.0111472,-4.9893115,icons/cafe.png,OSM
Fès,Maaich Mohamed Légumier,Épicerie,Informel,Avenue Karama Rue Manrouvia Zohour 1,34.0129504,-4.986489,icons/greengrocer.png,OSM
Fès,Café 23 Taibi Mohamed,Café,Formel,Avenue Karama Zohour 1,34.0115642,-4.9881521,icons/cafe.png,OSM
Fès,Société Para Medshop,Parapharmacie,Formel,Avenue Karama Zohour 1,34.011503,-4.9883936,icons/pharmacy.png,OSM
Fès,Akrari Khadija Épicier,Supérette / Mini-market,Formel,Avenue Karama Zohour 1,34.0114646,-4.9885654,icons/convenience.png,OSM
Fès,Pharmacie Al Fadila صيدلية الفضيلة,Parapharmacie,Formel,"Avenue Karama Zohour 1, Fès",34.0114188,-4.988769,icons/pharmacy.png,OSM
Fès,Café Rayane,Café,Formel,Avenue Karama Zohour 1,34.0112486,-4.9894179,icons/cafe.png,OSM
Fès,Snack Abdou Bekkali,Restaurant,Formel,Avenue Karama Zohour 1,34.0111693,-4.9892054,icons/restaurant.png,OSM
Fès,Café Vibel Karama,Café,Formel,Avenue Karama et Avenue Oran Zohour 1,34.0111983,-4.9890711,icons/cafe.png,OSM
Fès,Outiss Mohamed Benlahcen Épicier,Supérette / Mini-market,Formel,Avenue Karama Zohour 1,34.0126749,-4.9865013,icons/convenience.png,OSM
Fès,Chaoui Abdellah Épicier,Supérette / Mini-market,Formel,Avenue Karama Zohour 1,34.0128237,-4.9864002,icons/convenience.png,OSM
Fès,Café Saada,Café,Formel,Avenue Karama Zohour 1,34.0129788,-4.9863361,icons/cafe.png,OSM
Fès,Banou Ahmed Épicier,Supérette / Mini-market,Formel,Avenue Karama Zohour 1,34.0125967,-4.9865824,icons/convenience.png,OSM
Fès,Café Berlin Palace,Café,Formel,Café Berlin Palace,34.0141861,-4.9708533,icons/cafe.png,OSM
Fès,Snack El Wifaq,Restaurant,Formel,Snack El Wifaq,34.0139505,-4.971237,icons/restaurant.png,OSM
Fès,Crémerie Al moultaka,Café,Formel,Crémerie Al moultaka,34.0139859,-4.9711742,icons/cafe.png,OSM
Fès,Crémerie Ilasse,Café,Formel,Crémerie Ilasse,34.0130908,-4.9727736,icons/cafe.png,OSM
Fès,Fromagerie Cafeteria,Café,Formel,Route du parc Fes-Shore,34.0073242,-4.9657905,icons/cafe.png,OSM
Fès,Cremerie Tropicana,Café,Formel,Boulevard Moulay Rachid,34.0219117,-4.9884733,icons/cafe.png,OSM
Fès,Café Aroma,Café,Formel,Boulevard Moulay Rachid,34.0213239,-4.9881596,icons/cafe.png,OSM
Fès,Café Grandi,Café,Formel,Lot Mamounia Route de Sefrou,34.0177579,-4.9883604,icons/cafe.png,OSM
Fès,Café Park des Princes,Café,Formel,Lot Mamounia Route de Sefrou,34.0177397,-4.9879134,icons/cafe.png,OSM
Fès,Café lamnara,Café,Formel,Lotis Mamounia Route de Sefrou,34.0180711,-4.9875929,icons/cafe.png,OSM
Fès,Syrnos chez Hafid,Restaurant,Formel,BVD Moulay Rchid,34.0188937,-4.9865149,icons/restaurant.png,OSM
Fès,Snack ( local Fermé ),Restaurant,Formel,BVD Abi Hourayra,34.0177719,-4.9876535,icons/restaurant.png,OSM
Fès,Café Big Ben,Café,Formel,BVD Moulay Rchid,34.0183869,-4.9861286,icons/cafe.png,OSM
Fès,Pharmacie Ryad صيدلية الرياض,Parapharmacie,Formel,"Avenue Ibn Khatteb acces bouremana, Fès",34.0265672,-4.9935021,icons/pharmacy.png,OSM
Fès,Laiterie Ben Zakour,Café,Formel,Boulevard Moulay Rachid,34.0224007,-4.9888785,icons/cafe.png,OSM
Fès,Cremerie Mamounia,Café,Formel,Lot Mamounia Route de Sefrou,34.01761,-4.9886254,icons/cafe.png,OSM
Fès,La Famille,Restaurant,Formel,Boulevard Moulay Rachid شارع مولاي رشيد,34.018314,-4.986081,icons/restaurant.png,OSM
Fès,Laitière,Café,Formel,Abi Hourayra,34.0177512,-4.9877441,icons/cafe.png,OSM
Fès,Pharmacie Ghizlane صيدلية غزلان,Parapharmacie,Formel,"RTE DE SEFROULOTISS OUAFAE N 342 FES, Fés",34.0057403,-4.9687656,icons/pharmacy.png,OSM
Fès,Cremerie Morrella Palace,Café,Formel,BVD Moulay Rchid,34.0189457,-4.9867472,icons/cafe.png,OSM
Fès,Café Titanic,Café,Formel,"Boulevard Moulay Rachid, Fès",34.0244397,-4.9899129,icons/cafe.png,OSM
Fès,Pharmacie l'Entente صيدلية الإتفاق,Parapharmacie,Formel,"160 LOTTI ERAC HAY WIFAK RTE AIN SMEN, Fès",34.0242974,-4.9897763,icons/pharmacy.png,OSM
Fès,Pharmacie Route de Sefrou صيدلية طريق صفرو,Parapharmacie,Formel,"Boulevard Moulay Rachid, Fès",34.0212182,-4.9879182,icons/pharmacy.png,OSM
Fès,Café Roncalé,Café,Formel,Lot Mamounia Route de Sefrou,34.0182832,-4.9878738,icons/cafe.png,OSM
Fès,Cremerie Al Azhar,Café,Formel,Lot Mamounia Route de Sefrou,34.0177531,-4.9879005,icons/cafe.png,OSM
Fès,Restaurant YAJLAHI( Yallah Naklou),Restaurant,Formel,Lot Mamounia Route de Sefrou,34.0185264,-4.9871526,icons/restaurant.png,OSM
Fès,Picolina,Restaurant,Formel,Lot Mamounia Route de Sefrou,34.0185797,-4.9871011,icons/restaurant.png,OSM
Fès,Snack Nassim,Restaurant,Formel,Route du parc Fes-Shore,34.0086018,-4.9632662,icons/restaurant.png,OSM
Fès,Pharmacie Faculté de Médecine صيدلية كلية الطب,Parapharmacie,Formel,"hay elamal rte de sefrou, Fès فاس",34.0076423,-4.9652236,icons/pharmacy.png,OSM
Fès,Epicier بقال,Supérette / Mini-market,Formel,Route du parc Fes-Shore,34.0079418,-4.9646708,icons/convenience.png,OSM
Fès,Café Armor,Café,Formel,Route du parc Fes-Shore,34.0075178,-4.9654467,icons/cafe.png,OSM
Fès,Bellina,Café,Formel,Route du parc Fes-Shore,34.0086628,-4.9631371,icons/cafe.png,OSM
Fès,Issam,Café,Formel,Route du parc Fes-Shore,34.0087414,-4.9629514,icons/cafe.png,OSM
Fès,Café Essalam,Café,Formel,Café Essalam,34.0112652,-4.9762639,icons/cafe.png,OSM
Fès,Café l'Odéon,Café,Formel,Café l'Odéon,34.0125053,-4.9739387,icons/cafe.png,OSM
Fès,Snack Abderazak,Restaurant,Formel,Route du parc Fes-Shore,34.0090933,-4.9622252,icons/restaurant.png,OSM
Fès,Pâtisserie El ouazzani,Boutique de confiserie,Informel,Pâtisserie El ouazzani,34.0108018,-4.9769968,icons/confectionery.png,OSM
Fès,Café Cap Vert,Café,Formel,Café Cap Vert,34.0109124,-4.9768436,icons/cafe.png,OSM
Fès,Pharmacie Fès Shore صيدلية فاس شور,Parapharmacie,Formel,"Route du parc Fes-Shore, Fès فاس",34.0093643,-4.9616705,icons/pharmacy.png,OSM
Fès,Snack Driss (fermé ),Restaurant,Formel,Snack Driss (fermé ),34.0105614,-4.9774602,icons/restaurant.png,OSM
Fès,Café Jawhara,Café,Formel,Café Jawhara,34.010131,-4.9782126,icons/cafe.png,OSM
Fès,Crémerie,Café,Formel,Crémerie,34.0098781,-4.9787123,icons/cafe.png,OSM
Fès,Cremerie premo,Café,Formel,Route du parc Fes-Shore,34.0094374,-4.9615865,icons/cafe.png,OSM
Fès,Snack Bismillah,Restaurant,Formel,BVD Israe,34.0104785,-4.9638062,icons/restaurant.png,OSM
Fès,Café Kawtar,Café,Formel,BVD Israe,34.0127557,-4.9656219,icons/cafe.png,OSM
Fès,Pharmacie Nour El Houda صيدلية نور الهدى,Parapharmacie,Formel,"BVD Israe, Fès",34.0129244,-4.965755,icons/pharmacy.png,OSM
Fès,Café Le Soft,Café,Formel,BVD Israe,34.0110129,-4.9645422,icons/cafe.png,OSM
Fès,Cremerie Israe,Café,Formel,BVD Israe,34.0103763,-4.9637211,icons/cafe.png,OSM
Fès,Café Moon,Café,Formel,Av Omar Ibn Al Khattab,34.0367806,-5.0142885,icons/cafe.png,OSM
Fès,Laiterie El Jawda,Café,Formel,Laiterie El Jawda,34.0133992,-4.980995,icons/cafe.png,OSM
Fès,FOOD FACTORY,Restaurant,Formel,Av Omar Ibn Al Khattab,34.0366646,-5.014995,icons/restaurant.png,OSM
Fès,Supérette / Mini-market sans nom,Supérette / Mini-market,Formel,Supérette / Mini-market sans nom,34.0132636,-4.9794477,icons/convenience.png,OSM
Fès,Café Alfa Trône,Café,Formel,Café Alfa Trône,34.0128903,-4.97593,icons/cafe.png,OSM
Fès,SNAK TAC'S,Restaurant,Formel,Champs de Cours,34.0370556,-5.0153437,icons/restaurant.png,OSM
Fès,Cremerie Adwak Mandar Jamil,Café,Formel,Champs de Cours,34.0372722,-5.0156826,icons/cafe.png,OSM
Fès,Cafe White,Café,Formel,Champs de Cours,34.0369861,-5.0154052,icons/cafe.png,OSM
Fès,Green Apple,Café,Formel,Champs de Cours,34.0372194,-5.0156367,icons/cafe.png,OSM
Fès,Pharmacie Champs de Courses صيدلية ملعب الخيل,Parapharmacie,Formel,"champs de Cours, Fès فاس",34.036918,-5.0152573,icons/pharmacy.png,OSM
Fès,Patisserie Champs de cours,Boulangerie,Formel,Champs de Cours,34.037776,-5.0161136,icons/bakery.png,OSM
Fès,Café pasta Blanca,Café,Formel,Café pasta Blanca,34.0128425,-4.9753016,icons/cafe.png,OSM
Fès,Café,Café,Formel,Café,34.0127971,-4.9738945,icons/cafe.png,OSM
Fès,Restaurant Dichcom,Restaurant,Formel,Restaurant Dichcom,34.0128018,-4.9741522,icons/restaurant.png,OSM
Fès,Pâtisserie Jaouda,Boulangerie,Formel,Avenue Karama Zohour 1,34.0133378,-4.9861363,icons/bakery.png,OSM
Fès,Zine Driss Laitière,Café,Formel,Avenue Karama Zohour 1,34.0144393,-4.9859812,icons/cafe.png,OSM
Fès,Boulangerie et pâtisserie Awal Yeder,Boulangerie,Formel,Avenue Karama Zohour 1,34.0177017,-4.9857253,icons/bakery.png,OSM
Fès,Lamghari Lahcen V . Des Beignets,Restaurant,Formel,Avenue Karama Zohour 1,34.0143246,-4.9860185,icons/restaurant.png,OSM
Fès,Crémerie Lokmane,Café,Formel,Avenue Karama Zohour 1,34.0132983,-4.9861536,icons/cafe.png,OSM
Fès,Boulangerie et pâtisserie Bahja,Boulangerie,Formel,Avenue Karama Zohour 1,34.0134565,-4.9860929,icons/bakery.png,OSM
Fès,Café Anass Ahmadoun Ahmed,Café,Formel,Avenue Karama Zohour 1,34.0153779,-4.9859328,icons/cafe.png,OSM
Fès,Hamzi Fatima Crémerie,Restaurant,Formel,Avenue Al Manama Zohour 1,34.015167,-4.9862109,icons/restaurant.png,OSM
Fès,O'POULET,Restaurant,Formel,rue Lalla Aicha,34.0387276,-5.0120205,icons/restaurant.png,OSM
Fès,Restaurant La Pause,Restaurant,Formel,rue Lalla Aicha,34.0391178,-5.0124051,icons/restaurant.png,OSM
Fès,Café Isly,Café,Formel,Avenue Al Manama Zohour 1,34.0151782,-4.9872936,icons/cafe.png,OSM
Fès,Fhilou Mohamed Épicier,Supérette / Mini-market,Formel,Avenue Al Manama Zohour 1,34.0151658,-4.9876199,icons/convenience.png,OSM
Fès,Les Maître Du Cababes,Restaurant,Formel,rue Lalla Aicha,34.0385803,-5.0118878,icons/restaurant.png,OSM
Fès,Les Maître Du Pain,Café,Formel,rue Lalla Aicha,34.0386583,-5.011958,icons/cafe.png,OSM
Fès,Wakamé,Restaurant,Formel,Av Omar Ibn Al Khattab,34.0372715,-5.0129682,icons/restaurant.png,OSM
Fès,Guennoune El Hassania Crémerie Andalousie,Café,Formel,Avenue Al Manama Zohour 1,34.0146938,-4.9896802,icons/cafe.png,OSM
Fès,Société Mahalkom Épicier Superette,Supérette / Mini-market,Formel,Avenue Al Manama Zohour 1,34.0148752,-4.9889473,icons/convenience.png,OSM
Fès,Café Ennasre El Machouahi Omar,Café,Formel,Avenue Al Manama Zohour 1,34.0148462,-4.9895706,icons/cafe.png,OSM
Fès,El Maghrani Abdellah Crémerie Al Ikhlass,Café,Formel,Avenue Al Manama Zohour 1,34.0147658,-4.9899089,icons/cafe.png,OSM
Fès,Café Firdaous Alaoui et Taoufik,Café,Formel,Avenue Al Manama Zohour 1,34.0145595,-4.9902232,icons/cafe.png,OSM
Fès,Pharmacie Firdaous صيدلية الفردوس,Parapharmacie,Formel,"Avenue Al Manama Zohour 1, Fès",34.0146357,-4.9897963,icons/pharmacy.png,OSM
Fès,Café Al Arabe,Café,Formel,Al Madina Mounawara,34.0084656,-4.9643727,icons/cafe.png,OSM
Fès,Le Brisk,Restaurant,Formel,rue Lalla Aicha,34.0375453,-5.0110545,icons/restaurant.png,OSM
Fès,Café Varizi,Café,Formel,Al Madina Mounawara,34.0082475,-4.9642202,icons/cafe.png,OSM
Fès,Café Oualili,Café,Formel,Av Israe,34.0102704,-4.9639459,icons/cafe.png,OSM
Fès,Café Davinci,Café,Formel,Av Madina Mounawara,34.0086602,-4.9645103,icons/cafe.png,OSM
Fès,Café morena,Café,Formel,Café morena,34.0131864,-4.9775555,icons/cafe.png,OSM
Fès,Pizzeria Davinci,Restaurant,Formel,Al Madina Mounawara,34.0087779,-4.9645983,icons/restaurant.png,OSM
Fès,Restaurant,Restaurant,Formel,Al Madina Mounawara,34.008966,-4.9647471,icons/restaurant.png,OSM
Fès,Snack Rotana,Restaurant,Formel,Al Madina Mounawara,34.0090467,-4.9648076,icons/restaurant.png,OSM
Fès,Pizzeria Kos Taco 's,Restaurant,Formel,Al Madina Mounawara,34.0091223,-4.9648603,icons/restaurant.png,OSM
Fès,Café Hind Star,Café,Formel,Café Hind Star,34.0135583,-4.9802603,icons/cafe.png,OSM
Fès,Café Espana,Café,Formel,Café Espana,34.0135988,-4.9805903,icons/cafe.png,OSM
Fès,Snack Marhaba,Restaurant,Formel,Al Madina Mounawara,34.0095573,-4.9651939,icons/restaurant.png,OSM
Fès,Café Bleu Water,Café,Formel,Café Bleu Water,34.0137488,-4.9814712,icons/cafe.png,OSM
Fès,Café L'Avenir,Café,Formel,Avenue Al Manama Zohour 1,34.0154467,-4.9903212,icons/cafe.png,OSM
Fès,Café Al Ahrame,Café,Formel,Café Al Ahrame,34.0137534,-4.9816774,icons/cafe.png,OSM
Fès,Epicier بقال,Supérette / Mini-market,Formel,Al Madina Mounawara,34.0099014,-4.9653939,icons/convenience.png,OSM
Fès,Snack Wahran,Restaurant,Formel,Avenue Oran Zohour 1,34.0145941,-4.9900397,icons/restaurant.png,OSM
Fès,Café Azzouhour 2,Café,Formel,Al Madina Mounawara,34.0102074,-4.9655853,icons/cafe.png,OSM
Fès,Pharmacie de l'Hôpital Universitaire صيدلية المستشفى الجامعي,Parapharmacie,Formel,"Al Madina Mounawara, Fès ⴼⴰⵙ فاس",34.0106557,-4.9657329,icons/pharmacy.png,OSM
Fès,Café Chada,Café,Formel,Al Madina Mounawara,34.0107856,-4.9659769,icons/cafe.png,OSM
Fès,Casse croute,Restaurant,Formel,AL MADINA MOUNAWARA,34.0110285,-4.9661509,icons/restaurant.png,OSM
Fès,Café Afriquia,Café,Formel,Al Madina Mounawara,34.0112714,-4.9663183,icons/cafe.png,OSM
Fès,Café Estonia,Café,Formel,Café Estonia,34.0062727,-4.9677237,icons/cafe.png,OSM
Fès,Crémerie Nakhil,Café,Formel,Crémerie Nakhil,34.0070982,-4.9683729,icons/cafe.png,OSM
Fès,Dia Market,Supermarché,Formel,Dia Market,34.0071558,-4.9684214,icons/supermarket.png,OSM
Fès,Café Avicenne,Café,Formel,Café Avicenne,34.0081211,-4.96907,icons/cafe.png,OSM
Fès,Café Barbados,Café,Formel,Café Barbados,34.0077137,-4.9687871,icons/cafe.png,OSM
Fès,Café Arrachidia,Café,Formel,Avenue Oran Rue Ouatouat Zohour 1,34.0136519,-4.9899015,icons/cafe.png,OSM
Fès,Casa Mia,Café,Formel,Avenue Égypte Resi El Ouafae,34.0464074,-5.0016926,icons/cafe.png,OSM
Fès,Boulangerie Avicenne,Boulangerie,Formel,Boulangerie Avicenne,34.0081958,-4.9691384,icons/bakery.png,OSM
Fès,Parapharmacie Wissam,Parapharmacie,Formel,Avenue Oran Zohour 1,34.0134414,-4.9898179,icons/pharmacy.png,OSM
Fès,Café Soleil Palace,Café,Formel,Café Soleil Palace,34.008682,-4.9694788,icons/cafe.png,OSM
Fès,Crémerie Chorouk,Café,Formel,Crémerie Chorouk,34.0092895,-4.9698939,icons/cafe.png,OSM
Fès,Pharmacie Ibn Hazm صيدلية بن حزم,Parapharmacie,Formel,"A C0Té FAC DE MEDCINE, Fès",34.0091231,-4.9695833,icons/pharmacy.png,OSM
Fès,Epicier بقال,Supérette / Mini-market,Formel,Al Madina Mounawara,34.0114998,-4.9664937,icons/convenience.png,OSM
Fès,Café Morolia,Café,Formel,Al Madina Mounawara,34.0115771,-4.9665504,icons/cafe.png,OSM
Fès,Café La Tulipe Noir,Café,Formel,Al Madina Mounawara,34.0120046,-4.9669492,icons/cafe.png,OSM
Fès,Laiterie Al Ikhlass,Café,Formel,Laiterie Al Ikhlass,34.0099278,-4.9703984,icons/cafe.png,OSM
Fès,Cremerie Al Amal,Café,Formel,Al Madina Mounawara,34.0114434,-4.9664547,icons/cafe.png,OSM
Fès,Café Amsterdam,Café,Formel,Avenue Oran Zohour 1,34.0109244,-4.9885022,icons/cafe.png,OSM
Fès,Laitière Bismi Allah,Café,Formel,Avenue Oran Zohour 1,34.0106551,-4.9884112,icons/cafe.png,OSM
Fès,Café Monté Carlo,Café,Formel,Al Madina Mounawara,34.0121846,-4.9673459,icons/cafe.png,OSM
Fès,Café Kasr Al Omda,Café,Formel,Al Madina Mounawara,34.0120477,-4.9672641,icons/cafe.png,OSM
Fès,Café Adam,Café,Formel,Café Adam,34.0117088,-4.9706038,icons/cafe.png,OSM
Fès,Café Goya Palace,Café,Formel,Avenue Oran Zohour 1,34.010434,-4.9883159,icons/cafe.png,OSM
Fès,Vente Des Legumes,Épicerie,Informel,Al Madina Mounawara,34.0113188,-4.9667169,icons/greengrocer.png,OSM
Fès,Epicier بقال,Supérette / Mini-market,Formel,Al Madina Mounawara,34.0103244,-4.9660373,icons/convenience.png,OSM
Fès,Patisserie Sbai,Boulangerie,Formel,Al Madina Mounawara,34.0114216,-4.9667872,icons/bakery.png,OSM
Fès,Café,Café,Formel,Café,34.0127799,-4.9704704,icons/cafe.png,OSM
Fès,Café Lazaro,Café,Formel,Café Lazaro,34.0129566,-4.9704441,icons/cafe.png,OSM
Fès,Café Etoile de Saiss,Café,Formel,Avenue Oran Zohour 1,34.0084811,-4.9875411,icons/cafe.png,OSM
Fès,Restaurant kaoutar,Restaurant,Formel,Restaurant kaoutar,34.0138327,-4.9704003,icons/restaurant.png,OSM
Fès,Café Pronto,Café,Formel,Café Pronto,34.0137658,-4.9704094,icons/cafe.png,OSM
Fès,Restaurant Goût Dilices,Restaurant,Formel,Restaurant Goût Dilices,34.0138989,-4.9703967,icons/restaurant.png,OSM
Fès,Cremerie,Café,Formel,Av Al Madina Mounawara,34.0097454,-4.9655968,icons/cafe.png,OSM
Fès,Cremerie Malak,Café,Formel,Av Al Madina Mounawara,34.0096613,-4.965542,icons/cafe.png,OSM
Fès,Café Le Pont,Café,Formel,Al Madina Mounawara,34.0095352,-4.9654532,icons/cafe.png,OSM
Fès,Café Al Hamrae,Café,Formel,Av Al Madina Mounawara,34.0092914,-4.9652431,icons/cafe.png,OSM
Fès,Café Cavailon,Café,Formel,Av Al Madina Mounawara,34.0089083,-4.9650028,icons/cafe.png,OSM
Fès,Snack Marchika,Café,Formel,Al Madina Mounawara,34.0099449,-4.9657668,icons/cafe.png,OSM
Fès,Café Chanae,Café,Formel,Café Chanae,34.0129567,-4.9706609,icons/cafe.png,OSM
Fès,Café florancia,Café,Formel,Café florancia,34.0110309,-4.9707944,icons/cafe.png,OSM
Fès,Café,Café,Formel,Café,34.0104645,-4.9708471,icons/cafe.png,OSM
Fès,Snack El Hamd,Restaurant,Formel,Snack El Hamd,34.0084528,-4.9695689,icons/restaurant.png,OSM
Fès,Marina Fish,Restaurant,Formel,Marina Fish,34.0078526,-4.9690824,icons/restaurant.png,OSM
Fès,Pizzeria Fast Ford,Restaurant,Formel,Pizzeria Fast Ford,34.008096,-4.9692901,icons/restaurant.png,OSM
Fès,Bleu Piscado,Restaurant,Formel,Bleu Piscado,34.0066198,-4.9681513,icons/restaurant.png,OSM
Fès,Café Mozart,Café,Formel,angle Madina Mounawara Et Av Riad,34.0129606,-4.9673778,icons/cafe.png,OSM
Fès,Café Pavillon Blanc,Café,Formel,Hay Amal,34.0089118,-4.9674496,icons/cafe.png,OSM
Fès,Café Capanina,Café,Formel,Hay Amal,34.0105629,-4.966515,icons/cafe.png,OSM
Fès,Café Miarage,Café,Formel,Hay Amal,34.0105653,-4.9669297,icons/cafe.png,OSM
Fès,Cremerie Nabil,Café,Formel,Hay Amal,34.0106365,-4.9663524,icons/cafe.png,OSM
Fès,Cremerie,Café,Formel,Av Miarage Hay Amal,34.0110829,-4.9654783,icons/cafe.png,OSM
Fès,Café El Omda,Café,Formel,Av Miarage Hay Amal,34.0112256,-4.9655878,icons/cafe.png,OSM
Fès,Pharmacie Yasmine صيدلية ياسمين,Parapharmacie,Formel,"BVD D'oran mont fleuri 2, Fès",34.0102284,-4.9880887,icons/pharmacy.png,OSM
Fès,Para Pharmacie Hicham Moubtassim,Parapharmacie,Formel,Avenue Oran Zohour 1,34.0078598,-4.9873326,icons/pharmacy.png,OSM
Fès,Café Roterdam Akrouch Said,Café,Formel,Avenue Oran Zohour 1,34.0075214,-4.9871442,icons/cafe.png,OSM
Fès,Café Ahlam,Café,Formel,Avenue Oran Zohour 1,34.0076313,-4.9872245,icons/cafe.png,OSM
Fès,Café Ajdir,Café,Formel,Avenue Oran Zohour 1,34.008049,-4.9875996,icons/cafe.png,OSM
Fès,Supérette / Mini-market sans nom,Supérette / Mini-market,Formel,Supérette / Mini-market sans nom,34.0656593,-5.0013241,icons/convenience.png,OSM
Fès,Fruits and more,Épicerie,Informel,Fruits and more,34.0658923,-5.0013898,icons/greengrocer.png,OSM
Fès,Laiterie Ayoub,Café,Formel,Laiterie Ayoub,34.0128858,-4.9716991,icons/cafe.png,OSM
Fès,Tasty Pizza,Restaurant,Formel,Tasty Pizza,34.0127557,-4.9697349,icons/restaurant.png,OSM
Fès,Pharmacie Ben Cheikh صيدلية ابن الشيخ,Parapharmacie,Formel,"haY AL AMAL RTE DE SEFROU, Fés",34.0127576,-4.9700355,icons/pharmacy.png,OSM
Fès,Café Marmara Palace,Café,Formel,Café Marmara Palace,34.0127644,-4.9696274,icons/cafe.png,OSM
Fès,Laiterie Azami,Café,Formel,Laiterie Azami,34.012764,-4.9689862,icons/cafe.png,OSM
Fès,Laiterie La famille,Café,Formel,Lot Wafae Route Sidi Hrazem,34.0089091,-4.9660817,icons/cafe.png,OSM
Fès,Cremerie Jaouda,Café,Formel,Hay Amal,34.0107983,-4.9670909,icons/cafe.png,OSM
Fès,Snack Bilax,Restaurant,Formel,Snack Bilax,34.012838,-4.9683812,icons/restaurant.png,OSM
Fès,Restaurant slassi,Restaurant,Formel,Restaurant slassi,34.0128462,-4.9685687,icons/restaurant.png,OSM
Fès,Cremerie La Nature,Café,Formel,Lot Wafae,34.0088229,-4.9680572,icons/cafe.png,OSM
Fès,Boulangerie El Boujmai,Boulangerie,Formel,Boulangerie El Boujmai,34.0129208,-4.970055,icons/bakery.png,OSM
Fès,Epicier بقال,Supérette / Mini-market,Formel,Hay Amal,34.009993,-4.9673978,icons/convenience.png,OSM
Fès,Café Napoli,Café,Formel,Café Napoli,34.0129305,-4.9702136,icons/cafe.png,OSM
Fès,Café Amory,Café,Formel,Café Amory,34.0129898,-4.9713627,icons/cafe.png,OSM
Fès,Café Orchidée,Café,Formel,Av Méditerranéen,34.0158315,-4.9642665,icons/cafe.png,OSM
Fès,Patisserie SOLARO,Boulangerie,Formel,Av Méditerranéen,34.015667,-4.9647904,icons/bakery.png,OSM
Fès,Café SOLARO,Café,Formel,Av Méditerranéen,34.0156692,-4.9649188,icons/cafe.png,OSM
Fès,Café Bella Rosa,Café,Formel,Av Méditerranéen,34.0156531,-4.9645663,icons/cafe.png,OSM
Fès,Café Bleu Iris,Café,Formel,Café Bleu Iris,34.0070716,-4.9725005,icons/cafe.png,OSM
Fès,Café Star Pool,Café,Formel,Café Star Pool,34.0060576,-4.9744323,icons/cafe.png,OSM
Fès,Pharmacie Al Wassila صيدلية الوسيلة,Parapharmacie,Formel,"LOTISS EL WAFA RTE DE SEFROU FES, 200 ROUTE DE SEFROU LOTTI WAFAE FEZ, Fès",34.0063267,-4.9737192,icons/pharmacy.png,OSM
Fès,Café ti Amo,Café,Formel,Café ti Amo,34.0067903,-4.9730218,icons/cafe.png,OSM
Fès,Pizzeria Amine,Restaurant,Formel,Pizzeria Amine,34.0070676,-4.9700869,icons/restaurant.png,OSM
Fès,Café Fox,Café,Formel,Café Fox,34.006861,-4.9701686,icons/cafe.png,OSM
Fès,Laiterie Amjad,Café,Formel,Av Méditerranéen,34.0157038,-4.9658857,icons/cafe.png,OSM
Fès,Café Marhaba,Café,Formel,Av Méditerranéen,34.0157144,-4.9660282,icons/cafe.png,OSM
Fès,Cafe fes,Café,Formel,Av Méditerranéen,34.0158558,-4.9654891,icons/cafe.png,OSM
Fès,Cremerie,Café,Formel,Av Méditerranéen,34.0158049,-4.9648225,icons/cafe.png,OSM
Fès,Epicier بقال,Supérette / Mini-market,Formel,Av Méditerranéen,34.0157978,-4.9645107,icons/convenience.png,OSM
Fès,Café Hadil,Café,Formel,Av Bahamas Hay Riad,34.0178434,-4.9649393,icons/cafe.png,OSM
Fès,Café Hamza,Café,Formel,Av Bahae Hay Riad,34.0159785,-4.965955,icons/cafe.png,OSM
Fès,Café La Sejour,Café,Formel,Av Bahae Hay Riad,34.0157241,-4.966102,icons/cafe.png,OSM
Fès,Laiterie Al Ihssan,Café,Formel,Av Bahae Hay Narjis,34.0143626,-4.9669632,icons/cafe.png,OSM
Fès,Café Parc des Princes,Café,Formel,Av Riad Narjis C,34.0134882,-4.9674332,icons/cafe.png,OSM
Fès,Epicier بقال,Supérette / Mini-market,Formel,Av Riad Narjis C,34.0136168,-4.9673741,icons/convenience.png,OSM
Fès,Epicier en gros,Supérette / Mini-market,Formel,Av Riad Narjis C,34.0137148,-4.9673437,icons/convenience.png,OSM
Fès,Epicier en gros,Supérette / Mini-market,Formel,Av Riad Narjis C,34.0138707,-4.967274,icons/convenience.png,OSM
Fès,Café Tchaw Tchaw,Café,Formel,Av Ocean Pacifique,34.0169137,-4.9639005,icons/cafe.png,OSM
Fès,Laiterie Al Adwak,Café,Formel,Av Ocean Pacifique Hay Riad,34.0158229,-4.963326,icons/cafe.png,OSM
Fès,Laiterie,Café,Formel,Av OCEAN PACIFIQUE HAY RIAD,34.0154337,-4.9628338,icons/cafe.png,OSM
Fès,Epicier بقال,Supérette / Mini-market,Formel,Hay Wafae Route De Sefrou,34.0085741,-4.9677067,icons/convenience.png,OSM
Fès,Pharmacie Al Fajr صيدلية الفجر,Parapharmacie,Formel,"Av Ocean Pacifique Hay Riad, Fès ⴼⴰⵙ فاس",34.0154938,-4.9630375,icons/pharmacy.png,OSM
Fès,Café Riad Fes,Café,Formel,Av Ocean Pacifique Hay Riad,34.0153186,-4.9629501,icons/cafe.png,OSM
Fès,Laiterie,Café,Formel,Av Taef Lot Ouafae,34.0073044,-4.9666735,icons/cafe.png,OSM
Fès,Restaurant Food & Outlaws,Restaurant,Formel,Av Taef Lot Wafae,34.0077744,-4.9668214,icons/restaurant.png,OSM
Fès,Casse_croute,Restaurant,Formel,Av Taef Lot Ouafae,34.0079784,-4.9671599,icons/restaurant.png,OSM
Fès,Café Touta Boudine Khlafa,Café,Formel,Avenue Oran Zohour 1,34.010669,-4.9888947,icons/cafe.png,OSM
Fès,Laitière Beyrouth,Café,Formel,Avenue Beyrouth Zohour 1,34.0071848,-4.9868824,icons/cafe.png,OSM
Fès,Café Nouria,Café,Formel,Avenue Beyrouth Zohour 1,34.0072619,-4.9865137,icons/cafe.png,OSM
Fès,Krimech Hamid Légumier,Épicerie,Informel,Avenue Beyrouth Zohour 2,34.0074464,-4.9849656,icons/greengrocer.png,OSM
Fès,Pharmacie Beyrout صيدلية بيروت,Parapharmacie,Formel,"139 av bayrout mont fleuri 1, Fès",34.0078871,-4.984039,icons/pharmacy.png,OSM
Fès,Boucherie et Snack Dindiniou,Restaurant,Formel,Avenue Beyrouth Zohour 2,34.0080848,-4.982382,icons/restaurant.png,OSM
Fès,Café Al Arabia,Café,Formel,Avenue Beyrouth Lotis Mekouar Zohour 2,34.0083093,-4.9816129,icons/cafe.png,OSM
Fès,Pâtisserie Beyrouth,Boulangerie,Formel,Avenue Beyrouth Zohour 1,34.0088286,-4.9808162,icons/bakery.png,OSM
Fès,Pharmacie Lahbabi صيدلية لحبابي,Parapharmacie,Formel,"BV BAYROUT Résidence Rawd Azhar Mont fleuri, Fès",34.0044736,-4.9892319,icons/pharmacy.png,OSM
Fès,Café L ' Époque,Café,Formel,Avenue Beyrouth et Avenue Chenguit Lotis Zarbaoui Zohour 1,34.0068044,-4.9877237,icons/cafe.png,OSM
Fès,Assara Said Épicier et V . Des Poulets,Supérette / Mini-market,Formel,Avenue Beyrouth Zohour 1,34.0081269,-4.9832181,icons/convenience.png,OSM
Fès,Café Omario El Ghaouat Thami,Café,Formel,Avenue Oran Zohour 1,34.0081821,-4.9876323,icons/cafe.png,OSM
Fès,Café La Casilla,Café,Formel,Avenue Beyrouth Lotis Zarbaoui Zohour 1,34.0069383,-4.9871844,icons/cafe.png,OSM
Fès,Asrare Sellam Épicier,Supérette / Mini-market,Formel,Avenue Beyrouth Zohour 2,34.0074156,-4.9850611,icons/convenience.png,OSM
Fès,Café Bord,Café,Formel,Avenue Beyrouth Zohour 1,34.0079312,-4.9839117,icons/cafe.png,OSM
Fès,Jebbour Abderrazzak Épicier en demi-gros,Supérette / Mini-market,Formel,Avenue Beyrouth Zohour 2,34.008036,-4.9825955,icons/convenience.png,OSM
Fès,Restaurant Bismillah,Restaurant,Formel,Avenue Beyrouth Zohour 1,34.009347,-4.9798287,icons/restaurant.png,OSM
Fès,Café Verona Amrani Abdeslam,Café,Formel,Avenue Beyrouth Lotis Rizkia Zohour 2,34.0073093,-4.9854738,icons/cafe.png,OSM
Fès,Crémerie fadlouAllah,Café,Formel,Crémerie fadlouAllah,34.0126454,-4.9801772,icons/cafe.png,OSM
Fès,Pâtisserie boutouba,Boutique de confiserie,Informel,Pâtisserie boutouba,34.0124748,-4.9800648,icons/confectionery.png,OSM
Fès,Patisserie Al Macharik,Boulangerie,Formel,Av Anawal Narjis D,34.018795,-4.969877,icons/bakery.png,OSM
Fès,Café Najmat Anarjis,Café,Formel,Av Anawal Narjis D,34.0187443,-4.9695999,icons/cafe.png,OSM
Fès,Casse_croute,Restaurant,Formel,Av Anawal Narjis D,34.0187235,-4.9694324,icons/restaurant.png,OSM
Fès,Supérette / Mini-market sans nom,Supérette / Mini-market,Formel,Av Anawal Narjis D,34.0185982,-4.9689954,icons/convenience.png,OSM
Fès,Laiterie,Café,Formel,Av Anawal Narjis D,34.0184952,-4.9685469,icons/cafe.png,OSM
Fès,Cremerie Rahma,Café,Formel,Av Anawal Narjis D,34.0182721,-4.9677697,icons/cafe.png,OSM
Fès,Pharmacie le Docteur صيدلية الدكتور,Parapharmacie,Formel,"Av Anawal Narjis D, Fès ⴼⴰⵙ فاس",34.018087,-4.9665089,icons/pharmacy.png,OSM
Fès,Café Jabal Habri,Café,Formel,Av Anawal Narjis D,34.0180767,-4.9669641,icons/cafe.png,OSM
Fès,Cafe yaya,Café,Formel,Lotis Riad,34.0179913,-4.9641409,icons/cafe.png,OSM
Fès,Café Maghrébia Zohour,Café,Formel,Avenue Urbain Resi Mekouar Zohour 2,34.0082087,-4.9813173,icons/cafe.png,OSM
Fès,Snack Zaki,Restaurant,Formel,Avenue Beyrouth Lotis Iraki Zohour 2,34.0090801,-4.9797814,icons/restaurant.png,OSM
Fès,Crémerie Al Ouatania,Café,Formel,Avenue Urbain Resi Mekouar Zohour 2,34.0081144,-4.9814029,icons/cafe.png,OSM
Fès,Laitière Marimar,Café,Formel,Avenue Beyrouth Zohour 2,34.0091488,-4.9795793,icons/cafe.png,OSM
Fès,Café Hanovre,Café,Formel,Avenue Urbain Lotis Mekouar Zohour 2,34.0079715,-4.98155,icons/cafe.png,OSM
Fès,Laitière Al Baraka,Café,Formel,Avenue Urbain Près du Café Argana Zohour 2,34.0081019,-4.9818374,icons/cafe.png,OSM
Fès,Café Kimadou,Café,Formel,Avenue Beyrouth Zohour 2,34.0087189,-4.9804475,icons/cafe.png,OSM
Fès,Cafe Atlantique Garden,Café,Formel,Av Ocean Atlantique,34.0179196,-4.9620785,icons/cafe.png,OSM
Fès,Café sans nom,Café,Formel,Fès,34.0577243,-4.9900275,icons/cafe.png,OSM
Fès,Snack Picapo,Restaurant,Formel,Avenue Beyrouth Rue Bou Ali Zohour 2,34.0078335,-4.9824575,icons/restaurant.png,OSM
Fès,Café Cesar,Café,Formel,Avenue Urbain Lotis Mekouar Zohour 2,34.0076693,-4.982335,icons/cafe.png,OSM
Fès,Café Argana,Café,Formel,Avenue Urbain Lotis Mekouar Zohour 2,34.0078297,-4.982158,icons/cafe.png,OSM
Fès,Café le région,Café,Formel,Café le région,34.0146756,-4.973237,icons/cafe.png,OSM
Fès,Café Aminchi,Café,Formel,Café Aminchi,34.0146217,-4.9731198,icons/cafe.png,OSM
Fès,Café volpera,Café,Formel,Café volpera,34.0148727,-4.9768982,icons/cafe.png,OSM
Fès,Café l'orientale,Café,Formel,Café l'orientale,34.0136465,-4.9787934,icons/cafe.png,OSM
Fès,Laiterie walid,Café,Formel,Laiterie walid,34.0139638,-4.9782147,icons/cafe.png,OSM
Fès,Pharmacie Mourchid صيدلية مرشد,Parapharmacie,Formel,"bvd Attadhia Narjiss, Fès",34.0133949,-4.9784725,icons/pharmacy.png,OSM
Fès,Café Royal,Café,Formel,Café Royal,34.0184547,-4.9761747,icons/cafe.png,OSM
Fès,Boulangerie Ben Ali,Boulangerie,Formel,Boulangerie Ben Ali,34.0171726,-4.9776284,icons/bakery.png,OSM
Fès,Café Ben Ali,Café,Formel,Café Ben Ali,34.0170851,-4.9776992,icons/cafe.png,OSM
Fès,Crémerie,Café,Formel,Crémerie,34.0163335,-4.9781678,icons/cafe.png,OSM
Fès,Laiterie Najmate Al Jabal,Café,Formel,Av Rahma Narjis,34.0168984,-4.9699435,icons/cafe.png,OSM
Fès,Café Riad,Café,Formel,Av Rahma Narjis,34.0168791,-4.9689861,icons/cafe.png,OSM
Fès,Café champs Elysees,Café,Formel,Café champs Elysees,34.0170236,-4.9779727,icons/cafe.png,OSM
Fès,Pharmacie Complexe Sportif صيدلية المركب الرياضي,Parapharmacie,Formel,"Av Rahma Narjis, Fès ⴼⴰⵙ فاس",34.0171017,-4.9699202,icons/pharmacy.png,OSM
Fès,Patisserie Achahada,Boulangerie,Formel,Av Atawab Narjis,34.0152899,-4.9682464,icons/bakery.png,OSM
Fès,Laiterie Bismillah,Café,Formel,Av Atawab Narjis,34.0147992,-4.9680178,icons/cafe.png,OSM
Fès,Café Nachit,Café,Formel,Café Nachit,34.018225,-4.9767646,icons/cafe.png,OSM
Fès,Cremerie Bismillah,Café,Formel,Av La Belle vue Narjis C,34.0160331,-4.9693601,icons/cafe.png,OSM
Fès,Cafe Kounouz,Café,Formel,Av La Belle vue Narjis C,34.0160529,-4.9696245,icons/cafe.png,OSM
Fès,Local Fermé,Café,Formel,Av Takadom Awint Al Hajaj,34.0208252,-4.9698292,icons/cafe.png,OSM
Fès,Café Le Lac Vert,Café,Formel,Av Takadom Awint Al Hajaj,34.0208614,-4.9702192,icons/cafe.png,OSM
Fès,Café Les Merrinedds,Café,Formel,Av Takadom Awint Al Hajaj,34.0209083,-4.9702506,icons/cafe.png,OSM
Fès,Café Yasmine,Café,Formel,Av Takadom Awint Al Hajaj,34.0207757,-4.9701831,icons/cafe.png,OSM
Fès,Café Al Quods,Café,Formel,Av Takadom Awint Al Hajaj,34.0210351,-4.9703061,icons/cafe.png,OSM
Fès,Café Bouzidi,Café,Formel,Av Takadom Awint Al Hajaj,34.0210875,-4.970336,icons/cafe.png,OSM
Fès,Café Granada,Café,Formel,Av Takadom Awint Al Hajaj,34.021897,-4.9708257,icons/cafe.png,OSM
Fès,Café L 'Aret,Café,Formel,Av Takadom Awint Al Hajaj,34.0211461,-4.9703657,icons/cafe.png,OSM
Fès,Café Douae,Café,Formel,Av Takadom Awint Al Hajaj,34.0212512,-4.9704161,icons/cafe.png,OSM
Fès,Snack,Restaurant,Formel,Av Takadom Awint Al Hajaj,34.0213347,-4.9704551,icons/restaurant.png,OSM
Fès,Café Rida,Café,Formel,Av Takadom Awint Al Hajaj,34.0214759,-4.9705447,icons/cafe.png,OSM
Fès,Café Nour,Café,Formel,Av Takadom Awint Al Hajaj,34.0219349,-4.9708624,icons/cafe.png,OSM
Fès,Pharmacie Lina صيدلية لينة,Parapharmacie,Formel,"BVD AL MAJD NARJISS RTE SEFROU, Avenue Al Majd, Fès",34.0166758,-4.9745419,icons/pharmacy.png,OSM
Fès,Cremerie Salam,Café,Formel,Av Takadom Awint Al Hajaj,34.0217553,-4.9707335,icons/cafe.png,OSM
Fès,Café Al Karama,Café,Formel,Av Takadom Awint Al Hajaj,34.0218354,-4.9707867,icons/cafe.png,OSM
Fès,Crémerie,Café,Formel,Crémerie,34.0158853,-4.9766262,icons/cafe.png,OSM
Fès,Café Rha,Café,Formel,Av Takadom Awint Al Hajaj,34.0202805,-4.9698122,icons/cafe.png,OSM
Fès,Café,Café,Formel,Café,34.0170712,-4.9795266,icons/cafe.png,OSM
Fès,Café azourz,Café,Formel,Café azourz,34.018636,-4.9779554,icons/cafe.png,OSM
Fès,Café dolce cappuccino,Café,Formel,Café dolce cappuccino,34.0193592,-4.9770593,icons/cafe.png,OSM
Fès,Crémerie Al Ossra,Café,Formel,Crémerie Al Ossra,34.0187974,-4.9780693,icons/cafe.png,OSM
Fès,Café Secouk,Café,Formel,Av Takadom Awint Al Hajaj,34.021416,-4.970254,icons/cafe.png,OSM
Fès,Café Sara Line,Café,Formel,Café Sara Line,34.0183552,-4.9786384,icons/cafe.png,OSM
Fès,Café Hara,Café,Formel,Av Takadom Awint Al Hajaj,34.02014,-4.9697099,icons/cafe.png,OSM
Fès,Café Assila Palace,Café,Formel,Café Assila Palace,34.0174739,-4.9793878,icons/cafe.png,OSM
Fès,Café Istanbul,Café,Formel,Café Istanbul,34.0171159,-4.9796995,icons/cafe.png,OSM
Fès,Snack,Restaurant,Formel,Snack,34.0169825,-4.9797102,icons/restaurant.png,OSM
Fès,Café Oualid,Café,Formel,Av Takadom Awint Al Hajaj,34.0217919,-4.970463,icons/cafe.png,OSM
Fès,Café Baghdad,Café,Formel,Av Takadom Awint Al Hajaj,34.0218735,-4.9705286,icons/cafe.png,OSM
Fès,Boulangerie yasmine,Boulangerie,Formel,Boulangerie yasmine,34.0153751,-4.9784519,icons/bakery.png,OSM
Fès,Cremerie,Café,Formel,Hay Drissi,34.0249884,-4.972323,icons/cafe.png,OSM
Fès,Café,Café,Formel,Hay Drissi,34.025072,-4.9723926,icons/cafe.png,OSM
Fès,Local Fermé,Restaurant,Formel,Hay Drissi,34.0251331,-4.972453,icons/restaurant.png,OSM
Fès,Pharmacie Azzouzi صيدلية عزوزي,Parapharmacie,Formel,"47 LOTISS WAHDA NARJISS B, Avenue Al Wahda, Fès",34.0153241,-4.9795386,icons/pharmacy.png,OSM
Fès,Café Bougtout,Café,Formel,Av Safae Lot Merrinedds,34.0221086,-4.9712183,icons/cafe.png,OSM
Fès,Snack Salam,Restaurant,Formel,Av Sekkat Awint Al Hajaj,34.0219586,-4.9715278,icons/restaurant.png,OSM
Fès,Café Nacer,Café,Formel,Av Sedk Lirak,34.0217748,-4.9723057,icons/cafe.png,OSM
Fès,Cremerie,Café,Formel,Av Sedk Hay Hassani,34.022278,-4.9712698,icons/cafe.png,OSM
Fès,Café Le Centre,Café,Formel,Av Takadom Awint Al Hajaj,34.02071,-4.9701324,icons/cafe.png,OSM
Fès,Café Bréda,Café,Formel,Av El Kerrawan Lot Merrinedds,34.0204822,-4.9705374,icons/cafe.png,OSM
Fès,Café Madrid,Café,Formel,Av Kerrawan Lot Merrinedds,34.0203206,-4.9708836,icons/cafe.png,OSM
Fès,Café Jamil,Café,Formel,Café Jamil,34.0195538,-4.9771814,icons/cafe.png,OSM
Fès,Café Manhatan,Café,Formel,Café Manhatan,34.0192104,-4.9768511,icons/cafe.png,OSM
Fès,Café Miami,Café,Formel,Café Miami,34.0190431,-4.9767442,icons/cafe.png,OSM
Fès,Cremerie Wissam,Café,Formel,Av Kerrawan Quods 2,34.0191854,-4.9726968,icons/cafe.png,OSM
Fès,Café 21,Café,Formel,Café 21,34.0169678,-4.9732871,icons/cafe.png,OSM
Fès,Boulangerie Boutaib,Boulangerie,Formel,Boulangerie Boutaib,34.0169784,-4.9728106,icons/bakery.png,OSM
Fès,Boulangerie,Boulangerie,Formel,Boulangerie,34.017083,-4.970835,icons/bakery.png,OSM
Fès,Laiterie,Café,Formel,Hay Drissi Complexe Udicatif Bouamama,34.0251567,-4.9724825,icons/cafe.png,OSM
Fès,Café Almerya,Café,Formel,Avenue Soussa Zohour 2,34.0074184,-4.9826283,icons/cafe.png,OSM
Fès,Crémerie Fares Abdelkader,Café,Formel,Avenue Urbain Rue My Yaakoub et Rue Zouagha Zohour 2,34.0069191,-4.9840492,icons/cafe.png,OSM
Fès,Boulangerie pâtisserie La Meringuette,Boulangerie,Formel,Avenue Soussa Zagoura Zohour 2,34.004744,-4.9853905,icons/bakery.png,OSM
Fès,Café Pom Pidou,Café,Formel,Avenue Soussa Resi Chams Zohour 2 Route d ' Imouzzer,34.0032062,-4.9887718,icons/cafe.png,OSM
Fès,Café Trèfle d'Or,Café,Formel,Avenue Soussa Resi Chams Zohour 2 Route d ' Imouzzer,34.0031223,-4.9890067,icons/cafe.png,OSM
Fès,Café Lavita,Café,Formel,Avenue Soussa Resi Rahma Zohour 2,34.0036291,-4.9864887,icons/cafe.png,OSM
Fès,Snack JE T ACOS ' T,Restaurant,Formel,Avenue Soussa Resi Rahma Lotis Hajar Zohour 2,34.0037469,-4.9862175,icons/restaurant.png,OSM
Fès,Bouayad Abdelghani Épicier,Supérette / Mini-market,Formel,Avenue Soussa Resi Rahma Lotis Hajar Zohour 2,34.003714,-4.9863033,icons/convenience.png,OSM
Fès,Café Sultana,Café,Formel,Avenue Soussa Resi Maggouna Zohour 2,34.0050436,-4.9850207,icons/cafe.png,OSM
Fès,Café Gioia,Café,Formel,Avenue Soussa Rue Zouagha Lotis Lazrak Zohour 2,34.0070991,-4.9832136,icons/cafe.png,OSM
Fès,Crémerie Ait Moussa Driss,Café,Formel,Avenue Soussa Resi Rahma Zohour 2,34.0035861,-4.9866032,icons/cafe.png,OSM
Fès,Café Imarate El Kossor,Café,Formel,Avenue Soussa Lotis Lazrak Zohour 2,34.0077284,-4.9817807,icons/cafe.png,OSM
Fès,Pharmacie Yousfi صيدلية يوسفي,Parapharmacie,Formel,"LOT LAZRAK MONT FLEURI 2, Fès",34.0057858,-4.9834357,icons/pharmacy.png,OSM
Fès,Café Riad Kortoba,Café,Formel,Avenue Soussa Resi Gourma Zohour 2,34.0039901,-4.9864812,icons/cafe.png,OSM
Fès,Benaissa Mohamed Crémerie Salam,Café,Formel,Avenue Soussa Zohour 2 Route d ' Imouzzer,34.0032249,-4.988645,icons/cafe.png,OSM
Fès,Lgajamet Mohamed Épicier,Supérette / Mini-market,Formel,Avenue Soussa Resi Zagoura Zohour 2,34.0048413,-4.9852528,icons/convenience.png,OSM
Fès,Snack Saad,Restaurant,Formel,Avenue Soussa Mosquée Saad Bnou Abi Ouakkass,34.0045916,-4.984779,icons/restaurant.png,OSM
Fès,Palais de Poulets,Restaurant,Formel,Avenue Soussa Mosquée Saad Bnou Abi Ouakkass Zohour 2,34.0043092,-4.9851979,icons/restaurant.png,OSM
Fès,Lamghari Lahcen Légumier,Épicerie,Informel,Avenue Soussa Mosquée Saad Bnou Abi Ouakkass Zohour 2,34.0044254,-4.98515,icons/greengrocer.png,OSM
Fès,Sghir Abdelmalek Alimentation Générale Tafilalet,Supermarché,Formel,Avenue Soussa Mosquée Saad Bnou Abi Ouakkass Zohour 2,34.0044845,-4.9850436,icons/supermarket.png,OSM
Fès,Saghiri Abdelkarim Épicier,Supérette / Mini-market,Formel,Avenue Soussa Mosquée Saad Bnou Abi Ouakkass Zohour 2,34.0046219,-4.984666,icons/convenience.png,OSM
Fès,Laitière Khayrat,Café,Formel,Avenue Soussa Rue Dayat Oua Zohour 2,34.0041288,-4.9848346,icons/cafe.png,OSM
Fès,Café Paloma,Café,Formel,Café Paloma,34.019577,-4.9856708,icons/cafe.png,OSM
Fès,Café Room Kandinsky,Café,Formel,Café Room Kandinsky,34.0193937,-4.9859832,icons/cafe.png,OSM
Fès,Café Malizia,Café,Formel,Café Malizia,34.0200278,-4.9847364,icons/cafe.png,OSM
Fès,Crémerie El kiraouan,Café,Formel,Crémerie El kiraouan,34.0200916,-4.9843437,icons/cafe.png,OSM
Fès,Café Azarina,Café,Formel,Café Azarina,34.0202082,-4.9842324,icons/cafe.png,OSM
Fès,Café le bon coin,Café,Formel,Café le bon coin,34.0204451,-4.9836862,icons/cafe.png,OSM
Fès,Café complexe sportif,Café,Formel,Café complexe sportif,34.0201887,-4.9810971,icons/cafe.png,OSM
Fès,Cremerie Kods,Café,Formel,Av Kairaouan kods,34.0194577,-4.9722244,icons/cafe.png,OSM
Fès,Café Al Azizia,Café,Formel,Av Kairaouan kods,34.0196167,-4.9719316,icons/cafe.png,OSM
Fès,Café Bahia,Café,Formel,Av Kairaouan kods,34.0201115,-4.9709743,icons/cafe.png,OSM
Fès,Snack,Restaurant,Formel,Av Kairaouan Kods,34.0201371,-4.9709182,icons/restaurant.png,OSM
Fès,Pharmacie Sidi Brahim صيدلية سيدي ابراهيم,Parapharmacie,Formel,"HAY EL QODS 2 BLOC 13 ERAC SIDI BRAHIM FES, Fès",34.0201153,-4.9703139,icons/pharmacy.png,OSM
Fès,Pharmacie Noureddine صيدلية نور الدين,Parapharmacie,Formel,"Awint Al Hajaj Bloc A4, Fès ⴼⴰⵙ فاس",34.0200563,-4.9641712,icons/pharmacy.png,OSM
Fès,Café Chabab,Café,Formel,Awint Al Hajaj Bloc A5,34.0206563,-4.9689605,icons/cafe.png,OSM
Fès,Laiterie,Café,Formel,Hay Kods,34.0198816,-4.9708069,icons/cafe.png,OSM
Fès,Café Goura Palace,Café,Formel,Café Goura Palace,34.0202046,-4.9790651,icons/cafe.png,OSM
Fès,Laiterie,Café,Formel,Laiterie,34.0202033,-4.9784572,icons/cafe.png,OSM
Fès,Cremerie,Café,Formel,Hay Hassani,34.022294,-4.9713074,icons/cafe.png,OSM
Fès,Café salah Eddine,Café,Formel,Café salah Eddine,34.0201967,-4.9782451,icons/cafe.png,OSM
Fès,Snack Rahma,Restaurant,Formel,Hay Qods 2,34.0191268,-4.9704529,icons/restaurant.png,OSM
Fès,Laiterie chourafae,Café,Formel,Laiterie chourafae,34.0202371,-4.9780021,icons/cafe.png,OSM
Fès,Café Stylia,Café,Formel,Café Stylia,34.0201613,-4.9748076,icons/cafe.png,OSM
Fès,Boulangerie Salage,Boulangerie,Formel,Boulangerie Salage,34.0196837,-4.9744938,icons/bakery.png,OSM
Fès,Café Étoiles Salam,Café,Formel,Hay Hassani Erac,34.0223482,-4.9714064,icons/cafe.png,OSM
Fès,Café Zara Goza,Café,Formel,Café Zara Goza,34.0195959,-4.9742147,icons/cafe.png,OSM
Fès,Pharmacie du Quartier Industriel صيدلية الحي الصناعي,Parapharmacie,Formel,"HAY SIDI BRAHIM BLOC 18 N 6 ERAC FES, Fès ⴼⴰⵙ فاس",34.0222491,-4.9714568,icons/pharmacy.png,OSM
Fès,Café Stylia,Café,Formel,Café Stylia,34.0199398,-4.9749067,icons/cafe.png,OSM
Fès,Fez Lounge,Restaurant,Formel,Fes Médina,34.0649655,-4.9769649,icons/restaurant.png,OSM
Fès,Boulangerie,Boulangerie,Formel,Boulangerie,34.0192503,-4.9765432,icons/bakery.png,OSM
Fès,Pharmacie Talbi صيدلية طالبي,Parapharmacie,Formel,"10 BD ARRAHMA, NARJISS, Avenue Errahma, Fès ⴼⴰⵙ فاس",34.0193429,-4.9765996,icons/pharmacy.png,OSM
Fès,Laiterie Arabia,Café,Formel,Laiterie Arabia,34.019383,-4.9732897,icons/cafe.png,OSM
Fès,Café toufiq,Café,Formel,Café toufiq,34.0198806,-4.9743753,icons/cafe.png,OSM
Fès,Café Palma,Café,Formel,Café Palma,34.0199958,-4.9746021,icons/cafe.png,OSM
Fès,Café Zahrat Khalig,Café,Formel,Avenue Koufa Lotis Salam Zohour 2,34.0025134,-4.9786621,icons/cafe.png,OSM
Fès,Café Happy Day,Café,Formel,Avenue Soussa Zohour 2,34.0046409,-4.980914,icons/cafe.png,OSM
Fès,Café Marjane,Café,Formel,Avenue Port - Saïd Zohour 2,34.0048093,-4.9845086,icons/cafe.png,OSM
Fès,Bouyahyaoui Driss Olives Bladi,Épicerie,Informel,Avenue Port - Saïd Zohour 2,34.005809,-4.984698,icons/greengrocer.png,OSM
Fès,Café Mauritania,Café,Formel,Avenue Port - Saïd Zohour 2,34.0058839,-4.9846711,icons/cafe.png,OSM
Fès,Snack Cousin,Restaurant,Formel,Avenue Port - Saïd Zohour 2,34.0073089,-4.9843951,icons/restaurant.png,OSM
Fès,Société Pâtisserie Café Carrefour,Café,Formel,Avenue Koufa Zohour 2 Face Arrondissement Saiss,34.0044165,-4.978439,icons/cafe.png,OSM
Fès,Café Mon Pays,Café,Formel,Avenue Soussa Lotis N : 3 Zohour 2,34.00454,-4.9844375,icons/cafe.png,OSM
Fès,Café Stop In,Café,Formel,Avenue Koufa Zohour 2,34.0057598,-4.9779406,icons/cafe.png,OSM
Fès,Cremerie Al Badre,Café,Formel,Avenue Koufa Zohour 2,34.0050123,-4.9782428,icons/cafe.png,OSM
Fès,Café Coin Bleu,Café,Formel,Avenue Koufa Zohour 2,34.0042248,-4.9783962,icons/cafe.png,OSM
Fès,Pharmacie Al Ikhlasse صيدلية الإخلاص,Parapharmacie,Formel,"Avenue Koufa Zohour 2, Fès",34.0041222,-4.978387,icons/pharmacy.png,OSM
Fès,Sami M'Hamed Épicier,Supérette / Mini-market,Formel,Avenue Koufa Zohour,34.0039935,-4.9784625,icons/convenience.png,OSM
Fès,Café Dirbi,Café,Formel,Avenue Koufa Zohour 2,34.0035788,-4.9785714,icons/cafe.png,OSM
Fès,Cremerie Al Akhaouayne,Café,Formel,Avenue Soussa Rue Rass Tbouda Lotis Hajar Zohour 2,34.0043685,-4.9798902,icons/cafe.png,OSM
Fès,Jdidi Mohamed Épicier,Supérette / Mini-market,Formel,Avenue Soussa Lotis Hajar Zohour 2,34.0044079,-4.9803721,icons/convenience.png,OSM
Fès,Café Hyperion,Café,Formel,Avenue Soussa Zohour 2,34.0046381,-4.9823399,icons/cafe.png,OSM
Fès,Avenue Port-Saïd Épicier,Supérette / Mini-market,Formel,Avenue Port - Saïd Rue Majar Zohour 2,34.0050106,-4.9841984,icons/convenience.png,OSM
Fès,Pharmacie Zohour صيدلية الزهور,Parapharmacie,Formel,"Zohour 2, Fès",34.0044491,-4.9828381,icons/pharmacy.png,OSM
Fès,Cremerie Rif,Café,Formel,Avenue Soussa Zohour 2,34.0045264,-4.9838638,icons/cafe.png,OSM
Fès,Benali M'Hamed Épicier,Supérette / Mini-market,Formel,Avenue Koufa Zohour 2,34.0018583,-4.979106,icons/convenience.png,OSM
Fès,Pharmacie Al Akhawayn صيدلية الأخوين,Parapharmacie,Formel,"Avenue Ismailia Mont fleuri2, Fès",34.0074565,-4.9804051,icons/pharmacy.png,OSM
Fès,Café brazil,Café,Formel,Café brazil,34.0203985,-4.9748614,icons/cafe.png,OSM
Fès,Boulangerie Al Haramayne,Boulangerie,Formel,Boulangerie Al Haramayne,34.0203007,-4.9748547,icons/bakery.png,OSM
Fès,Laiterie Milano,Café,Formel,Laiterie Milano,34.0205006,-4.9748365,icons/cafe.png,OSM
Fès,Café Milano,Café,Formel,Café Milano,34.0207103,-4.9747937,icons/cafe.png,OSM
Fès,Crémerie,Café,Formel,Crémerie,34.020787,-4.9748244,icons/cafe.png,OSM
Fès,Café Kartaje,Café,Formel,Café Kartaje,34.0222688,-4.9749806,icons/cafe.png,OSM
Fès,Pharmacie Hay El Hassani صيدلية حي الحساني,Parapharmacie,Formel,"HAY EI HASSANI BLOC 4 ERAC SIDI BRAHIM, Fès ⴼⴰⵙ فاس",34.0209771,-4.9744947,icons/pharmacy.png,OSM
Fès,Café Chaab,Café,Formel,Café Chaab,34.0218093,-4.9750124,icons/cafe.png,OSM
Fès,Café Nassim,Café,Formel,Café Nassim,34.0204338,-4.9757867,icons/cafe.png,OSM
Fès,Café El Azhar,Café,Formel,Café El Azhar,34.0203943,-4.9783402,icons/cafe.png,OSM
Fès,Restaurant + boucherie,Restaurant,Formel,Restaurant + boucherie,34.0204186,-4.9769232,icons/restaurant.png,OSM
Fès,Café El Kadissia,Café,Formel,Café El Kadissia,34.0203762,-4.9788719,icons/cafe.png,OSM
Fès,Pharmacie Narjiss صيدلية النرجس,Parapharmacie,Formel,"anCIEN L'ERAC SIDI BRAHIM, Fès",34.0206094,-4.9788651,icons/pharmacy.png,OSM
Fès,Café Atlanta,Café,Formel,Café Atlanta,34.0203753,-4.9797637,icons/cafe.png,OSM
Fès,Boulangerie Hajar,Boulangerie,Formel,Avenue Ismailia Rue Bhalil Zohour 2,34.0076724,-4.981071,icons/bakery.png,OSM
Fès,Pharmacie Ismailia صيدلية الإسماعيلية,Parapharmacie,Formel,"Avenue Ismailia Lotis Lahlou Zohour 1, Fès",34.0109079,-4.9831621,icons/pharmacy.png,OSM
Fès,Laitière Paris,Café,Formel,Avenue Ismailia Zohour 1,34.0117305,-4.9837547,icons/cafe.png,OSM
Fès,El Filali Allach Jamal Cremerie,Café,Formel,Avenue Ismailia Zohour 1,34.0118568,-4.9838392,icons/cafe.png,OSM
Fès,Épicier,Supérette / Mini-market,Formel,Avenue Ismailia Lotis Lahlou Zohour 1,34.0108568,-4.9830924,icons/convenience.png,OSM
Fès,Café El Fath,Café,Formel,Avenue Ismailia Resid Mellouki Zohour 1,34.011252,-4.9834454,icons/cafe.png,OSM
Fès,Crémerie,Café,Formel,Crémerie,34.0205523,-4.9742085,icons/cafe.png,OSM
Fès,Café Express,Café,Formel,Café Express,34.0202681,-4.974307,icons/cafe.png,OSM
Fès,Crémerie,Café,Formel,Crémerie,34.0197166,-4.9737699,icons/cafe.png,OSM
Fès,Café,Café,Formel,Café,34.0199911,-4.9737878,icons/cafe.png,OSM
Fès,Café,Café,Formel,Café,34.0199927,-4.9739033,icons/cafe.png,OSM
Fès,Crémerie,Café,Formel,Crémerie,34.0205111,-4.9740928,icons/cafe.png,OSM
Fès,Café walid,Café,Formel,Café walid,34.0205173,-4.9736413,icons/cafe.png,OSM
Fès,Sandwich Nouh,Restaurant,Formel,Sandwich Nouh,34.0210606,-4.9744547,icons/restaurant.png,OSM
Fès,Restaurant Chaab,Restaurant,Formel,Restaurant Chaab,34.0210585,-4.9744008,icons/restaurant.png,OSM
Fès,Café,Café,Formel,Café,34.0210485,-4.9742103,icons/cafe.png,OSM
Fès,Café Al Amal,Café,Formel,Café Al Amal,34.0210541,-4.9743298,icons/cafe.png,OSM
Fès,Café Nezar,Café,Formel,Café Nezar,34.0210462,-4.974119,icons/cafe.png,OSM
Fès,Laiterie Tazi,Café,Formel,Laiterie Tazi,34.0210474,-4.9739819,icons/cafe.png,OSM
Fès,Café Tazi,Café,Formel,Café Tazi,34.0210489,-4.9739217,icons/cafe.png,OSM
Fès,Café orica,Café,Formel,Café orica,34.0210261,-4.9737122,icons/cafe.png,OSM
Fès,Pâtisserie Nejma,Boutique de confiserie,Informel,Pâtisserie Nejma,34.0195394,-4.9731626,icons/confectionery.png,OSM
Fès,Crémerie El wafae,Café,Formel,Crémerie El wafae,34.019976,-4.9735158,icons/cafe.png,OSM
Fès,Café Mondial,Café,Formel,Café Mondial,34.0202091,-4.9735601,icons/cafe.png,OSM
Fès,Snack,Restaurant,Formel,Snack,34.0207041,-4.9735114,icons/restaurant.png,OSM
Fès,Pharmacie Cotef صيدلية كوطيف,Parapharmacie,Formel,"N 12 L'ERAC SIDI BRAHIM, Fès",34.0227418,-4.9779877,icons/pharmacy.png,OSM
Fès,Café Mouhajirine,Café,Formel,Café Mouhajirine,34.0226409,-4.9788659,icons/cafe.png,OSM
Fès,Café Licorne,Café,Formel,Avenue Mouscou Zohour 1,34.0089946,-4.9849506,icons/cafe.png,OSM
Fès,Pharmacie Saoussane صيدلية سوسن,Parapharmacie,Formel,"Avenue Benzert, Fès",34.002518,-4.9877202,icons/pharmacy.png,OSM
Fès,Cremerie Al Ikhlasse,Café,Formel,Avenue Benzert Lotis Laila Zohour 2,34.0025974,-4.9877782,icons/cafe.png,OSM
Fès,Boulangerie Ghazouani,Boulangerie,Formel,Avenue Benzert Lotis Laila Zohour 2,34.0028562,-4.9879213,icons/bakery.png,OSM
Fès,Snack F - Quick,Restaurant,Formel,Avenue Chenguit Rue Sbae Ayoune Lotis Ouaha Zohour 2,34.0045822,-4.9872361,icons/restaurant.png,OSM
Fès,Épicier,Supérette / Mini-market,Formel,Avenue Chenguit Zohour 2,34.0048993,-4.9869613,icons/convenience.png,OSM
Fès,Pharmacie La Famille صيدلية العائلة,Parapharmacie,Formel,"Avenue Chenguit Zohour 2, Fès",34.0050682,-4.9869764,icons/pharmacy.png,OSM
Fès,Café Venise,Café,Formel,Avenue Ismailia Zohour 1,34.0127154,-4.9851243,icons/cafe.png,OSM
Fès,Bentaleb Mohamed Épicier,Supérette / Mini-market,Formel,Avenue Benzert Lotis Laila Zohour 2,34.0017443,-4.9871474,icons/convenience.png,OSM
Fès,Boughannou Aziz Snack,Restaurant,Formel,Avenue Chenguit Lotis Ouaha Zohour 2,34.0047858,-4.9871616,icons/restaurant.png,OSM
Fès,Naji Soukaina Épicier,Supérette / Mini-market,Formel,Avenue Ismailia Zohour 1,34.0129255,-4.9857102,icons/convenience.png,OSM
Fès,Benhamza Khamiss Pizza et Tacos,Restaurant,Formel,Avenue Chenguit Zohour 2,34.0044673,-4.9870217,icons/restaurant.png,OSM
Fès,Café Espace,Café,Formel,Avenue Chenguit Zohour 2,34.0047872,-4.9869185,icons/cafe.png,OSM
Fès,Pâtisserie Mohamed Amine,Boulangerie,Formel,Avenue Chenguit Zohour 2,34.0052881,-4.9873489,icons/bakery.png,OSM
Fès,Ait Youssef Abdellah Épicier,Supérette / Mini-market,Formel,Avenue Soussa Zohour 2,34.0046197,-4.9839969,icons/convenience.png,OSM
Fès,Café Auris,Café,Formel,Café Auris,34.0251853,-4.9766687,icons/cafe.png,OSM
Fès,Café,Café,Formel,Café,34.0210249,-4.9783372,icons/cafe.png,OSM
Fès,Café Ifrane Znaki Othmane,Café,Formel,Avenue Chenguit Zohour 2,34.005528,-4.9874487,icons/cafe.png,OSM
Fès,Marjane Fès Saiss,Supermarché,Formel,Route d ' Imouzzer Fès Saiss,33.9856059,-4.999541,icons/supermarket.png,OSM
Fès,Ababou Hassan Café,Café,Formel,Route de Sefrou Route N : 320 Zohour 2,33.9957978,-4.9853102,icons/cafe.png,OSM
Fès,Pharmacie Hameda Benchekroun صيدلية حميدة بنشقرون,Parapharmacie,Formel,"llah Route d ' Imouzzer Rue Bab Mansour, Fès",34.0086636,-4.993274,icons/pharmacy.png,OSM
Fès,Café La Suite Fès,Café,Formel,Avenue My Abdellah Route d ' Imouzzer,33.993372,-4.9945692,icons/cafe.png,OSM
Fès,Pharmacie La Suite صيدلية لاسويط,Parapharmacie,Formel,"85lotiss Riad Nakhil route Immouzzer Fes, Fès",33.9939304,-4.9905295,icons/pharmacy.png,OSM
Fès,Café Reda Palace,Café,Formel,Lot Fadwa BenSouda,34.018387,-5.052652,icons/cafe.png,OSM
Fès,Cremerie Ghaza,Café,Formel,Lot Fadwa BenSouda,34.0184981,-5.0526884,icons/cafe.png,OSM
Fès,Café Mounir,Café,Formel,Lot Fadwa BenSouda,34.0187297,-5.0527755,icons/cafe.png,OSM
Fès,Cremerie Om Al Kora,Café,Formel,Lot Fadwa BenSouda,34.0190304,-5.0528637,icons/cafe.png,OSM
Fès,Casse_croute,Restaurant,Formel,Lot Fadwa BenSouda,34.0191012,-5.0528957,icons/restaurant.png,OSM
Fès,Café L ' Arbre,Café,Formel,Lot Fadwa BenSouda,34.0192777,-5.0529574,icons/cafe.png,OSM
Fès,Café Dubai,Café,Formel,Lot Yassamine Bensouda,34.0205081,-5.0533979,icons/cafe.png,OSM
Fès,Casse_croute,Restaurant,Formel,Lot Yassamine Bensouda,34.0203204,-5.0533541,icons/restaurant.png,OSM
Fès,Pharmacie Makro صيدلية ماكرو,Parapharmacie,Formel,"LAHOUCINE BADR, 3 lotti N 15 cartier bensouda, Fès",34.0201123,-5.0532944,icons/pharmacy.png,OSM
Fès,La Grande Pharmacie الصيدلية الكبرى,Parapharmacie,Formel,"BENSOUDA EN FACE DE ATACADAO, Fès",34.0239277,-5.0555968,icons/pharmacy.png,OSM
Fès,Café CELLINI,Café,Formel,Bensouda près de Atacadaw,34.0234721,-5.0548105,icons/cafe.png,OSM
Fès,Café Mas Glas,Café,Formel,Lot Janat Zaytoun Bensouda,34.0241085,-5.055077,icons/cafe.png,OSM
Fès,Café olivera,Café,Formel,Café olivera,34.0223015,-5.0549571,icons/cafe.png,OSM
Fès,Cremerie,Café,Formel,Lot Janat Zaytoun Bensouda,34.0236755,-5.0548817,icons/cafe.png,OSM
Fès,Cremerie,Restaurant,Formel,Lot Ofok Bensouda,34.0242567,-5.0551347,icons/restaurant.png,OSM
Fès,Café Everest,Café,Formel,Café Everest,34.0192969,-5.0535743,icons/cafe.png,OSM
Fès,Café Verto,Café,Formel,Café Verto,34.0181165,-5.0530739,icons/cafe.png,OSM
Fès,Laiterie,Café,Formel,Lot Ofok Bensouda,34.0243885,-5.0551794,icons/cafe.png,OSM
Fès,Café Bab Allah,Café,Formel,Café Bab Allah,34.0177303,-5.0535971,icons/cafe.png,OSM
Fès,Café Achariqa,Café,Formel,Café Achariqa,34.0177308,-5.0543439,icons/cafe.png,OSM
Fès,Cremerie,Café,Formel,Lot Fadwa BenSouda j,34.0182608,-5.0518633,icons/cafe.png,OSM
Fès,Café jolipee,Café,Formel,Lot Fadwa BenSouda,34.0182288,-5.0519736,icons/cafe.png,OSM
Fès,Café Sarayouss,Café,Formel,Lot Fadwa BenSouda,34.0181743,-5.0522123,icons/cafe.png,OSM
Fès,Café Zomorrod,Café,Formel,Café Zomorrod,34.0177086,-5.0536974,icons/cafe.png,OSM
Fès,Boulanger Verto,Boulangerie,Formel,Boulanger Verto,34.0182437,-5.0531082,icons/bakery.png,OSM
Fès,Café Nahda,Café,Formel,Lot Fadwa BenSouda,34.0189919,-5.0528536,icons/cafe.png,OSM
Fès,Pharmacie El Boutahri صيدلي البوطهري,Parapharmacie,Formel,"lotissement hawae jamil Masjid 1 RTE RAS Lmae Bensouda, lotti hawae jamil Masjid 1 rte ras l ma, Fès",34.0182077,-5.0574499,icons/pharmacy.png,OSM
Fès,Cafe,Café,Formel,Lot Fadwa BenSouda,34.0183395,-5.0516125,icons/cafe.png,OSM
Fès,Café Beflore,Café,Formel,Lot Fadwa BenSouda,34.0183612,-5.0515044,icons/cafe.png,OSM
Fès,Cremerie Fadwa,Café,Formel,Lot Fadwa BenSouda,34.0183761,-5.0514094,icons/cafe.png,OSM
Fès,Laiterie Abdelkbir,Café,Formel,Lot Fadwa BenSouda,34.0184791,-5.0510037,icons/cafe.png,OSM
Fès,Café Opera Local Fermé,Café,Formel,Lot Fadwa BenSouda,34.0184993,-5.0509193,icons/cafe.png,OSM
Fès,Cremerie El Baraka,Café,Formel,Lot Fadwa BenSouda,34.0185383,-5.0507498,icons/cafe.png,OSM
Fès,Cremerie,Café,Formel,Lot Fadwa BenSouda,34.0185202,-5.050819,icons/cafe.png,OSM
Fès,Café Aljazira,Café,Formel,Lot Fadwa BenSouda,34.0185647,-5.0506045,icons/cafe.png,OSM
Fès,Café CLASSICO,Café,Formel,Lot Fadwa 2 Bensouda,34.019595,-5.0523239,icons/cafe.png,OSM
Fès,FES CAFÉ 44,Café,Formel,Lot Fadwa 2 BenSouda,34.0195239,-5.0520383,icons/cafe.png,OSM
Fès,Pharmacie Assafwa صيدلية الصفوة,Parapharmacie,Formel,"N 24 LOT LAALEJ BENSOUDA, Fès",34.0215063,-5.0490094,icons/pharmacy.png,OSM
Fès,Cremerie Manal,Café,Formel,Lot Nadia Ouad Fes,34.0214401,-5.0493826,icons/cafe.png,OSM
Fès,Epicier بقال,Supérette / Mini-market,Formel,Lot Nina Ouad fes,34.02213,-5.0487466,icons/convenience.png,OSM
Fès,Cremerie Quods,Café,Formel,Lot Champs 4 Ouad fes,34.0222509,-5.0488017,icons/cafe.png,OSM
Fès,Café Sacre Coin,Café,Formel,Lot Laalaj Oud Fes,34.0208006,-5.0484108,icons/cafe.png,OSM
Fès,Boulangerie et pâtisserie ALSACE,Boulangerie,Formel,jnane Zaraa Ouad fes,34.0226995,-5.0477613,icons/bakery.png,OSM
Fès,Café Mint Garden,Café,Formel,Lot Lina Ouad Fes,34.0226751,-5.0488449,icons/cafe.png,OSM
Fès,Pharmacie El Hijazi صيدلية الحجازي,Parapharmacie,Formel,"17 Lotiss Hatim Bensoudza, Fès",34.0202864,-5.0462911,icons/pharmacy.png,OSM
Fès,Café Sais,Café,Formel,Café Sais,34.015533,-5.0514447,icons/cafe.png,OSM
Fès,Café tighouza,Café,Formel,Café tighouza,34.0154038,-5.0513666,icons/cafe.png,OSM
Fès,Café Taliouine,Café,Formel,Café Taliouine,34.0151989,-5.0512301,icons/cafe.png,OSM
Fès,Restaurant Taliouine,Restaurant,Formel,Restaurant Taliouine,34.0151294,-5.0511594,icons/restaurant.png,OSM
Fès,Boulangerie Ahram,Boulangerie,Formel,Lot Jad Bensouda,34.0237786,-5.0537981,icons/bakery.png,OSM
Fès,Restaurant sans nom,Restaurant,Formel,Restaurant sans nom,34.015079,-5.0511214,icons/restaurant.png,OSM
Fès,Cremerie jazira,Café,Formel,Cremerie jazira,34.0150176,-5.0510631,icons/cafe.png,OSM
Fès,Pharmacie Sandra صيدلية ساندرا,Parapharmacie,Formel,"Lot Mssafer Bensouda, Fès",34.0242119,-5.0506962,icons/pharmacy.png,OSM
Fès,Café Anouar,Café,Formel,Café Anouar,34.0150023,-5.0510219,icons/cafe.png,OSM
Fès,Restaurant de nord,Restaurant,Formel,Restaurant de nord,34.0149842,-5.0509846,icons/restaurant.png,OSM
Fès,Café Sultana,Café,Formel,Lot Hanae Oued Fes,34.0248176,-5.0465631,icons/cafe.png,OSM
Fès,Snack Akhaouayene,Restaurant,Formel,Snack Akhaouayene,34.0148974,-5.0510815,icons/restaurant.png,OSM
Fès,Café Mahdia,Café,Formel,Café Mahdia,34.0149402,-5.0509893,icons/cafe.png,OSM
Fès,Café Rayaska,Café,Formel,Lot Moulay Driss Oued Fes,34.0269537,-5.0464045,icons/cafe.png,OSM
Fès,Café Rahma,Café,Formel,Lot MOULAY DRISS OUED FES,34.0270433,-5.0465227,icons/cafe.png,OSM
Fès,Café Jaouahir,Café,Formel,Lot Moulay Driss Oued Fes,34.027241,-5.0461171,icons/cafe.png,OSM
Fès,Laiterie Bismillah,Café,Formel,Lot Moulay Driss Oued Fes,34.0273061,-5.046302,icons/cafe.png,OSM
Fès,Café Noujoum,Café,Formel,Lot Moulay Driss Oued Fes,34.0274013,-5.0462248,icons/cafe.png,OSM
Fès,Pharmacie Zouagha Bas صيدلية الزواغة السفلى,Parapharmacie,Formel,"Lot Moulay Driss hay el marja, Fès",34.0277814,-5.0462297,icons/pharmacy.png,OSM
Fès,Café Fatima Palace,Café,Formel,Lot Moulay Driss Oued Fes,34.0279373,-5.0453719,icons/cafe.png,OSM
Fès,Cremerie Najma,Café,Formel,Hay Sidi Boudhar Ouad fes,34.0241686,-5.0460713,icons/cafe.png,OSM
Fès,Cremerie Nour,Café,Formel,Lot Firdaous Bensouda,34.0214633,-5.0531626,icons/cafe.png,OSM
Fès,Cremerie Sweet Palace,Café,Formel,Lot Moulay Driss Oued Fes,34.028358,-5.0442738,icons/cafe.png,OSM
Fès,Café YOURS,Café,Formel,Lot Moulay Driss Oued Fes,34.0285214,-5.0438085,icons/cafe.png,OSM
Fès,Cremerie,Café,Formel,Lot Moulay Driss Oued Fes,34.0297051,-5.0444597,icons/cafe.png,OSM
Fès,Café Les Amis,Café,Formel,Marwa Ouad Fes,34.0305961,-5.0460594,icons/cafe.png,OSM
Fès,Café Nejma,Café,Formel,Café Nejma,34.0182967,-5.0505744,icons/cafe.png,OSM
Fès,Cremerie,Café,Formel,Marwa Ouad fes,34.0311201,-5.0468306,icons/cafe.png,OSM
Fès,Café flionce,Café,Formel,Café flionce,34.0179261,-5.0520385,icons/cafe.png,OSM
Fès,Café Nidal,Café,Formel,Café Nidal,34.0178198,-5.0523037,icons/cafe.png,OSM
Fès,Cafe CALIFORNIA,Café,Formel,Lot Youssef Ouad Fes,34.0238619,-5.0427487,icons/cafe.png,OSM
Fès,Café Original,Café,Formel,Lot Youssef Ouad Fes,34.0245848,-5.0405908,icons/cafe.png,OSM
Fès,Cremerie Les amis,Café,Formel,Cremerie Les amis,34.0175842,-5.0523505,icons/cafe.png,OSM
Fès,Laiterie daouk Rafie,Café,Formel,Laiterie daouk Rafie,34.0174277,-5.0522584,icons/cafe.png,OSM
Fès,Cremerie Al khir,Café,Formel,Lot Anis Ouad fes,34.024948,-5.0403282,icons/cafe.png,OSM
Fès,Cremerie laymouna,Café,Formel,Cremerie laymouna,34.0173128,-5.0522413,icons/cafe.png,OSM
Fès,Café L'atomium,Café,Formel,Café L'atomium,34.0163057,-5.0516093,icons/cafe.png,OSM
Fès,Café Saad,Café,Formel,Lot Anis Ouad fes,34.0259323,-5.0407234,icons/cafe.png,OSM
Fès,Pharmacie Al Hamd صيدلية الحمد,Parapharmacie,Formel,"HAY LMARJA RTE ZOUAGHA FES, Fès",34.0274386,-5.0413497,icons/pharmacy.png,OSM
Fès,Café Nakhla,Café,Formel,Hay Sidi Boudhar Marja,34.0260451,-5.0470174,icons/cafe.png,OSM
Fès,Restaurant El Bahja,Restaurant,Formel,Restaurant El Bahja,34.0159736,-5.0513203,icons/restaurant.png,OSM
Fès,Pharmacie El Qods صيدلية القدس,Parapharmacie,Formel,"RUE CENTRAL N 1BENSOUDA, Fès",34.0156066,-5.0510426,icons/pharmacy.png,OSM
Fès,Café El Kods,Café,Formel,Café El Kods,34.0153252,-5.0509027,icons/cafe.png,OSM
Fès,Pharmacie L'Avenir صيدلية المستقبل,Parapharmacie,Formel,"122 LOTTI TAOUFIK AL MARJAT, Fès",34.0303541,-5.0410357,icons/pharmacy.png,OSM
Fès,Café Menara,Café,Formel,Café Menara,34.0151524,-5.0507324,icons/cafe.png,OSM
Fès,Café chabab,Café,Formel,Café chabab,34.0150418,-5.0506657,icons/cafe.png,OSM
Fès,Café La Roche,Café,Formel,Lot Taoufik Marja,34.0316112,-5.0437902,icons/cafe.png,OSM
Fès,Café Ouazane,Café,Formel,Lot Taoufik Marja,34.0322463,-5.0439967,icons/cafe.png,OSM
Fès,Cremerie Al Baraka,Café,Formel,Lot Taoufik Marja,34.0324781,-5.0440981,icons/cafe.png,OSM
Fès,Cremerie Marwane,Café,Formel,Rue 22 Marja,34.0328628,-5.0442511,icons/cafe.png,OSM
Fès,Café Yasmine,Café,Formel,Rue 22 MARJA,34.0329224,-5.04428,icons/cafe.png,OSM
Fès,Café Lokmane,Café,Formel,Rue 15 Marja,34.032986,-5.0442989,icons/cafe.png,OSM
Fès,Café Jane,Café,Formel,Lot Ahlan Marja,34.0324636,-5.0436952,icons/cafe.png,OSM
Fès,Café Saada,Café,Formel,Café Saada,34.0140395,-5.0499869,icons/cafe.png,OSM
Fès,Snack,Restaurant,Formel,Snack,34.0135367,-5.0495457,icons/restaurant.png,OSM
Fès,Café baghdad,Café,Formel,Café baghdad,34.0134442,-5.0494424,icons/cafe.png,OSM
Fès,Café Paris,Café,Formel,Café Paris,34.0133883,-5.0493915,icons/cafe.png,OSM
Fès,Café,Café,Formel,Rue 15 MARJA,34.0327191,-5.0449037,icons/cafe.png,OSM
Fès,Pharmacie Al Marja صيدلية المرجة,Parapharmacie,Formel,"Rue 27 Marja, Fès",34.0312285,-5.0446229,icons/pharmacy.png,OSM
Fès,Café Al Sakina,Café,Formel,Lot Bouanania marja,34.0309353,-5.0476964,icons/cafe.png,OSM
Fès,Cremerie Jaouda Local Ferme,Café,Formel,Lot Sadaka Marja,34.0306439,-5.0489775,icons/cafe.png,OSM
Fès,Café Star Light,Café,Formel,Marja,34.0314082,-5.0509276,icons/cafe.png,OSM
Fès,Pharmacie Attaakhi صيدلية التآخي,Parapharmacie,Formel,"Lot Star Sakane marja, Fès",34.031626,-5.051411,icons/pharmacy.png,OSM
Fès,Cremerie La Famille,Café,Formel,Lot Star Sakane,34.0318626,-5.051154,icons/cafe.png,OSM
Fès,Café wiam,Café,Formel,Lot Star sakane,34.031952,-5.0511927,icons/cafe.png,OSM
Fès,Café Malizia,Café,Formel,Rue 24 Marja,34.0322686,-5.0480092,icons/cafe.png,OSM
Fès,Café Riad Fes,Café,Formel,Marja Ouad fes,34.0351625,-5.0483724,icons/cafe.png,OSM
Fès,Cremerie,Café,Formel,Marja Ouad fes,34.032779,-5.047797,icons/cafe.png,OSM
Fès,Cremerie Ahl fes,Café,Formel,Marja Ouad fes,34.0330909,-5.0469236,icons/cafe.png,OSM
Fès,Laiterie les Amis,Café,Formel,Marja Ouad fes,34.0329898,-5.0466796,icons/cafe.png,OSM
Fès,Café Amine,Café,Formel,Lot Marja Ouad fes,34.0356368,-5.0487143,icons/cafe.png,OSM
Fès,Snack,Restaurant,Formel,Snack,34.0141268,-5.0510263,icons/restaurant.png,OSM
Fès,Snack,Restaurant,Formel,Snack,34.0138482,-5.050996,icons/restaurant.png,OSM
Fès,Café,Café,Formel,Marja Ouad fes,34.035885,-5.0489898,icons/cafe.png,OSM
Fès,Laiterie Ikhlas,Café,Formel,Marja Ouad fes,34.0364376,-5.0493483,icons/cafe.png,OSM
Fès,Pharmacie Arreda صيدلية الرضا,Parapharmacie,Formel,"ZOUAGHA RTE BENSOUDA, Fès",34.0365448,-5.0494287,icons/pharmacy.png,OSM
Fès,Café GTR,Café,Formel,Café GTR,34.0169275,-5.0505956,icons/cafe.png,OSM
Fès,Snack Mik Mak,Restaurant,Formel,Snack Mik Mak,34.0162453,-5.0504206,icons/restaurant.png,OSM
Fès,Cremerie Zakaria,Café,Formel,"Marja Ouad fes, Sebaâ Rouadi ⵙⴱⴰⵄ ⵔⵡⴰⴷⵉ سباع روادي",34.0376883,-5.0496934,icons/cafe.png,OSM
Fès,Café Bouquet d ' Or El Hirari Mohamed,Café,Formel,Route d ' Ain Chkef Lotis Asmae,34.0054542,-5.0104499,icons/cafe.png,OSM
Fès,Café Garden Babel Atmoun Mohamed et Ahmed,Café,Formel,Route d ' Ain Chkef Lotis Karaouiyine,34.0025762,-5.0111177,icons/cafe.png,OSM
Fès,Pharmacie Sefrioui صيدلية الصفريوي,Parapharmacie,Formel,"Route d ' Ain Chkef, Fès",34.0088152,-5.0097849,icons/pharmacy.png,OSM
Fès,Pharmacie Diamant Vert صيدلية الجوهرة الخضراء,Parapharmacie,Formel,"Route d ' Ain Chkef Lotis Karaouiyine, Fès",34.0009245,-5.0120511,icons/pharmacy.png,OSM
Fès,Café Diamant Princesse Belhaji Ahmed,Café,Formel,Route d ' Ain Chkef Resi Nouzha Lotis Nouzha,34.0135007,-5.0083019,icons/cafe.png,OSM
Fès,Grillade Tazia Bourbah Fatiha,Restaurant,Formel,Route d ' Ain Chkef Resi Nouzha Lotis Nouzha,34.0134004,-5.0083325,icons/restaurant.png,OSM
Fès,Café Alicante Achkak Rachid pour Société Aksel Maroc,Café,Formel,Route d ' Ain Chkef Resi Nouzha Lotis Nouzha,34.01328,-5.008361,icons/cafe.png,OSM
Fès,Café Amigo,Café,Formel,Marja Ouad fes,34.0425654,-5.04983,icons/cafe.png,OSM
Fès,Café Quods,Café,Formel,Marja Ouad fes,34.0403785,-5.0498985,icons/cafe.png,OSM
Fès,Crémerie Stitou,Café,Formel,Marja Ouad fes,34.0397261,-5.0498795,icons/cafe.png,OSM
Fès,Pharmacie Ouad El Jawahir صيدلية واد الجواهر,Parapharmacie,Formel,"4 RUE 15 BLOC D HAY OUED FEZ MARJA, Fès",34.0388197,-5.0507853,icons/pharmacy.png,OSM
Fès,Café FIRDAOUS,Café,Formel,Marja Ouad fes,34.0356067,-5.0490937,icons/cafe.png,OSM
Fès,Boulangerie TOM,Boulangerie,Formel,Marja Ouad fes,34.0346994,-5.0487576,icons/bakery.png,OSM
Fès,Café Nil,Café,Formel,Café Nil,34.0163691,-5.0501577,icons/cafe.png,OSM
Fès,Café Bahri,Café,Formel,Marja Hay Sahra,34.0241146,-5.0391947,icons/cafe.png,OSM
Fès,Cremerie Bacha,Café,Formel,Marja Ouad fes,34.0353055,-5.0469849,icons/cafe.png,OSM
Fès,Cremerie,Café,Formel,Marja Ouad fes,34.0368299,-5.0478046,icons/cafe.png,OSM
Fès,Café Ouad Jawahir,Café,Formel,Marja Ouad fes,34.0407184,-5.0479814,icons/cafe.png,OSM
Fès,Café Brahim Saidi,Café,Formel,Marja Ouad fes,34.0411065,-5.0477678,icons/cafe.png,OSM
Fès,Café Salam,Café,Formel,Café Salam,34.0161865,-5.0505688,icons/cafe.png,OSM
Fès,Snack,Restaurant,Formel,Riad Zouhour Marja Ouad fes,34.0369602,-5.0444213,icons/restaurant.png,OSM
Fès,Café Al Yacout,Café,Formel,Marja Ouad fes,34.0357841,-5.0437757,icons/cafe.png,OSM
Fès,Pharmacie Wafi صيدلية الوافي,Parapharmacie,Formel,"Riad Zouhour Marja Ouad, Fès",34.036935,-5.0441143,icons/pharmacy.png,OSM
Fès,Pâtisserie,Boutique de confiserie,Informel,Pâtisserie,34.0159154,-5.0507934,icons/confectionery.png,OSM
Fès,Pâtisserie,Boutique de confiserie,Informel,Pâtisserie,34.0159869,-5.0509674,icons/confectionery.png,OSM
Fès,Café sadaka,Café,Formel,Café sadaka,34.0159449,-5.0507046,icons/cafe.png,OSM
Fès,Café,Café,Formel,Marja Ouad fes,34.03477,-5.0437375,icons/cafe.png,OSM
Fès,Pharmacie Espace Santé صيدلية فضاء الصحة,Parapharmacie,Formel,"235 LOTTI EZZOHOR HAY EL MARJA, Fès",34.0341382,-5.0436688,icons/pharmacy.png,OSM
Fès,Crémerie,Café,Formel,Hay Mikou Marja Ouad fes,34.0373468,-5.0392558,icons/cafe.png,OSM
Fès,Cremerie,Café,Formel,Hay Mikou Marja Ouad fes,34.0367692,-5.0390825,icons/cafe.png,OSM
Fès,Cremerie,Café,Formel,Hay Mikou Marja Ouad,34.0359845,-5.0389337,icons/cafe.png,OSM
Fès,Pharmacie Haj Bensalem صيدلية الحاج بنسالم,Parapharmacie,Formel,"Hay Mikou Marja Ouad, Fès",34.0351489,-5.038962,icons/pharmacy.png,OSM
Fès,Cafe Le Rameau,Café,Formel,Hay Tazi Marja Ouad fes,34.0388146,-5.0369283,icons/cafe.png,OSM
Fès,Café,Café,Formel,Café,34.0161898,-5.0502522,icons/cafe.png,OSM
Fès,Café Panorama,Café,Formel,Hay Tazi Marja Ouad fes,34.0379491,-5.0361012,icons/cafe.png,OSM
Fès,Pharmacie Italia صيدلية إيطاليا,Parapharmacie,Formel,"Hay Tazi Marja Ouad, Fès",34.0401158,-5.0349723,icons/pharmacy.png,OSM
Fès,patisserie Nakhla,Boulangerie,Formel,Hay Tazi Marja Ouad,34.0386229,-5.0355761,icons/bakery.png,OSM
Fès,Société Pati - Sweet,Boulangerie,Formel,Route d ' Ain Chkef Lotis Laila Asmae,34.0060536,-5.0103906,icons/bakery.png,OSM
Fès,Café moscou 131 lotis asmae Rte Ain chkef,Café,Formel,Café moscou 131 lotis asmae Rte Ain chkef,34.0062379,-5.0103526,icons/cafe.png,OSM
Fès,Café Amazone,Café,Formel,Hay Mikou Marja Ouad fes,34.0377451,-5.0405857,icons/cafe.png,OSM
Fès,Pharmacie Al Najoua صيدلية النجوى,Parapharmacie,Formel,"1 RUE 9 HAY MIKOU MERJA FEZ, Fès",34.0375903,-5.0406043,icons/pharmacy.png,OSM
Fès,Café Génova Palace,Café,Formel,Hay Sidi Hadil Zouaghat,34.0199685,-5.0407732,icons/cafe.png,OSM
Fès,Pharmacie El Iraki صيدلية العراقي,Parapharmacie,Formel,"RUE 3 BENSOUDA, Fès",34.0147038,-5.0486606,icons/pharmacy.png,OSM
Fès,Café,Café,Formel,Café,34.0154422,-5.0473115,icons/cafe.png,OSM
Fès,Café Mamounia,Café,Formel,Hay Sidi Hadi Zouaghat,34.0208957,-5.0397974,icons/cafe.png,OSM
Fès,Café BAMEAU,Café,Formel,Hay Sidi Hadi Zouaghat,34.0210804,-5.0394534,icons/cafe.png,OSM
Fès,Pharmacie Al Oumma صيدلية الأمة,Parapharmacie,Formel,"61B ROUTE BENSOUDA ZOUAGHA, Fès",34.0233281,-5.0375648,icons/pharmacy.png,OSM
Fès,Café Jnane Andalous,Café,Formel,Zouaghat Haut,34.0238454,-5.0370759,icons/cafe.png,OSM
Fès,Laiterie,Café,Formel,Zouaghat Haut Bloc D,34.0246615,-5.0359992,icons/cafe.png,OSM
Fès,Café sans nom,Café,Formel,"طريق بنسودة, فاس",34.0248722,-5.035662,icons/cafe.png,OSM
Fès,Café Kaabouch,Café,Formel,Zouaghat Haut Bloc D,34.0253022,-5.035034,icons/cafe.png,OSM
Fès,Café Rixi,Café,Formel,Café Rixi,34.015874,-5.0486479,icons/cafe.png,OSM
Fès,Café Anass,Café,Formel,Zouaghat Haut,34.0255015,-5.0345672,icons/cafe.png,OSM
Fès,Cremerie El karam,Café,Formel,Cremerie El karam,34.0134766,-5.0490298,icons/cafe.png,OSM
Fès,Café La Famillia,Café,Formel,Zouaghat Haut,34.0257581,-5.0338056,icons/cafe.png,OSM
Fès,Supérette / Mini-market sans nom,Supérette / Mini-market,Formel,Zouaghat Haut,34.0258594,-5.0343064,icons/convenience.png,OSM
Fès,Café Chabab,Café,Formel,Zouaghat Haut,34.0256693,-5.0347428,icons/cafe.png,OSM
Fès,Café Oumayma,Café,Formel,Sidi Hadi Zouaghat Haut,34.0212237,-5.037615,icons/cafe.png,OSM
Fès,Café Jnane Zouaghat,Café,Formel,Lot Mabrouka Zouaghat Haut,34.0234031,-5.0368379,icons/cafe.png,OSM
Fès,Laiterie,Café,Formel,Zouaghat Haut,34.0230837,-5.0370325,icons/cafe.png,OSM
Fès,Café sans nom,Café,Formel,"زواغة طريق بنسودة, فاس",34.0236579,-5.0365804,icons/cafe.png,OSM
Fès,Laiterie,Café,Formel,Zouaghat Haut,34.0238302,-5.0364483,icons/cafe.png,OSM
Fès,Adwak Arafie,Restaurant,Formel,Zouaghat Haut,34.0237745,-5.0365057,icons/restaurant.png,OSM
Fès,Café Cleopatra,Café,Formel,Zouaghat Haut,34.0238777,-5.0364002,icons/cafe.png,OSM
Fès,Snack Al Akhawayne,Restaurant,Formel,Zouaghat Haut,34.0243654,-5.0358137,icons/restaurant.png,OSM
Fès,Café Siham,Café,Formel,Zouaghat Haut,34.024511,-5.0356514,icons/cafe.png,OSM
Fès,Café Najah,Café,Formel,Zouaghat Haut,34.0244373,-5.0357402,icons/cafe.png,OSM
Fès,Café De France,Café,Formel,Zouaghat Haut,34.0244771,-5.0356906,icons/cafe.png,OSM
Fès,Snack,Restaurant,Formel,Zouaghat Haut,34.024765,-5.0352589,icons/restaurant.png,OSM
Fès,Pharmacie Zouagha صيدلية الزواغة,Parapharmacie,Formel,"ZOUAGHAT RTE BENSOUDA, Fès",34.0247648,-5.0351104,icons/pharmacy.png,OSM
Fès,Cremerie,Café,Formel,Zouaghat Haut,34.0251205,-5.0346791,icons/cafe.png,OSM
Fès,Café Wahran,Café,Formel,Zouaghat Haut,34.025184,-5.0345666,icons/cafe.png,OSM
Fès,Société Café Nas Fes,Café,Formel,Route d ' Ain Chkef Lotis Karaouiyine,34.0045698,-5.0122283,icons/cafe.png,OSM
Fès,El Yaagoubi El Hassan Café Karaouiyine,Café,Formel,Route d 'Ain Chkef Lotis Karaouiyine,34.0014841,-5.012878,icons/cafe.png,OSM
Fès,Café Lazari Atlati Abderrahim et Atlati Otmane,Café,Formel,Route d 'Ain Chkef Lotis Karaouiyine,34.0021351,-5.0116643,icons/cafe.png,OSM
Fès,Café Savini,Café,Formel,Route d 'Ain Chkef Lotis Karaouiyine,34.0027117,-5.0142416,icons/cafe.png,OSM
Fès,Er -- radi Adil Café Gusto,Café,Formel,Route d 'Ain Chkef Lotis Asmae,34.0051972,-5.0108417,icons/cafe.png,OSM
Fès,Mahdaoui Mohamed Cremerie bisous lahlotis Karaouiyine,Café,Formel,Route d 'Ain Chkef Lotis Karaouiyine,34.0048458,-5.0125067,icons/cafe.png,OSM
Fès,Cremerie mosquée Karaouiyine 9,Café,Formel,Cremerie mosquée Karaouiyine 9,34.004779,-5.0135813,icons/cafe.png,OSM
Fès,Café Alaska Malki Hassan,Café,Formel,Rue 14,34.0068457,-5.0104857,icons/cafe.png,OSM
Fès,El Marbah Houcine Laitière Karaouiyine,Café,Formel,Route d 'Ain Chkef Lotis Karaouiyine,34.0013667,-5.0122641,icons/cafe.png,OSM
Fès,Qarqabi Youness Café Alloo,Café,Formel,Route d 'Ain Chkef Lotis Asmae,34.0052264,-5.0106753,icons/cafe.png,OSM
Fès,Rhandour Mohamed Cremerie,Café,Formel,Route d 'Ain Chkef Lotis Karaouiyine,34.0048136,-5.0126649,icons/cafe.png,OSM
Fès,Café Nizar Kartaf Najib et Kartaf Yassine,Café,Formel,Route d ' Ain Chkef Lotis Asmae,34.0065928,-5.011705,icons/cafe.png,OSM
Fès,Cremerie Oméga,Café,Formel,Zouaghat Haut,34.0252206,-5.0329432,icons/cafe.png,OSM
Fès,Café Pam,Café,Formel,Café Pam,34.0165487,-5.0555507,icons/cafe.png,OSM
Fès,Snack,Restaurant,Formel,Snack,34.0167351,-5.0542779,icons/restaurant.png,OSM
Fès,Café Salam,Café,Formel,Zouaghat Haut Hay Fath,34.0235675,-5.0320103,icons/cafe.png,OSM
Fès,Café tafilalte,Café,Formel,Café tafilalte,34.0167944,-5.0541344,icons/cafe.png,OSM
Fès,Café fassih,Café,Formel,Café fassih,34.0168555,-5.0539699,icons/cafe.png,OSM
Fès,Café maghrib Arabi,Café,Formel,Café maghrib Arabi,34.0169331,-5.0537972,icons/cafe.png,OSM
Fès,Café Najm,Café,Formel,Café Najm,34.0169893,-5.0536452,icons/cafe.png,OSM
Fès,Snack,Restaurant,Formel,Snack,34.0171002,-5.0533327,icons/restaurant.png,OSM
Fès,Café La Rose Des Sables,Café,Formel,Zouaghat Haut Hay Fath,34.0233384,-5.0319111,icons/cafe.png,OSM
Fès,Crémerie,Café,Formel,Zouaghat Haut Hay Fath,34.023083,-5.0318159,icons/cafe.png,OSM
Fès,Café Espace Word,Café,Formel,Zouaghat Haut Hay Fath,34.0229044,-5.0317526,icons/cafe.png,OSM
Fès,Café Skay Club,Café,Formel,Zoyagha Hay Fath,34.0222789,-5.0317477,icons/cafe.png,OSM
Fès,Café Marzouk,Café,Formel,Zouaghat Haut Hay Fath,34.0220756,-5.0313938,icons/cafe.png,OSM
Fès,Supérette / Mini-market sans nom,Supérette / Mini-market,Formel,Zouaghat Haut Hay Fath,34.0220083,-5.0310718,icons/convenience.png,OSM
Fès,Café Basma,Café,Formel,Zouaghat Haut Hay Fath,34.0215455,-5.0308753,icons/cafe.png,OSM
Fès,Salle de Jeux,Café,Formel,Zouaghat Haut Hay Fath,34.0216477,-5.0309318,icons/cafe.png,OSM
Fès,Café Espace Hajar,Café,Formel,Zouaghat Haut Hay Fath,34.0216035,-5.0306197,icons/cafe.png,OSM
Fès,Café Amity Palace,Café,Formel,Zouaghat Haut Hay Fath,34.0218426,-5.030751,icons/cafe.png,OSM
Fès,CAFÉ Gambara,Café,Formel,Zouaghat Haut Hay Fath,34.0222408,-5.0308601,icons/cafe.png,OSM
Fès,Pharmacie Bensouda صيدلية بن سودة,Parapharmacie,Formel,"3 hay Msallah fes, Fès",34.0170139,-5.0531777,icons/pharmacy.png,OSM
Fès,Snack,Restaurant,Formel,Snack,34.0167953,-5.0531887,icons/restaurant.png,OSM
Fès,Cafe Lyncha,Café,Formel,BVD MOHAMMED 6 ZOUAGHAT,34.0250503,-5.0280998,icons/cafe.png,OSM
Fès,Pharmacie Av Med VI صيدلية شارع محمد السادس,Parapharmacie,Formel,"BVD MOHAMMED 6 ZOUAGHAT, Fès",34.0263639,-5.028244,icons/pharmacy.png,OSM
Fès,Cremerie,Café,Formel,BVD MOHAMMED 6 ZOUAGHAT,34.0250027,-5.0282716,icons/cafe.png,OSM
Fès,Café Amamousta Aamamou Mohamed,Café,Formel,Route d ' Ain Chkef Lotis Karaouiyine,34.0064022,-5.0128817,icons/cafe.png,OSM
Fès,Restaurant Papa Fish,Restaurant,Formel,Route d 'Ain Chkef Lotis Asmae face École Anoual,34.0061586,-5.0103758,icons/restaurant.png,OSM
Fès,Café Pablo مقهى بابلو,Café,Formel,"Rue 14 زنقة, Fez فاس‎",34.0069169,-5.0111995,icons/cafe.png,OSM
Fès,Snack Bateau Lux,Restaurant,Formel,Route d 'Ain Chkef Lotis Zahrat Madaine,34.007316,-5.0106952,icons/restaurant.png,OSM
Fès,Société Café Flaminki SARL,Café,Formel,Route d 'Ain Chkef Lotis Zahrat Madaine 3,34.0075113,-5.0132914,icons/cafe.png,OSM
Fès,Supermarché Ifoulki Hassouni Abdellah,Supermarché,Formel,Route d ' Ain Chkef Lotis Asmae,34.0059391,-5.0110038,icons/supermarket.png,OSM
Fès,Ezzahid Serghini Boulangerie Le Bristol,Boulangerie,Formel,Route d Ain Chkef Lotis Asmae,34.0058094,-5.0106331,icons/bakery.png,OSM
Fès,Société El Aarej SARL- AU,Supérette / Mini-market,Formel,Route d ' Ain Chkef Lotis Karaouiyine,34.005414,-5.0122897,icons/convenience.png,OSM
Fès,El Azzouzi Mohamed Jamal Cremerie,Café,Formel,Route d ' Ain Chkef Lotis Zahrat Madaine,34.0069531,-5.0110576,icons/cafe.png,OSM
Fès,Lamsieh Mohamed Cremerie,Café,Formel,Route d 'Ain Chkef Lotis Zahrat Madaine,34.0073751,-5.0109577,icons/cafe.png,OSM
Fès,Café La Team El Kharroubi Chafik,Café,Formel,Route d ' Ain Chkef Lotis Riad Zeytoune,34.0074861,-5.0108656,icons/cafe.png,OSM
Fès,El Moutawafik Maria Cremerie,Café,Formel,Route d 'Ain Chkef Lotis Riad Zeytoune,34.0096115,-5.0132971,icons/cafe.png,OSM
Fès,Janati Idrissi Fatima Cremerie,Café,Formel,Route d ' Ain Chkef Lotis Zahrat Madaine,34.0072273,-5.01079,icons/cafe.png,OSM
Fès,Café Marjana,Café,Formel,AV MOHAMMED 6 ZOUAGHAT HAUT,34.0232945,-5.0276005,icons/cafe.png,OSM
Fès,Douzi Touria Pâtisserie Salé Sucré,Boulangerie,Formel,Route d 'Ain Chkef Lotis Karaouiyine,34.0053489,-5.0147632,icons/bakery.png,OSM
Fès,CO -- T -- Café Tlamsani Mekkaoui Adil et El Mardi Mohamed,Café,Formel,Route d ' Ain Chkef Lotis Karaouiyine,34.0077359,-5.0146895,icons/cafe.png,OSM
Fès,Cafe La Tulipe,Café,Formel,AV MOHAMMED 6 ZOUAGHAT HAUT,34.0179548,-5.0206025,icons/cafe.png,OSM
Fès,Pizzeria Marco Polo,Restaurant,Formel,AV MOHAMMED 6 ZOUAGHAT HAUT,34.0176841,-5.0200168,icons/restaurant.png,OSM
Fès,Cremerie ( Local Fermé ),Café,Formel,AV MOHAMMED 6 ZOUAGHAT HAUT,34.0178088,-5.020269,icons/cafe.png,OSM
Fès,Laiterie,Café,Formel,AV MOHAMMED 6 ZOUAGHAT HAUT,34.0178937,-5.0204506,icons/cafe.png,OSM
Fès,Cremerie Hiba Local Fermé,Café,Formel,AV MOHAMMED 6 ZOUAGHAT HAUT,34.0176107,-5.019886,icons/cafe.png,OSM
Fès,Snack,Restaurant,Formel,AV MOHAMMED 6 ZOUAGHAT HAUT,34.0175724,-5.0198242,icons/restaurant.png,OSM
Fès,Café Espace Palace,Café,Formel,AV Mohammed 6 Zouaghat Haut,34.0175315,-5.0197552,icons/cafe.png,OSM
Fès,Cremerie Yassmine,Café,Formel,Route Aïn Smen,34.0170268,-5.0198304,icons/cafe.png,OSM
Fès,Café Brechia ( Local Fermé ),Café,Formel,Route Aïn Smen,34.0160503,-5.0202335,icons/cafe.png,OSM
Fès,Boulangerie Pâtisserie Lakhlifi,Boulangerie,Formel,Route Aïn Smen,34.0154082,-5.0206641,icons/bakery.png,OSM
Fès,Laiterie Bismillah,Café,Formel,Route Aïn Smen,34.0147927,-5.0210109,icons/cafe.png,OSM
Fès,Boulangerie Bismillah,Boulangerie,Formel,Route Aïn Smen,34.0146424,-5.0213016,icons/bakery.png,OSM
Fès,Café Dima Zen,Café,Formel,Route Aïn Smen,34.0144694,-5.0211559,icons/cafe.png,OSM
Fès,Snack Local Fermé,Restaurant,Formel,BVD MOHAMMED 6 ZOUAGHAT HAUT,34.017551,-5.0197543,icons/restaurant.png,OSM
Fès,Boulangerie et Pâtisserie Aressala Rifai Tayek,Boulangerie,Formel,Route d Ain Chkef Lotis Karaouiyine,34.0080016,-5.0165925,icons/bakery.png,OSM
Fès,Pharmacie des Sciences صيدلية العلوم,Parapharmacie,Formel,"347 LOT QUARAOUIYINE RTE AIN CHEKAF, Fès",34.0104753,-5.0176469,icons/pharmacy.png,OSM
Fès,Café Essalam,Café,Formel,Route d Ain Chkef Lotis Karaouiyine Angle Rue 1 et Rue 2,34.0100834,-5.0159237,icons/cafe.png,OSM
Fès,ain azliten tannery,Supermarché,Formel,Fes Médina,34.0657822,-4.9789212,icons/supermarket.png,OSM
Fès,Pharmacie Sekkat صيدلية السقاط,Parapharmacie,Formel,"hay nakhil rte bain smen, Fès",34.0125631,-5.0227221,icons/pharmacy.png,OSM
Fès,Pharmacie Al Wahda صيدلية الوحدة,Parapharmacie,Formel,"bd Abou houraira mont fleuri 1 FES, Fès",34.0132168,-5.0514716,icons/pharmacy.png,OSM
Fès,Patisserie Ouifak,Boulangerie,Formel,Route Aïn Smen,34.0099769,-5.0252314,icons/bakery.png,OSM
Fès,Café Daytona Palace,Café,Formel,Route Aïn Smen,34.0101805,-5.0248729,icons/cafe.png,OSM
Fès,Café Zohria,Café,Formel,Route Aïn Smen,34.0099036,-5.0253722,icons/cafe.png,OSM
Fès,Cremerie Ziad,Café,Formel,Route Aïn Smen,34.0097149,-5.0256949,icons/cafe.png,OSM
Fès,Café Acassia,Café,Formel,Route Aïn Smen,34.009473,-5.0259744,icons/cafe.png,OSM
Fès,Café chourafa,Café,Formel,Café chourafa,34.0160139,-5.0557559,icons/cafe.png,OSM
Fès,Café El Akhaouayene,Café,Formel,Café El Akhaouayene,34.0150672,-5.0569684,icons/cafe.png,OSM
Fès,Café El jazira,Café,Formel,Café El jazira,34.0156975,-5.0557346,icons/cafe.png,OSM
Fès,Cremerie,Café,Formel,Route Aïn Smen,34.0110623,-5.0224006,icons/cafe.png,OSM
Fès,Café El waha,Café,Formel,Café El waha,34.0141415,-5.0600974,icons/cafe.png,OSM
Fès,Café Mabrouka,Café,Formel,Café Mabrouka,34.0183588,-5.061915,icons/cafe.png,OSM
Fès,Café Amis Rami,Café,Formel,Café Amis Rami,34.0048667,-5.0449859,icons/cafe.png,OSM
Fès,Pharmacie Kandoussi صيدلية القندوسي,Parapharmacie,Formel,"132 Lotiss farah bensouda fes, Fès",34.0037878,-5.0446424,icons/pharmacy.png,OSM
Fès,Café B T G,Café,Formel,Route Aïn Smen,34.009349,-5.0292899,icons/cafe.png,OSM
Fès,Laiterie,Café,Formel,Route Aïn Smen,34.009571,-5.0289231,icons/cafe.png,OSM
Fès,Café Dounia,Café,Formel,Route Aïn Smen,34.0096678,-5.0287887,icons/cafe.png,OSM
Fès,Café Baghdad,Café,Formel,Route Aïn Smen,34.0097441,-5.0286591,icons/cafe.png,OSM
Fès,Café Planto,Café,Formel,Route Aïn Smen,34.0094859,-5.0290612,icons/cafe.png,OSM
Fès,Café Sant Flour,Café,Formel,Route Aïn Smen,34.0101219,-5.0304225,icons/cafe.png,OSM
Fès,Café mountada El Amane,Café,Formel,Café mountada El Amane,34.0002819,-5.0433531,icons/cafe.png,OSM
Fès,Snack Lotfi,Restaurant,Formel,Route Aïn Smen,34.0097105,-5.0269338,icons/restaurant.png,OSM
Fès,Crémerie Zouzou,Café,Formel,Route Aïn Smen,34.0101897,-5.0255797,icons/cafe.png,OSM
Fès,Crémerie,Café,Formel,Route Aïn Smen,34.0097106,-5.0263988,icons/cafe.png,OSM
Fès,Café Polarya,Café,Formel,Route Aïn Smen,34.0097205,-5.0261352,icons/cafe.png,OSM
Fès,Snack,Restaurant,Formel,Route Aïn Smen,34.0104322,-5.0251682,icons/restaurant.png,OSM
Fès,Café Aljazira,Café,Formel,Route Aïn Smen,34.0122459,-5.0257116,icons/cafe.png,OSM
Fès,Café RAYANE,Café,Formel,Route Aïn Smen,34.0119536,-5.025359,icons/cafe.png,OSM
Fès,Café,Café,Formel,Café,34.0053501,-5.0514554,icons/cafe.png,OSM
Fès,Café Al Fath,Café,Formel,Route Aïn Smen,34.0122585,-5.0263293,icons/cafe.png,OSM
Fès,Pharmacie Ain Smen صيدلية عين السمن,Parapharmacie,Formel,"HAY AL WEFAK BLOC N 172 FEZ, Fès",34.0120186,-5.0262209,icons/pharmacy.png,OSM
Fès,Laiterie,Café,Formel,Route Aïn Smen,34.0098888,-5.0262504,icons/cafe.png,OSM
Fès,Café oued Dahab,Café,Formel,Café oued Dahab,34.0149197,-5.0536313,icons/cafe.png,OSM
Fès,Café Saoudi,Café,Formel,Café Saoudi,34.0144784,-5.0551177,icons/cafe.png,OSM
Fès,Café,Café,Formel,Café,34.0146916,-5.0544075,icons/cafe.png,OSM
Fès,Pharmacie Errachidia صيدلية الراشدية,Parapharmacie,Formel,"LOT ARRACHIDIA RTE AIN CHEKEF, Fès",34.015282,-5.0136845,icons/pharmacy.png,OSM
Fès,Cremerie Al Karam,Café,Formel,Arset Zitoune 1 Doha,33.9901115,-5.0422598,icons/cafe.png,OSM
Fès,Snack El Khayrate,Restaurant,Formel,Lotis Moustakbal Hay Massira,33.9958354,-5.0524891,icons/restaurant.png,OSM
Fès,Cremerie et Restaurant Tizirt,Café,Formel,Arset Zitoune Doha,33.9902195,-5.0409044,icons/cafe.png,OSM
Fès,Café Al Akhawyn,Café,Formel,Arset Zitoune 1 Doha,33.9906791,-5.0438868,icons/cafe.png,OSM
Fès,Café Oliveraie,Café,Formel,Arset Zitoune 1 Doha G H 1,33.9913247,-5.0438808,icons/cafe.png,OSM
Fès,Café Jnane Palace,Café,Formel,Avenue Mohamed Fassi Lotis Rachidia,34.0149411,-5.0126176,icons/cafe.png,OSM
Fès,Café Sol y Sombra,Café,Formel,Fez فاس‎,34.0130812,-5.0102067,icons/cafe.png,OSM
Fès,Hiba Laiterie,Café,Formel,Arset Zitoune Doha,33.9901419,-5.0417332,icons/cafe.png,OSM
Fès,Café Ines Day Day Abdelaziz,Café,Formel,Arset Zitoune Doha G H 01,33.9932573,-5.0412001,icons/cafe.png,OSM
Fès,Café Parista,Café,Formel,Lotis El Aman Hay Massira,33.9950122,-5.0463865,icons/cafe.png,OSM
Fès,Café Cesar,Café,Formel,Route d Ain Chkef Lotis Nouzha 2,34.0134155,-5.0095106,icons/cafe.png,OSM
Fès,Café Cristale Palace,Café,Formel,Arset Zitoune Zouagha,33.9902629,-5.040759,icons/cafe.png,OSM
Fès,Cremerie Doha,Café,Formel,Arset Zitoune Doha,33.9901621,-5.0413902,icons/cafe.png,OSM
Fès,Café El Mountazah,Café,Formel,Arset Zitoune 1 Doha G H 15,33.9911506,-5.0442934,icons/cafe.png,OSM
Fès,Café El Arsa,Café,Formel,Arset Zitoune Doha,33.99161,-5.0444842,icons/cafe.png,OSM
Fès,Café Alyana,Café,Formel,Arset Zitoune Doha G H 35,33.9897542,-5.042582,icons/cafe.png,OSM
Fès,Café Marouan,Café,Formel,Café Marouan,34.0129325,-5.0575113,icons/cafe.png,OSM
Fès,Café Taoufik,Café,Formel,Café Taoufik,34.0158056,-5.062451,icons/cafe.png,OSM
Fès,Café La Gazelle,Café,Formel,Hay Tazi Marja Ouad fes,34.0389629,-5.0363002,icons/cafe.png,OSM
Fès,Laiterie Arida,Café,Formel,Route Aïn Smen,34.0102807,-5.027987,icons/cafe.png,OSM
Fès,Café Les Amis,Café,Formel,Route Aïn Smen,34.01242,-5.0277454,icons/cafe.png,OSM
Fès,Snack,Restaurant,Formel,Route Aïn Smen,34.0125043,-5.0277628,icons/restaurant.png,OSM
Fès,Laiterie,Café,Formel,Route Aïn Smen,34.0125347,-5.0277945,icons/cafe.png,OSM
Fès,Laiterie,Café,Formel,Route Aïn Smen,34.0125539,-5.0278232,icons/cafe.png,OSM
Fès,Patisserie Wadie,Boulangerie,Formel,Route Aïn Smen,34.0130142,-5.0279893,icons/bakery.png,OSM
Fès,Café Al Ahram,Café,Formel,Route Aïn Smen,34.0140428,-5.0272855,icons/cafe.png,OSM
Fès,Cremerie,Café,Formel,Route Ain Chkef,33.9983408,-5.0045836,icons/cafe.png,OSM
Fès,Patisserie,Boulangerie,Formel,Route Aïn Smen طريق عين السمن,34.0106928,-5.028205,icons/bakery.png,OSM
Fès,Pharmacie Al Wissal صيدلية الوصال,Parapharmacie,Formel,"PROJET WIAM RESIDENCE ZAHRAE HAY NASSIM FES, Fès ⴼⴰⵙ فاس",33.9952412,-5.0560575,icons/pharmacy.png,OSM
Fès,Café Rapidou,Café,Formel,Café Rapidou,33.9951011,-5.0562567,icons/cafe.png,OSM
Fès,Café Rabie,Café,Formel,Route Aïn Smen طريق عين السمن,34.0120968,-5.028312,icons/cafe.png,OSM
Fès,Cremerie Ain Assal,Café,Formel,Route Aïn Smen طريق عين السمن,34.0135925,-5.0286015,icons/cafe.png,OSM
Fès,Pharmacie Al Kaoutar صيدلية الكوثر,Parapharmacie,Formel,"210 BLOC A HAY WIFAK RTE AIN SMEN, Fès",34.0136031,-5.0293645,icons/pharmacy.png,OSM
Fès,Laiterie,Café,Formel,Route Aïn Smen طريق عين السمن,34.0121556,-5.028385,icons/cafe.png,OSM
Fès,Patisserie,Boulangerie,Formel,Route Aïn Smen طريق عين السمن,34.0125597,-5.0282911,icons/bakery.png,OSM
Fès,Crémerie,Café,Formel,Route Aïn Smen طريق عين السمن,34.01359,-5.0282008,icons/cafe.png,OSM
Fès,Cremerie,Café,Formel,Route Aïn Smen طريق عين السمن,34.0137574,-5.028902,icons/cafe.png,OSM
Fès,Café,Café,Formel,Route Aïn Smen طريق عين السمن,34.0136788,-5.0282776,icons/cafe.png,OSM
Fès,Patisserie Boulangerie Al Ouifak,Boulangerie,Formel,Route Aïn Smen طريق عين السمن,34.0101653,-5.0312631,icons/bakery.png,OSM
Fès,Café La Liberté,Café,Formel,Café La Liberté,33.9940646,-5.0594439,icons/cafe.png,OSM
Fès,Café Charq,Café,Formel,Café Charq,33.9940405,-5.0594746,icons/cafe.png,OSM
Fès,Café Nassim Errif,Café,Formel,Café Nassim Errif,33.9940302,-5.0596276,icons/cafe.png,OSM
Fès,Café Nacer,Café,Formel,Route Aïn Smen طريق عين السمن,34.0138099,-5.0251552,icons/cafe.png,OSM
Fès,Parapharmacie Lina,Parapharmacie,Formel,Route Aïn Smen طريق عين السمن,34.0136532,-5.024974,icons/pharmacy.png,OSM
Fès,Café Azami,Café,Formel,Café Azami,33.9944537,-5.0596596,icons/cafe.png,OSM
Fès,Café Savana Palace مقهى سافانا بالاس,Café,Formel,Hay Griyou Zouaghat Haut,34.0157503,-5.0270933,icons/cafe.png,OSM
Fès,Boulanger bismi Allah,Boulangerie,Formel,Boulanger bismi Allah,33.9947029,-5.0597578,icons/bakery.png,OSM
Fès,Café Nasse Fès,Café,Formel,Café Nasse Fès,33.9952773,-5.0600043,icons/cafe.png,OSM
Fès,Café coursica,Café,Formel,Café coursica,33.9968164,-5.0608561,icons/cafe.png,OSM
Fès,Pharmacie Nassim صيدلية النسيم,Parapharmacie,Formel,Fs,33.9966238,-5.0607799,icons/pharmacy.png,OSM
Fès,Cremerie Nassim,Café,Formel,Cremerie Nassim,33.9963773,-5.0606846,icons/cafe.png,OSM
Fès,Snack,Restaurant,Formel,Snack,33.9959752,-5.0604935,icons/restaurant.png,OSM
Fès,Laiterie Bismillah,Café,Formel,Hay Griyou Zouagha Haute,34.0154663,-5.0268576,icons/cafe.png,OSM
Fès,Pharmacie Al Abaouayne صيدلية الأبوين,Parapharmacie,Formel,Fès ⴼⴰⵙ فاس,33.9944371,-5.0625071,icons/pharmacy.png,OSM
Fès,Café salam (fermé),Café,Formel,Café salam (fermé),33.9949753,-5.0613998,icons/cafe.png,OSM
Fès,Café Al watania(fermé),Café,Formel,Café Al watania(fermé),33.9950833,-5.0609648,icons/cafe.png,OSM
Fès,Café Raha,Café,Formel,Café Raha,33.9951798,-5.0606351,icons/cafe.png,OSM
Fès,Café bismi Allah,Café,Formel,Café bismi Allah,33.9955139,-5.0596325,icons/cafe.png,OSM
Fès,Café Al Amane,Café,Formel,Hay Griyou Zouagha Haute,34.0158303,-5.0272998,icons/cafe.png,OSM
Fès,Laiterie Hiba mina Allah,Café,Formel,Hay Griyou Zouagha Haute,34.0158886,-5.0273757,icons/cafe.png,OSM
Fès,Café,Café,Formel,Café,33.995561,-5.0595319,icons/cafe.png,OSM
Fès,Café Intelak,Café,Formel,Hay Griyou Zouagha Haute,34.0164654,-5.02734,icons/cafe.png,OSM
Fès,Laiterie,Café,Formel,Hay Griyou Zouagha Haute,34.0169023,-5.0274871,icons/cafe.png,OSM
Fès,Café zahrae,Café,Formel,Café zahrae,33.9965807,-5.0571318,icons/cafe.png,OSM
Fès,Café seressete,Café,Formel,Café seressete,33.9971395,-5.0554339,icons/cafe.png,OSM
Fès,Café Al Abawayne Didi Youssef,Café,Formel,Lotis Moustakbal Hay Massira,33.9957678,-5.0525771,icons/cafe.png,OSM
Fès,Café Al Ikhwa Enndif Abderrazzak,Café,Formel,Lotis Moustakbal Hay Massira,33.994705,-5.0570813,icons/cafe.png,OSM
Fès,Café Abou Dabi Samouh El Khammar,Café,Formel,Lotis Moustakbal Hay Massira,33.9959849,-5.0529992,icons/cafe.png,OSM
Fès,Café Jad Mustapha El Azzouzi,Café,Formel,Lotis Moustakbal Hay Massira,33.9956645,-5.0540352,icons/cafe.png,OSM
Fès,Cremerie Al Moustakbal El Alami Ben Hmamou,Café,Formel,Lotis Moustakbal Hay Massira,33.9956346,-5.0541177,icons/cafe.png,OSM
Fès,Cremerie Chakkouma Tabai Ahmed,Café,Formel,Lotis Moustakbal Hay Massira,33.9955832,-5.054316,icons/cafe.png,OSM
Fès,Café Panoramic El Akkazi Mohamed,Café,Formel,Hay Nassim Bloc 6 Lotis B,33.9942218,-5.0586172,icons/cafe.png,OSM
Fès,El Idrissi Hmida Boulangerie Khouloud,Boulangerie,Formel,Lotis Moustakbal Hay Massira,33.9956166,-5.0542139,icons/bakery.png,OSM
Fès,Ben Yahya Abdelhamid Pâtisserie et Boulangerie Ben Yahya,Boulangerie,Formel,Lotis Moustakbal Hay Massira,33.9945522,-5.0575788,icons/bakery.png,OSM
Fès,Café sans nom,Café,Formel,Café sans nom,33.9977767,-5.0538521,icons/cafe.png,OSM
Fès,Café luna(fermé),Café,Formel,Café luna(fermé),33.9977286,-5.054028,icons/cafe.png,OSM
Fès,Café Classico,Café,Formel,Café Classico,33.9970796,-5.0560216,icons/cafe.png,OSM
Fès,Café (cheche),Café,Formel,Café (cheche),33.9971626,-5.0557535,icons/cafe.png,OSM
Fès,Café hay Nassim,Café,Formel,Café hay Nassim,33.9960445,-5.0598679,icons/cafe.png,OSM
Fès,Café Ikhriy,Café,Formel,Hay Griyou Zouagha Haute,34.0174008,-5.0287657,icons/cafe.png,OSM
Fès,Café golden Rose,Café,Formel,Café golden Rose,33.9976444,-5.0581787,icons/cafe.png,OSM
Fès,Boulanger,Boulangerie,Formel,Boulanger,33.9958304,-5.0574074,icons/bakery.png,OSM
Fès,Pharmacie Fahmi صيدلية فهمي,Parapharmacie,Formel,"Hay Griyou Zouagha Haute, Fès",34.0170581,-5.0296466,icons/pharmacy.png,OSM
Fès,Café Roma,Café,Formel,Lotis Basma Hay Massira,33.9928564,-5.0623448,icons/cafe.png,OSM
Fès,Ramroumi Mohamed Épicier,Supérette / Mini-market,Formel,Hay Nassim Bloc E 3,33.9936256,-5.0604886,icons/convenience.png,OSM
Fès,Café Malaysia,Café,Formel,Lotis Basma Hay Massira,33.9935208,-5.0625415,icons/cafe.png,OSM
Fès,Café Berkane,Café,Formel,Lotis Al omrane Hay Massira,33.9944474,-5.0629731,icons/cafe.png,OSM
Fès,Café ICHBILIA,Café,Formel,Hay Griyou Zouagha Haute,34.0162282,-5.0305475,icons/cafe.png,OSM
Fès,Pharmacie Ayoub صيدلية أيوب سيد الهادي,Parapharmacie,Formel,"Hay Griyou Zouagha Haute, Fès",34.0153361,-5.031363,icons/pharmacy.png,OSM
Fès,Café AL FATH,Café,Formel,Hay Griyou Zouagha Haute,34.0161773,-5.0305675,icons/cafe.png,OSM
Fès,Café les frères,Café,Formel,Café les frères,33.9958839,-5.0548502,icons/cafe.png,OSM
Fès,Café Miramas,Café,Formel,Hay Griyou Zouagha Haute,34.0140806,-5.030338,icons/cafe.png,OSM
Fès,Café Yasmine,Café,Formel,Café Yasmine,33.9980745,-5.0534536,icons/cafe.png,OSM
Fès,Café Abramo,Café,Formel,Lotis Basma Hay Massira,33.9922627,-5.0619583,icons/cafe.png,OSM
Fès,Café Ghita,Café,Formel,Hay Jadid Zouagha Haute,34.0164996,-5.0310175,icons/cafe.png,OSM
Fès,Café Angad,Café,Formel,Lotis Basma Hay Massira,33.9919972,-5.0618487,icons/cafe.png,OSM
Fès,Snack,Restaurant,Formel,Hay Griyou Zouagha Haute,34.016609,-5.031243,icons/restaurant.png,OSM
Fès,Café Ghandour,Café,Formel,Hay Griyou Zouagha Haute,34.0167691,-5.0314948,icons/cafe.png,OSM
Fès,Patisserie,Boulangerie,Formel,Hay Jadid Zouagha Haute,34.0173643,-5.0324064,icons/bakery.png,OSM
Fès,Cremerie,Café,Formel,Hay Jadid Zouagha Haute,34.0182685,-5.0333727,icons/cafe.png,OSM
Fès,Café El Yassamine,Café,Formel,Hay Jadid Zouagha Haute,34.0179775,-5.0335692,icons/cafe.png,OSM
Fès,Accessoires Harim Soltane,Café,Formel,Hay Jadid Zouagha Haute,34.0171751,-5.0332209,icons/cafe.png,OSM
Fès,Local Fermé,Café,Formel,Hay Jadid Zouagha Haute,34.0169753,-5.0331491,icons/cafe.png,OSM
Fès,Cremerie,Café,Formel,Hay Griyou Zouagha Haute,34.0143819,-5.0306912,icons/cafe.png,OSM
Fès,Café Abdelali,Café,Formel,Hay Massira Bloc A,33.9918855,-5.0613701,icons/cafe.png,OSM
Fès,Café Najmat,Café,Formel,Hay Jadid Zouagha Haute,34.0164216,-5.0328135,icons/cafe.png,OSM
Fès,Café Dalya,Café,Formel,Café Dalya,33.9996403,-5.0541271,icons/cafe.png,OSM
Fès,Café Al Basma,Café,Formel,Lotis Basma Hay Massira Rue 15,33.9917211,-5.0626029,icons/cafe.png,OSM
Fès,Snack,Restaurant,Formel,Snack,33.9992297,-5.0554084,icons/restaurant.png,OSM
Fès,Snack,Restaurant,Formel,Snack,33.999171,-5.0555429,icons/restaurant.png,OSM
Fès,Laiterie,Café,Formel,Hay Jdid Zouagha Haute,34.0180011,-5.0334433,icons/cafe.png,OSM
Fès,Snack Bismillah,Restaurant,Formel,Hay Jadid Zouagha Haute,34.0181257,-5.0336276,icons/restaurant.png,OSM
Fès,Café Amal,Café,Formel,Hay Jadid Zouagha Haute,34.0180157,-5.0335853,icons/cafe.png,OSM
Fès,Laiterie Snack,Café,Formel,Hay Jadid Zouagha Haute,34.018349,-5.0337239,icons/cafe.png,OSM
Fès,Café,Café,Formel,Hay Jadid Zouagha Haute,34.0185143,-5.033813,icons/cafe.png,OSM
Fès,Épicier,Supérette / Mini-market,Formel,Lotis Massira C2,33.9912365,-5.0624857,icons/convenience.png,OSM
Fès,Zouine Sellam Épicier,Supérette / Mini-market,Formel,Lotis Massira C2,33.9913184,-5.0621777,icons/convenience.png,OSM
Fès,Café jawhara khadrae,Café,Formel,Lotis Massira C 2,33.9912377,-5.0614929,icons/cafe.png,OSM
Fès,Restaurant Amana,Restaurant,Formel,Hay Jadid Zouagha Haute,34.0186462,-5.033883,icons/restaurant.png,OSM
Fès,Cafe Mouhcine,Café,Formel,Hay Jadid Zouagha Haute,34.0187241,-5.0339264,icons/cafe.png,OSM
Fès,Cremerie Bouadel,Café,Formel,Hay Jadid Zouagha Haute,34.0189443,-5.0341746,icons/cafe.png,OSM
Fès,Café Rida,Café,Formel,Hay Jadid Zouagha Haute,34.0188861,-5.0341154,icons/cafe.png,OSM
Fès,Café Ibiza Plaza,Café,Formel,Avenue des Forces Armées Royales,34.0406323,-5.0148016,icons/cafe.png,OSM
Fès,Nassiri Saad Snack Laaz,Restaurant,Formel,Hay Nassim Lotis Massira Resid 6 A,33.993841,-5.059297,icons/restaurant.png,OSM
Fès,Café Pizzeria La Belle Ville,Café,Formel,Route Ain Chkef,34.0132124,-5.0033944,icons/cafe.png,OSM
Fès,Café Nice,Café,Formel,Hay Riad Sais,34.013902,-4.9619885,icons/cafe.png,OSM
Fès,Patisserie,Boulangerie,Formel,Hay Jadid Zouagha Haute,34.017509,-5.0332086,icons/bakery.png,OSM
Fès,Patisserie (Chabakia),Boulangerie,Formel,Hay Jadid Zouagha Haute,34.0172546,-5.0330908,icons/bakery.png,OSM
Fès,Laiterie Azhar,Café,Formel,Hay Jadid Zouagha Haute,34.017024,-5.0329741,icons/cafe.png,OSM
Fès,Pharmacie Basma,Parapharmacie,Formel,Hay Jadid Zouagha Haute,34.0173431,-5.0331285,icons/pharmacy.png,OSM
Fès,Chihab El Iyachi Cremerie,Café,Formel,Lotis Massira C 2,33.9911875,-5.06114,icons/cafe.png,OSM
Fès,Café El Mardi,Café,Formel,Hay Jadid Zouagha Haute,34.014834,-5.0329556,icons/cafe.png,OSM
Fès,Laiterie,Café,Formel,Hay Jadid Zouagha Haute,34.0145059,-5.0333721,icons/cafe.png,OSM
Fès,Café Joe Verson,Café,Formel,Zouaghat Haut,34.0144299,-5.0335882,icons/cafe.png,OSM
Fès,Laiterie,Café,Formel,Hay Jadid Zouagha Haute,34.0145539,-5.0333448,icons/cafe.png,OSM
Fès,Café Havana,Café,Formel,Café Havana,33.9984629,-5.0583155,icons/cafe.png,OSM
Fès,Chelghami Lahcen Cremerie,Café,Formel,Lotis Massira C2,33.9910188,-5.0599691,icons/cafe.png,OSM
Fès,Pharmacie Annamae صيدلية النماء,Parapharmacie,Formel,Fès,33.9986675,-5.0577644,icons/pharmacy.png,OSM
Fès,Café Al Akhawayn,Café,Formel,Hay Jadid Zouagha Haute,34.0152219,-5.0336454,icons/cafe.png,OSM
Fès,Épicier,Supérette / Mini-market,Formel,Lotis Massira C2,33.9909821,-5.0597046,icons/convenience.png,OSM
Fès,Café Annamae,Café,Formel,Café Annamae,33.9987485,-5.0575146,icons/cafe.png,OSM
Fès,Cafe AL FATH,Café,Formel,Hay Jadid Zouagha Haute,34.0162311,-5.0350549,icons/cafe.png,OSM
Fès,Café Al Houda,Café,Formel,Hay Jadid Zouagha Haute,34.0177053,-5.0351541,icons/cafe.png,OSM
Fès,Café Milano,Café,Formel,Lot Mabrouka Zouagha Haute,34.0210268,-5.0354819,icons/cafe.png,OSM
Fès,Pharmacie la Ferraille صيدلية لافيراي,Parapharmacie,Formel,Fès,33.999834,-5.0540763,icons/pharmacy.png,OSM
Fès,Café sans nom,Café,Formel,Lotis Moustakbal Hay Massira,33.9945179,-5.0569661,icons/cafe.png,OSM
Fès,Pharmacie le Coin صيدلية الركن,Parapharmacie,Formel,"Hay Jdid Zouagha Haute, Fès",34.012893,-5.0331652,icons/pharmacy.png,OSM
Fès,Café Place D'Or,Café,Formel,Lot Mabrouka Zouagha Haute,34.0219446,-5.0359854,icons/cafe.png,OSM
Fès,Café Tazi,Café,Formel,Rue Sanabil Zouagha Haute,34.0234319,-5.0366524,icons/cafe.png,OSM
Fès,Cremerie Tazi,Café,Formel,BVD Sanabil Zouagha Haute,34.0233094,-5.0365779,icons/cafe.png,OSM
Fès,Café sans nom,Café,Formel,BVD Sanabil Zouagha Haute,34.022936,-5.0363803,icons/cafe.png,OSM
Fès,Epicier en gros,Supérette / Mini-market,Formel,BVD Sanabil Zouagha Haute,34.0231157,-5.0364633,icons/convenience.png,OSM
Fès,Café Sanabil,Café,Formel,BVD Sanabil Zouagha Haute,34.0228263,-5.0363439,icons/cafe.png,OSM
Fès,Parapharmacie Zouagha Bensouda,Parapharmacie,Formel,"BVD Sanabil Zouagha Haute, فاس",34.022703,-5.0362795,icons/pharmacy.png,OSM
Fès,Salle de jeux,Café,Formel,BVD Zouagha Haute,34.0222421,-5.0360033,icons/cafe.png,OSM
Fès,Café Zouhour,Café,Formel,BVD Sanabil Zouagha Haute,34.0219348,-5.0358139,icons/cafe.png,OSM
Fès,Café Les Amis,Café,Formel,BVD Sanabil Zouagha Haute,34.0217222,-5.0356909,icons/cafe.png,OSM
Fès,Pizza Al Madina Mounawara,Restaurant,Formel,BVD Sanabil Zouagha Haute,34.0214125,-5.0354966,icons/restaurant.png,OSM
Fès,Café Panorama,Café,Formel,BVD Sanabil Zouagha Haute,34.0210613,-5.0353073,icons/cafe.png,OSM
Fès,Pharmacie Sanabil صيدلية السنابل,Parapharmacie,Formel,"BVD Sanabil Zouagha Haute, Fès",34.021261,-5.03528,icons/pharmacy.png,OSM
Fès,Patisserie Ayoub,Boulangerie,Formel,BVD Sanabil Zouagha Haute,34.0211536,-5.0353661,icons/bakery.png,OSM
Fès,Laiterie,Café,Formel,BVD Sanabil Zouagha Haute,34.0210266,-5.0352871,icons/cafe.png,OSM
Fès,Café Al Jaziras,Café,Formel,BVD Sanabil Zouagha Haute,34.0200112,-5.0348145,icons/cafe.png,OSM
Fès,Laiterie,Café,Formel,BVD Sanabil Zouagha Haute,34.0199854,-5.0348083,icons/cafe.png,OSM
Fès,Café Istanboul,Café,Formel,BVD Sanabil Zouagha Haute,34.0197137,-5.0347202,icons/cafe.png,OSM
Fès,Café Sinizia,Café,Formel,BVD Sanabil Zouagha Haute,34.0193071,-5.0343124,icons/cafe.png,OSM
Fès,Laiterie,Café,Formel,BVD Sanabil Zouagha Haute,34.0194308,-5.0344194,icons/cafe.png,OSM
Fès,Café Essarai,Café,Formel,BVD Sanabil Zouagha Haute,34.0191616,-5.0341323,icons/cafe.png,OSM
Fès,Epicier بقال,Supérette / Mini-market,Formel,Bloc C Zouagha Haute,34.0190084,-5.0339489,icons/convenience.png,OSM
Fès,Epicier بقال,Supérette / Mini-market,Formel,Bloc C Zouagha Haute,34.0188794,-5.033825,icons/convenience.png,OSM
Fès,Café Salam,Café,Formel,Bloc C Zouagha Haute,34.018821,-5.0337506,icons/cafe.png,OSM
Fès,Café Jaouhate Zouagha,Café,Formel,Bloc C Zouagha Haute,34.0187626,-5.033703,icons/cafe.png,OSM
Fès,Cremerie,Café,Formel,Bloc C Zouagha Haute,34.0189306,-5.0338557,icons/cafe.png,OSM
Fès,Epicier بقال,Supérette / Mini-market,Formel,Bloc C Zouagha Haute,34.0182551,-5.0332049,icons/convenience.png,OSM
Fès,Café Narjissia,Café,Formel,Bloc C Zouagha Haute,34.0177941,-5.0322936,icons/cafe.png,OSM
Fès,Epicier et Tabac,Supérette / Mini-market,Formel,Lot Mabrouka Zouagha Haute,34.0173951,-5.0320968,icons/convenience.png,OSM
Fès,Epicier بقال,Supérette / Mini-market,Formel,Lot Mabrouka Zouagha Haute,34.0170755,-5.031685,icons/convenience.png,OSM
Fès,Café Marjanat,Café,Formel,Bloc C Zouagha Haute fes,34.0205992,-5.0350483,icons/cafe.png,OSM
Fès,Patisserie,Boulangerie,Formel,Hay Griyou Zouagha Haute,34.0171366,-5.0299181,icons/bakery.png,OSM
Fès,Epicier بقال,Supérette / Mini-market,Formel,Hay Griyou Zouagha Haute,34.0173445,-5.0292405,icons/convenience.png,OSM
Fès,Laiterie,Café,Formel,Hay Griyou Zouagha Haute,34.0174024,-5.0290931,icons/cafe.png,OSM
Fès,Vente du Pain,Boulangerie,Formel,Hay Griyou Zouagha Haute,34.0174486,-5.0289601,icons/bakery.png,OSM
Fès,Café Venezia,Café,Formel,Hay Griyou Zouagha Haute,34.0174943,-5.0288259,icons/cafe.png,OSM
Fès,Epicier بقال,Supérette / Mini-market,Formel,Hay Griyou Zouagha Haute,34.0176507,-5.0283416,icons/convenience.png,OSM
Fès,Laiterie,Café,Formel,Hay Griyou Zouagha Haute,34.0176905,-5.0282346,icons/cafe.png,OSM
Fès,Café Lacassa,Café,Formel,Hay Griyou Zouagha Haute,34.0177199,-5.0281072,icons/cafe.png,OSM
Fès,Café Rif,Café,Formel,Hay Griyou Zouagha Haute,34.0178126,-5.0278114,icons/cafe.png,OSM
Fès,Laiterie Azhar,Café,Formel,Zouagha Haute,34.0179871,-5.0274486,icons/cafe.png,OSM
Fès,Café Al Fath,Café,Formel,Rue lalla soukaina,34.0182648,-5.0268627,icons/cafe.png,OSM
Fès,Epicier بقال,Supérette / Mini-market,Formel,Hay Griyou Zouagha Haute,34.0181045,-5.0271732,icons/convenience.png,OSM
Fès,Cremerie,Café,Formel,Rue lalla soukaina,34.0182777,-5.0268368,icons/cafe.png,OSM
Fès,Laiterie,Café,Formel,Rue lalla soukaina,34.0188656,-5.0260431,icons/cafe.png,OSM
Fès,Café Manar,Café,Formel,Lotis Nassim Hay Massira G 5,33.9922483,-5.0595123,icons/cafe.png,OSM
Fès,Cremerie Atlas,Café,Formel,Mosquée Massira,33.9919243,-5.0589703,icons/cafe.png,OSM
Fès,Bismillah,Restaurant,Formel,Mosquée Massira,33.9919927,-5.0589516,icons/restaurant.png,OSM
Fès,Laitière El Baraka,Café,Formel,Lotis Nassim Hay Massira Bloc D 1,33.9933074,-5.0592567,icons/cafe.png,OSM
Fès,Chtioui Aziz Laitière Salam,Café,Formel,Lotis Nassim Hay Massira Bloc B 2,33.9931006,-5.0589806,icons/cafe.png,OSM
Fès,Ahmed Épicier,Supérette / Mini-market,Formel,Lotis Nassim Hay Massira Bloc CA 3,33.9935748,-5.0591856,icons/convenience.png,OSM
Fès,Café Khayrazad,Café,Formel,Hay Massira Rue 10,33.9906391,-5.0574679,icons/cafe.png,OSM
Fès,Épicier,Supérette / Mini-market,Formel,Hay Massira C 2 Bensouda,33.9905928,-5.0571651,icons/convenience.png,OSM
Fès,Afroukh Mohamed Café,Café,Formel,Lotis Moustakbal Hay Massira C 2,33.9911963,-5.058108,icons/cafe.png,OSM
Fès,Café Jaouharat El Moustakbal,Café,Formel,Lotis Moustakbal Hay Massira,33.9921063,-5.0525657,icons/cafe.png,OSM
Fès,Café Kilimanjaro,Café,Formel,Hay Massira C 2,33.9916977,-5.0588343,icons/cafe.png,OSM
Fès,Boulangerie et Pâtisserie Massira,Boulangerie,Formel,Hay Massira C 2 Près de Mosquée Massira,33.9918226,-5.0592674,icons/bakery.png,OSM
Fès,Épicier,Supérette / Mini-market,Formel,Lotis Nassim Hay Massira Immb D 6,33.9939281,-5.0595533,icons/convenience.png,OSM
Fès,Café Texas,Café,Formel,Hay Massira C2 Bensouda,33.9906242,-5.0573615,icons/cafe.png,OSM
Fès,Café Fadae El Moustakbal,Café,Formel,Lotis Moustakbal Hay Massira,33.992837,-5.0506387,icons/cafe.png,OSM
Fès,Café Reda Mkassi Youssef,Café,Formel,Hay Massira C 2,33.9915086,-5.0590072,icons/cafe.png,OSM
Fès,Nassiri Saad Laitière Laaz,Café,Formel,Lotis Nassim Hay Massira Bloc A 1,33.9933723,-5.0591015,icons/cafe.png,OSM
Fès,Café Bouvardia,Café,Formel,Lotis Nassim Hay Massira,33.9932174,-5.0590335,icons/cafe.png,OSM
Fès,Café Saa Saida,Café,Formel,Lotis Nassim Hay Massira Bloc B 3,33.9931439,-5.0589979,icons/cafe.png,OSM
Fès,Café El Mkassi,Café,Formel,C 2 Lotis Massira,33.9912801,-5.0585608,icons/cafe.png,OSM
Fès,Café Hawd Jamil,Café,Formel,Hay Massira C 2,33.9914218,-5.0586213,icons/cafe.png,OSM
Fès,Café Murcia Boughaba Mohamed et Boughaba Karim,Café,Formel,Lotis Nassim Hay Massira Immb 3 et 5,33.9937176,-5.0594677,icons/cafe.png,OSM
Fès,Snack Arrahma,Restaurant,Formel,Lotis Nassim Hay Massira Immb D 6,33.9938603,-5.0595178,icons/restaurant.png,OSM
Fès,Café sans nom,Café,Formel,Lotis Nassim Hay Massira Bloc B 1,33.9930306,-5.0589384,icons/cafe.png,OSM
Fès,Café El Firdaous,Café,Formel,Hay Massira C 2,33.9915527,-5.058857,icons/cafe.png,OSM
Fès,Café Akouas Fes,Café,Formel,Lotis Nassim Hay Massira Bloc 6,33.9924091,-5.0574679,icons/cafe.png,OSM
Fès,Snack Zouheir,Restaurant,Formel,Lotis Nassim Hay Massira Immb A 5,33.9937302,-5.0592489,icons/restaurant.png,OSM
Fès,Café IGMIR,Café,Formel,Café IGMIR,34.0540961,-4.9894895,icons/cafe.png,OSM
Fès,Alla oui,Café,Formel,Alla oui,34.0578787,-4.9907795,icons/cafe.png,OSM
Fès,Dar Le 44,Café,Formel,Dar Le 44,34.063194,-4.9828671,icons/cafe.png,OSM
Fès,Café Clock,Café,Formel,talaa el kbira derb EL magana,34.0623369,-4.9831172,icons/cafe.png,OSM
Fès,cafe ART COFFEE,Café,Formel,Rue Lalla Amina,34.035495,-5.0086064,icons/cafe.png,OSM
Fès,Café De molen,Café,Formel,Avenue Allal Ben Abdallah شارع علال بن عبد الله,34.0355086,-5.0044196,icons/cafe.png,OSM
Fès,Café Delices,Café,Formel,Avenue Allal Ben Abdallah شارع علال بن عبد الله,34.0341211,-5.0054922,icons/cafe.png,OSM
Fès,Café El Alami,Café,Formel,Avenue Mohammed VI,34.0235373,-5.0277328,icons/cafe.png,OSM
Fès,Epicier بقال,Supérette / Mini-market,Formel,Lot Khadija Zouagha Haute,34.023105,-5.0292214,icons/convenience.png,OSM
Fès,Pharmacie Dar Es-Salam صيدلية دار السلام,Parapharmacie,Formel,"Lot Mhamdia Zouagha Haute, Fès",34.0232632,-5.0287799,icons/pharmacy.png,OSM
Fès,Restaurant sans nom,Restaurant,Formel,Lot Khadija Zouagha Haute,34.0231902,-5.0289608,icons/restaurant.png,OSM
Fès,Café Marssillia ( Local Fermé ),Café,Formel,Hay Fath Zouagha Haute,34.0207085,-5.0305214,icons/cafe.png,OSM
Fès,Parapharmacie Al Fath,Parapharmacie,Formel,Hay Fath Zouagha Haute,34.0220159,-5.0315994,icons/pharmacy.png,OSM
Fès,Laiterie Amal,Café,Formel,Bloc B Zouagha Haute,34.0216106,-5.0328774,icons/cafe.png,OSM
Fès,Epicier بقال,Supérette / Mini-market,Formel,Hay Fath Zouagha Haute,34.0229533,-5.0290568,icons/convenience.png,OSM
Fès,Snack Al Fath,Restaurant,Formel,Hay Fath Zouagha Haute,34.0230196,-5.0288297,icons/restaurant.png,OSM
Fès,Cremerie Al Fath,Café,Formel,Lot Al Fath Zouagha Haute,34.02264,-5.0321241,icons/cafe.png,OSM
Fès,Pharmacie Addoha صيدلية الضحى,Parapharmacie,Formel,"Bloc B Zouagha Haute, Fès فاس",34.0237733,-5.0322943,icons/pharmacy.png,OSM
Fès,Restaurant sans nom,Restaurant,Formel,Bloc B Zouagha Haute,34.0243312,-5.0354319,icons/restaurant.png,OSM
Fès,Patisserie Nour,Boulangerie,Formel,Bloc B Zouagha Haute,34.0242738,-5.0353909,icons/bakery.png,OSM
Fès,Epicier et tabac,Supérette / Mini-market,Formel,Bloc B Zouagha 6,34.0243259,-5.035311,icons/convenience.png,OSM
Fès,Parapharmacie Fadae Aceha,Parapharmacie,Formel,Bloc B Zouagha Haute,34.0240907,-5.0352197,icons/pharmacy.png,OSM
Fès,Epicier بقال,Supérette / Mini-market,Formel,Bloc B Zouagha Haute,34.0237448,-5.0344551,icons/convenience.png,OSM
Fès,Café Al Jaouabir,Café,Formel,Hay Jdid Zouagha Haute,34.019046,-5.0359959,icons/cafe.png,OSM
Fès,Laiterie,Café,Formel,Hay Griyou Zouagha Haute,34.0191347,-5.0374919,icons/cafe.png,OSM
Fès,Pharmacie Oum El Koura صيدلية أم القرى,Parapharmacie,Formel,"Hay Jdid Zouagha Haute, Fès",34.0184753,-5.0364946,icons/pharmacy.png,OSM
Fès,Café Agdal,Café,Formel,Hay Sidi Lhadi Zouagha Haute,34.0204183,-5.038157,icons/cafe.png,OSM
Fès,Café Essalam,Café,Formel,Sidi Lhadi Zouagha Haute,34.0216787,-5.0372633,icons/cafe.png,OSM
Fès,Laiterie Les Amis,Café,Formel,Hay Sidi Lhadi Zouagha Haute,34.0217453,-5.0372957,icons/cafe.png,OSM
Fès,Café Fassi Pool,Café,Formel,Hay Sidi Lhadi Zouagha Houte,34.0218571,-5.0373769,icons/cafe.png,OSM
Fès,Café Raha,Café,Formel,Hay Sidi Lhadi Zouagha Haute,34.0219767,-5.0374578,icons/cafe.png,OSM
Fès,Café Ikhwane Belhsane,Café,Formel,Lotis Moustakbal Hay Massira,33.9918403,-5.0558971,icons/cafe.png,OSM
Fès,Café Alouane,Café,Formel,Lotis Moustakbal Hay Massira,33.9917225,-5.0559212,icons/cafe.png,OSM
Fès,Café Al Houria,Café,Formel,Lotis Moustakbal Hay Massira,33.9915585,-5.0559362,icons/cafe.png,OSM
Fès,Café sans nom,Café,Formel,Lotis Arset Zitoune Doha G H 2,33.9882342,-5.0417371,icons/cafe.png,OSM
Fès,Cremerie,Café,Formel,Hay Sidi Lhadi Zouagha Haute,34.021335,-5.0376059,icons/cafe.png,OSM
Fès,Pharmacie Al Farouk صيدلية الفاروق,Parapharmacie,Formel,"Hay Sidi Lhadi Zouagha Haute, Fès",34.0203423,-5.0385293,icons/pharmacy.png,OSM
Fès,Café Astouria,Café,Formel,Hay Sidi Lhadi Zouagha Haute,34.0190529,-5.0401475,icons/cafe.png,OSM
Fès,Café Facandia,Café,Formel,Hay Griyou Zouagha Haute,34.0187094,-5.0413565,icons/cafe.png,OSM
Fès,Pharmacie Sidi El Hadi صيدلية سيدي الهادي,Parapharmacie,Formel,"Hay Sidi El Hadi, Fès",34.0183742,-5.0407606,icons/pharmacy.png,OSM
Fès,Cremerie Al Karam,Café,Formel,Hay Sidi Lhadi Zouagha Haute,34.0176433,-5.0406527,icons/cafe.png,OSM
Fès,Epicier بقال,Supérette / Mini-market,Formel,Lot Adouha Zouagha Haute,34.0141439,-5.0438026,icons/convenience.png,OSM
Fès,Cremerie Adouha,Café,Formel,Lot Doha Zouagha Haute,34.0141017,-5.0439842,icons/cafe.png,OSM
Fès,Café,Café,Formel,Lot Adouha Zouagha Haute,34.0142179,-5.0435916,icons/cafe.png,OSM
Fès,Pharmacie Al Khattabi صيدلية الخطابي,Parapharmacie,Formel,"Lot Adouha Zouagha Haute, Fès",34.0139363,-5.0434335,icons/pharmacy.png,OSM
Fès,Laiterie,Café,Formel,Lot Adouha Zouagha Haute,34.0140461,-5.0432886,icons/cafe.png,OSM
Fès,Cremerie,Café,Formel,Lot Adouha Zouagha Haute,34.0142859,-5.0433889,icons/cafe.png,OSM
Fès,Laiterie,Café,Formel,Lot Adouha Zouagha Haute,34.0139094,-5.0436902,icons/cafe.png,OSM
Fès,Pharmacie des Roches صيدلية الصخور,Parapharmacie,Formel,Fès,33.9948567,-5.0078415,icons/pharmacy.png,OSM
Fès,Legumier,Épicerie,Informel,Rue lalla soukaina,34.0188097,-5.0261377,icons/greengrocer.png,OSM
Fès,Boutique de confiserie sans nom,Boutique de confiserie,Informel,Boutique de confiserie sans nom,34.0241287,-5.0157961,icons/confectionery.png,OSM
Fès,Epicier بقال,Supérette / Mini-market,Formel,Route Aïn Smen طريق عين السمن,34.0070753,-5.0325963,icons/convenience.png,OSM
Fès,Café Coin Ambra,Café,Formel,Lot Ambra Zouagha Haute,34.0086413,-5.0336239,icons/cafe.png,OSM
Fès,Cremerie El Jaouhara,Café,Formel,Lot Ambra Zouagha Haute,34.0082249,-5.03306,icons/cafe.png,OSM
Fès,Snack Hbib Alah,Restaurant,Formel,Hay Jdid Zouagha Haute,34.0154522,-5.0360822,icons/restaurant.png,OSM
Fès,Epicier بقال,Supérette / Mini-market,Formel,Lot Ambra Zouagha Haute,34.014897,-5.0366731,icons/convenience.png,OSM
Fès,Café Rifi,Café,Formel,Lot Ambra Zouagha Haute,34.0147032,-5.0365517,icons/cafe.png,OSM
Fès,Laiterie Quods,Café,Formel,Lot Ambra Zouagha Haute,34.0149975,-5.0367052,icons/cafe.png,OSM
Fès,Café Al Hadath,Café,Formel,Lot Ambra Zouagha Haute,34.0149691,-5.0369228,icons/cafe.png,OSM
Fès,Cremerie Yassmine,Café,Formel,Hay Jdid Zouagha Haute,34.0149033,-5.0353164,icons/cafe.png,OSM
Fès,Café Arco Blanco,Café,Formel,Lot Ambra Zouagha Haute,34.0127202,-5.0375215,icons/cafe.png,OSM
Fès,Café Manarat Sais,Café,Formel,Lot Adouha Zouagha Haute,34.0118891,-5.0403395,icons/cafe.png,OSM
Fès,Café Manarat Sais,Café,Formel,Lot Adouha Zouagha Haute,34.0121701,-5.0403499,icons/cafe.png,OSM
Fès,Cremerie,Café,Formel,Lot Adouha Zouagha Haute,34.0128756,-5.0408473,icons/cafe.png,OSM
Fès,Café,Café,Formel,Lot Adouha Zouagha Haute,34.0142743,-5.0409535,icons/cafe.png,OSM
Fès,Cremerie Salam,Café,Formel,Lot Adouha Zouagha Haute,34.0154433,-5.0415411,icons/cafe.png,OSM
Fès,Local Fermé,Café,Formel,Lot Adouha Zouagha Haute,34.0148607,-5.0420236,icons/cafe.png,OSM
Fès,Café Monde Alfirdaous,Café,Formel,Lot Adouha Zouagha Haute,34.0122658,-5.0432127,icons/cafe.png,OSM
Fès,Café Terminé,Café,Formel,Lot Ambra Zouagha Haute,34.0099503,-5.0362125,icons/cafe.png,OSM
Fès,Epicier بقال,Supérette / Mini-market,Formel,Lot Adouha Zouagha Haute,34.012318,-5.0430151,icons/convenience.png,OSM
Fès,Crémerie,Café,Formel,Lot Adouha Zouagha Haute,34.0128665,-5.0400915,icons/cafe.png,OSM
Fès,Pharmacie Sagha صيدلية الصاغة,Parapharmacie,Formel,Fès,34.066239,-4.9748059,icons/pharmacy.png,OSM
Fès,Cremerie,Café,Formel,Lot Adouha Zouagha Haute,34.0143756,-5.0416782,icons/cafe.png,OSM
Fès,Epicier بقال,Supérette / Mini-market,Formel,Lot Adouha Zouagha Haute,34.0144148,-5.0417991,icons/convenience.png,OSM
Fès,Restaurant el khmissa,Restaurant,Formel,Fes Médina talaa el kbira,34.0635582,-4.9816949,icons/restaurant.png,OSM
Fès,Café barcelona,Café,Formel,"Rue Talaâ Kbira الطالعة الكبيرة, Fes Médina",34.0633263,-4.9816885,icons/cafe.png,OSM
Fès,San Gusto,Restaurant,Formel,talaa el kbira derb ben salem,34.0626939,-4.9826801,icons/restaurant.png,OSM
Fès,Restaurant de famille maimonid,Restaurant,Formel,talaa el kbira derb molay abdelmalek,34.0626767,-4.9830369,icons/restaurant.png,OSM
Fès,Café fassi,Café,Formel,"Rue Talâa Saghira, Fes Médina",34.0617159,-4.9834077,icons/cafe.png,OSM
Fès,Restaurant Guenoune Chez Said,Restaurant,Formel,"Rue Talâa Saghira, Fes Médina",34.0617543,-4.9836251,icons/restaurant.png,OSM
Fès,Buoayad,Restaurant,Formel,"Bab Boujloud باب بوجلود, Fes Médina",34.0617635,-4.9837456,icons/restaurant.png,OSM
Fès,Restaurant benani,Restaurant,Formel,"Rue Serrajine, Fes Médina",34.0619033,-4.9837279,icons/restaurant.png,OSM
Fès,Kasbah de Fes,Restaurant,Formel,"Rue Serrajine, Fes Médina",34.0618907,-4.9837753,icons/restaurant.png,OSM
Fès,Jawharaz Bab Boujloud,Café,Formel,Fes Médina boujloud,34.0617059,-4.9839501,icons/cafe.png,OSM
Fès,Chez Hakim,Restaurant,Formel,"Rue El Barid, Fes Médina",34.0614156,-4.9829525,icons/restaurant.png,OSM
Fès,Restaurant Mezzanine,Restaurant,Formel,fes medina derb bab boujloud,34.060845,-4.9843387,icons/restaurant.png,OSM
Fès,Restaurant Terrace,Restaurant,Formel,Fes Médina bab boujloud,34.0613693,-4.9840345,icons/restaurant.png,OSM
Fès,Café sans nom,Café,Formel,Café sans nom,34.0640911,-4.9769579,icons/cafe.png,OSM
Fès,Café restaurant El Kimissa,Restaurant,Formel,Café restaurant El Kimissa,34.0636552,-4.9814343,icons/restaurant.png,OSM
Fès,Café Toni Club,Café,Formel,rue al7adika,34.0571057,-5.0269683,icons/cafe.png,OSM
Fès,Restaurant africain Kibunu مطعم أفريقي,Restaurant,Formel,Avenue Miaarage Narjiss Al Amal,34.0105196,-4.9666097,icons/restaurant.png,OSM
Fès,Café Yakout,Café,Formel,Route Aïn Smen طريق عين السمن,34.0097586,-5.0278287,icons/cafe.png,OSM
Fès,Cremerie Mou,Café,Formel,Route Aïn Smen طريق عين السمن,34.0097373,-5.0271438,icons/cafe.png,OSM
Fès,Café OMI,Café,Formel,Lot Ambra 2 Zouagha Haute,34.0096029,-5.0353205,icons/cafe.png,OSM
Fès,Snack,Restaurant,Formel,Lot Adouha Zouagha Haute,34.0126276,-5.0433264,icons/restaurant.png,OSM
Fès,Café Sahara,Café,Formel,AV Bassatin Bloc C Zouagha Haute,34.0230632,-5.0364307,icons/cafe.png,OSM
Fès,Café Habib Allah,Café,Formel,Hay Jdid Zouagha Haute,34.0129809,-5.033253,icons/cafe.png,OSM
Fès,Café Le Six,Café,Formel,Boulevard Mohamed VI,34.0184284,-5.0214017,icons/cafe.png,OSM
Fès,le 44,Restaurant,Formel,derb ben salem talaa kbira fes medina,34.0628664,-4.9829268,icons/restaurant.png,OSM
Fès,Café Yassmin,Café,Formel,Boulevard des Merinides,34.0700342,-4.9690878,icons/cafe.png,OSM
Fès,Café Étoile Medina,Café,Formel,Boulevard des Merinides,34.0703904,-4.9691065,icons/cafe.png,OSM
Fès,Café Zina,Café,Formel,Boulevard des Merinides,34.0704869,-4.9690961,icons/cafe.png,OSM
Fès,Café Paris,Café,Formel,Boulevard des Merinides,34.0705367,-4.9690968,icons/cafe.png,OSM
Fès,Café Levule,Café,Formel,Boulevard des Merinides,34.0707847,-4.9690501,icons/cafe.png,OSM
Fès,Café BILAL,Café,Formel,Boulevard des Merinides,34.0711664,-4.9686057,icons/cafe.png,OSM
Fès,Café El Fath,Café,Formel,Boulevard des Merinides,34.0708559,-4.9682017,icons/cafe.png,OSM
Fès,Café ZALAGH,Café,Formel,Boulevard des Merinides,34.0706594,-4.9678611,icons/cafe.png,OSM
Fès,Café AMBRA PALACE,Café,Formel,Boulevard des Merinides,34.0704886,-4.9671719,icons/cafe.png,OSM
Fès,Café El MANZAH,Café,Formel,Boulevard des Merinides,34.0703549,-4.9669609,icons/cafe.png,OSM
Fès,Café OPERA,Café,Formel,Boulevard des Merinides,34.0702763,-4.9668008,icons/cafe.png,OSM
Fès,Cremerie,Café,Formel,Boulevard des Merinides,34.0700481,-4.9664289,icons/cafe.png,OSM
Fès,Café DAKHLA,Café,Formel,Boulevard des Merinides,34.0699778,-4.966296,icons/cafe.png,OSM
Fès,Snack,Restaurant,Formel,Boulevard des Merinides,34.0698673,-4.9661221,icons/restaurant.png,OSM
Fès,Restaurant sans nom,Restaurant,Formel,Restaurant sans nom,34.0292367,-5.005087,icons/restaurant.png,OSM
Fès,Café kaoutar riad laymoune,Café,Formel,Café kaoutar riad laymoune,34.0547518,-5.0420258,icons/cafe.png,OSM
Fès,Café Rosa,Café,Formel,Café Rosa,34.0517779,-5.0438305,icons/cafe.png,OSM
Fès,Café roma termini,Café,Formel,Café roma termini,34.0532718,-5.0404832,icons/cafe.png,OSM
Fès,Pharmacie Chifae Arrahmane صيدلية شفاء الرحمان,Parapharmacie,Formel,Fès,34.0516802,-5.0433317,icons/pharmacy.png,OSM
Fès,Café riyad El mountazah,Café,Formel,Café riyad El mountazah,34.0520258,-5.0414868,icons/cafe.png,OSM
Fès,Cremerie riyad laymoune,Café,Formel,Cremerie riyad laymoune,34.0518514,-5.0434184,icons/cafe.png,OSM
Fès,Café Jad,Café,Formel,Café Jad,34.0562809,-5.0370729,icons/cafe.png,OSM
Fès,Café Houriat Al Bahr,Café,Formel,Café Houriat Al Bahr,34.0583149,-5.0377019,icons/cafe.png,OSM
Fès,Café Bab Tghate,Café,Formel,Café Bab Tghate,34.0588752,-5.0379685,icons/cafe.png,OSM
Fès,Café hammioui,Café,Formel,Café hammioui,34.0593473,-5.038864,icons/cafe.png,OSM
Fès,Le Numéro 7,Restaurant,Formel,7 zkak rouah fés medina,34.0653719,-4.9778196,icons/restaurant.png,OSM
Fès,Café Tarchane,Café,Formel,Café Tarchane,34.0594649,-5.0390665,icons/cafe.png,OSM
Fès,Cremerie,Café,Formel,Boulevard des Merinides,34.0701104,-4.9660033,icons/cafe.png,OSM
Fès,Café Fatyou,Café,Formel,Café Fatyou,34.0595949,-5.0393559,icons/cafe.png,OSM
Fès,Cafe El Karama,Café,Formel,Boulevard des Merinides,34.0684266,-4.9654041,icons/cafe.png,OSM
Fès,Café FARAJ,Café,Formel,Boulevard des Merinides,34.0682857,-4.9654371,icons/cafe.png,OSM
Fès,Café L'espoire Palace,Café,Formel,Café L'espoire Palace,34.0529726,-5.0371235,icons/cafe.png,OSM
Fès,Café La Belle Vie,Café,Formel,Café La Belle Vie,34.0531049,-5.0371692,icons/cafe.png,OSM
Fès,Café Badr,Café,Formel,Boulevard des Merinides,34.0681608,-4.9654438,icons/cafe.png,OSM
Fès,Café Fidélité,Café,Formel,Boulevard des Merinides,34.0680498,-4.9654541,icons/cafe.png,OSM
Fès,Laiterie,Café,Formel,Boulevard des Merinides,34.0679267,-4.965473,icons/cafe.png,OSM
Fès,Café El Boughaz,Café,Formel,Boulevard des Merinides,34.0673612,-4.9656459,icons/cafe.png,OSM
Fès,Café Errabie,Café,Formel,Boulevard des Merinides,34.0675406,-4.9656058,icons/cafe.png,OSM
Fès,Café Anoual,Café,Formel,Boulevard des Merinides,34.0671984,-4.9656615,icons/cafe.png,OSM
Fès,Café Atlanta,Café,Formel,Boulevard des Merinides,34.066993,-4.9654045,icons/cafe.png,OSM
Fès,Café Al fajr,Café,Formel,Boulevard des Merinides,34.0672665,-4.9656566,icons/cafe.png,OSM
Fès,Laiterie Al Jaouda,Café,Formel,Boulevard des Merinides,34.066935,-4.9653196,icons/cafe.png,OSM
Fès,Café Tidighine,Café,Formel,Café Tidighine,34.0568647,-5.043594,icons/cafe.png,OSM
Fès,Café Disney,Café,Formel,Boulevard des Merinides,34.0668821,-4.9652506,icons/cafe.png,OSM
Fès,Café Marrakech,Café,Formel,Boulevard des Merinides,34.0668289,-4.9648611,icons/cafe.png,OSM
Fès,Café Camelia,Café,Formel,Boulevard des Merinides,34.0668536,-4.964671,icons/cafe.png,OSM
Fès,Snack,Café,Formel,Boulevard des Merinides,34.0668675,-4.9646199,icons/cafe.png,OSM
Fès,Snack,Restaurant,Formel,Boulevard des Merinides,34.0668839,-4.9645832,icons/restaurant.png,OSM
Fès,Snack,Restaurant,Formel,Boulevard des Merinides,34.066998,-4.9643587,icons/restaurant.png,OSM
Fès,Snack,Restaurant,Formel,Boulevard des Merinides,34.0669096,-4.9645044,icons/restaurant.png,OSM
Fès,Café Sindibad,Café,Formel,Boulevard des Merinides,34.067342,-4.9639281,icons/cafe.png,OSM
Fès,Laiterie,Café,Formel,Boulevard des Merinides,34.0674095,-4.9636609,icons/cafe.png,OSM
Fès,Laiterie,Café,Formel,Boulevard des Merinides,34.0674329,-4.9635648,icons/cafe.png,OSM
Fès,Café Tourat,Café,Formel,Boulevard des Merinides,34.0674071,-4.9634308,icons/cafe.png,OSM
Fès,Café Titanic,Café,Formel,Café Titanic,34.0570907,-5.032493,icons/cafe.png,OSM
Fès,Snack Ciao Ciao,Restaurant,Formel,Snack Ciao Ciao,34.0573765,-5.0315447,icons/restaurant.png,OSM
Fès,Cafe Santa Marina,Café,Formel,Boulevard des Merinides,34.067375,-4.9632613,icons/cafe.png,OSM
Fès,Café VALSUGANA,Café,Formel,Boulevard des Merinides,34.0673121,-4.9630787,icons/cafe.png,OSM
Fès,Café Medina Palace,Café,Formel,Boulevard des Merinides,34.0672792,-4.9629313,icons/cafe.png,OSM
Fès,Cremerie Chabab,Café,Formel,jnane Benkiran jnanate,34.0669755,-4.9615232,icons/cafe.png,OSM
Fès,Cremerie Farah,Café,Formel,Jnane Benkiran jnanate,34.0670698,-4.9614073,icons/cafe.png,OSM
Fès,Cremerie,Café,Formel,jnane Benkiran jnanate,34.0671922,-4.9612996,icons/cafe.png,OSM
Fès,Café Atlantes,Café,Formel,Café Atlantes,34.0582163,-5.028816,icons/cafe.png,OSM
Fès,Café Retaje,Café,Formel,Café Retaje,34.0591787,-5.0256045,icons/cafe.png,OSM
Fès,Café Valerosa,Café,Formel,Café Valerosa,34.0594765,-5.0242604,icons/cafe.png,OSM
Fès,Pharmacie Jardin de Tghath صيدلية حديقة تغاث,Parapharmacie,Formel,"Avenue Moussa Ben Noussair, Fès",34.0595306,-5.0238346,icons/pharmacy.png,OSM
Fès,Café Omega( fermé),Café,Formel,Café Omega( fermé),34.0593799,-5.0247733,icons/cafe.png,OSM
Fès,Café Mos (en cour),Café,Formel,Café Mos (en cour),34.0592081,-5.025535,icons/cafe.png,OSM
Fès,Café Tawn Haouse( en cour),Café,Formel,Café Tawn Haouse( en cour),34.0594169,-5.0245294,icons/cafe.png,OSM
Fès,Café Hadaik chaimae(fermé),Café,Formel,Café Hadaik chaimae(fermé),34.0592291,-5.025489,icons/cafe.png,OSM
Fès,Café Charam Cheikh,Café,Formel,Café Charam Cheikh,34.0600624,-5.0219123,icons/cafe.png,OSM
Fès,Café La Marche verte,Café,Formel,Café La Marche verte,34.0600839,-5.0216804,icons/cafe.png,OSM
Fès,Café Ala Vesta,Café,Formel,Café Ala Vesta,34.0598901,-5.0215705,icons/cafe.png,OSM
Fès,Restaurant Capital de Poulet,Restaurant,Formel,Restaurant Capital de Poulet,34.0581359,-5.0209326,icons/restaurant.png,OSM
Fès,Café News Times,Café,Formel,Café News Times,34.0603173,-5.0221979,icons/cafe.png,OSM
Fès,Café Blue Heaven,Café,Formel,Café Blue Heaven,34.0602548,-5.0224501,icons/cafe.png,OSM
Fès,Café Lourosa,Café,Formel,Café Lourosa,34.0599524,-5.0236308,icons/cafe.png,OSM
Fès,Café Alizeo,Café,Formel,Café Alizeo,34.0599141,-5.023743,icons/cafe.png,OSM
Fès,Café Roma Palace,Café,Formel,Café Roma Palace,34.0598522,-5.023974,icons/cafe.png,OSM
Fès,Café Toufah,Café,Formel,Lot Najah Babil Khokha,34.0632433,-4.9597545,icons/cafe.png,OSM
Fès,Café LaColoma Blanca,Café,Formel,Café LaColoma Blanca,34.0598062,-5.0241259,icons/cafe.png,OSM
Fès,Café Mesk Lil,Café,Formel,Café Mesk Lil,34.0594289,-5.0257781,icons/cafe.png,OSM
Fès,Café Assonaa,Café,Formel,Lot Najah Babil khokha,34.0634605,-4.9601026,icons/cafe.png,OSM
Fès,Café Royal,Café,Formel,Bab Khoukha,34.0634055,-4.9599725,icons/cafe.png,OSM
Fès,Café Lausane,Café,Formel,Café Lausane,34.0579826,-5.0310333,icons/cafe.png,OSM
Fès,Café Najah,Café,Formel,Lot Najah Babil Khokha,34.0635843,-4.9603874,icons/cafe.png,OSM
Fès,Café Quods,Café,Formel,Lot Najah Babil Khokha,34.0635185,-4.9602452,icons/cafe.png,OSM
Fès,Snack Rapide,Restaurant,Formel,Snack Rapide,34.057811,-5.0313547,icons/restaurant.png,OSM
Fès,Café Marina,Café,Formel,Café Marina,34.0572689,-5.0329657,icons/cafe.png,OSM
Fès,Snack Sirnos,Restaurant,Formel,Snack Sirnos,34.0575392,-5.0320457,icons/restaurant.png,OSM
Fès,Café Opera,Café,Formel,Café Opera,34.0574459,-5.0324123,icons/cafe.png,OSM
Fès,Café Bahia,Café,Formel,Lot Najah Bab khokha,34.0636325,-4.9604937,icons/cafe.png,OSM
Fès,Café Oued Sebou,Café,Formel,Lot Najah Bab Khokha,34.0636775,-4.9605908,icons/cafe.png,OSM
Fès,Snack Bab Madina,Restaurant,Formel,Bab Khoukha,34.0637143,-4.960709,icons/restaurant.png,OSM
Fès,Snack TonTon,Restaurant,Formel,Snack TonTon,34.057079,-5.0336066,icons/restaurant.png,OSM
Fès,Café Riad,Café,Formel,Lot Najah Bab Khokha,34.0637542,-4.9607979,icons/cafe.png,OSM
Fès,Café Planet( fermé),Café,Formel,Café Planet( fermé),34.0571606,-5.0333572,icons/cafe.png,OSM
Fès,Snack Abdenour,Restaurant,Formel,Lot Najah Bab Khokha,34.0637967,-4.9609221,icons/restaurant.png,OSM
Fès,Café Arriadia,Café,Formel,Lot Najah Bab Khokha,34.0638316,-4.9610215,icons/cafe.png,OSM
Fès,Café Al Akhaouine,Café,Formel,Café Al Akhaouine,34.0567138,-5.0350243,icons/cafe.png,OSM
Fès,Café kordouba,Café,Formel,Café kordouba,34.0565878,-5.0355965,icons/cafe.png,OSM
Fès,Café Baraka Al Salam,Café,Formel,Lot Najah Bab Khokha,34.0638672,-4.9610985,icons/cafe.png,OSM
Fès,Café Najah,Café,Formel,Lot Najah Bab Khokha,34.0639044,-4.9611878,icons/cafe.png,OSM
Fès,Café Al Akhawayn,Café,Formel,Lot Najah Bab Khokha,34.0639581,-4.9612851,icons/cafe.png,OSM
Fès,Café Zhour,Café,Formel,Bab Khoukha,34.0640214,-4.9615822,icons/cafe.png,OSM
Fès,Café Lamrani,Café,Formel,Bab Khoukha,34.0640022,-4.9614752,icons/cafe.png,OSM
Fès,Café Ouahda,Café,Formel,Bab Khoukha,34.0640812,-4.9616948,icons/cafe.png,OSM
Fès,Café la Riva de fes,Café,Formel,Boulevard des Merinides,34.0692993,-4.9655467,icons/cafe.png,OSM
Fès,Pharmacie Errachid صيدلية الرشيد,Parapharmacie,Formel,Fès ⴼⴰⵙ فاس,34.0704938,-4.9996766,icons/pharmacy.png,OSM
Fès,Café L'escapade,Café,Formel,Café L'escapade,34.0598464,-5.0228134,icons/cafe.png,OSM
Fès,Pharmacie Al Imam Mouslim صيدلية الإمام مسلم,Parapharmacie,Formel,Fès ⴼⴰⵙ فاس,34.0670337,-5.0108801,icons/pharmacy.png,OSM
Fès,Café La vie Palaces,Café,Formel,Café La vie Palaces,34.0575164,-5.025768,icons/cafe.png,OSM
Fès,Cremerie Ennoure,Café,Formel,Cremerie Ennoure,34.0578415,-5.023852,icons/cafe.png,OSM
Fès,Café Havane Palace,Café,Formel,Café Havane Palace,34.0565181,-5.0321057,icons/cafe.png,OSM
Fès,Café Espace El Andalous,Café,Formel,Café Espace El Andalous,34.0559783,-5.0340119,icons/cafe.png,OSM
Fès,Café La Fontaine,Café,Formel,Café La Fontaine,34.0560404,-5.0320663,icons/cafe.png,OSM
Fès,Cremerie El Manare,Café,Formel,Cremerie El Manare,34.0561472,-5.0303629,icons/cafe.png,OSM
Fès,Café Jawad,Café,Formel,Café Jawad,34.0565178,-5.0299483,icons/cafe.png,OSM
Fès,Snack Fast-food,Restaurant,Formel,Snack Fast-food,34.0567818,-5.0287471,icons/restaurant.png,OSM
Fès,Snack Amrani,Restaurant,Formel,Snack Amrani,34.0575949,-5.0243514,icons/restaurant.png,OSM
Fès,Café Lilya,Café,Formel,Café Lilya,34.0572236,-5.0258163,icons/cafe.png,OSM
Fès,Café Paradis Rolaxe,Café,Formel,Café Paradis Rolaxe,34.0544425,-5.0264298,icons/cafe.png,OSM
Fès,Café Andalous,Café,Formel,jnane Benkirane Jnanate,34.0669155,-4.9607704,icons/cafe.png,OSM
Fès,Crémerie,Café,Formel,jnane Chami Jnanate,34.0655548,-4.9596563,icons/cafe.png,OSM
Fès,Café Palestine,Café,Formel,jnane Souissri Sidi Boujida,34.0681297,-4.9634051,icons/cafe.png,OSM
Fès,Crémerie Brichi,Café,Formel,jnane Chami jnanate,34.066016,-4.9587754,icons/cafe.png,OSM
Fès,Cremerie,Café,Formel,jnane Chami Jnanate,34.065786,-4.9593053,icons/cafe.png,OSM
Fès,Cremerie Saad,Café,Formel,jnane Chami jnanate,34.0658533,-4.9591595,icons/cafe.png,OSM
Fès,Crémerie,Café,Formel,Jnane Souni jnanate,34.0664671,-4.9587147,icons/cafe.png,OSM
Fès,Café Lamnara,Café,Formel,Café Lamnara,34.0565348,-5.0359319,icons/cafe.png,OSM
Fès,La parisienne,Café,Formel,La parisienne,34.0549212,-5.0266354,icons/cafe.png,OSM
Fès,Cremerie Abla,Café,Formel,Cremerie Abla,34.0545137,-5.0275899,icons/cafe.png,OSM
Fès,Café figuras,Café,Formel,Café figuras,34.0550891,-5.0286419,icons/cafe.png,OSM
Fès,Café 1-2-3,Café,Formel,Café 1-2-3,34.0551988,-5.028657,icons/cafe.png,OSM
Fès,Restaurant Miami(en cours),Restaurant,Formel,Restaurant Miami(en cours),34.055968,-5.0286258,icons/restaurant.png,OSM
Fès,Café Talha,Café,Formel,Café Talha,34.0548037,-5.0310382,icons/cafe.png,OSM
Fès,Café Ajial,Café,Formel,Café Ajial,34.0545986,-5.031075,icons/cafe.png,OSM
Fès,Café Jnane Tghate,Café,Formel,Café Jnane Tghate,34.054654,-5.0323917,icons/cafe.png,OSM
Fès,Café jbale Tghate,Café,Formel,Café jbale Tghate,34.0549066,-5.0325007,icons/cafe.png,OSM
Fès,Café Nada,Café,Formel,Café Nada,34.0544216,-5.0326426,icons/cafe.png,OSM
Fès,Restaurant Aarif,Restaurant,Formel,Restaurant Aarif,34.0540745,-5.0330428,icons/restaurant.png,OSM
Fès,Café La Paix,Café,Formel,Café La Paix,34.054186,-5.0330116,icons/cafe.png,OSM
Fès,Snack Filali,Restaurant,Formel,Snack Filali,34.054692,-5.0336825,icons/restaurant.png,OSM
Fès,Café Bismi Allah,Café,Formel,Café Bismi Allah,34.0576125,-5.0345718,icons/cafe.png,OSM
Fès,Café Molokha,Café,Formel,Café Molokha,34.0576403,-5.0344208,icons/cafe.png,OSM
Fès,Café Ziyad,Café,Formel,Café Ziyad,34.0578342,-5.0349416,icons/cafe.png,OSM
Fès,Café (cheche),Café,Formel,Café (cheche),34.0587317,-5.0360047,icons/cafe.png,OSM
Fès,Café Islam,Café,Formel,Café Islam,34.0586334,-5.0320626,icons/cafe.png,OSM
Fès,Café La Legend,Café,Formel,Café La Legend,34.0594771,-5.0346892,icons/cafe.png,OSM
Fès,Café Opera,Café,Formel,Café Opera,34.0601903,-5.0257675,icons/cafe.png,OSM
Fès,Café Azzhar,Café,Formel,jnane Souni jnanate,34.0669281,-4.9582953,icons/cafe.png,OSM
Fès,Cremerie El Jawda,Café,Formel,Cremerie El Jawda,34.0607347,-5.0254128,icons/cafe.png,OSM
Fès,Pharmacie Dar Dmana صيدلية دار الضمانة,Parapharmacie,Formel,"Bab Khoukha, Fès ⴼⴰⵙ فاس",34.0650353,-4.9574981,icons/pharmacy.png,OSM
Fès,Café LA VITAL,Café,Formel,Jnane Serraj Jnanate,34.0658894,-4.9566819,icons/cafe.png,OSM
Fès,Snack Tghat,Restaurant,Formel,Snack Tghat,34.0568448,-5.0319878,icons/restaurant.png,OSM
Fès,Cremerie Aya,Café,Formel,Cremerie Aya,34.0592211,-5.0366951,icons/cafe.png,OSM
Fès,Café Hamiche,Café,Formel,Café Hamiche,34.0593124,-5.0361645,icons/cafe.png,OSM
Fès,Café,Café,Formel,Jnane Moulay Smail,34.0642222,-4.9575871,icons/cafe.png,OSM
Fès,Pharmacie Al Youmne صيدلية اليمن,Parapharmacie,Formel,Fès,34.0092557,-5.0413397,icons/pharmacy.png,OSM
Fès,Café Najid,Café,Formel,Café Najid,34.0683638,-4.9855593,icons/cafe.png,OSM
Fès,Café Laaroussi,Café,Formel,Café Laaroussi,34.0684916,-4.985885,icons/cafe.png,OSM
Fès,Café Bismillah,Café,Formel,Café Bismillah,34.0685089,-4.9858035,icons/cafe.png,OSM
Fès,Café Al Fouroussia,Café,Formel,Café Al Fouroussia,34.0684253,-4.9861117,icons/cafe.png,OSM
Fès,Café Corsica,Café,Formel,Café Corsica,34.068515,-4.9862672,icons/cafe.png,OSM
Fès,Café Borj Fès,Café,Formel,Café Borj Fès,34.0683772,-4.9862744,icons/cafe.png,OSM
Fès,Café,Café,Formel,Café,34.0682475,-4.9861697,icons/cafe.png,OSM
Fès,Snack Bismillah,Restaurant,Formel,Snack Bismillah,34.0682067,-4.9861511,icons/restaurant.png,OSM
Fès,Café El Borje,Café,Formel,Café El Borje,34.068055,-4.9861155,icons/cafe.png,OSM
Fès,Café Kaoutar,Café,Formel,Café Kaoutar,34.0678557,-4.9874136,icons/cafe.png,OSM
Fès,Café Roma,Café,Formel,Café Roma,34.0678615,-4.9875583,icons/cafe.png,OSM
Fès,Café Zohour,Café,Formel,Café Zohour,34.0680499,-4.9889374,icons/cafe.png,OSM
Fès,Café Tazaka,Café,Formel,Café Tazaka,34.0680783,-4.9890604,icons/cafe.png,OSM
Fès,Café Istanbul,Café,Formel,Café Istanbul,34.0681001,-4.9893148,icons/cafe.png,OSM
Fès,Café Mrjane,Café,Formel,Café Mrjane,34.0681404,-4.9894877,icons/cafe.png,OSM
Fès,Café Barça,Café,Formel,Café Barça,34.0679314,-4.9893565,icons/cafe.png,OSM
Fès,Café Zakariae,Café,Formel,Café Zakariae,34.0678866,-4.9891258,icons/cafe.png,OSM
Fès,Café Benzakour,Café,Formel,Café Benzakour,34.0679442,-4.9895081,icons/cafe.png,OSM
Fès,Café Khansae,Café,Formel,Café Khansae,34.0677636,-4.9875289,icons/cafe.png,OSM
Fès,Café Amine,Café,Formel,Café Amine,34.0677827,-4.9876678,icons/cafe.png,OSM
Fès,Café Alaoui,Café,Formel,Bvd Jane Oyad Sidi Boujida,34.0695086,-4.9691367,icons/cafe.png,OSM
Fès,Champs al assil,Café,Formel,Champs al assil,34.069639,-4.9691263,icons/cafe.png,OSM
Fès,Café zina,Café,Formel,Café zina,34.0704311,-4.9691259,icons/cafe.png,OSM
Fès,Cafe Bassatine,Café,Formel,Cafe Bassatine,34.0665829,-4.9620981,icons/cafe.png,OSM
Fès,Cafe Bagdadia,Café,Formel,Cafe Bagdadia,34.0660558,-4.9622411,icons/cafe.png,OSM
Fès,Cafe colador,Café,Formel,Cafe colador,34.0659057,-4.962257,icons/cafe.png,OSM
Fès,Crémerie nayla,Café,Formel,Crémerie nayla,34.0652953,-4.9623157,icons/cafe.png,OSM
Fès,Café taouam,Café,Formel,Café taouam,34.0671355,-4.9674574,icons/cafe.png,OSM
Fès,Café Al joulan,Café,Formel,Café Al joulan,34.0664792,-4.9671615,icons/cafe.png,OSM
Fès,Café athena,Café,Formel,Café athena,34.0661008,-4.9673765,icons/cafe.png,OSM
Fès,Cremerie morial,Café,Formel,Cremerie morial,34.0651603,-4.966445,icons/cafe.png,OSM
Fès,Café alina,Café,Formel,Café alina,34.0614459,-4.9521505,icons/cafe.png,OSM
Fès,Café elle barakka,Café,Formel,Café elle barakka,34.0614077,-4.9516588,icons/cafe.png,OSM
Fès,Café saad,Café,Formel,Café saad,34.0617476,-4.9511355,icons/cafe.png,OSM
Fès,Crémerie bismi allah,Café,Formel,Crémerie bismi allah,34.0639322,-4.9534882,icons/cafe.png,OSM
Fès,Crémerie salam,Café,Formel,Crémerie salam,34.064176,-4.9535569,icons/cafe.png,OSM
Fès,Café amori mio,Café,Formel,Café amori mio,34.0644385,-4.9536786,icons/cafe.png,OSM
Fès,Café les amis,Café,Formel,Café les amis,34.0642409,-4.9528936,icons/cafe.png,OSM
Fès,Café molay Ali charif,Café,Formel,Café molay Ali charif,34.0647285,-4.9545448,icons/cafe.png,OSM
Fès,Crémerie jaouuhar,Café,Formel,Crémerie jaouuhar,34.0454357,-4.9552113,icons/cafe.png,OSM
Fès,Cafe ifrane,Café,Formel,Cafe ifrane,34.0468009,-4.9574717,icons/cafe.png,OSM
Fès,Casse croute el fath,Restaurant,Formel,Casse croute el fath,34.0469072,-4.9578365,icons/restaurant.png,OSM
Fès,Casse croute al fath,Café,Formel,Casse croute al fath,34.048128,-4.9579373,icons/cafe.png,OSM
Fès,Café billale,Café,Formel,Café billale,34.0522167,-4.9607491,icons/cafe.png,OSM
Fès,Café essalam,Café,Formel,Café essalam,34.0533166,-4.9624759,icons/cafe.png,OSM
Fès,Café omnia,Café,Formel,Café omnia,34.059638,-4.9565778,icons/cafe.png,OSM
Fès,Cremerie el Akhawayain,Café,Formel,Cremerie el Akhawayain,34.058887,-4.9547499,icons/cafe.png,OSM
Fès,Café brikh,Café,Formel,Café brikh,34.0577055,-4.9550226,icons/cafe.png,OSM
Fès,Café salam,Café,Formel,Café salam,34.0577313,-4.9549084,icons/cafe.png,OSM
Fès,Café bahassan,Café,Formel,Café bahassan,34.057232,-4.9559562,icons/cafe.png,OSM
Fès,Café jabal annour,Café,Formel,Café jabal annour,34.0569643,-4.9554639,icons/cafe.png,OSM
Fès,Café hanane,Café,Formel,Café hanane,34.0684424,-4.9657089,icons/cafe.png,OSM
Fès,Café 5 etoile,Café,Formel,Café 5 etoile,34.069465,-4.9655802,icons/cafe.png,OSM
Fès,Cafe REDA,Café,Formel,Boulevard des Merinides,34.0699138,-4.9661528,icons/cafe.png,OSM
Fès,Casse croute hachmi,Restaurant,Formel,Casse croute hachmi,34.0666259,-4.9648056,icons/restaurant.png,OSM
Fès,Café nakhla,Café,Formel,Café nakhla,34.0685989,-4.9656858,icons/cafe.png,OSM
Fès,Café nour almanar,Café,Formel,Café nour almanar,34.0685149,-4.9656907,icons/cafe.png,OSM
Fès,Café ben nasser,Café,Formel,Café ben nasser,34.0632406,-4.9526305,icons/cafe.png,OSM
Fès,Café raha,Café,Formel,Café raha,34.0690762,-4.9655828,icons/cafe.png,OSM
Fès,Café houssima,Café,Formel,Café houssima,34.069179,-4.9655587,icons/cafe.png,OSM
Fès,Café al jaouhara,Café,Formel,Café al jaouhara,34.0698293,-4.9658821,icons/cafe.png,OSM
Fès,Casse croute hireche,Restaurant,Formel,Casse croute hireche,34.0666416,-4.9650713,icons/restaurant.png,OSM
Fès,Café amal,Café,Formel,Café amal,34.0703428,-4.9664345,icons/cafe.png,OSM
Fès,Cafe al faracha,Café,Formel,Cafe al faracha,34.0656343,-4.9622834,icons/cafe.png,OSM
Fès,Crémerie magribe de fes,Café,Formel,Crémerie magribe de fes,34.0659132,-4.9674591,icons/cafe.png,OSM
Fès,Café nassime,Café,Formel,Café nassime,34.0617487,-4.9528177,icons/cafe.png,OSM
Fès,Café palace,Café,Formel,Café palace,34.0641005,-4.9535945,icons/cafe.png,OSM
Fès,Cafe fakharine,Café,Formel,Cafe fakharine,34.0467418,-4.9572866,icons/cafe.png,OSM
Fès,Cafe borj anour,Café,Formel,Cafe borj anour,34.0468532,-4.9576238,icons/cafe.png,OSM
Fès,Café car essalam,Café,Formel,Café car essalam,34.0496481,-4.960859,icons/cafe.png,OSM
Fès,Cafe berlin,Café,Formel,Cafe berlin,34.0535236,-4.9591835,icons/cafe.png,OSM
Fès,Café khlifi,Café,Formel,Café khlifi,34.0702088,-4.9662577,icons/cafe.png,OSM
Fès,Crémerie real,Café,Formel,Crémerie real,34.0539189,-4.9614897,icons/cafe.png,OSM
Fès,Cafe marina,Café,Formel,Cafe marina,34.0515527,-4.9614805,icons/cafe.png,OSM
Fès,Café italy,Café,Formel,Café italy,34.0530093,-4.9611425,icons/cafe.png,OSM
Fès,Café hossam,Café,Formel,Café hossam,34.0590816,-4.9554828,icons/cafe.png,OSM
Fès,Café venisia,Café,Formel,Café venisia,34.0700735,-4.9659834,icons/cafe.png,OSM
Fès,Café ressala,Café,Formel,Café ressala,34.0483625,-4.9579328,icons/cafe.png,OSM
Fès,Casse croûte akhaouaine,Restaurant,Formel,Casse croûte akhaouaine,34.0489122,-4.9583105,icons/restaurant.png,OSM
Fès,Café ben makhloufe,Café,Formel,Café ben makhloufe,34.0490745,-4.9611346,icons/cafe.png,OSM
Fès,Café les amis,Café,Formel,Café les amis,34.0495102,-4.9607941,icons/cafe.png,OSM
Fès,Café dar issalam,Café,Formel,Café dar issalam,34.050104,-4.9607514,icons/cafe.png,OSM
Fès,Cafe okri,Café,Formel,Cafe okri,34.050405,-4.9613967,icons/cafe.png,OSM
Fès,Café el fath,Café,Formel,Café el fath,34.0523583,-4.9607201,icons/cafe.png,OSM
Fès,Café vert,Café,Formel,Café vert,34.0527718,-4.9610203,icons/cafe.png,OSM
Fès,Litière pour Alfa nour,Café,Formel,Litière pour Alfa nour,34.0534101,-4.9614639,icons/cafe.png,OSM
Fès,Café fleurs des palmiers,Café,Formel,Café fleurs des palmiers,34.0535336,-4.9616325,icons/cafe.png,OSM
Fès,Café saad,Café,Formel,Café saad,34.0536031,-4.9619234,icons/cafe.png,OSM
Fès,Istambol,Café,Formel,Istambol,34.0531343,-4.9594682,icons/cafe.png,OSM
Fès,Cremerie med maghrnaoui,Café,Formel,Cremerie med maghrnaoui,34.0532877,-4.9594164,icons/cafe.png,OSM
Fès,Cafe les amis,Café,Formel,Cafe les amis,34.0535315,-4.9594782,icons/cafe.png,OSM
Fès,Cafe qabbali,Café,Formel,Cafe qabbali,34.054624,-4.9591364,icons/cafe.png,OSM
Fès,Cafe Upper palace,Café,Formel,Cafe Upper palace,34.0595554,-4.9580254,icons/cafe.png,OSM
Fès,Café panorama,Café,Formel,Café panorama,34.0592676,-4.9561731,icons/cafe.png,OSM
Fès,Café Barj,Café,Formel,Café Barj,34.0591838,-4.9558237,icons/cafe.png,OSM
Fès,Café yassin,Café,Formel,Café yassin,34.0589482,-4.9544933,icons/cafe.png,OSM
Fès,Crémerie abdellkhalek,Café,Formel,Crémerie abdellkhalek,34.0592053,-4.9567727,icons/cafe.png,OSM
Fès,Cafe rotana,Café,Formel,Cafe rotana,34.0586876,-4.9560163,icons/cafe.png,OSM
Fès,Cafe mokhless,Café,Formel,Cafe mokhless,34.0572852,-4.9551486,icons/cafe.png,OSM
Fès,Cafe régala eamda,Café,Formel,Cafe régala eamda,34.0574903,-4.9551684,icons/cafe.png,OSM
Fès,Café el fath,Café,Formel,Café el fath,34.0576148,-4.9550873,icons/cafe.png,OSM
Fès,Crémerie,Café,Formel,Crémerie,34.057858,-4.9547901,icons/cafe.png,OSM
Fès,Café kamra,Café,Formel,Café kamra,34.0573632,-4.9555783,icons/cafe.png,OSM
Fès,Casse croute bahri,Restaurant,Formel,Casse croute bahri,34.0666158,-4.9649098,icons/restaurant.png,OSM
Fès,Café jaouhar,Café,Formel,Café jaouhar,34.066671,-4.9646467,icons/cafe.png,OSM
Fès,Asmak medina jbilou,Restaurant,Formel,Asmak medina jbilou,34.0666827,-4.9645822,icons/restaurant.png,OSM
Fès,Casse croute zoumet cts,Restaurant,Formel,Casse croute zoumet cts,34.0667175,-4.965269,icons/restaurant.png,OSM
Fès,Crémerie multaka,Café,Formel,Crémerie multaka,34.066634,-4.9647586,icons/cafe.png,OSM
Fès,Snack jbllou et kouidy,Restaurant,Formel,Snack jbllou et kouidy,34.0667261,-4.9644916,icons/restaurant.png,OSM
Fès,Café loubna,Café,Formel,Café loubna,34.0667701,-4.964435,icons/cafe.png,OSM
Fès,Café Drem,Café,Formel,Café Drem,34.0671918,-4.9634905,icons/cafe.png,OSM
Fès,Café Roma,Café,Formel,Café Roma,34.0671621,-4.9631075,icons/cafe.png,OSM
Fès,Café oued el makhazin,Café,Formel,Café oued el makhazin,34.0670597,-4.962682,icons/cafe.png,OSM
Fès,Crémerie Bella roma,Café,Formel,Crémerie Bella roma,34.0668712,-4.9624866,icons/cafe.png,OSM
Fès,Crémerie nahla,Café,Formel,Crémerie nahla,34.0661977,-4.9622258,icons/cafe.png,OSM
Fès,Cafe tanga,Café,Formel,Cafe tanga,34.0654006,-4.9623171,icons/cafe.png,OSM
Fès,Cafe aboussaad,Café,Formel,Cafe aboussaad,34.0651637,-4.9623595,icons/cafe.png,OSM
Fès,Café al founoune,Café,Formel,Café al founoune,34.0650148,-4.9624158,icons/cafe.png,OSM
Fès,Cafe yassamine,Café,Formel,Cafe yassamine,34.0634231,-4.9551678,icons/cafe.png,OSM
Fès,Cafe nasma,Café,Formel,Cafe nasma,34.0460615,-4.9564801,icons/cafe.png,OSM
Fès,Cafe selayman,Café,Formel,Cafe selayman,34.0463703,-4.9568248,icons/cafe.png,OSM
Fès,Café al fath,Café,Formel,Café al fath,34.0477054,-4.9581964,icons/cafe.png,OSM
Fès,Café al arrabia,Café,Formel,Café al arrabia,34.0479309,-4.9580703,icons/cafe.png,OSM
Fès,Cremerie jouhara,Café,Formel,Cremerie jouhara,34.0527573,-4.9597104,icons/cafe.png,OSM
Fès,Cafe zhour,Café,Formel,Cafe zhour,34.0534009,-4.9592967,icons/cafe.png,OSM
Fès,Cafe jnane el ouard,Café,Formel,Cafe jnane el ouard,34.0594704,-4.9564404,icons/cafe.png,OSM
Fès,Cafe brichia,Café,Formel,Cafe brichia,34.0590367,-4.9567272,icons/cafe.png,OSM
Fès,Cafe al lkarm,Café,Formel,Cafe al lkarm,34.0594521,-4.9566845,icons/cafe.png,OSM
Fès,Café bab allah,Café,Formel,Café bab allah,34.0607902,-4.9508827,icons/cafe.png,OSM
Fès,Crémerie,Café,Formel,jnane Serraj Jnanate,34.0665276,-4.9560819,icons/cafe.png,OSM
Fès,Pharmacie Volubilis صيدلية وليلي,Parapharmacie,Formel,"Rue Abi Tayeb Al Motanabbi, Fès",34.0347847,-5.0003661,icons/pharmacy.png,OSM
Fès,Café Noria,Restaurant,Formel,Café Noria,34.0581233,-4.9897208,icons/restaurant.png,OSM
Fès,Café Panorama,Café,Formel,Café Panorama,34.0640598,-4.9944368,icons/cafe.png,OSM
Fès,Café El Hader,Café,Formel,Café El Hader,34.0640488,-4.9946164,icons/cafe.png,OSM
Fès,Café Karaouyene,Café,Formel,Café Karaouyene,34.0636614,-4.9953328,icons/cafe.png,OSM
Fès,Restaurant Akhawayn,Restaurant,Formel,Restaurant Akhawayn,34.0636688,-4.9951205,icons/restaurant.png,OSM
Fès,Café Al Rayan,Café,Formel,Café Al Rayan,34.0640087,-4.9968034,icons/cafe.png,OSM
Fès,Café Sultan,Café,Formel,Café Sultan,34.0637329,-4.9959835,icons/cafe.png,OSM
Fès,Café Hamza,Café,Formel,Café Hamza,34.0654313,-4.9990466,icons/cafe.png,OSM
Fès,Café Rif,Café,Formel,Café Rif,34.0653117,-4.9990888,icons/cafe.png,OSM
Fès,Café Nizar,Café,Formel,Café Nizar,34.0655475,-4.9989894,icons/cafe.png,OSM
Fès,Café Chachi,Café,Formel,Café Chachi,34.066618,-4.9983052,icons/cafe.png,OSM
Fès,Café Benbrahim,Café,Formel,Café Benbrahim,34.0661407,-4.9987049,icons/cafe.png,OSM
Fès,Café El Fath,Café,Formel,Café El Fath,34.0662399,-4.9979797,icons/cafe.png,OSM
Fès,Epicier بقال,Supérette / Mini-market,Formel,Hay Zaza,34.0268605,-5.0019255,icons/convenience.png,OSM
Fès,Café louizate,Café,Formel,Café louizate,34.0535941,-4.961279,icons/cafe.png,OSM
Fès,Casse croute Bismillah,Café,Formel,Casse croute Bismillah,34.0535797,-4.9612221,icons/cafe.png,OSM
Fès,Café al farah,Café,Formel,Café al farah,34.059381,-4.9563273,icons/cafe.png,OSM
Fès,Café Al Moultaqa,Café,Formel,Café Al Moultaqa,34.0672021,-4.998196,icons/cafe.png,OSM
Fès,Café Youssera,Café,Formel,Café Youssera,34.0659294,-4.9989671,icons/cafe.png,OSM
Fès,Snack Bismillah,Restaurant,Formel,Snack Bismillah,34.0655836,-4.9991638,icons/restaurant.png,OSM
Fès,Café Hamza (fermé),Café,Formel,Café Hamza (fermé),34.0654875,-4.9991998,icons/cafe.png,OSM
Fès,Café Jalal,Café,Formel,Café Jalal,34.0653726,-4.9992787,icons/cafe.png,OSM
Fès,Café El Ghazala,Café,Formel,Café El Ghazala,34.0655724,-4.9999753,icons/cafe.png,OSM
Fès,Café jawad,Café,Formel,Café jawad,34.0666224,-4.9994596,icons/cafe.png,OSM
Fès,Café raha,Café,Formel,Café raha,34.0521313,-4.9612234,icons/cafe.png,OSM
Fès,Café adwae fes,Café,Formel,Café adwae fes,34.0496785,-4.9652657,icons/cafe.png,OSM
Fès,Les fruits de mer,Restaurant,Formel,Les fruits de mer,34.0495367,-4.9651674,icons/restaurant.png,OSM
Fès,Café el bourj chamali,Café,Formel,Café el bourj chamali,34.0491124,-4.9646185,icons/cafe.png,OSM
Fès,Cafe attadamen,Café,Formel,Cafe attadamen,34.0489109,-4.9621708,icons/cafe.png,OSM
Fès,Cafe,Café,Formel,Cafe,34.0482654,-4.9620378,icons/cafe.png,OSM
Fès,Cremerie najari,Café,Formel,Cremerie najari,34.04801,-4.9572896,icons/cafe.png,OSM
Fès,Café ranya,Café,Formel,Café ranya,34.0479436,-4.957025,icons/cafe.png,OSM
Fès,Café chaoune,Café,Formel,Café chaoune,34.0491681,-4.9579516,icons/cafe.png,OSM
Fès,Cafe la suit palace,Café,Formel,Cafe la suit palace,34.0493681,-4.9579305,icons/cafe.png,OSM
Fès,Cafe,Café,Formel,Cafe,34.0498447,-4.9581,icons/cafe.png,OSM
Fès,Café taha,Café,Formel,Café taha,34.0517895,-4.95785,icons/cafe.png,OSM
Fès,Café storia,Café,Formel,Café storia,34.0502594,-4.9579769,icons/cafe.png,OSM
Fès,Café sefian,Café,Formel,Café sefian,34.0520621,-4.9577832,icons/cafe.png,OSM
Fès,Café Rotana,Café,Formel,Café Rotana,34.0509166,-4.9574332,icons/cafe.png,OSM
Fès,Café Amine,Café,Formel,Sahb El Ouard,34.0579494,-4.9517938,icons/cafe.png,OSM
Fès,Café sabrin,Café,Formel,Café sabrin,34.0511935,-4.9571564,icons/cafe.png,OSM
Fès,Café Baraka,Café,Formel,Sahb El Ouard,34.0574784,-4.9518729,icons/cafe.png,OSM
Fès,Café Ilyas,Café,Formel,Sahb El Ouard,34.0573628,-4.9516377,icons/cafe.png,OSM
Fès,Café Rayan,Café,Formel,Sahb El Ourd,34.05762,-4.9513085,icons/cafe.png,OSM
Fès,Crémerie,Café,Formel,Sahb El Ouard,34.0569948,-4.9509959,icons/cafe.png,OSM
Fès,Cremerie Al Akhawayne,Café,Formel,Sahb El Ouard,34.0569439,-4.9509242,icons/cafe.png,OSM
Fès,Café Al Mahaba,Café,Formel,Sahb El Ouard,34.0566666,-4.9505091,icons/cafe.png,OSM
Fès,Café Raha,Café,Formel,Sahb El Ouard,34.0562469,-4.9499359,icons/cafe.png,OSM
Fès,Café Laurida,Café,Formel,Sahb El Ouard,34.0564941,-4.9495762,icons/cafe.png,OSM
Fès,Cafe saada,Café,Formel,Cafe saada,34.0525694,-4.9563679,icons/cafe.png,OSM
Fès,Cafe alghazala,Café,Formel,Cafe alghazala,34.0533766,-4.9562699,icons/cafe.png,OSM
Fès,Café farah,Café,Formel,Café farah,34.051863,-4.9567153,icons/cafe.png,OSM
Fès,Café Simo Rayan,Café,Formel,Sahb Ouard,34.0554045,-4.9493052,icons/cafe.png,OSM
Fès,Cafe arbi jarda,Café,Formel,Cafe arbi jarda,34.0536718,-4.9566587,icons/cafe.png,OSM
Fès,Café Les Amis,Café,Formel,Sahb El Ouard,34.0565755,-4.9513954,icons/cafe.png,OSM
Fès,Café Bergamo,Café,Formel,Sahb El Ouard,34.0567334,-4.9513237,icons/cafe.png,OSM
Fès,Café Tidghine,Café,Formel,Sahb El Ouard,34.0566185,-4.9513081,icons/cafe.png,OSM
Fès,Café Nacer,Café,Formel,Sahb El Ouard,34.0564733,-4.9519276,icons/cafe.png,OSM
Fès,Cafe hillal,Café,Formel,Cafe hillal,34.055189,-4.958369,icons/cafe.png,OSM
Fès,Café EL fath,Café,Formel,Sahb El Ouard,34.0573733,-4.9532997,icons/cafe.png,OSM
Fès,Cafe andalous,Café,Formel,Cafe andalous,34.0555781,-4.9590446,icons/cafe.png,OSM
Fès,Cafe hermal,Café,Formel,Cafe hermal,34.0558214,-4.9598543,icons/cafe.png,OSM
Fès,Cafe fawzia,Café,Formel,Cafe fawzia,34.0552753,-4.9594223,icons/cafe.png,OSM
Fès,Cafe maghriib el yaem,Café,Formel,Cafe maghriib el yaem,34.0565657,-4.9607007,icons/cafe.png,OSM
Fès,Café Mouhcine,Café,Formel,Café Mouhcine,34.0685268,-4.9943655,icons/cafe.png,OSM
Fès,Café Zalaghe,Café,Formel,Café Zalaghe,34.0688933,-4.9944951,icons/cafe.png,OSM
Fès,Café Otmane,Café,Formel,Café Otmane,34.0694929,-4.9946206,icons/cafe.png,OSM
Fès,Café El Founoune,Café,Formel,Café El Founoune,34.0691533,-4.9944844,icons/cafe.png,OSM
Fès,Café Mabrouka,Café,Formel,Sahb El Ouard,34.0563751,-4.9542065,icons/cafe.png,OSM
Fès,Café Jazira,Café,Formel,Café Jazira,34.067975,-5.0014656,icons/cafe.png,OSM
Fès,Café Manzah Fès,Café,Formel,Café Manzah Fès,34.0681497,-5.0015407,icons/cafe.png,OSM
Fès,Café,Café,Formel,Sahb El Ouard,34.0559212,-4.9539947,icons/cafe.png,OSM
Fès,Café Maghrib Arabi,Café,Formel,Café Maghrib Arabi,34.0706474,-5.0022515,icons/cafe.png,OSM
Fès,Café Ahlam,Café,Formel,Sahb El Ouard,34.0557784,-4.9539602,icons/cafe.png,OSM
Fès,Café Chami,Café,Formel,Café Chami,34.0683978,-5.0016086,icons/cafe.png,OSM
Fès,Café Saada,Café,Formel,Café Saada,34.0707423,-5.0022812,icons/cafe.png,OSM
Fès,Crémerie,Café,Formel,sahb El Ouard,34.0547598,-4.9540331,icons/cafe.png,OSM
Fès,Café NASSIM,Café,Formel,Bled Tazi Sahb El Ouard,34.0546111,-4.9539125,icons/cafe.png,OSM
Fès,Café Maissae,Café,Formel,Café Maissae,34.0708085,-5.0023033,icons/cafe.png,OSM
Fès,Café Al Akhawayn,Café,Formel,Sahb El Ouard,34.0554254,-4.9543009,icons/cafe.png,OSM
Fès,Café El Farasse,Café,Formel,Café El Farasse,34.0708481,-5.0023163,icons/cafe.png,OSM
Fès,ملثقى الالوان,Café,Formel,Sahb El Ouard,34.0545008,-4.9538087,icons/cafe.png,OSM
Fès,Café Cordoba,Café,Formel,Café Cordoba,34.0708915,-5.0023265,icons/cafe.png,OSM
Fès,Café Ezzahir,Café,Formel,Bled Tazi Sahb El Ourd,34.0542303,-4.9535797,icons/cafe.png,OSM
Fès,Café Chourouk Chams,Café,Formel,Café Chourouk Chams,34.0709424,-5.00235,icons/cafe.png,OSM
Fès,Café Rif El Jadida,Café,Formel,Café Rif El Jadida,34.0713393,-5.0024628,icons/cafe.png,OSM
Fès,Café,Café,Formel,Sahb El Ouard,34.0542971,-4.9532933,icons/cafe.png,OSM
Fès,Café Rihame,Café,Formel,Café Rihame,34.0714686,-5.0024995,icons/cafe.png,OSM
Fès,Crémerie Titanic,Café,Formel,Sahb El Ouard,34.0533714,-4.9521692,icons/cafe.png,OSM
Fès,Café RBIGUI,Café,Formel,Sahb El Ouard,34.0533489,-4.9523689,icons/cafe.png,OSM
Fès,Café,Café,Formel,Sahb El Ouard,34.0532191,-4.9522539,icons/cafe.png,OSM
Fès,Crémerie,Café,Formel,Sahb El Ouard,34.0530076,-4.9517773,icons/cafe.png,OSM
Fès,Crémerie,Café,Formel,Sahb El Ouard,34.052881,-4.9516288,icons/cafe.png,OSM
Fès,Café Farih,Café,Formel,Sahb El Ouard,34.0526167,-4.951359,icons/cafe.png,OSM
Fès,Café Mustapha,Café,Formel,Café Mustapha,34.0694962,-5.0020797,icons/cafe.png,OSM
Fès,Café Doha,Café,Formel,Café Doha,34.0684297,-5.0019804,icons/cafe.png,OSM
Fès,Café Boushaba,Café,Formel,Café Boushaba,34.0685082,-5.0023909,icons/cafe.png,OSM
Fès,Laiterie Al Hay,Café,Formel,Sahb El Ouard,34.0570044,-4.9544758,icons/cafe.png,OSM
Fès,Café Sami,Café,Formel,Café Sami,34.0686688,-5.0018532,icons/cafe.png,OSM
Fès,Café Rabie,Café,Formel,Café Rabie,34.0685086,-5.0018127,icons/cafe.png,OSM
Fès,Grillade Tanjaoui,Restaurant,Formel,Grillade Tanjaoui,34.0652703,-4.9996027,icons/restaurant.png,OSM
Fès,Crémerie fadae fes,Café,Formel,Crémerie fadae fes,34.060886,-4.9617005,icons/cafe.png,OSM
Fès,Crémerie fadae fes,Café,Formel,Crémerie fadae fes,34.0607958,-4.9612068,icons/cafe.png,OSM
Fès,Snack El Jazira,Restaurant,Formel,Snack El Jazira,34.0658882,-5.0011149,icons/restaurant.png,OSM
Fès,Café Meryamti Bekkali Hamid,Café,Formel,Hay Tghat Face Bain Riad,34.0589309,-5.0210584,icons/cafe.png,OSM
Fès,Café Tghate,Café,Formel,Hay Tghat Face Bain Riad,34.0595034,-5.0212769,icons/cafe.png,OSM
Fès,Café Zalagh Palace Senhaji Mohamed et Senhaji Sellam,Café,Formel,Avenue Moussa Bnou Noussair Lotis Dayaa,34.0609327,-5.0172673,icons/cafe.png,OSM
Fès,Café Alaska,Café,Formel,Lotissement Jbel Tghat 1,34.0590389,-5.0198154,icons/cafe.png,OSM
Fès,Snack Faissal Krimi,Restaurant,Formel,Lotissement Moulay Amine Resid 19,34.0616214,-5.0146197,icons/restaurant.png,OSM
Fès,Café Noura,Café,Formel,Lotissement My Hafid Hay El Mohammadi,34.0614,-5.0139697,icons/cafe.png,OSM
Fès,Café Blanca Ice Bahjaoui Younes,Café,Formel,Lotissement Jad,34.0593057,-5.0121235,icons/cafe.png,OSM
Fès,Café Golf,Café,Formel,Hay Taj Ain Kadous,34.058888,-5.0112547,icons/cafe.png,OSM
Fès,Café La grotte Des Pigeons Saidi Fatiha,Café,Formel,Mosquée Tajmoueti Hay Salam,34.0612914,-5.0133117,icons/cafe.png,OSM
Fès,Cremerie Amine Soufiane Dahbi,Café,Formel,Avenue Moussa Bnou Noussair Hay Salam,34.0620783,-5.0149929,icons/cafe.png,OSM
Fès,Café Faouzi,Café,Formel,Hay Tghat Face Mosquée Rahma,34.058645,-5.0209214,icons/cafe.png,OSM
Fès,Café Al Foroussia Hamdane Ben Ziad,Café,Formel,HAY Tghat Face Mosquée El Kaoutar,34.0601639,-5.0214555,icons/cafe.png,OSM
Fès,Cremerie Al Habaib Maghraoui Naima,Café,Formel,Lotissement Jad,34.059102,-5.0124529,icons/cafe.png,OSM
Fès,Café Ouslou Azir Abderrahmane,Café,Formel,Hay Salam Ain Kadouss Rue 8,34.061918,-5.0135492,icons/cafe.png,OSM
Fès,Mansouri Rabia Cremerie Al Ikhwa,Café,Formel,Avenue Moussa Bnou Noussair Hay Tghat,34.0604299,-5.0203523,icons/cafe.png,OSM
Fès,Café Dali,Café,Formel,Avenue Moussa Bnou Noussair Lotis Jbel Tghat 2 Hay Tghat,34.0607123,-5.0191043,icons/cafe.png,OSM
Fès,Café Arij Palace,Café,Formel,Lotissement Jbel Tghat 1,34.0595266,-5.0177905,icons/cafe.png,OSM
Fès,Cremerie Toulito,Café,Formel,Hay My Hafid Avenue Okbat Bnou Nafie,34.0607775,-5.0133714,icons/cafe.png,OSM
Fès,Café Samar El Ouanjli Abdessamad,Café,Formel,Hay Taj Ain Kadouss,34.0592074,-5.0109834,icons/cafe.png,OSM
Fès,Café Nesma Chouaref Noureddine,Café,Formel,Avenue Moussa Bnou Noussair Hay Salam,34.0621072,-5.0141237,icons/cafe.png,OSM
Fès,Café Citta Alta Khaifallah Zakariae,Café,Formel,Lotissement Jbel Tghat 2 Hay Tghat,34.0607282,-5.0207146,icons/cafe.png,OSM
Fès,Restaurant Capitale du Poisson,Restaurant,Formel,Lotissement Jbel Tghat 1 Hay Tghat,34.0586946,-5.0207786,icons/restaurant.png,OSM
Fès,Café,Café,Formel,Lotissement My El Amine Hay Mahammed,34.0605829,-5.0131743,icons/cafe.png,OSM
Fès,Café Rahma Zouyten Najima,Café,Formel,Lotissement Jbel Tghat 1,34.0596572,-5.0174295,icons/cafe.png,OSM
Fès,Azoukane Khalid Laitiere,Café,Formel,Avenue Moussa Bnou Noussair Hay Salam,34.0620828,-5.0148117,icons/cafe.png,OSM
Fès,Kiosque Meknassi Salim Adiba,Café,Formel,Lotissement My Hafid Pres du Cafe Les Invités,34.0604904,-5.0132807,icons/cafe.png,OSM
Fès,Café Les Roses Héritiers Batata Ahmed,Café,Formel,Hay Salam Ain Kadouss Avenue Moussa Bnou Noussair,34.0620368,-5.0139386,icons/cafe.png,OSM
Fès,Café Moudhila,Café,Formel,Lotissement Jad Oued Fes,34.0591642,-5.0120093,icons/cafe.png,OSM
Fès,Café De Football,Café,Formel,Sahrij Gnaoua,34.0511668,-4.9497394,icons/cafe.png,OSM
Fès,Café Achraf,Café,Formel,Sahb El Ouard,34.0505825,-4.9500541,icons/cafe.png,OSM
Fès,Café Real,Café,Formel,Café Real,34.0665743,-5.0027031,icons/cafe.png,OSM
Fès,Crémerie ES-ESAADI,Café,Formel,Sahb Ouard,34.0503111,-4.9501129,icons/cafe.png,OSM
Fès,Café Ouiam,Café,Formel,Bled Drissi Sahb El Ouard,34.04997,-4.9501511,icons/cafe.png,OSM
Fès,Café Al Basma,Café,Formel,Bled Drissi Sahb El Ouard,34.0501966,-4.9477749,icons/cafe.png,OSM
Fès,Café Kawtar,Café,Formel,Café Kawtar,34.0667329,-5.0030519,icons/cafe.png,OSM
Fès,Crémerie,Café,Formel,Bled Drissi Sahb El Ouard,34.0493052,-4.9479495,icons/cafe.png,OSM
Fès,Café Dahab,Café,Formel,Café Dahab,34.0669792,-5.0041303,icons/cafe.png,OSM
Fès,Cremerie Bismillah,Café,Formel,Cremerie Bismillah,34.0670596,-5.0043771,icons/cafe.png,OSM
Fès,Cremerie Sanaoubar,Café,Formel,Cremerie Sanaoubar,34.067203,-5.0047548,icons/cafe.png,OSM
Fès,Café Al Amal,Café,Formel,Hay Al Amal Sahb El Ouard,34.0479563,-4.9524697,icons/cafe.png,OSM
Fès,Café Zohour El Hadaik,Café,Formel,Café Zohour El Hadaik,34.0684639,-5.0073813,icons/cafe.png,OSM
Fès,Café El Faracha,Café,Formel,Café El Faracha,34.0683594,-5.0077602,icons/cafe.png,OSM
Fès,Cremerie,Café,Formel,Cremerie,34.0687932,-5.0079735,icons/cafe.png,OSM
Fès,Café sans nom,Café,Formel,Fez فاس‎,34.0688547,-5.008643,icons/cafe.png,OSM
Fès,Café Prine,Café,Formel,Café Prine,34.0690151,-5.0084576,icons/cafe.png,OSM
Fès,Café El Mahir,Café,Formel,Café El Mahir,34.0694464,-5.0087632,icons/cafe.png,OSM
Fès,Café Adam مقهى آدم,Café,Formel,Fez فاس‎,34.0703121,-5.0079448,icons/cafe.png,OSM
Fès,Café Yassamin,Café,Formel,Café Yassamin,34.0702222,-5.0040352,icons/cafe.png,OSM
Fès,Cremerie Beranzaran,Café,Formel,Bled Skalia Sahb El Ouard,34.049612,-4.9520291,icons/cafe.png,OSM
Fès,Kiosque Cremerie Sbai Mohamed,Café,Formel,Avenue Kiraouane Hay Lamsalla Ain Kadouss,34.0644961,-5.002195,icons/cafe.png,OSM
Fès,Café Reda Hani Fatima et Darif Malika,Café,Formel,Avenue Kiraouane Hay Lamsalla Ain Kadouss,34.0643973,-5.0024303,icons/cafe.png,OSM
Fès,Laitière Kliyoubatra Benakkadou Rachid,Café,Formel,Avenue Kiraouane Hay Lamsalla Ain Kadouss,34.0647416,-5.0014895,icons/cafe.png,OSM
Fès,Café Amoiaj Ali Aloulouch,Café,Formel,Avenue Kiraouane Hay Lamsalla Ain Kadouss,34.0643011,-5.0027515,icons/cafe.png,OSM
Fès,Café Al Amal,Café,Formel,Avenue Kiraouane Hay Lamsalla Ain Kadouss,34.0646805,-5.001637,icons/cafe.png,OSM
Fès,Laitière Min Fadli Allah Chaouri Abdellah,Café,Formel,Avenue Kiraouane Hay Lamsalla Ain Kadouss,34.0647801,-5.0013528,icons/cafe.png,OSM
Fès,Café Chalalat Ouzoud Bzioui Abdelaziz,Café,Formel,Avenue Kiraouane place BenDebbab,34.0651601,-5.0008546,icons/cafe.png,OSM
Fès,Café Al Anwar Anwar Mansoura,Café,Formel,Avenue Oqba ben Nafia Hay Lamsalla Ain Kadouss,34.064819,-5.0012157,icons/cafe.png,OSM
Fès,Café Amine,Café,Formel,Café Amine,34.0665109,-5.0046769,icons/cafe.png,OSM
Fès,Snack Bismillah,Restaurant,Formel,Snack Bismillah,34.0666165,-5.0056976,icons/restaurant.png,OSM
Fès,Cremerie Souhaile,Café,Formel,Cremerie Souhaile,34.0670615,-5.0070932,icons/cafe.png,OSM
Fès,Café janat,Café,Formel,Café janat,34.0665776,-5.008865,icons/cafe.png,OSM
Fès,Café Kanza,Café,Formel,Café Kanza,34.0664338,-5.0098443,icons/cafe.png,OSM
Fès,Café Wissal Benayad Charafa,Café,Formel,Hay Mabrouka Ain Haroun Rue 202 Rue Yaakoub El Mansour,34.0662286,-5.0025632,icons/cafe.png,OSM
Fès,Laitière Saidi Rachid,Café,Formel,Avenue Kiraouane Hay Lamsalla Ain Kadouss,34.0628157,-5.0074726,icons/cafe.png,OSM
Fès,Restaurant Ahl Fes Kyad Driss et Masrar Mohamed,Restaurant,Formel,Hay Ahl Fes Ain Kadouss Rue 204,34.0610965,-5.009496,icons/restaurant.png,OSM
Fès,Café Achaab,Café,Formel,Hay Karima Ain Haroun Rue 256 Rue Yaakoub El Mansour,34.0661417,-5.0024476,icons/cafe.png,OSM
Fès,Café El Amal Sbai Mohamed,Café,Formel,Avenue Kiraouane Hay Lamsalla Ain Kadouss,34.0627931,-5.007547,icons/cafe.png,OSM
Fès,Café Mirador Lakhlifi Mohamed,Café,Formel,Hay Ahel Fes Ain Kadouss Rue 251 Bis,34.0601584,-5.007506,icons/cafe.png,OSM
Fès,Café Nouama Bouzhar Nouama,Café,Formel,Avenue Kiraouane Hay Lamsalla Ain Kadouss,34.0627639,-5.0076134,icons/cafe.png,OSM
Fès,Café Douae Zouini Fatima Zohra,Café,Formel,Avenue Kiraouane Hay Lamsalla Ain Kadouss Lotis Chaaba,34.0625632,-5.0082213,icons/cafe.png,OSM
Fès,Snack Said Bahouh,Restaurant,Formel,Hay Ain Kadouss Rue 206,34.0604472,-5.0097523,icons/restaurant.png,OSM
Fès,Café Nouzha,Café,Formel,Hay Ain Haroun Immb Tazi Rue 201 et 202,34.0654998,-5.0010078,icons/cafe.png,OSM
Fès,Cremerie La Jeunesse Kara Abdellah,Café,Formel,Hay Mabrouka Ain Haroun Rue 202,34.0659307,-5.0019979,icons/cafe.png,OSM
Fès,Café Bergamo Bouzekri Idrissi Barnoussi,Café,Formel,Hay Saida Ain Haroun Rue 256 Rue Yaakoub El Mansour,34.0661426,-5.0026791,icons/cafe.png,OSM
Fès,Café Narjis Bousecsou Mohamed,Café,Formel,Hay Zineb Ain Haroun Rue 202,34.0664207,-5.0090729,icons/cafe.png,OSM
Fès,Café Touhfa Atif Mohamed et Moussaid Khalid,Café,Formel,Avenue Kiraouane Hay Lamsalla Ain Kadouss,34.0626874,-5.0078351,icons/cafe.png,OSM
Fès,Bassin Mohamed Rachid Snack,Restaurant,Formel,Hay Ain Kadouss Rue 204,34.0595967,-5.0080198,icons/restaurant.png,OSM
Fès,Café Diyae Lafdili Driss et Lafdili Mohamed,Café,Formel,Avenue Kiraouane Hay Lamsalla Ain Kadouss,34.0626421,-5.0079698,icons/cafe.png,OSM
Fès,Café Salam Hertiers El Biaali Mohamed,Café,Formel,Hay Zineb Ain Haroun Rue 214,34.0662148,-5.007722,icons/cafe.png,OSM
Fès,Laitière Kharrouba Mohamed,Café,Formel,Avenue Kiraouane Hay Lamsalla Ain Kadouss Lotis Chaaba,34.0625943,-5.0081143,icons/cafe.png,OSM
Fès,Café Bensadouk Essadouki Slimani Redouane,Café,Formel,Avenue Kiraouane Hay Kambata Ain Kadouss,34.062319,-5.0077803,icons/cafe.png,OSM
Fès,Snack Hayani Maslouhi Abdellah,Restaurant,Formel,Hay Ain Kadouss Rue 207,34.0602303,-5.0085311,icons/restaurant.png,OSM
Fès,Café Maghreb Arabi Boussouf Hammouch,Café,Formel,Hay Ain Kadouss Rue 204,34.0604097,-5.0083719,icons/cafe.png,OSM
Fès,Snack Daouk Rafie Ennali Mustapha,Restaurant,Formel,Hay Ain Kadouss Rue 206,34.0605698,-5.0095204,icons/restaurant.png,OSM
Fès,Café L' horizon,Café,Formel,Avenue Kiraouane Hay Lamsalla Ain Kadouss,34.06271,-5.0077412,icons/cafe.png,OSM
Fès,Café Mabrouka Kernis Said,Café,Formel,Hay Ain Haroun Hay Mabrouka Rue 202,34.065609,-5.0011973,icons/cafe.png,OSM
Fès,Café Hamza Dico Bassim Mohamed Rachid,Café,Formel,Avenue Kiraouane Hay Kambata Ain Kadouss,34.0623797,-5.0075395,icons/cafe.png,OSM
Fès,Café Black House,Café,Formel,Hay Saida Ain Haroun Dayaa,34.0642031,-5.0179031,icons/cafe.png,OSM
Fès,Café Azhar El Maslouhi Abdellah,Café,Formel,Hay Ahel Fes Ain Kadouss Rue 204,34.0603593,-5.0086307,icons/cafe.png,OSM
Fès,Café Globo El Janati Abdelhak,Café,Formel,Lotissement Dayaa,34.0622388,-5.0196898,icons/cafe.png,OSM
Fès,Snack Akka,Restaurant,Formel,Hay Mabrouka Ain Haroun Rue 202,34.066043,-5.0022265,icons/restaurant.png,OSM
Fès,Café El Kharif Slimi Laaziza,Café,Formel,Hay Zineb Lotis 214 Ain Haroun,34.0666248,-5.0076146,icons/cafe.png,OSM
Fès,Chicken Palace Eddiaz Mohamed,Restaurant,Formel,Hay Ain Kadouss Rue 204,34.0605369,-5.0088059,icons/restaurant.png,OSM
Fès,Café El Mariniyine Jalal Mohamed Toufik et Jalal Imad,Café,Formel,Avenue Kiraouane Hay Lamsalla Ain Kadouss,34.062981,-5.0069649,icons/cafe.png,OSM
Fès,Café Anoual El Azzouzi Hammouch,Café,Formel,Avenue Kiraouane Hay Lamsalla Ain Kadouss,34.0628846,-5.0072608,icons/cafe.png,OSM
Fès,Snack El Ghali Mhamdi,Restaurant,Formel,Avenue Kiraouane Hay Lamsalla Ain Kadouss,34.0629254,-5.0071696,icons/restaurant.png,OSM
Fès,Café Imouzzer Loukili Driss,Café,Formel,Avenue Kiraouane Hay Lamsalla Ain Kadouss,34.063118,-5.0065905,icons/cafe.png,OSM
Fès,Café Sahli Mohamed,Café,Formel,Hay El Moufarrih N : 52 Rue 209 Ain Haroun,34.0645686,-5.0041425,icons/cafe.png,OSM
Fès,Cremerie Osmane Abdelati,Café,Formel,Avenue Tarik Bnou Ziad Hay El Moufarrih Ain Haroun,34.0652198,-5.0043926,icons/cafe.png,OSM
Fès,Café Fatine Alami Fouzia,Café,Formel,Avenue Tarek Bnou Ziad Hay El Moufarraih Rue 210 Ain Haroun,34.0658609,-5.0043653,icons/cafe.png,OSM
Fès,Café Hadika Laghrissi Lahsen,Café,Formel,Hay El Moufarrih Rue 8 Ain Haroun,34.06513,-5.0033913,icons/cafe.png,OSM
Fès,Cremerie Essabahi Hassan,Café,Formel,Hay El Moufarraih Rue 209 Ain Haroun,34.0648922,-5.0040341,icons/cafe.png,OSM
Fès,Café Al Moudir,Café,Formel,Avenue Tarek Bnou Ziad Hay El Moufarraih Rue 210 Ain Haroun,34.0656818,-5.0042683,icons/cafe.png,OSM
Fès,Café Yanboue Bourakkadi Smail,Café,Formel,Avenue Tarek Bnou Ziad Hay El Moufarraih Rue 210 Ain Haroun,34.0650629,-5.0048715,icons/cafe.png,OSM
Fès,Café El Mountazah Ait El Jid El Hassan,Café,Formel,Avenue Tarek Bnou Ziad Rue 210 Hay Lamsalla Ain Haroun,34.0638629,-5.0087245,icons/cafe.png,OSM
Fès,Cremerie El Youssefi Ennabih Rachid,Café,Formel,Avenue Tarek Bnou Ziad Rue 210 et Rue 208 Hay Lamsalla Ain Kadouss,34.0638973,-5.0085092,icons/cafe.png,OSM
Fès,Kiosque Café et Tabac Abd Idamer,Café,Formel,Place 11Janvier Ben Debbab,34.0646357,-5.000446,icons/cafe.png,OSM
Fès,Kiosque Cremerie Mountazah,Café,Formel,Pres de La Pharmacie Bnou El Hassan et Arrondissement Mariniyine Ain Kadouss,34.0601273,-5.0046947,icons/cafe.png,OSM
Fès,Snack El Hayani Driouech Ahmed et El Mahzoume Rabia,Restaurant,Formel,Avenue Mourabitine N : 1 Face Palais Royal Ain Kadousd,34.0586917,-5.0037361,icons/restaurant.png,OSM
Fès,Palais Medina,Restaurant,Formel,Palais Medina,34.0590107,-4.9724176,icons/restaurant.png,OSM
Fès,Bristol,Café,Formel,Bristol,34.0291991,-5.0428727,icons/cafe.png,OSM
Fès,Station Fes,Restaurant,Formel,Station Fes,34.0475355,-5.0051733,icons/restaurant.png,OSM
Fès,Café sans nom,Café,Formel,Café sans nom,34.0291113,-5.0429167,icons/cafe.png,OSM
Fès,Café Cap d'Or,Café,Formel,Route Aïn Smen,34.0097048,-5.0265007,icons/cafe.png,OSM
Fès,Café Molina,Café,Formel,Route Aïn Smen طريق عين السمن,34.0121743,-5.0261447,icons/cafe.png,OSM
Fès,Café L'heure du café,Café,Formel,Route Aïn Smen طريق عين السمن,34.0131063,-5.024419,icons/cafe.png,OSM
Fès,Café Cap de l'Eau,Café,Formel,Rue lalla soukaina,34.018021,-5.027401,icons/cafe.png,OSM
Fès,Café El Fath,Café,Formel,HAY Griyou Zouagha Haute,34.0160772,-5.0306968,icons/cafe.png,OSM
Fès,Café Roma,Café,Formel,AV Sanabil Zouagha Haute,34.0225493,-5.036128,icons/cafe.png,OSM
Fès,Café,Café,Formel,HAY Jdid Zouagha Haute,34.0171063,-5.0349499,icons/cafe.png,OSM
Fès,adil grillade,Restaurant,Formel,adil grillade,34.0389317,-5.0003359,icons/restaurant.png,OSM
Fès,patisserie l espoir مخبزة الامل,Boutique de confiserie,Informel,patisserie l espoir مخبزة الامل,34.0597662,-5.0341143,icons/confectionery.png,OSM
Fès,Made in M,Restaurant,Formel,"Rue Talaâ Kbira الطالعة الكبيرة, Fes Médina",34.0632822,-4.9817285,icons/restaurant.png,OSM
Fès,Cattefour Market Route Sefrou,Supérette / Mini-market,Formel,Fès,34.030025,-4.9931128,icons/convenience.png,OSM
Fès,Carrefour,Supermarché,Formel,Fès,34.0460568,-4.9945148,icons/supermarket.png,OSM
Fès,Le kiosk,Restaurant,Formel,Le kiosk,34.0354057,-5.0101733,icons/restaurant.png,OSM
Fès,Ben Yamna,Restaurant,Formel,Ben Yamna,34.0668767,-4.9715665,icons/restaurant.png,OSM
Fès,El Forno,Restaurant,Formel,El Forno,34.0633479,-4.9817679,icons/restaurant.png,OSM
Fès,Restaurant sans nom,Restaurant,Formel,Restaurant sans nom,34.0644121,-4.9790433,icons/restaurant.png,OSM
Fès,Café up doun,Café,Formel,Café up doun,34.037353,-5.0224,icons/cafe.png,OSM
Fès,Café ISEO,Café,Formel,Café ISEO,34.0379758,-5.02241,icons/cafe.png,OSM
Fès,Café Al jadawil,Café,Formel,Café Al jadawil,34.0381323,-5.0224023,icons/cafe.png,OSM
Fès,Nacho mama,Restaurant,Formel,Nacho mama,34.0643429,-4.9794083,icons/restaurant.png,OSM
Fès,Le Peroke Cafe Restaurant,Restaurant,Formel,"derb Agoual sefli Rue Talâa Saghira, Fes Médina",34.0617289,-4.981042,icons/restaurant.png,OSM
Fès,مقهى بلير,Café,Formel,Avenue Omar Ibn Al Khattab شارع عمر ابن الخطاب,34.0374107,-5.0134117,icons/cafe.png,OSM
Fès,Restaurante muy bueno.,Restaurant,Formel,Restaurante muy bueno.,33.9652301,-5.0319336,icons/restaurant.png,OSM
Fès,Le Coin des Artistes,Restaurant,Formel,"32, Rue Isisco, Place de la Casbah, Derb Mernissi, Fès",34.060956,-4.9832393,icons/restaurant.png,OSM
Fès,Café Maamoura Salon de té,Café,Formel,Place Batha,34.06011,-4.9817591,icons/cafe.png,OSM
Fès,Café AFAF,Café,Formel,Avenue Batha,34.0595771,-4.9818023,icons/cafe.png,OSM
Fès,Snack primo,Restaurant,Formel,Snack primo,34.0541281,-4.9897069,icons/restaurant.png,OSM
Fès,Café sans nom,Café,Formel,Café sans nom,34.0595526,-4.9818371,icons/cafe.png,OSM
Fès,Encanto,Café,Formel,Encanto,34.0605221,-4.98183,icons/cafe.png,OSM
Fès,Berrada Family Restaurant,Restaurant,Formel,Berrada Family Restaurant,34.066292,-4.9748846,icons/restaurant.png,OSM
Fès,Café Abdollah,Café,Formel,Café Abdollah,34.0635284,-4.9781422,icons/cafe.png,OSM
Fès,Restaurant sans nom,Restaurant,Formel,Restaurant sans nom,34.0593446,-4.9802428,icons/restaurant.png,OSM
Fès,Café la famille,Café,Formel,Café la famille,34.0254978,-5.0441779,icons/cafe.png,OSM
Fès,Ben Lemlih,Restaurant,Formel,Ben Lemlih,34.0624935,-4.982647,icons/restaurant.png,OSM
Fès,Restaurant sans nom,Restaurant,Formel,Restaurant sans nom,34.0632933,-4.9730327,icons/restaurant.png,OSM
Fès,Mécafé,Restaurant,Formel,Place R'cif ساحة الرصيف,34.0622009,-4.9726314,icons/restaurant.png,OSM
Fès,Supermarché sans nom,Supermarché,Formel,Rue Oussama Bnou Zayd,34.0416535,-5.0108509,icons/supermarket.png,OSM
Fès,Supermarché sans nom,Supermarché,Formel,Supermarché sans nom,33.9541588,-4.994138,icons/supermarket.png,OSM
Fès,Restaurant sans nom,Restaurant,Formel,Avenue Mahmoud Al Aqqad,34.0273598,-5.0127925,icons/restaurant.png,OSM
Fès,Restaurant sans nom,Restaurant,Formel,Restaurant sans nom,34.063412,-4.9787354,icons/restaurant.png,OSM
Fès,Pizza Hut Ain Chkef,Restaurant,Formel,Pizza Hut Ain Chkef,34.0009688,-5.0114691,icons/restaurant.png,OSM
Fès,Restaurant sans nom,Restaurant,Formel,Restaurant sans nom,34.0651623,-4.9772703,icons/restaurant.png,OSM
Fès,Cheap local shawerma,Restaurant,Formel,Cheap local shawerma,34.0624103,-4.976862,icons/restaurant.png,OSM
Fès,Restaurant sans nom,Restaurant,Formel,Restaurant sans nom,34.0631407,-4.9720958,icons/restaurant.png,OSM
Fès,Restaurant sans nom,Restaurant,Formel,Restaurant sans nom,34.0624004,-4.9726498,icons/restaurant.png,OSM
Fès,Dar Tresor,Restaurant,Formel,Dar Tresor,34.0580855,-4.9770973,icons/restaurant.png,OSM
Fès,Restaurant sans nom,Restaurant,Formel,Restaurant sans nom,34.0606898,-4.9733499,icons/restaurant.png,OSM
Fès,Al Oud,Restaurant,Formel,Rue Talaâ Kbira الطالعة الكبيرة,34.0633692,-4.9817541,icons/restaurant.png,OSM
Fès,Veggie Pause,Restaurant,Formel,"Rue El Barid, Fes Médina",34.0612723,-4.9829266,icons/restaurant.png,OSM
Fès,Classico,Café,Formel,Classico,34.0650004,-4.9776223,icons/cafe.png,OSM
Fès,مقهى الإدريسي,Café,Formel,مقهى الإدريسي,34.0154108,-5.046685,icons/cafe.png,OSM
Fès,Restaurant sans nom,Restaurant,Formel,Boulevard Ahmed Ben Mohamed,34.0603512,-4.9725261,icons/restaurant.png,OSM
Fès,Restaurant sans nom,Restaurant,Formel,Restaurant sans nom,34.053889,-4.9888917,icons/restaurant.png,OSM
Fès,Supermarché sans nom,Supermarché,Formel,Supermarché sans nom,34.0538789,-4.9888428,icons/supermarket.png,OSM
Fès,Café sans nom,Café,Formel,Café sans nom,34.0539423,-4.9888872,icons/cafe.png,OSM
Fès,Restaurant sans nom,Restaurant,Formel,Restaurant sans nom,34.0619235,-4.9728781,icons/restaurant.png,OSM
Fès,Restaurant sans nom,Restaurant,Formel,Restaurant sans nom,34.0602482,-4.9725665,icons/restaurant.png,OSM
Fès,restaurant hanafi,Restaurant,Formel,restaurant hanafi,34.0621301,-4.9830908,icons/restaurant.png,OSM
Fès,Fezvacationtours,Restaurant,Formel,Dhar richa,34.0704816,-4.9832938,icons/restaurant.png,OSM
Fès,Pharmacie Riad Chafi صيدلية رياض الشافي,Parapharmacie,Formel,"Avenue Naoual, Fès",34.0164626,-4.9599062,icons/pharmacy.png,OSM
Fès,Café Smile,Café,Formel,Café Smile,34.0632123,-4.9818682,icons/cafe.png,OSM
Fès,VOSS CAFE,Restaurant,Formel,"Rue 15, Fès",34.0040878,-5.0160571,icons/restaurant.png,OSM
Fès,allostore,Supermarché,Formel,"حي الأمال باب سيفر فاس, Fès",34.0698119,-5.008803,icons/supermarket.png,OSM
Fès,Café sans nom,Café,Formel,Café sans nom,34.0023219,-5.0120621,icons/cafe.png,OSM
Fès,Café du jour,Café,Formel,Café du jour,34.0227201,-5.0402496,icons/cafe.png,OSM
Fès,Milano,Café,Formel,fez,34.0328407,-5.0438722,icons/cafe.png,OSM
Fès,Café sans nom,Café,Formel,Café sans nom,34.0262405,-5.0420029,icons/cafe.png,OSM
Fès,Pharmacie Asmae صيدلية أسماء,Parapharmacie,Formel,"Avenue Rachad, Fès",34.0136448,-4.9752165,icons/pharmacy.png,OSM
Fès,Pharmacie du Lido صيدلية الليدو,Parapharmacie,Formel,"Route des Champs شارع الجولان, Fès",34.0331265,-4.9904057,icons/pharmacy.png,OSM
Fès,Pharmacie Saada صيدلية السعادة,Parapharmacie,Formel,"HAY SAADA RTE AIN CHQEF, Fès",34.0256245,-5.0048828,icons/pharmacy.png,OSM
Fès,Pharmacie Gharnata صيدلية غرناطة,Parapharmacie,Formel,Fès,34.0357569,-5.0287686,icons/pharmacy.png,OSM
Fès,Pharmacie Berrada صيدلية برادة,Parapharmacie,Formel,Fès,34.0591521,-5.0138627,icons/pharmacy.png,OSM
Fès,Pharmacie Averroès صيدلية ابن رشد,Parapharmacie,Formel,"Ibn Hajar, Fès",34.0433492,-5.0091946,icons/pharmacy.png,OSM
Fès,Pharmacie Attouraya صيدلية الثريا,Parapharmacie,Formel,Fès ⴼⴰⵙ فاس,34.0695594,-4.9955712,icons/pharmacy.png,OSM
Fès,Pharmacie Hay Belkhayat صيدلية حي بلخياط,Parapharmacie,Formel,Fès,34.0686025,-5.001806,icons/pharmacy.png,OSM
Fès,Pharmacie Al Mamalik صيدلية الممالك,Parapharmacie,Formel,Fès,34.0658698,-4.9968004,icons/pharmacy.png,OSM
Fès,Pharmacie le Remède صيدلية الدواء,Parapharmacie,Formel,Fès ⴼⴰⵙ فاس,34.0588845,-5.0111457,icons/pharmacy.png,OSM
Fès,Pharmacie Ain Kadouss صيدلية عين قادوس,Parapharmacie,Formel,Fès,34.0598898,-5.008256,icons/pharmacy.png,OSM
Fès,Pharmacie Benkirane صيدلية بنكيران,Parapharmacie,Formel,Fès,34.0596226,-5.0169477,icons/pharmacy.png,OSM
Fès,Pharmacie El Ghazi صيدلية الغازي,Parapharmacie,Formel,Fès,34.0567516,-5.0152941,icons/pharmacy.png,OSM
Fès,Pharmacie Jbel Tghat صيدلية جبل ثغات,Parapharmacie,Formel,Fès,34.0577633,-5.0212595,icons/pharmacy.png,OSM
Fès,Pharmacie Faiza صيدلية فايزة,Parapharmacie,Formel,Fès فاس,34.0566911,-5.0303904,icons/pharmacy.png,OSM
Fès,Pharmacie Salah صيدلية صلاح,Parapharmacie,Formel,Fès,34.0554449,-5.0256744,icons/pharmacy.png,OSM
Fès,Pharmacie Reda صيدلية رضا,Parapharmacie,Formel,Fès,34.0571553,-5.0267418,icons/pharmacy.png,OSM
Fès,Pharmacie Al Imane صيدلية الإيمان,Parapharmacie,Formel,Fès,34.0523514,-5.0344778,icons/pharmacy.png,OSM
Fès,Pharmacie Al Falah صيدلية الفلاح,Parapharmacie,Formel,Fès فاس,34.0550044,-5.0287002,icons/pharmacy.png,OSM
Fès,Pharmacie Ain Haroun صيدلية عين هارون,Parapharmacie,Formel,Fès,34.066531,-5.0073181,icons/pharmacy.png,OSM
Fès,Pharmacie Ibn Al Khatib صيدلية بن الخطيب,Parapharmacie,Formel,Fès,34.0665259,-5.0035026,icons/pharmacy.png,OSM
Fès,Pharmacie Agadir صيدلية أكادير,Parapharmacie,Formel,Fès,34.063744,-5.009789,icons/pharmacy.png,OSM
Fès,Pharmacie Saida صيدلية سعيدة,Parapharmacie,Formel,Fès,34.0651564,-5.0162463,icons/pharmacy.png,OSM
Fès,Pharmacie Es-Salam صيدلية السلام,Parapharmacie,Formel,"Avenue Oqba Ben Nafia, Fès",34.0610614,-5.0123122,icons/pharmacy.png,OSM
Fès,Pharmacie Ibn Sina صيدلية ابن سينا,Parapharmacie,Formel,Fès,34.0634415,-5.0054342,icons/pharmacy.png,OSM
Fès,Pharmacie Dayaa صيدلية الضيعة,Parapharmacie,Formel,Fès,34.0627967,-5.0181666,icons/pharmacy.png,OSM
Fès,Pharmacie Hay Laalou صيدلية حي لعلو,Parapharmacie,Formel,Fès,34.0651138,-5.0121204,icons/pharmacy.png,OSM
Fès,Pharmacie Al Imam Malik صيدلية الإمام مالك,Parapharmacie,Formel,Fès,34.0622255,-5.0215687,icons/pharmacy.png,OSM
Fès,Pharmacie Al Marwa صيدلية المروى,Parapharmacie,Formel,Fès,34.0602017,-5.0285858,icons/pharmacy.png,OSM
Fès,Pharmacie Al Hilal صيدلية الهلال,Parapharmacie,Formel,Fès ⴼⴰⵙ فاس,34.0611772,-5.0330511,icons/pharmacy.png,OSM
Fès,Pharmacie Soundous صيدلية السندس,Parapharmacie,Formel,Fès,34.0593037,-5.0364883,icons/pharmacy.png,OSM
Fès,Pharmacie El Boukhari صيدلية البخاري,Parapharmacie,Formel,Fès,34.0567425,-5.0352601,icons/pharmacy.png,OSM
Fès,Pharmacie Mounia صيدلية مونية,Parapharmacie,Formel,Fès ⴼⴰⵙ فاس,34.058589,-5.0397344,icons/pharmacy.png,OSM
Fès,Pharmacie Youssef Ben Tachafine صيدلية يوسف تاشفين,Parapharmacie,Formel,Fès,34.0549853,-5.0415456,icons/pharmacy.png,OSM
Fès,Pharmacie Lhoumadi صيدلية لحومادي,Parapharmacie,Formel,Fès,34.0511596,-5.0393854,icons/pharmacy.png,OSM
Fès,Pharmacie Maalal صيدلية معلال,Parapharmacie,Formel,Fès ⴼⴰⵙ فاس,34.0531852,-5.0380269,icons/pharmacy.png,OSM
Fès,Pharmacie Hasnaoui صيدلية الحسناوي,Parapharmacie,Formel,Fès ⴼⴰⵙ فاس,34.0587131,-5.0454574,icons/pharmacy.png,OSM
Fès,Pharmacie Dr Obtel صيدلية د.أوبتيل,Parapharmacie,Formel,Fès ⴼⴰⵙ فاس,34.05283,-5.048599,icons/pharmacy.png,OSM
Fès,Pharmacie El Mountazah صيدلية المنتزه,Parapharmacie,Formel,Fès,34.0558711,-5.0446871,icons/pharmacy.png,OSM
Fès,Pharmacie Nasma صيدلية نسمة,Parapharmacie,Formel,Fès ⴼⴰⵙ فاس,34.0453606,-4.9541227,icons/pharmacy.png,OSM
Fès,Pharmacie Al Hanae صيدلية الهناء,Parapharmacie,Formel,Fès,34.0488103,-4.9606574,icons/pharmacy.png,OSM
Fès,Pharmacie Bled Tahiriyine صيدلية بلاد الطاهريين,Parapharmacie,Formel,Fès,34.0474135,-4.9562404,icons/pharmacy.png,OSM
Fès,Pharmacie Al Makkiya صيدلية المكية,Parapharmacie,Formel,Fès,34.0507379,-4.9572886,icons/pharmacy.png,OSM
Fès,Pharmacie Driss صيدلية إدريس,Parapharmacie,Formel,Fès,34.0501087,-4.9644643,icons/pharmacy.png,OSM
Fès,Pharmacie Wisslane صيدلية ويسلان,Parapharmacie,Formel,Fès,34.0581225,-4.9520117,icons/pharmacy.png,OSM
Fès,Pharmacie El Louizatt صيدلية اللويزات,Parapharmacie,Formel,Fès,34.0593227,-4.9564327,icons/pharmacy.png,OSM
Fès,Pharmacie M'sella صيدلية المصلى,Parapharmacie,Formel,Fès,34.0524925,-4.9608524,icons/pharmacy.png,OSM
Fès,Pharmacie la Ménara صيدلية المنارة,Parapharmacie,Formel,Fès,34.0142987,-4.9681185,icons/pharmacy.png,OSM
Fès,Pharmacie Kamal صيدلية كمال,Parapharmacie,Formel,Fès,34.0571051,-4.9544992,icons/pharmacy.png,OSM
Fès,Pharmacie Al Walidin صيدلية الوالدين,Parapharmacie,Formel,Fès ⴼⴰⵙ فاس,34.0611174,-4.93784,icons/pharmacy.png,OSM
Fès,Pharmacie Saguia Lhamra صيدلية الساقية الحمراء,Parapharmacie,Formel,Fès,34.0182531,-4.9723992,icons/pharmacy.png,OSM
Fès,Pharmacie Aouinat El Hajjaj صيدلية عوينات الحجاج,Parapharmacie,Formel,Fès ⴼⴰⵙ فاس,34.0200745,-4.967283,icons/pharmacy.png,OSM
Fès,Pharmacie El Alj صيدلية العلج,Parapharmacie,Formel,Fès ⴼⴰⵙ فاس,34.0199568,-4.9679916,icons/pharmacy.png,OSM
Fès,Pharmacie Alae Arrahman صيدلية الرحمان,Parapharmacie,Formel,Fès ⴼⴰⵙ فاس,34.0178391,-4.9630909,icons/pharmacy.png,OSM
Fès,Pharmacie Moulay Abdellah صيدلية مولاي عبد الله,Parapharmacie,Formel,"Avenue Derb Moulay Abdellah, Fès ⴼⴰⵙ فاس",34.0571831,-4.9933334,icons/pharmacy.png,OSM
Fès,Pharmacie Bab Fès صيدلية باب فاس,Parapharmacie,Formel,Fès ⴼⴰⵙ فاس,34.0611947,-4.9418139,icons/pharmacy.png,OSM
Fès,Pharmacie Moulay M'Barek صيدلية مولاي مبارك,Parapharmacie,Formel,Fès,34.0639385,-4.9543363,icons/pharmacy.png,OSM
Fès,Pharmacie Ain Nokbi صيدلية عين النقبي,Parapharmacie,Formel,Fès,34.0617846,-4.9526825,icons/pharmacy.png,OSM
Fès,Pharmacie El Kobba صيدلية القبة,Parapharmacie,Formel,Fès,34.0644193,-4.9527481,icons/pharmacy.png,OSM
Fès,Pharmacie Jnane Kadiri صيدلية جنان القادري,Parapharmacie,Formel,Fès ⴼⴰⵙ فاس,34.067096,-4.955399,icons/pharmacy.png,OSM
Fès,Pharmacie Al Andalous صيدلية الأندلس,Parapharmacie,Formel,"Boulevard des Merinides, Fès ⴼⴰⵙ فاس",34.0704308,-4.966285,icons/pharmacy.png,OSM
Fès,Pharmacie Jnan Mekouar صيدلية جنان مكوار,Parapharmacie,Formel,Fès ⴼⴰⵙ فاس,34.0718486,-4.96295,icons/pharmacy.png,OSM
Fès,Pharmacie Fatima Al Fihriya صيدلية فاطمة الفهرية,Parapharmacie,Formel,Fès,34.0560754,-4.9741905,icons/pharmacy.png,OSM
Fès,Pharmacie Zkak Lahjar صيدلية زقاق الحجر,Parapharmacie,Formel,Fès,34.0633697,-4.9777072,icons/pharmacy.png,OSM
Fès,Pharmacie Bab El Guissa صيدلية باب عجيسة,Parapharmacie,Formel,Fès,34.068623,-4.9757032,icons/pharmacy.png,OSM
Fès,Pharmacie Oued Zhoun صيدلية واد الزحون,Parapharmacie,Formel,Fès ⴼⴰⵙ فاس,34.0685381,-4.9706313,icons/pharmacy.png,OSM
Fès,Pharmacie Zarouk صيدلية زروق,Parapharmacie,Formel,Fès ⴼⴰⵙ فاس,34.0707225,-4.9689367,icons/pharmacy.png,OSM
Fès,Pharmacie Hanane صيدلية حنان,Parapharmacie,Formel,Fès ⴼⴰⵙ فاس,34.0667619,-4.9635254,icons/pharmacy.png,OSM
Fès,Pharmacie Jnan Drader صيدلية جنان الدرادر,Parapharmacie,Formel,Fès ⴼⴰⵙ فاس,34.0673755,-4.9698138,icons/pharmacy.png,OSM
Fès,Pharmacie Sidi Boujida صيدلية سيدي بوجيدة,Parapharmacie,Formel,Fès ⴼⴰⵙ فاس,34.0667762,-4.9669479,icons/pharmacy.png,OSM
Fès,Pharmacie Ibn Battouta صيدلية بن بطوطة,Parapharmacie,Formel,Fès ⴼⴰⵙ فاس,34.0656218,-4.9624823,icons/pharmacy.png,OSM
Fès,Pharmacie Al Anouar صيدلية الأنوار,Parapharmacie,Formel,Fès ⴼⴰⵙ فاس,34.0637703,-4.9664302,icons/pharmacy.png,OSM
Fès,Pharmacie Bab El Hamraa صيدلية باب الحمراء,Parapharmacie,Formel,Fès,34.0605946,-4.9688505,icons/pharmacy.png,OSM
Fès,Pharmacie Lagzira صيدلية الجزيرة,Parapharmacie,Formel,Fès,34.0620445,-4.9716214,icons/pharmacy.png,OSM
Fès,Pharmacie Tadlaoui صيدلية التدلاوي,Parapharmacie,Formel,Fès,34.0541841,-5.0183917,icons/pharmacy.png,OSM
Fès,Pharmacie Bouramana صيدلية بورمانة,Parapharmacie,Formel,"Rue Khalid Ibn Walid, Fès",34.0225701,-4.9940671,icons/pharmacy.png,OSM
Fès,Pharmacie de Paris صيدلية باريس,Parapharmacie,Formel,Fès,34.0103805,-4.9858207,icons/pharmacy.png,OSM
Fès,Pharmacie Ibn Taymiya صيدلية بن تيمية,Parapharmacie,Formel,"Rocade Sud, Fès ⴼⴰⵙ فاس",33.9902509,-4.9908913,icons/pharmacy.png,OSM
Fès,Pharmacie Slaoui صيدلية السلاوي,Parapharmacie,Formel,Fès,33.9979001,-4.9846357,icons/pharmacy.png,OSM
Fès,Pharmacie Meliani صيدلية ملياني,Parapharmacie,Formel,Fès ⴼⴰⵙ فاس,33.9871216,-4.986228,icons/pharmacy.png,OSM
Fès,Pharmacie Mouldwa صيدلية مولدوا,Parapharmacie,Formel,"Lots Sabaté 1 Zouhour, Fès ⴼⴰⵙ فاس",33.9841552,-4.9860443,icons/pharmacy.png,OSM
Fès,Pharmacie El Kadiri صيدلية القادري,Parapharmacie,Formel,Fès ⴼⴰⵙ فاس,33.9921687,-4.9878437,icons/pharmacy.png,OSM
Fès,Pharmacie Arrayhane صيدلية الريحان,Parapharmacie,Formel,Fès,33.9945831,-4.970386,icons/pharmacy.png,OSM
Fès,Pharmacie Almaz صيدلية ألماز,Parapharmacie,Formel,Fès ⴼⴰⵙ فاس,33.9905847,-4.977379,icons/pharmacy.png,OSM
Fès,Pharmacie l'Humanité صيدلية الإنسانية,Parapharmacie,Formel,Fès,33.9782135,-5.0264176,icons/pharmacy.png,OSM
Fès,Pharmacie Faculté Echariaa صيدلية كلية الشريعة,Parapharmacie,Formel,Fès,33.9984657,-4.9750457,icons/pharmacy.png,OSM
Fès,Pharmacie Jardins El Badie صيدلية حدائق البديع,Parapharmacie,Formel,Fès ⴼⴰⵙ فاس,33.9861055,-5.0122274,icons/pharmacy.png,OSM
Fès,Pharmacie Diamant de Fès صيدلية جوهرة فاس,Parapharmacie,Formel,Fès ⴼⴰⵙ فاس,33.9943582,-4.9666565,icons/pharmacy.png,OSM
Fès,Pharmacie Route Sidi Hrazem صيدلية طريق سيدي حرازم,Parapharmacie,Formel,Fès ⴼⴰⵙ فاس,34.010757,-4.9558975,icons/pharmacy.png,OSM
Fès,Pharmacie Menzeh Saïss صيدلية منزه سايس,Parapharmacie,Formel,Fès ⴼⴰⵙ فاس,34.0075084,-4.9541278,icons/pharmacy.png,OSM
Fès,Pharmacie Guard صيدلية كارد,Parapharmacie,Formel,Fès ⴼⴰⵙ فاس,34.0112352,-4.9739285,icons/pharmacy.png,OSM
Fès,Pharmacie Ibno Tachefine صيدلية ابن تاشفين,Parapharmacie,Formel,"Rue Taiwan, Fès ⴼⴰⵙ فاس",34.0117766,-4.9722125,icons/pharmacy.png,OSM
Fès,Pharmacie Essania صيدلية السانية,Parapharmacie,Formel,Fès فاس,34.0098741,-4.9609846,icons/pharmacy.png,OSM
Fès,Pharmacie Bel Air صيدلية بلير,Parapharmacie,Formel,Fès ⴼⴰⵙ فاس,34.0126429,-4.9607711,icons/pharmacy.png,OSM
Fès,Pharmacie Ryad Saiss صيدلية رياض سايس,Parapharmacie,Formel,Fès ⴼⴰⵙ فاس,34.0145582,-4.9616357,icons/pharmacy.png,OSM
Fès,Pharmacie Hay Riyad صيدلية حي الرياض,Parapharmacie,Formel,Fès ⴼⴰⵙ فاس,34.0192846,-4.9605092,icons/pharmacy.png,OSM
Fès,Pharmacie El Otmani صيدلية العثماني,Parapharmacie,Formel,Fès ⴼⴰⵙ فاس,34.0229583,-4.9649338,icons/pharmacy.png,OSM
Fès,Pharmacie de l'Université صيدلية الجامعة,Parapharmacie,Formel,"Avenue Ibn Khatib زنقة شفشاون, Fès",34.033483,-4.9859151,icons/pharmacy.png,OSM
Fès,Pharmacie Al Alia صيدلية العالية,Parapharmacie,Formel,"Boulevard Abu Houriya, Fès",34.0139018,-5.0059757,icons/pharmacy.png,OSM
Fès,Pharmacie Masjid Arreda صيدلية مسجد الرضى,Parapharmacie,Formel,Fès,34.002482,-4.9982576,icons/pharmacy.png,OSM
Fès,Pharmacie des 3 Sources صيدلية المنابع الثلاث,Parapharmacie,Formel,Fès,33.9967109,-4.9940193,icons/pharmacy.png,OSM
Fès,Pharmacie Jamai صيدلية الجامعي,Parapharmacie,Formel,Fès,33.9952552,-5.003872,icons/pharmacy.png,OSM
Fès,Pharmacie Rachidia 3 صيدلية الراشدية,Parapharmacie,Formel,Fès,34.0123275,-5.0141604,icons/pharmacy.png,OSM
Fès,Pharmacie Al Alaoui صيدلية العلوي,Parapharmacie,Formel,Fès ⴼⴰⵙ فاس,33.9918236,-5.0052984,icons/pharmacy.png,OSM
Fès,Pharmacie Riad El Yassamine صيدلية رياض الياسمين,Parapharmacie,Formel,Fès,33.9947174,-5.0112751,icons/pharmacy.png,OSM
Fès,Pharmacie Steven صيدلية ستيفن,Parapharmacie,Formel,فاس,34.0258203,-5.0095409,icons/pharmacy.png,OSM
Fès,Pharmacie Technologie صيدلية التكنولوجيا,Parapharmacie,Formel,Fès,34.0077585,-5.0138875,icons/pharmacy.png,OSM
Fès,Pharmacie Socrate صيدلية سقراط,Parapharmacie,Formel,Fès,34.0039944,-5.0171304,icons/pharmacy.png,OSM
Fès,Pharmacie Zahraoui صيدلية الزهراوي,Parapharmacie,Formel,Fès,34.001512,-5.0153503,icons/pharmacy.png,OSM
Fès,Pharmacie Al Madina صيدلية المدينة,Parapharmacie,Formel,Fès,34.0032877,-5.0111208,icons/pharmacy.png,OSM
Fès,Pharmacie Borj Ennakhil صيدلية برج النخيل,Parapharmacie,Formel,Fès,33.99852,-5.0160907,icons/pharmacy.png,OSM
Fès,Pharmacie Zineb صيدلية زينب,Parapharmacie,Formel,Fès,33.9948475,-5.0175189,icons/pharmacy.png,OSM
Fès,Pharmacie Ahel Fès صيدلية أهل فاس,Parapharmacie,Formel,Fès ⴼⴰⵙ فاس,33.9877828,-5.0407775,icons/pharmacy.png,OSM
Fès,Pharmacie California صيدلية كاليفورنيا,Parapharmacie,Formel,Fès ⴼⴰⵙ فاس,33.9925945,-5.0205935,icons/pharmacy.png,OSM
Fès,Pharmacie El Aziza صيدلية العزيزة,Parapharmacie,Formel,Fès ⴼⴰⵙ فاس,33.9938707,-5.0313473,icons/pharmacy.png,OSM
Fès,Pharmacie Rihab صيدلية رحاب,Parapharmacie,Formel,Fès,34.0360636,-5.0051466,icons/pharmacy.png,OSM
Fès,Pharmacie Bennouna صيدلية بنونة,Parapharmacie,Formel,Fès,34.0233152,-5.0237243,icons/pharmacy.png,OSM
Fès,Pharmacie Aida صيدلية عايدة,Parapharmacie,Formel,Fès,34.0390484,-5.0183225,icons/pharmacy.png,OSM
Fès,Pharmacie Ghrissi صيدلية غريسي,Parapharmacie,Formel,Fès,34.0161109,-5.0713247,icons/pharmacy.png,OSM
Fès,Pharmacie Al Jawaher صيدلية الجواهر,Parapharmacie,Formel,Fès ⴼⴰⵙ فاس,34.0342938,-5.0613538,icons/pharmacy.png,OSM
Fès,Pharmacie Route Ras Lma صيدلية طريق راس الما,Parapharmacie,Formel,Fès ⴼⴰⵙ فاس,34.0128948,-5.069146,icons/pharmacy.png,OSM
Fès,Pharmacie Zahir صيدلية زاهر,Parapharmacie,Formel,Fès ⴼⴰⵙ فاس,34.021658,-5.0579744,icons/pharmacy.png,OSM
Fès,Pharmacie Aicha صيدلية عائشة,Parapharmacie,Formel,Fès,34.0111367,-5.0650531,icons/pharmacy.png,OSM
Fès,Pharmacie Ghita صيدلية غيثة,Parapharmacie,Formel,Fès,34.0120727,-5.0617496,icons/pharmacy.png,OSM
Fès,Pharmacie Khawarizmi صيدلية الخوارزمي,Parapharmacie,Formel,Fès ⴼⴰⵙ فاس,34.0146727,-5.0618088,icons/pharmacy.png,OSM
Fès,Pharmacie Assafae صيدلية الصفاء,Parapharmacie,Formel,Fès ⴼⴰⵙ فاس,33.9918935,-5.0656429,icons/pharmacy.png,OSM
Fès,Pharmacie Dalia صيدلية الدالية,Parapharmacie,Formel,Fès ⴼⴰⵙ فاس,33.9932207,-5.0520318,icons/pharmacy.png,OSM
Fès,Pharmacie Wisslane صيدلية ويسلان,Parapharmacie,Formel,Fès,34.0168098,-5.0494146,icons/pharmacy.png,OSM
Fès,Pharmacie des Champs صيدلية الحقول,Parapharmacie,Formel,Fès,34.0361253,-5.0345556,icons/pharmacy.png,OSM
Fès,Pharmacie Moussaoui صيدلية موساوي,Parapharmacie,Formel,Fès,34.0414705,-5.048577,icons/pharmacy.png,OSM
Fès,Pharmacie Al Omnia صيدلية الأمنية,Parapharmacie,Formel,Fès,34.0272369,-5.0520034,icons/pharmacy.png,OSM
Fès,Pharmacie Paraconfiance صيدلية باراكونفيونس,Parapharmacie,Formel,Fès,34.0226454,-5.0489759,icons/pharmacy.png,OSM
Fès,Pharmacie Nellia صيدلية نيليا,Parapharmacie,Formel,Fès,34.0144488,-5.0362829,icons/pharmacy.png,OSM
Fès,Pharmacie Belmhani صيدلية بلمهاني,Parapharmacie,Formel,Fès ⴼⴰⵙ فاس,34.0523606,-4.9924017,icons/pharmacy.png,OSM
Fès,Pharmacie Tajmouati صيدلية تجموعتي,Parapharmacie,Formel,Fès,34.0117048,-5.0070681,icons/pharmacy.png,OSM
Fès,Pharmacie El Borj صيدلية البرج,Parapharmacie,Formel,Fés,34.0686958,-4.9857424,icons/pharmacy.png,OSM
Fès,Pharmacie Hay Benslimane صيدلية حي بنسليمان,Parapharmacie,Formel,Fès,34.0696287,-4.9864241,icons/pharmacy.png,OSM
Fès,Pharmacie de Fès صيدلية فاس,Parapharmacie,Formel,Fès,34.06438,-5.0110997,icons/pharmacy.png,OSM
Fès,Pharmacie Ouandou صيدلية واندو,Parapharmacie,Formel,"Avenue Youssef Ben Tachefine, Fès فاس",34.0572905,-5.0314442,icons/pharmacy.png,OSM
Fès,Pharmacie Ziat صيدلية الزيات,Parapharmacie,Formel,Fès,34.0585728,-4.9791927,icons/pharmacy.png,OSM
Fès,Snack Chinwi,Restaurant,Formel,Snack Chinwi,34.0209008,-5.0024148,icons/restaurant.png,OSM
Fès,Mom's Touch,Restaurant,Formel,Mom's Touch,34.0624068,-4.9825509,icons/restaurant.png,OSM
Fès,ɜadil mol lahrira bab bojloul,Restaurant,Formel,ɜadil mol lahrira bab bojloul,34.0616842,-4.9832924,icons/restaurant.png,OSM
Fès,Medina Cafe,Restaurant,Formel,Medina Cafe,34.0617889,-4.9842735,icons/restaurant.png,OSM
Fès,Laglali,Restaurant,Formel,Laglali,34.0616866,-4.983585,icons/restaurant.png,OSM
Fès,Pharmacie Nationale,Parapharmacie,Formel,Pharmacie Nationale,34.0626035,-4.9795049,icons/pharmacy.png,OSM
Fès,Kassr Annoujoum - Ducci Foundation,Restaurant,Formel,Rue Zrbtana,34.061574,-4.9802995,icons/restaurant.png,OSM
Fès,Restaurant sans nom,Restaurant,Formel,Restaurant sans nom,34.0422024,-4.9986797,icons/restaurant.png,OSM
Fès,Riad Nejjarine,Restaurant,Formel,Riad Nejjarine,34.0665633,-4.9747267,icons/restaurant.png,OSM
Fès,Cafe Tifinar,Café,Formel,Cafe Tifinar,34.0612117,-4.9836473,icons/cafe.png,OSM
Fès,Bonbons Bab Al-Madaniya Atef حلويا ت باب المدنية ءاطف,Restaurant,Formel,Bonbons Bab Al-Madaniya Atef حلويا ت باب المدنية ءاطف,34.0628957,-4.9788483,icons/restaurant.png,OSM
Fès,Café Place Happy,Café,Formel,Café Place Happy,34.0146221,-4.9664884,icons/cafe.png,OSM
Fès,Elhaqouni Grill,Restaurant,Formel,Elhaqouni Grill,34.0032439,-5.0137487,icons/restaurant.png,OSM
Fès,Le patio bleu,Restaurant,Formel,Le patio bleu,34.0635399,-4.9743245,icons/restaurant.png,OSM
Fès,Épicerie sans nom,Épicerie,Informel,Épicerie sans nom,34.0629393,-4.9821875,icons/greengrocer.png,OSM
Fès,Garden Coffee,Restaurant,Formel,Garden Coffee,34.0599367,-4.9879766,icons/restaurant.png,OSM
Fès,Dar Hatim,Restaurant,Formel,Dar Hatim,34.0673793,-4.9738478,icons/restaurant.png,OSM
Fès,Al Mandar,Restaurant,Formel,Al Mandar,34.0599458,-4.9723676,icons/restaurant.png,OSM
Fès,Fondouk Bazaar,Restaurant,Formel,Rue Talaâ Kbira الطالعة الكبيرة,34.0655656,-4.980453,icons/restaurant.png,OSM
Fès,Fondouk Bazaar,Restaurant,Formel,Fondouk Bazaar,34.0643529,-4.9795588,icons/restaurant.png,OSM
Fès,Restaurant sans nom,Restaurant,Formel,Boulevard Ahmed Mekouar,34.0593478,-4.980289,icons/restaurant.png,OSM
Fès,Restaurant sans nom,Restaurant,Formel,Restaurant sans nom,34.0594008,-4.979006,icons/restaurant.png,OSM
Fès,Restaurant sans nom,Restaurant,Formel,Derb Mokri,34.0580743,-4.9770698,icons/restaurant.png,OSM
Fès,Two Brothers Restaurant,Restaurant,Formel,Two Brothers Restaurant,34.0282307,-4.9985789,icons/restaurant.png,OSM
Fès,Palais Lahlou,Restaurant,Formel,Palais Lahlou,34.0650997,-4.9770402,icons/restaurant.png,OSM
Fès,Restaurant sans nom,Restaurant,Formel,Restaurant sans nom,34.0611993,-4.9827447,icons/restaurant.png,OSM
Fès,Bamboo Kitchen,Café,Formel,Bamboo Kitchen,34.0614855,-4.9840685,icons/cafe.png,OSM
Fès,Restaurant sans nom,Restaurant,Formel,"zkak lN 14 ZKAK LAHJAR, Rue Talaa Sghira, Fès 30110",34.0633922,-4.9782156,icons/restaurant.png,OSM
Fès,Café sans nom,Café,Formel,Café sans nom,34.0611583,-4.9835878,icons/cafe.png,OSM
Fès,Sweet Time,Restaurant,Formel,"Route Aïn Chkef طريق عين شقف, Fès",34.0016913,-5.0127272,icons/restaurant.png,OSM
Fès,Nghma wa tay,Restaurant,Formel,Nghma wa tay,34.0623021,-4.9800313,icons/restaurant.png,OSM
Fès,Salah restaurant,Restaurant,Formel,Salah restaurant,34.0664188,-4.975036,icons/restaurant.png,OSM
Fès,Restaurant dar khabya,Restaurant,Formel,Rue Talâa Saghira,34.0643994,-4.9766949,icons/restaurant.png,OSM
Fès,Bistrot des saveurs,Restaurant,Formel,Bistrot des saveurs,34.0355211,-5.0014096,icons/restaurant.png,OSM
Fès,Café sans nom,Café,Formel,Café sans nom,34.0471455,-5.0055206,icons/cafe.png,OSM
Fès,Restaurant des Jeunes,Restaurant,Formel,Restaurant des Jeunes,34.0617508,-4.9838357,icons/restaurant.png,OSM
Fès,Café Paris,Café,Formel,Café Paris,34.064149,-4.9632065,icons/cafe.png,OSM
Fès,La Palma,Café,Formel,La Palma,34.061778,-4.9839287,icons/cafe.png,OSM
Fès,Cafe FM,Café,Formel,Cafe FM,34.0632749,-4.9661013,icons/cafe.png,OSM
Fès,Alimentation Générale,Supérette / Mini-market,Formel,Alimentation Générale,34.0615405,-4.9839927,icons/convenience.png,OSM
Fès,Snack,Restaurant,Formel,Snack,34.0617736,-4.9834767,icons/restaurant.png,OSM
Fès,Restaurant sans nom,Restaurant,Formel,Restaurant sans nom,34.0617943,-4.9836541,icons/restaurant.png,OSM
Fès,Kan Zamane,Restaurant,Formel,Kan Zamane,34.0616002,-4.9834853,icons/restaurant.png,OSM
Fès,Fnara,Restaurant,Formel,Fnara,34.0641189,-4.9784331,icons/restaurant.png,OSM
Fès,Blue Gate,Café,Formel,Blue Gate,34.062076,-4.9816124,icons/cafe.png,OSM
Fès,Nassmat Bladi,Restaurant,Formel,Nassmat Bladi,34.0627906,-4.9790416,icons/restaurant.png,OSM
Fès,La Cave,Restaurant,Formel,La Cave,34.0643908,-4.9785584,icons/restaurant.png,OSM
Fès,Boujloud,Restaurant,Formel,Boujloud,34.0628804,-4.9822492,icons/restaurant.png,OSM
Fès,Café sans nom,Café,Formel,Café sans nom,34.0634627,-4.9745476,icons/cafe.png,OSM
Fès,Mouda palace,Restaurant,Formel,Mouda palace,34.0618097,-4.9809868,icons/restaurant.png,OSM
Fès,Pharmacie Nour,Parapharmacie,Formel,Pharmacie Nour,34.0529333,-4.9921724,icons/pharmacy.png,OSM
Fès,Café sans nom,Café,Formel,Café sans nom,34.0673649,-4.9727861,icons/cafe.png,OSM
Fès,Adam,Café,Formel,Adam,34.0671248,-4.9735044,icons/cafe.png,OSM
Fès,Café sans nom,Café,Formel,Café sans nom,34.0648565,-4.9780294,icons/cafe.png,OSM
Fès,Disney,Restaurant,Formel,"Rue El Barid, Fès ⴼⴰⵙ فاس",34.0614773,-4.9830426,icons/restaurant.png,OSM
Fès,Café sans nom,Café,Formel,Café sans nom,34.0090508,-4.9666349,icons/cafe.png,OSM
Fès,Café sans nom,Café,Formel,Café sans nom,34.0029137,-4.9745341,icons/cafe.png,OSM
Fès,سناك حي لالة سكينة,Restaurant,Formel,سناك حي لالة سكينة,34.0188806,-5.0260471,icons/restaurant.png,OSM
Fès,Supérette / Mini-market sans nom,Supérette / Mini-market,Formel,Supérette / Mini-market sans nom,34.0579493,-4.9738447,icons/convenience.png,OSM
Fès,Café Bruxelle,Café,Formel,Café Bruxelle,34.0088932,-4.9775446,icons/cafe.png,OSM
Fès,Café Nevada,Café,Formel,Café Nevada,34.0107609,-4.9797015,icons/cafe.png,OSM
Fès,Café al aahde el jadid,Café,Formel,Café al aahde el jadid,34.0116028,-4.9803655,icons/cafe.png,OSM
Fès,متجر المواد الغذائية الريف,Supermarché,Formel,متجر المواد الغذائية الريف,34.0117687,-4.9804759,icons/supermarket.png,OSM
Fès,Mawan,Café,Formel,Mawan,33.9676028,-4.9984072,icons/cafe.png,OSM
Fès,Restaurant sans nom,Restaurant,Formel,Restaurant sans nom,34.0621207,-4.9850819,icons/restaurant.png,OSM
Fès,Broceliande,Restaurant,Formel,"Rue El Barid, Fes Médina",34.0611878,-4.9828558,icons/restaurant.png,OSM
Fès,Yalla Yalla Cafe,Restaurant,Formel,Yalla Yalla Cafe,34.0599086,-4.9723291,icons/restaurant.png,OSM
Fès,Sunshine Restaurant Coffee,Restaurant,Formel,Sunshine Restaurant Coffee,34.0628761,-4.9818581,icons/restaurant.png,OSM
Fès,Restaurant sans nom,Restaurant,Formel,Restaurant sans nom,34.0089496,-4.9805282,icons/restaurant.png,OSM
Fès,Restaurant sans nom,Restaurant,Formel,Restaurant sans nom,34.0089698,-4.9805218,icons/restaurant.png,OSM
Fès,Restaurant sans nom,Restaurant,Formel,Avenue Beyrouth,34.0089488,-4.9804907,icons/restaurant.png,OSM
Fès,Abdullah Thé & Café,Café,Formel,Abdullah Thé & Café,34.0643372,-4.9721294,icons/cafe.png,OSM
Fès,Restaurant Palais Al firdaous,Restaurant,Formel,Restaurant Palais Al firdaous,34.06972,-4.9745092,icons/restaurant.png,OSM
Fès,Les Remparts De Fès,Restaurant,Formel,Les Remparts De Fès,34.0692484,-4.9737543,icons/restaurant.png,OSM
Fès,Café Terrasse Panoramique,Café,Formel,Café Terrasse Panoramique,34.0686787,-4.9726903,icons/cafe.png,OSM
Fès,Café l’île verte,Café,Formel,Café l’île verte,34.0708753,-4.9693831,icons/cafe.png,OSM
Fès,مقهى ماشاء الله,Café,Formel,مقهى ماشاء الله,34.071061,-4.9688777,icons/cafe.png,OSM
Fès,Pharmacie ROUTE AIN CHKEF,Parapharmacie,Formel,"lot Riad yassamine, Fes",33.9976267,-5.011974,icons/pharmacy.png,OSM
Fès,"Snack Flamingo, 29 Mar Rcif",Restaurant,Formel,"Snack Flamingo, 29 Mar Rcif",34.0619771,-4.9730632,icons/restaurant.png,OSM
Fès,Barbecue Alarbi Fes,Restaurant,Formel,Barbecue Alarbi Fes,34.0619173,-4.983784,icons/restaurant.png,OSM
Fès,La Morille Dar Diafa,Restaurant,Formel,Rue Ahmed Chaouki,34.0327472,-5.0055526,icons/restaurant.png,OSM
Fès,Wedji resto,Restaurant,Formel,Wedji resto,34.0652542,-4.9769826,icons/restaurant.png,OSM
Fès,Bomo Coffee,Café,Formel,"34.004917, -5.001516, fes",34.0049731,-5.0013975,icons/cafe.png,OSM
Fès,Acima,Supermarché,Formel,Acima,34.0111048,-4.9808043,icons/supermarket.png,OSM
Fès,Marjane مرجان,Supermarché,Formel,Fès,34.0494586,-5.0357233,icons/supermarket.png,OSM
Fès,Épicerie sans nom,Épicerie,Informel,Épicerie sans nom,34.0618225,-4.9854472,icons/greengrocer.png,OSM
Fès,Acima,Supermarché,Formel,FEZ,34.0297305,-5.0108078,icons/supermarket.png,OSM
Fès,Atacadão,Supermarché,Formel,fez,34.0224142,-5.0524333,icons/supermarket.png,OSM
Fès,Souk Al Bahij,Épicerie,Informel,Souk Al Bahij,34.0204532,-5.0084615,icons/greengrocer.png,OSM
Fès,Café sans nom,Café,Formel,Café sans nom,34.0390784,-5.0226945,icons/cafe.png,OSM
Fès,Supérette / Mini-market sans nom,Supérette / Mini-market,Formel,Supérette / Mini-market sans nom,34.039248,-5.0223521,icons/convenience.png,OSM
Fès,Café La villa,Café,Formel,177 boulvard bahnini hay riad fes,34.0260698,-5.0140438,icons/cafe.png,OSM
Fès,Épicerie sans nom,Épicerie,Informel,Épicerie sans nom,34.0636386,-4.9743658,icons/greengrocer.png,OSM
Fès,Marché Central,Épicerie,Informel,Fès,34.0393998,-4.998342,icons/greengrocer.png,OSM
Fès,Souika de Zouagha سوق الخضار,Épicerie,Informel,فاس,34.0161374,-5.0363394,icons/greengrocer.png,OSM
Fès,Épicerie sans nom,Épicerie,Informel,Épicerie sans nom,34.0191046,-5.0132561,icons/greengrocer.png,OSM
Fès,Épicerie sans nom,Épicerie,Informel,Épicerie sans nom,34.0343828,-5.0246959,icons/greengrocer.png,OSM
Fès,Épicerie sans nom,Épicerie,Informel,Épicerie sans nom,34.0343796,-5.0248385,icons/greengrocer.png,OSM
Fès,Kiosque sans nom,Kiosque,Informel,Kiosque sans nom,34.0356189,-5.0117173,icons/kiosk.png,OSM
Fès,Kiosque sans nom,Kiosque,Informel,Kiosque sans nom,34.0354345,-5.0116425,icons/kiosk.png,OSM
Fès,Kiosque sans nom,Kiosque,Informel,Kiosque sans nom,34.0344097,-5.0118928,icons/kiosk.png,OSM
Fès,Kiosque sans nom,Kiosque,Informel,Kiosque sans nom,34.0354066,-5.0101725,icons/kiosk.png,OSM
Fès,Épicerie sans nom,Épicerie,Informel,Épicerie sans nom,34.0543006,-4.9896209,icons/greengrocer.png,OSM
Fès,Épicerie sans nom,Épicerie,Informel,Épicerie sans nom,34.0618857,-4.9838631,icons/greengrocer.png,OSM
Fès,Épicerie sans nom,Épicerie,Informel,Épicerie sans nom,34.0621169,-4.9849552,icons/greengrocer.png,OSM
Fès,Épicerie sans nom,Épicerie,Informel,Épicerie sans nom,34.0569583,-4.9906724,icons/greengrocer.png,OSM
Fès,Épicerie sans nom,Épicerie,Informel,Épicerie sans nom,34.0645788,-4.9741513,icons/greengrocer.png,OSM
Fès,Second hand - renovation items,Épicerie,Informel,Second hand - renovation items,34.0661305,-4.9800539,icons/greengrocer.png,OSM
Fès,Épicerie sans nom,Épicerie,Informel,Épicerie sans nom,34.0649861,-4.9743372,icons/greengrocer.png,OSM
Fès,Épicerie sans nom,Épicerie,Informel,Épicerie sans nom,34.061863,-4.9732333,icons/greengrocer.png,OSM
Fès,Supermarché sans nom,Supermarché,Formel,Supermarché sans nom,34.0220811,-4.9975981,icons/supermarket.png,OSM
Fès,Supérette / Mini-market sans nom,Supérette / Mini-market,Formel,P5006,34.0017833,-4.9748419,icons/convenience.png,OSM
Fès,Darori Resto,Restaurant,Formel,"Derb Sayour, R'cif, Fez Medina",34.0625817,-4.9737294,icons/restaurant.png,OSM
Fès,Épicerie sans nom,Épicerie,Informel,Épicerie sans nom,34.0559553,-4.9889935,icons/greengrocer.png,OSM
Fès,Épicerie sans nom,Épicerie,Informel,Épicerie sans nom,34.0545161,-4.9897929,icons/greengrocer.png,OSM
Fès,Épicerie sans nom,Épicerie,Informel,Épicerie sans nom,34.054746,-4.9899008,icons/greengrocer.png,OSM
Fès,Épicerie sans nom,Épicerie,Informel,Épicerie sans nom,34.0545408,-4.9885456,icons/greengrocer.png,OSM
Fès,Épicerie sans nom,Épicerie,Informel,Épicerie sans nom,34.0622529,-4.9836254,icons/greengrocer.png,OSM
Fès,Épicerie sans nom,Épicerie,Informel,Épicerie sans nom,34.0635434,-4.9817387,icons/greengrocer.png,OSM
Fès,Épicerie sans nom,Épicerie,Informel,Épicerie sans nom,34.0645116,-4.9796066,icons/greengrocer.png,OSM
Fès,Épicerie sans nom,Épicerie,Informel,Épicerie sans nom,34.0654983,-4.9795464,icons/greengrocer.png,OSM
Fès,Épicerie sans nom,Épicerie,Informel,Épicerie sans nom,34.0652991,-4.9768273,icons/greengrocer.png,OSM
Fès,Épicerie sans nom,Épicerie,Informel,Épicerie sans nom,34.0636824,-4.9734093,icons/greengrocer.png,OSM
Fès,Épicerie sans nom,Épicerie,Informel,Épicerie sans nom,34.0637447,-4.9738208,icons/greengrocer.png,OSM
Fès,Épicerie sans nom,Épicerie,Informel,Épicerie sans nom,34.0658929,-4.9733028,icons/greengrocer.png,OSM
Fès,Épicerie sans nom,Épicerie,Informel,Épicerie sans nom,34.0658095,-4.9719491,icons/greengrocer.png,OSM
Fès,Épicerie sans nom,Épicerie,Informel,Épicerie sans nom,34.0655676,-4.9713188,icons/greengrocer.png,OSM
Fès,Épicerie sans nom,Épicerie,Informel,Épicerie sans nom,34.0648168,-4.9713003,icons/greengrocer.png,OSM
Fès,Épicerie sans nom,Épicerie,Informel,Épicerie sans nom,34.0645514,-4.9715663,icons/greengrocer.png,OSM
Fès,Épicerie sans nom,Épicerie,Informel,Épicerie sans nom,34.0641968,-4.9723146,icons/greengrocer.png,OSM
Fès,Épicerie sans nom,Épicerie,Informel,Épicerie sans nom,34.0634902,-4.9717019,icons/greengrocer.png,OSM
Fès,Épicerie sans nom,Épicerie,Informel,Épicerie sans nom,34.0631917,-4.9718779,icons/greengrocer.png,OSM
Fès,Épicerie sans nom,Épicerie,Informel,Épicerie sans nom,34.0634107,-4.9722582,icons/greengrocer.png,OSM
Fès,LaVilla,Boulangerie,Formel,LaVilla,33.9887623,-5.0136613,icons/bakery.png,OSM
Fès,Épicerie sans nom,Épicerie,Informel,Épicerie sans nom,34.0648955,-4.9727718,icons/greengrocer.png,OSM
Fès,sheep skin tannery,Épicerie,Informel,sheep skin tannery,34.0645502,-4.97983,icons/greengrocer.png,OSM
Fès,Fondouk Tazi,Épicerie,Informel,Fondouk Tazi,34.0640965,-4.9801507,icons/greengrocer.png,OSM
Fès,Épicerie sans nom,Épicerie,Informel,Épicerie sans nom,34.0651874,-4.9749913,icons/greengrocer.png,OSM
Fès,Riad,Épicerie,Informel,Riad,34.0555746,-4.9900183,icons/greengrocer.png,OSM
Fès,Qaat Smen,Épicerie,Informel,Qaat Smen,34.0642389,-4.980516,icons/greengrocer.png,OSM
Fès,Kessaria Sarrajine,Épicerie,Informel,Kessaria Sarrajine,34.0618345,-4.9834195,icons/greengrocer.png,OSM
Fès,Épicerie sans nom,Épicerie,Informel,Épicerie sans nom,34.06505,-4.9728406,icons/greengrocer.png,OSM
Fès,Épicerie sans nom,Épicerie,Informel,Épicerie sans nom,34.0648781,-4.9805761,icons/greengrocer.png,OSM
Hay Hassani,ATP Market 1,Supermarché,Formel,"Rue 1, Casablanca",33.573,-7.62,icons/supermarket.png,ATP
Maarif,ATP Epicerie 2,Épicerie,Informel,"Rue 2, Casablanca",33.58,-7.63,icons/greengrocer.png,ATP
Maarif,ATP Café 3,Café,Formel,"Rue 3, Casablanca",33.59,-7.64,icons/cafe.png,ATP
