Zone,Nom,Catégorie,Statut,Adresse,Latitude,Longitude,Image,Source
Drâa-Tafilalet,Marché Couvert,Épicerie,Informel,Marché Couvert,30.9228889,-6.9200954,icons/greengrocer.png,OSM
Drâa-Tafilalet,La Petite Gorge,Café,Formel,La Petite Gorge,31.5748382,-5.5834365,icons/cafe.png,OSM
Drâa-Tafilalet,La Kasbah,Restaurant,Formel,La Kasbah,30.9208891,-6.8998854,icons/restaurant.png,OSM
Drâa-Tafilalet,Hôtel Restaurant Kasbah Asmaa,Restaurant,Formel,Hôtel Restaurant Kasbah Asmaa,30.3194888,-5.8304608,icons/restaurant.png,OSM
Drâa-Tafilalet,Chez Dimitri,Restaurant,Formel,Av. Mohamed V,30.9205559,-6.9152618,icons/restaurant.png,OSM
Drâa-Tafilalet,Supermarché,Supermarché,Formel,Supermarché,30.9202087,-6.9153371,icons/supermarket.png,OSM
Drâa-Tafilalet,Restaurant sans nom,Restaurant,Formel,Restaurant sans nom,31.6816034,-5.5330784,icons/restaurant.png,OSM
Drâa-Tafilalet,Berbère de la Montagne,Restaurant,Formel,Berbère de la Montagne,31.557878,-5.9095123,icons/restaurant.png,OSM
Drâa-Tafilalet,Café sans nom,Café,Formel,Café sans nom,31.4339018,-4.2315039,icons/cafe.png,OSM
Drâa-Tafilalet,Café sans nom,Café,Formel,Café sans nom,31.1952903,-6.168784,icons/cafe.png,OSM
Drâa-Tafilalet,Parapharmacie sans nom,Parapharmacie,Formel,Parapharmacie sans nom,31.6962689,-5.8169484,icons/pharmacy.png,OSM
Drâa-Tafilalet,Pharmacie du Maroc صيدلية المغرب,Parapharmacie,Formel,"Avenue Mohamed V شارع الحسن الثاني, Tinghir",31.5063276,-5.5392384,icons/pharmacy.png,OSM
Drâa-Tafilalet,Café sans nom,Café,Formel,Café sans nom,31.508106,-5.5391008,icons/cafe.png,OSM
Drâa-Tafilalet,Restaurant sans nom,Restaurant,Formel,Restaurant sans nom,31.510647,-5.5384669,icons/restaurant.png,OSM
Drâa-Tafilalet,El Korbat,Restaurant,Formel,El Korbat,31.4943871,-5.0855336,icons/restaurant.png,OSM
Drâa-Tafilalet,Supérette / Mini-market sans nom,Supérette / Mini-market,Formel,Supérette / Mini-market sans nom,30.326629,-5.8391371,icons/convenience.png,OSM
Drâa-Tafilalet,Supérette / Mini-market sans nom,Supérette / Mini-market,Formel,Supérette / Mini-market sans nom,30.1237365,-6.8814808,icons/convenience.png,OSM
Drâa-Tafilalet,Supérette / Mini-market sans nom,Supérette / Mini-market,Formel,Supérette / Mini-market sans nom,30.0859008,-6.873738,icons/convenience.png,OSM
Drâa-Tafilalet,Restaurant Chegaga,Restaurant,Formel,Restaurant Chegaga,30.086317,-6.873883,icons/restaurant.png,OSM
Drâa-Tafilalet,Restaurant sans nom,Restaurant,Formel,Restaurant sans nom,30.9208586,-6.9143152,icons/restaurant.png,OSM
Drâa-Tafilalet,Le Soleil,Restaurant,Formel,Le Soleil,31.5477657,-5.589631,icons/restaurant.png,OSM
Drâa-Tafilalet,La Kasba,Restaurant,Formel,La Kasba,31.5232499,-5.5295443,icons/restaurant.png,OSM
Drâa-Tafilalet,"Café Restaurant ""La Source Bleue de Meski""",Restaurant,Formel,"Café Restaurant ""La Source Bleue de Meski""",31.8568625,-4.2836239,icons/restaurant.png,OSM
Drâa-Tafilalet,Cafe Restaurant Valle de Ziz,Restaurant,Formel,Cafe Restaurant Valle de Ziz,31.7903196,-4.239105,icons/restaurant.png,OSM
Drâa-Tafilalet,Supérette / Mini-market sans nom,Supérette / Mini-market,Formel,Supérette / Mini-market sans nom,31.2839447,-4.2652537,icons/convenience.png,OSM
Drâa-Tafilalet,Anwar,Café,Formel,Anwar,31.112526,-5.1721639,icons/cafe.png,OSM
Drâa-Tafilalet,Restaurant du Pont,Café,Formel,Restaurant du Pont,31.1953041,-6.1699752,icons/cafe.png,OSM
Drâa-Tafilalet,Hotel Le Vieux Chateau du Dades,Restaurant,Formel,Route R704,31.5233381,-5.9278167,icons/restaurant.png,OSM
Drâa-Tafilalet,Kasbah Omari,Restaurant,Formel,Kasbah Omari,31.5312377,-5.5523321,icons/restaurant.png,OSM
Drâa-Tafilalet,Cafe Snack Restaurant Atlanta,Restaurant,Formel,Cafe Snack Restaurant Atlanta,31.9291236,-4.4273999,icons/restaurant.png,OSM
Drâa-Tafilalet,"Gite ""Dans La Palmeraie""",Restaurant,Formel,"Gite ""Dans La Palmeraie""",31.7517625,-4.1968042,icons/restaurant.png,OSM
Drâa-Tafilalet,Cafe Restaurant Karla مقهى ومطعم كارلا,Restaurant,Formel,Cafe Restaurant Karla مقهى ومطعم كارلا,31.4816423,-4.2170416,icons/restaurant.png,OSM
Drâa-Tafilalet,Atlas Berbere,Restaurant,Formel,Atlas Berbere,31.5231062,-5.9279514,icons/restaurant.png,OSM
Drâa-Tafilalet,Café Touroug,Restaurant,Formel,Café Touroug,31.576459,-4.7394169,icons/restaurant.png,OSM
Drâa-Tafilalet,Cafe Crémerie Amagha,Café,Formel,Cafe Crémerie Amagha,31.5504254,-4.8987178,icons/cafe.png,OSM
Drâa-Tafilalet,Pharmacie Al Chifae صيدلية الشفاء,Parapharmacie,Formel,قصر ملعب,31.5453453,-4.852728,icons/pharmacy.png,OSM
Drâa-Tafilalet,Cafe Restaurant Riad,Restaurant,Formel,"Route N10, Tinejdad",31.5098234,-5.0313106,icons/restaurant.png,OSM
Drâa-Tafilalet,Terrasse Ferila,Restaurant,Formel,"Route N10, Tinejdad",31.5096082,-5.0321022,icons/restaurant.png,OSM
Drâa-Tafilalet,Cafe Restaurant Itran,Restaurant,Formel,"Route N10, Tinejdad",31.494789,-5.0972612,icons/restaurant.png,OSM
Drâa-Tafilalet,Cafe Restaurant Tizmoutine,Restaurant,Formel,Cafe Restaurant Tizmoutine,31.4549,-5.3599601,icons/restaurant.png,OSM
Drâa-Tafilalet,Zakar Charif,Restaurant,Formel,Zakar Charif,31.55779,-5.5805356,icons/restaurant.png,OSM
Drâa-Tafilalet,Atlas,Restaurant,Formel,Atlas,31.5531647,-5.5850104,icons/restaurant.png,OSM
Drâa-Tafilalet,La Source du Dades,Restaurant,Formel,La Source du Dades,31.552595,-5.907519,icons/restaurant.png,OSM
Drâa-Tafilalet,Kasbah des Roches,Restaurant,Formel,Kasbah des Roches,31.5500739,-5.9096413,icons/restaurant.png,OSM
Drâa-Tafilalet,Bleu Afriqua,Restaurant,Formel,Bleu Afriqua,31.5301953,-5.9250925,icons/restaurant.png,OSM
Drâa-Tafilalet,Taghya,Restaurant,Formel,Taghya,31.550098,-5.9101471,icons/restaurant.png,OSM
Drâa-Tafilalet,Kasbah de Lucas,Restaurant,Formel,Kasbah de Lucas,31.538476,-5.9193904,icons/restaurant.png,OSM
Drâa-Tafilalet,La Gazelle du Dades,Restaurant,Formel,La Gazelle du Dades,31.5206441,-5.9300728,icons/restaurant.png,OSM
Drâa-Tafilalet,Tissa Drine,Restaurant,Formel,Tissa Drine,31.5214844,-5.9296,icons/restaurant.png,OSM
Drâa-Tafilalet,Auberge Chez Pierrette & Moha,Restaurant,Formel,Auberge Chez Pierrette & Moha,31.5155794,-5.9331229,icons/restaurant.png,OSM
Drâa-Tafilalet,Kasbah de la Valleé,Restaurant,Formel,Kasbah de la Valleé,31.5210362,-5.929812,icons/restaurant.png,OSM
Drâa-Tafilalet,Timzzillite,Restaurant,Formel,Timzzillite,31.5296761,-5.9252327,icons/restaurant.png,OSM
Drâa-Tafilalet,Les 5 Lunes,Restaurant,Formel,Les 5 Lunes,31.4952419,-5.950299,icons/restaurant.png,OSM
Drâa-Tafilalet,Pharmacie Kelaa M'Gouna صيدلية قلعة مكونة,Parapharmacie,Formel,Kalaat M'Gouna ⵜⵉⵖⵔⵎⵜ ⵏ ⵉⵎⴳⵓⵏⵏ قلعة مغونة,31.2378612,-6.1281695,icons/pharmacy.png,OSM
Drâa-Tafilalet,Kasbah Dar Diafa,Restaurant,Formel,Kasbah Dar Diafa,31.2291924,-6.1387119,icons/restaurant.png,OSM
Drâa-Tafilalet,Pharmacie Al Fadilia صيدلية الفاضلية,Parapharmacie,Formel,"Avenue Mohamed V, Ouarzazate",30.9271763,-6.8896044,icons/pharmacy.png,OSM
Drâa-Tafilalet,Cae Mehdi,Café,Formel,Cae Mehdi,30.9205964,-6.91449,icons/cafe.png,OSM
Drâa-Tafilalet,Pharmacie Centrale الصيدلية المركزية,Parapharmacie,Formel,"Boulevard Mohammed V شارع محمد الخامس, ouarzazate",30.9201487,-6.9164236,icons/pharmacy.png,OSM
Drâa-Tafilalet,Restaurant sans nom,Restaurant,Formel,Restaurant sans nom,30.9390178,-6.9784532,icons/restaurant.png,OSM
Drâa-Tafilalet,الهمة,Café,Formel,Avenue Moulay Ettahar Bed Abdulkarim,30.9266423,-6.9284717,icons/cafe.png,OSM
Drâa-Tafilalet,Café sans nom,Café,Formel,Café sans nom,30.9270639,-6.9285728,icons/cafe.png,OSM
Drâa-Tafilalet,Café sans nom,Café,Formel,Café sans nom,30.9269656,-6.9268216,icons/cafe.png,OSM
Drâa-Tafilalet,Supérette / Mini-market sans nom,Supérette / Mini-market,Formel,Supérette / Mini-market sans nom,31.5147692,-5.5381015,icons/convenience.png,OSM
Drâa-Tafilalet,Mriya,Restaurant,Formel,Mriya,31.5432627,-5.567713,icons/restaurant.png,OSM
Drâa-Tafilalet,Oueb Eddahab,Café,Formel,Oueb Eddahab,31.5162934,-5.015309,icons/cafe.png,OSM
Drâa-Tafilalet,Lunch,Restaurant,Formel,Lunch,31.4335402,-4.2316433,icons/restaurant.png,OSM
Drâa-Tafilalet,Restaurant sans nom,Restaurant,Formel,Restaurant sans nom,31.0313309,-4.0054336,icons/restaurant.png,OSM
Drâa-Tafilalet,Restaurant sans nom,Restaurant,Formel,Restaurant sans nom,31.2903016,-4.2523508,icons/restaurant.png,OSM
Drâa-Tafilalet,Des Dunes,Restaurant,Formel,Av. Moulay Ismil,31.4422726,-4.2303192,icons/restaurant.png,OSM
Drâa-Tafilalet,Restaurant sans nom,Restaurant,Formel,Restaurant sans nom,31.6284336,-4.2022392,icons/restaurant.png,OSM
Drâa-Tafilalet,El Mabrouk,Restaurant,Formel,El Mabrouk,31.5297783,-5.5464634,icons/restaurant.png,OSM
Drâa-Tafilalet,Etoile des Gorges,Café,Formel,Etoile des Gorges,31.5832459,-5.5911998,icons/cafe.png,OSM
Drâa-Tafilalet,La Source Des Poissons Sacres,Restaurant,Formel,La Source Des Poissons Sacres,31.5544462,-5.5853331,icons/restaurant.png,OSM
Drâa-Tafilalet,Boulangerie sans nom,Boulangerie,Formel,Boulangerie sans nom,30.2628023,-5.6792698,icons/bakery.png,OSM
Drâa-Tafilalet,Souk السوق,Supermarché,Formel,Souk السوق,30.441989,-5.8952572,icons/supermarket.png,OSM
Drâa-Tafilalet,Kiosque sans nom,Kiosque,Informel,Kiosque sans nom,31.3916911,-6.7930479,icons/kiosk.png,OSM
Drâa-Tafilalet,Marche,Épicerie,Informel,Marche,30.6934209,-6.4475746,icons/greengrocer.png,OSM
Drâa-Tafilalet,Marché,Supermarché,Formel,Marché,30.3291937,-5.8386523,icons/supermarket.png,OSM
Drâa-Tafilalet,Marché hebdomadaire Boumalne,Épicerie,Informel,Marché hebdomadaire Boumalne,31.367771,-5.9681122,icons/greengrocer.png,OSM
Drâa-Tafilalet,Restaurant sans nom,Restaurant,Formel,Restaurant sans nom,31.0436469,-6.5757925,icons/restaurant.png,OSM
Drâa-Tafilalet,Raha,Restaurant,Formel,Raha,31.1315281,-6.3360781,icons/restaurant.png,OSM
Drâa-Tafilalet,Restaurant sans nom,Restaurant,Formel,Restaurant sans nom,31.1903232,-6.2209005,icons/restaurant.png,OSM
Drâa-Tafilalet,Café Trotsgros,Café,Formel,Café Trotsgros,31.1947206,-6.188976,icons/cafe.png,OSM
Drâa-Tafilalet,Restaurant sans nom,Restaurant,Formel,Restaurant sans nom,31.1968758,-6.2037451,icons/restaurant.png,OSM
Drâa-Tafilalet,Restaurant sans nom,Restaurant,Formel,Restaurant sans nom,31.1970391,-6.1933257,icons/restaurant.png,OSM
Drâa-Tafilalet,Rabab Bazaar,Épicerie,Informel,Rabab Bazaar,30.9202155,-6.9151677,icons/greengrocer.png,OSM
Drâa-Tafilalet,Tayri Cafe,Café,Formel,Tayri Cafe,31.7459698,-5.7998576,icons/cafe.png,OSM
Drâa-Tafilalet,Supérette / Mini-market sans nom,Supérette / Mini-market,Formel,Supérette / Mini-market sans nom,31.1399702,-4.02538,icons/convenience.png,OSM
Drâa-Tafilalet,Authentik Skoura - Les Bassatines,Restaurant,Formel,Boumahchad,31.1006913,-6.5977476,icons/restaurant.png,OSM
Drâa-Tafilalet,Amellal,Café,Formel,Amellal,31.4959457,-5.0928103,icons/cafe.png,OSM
Drâa-Tafilalet,Biladi,Café,Formel,Biladi,31.5092188,-5.0332655,icons/cafe.png,OSM
Drâa-Tafilalet,Chez Michele,Restaurant,Formel,Chez Michele,31.5260355,-5.5316622,icons/restaurant.png,OSM
Drâa-Tafilalet,El Massira,Café,Formel,El Massira,31.5073134,-5.0385129,icons/cafe.png,OSM
Drâa-Tafilalet,Fatima-Frederic,Restaurant,Formel,Fatima-Frederic,31.5049912,-5.046613,icons/restaurant.png,OSM
Drâa-Tafilalet,Imilchl إملشيل,Café,Formel,Imilchl إملشيل,31.5014668,-5.0590231,icons/cafe.png,OSM
Drâa-Tafilalet,Kasbah Dar Bassou,Restaurant,Formel,"Avenue Bir Anzarane, Tinghir",31.5155987,-5.5338376,icons/restaurant.png,OSM
Drâa-Tafilalet,Kasba,Restaurant,Formel,Kasba,31.5236395,-5.5294705,icons/restaurant.png,OSM
Drâa-Tafilalet,Café sans nom,Café,Formel,Café sans nom,31.4573183,-5.369577,icons/cafe.png,OSM
Drâa-Tafilalet,Supérette / Mini-market sans nom,Supérette / Mini-market,Formel,Supérette / Mini-market sans nom,31.4774565,-5.4162571,icons/convenience.png,OSM
Drâa-Tafilalet,Reda,Restaurant,Formel,Reda,31.4999427,-5.0689526,icons/restaurant.png,OSM
Drâa-Tafilalet,Tinejdad,Café,Formel,Tinejdad,31.5092517,-5.0331344,icons/cafe.png,OSM
Drâa-Tafilalet,Akabar,Café,Formel,Akabar,30.9192179,-6.9058061,icons/cafe.png,OSM
Drâa-Tafilalet,Cae Tamda,Café,Formel,Cae Tamda,30.9205647,-6.9147655,icons/cafe.png,OSM
Drâa-Tafilalet,Cuisine divers,Café,Formel,Cuisine divers,30.9217287,-6.9137328,icons/cafe.png,OSM
Drâa-Tafilalet,Des Habouss,Boulangerie,Formel,Des Habouss,30.9216307,-6.9142782,icons/bakery.png,OSM
Drâa-Tafilalet,El Mouahidine,Café,Formel,El Mouahidine,30.9217193,-6.913877,icons/cafe.png,OSM
Drâa-Tafilalet,Galas Café Restaurant,Restaurant,Formel,Galas Café Restaurant,30.9203624,-6.9122477,icons/restaurant.png,OSM
Drâa-Tafilalet,Hotel Royal,Restaurant,Formel,Hotel Royal,30.9205559,-6.915109,icons/restaurant.png,OSM
Drâa-Tafilalet,La Fibule,Restaurant,Formel,La Fibule,30.9205167,-6.915521,icons/restaurant.png,OSM
Drâa-Tafilalet,Restaurant sans nom,Restaurant,Formel,Restaurant sans nom,30.9204648,-6.9158711,icons/restaurant.png,OSM
Drâa-Tafilalet,Salon de The Habous,Restaurant,Formel,Salon de The Habous,30.9217074,-6.9141709,icons/restaurant.png,OSM
Drâa-Tafilalet,Snack El Hassania,Restaurant,Formel,Snack El Hassania,30.9209871,-6.9154439,icons/restaurant.png,OSM
Drâa-Tafilalet,Douyria,Restaurant,Formel,Douyria,30.9215656,-6.8977781,icons/restaurant.png,OSM
Drâa-Tafilalet,Esapce,Restaurant,Formel,Esapce,30.9282228,-6.8895546,icons/restaurant.png,OSM
Drâa-Tafilalet,Fint,Restaurant,Formel,Fint,30.9212176,-6.8985128,icons/restaurant.png,OSM
Drâa-Tafilalet,Le Petit Gourmand,Restaurant,Formel,Le Petit Gourmand,30.9237008,-6.8962618,icons/restaurant.png,OSM
Drâa-Tafilalet,draa,Restaurant,Formel,draa,31.0589552,-6.5565479,icons/restaurant.png,OSM
Drâa-Tafilalet,Restaurant sans nom,Restaurant,Formel,Restaurant sans nom,30.4416188,-5.8962634,icons/restaurant.png,OSM
Drâa-Tafilalet,Supérette / Mini-market sans nom,Supérette / Mini-market,Formel,Supérette / Mini-market sans nom,30.4430554,-5.9003489,icons/convenience.png,OSM
Drâa-Tafilalet,Ait El Haj,Restaurant,Formel,Ait El Haj,31.6581343,-6.4209765,icons/restaurant.png,OSM
Drâa-Tafilalet,Marché hebdomadaire السوق الاسبوعي,Épicerie,Informel,Marché hebdomadaire السوق الاسبوعي,31.6595338,-6.4188871,icons/greengrocer.png,OSM
Drâa-Tafilalet,El Baraka,Restaurant,Formel,El Baraka,31.0583863,-6.5575338,icons/restaurant.png,OSM
Drâa-Tafilalet,Al Manadir,Restaurant,Formel,Al Manadir,31.2282642,-6.1401249,icons/restaurant.png,OSM
Drâa-Tafilalet,Amardoul,Restaurant,Formel,Amardoul,31.3908437,-6.1200321,icons/restaurant.png,OSM
Drâa-Tafilalet,Cafe Restaurant Du Marche,Restaurant,Formel,Cafe Restaurant Du Marche,31.238995,-6.1281308,icons/restaurant.png,OSM
Drâa-Tafilalet,Café Echaraf,Café,Formel,Café Echaraf,31.1985808,-6.1749673,icons/cafe.png,OSM
Drâa-Tafilalet,Café Expresso,Café,Formel,Café Expresso,31.190765,-6.2175453,icons/cafe.png,OSM
Drâa-Tafilalet,Café Massinissa,Café,Formel,Café Massinissa,31.1939061,-6.1861962,icons/cafe.png,OSM
Drâa-Tafilalet,Drogurie Sani Carrelage,Parapharmacie,Formel,Drogurie Sani Carrelage,31.2366189,-6.1306635,icons/pharmacy.png,OSM
Drâa-Tafilalet,El Amal,Restaurant,Formel,El Amal,31.2366977,-6.1305506,icons/restaurant.png,OSM
Drâa-Tafilalet,Etaka,Café,Formel,Etaka,31.2398326,-6.1280703,icons/cafe.png,OSM
Drâa-Tafilalet,Imi Nogarde,Restaurant,Formel,Imi Nogarde,31.1957336,-6.2040874,icons/restaurant.png,OSM
Drâa-Tafilalet,Kasbah Chems,Café,Formel,Kasbah Chems,31.383639,-6.1314838,icons/cafe.png,OSM
Drâa-Tafilalet,Kasbah D'Idis,Restaurant,Formel,Kasbah D'Idis,31.4219079,-6.0079402,icons/restaurant.png,OSM
Drâa-Tafilalet,La Perle de Mgoun,Restaurant,Formel,La Perle de Mgoun,31.3132978,-6.1624938,icons/restaurant.png,OSM
Drâa-Tafilalet,Restaurant sans nom,Restaurant,Formel,Restaurant sans nom,31.1948558,-6.1883914,icons/restaurant.png,OSM
Drâa-Tafilalet,Supérette / Mini-market sans nom,Supérette / Mini-market,Formel,Supérette / Mini-market sans nom,31.1970091,-6.1932008,icons/convenience.png,OSM
Drâa-Tafilalet,Pharmacie Al Yosr صيدلية اليسر,Parapharmacie,Formel,Kalaat M'Gouna,31.2399431,-6.1282678,icons/pharmacy.png,OSM
Drâa-Tafilalet,Restaurant sans nom,Restaurant,Formel,Restaurant sans nom,31.3886155,-6.1250116,icons/restaurant.png,OSM
Drâa-Tafilalet,Tamaloutte,Restaurant,Formel,Tamaloutte,31.3853591,-6.1302863,icons/restaurant.png,OSM
Drâa-Tafilalet,Café sans nom,Café,Formel,Café sans nom,30.67672,-6.1554879,icons/cafe.png,OSM
Drâa-Tafilalet,Chez Abdesalam Cafe,Restaurant,Formel,Chez Abdesalam Cafe,31.4398795,-4.2314669,icons/restaurant.png,OSM
Drâa-Tafilalet,Afsou,Restaurant,Formel,Afsou,31.6739549,-5.5438061,icons/restaurant.png,OSM
Drâa-Tafilalet,Ait Atta,Restaurant,Formel,Ait Atta,31.6958585,-5.8193435,icons/restaurant.png,OSM
Drâa-Tafilalet,Al Karam,Restaurant,Formel,Al Karam,31.695997,-5.8189704,icons/restaurant.png,OSM
Drâa-Tafilalet,Amazigh,Restaurant,Formel,Amazigh,31.6801511,-5.5348015,icons/restaurant.png,OSM
Drâa-Tafilalet,Asaka,Restaurant,Formel,Asaka,31.7558206,-5.8079075,icons/restaurant.png,OSM
Drâa-Tafilalet,Auberge Les Amandiers Chez Sophie,Restaurant,Formel,Auberge Les Amandiers Chez Sophie,31.5112377,-5.9371403,icons/restaurant.png,OSM
Drâa-Tafilalet,Aunom De La Rose,Restaurant,Formel,Aunom De La Rose,31.5590855,-5.9085419,icons/restaurant.png,OSM
Drâa-Tafilalet,Dar Essyaha,Restaurant,Formel,Dar Essyaha,31.4410245,-6.0113894,icons/restaurant.png,OSM
Drâa-Tafilalet,El Mansour,Restaurant,Formel,El Mansour,31.5835046,-5.5908986,icons/restaurant.png,OSM
Drâa-Tafilalet,El Warda,Restaurant,Formel,El Warda,31.6951864,-5.8200253,icons/restaurant.png,OSM
Drâa-Tafilalet,Etoile Dades,Restaurant,Formel,Etoile Dades,31.5628696,-5.9069764,icons/restaurant.png,OSM
Drâa-Tafilalet,Imilchil Salon De The,Café,Formel,Imilchil Salon De The,31.6948726,-5.8209873,icons/cafe.png,OSM
Drâa-Tafilalet,Isabel,Restaurant,Formel,Isabel,31.4466441,-5.9808662,icons/restaurant.png,OSM
Drâa-Tafilalet,Kasba Ait Marghad,Restaurant,Formel,Kasba Ait Marghad,31.4525018,-5.9690957,icons/restaurant.png,OSM
Drâa-Tafilalet,Kasbah Ait Arbi,Restaurant,Formel,Kasbah Ait Arbi,31.4529106,-5.9696883,icons/restaurant.png,OSM
Drâa-Tafilalet,Kasbah Amazir,Restaurant,Formel,Kasbah Amazir,31.5563073,-5.5810768,icons/restaurant.png,OSM
Drâa-Tafilalet,Kasbah Tifawen Dades,Café,Formel,Gorges du Dades,31.4404339,-6.0136742,icons/cafe.png,OSM
Drâa-Tafilalet,La Terrasse,Restaurant,Formel,La Terrasse,31.4459991,-5.9816261,icons/restaurant.png,OSM
Drâa-Tafilalet,La Vallee Des Figues,Restaurant,Formel,La Vallee Des Figues,31.4550135,-5.9737345,icons/restaurant.png,OSM
Drâa-Tafilalet,Le Ciel Bleu,Restaurant,Formel,Le Ciel Bleu,31.5792164,-5.5865877,icons/restaurant.png,OSM
Drâa-Tafilalet,Le Lac,Restaurant,Formel,Le Lac,31.5537824,-5.58526,icons/restaurant.png,OSM
Drâa-Tafilalet,Épicerie sans nom,Épicerie,Informel,Épicerie sans nom,31.4977081,-5.9475306,icons/greengrocer.png,OSM
Drâa-Tafilalet,Boulangerie sans nom,Boulangerie,Formel,Boulangerie sans nom,31.5099818,-5.9387381,icons/bakery.png,OSM
Drâa-Tafilalet,Café sans nom,Café,Formel,Café sans nom,31.5100515,-5.9384029,icons/cafe.png,OSM
Drâa-Tafilalet,Riad eco bio,Restaurant,Formel,Riad eco bio,31.4368547,-6.0027315,icons/restaurant.png,OSM
Drâa-Tafilalet,Riad des Vieilles Charrues,Restaurant,Formel,Riad des Vieilles Charrues,31.5015164,-5.9460224,icons/restaurant.png,OSM
Drâa-Tafilalet,Sidi Boubkere,Restaurant,Formel,Sidi Boubkere,31.4404544,-5.9910706,icons/restaurant.png,OSM
Drâa-Tafilalet,Super Marche,Supérette / Mini-market,Formel,Super Marche,31.4800933,-5.9607338,icons/convenience.png,OSM
Drâa-Tafilalet,Super Marche,Supérette / Mini-market,Formel,Super Marche,31.4815234,-5.9595435,icons/convenience.png,OSM
Drâa-Tafilalet,Super Marche,Supérette / Mini-market,Formel,Super Marche,31.5100537,-5.9386184,icons/convenience.png,OSM
Drâa-Tafilalet,Tafouyt,Restaurant,Formel,Tafouyt,31.6796251,-5.5341719,icons/restaurant.png,OSM
Drâa-Tafilalet,Tamazirt,Restaurant,Formel,Tamazirt,31.4626574,-5.9731548,icons/restaurant.png,OSM
Drâa-Tafilalet,Tamda,Restaurant,Formel,Tamda,31.6718114,-5.548092,icons/restaurant.png,OSM
Drâa-Tafilalet,Tamlalte,Restaurant,Formel,Tamlalte,31.4471287,-5.9733624,icons/restaurant.png,OSM
Drâa-Tafilalet,Épicerie sans nom,Épicerie,Informel,Épicerie sans nom,31.5191733,-5.5289442,icons/greengrocer.png,OSM
Drâa-Tafilalet,Cafe Restaurant,Café,Formel,Cafe Restaurant,31.5052422,-5.0459112,icons/cafe.png,OSM
Drâa-Tafilalet,Panorama,Café,Formel,Panorama,31.4987479,-5.074472,icons/cafe.png,OSM
Drâa-Tafilalet,Essalama,Restaurant,Formel,Essalama,31.2814739,-4.271423,icons/restaurant.png,OSM
Drâa-Tafilalet,Pharmacie Rissani صيدلية الريصاني,Parapharmacie,Formel,Rissani ⵔⵉⵙⵙⴰⵏⵉ الريصاني,31.2837095,-4.2652234,icons/pharmacy.png,OSM
Drâa-Tafilalet,Anzar,Restaurant,Formel,Anzar,30.7821169,-5.5637347,icons/restaurant.png,OSM
Drâa-Tafilalet,Ben Dani,Restaurant,Formel,Ben Dani,30.7830895,-5.5617857,icons/restaurant.png,OSM
Drâa-Tafilalet,Bougaffer,Restaurant,Formel,Bougaffer,31.1156922,-5.167827,icons/restaurant.png,OSM
Drâa-Tafilalet,Cafe Restaurant Draa,Restaurant,Formel,Cafe Restaurant Draa,30.5045057,-6.102185,icons/restaurant.png,OSM
Drâa-Tafilalet,Ksar Jenna,Restaurant,Formel,Ksar Jenna,30.8614306,-5.8874458,icons/restaurant.png,OSM
Drâa-Tafilalet,L'Oasis,Restaurant,Formel,L'Oasis,31.1162857,-5.1615149,icons/restaurant.png,OSM
Drâa-Tafilalet,La Palmeraie,Restaurant,Formel,La Palmeraie,30.7835435,-5.5599917,icons/restaurant.png,OSM
Drâa-Tafilalet,La Tente,Restaurant,Formel,La Tente,30.8699485,-5.8667786,icons/restaurant.png,OSM
Drâa-Tafilalet,Majd,Restaurant,Formel,Majd,30.6423681,-6.1529669,icons/restaurant.png,OSM
Drâa-Tafilalet,Hotel Palmiers,Restaurant,Formel,Hotel Palmiers,31.1155944,-5.1652838,icons/restaurant.png,OSM
Drâa-Tafilalet,Parapharmacie sans nom,Parapharmacie,Formel,Parapharmacie sans nom,31.115683,-5.1669424,icons/pharmacy.png,OSM
Drâa-Tafilalet,Sahara El-Hageby,Café,Formel,Sahara El-Hageby,30.8709942,-5.8639488,icons/cafe.png,OSM
Drâa-Tafilalet,Touareg,Restaurant,Formel,Touareg,30.7830168,-5.5612691,icons/restaurant.png,OSM
Drâa-Tafilalet,Zagour,Restaurant,Formel,Zagour,30.318832,-5.8273747,icons/restaurant.png,OSM
Drâa-Tafilalet,Camping Palmerie d'Amezrou,Restaurant,Formel,Camping Palmerie d'Amezrou,30.314746,-5.829832,icons/restaurant.png,OSM
Drâa-Tafilalet,Pharmacie Tamgroute,Parapharmacie,Formel,Pharmacie Tamgroute,30.2600691,-5.6858555,icons/pharmacy.png,OSM
Drâa-Tafilalet,Café Nora مطعم نورا,Restaurant,Formel,Café Nora مطعم نورا,31.0379096,-4.0077138,icons/restaurant.png,OSM
Drâa-Tafilalet,Restaurant sans nom,Restaurant,Formel,Restaurant sans nom,31.9327428,-4.4254303,icons/restaurant.png,OSM
Drâa-Tafilalet,Épicerie sans nom,Épicerie,Informel,Épicerie sans nom,30.0866787,-6.8742374,icons/greengrocer.png,OSM
Drâa-Tafilalet,Restaurant Jeunesse,Restaurant,Formel,Restaurant Jeunesse,30.086429,-6.8738272,icons/restaurant.png,OSM
Drâa-Tafilalet,Restaurant La Liberte,Restaurant,Formel,Restaurant La Liberte,30.0865456,-6.8737926,icons/restaurant.png,OSM
Drâa-Tafilalet,Pharmacie Principale الصيدلية الرئيسية,Parapharmacie,Formel,"Avenue Ibn Sina شارع ابن سينا, Ouarzazate",30.9228712,-6.9191107,icons/pharmacy.png,OSM
Drâa-Tafilalet,Pharmacie La Renaissance صيدلية النهضة,Parapharmacie,Formel,"Boulevard Mohammed V شارع محمد الخامس, Ouarzazate",30.9217847,-6.9239616,icons/pharmacy.png,OSM
Drâa-Tafilalet,Pharmacie la Gare Routière صيدلية المحطة الطرقية,Parapharmacie,Formel,"Avenue Moulay Ettahar Bed Abdulkarim, OUARZAZATE",30.9251932,-6.9274807,icons/pharmacy.png,OSM
Drâa-Tafilalet,Pharmacie Tassoumaate صيدلية تاصومعت,Parapharmacie,Formel,"Boulevard Mohammed V شارع محمد الخامس, OUARZAZATE",30.9239006,-6.9300105,icons/pharmacy.png,OSM
Drâa-Tafilalet,St Exupery,Restaurant,Formel,Bvd. Moulay Abdellah,30.9269153,-6.8906524,icons/restaurant.png,OSM
Drâa-Tafilalet,Restaurant Auberge Chez Jacob,Restaurant,Formel,Restaurant Auberge Chez Jacob,30.675006,-6.3880153,icons/restaurant.png,OSM
Drâa-Tafilalet,Restaurant sans nom,Restaurant,Formel,Restaurant sans nom,31.5207258,-5.5313915,icons/restaurant.png,OSM
Drâa-Tafilalet,Izdar n souk,Épicerie,Informel,Izdar n souk,31.5192736,-5.5294923,icons/greengrocer.png,OSM
Drâa-Tafilalet,Souq,Épicerie,Informel,Souq,31.5005912,-5.5406958,icons/greengrocer.png,OSM
Drâa-Tafilalet,Café Oscar,Café,Formel,Café Oscar,30.3305295,-5.8384232,icons/cafe.png,OSM
Drâa-Tafilalet,Doda Alemdoun,Restaurant,Formel,Doda Alemdoun,31.4381138,-6.1963117,icons/restaurant.png,OSM
Drâa-Tafilalet,Iriki,Restaurant,Formel,Iriki,30.0774309,-6.8700696,icons/restaurant.png,OSM
Drâa-Tafilalet,Jardin des Aromes,Restaurant,Formel,Jardin des Aromes,30.920242,-6.9154144,icons/restaurant.png,OSM
Drâa-Tafilalet,Café sans nom,Café,Formel,Café sans nom,31.3680313,-5.981309,icons/cafe.png,OSM
Drâa-Tafilalet,Café sans nom,Café,Formel,Café sans nom,31.3710851,-5.9834236,icons/cafe.png,OSM
Drâa-Tafilalet,Café sans nom,Café,Formel,Café sans nom,30.922225,-6.9260953,icons/cafe.png,OSM
Drâa-Tafilalet,Imoudal,Boulangerie,Formel,Imoudal,30.9223263,-6.9263903,icons/bakery.png,OSM
Drâa-Tafilalet,La Rose Des Sables Restaurant Pizzeria,Restaurant,Formel,La Rose Des Sables Restaurant Pizzeria,30.9030291,-6.9115674,icons/restaurant.png,OSM
Drâa-Tafilalet,Supermarché centre,Supermarché,Formel,Supermarché centre,31.9312277,-4.4257737,icons/supermarket.png,OSM
Drâa-Tafilalet,Milán ميلانو,Café,Formel,الرشيدية,31.9300953,-4.4265809,icons/cafe.png,OSM
Drâa-Tafilalet,Café Noujoum,Café,Formel,Café Noujoum,31.9283544,-4.4271887,icons/cafe.png,OSM
Drâa-Tafilalet,Café Rotana,Café,Formel,Café Rotana,31.9285153,-4.4254858,icons/cafe.png,OSM
Drâa-Tafilalet,les Cafes Martin,Café,Formel,"Rue Senhaja, Tighir",31.5174311,-5.5357373,icons/cafe.png,OSM
Drâa-Tafilalet,Auberge Miguirne Chez Ali,Restaurant,Formel,Auberge Miguirne Chez Ali,31.4389797,-5.9929728,icons/restaurant.png,OSM
Drâa-Tafilalet,Chez Ahmed,Restaurant,Formel,Chez Ahmed,31.5545838,-5.5849273,icons/restaurant.png,OSM
Drâa-Tafilalet,La Pirgola,Restaurant,Formel,La Pirgola,31.0006194,-6.6475002,icons/restaurant.png,OSM
Drâa-Tafilalet,Patisserie El Janoub,Restaurant,Formel,Patisserie El Janoub,30.9211517,-6.9124367,icons/restaurant.png,OSM
Drâa-Tafilalet,"Auberge ""Itrane Sahara""",Restaurant,Formel,"Auberge ""Itrane Sahara""",30.8810243,-4.1414459,icons/restaurant.png,OSM
Drâa-Tafilalet,Marjane,Supermarché,Formel,Marjane,31.9311489,-4.4535362,icons/supermarket.png,OSM
Drâa-Tafilalet,Restaurant 3Thés,Restaurant,Formel,Ouarzazate,30.9212261,-6.9109447,icons/restaurant.png,OSM
Drâa-Tafilalet,La Kasbah chez Jebrane,Restaurant,Formel,Skoura سكورة,31.058989,-6.5575277,icons/restaurant.png,OSM
Drâa-Tafilalet,Restaurant sans nom,Restaurant,Formel,Skoura سكورة,31.058989,-6.5575277,icons/restaurant.png,OSM
Drâa-Tafilalet,Les Amis,Restaurant,Formel,Les Amis,31.5102449,-5.938639,icons/restaurant.png,OSM
Drâa-Tafilalet,Ourti,Restaurant,Formel,Ourti,31.4369095,-6.012243,icons/restaurant.png,OSM
Drâa-Tafilalet,Supérette / Mini-market sans nom,Supérette / Mini-market,Formel,Supérette / Mini-market sans nom,31.6079581,-6.7282441,icons/convenience.png,OSM
Drâa-Tafilalet,Pharmacie Birinzerane صيدلية بئر أنزران,Parapharmacie,Formel,"Avenue Bir Anzarane, Tighir",31.5186066,-5.5344797,icons/pharmacy.png,OSM
Drâa-Tafilalet,Vivalti,Café,Formel,Vivalti,31.5183499,-5.5353213,icons/cafe.png,OSM
Drâa-Tafilalet,Pharmacie Adrar صيدلية أدرار,Parapharmacie,Formel,"Avenue Bir Anzarane, Tinghir",31.5152814,-5.5340323,icons/pharmacy.png,OSM
Drâa-Tafilalet,LA Perla,Café,Formel,LA Perla,31.5182111,-5.5354416,icons/cafe.png,OSM
Drâa-Tafilalet,Pharmacie Ighir صيدلية إغير,Parapharmacie,Formel,"Avenue Mohamed V, Tighir",31.5166819,-5.5369327,icons/pharmacy.png,OSM
Drâa-Tafilalet,chez Michel,Café,Formel,chez Michel,31.5182986,-5.5350134,icons/cafe.png,OSM
Drâa-Tafilalet,Aswak Tinghir,Supermarché,Formel,Aswak Tinghir,31.5175443,-5.5360114,icons/supermarket.png,OSM
Drâa-Tafilalet,Agdal,Café,Formel,Agdal,31.5221697,-5.5305894,icons/cafe.png,OSM
Drâa-Tafilalet,Pharmacie Toudgha صيدلية تودغا,Parapharmacie,Formel,"Avenue Mohamed V شارع الحسن الثاني, Tinghir ⵜⵉⵏⵖⵉⵔ تنغير",31.5221187,-5.5306539,icons/pharmacy.png,OSM
Drâa-Tafilalet,Pharmacie Elfilaha صيدلية الفلاحة,Parapharmacie,Formel,Tinghir,31.509514,-5.5380676,icons/pharmacy.png,OSM
Drâa-Tafilalet,OMAR café,Café,Formel,OMAR café,31.5216178,-5.5316326,icons/cafe.png,OSM
Drâa-Tafilalet,chkokote,Café,Formel,chkokote,31.5215813,-5.5314449,icons/cafe.png,OSM
Drâa-Tafilalet,Mabrouka,Café,Formel,Mabrouka,31.5216567,-5.5312893,icons/cafe.png,OSM
Drâa-Tafilalet,Café sans nom,Café,Formel,Café sans nom,31.5218145,-5.531064,icons/cafe.png,OSM
Drâa-Tafilalet,Pharmacie Saghro صيدلية صاغرو,Parapharmacie,Formel,"Avenue Mohamed V, Tinghir ⵜⵉⵏⵖⵉⵔ تنغير",31.521386,-5.5317635,icons/pharmacy.png,OSM
Drâa-Tafilalet,Lina Palace,Café,Formel,Lina Palace,31.5055831,-5.5394214,icons/cafe.png,OSM
Drâa-Tafilalet,Oasis,Café,Formel,Tinerhir,31.5207588,-5.5329079,icons/cafe.png,OSM
Drâa-Tafilalet,café voyageurs,Café,Formel,café voyageurs,31.5200912,-5.532873,icons/cafe.png,OSM
Drâa-Tafilalet,al-Quds café مقهى أورشليم,Café,Formel,al-Quds café مقهى أورشليم,31.5211576,-5.5309699,icons/cafe.png,OSM
Drâa-Tafilalet,Restaurant sans nom,Restaurant,Formel,Restaurant sans nom,30.6970775,-6.464765,icons/restaurant.png,OSM
Drâa-Tafilalet,Café sans nom,Café,Formel,Café sans nom,30.8298564,-6.9523228,icons/cafe.png,OSM
Drâa-Tafilalet,Pharmacie Centrale الصيدلية المركزية,Parapharmacie,Formel,Rissani ⵔⵉⵙⵙⴰⵏⵉ الريصاني,31.2822491,-4.2651873,icons/pharmacy.png,OSM
Drâa-Tafilalet,Petit souk (Soirée),Épicerie,Informel,Petit souk (Soirée),30.3344636,-5.8360341,icons/greengrocer.png,OSM
Drâa-Tafilalet,Restaurant sans nom,Restaurant,Formel,Restaurant sans nom,31.5007928,-6.2647461,icons/restaurant.png,OSM
Drâa-Tafilalet,Café tanout,Café,Formel,"quartier tanout avenue hassan II, azilal",31.9735336,-6.5644036,icons/cafe.png,OSM
Drâa-Tafilalet,Cafe talberjt,Café,Formel,"quartier tanout avenue hassan II, azilal",31.972169,-6.5645354,icons/cafe.png,OSM
Drâa-Tafilalet,Cafe gendarmerie royale,Café,Formel,"quartier administratif avenue hassan II, azilal",31.9698243,-6.5651932,icons/cafe.png,OSM
Drâa-Tafilalet,Pharmacie Hôpital صيدلية المستشفى,Parapharmacie,Formel,Azilal,31.9612056,-6.567524,icons/pharmacy.png,OSM
Drâa-Tafilalet,Café l'Agora,Café,Formel,"avenue hassan II, azilal",31.9616143,-6.5688598,icons/cafe.png,OSM
Drâa-Tafilalet,Café Amjad,Café,Formel,"avenue Hassan II, azilal",31.9618009,-6.5686666,icons/cafe.png,OSM
Drâa-Tafilalet,Café Arabica,Café,Formel,"avenue Hassan II, azilal",31.9609225,-6.5696,icons/cafe.png,OSM
Drâa-Tafilalet,Pharmacie Centrale الصيدلية المركزية,Parapharmacie,Formel,"Avenue Hassan II, Azilal ⴰⵣⵉⵍⴰⵍ أزيلال",31.9610263,-6.5699541,icons/pharmacy.png,OSM
Drâa-Tafilalet,Café Anmoun,Café,Formel,"avenue hassan II, azilal",31.9603354,-6.5702009,icons/cafe.png,OSM
Drâa-Tafilalet,Café Marjana,Café,Formel,"avenue Hassan II, azilal",31.9596345,-6.5714776,icons/cafe.png,OSM
Drâa-Tafilalet,Grande Pharmacie de l'Atlas صيدلية الأطلس الكبرى,Parapharmacie,Formel,"Avenue Hassan II, Azilal ⴰⵣⵉⵍⴰⵍ أزيلال",31.959122,-6.5713349,icons/pharmacy.png,OSM
Drâa-Tafilalet,restaurant ibno ziyad,Restaurant,Formel,"avenue Marrakech, azilal",31.9589154,-6.5723842,icons/restaurant.png,OSM
Drâa-Tafilalet,restaurant Roma,Restaurant,Formel,"avenue Marrakech, azilal",31.9589063,-6.572529,icons/restaurant.png,OSM
Drâa-Tafilalet,snack Lbahja,Restaurant,Formel,"avenue Marrakech, azilal",31.958301,-6.573441,icons/restaurant.png,OSM
Drâa-Tafilalet,Pharmacie El Fath صيدلية الفتح,Parapharmacie,Formel,"Avenue Hassan II, Azilal ⴰⵣⵉⵍⴰⵍ أزيلال",31.9556475,-6.5777046,icons/pharmacy.png,OSM
Drâa-Tafilalet,Café Cinéma,Café,Formel,"avenue Marrakech, azilal",31.9557977,-6.5784782,icons/cafe.png,OSM
Drâa-Tafilalet,Café Itrane,Café,Formel,"avenue Marrakech, azilal",31.9578435,-6.5746748,icons/cafe.png,OSM
Drâa-Tafilalet,Palace,Café,Formel,"avenue Marrakech, azilal",31.9562801,-6.5773731,icons/cafe.png,OSM
Drâa-Tafilalet,Souk Hebdomadaire Mardi,Supermarché,Formel,Souk Hebdomadaire Mardi,31.4120818,-6.2301466,icons/supermarket.png,OSM
Drâa-Tafilalet,Chez Errami,Kiosque,Informel,Chez Errami,31.4097392,-5.7111717,icons/kiosk.png,OSM
Drâa-Tafilalet,Pizzeria Omar,Restaurant,Formel,Pizzeria Omar,30.3313372,-5.8372385,icons/restaurant.png,OSM
Drâa-Tafilalet,Kiosque sans nom,Kiosque,Informel,Kiosque sans nom,30.3340853,-5.8073266,icons/kiosk.png,OSM
Drâa-Tafilalet,Supermarket,Supermarché,Formel,Supermarket,31.2419649,-6.1149606,icons/supermarket.png,OSM
Drâa-Tafilalet,Supermarket,Supermarché,Formel,Supermarket,31.3666957,-5.9870215,icons/supermarket.png,OSM
Drâa-Tafilalet,Restaurant sans nom,Restaurant,Formel,Restaurant sans nom,31.1079625,-6.3832003,icons/restaurant.png,OSM
Drâa-Tafilalet,Restaurant sans nom,Restaurant,Formel,Restaurant sans nom,30.7327424,-6.6313555,icons/restaurant.png,OSM
Drâa-Tafilalet,Laitiére Islam,Restaurant,Formel,Laitiére Islam,30.3311259,-5.8355723,icons/restaurant.png,OSM
Drâa-Tafilalet,Kiosque sans nom,Kiosque,Informel,Kiosque sans nom,30.4413561,-5.8965,icons/kiosk.png,OSM
Drâa-Tafilalet,Café sans nom,Café,Formel,Café sans nom,30.9037573,-6.9115672,icons/cafe.png,OSM
Drâa-Tafilalet,Supérette / Mini-market sans nom,Supérette / Mini-market,Formel,Supérette / Mini-market sans nom,31.5186769,-5.5289599,icons/convenience.png,OSM
Drâa-Tafilalet,دار الضيافة,Café,Formel,دار الضيافة,30.2611779,-5.6821432,icons/cafe.png,OSM
Drâa-Tafilalet,Boutique de confiserie sans nom,Boutique de confiserie,Informel,Boutique de confiserie sans nom,31.5193716,-5.5290862,icons/confectionery.png,OSM
Drâa-Tafilalet,Cafe retaurant Echajara,Café,Formel,Avenue Moulay Ali Cherif,31.9297454,-4.4266396,icons/cafe.png,OSM
Drâa-Tafilalet,Café sans nom,Café,Formel,Café sans nom,31.2423568,-6.1287924,icons/cafe.png,OSM
Drâa-Tafilalet,Grande Pharmacie Boumalane الصيدلية الكبرى بومالن,Parapharmacie,Formel,Boumalne Dadès ⴱⵓⵎⴰⵍⵏ ⴷⴰⴷⵙ بومالن دادس,31.3743472,-5.9858746,icons/pharmacy.png,OSM
Drâa-Tafilalet,Supermarché sans nom,Supermarché,Formel,Supermarché sans nom,31.3742782,-5.9860968,icons/supermarket.png,OSM
Drâa-Tafilalet,Shop & Go,Supérette / Mini-market,Formel,Shop & Go,31.3739369,-5.9858302,icons/convenience.png,OSM
Drâa-Tafilalet,Café sans nom,Café,Formel,Café sans nom,31.3729,-5.9863349,icons/cafe.png,OSM
Drâa-Tafilalet,Cafe I,Café,Formel,Cafe I,31.3728457,-5.9863084,icons/cafe.png,OSM
Drâa-Tafilalet,Snack Resto Elbahja,Restaurant,Formel,Snack Resto Elbahja,30.9242531,-6.9248932,icons/restaurant.png,OSM
Drâa-Tafilalet,Chez Nabil,Restaurant,Formel,Chez Nabil,30.9229314,-6.9117952,icons/restaurant.png,OSM
Drâa-Tafilalet,Candys,Restaurant,Formel,Candys,30.926707,-6.9033295,icons/restaurant.png,OSM
Drâa-Tafilalet,Pizzeria Fantasía,Restaurant,Formel,Pizzeria Fantasía,30.9258284,-6.9033467,icons/restaurant.png,OSM
Drâa-Tafilalet,Atlas Dades,Restaurant,Formel,Atlas Dades,31.37328,-5.9869899,icons/restaurant.png,OSM
Drâa-Tafilalet,Cafe Restaurant Ait Ouaazik,Restaurant,Formel,Cafe Restaurant Ait Ouaazik,30.780511,-5.5653713,icons/restaurant.png,OSM
Drâa-Tafilalet,le marcher,Café,Formel,le marcher,31.238995,-6.1281308,icons/cafe.png,OSM
Drâa-Tafilalet,Boulangerie-Patisserie,Boulangerie,Formel,Boulangerie-Patisserie,30.3313833,-5.8366056,icons/bakery.png,OSM
Drâa-Tafilalet,Étoile du sud,Restaurant,Formel,RN112 alnif,31.1157604,-5.1669124,icons/restaurant.png,OSM
Drâa-Tafilalet,Supérette / Mini-market sans nom,Supérette / Mini-market,Formel,Supérette / Mini-market sans nom,30.8926686,-6.9121353,icons/convenience.png,OSM
Drâa-Tafilalet,Cafe Prima,Café,Formel,Cafe Prima,31.9630086,-6.5682384,icons/cafe.png,OSM
Drâa-Tafilalet,Boulangerie Paris مخبزة باريس,Boulangerie,Formel,Avenue Al Maghreb Al Arabi,30.928034,-6.9014941,icons/bakery.png,OSM
Drâa-Tafilalet,Afoulki افولكي,Café,Formel,Avenue Al Maghreb Al Arabi,30.9271947,-6.9033941,icons/cafe.png,OSM
Drâa-Tafilalet,Amsterdam امستردام,Café,Formel,Avenue Al Maghreb Al Arabi,30.927359,-6.9037779,icons/cafe.png,OSM
Drâa-Tafilalet,Amaziz,Café,Formel,"Avenue Al Maghreb Al Arabi, Ouarzazate ورزازات",30.927529,-6.9044493,icons/cafe.png,OSM
Drâa-Tafilalet,Assafar,Café,Formel,"Avenue Al Maghreb Al Arabi, Ouarzazate ورزازات",30.9272832,-6.9042799,icons/cafe.png,OSM
Drâa-Tafilalet,Chinzen,Café,Formel,"Avenue Al Maghreb Al Arabi, Ouarzazate ورزازات",30.9281287,-6.9011158,icons/cafe.png,OSM
Drâa-Tafilalet,Souk Lundi Hebdomadaire,Supermarché,Formel,Souk Lundi Hebdomadaire,31.4274378,-6.8547176,icons/supermarket.png,OSM
Drâa-Tafilalet,Essence & Magasin,Supérette / Mini-market,Formel,Essence & Magasin,31.4272317,-6.8498732,icons/convenience.png,OSM
Drâa-Tafilalet,Azzi Moha,Supérette / Mini-market,Formel,Azzi Moha,31.426749,-6.8484187,icons/convenience.png,OSM
Drâa-Tafilalet,Si Mohamed,Supérette / Mini-market,Formel,Si Mohamed,31.4267846,-6.848353,icons/convenience.png,OSM
Drâa-Tafilalet,Abdellah,Supérette / Mini-market,Formel,Abdellah,31.4268303,-6.8482631,icons/convenience.png,OSM
Drâa-Tafilalet,Ali,Supérette / Mini-market,Formel,Ali,31.4269115,-6.8478796,icons/convenience.png,OSM
Drâa-Tafilalet,Souk hebdomadaire,Épicerie,Informel,Souk hebdomadaire,31.9475423,-6.5921976,icons/greengrocer.png,OSM
Drâa-Tafilalet,Supérette / Mini-market sans nom,Supérette / Mini-market,Formel,Supérette / Mini-market sans nom,31.0101478,-6.1220116,icons/convenience.png,OSM
Drâa-Tafilalet,chez jawad,Café,Formel,chez jawad,31.5257517,-5.5137944,icons/cafe.png,OSM
Drâa-Tafilalet,La Kasbah des Sables,Restaurant,Formel,"Hay Aït Kdif, Ouarzazate ورزازات",30.9245218,-6.8783914,icons/restaurant.png,OSM
Drâa-Tafilalet,Boulangerie sans nom,Boulangerie,Formel,Boulangerie sans nom,31.5201776,-5.530401,icons/bakery.png,OSM
Drâa-Tafilalet,Restaurant sans nom,Restaurant,Formel,Restaurant sans nom,31.1323573,-6.3382933,icons/restaurant.png,OSM
Drâa-Tafilalet,Café Talmest أت مسوق,Café,Formel,Café Talmest أت مسوق,31.7908056,-6.2220884,icons/cafe.png,OSM
Drâa-Tafilalet,Supérette / Mini-market sans nom,Supérette / Mini-market,Formel,Supérette / Mini-market sans nom,30.3380839,-5.8324987,icons/convenience.png,OSM
Drâa-Tafilalet,Supérette / Mini-market sans nom,Supérette / Mini-market,Formel,Supérette / Mini-market sans nom,30.3374641,-5.833367,icons/convenience.png,OSM
Drâa-Tafilalet,pharmacie Populaire الصيدلية الشعبية,Parapharmacie,Formel,"Avenue Mohamed VI, Errachidia ⵉⵎⵜⵖⴻⵔⵏ الرشيدية",31.9398745,-4.4504035,icons/pharmacy.png,OSM
Drâa-Tafilalet,café girona مقهى جيرونا,Café,Formel,شارع الحي الجامعي,31.9397338,-4.4520994,icons/cafe.png,OSM
Drâa-Tafilalet,Restaurant sans nom,Restaurant,Formel,Restaurant sans nom,31.5002413,-5.5427147,icons/restaurant.png,OSM
Drâa-Tafilalet,Café Restaurant Slimania,Restaurant,Formel,Café Restaurant Slimania,31.282048,-4.2665187,icons/restaurant.png,OSM
Drâa-Tafilalet,Dades Market,Supermarché,Formel,Dades Market,30.9230463,-6.9118546,icons/supermarket.png,OSM
Drâa-Tafilalet,Supérette / Mini-market sans nom,Supérette / Mini-market,Formel,Supérette / Mini-market sans nom,30.5997637,-6.6617677,icons/convenience.png,OSM
Drâa-Tafilalet,Supérette / Mini-market sans nom,Supérette / Mini-market,Formel,Supérette / Mini-market sans nom,30.6934549,-6.4485334,icons/convenience.png,OSM
Drâa-Tafilalet,Al Baraka,Restaurant,Formel,Al Baraka,30.6931473,-6.4485285,icons/restaurant.png,OSM
Drâa-Tafilalet,Supérette / Mini-market sans nom,Supérette / Mini-market,Formel,Supérette / Mini-market sans nom,30.6708801,-6.3456586,icons/convenience.png,OSM
Drâa-Tafilalet,Supérette / Mini-market sans nom,Supérette / Mini-market,Formel,Supérette / Mini-market sans nom,30.6955572,-6.2545989,icons/convenience.png,OSM
Drâa-Tafilalet,Restaurant sans nom,Restaurant,Formel,Restaurant sans nom,30.8717394,-5.8639982,icons/restaurant.png,OSM
Drâa-Tafilalet,Pharmacie de centre de M'semrir طيدلية مركز امسمرير,Parapharmacie,Formel,Pharmacie de centre de M'semrir طيدلية مركز امسمرير,31.6977334,-5.8167833,icons/pharmacy.png,OSM
Drâa-Tafilalet,Patisserie top qualité,Boulangerie,Formel,Patisserie top qualité,31.5148105,-5.5379744,icons/bakery.png,OSM
Drâa-Tafilalet,Restaurant Chez Rachid,Restaurant,Formel,Restaurant Chez Rachid,30.0865981,-6.8737762,icons/restaurant.png,OSM
Drâa-Tafilalet,Hassilabied Snack,Restaurant,Formel,Hassilabied Snack,31.1400706,-4.0248324,icons/restaurant.png,OSM
Drâa-Tafilalet,Supérette / Mini-market sans nom,Supérette / Mini-market,Formel,Supérette / Mini-market sans nom,31.567065,-5.8992854,icons/convenience.png,OSM
Drâa-Tafilalet,Supérette / Mini-market sans nom,Supérette / Mini-market,Formel,Supérette / Mini-market sans nom,31.5695639,-5.8981206,icons/convenience.png,OSM
Drâa-Tafilalet,Pharmacie Karim صيدلية كريم,Parapharmacie,Formel,Boumalne Dadès ⴱⵓⵎⴰⵍⵏ ⴷⴰⴷⵙ بومالن دادس,31.3731636,-5.9868781,icons/pharmacy.png,OSM
Drâa-Tafilalet,Supérette / Mini-market sans nom,Supérette / Mini-market,Formel,Supérette / Mini-market sans nom,31.4536272,-5.9658565,icons/convenience.png,OSM
Drâa-Tafilalet,Épicerie sans nom,Épicerie,Informel,Épicerie sans nom,31.6903968,-4.9568764,icons/greengrocer.png,OSM
Drâa-Tafilalet,Supérette / Mini-market sans nom,Supérette / Mini-market,Formel,Supérette / Mini-market sans nom,31.6863896,-4.9581827,icons/convenience.png,OSM
Drâa-Tafilalet,Épicerie sans nom,Épicerie,Informel,كلميمة,31.6872219,-4.9575031,icons/greengrocer.png,OSM
Drâa-Tafilalet,Café Côte d'Azur مقهى الريفيرا الفرنسي,Café,Formel,كلميمة,31.6891435,-4.9555384,icons/cafe.png,OSM
Drâa-Tafilalet,Lina palace,Café,Formel,Lina palace,31.6911696,-4.9542423,icons/cafe.png,OSM
Drâa-Tafilalet,Restaurant sans nom,Restaurant,Formel,كلميمة,31.6888652,-4.9561404,icons/restaurant.png,OSM
Drâa-Tafilalet,Restaurant sans nom,Restaurant,Formel,Restaurant sans nom,31.6905401,-4.9562195,icons/restaurant.png,OSM
Drâa-Tafilalet,Restaurant sans nom,Restaurant,Formel,كلميمة,31.6893432,-4.9553594,icons/restaurant.png,OSM
Drâa-Tafilalet,J&N,Restaurant,Formel,J&N,31.0950255,-4.0116583,icons/restaurant.png,OSM
Drâa-Tafilalet,Restaurant sans nom,Restaurant,Formel,Restaurant sans nom,31.1180049,-5.1702193,icons/restaurant.png,OSM
Drâa-Tafilalet,Restaurant sans nom,Restaurant,Formel,Restaurant sans nom,30.330828,-5.8375995,icons/restaurant.png,OSM
Drâa-Tafilalet,Suq,Épicerie,Informel,Suq,31.1732362,-6.8068859,icons/greengrocer.png,OSM
Drâa-Tafilalet,Kiosk,Supérette / Mini-market,Formel,Kiosk,30.3288823,-5.8350492,icons/convenience.png,OSM
Drâa-Tafilalet,Dromadaire Gourmand,Restaurant,Formel,Dromadaire Gourmand,30.3457462,-5.8379017,icons/restaurant.png,OSM
Drâa-Tafilalet,Pâtisserie Boulangerie,Boulangerie,Formel,Pâtisserie Boulangerie,30.3304484,-5.8366509,icons/bakery.png,OSM
Drâa-Tafilalet,Boulangerie Pâtisserie,Boulangerie,Formel,Boulangerie Pâtisserie,30.3305471,-5.8386649,icons/bakery.png,OSM
Drâa-Tafilalet,Jordi i Naima,Restaurant,Formel,Jordi i Naima,31.1050812,-4.0197589,icons/restaurant.png,OSM
Drâa-Tafilalet,stiki shop,Supérette / Mini-market,Formel,stiki shop,31.1400836,-4.0246792,icons/convenience.png,OSM
Drâa-Tafilalet,Alimation,Supérette / Mini-market,Formel,Alimation,31.1393038,-4.0242836,icons/convenience.png,OSM
Drâa-Tafilalet,Restaurant sans nom,Restaurant,Formel,Restaurant sans nom,30.3357888,-5.8373209,icons/restaurant.png,OSM
Drâa-Tafilalet,Allimation KemKem,Supérette / Mini-market,Formel,Allimation KemKem,31.1399302,-4.0252058,icons/convenience.png,OSM
Drâa-Tafilalet,Supérette / Mini-market sans nom,Supérette / Mini-market,Formel,Supérette / Mini-market sans nom,31.098894,-4.0137375,icons/convenience.png,OSM
Drâa-Tafilalet,Supérette / Mini-market sans nom,Supérette / Mini-market,Formel,Supérette / Mini-market sans nom,31.0973921,-4.0143323,icons/convenience.png,OSM
Drâa-Tafilalet,Supérette / Mini-market sans nom,Supérette / Mini-market,Formel,Supérette / Mini-market sans nom,31.0988691,-4.0156664,icons/convenience.png,OSM
Drâa-Tafilalet,Supérette / Mini-market sans nom,Supérette / Mini-market,Formel,Supérette / Mini-market sans nom,31.0954962,-4.0112433,icons/convenience.png,OSM
Drâa-Tafilalet,Chez Ali,Supérette / Mini-market,Formel,Chez Ali,31.096,-4.0109342,icons/convenience.png,OSM
Drâa-Tafilalet,Supérette / Mini-market sans nom,Supérette / Mini-market,Formel,Supérette / Mini-market sans nom,31.0969412,-4.0103093,icons/convenience.png,OSM
Drâa-Tafilalet,Les Amis,Restaurant,Formel,Les Amis,31.0971473,-4.0139614,icons/restaurant.png,OSM
Drâa-Tafilalet,Café Milano,Restaurant,Formel,Café Milano,31.5061355,-5.0425895,icons/restaurant.png,OSM
Drâa-Tafilalet,Supérette / Mini-market sans nom,Supérette / Mini-market,Formel,Supérette / Mini-market sans nom,31.4987157,-5.0794563,icons/convenience.png,OSM
Drâa-Tafilalet,Supérette / Mini-market sans nom,Supérette / Mini-market,Formel,Supérette / Mini-market sans nom,31.5004549,-5.0655526,icons/convenience.png,OSM
Drâa-Tafilalet,ايت خباش,Restaurant,Formel,ايت خباش,30.6713132,-4.694087,icons/restaurant.png,OSM
Drâa-Tafilalet,مقهى ايت خباش,Restaurant,Formel,مقهى ايت خباش,30.6720217,-4.6904736,icons/restaurant.png,OSM
Drâa-Tafilalet,Cafe Ourti,Restaurant,Formel,Cafe Ourti,31.4993946,-5.5429107,icons/restaurant.png,OSM
Drâa-Tafilalet,Supérette / Mini-market sans nom,Supérette / Mini-market,Formel,Supérette / Mini-market sans nom,31.5000336,-5.5428273,icons/convenience.png,OSM
Drâa-Tafilalet,Aijam Café,Restaurant,Formel,Aijam Café,31.507863,-5.5389658,icons/restaurant.png,OSM
Drâa-Tafilalet,Pattiserie Peigue,Boulangerie,Formel,Pattiserie Peigue,31.5146831,-5.5381324,icons/bakery.png,OSM
Drâa-Tafilalet,Supérette / Mini-market sans nom,Supérette / Mini-market,Formel,Supérette / Mini-market sans nom,31.6947017,-5.8213859,icons/convenience.png,OSM
Drâa-Tafilalet,Boulangerie sans nom,Boulangerie,Formel,Boulangerie sans nom,31.0615244,-6.5566079,icons/bakery.png,OSM
Drâa-Tafilalet,Pharmacie Azzay Tuune,Parapharmacie,Formel,Pharmacie Azzay Tuune,31.0616324,-6.5570742,icons/pharmacy.png,OSM
Drâa-Tafilalet,Allimentation,Supérette / Mini-market,Formel,Allimentation,31.0615628,-6.5565648,icons/convenience.png,OSM
Drâa-Tafilalet,Épicerie sans nom,Épicerie,Informel,Épicerie sans nom,31.0640278,-6.555166,icons/greengrocer.png,OSM
Drâa-Tafilalet,Cafe Erraha,Restaurant,Formel,Cafe Erraha,31.1951663,-6.1889074,icons/restaurant.png,OSM
Drâa-Tafilalet,Assalama,Restaurant,Formel,Assalama,31.2399809,-6.1278022,icons/restaurant.png,OSM
Drâa-Tafilalet,Épicerie sans nom,Épicerie,Informel,Épicerie sans nom,31.238582,-6.1280483,icons/greengrocer.png,OSM
Drâa-Tafilalet,Café sans nom,Café,Formel,Café sans nom,31.2367657,-6.1297461,icons/cafe.png,OSM
Drâa-Tafilalet,Café sans nom,Café,Formel,Café sans nom,31.2362623,-6.1304583,icons/cafe.png,OSM
Drâa-Tafilalet,Errabiaa,Restaurant,Formel,Errabiaa,31.2371166,-6.12984,icons/restaurant.png,OSM
Drâa-Tafilalet,Cafe La bellevue,Café,Formel,Cafe La bellevue,31.2370042,-6.1300613,icons/cafe.png,OSM
Drâa-Tafilalet,Tokyo,Restaurant,Formel,Tokyo,31.1323389,-6.3336343,icons/restaurant.png,OSM
Drâa-Tafilalet,Tigonsa Cafe,Café,Formel,Tigonsa Cafe,30.7380079,-6.6423585,icons/cafe.png,OSM
Drâa-Tafilalet,Sables D'Or,Café,Formel,Sables D'Or,30.693867,-6.4482279,icons/cafe.png,OSM
Drâa-Tafilalet,Épicerie sans nom,Épicerie,Informel,Épicerie sans nom,31.191011,-6.2236905,icons/greengrocer.png,OSM
Drâa-Tafilalet,Baraessance,Café,Formel,Baraessance,31.1905229,-6.2218096,icons/cafe.png,OSM
Drâa-Tafilalet,Supermarché sans nom,Supermarché,Formel,Supermarché sans nom,30.3187927,-5.8276499,icons/supermarket.png,OSM
Drâa-Tafilalet,Supermarché sans nom,Supermarché,Formel,Supermarché sans nom,30.3184873,-5.8282457,icons/supermarket.png,OSM
Drâa-Tafilalet,Sidi Harazem,Café,Formel,Sidi Harazem,31.0193649,-6.1195739,icons/cafe.png,OSM
Drâa-Tafilalet,Riad Citadelle Dades,Restaurant,Formel,"Gorges du Dades, Ait Youl آيت يول",31.4365364,-6.0101101,icons/restaurant.png,OSM
Drâa-Tafilalet,اكورد مجور,Restaurant,Formel,اكورد مجور,30.9235071,-6.9102824,icons/restaurant.png,OSM
Drâa-Tafilalet,Parapharmacie sans nom,Parapharmacie,Formel,Parapharmacie sans nom,30.7813418,-5.5651487,icons/pharmacy.png,OSM
Drâa-Tafilalet,Souk (Wednesdays),Supermarché,Formel,Souk (Wednesdays),30.7820529,-5.5641435,icons/supermarket.png,OSM
Drâa-Tafilalet,Café sans nom,Café,Formel,Café sans nom,30.6847374,-6.1913943,icons/cafe.png,OSM
Drâa-Tafilalet,مقهى مطعم سلطان,Café,Formel,الزريكات,31.6527284,-4.2069166,icons/cafe.png,OSM
Drâa-Tafilalet,Chez Fatima,Restaurant,Formel,Chez Fatima,31.1000014,-4.0164601,icons/restaurant.png,OSM
Drâa-Tafilalet,tipico erfroud,Restaurant,Formel,tipico erfroud,31.4353541,-4.2335075,icons/restaurant.png,OSM
Drâa-Tafilalet,Restaurant sans nom,Restaurant,Formel,Restaurant sans nom,30.7221606,-5.4760254,icons/restaurant.png,OSM
Drâa-Tafilalet,Café sans nom,Café,Formel,Café sans nom,30.7218654,-5.4761703,icons/cafe.png,OSM
Drâa-Tafilalet,Cafe Iminouassif,Café,Formel,Douar Iminouassif,30.489187,-5.4153718,icons/cafe.png,OSM
Drâa-Tafilalet,Supérette / Mini-market sans nom,Supérette / Mini-market,Formel,Supérette / Mini-market sans nom,31.6588641,-6.4374183,icons/convenience.png,OSM
Drâa-Tafilalet,Supérette / Mini-market sans nom,Supérette / Mini-market,Formel,Supérette / Mini-market sans nom,31.8357055,-6.1066706,icons/convenience.png,OSM
Drâa-Tafilalet,Supérette / Mini-market sans nom,Supérette / Mini-market,Formel,Supérette / Mini-market sans nom,31.8352813,-6.1068055,icons/convenience.png,OSM
Drâa-Tafilalet,Café sans nom,Café,Formel,Café sans nom,31.7239145,-6.9718782,icons/cafe.png,OSM
Drâa-Tafilalet,Kiosque sans nom,Kiosque,Informel,Kiosque sans nom,31.834385,-6.1057559,icons/kiosk.png,OSM
Drâa-Tafilalet,Ushbi shop,Supermarché,Formel,Ushbi shop,31.5340367,-5.5350861,icons/supermarket.png,OSM
Drâa-Tafilalet,Hammu Kaddi,Supérette / Mini-market,Formel,Hammu Kaddi,31.5317779,-5.5294498,icons/convenience.png,OSM
Drâa-Tafilalet,Kaddi alla,Supérette / Mini-market,Formel,Kaddi alla,31.5320464,-5.5286685,icons/convenience.png,OSM
Drâa-Tafilalet,Nk,Café,Formel,Nk,31.2984262,-6.0820304,icons/cafe.png,OSM
Drâa-Tafilalet,Pharmacie du Souk صيدلية السوق,Parapharmacie,Formel,"Place de la résistance, Tinghir",31.5187625,-5.5290801,icons/pharmacy.png,OSM
Drâa-Tafilalet,Restaurant sans nom,Restaurant,Formel,Restaurant sans nom,31.6853021,-4.1783685,icons/restaurant.png,OSM
Drâa-Tafilalet,Souk Lhad,Épicerie,Informel,Souk Lhad,31.8884338,-6.180493,icons/greengrocer.png,OSM
Drâa-Tafilalet,Pharmacie Chifa صيدلية الشفاء,Parapharmacie,Formel,"Avenue Moulay Rachid شارع مولاي رشيد, Ouarzazate",30.9231033,-6.9119124,icons/pharmacy.png,OSM
Drâa-Tafilalet,Am Freitag Gemüsemarkt vor der Moschee,Épicerie,Informel,Am Freitag Gemüsemarkt vor der Moschee,30.9287892,-6.8877117,icons/greengrocer.png,OSM
Drâa-Tafilalet,Auberge Oasis Ramlia نزل واحة رملية,Café,Formel,Auberge Oasis Ramlia نزل واحة رملية,30.6858103,-4.4162496,icons/cafe.png,OSM
Drâa-Tafilalet,La Gironde,Restaurant,Formel,Rue des FAR,30.9213545,-6.9195626,icons/restaurant.png,OSM
Drâa-Tafilalet,Kasbah des sables,Restaurant,Formel,Kasbah des sables,30.7095968,-6.4478361,icons/restaurant.png,OSM
Drâa-Tafilalet,Cafe restaurant Marhaba مقهى ومطعم مرحبا,Café,Formel,Cafe restaurant Marhaba مقهى ومطعم مرحبا,30.6403093,-5.1070601,icons/cafe.png,OSM
Drâa-Tafilalet,الركن الذهبي,Café,Formel,الركن الذهبي,30.9259902,-6.9078242,icons/cafe.png,OSM
Drâa-Tafilalet,Asaada,Restaurant,Formel,Asaada,30.3258414,-5.8391316,icons/restaurant.png,OSM
Drâa-Tafilalet,Tombouctou تمبكتو,Restaurant,Formel,زاكورة,30.3255557,-5.8393065,icons/restaurant.png,OSM
Drâa-Tafilalet,Café Restaurant Merzouga,Café,Formel,Café Restaurant Merzouga,31.1041252,-4.0157492,icons/cafe.png,OSM
Drâa-Tafilalet,Restaurant sans nom,Restaurant,Formel,Restaurant sans nom,30.3303738,-5.8384504,icons/restaurant.png,OSM
Drâa-Tafilalet,Sabrine,Café,Formel,Sabrine,30.9204418,-6.8982595,icons/cafe.png,OSM
Drâa-Tafilalet,Restaurant sans nom,Restaurant,Formel,Restaurant sans nom,30.6944663,-6.4577798,icons/restaurant.png,OSM
Drâa-Tafilalet,Pharmacie Daraa صيدلية درعة,Parapharmacie,Formel,Agdz ⴰⴳⴷⵣ أكدز,30.6932734,-6.4540878,icons/pharmacy.png,OSM
Drâa-Tafilalet,Pattiserie,Boulangerie,Formel,Pattiserie,30.693761,-6.4499274,icons/bakery.png,OSM
Drâa-Tafilalet,Super,Supérette / Mini-market,Formel,Super,30.6936221,-6.4494328,icons/convenience.png,OSM
Drâa-Tafilalet,Superrette El Assri,Supermarché,Formel,Superrette El Assri,30.6936307,-6.4488414,icons/supermarket.png,OSM
Drâa-Tafilalet,Sahara,Café,Formel,Sahara,31.5635806,-4.7113896,icons/cafe.png,OSM
Drâa-Tafilalet,Supérette / Mini-market sans nom,Supérette / Mini-market,Formel,Supérette / Mini-market sans nom,31.058236,-6.5577092,icons/convenience.png,OSM
Drâa-Tafilalet,Restaurant sans nom,Restaurant,Formel,Restaurant sans nom,31.0599592,-6.558007,icons/restaurant.png,OSM
Drâa-Tafilalet,Restaurant sans nom,Restaurant,Formel,Restaurant sans nom,31.0970722,-4.0102365,icons/restaurant.png,OSM
Drâa-Tafilalet,Café sans nom,Café,Formel,Café sans nom,31.2713767,-6.5872346,icons/cafe.png,OSM
Drâa-Tafilalet,Auberge Cafe Restaurant La Kasbah,Café,Formel,Auberge Cafe Restaurant La Kasbah,30.6052448,-6.1674856,icons/cafe.png,OSM
Drâa-Tafilalet,Snack Souss,Restaurant,Formel,Snack Souss,30.9213596,-6.9150544,icons/restaurant.png,OSM
Drâa-Tafilalet,Café du Sud,Café,Formel,Café du Sud,30.7831401,-5.5616888,icons/cafe.png,OSM
Drâa-Tafilalet,Restaurant Isabelle,Restaurant,Formel,Restaurant Isabelle,31.4477198,-5.9731053,icons/restaurant.png,OSM
Drâa-Tafilalet,Chez Aziz,Restaurant,Formel,Chez Aziz,31.5194854,-5.5293575,icons/restaurant.png,OSM
Drâa-Tafilalet,Cafe restaurant AMBAOUI,Café,Formel,Cafe restaurant AMBAOUI,31.2878252,-4.2576763,icons/cafe.png,OSM
Drâa-Tafilalet,Boulangerie sans nom,Boulangerie,Formel,Boulangerie sans nom,31.3732095,-5.9871889,icons/bakery.png,OSM
Drâa-Tafilalet,Restaurant sans nom,Restaurant,Formel,Restaurant sans nom,30.9254762,-6.9273487,icons/restaurant.png,OSM
Drâa-Tafilalet,Boulangerie sans nom,Boulangerie,Formel,Boulangerie sans nom,30.9254268,-6.9271736,icons/bakery.png,OSM
Drâa-Tafilalet,Restaurant sans nom,Restaurant,Formel,Restaurant sans nom,31.0608138,-6.5574252,icons/restaurant.png,OSM
Drâa-Tafilalet,Parapharmacie sans nom,Parapharmacie,Formel,Parapharmacie sans nom,31.0605062,-6.5572482,icons/pharmacy.png,OSM
Drâa-Tafilalet,Pharmacie la Résistance صيدلية المقاومة,Parapharmacie,Formel,"Avenue Moulay Ettahar Bed Abdulkarim, Ouarzazate",30.9236406,-6.9233742,icons/pharmacy.png,OSM
Drâa-Tafilalet,Supermarché sans nom,Supermarché,Formel,Supermarché sans nom,30.9250598,-6.9270697,icons/supermarket.png,OSM
Drâa-Tafilalet,Restaurant sans nom,Restaurant,Formel,Restaurant sans nom,31.0957202,-4.0107927,icons/restaurant.png,OSM
Drâa-Tafilalet,Ennahda,Restaurant,Formel,Ennahda,30.6933472,-6.4485133,icons/restaurant.png,OSM
Drâa-Tafilalet,Chez Kiki,Restaurant,Formel,Chez Kiki,31.5156905,-4.6042658,icons/restaurant.png,OSM
Drâa-Tafilalet,Jnanedardiafa,Restaurant,Formel,laagba,30.2608792,-5.6823656,icons/restaurant.png,OSM
Drâa-Tafilalet,Restaurant sans nom,Restaurant,Formel,Restaurant sans nom,31.3661355,-5.9681677,icons/restaurant.png,OSM
Drâa-Tafilalet,Restaurant sans nom,Restaurant,Formel,Restaurant sans nom,31.4478092,-5.9721065,icons/restaurant.png,OSM
Drâa-Tafilalet,Café sans nom,Café,Formel,Café sans nom,31.9604401,-6.5702346,icons/cafe.png,OSM
Drâa-Tafilalet,Restaurant sans nom,Restaurant,Formel,Restaurant sans nom,31.5148897,-5.0165584,icons/restaurant.png,OSM
Drâa-Tafilalet,Café des Fleurs,Café,Formel,Café des Fleurs,31.8216045,-4.9620397,icons/cafe.png,OSM
Drâa-Tafilalet,Café sans nom,Café,Formel,Café sans nom,31.5160257,-5.0160009,icons/cafe.png,OSM
Drâa-Tafilalet,Mini market,Supermarché,Formel,Tarmikt,30.9019848,-6.9101204,icons/supermarket.png,OSM
Drâa-Tafilalet,Supérette / Mini-market sans nom,Supérette / Mini-market,Formel,Supérette / Mini-market sans nom,31.142647,-4.0262049,icons/convenience.png,OSM
Drâa-Tafilalet,Restaurant Café du Sud,Restaurant,Formel,Restaurant Café du Sud,31.3740464,-5.9877713,icons/restaurant.png,OSM
Drâa-Tafilalet,La Gazelle du Sud,Restaurant,Formel,La Gazelle du Sud,31.1157284,-5.1679653,icons/restaurant.png,OSM
Drâa-Tafilalet,مطعم رغيف اللحم المغربي,Restaurant,Formel,مطعم رغيف اللحم المغربي,31.0355137,-4.0064013,icons/restaurant.png,OSM
Drâa-Tafilalet,Supermarché sans nom,Supermarché,Formel,En face de Station Afriquia sur la route principale de Zagora,30.8984306,-6.9075134,icons/supermarket.png,OSM
Drâa-Tafilalet,Milkbar Elyasmina restaurant,Restaurant,Formel,Tinghir,31.5007237,-5.5429374,icons/restaurant.png,OSM
Drâa-Tafilalet,Café Central,Café,Formel,Café Central,31.5204517,-5.5316862,icons/cafe.png,OSM
Drâa-Tafilalet,Pharmacie La Kasbah صيدلية القصبة,Parapharmacie,Formel,"Boulevard Mohammed V شارع محمد الخامس, Ouarzazate ورزازات",30.9192043,-6.9054837,icons/pharmacy.png,OSM
Drâa-Tafilalet,Café Assarag,Café,Formel,Café Assarag,30.9027366,-6.9112934,icons/cafe.png,OSM
Drâa-Tafilalet,Kiosque sans nom,Kiosque,Informel,Kiosque sans nom,30.9191662,-6.9071999,icons/kiosk.png,OSM
Drâa-Tafilalet,Pharmacie Tarmigt صيدلية تارميكت,Parapharmacie,Formel,Tabounte,30.9027208,-6.9115673,icons/pharmacy.png,OSM
Drâa-Tafilalet,Café al Hizame,Café,Formel,Café al Hizame,30.9273753,-6.9268508,icons/cafe.png,OSM
Drâa-Tafilalet,Restaurant sans nom,Restaurant,Formel,Restaurant sans nom,30.9284228,-6.9277657,icons/restaurant.png,OSM
Drâa-Tafilalet,Restaurant sans nom,Restaurant,Formel,Restaurant sans nom,30.9203727,-6.8977005,icons/restaurant.png,OSM
Drâa-Tafilalet,Café Valencia,Café,Formel,Café Valencia,30.9281066,-6.8999602,icons/cafe.png,OSM
Drâa-Tafilalet,Pharmacie Sidi Daoud صيدلية سيدي داود,Parapharmacie,Formel,"Avenue Mohamed V, Ouarzazate ورزازات",30.9230924,-6.8973362,icons/pharmacy.png,OSM
Drâa-Tafilalet,La Halte,Restaurant,Formel,La Halte,30.9211755,-6.9122763,icons/restaurant.png,OSM
Drâa-Tafilalet,Snack Pizzeria,Restaurant,Formel,Snack Pizzeria,30.9279402,-6.9004839,icons/restaurant.png,OSM
Drâa-Tafilalet,Restaurant sans nom,Restaurant,Formel,Restaurant sans nom,30.9220227,-6.8970332,icons/restaurant.png,OSM
Drâa-Tafilalet,Boulangerie sans nom,Boulangerie,Formel,Boulangerie sans nom,30.9232327,-6.8972933,icons/bakery.png,OSM
Drâa-Tafilalet,Restaurant Hanini Mohamed,Restaurant,Formel,Restaurant Hanini Mohamed,31.4269845,-6.8499657,icons/restaurant.png,OSM
Drâa-Tafilalet,Pharmacie Youssef,Parapharmacie,Formel,Pharmacie Youssef,31.4873419,-6.9423076,icons/pharmacy.png,OSM
Drâa-Tafilalet,Café restaurant Inaghmissen,Restaurant,Formel,Café restaurant Inaghmissen,31.6576249,-6.4247747,icons/restaurant.png,OSM
Drâa-Tafilalet,Auberge Hassi Ramlia نزل حاسي رملية,Café,Formel,Auberge Hassi Ramlia نزل حاسي رملية,30.6863344,-4.4156602,icons/cafe.png,OSM
Drâa-Tafilalet,Restaurant Inass,Restaurant,Formel,Restaurant Inass,31.5279927,-5.5454832,icons/restaurant.png,OSM
Drâa-Tafilalet,Fatima berber,Restaurant,Formel,Fatima berber,31.4484867,-5.9796052,icons/restaurant.png,OSM
Drâa-Tafilalet,Séville,Restaurant,Formel,Séville,30.9387814,-6.9730805,icons/restaurant.png,OSM
Drâa-Tafilalet,Supérette / Mini-market sans nom,Supérette / Mini-market,Formel,Supérette / Mini-market sans nom,31.3611265,-5.9997366,icons/convenience.png,OSM
Drâa-Tafilalet,Café sans nom,Café,Formel,Café sans nom,31.5224056,-5.5107121,icons/cafe.png,OSM
Drâa-Tafilalet,Supérette / Mini-market sans nom,Supérette / Mini-market,Formel,Supérette / Mini-market sans nom,31.5788994,-5.5869062,icons/convenience.png,OSM
Drâa-Tafilalet,Restaurant sans nom,Restaurant,Formel,Restaurant sans nom,31.4708042,-5.4024308,icons/restaurant.png,OSM
Drâa-Tafilalet,Supérette / Mini-market sans nom,Supérette / Mini-market,Formel,Supérette / Mini-market sans nom,31.5529494,-4.7071539,icons/convenience.png,OSM
Drâa-Tafilalet,Parapharmacie sans nom,Parapharmacie,Formel,Parapharmacie sans nom,31.5032661,-5.0548561,icons/pharmacy.png,OSM
Drâa-Tafilalet,Pharmacie El Fajr صيدلية الفجر,Parapharmacie,Formel,Erfoud أرفود,31.4348543,-4.2322594,icons/pharmacy.png,OSM
Drâa-Tafilalet,Talamine,Restaurant,Formel,Talamine,31.4572249,-5.3693676,icons/restaurant.png,OSM
Drâa-Tafilalet,Restaurant sans nom,Restaurant,Formel,Restaurant sans nom,31.5541218,-4.8422697,icons/restaurant.png,OSM
Drâa-Tafilalet,Restaurant sans nom,Restaurant,Formel,Restaurant sans nom,30.92269,-6.9273784,icons/restaurant.png,OSM
Drâa-Tafilalet,Kiosque sans nom,Kiosque,Informel,Kiosque sans nom,31.5786366,-5.587639,icons/kiosk.png,OSM
Drâa-Tafilalet,Palma,Café,Formel,Palma,31.568902,-4.7276521,icons/cafe.png,OSM
Drâa-Tafilalet,Pharmacie AlFarouq صيدلية الفاروق,Parapharmacie,Formel,Tinejdad تنجداد,31.5069151,-5.0399404,icons/pharmacy.png,OSM
Drâa-Tafilalet,Supérette / Mini-market sans nom,Supérette / Mini-market,Formel,Supérette / Mini-market sans nom,31.5536197,-4.9073542,icons/convenience.png,OSM
Drâa-Tafilalet,Restaurant sans nom,Restaurant,Formel,Restaurant sans nom,31.1615428,-5.2116895,icons/restaurant.png,OSM
Drâa-Tafilalet,Supérette / Mini-market sans nom,Supérette / Mini-market,Formel,قصر ملعب,31.5490157,-4.8503581,icons/convenience.png,OSM
Drâa-Tafilalet,Belle vue,Restaurant,Formel,Belle vue,31.4957749,-5.0933609,icons/restaurant.png,OSM
Drâa-Tafilalet,Parapharmacie sans nom,Parapharmacie,Formel,Parapharmacie sans nom,31.4911375,-4.4013044,icons/pharmacy.png,OSM
Drâa-Tafilalet,Restaurant sans nom,Restaurant,Formel,Restaurant sans nom,31.5057706,-4.4260016,icons/restaurant.png,OSM
Drâa-Tafilalet,Inass,Restaurant,Formel,Inass,31.5279538,-5.5457082,icons/restaurant.png,OSM
Drâa-Tafilalet,Titrit,Café,Formel,Titrit,31.5523795,-4.9042818,icons/cafe.png,OSM
Drâa-Tafilalet,Restaurant sans nom,Restaurant,Formel,إستواليل,31.5436057,-4.8598003,icons/restaurant.png,OSM
Drâa-Tafilalet,Supérette / Mini-market sans nom,Supérette / Mini-market,Formel,Supérette / Mini-market sans nom,31.1792277,-5.2315659,icons/convenience.png,OSM
Drâa-Tafilalet,Barbecue Faisal,Restaurant,Formel,Barbecue Faisal,31.509108,-5.0324895,icons/restaurant.png,OSM
Drâa-Tafilalet,o3ti,Café,Formel,o3ti,31.4811219,-5.422451,icons/cafe.png,OSM
Drâa-Tafilalet,Supérette / Mini-market sans nom,Supérette / Mini-market,Formel,Supérette / Mini-market sans nom,31.4953101,-4.4083427,icons/convenience.png,OSM
Drâa-Tafilalet,Parapharmacie sans nom,Parapharmacie,Formel,Parapharmacie sans nom,31.4934326,-4.4044646,icons/pharmacy.png,OSM
Drâa-Tafilalet,Hotel New Mars dades,Restaurant,Formel,Hotel New Mars dades,31.5693203,-5.8982396,icons/restaurant.png,OSM
Drâa-Tafilalet,Carrefour,Supermarché,Formel,Carrefour,30.9199402,-6.9192763,icons/supermarket.png,OSM
Drâa-Tafilalet,Restaurant sans nom,Restaurant,Formel,Restaurant sans nom,30.9315583,-6.9167542,icons/restaurant.png,OSM
Drâa-Tafilalet,Snack Abdou Pizzaria,Restaurant,Formel,Snack Abdou Pizzaria,30.9205399,-6.8981038,icons/restaurant.png,OSM
Drâa-Tafilalet,Pharmacie La Santé صيدلية الصحة,Parapharmacie,Formel,"Boulevard Mohammed V شارع محمد الخامس, Ouarzazate",30.9224447,-6.9267583,icons/pharmacy.png,OSM
Drâa-Tafilalet,Cafe snack Hamid,Café,Formel,Cafe snack Hamid,31.1420222,-4.026301,icons/cafe.png,OSM
Drâa-Tafilalet,Cafe Restaurant Tazra,Café,Formel,Cafe Restaurant Tazra,31.0762517,-4.0111451,icons/cafe.png,OSM
Drâa-Tafilalet,Chez Moreno,Café,Formel,Chez Moreno,31.0980639,-4.0145479,icons/cafe.png,OSM
Drâa-Tafilalet,Restaurant Soufiane,Restaurant,Formel,Restaurant Soufiane,31.9655419,-6.5710986,icons/restaurant.png,OSM
Drâa-Tafilalet,Patisserie معجنات رملية,Boulangerie,Formel,Patisserie معجنات رملية,30.6865495,-4.4158342,icons/bakery.png,OSM
Drâa-Tafilalet,Boulangerie sans nom,Boulangerie,Formel,Boulangerie sans nom,30.9259881,-6.8921273,icons/bakery.png,OSM
Drâa-Tafilalet,Restaurant sans nom,Restaurant,Formel,Restaurant sans nom,30.9253892,-6.8902352,icons/restaurant.png,OSM
Drâa-Tafilalet,Ighiz Inn,Restaurant,Formel,Ighiz Inn,31.9156465,-4.4529183,icons/restaurant.png,OSM
Drâa-Tafilalet,Supérette / Mini-market sans nom,Supérette / Mini-market,Formel,Supérette / Mini-market sans nom,30.6065395,-6.1674258,icons/convenience.png,OSM
Drâa-Tafilalet,Supérette / Mini-market sans nom,Supérette / Mini-market,Formel,Supérette / Mini-market sans nom,30.6197146,-6.1660525,icons/convenience.png,OSM
Drâa-Tafilalet,Café sans nom,Café,Formel,Café sans nom,30.6195842,-6.1660552,icons/cafe.png,OSM
Drâa-Tafilalet,Supérette / Mini-market sans nom,Supérette / Mini-market,Formel,Supérette / Mini-market sans nom,30.7107022,-6.2432626,icons/convenience.png,OSM
Drâa-Tafilalet,Pharmacie De Zagora صيدلية زاكورة,Parapharmacie,Formel,"Avenue Mohamed V, Zagora ⵣⴰⴳⵓⵔⴰ زاكورة",30.3292377,-5.8384217,icons/pharmacy.png,OSM
Drâa-Tafilalet,Pharmacie El Baraka صيدلية البركة,Parapharmacie,Formel,"Avenue Hassan II شارع الحسن الثاني, Zagora",30.3255147,-5.8375363,icons/pharmacy.png,OSM
Drâa-Tafilalet,Pharmacie Al Fidraous صيدلية الفردوس,Parapharmacie,Formel,"Avenue Mohamed V, Zagora",30.3318323,-5.837257,icons/pharmacy.png,OSM
Drâa-Tafilalet,Pharmacie Yassine صيدلية ياسين,Parapharmacie,Formel,"Avenue Mohamed V, Zagora ⵣⴰⴳⵓⵔⴰ زاكورة",30.3458329,-5.8384301,icons/pharmacy.png,OSM
Drâa-Tafilalet,Pharmacie Rihane صيدلية ريحان,Parapharmacie,Formel,Zagora ⵣⴰⴳⵓⵔⴰ زاكورة,30.3366926,-5.8387405,icons/pharmacy.png,OSM
Drâa-Tafilalet,Pharmacie Assafar صيدلية أسفار,Parapharmacie,Formel,"Avenue Mohamed V, Zagora",30.3520621,-5.8395326,icons/pharmacy.png,OSM
Drâa-Tafilalet,Pharmacie Al Mahata صيدلية المحطة,Parapharmacie,Formel,Zagora,30.3549382,-5.8403302,icons/pharmacy.png,OSM
Drâa-Tafilalet,Pharmacie Agdz صيدلية أكدز,Parapharmacie,Formel,"Avenue Mohamed V, Agdz ⴰⴳⴷⵣ أكدز",30.6936154,-6.4479115,icons/pharmacy.png,OSM
Drâa-Tafilalet,Pharmacie Ennakhil صيدلية النخيل,Parapharmacie,Formel,Agdz ⴰⴳⴷⵣ أكدز,30.6961857,-6.4483966,icons/pharmacy.png,OSM
Drâa-Tafilalet,Pharmacie Ait Kdif صيدلية أيت كضيف,Parapharmacie,Formel,Ouarzazate ورزازات,30.9254492,-6.8842953,icons/pharmacy.png,OSM
Drâa-Tafilalet,Pharmacie La Palmeraie صيدلية بستان النخيل,Parapharmacie,Formel,OUARZAZATE,30.9222956,-6.8940313,icons/pharmacy.png,OSM
Drâa-Tafilalet,Pharmacie Annour صيدلية النور,Parapharmacie,Formel,"Boulevard Mohammed V شارع محمد الخامس, Ouarzazate ⵡⴰⵔⵣⴰⵣⴰⵜ ورزازات",30.920319,-6.9121125,icons/pharmacy.png,OSM
Drâa-Tafilalet,Pharmacie Laboratoire du Sud صيدلية مختبر الجنوب,Parapharmacie,Formel,ouarzazate,30.921605,-6.9158769,icons/pharmacy.png,OSM
Drâa-Tafilalet,Pharmacie l'hôpital صيدلية المستشفى,Parapharmacie,Formel,"Avenue Mohamed VI, Ouarzazate",30.9248886,-6.9142318,icons/pharmacy.png,OSM
Drâa-Tafilalet,Pharmacie Sidi Hsein صيدلية سيدي حساين,Parapharmacie,Formel,Ouarzazate,30.9261772,-6.9169441,icons/pharmacy.png,OSM
Drâa-Tafilalet,Pharmacie Al Hizame صيدلية الحزام,Parapharmacie,Formel,"Avenue Moulay Abdellah, Ouarzazate",30.9276764,-6.927051,icons/pharmacy.png,OSM
Drâa-Tafilalet,Pharmacie Al Matar صيدلية المطار,Parapharmacie,Formel,"Avenue Moulay Abdellah, Ouarzazate",30.9301939,-6.9085252,icons/pharmacy.png,OSM
Drâa-Tafilalet,Pharmacie Ibn Al Atik صيدلية ابن العتيق,Parapharmacie,Formel,"Avenue Moulay Abdellah, Ouarzazate",30.9289584,-6.9236083,icons/pharmacy.png,OSM
Drâa-Tafilalet,Pharmacie Al Moussala صيدلية المصلى,Parapharmacie,Formel,"Avenue Moulay Abdellah, Ouarzazate ورزازات",30.9291997,-6.9056763,icons/pharmacy.png,OSM
Drâa-Tafilalet,Pharmacie Al Wahda صيدلية الوحدة,Parapharmacie,Formel,"Avenue Al Maghreb Al Arabi, Ouarzazate ورزازات",30.9269364,-6.9047722,icons/pharmacy.png,OSM
Drâa-Tafilalet,Pharmacie Al Maghreb Al Arabi صيدلية المغرب العربي,Parapharmacie,Formel,"Avenue Al Maghreb Al Arabi, Ouarzazate ورزازات",30.9283813,-6.8994142,icons/pharmacy.png,OSM
Drâa-Tafilalet,Pharmacie Al Qods صيدلية القدس,Parapharmacie,Formel,Ouarzazate,30.9265625,-6.8933141,icons/pharmacy.png,OSM
Drâa-Tafilalet,Pharmacie El Filaha صيدلية الفلاحة,Parapharmacie,Formel,Ouarzazate ورزازات,30.9246437,-6.8798132,icons/pharmacy.png,OSM
Drâa-Tafilalet,Pharmacie Ibn Sina صيدلية ابن سينا,Parapharmacie,Formel,"Rue Ait Kdif, Ouarzazate ورزازات",30.9263875,-6.8794226,icons/pharmacy.png,OSM
Drâa-Tafilalet,Pharmacie Ouarzazate صيدلية ورزازات,Parapharmacie,Formel,"Avenue Mohamed V, Ouarzazate",30.9270247,-6.9399603,icons/pharmacy.png,OSM
Drâa-Tafilalet,Pharmacie Dadouch صيدلية دادوش,Parapharmacie,Formel,Ouarzazate ورزازات,30.9339167,-6.9235483,icons/pharmacy.png,OSM
Drâa-Tafilalet,Pharmacie Hay El Mohammadi صيدلية الحي المحمدي,Parapharmacie,Formel,Ouarzazate ورزازات,30.9397095,-6.9382365,icons/pharmacy.png,OSM
Drâa-Tafilalet,Pharmacie Arrahma صيدلية الرحمة,Parapharmacie,Formel,Ouarzazate ورزازات,30.9375916,-6.9651201,icons/pharmacy.png,OSM
Drâa-Tafilalet,Pharmacie Al Masjid صيدلية المسجد,Parapharmacie,Formel,"Hay Al Mouquama, Ouarzazate ورزازات",30.925965,-6.9227039,icons/pharmacy.png,OSM
Drâa-Tafilalet,Pharmacie Itrane صيدلية إثران,Parapharmacie,Formel,"Avenue Al Maghreb Al Arabi, Ouarzazate ورزازات",30.9258423,-6.9095214,icons/pharmacy.png,OSM
Drâa-Tafilalet,Pharmacie Atlas صيدلية أطلس,Parapharmacie,Formel,"Avenue Al Maghreb Al Arabi, Ouarzazate ورزازات",30.9270673,-6.8963151,icons/pharmacy.png,OSM
Drâa-Tafilalet,Pharmacie Tamlalte صيدلية تملالت,Parapharmacie,Formel,Kalaat M'Gouna ⵜⵉⵖⵔⵎⵜ ⵏ ⵉⵎⴳⵓⵏⵏ قلعة مغونة,31.2420809,-6.1280574,icons/pharmacy.png,OSM
Drâa-Tafilalet,Pharmacie Aït Hammou صيدلية ايت حمو,Parapharmacie,Formel,Kalaat M'Gouna ⵜⵉⵖⵔⵎⵜ ⵏ ⵉⵎⴳⵓⵏⵏ قلعة مغونة,31.2372841,-6.129126,icons/pharmacy.png,OSM
Drâa-Tafilalet,Pharmacie El Karam صيدلية الكرم,Parapharmacie,Formel,Kalaat M'Gouna ⵜⵉⵖⵔⵎⵜ ⵏ ⵉⵎⴳⵓⵏⵏ قلعة مغونة,31.2383553,-6.1273732,icons/pharmacy.png,OSM
Drâa-Tafilalet,Pharmacie Dades صيدلية دادس,Parapharmacie,Formel,Kalaat M'Gouna,31.2393106,-6.1252011,icons/pharmacy.png,OSM
Drâa-Tafilalet,Pharmacie Rose Dades صيدلية ورود دادس,Parapharmacie,Formel,Kalaat M'Gouna ⵜⵉⵖⵔⵎⵜ ⵏ ⵉⵎⴳⵓⵏⵏ قلعة مغونة,31.2391091,-6.1281744,icons/pharmacy.png,OSM
Drâa-Tafilalet,Pharmacie Al Amal صيدلية الأمل,Parapharmacie,Formel,Kalaat M'Gouna ⵜⵉⵖⵔⵎⵜ ⵏ ⵉⵎⴳⵓⵏⵏ قلعة مغونة,31.240941,-6.1281997,icons/pharmacy.png,OSM
Drâa-Tafilalet,Pharmacie Ruchdi صيدلية رشدي,Parapharmacie,Formel,Kalaat M'Gouna,31.2416597,-6.1160713,icons/pharmacy.png,OSM
Drâa-Tafilalet,Pharmacie Dades صيدلية دادس,Parapharmacie,Formel,Boumalne Dadès ⴱⵓⵎⴰⵍⵏ ⴷⴰⴷⵙ بومالن دادس,31.3717794,-5.9859779,icons/pharmacy.png,OSM
Drâa-Tafilalet,Pharmacie Tenere صيدلية تينيري,Parapharmacie,Formel,Boumalne Dadès,31.3678241,-5.9773581,icons/pharmacy.png,OSM
Drâa-Tafilalet,Pharmacie Les Gorges صيدلية ليكورج,Parapharmacie,Formel,Tinghir ⵜⵉⵏⵖⵉⵔ تنغير,31.5197322,-5.5320459,icons/pharmacy.png,OSM
Drâa-Tafilalet,Pharmacie Al Waffa صيدلية الوفاء,Parapharmacie,Formel,Tinghir ⵜⵉⵏⵖⵉⵔ تنغير,31.5207893,-5.5288936,icons/pharmacy.png,OSM
Drâa-Tafilalet,Pharmacie Tinghir صيدلية تنغير,Parapharmacie,Formel,Tinghir ⵜⵉⵏⵖⵉⵔ تنغير,31.5205391,-5.5305189,icons/pharmacy.png,OSM
Drâa-Tafilalet,Pharmacie Grand Atlas صيدلية الأطلس الكبير,Parapharmacie,Formel,"Avenue Mohamed V, Tinghir",31.5139197,-5.5388206,icons/pharmacy.png,OSM
Drâa-Tafilalet,Pharmacie Nafis صيدلية نفيس,Parapharmacie,Formel,"Avenue Mohamed V, Tinghir",31.5026196,-5.5408515,icons/pharmacy.png,OSM
Drâa-Tafilalet,Pharmacie Tawzzayte صيدلية توزايت,Parapharmacie,Formel,Tinghir,31.501192,-5.5333766,icons/pharmacy.png,OSM
Drâa-Tafilalet,Pharmacie Alyosr صيدلية اليسر,Parapharmacie,Formel,Tinghir,31.5077001,-5.5316006,icons/pharmacy.png,OSM
Drâa-Tafilalet,Pharmacie Assiha صيدلية الصحة,Parapharmacie,Formel,"Avenue Bir Anzarane, Tinghir",31.5105075,-5.5336071,icons/pharmacy.png,OSM
Drâa-Tafilalet,Pharmacie La Palmeraie صيدلية النخيل,Parapharmacie,Formel,Goulmima ⴳⵓⵍⵎⵉⵎⴰ گلميمة,31.6908763,-4.9562124,icons/pharmacy.png,OSM
Drâa-Tafilalet,Pharmacie Goulmima صيدلية كلميمة,Parapharmacie,Formel,Goulmima ⴳⵓⵍⵎⵉⵎⴰ گلميمة,31.6908099,-4.9541238,icons/pharmacy.png,OSM
Drâa-Tafilalet,Pharmacie De La mosquée صيدلية المسجد,Parapharmacie,Formel,Goulmima ⴳⵓⵍⵎⵉⵎⴰ گلميمة,31.6925627,-4.9540326,icons/pharmacy.png,OSM
Drâa-Tafilalet,Pharmacie Hopital 20 Aout صيدلية مستشفى 20 أغسطس,Parapharmacie,Formel,كلميمة,31.6829436,-4.9612756,icons/pharmacy.png,OSM
Drâa-Tafilalet,Pharmacie Almassira صيدلية المسيرة,Parapharmacie,Formel,Tinejdad تنجداد,31.5078621,-5.0367471,icons/pharmacy.png,OSM
Drâa-Tafilalet,Pharmacie Tinejdad صيدلية تنجداد,Parapharmacie,Formel,Tinejdad ⵜⵉⵏⵊⴷⴰⴷ تنجداد,31.5095196,-5.0322487,icons/pharmacy.png,OSM
Drâa-Tafilalet,Pharmacie L'aéroport صيدلية المطار,Parapharmacie,Formel,Errachidia ⵉⵎⵜⵖⴻⵔⵏ الرشيدية,31.9362822,-4.4045728,icons/pharmacy.png,OSM
Drâa-Tafilalet,Pharmacie Ouled Elhaj صيدلية أولاد الحاج,Parapharmacie,Formel,Errachidia ⵉⵎⵜⵖⴻⵔⵏ الرشيدية,31.9341926,-4.4083517,icons/pharmacy.png,OSM
Drâa-Tafilalet,Nouvelle Pharmacie الصيدلية الجديدة,Parapharmacie,Formel,Errachidia ⵉⵎⵜⵖⴻⵔⵏ الرشيدية,31.9363453,-4.4115714,icons/pharmacy.png,OSM
Drâa-Tafilalet,Pharmacie Moulay Ali Cherif صيدلية مولاي علي الشريف,Parapharmacie,Formel,"Boulevard Marche Verte, Errachidia",31.9391623,-4.4188226,icons/pharmacy.png,OSM
Drâa-Tafilalet,Pharmacie Al Amal صيدلية الأمل,Parapharmacie,Formel,Errachidia,31.9414126,-4.4219408,icons/pharmacy.png,OSM
Drâa-Tafilalet,Pharmacie Errachidia صيدلية الرشيدية,Parapharmacie,Formel,"Rue Mohammed Zarktouni, Errachidia ⵉⵎⵜⵖⴻⵔⵏ الرشيدية",31.9322755,-4.4272453,icons/pharmacy.png,OSM
Drâa-Tafilalet,Pharmacie des vallées صيدلية الأودية,Parapharmacie,Formel,Errachidia ⵉⵎⵜⵖⴻⵔⵏ الرشيدية,31.9307461,-4.4262615,icons/pharmacy.png,OSM
Drâa-Tafilalet,Pharmacie Elmassira صيدلية المسيرة,Parapharmacie,Formel,Errachidia,31.9201028,-4.42149,icons/pharmacy.png,OSM
Drâa-Tafilalet,Pharmacie Al Fath صيدلية الفتح,Parapharmacie,Formel,"Avenue Moulay Ali Cherif, Errachidia ⵉⵎⵜⵖⴻⵔⵏ الرشيدية",31.9288802,-4.4272539,icons/pharmacy.png,OSM
Drâa-Tafilalet,Pharmacie L'Habitat صيدلية لابيطا,Parapharmacie,Formel,Errachidia,31.928671,-4.4210573,icons/pharmacy.png,OSM
Drâa-Tafilalet,Pharmacie Al Oum Aicha صيدلية الأم عائشة,Parapharmacie,Formel,Errachidia,31.9174209,-4.4214494,icons/pharmacy.png,OSM
Drâa-Tafilalet,Pharmacie Al Moustakbal صيدلية المستقبل,Parapharmacie,Formel,Errachidia ⵉⵎⵜⵖⴻⵔⵏ الرشيدية,31.9181116,-4.4282013,icons/pharmacy.png,OSM
Drâa-Tafilalet,Pharmacie Boutlamine صيدلية بوتلامين,Parapharmacie,Formel,"Avenue Dakhla, Errachidia",31.924183,-4.4387958,icons/pharmacy.png,OSM
Drâa-Tafilalet,Pharmacie El Waha صيدلية الواحة,Parapharmacie,Formel,Errachidia ⵉⵎⵜⵖⴻⵔⵏ الرشيدية,31.9131402,-4.4334935,icons/pharmacy.png,OSM
Drâa-Tafilalet,Pharmacie Oued Eddahab صيدلية واد الذهب,Parapharmacie,Formel,Errachidia,31.9166957,-4.4408727,icons/pharmacy.png,OSM
Drâa-Tafilalet,Pharmacie Al Inara صيدلية الإنارة,Parapharmacie,Formel,Errachidia ⵉⵎⵜⵖⴻⵔⵏ الرشيدية,31.9129148,-4.4323783,icons/pharmacy.png,OSM
Drâa-Tafilalet,Pharmacie Al Montazah صيدلية المنتزه,Parapharmacie,Formel,Errachidia,31.9163693,-4.4447159,icons/pharmacy.png,OSM
Drâa-Tafilalet,Pharmacie Mohamed Yasser صيدلية محمد ياسر,Parapharmacie,Formel,Errachidia,31.9138222,-4.4464493,icons/pharmacy.png,OSM
Drâa-Tafilalet,Pharmacie Dakhla صيدلية الداخلة,Parapharmacie,Formel,Errachidia,31.923678,-4.4353883,icons/pharmacy.png,OSM
Drâa-Tafilalet,Pharmacie Targa صيدلية تاركة,Parapharmacie,Formel,Errachidia,31.9278105,-4.4429916,icons/pharmacy.png,OSM
Drâa-Tafilalet,Pharmacie Annour صيدلية النور,Parapharmacie,Formel,Errachidia,31.9349617,-4.4509326,icons/pharmacy.png,OSM
Drâa-Tafilalet,Pharmacie Azemour صيدلية أزمور,Parapharmacie,Formel,"Avenue Mohamed VI, Errachidia ⵉⵎⵜⵖⴻⵔⵏ الرشيدية",31.9361465,-4.4476988,icons/pharmacy.png,OSM
Drâa-Tafilalet,Pharmacie Ait Aissa صيدلية ايت عيسى,Parapharmacie,Formel,Errachidia,31.9271626,-4.4465871,icons/pharmacy.png,OSM
Drâa-Tafilalet,Pharmacie Masjid Targa Jdida صيدلية مسجد تاركا الجديدة,Parapharmacie,Formel,Errachidia ⵉⵎⵜⵖⴻⵔⵏ الرشيدية,31.93061,-4.4422649,icons/pharmacy.png,OSM
Drâa-Tafilalet,Pharmacie Ibn Rochd صيدلية ابن رشد,Parapharmacie,Formel,Errachidia ⵉⵎⵜⵖⴻⵔⵏ الرشيدية,31.9377986,-4.4555933,icons/pharmacy.png,OSM
Drâa-Tafilalet,Pharmacie La Cité Universitaire صيدلية الحي الجامعي,Parapharmacie,Formel,Errachidia ⵉⵎⵜⵖⴻⵔⵏ الرشيدية,31.9377104,-4.452715,icons/pharmacy.png,OSM
Drâa-Tafilalet,Pharmacie Acima صيدلية أسيما,Parapharmacie,Formel,Errachidia ⵉⵎⵜⵖⴻⵔⵏ الرشيدية,31.9310274,-4.4537288,icons/pharmacy.png,OSM
Drâa-Tafilalet,Pharmacie El Aati صيدلية العاطي,Parapharmacie,Formel,Errachidia ⵉⵎⵜⵖⴻⵔⵏ الرشيدية,31.9348716,-4.456317,icons/pharmacy.png,OSM
Drâa-Tafilalet,Pharmacie Chifae صيدلية الشفاء,Parapharmacie,Formel,Errachidia,31.9308822,-4.4225252,icons/pharmacy.png,OSM
Drâa-Tafilalet,Pharmacie L'université صيدلية الجامعة,Parapharmacie,Formel,Errachidia ⵉⵎⵜⵖⴻⵔⵏ الرشيدية,31.9318237,-4.4456618,icons/pharmacy.png,OSM
Drâa-Tafilalet,Pharmacie Ibn Sina صيدلية ابن سينا,Parapharmacie,Formel,"Boulevard Cheikh Al Islam, Errachidia",31.9253155,-4.4247745,icons/pharmacy.png,OSM
Drâa-Tafilalet,Pharmacie El Masjid صيدلية المسجد,Parapharmacie,Formel,Errachidia ⵉⵎⵜⵖⴻⵔⵏ الرشيدية,31.9284401,-4.4242422,icons/pharmacy.png,OSM
Drâa-Tafilalet,Pharmacie El Mohit صيدلية المحيط,Parapharmacie,Formel,Errachidia ⵉⵎⵜⵖⴻⵔⵏ الرشيدية,31.9288707,-4.4334542,icons/pharmacy.png,OSM
Drâa-Tafilalet,Pharmacie L'Oasis صيدلية الواحة,Parapharmacie,Formel,Errachidia ⵉⵎⵜⵖⴻⵔⵏ الرشيدية,31.9230435,-4.4486204,icons/pharmacy.png,OSM
Drâa-Tafilalet,Pharmacie Les Parents صيدلية الوالدين,Parapharmacie,Formel,Rissani,31.280397,-4.2654488,icons/pharmacy.png,OSM
Drâa-Tafilalet,Pharmacie Sijlmassa صيدلية سجلماسة,Parapharmacie,Formel,Rissani,31.2861924,-4.2637471,icons/pharmacy.png,OSM
Drâa-Tafilalet,Pharmacie Oued Chorafa صيدلية واد الشرفاء,Parapharmacie,Formel,Rissani ⵔⵉⵙⵙⴰⵏⵉ الريصاني,31.2855872,-4.2651818,icons/pharmacy.png,OSM
Drâa-Tafilalet,Pharmacie Anassiha صيدلية النصيحة,Parapharmacie,Formel,Rissani,31.2822647,-4.2702565,icons/pharmacy.png,OSM
Drâa-Tafilalet,Pharmacie Al Quds صيدلية القدس,Parapharmacie,Formel,Arfoud أرفود,31.4384921,-4.2316629,icons/pharmacy.png,OSM
Drâa-Tafilalet,Pharmacie El Bathaa صيدلية البطحاء,Parapharmacie,Formel,Erfoud أرفود,31.433386,-4.2354147,icons/pharmacy.png,OSM
Drâa-Tafilalet,Pharmacie Essalam صيدلية السلام,Parapharmacie,Formel,Erfoud أرفود,31.4338923,-4.2322381,icons/pharmacy.png,OSM
Drâa-Tafilalet,Pharmacie du Marché صيدلية السوق,Parapharmacie,Formel,Erfoud أرفود,31.4348888,-4.2293119,icons/pharmacy.png,OSM
Drâa-Tafilalet,Pharmacie Principale الصيدلية المركزية,Parapharmacie,Formel,Erfoud أرفود,31.4346247,-4.2301802,icons/pharmacy.png,OSM
Drâa-Tafilalet,pharmacie Anahda صيدلية النهضة,Parapharmacie,Formel,"Boulevard Hadj Ahmed Ba Hnini, Erfoud أرفود",31.4293922,-4.2352389,icons/pharmacy.png,OSM
Drâa-Tafilalet,Pharmacie Imi Nifri صيدلية إمي نفري,Parapharmacie,Formel,Demnate ⴷⵎⵏⴰⵜ دمنات,31.7316217,-6.9996327,icons/pharmacy.png,OSM
Drâa-Tafilalet,Pharmacie Izlafen صيدلية إزلافن,Parapharmacie,Formel,Azilal ⴰⵣⵉⵍⴰⵍ أزيلال,31.9472537,-6.5855488,icons/pharmacy.png,OSM
Drâa-Tafilalet,Pharmacie de la Gare صيدلية المحطة,Parapharmacie,Formel,Azilal ⴰⵣⵉⵍⴰⵍ أزيلال,31.9517462,-6.5851194,icons/pharmacy.png,OSM
Drâa-Tafilalet,Pharmacie Tanoute صيدلية تانوت,Parapharmacie,Formel,Azilal ⴰⵣⵉⵍⴰⵍ أزيلال,31.97059,-6.5655113,icons/pharmacy.png,OSM
Drâa-Tafilalet,Pharmacie Anass صيدلية أنس,Parapharmacie,Formel,Azilal,31.9632751,-6.5676817,icons/pharmacy.png,OSM
Drâa-Tafilalet,Pharmacie Ouahda صيدلية الوحدة,Parapharmacie,Formel,Azilal ⴰⵣⵉⵍⴰⵍ أزيلال,31.9678707,-6.5697279,icons/pharmacy.png,OSM
Drâa-Tafilalet,Pharmacie Ben Allal صيدلية بن علال,Parapharmacie,Formel,"Avenue Hassan II, Azilal",31.9582457,-6.5736906,icons/pharmacy.png,OSM
Drâa-Tafilalet,Sidi ali,Café,Formel,Sidi ali,30.6710331,-4.687485,icons/cafe.png,OSM
Drâa-Tafilalet,Boutique de confiserie sans nom,Boutique de confiserie,Informel,Boutique de confiserie sans nom,31.1016739,-4.0161122,icons/confectionery.png,OSM
Drâa-Tafilalet,Doha,Restaurant,Formel,Doha,31.9319256,-4.4242342,icons/restaurant.png,OSM
Drâa-Tafilalet,Café Restaurant Boucherie Kanzi,Restaurant,Formel,Café Restaurant Boucherie Kanzi,31.6858281,-4.9587464,icons/restaurant.png,OSM
Drâa-Tafilalet,Café sans nom,Café,Formel,Café sans nom,31.5480275,-4.6834289,icons/cafe.png,OSM
Drâa-Tafilalet,O2,Restaurant,Formel,O2,31.5059477,-5.0433499,icons/restaurant.png,OSM
Drâa-Tafilalet,مارينا,Café,Formel,مارينا,31.9315257,-4.4268254,icons/cafe.png,OSM
Drâa-Tafilalet,سندباد,Restaurant,Formel,سندباد,31.9285169,-4.4258054,icons/restaurant.png,OSM
Drâa-Tafilalet,Spécialités Locales et Produits Cosmétiques,Supérette / Mini-market,Formel,Spécialités Locales et Produits Cosmétiques,31.9270787,-4.4229535,icons/convenience.png,OSM
Drâa-Tafilalet,Nebras,Supermarché,Formel,"Hay Mohammady Avenue Moulay Ettahar Bed Abdulkarim, Ouarzazate ورزازات",30.9395263,-6.9373583,icons/supermarket.png,OSM
Drâa-Tafilalet,TF,Café,Formel,Avenue Moulay Rachid شارع مولاي رشيد,30.9218762,-6.9072841,icons/cafe.png,OSM
Drâa-Tafilalet,Le Secret Des Epices,Épicerie,Informel,Le Secret Des Epices,31.0596435,-6.5569473,icons/greengrocer.png,OSM
Drâa-Tafilalet,Coffee shop,Café,Formel,Coffee shop,31.0600557,-6.5573664,icons/cafe.png,OSM
Drâa-Tafilalet,مطعم البركة (La Baraka),Restaurant,Formel,مطعم البركة (La Baraka),31.2807624,-4.267239,icons/restaurant.png,OSM
Drâa-Tafilalet,Marina,Restaurant,Formel,Marina,31.9315613,-4.426889,icons/restaurant.png,OSM
Drâa-Tafilalet,Café sans nom,Café,Formel,Café sans nom,31.9190053,-4.4483977,icons/cafe.png,OSM
Drâa-Tafilalet,Café rond-point,Café,Formel,Café rond-point,31.9186253,-4.4472194,icons/cafe.png,OSM
Drâa-Tafilalet,Dima Cinq Cinq,Restaurant,Formel,Dima Cinq Cinq,31.9301959,-4.4259503,icons/restaurant.png,OSM
Drâa-Tafilalet,السوق الاسبوعي ايت بواولي,Épicerie,Informel,"مركز ايت بواولي, Ait Bou Oulli ⴰⵢⵜ ⴱⵓⵡⵍⵍⵉ آيت بو علي",31.6030348,-6.6040054,icons/greengrocer.png,OSM
Drâa-Tafilalet,Gîte Imarin,Café,Formel,Dr  Agouti 22450 Ait Bougumez,31.637022,-6.4698627,icons/cafe.png,OSM
Drâa-Tafilalet,Restaurant sans nom,Restaurant,Formel,Restaurant sans nom,30.8697582,-5.8676368,icons/restaurant.png,OSM
Drâa-Tafilalet,Shop Artman Sagaoue,Supérette / Mini-market,Formel,Shop Artman Sagaoue,31.3556794,-4.1350695,icons/convenience.png,OSM
Drâa-Tafilalet,Supermarché sans nom,Supermarché,Formel,Supermarché sans nom,31.371494,-5.9861801,icons/supermarket.png,OSM
Drâa-Tafilalet,Etoiles 5,Restaurant,Formel,Etoiles 5,30.9258323,-6.9097229,icons/restaurant.png,OSM
Drâa-Tafilalet,Restaurant sans nom,Restaurant,Formel,Restaurant sans nom,30.9390399,-6.9765885,icons/restaurant.png,OSM
Drâa-Tafilalet,Riad Dadès Paradise,Restaurant,Formel,Riad Dadès Paradise,31.5027303,-5.9460356,icons/restaurant.png,OSM
Drâa-Tafilalet,Café sans nom,Café,Formel,Café sans nom,30.9204124,-6.9171524,icons/cafe.png,OSM
Drâa-Tafilalet,negozio alimentari,Supermarché,Formel,negozio alimentari,31.4525081,-6.1200285,icons/supermarket.png,OSM
Drâa-Tafilalet,petit mmagasin,Supermarché,Formel,petit mmagasin,31.3951049,-6.164639,icons/supermarket.png,OSM
Drâa-Tafilalet,petit magasin,Supermarché,Formel,petit magasin,31.3905735,-6.131943,icons/supermarket.png,OSM
Drâa-Tafilalet,Restaurant sans nom,Restaurant,Formel,Restaurant sans nom,30.8989136,-6.9092441,icons/restaurant.png,OSM
Drâa-Tafilalet,Texas,Restaurant,Formel,Texas,30.3311511,-5.8375512,icons/restaurant.png,OSM
Drâa-Tafilalet,Supérette / Mini-market sans nom,Supérette / Mini-market,Formel,Supérette / Mini-market sans nom,31.7878658,-6.0742897,icons/convenience.png,OSM
Drâa-Tafilalet,Supérette / Mini-market sans nom,Supérette / Mini-market,Formel,Supérette / Mini-market sans nom,31.0607488,-6.5562351,icons/convenience.png,OSM
Drâa-Tafilalet,planet of pays,Restaurant,Formel,Gorges du Dades,31.5002191,-5.946418,icons/restaurant.png,OSM
Drâa-Tafilalet,Café sans nom,Café,Formel,Café sans nom,31.4310956,-5.3377022,icons/cafe.png,OSM
Drâa-Tafilalet,Repos des Nomades,Restaurant,Formel,Repos des Nomades,31.1235791,-5.1732129,icons/restaurant.png,OSM
Drâa-Tafilalet,Café sans nom,Café,Formel,Café sans nom,30.6293587,-5.3509099,icons/cafe.png,OSM
Drâa-Tafilalet,Épicerie sans nom,Épicerie,Informel,Épicerie sans nom,31.5065979,-5.5391812,icons/greengrocer.png,OSM
Drâa-Tafilalet,Restaurant sans nom,Restaurant,Formel,Restaurant sans nom,31.1164182,-5.1623193,icons/restaurant.png,OSM
Drâa-Tafilalet,Restaurant sans nom,Restaurant,Formel,Gorges du Dades,31.4480358,-5.9799728,icons/restaurant.png,OSM
Drâa-Tafilalet,Supérette / Mini-market sans nom,Supérette / Mini-market,Formel,Supérette / Mini-market sans nom,31.5956385,-6.9371434,icons/convenience.png,OSM
Drâa-Tafilalet,Supérette / Mini-market sans nom,Supérette / Mini-market,Formel,Supérette / Mini-market sans nom,31.4858626,-6.9428068,icons/convenience.png,OSM
Drâa-Tafilalet,Supérette / Mini-market sans nom,Supérette / Mini-market,Formel,Supérette / Mini-market sans nom,31.0825644,-6.5731502,icons/convenience.png,OSM
Drâa-Tafilalet,Supérette / Mini-market sans nom,Supérette / Mini-market,Formel,Supérette / Mini-market sans nom,31.4384033,-6.0152963,icons/convenience.png,OSM
Drâa-Tafilalet,Restaurant sans nom,Restaurant,Formel,Restaurant sans nom,31.1159011,-5.1679932,icons/restaurant.png,OSM
Drâa-Tafilalet,Restaurant sans nom,Restaurant,Formel,Restaurant sans nom,31.1156439,-5.1670262,icons/restaurant.png,OSM
Drâa-Tafilalet,تخفيضات ماسين,Supermarché,Formel,تخفيضات ماسين,30.896192,-6.9018825,icons/supermarket.png,OSM
Drâa-Tafilalet,petite épicerie,Supérette / Mini-market,Formel,petite épicerie,31.2516594,-5.8584918,icons/convenience.png,OSM
Drâa-Tafilalet,Café sans nom,Café,Formel,Café sans nom,31.1392938,-4.0244328,icons/cafe.png,OSM
Drâa-Tafilalet,Épicerie sans nom,Épicerie,Informel,Épicerie sans nom,31.1405198,-4.0252174,icons/greengrocer.png,OSM
Drâa-Tafilalet,Épicerie sans nom,Épicerie,Informel,Épicerie sans nom,31.1395954,-4.028806,icons/greengrocer.png,OSM
Drâa-Tafilalet,Supérette / Mini-market sans nom,Supérette / Mini-market,Formel,Supérette / Mini-market sans nom,31.4184046,-6.8832377,icons/convenience.png,OSM
Drâa-Tafilalet,Supérette / Mini-market sans nom,Supérette / Mini-market,Formel,Supérette / Mini-market sans nom,31.4498232,-6.911657,icons/convenience.png,OSM
Drâa-Tafilalet,Supérette / Mini-market sans nom,Supérette / Mini-market,Formel,Supérette / Mini-market sans nom,31.4866775,-6.9426566,icons/convenience.png,OSM
Drâa-Tafilalet,Boulangerie sans nom,Boulangerie,Formel,Boulangerie sans nom,31.4865528,-6.9427907,icons/bakery.png,OSM
Drâa-Tafilalet,Cafe Assonfou,Café,Formel,Cafe Assonfou,31.8350997,-6.1065617,icons/cafe.png,OSM
Drâa-Tafilalet,Cafe Restaurant Boulangerie Atlas,Restaurant,Formel,Cafe Restaurant Boulangerie Atlas,31.8353155,-6.1071125,icons/restaurant.png,OSM
Drâa-Tafilalet,Espace Kasabah Amridil,Restaurant,Formel,Espace Kasabah Amridil,31.04608,-6.5813441,icons/restaurant.png,OSM
Drâa-Tafilalet,chez Tata galette berbere,Restaurant,Formel,Avenue Mohamed V شارع الحسن الثاني,30.3303567,-5.8377365,icons/restaurant.png,OSM
Drâa-Tafilalet,Centre comercial de produits locale,Supérette / Mini-market,Formel,Centre comercial de produits locale,31.931185,-4.4525924,icons/convenience.png,OSM
Drâa-Tafilalet,Agdz,Restaurant,Formel,Agdz,30.694141,-6.4563601,icons/restaurant.png,OSM
Drâa-Tafilalet,Restaurant sans nom,Restaurant,Formel,Restaurant sans nom,30.2610326,-5.6821252,icons/restaurant.png,OSM
Drâa-Tafilalet,Café Atlas,Café,Formel,Café Atlas,31.5879759,-6.480127,icons/cafe.png,OSM
Drâa-Tafilalet,petit magasin,Supérette / Mini-market,Formel,petit magasin,31.0723604,-5.8098441,icons/convenience.png,OSM
Drâa-Tafilalet,Restaurant sans nom,Restaurant,Formel,Restaurant sans nom,30.9208962,-6.9173048,icons/restaurant.png,OSM
Drâa-Tafilalet,Palm Grove restaurant,Restaurant,Formel,Palm Grove restaurant,30.9041153,-6.8980086,icons/restaurant.png,OSM
Drâa-Tafilalet,احسن مول زعزع,Restaurant,Formel,احسن مول زعزع,30.9275815,-6.897333,icons/restaurant.png,OSM
Drâa-Tafilalet,Itrane,Restaurant,Formel,Itrane,30.6929055,-6.4485119,icons/restaurant.png,OSM
Drâa-Tafilalet,Supérette / Mini-market sans nom,Supérette / Mini-market,Formel,Supérette / Mini-market sans nom,31.2306118,-6.1376949,icons/convenience.png,OSM
Drâa-Tafilalet,Boulangerie sans nom,Boulangerie,Formel,Boulangerie sans nom,31.6605533,-6.4082872,icons/bakery.png,OSM
Drâa-Tafilalet,Café sans nom,Café,Formel,Café sans nom,31.9518344,-6.5730731,icons/cafe.png,OSM
Drâa-Tafilalet,Épicerie sans nom,Épicerie,Informel,Épicerie sans nom,31.1409119,-4.0253515,icons/greengrocer.png,OSM
Drâa-Tafilalet,selouan shop,Supermarché,Formel,selouan shop,31.2497452,-6.1277165,icons/supermarket.png,OSM
Drâa-Tafilalet,Belle Vue,Restaurant,Formel,Belle Vue,31.9590001,-6.5713573,icons/restaurant.png,OSM
Drâa-Tafilalet,Restaurant sans nom,Restaurant,Formel,Restaurant sans nom,31.0266012,-6.5815032,icons/restaurant.png,OSM
Drâa-Tafilalet,Supérette / Mini-market sans nom,Supérette / Mini-market,Formel,Supérette / Mini-market sans nom,31.5116311,-5.5375628,icons/convenience.png,OSM
Drâa-Tafilalet,Mini Market Ouaza,Supérette / Mini-market,Formel,Mini Market Ouaza,31.5175828,-5.5362878,icons/convenience.png,OSM
Drâa-Tafilalet,Supérette / Mini-market sans nom,Supérette / Mini-market,Formel,Supérette / Mini-market sans nom,31.5154419,-5.5374986,icons/convenience.png,OSM
Drâa-Tafilalet,Espace,Restaurant,Formel,Espace,31.5576085,-4.7092087,icons/restaurant.png,OSM
Drâa-Tafilalet,Ikken,Restaurant,Formel,Ikken,31.5199435,-4.6141385,icons/restaurant.png,OSM
Drâa-Tafilalet,Restaurant sans nom,Restaurant,Formel,Restaurant sans nom,31.5275133,-4.4682089,icons/restaurant.png,OSM
Drâa-Tafilalet,Essada,Café,Formel,Essada,31.5241322,-4.4574934,icons/cafe.png,OSM
Drâa-Tafilalet,Restaurant sans nom,Restaurant,Formel,Restaurant sans nom,31.3690044,-4.1523421,icons/restaurant.png,OSM
Drâa-Tafilalet,Caravane,Restaurant,Formel,Caravane,30.692848,-6.448268,icons/restaurant.png,OSM
Drâa-Tafilalet,Daraa Agdz,Restaurant,Formel,Daraa Agdz,30.6936444,-6.4486452,icons/restaurant.png,OSM
Drâa-Tafilalet,La Mousse,Café,Formel,La Mousse,30.6937061,-6.4505233,icons/cafe.png,OSM
Drâa-Tafilalet,Supérette / Mini-market sans nom,Supérette / Mini-market,Formel,Supérette / Mini-market sans nom,30.693565,-6.4523591,icons/convenience.png,OSM
Drâa-Tafilalet,Snack Bizim,Restaurant,Formel,Snack Bizim,30.694124,-6.4526286,icons/restaurant.png,OSM
Drâa-Tafilalet,Oussmane,Restaurant,Formel,Oussmane,30.6932322,-6.4543912,icons/restaurant.png,OSM
Drâa-Tafilalet,Jardin,Restaurant,Formel,Jardin,30.6938446,-6.4548408,icons/restaurant.png,OSM
Drâa-Tafilalet,Supérette / Mini-market sans nom,Supérette / Mini-market,Formel,Supérette / Mini-market sans nom,30.6949239,-6.4481494,icons/convenience.png,OSM
Drâa-Tafilalet,Restaurant sans nom,Restaurant,Formel,Restaurant sans nom,31.584697,-4.1982865,icons/restaurant.png,OSM
Drâa-Tafilalet,Café sans nom,Café,Formel,Café sans nom,31.4367811,-4.2328706,icons/cafe.png,OSM
Drâa-Tafilalet,Chhiwat Bladi,Restaurant,Formel,Chhiwat Bladi,30.7762032,-6.5291102,icons/restaurant.png,OSM
Drâa-Tafilalet,Café sans nom,Café,Formel,Café sans nom,30.9439715,-6.9499432,icons/cafe.png,OSM
Drâa-Tafilalet,Restaurant sans nom,Restaurant,Formel,Restaurant sans nom,31.3679417,-5.9756189,icons/restaurant.png,OSM
Drâa-Tafilalet,Café restaurant Moussaoui,Café,Formel,Café restaurant Moussaoui,31.2465743,-6.100764,icons/cafe.png,OSM
Drâa-Tafilalet,Restaurant sans nom,Restaurant,Formel,Restaurant sans nom,31.1978116,-6.178243,icons/restaurant.png,OSM
Drâa-Tafilalet,Café sans nom,Café,Formel,Café sans nom,31.5904965,-5.5965952,icons/cafe.png,OSM
Drâa-Tafilalet,Supermarché sans nom,Supermarché,Formel,Supermarché sans nom,31.3369401,-5.845983,icons/supermarket.png,OSM
Drâa-Tafilalet,Kasbah Planète Bleue Dades,Restaurant,Formel,Douar Ait Bouallal دوار ايت بولال,31.3647564,-5.9973832,icons/restaurant.png,OSM
Drâa-Tafilalet,Mini market,Supérette / Mini-market,Formel,Mini market,31.905338,-6.0955755,icons/convenience.png,OSM
Drâa-Tafilalet,Jus Master,Café,Formel,Jus Master,30.9235957,-6.9124176,icons/cafe.png,OSM
Drâa-Tafilalet,Tente Café,Café,Formel,Tente Café,31.6100661,-6.3823026,icons/cafe.png,OSM
Drâa-Tafilalet,Bread Home,Boulangerie,Formel,Bread Home,31.3863022,-6.129772,icons/bakery.png,OSM
Drâa-Tafilalet,Supérette / Mini-market sans nom,Supérette / Mini-market,Formel,Supérette / Mini-market sans nom,31.3859407,-6.1300313,icons/convenience.png,OSM
Drâa-Tafilalet,Supérette / Mini-market sans nom,Supérette / Mini-market,Formel,Supérette / Mini-market sans nom,31.4303543,-6.2036238,icons/convenience.png,OSM
Drâa-Tafilalet,Restaurant sans nom,Restaurant,Formel,Rue Mohammed Zarktouni,31.9320366,-4.4276371,icons/restaurant.png,OSM
Drâa-Tafilalet,Café sans nom,Café,Formel,Café sans nom,31.9320855,-4.4275108,icons/cafe.png,OSM
Drâa-Tafilalet,La Grilla,Restaurant,Formel,La Grilla,30.9260151,-6.9103005,icons/restaurant.png,OSM
Drâa-Tafilalet,Cooperative SOFFI eau de rose certifiée bio,Parapharmacie,Formel,Cooperative SOFFI eau de rose certifiée bio,31.2439927,-6.1099871,icons/pharmacy.png,OSM
Drâa-Tafilalet,Dar Ait Barra Chez l’habitant,Restaurant,Formel,Dar Ait Barra Chez l’habitant,31.5407176,-5.563079,icons/restaurant.png,OSM
Drâa-Tafilalet,Sahara,Restaurant,Formel,Sahara,31.4801321,-4.3951506,icons/restaurant.png,OSM
Drâa-Tafilalet,Café restaurant El Mouttaki,Café,Formel,Café restaurant El Mouttaki,30.3486821,-5.8392128,icons/cafe.png,OSM
Drâa-Tafilalet,Restaurant sans nom,Restaurant,Formel,Restaurant sans nom,31.283246,-4.2653298,icons/restaurant.png,OSM
Drâa-Tafilalet,Snack alafrah,Restaurant,Formel,Snack alafrah,31.0955803,-4.0109431,icons/restaurant.png,OSM
Drâa-Tafilalet,Supérette / Mini-market sans nom,Supérette / Mini-market,Formel,Supérette / Mini-market sans nom,31.5154051,-5.5024417,icons/convenience.png,OSM
Drâa-Tafilalet,Shop Station Merzouga,Supérette / Mini-market,Formel,Shop Station Merzouga,31.1143233,-4.030403,icons/convenience.png,OSM
Drâa-Tafilalet,Supérette / Mini-market sans nom,Supérette / Mini-market,Formel,Supérette / Mini-market sans nom,30.3597478,-5.843098,icons/convenience.png,OSM
Drâa-Tafilalet,Albergue,Restaurant,Formel,Albergue,31.8937674,-6.410225,icons/restaurant.png,OSM
Drâa-Tafilalet,Café restaurant le Presitigia,Restaurant,Formel,Café restaurant le Presitigia,31.6963374,-5.8173409,icons/restaurant.png,OSM
Drâa-Tafilalet,Al-Akhawain,Supérette / Mini-market,Formel,Al-Akhawain,30.336823,-5.8376114,icons/convenience.png,OSM
Drâa-Tafilalet,Super Market Abdou,Supermarché,Formel,Super Market Abdou,30.6953617,-6.452048,icons/supermarket.png,OSM
Drâa-Tafilalet,Cafe Belle Vue,Café,Formel,Cafe Belle Vue,30.8665997,-5.8575127,icons/cafe.png,OSM
Drâa-Tafilalet,Restaurant G.Grouggane,Restaurant,Formel,Restaurant G.Grouggane,30.8664524,-5.8587601,icons/restaurant.png,OSM
Drâa-Tafilalet,Supérette / Mini-market sans nom,Supérette / Mini-market,Formel,Supérette / Mini-market sans nom,30.8679215,-5.8600317,icons/convenience.png,OSM
Drâa-Tafilalet,Epicerie Saghro,Supérette / Mini-market,Formel,Epicerie Saghro,30.8700901,-5.8635004,icons/convenience.png,OSM
Drâa-Tafilalet,Shop Diafa,Supérette / Mini-market,Formel,Shop Diafa,31.1009501,-4.0163428,icons/convenience.png,OSM
Drâa-Tafilalet,Marche Merzouga,Supermarché,Formel,Marche Merzouga,31.1044884,-4.0159659,icons/supermarket.png,OSM
Drâa-Tafilalet,BM Shop Merzouga,Supermarché,Formel,BM Shop Merzouga,31.0977176,-4.0097733,icons/supermarket.png,OSM
Drâa-Tafilalet,Aswak Ouarzazate,Supermarché,Formel,Aswak Ouarzazate,30.926503,-6.8950734,icons/supermarket.png,OSM
Drâa-Tafilalet,Superette Lahroumi,Supermarché,Formel,Superette Lahroumi,30.9328299,-6.9176035,icons/supermarket.png,OSM
Drâa-Tafilalet,Souk Meski,Épicerie,Informel,Souk Meski,31.8626633,-4.2835421,icons/greengrocer.png,OSM
Drâa-Tafilalet,Dar Ignane Restaurant,Restaurant,Formel,Dar Ignane Restaurant,31.4491053,-5.9683642,icons/restaurant.png,OSM
Drâa-Tafilalet,Taghrout,Café,Formel,Taghrout,31.436867,-6.0024964,icons/cafe.png,OSM
Drâa-Tafilalet,Pizzeria,Restaurant,Formel,Pizzeria,30.3300814,-5.8361049,icons/restaurant.png,OSM
Drâa-Tafilalet,Parapharmacie sans nom,Parapharmacie,Formel,Parapharmacie sans nom,30.3293486,-5.8387962,icons/pharmacy.png,OSM
Drâa-Tafilalet,Mohammed shop,Supérette / Mini-market,Formel,Mohammed shop,31.5493598,-6.8914499,icons/convenience.png,OSM
Drâa-Tafilalet,Café Restaurant El Khayma,Restaurant,Formel,Café Restaurant El Khayma,30.3312206,-5.8375022,icons/restaurant.png,OSM
Drâa-Tafilalet,Restaurant sans nom,Restaurant,Formel,Restaurant sans nom,31.450039,-5.9686642,icons/restaurant.png,OSM
Drâa-Tafilalet,Restaurant sans nom,Restaurant,Formel,Restaurant sans nom,31.4491425,-5.9684863,icons/restaurant.png,OSM
Drâa-Tafilalet,Supérette / Mini-market sans nom,Supérette / Mini-market,Formel,Supérette / Mini-market sans nom,30.4824131,-6.9812287,icons/convenience.png,OSM
Drâa-Tafilalet,Cafè Sahara Restaurant,Café,Formel,Cafè Sahara Restaurant,31.5806702,-4.1429222,icons/cafe.png,OSM
Drâa-Tafilalet,Épicerie sans nom,Épicerie,Informel,Épicerie sans nom,31.7905259,-6.2218445,icons/greengrocer.png,OSM
Drâa-Tafilalet,Supérette / Mini-market sans nom,Supérette / Mini-market,Formel,Supérette / Mini-market sans nom,31.4411341,-6.1604507,icons/convenience.png,OSM
Drâa-Tafilalet,Supérette / Mini-market sans nom,Supérette / Mini-market,Formel,Supérette / Mini-market sans nom,31.3873301,-6.1274773,icons/convenience.png,OSM
Drâa-Tafilalet,Pharmacie Bougafer,Parapharmacie,Formel,Pharmacie Bougafer,31.3729555,-5.9862326,icons/pharmacy.png,OSM
Drâa-Tafilalet,Supérette / Mini-market sans nom,Supérette / Mini-market,Formel,Supérette / Mini-market sans nom,31.1647829,-5.7386888,icons/convenience.png,OSM
Drâa-Tafilalet,Supérette / Mini-market sans nom,Supérette / Mini-market,Formel,Supérette / Mini-market sans nom,30.8612111,-5.8879568,icons/convenience.png,OSM
Drâa-Tafilalet,Supérette / Mini-market sans nom,Supérette / Mini-market,Formel,Supérette / Mini-market sans nom,30.2639884,-5.6844818,icons/convenience.png,OSM
Drâa-Tafilalet,Café sans nom,Café,Formel,Café sans nom,30.3532099,-5.8399546,icons/cafe.png,OSM
Drâa-Tafilalet,Supérette / Mini-market sans nom,Supérette / Mini-market,Formel,Supérette / Mini-market sans nom,30.0865923,-6.8747508,icons/convenience.png,OSM
Drâa-Tafilalet,Épicerie sans nom,Épicerie,Informel,Épicerie sans nom,30.086228,-6.8744843,icons/greengrocer.png,OSM
Drâa-Tafilalet,Supérette / Mini-market sans nom,Supérette / Mini-market,Formel,Supérette / Mini-market sans nom,30.0864786,-6.8752812,icons/convenience.png,OSM
Drâa-Tafilalet,Supérette / Mini-market sans nom,Supérette / Mini-market,Formel,Supérette / Mini-market sans nom,31.5001185,-6.265272,icons/convenience.png,OSM
Drâa-Tafilalet,Supérette / Mini-market sans nom,Supérette / Mini-market,Formel,Supérette / Mini-market sans nom,31.5009828,-6.2650773,icons/convenience.png,OSM
Drâa-Tafilalet,Supérette / Mini-market sans nom,Supérette / Mini-market,Formel,Supérette / Mini-market sans nom,31.4390863,-6.1575608,icons/convenience.png,OSM
Drâa-Tafilalet,Carrefour,Supermarché,Formel,Carrefour,31.4847607,-5.5583121,icons/supermarket.png,OSM
Drâa-Tafilalet,Boulangerie sans nom,Boulangerie,Formel,Boulangerie sans nom,30.0844993,-6.8724669,icons/bakery.png,OSM
Drâa-Tafilalet,Café Menara,Café,Formel,Café Menara,31.2873012,-4.2594984,icons/cafe.png,OSM
Drâa-Tafilalet,Boumalne Souk,Épicerie,Informel,Boumalne Souk,31.3716432,-5.9865343,icons/greengrocer.png,OSM
Drâa-Tafilalet,Épicerie sans nom,Épicerie,Informel,Épicerie sans nom,31.2719028,-6.5860138,icons/greengrocer.png,OSM
Drâa-Tafilalet,Rissani Souk,Épicerie,Informel,Rissani Souk,31.2812923,-4.2662609,icons/greengrocer.png,OSM
Drâa-Tafilalet,Épicerie sans nom,Épicerie,Informel,Épicerie sans nom,30.5040113,-6.1101589,icons/greengrocer.png,OSM
Drâa-Tafilalet,Les Amis,Restaurant,Formel,Les Amis,31.666828,-5.5522852,icons/restaurant.png,OSM
Drâa-Tafilalet,Dar Essalam,Restaurant,Formel,Dar Essalam,31.6678073,-5.5508914,icons/restaurant.png,OSM
Drâa-Tafilalet,Glacier 3 Mars,Café,Formel,Glacier 3 Mars,30.9219764,-6.9241339,icons/cafe.png,OSM
Drâa-Tafilalet,Hotel Restaurant Adrar,Restaurant,Formel,Hotel Restaurant Adrar,31.3726766,-5.9864323,icons/restaurant.png,OSM
Drâa-Tafilalet,Restaurant sans nom,Restaurant,Formel,Restaurant sans nom,31.4589506,-5.3761214,icons/restaurant.png,OSM
Drâa-Tafilalet,Riad Agraw,Restaurant,Formel,Riad Agraw,31.5155344,-5.5347035,icons/restaurant.png,OSM
Drâa-Tafilalet,Marché central,Épicerie,Informel,Marché central,30.9211919,-6.9153917,icons/greengrocer.png,OSM
Drâa-Tafilalet,Cafe Saada,Restaurant,Formel,Cafe Saada,31.1175002,-6.3688642,icons/restaurant.png,OSM
Drâa-Tafilalet,La Vallee des Pommes,Restaurant,Formel,La Vallee des Pommes,31.7011403,-5.812703,icons/restaurant.png,OSM
Drâa-Tafilalet,Épicerie sans nom,Épicerie,Informel,Épicerie sans nom,31.6952439,-5.818751,icons/greengrocer.png,OSM
Drâa-Tafilalet,Camping Tifina,Restaurant,Formel,Camping Tifina,31.3816557,-4.272584,icons/restaurant.png,OSM
Drâa-Tafilalet,Kasbah Meteorites,Restaurant,Formel,Kasbah Meteorites,31.0283716,-5.2661364,icons/restaurant.png,OSM
Drâa-Tafilalet,La Vage,Café,Formel,La Vage,31.1895931,-4.9408278,icons/cafe.png,OSM
Drâa-Tafilalet,Épicerie sans nom,Épicerie,Informel,Épicerie sans nom,30.8702763,-5.8639022,icons/greengrocer.png,OSM
Drâa-Tafilalet,Marché hebdomadaire,Épicerie,Informel,Ouarzazate ورزازات,30.9360391,-6.9352419,icons/greengrocer.png,OSM
Drâa-Tafilalet,Café Noura,Café,Formel,Café Noura,30.9223791,-6.9254301,icons/cafe.png,OSM
Drâa-Tafilalet,Café septièmle art,Café,Formel,Café septièmle art,30.9227662,-6.9252557,icons/cafe.png,OSM
Drâa-Tafilalet,Bab Rimal,Restaurant,Formel,Bab Rimal,30.1279717,-6.8673835,icons/restaurant.png,OSM
Drâa-Tafilalet,kiosque,Kiosque,Informel,kiosque,31.5205644,-5.5327335,icons/kiosk.png,OSM
Drâa-Tafilalet,Tumert,Café,Formel,Tumert,31.5168558,-5.5362351,icons/cafe.png,OSM
Drâa-Tafilalet,Yasmina,Café,Formel,Yasmina,31.5166957,-5.536325,icons/cafe.png,OSM
Drâa-Tafilalet,Épicerie sans nom,Épicerie,Informel,ouarzazate,30.9228843,-6.9200798,icons/greengrocer.png,OSM
Drâa-Tafilalet,Souk hebdomadaire jeudi,Épicerie,Informel,Souk hebdomadaire jeudi,31.7773763,-5.4546658,icons/greengrocer.png,OSM
Drâa-Tafilalet,Cafe Laksous,Café,Formel,"RRN 113, Tinghir",31.2295825,-5.2619087,icons/cafe.png,OSM
Drâa-Tafilalet,The Souk,Épicerie,Informel,The Souk,31.171141,-5.6746021,icons/greengrocer.png,OSM
Drâa-Tafilalet,Weekly Market,Épicerie,Informel,Weekly Market,31.3004351,-6.1524975,icons/greengrocer.png,OSM
Drâa-Tafilalet,Souk du soir,Épicerie,Informel,Souk du soir,30.3351832,-5.8357644,icons/greengrocer.png,OSM
Drâa-Tafilalet,Souk,Épicerie,Informel,Souk,30.6870449,-6.4418791,icons/greengrocer.png,OSM
Drâa-Tafilalet,Nafora,Épicerie,Informel,Nafora,31.5206801,-5.5305728,icons/greengrocer.png,OSM
Drâa-Tafilalet,Chez Zinab,Épicerie,Informel,Chez Zinab,30.9227285,-6.9311866,icons/greengrocer.png,OSM
Drâa-Tafilalet,Café sans nom,Café,Formel,Café sans nom,31.1354664,-4.0519738,icons/cafe.png,OSM
Drâa-Tafilalet,Épicerie sans nom,Épicerie,Informel,Épicerie sans nom,30.330056,-5.8398417,icons/greengrocer.png,OSM
Drâa-Tafilalet,CAFE RESTAURANT JANNAT,Restaurant,Formel,"Avenue Mohamed V شارع الحسن الثاني, Tighir",31.5164519,-5.5365747,icons/restaurant.png,OSM
Drâa-Tafilalet,Épicerie sans nom,Épicerie,Informel,Épicerie sans nom,31.9471324,-6.5924945,icons/greengrocer.png,OSM
Drâa-Tafilalet,Restaurant Imilchil,Restaurant,Formel,Restaurant Imilchil,31.9307098,-4.4251619,icons/restaurant.png,OSM
Drâa-Tafilalet,Mercado de Errachidía,Épicerie,Informel,Mercado de Errachidía,31.9269096,-4.4233234,icons/greengrocer.png,OSM
Drâa-Tafilalet,Café sans nom,Café,Formel,Café sans nom,31.9172566,-4.4567895,icons/cafe.png,OSM
Drâa-Tafilalet,Épicerie sans nom,Épicerie,Informel,Épicerie sans nom,31.0617078,-6.555524,icons/greengrocer.png,OSM
Drâa-Tafilalet,Épicerie sans nom,Épicerie,Informel,Épicerie sans nom,31.0598145,-6.5464931,icons/greengrocer.png,OSM
Drâa-Tafilalet,Marché du dimanche,Épicerie,Informel,Marché du dimanche,31.8995625,-5.9741102,icons/greengrocer.png,OSM
Drâa-Tafilalet,Restaurant sans nom,Restaurant,Formel,Restaurant sans nom,30.923632,-6.8962464,icons/restaurant.png,OSM
Drâa-Tafilalet,Souk hebdomadaire de Zagora,Épicerie,Informel,زاكورة,30.3268569,-5.8517048,icons/greengrocer.png,OSM
Drâa-Tafilalet,Lodge le Noyer,Restaurant,Formel,"Ait Ayoub, Ibalkaliwane, Tabant",31.6575077,-6.3973097,icons/restaurant.png,OSM
Drâa-Tafilalet,Restaurant Nomad,Restaurant,Formel,Restaurant Nomad,31.0578308,-4.0156668,icons/restaurant.png,OSM
Drâa-Tafilalet,Café Restaurant Chez Ibrahim,Restaurant,Formel,Khamlia ⵅⵎⵍⵢⵢⴰ خملية,31.036461,-4.0054832,icons/restaurant.png,OSM
Drâa-Tafilalet,Épicerie sans nom,Épicerie,Informel,Épicerie sans nom,31.5002665,-5.5407137,icons/greengrocer.png,OSM
