Zone,Nom,Catégorie,Statut,Adresse,Latitude,Longitude,Image,Source
Casablanca-Settat,Marjane,Supermarché,Formel,Marjane,33.9540447,-6.8534265,icons/supermarket.png,OSM
Casablanca-Settat,Label'Vie Souissi,Supermarché,Formel,Label'Vie Souissi,33.9821138,-6.8287801,icons/supermarket.png,OSM
Casablanca-Settat,McDonald's,Restaurant,Formel,McDonald's,33.9954233,-6.8473937,icons/restaurant.png,OSM
Casablanca-Settat,Parapharmacie sans nom,Parapharmacie,Formel,Rue Maziata,33.9695454,-6.8643092,icons/pharmacy.png,OSM
Casablanca-Settat,Pharmacie l'Hôpital Militaire صيدلية المستشفى العسكري,Parapharmacie,Formel,"Avenue Al Arz شارع الأرز, Rabat ⵔⴱⴰⵟ الرباط",33.9639919,-6.8701924,icons/pharmacy.png,OSM
Casablanca-Settat,Pharmacie Misk صيدلية مسك,Parapharmacie,Formel,"Avenue Abderrahim Bouabid شارع عبد الرحيم بوعبيد, Rabat ⵔⴱⴰⵟ الرباط",33.9632595,-6.8729779,icons/pharmacy.png,OSM
Casablanca-Settat,Pharmacie Ryad صيدلية الرياض,Parapharmacie,Formel,"Avenue Annakhil شارع النخيل, Rabat",33.9622649,-6.87713,icons/pharmacy.png,OSM
Casablanca-Settat,Asswak Assalam,Supermarché,Formel,Asswak Assalam,33.9482419,-6.8695243,icons/supermarket.png,OSM
Casablanca-Settat,Pharmacie Ibn Sina صيدلية ابن سينا,Parapharmacie,Formel,"Avenue Fal Ould Oumeir شارع فال ولد عمير, Rabat ⵔⴱⴰⵟ الرباط",33.9962816,-6.8481761,icons/pharmacy.png,OSM
Casablanca-Settat,Pizza Hut,Restaurant,Formel,"Avenue de France شارع فرنسا, Rabat ⵔⴱⴰⵟ الرباط",33.998388,-6.8455206,icons/restaurant.png,OSM
Casablanca-Settat,Pizzaki,Restaurant,Formel,Pizzaki,33.9965988,-6.8504761,icons/restaurant.png,OSM
Casablanca-Settat,Rotisserie Atlas,Restaurant,Formel,Rotisserie Atlas,33.9952254,-6.8502014,icons/restaurant.png,OSM
Casablanca-Settat,La Pause Gourmande,Café,Formel,La Pause Gourmande,33.9956359,-6.8475119,icons/cafe.png,OSM
Casablanca-Settat,Oukaimeden,Café,Formel,Oukaimeden,33.996395,-6.8478566,icons/cafe.png,OSM
Casablanca-Settat,Pizza Hut,Restaurant,Formel,Pizza Hut,33.9531222,-6.8543921,icons/restaurant.png,OSM
Casablanca-Settat,Pharmacie Marjane Hay Ryad صيدلية مرجان حي الرياض,Parapharmacie,Formel,"Rocade de Rabat الطريق السيار المداري الرباط, Rabat",33.9538628,-6.8525408,icons/pharmacy.png,OSM
Casablanca-Settat,La Bodega,Restaurant,Formel,"Rue Allal Ben Abdellah, Casablanca",33.5952195,-7.6115725,icons/restaurant.png,OSM
Casablanca-Settat,La Sqala,Restaurant,Formel,"Boulevard des Almohades, Casablanca",33.6028481,-7.619212,icons/restaurant.png,OSM
Casablanca-Settat,Pizza Hut,Restaurant,Formel,Pizza Hut,33.5928474,-7.597267,icons/restaurant.png,OSM
Casablanca-Settat,Parapharmacie sans nom,Parapharmacie,Formel,Parapharmacie sans nom,33.5821087,-7.6265575,icons/pharmacy.png,OSM
Casablanca-Settat,Marjane,Supermarché,Formel,Marjane,33.5446703,-7.639958,icons/supermarket.png,OSM
Casablanca-Settat,Restaurant sans nom,Restaurant,Formel,Restaurant sans nom,33.5896864,-7.6265742,icons/restaurant.png,OSM
Casablanca-Settat,Chez Pépé,Restaurant,Formel,Chez Pépé,33.595533,-7.6454829,icons/restaurant.png,OSM
Casablanca-Settat,Supérette / Mini-market sans nom,Supérette / Mini-market,Formel,Supérette / Mini-market sans nom,33.5278671,-7.7940568,icons/convenience.png,OSM
Casablanca-Settat,Café sans nom,Café,Formel,Café sans nom,33.5357372,-7.7936277,icons/cafe.png,OSM
Casablanca-Settat,BİM,Supérette / Mini-market,Formel,BİM,33.5339039,-7.7936384,icons/convenience.png,OSM
Casablanca-Settat,khalid ibn oualid,Parapharmacie,Formel,khalid ibn oualid,33.6000497,-7.5450991,icons/pharmacy.png,OSM
Casablanca-Settat,Pizza Hut,Restaurant,Formel,Rabat ⵔⴱⴰⵟ الرباط,33.9735371,-6.8302849,icons/restaurant.png,OSM
Casablanca-Settat,Supérette / Mini-market sans nom,Supérette / Mini-market,Formel,Supérette / Mini-market sans nom,33.9372462,-6.8142176,icons/convenience.png,OSM
Casablanca-Settat,Épicerie sans nom,Épicerie,Informel,Épicerie sans nom,33.979623,-6.8212343,icons/greengrocer.png,OSM
Casablanca-Settat,Supérette / Mini-market sans nom,Supérette / Mini-market,Formel,Supérette / Mini-market sans nom,33.94086,-6.8101836,icons/convenience.png,OSM
Casablanca-Settat,Rachida's store,Supérette / Mini-market,Formel,Rachida's store,33.9621729,-6.8100205,icons/convenience.png,OSM
Casablanca-Settat,Supérette / Mini-market sans nom,Supérette / Mini-market,Formel,Supérette / Mini-market sans nom,33.6004234,-7.6172703,icons/convenience.png,OSM
Casablanca-Settat,Restaurant sans nom,Restaurant,Formel,Restaurant sans nom,33.5999101,-7.6174265,icons/restaurant.png,OSM
Casablanca-Settat,Chez Aziz,Épicerie,Informel,Chez Aziz,33.9560463,-6.8687042,icons/greengrocer.png,OSM
Casablanca-Settat,Au 19 Heure,Café,Formel,Au 19 Heure,33.5827625,-7.6112767,icons/cafe.png,OSM
Casablanca-Settat,pharmacie wifak,Parapharmacie,Formel,pharmacie wifak,33.5598715,-7.6919901,icons/pharmacy.png,OSM
Casablanca-Settat,Pharmacie Ahmed,Parapharmacie,Formel,Pharmacie Ahmed,33.5574213,-7.6902715,icons/pharmacy.png,OSM
Casablanca-Settat,Sunset cafe,Café,Formel,Sunset cafe,33.5339844,-7.7940679,icons/cafe.png,OSM
Casablanca-Settat,Maeva,Café,Formel,Maeva,33.5957256,-7.5933532,icons/cafe.png,OSM
Casablanca-Settat,Parapharmacie sans nom,Parapharmacie,Formel,Parapharmacie sans nom,33.5545488,-7.6399358,icons/pharmacy.png,OSM
Casablanca-Settat,Dalal,Parapharmacie,Formel,Rue de Vanneaux,33.5545398,-7.6360392,icons/pharmacy.png,OSM
Casablanca-Settat,Pharmacie Kounouz,Parapharmacie,Formel,Pharmacie Kounouz,33.9630866,-6.8666198,icons/pharmacy.png,OSM
Casablanca-Settat,Antouki,Boulangerie,Formel,Antouki,33.5937563,-7.5970471,icons/bakery.png,OSM
Casablanca-Settat,Café sans nom,Café,Formel,Café sans nom,33.5924515,-7.5954887,icons/cafe.png,OSM
Casablanca-Settat,Café sans nom,Café,Formel,Café sans nom,33.594621,-7.5934475,icons/cafe.png,OSM
Casablanca-Settat,Sampione,Café,Formel,Sampione,33.5928563,-7.5971409,icons/cafe.png,OSM
Casablanca-Settat,Café sans nom,Café,Formel,Café sans nom,33.5926705,-7.5961807,icons/cafe.png,OSM
Casablanca-Settat,Mahboub محبوب,Restaurant,Formel,Mahboub محبوب,33.5921991,-7.5923586,icons/restaurant.png,OSM
Casablanca-Settat,Amoud,Boulangerie,Formel,Amoud,33.5938837,-7.596119,icons/bakery.png,OSM
Casablanca-Settat,Snack Essaada,Restaurant,Formel,"Boulevard Émile Zola, Casablanca",33.5936543,-7.5974637,icons/restaurant.png,OSM
Casablanca-Settat,Paradisio,Restaurant,Formel,Boulevard Émile Zola,33.5938278,-7.5969183,icons/restaurant.png,OSM
Casablanca-Settat,Café sans nom,Café,Formel,Café sans nom,33.5920315,-7.5973448,icons/cafe.png,OSM
Casablanca-Settat,Pharmacie du conseil,Parapharmacie,Formel,Boulevards Mohammed 5,33.5920672,-7.5950193,icons/pharmacy.png,OSM
Casablanca-Settat,Café sans nom,Café,Formel,Café sans nom,33.5916786,-7.5917569,icons/cafe.png,OSM
Casablanca-Settat,Café sans nom,Café,Formel,Café sans nom,33.5921344,-7.6002863,icons/cafe.png,OSM
Casablanca-Settat,Restaurant sans nom,Restaurant,Formel,Restaurant sans nom,33.5905168,-7.5955656,icons/restaurant.png,OSM
Casablanca-Settat,Café sans nom,Café,Formel,Café sans nom,33.5909904,-7.5975933,icons/cafe.png,OSM
Casablanca-Settat,Venezia Ice,Café,Formel,Venezia Ice,33.5944312,-7.5954315,icons/cafe.png,OSM
Casablanca-Settat,Parapharmacie sans nom,Parapharmacie,Formel,Parapharmacie sans nom,33.5941095,-7.5965151,icons/pharmacy.png,OSM
Casablanca-Settat,Café sans nom,Café,Formel,Café sans nom,33.5906061,-7.595469,icons/cafe.png,OSM
Casablanca-Settat,Café sans nom,Café,Formel,Café sans nom,33.5910262,-7.5924971,icons/cafe.png,OSM
Casablanca-Settat,Kiosque sans nom,Kiosque,Informel,Kiosque sans nom,33.5911175,-7.5924051,icons/kiosk.png,OSM
Casablanca-Settat,Acima,Supermarché,Formel,Boulevard Emile Zola,33.5945384,-7.595292,icons/supermarket.png,OSM
Casablanca-Settat,Alhana,Café,Formel,Alhana,33.5900564,-7.5931006,icons/cafe.png,OSM
Casablanca-Settat,Café de la gare,Café,Formel,Café de la gare,33.5899952,-7.5905952,icons/cafe.png,OSM
Casablanca-Settat,Café sans nom,Café,Formel,Café sans nom,33.5909815,-7.591435,icons/cafe.png,OSM
Casablanca-Settat,Bellevue,Café,Formel,Bellevue,33.5906508,-7.5928083,icons/cafe.png,OSM
Casablanca-Settat,Parapharmacie sans nom,Parapharmacie,Formel,Parapharmacie sans nom,33.5637163,-7.6355448,icons/pharmacy.png,OSM
Casablanca-Settat,Supérette / Mini-market sans nom,Supérette / Mini-market,Formel,Supérette / Mini-market sans nom,33.7777019,-7.2327092,icons/convenience.png,OSM
Casablanca-Settat,Supérette / Mini-market sans nom,Supérette / Mini-market,Formel,Supérette / Mini-market sans nom,33.7794207,-7.2334873,icons/convenience.png,OSM
Casablanca-Settat,Café sans nom,Café,Formel,Café sans nom,33.9904215,-6.7365638,icons/cafe.png,OSM
Casablanca-Settat,Carrefour Market,Supermarché,Formel,Carrefour Market,33.9961674,-6.7418478,icons/supermarket.png,OSM
Casablanca-Settat,Marché Central,Supermarché,Formel,Marché Central,33.9993206,-6.744927,icons/supermarket.png,OSM
Casablanca-Settat,Café sans nom,Café,Formel,Café sans nom,33.9872364,-6.739171,icons/cafe.png,OSM
Casablanca-Settat,Café la Valée,Café,Formel,Café la Valée,33.9877782,-6.7389616,icons/cafe.png,OSM
Casablanca-Settat,Supérette / Mini-market sans nom,Supérette / Mini-market,Formel,Supérette / Mini-market sans nom,33.9629145,-6.8609751,icons/convenience.png,OSM
Casablanca-Settat,Boulangerie sans nom,Boulangerie,Formel,Boulangerie sans nom,33.9696221,-6.8642845,icons/bakery.png,OSM
Casablanca-Settat,Paul,Boulangerie,Formel,"Mahaj Ryad, Rabat ⵔⴱⴰⵟ الرباط",33.9598787,-6.8680169,icons/bakery.png,OSM
Casablanca-Settat,Épicerie sans nom,Épicerie,Informel,Épicerie sans nom,33.9629153,-6.86091,icons/greengrocer.png,OSM
Casablanca-Settat,Pharmacie et Laboratoire Zitoune صيدلية و مختبر الزيتون,Parapharmacie,Formel,"Rue Al Karm زنقة الكرم, Rabat",33.962087,-6.8636699,icons/pharmacy.png,OSM
Casablanca-Settat,Paul,Boulangerie,Formel,Paul,33.9895332,-6.8484932,icons/bakery.png,OSM
Casablanca-Settat,Pizerria,Restaurant,Formel,Pizerria,33.0052824,-7.6199874,icons/restaurant.png,OSM
Casablanca-Settat,Supérette / Mini-market sans nom,Supérette / Mini-market,Formel,Supérette / Mini-market sans nom,33.5966384,-7.628025,icons/convenience.png,OSM
Casablanca-Settat,Supérette / Mini-market sans nom,Supérette / Mini-market,Formel,Supérette / Mini-market sans nom,33.596692,-7.6297201,icons/convenience.png,OSM
Casablanca-Settat,Boulangerie sans nom,Boulangerie,Formel,Boulangerie sans nom,33.5971969,-7.6284702,icons/bakery.png,OSM
Casablanca-Settat,Supérette / Mini-market sans nom,Supérette / Mini-market,Formel,Supérette / Mini-market sans nom,33.5960083,-7.627848,icons/convenience.png,OSM
Casablanca-Settat,Jus Bordeaux,Café,Formel,Jus Bordeaux,33.5969487,-7.6279619,icons/cafe.png,OSM
Casablanca-Settat,Supérette / Mini-market sans nom,Supérette / Mini-market,Formel,Supérette / Mini-market sans nom,33.5971612,-7.628353,icons/convenience.png,OSM
Casablanca-Settat,Parapharmacie sans nom,Parapharmacie,Formel,Parapharmacie sans nom,33.5959681,-7.6276825,icons/pharmacy.png,OSM
Casablanca-Settat,Monsieur Brochette,Restaurant,Formel,Monsieur Brochette,33.5949185,-7.6271531,icons/restaurant.png,OSM
Casablanca-Settat,Mamelouk Café,Restaurant,Formel,Mamelouk Café,33.5962988,-7.6304773,icons/restaurant.png,OSM
Casablanca-Settat,Café Splendeur,Café,Formel,Boulevard Ziraoui شارع الزيراوي,33.5962469,-7.6313052,icons/cafe.png,OSM
Casablanca-Settat,Supérette / Mini-market sans nom,Supérette / Mini-market,Formel,Supérette / Mini-market sans nom,33.5965848,-7.6302949,icons/convenience.png,OSM
Casablanca-Settat,Café sans nom,Café,Formel,Café sans nom,33.8545577,-6.8559545,icons/cafe.png,OSM
Casablanca-Settat,Parapharmacie sans nom,Parapharmacie,Formel,Parapharmacie sans nom,33.8547894,-6.856094,icons/pharmacy.png,OSM
Casablanca-Settat,Restaurant sans nom,Restaurant,Formel,Restaurant sans nom,33.860046,-6.8566197,icons/restaurant.png,OSM
Casablanca-Settat,Supérette / Mini-market sans nom,Supérette / Mini-market,Formel,Supérette / Mini-market sans nom,33.8562728,-6.8553671,icons/convenience.png,OSM
Casablanca-Settat,Supérette / Mini-market sans nom,Supérette / Mini-market,Formel,Supérette / Mini-market sans nom,33.856039,-6.8547395,icons/convenience.png,OSM
Casablanca-Settat,Supérette / Mini-market sans nom,Supérette / Mini-market,Formel,Supérette / Mini-market sans nom,33.9814147,-6.8577677,icons/convenience.png,OSM
Casablanca-Settat,Supérette / Mini-market sans nom,Supérette / Mini-market,Formel,Supérette / Mini-market sans nom,33.9831095,-6.8505365,icons/convenience.png,OSM
Casablanca-Settat,Café sans nom,Café,Formel,Café sans nom,33.981477,-6.8577141,icons/cafe.png,OSM
Casablanca-Settat,Restaurant sans nom,Restaurant,Formel,Restaurant sans nom,33.983194,-6.8504024,icons/restaurant.png,OSM
Casablanca-Settat,Marjane,Supermarché,Formel,Marjane,33.5746919,-7.7081046,icons/supermarket.png,OSM
Casablanca-Settat,Boulangerie Patisserie Itrane مخبزة وحلويات إثران,Boulangerie,Formel,Boulangerie Patisserie Itrane مخبزة وحلويات إثران,33.5765842,-7.6732554,icons/bakery.png,OSM
Casablanca-Settat,Eden Island Beach Club,Restaurant,Formel,Eden Island Beach Club,33.8272692,-7.1331552,icons/restaurant.png,OSM
Casablanca-Settat,Restaurant sans nom,Restaurant,Formel,Restaurant sans nom,33.7961513,-7.2276487,icons/restaurant.png,OSM
Casablanca-Settat,Luigi,Restaurant,Formel,Rue Ibnou Yaala Al Ifrani زنقة ابن يعلى الإفراني,33.5882356,-7.6398452,icons/restaurant.png,OSM
Casablanca-Settat,Supermarché Mamoun,Supermarché,Formel,Rue Normandie زنقة نورماندي,33.5879309,-7.6393934,icons/supermarket.png,OSM
Casablanca-Settat,Aire de service Bouznika,Café,Formel,Aire de service Bouznika,33.7796285,-7.2329583,icons/cafe.png,OSM
Casablanca-Settat,Restaurant grillades au top,Café,Formel,Restaurant grillades au top,33.5111856,-7.6105369,icons/cafe.png,OSM
Casablanca-Settat,Supérette / Mini-market sans nom,Supérette / Mini-market,Formel,Supérette / Mini-market sans nom,33.5101793,-7.6077293,icons/convenience.png,OSM
Casablanca-Settat,Aire de service Bouznika,Restaurant,Formel,Aire de service Bouznika,33.7793826,-7.2336329,icons/restaurant.png,OSM
Casablanca-Settat,Café sans nom,Café,Formel,Café sans nom,33.5102423,-7.6078169,icons/cafe.png,OSM
Casablanca-Settat,Restaurant sans nom,Restaurant,Formel,Restaurant sans nom,33.3537322,-7.9784877,icons/restaurant.png,OSM
Casablanca-Settat,Supérette / Mini-market sans nom,Supérette / Mini-market,Formel,Supérette / Mini-market sans nom,33.5110067,-7.6104565,icons/convenience.png,OSM
Casablanca-Settat,Restaurant sans nom,Restaurant,Formel,Restaurant sans nom,33.3528091,-7.9801614,icons/restaurant.png,OSM
Casablanca-Settat,Restaurant sans nom,Restaurant,Formel,Restaurant sans nom,33.5109396,-7.6103706,icons/restaurant.png,OSM
Casablanca-Settat,Oasis Cafe,Café,Formel,Oasis Cafe,33.3526747,-7.9801829,icons/cafe.png,OSM
Casablanca-Settat,Aire de service Bouznika,Café,Formel,Aire de service Bouznika,33.7776437,-7.232839,icons/cafe.png,OSM
Casablanca-Settat,Restaurant sans nom,Restaurant,Formel,Restaurant sans nom,33.5100315,-7.6077605,icons/restaurant.png,OSM
Casablanca-Settat,Aire de service Bir Jdid,Café,Formel,Aire de service Bir Jdid,33.3539831,-7.9784984,icons/cafe.png,OSM
Casablanca-Settat,Supérette / Mini-market sans nom,Supérette / Mini-market,Formel,Supérette / Mini-market sans nom,33.3538813,-7.9785106,icons/convenience.png,OSM
Casablanca-Settat,Café sans nom,Café,Formel,Café sans nom,33.2231083,-7.5750206,icons/cafe.png,OSM
Casablanca-Settat,Aire de service Settat,Café,Formel,Aire de service Settat,32.8975429,-7.6682488,icons/cafe.png,OSM
Casablanca-Settat,Café sans nom,Café,Formel,Café sans nom,33.2225698,-7.5733415,icons/cafe.png,OSM
Casablanca-Settat,Restaurant sans nom,Restaurant,Formel,Restaurant sans nom,32.8943748,-7.669217,icons/restaurant.png,OSM
Casablanca-Settat,Supérette / Mini-market sans nom,Supérette / Mini-market,Formel,Supérette / Mini-market sans nom,33.2229782,-7.5751439,icons/convenience.png,OSM
Casablanca-Settat,Supérette / Mini-market sans nom,Supérette / Mini-market,Formel,Supérette / Mini-market sans nom,32.8943132,-7.6691864,icons/convenience.png,OSM
Casablanca-Settat,Restaurant sans nom,Restaurant,Formel,Restaurant sans nom,33.2230948,-7.5748543,icons/restaurant.png,OSM
Casablanca-Settat,Restaurant sans nom,Restaurant,Formel,Restaurant sans nom,33.222682,-7.5731323,icons/restaurant.png,OSM
Casablanca-Settat,Supérette / Mini-market sans nom,Supérette / Mini-market,Formel,Supérette / Mini-market sans nom,32.8974574,-7.6681576,icons/convenience.png,OSM
Casablanca-Settat,Restaurant sans nom,Restaurant,Formel,Restaurant sans nom,32.8973808,-7.6680557,icons/restaurant.png,OSM
Casablanca-Settat,Supérette / Mini-market sans nom,Supérette / Mini-market,Formel,Supérette / Mini-market sans nom,33.2227089,-7.5732932,icons/convenience.png,OSM
Casablanca-Settat,Café,Café,Formel,Café,32.8945032,-7.6692451,icons/cafe.png,OSM
Casablanca-Settat,Café Liliane,Café,Formel,Café Liliane,33.9964516,-6.8466521,icons/cafe.png,OSM
Casablanca-Settat,Alba Fast Food,Restaurant,Formel,Alba Fast Food,33.5930113,-7.6171532,icons/restaurant.png,OSM
Casablanca-Settat,Cafe Black Stone,Café,Formel,Cafe Black Stone,33.5951697,-7.610295,icons/cafe.png,OSM
Casablanca-Settat,Café Ghandi,Café,Formel,Café Ghandi,33.5656336,-7.6379599,icons/cafe.png,OSM
Casablanca-Settat,Don Camilo,Restaurant,Formel,"Rue Abou Rakrak, Casablanca",33.587649,-7.612959,icons/restaurant.png,OSM
Casablanca-Settat,Rick's Cafe,Restaurant,Formel,"Boulevard Sour Jdid, Casablanca",33.604995,-7.620406,icons/restaurant.png,OSM
Casablanca-Settat,Bonne mie,Boulangerie,Formel,Boulevard de la Liberté,33.5868905,-7.6118985,icons/bakery.png,OSM
Casablanca-Settat,ماكدونالدز,Restaurant,Formel,"Boulevard Ziraoui, Casablanca",33.594793,-7.6331748,icons/restaurant.png,OSM
Casablanca-Settat,Marjane Market,Supermarché,Formel,Boulevard de Bourgogne شارع بوركون,33.594818,-7.6515874,icons/supermarket.png,OSM
Casablanca-Settat,Carrefour Gourmet,Supermarché,Formel,Avenue Ahmed Charci شارع أحمد الشرسي,33.5908121,-7.6462218,icons/supermarket.png,OSM
Casablanca-Settat,Paul,Boulangerie,Formel,Avenue Moulay Rachid شارع مولاي رشيد,33.5880534,-7.6453209,icons/bakery.png,OSM
Casablanca-Settat,Parapharmacie sans nom,Parapharmacie,Formel,Parapharmacie sans nom,33.6034834,-7.6424795,icons/pharmacy.png,OSM
Casablanca-Settat,Carrefour,Supermarché,Formel,Carrefour,33.9297734,-6.9291911,icons/supermarket.png,OSM
Casablanca-Settat,Oussama,Boulangerie,Formel,Oussama,33.5929622,-7.6395733,icons/bakery.png,OSM
Casablanca-Settat,Pâtisserie Bennis,Boulangerie,Formel,Rue du Fqih al Abbas,33.5779601,-7.6054449,icons/bakery.png,OSM
Casablanca-Settat,Restaurant du Port,Restaurant,Formel,Restaurant du Port,33.6015279,-7.6144679,icons/restaurant.png,OSM
Casablanca-Settat,Pharmacie Ayour صيدلية أيور,Parapharmacie,Formel,Mohammedia,33.7031453,-7.3895935,icons/pharmacy.png,OSM
Casablanca-Settat,Hachmi,Supermarché,Formel,Hachmi,33.6022232,-7.5788395,icons/supermarket.png,OSM
Casablanca-Settat,Natty Natty,Café,Formel,Natty Natty,33.527602,-7.8065487,icons/cafe.png,OSM
Casablanca-Settat,Carrefour,Supermarché,Formel,Boulevard de la Corniche شارع الكورنيش,33.5981369,-7.6644676,icons/supermarket.png,OSM
Casablanca-Settat,Lugano Glacier,Café,Formel,Lugano Glacier,33.5942402,-7.6376222,icons/cafe.png,OSM
Casablanca-Settat,Pharmacie al Adarissa,Parapharmacie,Formel,Pharmacie al Adarissa,33.5111741,-7.6482559,icons/pharmacy.png,OSM
Casablanca-Settat,Café Galatina,Café,Formel,Café Galatina,33.5100873,-7.6507181,icons/cafe.png,OSM
Casablanca-Settat,caffé Grandi,Café,Formel,caffé Grandi,33.5200648,-7.651763,icons/cafe.png,OSM
Casablanca-Settat,Valencia,Café,Formel,Valencia,33.5289904,-7.6487632,icons/cafe.png,OSM
Casablanca-Settat,Havana,Café,Formel,Havana,33.5285902,-7.6489134,icons/cafe.png,OSM
Casablanca-Settat,Abbatoir,Épicerie,Informel,Abbatoir,33.5479159,-7.5502365,icons/greengrocer.png,OSM
Casablanca-Settat,Casalino,Restaurant,Formel,Casalino,33.9334977,-6.9403585,icons/restaurant.png,OSM
Casablanca-Settat,Carrefour Market,Supermarché,Formel,Carrefour Market,33.9621808,-6.8771284,icons/supermarket.png,OSM
Casablanca-Settat,Supérette / Mini-market sans nom,Supérette / Mini-market,Formel,Supérette / Mini-market sans nom,33.9933223,-6.8462512,icons/convenience.png,OSM
Casablanca-Settat,Supérette / Mini-market sans nom,Supérette / Mini-market,Formel,Supérette / Mini-market sans nom,33.993987,-6.8466636,icons/convenience.png,OSM
Casablanca-Settat,Café sans nom,Café,Formel,Café sans nom,33.9937046,-6.8468942,icons/cafe.png,OSM
Casablanca-Settat,Tea Room & Co,Café,Formel,Tea Room & Co,33.9946417,-6.8470304,icons/cafe.png,OSM
Casablanca-Settat,Taiyaki,Restaurant,Formel,Taiyaki,33.9944415,-6.8468964,icons/restaurant.png,OSM
Casablanca-Settat,Épicerie sans nom,Épicerie,Informel,Épicerie sans nom,33.994675,-6.846883,icons/greengrocer.png,OSM
Casablanca-Settat,Terra Luna,Restaurant,Formel,"Avenue Fal Ould Oumeir شارع فال ولد عمير, Rabat",33.9949533,-6.8471757,icons/restaurant.png,OSM
Casablanca-Settat,Arthé,Restaurant,Formel,Arthé,33.995468,-6.84743,icons/restaurant.png,OSM
Casablanca-Settat,Grillades Adil,Restaurant,Formel,Grillades Adil,33.9951946,-6.8476035,icons/restaurant.png,OSM
Casablanca-Settat,KFC,Restaurant,Formel,Avenue Fal Ould Oumeir شارع فال ولد عمير,33.994844,-6.8474489,icons/restaurant.png,OSM
Casablanca-Settat,Café sans nom,Café,Formel,Café sans nom,33.696202,-7.3878652,icons/cafe.png,OSM
Casablanca-Settat,sirage,Boulangerie,Formel,sirage,33.696273,-7.387636,icons/bakery.png,OSM
Casablanca-Settat,Boulangerie sans nom,Boulangerie,Formel,Boulangerie sans nom,33.6971685,-7.3890429,icons/bakery.png,OSM
Casablanca-Settat,Restaurant sans nom,Restaurant,Formel,Restaurant sans nom,33.7086646,-7.4002009,icons/restaurant.png,OSM
Casablanca-Settat,Restaurant Ostrea,Restaurant,Formel,Restaurant Ostrea,33.6018149,-7.614031,icons/restaurant.png,OSM
Casablanca-Settat,Supérette / Mini-market sans nom,Supérette / Mini-market,Formel,Supérette / Mini-market sans nom,33.5992194,-7.6137934,icons/convenience.png,OSM
Casablanca-Settat,Restaurant sans nom,Restaurant,Formel,Restaurant sans nom,33.6076996,-7.6555825,icons/restaurant.png,OSM
Casablanca-Settat,Le Cabestan,Restaurant,Formel,Le Cabestan,33.6080257,-7.6553304,icons/restaurant.png,OSM
Casablanca-Settat,Restaurant sans nom,Restaurant,Formel,Restaurant sans nom,33.6014266,-7.6604266,icons/restaurant.png,OSM
Casablanca-Settat,Lebanese Restaurant,Restaurant,Formel,Lebanese Restaurant,33.6007855,-7.6603997,icons/restaurant.png,OSM
Casablanca-Settat,Café sans nom,Café,Formel,Café sans nom,33.2439198,-8.4883865,icons/cafe.png,OSM
Casablanca-Settat,Ali Baba,Restaurant,Formel,Ali Baba,33.2438658,-8.4887894,icons/restaurant.png,OSM
Casablanca-Settat,First Pizza,Restaurant,Formel,"Rue Oum Errabia زنقة أم الربيع, Rabat ⵔⴱⴰⵟ الرباط",33.996765,-6.8467668,icons/restaurant.png,OSM
Casablanca-Settat,Dar Al Fawakih,Restaurant,Formel,Dar Al Fawakih,33.9967094,-6.8469626,icons/restaurant.png,OSM
Casablanca-Settat,Caesar's,Restaurant,Formel,Caesar's,33.9969651,-6.8461633,icons/restaurant.png,OSM
Casablanca-Settat,Picasso,Restaurant,Formel,Picasso,33.9966426,-6.8471479,icons/restaurant.png,OSM
Casablanca-Settat,Ch'hiwates Bennani,Boulangerie,Formel,Avenue Atlas شارع الأطلس,33.9966994,-6.8461252,icons/bakery.png,OSM
Casablanca-Settat,Brownies,Café,Formel,Avenue Atlas شارع الأطلس,33.9967539,-6.8459649,icons/cafe.png,OSM
Casablanca-Settat,Mihad Market,Supérette / Mini-market,Formel,Mihad Market,33.9968266,-6.8457006,icons/convenience.png,OSM
Casablanca-Settat,Schmid,Café,Formel,Schmid,33.9970852,-6.8457959,icons/cafe.png,OSM
Casablanca-Settat,Poisson,Supermarché,Formel,Poisson,33.7074202,-7.3987715,icons/supermarket.png,OSM
Casablanca-Settat,Café du Parc,Café,Formel,Café du Parc,33.7077907,-7.3964169,icons/cafe.png,OSM
Casablanca-Settat,Essouiri,Restaurant,Formel,Essouiri,33.7082346,-7.3991763,icons/restaurant.png,OSM
Casablanca-Settat,Boulangerie Amoud,Boulangerie,Formel,Avenue du Parc,33.7044365,-7.3945678,icons/bakery.png,OSM
Casablanca-Settat,Supermarché EL Alia,Supermarché,Formel,Supermarché EL Alia,33.6896168,-7.3884825,icons/supermarket.png,OSM
Casablanca-Settat,Boulangerie Kasbah,Boulangerie,Formel,Boulangerie Kasbah,33.6992164,-7.3889805,icons/bakery.png,OSM
Casablanca-Settat,Supermarché Marjane,Supermarché,Formel,Supermarché Marjane,33.7077034,-7.3476433,icons/supermarket.png,OSM
Casablanca-Settat,Pizza Hut,Restaurant,Formel,Pizza Hut,33.7079913,-7.3491848,icons/restaurant.png,OSM
Casablanca-Settat,Aswak assalam,Supermarché,Formel,Aswak assalam,33.6882876,-7.4001937,icons/supermarket.png,OSM
Casablanca-Settat,Chez Brahim,Supermarché,Formel,Chez Brahim,33.9315538,-6.9481251,icons/supermarket.png,OSM
Casablanca-Settat,Café,Café,Formel,Café,33.6996806,-7.3898974,icons/cafe.png,OSM
Casablanca-Settat,Pharmacie des Écoles صيدلية المدارس,Parapharmacie,Formel,"Rue Al Jaoutann, Rabat",33.9651542,-6.8668657,icons/pharmacy.png,OSM
Casablanca-Settat,Café sans nom,Café,Formel,Café sans nom,32.8934582,-6.6518659,icons/cafe.png,OSM
Casablanca-Settat,Café sans nom,Café,Formel,Café sans nom,33.1536542,-7.3843396,icons/cafe.png,OSM
Casablanca-Settat,Supérette / Mini-market sans nom,Supérette / Mini-market,Formel,Supérette / Mini-market sans nom,33.1537892,-7.3846347,icons/convenience.png,OSM
Casablanca-Settat,Café Domani,Café,Formel,Café Domani,33.5620309,-7.5591609,icons/cafe.png,OSM
Casablanca-Settat,Pharmacie Lahraouine صيدلية الهراويين,Parapharmacie,Formel,Pharmacie Lahraouine صيدلية الهراويين,33.5606836,-7.5527375,icons/pharmacy.png,OSM
Casablanca-Settat,Pharmacie le Théâtre صيدلية المسرح,Parapharmacie,Formel,Pharmacie le Théâtre صيدلية المسرح,33.5633186,-7.5543957,icons/pharmacy.png,OSM
Casablanca-Settat,Restaurant sans nom,Restaurant,Formel,Restaurant sans nom,32.6300944,-7.7941864,icons/restaurant.png,OSM
Casablanca-Settat,Café sans nom,Café,Formel,Café sans nom,32.6301667,-7.7943366,icons/cafe.png,OSM
Casablanca-Settat,Jotyya Lebriq ( Marché populaire quartier Labriq ),Épicerie,Informel,Jotyya Lebriq ( Marché populaire quartier Labriq ),32.8862494,-6.9234053,icons/greengrocer.png,OSM
Casablanca-Settat,Marché Régional Hebdomadaire ( Dimanche ),Épicerie,Informel,Marché Régional Hebdomadaire ( Dimanche ),32.8978056,-6.9180569,icons/greengrocer.png,OSM
Casablanca-Settat,Café Ghurub الغروب,Café,Formel,Café Ghurub الغروب,33.5936334,-7.6790181,icons/cafe.png,OSM
Casablanca-Settat,Luigi,Restaurant,Formel,Luigi,33.5966434,-7.6750589,icons/restaurant.png,OSM
Casablanca-Settat,Sijilmassa سجلماسة,Restaurant,Formel,Sijilmassa سجلماسة,33.590847,-7.6793633,icons/restaurant.png,OSM
Casablanca-Settat,Nzaha,Café,Formel,Nzaha,33.589095,-7.6818777,icons/cafe.png,OSM
Casablanca-Settat,O'palm,Café,Formel,O'palm,33.5886958,-7.6831655,icons/cafe.png,OSM
Casablanca-Settat,Caffè Vernagno 1882,Café,Formel,Rue Attabari زنقة الطبري,33.5766221,-7.6481068,icons/cafe.png,OSM
Casablanca-Settat,Caniada,Café,Formel,Caniada,33.5835055,-7.6421257,icons/cafe.png,OSM
Casablanca-Settat,La Grillardière,Restaurant,Formel,Boulevard Bir Anzarane شارع بئر أنزران,33.5832948,-7.6418718,icons/restaurant.png,OSM
Casablanca-Settat,Café Arije,Café,Formel,Café Arije,33.5819086,-7.6432771,icons/cafe.png,OSM
Casablanca-Settat,Café les familles,Café,Formel,Café les familles,33.5819412,-7.6431848,icons/cafe.png,OSM
Casablanca-Settat,ماكدونالدز,Restaurant,Formel,ماكدونالدز,33.5857871,-7.6349089,icons/restaurant.png,OSM
Casablanca-Settat,taher,Boulangerie,Formel,taher,33.5836838,-7.6403528,icons/bakery.png,OSM
Casablanca-Settat,Café le Bateau,Café,Formel,Café le Bateau,33.5798896,-7.6370591,icons/cafe.png,OSM
Casablanca-Settat,Café Espace Mozart,Café,Formel,Café Espace Mozart,33.5801248,-7.6367203,icons/cafe.png,OSM
Casablanca-Settat,pizzeria italian,Restaurant,Formel,pizzeria italian,33.5810317,-7.6370564,icons/restaurant.png,OSM
Casablanca-Settat,Locamed,Supérette / Mini-market,Formel,Locamed,33.982564,-6.8288437,icons/convenience.png,OSM
Casablanca-Settat,Class'dish,Restaurant,Formel,Class'dish,33.5900333,-7.6303903,icons/restaurant.png,OSM
Casablanca-Settat,BIM,Supermarché,Formel,BIM,33.5640326,-7.555968,icons/supermarket.png,OSM
Casablanca-Settat,Glacier Oliveri,Café,Formel,Glacier Oliveri,33.5848346,-7.622941,icons/cafe.png,OSM
Casablanca-Settat,Pharmacie des Prêles,Parapharmacie,Formel,Rue Brahim Nakhai,33.5778147,-7.6394176,icons/pharmacy.png,OSM
Casablanca-Settat,Café Agoustine,Café,Formel,Rue Al Ghadfa,33.5785797,-7.6401447,icons/cafe.png,OSM
Casablanca-Settat,Café Caldo,Café,Formel,Rue Al Fourat,33.579835,-7.640015,icons/cafe.png,OSM
Casablanca-Settat,Moumni,Restaurant,Formel,Rue Bussang,33.5806288,-7.6385468,icons/restaurant.png,OSM
Casablanca-Settat,Carrefour Market,Supermarché,Formel,Rue Al Fourate زنقة الفرات,33.5802189,-7.6409084,icons/supermarket.png,OSM
Casablanca-Settat,Pharmacie des Stades صيدلية الملاعب,Parapharmacie,Formel,Rue Al Fourate زنقة الفرات,33.5802204,-7.6404866,icons/pharmacy.png,OSM
Casablanca-Settat,Café Céleste,Café,Formel,Rue Al Mansour Al Abidi زنقة المنصور العابدي,33.5804839,-7.6412073,icons/cafe.png,OSM
Casablanca-Settat,CAP 3000,Café,Formel,Rue Al Fourate زنقة الفرات,33.5806609,-7.6410259,icons/cafe.png,OSM
Casablanca-Settat,Café au Petit 'Maroc مقهى إلى المغرب الصغير,Café,Formel,Café au Petit 'Maroc مقهى إلى المغرب الصغير,33.5978903,-7.6344273,icons/cafe.png,OSM
Casablanca-Settat,Café Bidawa,Café,Formel,Café Bidawa,33.5985843,-7.6326802,icons/cafe.png,OSM
Casablanca-Settat,Pharmacie Moulay Youssef,Parapharmacie,Formel,Pharmacie Moulay Youssef,33.5984096,-7.632475,icons/pharmacy.png,OSM
Casablanca-Settat,BİM,Supermarché,Formel,BİM,33.5972247,-7.6346254,icons/supermarket.png,OSM
Casablanca-Settat,Diwan,Café,Formel,Diwan,33.5916481,-7.6351298,icons/cafe.png,OSM
Casablanca-Settat,Patisserie&Traiteur TAZI,Café,Formel,Patisserie&Traiteur TAZI,33.595696,-7.6301959,icons/cafe.png,OSM
Casablanca-Settat,Segafredo,Café,Formel,Segafredo,33.5922407,-7.6336602,icons/cafe.png,OSM
Casablanca-Settat,jardin de Rome,Café,Formel,jardin de Rome,33.5923237,-7.6319383,icons/cafe.png,OSM
Casablanca-Settat,Le Red's,Café,Formel,Le Red's,33.5929027,-7.62923,icons/cafe.png,OSM
Casablanca-Settat,Le Noble,Café,Formel,"Rue Abou Abdellah Nafii, Casablanca ⵜⴰⴷⴷⴰⵔⵜ ⵜⵓⵎⵍⵉⵍⵜ الدار البيضاء",33.5860329,-7.6342615,icons/cafe.png,OSM
Casablanca-Settat,Restaurant sans nom,Restaurant,Formel,Restaurant sans nom,33.619133,-7.1885019,icons/restaurant.png,OSM
Casablanca-Settat,Garibaldi,Café,Formel,Garibaldi,33.601513,-7.6330486,icons/cafe.png,OSM
Casablanca-Settat,Pharmacie Tamaârouft,Parapharmacie,Formel,Pharmacie Tamaârouft,33.599213,-7.6354406,icons/pharmacy.png,OSM
Casablanca-Settat,Café sans nom,Café,Formel,Café sans nom,33.9869485,-6.8700429,icons/cafe.png,OSM
Casablanca-Settat,Monsieur Brochettes,Restaurant,Formel,Monsieur Brochettes,33.5703274,-7.6663165,icons/restaurant.png,OSM
Casablanca-Settat,Chawarma Nour esham شاورما نور الشام,Restaurant,Formel,Chawarma Nour esham شاورما نور الشام,33.6011445,-7.634303,icons/restaurant.png,OSM
Casablanca-Settat,Venezia Ice,Café,Formel,Venezia Ice,33.5866466,-7.6335102,icons/cafe.png,OSM
Casablanca-Settat,Nejma,Café,Formel,Nejma,33.9610729,-6.8851102,icons/cafe.png,OSM
Casablanca-Settat,ماكدونالدز,Restaurant,Formel,ماكدونالدز,33.544386,-7.6403574,icons/restaurant.png,OSM
Casablanca-Settat,Pizza Hut,Restaurant,Formel,Pizza Hut,33.5443065,-7.6413493,icons/restaurant.png,OSM
Casablanca-Settat,Domino's,Restaurant,Formel,Rabat ⵔⴱⴰⵟ الرباط,33.9604394,-6.8680298,icons/restaurant.png,OSM
Casablanca-Settat,O'Caprices,Café,Formel,O'Caprices,33.9601813,-6.8682658,icons/cafe.png,OSM
Casablanca-Settat,potchi,Restaurant,Formel,Bordeaux,33.5973488,-7.6273398,icons/restaurant.png,OSM
Casablanca-Settat,Libre Service Zaki,Supérette / Mini-market,Formel,Rue Michel Ange زنقة ميشبل أنج,33.5917672,-7.6383605,icons/convenience.png,OSM
Casablanca-Settat,Meet Up Coffee Pool,Café,Formel,Rue Michel Ange زنقة ميشبل أنج,33.5917023,-7.6383239,icons/cafe.png,OSM
Casablanca-Settat,India Palace,Restaurant,Formel,Rue Ahmed El Mokri زنقة أحمد المقري,33.5917889,-7.6391526,icons/restaurant.png,OSM
Casablanca-Settat,La Flèche d’Anfa,Café,Formel,Boulevard d'Anfa شارع أنفا,33.5904217,-7.6380902,icons/cafe.png,OSM
Casablanca-Settat,Pharmacie Les Iris صيدلية السوسن,Parapharmacie,Formel,Boulevard d'Anfa شارع أنفا,33.5900215,-7.638947,icons/pharmacy.png,OSM
Casablanca-Settat,Petrom بتروم,Café,Formel,Petrom بتروم,33.5093888,-7.6308528,icons/cafe.png,OSM
Casablanca-Settat,La Passion,Café,Formel,La Passion,33.6117108,-7.4821246,icons/cafe.png,OSM
Casablanca-Settat,Casa Bianca,Café,Formel,Casa Bianca,33.6144212,-7.4864283,icons/cafe.png,OSM
Casablanca-Settat,Pharmacie Fath El Khair,Parapharmacie,Formel,Pharmacie Fath El Khair,33.6145513,-7.4871759,icons/pharmacy.png,OSM
Casablanca-Settat,Golf Sud,Café,Formel,Golf Sud,33.6142458,-7.48762,icons/cafe.png,OSM
Casablanca-Settat,Le Rital,Café,Formel,Le Rital,33.614251,-7.4876961,icons/cafe.png,OSM
Casablanca-Settat,New Town,Café,Formel,New Town,33.6117795,-7.4808035,icons/cafe.png,OSM
Casablanca-Settat,Pharmacie Kawnouka,Parapharmacie,Formel,Pharmacie Kawnouka,33.6116931,-7.480976,icons/pharmacy.png,OSM
Casablanca-Settat,BİM,Supermarché,Formel,BİM,33.6014315,-7.6346726,icons/supermarket.png,OSM
Casablanca-Settat,LPG,Café,Formel,LPG,33.9958045,-6.8475621,icons/cafe.png,OSM
Casablanca-Settat,Chez Omar,Restaurant,Formel,Chez Omar,33.5974462,-7.635698,icons/restaurant.png,OSM
Casablanca-Settat,Seven 7 Days,Restaurant,Formel,Boulevard Mohamed Zerktouni,33.5970619,-7.6382193,icons/restaurant.png,OSM
Casablanca-Settat,La Toscana,Restaurant,Formel,Rue Ibnou Yaala Al Ifrani زنقة ابن يعلى الإفراني,33.5885888,-7.6385756,icons/restaurant.png,OSM
Casablanca-Settat,Marjane,Supermarché,Formel,Marjane,33.595682,-7.531687,icons/supermarket.png,OSM
Casablanca-Settat,Pomme de Pain,Restaurant,Formel,Rue Ibnou Yaala Al Ifrani زنقة ابن يعلى الإفراني,33.588034,-7.6401077,icons/restaurant.png,OSM
Casablanca-Settat,Supermarché,Supermarché,Formel,Boulevard Moulay Youssef,33.601049,-7.632989,icons/supermarket.png,OSM
Casablanca-Settat,KFC,Restaurant,Formel,"Rue El Kadi Iass زنقة القاضي إياس, Casablanca ⵜⴰⴷⴷⴰⵔⵜ ⵜⵓⵎⵍⵉⵍⵜ الدار البيضاء",33.5861117,-7.6368073,icons/restaurant.png,OSM
Casablanca-Settat,Café Pasteur,Café,Formel,Café Pasteur,33.5737657,-7.6245966,icons/cafe.png,OSM
Casablanca-Settat,pharmacie Charles Nicole,Parapharmacie,Formel,pharmacie Charles Nicole,33.5740142,-7.6248749,icons/pharmacy.png,OSM
Casablanca-Settat,café Etoile Plazza,Café,Formel,café Etoile Plazza,33.5740365,-7.6250894,icons/cafe.png,OSM
Casablanca-Settat,café Alice,Café,Formel,café Alice,33.5740455,-7.6252611,icons/cafe.png,OSM
Casablanca-Settat,café Gigi,Café,Formel,café Gigi,33.57405,-7.6253952,icons/cafe.png,OSM
Casablanca-Settat,Carrefour Market,Supermarché,Formel,Carrefour Market,33.5730326,-7.6198771,icons/supermarket.png,OSM
Casablanca-Settat,BİM,Supermarché,Formel,BİM,33.5729969,-7.6201882,icons/supermarket.png,OSM
Casablanca-Settat,café Vesal,Café,Formel,café Vesal,33.5728315,-7.6205101,icons/cafe.png,OSM
Casablanca-Settat,Cannelle,Café,Formel,Cannelle,33.572472,-7.6571393,icons/cafe.png,OSM
Casablanca-Settat,Araucaria اروكاريا,Parapharmacie,Formel,Araucaria اروكاريا,33.57097,-7.660369,icons/pharmacy.png,OSM
Casablanca-Settat,Supérette / Mini-market sans nom,Supérette / Mini-market,Formel,Supérette / Mini-market sans nom,33.5727535,-7.6565277,icons/convenience.png,OSM
Casablanca-Settat,"Nori, Restaurent Japonais",Restaurant,Formel,"Nori, Restaurent Japonais",33.5731692,-7.6567852,icons/restaurant.png,OSM
Casablanca-Settat,O'self,Supermarché,Formel,O'self,33.5733212,-7.6564955,icons/supermarket.png,OSM
Casablanca-Settat,Paul,Boulangerie,Formel,Paul,33.5735402,-7.6561522,icons/bakery.png,OSM
Casablanca-Settat,Long Champ,Parapharmacie,Formel,Long Champ,33.5727357,-7.6563829,icons/pharmacy.png,OSM
Casablanca-Settat,Tropy,Supermarché,Formel,Tropy,33.5737413,-7.6556158,icons/supermarket.png,OSM
Casablanca-Settat,Supérette / Mini-market sans nom,Supérette / Mini-market,Formel,Supérette / Mini-market sans nom,33.5732318,-7.6555836,icons/convenience.png,OSM
Casablanca-Settat,Kenza,Parapharmacie,Formel,Kenza,33.5718686,-7.6533037,icons/pharmacy.png,OSM
Casablanca-Settat,BİM,Supermarché,Formel,BİM,33.5708852,-7.6517909,icons/supermarket.png,OSM
Casablanca-Settat,Espace Coffee,Café,Formel,Espace Coffee,33.5711177,-7.6517212,icons/cafe.png,OSM
Casablanca-Settat,Pharmacie de la sécurité,Parapharmacie,Formel,Avenue Idriss 1er,33.5722341,-7.6226584,icons/pharmacy.png,OSM
Casablanca-Settat,Café Lily White,Café,Formel,Café Lily White,33.5715053,-7.6241079,icons/cafe.png,OSM
Casablanca-Settat,Café Soraya,Café,Formel,Café Soraya,33.5715156,-7.6244653,icons/cafe.png,OSM
Casablanca-Settat,La Brioche Dorée,Café,Formel,La Brioche Dorée,33.5693746,-7.6255745,icons/cafe.png,OSM
Casablanca-Settat,Gelatino,Café,Formel,Rue Nationale,33.5936482,-7.6162016,icons/cafe.png,OSM
Casablanca-Settat,Belhaj Fast Food,Restaurant,Formel,Belhaj Fast Food,33.5911922,-7.6260147,icons/restaurant.png,OSM
Casablanca-Settat,La grotte du pêcheur,Restaurant,Formel,La grotte du pêcheur,33.5918245,-7.6266906,icons/restaurant.png,OSM
Casablanca-Settat,Nouaima,Café,Formel,Nouaima,33.592001,-7.626468,icons/cafe.png,OSM
Casablanca-Settat,Keykos,Restaurant,Formel,Keykos,33.5924545,-7.6270366,icons/restaurant.png,OSM
Casablanca-Settat,Snack Bir Anzarane,Restaurant,Formel,Snack Bir Anzarane,33.580546,-7.6372562,icons/restaurant.png,OSM
Casablanca-Settat,Snack Khatib,Restaurant,Formel,Snack Khatib,33.5808187,-7.6376854,icons/restaurant.png,OSM
Casablanca-Settat,Snack Tahiri,Restaurant,Formel,Snack Tahiri,33.5808991,-7.637798,icons/restaurant.png,OSM
Casablanca-Settat,Snack Moumni,Restaurant,Formel,Snack Moumni,33.5809483,-7.6377229,icons/restaurant.png,OSM
Casablanca-Settat,Café Anfa,Café,Formel,Café Anfa,33.5813192,-7.6383988,icons/cafe.png,OSM
Casablanca-Settat,Café O'kfé,Café,Formel,Café O'kfé,33.5816678,-7.6389138,icons/cafe.png,OSM
Casablanca-Settat,Pharmacie El Irfane صيدلية العرفان,Parapharmacie,Formel,"شارع علال الفاسي, Rabat",33.9818509,-6.864547,icons/pharmacy.png,OSM
Casablanca-Settat,Supérette / Mini-market sans nom,Supérette / Mini-market,Formel,Supérette / Mini-market sans nom,32.8251008,-6.5191526,icons/convenience.png,OSM
Casablanca-Settat,Café sans nom,Café,Formel,Café sans nom,32.8262368,-6.5206331,icons/cafe.png,OSM
Casablanca-Settat,Restaurant sans nom,Restaurant,Formel,Restaurant sans nom,32.8251757,-6.5188302,icons/restaurant.png,OSM
Casablanca-Settat,Supérette / Mini-market sans nom,Supérette / Mini-market,Formel,Supérette / Mini-market sans nom,32.8261376,-6.5212554,icons/convenience.png,OSM
Casablanca-Settat,Café sans nom,Café,Formel,Café sans nom,32.8249656,-6.5188629,icons/cafe.png,OSM
Casablanca-Settat,Restaurant sans nom,Restaurant,Formel,Restaurant sans nom,32.8262368,-6.5208906,icons/restaurant.png,OSM
Casablanca-Settat,Baleno,Restaurant,Formel,Baleno,33.582573,-7.614684,icons/restaurant.png,OSM
Casablanca-Settat,Tex Mex,Restaurant,Formel,Boulevard Al Massira Al Khadra شارع المسيرة الخضراء,33.5876523,-7.6434531,icons/restaurant.png,OSM
Casablanca-Settat,Fennich,Boulangerie,Formel,Fennich,33.9901354,-6.8258274,icons/bakery.png,OSM
Casablanca-Settat,Café Mandela,Café,Formel,Café Mandela,33.6014368,-7.6336494,icons/cafe.png,OSM
Casablanca-Settat,Cups,Café,Formel,Cups,33.5926384,-7.6295335,icons/cafe.png,OSM
Casablanca-Settat,Marjonel,Café,Formel,Marjonel,33.5583463,-7.5604482,icons/cafe.png,OSM
Casablanca-Settat,Restaurant sans nom,Restaurant,Formel,Restaurant sans nom,33.601239,-7.6360079,icons/restaurant.png,OSM
Casablanca-Settat,Pharmacie Assanaoubar صيدلية الصنوبر,Parapharmacie,Formel,"Avenue Assanaoubar شارع الصنوبر, Rabat",33.957923,-6.8794404,icons/pharmacy.png,OSM
Casablanca-Settat,ماكدونالدز,Restaurant,Formel,ماكدونالدز,33.5993306,-7.6126219,icons/restaurant.png,OSM
Casablanca-Settat,ستاربكس,Café,Formel,ستاربكس,33.5995419,-7.6123798,icons/cafe.png,OSM
Casablanca-Settat,Astoria,Café,Formel,Astoria,33.5941874,-7.5873723,icons/cafe.png,OSM
Casablanca-Settat,Pharmacie Bahmad,Parapharmacie,Formel,Pharmacie Bahmad,33.5946576,-7.586858,icons/pharmacy.png,OSM
Casablanca-Settat,Restaurant sans nom,Restaurant,Formel,Restaurant sans nom,33.5938761,-7.581693,icons/restaurant.png,OSM
Casablanca-Settat,Snack Lachgar,Restaurant,Formel,Snack Lachgar,33.594038,-7.5812324,icons/restaurant.png,OSM
Casablanca-Settat,Pharmacie Vie,Parapharmacie,Formel,Pharmacie Vie,33.5920721,-7.5895331,icons/pharmacy.png,OSM
Casablanca-Settat,Café Iligh,Café,Formel,Café Iligh,33.5908419,-7.5907101,icons/cafe.png,OSM
Casablanca-Settat,Supérette / Mini-market sans nom,Supérette / Mini-market,Formel,Supérette / Mini-market sans nom,33.7147306,-7.3439001,icons/convenience.png,OSM
Casablanca-Settat,Snack chez Mostapha,Restaurant,Formel,Snack chez Mostapha,33.5940513,-7.5811487,icons/restaurant.png,OSM
Casablanca-Settat,Chez Taha,Restaurant,Formel,Chez Taha,33.5940283,-7.5812601,icons/restaurant.png,OSM
Casablanca-Settat,Snack Rajawi,Restaurant,Formel,Snack Rajawi,33.5940221,-7.58131,icons/restaurant.png,OSM
Casablanca-Settat,Achkid,Restaurant,Formel,Achkid,33.5940125,-7.5813312,icons/restaurant.png,OSM
Casablanca-Settat,Ait agadir,Restaurant,Formel,Ait agadir,33.5939487,-7.5815033,icons/restaurant.png,OSM
Casablanca-Settat,Ait toufawt,Restaurant,Formel,Ait toufawt,33.5939034,-7.5816157,icons/restaurant.png,OSM
Casablanca-Settat,Café sans nom,Café,Formel,Café sans nom,33.593421,-7.5820873,icons/cafe.png,OSM
Casablanca-Settat,Wardane,Café,Formel,Boulevard Oued Oum Rbia,33.5569778,-7.6827368,icons/cafe.png,OSM
Casablanca-Settat,Omar Al Mokhtar,Boulangerie,Formel,Boulevard Oued Oum Rbia,33.5565963,-7.6824284,icons/bakery.png,OSM
Casablanca-Settat,Babel,Café,Formel,Babel,33.5557009,-7.6827946,icons/cafe.png,OSM
Casablanca-Settat,Snack Farah Behja,Restaurant,Formel,Snack Farah Behja,33.5940156,-7.5808973,icons/restaurant.png,OSM
Casablanca-Settat,La Grillardiere,Restaurant,Formel,La Grillardiere,33.5887094,-7.628123,icons/restaurant.png,OSM
Casablanca-Settat,BlueBerry,Café,Formel,BlueBerry,33.5996574,-7.6122203,icons/cafe.png,OSM
Casablanca-Settat,Caféino,Café,Formel,Caféino,33.5994386,-7.6125072,icons/cafe.png,OSM
Casablanca-Settat,Segafredo,Café,Formel,Segafredo,33.5992366,-7.6127376,icons/cafe.png,OSM
Casablanca-Settat,Pharmacie Borj صيدلية البرج,Parapharmacie,Formel,"Avenue Addolb شارع الدلب, Rabat",33.9475044,-6.8736322,icons/pharmacy.png,OSM
Casablanca-Settat,Vitanature,Parapharmacie,Formel,"EL Brouge, Casablanca ⵜⴰⴷⴷⴰⵔⵜ ⵜⵓⵎⵍⵉⵍⵜ الدار البيضاء",33.6022202,-7.6342893,icons/pharmacy.png,OSM
Casablanca-Settat,Segafredo,Café,Formel,Segafredo,33.5917771,-7.627272,icons/cafe.png,OSM
Casablanca-Settat,Fratelli,Restaurant,Formel,Fratelli,33.5930227,-7.627037,icons/restaurant.png,OSM
Casablanca-Settat,La perle du liban,Restaurant,Formel,La perle du liban,33.5947844,-7.6282046,icons/restaurant.png,OSM
Casablanca-Settat,Café Glacier Rachidi,Café,Formel,Café Glacier Rachidi,33.5938662,-7.6283156,icons/cafe.png,OSM
Casablanca-Settat,Café Glacier de l'Oize,Café,Formel,Café Glacier de l'Oize,33.594726,-7.6274061,icons/cafe.png,OSM
Casablanca-Settat,Café glacier Casa Anfa,Café,Formel,Café glacier Casa Anfa,33.5953965,-7.6263675,icons/cafe.png,OSM
Casablanca-Settat,Café La cabane,Café,Formel,Café La cabane,33.5955168,-7.6265613,icons/cafe.png,OSM
Casablanca-Settat,Restaurant King Burger,Restaurant,Formel,Restaurant King Burger,33.5953217,-7.6256267,icons/restaurant.png,OSM
Casablanca-Settat,Café Madrid,Café,Formel,Café Madrid,33.5954404,-7.6264835,icons/cafe.png,OSM
Casablanca-Settat,La Rose des Sables,Restaurant,Formel,La Rose des Sables,33.9185621,-6.9675305,icons/restaurant.png,OSM
Casablanca-Settat,Rose Marie,Restaurant,Formel,Rose Marie,33.8891129,-7.0141358,icons/restaurant.png,OSM
Casablanca-Settat,BİM,Supermarché,Formel,BİM,33.557744,-7.559864,icons/supermarket.png,OSM
Casablanca-Settat,Protectron Maroc,Supermarché,Formel,Avenue Ouled Ziane,33.5835673,-7.596623,icons/supermarket.png,OSM
Casablanca-Settat,Alegria,Café,Formel,"Boulevard Hassan Alaoui, Casablanca",33.5838531,-7.5813298,icons/cafe.png,OSM
Casablanca-Settat,Boulangerie-Pâtisserie Amanouz,Café,Formel,Boulangerie-Pâtisserie Amanouz,33.5846642,-7.5804276,icons/cafe.png,OSM
Casablanca-Settat,Supermarche Bim,Supermarché,Formel,Supermarche Bim,33.5841994,-7.5826163,icons/supermarket.png,OSM
Casablanca-Settat,Essalam Juice,Café,Formel,Essalam Juice,33.5852765,-7.5809747,icons/cafe.png,OSM
Casablanca-Settat,Clivia Ice,Café,Formel,Clivia Ice,33.5853413,-7.581302,icons/cafe.png,OSM
Casablanca-Settat,Sunset,Café,Formel,Sunset,33.5941228,-7.6443566,icons/cafe.png,OSM
Casablanca-Settat,Le Local,Café,Formel,Le Local,33.5942483,-7.6434224,icons/cafe.png,OSM
Casablanca-Settat,Dominos Pizza,Restaurant,Formel,Dominos Pizza,33.5734363,-7.6116139,icons/restaurant.png,OSM
Casablanca-Settat,Amiga,Café,Formel,Amiga,33.5741004,-7.6148563,icons/cafe.png,OSM
Casablanca-Settat,Café Karibo,Café,Formel,"Boulevard Rachidi, Casablanca",33.5924741,-7.6254288,icons/cafe.png,OSM
Casablanca-Settat,Le passage,Café,Formel,Le passage,33.5941743,-7.6252608,icons/cafe.png,OSM
Casablanca-Settat,café le mirage,Café,Formel,café le mirage,33.5938975,-7.6283639,icons/cafe.png,OSM
Casablanca-Settat,San mimoun,Café,Formel,Boulevard Rachidi,33.5936871,-7.628102,icons/cafe.png,OSM
Casablanca-Settat,Café saphir bleu,Café,Formel,Café saphir bleu,33.5945113,-7.6281082,icons/cafe.png,OSM
Casablanca-Settat,Lora Café Restaurant,Café,Formel,Lora Café Restaurant,33.5943442,-7.6286229,icons/cafe.png,OSM
Casablanca-Settat,Manar,Supermarché,Formel,Manar,33.9157973,-6.9715712,icons/supermarket.png,OSM
Casablanca-Settat,Café sans nom,Café,Formel,Café sans nom,33.9156089,-6.9717114,icons/cafe.png,OSM
Casablanca-Settat,Etoile de Mer,Café,Formel,Etoile de Mer,33.9161951,-6.972446,icons/cafe.png,OSM
Casablanca-Settat,Oriental,Café,Formel,Oriental,33.9955129,-6.7417798,icons/cafe.png,OSM
Casablanca-Settat,Chez vous,Café,Formel,Chez vous,33.9957209,-6.7381884,icons/cafe.png,OSM
Casablanca-Settat,Bim,Supermarché,Formel,Bim,33.9997046,-6.7417371,icons/supermarket.png,OSM
Casablanca-Settat,Viva,Café,Formel,Viva,33.9964825,-6.7371596,icons/cafe.png,OSM
Casablanca-Settat,Palacio,Café,Formel,Palacio,33.9982484,-6.741218,icons/cafe.png,OSM
Casablanca-Settat,café,Café,Formel,café,33.9937976,-6.7441393,icons/cafe.png,OSM
Casablanca-Settat,Restaurant sans nom,Restaurant,Formel,Restaurant sans nom,33.9983402,-6.7408418,icons/restaurant.png,OSM
Casablanca-Settat,Nakhil,Café,Formel,Nakhil,33.9962067,-6.7411621,icons/cafe.png,OSM
Casablanca-Settat,café,Café,Formel,café,33.9976501,-6.7354108,icons/cafe.png,OSM
Casablanca-Settat,Galilio,Café,Formel,Galilio,33.9953389,-6.741477,icons/cafe.png,OSM
Casablanca-Settat,Oum,Café,Formel,Oum,33.9869943,-6.7390125,icons/cafe.png,OSM
Casablanca-Settat,Al Abtal,Boulangerie,Formel,Al Abtal,33.9958643,-6.8486642,icons/bakery.png,OSM
Casablanca-Settat,Restaurant West Atlantic,Restaurant,Formel,Restaurant West Atlantic,33.5675139,-7.7095158,icons/restaurant.png,OSM
Casablanca-Settat,Restaurant sans nom,Restaurant,Formel,Restaurant sans nom,33.5927762,-7.6258481,icons/restaurant.png,OSM
Casablanca-Settat,Gaugan,Café,Formel,Gaugan,33.5927658,-7.6242626,icons/cafe.png,OSM
Casablanca-Settat,Restaurant sans nom,Restaurant,Formel,Restaurant sans nom,33.5930787,-7.6231024,icons/restaurant.png,OSM
Casablanca-Settat,Restaurant Rouget de l'Isle,Restaurant,Formel,Restaurant Rouget de l'Isle,33.5926824,-7.6228688,icons/restaurant.png,OSM
Casablanca-Settat,Alae,Restaurant,Formel,Rue d'Alger,33.5934314,-7.6240699,icons/restaurant.png,OSM
Casablanca-Settat,BİM,Supermarché,Formel,BİM,33.5939838,-7.6244925,icons/supermarket.png,OSM
Casablanca-Settat,Faraj,Café,Formel,Faraj,33.593897,-7.6251899,icons/cafe.png,OSM
Casablanca-Settat,Kalinka,Restaurant,Formel,Kalinka,33.5942124,-7.6249351,icons/restaurant.png,OSM
Casablanca-Settat,12 Cool,Restaurant,Formel,12 Cool,33.5930752,-7.6271159,icons/restaurant.png,OSM
Casablanca-Settat,Bistronome,Restaurant,Formel,Bistronome,33.5930876,-7.6267545,icons/restaurant.png,OSM
Casablanca-Settat,Rachidi,Café,Formel,Rachidi,33.5930352,-7.6266798,icons/cafe.png,OSM
Casablanca-Settat,Pharmacie Sidi Maârouf,Parapharmacie,Formel,Boulevard Abu Baker El Kadiri,33.5136433,-7.6555237,icons/pharmacy.png,OSM
Casablanca-Settat,Café Lkarma,Café,Formel,Café Lkarma,33.5148297,-7.6557369,icons/cafe.png,OSM
Casablanca-Settat,Pharmacie de Palma صيدلية بالما,Parapharmacie,Formel,"Avenue Moulay Abdellah, Témara تمارة",33.9342673,-6.9439595,icons/pharmacy.png,OSM
Casablanca-Settat,Oukaimeden,Restaurant,Formel,Boulevard du 11 Janvier,33.5911393,-7.6150735,icons/restaurant.png,OSM
Casablanca-Settat,Pharmacie Rhaouti صيدلية غوتي,Parapharmacie,Formel,"شارع علال الفاسي, Rabat ⵔⴱⴰⵟ الرباط",33.976008,-6.8699708,icons/pharmacy.png,OSM
Casablanca-Settat,Pharmacie Descartes صيدلية ديكارت,Parapharmacie,Formel,"Avenue des Nations Unies شارع الأمم المتحدة, Rabat",33.9914532,-6.8467235,icons/pharmacy.png,OSM
Casablanca-Settat,Côte à Côte,Restaurant,Formel,Côte à Côte,33.9951164,-6.8490244,icons/restaurant.png,OSM
Casablanca-Settat,Pharmacie Al Alfiya صيدلية الألفية,Parapharmacie,Formel,"Avenue de Michlifen شارع مشليفن, Rabat",33.993394,-6.8478351,icons/pharmacy.png,OSM
Casablanca-Settat,Gustie Sapori,Restaurant,Formel,Gustie Sapori,33.9997916,-6.8459747,icons/restaurant.png,OSM
Casablanca-Settat,Le Saxo,Restaurant,Formel,Le Saxo,33.9996969,-6.8461436,icons/restaurant.png,OSM
Casablanca-Settat,Pharmacie des Facultés صيدلية الكليات,Parapharmacie,Formel,"Avenue Omar Ibn Khattab شارع عمر بن الخطاب, Rabat",33.9994604,-6.8445409,icons/pharmacy.png,OSM
Casablanca-Settat,Amoud,Boulangerie,Formel,"Avenue des Nations Unies شارع الأمم المتحدة, Rabat ⵔⴱⴰⵟ الرباط",33.9903906,-6.8475094,icons/bakery.png,OSM
Casablanca-Settat,Pharmacie des Nations Unies صيدلية الأمم المتحدة,Parapharmacie,Formel,"Rue Jabal El Ayachi زنقة جبل العياشي, Rabat ⵔⴱⴰⵟ الرباط",33.9956587,-6.8455968,icons/pharmacy.png,OSM
Casablanca-Settat,La Fournée,Café,Formel,La Fournée,33.9977822,-6.8485827,icons/cafe.png,OSM
Casablanca-Settat,Oliveri,Café,Formel,Rabat ⵔⴱⴰⵟ الرباط,33.9976795,-6.8484955,icons/cafe.png,OSM
Casablanca-Settat,By Cap,Restaurant,Formel,By Cap,33.9901132,-6.8497583,icons/restaurant.png,OSM
Casablanca-Settat,Latium,Restaurant,Formel,Latium,33.9548026,-6.8652877,icons/restaurant.png,OSM
Casablanca-Settat,Pharmacie Safiya صيدلية الصافية,Parapharmacie,Formel,"Avenue Annakhil شارع النخيل, Rabat",33.9552146,-6.8656761,icons/pharmacy.png,OSM
Casablanca-Settat,Cofeeshop Company,Café,Formel,Cofeeshop Company,33.9558937,-6.8663755,icons/cafe.png,OSM
Casablanca-Settat,Aya Rosa,Café,Formel,Aya Rosa,33.9556091,-6.8663063,icons/cafe.png,OSM
Casablanca-Settat,La Cuchara,Restaurant,Formel,La Cuchara,33.955381,-6.8661613,icons/restaurant.png,OSM
Casablanca-Settat,The Noodle House,Restaurant,Formel,The Noodle House,33.9555473,-6.8662305,icons/restaurant.png,OSM
Casablanca-Settat,La Terrazza,Restaurant,Formel,La Terrazza,33.9535514,-6.8636956,icons/restaurant.png,OSM
Casablanca-Settat,Zayyane,Restaurant,Formel,Zayyane,33.9560802,-6.8667069,icons/restaurant.png,OSM
Casablanca-Settat,Le Saint Honore,Boulangerie,Formel,Le Saint Honore,33.9556594,-6.8663454,icons/bakery.png,OSM
Casablanca-Settat,Starbucks,Café,Formel,Starbucks,33.9566443,-6.8676795,icons/cafe.png,OSM
Casablanca-Settat,Pharmacie Amyris صيدلية أمرس,Parapharmacie,Formel,"Avenue Abderrahim Bouabid شارع عبد الرحيم بوعبيد, Rabat",33.966459,-6.8689394,icons/pharmacy.png,OSM
Casablanca-Settat,Pharmacie Al Minbat صيدلية المنبت,Parapharmacie,Formel,"Avenue Mehdi Ben Barka, Rabat",33.9786059,-6.8368404,icons/pharmacy.png,OSM
Casablanca-Settat,Pharmacie Ad Doha,Parapharmacie,Formel,Boulevard Stendhal,33.5700253,-7.6363369,icons/pharmacy.png,OSM
Casablanca-Settat,Parapharmacie sans nom,Parapharmacie,Formel,Parapharmacie sans nom,33.5671784,-7.636642,icons/pharmacy.png,OSM
Casablanca-Settat,Pharmacie Annajd,Parapharmacie,Formel,Pharmacie Annajd,33.5700455,-7.6346257,icons/pharmacy.png,OSM
Casablanca-Settat,Café De France,Café,Formel,Café De France,33.5954385,-7.617482,icons/cafe.png,OSM
Casablanca-Settat,Grande Pharmacie Commerciale,Parapharmacie,Formel,Grande Pharmacie Commerciale,33.5956684,-7.6172472,icons/pharmacy.png,OSM
Casablanca-Settat,ماكدونالدز,Restaurant,Formel,ماكدونالدز,33.5955437,-7.6173451,icons/restaurant.png,OSM
Casablanca-Settat,KFC,Restaurant,Formel,KFC,33.595602,-7.6174129,icons/restaurant.png,OSM
Casablanca-Settat,Le Cardinal,Restaurant,Formel,Le Cardinal,33.5956364,-7.6171591,icons/restaurant.png,OSM
Casablanca-Settat,Fleming,Parapharmacie,Formel,Rue Sahel,33.947977,-6.8289978,icons/pharmacy.png,OSM
Casablanca-Settat,Pharmacie des Zaers صيدلية زعير,Parapharmacie,Formel,"Avenue Mohammed VI شارع محمد السادس, Rabat ⵔⴱⴰⵟ الرباط",33.9820186,-6.8288893,icons/pharmacy.png,OSM
Casablanca-Settat,Pharmacie Talha صيدلية طلحة,Parapharmacie,Formel,"Rue Bani Meskine زنقة بني مسكين, Rabat",33.952492,-6.829435,icons/pharmacy.png,OSM
Casablanca-Settat,Dar Naji,Restaurant,Formel,Dar Naji,33.9855372,-6.8284958,icons/restaurant.png,OSM
Casablanca-Settat,Pharmacie la Pinède صيدلية الصنوبر,Parapharmacie,Formel,"Avenue Mohammed VI شارع محمد السادس, Rabat ⵔⴱⴰⵟ الرباط",33.9854203,-6.828252,icons/pharmacy.png,OSM
Casablanca-Settat,Pharmacie des Ministères d'Agdal صيدلية وزارات أكدال,Parapharmacie,Formel,"Rue Mohamed Bel Hassan Al Wazani زنقة محمد بلحسن الوزاني, Rabat",33.99536,-6.8556405,icons/pharmacy.png,OSM
Casablanca-Settat,Pharmacie Ibn Tofail صيدلية ابن طفيل,Parapharmacie,Formel,"Avenue Assalam شارع السلام, Rabat",33.993735,-6.8720219,icons/pharmacy.png,OSM
Casablanca-Settat,Pharmacie Essalam صيدلية السلام,Parapharmacie,Formel,"Avenue Assalam شارع السلام, Rabat",33.9985411,-6.8699254,icons/pharmacy.png,OSM
Casablanca-Settat,Ya.Sin,Parapharmacie,Formel,Ya.Sin,33.9725938,-6.8201801,icons/pharmacy.png,OSM
Casablanca-Settat,Snack Addou Maddou,Restaurant,Formel,Snack Addou Maddou,33.5932039,-7.6186518,icons/restaurant.png,OSM
Casablanca-Settat,Restaurant les Arcades,Restaurant,Formel,Restaurant les Arcades,33.5935525,-7.6185955,icons/restaurant.png,OSM
Casablanca-Settat,Café Odissea,Café,Formel,Café Odissea,33.5940836,-7.6183033,icons/cafe.png,OSM
Casablanca-Settat,Café Vogue,Café,Formel,Café Vogue,33.5945042,-7.6183755,icons/cafe.png,OSM
Casablanca-Settat,Pharmacie des écoles,Parapharmacie,Formel,Pharmacie des écoles,33.5944226,-7.6184008,icons/pharmacy.png,OSM
Casablanca-Settat,kiosque de presse,Kiosque,Informel,kiosque de presse,33.5944114,-7.6183525,icons/kiosk.png,OSM
Casablanca-Settat,Euro Snack,Restaurant,Formel,Euro Snack,33.5944851,-7.6183927,icons/restaurant.png,OSM
Casablanca-Settat,La Taverne du Dauphin,Restaurant,Formel,La Taverne du Dauphin,33.598736,-7.6151053,icons/restaurant.png,OSM
Casablanca-Settat,Total طوطال,Café,Formel,Total طوطال,33.5152721,-7.6553456,icons/cafe.png,OSM
Casablanca-Settat,Restaurant sans nom,Restaurant,Formel,Restaurant sans nom,33.8681168,-7.0566164,icons/restaurant.png,OSM
Casablanca-Settat,Café Du Littoral,Café,Formel,Café Du Littoral,33.9389851,-6.9384157,icons/cafe.png,OSM
Casablanca-Settat,Doremi,Café,Formel,Doremi,33.9387798,-6.9386487,icons/cafe.png,OSM
Casablanca-Settat,Red Wood,Café,Formel,Red Wood,33.9388967,-6.9385229,icons/cafe.png,OSM
Casablanca-Settat,Harhoura Ice,Café,Formel,Harhoura Ice,33.93873,-6.9387155,icons/cafe.png,OSM
Casablanca-Settat,Pharmacie C.H.U صيدلية المستشفى الجامعي,Parapharmacie,Formel,"Avenue Ibn Rochd شارع ابن رشد, Rabat",33.9877718,-6.8530394,icons/pharmacy.png,OSM
Casablanca-Settat,Pharmacie L'Étoile صيدلية النجمة,Parapharmacie,Formel,"Rue Amir Abdelkader زنقة الأمير عبد القادر, Rabat",33.9900489,-6.8541423,icons/pharmacy.png,OSM
Casablanca-Settat,LP,Café,Formel,LP,33.9357902,-6.9421207,icons/cafe.png,OSM
Casablanca-Settat,Gloria,Café,Formel,Gloria,33.9355872,-6.942412,icons/cafe.png,OSM
Casablanca-Settat,Why Not,Café,Formel,Why Not,33.9361936,-6.9414014,icons/cafe.png,OSM
Casablanca-Settat,Sol Y Mar,Café,Formel,Sol Y Mar,33.9357415,-6.942247,icons/cafe.png,OSM
Casablanca-Settat,Verona,Café,Formel,Verona,33.9352284,-6.9427852,icons/cafe.png,OSM
Casablanca-Settat,Pharmacie Guyville Harhoura صيدلية غايفيل هرهورة,Parapharmacie,Formel,Témara تمارة,33.9361065,-6.9417122,icons/pharmacy.png,OSM
Casablanca-Settat,La Falaise,Café,Formel,La Falaise,33.9356675,-6.9423354,icons/cafe.png,OSM
Casablanca-Settat,La Fontaine Bleue,Café,Formel,La Fontaine Bleue,33.9349717,-6.9431574,icons/cafe.png,OSM
Casablanca-Settat,Miami Light,Café,Formel,Miami Light,33.9948633,-6.8503589,icons/cafe.png,OSM
Casablanca-Settat,الخيمة,Restaurant,Formel,الخيمة,33.5501035,-7.5808439,icons/restaurant.png,OSM
Casablanca-Settat,Bim,Supérette / Mini-market,Formel,Bim,33.5530459,-7.5897091,icons/convenience.png,OSM
Casablanca-Settat,Café sans nom,Café,Formel,Café sans nom,33.5516288,-7.5880864,icons/cafe.png,OSM
Casablanca-Settat,BİM,Supermarché,Formel,BİM,33.5957829,-7.628286,icons/supermarket.png,OSM
Casablanca-Settat,Carrefour Market,Supermarché,Formel,Boulevard Ziraoui شارع الزيراوي,33.597148,-7.6294045,icons/supermarket.png,OSM
Casablanca-Settat,Little Barton's,Restaurant,Formel,Little Barton's,33.5997377,-7.6650484,icons/restaurant.png,OSM
Casablanca-Settat,Acima Mers Sultan,Supermarché,Formel,"Avenue 2 Mars, Casablanca ⵜⴰⴷⴷⴰⵔⵜ ⵜⵓⵎⵍⵉⵍⵜ الدار البيضاء",33.5761212,-7.6156344,icons/supermarket.png,OSM
Casablanca-Settat,Dar Morjana,Restaurant,Formel,"Avenue Atlas, Rabat",33.99673,-6.8460289,icons/restaurant.png,OSM
Casablanca-Settat,Café sans nom,Café,Formel,Café sans nom,32.9513088,-6.954704,icons/cafe.png,OSM
Casablanca-Settat,Café sans nom,Café,Formel,Café sans nom,32.9536585,-6.9549518,icons/cafe.png,OSM
Casablanca-Settat,Restaurant sans nom,Restaurant,Formel,Restaurant sans nom,32.9533182,-6.9548617,icons/restaurant.png,OSM
Casablanca-Settat,Restaurant sans nom,Restaurant,Formel,Restaurant sans nom,32.9516311,-6.9548167,icons/restaurant.png,OSM
Casablanca-Settat,Shawarmer,Restaurant,Formel,Shawarmer,33.5814102,-7.6392523,icons/restaurant.png,OSM
Casablanca-Settat,Venezia Ice,Café,Formel,"Avenue de France شارع فرنسا, Rabat ⵔⴱⴰⵟ الرباط",33.9977697,-6.8481855,icons/cafe.png,OSM
Casablanca-Settat,La Rive,Café,Formel,Avenue de France,33.9974489,-6.8482591,icons/cafe.png,OSM
Casablanca-Settat,Bert's,Café,Formel,Bert's,33.9975563,-6.8479977,icons/cafe.png,OSM
Casablanca-Settat,Pinchos,Restaurant,Formel,Pinchos,33.9954771,-6.850578,icons/restaurant.png,OSM
Casablanca-Settat,Le Savarin,Café,Formel,Rue Tensift,33.9994358,-6.8465284,icons/cafe.png,OSM
Casablanca-Settat,Pinchos,Restaurant,Formel,Avenue de France,33.9977447,-6.8483053,icons/restaurant.png,OSM
Casablanca-Settat,Zen Garden,Café,Formel,زنقة ملوية Rue Melouya,33.9979001,-6.8480774,icons/cafe.png,OSM
Casablanca-Settat,Le Rocher,Café,Formel,Le Rocher,33.9978536,-6.8478628,icons/cafe.png,OSM
Casablanca-Settat,Italiano,Café,Formel,Italiano,33.6030907,-7.1134221,icons/cafe.png,OSM
Casablanca-Settat,L'étudiant,Café,Formel,L'étudiant,33.5664433,-7.5429261,icons/cafe.png,OSM
Casablanca-Settat,Casa José,Restaurant,Formel,Casa José,33.5978725,-7.615386,icons/restaurant.png,OSM
Casablanca-Settat,Pharmacie Nassim Al Bahr صيدلية نسيم البحر,Parapharmacie,Formel,Témara تمارة,33.9274329,-6.9503182,icons/pharmacy.png,OSM
Casablanca-Settat,Aswak Assalam,Supermarché,Formel,Casablanca,33.5808385,-7.5928561,icons/supermarket.png,OSM
Casablanca-Settat,Epicerie El Aarbi,Supérette / Mini-market,Formel,Epicerie El Aarbi,33.6008471,-7.5796349,icons/convenience.png,OSM
Casablanca-Settat,Landoud Madjine ⵍⵓⵏⴹⵓⵏ ⵎⵥⵥⵉⵏ لنضون مجين,Café,Formel,Landoud Madjine ⵍⵓⵏⴹⵓⵏ ⵎⵥⵥⵉⵏ لنضون مجين,33.5609838,-7.6704245,icons/cafe.png,OSM
Casablanca-Settat,Café Kasmou ⴽⵓⵚⵎⵓ مقهى كصمو,Café,Formel,Café Kasmou ⴽⵓⵚⵎⵓ مقهى كصمو,33.5602328,-7.670564,icons/cafe.png,OSM
Casablanca-Settat,Pharmacie Jamai ⵍⵊⴰⵎⵄⵉ صيدلية الجامعي,Parapharmacie,Formel,Pharmacie Jamai ⵍⵊⴰⵎⵄⵉ صيدلية الجامعي,33.5582659,-7.6707464,icons/pharmacy.png,OSM
Casablanca-Settat,Porte Mansour ⴱⴰⴱ ⵎⵏⵚⵓⵕ باب منصور,Restaurant,Formel,Porte Mansour ⴱⴰⴱ ⵎⵏⵚⵓⵕ باب منصور,33.5592404,-7.6699846,icons/restaurant.png,OSM
Casablanca-Settat,Bim,Supermarché,Formel,Bim,33.6849709,-7.37293,icons/supermarket.png,OSM
Casablanca-Settat,Bim,Supermarché,Formel,Bim,33.6927071,-7.3844652,icons/supermarket.png,OSM
Casablanca-Settat,Loueloua,Boulangerie,Formel,Loueloua,33.6936722,-7.3780112,icons/bakery.png,OSM
Casablanca-Settat,La vivelle,Café,Formel,La vivelle,33.69384,-7.3776269,icons/cafe.png,OSM
Casablanca-Settat,Bim,Supermarché,Formel,Bim,33.6930466,-7.3801889,icons/supermarket.png,OSM
Casablanca-Settat,DH Palace,Café,Formel,DH Palace,33.9340345,-6.942399,icons/cafe.png,OSM
Casablanca-Settat,Alimentation Generale,Supérette / Mini-market,Formel,Alimentation Generale,33.9341592,-6.9426796,icons/convenience.png,OSM
Casablanca-Settat,Konichiwa,Restaurant,Formel,Konichiwa,33.9343289,-6.9433331,icons/restaurant.png,OSM
Casablanca-Settat,Pharmacie Le Littoral صيدلية الساحل,Parapharmacie,Formel,"Avenue Abdrrahim Bouabid, Témara تمارة",33.9297373,-6.9465894,icons/pharmacy.png,OSM
Casablanca-Settat,Sabah Acham,Restaurant,Formel,Sabah Acham,33.9346194,-6.9431692,icons/restaurant.png,OSM
Casablanca-Settat,Dunkin',Restaurant,Formel,Dunkin',33.9345965,-6.9430654,icons/restaurant.png,OSM
Casablanca-Settat,Pizzeria Haliano,Restaurant,Formel,Pizzeria Haliano,33.9336337,-6.9416407,icons/restaurant.png,OSM
Casablanca-Settat,Café Bruxelles,Café,Formel,Café Bruxelles,33.9335787,-6.9405963,icons/cafe.png,OSM
Casablanca-Settat,Pharmacie Essaada صيدلية السعادة,Parapharmacie,Formel,"Avenue Mohamed VI, Témara تمارة",33.9335925,-6.940455,icons/pharmacy.png,OSM
Casablanca-Settat,Papilino,Restaurant,Formel,Papilino,33.9333373,-6.9401595,icons/restaurant.png,OSM
Casablanca-Settat,Café sans nom,Café,Formel,Café sans nom,33.9338934,-6.941671,icons/cafe.png,OSM
Casablanca-Settat,Arrabie,Café,Formel,Arrabie,33.9331858,-6.9402353,icons/cafe.png,OSM
Casablanca-Settat,Pharmacie Michlifen صيدلية مشليفن,Parapharmacie,Formel,"Avenue de Michlifen شارع مشليفن, Rabat",33.9946256,-6.8505065,icons/pharmacy.png,OSM
Casablanca-Settat,Club nautique Sidi Abed,Restaurant,Formel,Club nautique Sidi Abed,33.9176006,-6.9758095,icons/restaurant.png,OSM
Casablanca-Settat,Petit Val D'or,Café,Formel,Petit Val D'or,33.9006547,-6.9969906,icons/cafe.png,OSM
Casablanca-Settat,label vie,Supermarché,Formel,label vie,33.6980362,-7.39079,icons/supermarket.png,OSM
Casablanca-Settat,café les 4 saisons,Café,Formel,café les 4 saisons,33.6947441,-7.3908792,icons/cafe.png,OSM
Casablanca-Settat,Pharmacie La Colline صيدلية لاكولين,Parapharmacie,Formel,Mohammedia,33.6950989,-7.372396,icons/pharmacy.png,OSM
Casablanca-Settat,Pharmacie du Lycée,Parapharmacie,Formel,Pharmacie du Lycée,33.5972022,-7.6348484,icons/pharmacy.png,OSM
Casablanca-Settat,Pharmacie Ibn Sina صيدلية ابن سينا,Parapharmacie,Formel,Mohammedia,33.692378,-7.385159,icons/pharmacy.png,OSM
Casablanca-Settat,kiosque,Kiosque,Informel,kiosque,33.7056367,-7.3930148,icons/kiosk.png,OSM
Casablanca-Settat,café,Café,Formel,café,33.7043934,-7.3930613,icons/cafe.png,OSM
Casablanca-Settat,café,Café,Formel,café,33.7054818,-7.39313,icons/cafe.png,OSM
Casablanca-Settat,kiosque,Kiosque,Informel,kiosque,33.7097452,-7.3544638,icons/kiosk.png,OSM
Casablanca-Settat,café,Café,Formel,café,33.6871214,-7.3419913,icons/cafe.png,OSM
Casablanca-Settat,Parapharmacie sans nom,Parapharmacie,Formel,Parapharmacie sans nom,33.6878824,-7.3420845,icons/pharmacy.png,OSM
Casablanca-Settat,épicerie,Supérette / Mini-market,Formel,épicerie,33.6848071,-7.339496,icons/convenience.png,OSM
Casablanca-Settat,Acima,Supermarché,Formel,Acima,33.7036329,-7.3970484,icons/supermarket.png,OSM
Casablanca-Settat,bim,Supermarché,Formel,bim,33.6997354,-7.3805154,icons/supermarket.png,OSM
Casablanca-Settat,Parapharmacie sans nom,Parapharmacie,Formel,Parapharmacie sans nom,33.685479,-7.3431512,icons/pharmacy.png,OSM
Casablanca-Settat,Supermarché,Supermarché,Formel,Supermarché,33.6854314,-7.3433859,icons/supermarket.png,OSM
Casablanca-Settat,Café مقهى,Café,Formel,Café مقهى,33.6852486,-7.3412312,icons/cafe.png,OSM
Casablanca-Settat,Café,Café,Formel,Café,33.7021724,-7.3919077,icons/cafe.png,OSM
Casablanca-Settat,Pharmacie Pont Blondin صيدلية جسر بلوندان,Parapharmacie,Formel,Mohammédia المحمدية,33.719309,-7.3402685,icons/pharmacy.png,OSM
Casablanca-Settat,restaurant poissons,Restaurant,Formel,restaurant poissons,33.7111341,-7.3972843,icons/restaurant.png,OSM
Casablanca-Settat,Restaurant du Port,Restaurant,Formel,Restaurant du Port,33.7092206,-7.3973521,icons/restaurant.png,OSM
Casablanca-Settat,Restaurant Poisson,Restaurant,Formel,Restaurant Poisson,33.7084877,-7.3981282,icons/restaurant.png,OSM
Casablanca-Settat,Centre Artisanal,Supérette / Mini-market,Formel,Centre Artisanal,33.5997833,-7.6371617,icons/convenience.png,OSM
Casablanca-Settat,Restaurant sans nom,Restaurant,Formel,Restaurant sans nom,33.4786769,-7.7555362,icons/restaurant.png,OSM
Casablanca-Settat,C3004638 Société Sogefam Sarl,Café,Formel,C3004638 Société Sogefam Sarl,33.4785639,-7.755813,icons/cafe.png,OSM
Casablanca-Settat,Le Lys,Café,Formel,Le Lys,33.5914444,-7.594961,icons/cafe.png,OSM
Casablanca-Settat,L'imperial,Café,Formel,L'imperial,33.9996923,-6.8486913,icons/cafe.png,OSM
Casablanca-Settat,Saytlia,Épicerie,Informel,"Rue Doukkala, Rabat",33.9933992,-6.8237071,icons/greengrocer.png,OSM
Casablanca-Settat,Tacos de Lyon,Restaurant,Formel,Tacos de Lyon,33.6007185,-7.6341062,icons/restaurant.png,OSM
Casablanca-Settat,Face Cafe,Café,Formel,Face Cafe,33.6006767,-7.635819,icons/cafe.png,OSM
Casablanca-Settat,The voice,Café,Formel,The voice,33.5635411,-7.5568378,icons/cafe.png,OSM
Casablanca-Settat,Sushi House,Restaurant,Formel,Sushi House,33.9897439,-6.848208,icons/restaurant.png,OSM
Casablanca-Settat,Quick,Restaurant,Formel,Quick,33.9954967,-6.8477997,icons/restaurant.png,OSM
Casablanca-Settat,La Grillardiere,Restaurant,Formel,La Grillardiere,33.9581699,-6.872866,icons/restaurant.png,OSM
Casablanca-Settat,La Piazza Verde,Café,Formel,La Piazza Verde,33.9574329,-6.8726944,icons/cafe.png,OSM
Casablanca-Settat,Yoka Sushi,Restaurant,Formel,Yoka Sushi,33.9573701,-6.8727667,icons/restaurant.png,OSM
Casablanca-Settat,Grillade Adil,Restaurant,Formel,Grillade Adil,33.9574967,-6.8726141,icons/restaurant.png,OSM
Casablanca-Settat,Almasjid,Café,Formel,Almasjid,33.957253,-6.8728792,icons/cafe.png,OSM
Casablanca-Settat,Il Bam Bino,Restaurant,Formel,Il Bam Bino,33.9571488,-6.8730212,icons/restaurant.png,OSM
Casablanca-Settat,Goss!p,Café,Formel,Goss!p,33.9573326,-6.872823,icons/cafe.png,OSM
Casablanca-Settat,Les Domaines,Supermarché,Formel,Les Domaines,33.9757027,-6.8599642,icons/supermarket.png,OSM
Casablanca-Settat,La Deliciosa,Café,Formel,"Rue 16 Novembre شارع 16 نوفمبر, Rabat ⵔⴱⴰⵟ الرباط",33.9915537,-6.8484737,icons/cafe.png,OSM
Casablanca-Settat,Café sans nom,Café,Formel,Café sans nom,33.5970886,-7.635439,icons/cafe.png,OSM
Casablanca-Settat,Boulangerie Patisserie,Boulangerie,Formel,Boulangerie Patisserie,33.9858561,-6.8284043,icons/bakery.png,OSM
Casablanca-Settat,Boulangerie Patisserie,Boulangerie,Formel,Boulangerie Patisserie,33.9830984,-6.8293246,icons/bakery.png,OSM
Casablanca-Settat,Bistrot Chic,Restaurant,Formel,Bistrot Chic,33.5884913,-7.6273923,icons/restaurant.png,OSM
Casablanca-Settat,Noiraud,Boulangerie,Formel,Noiraud,33.5890683,-7.6294477,icons/bakery.png,OSM
Casablanca-Settat,Belle d'Anfa,Café,Formel,Belle d'Anfa,33.5896085,-7.6276965,icons/cafe.png,OSM
Casablanca-Settat,El Mansour,Boulangerie,Formel,El Mansour,33.5894314,-7.6292808,icons/bakery.png,OSM
Casablanca-Settat,Salsa,Restaurant,Formel,Rue Taha Hussein,33.5887791,-7.6282292,icons/restaurant.png,OSM
Casablanca-Settat,Sojou,Restaurant,Formel,Sojou,33.589095,-7.6297476,icons/restaurant.png,OSM
Casablanca-Settat,Blend,Restaurant,Formel,"Rue Théophile Gauthier, Casablanca",33.5886833,-7.6319196,icons/restaurant.png,OSM
Casablanca-Settat,Le Yeel's,Café,Formel,Le Yeel's,33.5900878,-7.6303874,icons/cafe.png,OSM
Casablanca-Settat,BİM,Supermarché,Formel,BİM,33.5891579,-7.6310019,icons/supermarket.png,OSM
Casablanca-Settat,Restaurant sans nom,Restaurant,Formel,Restaurant sans nom,33.5926821,-7.594293,icons/restaurant.png,OSM
Casablanca-Settat,Marché Salmia 2,Supermarché,Formel,Marché Salmia 2,33.5386572,-7.5532235,icons/supermarket.png,OSM
Casablanca-Settat,Bella Costa,Restaurant,Formel,Bd Moulay Youssef,33.7036094,-7.3862017,icons/restaurant.png,OSM
Casablanca-Settat,BIM,Supermarché,Formel,BIM,33.3808071,-7.5346227,icons/supermarket.png,OSM
Casablanca-Settat,Pharmacie Miramar صيدلية ميرامار,Parapharmacie,Formel,Témara تمارة,33.9436808,-6.9340169,icons/pharmacy.png,OSM
Casablanca-Settat,Pharmacie de la Côte صيدلية الشاطئ,Parapharmacie,Formel,"Avenue Al Kifah شارع الكفاح, Rabat",33.9906974,-6.8765319,icons/pharmacy.png,OSM
Casablanca-Settat,Pharmacie Sayegh صيدلية الصايغ,Parapharmacie,Formel,"Avenue Al Kifah شارع الكفاح, Rabat",33.9904097,-6.882226,icons/pharmacy.png,OSM
Casablanca-Settat,Pharmacie la Grande Mosquée صيدلية المسجد الكبير,Parapharmacie,Formel,Témara تمارة,33.9414093,-6.9365945,icons/pharmacy.png,OSM
Casablanca-Settat,Café Ali Baba,Café,Formel,Café Ali Baba,33.7106089,-7.3673482,icons/cafe.png,OSM
Casablanca-Settat,Supermaché Monica,Supermarché,Formel,Supermaché Monica,33.7121747,-7.3530257,icons/supermarket.png,OSM
Casablanca-Settat,Ôblanc,Restaurant,Formel,Ôblanc,33.7042931,-7.3691472,icons/restaurant.png,OSM
Casablanca-Settat,Pharmacie Marjane Ain Sebaa,Parapharmacie,Formel,Centre Commercial Marjane Ain Sebaa,33.5962524,-7.5321201,icons/pharmacy.png,OSM
Casablanca-Settat,Pharmacie de L´Hopital,Parapharmacie,Formel,Boulevard Mohamed Zerktouni,33.5829423,-7.6181703,icons/pharmacy.png,OSM
Casablanca-Settat,Moumni Snack,Supérette / Mini-market,Formel,Rue Al Houdhoud,33.5832949,-7.6187043,icons/convenience.png,OSM
Casablanca-Settat,Khos,Restaurant,Formel,Rue Saad Ben Abi Waqqas,33.5840347,-7.6205679,icons/restaurant.png,OSM
Casablanca-Settat,astoria,Café,Formel,astoria,33.5962813,-7.6168974,icons/cafe.png,OSM
Casablanca-Settat,Chez Moi,Restaurant,Formel,Chez Moi,33.5948807,-7.6152623,icons/restaurant.png,OSM
Casablanca-Settat,Restaurant sans nom,Restaurant,Formel,Restaurant sans nom,33.5974687,-7.6162533,icons/restaurant.png,OSM
Casablanca-Settat,brasserie san jose,Restaurant,Formel,brasserie san jose,33.5978396,-7.6155008,icons/restaurant.png,OSM
Casablanca-Settat,Pharmacie du Progrès,Parapharmacie,Formel,Rue Hommane Al Fatwaki,33.5946685,-7.6165845,icons/pharmacy.png,OSM
Casablanca-Settat,La Chope,Café,Formel,La Chope,33.5942999,-7.6164602,icons/cafe.png,OSM
Casablanca-Settat,Don Quichotte,Café,Formel,Don Quichotte,33.5970492,-7.6163612,icons/cafe.png,OSM
Casablanca-Settat,isis,Café,Formel,isis,33.5950092,-7.6173804,icons/cafe.png,OSM
Casablanca-Settat,Pita Mix,Restaurant,Formel,Pita Mix,33.5948491,-7.617455,icons/restaurant.png,OSM
Casablanca-Settat,Eden Ice,Café,Formel,Eden Ice,33.5947705,-7.6170384,icons/cafe.png,OSM
Casablanca-Settat,bazar touristes,Restaurant,Formel,bazar touristes,33.598505,-7.6151557,icons/restaurant.png,OSM
Casablanca-Settat,Le Maroc,Café,Formel,Le Maroc,33.5999428,-7.6140803,icons/cafe.png,OSM
Casablanca-Settat,BMI,Supermarché,Formel,BMI,33.5972407,-7.6152396,icons/supermarket.png,OSM
Casablanca-Settat,Montréal,Café,Formel,Montréal,33.5945485,-7.6155381,icons/cafe.png,OSM
Casablanca-Settat,Poulet AFC,Restaurant,Formel,Poulet AFC,33.5942483,-7.6156179,icons/restaurant.png,OSM
Casablanca-Settat,Nasma,Café,Formel,Nasma,33.5945946,-7.6157947,icons/cafe.png,OSM
Casablanca-Settat,La Petite Perle,Café,Formel,La Petite Perle,33.594108,-7.6156948,icons/cafe.png,OSM
Casablanca-Settat,Au Clair de Lune,Café,Formel,Au Clair de Lune,33.5944909,-7.6134185,icons/cafe.png,OSM
Casablanca-Settat,Pharmacie Derb Nejma صيدلية درب النجمة,Parapharmacie,Formel,Pharmacie Derb Nejma صيدلية درب النجمة,33.5746216,-7.6764933,icons/pharmacy.png,OSM
Casablanca-Settat,Asia,Restaurant,Formel,Asia,33.5991745,-7.6130528,icons/restaurant.png,OSM
Casablanca-Settat,Caza Ameal,Café,Formel,Caza Ameal,33.5952468,-7.616121,icons/cafe.png,OSM
Casablanca-Settat,Ôgi Souchi,Restaurant,Formel,Ôgi Souchi,33.599424,-7.6141726,icons/restaurant.png,OSM
Casablanca-Settat,El Barocco Time,Restaurant,Formel,El Barocco Time,33.5954492,-7.6163427,icons/restaurant.png,OSM
Casablanca-Settat,agarta,Café,Formel,agarta,33.5987015,-7.6149462,icons/cafe.png,OSM
Casablanca-Settat,Big Star,Restaurant,Formel,Big Star,33.5951835,-7.6150805,icons/restaurant.png,OSM
Casablanca-Settat,Pharmacie La Bourse,Parapharmacie,Formel,Pharmacie La Bourse,33.5944684,-7.6131681,icons/pharmacy.png,OSM
Casablanca-Settat,Pralinor,Boulangerie,Formel,Pralinor,33.5997154,-7.6125438,icons/bakery.png,OSM
Casablanca-Settat,Café Lurizia,Café,Formel,Café Lurizia,33.5635742,-7.674377,icons/cafe.png,OSM
Casablanca-Settat,Café Glacier EGO,Café,Formel,Rue Zerhoune,33.5849588,-7.61423,icons/cafe.png,OSM
Casablanca-Settat,Le Pilotis,Restaurant,Formel,Boulevard de la Corniche,33.596662,-7.6734143,icons/restaurant.png,OSM
Casablanca-Settat,Café Bybal,Café,Formel,Zanqat 12,33.5646373,-7.6741411,icons/cafe.png,OSM
Casablanca-Settat,Café Free Times,Café,Formel,Café Free Times,33.5669433,-7.6729512,icons/cafe.png,OSM
Casablanca-Settat,boulangerie ÔMAR,Boulangerie,Formel,boulangerie ÔMAR,33.5718358,-7.6750549,icons/bakery.png,OSM
Casablanca-Settat,Cafe May,Café,Formel,Rue d'Arcachon,33.5859992,-7.6045843,icons/cafe.png,OSM
Casablanca-Settat,Carrion,Café,Formel,Rabat ⵔⴱⴰⵟ الرباط,33.9602529,-6.868168,icons/cafe.png,OSM
Casablanca-Settat,Café Ifrane,Café,Formel,Avenue Tadla,33.9943787,-6.8184338,icons/cafe.png,OSM
Casablanca-Settat,Bim,Supermarché,Formel,Bim,33.5905784,-7.5928946,icons/supermarket.png,OSM
Casablanca-Settat,Café de l'Arrivée,Café,Formel,Café de l'Arrivée,33.5896275,-7.5920967,icons/cafe.png,OSM
Casablanca-Settat,Mamounia,Parapharmacie,Formel,Mamounia,33.5901779,-7.5930535,icons/pharmacy.png,OSM
Casablanca-Settat,Restaurant de la Place / Le Voyageur,Restaurant,Formel,Restaurant de la Place / Le Voyageur,33.5897214,-7.592208,icons/restaurant.png,OSM
Casablanca-Settat,Snack Le Départ,Restaurant,Formel,Snack Le Départ,33.5896722,-7.5921423,icons/restaurant.png,OSM
Casablanca-Settat,Pharmacie Romandie,Parapharmacie,Formel,Pharmacie Romandie,33.5865126,-7.6481439,icons/pharmacy.png,OSM
Casablanca-Settat,Faceburger,Restaurant,Formel,"Avenue de Michlifen شارع مشليفن, Rabat ⵔⴱⴰⵟ الرباط",33.9939453,-6.8493165,icons/restaurant.png,OSM
Casablanca-Settat,Café Dubois,Café,Formel,Rue Nouakchout,33.5876158,-7.6138836,icons/cafe.png,OSM
Casablanca-Settat,Café Yasmina,Café,Formel,Boulevard d'Alsace,33.5856704,-7.6133866,icons/cafe.png,OSM
Casablanca-Settat,Chez Abed,Supérette / Mini-market,Formel,Boulevard d'Alsace,33.5858232,-7.611757,icons/convenience.png,OSM
Casablanca-Settat,Jus Rosenheim,Café,Formel,Jus Rosenheim,33.5857277,-7.6119478,icons/cafe.png,OSM
Casablanca-Settat,La Colina,Café,Formel,La Colina,33.588729,-7.6162319,icons/cafe.png,OSM
Casablanca-Settat,La Perle Blanche,Café,Formel,Boulevard de la Liberté,33.5860749,-7.6114696,icons/cafe.png,OSM
Casablanca-Settat,Les Gémaux,Café,Formel,Boulevard de la Liberté,33.5871751,-7.6120277,icons/cafe.png,OSM
Casablanca-Settat,Patisserie,Boulangerie,Formel,Boulevard de la Liberté,33.5856763,-7.6112943,icons/bakery.png,OSM
Casablanca-Settat,Pharmacie Nouvelle,Parapharmacie,Formel,Boulevard de la Liberté,33.5873194,-7.6121157,icons/pharmacy.png,OSM
Casablanca-Settat,Puerto Rico,Restaurant,Formel,Puerto Rico,33.5896015,-7.6149002,icons/restaurant.png,OSM
Casablanca-Settat,Supérette / Mini-market sans nom,Supérette / Mini-market,Formel,Boulevard de la Liberté,33.584753,-7.6108485,icons/convenience.png,OSM
Casablanca-Settat,Restaurant sans nom,Restaurant,Formel,Boulevard de la Liberté,33.584881,-7.6109069,icons/restaurant.png,OSM
Casablanca-Settat,Supérette / Mini-market sans nom,Supérette / Mini-market,Formel,Boulevard d'Alsace,33.5855528,-7.6128631,icons/convenience.png,OSM
Casablanca-Settat,Supérette / Mini-market sans nom,Supérette / Mini-market,Formel,Supérette / Mini-market sans nom,33.5857737,-7.6123614,icons/convenience.png,OSM
Casablanca-Settat,Boulangerie sans nom,Boulangerie,Formel,Boulevard de la Liberté,33.5856949,-7.6113032,icons/bakery.png,OSM
Casablanca-Settat,Restaurant sans nom,Restaurant,Formel,Boulevard d'Alsace,33.5857233,-7.611442,icons/restaurant.png,OSM
Casablanca-Settat,Épicerie sans nom,Épicerie,Informel,Boulevard d'Alsace,33.585769,-7.6124983,icons/greengrocer.png,OSM
Casablanca-Settat,Supérette / Mini-market sans nom,Supérette / Mini-market,Formel,Boulevard d'Alsace,33.5858386,-7.6115699,icons/convenience.png,OSM
Casablanca-Settat,Café sans nom,Café,Formel,Boulevard d'Alsace,33.5858704,-7.6114546,icons/cafe.png,OSM
Casablanca-Settat,Parapharmacie sans nom,Parapharmacie,Formel,Boulevard de la Liberté,33.5859743,-7.6114307,icons/pharmacy.png,OSM
Casablanca-Settat,Paseo Pizza & Grill,Restaurant,Formel,Boulevard de la Liberté,33.5872685,-7.6120735,icons/restaurant.png,OSM
Casablanca-Settat,Café sans nom,Café,Formel,Boulevard de la Liberté,33.5875331,-7.6122448,icons/cafe.png,OSM
Casablanca-Settat,Café sans nom,Café,Formel,Boulevard du 11 Janvier,33.5884774,-7.6127839,icons/cafe.png,OSM
Casablanca-Settat,Supermarché sans nom,Supermarché,Formel,Boulevard du 11 Janvier,33.5886673,-7.6130079,icons/supermarket.png,OSM
Casablanca-Settat,Martello,Café,Formel,Boulevard Mohamed Zerktouni,33.5827185,-7.6174892,icons/cafe.png,OSM
Casablanca-Settat,Awafi,Restaurant,Formel,Boulevard de Paris,33.5916822,-7.6149169,icons/restaurant.png,OSM
Casablanca-Settat,Café O'Joe,Café,Formel,Café O'Joe,33.594084,-7.6131607,icons/cafe.png,OSM
Casablanca-Settat,Supérette / Mini-market sans nom,Supérette / Mini-market,Formel,Supérette / Mini-market sans nom,33.593054,-7.6140391,icons/convenience.png,OSM
Casablanca-Settat,Café sans nom,Café,Formel,Café sans nom,33.5942571,-7.6124982,icons/cafe.png,OSM
Casablanca-Settat,Café Jasmine,Café,Formel,Rue de Karachi,33.592787,-7.6062993,icons/cafe.png,OSM
Casablanca-Settat,Bounit,Boulangerie,Formel,Bounit,33.5649081,-7.6688676,icons/bakery.png,OSM
Casablanca-Settat,Pomme de Pain Ziraoui,Restaurant,Formel,Pomme de Pain Ziraoui,33.5936551,-7.6352553,icons/restaurant.png,OSM
Casablanca-Settat,Pharmacie Al Boustane صيدلية البستان,Parapharmacie,Formel,"Avenue Al Mostakbal شارع المستقبل, Rabat",33.9803551,-6.8883849,icons/pharmacy.png,OSM
Casablanca-Settat,Sandway,Restaurant,Formel,Sandway,33.9565173,-6.8692997,icons/restaurant.png,OSM
Casablanca-Settat,La Bavaroise,Restaurant,Formel,La Bavaroise,33.5952135,-7.6113257,icons/restaurant.png,OSM
Casablanca-Settat,Hanout salah et mohammed,Supermarché,Formel,Boulevard de Sebta,33.6960822,-7.385975,icons/supermarket.png,OSM
Casablanca-Settat,2 Rivieres,Café,Formel,Skhirat,33.8509915,-7.0390128,icons/cafe.png,OSM
Casablanca-Settat,Café sans nom,Café,Formel,Café sans nom,33.8511563,-7.0388138,icons/cafe.png,OSM
Casablanca-Settat,Pharmacie Taoufik صيدلية التوفيق,Parapharmacie,Formel,Skhirat,33.850861,-7.0377629,icons/pharmacy.png,OSM
Casablanca-Settat,Supermarché sans nom,Supermarché,Formel,Supermarché sans nom,33.850806,-7.0372888,icons/supermarket.png,OSM
Casablanca-Settat,Al Anbar العنبر,Café,Formel,Avenue Mohamed Taib Naciri,33.5489722,-7.67964,icons/cafe.png,OSM
Casablanca-Settat,Restaurant sans nom,Restaurant,Formel,Restaurant sans nom,33.8487582,-7.0422761,icons/restaurant.png,OSM
Casablanca-Settat,Queens Land,Café,Formel,Queens Land,33.8487578,-7.0414676,icons/cafe.png,OSM
Casablanca-Settat,Café sans nom,Café,Formel,Café sans nom,33.85027,-7.0383406,icons/cafe.png,OSM
Casablanca-Settat,Nabab kebab,Restaurant,Formel,Nabab kebab,33.957802,-6.8730532,icons/restaurant.png,OSM
Casablanca-Settat,Chez el Ouazzani,Restaurant,Formel,Chez el Ouazzani,33.9366632,-6.9419718,icons/restaurant.png,OSM
Casablanca-Settat,Restaurant Le Nouveau Dragon,Restaurant,Formel,Rue de la Chaouia,33.5956652,-7.6125814,icons/restaurant.png,OSM
Casablanca-Settat,Café Bravo,Café,Formel,Casablanca,33.6143776,-7.4888131,icons/cafe.png,OSM
Casablanca-Settat,Snack Pizzeria Bella Maria,Restaurant,Formel,Casablanca,33.6155331,-7.4843667,icons/restaurant.png,OSM
Casablanca-Settat,Pharmacie Ennakhil,Parapharmacie,Formel,Pharmacie Ennakhil,33.6159579,-7.484088,icons/pharmacy.png,OSM
Casablanca-Settat,Café Africana,Café,Formel,Casablanca,33.6202172,-7.4872601,icons/cafe.png,OSM
Casablanca-Settat,McDonald's,Restaurant,Formel,McDonald's,33.7794623,-7.2330798,icons/restaurant.png,OSM
Casablanca-Settat,McDonald's,Restaurant,Formel,McDonald's,33.7776154,-7.2325869,icons/restaurant.png,OSM
Casablanca-Settat,BIM,Supermarché,Formel,BIM,33.5925748,-7.4882884,icons/supermarket.png,OSM
Casablanca-Settat,BIM,Supermarché,Formel,BIM,33.5935945,-7.49564,icons/supermarket.png,OSM
Casablanca-Settat,Delice,Restaurant,Formel,Boulevard des Forces Armées Royales (FAR),33.7024644,-7.3920858,icons/restaurant.png,OSM
Casablanca-Settat,Aromabalsam,Parapharmacie,Formel,Boulevard Al Horriya,33.6875631,-7.3876789,icons/pharmacy.png,OSM
Casablanca-Settat,Cup's,Café,Formel,Bd Yacoub Al Mansoiur,33.703763,-7.3987961,icons/cafe.png,OSM
Casablanca-Settat,Service Red-one,Restaurant,Formel,Boulevard des Forces Armées Royales (FAR),33.7014004,-7.3913939,icons/restaurant.png,OSM
Casablanca-Settat,PA-NOS,Restaurant,Formel,"Rue El KASR, Maarif, Casablanca",33.5860673,-7.6311157,icons/restaurant.png,OSM
Casablanca-Settat,BIM,Supermarché,Formel,BIM,33.6039372,-7.4892783,icons/supermarket.png,OSM
Casablanca-Settat,Ghiwan,Café,Formel,Ghiwan,33.538861,-7.6796506,icons/cafe.png,OSM
Casablanca-Settat,Café Auriga,Café,Formel,Café Auriga,33.5837774,-7.6437145,icons/cafe.png,OSM
Casablanca-Settat,BIM بيم,Supermarché,Formel,Casablanca,33.6205532,-7.4870931,icons/supermarket.png,OSM
Casablanca-Settat,Misbah Salam,Restaurant,Formel,Misbah Salam,33.5918899,-7.6159496,icons/restaurant.png,OSM
Casablanca-Settat,Restaurant sans nom,Restaurant,Formel,Boulevard Mohamed Zerktouni,33.5835849,-7.62396,icons/restaurant.png,OSM
Casablanca-Settat,Pharmacie Al Farage صيدلية الفرج,Parapharmacie,Formel,"rue rafah, Khouribga",32.8831429,-6.9349054,icons/pharmacy.png,OSM
Casablanca-Settat,Pharmacie la Vitalité صيدلية الحيوية,Parapharmacie,Formel,"Avenue Atthuya, Rabat",33.9569468,-6.8595193,icons/pharmacy.png,OSM
Casablanca-Settat,Boulangerie sans nom,Boulangerie,Formel,Boulangerie sans nom,33.5495429,-7.6798641,icons/bakery.png,OSM
Casablanca-Settat,leopardi ليوباردي,Café,Formel,Boulevard Oued Sebou,33.551528,-7.6817191,icons/cafe.png,OSM
Casablanca-Settat,snack aljanoub سناك الجنوب,Restaurant,Formel,snack aljanoub سناك الجنوب,33.5508438,-7.6840863,icons/restaurant.png,OSM
Casablanca-Settat,Pharmacie Attannoub صيدلية التنوب,Parapharmacie,Formel,Rabat,33.9568429,-6.8547399,icons/pharmacy.png,OSM
Casablanca-Settat,Burger King,Restaurant,Formel,"Rue Abou Assalt Andaloussi, Casablanca ⵜⴰⴷⴷⴰⵔⵜ ⵜⵓⵎⵍⵉⵍⵜ الدار البيضاء",33.5858529,-7.6369436,icons/restaurant.png,OSM
Casablanca-Settat,Boulangerie sans nom,Boulangerie,Formel,Boulangerie sans nom,33.5499168,-7.6794976,icons/bakery.png,OSM
Casablanca-Settat,nafoura النافورة,Café,Formel,nafoura النافورة,33.5467357,-7.6815776,icons/cafe.png,OSM
Casablanca-Settat,pizzeria chahdia بيتزيريا الشهدية,Restaurant,Formel,pizzeria chahdia بيتزيريا الشهدية,33.5469052,-7.6818002,icons/restaurant.png,OSM
Casablanca-Settat,amira أميرة,Restaurant,Formel,amira أميرة,33.5465427,-7.6818691,icons/restaurant.png,OSM
Casablanca-Settat,boulangerie chahdia مخبزة الشهدية,Boutique de confiserie,Informel,boulangerie chahdia مخبزة الشهدية,33.5473567,-7.6814653,icons/confectionery.png,OSM
Casablanca-Settat,McDonald's,Restaurant,Formel,Boulevard Mohamed VI,33.5623474,-7.5941062,icons/restaurant.png,OSM
Casablanca-Settat,Carrefour des Saveurs,Restaurant,Formel,Carrefour des Saveurs,33.595159,-7.5913872,icons/restaurant.png,OSM
Casablanca-Settat,Supérette / Mini-market sans nom,Supérette / Mini-market,Formel,Supérette / Mini-market sans nom,33.6013825,-7.6346063,icons/convenience.png,OSM
Casablanca-Settat,Restaurant sans nom,Restaurant,Formel,Restaurant sans nom,33.589393,-7.6315688,icons/restaurant.png,OSM
Casablanca-Settat,Supérette / Mini-market sans nom,Supérette / Mini-market,Formel,Supérette / Mini-market sans nom,33.5998131,-7.6344641,icons/convenience.png,OSM
Casablanca-Settat,Café sans nom,Café,Formel,Café sans nom,33.6001046,-7.6344252,icons/cafe.png,OSM
Casablanca-Settat,Espace Tifawine,Restaurant,Formel,Espace Tifawine,33.5861039,-7.6489235,icons/restaurant.png,OSM
Casablanca-Settat,cafe touilnouvis مقهى تويلنوفيس,Café,Formel,cafe touilnouvis مقهى تويلنوفيس,33.92492,-6.9161467,icons/cafe.png,OSM
Casablanca-Settat,Pharmacie de Picardie,Parapharmacie,Formel,Pharmacie de Picardie,33.5889637,-7.6306057,icons/pharmacy.png,OSM
Casablanca-Settat,Economat du professeur,Supermarché,Formel,Economat du professeur,33.5882331,-7.6310778,icons/supermarket.png,OSM
Casablanca-Settat,Venezia Ice,Café,Formel,Rabat ⵔⴱⴰⵟ الرباط,33.9618936,-6.8664381,icons/cafe.png,OSM
Casablanca-Settat,فرن شعبي,Boulangerie,Formel,فرن شعبي,32.8803351,-6.9253573,icons/bakery.png,OSM
Casablanca-Settat,Café Romantique,Café,Formel,Café Romantique,33.5740209,-7.5819074,icons/cafe.png,OSM
Casablanca-Settat,Pizzeria starpate,Restaurant,Formel,Pizzeria starpate,33.6042711,-7.4918255,icons/restaurant.png,OSM
Casablanca-Settat,Bim,Supermarché,Formel,Bim,33.9990888,-6.8642534,icons/supermarket.png,OSM
Casablanca-Settat,Zineb,Café,Formel,Zineb,33.6007115,-7.6332406,icons/cafe.png,OSM
Casablanca-Settat,ستاربكس,Café,Formel,Boulevard de la Corniche,33.5981399,-7.6647762,icons/cafe.png,OSM
Casablanca-Settat,ستاربكس,Café,Formel,ستاربكس,33.576784,-7.7059305,icons/cafe.png,OSM
Casablanca-Settat,La Storia,Restaurant,Formel,Boulevard Kennedy شارع كينيدي,33.5946859,-7.6679576,icons/restaurant.png,OSM
Casablanca-Settat,Paul,Boulangerie,Formel,Boulevard de la Corniche شارع الكورنيش,33.598856,-7.6644368,icons/bakery.png,OSM
Casablanca-Settat,Costa,Café,Formel,Boulevard de la Corniche,33.5984634,-7.6645137,icons/cafe.png,OSM
Casablanca-Settat,La bel blanc,Restaurant,Formel,Rue oulad teima,33.5973686,-7.6363743,icons/restaurant.png,OSM
Casablanca-Settat,Cafe yassmine مقهى ياسمين,Café,Formel,Avenue Tarik Ibn Ziad شارع طارق بن زياد,33.9096278,-6.9137995,icons/cafe.png,OSM
Casablanca-Settat,Bim,Supermarché,Formel,Bim,33.9935572,-6.8506858,icons/supermarket.png,OSM
Casablanca-Settat,Diamant bleu الجوهرة الزرقاء,Café,Formel,Boulevard Oued Sebou,33.5514099,-7.6821065,icons/cafe.png,OSM
Casablanca-Settat,O'lichi,Restaurant,Formel,Boulevard d'Anfa,33.591863,-7.6345249,icons/restaurant.png,OSM
Casablanca-Settat,Restaurant sans nom,Restaurant,Formel,Restaurant sans nom,33.5157081,-7.8568521,icons/restaurant.png,OSM
Casablanca-Settat,Carrefour,Supermarché,Formel,Carrefour,33.5844973,-7.6080134,icons/supermarket.png,OSM
Casablanca-Settat,Restaurant sans nom,Restaurant,Formel,Restaurant sans nom,33.5154818,-7.8573192,icons/restaurant.png,OSM
Casablanca-Settat,Al-Mounia,Restaurant,Formel,Al-Mounia,33.5909223,-7.6164407,icons/restaurant.png,OSM
Casablanca-Settat,Café sans nom,Café,Formel,Café sans nom,33.6014699,-7.6605284,icons/cafe.png,OSM
Casablanca-Settat,La Cantine de Charlotte,Restaurant,Formel,Rue Abou Hadil Allaf,33.5921096,-7.6288039,icons/restaurant.png,OSM
Casablanca-Settat,Pharmacie Laraki صيدلية العراقي,Parapharmacie,Formel,"Boulevard Gaza, Témara تمارة",33.9230063,-6.9310203,icons/pharmacy.png,OSM
Casablanca-Settat,Emilia,Café,Formel,Avenue Mohamed Taib Naciri,33.5481455,-7.6808525,icons/cafe.png,OSM
Casablanca-Settat,Café sans nom,Café,Formel,Café sans nom,33.0040562,-7.6195677,icons/cafe.png,OSM
Casablanca-Settat,Café sans nom,Café,Formel,Café sans nom,33.0036411,-7.6195807,icons/cafe.png,OSM
Casablanca-Settat,Café sans nom,Café,Formel,Café sans nom,33.0031768,-7.6195546,icons/cafe.png,OSM
Casablanca-Settat,Café sans nom,Café,Formel,Café sans nom,33.0030566,-7.6202679,icons/cafe.png,OSM
Casablanca-Settat,Café Résidence,Café,Formel,Café Résidence,32.9984538,-7.6197271,icons/cafe.png,OSM
Casablanca-Settat,Café Commerce,Café,Formel,Café Commerce,32.9983937,-7.6199062,icons/cafe.png,OSM
Casablanca-Settat,Café sans nom,Café,Formel,Café sans nom,32.9992214,-7.6179453,icons/cafe.png,OSM
Casablanca-Settat,Restaurant sans nom,Restaurant,Formel,Restaurant sans nom,33.0006828,-7.6185557,icons/restaurant.png,OSM
Casablanca-Settat,Restaurant sans nom,Restaurant,Formel,Restaurant sans nom,32.9986971,-7.6200864,icons/restaurant.png,OSM
Casablanca-Settat,Café sans nom,Café,Formel,Café sans nom,32.9990849,-7.6200245,icons/cafe.png,OSM
Casablanca-Settat,Restaurant sans nom,Restaurant,Formel,Restaurant sans nom,32.9998634,-7.6182366,icons/restaurant.png,OSM
Casablanca-Settat,Restaurant sans nom,Restaurant,Formel,Restaurant sans nom,32.9997104,-7.6174159,icons/restaurant.png,OSM
Casablanca-Settat,Restaurant sans nom,Restaurant,Formel,Restaurant sans nom,32.9993323,-7.6180182,icons/restaurant.png,OSM
Casablanca-Settat,Restaurant sans nom,Restaurant,Formel,Restaurant sans nom,32.9989194,-7.6182277,icons/restaurant.png,OSM
Casablanca-Settat,Café sans nom,Café,Formel,Café sans nom,32.9987951,-7.6183108,icons/cafe.png,OSM
Casablanca-Settat,Pharmacie Motaouakkil صيدلية متوكل,Parapharmacie,Formel,"Boulevard Hassan II, Settat",32.9988128,-7.6200248,icons/pharmacy.png,OSM
Casablanca-Settat,Café sans nom,Café,Formel,Café sans nom,33.0017602,-7.6212467,icons/cafe.png,OSM
Casablanca-Settat,Kiosque sans nom,Kiosque,Informel,Kiosque sans nom,33.0014325,-7.6215528,icons/kiosk.png,OSM
Casablanca-Settat,Restaurant sans nom,Restaurant,Formel,Restaurant sans nom,32.9985208,-7.6177721,icons/restaurant.png,OSM
Casablanca-Settat,Café sans nom,Café,Formel,Café sans nom,32.9975757,-7.6176353,icons/cafe.png,OSM
Casablanca-Settat,Café sans nom,Café,Formel,Café sans nom,32.9997499,-7.6169449,icons/cafe.png,OSM
Casablanca-Settat,Café sans nom,Café,Formel,Café sans nom,32.9999711,-7.6163245,icons/cafe.png,OSM
Casablanca-Settat,Marché Mabrouka,Épicerie,Informel,Marché Mabrouka,32.9984805,-7.6135139,icons/greengrocer.png,OSM
Casablanca-Settat,Café sans nom,Café,Formel,Café sans nom,33.0031018,-7.6151497,icons/cafe.png,OSM
Casablanca-Settat,Supérette / Mini-market sans nom,Supérette / Mini-market,Formel,Supérette / Mini-market sans nom,32.9977132,-7.6215379,icons/convenience.png,OSM
Casablanca-Settat,Restaurant sans nom,Restaurant,Formel,Restaurant sans nom,32.9975265,-7.6214896,icons/restaurant.png,OSM
Casablanca-Settat,Café sans nom,Café,Formel,Café sans nom,32.9966064,-7.6214989,icons/cafe.png,OSM
Casablanca-Settat,Café Casablanca,Café,Formel,Café Casablanca,32.9951262,-7.621261,icons/cafe.png,OSM
Casablanca-Settat,Café sans nom,Café,Formel,Café sans nom,32.9959091,-7.6213582,icons/cafe.png,OSM
Casablanca-Settat,Pharmacie PAM صيدلية بام,Parapharmacie,Formel,Settat,33.0031208,-7.6112898,icons/pharmacy.png,OSM
Casablanca-Settat,Pharmacie El Wafaa صيدلية الوفاء,Parapharmacie,Formel,Settat,33.0058564,-7.6176881,icons/pharmacy.png,OSM
Casablanca-Settat,Restaurant sans nom,Restaurant,Formel,Restaurant sans nom,32.9999324,-7.6202733,icons/restaurant.png,OSM
Casablanca-Settat,Café Essalam,Café,Formel,Café Essalam,33.0007624,-7.6204879,icons/cafe.png,OSM
Casablanca-Settat,Restaurant sans nom,Restaurant,Formel,Restaurant sans nom,33.0004003,-7.620217,icons/restaurant.png,OSM
Casablanca-Settat,Café sans nom,Café,Formel,Café sans nom,33.0002856,-7.620225,icons/cafe.png,OSM
Casablanca-Settat,Café sans nom,Café,Formel,Café sans nom,33.0011089,-7.6187042,icons/cafe.png,OSM
Casablanca-Settat,Café sans nom,Café,Formel,Café sans nom,33.00148,-7.6177306,icons/cafe.png,OSM
Casablanca-Settat,Café Chams,Café,Formel,Café Chams,32.9921124,-7.6081266,icons/cafe.png,OSM
Casablanca-Settat,Pharmacie Train صيدلية القطار,Parapharmacie,Formel,Settat ⵥⵟⵟⴰⵟ سطات,32.9945966,-7.6217248,icons/pharmacy.png,OSM
Casablanca-Settat,BIM,Supermarché,Formel,BIM,32.9949872,-7.621475,icons/supermarket.png,OSM
Casablanca-Settat,Café Sweet Dream,Café,Formel,Café Sweet Dream,32.9948061,-7.6213732,icons/cafe.png,OSM
Casablanca-Settat,Restaurant sans nom,Restaurant,Formel,Restaurant sans nom,32.9944275,-7.622061,icons/restaurant.png,OSM
Casablanca-Settat,Supérette / Mini-market sans nom,Supérette / Mini-market,Formel,Supérette / Mini-market sans nom,32.9944046,-7.6221281,icons/convenience.png,OSM
Casablanca-Settat,Café Voyageurs,Café,Formel,Café Voyageurs,32.9946735,-7.6222447,icons/cafe.png,OSM
Casablanca-Settat,Café Riola,Café,Formel,Café Riola,32.9947461,-7.6220833,icons/cafe.png,OSM
Casablanca-Settat,Café sans nom,Café,Formel,Café sans nom,32.9951719,-7.6226248,icons/cafe.png,OSM
Casablanca-Settat,Café Nice Cup,Café,Formel,Café Nice Cup,32.9951465,-7.6225994,icons/cafe.png,OSM
Casablanca-Settat,Rouge et Blanc أحمر و ابيض,Restaurant,Formel,Avenue Lalla Yacout,33.5915512,-7.615164,icons/restaurant.png,OSM
Casablanca-Settat,Pharmacie 3 Mars,Parapharmacie,Formel,Pharmacie 3 Mars,32.9927758,-7.6085474,icons/pharmacy.png,OSM
Casablanca-Settat,Pharmacie Al Manar,Parapharmacie,Formel,Pharmacie Al Manar,33.0044486,-7.6004658,icons/pharmacy.png,OSM
Casablanca-Settat,Pharmacie Al Azhar صيدلية الأزهر,Parapharmacie,Formel,Pharmacie Al Azhar صيدلية الأزهر,33.004709,-7.6278894,icons/pharmacy.png,OSM
Casablanca-Settat,Pharmacie Al Hourria,Parapharmacie,Formel,Pharmacie Al Hourria,32.9957233,-7.6199364,icons/pharmacy.png,OSM
Casablanca-Settat,Pharmacie Al Massira صيدلية المسيرة,Parapharmacie,Formel,"Boulevard Hassan II, Settat",33.0049371,-7.6199137,icons/pharmacy.png,OSM
Casablanca-Settat,Pharmacie Tantaoui صيدلية طنطاوي,Parapharmacie,Formel,"Boulevard de la résistance, Settat",33.0004385,-7.6206115,icons/pharmacy.png,OSM
Casablanca-Settat,Pharmacie Allal Ben Abdellah صيدلية علال بن عبد الله,Parapharmacie,Formel,SETTAT,32.9994677,-7.6239135,icons/pharmacy.png,OSM
Casablanca-Settat,Café sans nom,Café,Formel,Café sans nom,32.9985496,-7.6214433,icons/cafe.png,OSM
Casablanca-Settat,Pharmacie Smaala صيدلية سماعلة,Parapharmacie,Formel,"Avenue Mohammed Zerktouni, Settat",32.9986905,-7.6214409,icons/pharmacy.png,OSM
Casablanca-Settat,Café sans nom,Café,Formel,Café sans nom,33.0002524,-7.6220466,icons/cafe.png,OSM
Casablanca-Settat,Pharmacie El Hilal صيدلية الهلال,Parapharmacie,Formel,"Avenue Zenata, Settat",32.9983229,-7.6059707,icons/pharmacy.png,OSM
Casablanca-Settat,Pharmacie Rahmane صيدلية رحمان,Parapharmacie,Formel,"Avenue Ourika, Settat",32.9987868,-7.603988,icons/pharmacy.png,OSM
Casablanca-Settat,Pharmacie Mindily,Parapharmacie,Formel,Pharmacie Mindily,32.9974265,-7.6080765,icons/pharmacy.png,OSM
Casablanca-Settat,Pharmacie Al Wifak صيدلية الوفاق,Parapharmacie,Formel,"Avenue Abderrahmane Skirj, Settat",32.9976222,-7.6098164,icons/pharmacy.png,OSM
Casablanca-Settat,Pharmacie Erradi,Parapharmacie,Formel,Pharmacie Erradi,32.9972678,-7.6215122,icons/pharmacy.png,OSM
Casablanca-Settat,Café sans nom,Café,Formel,Café sans nom,32.9973805,-7.6215146,icons/cafe.png,OSM
Casablanca-Settat,Pharmacie El Kheir صيدلية الخير,Parapharmacie,Formel,Settat,32.9940288,-7.6102329,icons/pharmacy.png,OSM
Casablanca-Settat,Café Malaki,Café,Formel,Café Malaki,32.9975557,-7.6190321,icons/cafe.png,OSM
Casablanca-Settat,Pharmacie Al Azzouzi صيدلية العزوزي,Parapharmacie,Formel,"Avenue Mohammed V, Settat",32.998089,-7.6187481,icons/pharmacy.png,OSM
Casablanca-Settat,Cafe Rzouzi,Café,Formel,Cafe Rzouzi,32.99705,-7.6193352,icons/cafe.png,OSM
Casablanca-Settat,Cafe Toujours,Café,Formel,Cafe Toujours,32.9969133,-7.6201802,icons/cafe.png,OSM
Casablanca-Settat,Cafe Wafae,Café,Formel,Cafe Wafae,32.9967522,-7.6202426,icons/cafe.png,OSM
Casablanca-Settat,Cafe Belair,Café,Formel,Cafe Belair,32.9970422,-7.6201538,icons/cafe.png,OSM
Casablanca-Settat,Pharmacie Radia صيدلية راضية,Parapharmacie,Formel,Settat,32.9926393,-7.6139111,icons/pharmacy.png,OSM
Casablanca-Settat,Café sans nom,Café,Formel,Café sans nom,33.00569,-7.6204178,icons/cafe.png,OSM
Casablanca-Settat,Restaurant sans nom,Restaurant,Formel,Restaurant sans nom,33.0054249,-7.6199939,icons/restaurant.png,OSM
Casablanca-Settat,Café sans nom,Café,Formel,Café sans nom,33.0046381,-7.6198919,icons/cafe.png,OSM
Casablanca-Settat,Café sans nom,Café,Formel,Café sans nom,33.0025087,-7.6190277,icons/cafe.png,OSM
Casablanca-Settat,Café sans nom,Café,Formel,Café sans nom,32.9996785,-7.6154561,icons/cafe.png,OSM
Casablanca-Settat,Pharmacie Rayad,Parapharmacie,Formel,"Avenue Arbi El wadi, Settat",33.0033663,-7.613699,icons/pharmacy.png,OSM
Casablanca-Settat,Pharmacie Bouhadda صيدلية بوحادة,Parapharmacie,Formel,"Rue Haoud koungo, SETTAT",33.0019924,-7.6092699,icons/pharmacy.png,OSM
Casablanca-Settat,Pharmacie Sidki صيدلية صدقي,Parapharmacie,Formel,"Avenue Al Arbi Al Ouadi, Settat",33.0043073,-7.6094689,icons/pharmacy.png,OSM
Casablanca-Settat,Pharmacie Er-razi,Parapharmacie,Formel,"Avenue des FAR, Settat",33.0042318,-7.616074,icons/pharmacy.png,OSM
Casablanca-Settat,Pharmacie Ibn Abad صيدلية ابن عباد,Parapharmacie,Formel,"Avenue des FAR, Settat",33.002751,-7.6157954,icons/pharmacy.png,OSM
Casablanca-Settat,Pharmacie Al Batoul صيدلية الباتول,Parapharmacie,Formel,"Rue Moulay Ahmed, Derb Omar, Settat",33.0005094,-7.6154184,icons/pharmacy.png,OSM
Casablanca-Settat,Pharmacie Settat صيدلية سطات,Parapharmacie,Formel,"Anenue Allal El Fassi, Settat",32.9994983,-7.61716,icons/pharmacy.png,OSM
Casablanca-Settat,Pharmacie de la GARE,Parapharmacie,Formel,Pharmacie de la GARE,32.996751,-7.6167278,icons/pharmacy.png,OSM
Casablanca-Settat,Pharmacie L'Hôpital صيدلية المستشفى,Parapharmacie,Formel,"Avenue Abderrahmane Skirj, Settat",32.9991958,-7.6143524,icons/pharmacy.png,OSM
Casablanca-Settat,Pharmacie Derb Omar صيدلية درب عمر,Parapharmacie,Formel,"Rue Moulay Idriss, Settat",33.0016873,-7.6125296,icons/pharmacy.png,OSM
Casablanca-Settat,Pharmacie Tarik Ibn Ziad صيدلية طارق ابن زياد,Parapharmacie,Formel,Settat,32.9962723,-7.6048717,icons/pharmacy.png,OSM
Casablanca-Settat,Pharmacie Al Wilaya,Parapharmacie,Formel,Pharmacie Al Wilaya,33.0087133,-7.6188795,icons/pharmacy.png,OSM
Casablanca-Settat,Pharmacie Arraha صيدلية الراحة,Parapharmacie,Formel,Settat,32.9889256,-7.610485,icons/pharmacy.png,OSM
Casablanca-Settat,Cafe Targa,Café,Formel,Cafe Targa,32.9943162,-7.6180466,icons/cafe.png,OSM
Casablanca-Settat,Pharmacie Al Barid,Parapharmacie,Formel,"Place de la liberté, Settat",33.002085,-7.6213019,icons/pharmacy.png,OSM
Casablanca-Settat,سوق الخليل,Supermarché,Formel,سوق الخليل,33.5479552,-7.5974437,icons/supermarket.png,OSM
Casablanca-Settat,Route 66,Restaurant,Formel,Route 66,33.5728964,-7.6552882,icons/restaurant.png,OSM
Casablanca-Settat,Cosa Mia,Restaurant,Formel,Cosa Mia,33.5857707,-7.6355685,icons/restaurant.png,OSM
Casablanca-Settat,Parapharmacie sans nom,Parapharmacie,Formel,Parapharmacie sans nom,32.9946117,-7.6167209,icons/pharmacy.png,OSM
Casablanca-Settat,Pharmacie Boumehdi صيدلية بومهدي,Parapharmacie,Formel,Settat,32.9958648,-7.6143365,icons/pharmacy.png,OSM
Casablanca-Settat,Pharmacie Essaada صيدلية السعادة,Parapharmacie,Formel,"Rue Ain Leuh, Settat",32.9973854,-7.6153771,icons/pharmacy.png,OSM
Casablanca-Settat,Pharmacie Ibn Sina صيدلية ابن سينا,Parapharmacie,Formel,Settat,32.993043,-7.6168425,icons/pharmacy.png,OSM
Casablanca-Settat,Parapharmacie sans nom,Parapharmacie,Formel,Parapharmacie sans nom,32.9906125,-7.6147255,icons/pharmacy.png,OSM
Casablanca-Settat,Parapharmacie sans nom,Parapharmacie,Formel,Parapharmacie sans nom,32.9968844,-7.6170816,icons/pharmacy.png,OSM
Casablanca-Settat,Pharmacie Bismi Allah,Parapharmacie,Formel,"Cooperative al hassania, Hay Nahda, Settat",33.0109823,-7.6056717,icons/pharmacy.png,OSM
Casablanca-Settat,Pharmacie Nazih صيدلية نزيه,Parapharmacie,Formel,"Avenue Mohammed Zerktouni, Settat",33.0051377,-7.6213965,icons/pharmacy.png,OSM
Casablanca-Settat,Pharmacie Sidi Abdelkrim صيدلية سيدي عبد الكريم,Parapharmacie,Formel,"Avenue Ourika, SETTAT",33.0005456,-7.6104802,icons/pharmacy.png,OSM
Casablanca-Settat,Pharmacie Al Ghofrane,Parapharmacie,Formel,"Avenue Aghmat, Settat",32.9980311,-7.6001608,icons/pharmacy.png,OSM
Casablanca-Settat,Pharmacie Hanine,Parapharmacie,Formel,"Rue Echouhada, Settat",33.002998,-7.6183344,icons/pharmacy.png,OSM
Casablanca-Settat,Pharmacie Al Qods,Parapharmacie,Formel,"Boulevard Mohamed V, Settat",33.0007181,-7.6185788,icons/pharmacy.png,OSM
Casablanca-Settat,Pharmacie Route Ben Hmed,Parapharmacie,Formel,"Route de Ben Ahmed, Settat",33.0029236,-7.6046437,icons/pharmacy.png,OSM
Casablanca-Settat,Pharmacie Al Manar صيدلية المنار,Parapharmacie,Formel,"Route de Ben Ahmed, Settat ⵥⵟⵟⴰⵟ سطات",33.0018979,-7.6012036,icons/pharmacy.png,OSM
Casablanca-Settat,Pharmacie Maghreb Unis صيدلية الاتحاد المغاربي,Parapharmacie,Formel,"Boulevard Mohamed V, Settat",33.001481,-7.6178107,icons/pharmacy.png,OSM
Casablanca-Settat,Cafe Al Fath مقهى الفتح,Café,Formel,Cafe Al Fath مقهى الفتح,33.9000669,-6.9340574,icons/cafe.png,OSM
Casablanca-Settat,la lambra العنبرة,Café,Formel,la lambra العنبرة,33.5993093,-7.5205074,icons/cafe.png,OSM
Casablanca-Settat,Café sans nom,Café,Formel,Café sans nom,33.7807085,-7.1628062,icons/cafe.png,OSM
Casablanca-Settat,Pharmacie Fourkane صيدلية,Parapharmacie,Formel,Boulevard des Figuiers,33.6163152,-7.5292654,icons/pharmacy.png,OSM
Casablanca-Settat,الكل ب 5 دراهم سيدي مومن,Supérette / Mini-market,Formel,الكل ب 5 دراهم سيدي مومن,33.580233,-7.5415993,icons/convenience.png,OSM
Casablanca-Settat,Roma,Café,Formel,Roma,33.8489617,-7.0418844,icons/cafe.png,OSM
Casablanca-Settat,very ڤيري,Café,Formel,very ڤيري,33.603415,-7.6425831,icons/cafe.png,OSM
Casablanca-Settat,Fadaa bladi فضاء بلادي,Café,Formel,Route Haj Fateh,33.5442269,-7.6787862,icons/cafe.png,OSM
Casablanca-Settat,جولي فيراج,Café,Formel,جولي فيراج,33.9843209,-6.8075216,icons/cafe.png,OSM
Casablanca-Settat,BIM,Supermarché,Formel,BIM,33.5395666,-7.5833828,icons/supermarket.png,OSM
Casablanca-Settat,Pizza Hut,Restaurant,Formel,Pizza Hut,33.5962863,-7.6144369,icons/restaurant.png,OSM
Casablanca-Settat,Pharmacie Ben Chaib صيدلية ابن شايب,Parapharmacie,Formel,Berrechid,33.2593075,-7.5898028,icons/pharmacy.png,OSM
Casablanca-Settat,les Fleurs,Restaurant,Formel,les Fleurs,33.5966374,-7.6149916,icons/restaurant.png,OSM
Casablanca-Settat,le Châtelet,Café,Formel,le Châtelet,33.586116,-7.6350081,icons/cafe.png,OSM
Casablanca-Settat,Pharmacie Les Capucines,Parapharmacie,Formel,Boulevard Al Massira Al Khadra شارع المسيرة الخضراء,33.5869115,-7.6366612,icons/pharmacy.png,OSM
Casablanca-Settat,Pharmacie Choukro Allah صيدلية شكر الله,Parapharmacie,Formel,Rabat,33.9877056,-6.8732178,icons/pharmacy.png,OSM
Casablanca-Settat,Pharmacie Al Bouchra صيدلية البشرى,Parapharmacie,Formel,"Avenue El Majd شارع المجد, Rabat",33.9791681,-6.8794588,icons/pharmacy.png,OSM
Casablanca-Settat,Pharmacie Mazhar صيدلية المزار,Parapharmacie,Formel,"Avenue El Majd شارع المجد, Rabat",33.9753505,-6.882405,icons/pharmacy.png,OSM
Casablanca-Settat,Pharmacie Al Andalous صيدلية الأندلس,Parapharmacie,Formel,"Avenue Mohammed VI شارع محمد السادس, Rabat",33.9884197,-6.827869,icons/pharmacy.png,OSM
Casablanca-Settat,Oliveri,Café,Formel,Oliveri,33.9879328,-6.8278849,icons/cafe.png,OSM
Casablanca-Settat,Villa My Pearl,Café,Formel,Villa My Pearl,33.9883906,-6.8516456,icons/cafe.png,OSM
Casablanca-Settat,Villa M,Restaurant,Formel,Villa M,33.9902716,-6.8515298,icons/restaurant.png,OSM
Casablanca-Settat,Pharmacie Bnou Zohr,Parapharmacie,Formel,"Rue Sidi Al Khadir, Casablanca ⵜⴰⴷⴷⴰⵔⵜ ⵜⵓⵎⵍⵉⵍⵜ الدار البيضاء",33.5683227,-7.6865945,icons/pharmacy.png,OSM
Casablanca-Settat,Midway,Restaurant,Formel,Midway,33.588864,-7.628391,icons/restaurant.png,OSM
Casablanca-Settat,Acima آسيما,Supermarché,Formel,Acima آسيما,33.540036,-7.6003544,icons/supermarket.png,OSM
Casablanca-Settat,كوفي,Café,Formel,كوفي,33.6782114,-7.3927422,icons/cafe.png,OSM
Casablanca-Settat,معشبة السعادة,Épicerie,Informel,معشبة السعادة,33.6819576,-7.3928405,icons/greengrocer.png,OSM
Casablanca-Settat,CIBO Pizzerie Italiane,Restaurant,Formel,CIBO Pizzerie Italiane,33.9959749,-6.7368873,icons/restaurant.png,OSM
Casablanca-Settat,Café Fairplay,Café,Formel,Boulevard Mohamed Zerktouni,33.5973188,-7.6382518,icons/cafe.png,OSM
Casablanca-Settat,Yo Ti Tam,Restaurant,Formel,Rue jounaid,33.5759859,-7.6476182,icons/restaurant.png,OSM
Casablanca-Settat,Café sans nom,Café,Formel,Boulevard d'Anfa,33.5926388,-7.6319683,icons/cafe.png,OSM
Casablanca-Settat,Café sans nom,Café,Formel,Café sans nom,33.6094191,-7.5333793,icons/cafe.png,OSM
Casablanca-Settat,pharmacie imam ali صيدلية الإمام علي,Parapharmacie,Formel,pharmacie imam ali صيدلية الإمام علي,33.6094444,-7.5333588,icons/pharmacy.png,OSM
Casablanca-Settat,Marché G5,Épicerie,Informel,Marché G5,33.9767975,-6.8850031,icons/greengrocer.png,OSM
Casablanca-Settat,Marjane Market,Supermarché,Formel,Boulevard Ghandi شارع غاندي,33.5743416,-7.65024,icons/supermarket.png,OSM
Casablanca-Settat,Café Karima مقهى كريمة,Café,Formel,Rue Amr Ben Asse,33.5996177,-7.5824027,icons/cafe.png,OSM
Casablanca-Settat,Croc Pizza كروك بيتزا,Restaurant,Formel,Croc Pizza كروك بيتزا,33.619789,-7.5326657,icons/restaurant.png,OSM
Casablanca-Settat,محطة إستراحة أفريقيا,Café,Formel,محطة إستراحة أفريقيا,33.5110136,-7.6105863,icons/cafe.png,OSM
Casablanca-Settat,H & B Food,Restaurant,Formel,H & B Food,33.5713686,-7.6450329,icons/restaurant.png,OSM
Casablanca-Settat,شجرة الصنوبر,Restaurant,Formel,Avenue de France شارع فرنسا,33.9979318,-6.8476184,icons/restaurant.png,OSM
Casablanca-Settat,Café El Jouhara,Café,Formel,Café El Jouhara,33.0628227,-7.2411987,icons/cafe.png,OSM
Casablanca-Settat,Chez Marny,Restaurant,Formel,Chez Marny,33.5609277,-7.6467836,icons/restaurant.png,OSM
Casablanca-Settat,Pharmacie Le Printemps صيدلية الربيع,Parapharmacie,Formel,"Route Cotière, Mohammédia المحمدية",33.7224358,-7.3366509,icons/pharmacy.png,OSM
Casablanca-Settat,Boulangerie Patisserie,Boulangerie,Formel,Boulangerie Patisserie,33.7267141,-7.3339633,icons/bakery.png,OSM
Casablanca-Settat,Beverly Bakery & Cafe,Café,Formel,Beverly Bakery & Cafe,33.5961331,-7.6416036,icons/cafe.png,OSM
Casablanca-Settat,Yammy,Restaurant,Formel,Boulevard Rahal El Meskini,33.5885241,-7.611296,icons/restaurant.png,OSM
Casablanca-Settat,BİM,Supermarché,Formel,BİM,33.5236352,-7.8174203,icons/supermarket.png,OSM
Casablanca-Settat,Boca Chica,Café,Formel,Boca Chica,33.6090023,-7.6505619,icons/cafe.png,OSM
Casablanca-Settat,Tacos de Lyon,Restaurant,Formel,Tacos de Lyon,33.5840551,-7.6423246,icons/restaurant.png,OSM
Casablanca-Settat,Café sans nom,Café,Formel,Café sans nom,33.5961015,-7.6767353,icons/cafe.png,OSM
Casablanca-Settat,Restaurant sans nom,Restaurant,Formel,Restaurant sans nom,33.5959788,-7.6133174,icons/restaurant.png,OSM
Casablanca-Settat,Restaurant sans nom,Restaurant,Formel,Restaurant sans nom,33.5926963,-7.6172792,icons/restaurant.png,OSM
Casablanca-Settat,BİM,Supermarché,Formel,BİM,33.5982648,-7.5223526,icons/supermarket.png,OSM
Casablanca-Settat,Restaurant sans nom,Restaurant,Formel,Restaurant sans nom,33.7056203,-7.3970562,icons/restaurant.png,OSM
Casablanca-Settat,Kiosque sans nom,Kiosque,Informel,Kiosque sans nom,33.9520247,-6.8953869,icons/kiosk.png,OSM
Casablanca-Settat,Kiosque sans nom,Kiosque,Informel,Kiosque sans nom,33.9522564,-6.8968744,icons/kiosk.png,OSM
Casablanca-Settat,Kiosque sans nom,Kiosque,Informel,Kiosque sans nom,33.952275,-6.8936858,icons/kiosk.png,OSM
Casablanca-Settat,Kiosque sans nom,Kiosque,Informel,Kiosque sans nom,33.9525551,-6.898653,icons/kiosk.png,OSM
Casablanca-Settat,Kiosque sans nom,Kiosque,Informel,Kiosque sans nom,33.9527708,-6.8951224,icons/kiosk.png,OSM
Casablanca-Settat,Kiosque sans nom,Kiosque,Informel,Kiosque sans nom,33.9536701,-6.8924365,icons/kiosk.png,OSM
Casablanca-Settat,Kiosque sans nom,Kiosque,Informel,Kiosque sans nom,33.9541902,-6.8949611,icons/kiosk.png,OSM
Casablanca-Settat,Restaurant sans nom,Restaurant,Formel,Restaurant sans nom,33.9551279,-6.8942507,icons/restaurant.png,OSM
Casablanca-Settat,Café Charles Dego,Café,Formel,Café Charles Dego,33.5436554,-7.5682412,icons/cafe.png,OSM
Casablanca-Settat,Snack amine,Restaurant,Formel,Snack amine,33.5766703,-7.6334533,icons/restaurant.png,OSM
Casablanca-Settat,Cosa Mia,Restaurant,Formel,Boulevard Ain Taoujtate عين تاوجطات,33.5942298,-7.6435836,icons/restaurant.png,OSM
Casablanca-Settat,Wijdane,Restaurant,Formel,Wijdane,33.7001348,-7.363233,icons/restaurant.png,OSM
Casablanca-Settat,Gzoum كَزّوم,Restaurant,Formel,Gzoum كَزّوم,33.5677841,-7.5995875,icons/restaurant.png,OSM
Casablanca-Settat,Café Kyoto,Café,Formel,Avenue 2 Mars,33.5396601,-7.5997898,icons/cafe.png,OSM
Casablanca-Settat,pharmacie souk elbaldi صيدلية السوق البلدي,Parapharmacie,Formel,pharmacie souk elbaldi صيدلية السوق البلدي,33.5473266,-7.5978709,icons/pharmacy.png,OSM
Casablanca-Settat,pharmacie d'azhar صيدلية الأزهر,Parapharmacie,Formel,Boulevard de Taza,33.5455816,-7.5952095,icons/pharmacy.png,OSM
Casablanca-Settat,Parapharmacie sans nom,Parapharmacie,Formel,Parapharmacie sans nom,33.5478068,-7.5901845,icons/pharmacy.png,OSM
Casablanca-Settat,Parapharmacie sans nom,Parapharmacie,Formel,Parapharmacie sans nom,33.5434141,-7.5960949,icons/pharmacy.png,OSM
Casablanca-Settat,Parapharmacie sans nom,Parapharmacie,Formel,Parapharmacie sans nom,33.5464472,-7.6003028,icons/pharmacy.png,OSM
Casablanca-Settat,Pharmacie Baghdad صيدلية بغداد,Parapharmacie,Formel,"Rue de Bagdad, Mohammédia المحمدية",33.6971373,-7.3864841,icons/pharmacy.png,OSM
Casablanca-Settat,Bim,Supermarché,Formel,Bim,33.687304,-7.3385977,icons/supermarket.png,OSM
Casablanca-Settat,Boulangerie,Boulangerie,Formel,Boulangerie,33.6919694,-7.3741681,icons/bakery.png,OSM
Casablanca-Settat,Restaurant sans nom,Restaurant,Formel,Restaurant sans nom,33.5937929,-7.6325707,icons/restaurant.png,OSM
Casablanca-Settat,Pharmacie Bachkou,Parapharmacie,Formel,Pharmacie Bachkou,33.5554062,-7.6294061,icons/pharmacy.png,OSM
Casablanca-Settat,Pharmacie Amina صيدلية أمينة,Parapharmacie,Formel,Mohammedia,33.6921021,-7.3744417,icons/pharmacy.png,OSM
Casablanca-Settat,سناك أدرار,Restaurant,Formel,سناك أدرار,33.996654,-6.8712261,icons/restaurant.png,OSM
Casablanca-Settat,أميكو سناك,Restaurant,Formel,أميكو سناك,33.9964715,-6.8709927,icons/restaurant.png,OSM
Casablanca-Settat,Pharmacie Ziady صيدلية الزيادي,Parapharmacie,Formel,"Avenue Assalam شارع السلام, Rabat",33.9966312,-6.8710228,icons/pharmacy.png,OSM
Casablanca-Settat,قسارية وادي الذهب,Supermarché,Formel,قسارية وادي الذهب,33.9979884,-6.8703795,icons/supermarket.png,OSM
Casablanca-Settat,شواية الأخوين,Restaurant,Formel,شواية الأخوين,33.9125229,-6.9240105,icons/restaurant.png,OSM
Casablanca-Settat,Café Azhar,Café,Formel,Café Azhar,33.5430671,-7.6879747,icons/cafe.png,OSM
Casablanca-Settat,Café Poco Loco,Café,Formel,Café Poco Loco,33.5733956,-7.7072231,icons/cafe.png,OSM
Casablanca-Settat,Café Kairaouan,Café,Formel,Café Kairaouan,33.5602694,-7.6753643,icons/cafe.png,OSM
Casablanca-Settat,Pharmacie Carnot,Parapharmacie,Formel,Pharmacie Carnot,33.5936301,-7.5831998,icons/pharmacy.png,OSM
Casablanca-Settat,Bim,Supermarché,Formel,Bim,33.568153,-7.5316741,icons/supermarket.png,OSM
Casablanca-Settat,Pharmacie Dokkala,Parapharmacie,Formel,Pharmacie Dokkala,33.5596013,-7.5386995,icons/pharmacy.png,OSM
Casablanca-Settat,Café One Love,Café,Formel,"Boulevard du 9 Avril, Casablanca ⵜⴰⴷⴷⴰⵔⵜ ⵜⵓⵎⵍⵉⵍⵜ الدار البيضاء",33.5825944,-7.6280953,icons/cafe.png,OSM
Casablanca-Settat,Burger King,Restaurant,Formel,"Rue Ibn Rochd, Casablanca ⵜⴰⴷⴷⴰⵔⵜ ⵜⵓⵎⵍⵉⵍⵜ الدار البيضاء",33.595289,-7.6253802,icons/restaurant.png,OSM
Casablanca-Settat,Essouiri الصويري,Restaurant,Formel,Essouiri الصويري,33.7079901,-7.3989482,icons/restaurant.png,OSM
Casablanca-Settat,Pacha guennoun الباشا كنون,Café,Formel,Pacha guennoun الباشا كنون,33.6695882,-7.3531208,icons/cafe.png,OSM
Casablanca-Settat,Boulangerie sans nom,Boulangerie,Formel,Boulangerie sans nom,33.552527,-7.6779499,icons/bakery.png,OSM
Casablanca-Settat,Every Day,Café,Formel,Boulevard Oued Sebou,33.552273,-7.6788347,icons/cafe.png,OSM
Casablanca-Settat,Café sans nom,Café,Formel,Café sans nom,33.5521599,-7.6800534,icons/cafe.png,OSM
Casablanca-Settat,pharmacie tam صيدلية طام,Parapharmacie,Formel,Boulevard Oued Sebou,33.5530143,-7.6775632,icons/pharmacy.png,OSM
Casablanca-Settat,Restaurant sans nom,Restaurant,Formel,Restaurant sans nom,33.5529753,-7.6798787,icons/restaurant.png,OSM
Casablanca-Settat,Supérette / Mini-market sans nom,Supérette / Mini-market,Formel,Supérette / Mini-market sans nom,33.6103012,-7.5304115,icons/convenience.png,OSM
Casablanca-Settat,San Diego,Café,Formel,Boulevard Oued Sebou,33.55244,-7.6782792,icons/cafe.png,OSM
Casablanca-Settat,Restaurant sans nom,Restaurant,Formel,Restaurant sans nom,33.5522882,-7.6800779,icons/restaurant.png,OSM
Casablanca-Settat,Restaurant sans nom,Restaurant,Formel,Boulevard Oued Sebou,33.55217,-7.6790707,icons/restaurant.png,OSM
Casablanca-Settat,Salsa,Restaurant,Formel,Salsa,33.5925128,-7.6166956,icons/restaurant.png,OSM
Casablanca-Settat,Café Basma,Café,Formel,Café Basma,33.5389745,-7.5561869,icons/cafe.png,OSM
Casablanca-Settat,Casaforme,Café,Formel,Boulevard Modibo Keita,33.5616595,-7.6119677,icons/cafe.png,OSM
Casablanca-Settat,Tacos de lyon,Restaurant,Formel,Avenue Fal Ould Oumeir شارع فال ولد عمير,33.994442,-6.8469287,icons/restaurant.png,OSM
Casablanca-Settat,Tachfine center,Supermarché,Formel,Boulevard Youssef Ben Tachfine,33.5866306,-7.5924065,icons/supermarket.png,OSM
Casablanca-Settat,La grillardiere,Restaurant,Formel,Allée des Pêchers,33.6071887,-7.5437586,icons/restaurant.png,OSM
Casablanca-Settat,Hbibo,Restaurant,Formel,Rue Jbel Bouiblane زنقة جبل بويبلان,33.9947337,-6.8468608,icons/restaurant.png,OSM
Casablanca-Settat,Domino's,Restaurant,Formel,Domino's,33.989307,-6.8509857,icons/restaurant.png,OSM
Casablanca-Settat,Pharmacie Jnane Souissi صيدلية جنان السويسي,Parapharmacie,Formel,"Rue Sahel زنقة الساحل, Rabat",33.9487807,-6.8433871,icons/pharmacy.png,OSM
Casablanca-Settat,Nardine,Café,Formel,Nardine,33.9416112,-6.8935466,icons/cafe.png,OSM
Casablanca-Settat,Starbucks,Café,Formel,Avenue Fal Ould Oumeir شارع فال ولد عمير,33.9957975,-6.8479807,icons/cafe.png,OSM
Casablanca-Settat,Glacier Méli Mélo مقهى ميلي ميلو,Café,Formel,Bd Moulay Youssef,33.7063538,-7.3856,icons/cafe.png,OSM
Casablanca-Settat,Blanca بلانكا,Café,Formel,Avenue Mohamed Taib Naciri,33.5485459,-7.6806587,icons/cafe.png,OSM
Casablanca-Settat,سناك دعاء,Restaurant,Formel,Avenue du Commandant Driss Harti,33.5474032,-7.5746211,icons/restaurant.png,OSM
Casablanca-Settat,Sahbi,Restaurant,Formel,Sahbi,33.9972314,-6.8496625,icons/restaurant.png,OSM
Casablanca-Settat,park stadium,Café,Formel,Boulevard Chefchaouni,33.6073661,-7.53687,icons/cafe.png,OSM
Casablanca-Settat,chefchaouni,Café,Formel,Boulevard Chefchaouni,33.6069768,-7.5381815,icons/cafe.png,OSM
Casablanca-Settat,source d'or,Café,Formel,source d'or,33.6057064,-7.5385639,icons/cafe.png,OSM
Casablanca-Settat,Class Dish Coffee Shop,Restaurant,Formel,Class Dish Coffee Shop,33.5901754,-7.630709,icons/restaurant.png,OSM
Casablanca-Settat,Le Crepuscule,Café,Formel,Le Crepuscule,33.5933207,-7.6791,icons/cafe.png,OSM
Casablanca-Settat,Le limonadier,Restaurant,Formel,Le limonadier,33.9965709,-6.8453165,icons/restaurant.png,OSM
Casablanca-Settat,La Madrague لمظراك,Restaurant,Formel,R322,33.7200786,-7.3387822,icons/restaurant.png,OSM
Casablanca-Settat,Restaurant sans nom,Restaurant,Formel,"Rue Ouet Zam, Residence Saad ll local 1, Le parc",33.7054476,-7.395065,icons/restaurant.png,OSM
Casablanca-Settat,Restaurant Etoile Centrale,Restaurant,Formel,Rue Allal Ben Abdellah,33.5953324,-7.6121111,icons/restaurant.png,OSM
Casablanca-Settat,Zumba,Café,Formel,Zumba,33.9976366,-6.8477337,icons/cafe.png,OSM
Casablanca-Settat,Food stall,Restaurant,Formel,Food stall,33.6002212,-7.6297534,icons/restaurant.png,OSM
Casablanca-Settat,Coquillage Market,Supermarché,Formel,"Rue Moussa Bnou Noussair زنقة موسى بن نصير, Casablanca ⵜⴰⴷⴷⴰⵔⵜ ⵜⵓⵎⵍⵉⵍⵜ الدار البيضاء",33.5904924,-7.6280568,icons/supermarket.png,OSM
Casablanca-Settat,BIM,Supérette / Mini-market,Formel,BIM,33.6020163,-7.6438822,icons/convenience.png,OSM
Casablanca-Settat,globe lounge,Restaurant,Formel,globe lounge,33.9980117,-6.8451742,icons/restaurant.png,OSM
Casablanca-Settat,google,Café,Formel,google,33.9984731,-6.845378,icons/cafe.png,OSM
Casablanca-Settat,miss one,Restaurant,Formel,miss one,33.9986388,-6.84561,icons/restaurant.png,OSM
Casablanca-Settat,Pizzaria,Restaurant,Formel,Pizzaria,33.9979411,-6.846885,icons/restaurant.png,OSM
Casablanca-Settat,Nourine,Restaurant,Formel,Nourine,33.9383852,-6.8972272,icons/restaurant.png,OSM
Casablanca-Settat,Boulangerie sans nom,Boulangerie,Formel,Boulangerie sans nom,33.5747684,-7.5271587,icons/bakery.png,OSM
Casablanca-Settat,Bim,Supermarché,Formel,Bim,33.2349394,-8.4937134,icons/supermarket.png,OSM
Casablanca-Settat,Bim,Supermarché,Formel,Bim,33.5759943,-7.5179027,icons/supermarket.png,OSM
Casablanca-Settat,Bim,Supermarché,Formel,Bim,33.5725129,-7.5318442,icons/supermarket.png,OSM
Casablanca-Settat,Pharmacie Fathi,Parapharmacie,Formel,Pharmacie Fathi,33.576566,-7.539824,icons/pharmacy.png,OSM
Casablanca-Settat,Café sans nom,Café,Formel,Café sans nom,33.5993502,-7.6058794,icons/cafe.png,OSM
Casablanca-Settat,Café sans nom,Café,Formel,Café sans nom,33.6003791,-7.6169643,icons/cafe.png,OSM
Casablanca-Settat,BİM,Supermarché,Formel,BİM,33.6002411,-7.6178059,icons/supermarket.png,OSM
Casablanca-Settat,Café sans nom,Café,Formel,Café sans nom,33.601745,-7.6201855,icons/cafe.png,OSM
Casablanca-Settat,Restaurant sans nom,Restaurant,Formel,Restaurant sans nom,33.608568,-7.629199,icons/restaurant.png,OSM
Casablanca-Settat,Carrefour,Supermarché,Formel,Carrefour,33.5739187,-7.6445744,icons/supermarket.png,OSM
Casablanca-Settat,Supérette / Mini-market sans nom,Supérette / Mini-market,Formel,Supérette / Mini-market sans nom,32.830524,-8.088211,icons/convenience.png,OSM
Casablanca-Settat,Épicerie sans nom,Épicerie,Informel,Épicerie sans nom,32.8617942,-8.0586606,icons/greengrocer.png,OSM
Casablanca-Settat,Supérette / Mini-market sans nom,Supérette / Mini-market,Formel,Supérette / Mini-market sans nom,32.8614162,-8.058262,icons/convenience.png,OSM
Casablanca-Settat,Café sans nom,Café,Formel,Café sans nom,32.8609046,-8.0569731,icons/cafe.png,OSM
Casablanca-Settat,Le Croissanterie,Restaurant,Formel,Le Croissanterie,33.9060656,-6.7777328,icons/restaurant.png,OSM
Casablanca-Settat,côté d'or,Café,Formel,Boulevard Abdelmoumen,33.5771392,-7.625501,icons/cafe.png,OSM
Casablanca-Settat,pharmacie Rif صيدلية الريف,Parapharmacie,Formel,"Boulevard de Sebta, Mohammédia المحمدية",33.6905777,-7.366423,icons/pharmacy.png,OSM
Casablanca-Settat,Café sans nom,Café,Formel,Café sans nom,33.9306177,-6.7592882,icons/cafe.png,OSM
Casablanca-Settat,espace imossak,Café,Formel,Route Alwahda,33.6098867,-7.5427429,icons/cafe.png,OSM
Casablanca-Settat,Boulangerie sans nom,Boulangerie,Formel,Boulangerie sans nom,33.609828,-7.5431916,icons/bakery.png,OSM
Casablanca-Settat,le monde des grillades,Restaurant,Formel,le monde des grillades,33.6093994,-7.541983,icons/restaurant.png,OSM
Casablanca-Settat,la paela mar,Café,Formel,la paela mar,33.6090344,-7.5417347,icons/cafe.png,OSM
Casablanca-Settat,pharmacie El Wafaa,Parapharmacie,Formel,pharmacie El Wafaa,33.6089516,-7.5416759,icons/pharmacy.png,OSM
Casablanca-Settat,tizi ousli,Café,Formel,tizi ousli,33.6065582,-7.5386788,icons/cafe.png,OSM
Casablanca-Settat,snack al Amal,Restaurant,Formel,snack al Amal,33.6077499,-7.5410675,icons/restaurant.png,OSM
Casablanca-Settat,adwak اذواق,Restaurant,Formel,adwak اذواق,33.6096078,-7.5421005,icons/restaurant.png,OSM
Casablanca-Settat,café mouad,Café,Formel,Rue Soumaya,33.5773541,-7.6268773,icons/cafe.png,OSM
Casablanca-Settat,La Cantine,Restaurant,Formel,La Cantine,33.5352248,-7.6400077,icons/restaurant.png,OSM
Casablanca-Settat,taxi,Restaurant,Formel,Rue Soumaya,33.5774261,-7.6267262,icons/restaurant.png,OSM
Casablanca-Settat,riad bladi رياض بلادي,Café,Formel,Boulevard Oued Daoura,33.5410743,-7.6770261,icons/cafe.png,OSM
Casablanca-Settat,bella festa,Café,Formel,bella festa,33.5412067,-7.6768273,icons/cafe.png,OSM
Casablanca-Settat,annasim النسيم,Parapharmacie,Formel,Boulevard Oued Daoura,33.5409932,-7.6769565,icons/pharmacy.png,OSM
Casablanca-Settat,Café ambar,Café,Formel,Café ambar,33.5432244,-7.6797457,icons/cafe.png,OSM
Casablanca-Settat,Magasin de Mr. Hassan Zaouaoui Elidrissi حانوت حسن الزواوي الإدريسي,Supermarché,Formel,Chkhachkha,32.7546116,-8.3117785,icons/supermarket.png,OSM
Casablanca-Settat,Café sans nom,Café,Formel,Café sans nom,33.5586653,-7.6937245,icons/cafe.png,OSM
Casablanca-Settat,Café sans nom,Café,Formel,Café sans nom,33.5602465,-7.6909179,icons/cafe.png,OSM
Casablanca-Settat,Boulangerie sans nom,Boulangerie,Formel,Boulangerie sans nom,33.5604392,-7.691089,icons/bakery.png,OSM
Casablanca-Settat,Restaurant sans nom,Restaurant,Formel,Restaurant sans nom,33.5615795,-7.6922167,icons/restaurant.png,OSM
Casablanca-Settat,café rabii,Café,Formel,café rabii,33.5595686,-7.6903551,icons/cafe.png,OSM
Casablanca-Settat,Boulangerie sans nom,Boulangerie,Formel,Boulangerie sans nom,33.5596528,-7.6904374,icons/bakery.png,OSM
Casablanca-Settat,Osteria,Restaurant,Formel,Osteria,33.6128314,-7.530422,icons/restaurant.png,OSM
Casablanca-Settat,Marwa4,Supermarché,Formel,Avenue Bouregreg,33.9926885,-6.7334292,icons/supermarket.png,OSM
Casablanca-Settat,BIM بيم,Supermarché,Formel,BIM بيم,33.5614104,-7.5337165,icons/supermarket.png,OSM
Casablanca-Settat,Restaurant sans nom,Restaurant,Formel,Boulevard D'El Hank,33.6038507,-7.6340267,icons/restaurant.png,OSM
Casablanca-Settat,KFC,Restaurant,Formel,KFC,33.5928524,-7.6318233,icons/restaurant.png,OSM
Casablanca-Settat,Taco Bueno,Restaurant,Formel,Taco Bueno,33.9964205,-6.8470482,icons/restaurant.png,OSM
Casablanca-Settat,Pharmacy al-Harti صيدلية الحارثي,Parapharmacie,Formel,"Avenue du Commandant Driss Harti, Casablanca ⵜⴰⴷⴷⴰⵔⵜ ⵜⵓⵎⵍⵉⵍⵜ الدار البيضاء",33.5505403,-7.5693749,icons/pharmacy.png,OSM
Casablanca-Settat,Pharmacie du Centre,Parapharmacie,Formel,"Boulevard Mohamed V, Casablanca",33.5934396,-7.6003812,icons/pharmacy.png,OSM
Casablanca-Settat,La Sala,Restaurant,Formel,Rue Aït Ba Amrane,33.593796,-7.6009733,icons/restaurant.png,OSM
Casablanca-Settat,Café sans nom,Café,Formel,Café sans nom,33.5988308,-7.6193111,icons/cafe.png,OSM
Casablanca-Settat,City Palace,Restaurant,Formel,Boulevard Mohamed V,33.5936446,-7.6022226,icons/restaurant.png,OSM
Casablanca-Settat,Adib Food,Restaurant,Formel,Boulevard de la Résistance,33.5906473,-7.6035677,icons/restaurant.png,OSM
Casablanca-Settat,Dragon Bleu,Restaurant,Formel,Rue Pierre Parent,33.5946578,-7.6043656,icons/restaurant.png,OSM
Casablanca-Settat,KFC,Restaurant,Formel,Avenue 2 Mars,33.5753667,-7.6156108,icons/restaurant.png,OSM
Casablanca-Settat,Café,Café,Formel,Avenue 2 Mars,33.5771471,-7.615869,icons/cafe.png,OSM
Casablanca-Settat,Pharmacie Ifni,Parapharmacie,Formel,Rue Infi,33.5823599,-7.6019436,icons/pharmacy.png,OSM
Casablanca-Settat,Café Restaurant Tarfaya,Restaurant,Formel,Boulevard Bahmad,33.5894727,-7.5921448,icons/restaurant.png,OSM
Casablanca-Settat,Carrefour Market,Supermarché,Formel,Boulevard de la Gironde,33.5841408,-7.599484,icons/supermarket.png,OSM
Casablanca-Settat,Parapharmacie sans nom,Parapharmacie,Formel,Rue 15,33.5643746,-7.6097971,icons/pharmacy.png,OSM
Casablanca-Settat,Cafe 2 Mars,Café,Formel,Avenue 2 Mars,33.5661039,-7.6093338,icons/cafe.png,OSM
Casablanca-Settat,Tacos de Lyon,Restaurant,Formel,Avenue 2 Mars,33.5718335,-7.6138768,icons/restaurant.png,OSM
Casablanca-Settat,Shell Select,Supérette / Mini-market,Formel,Rue Alyazidi Mohamed,33.5733051,-7.6149409,icons/convenience.png,OSM
Casablanca-Settat,Cafe Clacier Dubai,Restaurant,Formel,Boulevard Mohammed VI,33.578465,-7.6001546,icons/restaurant.png,OSM
Casablanca-Settat,Pharmacie La Gironde,Parapharmacie,Formel,Rue Infi,33.5838537,-7.599594,icons/pharmacy.png,OSM
Casablanca-Settat,Parapharmacie sans nom,Parapharmacie,Formel,Avenue 2 Mars شارع 2 مارس,33.5768907,-7.6152125,icons/pharmacy.png,OSM
Casablanca-Settat,ماكدونالدز,Restaurant,Formel,Avenue 2 Mars,33.5759477,-7.6153091,icons/restaurant.png,OSM
Casablanca-Settat,Tacos Avenue,Restaurant,Formel,Avenue 2 Mars,33.5713977,-7.6131754,icons/restaurant.png,OSM
Casablanca-Settat,Mondial,Café,Formel,Avenue 2 Mars,33.5711485,-7.6130091,icons/cafe.png,OSM
Casablanca-Settat,Zén,Restaurant,Formel,Avenue 2 Mars,33.5703496,-7.6124807,icons/restaurant.png,OSM
Casablanca-Settat,Pharmacie Faris,Parapharmacie,Formel,Boulevard Mohammed VI,33.5662374,-7.5957853,icons/pharmacy.png,OSM
Casablanca-Settat,Boudad,Café,Formel,Rue Magellan,33.5908082,-7.6049423,icons/cafe.png,OSM
Casablanca-Settat,Pharmacie du Soleil,Parapharmacie,Formel,Rue Magellan,33.5903669,-7.6040746,icons/pharmacy.png,OSM
Casablanca-Settat,Pharmacie El Farah,Parapharmacie,Formel,Boulevard Bouchaib Doukkali,33.5683103,-7.5845481,icons/pharmacy.png,OSM
Casablanca-Settat,Pharmacie Ghazali,Parapharmacie,Formel,Pharmacie Ghazali,33.5657435,-7.5797457,icons/pharmacy.png,OSM
Casablanca-Settat,Le 5 Palmiers,Café,Formel,Boulevard Tah,33.5322685,-7.5849699,icons/cafe.png,OSM
Casablanca-Settat,Zounhours,Café,Formel,Boulevard Tah,33.5312563,-7.5880645,icons/cafe.png,OSM
Casablanca-Settat,Clip Cafe,Café,Formel,Avenue 2 Mars,33.5397459,-7.5998991,icons/cafe.png,OSM
Casablanca-Settat,Pharmacie Aman,Parapharmacie,Formel,Rue 17,33.5359704,-7.5770339,icons/pharmacy.png,OSM
Casablanca-Settat,Pharmacie Goumri,Parapharmacie,Formel,Boulevard Tah,33.5337089,-7.580665,icons/pharmacy.png,OSM
Casablanca-Settat,Parapharmacie sans nom,Parapharmacie,Formel,Avenue 2 Mars,33.5506674,-7.6024586,icons/pharmacy.png,OSM
Casablanca-Settat,Café La Source,Café,Formel,Avenue 2 Mars,33.5478561,-7.6020569,icons/cafe.png,OSM
Casablanca-Settat,Parapharmacie sans nom,Parapharmacie,Formel,Avenue 2 Mars,33.5479547,-7.602067,icons/pharmacy.png,OSM
Casablanca-Settat,Café Syntia,Café,Formel,Avenue 2 Mars,33.5461983,-7.6020982,icons/cafe.png,OSM
Casablanca-Settat,El Baouraoui Café,Café,Formel,Avenue 2 Mars,33.5462575,-7.6021096,icons/cafe.png,OSM
Casablanca-Settat,Palais Amira,Café,Formel,Avenue 2 Mars,33.5355652,-7.5957638,icons/cafe.png,OSM
Casablanca-Settat,Parapharmacie sans nom,Parapharmacie,Formel,Boulevard Tah,33.5313949,-7.5890227,icons/pharmacy.png,OSM
Casablanca-Settat,Ixia,Café,Formel,Rue 13,33.539469,-7.5791851,icons/cafe.png,OSM
Casablanca-Settat,Crèmerie Achkid,Restaurant,Formel,Boulevard d'Amgala,33.5406446,-7.5801185,icons/restaurant.png,OSM
Casablanca-Settat,Parapharmacie sans nom,Parapharmacie,Formel,Rue 10,33.5362787,-7.5773883,icons/pharmacy.png,OSM
Casablanca-Settat,Kamar lebnan,Restaurant,Formel,Rue Théophile Gauthier,33.5881278,-7.6310701,icons/restaurant.png,OSM
Casablanca-Settat,Café sans nom,Café,Formel,Rue Sebou,33.5891426,-7.6317809,icons/cafe.png,OSM
Casablanca-Settat,Pharmacie Chaab,Parapharmacie,Formel,Pharmacie Chaab,33.5409727,-7.5877997,icons/pharmacy.png,OSM
Casablanca-Settat,Pharmacie Khouloud,Parapharmacie,Formel,Zanqat 68,33.5395648,-7.5869025,icons/pharmacy.png,OSM
Casablanca-Settat,Cafe Rosage,Café,Formel,Rue 194,33.5423571,-7.5856224,icons/cafe.png,OSM
Casablanca-Settat,Skybury Café,Café,Formel,Boulevard d'Amgala,33.5375745,-7.5853535,icons/cafe.png,OSM
Casablanca-Settat,Espace La Parisien,Café,Formel,Boulevard d'Amgala,33.5369536,-7.5863788,icons/cafe.png,OSM
Casablanca-Settat,Cafe El Osra,Café,Formel,Boulevard d'Amgala,33.5367993,-7.5866456,icons/cafe.png,OSM
Casablanca-Settat,Espace Al Mouatine,Café,Formel,Boulevard de Smara,33.5353707,-7.5861213,icons/cafe.png,OSM
Casablanca-Settat,Espace Palma,Café,Formel,Boulevard de Smara,33.5344037,-7.585955,icons/cafe.png,OSM
Casablanca-Settat,Cafe Di Latorre,Café,Formel,Boulevard d'Amgala,33.5377182,-7.5857055,icons/cafe.png,OSM
Casablanca-Settat,Adana d'or,Café,Formel,Boulevard d'Amgala,33.5381005,-7.5850551,icons/cafe.png,OSM
Casablanca-Settat,Al Turkia,Café,Formel,Boulevard d'Amgala,33.5388293,-7.5838058,icons/cafe.png,OSM
Casablanca-Settat,Pharmacie Moulay Driss,Parapharmacie,Formel,Rue 50,33.5689517,-7.5868213,icons/pharmacy.png,OSM
Casablanca-Settat,Espace Laghlimi,Café,Formel,Espace Laghlimi,33.5409129,-7.5927289,icons/cafe.png,OSM
Casablanca-Settat,Flamengo,Restaurant,Formel,Flamengo,33.5408045,-7.5931285,icons/restaurant.png,OSM
Casablanca-Settat,Espace El Gharbia,Café,Formel,Boulevard d'Amgala,33.5373169,-7.5864244,icons/cafe.png,OSM
Casablanca-Settat,Cafe Al Amal,Café,Formel,Boulevard Tah,33.5324429,-7.5846836,icons/cafe.png,OSM
Casablanca-Settat,Parapharmacie sans nom,Parapharmacie,Formel,Boulevard de Smara,33.53766,-7.5899233,icons/pharmacy.png,OSM
Casablanca-Settat,Pharmacie des Urgences,Parapharmacie,Formel,Rue 1,33.5370027,-7.5858966,icons/pharmacy.png,OSM
Casablanca-Settat,Salon de Thé,Restaurant,Formel,Boulevard Abdellah Senhaji,33.5650026,-7.5882496,icons/restaurant.png,OSM
Casablanca-Settat,Café Imdioune,Restaurant,Formel,Boulevard Bouchaib Doukkali,33.5691305,-7.5839634,icons/restaurant.png,OSM
Casablanca-Settat,Pharmacie Ain Chifaa,Parapharmacie,Formel,Boulevard Bouchaib Doukkali,33.5700395,-7.5825861,icons/pharmacy.png,OSM
Casablanca-Settat,Pharmacie Assia,Parapharmacie,Formel,Rue 42,33.5704256,-7.5916801,icons/pharmacy.png,OSM
Casablanca-Settat,Linati,Restaurant,Formel,Boulevard du Golan,33.5716212,-7.5806791,icons/restaurant.png,OSM
Casablanca-Settat,Argana,Café,Formel,Rue 60,33.5647444,-7.5915889,icons/cafe.png,OSM
Casablanca-Settat,Espace Al Fath,Restaurant,Formel,Rue 8,33.5698484,-7.5946172,icons/restaurant.png,OSM
Casablanca-Settat,La Qualité,Café,Formel,Rue 42,33.5655066,-7.5923198,icons/cafe.png,OSM
Casablanca-Settat,Argana,Café,Formel,Rue 55,33.5651087,-7.5919417,icons/cafe.png,OSM
Casablanca-Settat,Pharmacie El Farraj,Parapharmacie,Formel,Boulevard Abdellah Senhaji,33.5673526,-7.5904222,icons/pharmacy.png,OSM
Casablanca-Settat,Pharmacie de Casablanca,Parapharmacie,Formel,Boulevard de la Croix,33.5749186,-7.5907414,icons/pharmacy.png,OSM
Casablanca-Settat,Pharmacie Laafou,Parapharmacie,Formel,Rue 34,33.5753387,-7.5931285,icons/pharmacy.png,OSM
Casablanca-Settat,Golden Space,Café,Formel,Boulevard de la Gironde,33.5832101,-7.5988175,icons/cafe.png,OSM
Casablanca-Settat,Cafe du Pont,Café,Formel,Boulevard de la Gironde,33.5826297,-7.5984453,icons/cafe.png,OSM
Casablanca-Settat,Pharmacie Albahia,Parapharmacie,Formel,Boulevard Ahmed Sebbagh,33.5744839,-7.5962278,icons/pharmacy.png,OSM
Casablanca-Settat,Café Sbaï,Café,Formel,Boulevard Abdellah Senhaji,33.5667425,-7.5894016,icons/cafe.png,OSM
Casablanca-Settat,Café Aswan,Restaurant,Formel,Boulevard du Golan شارع الجولان,33.5500951,-7.5677656,icons/restaurant.png,OSM
Casablanca-Settat,Parapharmacie sans nom,Parapharmacie,Formel,Avenue Abdelkader Sahraoui,33.5530547,-7.5499651,icons/pharmacy.png,OSM
Casablanca-Settat,Pharmacie Bouafi,Parapharmacie,Formel,Avenue d'Oued Eddahab,33.5443679,-7.5671098,icons/pharmacy.png,OSM
Casablanca-Settat,Cafe Zodiaque,Café,Formel,Avenue d'Oued Eddahab,33.5418954,-7.5712685,icons/cafe.png,OSM
Casablanca-Settat,Rainbow Cafe,Restaurant,Formel,Avenue d'Oued Eddahab,33.5401886,-7.5741479,icons/restaurant.png,OSM
Casablanca-Settat,Pharmacie Skiba,Parapharmacie,Formel,Avenue d'Oued Eddahab,33.5396252,-7.5750652,icons/pharmacy.png,OSM
Casablanca-Settat,Espace Changuai,Restaurant,Formel,Avenue Mekdad Lahrizi,33.5372811,-7.5734632,icons/restaurant.png,OSM
Casablanca-Settat,Ramada,Restaurant,Formel,Rue 188,33.539538,-7.573873,icons/restaurant.png,OSM
Casablanca-Settat,Pharmacie Ennajah,Parapharmacie,Formel,Avenue de Dakhla,33.5483839,-7.568998,icons/pharmacy.png,OSM
Casablanca-Settat,Cafe La Liga,Café,Formel,Avenue de Dakhla,33.5468661,-7.57153,icons/cafe.png,OSM
Casablanca-Settat,Nescafe,Café,Formel,Avenue de Dakhla,33.5468069,-7.5716347,icons/cafe.png,OSM
Casablanca-Settat,Pharmacie Dadi,Parapharmacie,Formel,Avenue de Dakhla,33.5464671,-7.5721396,icons/pharmacy.png,OSM
Casablanca-Settat,Pharmacie Faouz,Parapharmacie,Formel,Avenue de Dakhla,33.5439153,-7.5765418,icons/pharmacy.png,OSM
Casablanca-Settat,Pharmacie Dounia,Parapharmacie,Formel,Rue 145,33.5419122,-7.5725761,icons/pharmacy.png,OSM
Casablanca-Settat,Pharmacie Addahab,Parapharmacie,Formel,Rue 70,33.54397,-7.5696833,icons/pharmacy.png,OSM
Casablanca-Settat,Pharmacie Dispensaire Jamila 4,Parapharmacie,Formel,Rue 89,33.5466604,-7.5665988,icons/pharmacy.png,OSM
Casablanca-Settat,Golden Cup,Café,Formel,Rue 145,33.5430099,-7.5732386,icons/cafe.png,OSM
Casablanca-Settat,Pharmacie Benmoussa,Parapharmacie,Formel,Avenue du Commandant Driss Harti,33.5435352,-7.5805342,icons/pharmacy.png,OSM
Casablanca-Settat,Pharmacie Sbata,Parapharmacie,Formel,Avenue de Saquia-el-Hamra,33.5441768,-7.5730133,icons/pharmacy.png,OSM
Casablanca-Settat,Pharmacie Rachid,Parapharmacie,Formel,Avenue de Saquia-el-Hamra,33.5463631,-7.5694031,icons/pharmacy.png,OSM
Casablanca-Settat,Pharmacie Jamila,Parapharmacie,Formel,Avenue du Commandant Driss Harti,33.545992,-7.5764371,icons/pharmacy.png,OSM
Casablanca-Settat,Pharmacie Marche de Gros,Parapharmacie,Formel,Avenue du Commandant Driss Harti,33.548802,-7.5717339,icons/pharmacy.png,OSM
Casablanca-Settat,Café Anas,Café,Formel,Avenue du 6 Novembre 1975,33.5466593,-7.5770688,icons/cafe.png,OSM
Casablanca-Settat,Verona Cafe,Café,Formel,Avenue 6 Novembre 1975,33.5522891,-7.5823005,icons/cafe.png,OSM
Casablanca-Settat,Pharmacie Al Bouchra,Parapharmacie,Formel,Avenue de l'Ambassadeur Ben Aicha,33.601196,-7.5855754,icons/pharmacy.png,OSM
Casablanca-Settat,Pharmacie Massiwe,Parapharmacie,Formel,Avenue de l'Ambassadeur Ben Aicha,33.59964,-7.5891964,icons/pharmacy.png,OSM
Casablanca-Settat,Para Pharmacie,Parapharmacie,Formel,Avenue de l'Ambassadeur Ben Aicha,33.602561,-7.5822602,icons/pharmacy.png,OSM
Casablanca-Settat,Pharmacie El Mansour,Parapharmacie,Formel,Boulevard du Golan,33.558094,-7.573944,icons/pharmacy.png,OSM
Casablanca-Settat,Pharmcie Sif Eddinne,Parapharmacie,Formel,Boulevard de l'Unité Africaine,33.5566724,-7.5877748,icons/pharmacy.png,OSM
Casablanca-Settat,Pharmacie du Metro,Parapharmacie,Formel,Boulevard de l'Unité Africaine,33.5567138,-7.5911842,icons/pharmacy.png,OSM
Casablanca-Settat,Pharmacie Afriquia,Parapharmacie,Formel,Boulevard Mohammed VI,33.5548206,-7.5919738,icons/pharmacy.png,OSM
Casablanca-Settat,Café Agadir,Restaurant,Formel,Avenue du Commandant Driss Harti,33.5488254,-7.572265,icons/restaurant.png,OSM
Casablanca-Settat,Pharmacie Moulay Slimane,Parapharmacie,Formel,Route de Zenata,33.6177743,-7.5463294,icons/pharmacy.png,OSM
Casablanca-Settat,Parapharmacie sans nom,Parapharmacie,Formel,Avenue Réda Guédira,33.5523159,-7.5786996,icons/pharmacy.png,OSM
Casablanca-Settat,Cafe Rania,Café,Formel,Avenue Lahraouine,33.550901,-7.57429,icons/cafe.png,OSM
Casablanca-Settat,Pharmacie Zenata,Parapharmacie,Formel,Route de Zenata,33.6188677,-7.5392269,icons/pharmacy.png,OSM
Casablanca-Settat,Pharmacie Du Uban,Parapharmacie,Formel,Avenue du 6 Novembre 1975,33.5520812,-7.5815776,icons/pharmacy.png,OSM
Casablanca-Settat,Pharmacie Oued Zem,Parapharmacie,Formel,Boulevard de Oued Zem,33.5547747,-7.584579,icons/pharmacy.png,OSM
Casablanca-Settat,Pharmacie Lesperance,Parapharmacie,Formel,Boulevard de Madrid,33.6164096,-7.5248878,icons/pharmacy.png,OSM
Casablanca-Settat,La Revanche,Restaurant,Formel,Rue de Dax,33.5995316,-7.5874275,icons/restaurant.png,OSM
Casablanca-Settat,Moody's,Café,Formel,Boulevard Moulay Ismail,33.598514,-7.5804283,icons/cafe.png,OSM
Casablanca-Settat,Pharmacie Moubaraka,Parapharmacie,Formel,Route de Rabat,33.6154659,-7.5031149,icons/pharmacy.png,OSM
Casablanca-Settat,Pharmacie de la Gabe Ain Sebaa,Parapharmacie,Formel,Route de Rabat,33.6075583,-7.5235748,icons/pharmacy.png,OSM
Casablanca-Settat,Canova,Café,Formel,Rue Saint Saëns,33.595432,-7.5874154,icons/cafe.png,OSM
Casablanca-Settat,Chami Bacha,Restaurant,Formel,Rue Sijlmassa,33.5914595,-7.5915232,icons/restaurant.png,OSM
Casablanca-Settat,Pharmacie el Mrami,Parapharmacie,Formel,Route de Rabat,33.6238082,-7.4856645,icons/pharmacy.png,OSM
Casablanca-Settat,Pharmacie Feddan el Kheir,Parapharmacie,Formel,Route de Rabat,33.6209482,-7.4895899,icons/pharmacy.png,OSM
Casablanca-Settat,Pharmacie Ghouziel,Parapharmacie,Formel,Allée des Mimosas,33.6109571,-7.5297225,icons/pharmacy.png,OSM
Casablanca-Settat,Friend's Space,Restaurant,Formel,Boulevard Emile Zola,33.5963614,-7.592572,icons/restaurant.png,OSM
Casablanca-Settat,Wisley Gardens,Restaurant,Formel,Rue Vimy,33.5962274,-7.5905161,icons/restaurant.png,OSM
Casablanca-Settat,Espace Yasmine,Restaurant,Formel,Boulevard Mohamed Al Bakkali,33.5937954,-7.5178684,icons/restaurant.png,OSM
Casablanca-Settat,Pharmacie Racha,Parapharmacie,Formel,Route de Chabbou,33.5893928,-7.5262088,icons/pharmacy.png,OSM
Casablanca-Settat,Pharmacie Alaa,Parapharmacie,Formel,Boulevard Al Houcine Assoussi,33.590577,-7.5174178,icons/pharmacy.png,OSM
Casablanca-Settat,Plus,Supermarché,Formel,Boulevard Mohamed Al Bakkali,33.5930481,-7.5174715,icons/supermarket.png,OSM
Casablanca-Settat,Pharmacie Espace Santé صيدلية فضاء الصحة,Parapharmacie,Formel,Ain Harrouda,33.6342132,-7.4545723,icons/pharmacy.png,OSM
Casablanca-Settat,Pharmacie Ghafiri,Parapharmacie,Formel,Rue Abou Nouas,33.5607889,-7.6458289,icons/pharmacy.png,OSM
Casablanca-Settat,Pharmacie Odyssée صيدلية أوديسي,Parapharmacie,Formel,Rue Tair Al Firdaous,33.5631274,-7.6477303,icons/pharmacy.png,OSM
Casablanca-Settat,Cafe Glacier,Café,Formel,Route Al Jamiaa,33.567276,-7.6445413,icons/cafe.png,OSM
Casablanca-Settat,Cafe Barcelona,Café,Formel,Boulevard de la Grande Ceinture,33.5831677,-7.5543948,icons/cafe.png,OSM
Casablanca-Settat,Porta Biella,Restaurant,Formel,Boulevard Mohamed Zefzaf,33.5795879,-7.5127602,icons/restaurant.png,OSM
Casablanca-Settat,Bice Coffee,Café,Formel,Boulevard Mohamed Zefzaf,33.5786259,-7.5140946,icons/cafe.png,OSM
Casablanca-Settat,Parapharmacie sans nom,Parapharmacie,Formel,Boulevard Mohamed Zefzaf,33.5754292,-7.5202838,icons/pharmacy.png,OSM
Casablanca-Settat,Parapharmacie sans nom,Parapharmacie,Formel,Avenue Abdelkader Sahraoui,33.5678354,-7.5260223,icons/pharmacy.png,OSM
Casablanca-Settat,Pharmacie Al Ikram صيدلية الإكرام,Parapharmacie,Formel,Tit Mellil تيط مليل,33.5509759,-7.4774435,icons/pharmacy.png,OSM
Casablanca-Settat,Pharmacie Route de Rabat,Parapharmacie,Formel,Route Continentale,33.6021656,-7.5243822,icons/pharmacy.png,OSM
Casablanca-Settat,Pharmacie Alhadika,Parapharmacie,Formel,Route de Rabat,33.6036903,-7.533334,icons/pharmacy.png,OSM
Casablanca-Settat,Pharmacie Chefchaouni,Parapharmacie,Formel,Boulevard Chefchaouni,33.6139704,-7.5241126,icons/pharmacy.png,OSM
Casablanca-Settat,Parapharmacie sans nom,Parapharmacie,Formel,Parapharmacie sans nom,33.5684046,-7.5307781,icons/pharmacy.png,OSM
Casablanca-Settat,Parapharmacie sans nom,Parapharmacie,Formel,Parapharmacie sans nom,33.5713396,-7.5290841,icons/pharmacy.png,OSM
Casablanca-Settat,Café Napoli,Café,Formel,Boulevard du Nil,33.5620155,-7.5628182,icons/cafe.png,OSM
Casablanca-Settat,The Coffee Break,Café,Formel,Boulevard Ahmed Mekouar,33.6144205,-7.5353886,icons/cafe.png,OSM
Casablanca-Settat,Pharmacie Boukdad صيدلية بوقداد,Parapharmacie,Formel,"Rue Abderrahmane Ibn Khaldoune, Tit Mellil تيط مليل",33.5543657,-7.4827959,icons/pharmacy.png,OSM
Casablanca-Settat,Pharmacie Semmat,Parapharmacie,Formel,Pharmacie Semmat,33.5478296,-7.4859166,icons/pharmacy.png,OSM
Casablanca-Settat,Cafe El Makhfi,Café,Formel,Boulevard El Marinieene,33.5465565,-7.4828482,icons/cafe.png,OSM
Casablanca-Settat,Espace Araha,Restaurant,Formel,Boulevard El Marinieene,33.5455617,-7.4849658,icons/restaurant.png,OSM
Casablanca-Settat,Siciliano Cafe,Café,Formel,Siciliano Cafe,33.6129663,-7.5457084,icons/cafe.png,OSM
Casablanca-Settat,Pharmacie Tit Mellil صيدلية تيط مليل,Parapharmacie,Formel,"Boulevard Annakhil, Tit Mellil ⵜⵉⵟ ⵎⵍⵉⵍ تيط مليل",33.5522612,-7.4826014,icons/pharmacy.png,OSM
Casablanca-Settat,Pharmacie Errahmane,Parapharmacie,Formel,Route de Taddart,33.5526038,-7.6230601,icons/pharmacy.png,OSM
Casablanca-Settat,Pharmacie Machaa Allah,Parapharmacie,Formel,Rue 14,33.5371525,-7.5703479,icons/pharmacy.png,OSM
Casablanca-Settat,Pharmacie Al Ahram,Parapharmacie,Formel,Avenue Mekdad Lahrizi,33.5367602,-7.5734532,icons/pharmacy.png,OSM
Casablanca-Settat,Pharmacie Salim,Parapharmacie,Formel,Rue 2,33.5378244,-7.5671151,icons/pharmacy.png,OSM
Casablanca-Settat,Parapharmacie sans nom,Parapharmacie,Formel,Rue 66,33.5667045,-7.5678098,icons/pharmacy.png,OSM
Casablanca-Settat,Cafe L'Albatros,Café,Formel,Rue Hadj Omar Riffi,33.5851173,-7.6131231,icons/cafe.png,OSM
Casablanca-Settat,Pharmacie Laaziza,Parapharmacie,Formel,Rue 41,33.5360269,-7.5518963,icons/pharmacy.png,OSM
Casablanca-Settat,Pharmacie Al Fadila,Parapharmacie,Formel,Boulevard du Golan,33.537546,-7.5516106,icons/pharmacy.png,OSM
Casablanca-Settat,Pharmacie Salmia,Parapharmacie,Formel,Boulevard du Golan,33.5384537,-7.5553362,icons/pharmacy.png,OSM
Casablanca-Settat,Pharmacie Tessema,Parapharmacie,Formel,Boulevard du Golan,33.5436056,-7.5614248,icons/pharmacy.png,OSM
Casablanca-Settat,Pharmacie Essa-Egh,Parapharmacie,Formel,Rue 18,33.5401863,-7.5512499,icons/pharmacy.png,OSM
Casablanca-Settat,Pharmacie Ksikes,Parapharmacie,Formel,Avenue du 10 Mars 1982,33.5423068,-7.542302,icons/pharmacy.png,OSM
Casablanca-Settat,Parapharmacie sans nom,Parapharmacie,Formel,Boulevard Anoual,33.5652373,-7.5687821,icons/pharmacy.png,OSM
Casablanca-Settat,Parapharmacie sans nom,Parapharmacie,Formel,Rue 5,33.5681862,-7.5687861,icons/pharmacy.png,OSM
Casablanca-Settat,Parapharmacie sans nom,Parapharmacie,Formel,Boulevard du Nil,33.5659759,-7.5646207,icons/pharmacy.png,OSM
Casablanca-Settat,Parapharamacie Chemsi,Parapharmacie,Formel,Rue 66,33.5667453,-7.5675845,icons/pharmacy.png,OSM
Casablanca-Settat,Café Aloha,Café,Formel,Rue Zerhoune,33.5848954,-7.6147637,icons/cafe.png,OSM
Casablanca-Settat,Pharmacie Populaire,Parapharmacie,Formel,Rue Hadj Omar Riffi,33.5856143,-7.6138653,icons/pharmacy.png,OSM
Casablanca-Settat,Pizzeria Coin Four,Restaurant,Formel,Rue Ichbilia,33.5865805,-7.6126799,icons/restaurant.png,OSM
Casablanca-Settat,Snack Canizares,Supérette / Mini-market,Formel,Rue el Brihi Ahmed,33.5872307,-7.6111475,icons/convenience.png,OSM
Casablanca-Settat,Parapharmacie sans nom,Parapharmacie,Formel,Rue el Brihi Ahmed,33.5879781,-7.6086537,icons/pharmacy.png,OSM
Casablanca-Settat,Café Lucca El Ghazali,Café,Formel,Rue 58,33.5677929,-7.5606577,icons/cafe.png,OSM
Casablanca-Settat,Parapharmacie sans nom,Parapharmacie,Formel,Boulevard des Forces Auxiliaires,33.5687204,-7.5599147,icons/pharmacy.png,OSM
Casablanca-Settat,Pharmacie Tawdi,Parapharmacie,Formel,Pharmacie Tawdi,33.5734001,-7.5534868,icons/pharmacy.png,OSM
Casablanca-Settat,Café La Canyada,Café,Formel,Café La Canyada,33.5743744,-7.5580466,icons/cafe.png,OSM
Casablanca-Settat,Mister Tacos,Restaurant,Formel,Mister Tacos,33.5732368,-7.5600154,icons/restaurant.png,OSM
Casablanca-Settat,Café Oum Erabia,Café,Formel,Café Oum Erabia,33.5698423,-7.5575115,icons/cafe.png,OSM
Casablanca-Settat,Pharmacie Essafa,Parapharmacie,Formel,Pharmacie Essafa,33.569478,-7.5571883,icons/pharmacy.png,OSM
Casablanca-Settat,Parapharmacie sans nom,Parapharmacie,Formel,Parapharmacie sans nom,33.566928,-7.5459391,icons/pharmacy.png,OSM
Casablanca-Settat,Pharmacie Ibn Zahr,Parapharmacie,Formel,Boulevard du Nil,33.5584382,-7.5690745,icons/pharmacy.png,OSM
Casablanca-Settat,Pharmacie Lamrissi,Parapharmacie,Formel,Pharmacie Lamrissi,33.5623865,-7.5410038,icons/pharmacy.png,OSM
Casablanca-Settat,Café Canarias,Café,Formel,Café Canarias,33.5629184,-7.539475,icons/cafe.png,OSM
Casablanca-Settat,Pharmacie Lamrissi,Parapharmacie,Formel,Pharmacie Lamrissi,33.5627486,-7.5397673,icons/pharmacy.png,OSM
Casablanca-Settat,Café Du Capitan,Café,Formel,Café Du Capitan,33.5617942,-7.5413981,icons/cafe.png,OSM
Casablanca-Settat,Pharmacie Kamareddine,Parapharmacie,Formel,Pharmacie Kamareddine,33.5626681,-7.5439918,icons/pharmacy.png,OSM
Casablanca-Settat,Café Rojayne,Café,Formel,Café Rojayne,33.558598,-7.5465936,icons/cafe.png,OSM
Casablanca-Settat,Pharmacie El Houria,Parapharmacie,Formel,Avenue Chaouki Jilali Meskini,33.5841955,-7.5579688,icons/pharmacy.png,OSM
Casablanca-Settat,Pharmacie El AHD El Jadid,Parapharmacie,Formel,Boulevard de la Grande Ceinture,33.5814694,-7.5632876,icons/pharmacy.png,OSM
Casablanca-Settat,Parapharmacie sans nom,Parapharmacie,Formel,Boulevard Al Aqid El Allam,33.5555291,-7.5470468,icons/pharmacy.png,OSM
Casablanca-Settat,Pharmacie Al Falah,Parapharmacie,Formel,Boulevard Al Aqid El Allam,33.5583991,-7.5495037,icons/pharmacy.png,OSM
Casablanca-Settat,Café Monsieur,Café,Formel,Boulevard Rahal El Meskini,33.5877075,-7.6142021,icons/cafe.png,OSM
Casablanca-Settat,Pharmacie de Lorraine,Parapharmacie,Formel,Boulevard Rahal El Meskini,33.5876576,-7.6144999,icons/pharmacy.png,OSM
Casablanca-Settat,Asia Supermarché,Supermarché,Formel,Boulevard Rahal El Meskini,33.588586,-7.6110077,icons/supermarket.png,OSM
Casablanca-Settat,Café Al Horia,Café,Formel,Avenue du 10 Mars 1982,33.5640158,-7.5694406,icons/cafe.png,OSM
Casablanca-Settat,Parapharmacie sans nom,Parapharmacie,Formel,Parapharmacie sans nom,33.5547915,-7.5345102,icons/pharmacy.png,OSM
Casablanca-Settat,Parapharmacie sans nom,Parapharmacie,Formel,Avenue du Commandant Idriss Elharti,33.557046,-7.5588037,icons/pharmacy.png,OSM
Casablanca-Settat,Café Chabab,Restaurant,Formel,Avenue du 10 Mars 1982,33.5618099,-7.5656694,icons/restaurant.png,OSM
Casablanca-Settat,Parapharmacie sans nom,Parapharmacie,Formel,Avenue du 10 Mars 1982,33.5622993,-7.5662756,icons/pharmacy.png,OSM
Casablanca-Settat,Pharmacie el Hanaa,Parapharmacie,Formel,Boulevard de l'Unité Africaine,33.5570658,-7.5818767,icons/pharmacy.png,OSM
Casablanca-Settat,Pharmacie Para,Parapharmacie,Formel,Boulevard Abou Horaira,33.5576861,-7.5796075,icons/pharmacy.png,OSM
Casablanca-Settat,Parapharmacie sans nom,Parapharmacie,Formel,Boulevard Abdellah Senhaji,33.5646115,-7.5879666,icons/pharmacy.png,OSM
Casablanca-Settat,Pharmacie el Othmania,Parapharmacie,Formel,Boulevard Abou Horaira,33.5627982,-7.5705381,icons/pharmacy.png,OSM
Casablanca-Settat,Pharmacie Calogera,Parapharmacie,Formel,Rue 73,33.5584983,-7.5864208,icons/pharmacy.png,OSM
Casablanca-Settat,Café Rostou,Café,Formel,Boulevard Abou Horaira,33.5619356,-7.5719364,icons/cafe.png,OSM
Casablanca-Settat,Pharmacie Mersultan,Parapharmacie,Formel,Avenue Mers Sultan,33.5839923,-7.6155918,icons/pharmacy.png,OSM
Casablanca-Settat,Café Les Alpes,Café,Formel,Boulevard de la Liberté,33.5869275,-7.6119141,icons/cafe.png,OSM
Casablanca-Settat,Cafe Le 13,Café,Formel,Rue 1,33.5553235,-7.6269016,icons/cafe.png,OSM
Casablanca-Settat,L'Araignee,Restaurant,Formel,Boulevard Hassan Alaoui,33.5783371,-7.5884742,icons/restaurant.png,OSM
Casablanca-Settat,Porte Californie,Parapharmacie,Formel,Route de La Mecque,33.5596798,-7.6287738,icons/pharmacy.png,OSM
Casablanca-Settat,Para & Pharmacie Merieux,Parapharmacie,Formel,Boulevard Abdelmoumen,33.5673158,-7.6260406,icons/pharmacy.png,OSM
Casablanca-Settat,Pharmacie Abdelmoumen,Parapharmacie,Formel,Boulevard Abdelmoumen,33.5764002,-7.6259212,icons/pharmacy.png,OSM
Casablanca-Settat,Parapharmacie sans nom,Parapharmacie,Formel,Boulevard Abdelmoumen,33.5816236,-7.6244299,icons/pharmacy.png,OSM
Casablanca-Settat,Pizza Hut,Restaurant,Formel,Boulevard Taddart,33.5559918,-7.6280361,icons/restaurant.png,OSM
Casablanca-Settat,Pharmacie Taddart,Parapharmacie,Formel,Route de Taddart,33.5563383,-7.624332,icons/pharmacy.png,OSM
Casablanca-Settat,Restaurant Sushing,Restaurant,Formel,Route de Taddart,33.5552927,-7.6239109,icons/restaurant.png,OSM
Casablanca-Settat,La Goyave,Café,Formel,Route de Taddart,33.5543439,-7.6237741,icons/cafe.png,OSM
Casablanca-Settat,Para & Pharmacie,Parapharmacie,Formel,Boulevard Ibrahim Roudani,33.5873383,-7.6281434,icons/pharmacy.png,OSM
Casablanca-Settat,Café Al Amana,Café,Formel,Rue Ibnou Bouraid,33.583915,-7.6283175,icons/cafe.png,OSM
Casablanca-Settat,Café Club,Café,Formel,Café Club,33.5828766,-7.6294366,icons/cafe.png,OSM
Casablanca-Settat,Cremerie Cadillac,Restaurant,Formel,Boulevard de Paris,33.593863,-7.6215278,icons/restaurant.png,OSM
Casablanca-Settat,Espace Café,Café,Formel,Rue Al Woroud,33.5845274,-7.6211093,icons/cafe.png,OSM
Casablanca-Settat,Dragon Rouge,Restaurant,Formel,Rue Mostafa Al Maani,33.5866702,-7.6195295,icons/restaurant.png,OSM
Casablanca-Settat,Café Élite,Café,Formel,Rue Mostafa Al Maani,33.5867395,-7.6191245,icons/cafe.png,OSM
Casablanca-Settat,Glacier Cafeteria Tasman,Café,Formel,Rue Omarslaoui,33.5871897,-7.6202121,icons/cafe.png,OSM
Casablanca-Settat,Tacos Paco's,Restaurant,Formel,Rue Omarslaoui,33.5873919,-7.6200056,icons/restaurant.png,OSM
Casablanca-Settat,ماكدونالدز,Restaurant,Formel,Avenue Mers Sultan,33.5881192,-7.6175943,icons/restaurant.png,OSM
Casablanca-Settat,Pharmacie Principale,Parapharmacie,Formel,Avenue Mers Sultan,33.5876567,-7.6174173,icons/pharmacy.png,OSM
Casablanca-Settat,Brasserie Soleil,Café,Formel,Rue Tarrablous,33.5877405,-7.6189394,icons/cafe.png,OSM
Casablanca-Settat,Restaurant Anfa,Restaurant,Formel,Rue Allal Al Fassi,33.587965,-7.6181281,icons/restaurant.png,OSM
Casablanca-Settat,Café Faracha,Café,Formel,Rue Allal Al Fassi,33.5879583,-7.6182568,icons/cafe.png,OSM
Casablanca-Settat,Café la Palmerale,Café,Formel,Rue Allal Al Fassi,33.5879494,-7.6185545,icons/cafe.png,OSM
Casablanca-Settat,Chawarmati,Restaurant,Formel,Rue Allal Al Fassi,33.5879293,-7.6187316,icons/restaurant.png,OSM
Casablanca-Settat,Le Triangle,Restaurant,Formel,Rue Allal Al Fassi,33.5879136,-7.6188844,icons/restaurant.png,OSM
Casablanca-Settat,Café Le Capitole,Café,Formel,Rue Allal Al Fassi,33.5879025,-7.6191325,icons/cafe.png,OSM
Casablanca-Settat,Midi Grill,Restaurant,Formel,Rue Omarslaoui,33.5882734,-7.6191768,icons/restaurant.png,OSM
Casablanca-Settat,Génial,Restaurant,Formel,Boulevard de Paris,33.5939764,-7.6212837,icons/restaurant.png,OSM
Casablanca-Settat,Pharmacie Minuit,Parapharmacie,Formel,Boulevard de Paris,33.5934804,-7.6201545,icons/pharmacy.png,OSM
Casablanca-Settat,Parisienne,Parapharmacie,Formel,Avenue Hassan II,33.5897899,-7.6195932,icons/pharmacy.png,OSM
Casablanca-Settat,Fish,Restaurant,Formel,Rue Omarslaoui,33.5884516,-7.6189864,icons/restaurant.png,OSM
Casablanca-Settat,VIP Ole Cafe,Café,Formel,Rue Lieutenent Berger,33.5885756,-7.6196589,icons/cafe.png,OSM
Casablanca-Settat,Cafe Nadif,Café,Formel,Rue Lieutenent Berger,33.588751,-7.619964,icons/cafe.png,OSM
Casablanca-Settat,Pharmacie du Parc,Parapharmacie,Formel,Avenue Hassan II,33.5872545,-7.6211335,icons/pharmacy.png,OSM
Casablanca-Settat,Woody Chay Pizza,Restaurant,Formel,Rue Omarslaoui,33.58644,-7.6212743,icons/restaurant.png,OSM
Casablanca-Settat,Sushi Kiosque,Restaurant,Formel,Rue Omarslaoui,33.5863831,-7.6213648,icons/restaurant.png,OSM
Casablanca-Settat,Café Fiori,Café,Formel,Avenue Hassan II,33.5862713,-7.6216806,icons/cafe.png,OSM
Casablanca-Settat,Para & Parapharmacie Oliveri,Parapharmacie,Formel,Rue Ibn Tofail,33.5848798,-7.6240269,icons/pharmacy.png,OSM
Casablanca-Settat,La Rotonde,Restaurant,Formel,Boulevard Mohamed Zerktouni,33.5835632,-7.6231066,icons/restaurant.png,OSM
Casablanca-Settat,Red Coffee,Café,Formel,Boulevard Mohamed Zerktouni,33.583428,-7.6228702,icons/cafe.png,OSM
Casablanca-Settat,Pizzaria le Drapeau,Restaurant,Formel,Rue Errommene,33.5837218,-7.6222828,icons/restaurant.png,OSM
Casablanca-Settat,El Presto,Café,Formel,Rue Mostafa Al Maani,33.5853457,-7.6211469,icons/cafe.png,OSM
Casablanca-Settat,Café Icarus,Café,Formel,Rue Mostafa Al Maani,33.585291,-7.6211999,icons/cafe.png,OSM
Casablanca-Settat,Café Panam,Café,Formel,Rue Al Woroud,33.5851156,-7.6208572,icons/cafe.png,OSM
Casablanca-Settat,La Fontaine à Jus,Café,Formel,Rue Al Woroud,33.5850083,-7.6209129,icons/cafe.png,OSM
Casablanca-Settat,Pharmacie Mercure,Parapharmacie,Formel,Rue Darâa,33.5849916,-7.6210879,icons/pharmacy.png,OSM
Casablanca-Settat,Cafétéria Tassili,Café,Formel,Rue Saad Ben Abi Waqqas,33.5844994,-7.6213132,icons/cafe.png,OSM
Casablanca-Settat,Meson Asador,Restaurant,Formel,Rue Al Woroud,33.5847519,-7.6210168,icons/restaurant.png,OSM
Casablanca-Settat,Los Olivos,Restaurant,Formel,Rue El Haman,33.5846997,-7.6204271,icons/restaurant.png,OSM
Casablanca-Settat,Ballon Ovale,Café,Formel,Rue Agadir,33.5836123,-7.6196985,icons/cafe.png,OSM
Casablanca-Settat,Snack City,Supérette / Mini-market,Formel,Rue Darâa,33.5850687,-7.621232,icons/convenience.png,OSM
Casablanca-Settat,Parapharmacie sans nom,Parapharmacie,Formel,Boulevard Abderrahim Bouabid,33.5592451,-7.6384109,icons/pharmacy.png,OSM
Casablanca-Settat,Pharmacie Chabab صيدلية الشباب,Parapharmacie,Formel,"Boulevard Al Horriya, MOHAMMEDIA",33.6865769,-7.3892151,icons/pharmacy.png,OSM
Casablanca-Settat,Pharmacie Mohammedia صيدلية المحمدية,Parapharmacie,Formel,"Boulevard Achorfa, Mohammedia",33.6836696,-7.3930492,icons/pharmacy.png,OSM
Casablanca-Settat,Pharmacie El Hassania صيدلية الحسانية,Parapharmacie,Formel,Mohammédia المحمدية,33.677093,-7.393481,icons/pharmacy.png,OSM
Casablanca-Settat,Pharmacie Cadi Tazi صيدلية القاضي التازي,Parapharmacie,Formel,"Boulevard Cadi Tazi, Mohammedia",33.6787291,-7.3960425,icons/pharmacy.png,OSM
Casablanca-Settat,Pharmacie Imane صيدلية إيمان,Parapharmacie,Formel,"Boulevard De La Resistance, Mohammédia المحمدية",33.679016,-7.3916839,icons/pharmacy.png,OSM
Casablanca-Settat,Pharmacie Mesbahiate صيدلية المصباحيات,Parapharmacie,Formel,"Boulevard Cadi Tazi, Mohammédia المحمدية",33.674756,-7.3962222,icons/pharmacy.png,OSM
Casablanca-Settat,Pharmacie Jamila صيدلية جميلة,Parapharmacie,Formel,"Boulevard de Tadla, Mohammédia المحمدية",33.6840168,-7.3866677,icons/pharmacy.png,OSM
Casablanca-Settat,Pharmacie de L'opera,Parapharmacie,Formel,Rue Mohamed Bahi,33.580465,-7.6331471,icons/pharmacy.png,OSM
Casablanca-Settat,Café Bleu-Blanc,Café,Formel,Rue Al Mortada,33.5829219,-7.6307144,icons/cafe.png,OSM
Casablanca-Settat,Speedy Pizza,Restaurant,Formel,Boulevard Ibrahim Roudani,33.5829487,-7.6325181,icons/restaurant.png,OSM
Casablanca-Settat,Treff Restaurant,Restaurant,Formel,Boulevard Ibrahim Roudani,33.5852524,-7.6301752,icons/restaurant.png,OSM
Casablanca-Settat,Parapharmacie sans nom,Parapharmacie,Formel,Boulevard Ibrahim Roudani,33.5846692,-7.6308243,icons/pharmacy.png,OSM
Casablanca-Settat,Pharmacie du Palmier,Parapharmacie,Formel,Boulevard Mohamed Abdou,33.5825023,-7.6259098,icons/pharmacy.png,OSM
Casablanca-Settat,Glacier Missouri,Café,Formel,Rue Mohamed Bahi,33.5802013,-7.6334944,icons/cafe.png,OSM
Casablanca-Settat,Café de Nono,Café,Formel,Rue Mohamed Bahi,33.5798063,-7.6346713,icons/cafe.png,OSM
Casablanca-Settat,Bio Ice,Restaurant,Formel,Boulevard du 9 Avril شارع 9 أبريل,33.580976,-7.6322449,icons/restaurant.png,OSM
Casablanca-Settat,Pharmacie du Louvre,Parapharmacie,Formel,Rue Al Mortada,33.5824498,-7.6306697,icons/pharmacy.png,OSM
Casablanca-Settat,Pizza House,Restaurant,Formel,Boulevard du 9 Avril,33.5826493,-7.6295794,icons/restaurant.png,OSM
Casablanca-Settat,Pharmacie Moqawama صيدلية المقاومة,Parapharmacie,Formel,"Boulevard De La Resistance, Mohammédia المحمدية",33.6876032,-7.379985,icons/pharmacy.png,OSM
Casablanca-Settat,Pharmacie Hacha,Parapharmacie,Formel,Rue 5,33.5666766,-7.602578,icons/pharmacy.png,OSM
Casablanca-Settat,Pharmacie Ghalef,Parapharmacie,Formel,Rue Jabir Al Ansari,33.5773527,-7.6308055,icons/pharmacy.png,OSM
Casablanca-Settat,Café Palmier,Café,Formel,Rue Jabir Al Ansari,33.5783147,-7.630255,icons/cafe.png,OSM
Casablanca-Settat,Droguerie Al Mal,Parapharmacie,Formel,Droguerie Al Mal,33.5759608,-7.6318585,icons/pharmacy.png,OSM
Casablanca-Settat,Snack Abdou,Supérette / Mini-market,Formel,Zanqat 35,33.5770497,-7.6330103,icons/convenience.png,OSM
Casablanca-Settat,Snack Amine,Supérette / Mini-market,Formel,Zanqat 35,33.5769276,-7.6332021,icons/convenience.png,OSM
Casablanca-Settat,Pharmacie Kastalani,Parapharmacie,Formel,Rue Daoud el Antaki,33.5737722,-7.6077627,icons/pharmacy.png,OSM
Casablanca-Settat,Pharmacie Jerrada,Parapharmacie,Formel,Boulevard Abderrahim Bouabid,33.5627318,-7.6429452,icons/pharmacy.png,OSM
Casablanca-Settat,Clic Resto,Restaurant,Formel,Clic Resto,33.5692119,-7.6464826,icons/restaurant.png,OSM
Casablanca-Settat,Snack Wassila,Restaurant,Formel,Snack Wassila,33.572345,-7.6488023,icons/restaurant.png,OSM
Casablanca-Settat,Pizza Hut,Restaurant,Formel,Boulevard Ghandi شارع غاندي,33.5705845,-7.6461728,icons/restaurant.png,OSM
Casablanca-Settat,Pharmacie La Plage صيدلية الشاطئ,Parapharmacie,Formel,"Boulevard de Fès, Mohammédia المحمدية",33.7078463,-7.3967397,icons/pharmacy.png,OSM
Casablanca-Settat,Pharmacie Boulevard Hassan II صيدلية شارع الحسن الثاني,Parapharmacie,Formel,"Boulevard Hassan II, Mohammedia",33.6912566,-7.3941663,icons/pharmacy.png,OSM
Casablanca-Settat,Snack Aloum,Supérette / Mini-market,Formel,Boulevard d'Anoual,33.569411,-7.6285833,icons/convenience.png,OSM
Casablanca-Settat,Pharmacie Aloum,Parapharmacie,Formel,Boulevard d'Anoual,33.569402,-7.6285002,icons/pharmacy.png,OSM
Casablanca-Settat,Para & Pharmacie Benzit,Parapharmacie,Formel,Para & Pharmacie Benzit,33.5702345,-7.6283842,icons/pharmacy.png,OSM
Casablanca-Settat,Pharmacie Attissir,Parapharmacie,Formel,Zanqat 93,33.5726269,-7.6290178,icons/pharmacy.png,OSM
Casablanca-Settat,Café Snack Al Hadaf,Café,Formel,Café Snack Al Hadaf,33.5725732,-7.6305762,icons/cafe.png,OSM
Casablanca-Settat,Salon Thé,Café,Formel,Zanqat 93,33.5725537,-7.6294597,icons/cafe.png,OSM
Casablanca-Settat,Snack Fixi,Supérette / Mini-market,Formel,Rue Abderrahman Zemmouri,33.5754778,-7.6263933,icons/convenience.png,OSM
Casablanca-Settat,Pharmacie Zaouia,Parapharmacie,Formel,Rue Al Maadane,33.5765622,-7.6278631,icons/pharmacy.png,OSM
Casablanca-Settat,Fuego,Café,Formel,Zanqat 93,33.5739174,-7.6309879,icons/cafe.png,OSM
Casablanca-Settat,Snack Essaada,Supérette / Mini-market,Formel,Zanqat 35,33.577312,-7.6329808,icons/convenience.png,OSM
Casablanca-Settat,Les Amis,Café,Formel,Boulevard Abdelmoumen,33.5751555,-7.6260312,icons/cafe.png,OSM
Casablanca-Settat,Maro Snack,Supérette / Mini-market,Formel,Boulevard Abdelmoumen,33.575046,-7.6260258,icons/convenience.png,OSM
Casablanca-Settat,Café Abd El Moumen,Café,Formel,Boulevard Abdelmoumen,33.5748985,-7.6260272,icons/cafe.png,OSM
Casablanca-Settat,Pharmacie Diamond,Parapharmacie,Formel,Rue Abderrahman Zemmouri,33.5755968,-7.6262176,icons/pharmacy.png,OSM
Casablanca-Settat,Pharmacie Al Amal صيدلية الأمل,Parapharmacie,Formel,"Avenue Allal Ben Abdellah, Settat",33.0074254,-7.6225727,icons/pharmacy.png,OSM
Casablanca-Settat,Pharmacie Macro صيدلية ماكرو,Parapharmacie,Formel,"Rue Sidi Aamer, Settat",33.0091808,-7.6230902,icons/pharmacy.png,OSM
Casablanca-Settat,Pharmacie Du Gharb,Parapharmacie,Formel,Rue de Smyrne,33.573266,-7.6032552,icons/pharmacy.png,OSM
Casablanca-Settat,Pharmacie Hay El Baladia,Parapharmacie,Formel,Rue Moulay Idrissi,33.5745119,-7.6053393,icons/pharmacy.png,OSM
Casablanca-Settat,Parapharmacie sans nom,Parapharmacie,Formel,Boulevard Ghandi,33.5672683,-7.639982,icons/pharmacy.png,OSM
Casablanca-Settat,Clay Oven,Restaurant,Formel,Boulevard Gandhi,33.5689908,-7.6432429,icons/restaurant.png,OSM
Casablanca-Settat,Pharmacie Val Fleuri صيدلية ڤال فلوري,Parapharmacie,Formel,Avenue Stendhal شارع ستندال,33.5750129,-7.6346567,icons/pharmacy.png,OSM
Casablanca-Settat,Ifri,Café,Formel,Boulevard Ibrahim Roudani,33.5745655,-7.6403026,icons/cafe.png,OSM
Casablanca-Settat,Parapharmacie,Parapharmacie,Formel,Rue Ben Jilali Taj Eddine,33.5783835,-7.6373354,icons/pharmacy.png,OSM
Casablanca-Settat,Château de Jus,Restaurant,Formel,Boulevard Ibrahim Roudani,33.5796337,-7.6357582,icons/restaurant.png,OSM
Casablanca-Settat,Café Arcadie,Café,Formel,Boulevard Ibrahim Roudani,33.5704211,-7.643538,icons/cafe.png,OSM
Casablanca-Settat,Pharmacie Route El Jadda,Parapharmacie,Formel,Boulevard Ibrahim Roudani,33.5730001,-7.641533,icons/pharmacy.png,OSM
Casablanca-Settat,Pharmacie Bouabid,Parapharmacie,Formel,Boulevard Bensaid Salah Mohamed,33.6116239,-7.5018597,icons/pharmacy.png,OSM
Casablanca-Settat,Pharmacie Hay Amal,Parapharmacie,Formel,Pharmacie Hay Amal,33.6025766,-7.5115827,icons/pharmacy.png,OSM
Casablanca-Settat,Pharmacie Du Maghree Arabe,Parapharmacie,Formel,Pharmacie Du Maghree Arabe,33.6123063,-7.5072241,icons/pharmacy.png,OSM
Casablanca-Settat,Pharmacie Arij,Parapharmacie,Formel,Boulevard Dammam,33.5447055,-7.6376867,icons/pharmacy.png,OSM
Casablanca-Settat,Pharmacie Fleming,Parapharmacie,Formel,Boulevard de La Mecque,33.5326531,-7.62962,icons/pharmacy.png,OSM
Casablanca-Settat,Real Time Coffee,Café,Formel,Real Time Coffee,33.5729262,-7.6383609,icons/cafe.png,OSM
Casablanca-Settat,Pharmacie Al Hilal,Parapharmacie,Formel,Rue Bachir Laalej زنقة البشير العلج,33.5724508,-7.6375345,icons/pharmacy.png,OSM
Casablanca-Settat,Le Brunch Gourmet,Restaurant,Formel,Rue Le Titien,33.575946,-7.6357397,icons/restaurant.png,OSM
Casablanca-Settat,Parapharmacie sans nom,Parapharmacie,Formel,Boulevard Abdelmoumen,33.5761253,-7.6259561,icons/pharmacy.png,OSM
Casablanca-Settat,Pharmacie L Entente,Parapharmacie,Formel,Boulevard Ahmed Ben Bassou,33.6056126,-7.5144956,icons/pharmacy.png,OSM
Casablanca-Settat,Pharmacie Sabrine,Parapharmacie,Formel,Pharmacie Sabrine,33.6071305,-7.5123109,icons/pharmacy.png,OSM
Casablanca-Settat,صيدلية طارق,Parapharmacie,Formel,Boulevard Abou Dhar Al-Ghifari,33.6080715,-7.5152714,icons/pharmacy.png,OSM
Casablanca-Settat,Pharmacie Ghabab,Parapharmacie,Formel,Boulevard Abi Der Al-Ghaffari,33.6042666,-7.5235976,icons/pharmacy.png,OSM
Casablanca-Settat,Pharmacie du Quartier,Parapharmacie,Formel,Boulevard Souhaib Arroumi,33.6062102,-7.5066648,icons/pharmacy.png,OSM
Casablanca-Settat,Pharmacie Yafa,Parapharmacie,Formel,Boulevard Mbarek Ben Boubker Hamadi,33.6121097,-7.4984264,icons/pharmacy.png,OSM
Casablanca-Settat,Parapharmacie sans nom,Parapharmacie,Formel,Boulevard Souhaib Arroumi,33.6076957,-7.5038847,icons/pharmacy.png,OSM
Casablanca-Settat,Pharmacie Panoramique,Parapharmacie,Formel,Boulevard Panoramique,33.5558532,-7.5979806,icons/pharmacy.png,OSM
Casablanca-Settat,Parapharmacie sans nom,Parapharmacie,Formel,Boulevard Panoramique,33.5545054,-7.600797,icons/pharmacy.png,OSM
Casablanca-Settat,Pharmacie Hay Rmila,Parapharmacie,Formel,Rue 22,33.5580225,-7.5993432,icons/pharmacy.png,OSM
Casablanca-Settat,Pharmacie Mouad,Parapharmacie,Formel,Boulevard de Berrechid,33.5527865,-7.5944549,icons/pharmacy.png,OSM
Casablanca-Settat,Pharmacie de la Commune,Parapharmacie,Formel,Boulevard Zagora,33.55473,-7.5963593,icons/pharmacy.png,OSM
Casablanca-Settat,Phuket's,Café,Formel,Rue Le Titien,33.5757584,-7.636172,icons/cafe.png,OSM
Casablanca-Settat,Lopez,Restaurant,Formel,Lopez,33.572937,-7.6387234,icons/restaurant.png,OSM
Casablanca-Settat,Ibrine,Boulangerie,Formel,Rue Bachir Laalej زنقة البشير العلج,33.5729102,-7.6386427,icons/bakery.png,OSM
Casablanca-Settat,Ambre,Restaurant,Formel,Rue Al Bachir Laalaj,33.572219,-7.6378034,icons/restaurant.png,OSM
Casablanca-Settat,Mira Fiori,Café,Formel,Mira Fiori,33.5744069,-7.6377277,icons/cafe.png,OSM
Casablanca-Settat,Parahealth,Parapharmacie,Formel,Rue Racine زنقة راسين,33.5751784,-7.6370672,icons/pharmacy.png,OSM
Casablanca-Settat,Café Majorelle,Café,Formel,Boulevard Chefchaoui,33.6135058,-7.5274158,icons/cafe.png,OSM
Casablanca-Settat,Grande Pharmacie de Liebonne,Parapharmacie,Formel,Rue Abdeslam Khattabi,33.5752543,-7.6136027,icons/pharmacy.png,OSM
Casablanca-Settat,Pharmacie Des Facultes,Parapharmacie,Formel,Avenue Idriss 1er,33.5721987,-7.6190963,icons/pharmacy.png,OSM
Casablanca-Settat,Pharmacie Al Boudour,Parapharmacie,Formel,Rue de Sebta زنقة سبتة,33.5794447,-7.6173798,icons/pharmacy.png,OSM
Casablanca-Settat,Pharmacie Sefrou,Parapharmacie,Formel,Pharmacie Sefrou,33.5438202,-7.5859161,icons/pharmacy.png,OSM
Casablanca-Settat,Parapharmacie sans nom,Parapharmacie,Formel,Rue 265,33.5456958,-7.5868911,icons/pharmacy.png,OSM
Casablanca-Settat,Pharmacie de la Plage,Parapharmacie,Formel,Boulevard Ahmed Mekouar,33.6177529,-7.5391068,icons/pharmacy.png,OSM
Casablanca-Settat,Pharmacie des Halles,Parapharmacie,Formel,Rue Mohammed Ben Radi Slaoui,33.5899022,-7.5961058,icons/pharmacy.png,OSM
Casablanca-Settat,Pharmacie SoulaÏma,Parapharmacie,Formel,Boulevard de Fès,33.5435565,-7.6157114,icons/pharmacy.png,OSM
Casablanca-Settat,Pharmacie Jordins Polo,Parapharmacie,Formel,Boulevard de l'Atlantide,33.5526591,-7.6183212,icons/pharmacy.png,OSM
Casablanca-Settat,Para Pharmacie Safir,Parapharmacie,Formel,Rue Nichakra Rahal,33.5946835,-7.6086337,icons/pharmacy.png,OSM
Casablanca-Settat,Pharmacie Al Irchad,Parapharmacie,Formel,Hay Yasmina III,33.5390462,-7.5843832,icons/pharmacy.png,OSM
Casablanca-Settat,Pharmacie du Mechouar,Parapharmacie,Formel,Rue d'Arcachon,33.5858356,-7.6042986,icons/pharmacy.png,OSM
Casablanca-Settat,Parapharmacie sans nom,Parapharmacie,Formel,Rue Bachir Ibrahimi,33.5876142,-7.6034148,icons/pharmacy.png,OSM
Casablanca-Settat,Pharmacie des Dalias,Parapharmacie,Formel,Boulevard Panoramique,33.5504763,-7.6156577,icons/pharmacy.png,OSM
Casablanca-Settat,Parapharmacie sans nom,Parapharmacie,Formel,Boulevard Panoramique,33.5524523,-7.6072799,icons/pharmacy.png,OSM
Casablanca-Settat,Pharmacie Californie,Parapharmacie,Formel,Boulevard Panoramique,33.5499945,-7.6209672,icons/pharmacy.png,OSM
Casablanca-Settat,Cafe Agouz Harbala,Café,Formel,Zanqat 3,33.5382832,-7.5869816,icons/cafe.png,OSM
Casablanca-Settat,Pharmacie L'Ermitage,Parapharmacie,Formel,Avenue De l'Hermitage,33.5659379,-7.6207003,icons/pharmacy.png,OSM
Casablanca-Settat,Pharmacie Ibork,Parapharmacie,Formel,Route de l'Oasis,33.5629073,-7.6282936,icons/pharmacy.png,OSM
Casablanca-Settat,Pharmacie Les Cygnes,Parapharmacie,Formel,Route de l'Oasis,33.5596374,-7.6297139,icons/pharmacy.png,OSM
Casablanca-Settat,Pharmacie Tontonville,Parapharmacie,Formel,Allée Des Cygnes,33.5660541,-7.6234536,icons/pharmacy.png,OSM
Casablanca-Settat,Pharmacie Anoual,Parapharmacie,Formel,Rue Abou Maachar,33.5688143,-7.6174629,icons/pharmacy.png,OSM
Casablanca-Settat,La Seine,Café,Formel,Boulevard Abdelmoumen,33.5689662,-7.62583,icons/cafe.png,OSM
Casablanca-Settat,Restaurant sans nom,Restaurant,Formel,Restaurant sans nom,33.2199289,-7.4233634,icons/restaurant.png,OSM
Casablanca-Settat,Café sans nom,Café,Formel,Café sans nom,33.218412,-7.4237389,icons/cafe.png,OSM
Casablanca-Settat,Restaurant sans nom,Restaurant,Formel,Restaurant sans nom,33.2185916,-7.4236745,icons/restaurant.png,OSM
Casablanca-Settat,Café sans nom,Café,Formel,Café sans nom,33.2197719,-7.4234452,icons/cafe.png,OSM
Casablanca-Settat,Cafe Roma!,Café,Formel,Rue 1,33.5343869,-7.5896323,icons/cafe.png,OSM
Casablanca-Settat,Pharmacie El Mostakbal,Parapharmacie,Formel,Pharmacie El Mostakbal,33.5365344,-7.5929314,icons/pharmacy.png,OSM
Casablanca-Settat,Cafe El Mamouina,Café,Formel,Boulevard de Smara,33.5405574,-7.5940479,icons/cafe.png,OSM
Casablanca-Settat,Pharmacie Al Andalib,Parapharmacie,Formel,Zanqat 33,33.5324166,-7.5862741,icons/pharmacy.png,OSM
Casablanca-Settat,Cafe 7iLES,Café,Formel,Boulevard de Tiflet,33.5379205,-7.5953695,icons/cafe.png,OSM
Casablanca-Settat,Pharmacie Rania,Parapharmacie,Formel,Rue 10,33.5307571,-7.6120415,icons/pharmacy.png,OSM
Casablanca-Settat,Milk House,Café,Formel,Avenue 2 Mars,33.5393329,-7.599079,icons/cafe.png,OSM
Casablanca-Settat,Cafe Galactica,Café,Formel,Avenue 2 Mars,33.5391445,-7.5989114,icons/cafe.png,OSM
Casablanca-Settat,Parapharmacie sans nom,Parapharmacie,Formel,Boulevard Lamartine,33.5702401,-7.609828,icons/pharmacy.png,OSM
Casablanca-Settat,Parapharmacie sans nom,Parapharmacie,Formel,Boulevard d'Anoual,33.5696479,-7.621973,icons/pharmacy.png,OSM
Casablanca-Settat,Massilya Cafe,Café,Formel,Boulevard d'Anoual,33.5695909,-7.6257804,icons/cafe.png,OSM
Casablanca-Settat,Café Essannara,Café,Formel,40 Zanqat,33.570073,-7.6076353,icons/cafe.png,OSM
Casablanca-Settat,Pharmacie Derb Bouchemtouf,Parapharmacie,Formel,40 Zanqat,33.570016,-7.6073007,icons/pharmacy.png,OSM
Casablanca-Settat,Cafe Riscatto,Café,Formel,40 Zanqat,33.5701161,-7.6066791,icons/cafe.png,OSM
Casablanca-Settat,Pharmacie Annajat,Parapharmacie,Formel,Avenue Mamar Tichka,33.5338504,-7.5979699,icons/pharmacy.png,OSM
Casablanca-Settat,Pharmacie TAH,Parapharmacie,Formel,Rue 55,33.5265614,-7.6018001,icons/pharmacy.png,OSM
Casablanca-Settat,Pharmacie El Baraka (2),Parapharmacie,Formel,Rue 48,33.5237379,-7.6003417,icons/pharmacy.png,OSM
Casablanca-Settat,Pharmacie Chriea,Parapharmacie,Formel,Pharmacie Chriea,33.5346519,-7.6060447,icons/pharmacy.png,OSM
Casablanca-Settat,Espace Essaha,Restaurant,Formel,Rue 29,33.5695652,-7.604255,icons/restaurant.png,OSM
Casablanca-Settat,Espace El Mitre,Restaurant,Formel,Rue 10,33.5666319,-7.6085828,icons/restaurant.png,OSM
Casablanca-Settat,Parapharmacie,Parapharmacie,Formel,Boulevard el Fida,33.5688612,-7.6037226,icons/pharmacy.png,OSM
Casablanca-Settat,Cafe Holton,Café,Formel,Rue 46,33.5709295,-7.6044327,icons/cafe.png,OSM
Casablanca-Settat,Belma Juice,Restaurant,Formel,Boulevard el Fida,33.568982,-7.6035224,icons/restaurant.png,OSM
Casablanca-Settat,Parapharmacie sans nom,Parapharmacie,Formel,Rue de Beni M'guild,33.5720101,-7.6060005,icons/pharmacy.png,OSM
Casablanca-Settat,Parapharmacie sans nom,Parapharmacie,Formel,Rue 29,33.5701362,-7.6040693,icons/pharmacy.png,OSM
Casablanca-Settat,Pharmacie Lumieres,Parapharmacie,Formel,Boulevard al Quds,33.538698,-7.6008727,icons/pharmacy.png,OSM
Casablanca-Settat,Espace Lano,Restaurant,Formel,Boulevard de Tiflet,33.5363583,-7.5958724,icons/restaurant.png,OSM
Casablanca-Settat,Pharmacie Val d'Anfa,Parapharmacie,Formel,Boulevard d'Anfa شارع أنفا,33.5884615,-7.6432986,icons/pharmacy.png,OSM
Casablanca-Settat,Cafe Mogador,Café,Formel,Rue de Beni M'guild,33.570701,-7.6038694,icons/cafe.png,OSM
Casablanca-Settat,Chrono Pizza,Restaurant,Formel,Boulevard Ghandi,33.5723922,-7.6487508,icons/restaurant.png,OSM
Casablanca-Settat,Café Caribou,Café,Formel,Boulevard Ghandi شارع غاندي,33.57504,-7.6515428,icons/cafe.png,OSM
Casablanca-Settat,Restaurant Otkali,Restaurant,Formel,Boulevard Ghandi,33.5761041,-7.6528935,icons/restaurant.png,OSM
Casablanca-Settat,Pharmacie L'Olivier,Parapharmacie,Formel,Boulevard Ghandi,33.5769119,-7.6536874,icons/pharmacy.png,OSM
Casablanca-Settat,Pharmacie Pitchou,Parapharmacie,Formel,Pharmacie Pitchou,33.5658508,-7.6071055,icons/pharmacy.png,OSM
Casablanca-Settat,Para Vida,Supérette / Mini-market,Formel,Rue 21,33.5651892,-7.6079075,icons/convenience.png,OSM
Casablanca-Settat,Pharmacie Moumen,Parapharmacie,Formel,Rue 31,33.5632246,-7.6070821,icons/pharmacy.png,OSM
Casablanca-Settat,Pharmacie El Fida,Parapharmacie,Formel,Boulevard el Fida,33.5674957,-7.6059669,icons/pharmacy.png,OSM
Casablanca-Settat,Pharmacie Les Sciences,Parapharmacie,Formel,Boulevard de Bouskoura,33.545318,-7.6598498,icons/pharmacy.png,OSM
Casablanca-Settat,Pharmacie M,Parapharmacie,Formel,Route Al Jamiaa,33.5576503,-7.6449408,icons/pharmacy.png,OSM
Casablanca-Settat,Pharmacie Oulmes,Parapharmacie,Formel,Pharmacie Oulmes,33.572076,-7.6486409,icons/pharmacy.png,OSM
Casablanca-Settat,Café Versailles,Café,Formel,Boulevard Lahcen Ouidder,33.5879416,-7.6121977,icons/cafe.png,OSM
Casablanca-Settat,Marjane,Supermarché,Formel,Boulevard Rahal El Meskini,33.5879069,-7.6125249,icons/supermarket.png,OSM
Casablanca-Settat,Atlas Ifrane,Restaurant,Formel,Boulevard Rahal El Meskini,33.587898,-7.6135576,icons/restaurant.png,OSM
Casablanca-Settat,Au Petit Port,Café,Formel,Boulevard Rahal El Meskini,33.5879985,-7.6132518,icons/cafe.png,OSM
Casablanca-Settat,Ahalina Spécialités Orientales,Restaurant,Formel,Boulevard Rahal El Meskini,33.5880577,-7.6129541,icons/restaurant.png,OSM
Casablanca-Settat,Patisserie Boulangerie,Boulangerie,Formel,Boulevard du 11 Janvier,33.58889,-7.6132317,icons/bakery.png,OSM
Casablanca-Settat,Café Colisee,Café,Formel,Boulevard du 11 Janvier,33.5891928,-7.6132894,icons/cafe.png,OSM
Casablanca-Settat,Supermarché sans nom,Supermarché,Formel,Rue Al Habacha,33.588499,-7.6144239,icons/supermarket.png,OSM
Casablanca-Settat,El Barco,Restaurant,Formel,Rue EssanoIbar,33.5886119,-7.6143153,icons/restaurant.png,OSM
Casablanca-Settat,Espace Palmier Du Sud,Café,Formel,Rue Abou Bakr Essediq,33.5878823,-7.6156604,icons/cafe.png,OSM
Casablanca-Settat,Cafe Avalone,Café,Formel,Rue Attaous,33.5873394,-7.6148558,icons/cafe.png,OSM
Casablanca-Settat,Resaurant Des Billards,Restaurant,Formel,Rue Abou Bakr Essediq,33.5868478,-7.6151709,icons/restaurant.png,OSM
Casablanca-Settat,Marjorelle,Restaurant,Formel,Rue Hadj Omar Riffi,33.586354,-7.614955,icons/restaurant.png,OSM
Casablanca-Settat,MarIInsky,Restaurant,Formel,Boulevard d'Alsace,33.5854736,-7.6157543,icons/restaurant.png,OSM
Casablanca-Settat,Café Espace Mers Sultan Snack,Café,Formel,Rue Zerhoune,33.5848301,-7.6160668,icons/cafe.png,OSM
Casablanca-Settat,Café Break,Café,Formel,Rue Lel Yamama,33.5838369,-7.6145299,icons/cafe.png,OSM
Casablanca-Settat,Pharmacie Azerktouni,Parapharmacie,Formel,Boulevard de la Résistance,33.5836391,-7.6128348,icons/pharmacy.png,OSM
Casablanca-Settat,Pharmacie Ben J'Dia,Parapharmacie,Formel,Rue de Metz,33.5852279,-7.6084761,icons/pharmacy.png,OSM
Casablanca-Settat,Pharmacie Quincaillerie Khalie,Parapharmacie,Formel,Boulevard Lahcen Ouidder,33.5852111,-7.6099433,icons/pharmacy.png,OSM
Casablanca-Settat,Parapharmacie sans nom,Parapharmacie,Formel,Boulevard de la Résistance,33.5842972,-7.608574,icons/pharmacy.png,OSM
Casablanca-Settat,Le Coin,Restaurant,Formel,Boulevard de la Résistance,33.5848782,-7.6078324,icons/restaurant.png,OSM
Casablanca-Settat,Widane Palace,Restaurant,Formel,Boulevard de la Résistance,33.5848558,-7.6079075,icons/restaurant.png,OSM
Casablanca-Settat,Café Megouna,Café,Formel,Rue Tarrablous,33.5846056,-7.6187047,icons/cafe.png,OSM
Casablanca-Settat,Café Younes,Café,Formel,Rue Tarrablous,33.58602,-7.6188241,icons/cafe.png,OSM
Casablanca-Settat,Pharmacie Lamoriciere,Parapharmacie,Formel,Rue Tarrablous,33.5857775,-7.6186109,icons/pharmacy.png,OSM
Casablanca-Settat,Restaurant Chez Pierre,Restaurant,Formel,Rue Yaman,33.5894766,-7.6124364,icons/restaurant.png,OSM
Casablanca-Settat,Coffee Tim,Café,Formel,Boulevard Rahal El Meskini,33.5886683,-7.6101163,icons/cafe.png,OSM
Casablanca-Settat,Café Glacier Tichka,Café,Formel,Boulevard de Strasbourg,33.5886521,-7.609321,icons/cafe.png,OSM
Casablanca-Settat,Cafe Sindibad,Café,Formel,Rue el Bakri,33.5922035,-7.6043482,icons/cafe.png,OSM
Casablanca-Settat,Legumes & Fruits,Épicerie,Informel,Rue Faidi Khalifa,33.5922058,-7.604536,icons/greengrocer.png,OSM
Casablanca-Settat,Parapharmacie sans nom,Parapharmacie,Formel,Rue des Anglais,33.5951203,-7.6210892,icons/pharmacy.png,OSM
Casablanca-Settat,Café Rotterdam,Café,Formel,Boulevard Moulay Hassan Ier,33.5948723,-7.6199399,icons/cafe.png,OSM
Casablanca-Settat,Restaurant Savoy,Restaurant,Formel,Boulevard Moulay Hassan Ier,33.5945662,-7.6209028,icons/restaurant.png,OSM
Casablanca-Settat,Pharmacie Hatim,Parapharmacie,Formel,Rue Ferhat Hached,33.5895212,-7.6172255,icons/pharmacy.png,OSM
Casablanca-Settat,Cafe Le Surfin,Café,Formel,Zanqat Al Amir Moulay Abdellah,33.5893023,-7.6175125,icons/cafe.png,OSM
Casablanca-Settat,Pizza a la Bonne,Restaurant,Formel,Rue Al Araar,33.5897483,-7.6157184,icons/restaurant.png,OSM
Casablanca-Settat,La Corrida,Restaurant,Formel,Rue Al Araar,33.590034,-7.6152192,icons/restaurant.png,OSM
Casablanca-Settat,Café Jbel Asni,Café,Formel,Rue Al Araar,33.5903692,-7.6150301,icons/cafe.png,OSM
Casablanca-Settat,Tout Va Bien,Restaurant,Formel,Boulevard du 11 Janvier,33.5906574,-7.6148263,icons/restaurant.png,OSM
Casablanca-Settat,Cafe Regontino,Café,Formel,Boulevard du 11 Janvier,33.5905624,-7.6147404,icons/cafe.png,OSM
Casablanca-Settat,Parapharmacie sans nom,Parapharmacie,Formel,Rue Abdelkrim Diouri,33.5924504,-7.6136528,icons/pharmacy.png,OSM
Casablanca-Settat,Le Grand Café,Café,Formel,Rue Mohammed El Quorri,33.5953884,-7.6142684,icons/cafe.png,OSM
Casablanca-Settat,Grande Pharmacie de Paris,Parapharmacie,Formel,Rue Allal Ben Abdellah,33.595585,-7.6148357,icons/pharmacy.png,OSM
Casablanca-Settat,Revine,Restaurant,Formel,Rue Allal Ben Abdellah,33.5955795,-7.6143301,icons/restaurant.png,OSM
Casablanca-Settat,Akka,Café,Formel,Boulevard Mohamed Smiha,33.5945104,-7.6089428,icons/cafe.png,OSM
Casablanca-Settat,Marjane,Supermarché,Formel,Boulevard Mohamed Smiha,33.59444,-7.6086746,icons/supermarket.png,OSM
Casablanca-Settat,Pizzeria-cafe Chawarma,Restaurant,Formel,Rue de Karachi,33.5951226,-7.6086304,icons/restaurant.png,OSM
Casablanca-Settat,Samar Layali,Restaurant,Formel,Samar Layali,33.5935284,-7.6082126,icons/restaurant.png,OSM
Casablanca-Settat,Poulet Doré,Restaurant,Formel,Poulet Doré,33.5931793,-7.6078632,icons/restaurant.png,OSM
Casablanca-Settat,Grand Pharmacie Du Maroc,Parapharmacie,Formel,Rue Ahmed Faris,33.5928275,-7.6070351,icons/pharmacy.png,OSM
Casablanca-Settat,Parapharmacie sans nom,Parapharmacie,Formel,Boulevard de Khouribga,33.5893755,-7.6080979,icons/pharmacy.png,OSM
Casablanca-Settat,Café Corino,Café,Formel,Boulevard Hassan Seghir,33.5896441,-7.6117538,icons/cafe.png,OSM
Casablanca-Settat,Le Petit Cafe,Café,Formel,Boulevard Hassan Seghir,33.5897369,-7.611507,icons/cafe.png,OSM
Casablanca-Settat,Majestic Resaurant Marocan,Restaurant,Formel,Avenue Lalla Yacout,33.5911209,-7.6133799,icons/restaurant.png,OSM
Casablanca-Settat,Majestic Drugstore,Parapharmacie,Formel,Avenue Lalla Yacout,33.5911455,-7.6134483,icons/pharmacy.png,OSM
Casablanca-Settat,Restaurant du Theatre,Restaurant,Formel,Avenue Lalla Yacout,33.5920438,-7.6166797,icons/restaurant.png,OSM
Casablanca-Settat,Pharmacie de la Liberte,Parapharmacie,Formel,Avenue Lalla Yacout,33.5918762,-7.6162505,icons/pharmacy.png,OSM
Casablanca-Settat,Boulangerie Pâtisserie,Boulangerie,Formel,Zanqat Al Amir Moulay Abdellah,33.5916226,-7.6163873,icons/bakery.png,OSM
Casablanca-Settat,Cafe Lec,Café,Formel,Zanqat Al Amir Moulay Abdellah,33.5915444,-7.6161325,icons/cafe.png,OSM
Casablanca-Settat,Cafe National,Café,Formel,Avenue Lalla Yacout,33.5918148,-7.616044,icons/cafe.png,OSM
Casablanca-Settat,Golden Ice,Café,Formel,Avenue Lalla Yacout,33.5920415,-7.6160185,icons/cafe.png,OSM
Casablanca-Settat,Pharmacie Des Archers,Parapharmacie,Formel,Avenue Lalla Yacout,33.591922,-7.6157677,icons/pharmacy.png,OSM
Casablanca-Settat,Pharmacie de la Poste,Parapharmacie,Formel,Boulevard de Paris,33.5927163,-7.6177713,icons/pharmacy.png,OSM
Casablanca-Settat,Parapharmacie Para Bio,Parapharmacie,Formel,Rue El Fourate,33.5858502,-7.6212287,icons/pharmacy.png,OSM
Casablanca-Settat,Pharmacie du Maârif,Parapharmacie,Formel,Boulevard Ibrahim Roudani,33.5811164,-7.6342629,icons/pharmacy.png,OSM
Casablanca-Settat,mama Africa,Café,Formel,Boulevard Chefchaouni,33.6086656,-7.5344386,icons/cafe.png,OSM
Casablanca-Settat,Parapharmacie sans nom,Parapharmacie,Formel,Route Haj Fateh,33.5397001,-7.6818808,icons/pharmacy.png,OSM
Casablanca-Settat,Land Blanca,Café,Formel,Route Haj Fateh,33.5396023,-7.68174,icons/cafe.png,OSM
Casablanca-Settat,Mon Ami,Restaurant,Formel,Boulevard Omar Khayam,33.5376656,-7.6687118,icons/restaurant.png,OSM
Casablanca-Settat,Pharmacie Lausinne,Parapharmacie,Formel,Boulevard Omar Khayam,33.5403126,-7.666436,icons/pharmacy.png,OSM
Casablanca-Settat,Pharmacie Nadir,Parapharmacie,Formel,Pharmacie Nadir,33.5534202,-7.6452908,icons/pharmacy.png,OSM
Casablanca-Settat,Pharmacie El Manal,Parapharmacie,Formel,Boulevard d'Oued Oum Rabia,33.5580571,-7.6808555,icons/pharmacy.png,OSM
Casablanca-Settat,Pharmacie Nil,Parapharmacie,Formel,Boulevard Oued Oum Rbia,33.5563494,-7.683059,icons/pharmacy.png,OSM
Casablanca-Settat,Pharmacie El Kawtar,Parapharmacie,Formel,Boulevard Oued Sebou,33.5567691,-7.6869334,icons/pharmacy.png,OSM
Casablanca-Settat,Cafe Cat,Café,Formel,Cafe Cat,33.533017,-7.7027088,icons/cafe.png,OSM
Casablanca-Settat,Pharmacie Yas,Parapharmacie,Formel,Pharmacie Yas,33.5331193,-7.702969,icons/pharmacy.png,OSM
Casablanca-Settat,Cafe Jnane Louze,Café,Formel,Cafe Jnane Louze,33.5336782,-7.7045763,icons/cafe.png,OSM
Casablanca-Settat,Pharmacie Moulay Ahmed,Parapharmacie,Formel,Pharmacie Moulay Ahmed,33.5342517,-7.7061743,icons/pharmacy.png,OSM
Casablanca-Settat,Pharmacie Zhour,Parapharmacie,Formel,Pharmacie Zhour,33.5374354,-7.6970668,icons/pharmacy.png,OSM
Casablanca-Settat,La Casa,Café,Formel,La Casa,33.5387991,-7.6933479,icons/cafe.png,OSM
Casablanca-Settat,Ghari Café,Café,Formel,Ghari Café,33.5389131,-7.6825118,icons/cafe.png,OSM
Casablanca-Settat,Lima Cafe,Café,Formel,Lima Cafe,33.5374197,-7.6724508,icons/cafe.png,OSM
Casablanca-Settat,Pharmacie Loukkos,Parapharmacie,Formel,Boulevard Oued Ziz,33.560361,-7.6821242,icons/pharmacy.png,OSM
Casablanca-Settat,Pharmacie Dallas,Parapharmacie,Formel,Boulevard de l'Oued Bouregreg,33.5631364,-7.6815261,icons/pharmacy.png,OSM
Casablanca-Settat,Cafe Saber,Café,Formel,Boulevard de l'Oued Loukkos,33.5606197,-7.6806638,icons/cafe.png,OSM
Casablanca-Settat,Pharmacie Lamiz,Parapharmacie,Formel,Rue 13,33.5620535,-7.6781471,icons/pharmacy.png,OSM
Casablanca-Settat,Droguerie Generale,Parapharmacie,Formel,Zanqat 5,33.5610723,-7.671272,icons/pharmacy.png,OSM
Casablanca-Settat,Pharmacie Abi Regrag,Parapharmacie,Formel,Boulevard de l'Oued Bouregreg,33.5644315,-7.6785374,icons/pharmacy.png,OSM
Casablanca-Settat,Sardegna Cafe,Café,Formel,Sardegna Cafe,33.5625687,-7.6745845,icons/cafe.png,OSM
Casablanca-Settat,Cafe El Hobous,Café,Formel,Cafe El Hobous,33.5661447,-7.6708737,icons/cafe.png,OSM
Casablanca-Settat,Pharmacie Hay El Hassani,Parapharmacie,Formel,Zanqat 2,33.5662072,-7.6724415,icons/pharmacy.png,OSM
Casablanca-Settat,Pharmacie Hind,Parapharmacie,Formel,Pharmacie Hind,33.5641846,-7.6707383,icons/pharmacy.png,OSM
Casablanca-Settat,Pharmacie Nasri,Parapharmacie,Formel,Pharmacie Nasri,33.5619808,-7.6723757,icons/pharmacy.png,OSM
Casablanca-Settat,Pharmacie Fahd,Parapharmacie,Formel,Boulevard de l'Oued Bouregreg,33.5691115,-7.6733708,icons/pharmacy.png,OSM
Casablanca-Settat,Pharmacie Al Warda,Parapharmacie,Formel,Derb Chadia,33.5726626,-7.6816045,icons/pharmacy.png,OSM
Casablanca-Settat,Cafe Befana,Café,Formel,Rue Sidi Al Khadir,33.5691707,-7.6845764,icons/cafe.png,OSM
Casablanca-Settat,Café Al Maati,Café,Formel,Derb Nejma,33.5736895,-7.6795205,icons/cafe.png,OSM
Casablanca-Settat,Medecin,Parapharmacie,Formel,Boulevard Ibn Sina,33.5656954,-7.6825427,icons/pharmacy.png,OSM
Casablanca-Settat,Pharmacie Nadia,Parapharmacie,Formel,Zanqat 14,33.5305497,-7.6697103,icons/pharmacy.png,OSM
Casablanca-Settat,Pharmacie Kasbat Al Amine,Parapharmacie,Formel,Pharmacie Kasbat Al Amine,33.5335698,-7.6857653,icons/pharmacy.png,OSM
Casablanca-Settat,Pharma Granada,Restaurant,Formel,Rue 25,33.5674554,-7.6939843,icons/restaurant.png,OSM
Casablanca-Settat,Pharmacie Bnou Zohr,Parapharmacie,Formel,Pharmacie Bnou Zohr,33.5680846,-7.6871111,icons/pharmacy.png,OSM
Casablanca-Settat,Pharmacie Rajaa,Parapharmacie,Formel,Rue Sidi Al Khadir,33.5699306,-7.6829852,icons/pharmacy.png,OSM
Casablanca-Settat,Pharmacie Al Hakim,Parapharmacie,Formel,Rue 64,33.5652596,-7.6941405,icons/pharmacy.png,OSM
Casablanca-Settat,Pharmacie Asmaa,Parapharmacie,Formel,Rue 14,33.5655691,-7.6910587,icons/pharmacy.png,OSM
Casablanca-Settat,Parapharmacie sans nom,Parapharmacie,Formel,Boulevard d'Afghanistan,33.5683796,-7.6827519,icons/pharmacy.png,OSM
Casablanca-Settat,Café Catalonia,Café,Formel,Café Catalonia,33.5322546,-7.6695856,icons/cafe.png,OSM
Casablanca-Settat,Parapharmacie El Kasba,Parapharmacie,Formel,Parapharmacie El Kasba,33.5301758,-7.6855588,icons/pharmacy.png,OSM
Casablanca-Settat,Café Jardin L'Oulfa,Café,Formel,Café Jardin L'Oulfa,33.5311897,-7.6858364,icons/cafe.png,OSM
Casablanca-Settat,"Cafe, Glacier, Pizzaria",Café,Formel,"Cafe, Glacier, Pizzaria",33.5372,-7.6815435,icons/cafe.png,OSM
Casablanca-Settat,Pharmacie Azhar Essalam,Parapharmacie,Formel,Pharmacie Azhar Essalam,33.5399102,-7.6918378,icons/pharmacy.png,OSM
Casablanca-Settat,Espace Hassania,Restaurant,Formel,Rue 52,33.5673557,-7.6965867,icons/restaurant.png,OSM
Casablanca-Settat,Pharmacie Naima,Parapharmacie,Formel,Boulevard Sidi Abderrahmane شارع سيدي عبد الرحمان,33.5761779,-7.6728277,icons/pharmacy.png,OSM
Casablanca-Settat,Cafe Faraj,Café,Formel,Cafe Faraj,33.5168366,-7.6513767,icons/cafe.png,OSM
Casablanca-Settat,Café Raison,Café,Formel,Café Raison,33.5078376,-7.6534823,icons/cafe.png,OSM
Casablanca-Settat,Café Zagora,Café,Formel,Boulevard Abu Baker El Kadiri,33.5097117,-7.6572843,icons/cafe.png,OSM
Casablanca-Settat,Pizza Hut,Restaurant,Formel,Pizza Hut,33.5325229,-7.6476485,icons/restaurant.png,OSM
Casablanca-Settat,Cafe Meftah,Café,Formel,Cafe Meftah,33.5180453,-7.6514947,icons/cafe.png,OSM
Casablanca-Settat,Cafe Cheraga,Café,Formel,Cafe Cheraga,33.5183941,-7.6515403,icons/cafe.png,OSM
Casablanca-Settat,Café Miagara,Café,Formel,Rue 177,33.551329,-7.6768705,icons/cafe.png,OSM
Casablanca-Settat,Avenue Nachi Ouverte,Parapharmacie,Formel,Avenue Mohamed Taib Naciri,33.5506506,-7.6704325,icons/pharmacy.png,OSM
Casablanca-Settat,Parapharmacie sans nom,Parapharmacie,Formel,Parapharmacie sans nom,33.5614383,-7.6701213,icons/pharmacy.png,OSM
Casablanca-Settat,Pharmacie Tilila,Parapharmacie,Formel,Boulevard Sud,33.5464503,-7.6699108,icons/pharmacy.png,OSM
Casablanca-Settat,Parapharmacie sans nom,Parapharmacie,Formel,Parapharmacie sans nom,33.5569384,-7.6671682,icons/pharmacy.png,OSM
Casablanca-Settat,Nescafe,Café,Formel,Route Sidi Massoud,33.5148698,-7.6467338,icons/cafe.png,OSM
Casablanca-Settat,Pharmacie Hay Essaada,Parapharmacie,Formel,Pharmacie Hay Essaada,33.5056917,-7.6523946,icons/pharmacy.png,OSM
Casablanca-Settat,Ben Haddou,Café,Formel,Ben Haddou,33.5058606,-7.6525462,icons/cafe.png,OSM
Casablanca-Settat,Café el Omary,Café,Formel,Café el Omary,33.5081339,-7.6538645,icons/cafe.png,OSM
Casablanca-Settat,Cafe al Jazzira,Café,Formel,Cafe al Jazzira,33.50787,-7.6549186,icons/cafe.png,OSM
Casablanca-Settat,Cafe Tassalmat,Café,Formel,Cafe Tassalmat,33.5078018,-7.6556669,icons/cafe.png,OSM
Casablanca-Settat,Cafe Monaco,Café,Formel,Boulevard Abu Baker El Kadiri,33.517962,-7.6533314,icons/cafe.png,OSM
Casablanca-Settat,Fusion Cafe,Café,Formel,Boulevard Abu Baker El Kadiri,33.5273932,-7.6493745,icons/cafe.png,OSM
Casablanca-Settat,ستاربكس,Café,Formel,Boulevard de Fès,33.5409923,-7.6426891,icons/cafe.png,OSM
Casablanca-Settat,Parapharmacie sans nom,Parapharmacie,Formel,Route d'El Jadida,33.5408894,-7.6588011,icons/pharmacy.png,OSM
Casablanca-Settat,Pharmacie el Oulfa,Parapharmacie,Formel,Zanqat 88,33.555504,-7.6768617,icons/pharmacy.png,OSM
Casablanca-Settat,Bla Bla...Bla Bla...,Café,Formel,Boulevard Oued Sebou,33.5602911,-7.6730496,icons/cafe.png,OSM
Casablanca-Settat,Cafe Passage D'or,Café,Formel,Boulevard Oued Sebou,33.5557325,-7.6745416,icons/cafe.png,OSM
Casablanca-Settat,Pharmacie Ouadoudy,Parapharmacie,Formel,Pharmacie Ouadoudy,33.5267716,-7.6615148,icons/pharmacy.png,OSM
Casablanca-Settat,Parapharmacie Yathrib,Parapharmacie,Formel,Boulevard Abu Baker El Kadiri,33.5250655,-7.6506257,icons/pharmacy.png,OSM
Casablanca-Settat,Café Evora,Café,Formel,Café Evora,33.5219641,-7.6502596,icons/cafe.png,OSM
Casablanca-Settat,Pharmacie Salma,Parapharmacie,Formel,Boulevard Oued Sebou,33.5602051,-7.6731449,icons/pharmacy.png,OSM
Casablanca-Settat,Tiago Shop,Supérette / Mini-market,Formel,Zanqat 146,33.5513514,-7.6842593,icons/convenience.png,OSM
Casablanca-Settat,Pharmacie Morsad,Parapharmacie,Formel,Route Sidi Massoud,33.5156391,-7.6383841,icons/pharmacy.png,OSM
Casablanca-Settat,Pharmacie Hay Bouchaa,Parapharmacie,Formel,Pharmacie Hay Bouchaa,33.517588,-7.6406653,icons/pharmacy.png,OSM
Casablanca-Settat,Le Miam's,Restaurant,Formel,Le Miam's,33.5214621,-7.6439658,icons/restaurant.png,OSM
Casablanca-Settat,Dubai Chaimaa,Café,Formel,Dubai Chaimaa,33.5215594,-7.6445223,icons/cafe.png,OSM
Casablanca-Settat,Cafe Gout Essential,Café,Formel,Cafe Gout Essential,33.5221889,-7.6480803,icons/cafe.png,OSM
Casablanca-Settat,Espace Titrite,Café,Formel,Rue 70,33.5537119,-7.6834244,icons/cafe.png,OSM
Casablanca-Settat,Pharmacie Lys,Parapharmacie,Formel,Boulevard Oued Sebou,33.5507059,-7.6833051,icons/pharmacy.png,OSM
Casablanca-Settat,Espace Coin Soleil,Café,Formel,Boulevard Oued Sebou,33.5538454,-7.6855058,icons/cafe.png,OSM
Casablanca-Settat,Pharmacie Salah Eddine,Parapharmacie,Formel,Boulevard Oued Sebou,33.5535554,-7.6853798,icons/pharmacy.png,OSM
Casablanca-Settat,Paramedical,Parapharmacie,Formel,Zanqat 145,33.5521321,-7.6832957,icons/pharmacy.png,OSM
Casablanca-Settat,Parapharmacie 2M Solutions,Parapharmacie,Formel,Boulevard Oued Sebou,33.5509133,-7.6835693,icons/pharmacy.png,OSM
Casablanca-Settat,Pharmacie ADA,Parapharmacie,Formel,Boulevard Mohamed Zerktouni,33.5870031,-7.63157,icons/pharmacy.png,OSM
Casablanca-Settat,Pharmacie Les Arènes صيدلية الميادين,Parapharmacie,Formel,Rue Jalal Addine Assayouti زنقة جلال الدين السيوطي,33.5891514,-7.6350358,icons/pharmacy.png,OSM
Casablanca-Settat,Pharmacie Universelle,Parapharmacie,Formel,Boulevard Ibrahim Roudani,33.5808158,-7.6346035,icons/pharmacy.png,OSM
Casablanca-Settat,Pharmacie Chaabi,Parapharmacie,Formel,Rue du Pelvoux,33.5817616,-7.6370624,icons/pharmacy.png,OSM
Casablanca-Settat,Pharmacie Hyper,Parapharmacie,Formel,Rue Ali Abderrazzak زنقة علي عبد الرزاق,33.5858775,-7.6454385,icons/pharmacy.png,OSM
Casablanca-Settat,Pharmacie Al Atfal,Parapharmacie,Formel,Route Haj Fateh,33.5525166,-7.6896545,icons/pharmacy.png,OSM
Casablanca-Settat,Diana,Café,Formel,Boulevard Oued Tensift,33.5527557,-7.6848648,icons/cafe.png,OSM
Casablanca-Settat,Red Rose,Restaurant,Formel,Boulevard Oued Oum Rbia,33.5562645,-7.6832762,icons/restaurant.png,OSM
Casablanca-Settat,Pharmacie Usivera Santi,Parapharmacie,Formel,Rue Hadj Al Jilali Al Aoufir,33.5785377,-7.6428232,icons/pharmacy.png,OSM
Casablanca-Settat,Café Genova,Café,Formel,Boulevard Oued Ouargha,33.5544774,-7.6895177,icons/cafe.png,OSM
Casablanca-Settat,Pharmacie Nouzha,Parapharmacie,Formel,Boulevard Oued Oum Rbia,33.5540466,-7.6881672,icons/pharmacy.png,OSM
Casablanca-Settat,Pharmacie El Lotf,Parapharmacie,Formel,Boulevard Oued Tensift,33.5534017,-7.6822872,icons/pharmacy.png,OSM
Casablanca-Settat,Pharmacie Al Mawlid,Parapharmacie,Formel,Rue Abou Hassan Assaghir,33.5746454,-7.6482694,icons/pharmacy.png,OSM
Casablanca-Settat,Pharmacie Ouverte,Parapharmacie,Formel,Rue Mamoune Mohamed,33.5796684,-7.649923,icons/pharmacy.png,OSM
Casablanca-Settat,Droguerie أجزاخانة,Parapharmacie,Formel,Boulevard Oued Daoura,33.5477647,-7.6826788,icons/pharmacy.png,OSM
Casablanca-Settat,Pharmacie Al Farah Assalam,Parapharmacie,Formel,Pharmacie Al Farah Assalam,33.5405021,-7.69531,icons/pharmacy.png,OSM
Casablanca-Settat,Droguerie Chabab,Parapharmacie,Formel,Boulevard Oued Daoura,33.5471902,-7.6818352,icons/pharmacy.png,OSM
Casablanca-Settat,Pharmacie Meryem,Parapharmacie,Formel,Boulevard Ibn Sina,33.5841989,-7.6507008,icons/pharmacy.png,OSM
Casablanca-Settat,Café el Bahlouli,Café,Formel,Rue Annesrine,33.5308722,-7.7328193,icons/cafe.png,OSM
Casablanca-Settat,Café Lkhouil,Café,Formel,Rue Chakaik Anouamane,33.5282099,-7.7374394,icons/cafe.png,OSM
Casablanca-Settat,Cafe Titrite E Rahma,Café,Formel,Rue Chakaik Anouamane,33.5286677,-7.7359173,icons/cafe.png,OSM
Casablanca-Settat,Cafe el Maahad,Café,Formel,Boulevard Annasrine,33.5350174,-7.7318631,icons/cafe.png,OSM
Casablanca-Settat,Pharmacie Zayd,Parapharmacie,Formel,Boulevard Annasrine,33.5345926,-7.7315104,icons/pharmacy.png,OSM
Casablanca-Settat,Café Marjana,Café,Formel,Boulevard al Banafsaj,33.5352645,-7.7344152,icons/cafe.png,OSM
Casablanca-Settat,Pharmacie Chifa,Parapharmacie,Formel,Pharmacie Chifa,33.5367032,-7.729429,icons/pharmacy.png,OSM
Casablanca-Settat,Café Rim,Café,Formel,Café Rim,33.5358849,-7.7288269,icons/cafe.png,OSM
Casablanca-Settat,Parapharmacie Al Asmae el Housna,Parapharmacie,Formel,Parapharmacie Al Asmae el Housna,33.5347626,-7.7280007,icons/pharmacy.png,OSM
Casablanca-Settat,Café Narjis,Café,Formel,Rue Alfostq,33.5365327,-7.7268347,icons/cafe.png,OSM
Casablanca-Settat,Café el Mers,Café,Formel,Rue Alfostq,33.5365841,-7.7266348,icons/cafe.png,OSM
Casablanca-Settat,Café le Classico,Café,Formel,Boulevard Assaoussane,33.537081,-7.7259596,icons/cafe.png,OSM
Casablanca-Settat,Café al Khalidat,Café,Formel,Café al Khalidat,33.538366,-7.725739,icons/cafe.png,OSM
Casablanca-Settat,Cafe Coin el rahma,Café,Formel,Boulevard Assaoussane,33.5365819,-7.7256612,icons/cafe.png,OSM
Casablanca-Settat,Cafe les Arômes,Café,Formel,Boulevard Assaoussane,33.5361901,-7.7254084,icons/cafe.png,OSM
Casablanca-Settat,Parapharmacie,Parapharmacie,Formel,Boulevard Bir Anzarane,33.5821107,-7.6394758,icons/pharmacy.png,OSM
Casablanca-Settat,Nescafé,Café,Formel,Rue du Pelvoux,33.581246,-7.6363711,icons/cafe.png,OSM
Casablanca-Settat,Pharmacie Saad,Parapharmacie,Formel,Rue al Yassamine,33.5350308,-7.7266824,icons/pharmacy.png,OSM
Casablanca-Settat,Para Sante,Parapharmacie,Formel,Para Sante,33.5376064,-7.7245876,icons/pharmacy.png,OSM
Casablanca-Settat,Café Mozart,Café,Formel,Boulevard Assaoussane,33.5361912,-7.7258952,icons/cafe.png,OSM
Casablanca-Settat,Pharmacie C.I.L,Parapharmacie,Formel,Boulevard Ibn Sina شارع ابن سينا,33.5791365,-7.6547147,icons/pharmacy.png,OSM
Casablanca-Settat,Pharmacie Socrate,Parapharmacie,Formel,Rue Ibnou Majat,33.5781734,-7.6479355,icons/pharmacy.png,OSM
Casablanca-Settat,Parapharmacie sans nom,Parapharmacie,Formel,Parapharmacie sans nom,33.5725207,-7.6493289,icons/pharmacy.png,OSM
Casablanca-Settat,Café Istanbul,Café,Formel,Rue al Yassamine,33.5309002,-7.734894,icons/cafe.png,OSM
Casablanca-Settat,Café Amzil Rayan,Café,Formel,Boulevard Acacia,33.530197,-7.7392506,icons/cafe.png,OSM
Casablanca-Settat,Pharmacie la Santé,Parapharmacie,Formel,Boulevard Oued Melouya,33.5303636,-7.7406339,icons/pharmacy.png,OSM
Casablanca-Settat,Café Talyani,Café,Formel,Boulevard Oued Melouya,33.5309304,-7.7409732,icons/cafe.png,OSM
Casablanca-Settat,Café Évora,Café,Formel,Rue al Khayzourane,33.5284564,-7.7359602,icons/cafe.png,OSM
Casablanca-Settat,Café Saif,Café,Formel,Rue al Yassamine,33.5330444,-7.7304509,icons/cafe.png,OSM
Casablanca-Settat,Café Sélbate,Café,Formel,Boulevard al Banafsaj,33.5365629,-7.7314172,icons/cafe.png,OSM
Casablanca-Settat,Cafe Agora,Café,Formel,Cafe Agora,33.5355451,-7.728859,icons/cafe.png,OSM
Casablanca-Settat,Riviera Valencia,Restaurant,Formel,Riviera Valencia,33.5400975,-7.6806255,icons/restaurant.png,OSM
Casablanca-Settat,Pharmacie Haj Fateh,Parapharmacie,Formel,Pharmacie Haj Fateh,33.5441891,-7.6782431,icons/pharmacy.png,OSM
Casablanca-Settat,Le Mirador,Café,Formel,Route Haj Fateh,33.5431636,-7.6849392,icons/cafe.png,OSM
Casablanca-Settat,Sarania Parapharmacie,Parapharmacie,Formel,Route Haj Fateh,33.5503131,-7.6888358,icons/pharmacy.png,OSM
Casablanca-Settat,Cafe Zine Eddine,Café,Formel,Route Haj Fateh,33.5508389,-7.6891778,icons/cafe.png,OSM
Casablanca-Settat,Casa Paris,Café,Formel,Route Haj Fateh,33.5513967,-7.6894259,icons/cafe.png,OSM
Casablanca-Settat,Café Primo,Café,Formel,Route Haj Fateh,33.5518163,-7.6896451,icons/cafe.png,OSM
Casablanca-Settat,Les Poussins,Restaurant,Formel,Route Haj Fateh,33.5519516,-7.6897169,icons/restaurant.png,OSM
Casablanca-Settat,Pharmacie de L'orien,Parapharmacie,Formel,Boulevard Yacoub el Mansour,33.5702647,-7.6505077,icons/pharmacy.png,OSM
Casablanca-Settat,Pharmacie Al Amana,Parapharmacie,Formel,Pharmacie Al Amana,33.5688902,-7.6528841,icons/pharmacy.png,OSM
Casablanca-Settat,Parapharmacie sans nom,Parapharmacie,Formel,Rue de l'Atlas,33.5763119,-7.6557997,icons/pharmacy.png,OSM
Casablanca-Settat,Pharmacie Al Motahida,Parapharmacie,Formel,Pharmacie Al Motahida,33.5482096,-7.6791014,icons/pharmacy.png,OSM
Casablanca-Settat,Espace Familia,Restaurant,Formel,Espace Familia,33.5453119,-7.6801595,icons/restaurant.png,OSM
Casablanca-Settat,Espace Nour Al Khalil,Restaurant,Formel,Boulevard Oued Daoura,33.5419262,-7.6775792,icons/restaurant.png,OSM
Casablanca-Settat,Alimentation Générale,Supérette / Mini-market,Formel,Alimentation Générale,33.5420408,-7.6773714,icons/convenience.png,OSM
Casablanca-Settat,Marbella,Restaurant,Formel,Boulevard Oued Daoura,33.5435263,-7.6786152,icons/restaurant.png,OSM
Casablanca-Settat,Cafe Extra Pool,Café,Formel,Route Haj Fateh,33.5514296,-7.68911,icons/cafe.png,OSM
Casablanca-Settat,Pharmacie De La Wilaya,Parapharmacie,Formel,Boulevard Moulouya,33.5507344,-7.6793455,icons/pharmacy.png,OSM
Casablanca-Settat,Pharmacie Soufiane,Parapharmacie,Formel,Zanqat 154,33.5493334,-7.6813611,icons/pharmacy.png,OSM
Casablanca-Settat,Les Jardins de L'Ocean Bay,Parapharmacie,Formel,Les Jardins de L'Ocean Bay,33.5375125,-7.767908,icons/pharmacy.png,OSM
Casablanca-Settat,Café Laidi,Café,Formel,Café Laidi,33.5229558,-7.7508572,icons/cafe.png,OSM
Casablanca-Settat,Café Rihan,Café,Formel,Café Rihan,33.5231358,-7.7506211,icons/cafe.png,OSM
Casablanca-Settat,Café Ipanema,Café,Formel,Café Ipanema,33.5232007,-7.7504763,icons/cafe.png,OSM
Casablanca-Settat,Parapharmacie sans nom,Parapharmacie,Formel,Parapharmacie sans nom,33.5234679,-7.7499372,icons/pharmacy.png,OSM
Casablanca-Settat,Pharmacie La Faculté صيدلية الكلية,Parapharmacie,Formel,"Avenue Khalil Jabrane, El Jadida",33.2296505,-8.4885608,icons/pharmacy.png,OSM
Casablanca-Settat,Pharmacie Al Firdaous صيدلية الفردوس,Parapharmacie,Formel,"Avenue Khalil Jabrane, El Jadida",33.2266225,-8.4906328,icons/pharmacy.png,OSM
Casablanca-Settat,Pharmacie Annasr,Parapharmacie,Formel,Pharmacie Annasr,33.546723,-7.6759699,icons/pharmacy.png,OSM
Casablanca-Settat,Corner 68,Restaurant,Formel,Boulevard HH 48,33.5456204,-7.6729812,icons/restaurant.png,OSM
Casablanca-Settat,Pharmacie Al Miza,Parapharmacie,Formel,Pharmacie Al Miza,33.5434693,-7.6720244,icons/pharmacy.png,OSM
Casablanca-Settat,Pharmacie Dar Assalam,Parapharmacie,Formel,Boulevard HH 48,33.5474138,-7.6729028,icons/pharmacy.png,OSM
Casablanca-Settat,Cafe Emsi,Café,Formel,Boulevard HH 48,33.5446004,-7.6729403,icons/cafe.png,OSM
Casablanca-Settat,Votre Espace Gourmet,Restaurant,Formel,Votre Espace Gourmet,33.5368116,-7.7817737,icons/restaurant.png,OSM
Casablanca-Settat,Pharamcie Er-Rayane,Parapharmacie,Formel,Pharamcie Er-Rayane,33.5308504,-7.6511461,icons/pharmacy.png,OSM
Casablanca-Settat,Pharmacie El Ouazzani,Parapharmacie,Formel,Rue 9,33.5278079,-7.6514438,icons/pharmacy.png,OSM
Casablanca-Settat,Pharmacie Mandarona,Parapharmacie,Formel,Boulevard Abu Baker el Kadiri,33.5314513,-7.6483177,icons/pharmacy.png,OSM
Casablanca-Settat,Pharmacie Rabii Al Moustakbal,Parapharmacie,Formel,Pharmacie Rabii Al Moustakbal,33.5306861,-7.645437,icons/pharmacy.png,OSM
Casablanca-Settat,Pharmacie Tassnime,Parapharmacie,Formel,Pharmacie Tassnime,33.5279265,-7.6458621,icons/pharmacy.png,OSM
Casablanca-Settat,Parapharmacie sans nom,Parapharmacie,Formel,Zanqat 20,33.5256402,-7.6451661,icons/pharmacy.png,OSM
Casablanca-Settat,Café,Café,Formel,Café,33.5321545,-7.8218754,icons/cafe.png,OSM
Casablanca-Settat,Super Marché,Supermarché,Formel,Super Marché,33.5319835,-7.8218123,icons/supermarket.png,OSM
Casablanca-Settat,Pharmacie Bel Air,Parapharmacie,Formel,Pharmacie Bel Air,33.521688,-7.8140366,icons/pharmacy.png,OSM
Casablanca-Settat,Café Izahra,Café,Formel,Café Izahra,33.521518,-7.8175315,icons/cafe.png,OSM
Casablanca-Settat,Snack Aya,Supérette / Mini-market,Formel,Snack Aya,33.5168646,-7.8183214,icons/convenience.png,OSM
Casablanca-Settat,Café Beach Kenz,Café,Formel,Café Beach Kenz,33.5213615,-7.8184864,icons/cafe.png,OSM
Casablanca-Settat,Café Ryade,Café,Formel,Café Ryade,33.5174941,-7.8168824,icons/cafe.png,OSM
Casablanca-Settat,Café sans nom,Café,Formel,Café sans nom,33.5394804,-7.6486811,icons/cafe.png,OSM
Casablanca-Settat,Ara Café,Café,Formel,Zanqat 60,33.5342377,-7.6510991,icons/cafe.png,OSM
Casablanca-Settat,Parapharmacie sans nom,Parapharmacie,Formel,Boulevard Abu Baker el Kadiri,33.5333026,-7.6470939,icons/pharmacy.png,OSM
Casablanca-Settat,Pharmacie Saber,Parapharmacie,Formel,Pharmacie Saber,33.5336413,-7.6483807,icons/pharmacy.png,OSM
Casablanca-Settat,Tokyo Garden,Restaurant,Formel,Zanqat 30,33.5354445,-7.648429,icons/restaurant.png,OSM
Casablanca-Settat,TaTaRi Sushi and Thai,Restaurant,Formel,Zanqat 30,33.5356496,-7.6484176,icons/restaurant.png,OSM
Casablanca-Settat,Ahmed Ali,Parapharmacie,Formel,Zanqat 60,33.5390394,-7.6491002,icons/pharmacy.png,OSM
Casablanca-Settat,Pharamacie Florida,Parapharmacie,Formel,Boulevard Abu Baker el Kadiri,33.5377271,-7.6442018,icons/pharmacy.png,OSM
Casablanca-Settat,Pharmacie Les Bureaux,Parapharmacie,Formel,Pharmacie Les Bureaux,33.5399829,-7.6444271,icons/pharmacy.png,OSM
Casablanca-Settat,Pharamcie El Mohit صيدلية المحيط,Parapharmacie,Formel,"Avenue Mohammed VI, El Jadida",33.2460994,-8.4963799,icons/pharmacy.png,OSM
Casablanca-Settat,Cafe Pizzeria Cavalca,Restaurant,Formel,Avenue Mohammed VI,33.2448903,-8.495248,icons/restaurant.png,OSM
Casablanca-Settat,Whatsapp Food,Restaurant,Formel,Rue Al Amal,33.2433144,-8.4978712,icons/restaurant.png,OSM
Casablanca-Settat,Cafe Glacier Chams,Café,Formel,Rue Abdelkader Ben Driga,33.2471346,-8.4973535,icons/cafe.png,OSM
Casablanca-Settat,Pharmacie Yacoub El Mansour,Parapharmacie,Formel,Pharmacie Yacoub El Mansour,33.5753644,-7.6416698,icons/pharmacy.png,OSM
Casablanca-Settat,Pharmacie Narjis,Parapharmacie,Formel,Boulevard Yacoub El Mansour,33.5734403,-7.6449046,icons/pharmacy.png,OSM
Casablanca-Settat,Pharmacie Sahel,Parapharmacie,Formel,Boulevard Abdelhadi Boutaleb,33.5709251,-7.6913604,icons/pharmacy.png,OSM
Casablanca-Settat,Parapharmacie sans nom,Parapharmacie,Formel,Route Sidi Al Khadir,33.5702513,-7.6858887,icons/pharmacy.png,OSM
Casablanca-Settat,Pharmacie Saad El Kheir,Parapharmacie,Formel,Route Sidi Al Khadir,33.5650261,-7.6829262,icons/pharmacy.png,OSM
Casablanca-Settat,Pharmacie Lixus,Parapharmacie,Formel,Pharmacie Lixus,33.5508261,-7.7057344,icons/pharmacy.png,OSM
Casablanca-Settat,Parapharmacie sans nom,Parapharmacie,Formel,Route Sidi Al Khadir,33.5549077,-7.6911727,icons/pharmacy.png,OSM
Casablanca-Settat,Parapharmacie sans nom,Parapharmacie,Formel,Parapharmacie sans nom,33.5561349,-7.7026793,icons/pharmacy.png,OSM
Casablanca-Settat,Parapharmacie sans nom,Parapharmacie,Formel,Route Oulfa,33.5544339,-7.6998228,icons/pharmacy.png,OSM
Casablanca-Settat,BİM,Supermarché,Formel,Rue Oussama Ibnou Zaid زنقة أسامة بن زيد,33.5840702,-7.6376258,icons/supermarket.png,OSM
Casablanca-Settat,La Pair d'As,Café,Formel,La Pair d'As,33.5832219,-7.6421949,icons/cafe.png,OSM
Casablanca-Settat,Pharmacie du Jura صيدلية جورا,Parapharmacie,Formel,Rue Oussama Ibnou Zaid زنقة أسامة بن زيد,33.5838594,-7.6373593,icons/pharmacy.png,OSM
Casablanca-Settat,Pharmacie Ibn Zohr صيدلية ابن زهر,Parapharmacie,Formel,"Avenue Al Kifah, Rabat",33.9915637,-6.8681016,icons/pharmacy.png,OSM
Casablanca-Settat,Cafe Maher,Café,Formel,Avenue Annour,33.9943531,-6.8669526,icons/cafe.png,OSM
Casablanca-Settat,Pharmacie Bouchra Al Oum صيدلية بشرى الأم,Parapharmacie,Formel,"Avenue de Chebanate, Rabat",33.9840482,-6.8885078,icons/pharmacy.png,OSM
Casablanca-Settat,Pharmacie Amwaj صيدلية أمواج,Parapharmacie,Formel,"Rue Abou Bakr Achchafii, Rabat",33.9800111,-6.8914063,icons/pharmacy.png,OSM
Casablanca-Settat,Pharmacie Al Kawthar صيدلية الكوثر,Parapharmacie,Formel,"rue Inbihat, Rabat",33.981253,-6.8786686,icons/pharmacy.png,OSM
Casablanca-Settat,Pharmacie des Résidences صيدلية الإقامات,Parapharmacie,Formel,"Rue Al Kanari, Rabat",33.973653,-6.8985156,icons/pharmacy.png,OSM
Casablanca-Settat,Pharmacie Idéale صيدلية إديال,Parapharmacie,Formel,"Avenue El Menzeh, Rabat",33.9752975,-6.8925723,icons/pharmacy.png,OSM
Casablanca-Settat,Pharmacie Attaissir صيدلية التيسير,Parapharmacie,Formel,Rabat,33.9781106,-6.8914703,icons/pharmacy.png,OSM
Casablanca-Settat,Pharmacie Sofia صيدلية صوفيا,Parapharmacie,Formel,"Avenue El Massira, Rabat",33.9709498,-6.894417,icons/pharmacy.png,OSM
Casablanca-Settat,Pharmacie El Menzeh صيدلية المنزه,Parapharmacie,Formel,"Avenue El Massira, Rabat",33.9754894,-6.8892613,icons/pharmacy.png,OSM
Casablanca-Settat,Pharmacie Al Amane صيدلية الأمان,Parapharmacie,Formel,"Rue Ibn Al Abbar, Rabat",33.9732709,-6.8874319,icons/pharmacy.png,OSM
Casablanca-Settat,Café La Costa مقهى لا كوستا,Café,Formel,Café La Costa مقهى لا كوستا,33.2763508,-7.5816173,icons/cafe.png,OSM
Casablanca-Settat,Cafe Martima,Café,Formel,Rue Chobba Allail,33.955396,-6.8652548,icons/cafe.png,OSM
Casablanca-Settat,Pharmacie Rania صيدلية رانيا,Parapharmacie,Formel,"Rue Temar, Rabat",33.9522471,-6.873729,icons/pharmacy.png,OSM
Casablanca-Settat,Pharmacie Riad Al Otor صيدلية رياض الأطر,Parapharmacie,Formel,"Rue Addouma, Rabat",33.9512032,-6.8570328,icons/pharmacy.png,OSM
Casablanca-Settat,Via Café,Café,Formel,Avenue Atlas,33.9957673,-6.8494371,icons/cafe.png,OSM
Casablanca-Settat,Angelo Nardelli,Restaurant,Formel,Avenue Ibn Sina,33.9976548,-6.8510203,icons/restaurant.png,OSM
Casablanca-Settat,Au Jour Le Jour,Café,Formel,Avenue Atlas,33.9952298,-6.8504329,icons/cafe.png,OSM
Casablanca-Settat,Pharmacie de l'Agdal صيدلية أكدال,Parapharmacie,Formel,"Rue Ibn Hanbal, Rabat ⵔⴱⴰⵟ الرباط",33.9887734,-6.848024,icons/pharmacy.png,OSM
Casablanca-Settat,La Galerie,Restaurant,Formel,Avenue Omar Ibn Khattab,33.9997651,-6.8445937,icons/restaurant.png,OSM
Casablanca-Settat,Bio Cafe,Café,Formel,Avenue Al Haouz,33.9858338,-6.8212853,icons/cafe.png,OSM
Casablanca-Settat,Cafe Annahda,Café,Formel,Cafe Annahda,33.9771936,-6.8209407,icons/cafe.png,OSM
Casablanca-Settat,Pharmacie Dar Essalam صيدلية دار السلام,Parapharmacie,Formel,"Rue Bani Jaber, Rabat",33.9792107,-6.8171898,icons/pharmacy.png,OSM
Casablanca-Settat,Pharmacie du Haut Souissi صيدلية السويسي العالي,Parapharmacie,Formel,"Rue Abderahmane B. Abi Baker, Rabat",33.9376309,-6.8141721,icons/pharmacy.png,OSM
Casablanca-Settat,Pharmacie L'Enfant صيدلية الطفل,Parapharmacie,Formel,"Rue Mghila, Rabat",33.9813791,-6.810289,icons/pharmacy.png,OSM
Casablanca-Settat,Pharmacie du Golf صيدلية الكولف,Parapharmacie,Formel,"Rue Abd Elkader Rechdi, Rabat",33.940854,-6.8197973,icons/pharmacy.png,OSM
Casablanca-Settat,Café Ibiza,Café,Formel,Café Ibiza,33.6143051,-7.4881318,icons/cafe.png,OSM
Casablanca-Settat,Pharmacie Mojamaa El Kheir صيدلية مجمع الخير,Parapharmacie,Formel,Settat,32.9914488,-7.6017199,icons/pharmacy.png,OSM
Casablanca-Settat,Pharmacie Al Houda صيدلية الهدى,Parapharmacie,Formel,"Avenue El Farah, Rabat",33.9897329,-6.8107592,icons/pharmacy.png,OSM
Casablanca-Settat,Café Bel Air,Café,Formel,Café Bel Air,33.9953091,-6.8201162,icons/cafe.png,OSM
Casablanca-Settat,Boulangerie مخبزة اكيوض,Boulangerie,Formel,Boulangerie مخبزة اكيوض,33.991312,-6.8153493,icons/bakery.png,OSM
Casablanca-Settat,Café مقهى آدم,Café,Formel,Café مقهى آدم,33.9906928,-6.8154751,icons/cafe.png,OSM
Casablanca-Settat,Pharmacie l'Olivier صيدلية الزيتونة,Parapharmacie,Formel,Témara تمارة,33.9405327,-6.8930863,icons/pharmacy.png,OSM
Casablanca-Settat,Vanilla Sky Rooftop,Restaurant,Formel,Vanilla Sky Rooftop,33.6096966,-7.6513866,icons/restaurant.png,OSM
Casablanca-Settat,ايسكال 2001,Restaurant,Formel,ايسكال 2001,33.2448324,-7.5869778,icons/restaurant.png,OSM
Casablanca-Settat,Miam - La petite brasserie,Café,Formel,Miam - La petite brasserie,33.9623895,-6.8646582,icons/cafe.png,OSM
Casablanca-Settat,La Grillardiaire,Restaurant,Formel,"Bd Yacoub Al Mansoiur, Mohammedia",33.7033497,-7.3979841,icons/restaurant.png,OSM
Casablanca-Settat,Duomo Caffe,Café,Formel,Duomo Caffe,33.6042498,-7.6337295,icons/cafe.png,OSM
Casablanca-Settat,Pâtisserie Al Barakata,Boutique de confiserie,Informel,Rue Faidi Khalifa,33.5922717,-7.6058871,icons/confectionery.png,OSM
Casablanca-Settat,Gusto Marina,Restaurant,Formel,Gusto Marina,33.6094083,-7.6247259,icons/restaurant.png,OSM
Casablanca-Settat,صيدلية الأزهر 2,Parapharmacie,Formel,Casablanca,33.5534606,-7.7047014,icons/pharmacy.png,OSM
Casablanca-Settat,Bim,Supermarché,Formel,Casablanca,33.5553862,-7.6997912,icons/supermarket.png,OSM
Casablanca-Settat,فضاء عمر,Restaurant,Formel,Casablanca,33.5535777,-7.704828,icons/restaurant.png,OSM
Casablanca-Settat,Laiterie Nacer محلبة ناصر,Restaurant,Formel,Laiterie Nacer محلبة ناصر,33.5526991,-7.7038912,icons/restaurant.png,OSM
Casablanca-Settat,carré gourmand,Boulangerie,Formel,Allée de Jasmins,33.6096032,-7.5329589,icons/bakery.png,OSM
Casablanca-Settat,fruits et légumes خضر و فواكه,Supérette / Mini-market,Formel,Allée de Jasmins,33.6094995,-7.5332786,icons/convenience.png,OSM
Casablanca-Settat,Supérette / Mini-market sans nom,Supérette / Mini-market,Formel,Allée de Jasmins,33.6094799,-7.5333448,icons/convenience.png,OSM
Casablanca-Settat,TacoS CO,Restaurant,Formel,TacoS CO,33.6193434,-7.5330023,icons/restaurant.png,OSM
Casablanca-Settat,Carrefour Market,Supermarché,Formel,Carrefour Market,33.5926838,-7.6011795,icons/supermarket.png,OSM
Casablanca-Settat,Bim,Supermarché,Formel,Bim,33.586847,-7.6033536,icons/supermarket.png,OSM
Casablanca-Settat,Restaurant sans nom,Restaurant,Formel,Restaurant sans nom,33.7215393,-7.3414141,icons/restaurant.png,OSM
Casablanca-Settat,Restaurant sans nom,Restaurant,Formel,Restaurant sans nom,33.7290527,-7.3368611,icons/restaurant.png,OSM
Casablanca-Settat,Restaurant sans nom,Restaurant,Formel,Restaurant sans nom,33.7268009,-7.3436294,icons/restaurant.png,OSM
Casablanca-Settat,Restaurant L!Ocean Blue,Restaurant,Formel,Restaurant L!Ocean Blue,33.7378923,-7.3243238,icons/restaurant.png,OSM
Casablanca-Settat,مقهى النسيم,Café,Formel,مقهى النسيم,33.4292702,-7.6407779,icons/cafe.png,OSM
Casablanca-Settat,Cafe Bruxelles,Café,Formel,Cafe Bruxelles,33.2807692,-8.3586551,icons/cafe.png,OSM
Casablanca-Settat,Cafe Atlantis,Café,Formel,Cafe Atlantis,33.2808044,-8.3588968,icons/cafe.png,OSM
Casablanca-Settat,BIM,Supermarché,Formel,BIM,33.2837688,-8.3525165,icons/supermarket.png,OSM
Casablanca-Settat,Pharmacie Les Iris صيدلية ليزيريس,Parapharmacie,Formel,Azemmour أزمور,33.2812278,-8.3582094,icons/pharmacy.png,OSM
Casablanca-Settat,Café Arij,Café,Formel,Café Arij,33.8020524,-6.8030817,icons/cafe.png,OSM
Casablanca-Settat,Pharmacie Abouab Al Wifaq صيدلية أبواب الوفاق,Parapharmacie,Formel,Témara,33.9267824,-6.9291602,icons/pharmacy.png,OSM
Casablanca-Settat,Restaurant sans nom,Restaurant,Formel,Restaurant sans nom,33.9290099,-6.954233,icons/restaurant.png,OSM
Casablanca-Settat,Supérette / Mini-market sans nom,Supérette / Mini-market,Formel,Supérette / Mini-market sans nom,33.9284235,-6.9552348,icons/convenience.png,OSM
Casablanca-Settat,Ait Bihi,Supérette / Mini-market,Formel,Ait Bihi,33.9283615,-6.9553689,icons/convenience.png,OSM
Casablanca-Settat,المواهب,Café,Formel,المواهب,33.546326,-7.5724608,icons/cafe.png,OSM
Casablanca-Settat,Café Tamazight,Café,Formel,Café Tamazight,33.9915361,-6.8676639,icons/cafe.png,OSM
Casablanca-Settat,داكار,Café,Formel,Boulevard de Khouribga,33.5900211,-7.6044183,icons/cafe.png,OSM
Casablanca-Settat,BIM,Supermarché,Formel,BIM,33.5998615,-7.6374127,icons/supermarket.png,OSM
Casablanca-Settat,Café sans nom,Café,Formel,Café sans nom,33.6006781,-7.6347699,icons/cafe.png,OSM
Casablanca-Settat,Restaurant sans nom,Restaurant,Formel,Restaurant sans nom,33.5999574,-7.6374594,icons/restaurant.png,OSM
Casablanca-Settat,Parapharmacie sans nom,Parapharmacie,Formel,Parapharmacie sans nom,33.6000192,-7.637562,icons/pharmacy.png,OSM
Casablanca-Settat,Boulangerie sans nom,Boulangerie,Formel,Boulangerie sans nom,33.6002505,-7.6383975,icons/bakery.png,OSM
Casablanca-Settat,Café sans nom,Café,Formel,Café sans nom,33.5999697,-7.6359755,icons/cafe.png,OSM
Casablanca-Settat,BIM,Supermarché,Formel,BIM,33.6019964,-7.6380539,icons/supermarket.png,OSM
Casablanca-Settat,Boulangerie sans nom,Boulangerie,Formel,Boulangerie sans nom,33.6011639,-7.6359241,icons/bakery.png,OSM
Casablanca-Settat,Otob,Supermarché,Formel,Otob,33.6008678,-7.6355528,icons/supermarket.png,OSM
Casablanca-Settat,Supérette / Mini-market sans nom,Supérette / Mini-market,Formel,Supérette / Mini-market sans nom,33.6006423,-7.6382676,icons/convenience.png,OSM
Casablanca-Settat,Café sans nom,Café,Formel,Café sans nom,33.6001423,-7.6369729,icons/cafe.png,OSM
Casablanca-Settat,Supérette / Mini-market sans nom,Supérette / Mini-market,Formel,Supérette / Mini-market sans nom,33.5998343,-7.635678,icons/convenience.png,OSM
Casablanca-Settat,Burger King,Restaurant,Formel,Burger King,33.5865018,-7.5927968,icons/restaurant.png,OSM
Casablanca-Settat,Domino's,Restaurant,Formel,Domino's,33.5862694,-7.592595,icons/restaurant.png,OSM
Casablanca-Settat,McDonald's,Restaurant,Formel,McDonald's,33.5858757,-7.5928149,icons/restaurant.png,OSM
Casablanca-Settat,Grillade Marrakech,Café,Formel,Grillade Marrakech,32.6510021,-8.4244816,icons/cafe.png,OSM
Casablanca-Settat,dar diafa,Café,Formel,sdsd,33.9218904,-6.8970794,icons/cafe.png,OSM
Casablanca-Settat,Chtirs,Café,Formel,Chtirs,33.9930034,-6.74331,icons/cafe.png,OSM
Casablanca-Settat,LV Lounge Casablanca,Café,Formel,"Rue de la Mer Jaune, Casablanca",33.5942671,-7.676674,icons/cafe.png,OSM
Casablanca-Settat,LV LOUNGE CASABLANCA,Café,Formel,"Rue de la Mer Jaune, Casablanca",33.5938024,-7.6776745,icons/cafe.png,OSM
Casablanca-Settat,سبع عيون,Café,Formel,Boulevard de la Grande Ceinture شارع الحزام الكبير,33.5830051,-7.5543149,icons/cafe.png,OSM
Casablanca-Settat,BIM,Supermarché,Formel,BIM,33.5343791,-7.7254623,icons/supermarket.png,OSM
Casablanca-Settat,Coffee Time,Café,Formel,Coffee Time,33.9776824,-6.8168805,icons/cafe.png,OSM
Casablanca-Settat,Restaurant sans nom,Restaurant,Formel,Restaurant sans nom,33.6045098,-7.5367318,icons/restaurant.png,OSM
Casablanca-Settat,Sazio,Restaurant,Formel,Sazio,33.4746919,-7.6070534,icons/restaurant.png,OSM
Casablanca-Settat,Les Maîtres du Pain,Boulangerie,Formel,Les Maîtres du Pain,33.4750219,-7.6074912,icons/bakery.png,OSM
Casablanca-Settat,Fifties,Restaurant,Formel,Fifties,33.4747887,-7.6069203,icons/restaurant.png,OSM
Casablanca-Settat,BİM,Supermarché,Formel,BİM,33.5944393,-7.6061698,icons/supermarket.png,OSM
Casablanca-Settat,Guillaume Tell,Restaurant,Formel,Guillaume Tell,33.5584027,-7.6365781,icons/restaurant.png,OSM
Casablanca-Settat,Restaurant sans nom,Restaurant,Formel,Restaurant sans nom,33.592645,-7.6057098,icons/restaurant.png,OSM
Casablanca-Settat,Parapharmacie sans nom,Parapharmacie,Formel,Parapharmacie sans nom,33.5990643,-7.6196099,icons/pharmacy.png,OSM
Casablanca-Settat,Restaurant sans nom,Restaurant,Formel,Restaurant sans nom,33.5952032,-7.6170338,icons/restaurant.png,OSM
Casablanca-Settat,Restaurant sans nom,Restaurant,Formel,Restaurant sans nom,33.5957634,-7.6121601,icons/restaurant.png,OSM
Casablanca-Settat,Restaurant sans nom,Restaurant,Formel,Restaurant sans nom,33.5958763,-7.6115436,icons/restaurant.png,OSM
Casablanca-Settat,Pharmacie Echifa صيدلية الشفاء,Parapharmacie,Formel,Had Soualem,33.4152464,-7.8652183,icons/pharmacy.png,OSM
Casablanca-Settat,Ramses,Restaurant,Formel,Place des Nations Unies,33.5953961,-7.6177769,icons/restaurant.png,OSM
Casablanca-Settat,Restaurant sans nom,Restaurant,Formel,Restaurant sans nom,33.4852892,-7.6712046,icons/restaurant.png,OSM
Casablanca-Settat,Café sans nom,Café,Formel,Café sans nom,33.4854592,-7.6712529,icons/cafe.png,OSM
Casablanca-Settat,Restaurant sans nom,Restaurant,Formel,Restaurant sans nom,33.5926127,-7.6211353,icons/restaurant.png,OSM
Casablanca-Settat,Café sans nom,Café,Formel,Boulevard Ali Yata شارع علي يعتة,33.6029539,-7.5326442,icons/cafe.png,OSM
Casablanca-Settat,Zayna,Restaurant,Formel,Zayna,33.5772485,-7.6073776,icons/restaurant.png,OSM
Casablanca-Settat,Espace El Wyam,Café,Formel,"Boulevard Mohammed V, Casablanca",33.5934545,-7.6008725,icons/cafe.png,OSM
Casablanca-Settat,Supérette / Mini-market sans nom,Supérette / Mini-market,Formel,Supérette / Mini-market sans nom,33.6113542,-7.5309654,icons/convenience.png,OSM
Casablanca-Settat,Café sans nom,Café,Formel,Boulevard Chefchaouni,33.6118535,-7.5305587,icons/cafe.png,OSM
Casablanca-Settat,Restaurant sans nom,Restaurant,Formel,Boulevard de la Gare,33.612038,-7.5308441,icons/restaurant.png,OSM
Casablanca-Settat,Boulangerie sans nom,Boulangerie,Formel,Boulevard Chefchaouni,33.6117684,-7.5307035,icons/bakery.png,OSM
Casablanca-Settat,Supérette / Mini-market sans nom,Supérette / Mini-market,Formel,Boulevard de la Gare,33.6122464,-7.5308494,icons/convenience.png,OSM
Casablanca-Settat,Le Gatsby,Restaurant,Formel,Le Gatsby,33.6075479,-7.6297906,icons/restaurant.png,OSM
Casablanca-Settat,BİM,Supermarché,Formel,BİM,33.5189452,-7.6444846,icons/supermarket.png,OSM
Casablanca-Settat,Pharmacie Lina,Parapharmacie,Formel,Pharmacie Lina,33.5193641,-7.6448467,icons/pharmacy.png,OSM
Casablanca-Settat,Ahmed,Restaurant,Formel,Ahmed,33.8723243,-6.8525788,icons/restaurant.png,OSM
Casablanca-Settat,Restaurant sans nom,Restaurant,Formel,Restaurant sans nom,33.852046,-6.853302,icons/restaurant.png,OSM
Casablanca-Settat,Café sans nom,Café,Formel,Boulevard Lahcen Ouidder,33.5874297,-7.6116605,icons/cafe.png,OSM
Casablanca-Settat,Epicier Oujdi,Supermarché,Formel,Epicier Oujdi,33.5217794,-7.6455492,icons/supermarket.png,OSM
Casablanca-Settat,Restaurants Petromine Bouskoura,Restaurant,Formel,Restaurants Petromine Bouskoura,33.4873604,-7.6337505,icons/restaurant.png,OSM
Casablanca-Settat,Street London,Restaurant,Formel,Street London,33.52237,-7.6428551,icons/restaurant.png,OSM
Casablanca-Settat,c3002953,Restaurant,Formel,c3002953,33.5217415,-7.6445565,icons/restaurant.png,OSM
Casablanca-Settat,Bistro Bouich,Café,Formel,Bistro Bouich,33.5228871,-7.6442839,icons/cafe.png,OSM
Casablanca-Settat,Soufloeuf,Restaurant,Formel,Soufloeuf,33.5231697,-7.6447584,icons/restaurant.png,OSM
Casablanca-Settat,Coqueleto,Restaurant,Formel,Coqueleto,33.5235755,-7.6455656,icons/restaurant.png,OSM
Casablanca-Settat,Casablanca shore,Restaurant,Formel,Casablanca shore,33.521459,-7.6433966,icons/restaurant.png,OSM
Casablanca-Settat,BİM,Supermarché,Formel,BİM,33.5147228,-7.6453389,icons/supermarket.png,OSM
Casablanca-Settat,Pharmacie Oum El Kheir,Parapharmacie,Formel,Pharmacie Oum El Kheir,33.5216085,-7.6432172,icons/pharmacy.png,OSM
Casablanca-Settat,Café Tres flores,Café,Formel,Café Tres flores,33.5174306,-7.6457606,icons/cafe.png,OSM
Casablanca-Settat,Restaurant sans nom,Restaurant,Formel,Restaurant sans nom,33.5184651,-7.2038704,icons/restaurant.png,OSM
Casablanca-Settat,BİM,Supermarché,Formel,BİM,33.5275404,-7.6496876,icons/supermarket.png,OSM
Casablanca-Settat,Restaurant sans nom,Restaurant,Formel,Restaurant sans nom,33.3763852,-8.2494036,icons/restaurant.png,OSM
Casablanca-Settat,Épicerie sans nom,Épicerie,Informel,Épicerie sans nom,33.5885606,-7.6057723,icons/greengrocer.png,OSM
Casablanca-Settat,Le Riad,Restaurant,Formel,Rue Mohamed El Qorri,33.5939635,-7.614938,icons/restaurant.png,OSM
Casablanca-Settat,Café sans nom,Café,Formel,Boulevard d'Anfa شارع أنفا,33.5930049,-7.6315698,icons/cafe.png,OSM
Casablanca-Settat,مقهى المهدي ايس,Café,Formel,Avenue Assalam شارع السلام,33.5900658,-7.4938116,icons/cafe.png,OSM
Casablanca-Settat,Bricoma temara,Supermarché,Formel,Bricoma temara,33.9199138,-6.9244983,icons/supermarket.png,OSM
Casablanca-Settat,Cafe rose marine,Café,Formel,Cafe rose marine,33.5949914,-7.5084597,icons/cafe.png,OSM
Casablanca-Settat,صيدلية لاجيروند,Parapharmacie,Formel,rond point boulevard la gironde et rue ifni,33.5838442,-7.599537,icons/pharmacy.png,OSM
Casablanca-Settat,Cafe elkaram,Café,Formel,Cafe elkaram,33.5954261,-7.5086835,icons/cafe.png,OSM
Casablanca-Settat,Beg brader,Café,Formel,Beg brader,33.5951563,-7.5076554,icons/cafe.png,OSM
Casablanca-Settat,Raffaello Casablanca,Restaurant,Formel,"Rue Des Rochers Ain Diab, Casablanca",33.5921312,-7.6791656,icons/restaurant.png,OSM
Casablanca-Settat,Sicilia,Restaurant,Formel,"Rue Des Rochers Ain Diab, Casablanca",33.592135,-7.6792447,icons/restaurant.png,OSM
Casablanca-Settat,Pharmacie hay el fath 2 arrahma,Parapharmacie,Formel,Pharmacie hay el fath 2 arrahma,33.5314403,-7.7181929,icons/pharmacy.png,OSM
Casablanca-Settat,Salon VIP,Restaurant,Formel,Salon VIP,33.3754875,-7.5821991,icons/restaurant.png,OSM
Casablanca-Settat,Loscar,Restaurant,Formel,"Boulevard d'Anfa شارع أنفا, Casablanca",33.5911771,-7.6364102,icons/restaurant.png,OSM
Casablanca-Settat,Restaurant sans nom,Restaurant,Formel,Restaurant sans nom,33.6053778,-7.6288227,icons/restaurant.png,OSM
Casablanca-Settat,Whatsapp Cafe,Café,Formel,Boulevard de Bordeaux,33.6000202,-7.6363094,icons/cafe.png,OSM
Casablanca-Settat,Cafe Goulmima,Café,Formel,Rue de Goulmima,33.6008673,-7.6365876,icons/cafe.png,OSM
Casablanca-Settat,Café sans nom,Café,Formel,Boulevard Ibrahim Roudani,33.5826326,-7.6327982,icons/cafe.png,OSM
Casablanca-Settat,Restaurant Rossignol,Restaurant,Formel,Restaurant Rossignol,33.5902873,-7.6304589,icons/restaurant.png,OSM
Casablanca-Settat,a table,Restaurant,Formel,a table,33.9248348,-6.9589927,icons/restaurant.png,OSM
Casablanca-Settat,café rakcha,Café,Formel,café rakcha,33.9247714,-6.9587339,icons/cafe.png,OSM
Casablanca-Settat,constructeurs automobiles,Supermarché,Formel,constructeurs automobiles,33.9481698,-6.8708996,icons/supermarket.png,OSM
Casablanca-Settat,Dipndip,Café,Formel,"Shaheed Deya Errahman, Rabat ⵔⴱⴰⵟ الرباط",33.9543167,-6.8494526,icons/cafe.png,OSM
Casablanca-Settat,Café sans nom,Café,Formel,Café sans nom,33.2798311,-8.3606599,icons/cafe.png,OSM
Casablanca-Settat,Café la Symphonie,Café,Formel,Café la Symphonie,33.2829448,-8.3544953,icons/cafe.png,OSM
Casablanca-Settat,Café sans nom,Café,Formel,Café sans nom,33.2811089,-8.3584983,icons/cafe.png,OSM
Casablanca-Settat,Café sans nom,Café,Formel,Café sans nom,33.3093178,-8.3528424,icons/cafe.png,OSM
Casablanca-Settat,Beach Barbecue,Restaurant,Formel,Beach Barbecue,33.2840217,-8.3859145,icons/restaurant.png,OSM
Casablanca-Settat,Café sans nom,Café,Formel,Café sans nom,33.279063,-8.3604796,icons/cafe.png,OSM
Casablanca-Settat,Café sans nom,Café,Formel,Café sans nom,33.279926,-8.3613153,icons/cafe.png,OSM
Casablanca-Settat,Café Narjisse,Café,Formel,Café Narjisse,33.2804128,-8.3590224,icons/cafe.png,OSM
Casablanca-Settat,Café sans nom,Café,Formel,Café sans nom,33.2808943,-8.3425251,icons/cafe.png,OSM
Casablanca-Settat,Café sans nom,Café,Formel,Café sans nom,33.2899685,-8.3428466,icons/cafe.png,OSM
Casablanca-Settat,Restaurant sans nom,Restaurant,Formel,Restaurant sans nom,33.2882867,-8.344272,icons/restaurant.png,OSM
Casablanca-Settat,Restaurant sans nom,Restaurant,Formel,Restaurant sans nom,33.288589,-8.3428953,icons/restaurant.png,OSM
Casablanca-Settat,Café sans nom,Café,Formel,Café sans nom,33.2850818,-8.3492966,icons/cafe.png,OSM
Casablanca-Settat,Boulangerie sans nom,Boulangerie,Formel,Boulangerie sans nom,33.2883484,-8.3441763,icons/bakery.png,OSM
Casablanca-Settat,Café sans nom,Café,Formel,Café sans nom,33.2814984,-8.3422295,icons/cafe.png,OSM
Casablanca-Settat,Restaurant sans nom,Restaurant,Formel,Restaurant sans nom,33.2875218,-8.345422,icons/restaurant.png,OSM
Casablanca-Settat,Café sans nom,Café,Formel,Café sans nom,33.2872149,-8.3457676,icons/cafe.png,OSM
Casablanca-Settat,Kiosque sans nom,Kiosque,Informel,Kiosque sans nom,33.288865,-8.3439146,icons/kiosk.png,OSM
Casablanca-Settat,Café sans nom,Café,Formel,Café sans nom,33.2926986,-8.3405651,icons/cafe.png,OSM
Casablanca-Settat,Supérette / Mini-market sans nom,Supérette / Mini-market,Formel,Supérette / Mini-market sans nom,33.2900766,-8.3427898,icons/convenience.png,OSM
Casablanca-Settat,Café sans nom,Café,Formel,Café sans nom,33.2905211,-8.3424975,icons/cafe.png,OSM
Casablanca-Settat,Café sans nom,Café,Formel,Café sans nom,33.2845897,-8.3509873,icons/cafe.png,OSM
Casablanca-Settat,Café sans nom,Café,Formel,Café sans nom,33.2853772,-8.3486634,icons/cafe.png,OSM
Casablanca-Settat,Snack Bar Adi,Restaurant,Formel,Snack Bar Adi,33.2887433,-8.3430962,icons/restaurant.png,OSM
Casablanca-Settat,Café sans nom,Café,Formel,Café sans nom,33.2909346,-8.3425274,icons/cafe.png,OSM
Casablanca-Settat,Cafe Moriel,Café,Formel,Cafe Moriel,33.2862977,-8.3474546,icons/cafe.png,OSM
Casablanca-Settat,Café sans nom,Café,Formel,Café sans nom,33.2832591,-8.3413699,icons/cafe.png,OSM
Casablanca-Settat,Café sans nom,Café,Formel,Café sans nom,33.2866999,-8.3461595,icons/cafe.png,OSM
Casablanca-Settat,Chez Mehdi,Restaurant,Formel,Chez Mehdi,33.2904458,-8.3425307,icons/restaurant.png,OSM
Casablanca-Settat,Café la Medina,Café,Formel,Café la Medina,33.2859918,-8.3414397,icons/cafe.png,OSM
Casablanca-Settat,Café sans nom,Café,Formel,Café sans nom,33.2884213,-8.3441609,icons/cafe.png,OSM
Casablanca-Settat,Pharmacie Al Amal صيدلية الأمل,Parapharmacie,Formel,Azemmour أزمور,33.284529,-8.3504163,icons/pharmacy.png,OSM
Casablanca-Settat,Parapharmacie sans nom,Parapharmacie,Formel,Parapharmacie sans nom,33.2898479,-8.3429497,icons/pharmacy.png,OSM
Casablanca-Settat,Café sans nom,Café,Formel,Café sans nom,33.2860947,-8.3478441,icons/cafe.png,OSM
Casablanca-Settat,Café sans nom,Café,Formel,Café sans nom,33.2889012,-8.3400937,icons/cafe.png,OSM
Casablanca-Settat,Café l'Embouchure,Café,Formel,Café l'Embouchure,33.2924825,-8.3432466,icons/cafe.png,OSM
Casablanca-Settat,Paul,Boulangerie,Formel,Paul,33.9350028,-6.9443876,icons/bakery.png,OSM
Casablanca-Settat,La Kitchenette de Thi Hue,Restaurant,Formel,"Rue Tamaârouft, Casablanca ⵜⴰⴷⴷⴰⵔⵜ ⵜⵓⵎⵍⵉⵍⵜ الدار البيضاء",33.598658,-7.637643,icons/restaurant.png,OSM
Casablanca-Settat,Café sans nom,Café,Formel,Café sans nom,33.5975448,-7.6383168,icons/cafe.png,OSM
Casablanca-Settat,Campus Al Irfane,Restaurant,Formel,Campus Al Irfane,33.9815635,-6.8644706,icons/restaurant.png,OSM
Casablanca-Settat,Restaurant sans nom,Restaurant,Formel,Restaurant sans nom,33.9815383,-6.8643642,icons/restaurant.png,OSM
Casablanca-Settat,Pizzeria,Restaurant,Formel,Rue de Goulmima,33.6009809,-7.634836,icons/restaurant.png,OSM
Casablanca-Settat,Aux petits beurres,Boulangerie,Formel,bd Khouribga,33.5897298,-7.6052136,icons/bakery.png,OSM
Casablanca-Settat,Café Amanda,Café,Formel,Café Amanda,33.5224342,-7.7517481,icons/cafe.png,OSM
Casablanca-Settat,سوق السلام,Supermarché,Formel,سوق السلام,33.5849068,-7.5540871,icons/supermarket.png,OSM
Casablanca-Settat,Marjane,Supermarché,Formel,Marjane,33.4753036,-7.6069947,icons/supermarket.png,OSM
Casablanca-Settat,Café sans nom,Café,Formel,Café sans nom,33.6154116,-7.4979764,icons/cafe.png,OSM
Casablanca-Settat,Café boustane,Café,Formel,Café boustane,33.6157914,-7.4981454,icons/cafe.png,OSM
Casablanca-Settat,Café breda,Café,Formel,Café breda,33.6157266,-7.4982876,icons/cafe.png,OSM
Casablanca-Settat,Restaurant sans nom,Restaurant,Formel,Restaurant sans nom,33.6155792,-7.4989528,icons/restaurant.png,OSM
Casablanca-Settat,Café sans nom,Café,Formel,Café sans nom,33.6152441,-7.4961391,icons/cafe.png,OSM
Casablanca-Settat,Boulangerie sans nom,Boulangerie,Formel,Boulangerie sans nom,33.6144668,-7.4950716,icons/bakery.png,OSM
Casablanca-Settat,Café Al falouja,Café,Formel,Café Al falouja,33.6140938,-7.4991512,icons/cafe.png,OSM
Casablanca-Settat,Café sans nom,Café,Formel,Café sans nom,33.6139072,-7.4972938,icons/cafe.png,OSM
Casablanca-Settat,Restaurant sans nom,Restaurant,Formel,Restaurant sans nom,33.6137676,-7.4972911,icons/restaurant.png,OSM
Casablanca-Settat,Café sans nom,Café,Formel,Café sans nom,33.6139999,-7.4960399,icons/cafe.png,OSM
Casablanca-Settat,City Pool,Restaurant,Formel,City Pool,33.6142457,-7.4959916,icons/restaurant.png,OSM
Casablanca-Settat,Firstline,Restaurant,Formel,Firstline,33.6127893,-7.4946881,icons/restaurant.png,OSM
Casablanca-Settat,Café sans nom,Café,Formel,Café sans nom,33.612682,-7.4946505,icons/cafe.png,OSM
Casablanca-Settat,Boulangerie sans nom,Boulangerie,Formel,Boulangerie sans nom,33.6090276,-7.4975526,icons/bakery.png,OSM
Casablanca-Settat,Café sans nom,Café,Formel,Café sans nom,33.6127982,-7.4991083,icons/cafe.png,OSM
Casablanca-Settat,BİM,Supermarché,Formel,BİM,33.612414,-7.499001,icons/supermarket.png,OSM
Casablanca-Settat,Boulangerie sans nom,Boulangerie,Formel,Boulangerie sans nom,33.616017,-7.4974856,icons/bakery.png,OSM
Casablanca-Settat,Boulangerie sans nom,Boulangerie,Formel,Boulangerie sans nom,33.6155524,-7.4973622,icons/bakery.png,OSM
Casablanca-Settat,snack said,Restaurant,Formel,snack said,33.6150341,-7.497786,icons/restaurant.png,OSM
Casablanca-Settat,snack ounain,Restaurant,Formel,snack ounain,33.6149359,-7.4982473,icons/restaurant.png,OSM
Casablanca-Settat,Parapharmacie sans nom,Parapharmacie,Formel,Parapharmacie sans nom,33.6146857,-7.5000712,icons/pharmacy.png,OSM
Casablanca-Settat,Parapharmacie sans nom,Parapharmacie,Formel,Parapharmacie sans nom,33.6152352,-7.4970564,icons/pharmacy.png,OSM
Casablanca-Settat,Boulangerie sans nom,Boulangerie,Formel,Boulangerie sans nom,33.6126932,-7.4940846,icons/bakery.png,OSM
Casablanca-Settat,Café sans nom,Café,Formel,Café sans nom,33.6113708,-7.4960908,icons/cafe.png,OSM
Casablanca-Settat,Café sans nom,Café,Formel,Café sans nom,33.6085903,-7.5028747,icons/cafe.png,OSM
Casablanca-Settat,Café sans nom,Café,Formel,Café sans nom,33.6097405,-7.5116697,icons/cafe.png,OSM
Casablanca-Settat,Parapharmacie sans nom,Parapharmacie,Formel,Parapharmacie sans nom,33.6094992,-7.5068041,icons/pharmacy.png,OSM
Casablanca-Settat,Restaurant sans nom,Restaurant,Formel,Restaurant sans nom,33.6089452,-7.5063106,icons/restaurant.png,OSM
Casablanca-Settat,Café sans nom,Café,Formel,Café sans nom,33.6076362,-7.5051734,icons/cafe.png,OSM
Casablanca-Settat,Restaurant sans nom,Restaurant,Formel,Restaurant sans nom,33.606832,-7.5052002,icons/restaurant.png,OSM
Casablanca-Settat,Café Oliva,Café,Formel,Café Oliva,33.6135334,-7.5024858,icons/cafe.png,OSM
Casablanca-Settat,مقهى كاليس,Café,Formel,مقهى كاليس,33.6143197,-7.5028935,icons/cafe.png,OSM
Casablanca-Settat,Boulangerie sans nom,Boulangerie,Formel,Boulangerie sans nom,33.613998,-7.4967941,icons/bakery.png,OSM
Casablanca-Settat,BİM,Supermarché,Formel,BİM,33.6180007,-7.4804327,icons/supermarket.png,OSM
Casablanca-Settat,Parapharmacie sans nom,Parapharmacie,Formel,Parapharmacie sans nom,33.6177818,-7.479982,icons/pharmacy.png,OSM
Casablanca-Settat,Café sans nom,Café,Formel,Café sans nom,33.6030678,-7.525483,icons/cafe.png,OSM
Casablanca-Settat,Café morocco,Café,Formel,Café morocco,33.6053152,-7.5092047,icons/cafe.png,OSM
Casablanca-Settat,Bim,Supermarché,Formel,Bim,33.6028221,-7.51024,icons/supermarket.png,OSM
Casablanca-Settat,BİM,Supermarché,Formel,BİM,33.6085701,-7.5204759,icons/supermarket.png,OSM
Casablanca-Settat,Café sans nom,Café,Formel,Café sans nom,33.6087215,-7.5207977,icons/cafe.png,OSM
Casablanca-Settat,Venizia ice ain sebaa,Café,Formel,Venizia ice ain sebaa,33.6084212,-7.5216437,icons/cafe.png,OSM
Casablanca-Settat,Café sans nom,Café,Formel,Café sans nom,33.6083743,-7.5218105,icons/cafe.png,OSM
Casablanca-Settat,Café sans nom,Café,Formel,Café sans nom,33.6078948,-7.5229905,icons/cafe.png,OSM
Casablanca-Settat,Café sans nom,Café,Formel,Café sans nom,33.607195,-7.5241238,icons/cafe.png,OSM
Casablanca-Settat,Restaurant sans nom,Restaurant,Formel,Restaurant sans nom,33.6068839,-7.524614,icons/restaurant.png,OSM
Casablanca-Settat,Restaurant sans nom,Restaurant,Formel,Restaurant sans nom,33.948226,-6.8320184,icons/restaurant.png,OSM
Casablanca-Settat,marjane,Supermarché,Formel,"R401, Rabat",33.9887089,-6.82737,icons/supermarket.png,OSM
Casablanca-Settat,Burger King,Restaurant,Formel,Rabat ⵔⴱⴰⵟ الرباط,33.9558523,-6.8412444,icons/restaurant.png,OSM
Casablanca-Settat,MAYA-Restaurant lounge,Restaurant,Formel,"Avenue Mohammed VI شارع محمد السادس, Rabat ⵔⴱⴰⵟ الرباط",33.9833478,-6.8287415,icons/restaurant.png,OSM
Casablanca-Settat,la rambla,Restaurant,Formel,"Avenue Mohammed VI شارع محمد السادس, Rabat ⵔⴱⴰⵟ الرباط",33.9840851,-6.8285645,icons/restaurant.png,OSM
Casablanca-Settat,Chez Adil,Restaurant,Formel,Chez Adil,33.8560663,-6.8546731,icons/restaurant.png,OSM
Casablanca-Settat,CHEZ SAID,Supermarché,Formel,CHEZ SAID,33.8575336,-6.8531007,icons/supermarket.png,OSM
Casablanca-Settat,Chez guedi,Restaurant,Formel,Chez guedi,33.9751172,-6.8576625,icons/restaurant.png,OSM
Casablanca-Settat,pizza badr,Restaurant,Formel,"Rue Abou Jaafar Bnou Atia, Casablanca",33.5947846,-7.6420504,icons/restaurant.png,OSM
Casablanca-Settat,Pasta Pino,Restaurant,Formel,"Boulevard Oued Daoura, Casablanca ⵜⴰⴷⴷⴰⵔⵜ ⵜⵓⵎⵍⵉⵍⵜ الدار البيضاء",33.5481916,-7.6842292,icons/restaurant.png,OSM
Casablanca-Settat,مقهى إليز - القواسم.,Café,Formel,مقهى إليز - القواسم.,32.5007694,-6.6854419,icons/cafe.png,OSM
Casablanca-Settat,Café sans nom,Café,Formel,Café sans nom,33.551613,-7.6024381,icons/cafe.png,OSM
Casablanca-Settat,Café place,Café,Formel,Avenue Hassan II,33.5945149,-7.6186611,icons/cafe.png,OSM
Casablanca-Settat,Café Iyad,Café,Formel,Café Iyad,33.5837699,-7.6248973,icons/cafe.png,OSM
Casablanca-Settat,Casa Jose,Restaurant,Formel,Casa Jose,33.4907947,-7.5992206,icons/restaurant.png,OSM
Casablanca-Settat,Blendcorner,Restaurant,Formel,"Abbas Mahmoud Al Akkad, Casablanca",33.5931096,-7.6324939,icons/restaurant.png,OSM
Casablanca-Settat,Pans & Company,Restaurant,Formel,Pans & Company,33.59421,-7.6338571,icons/restaurant.png,OSM
Casablanca-Settat,صيدلية حي النصر 2,Parapharmacie,Formel,9,33.5341105,-7.5570706,icons/pharmacy.png,OSM
Casablanca-Settat,alimentation général ZAHRI,Supermarché,Formel,10,33.5337483,-7.5561429,icons/supermarket.png,OSM
Casablanca-Settat,Pharmacie Bab Al Baida صيدلية باب البيضاء,Parapharmacie,Formel,Bouskoura,33.4787307,-7.6588,icons/pharmacy.png,OSM
Casablanca-Settat,Les Frères Gourmet,Café,Formel,Rue Aïn Harrouda زنقة عين حرودة,33.5901638,-7.6407301,icons/cafe.png,OSM
Casablanca-Settat,Snack le Rayon,Restaurant,Formel,"Boulevard Ziraoui, Casablanca",33.5944438,-7.6338089,icons/restaurant.png,OSM
Casablanca-Settat,STR'EAT BURGER,Restaurant,Formel,"Boulevard Ziraoui, Casablanca",33.5941785,-7.6343386,icons/restaurant.png,OSM
Casablanca-Settat,Boston Club,Café,Formel,Boston Club,33.5925936,-7.6376382,icons/cafe.png,OSM
Casablanca-Settat,Food Place,Restaurant,Formel,Food Place,33.5937567,-7.6349208,icons/restaurant.png,OSM
Casablanca-Settat,Manhattan Club,Café,Formel,Manhattan Club,33.5922629,-7.6364883,icons/cafe.png,OSM
Casablanca-Settat,Fayrouz,Restaurant,Formel,"Boulevard Ziraoui, Casablanca",33.5942943,-7.6340776,icons/restaurant.png,OSM
Casablanca-Settat,Campus café,Café,Formel,"Rue Abbas Mahmoud Al Akkad, Casablanca",33.5942762,-7.6337443,icons/cafe.png,OSM
Casablanca-Settat,Happy Rolls,Restaurant,Formel,"Boulevard Ziraoui, Casablanca",33.5938919,-7.6348494,icons/restaurant.png,OSM
Casablanca-Settat,lady killer chicha,Café,Formel,lady killer chicha,33.5933143,-7.6347517,icons/cafe.png,OSM
Casablanca-Settat,Pharmacie Mecca صيدلية مكة,Parapharmacie,Formel,"Avenue Ailanthus, Rabat",33.9443673,-6.8692589,icons/pharmacy.png,OSM
Casablanca-Settat,Mosquée Lalla Khadija,Épicerie,Informel,Mosquée Lalla Khadija,33.9458695,-6.8698044,icons/greengrocer.png,OSM
Casablanca-Settat,Cafe Luxia,Café,Formel,Boulevard de Sefrou,33.5476073,-7.589932,icons/cafe.png,OSM
Casablanca-Settat,marjane market,Supermarché,Formel,marjane market,33.9696521,-6.8645104,icons/supermarket.png,OSM
Casablanca-Settat,Paul,Boulangerie,Formel,Paul,33.953997,-6.8527407,icons/bakery.png,OSM
Casablanca-Settat,La piz,Restaurant,Formel,La piz,33.9562969,-6.8673183,icons/restaurant.png,OSM
Casablanca-Settat,Beyti Istanbul,Restaurant,Formel,Avenue Annakhil شارع النخيل,33.9564364,-6.8674722,icons/restaurant.png,OSM
Casablanca-Settat,مقهى اللوز,Café,Formel,مقهى اللوز,33.5718876,-7.530787,icons/cafe.png,OSM
Casablanca-Settat,Domino's,Restaurant,Formel,Domino's,33.9351004,-6.9442278,icons/restaurant.png,OSM
Casablanca-Settat,Pharmacie Mesk Ellil صيدلية مسك الليل,Parapharmacie,Formel,Rabat,33.9474695,-6.8607684,icons/pharmacy.png,OSM
Casablanca-Settat,Gapi,Restaurant,Formel,Gapi,33.5889659,-7.6470317,icons/restaurant.png,OSM
Casablanca-Settat,Supérette / Mini-market sans nom,Supérette / Mini-market,Formel,Supérette / Mini-market sans nom,33.9966808,-6.856154,icons/convenience.png,OSM
Casablanca-Settat,Restaurant sans nom,Restaurant,Formel,Restaurant sans nom,33.9961734,-6.8554125,icons/restaurant.png,OSM
Casablanca-Settat,Grillade MR PINO,Restaurant,Formel,"Avenue Tarik Ibn Ziad شارع طارق بن زياد, Témara تمارة",33.9102217,-6.9058166,icons/restaurant.png,OSM
Casablanca-Settat,Les Cinq B,Restaurant,Formel,Les Cinq B,33.9913637,-6.8511906,icons/restaurant.png,OSM
Casablanca-Settat,Café PINO,Café,Formel,"Avenue Tarik Ibn Ziad شارع طارق بن زياد, Témara تمارة",33.9107258,-6.9065088,icons/cafe.png,OSM
Casablanca-Settat,Chez Ayachi Randonnée Pedestre,Restaurant,Formel,"Ain Laqsab Commune Ain Tizgha, Benslimane",33.6016651,-7.0183627,icons/restaurant.png,OSM
Casablanca-Settat,Petits Radis,Restaurant,Formel,Petits Radis,33.954341,-6.8493242,icons/restaurant.png,OSM
Casablanca-Settat,El Chapo,Restaurant,Formel,El Chapo,33.989165,-6.8513037,icons/restaurant.png,OSM
Casablanca-Settat,Bonne Bouchée,Restaurant,Formel,"Centre Commercial CasaView ETG 1 Magasin 17, Casablanca ⵜⴰⴷⴷⴰⵔⵜ ⵜⵓⵎⵍⵉⵍⵜ الدار البيضاء",33.5091824,-7.6711135,icons/restaurant.png,OSM
Casablanca-Settat,L'Atelier du Sandwich,Restaurant,Formel,L'Atelier du Sandwich,33.9952688,-6.8492357,icons/restaurant.png,OSM
Casablanca-Settat,Kimos,Café,Formel,Kimos,33.9949086,-6.8509818,icons/cafe.png,OSM
Casablanca-Settat,F.café,Café,Formel,F.café,33.9973646,-6.844987,icons/cafe.png,OSM
Casablanca-Settat,4 cerises Patisserie,Café,Formel,4 cerises Patisserie,33.5622732,-7.6103213,icons/cafe.png,OSM
Casablanca-Settat,épicerie jnane souissi,Supermarché,Formel,épicerie jnane souissi,33.9483571,-6.8433886,icons/supermarket.png,OSM
Casablanca-Settat,Pharmacie Gueliz صيدلية كليز,Parapharmacie,Formel,"Avenue Bouregreg, Salé El Jadida",33.9890295,-6.7381193,icons/pharmacy.png,OSM
Casablanca-Settat,Pharmacie Elixir صيدلية إلكسير,Parapharmacie,Formel,"Avenue H'ssaine, Salé El Jadida",33.9869735,-6.7378151,icons/pharmacy.png,OSM
Casablanca-Settat,Supérette / Mini-market sans nom,Supérette / Mini-market,Formel,Supérette / Mini-market sans nom,33.9954866,-6.8558858,icons/convenience.png,OSM
Casablanca-Settat,Pharmacie Bayti صيدلية بيتي,Parapharmacie,Formel,"Avenue Mohamed V شارع الحسن الثاني, Salé El Jadida",33.9879668,-6.7343864,icons/pharmacy.png,OSM
Casablanca-Settat,Pharmacie Guissi صيدلية كيسي,Parapharmacie,Formel,"Avenue Bouregreg, Salé El Jadida",33.9910836,-6.7351757,icons/pharmacy.png,OSM
Casablanca-Settat,Pharmacie Cité Royale صيدلية الحي الملكي,Parapharmacie,Formel,"Avenue Atlas شارع الأطلس, Salé El Jadida",33.9919551,-6.7403575,icons/pharmacy.png,OSM
Casablanca-Settat,Pharmacie Ibn Hicham صيدلية ابن هشام,Parapharmacie,Formel,Salé El Jadida,33.9913245,-6.7311118,icons/pharmacy.png,OSM
Casablanca-Settat,Pharmacie Yakoubi صيدلية اليعقوبي,Parapharmacie,Formel,"Avenue Lalla Meriem شارع للا مريم, Salé El Jadida",33.9939277,-6.7303623,icons/pharmacy.png,OSM
Casablanca-Settat,Pharmacie Al Habayb صيدلية الحبايب,Parapharmacie,Formel,"Avenue Wahda, Salé El Jadida",33.9934432,-6.7357701,icons/pharmacy.png,OSM
Casablanca-Settat,Pharmacie Principale الصيدلية الرئيسية,Parapharmacie,Formel,Salé El Jadida,33.9979868,-6.7468771,icons/pharmacy.png,OSM
Casablanca-Settat,Pharmacie la Fontaine صيدلية النافورة,Parapharmacie,Formel,Salé El Jadida,33.9928932,-6.7427023,icons/pharmacy.png,OSM
Casablanca-Settat,Pharmacie Chifaa صيدلية الشفاء,Parapharmacie,Formel,Salé El Jadida,33.9982345,-6.7432098,icons/pharmacy.png,OSM
Casablanca-Settat,Pharmacie Centrale الصيدلية المركزية,Parapharmacie,Formel,"Avenue Sidi Mohamed Ben Hassan, Salé El Jadida",33.993877,-6.7441454,icons/pharmacy.png,OSM
Casablanca-Settat,Pharmacie Sala El Jadida صيدلية سلا الجديدة,Parapharmacie,Formel,"Avenue Moulay Youssef شارع مولاي يوسف, Salé El Jadida",33.9962426,-6.7450454,icons/pharmacy.png,OSM
Casablanca-Settat,Pharmacie El Maarid صيدلية المعرض,Parapharmacie,Formel,"Avenue Mohamed V شارع الحسن الثاني, Salé El Jadida",33.9999034,-6.7452214,icons/pharmacy.png,OSM
Casablanca-Settat,Pharmacie Mimoza صيدلية ميموزا,Parapharmacie,Formel,"Avenue Moulay Youssef شارع مولاي يوسف, Salé El Jadida",33.9993447,-6.7396468,icons/pharmacy.png,OSM
Casablanca-Settat,Pharmacie Al Arz صيدلية الأرز,Parapharmacie,Formel,"Avenue Lalla Meriem شارع للا مريم, Salé El Jadida",33.996293,-6.732882,icons/pharmacy.png,OSM
Casablanca-Settat,Pharmacie Bouregrag صيدلية ابي رقراق,Parapharmacie,Formel,"Avenue Bouregreg, Salé El Jadida",33.9945515,-6.7305609,icons/pharmacy.png,OSM
Casablanca-Settat,Pharmacie des Villas صيدلية الفيلات,Parapharmacie,Formel,Salé El Jadida,33.996983,-6.7300312,icons/pharmacy.png,OSM
Casablanca-Settat,Pharmacie MAIL CENTRAL صيدلية البريد المركزي,Parapharmacie,Formel,"Avenue Wahda, Salé El Jadida",33.9956835,-6.7382401,icons/pharmacy.png,OSM
Casablanca-Settat,Pharmacie Maghreb Arabe صيدلية المغرب العربي,Parapharmacie,Formel,Salé El Jadida,33.9982188,-6.7337354,icons/pharmacy.png,OSM
Casablanca-Settat,Restaurant Gardenia,Restaurant,Formel,"Avenue Atlas شارع الأطلس, Rabat ⵔⴱⴰⵟ الرباط",33.9962299,-6.8474284,icons/restaurant.png,OSM
Casablanca-Settat,Pharmacie Al Andaloussia صيدلية الأندلسية,Parapharmacie,Formel,"Avenue Mohamed V شارع الحسن الثاني, Salé Al Jadida",33.9955298,-6.7416676,icons/pharmacy.png,OSM
Casablanca-Settat,Pharmacie Les Pyramides صيدلية الأهرامات,Parapharmacie,Formel,Salé El Jadida,33.999408,-6.7443113,icons/pharmacy.png,OSM
Casablanca-Settat,سناك البيلياتشو,Restaurant,Formel,سناك البيلياتشو,33.6150325,-7.5017124,icons/restaurant.png,OSM
Casablanca-Settat,دار الناجي,Restaurant,Formel,Rabat ⵕⵕⴱⴰⵟ الرباط,33.9794775,-6.8956636,icons/restaurant.png,OSM
Casablanca-Settat,Alimentation Général Chez Al Bouazaoui,Supermarché,Formel,Alimentation Général Chez Al Bouazaoui,32.8090893,-7.0614012,icons/supermarket.png,OSM
Casablanca-Settat,Pharmacie Lissasfa صيدلية ليساسفة,Parapharmacie,Formel,El Jadida ⵍⵊⴰⴷⵉⴷⴰ الجديدة,33.2031072,-8.4930913,icons/pharmacy.png,OSM
Casablanca-Settat,Pharmacie Espace Al Amal صيدلية فضاء الأمل,Parapharmacie,Formel,El Jadida ⵍⵊⴰⴷⵉⴷⴰ الجديدة,33.2100867,-8.4938533,icons/pharmacy.png,OSM
Casablanca-Settat,Pharmacie Al Yacout صيدلية الياقوت,Parapharmacie,Formel,El Jadida ⵍⵊⴰⴷⵉⴷⴰ الجديدة,33.2128784,-8.494894,icons/pharmacy.png,OSM
Casablanca-Settat,Pharmacie Malika صيدلية مليكة,Parapharmacie,Formel,El Jadida ⵍⵊⴰⴷⵉⴷⴰ الجديدة,33.2196501,-8.4953668,icons/pharmacy.png,OSM
Casablanca-Settat,Pharmacie Atlas صيدلية أطلس,Parapharmacie,Formel,El Jadida ⵍⵊⴰⴷⵉⴷⴰ الجديدة,33.218918,-8.4920413,icons/pharmacy.png,OSM
Casablanca-Settat,Pharmacie Jebli صيدلية جبلي,Parapharmacie,Formel,El Jadida,33.2230377,-8.4958124,icons/pharmacy.png,OSM
Casablanca-Settat,Pharmacie Hay Salam صيدلية حي السلام,Parapharmacie,Formel,El Jadida ⵍⵊⴰⴷⵉⴷⴰ الجديدة,33.225935,-8.496973,icons/pharmacy.png,OSM
Casablanca-Settat,Pharmacie Route De Marrakech صيدلية طريق مراكش,Parapharmacie,Formel,El Jadida,33.2219292,-8.491993,icons/pharmacy.png,OSM
Casablanca-Settat,Pharmacie Al Balssam صيدلية البلسم,Parapharmacie,Formel,El Jadida ⵍⵊⴰⴷⵉⴷⴰ الجديدة,33.224309,-8.4930444,icons/pharmacy.png,OSM
Casablanca-Settat,Pharmacie L'Afrique صيدلية أفريقيا,Parapharmacie,Formel,El Jadida,33.2281448,-8.4816342,icons/pharmacy.png,OSM
Casablanca-Settat,Pharmacie Azzaytouna صيدلية الزيتونة,Parapharmacie,Formel,El Jadida,33.2278895,-8.4997064,icons/pharmacy.png,OSM
Casablanca-Settat,Pharmacie Cité Universitaire صيدلية الحي الجامعي,Parapharmacie,Formel,El Jadida ⵍⵊⴰⴷⵉⴷⴰ الجديدة,33.2244685,-8.4828123,icons/pharmacy.png,OSM
Casablanca-Settat,Pharmacie Grande Al Hawzia الصيدلية الكبرى للحوزية,Parapharmacie,Formel,El Jadida ⵍⵊⴰⴷⵉⴷⴰ الجديدة,33.2298637,-8.4704769,icons/pharmacy.png,OSM
Casablanca-Settat,Pharmacie Al Boustane الصيدلية البستان,Parapharmacie,Formel,El Jadida ⵍⵊⴰⴷⵉⴷⴰ الجديدة,33.2320673,-8.4866693,icons/pharmacy.png,OSM
Casablanca-Settat,Pharmacie Al Hamrae الصيدلية الحمراء,Parapharmacie,Formel,El Jadida,33.2366571,-8.4819324,icons/pharmacy.png,OSM
Casablanca-Settat,Pharmacie Al Masjid صيدلية المسجد,Parapharmacie,Formel,El Jadida,33.2353919,-8.4871536,icons/pharmacy.png,OSM
Casablanca-Settat,Pharmacie El Kawassim صيدلية القواسم,Parapharmacie,Formel,El Jadida,33.2355304,-8.477676,icons/pharmacy.png,OSM
Casablanca-Settat,Pharmacie Al Wahat الصيدلية الواحات,Parapharmacie,Formel,El Jadida,33.2326482,-8.4818477,icons/pharmacy.png,OSM
Casablanca-Settat,Pharmacie Sid Moussa صيدلية سيدي موسى,Parapharmacie,Formel,El Jadida,33.2333471,-8.492578,icons/pharmacy.png,OSM
Casablanca-Settat,Pharmacie Liban صيدلية لبنان,Parapharmacie,Formel,El Jadida ⵍⵊⴰⴷⵉⴷⴰ الجديدة,33.2438546,-8.487045,icons/pharmacy.png,OSM
Casablanca-Settat,Pharmacie Hakima صيدلية حكيمة,Parapharmacie,Formel,El Jadida,33.2376599,-8.4914393,icons/pharmacy.png,OSM
Casablanca-Settat,Pharmacie La Famille صيدلية الأسرة,Parapharmacie,Formel,El Jadida,33.2354286,-8.4903909,icons/pharmacy.png,OSM
Casablanca-Settat,Pharmacie Jawhara صيدلية جوهرة,Parapharmacie,Formel,El Jadida,33.2269657,-8.4935786,icons/pharmacy.png,OSM
Casablanca-Settat,Pharmacie Al Jahidi صيدلية الجاهدي,Parapharmacie,Formel,El Jadida,33.229685,-8.493702,icons/pharmacy.png,OSM
Casablanca-Settat,Pharmacie Al Qods صيدلية القدس,Parapharmacie,Formel,El Jadida,33.2411322,-8.4974862,icons/pharmacy.png,OSM
Casablanca-Settat,Pharmacie Moulay Driss صيدلية مولاي ادريس,Parapharmacie,Formel,El Jadida,33.2322965,-8.4952411,icons/pharmacy.png,OSM
Casablanca-Settat,Pharmacie et Laboratoire Imane صيدلية و مختبر ايمان,Parapharmacie,Formel,El Jadida ⵍⵊⴰⴷⵉⴷⴰ الجديدة,33.2441971,-8.4953457,icons/pharmacy.png,OSM
Casablanca-Settat,Pharmacie Ennakhil صيدلية النخيل,Parapharmacie,Formel,El Jadida ⵍⵊⴰⴷⵉⴷⴰ الجديدة,33.2430644,-8.4921565,icons/pharmacy.png,OSM
Casablanca-Settat,Pharmacie Oscar صيدلية أوسكار,Parapharmacie,Formel,El Jadida,33.2497932,-8.499538,icons/pharmacy.png,OSM
Casablanca-Settat,Pharmacie Dikra صيدلية ذكرى,Parapharmacie,Formel,El Jadida ⵍⵊⴰⴷⵉⴷⴰ الجديدة,33.2477695,-8.499859,icons/pharmacy.png,OSM
Casablanca-Settat,Pharmacie El Ghorba صيدلية الغربة,Parapharmacie,Formel,El Jadida ⵍⵊⴰⴷⵉⴷⴰ الجديدة,33.2216212,-8.4765585,icons/pharmacy.png,OSM
Casablanca-Settat,Pharmacie 2 Mars صيدلية 2 مارس,Parapharmacie,Formel,"Avenue 2 Mars, Fkih Ben Salah",32.5003081,-6.6827185,icons/pharmacy.png,OSM
Casablanca-Settat,Pharmacie Majidi صيدلية ماجيدي,Parapharmacie,Formel,Azemmour أزمور,33.2795696,-8.3573212,icons/pharmacy.png,OSM
Casablanca-Settat,Pharmacie Hay Al Wifak صيدلية حي الوفاق,Parapharmacie,Formel,Azemmour أزمور,33.2804432,-8.3616753,icons/pharmacy.png,OSM
Casablanca-Settat,Pharmacie Ennasr صيدلية النصر,Parapharmacie,Formel,Azemmour أزمور,33.2878001,-8.3493125,icons/pharmacy.png,OSM
Casablanca-Settat,Pharmacie Oum Rabii صيدلية أم ربيع,Parapharmacie,Formel,Azemmour أزمور,33.2820554,-8.3518655,icons/pharmacy.png,OSM
Casablanca-Settat,Pharmacie Azemmour صيدلية أزمور,Parapharmacie,Formel,Azemmour أزمور,33.28647,-8.3471006,icons/pharmacy.png,OSM
Casablanca-Settat,Pharmacie Jaouhari صيدلية جوهري,Parapharmacie,Formel,Azemmour أزمور,33.2868406,-8.3541568,icons/pharmacy.png,OSM
Casablanca-Settat,Pharmacie Tourabi صيدلية تورابي,Parapharmacie,Formel,"Avenue Al Massira, Fkih Ben Salah",32.50131,-6.6847428,icons/pharmacy.png,OSM
Casablanca-Settat,Pharmacie Al Mahatta صيدلية المحطة,Parapharmacie,Formel,Azemmour أزمور,33.2806228,-8.3428308,icons/pharmacy.png,OSM
Casablanca-Settat,Pharmacie Derb Jdid صيدلية درب جديد,Parapharmacie,Formel,Azemmour أزمور,33.2837695,-8.3427578,icons/pharmacy.png,OSM
Casablanca-Settat,Pharmacie de Peuple صيدلية الشعب,Parapharmacie,Formel,Azemmour,33.2844458,-8.3463646,icons/pharmacy.png,OSM
Casablanca-Settat,Pharmacie Moulay Bouchaib صيدلية مولاي بوشعيب,Parapharmacie,Formel,Azemmour ⴰⵣⵎⵎⵓⵔ أزمور,33.2878319,-8.3421061,icons/pharmacy.png,OSM
Casablanca-Settat,Pharmacie El Idrissi صيدلية الادريسي,Parapharmacie,Formel,Azemmour أزمور,33.2862164,-8.3415387,icons/pharmacy.png,OSM
Casablanca-Settat,Pharmacie Populaire الصيدلية الشعبية,Parapharmacie,Formel,"Avenue Hassan II, Fkih Ben Salah",32.5021835,-6.6868638,icons/pharmacy.png,OSM
Casablanca-Settat,Pharmacie Fadel صيدلية فاضل,Parapharmacie,Formel,Azemmour أزمور,33.2866046,-8.3265405,icons/pharmacy.png,OSM
Casablanca-Settat,Pharmacie Sidi Ali صيدلية سيدي علي,Parapharmacie,Formel,Azemmour أزمور,33.2843599,-8.3290778,icons/pharmacy.png,OSM
Casablanca-Settat,Pharmacie Al Farabi صيدلية الفرابي,Parapharmacie,Formel,"Rue Allal ben Abdallah, Fkih Ben Salah ⴼⵇⵉⵀ ⴱⵏ ⵚⴰⵍⵃ الفقيه بن صالح",32.5036979,-6.6875022,icons/pharmacy.png,OSM
Casablanca-Settat,Pharmacie Safir صيدلية سافير,Parapharmacie,Formel,Azemmour,33.2829138,-8.3242188,icons/pharmacy.png,OSM
Casablanca-Settat,Pharmacie Amine صيدلية أمين,Parapharmacie,Formel,Azemmour,33.2890098,-8.3228817,icons/pharmacy.png,OSM
Casablanca-Settat,Pharmacie Abou Ali صيدلية أبو علي,Parapharmacie,Formel,"Rue Allal ben Abdallah, Fkih Ben Salah",32.5018969,-6.6902708,icons/pharmacy.png,OSM
Casablanca-Settat,Pharmacie Al Amal صيدلية اﻷمل,Parapharmacie,Formel,"Rue Allal ben Abdallah, Fkih Ben Salah",32.5000214,-6.6932807,icons/pharmacy.png,OSM
Casablanca-Settat,Supérette / Mini-market sans nom,Supérette / Mini-market,Formel,Supérette / Mini-market sans nom,33.6009395,-7.6349887,icons/convenience.png,OSM
Casablanca-Settat,Pharmacie Abida صيدلية عبيدة,Parapharmacie,Formel,Fkih Ben Salah,32.5102847,-6.7005835,icons/pharmacy.png,OSM
Casablanca-Settat,Pharmacie Bir Anzarane صيدلية بئر أنزران,Parapharmacie,Formel,Fkih Ben Salah,32.5091881,-6.6972136,icons/pharmacy.png,OSM
Casablanca-Settat,Pharmacie Essaada صيدلية السعادة,Parapharmacie,Formel,Fkih Ben Salah,32.5063531,-6.7024786,icons/pharmacy.png,OSM
Casablanca-Settat,Pharmacie La Renaissance صيدلية النهضة,Parapharmacie,Formel,"Avenue Imam Malik, Fkih Ben Salah",32.5038778,-6.699565,icons/pharmacy.png,OSM
Casablanca-Settat,Pharmacie Abou Al Fadl صيدلية أبو الفضل,Parapharmacie,Formel,Fkih Ben Salah,32.5132715,-6.6985096,icons/pharmacy.png,OSM
Casablanca-Settat,Pharmacie de l'Hopital صيدلية المستشفى,Parapharmacie,Formel,Fkih Ben Salah,32.5058514,-6.6837123,icons/pharmacy.png,OSM
Casablanca-Settat,Pharmacie El Yassmine صيدلية الياسمين,Parapharmacie,Formel,Fkih Ben Salah,32.5075303,-6.6814443,icons/pharmacy.png,OSM
Casablanca-Settat,Pharmacie Marjane صيدلية مرجان,Parapharmacie,Formel,Fkih Ben Salah,32.5107496,-6.6807668,icons/pharmacy.png,OSM
Casablanca-Settat,Pharmacie Ifrane صيدلية إفران,Parapharmacie,Formel,Fkih Ben Salah,32.5109073,-6.6770924,icons/pharmacy.png,OSM
Casablanca-Settat,Pharmacie Pasteur صيدلية باستور,Parapharmacie,Formel,Fkih Ben Salah,32.5136272,-6.6748361,icons/pharmacy.png,OSM
Casablanca-Settat,Pharmacie Al Manar صيدلية المنار,Parapharmacie,Formel,Fkih Ben Salah,32.5077078,-6.6733812,icons/pharmacy.png,OSM
Casablanca-Settat,Pharmacie Bab Tlat صيدلية باب الثلاثاء,Parapharmacie,Formel,"Rue Bab Tlat, Fkih Ben Salah",32.5002278,-6.6896792,icons/pharmacy.png,OSM
Casablanca-Settat,Pharmacie El Kindi صيدلية الكندي,Parapharmacie,Formel,Fkih Ben Salah,32.504267,-6.6926508,icons/pharmacy.png,OSM
Casablanca-Settat,Pharmacie Beni Amir صيدلية بني عمير,Parapharmacie,Formel,Fkih Ben Salah,32.5002753,-6.6864353,icons/pharmacy.png,OSM
Casablanca-Settat,Pharmacie Quarante صيدلية كارنت,Parapharmacie,Formel,Fkih Ben Salah,32.5213165,-6.6718824,icons/pharmacy.png,OSM
Casablanca-Settat,Pharmacie Attissir صيدلية التيسير,Parapharmacie,Formel,"Avenue Bir Anzaren, El Jadida",33.2387467,-8.496767,icons/pharmacy.png,OSM
Casablanca-Settat,Pharmacie Timouyasse صيدلية تيموياس,Parapharmacie,Formel,"Avenue Bir Anzaren, El Jadida",33.2359803,-8.4943638,icons/pharmacy.png,OSM
Casablanca-Settat,Pharmacie Espace Al Massira صيدلية فضاء المسيرة,Parapharmacie,Formel,"Avenue Massira Al Khadra, El Jadida",33.2398457,-8.4926873,icons/pharmacy.png,OSM
Casablanca-Settat,Pharmacie Chergui صيدلية الشرقي,Parapharmacie,Formel,"Boulevard Driss Chraibi, El Jadida ⵍⵊⴰⴷⵉⴷⴰ الجديدة",33.2177739,-8.4708828,icons/pharmacy.png,OSM
Casablanca-Settat,Pharmacie Avicenne صيدلية ابن سينا,Parapharmacie,Formel,OUED ZEM,32.853026,-6.5783109,icons/pharmacy.png,OSM
Casablanca-Settat,Pharmacie Al Balsam صيدلية البلسم,Parapharmacie,Formel,Oued Zem ⵡⴰⴷ ⵣⴰⵎ وادي زم,32.8466323,-6.5767257,icons/pharmacy.png,OSM
Casablanca-Settat,Pharmacie Oued Zem صيدلية واد زم,Parapharmacie,Formel,OUED ZEM,32.8544654,-6.5762772,icons/pharmacy.png,OSM
Casablanca-Settat,Pharmacie Badr صيدلية بدر,Parapharmacie,Formel,Oued Zem ⵡⴰⴷ ⵣⴰⵎ وادي زم,32.8485083,-6.579861,icons/pharmacy.png,OSM
Casablanca-Settat,Pharmacie Jerusalem صيدلية القدس,Parapharmacie,Formel,Oued Zem,32.8603242,-6.5749552,icons/pharmacy.png,OSM
Casablanca-Settat,Pharmacie Zidania صيدلية زيدانية,Parapharmacie,Formel,Oued Zem,32.8583279,-6.5823227,icons/pharmacy.png,OSM
Casablanca-Settat,Pharmacie Salah صيدلية صلاح,Parapharmacie,Formel,Oued Zem ⵡⴰⴷ ⵣⴰⵎ وادي زم,32.8537622,-6.5805975,icons/pharmacy.png,OSM
Casablanca-Settat,Pharmacie Al Wahda صيدلية الوحدة,Parapharmacie,Formel,Oued Zem,32.8591529,-6.5769821,icons/pharmacy.png,OSM
Casablanca-Settat,Pharmacie Annour صيدلية النور,Parapharmacie,Formel,Oued Zem,32.8560121,-6.5791653,icons/pharmacy.png,OSM
Casablanca-Settat,Pharmacie Chifaa صيدلية الشفاء,Parapharmacie,Formel,Oued Zem,32.8587352,-6.5739255,icons/pharmacy.png,OSM
Casablanca-Settat,Pharmacie Mahi صيدلية ماحي,Parapharmacie,Formel,Oued Zem,32.8598646,-6.5792592,icons/pharmacy.png,OSM
Casablanca-Settat,Pharmacie Lac صيدلية البحيرة,Parapharmacie,Formel,Oued Zem ⵡⴰⴷ ⵣⴰⵎ وادي زم,32.861126,-6.5695789,icons/pharmacy.png,OSM
Casablanca-Settat,Pharmacie 20 Août صيدلية 20 غشت,Parapharmacie,Formel,Oued Zem,32.8607542,-6.57324,icons/pharmacy.png,OSM
Casablanca-Settat,Pharmacie Route Rabat صيدلية طريق الرباط,Parapharmacie,Formel,Oued Zem ⵡⴰⴷ ⵣⴰⵎ وادي زم,32.8719313,-6.5725387,icons/pharmacy.png,OSM
Casablanca-Settat,Pharmacie Mohamed V صيدلية محمد الخامس,Parapharmacie,Formel,Oued Zem ⵡⴰⴷ ⵣⴰⵎ وادي زم,32.8629609,-6.5686833,icons/pharmacy.png,OSM
Casablanca-Settat,Pharmacie Al Bochra صيدلية البشرى,Parapharmacie,Formel,Oued Zem ⵡⴰⴷ ⵣⴰⵎ وادي زم,32.8625267,-6.5682844,icons/pharmacy.png,OSM
Casablanca-Settat,Pharmacie Ibtissam صيدلية ابتسام,Parapharmacie,Formel,Oued Zem,32.8641548,-6.5737396,icons/pharmacy.png,OSM
Casablanca-Settat,Pharmacie Al Amal صيدلية الأمل,Parapharmacie,Formel,Oued Zem ⵡⴰⴷ ⵣⴰⵎ وادي زم,32.8634328,-6.5707002,icons/pharmacy.png,OSM
Casablanca-Settat,Pharmacie El Haj Taghi صيدلية الحاج التاغي,Parapharmacie,Formel,Oued Zem ⵡⴰⴷ ⵣⴰⵎ وادي زم,32.8627206,-6.572268,icons/pharmacy.png,OSM
Casablanca-Settat,Pharmacie Lakriaa صيدلية القريعة,Parapharmacie,Formel,"Rue Oued Dahab, Oued Zem",32.8626359,-6.5834931,icons/pharmacy.png,OSM
Casablanca-Settat,Pharmacie Hebron صيدلية الخليل,Parapharmacie,Formel,Oued Zem,32.8656129,-6.5821218,icons/pharmacy.png,OSM
Casablanca-Settat,Pharmacie Mekka صيدلية مكة,Parapharmacie,Formel,Oued Zem,32.8751777,-6.5701623,icons/pharmacy.png,OSM
Casablanca-Settat,Pharmacie Al Haddada صيدلية الحدادة,Parapharmacie,Formel,Oued Zem,32.8574515,-6.575483,icons/pharmacy.png,OSM
Casablanca-Settat,Pharmacie Al Massira صيدلية المسيرة,Parapharmacie,Formel,Oued Zem ⵡⴰⴷ ⵣⴰⵎ وادي زم,32.8653119,-6.5528392,icons/pharmacy.png,OSM
Casablanca-Settat,Pharmacie Ennasr صيدلية النصر,Parapharmacie,Formel,Oued Zem ⵡⴰⴷ ⵣⴰⵎ وادي زم,32.8633684,-6.5573463,icons/pharmacy.png,OSM
Casablanca-Settat,Pharmacie Al Hasnaa صيدلية الحسناء,Parapharmacie,Formel,Oued Zem,32.8602592,-6.5557584,icons/pharmacy.png,OSM
Casablanca-Settat,Pharmacie Hôpital صيدلية المستشفى,Parapharmacie,Formel,Oued Zem,32.8622,-6.5749869,icons/pharmacy.png,OSM
Casablanca-Settat,Pharmacie Farouk صيدلية فاروق,Parapharmacie,Formel,El Borouj ⵍⴱⵕⵓⵊ البروج,32.5032288,-7.1912465,icons/pharmacy.png,OSM
Casablanca-Settat,Pharmacie Al Fath صيدلية الفتح,Parapharmacie,Formel,El Borouj ⵍⴱⵕⵓⵊ البروج,32.5060133,-7.1935441,icons/pharmacy.png,OSM
Casablanca-Settat,Pharmacie Hassan 1er صيدلية الحسن الاول,Parapharmacie,Formel,El Borouj,32.5040627,-7.1956567,icons/pharmacy.png,OSM
Casablanca-Settat,Pharmacie Sidi Nacer صيدلية سيدي ناصر,Parapharmacie,Formel,El Borouj ⵍⴱⵕⵓⵊ البروج,32.5048634,-7.1915836,icons/pharmacy.png,OSM
Casablanca-Settat,Pharmacie Beni Meskine صيدلية بني مسكين,Parapharmacie,Formel,El Borouj ⵍⴱⵕⵓⵊ البروج,32.5036884,-7.1927915,icons/pharmacy.png,OSM
Casablanca-Settat,Pharmacie Achifaa صيدلية الشفاء,Parapharmacie,Formel,El Borouj,32.5055585,-7.1953813,icons/pharmacy.png,OSM
Casablanca-Settat,Pharmacie Centrale الصيدلية المركزية,Parapharmacie,Formel,El Borouj ⵍⴱⵕⵓⵊ البروج,32.5045317,-7.1929769,icons/pharmacy.png,OSM
Casablanca-Settat,Pharmacie El Borouj صيدلية البروج,Parapharmacie,Formel,El Borouj ⵍⴱⵕⵓⵊ البروج,32.5062123,-7.1922183,icons/pharmacy.png,OSM
Casablanca-Settat,Pharmacie Abdelaziz صيدلية عبد العزيز,Parapharmacie,Formel,Khouribga,32.8514757,-6.8759579,icons/pharmacy.png,OSM
Casablanca-Settat,Pharmacie Makka صيدلية مكة,Parapharmacie,Formel,Khouribga ⵅⵯⵔⵉⴱⴳⴰ خريبكة,32.8632156,-6.9032585,icons/pharmacy.png,OSM
Casablanca-Settat,Pharmacie Faculté صيدلية الكلية,Parapharmacie,Formel,Khouribga,32.8659343,-6.9061813,icons/pharmacy.png,OSM
Casablanca-Settat,Pharmacie Al Marjane صيدلية المرجان,Parapharmacie,Formel,Khouribga,32.873962,-6.901222,icons/pharmacy.png,OSM
Casablanca-Settat,Pharmacie Achorouk صيدلية الشروق,Parapharmacie,Formel,Khouribga,32.8664203,-6.9013385,icons/pharmacy.png,OSM
Casablanca-Settat,Pharmacie Al Falah صيدلية الفلاح,Parapharmacie,Formel,Khouribga,32.8686099,-6.8989789,icons/pharmacy.png,OSM
Casablanca-Settat,Pharmacie Riyad Essaha صيدلية رياض الصحة,Parapharmacie,Formel,Khouribga,32.8671323,-6.9167253,icons/pharmacy.png,OSM
Casablanca-Settat,Pharmacie El Allaouin صيدلية العلويين,Parapharmacie,Formel,Khouribga,32.873532,-6.9123822,icons/pharmacy.png,OSM
Casablanca-Settat,Pharmacie Qadi Ayad صيدلية قاضي عياض,Parapharmacie,Formel,Khouribga,32.8684836,-6.9156064,icons/pharmacy.png,OSM
Casablanca-Settat,Pharmacie Guizlan صيدلية غزلان,Parapharmacie,Formel,Khouribga,32.873246,-6.9172781,icons/pharmacy.png,OSM
Casablanca-Settat,Pharmacie Al Mokawama صيدلية المقاومة,Parapharmacie,Formel,Oued Zem ⵡⴰⴷ ⵣⴰⵎ وادي زم,32.8514127,-6.5796077,icons/pharmacy.png,OSM
Casablanca-Settat,Pharmacie Noury Ihssane صيدلية نوري إحسان,Parapharmacie,Formel,Boujniba ⴱⵓⵊⵏⵉⴱⴰ بو جنيبة,32.9021916,-6.7817469,icons/pharmacy.png,OSM
Casablanca-Settat,Pharmacie Mosquée Badr صيدلية مسجد بدر,Parapharmacie,Formel,"Avenue Dakhla, Boujniba ⴱⵓⵊⵏⵉⴱⴰ بو جنيبة",32.8996485,-6.7751918,icons/pharmacy.png,OSM
Casablanca-Settat,Pharmacie Boujniba صيدلية بوجنيبة,Parapharmacie,Formel,"Avenue Mohamed V, Boujniba ⴱⵓⵊⵏⵉⴱⴰ بو جنيبة",32.8982514,-6.7791135,icons/pharmacy.png,OSM
Casablanca-Settat,Pharmacie Principale الصيدلية الرئيسية,Parapharmacie,Formel,Boujniba ⴱⵓⵊⵏⵉⴱⴰ بو جنيبة,32.8977106,-6.7759273,icons/pharmacy.png,OSM
Casablanca-Settat,Pharmacie Fatima Zahra صيدلية فاطمة الزهراء,Parapharmacie,Formel,"Avenue Mohamed V, Boujniba ⴱⵓⵊⵏⵉⴱⴰ بو جنيبة",32.8956758,-6.7757093,icons/pharmacy.png,OSM
Casablanca-Settat,Pharmacie Salah Eddine صيدلية صلاح الدين,Parapharmacie,Formel,Bir Jdid,33.3791616,-7.9986333,icons/pharmacy.png,OSM
Casablanca-Settat,Pharmacie Canada One صيدلية وان كندا,Parapharmacie,Formel,Bir Jdid ⴱⵉⵔ ⵊⴷⵉⴷ البير الجديد,33.3804859,-7.9920469,icons/pharmacy.png,OSM
Casablanca-Settat,Pharmacie Ridouane صيدلية الرضوان,Parapharmacie,Formel,Bir Jdid ⴱⵉⵔ ⵊⴷⵉⴷ البير الجديد,33.3792296,-7.9954559,icons/pharmacy.png,OSM
Casablanca-Settat,Pharmacie Assanabil صيدلية السنابل,Parapharmacie,Formel,Bir Jdid ⴱⵉⵔ ⵊⴷⵉⴷ البير الجديد,33.3768254,-7.999021,icons/pharmacy.png,OSM
Casablanca-Settat,Pharmacie Oulja صيدلية الولجة,Parapharmacie,Formel,"Avenue Mohamed V, Bir Jdid ⴱⵉⵔ ⵊⴷⵉⴷ البير الجديد",33.3744768,-7.9980062,icons/pharmacy.png,OSM
Casablanca-Settat,Pharmacie du quartier صيدلية الحي,Parapharmacie,Formel,"Avenue Hassan II, Bir Jdid ⴱⵉⵔ ⵊⴷⵉⴷ البير الجديد",33.370224,-7.999867,icons/pharmacy.png,OSM
Casablanca-Settat,Pharmacie Yassmine صيدلية ياسمين,Parapharmacie,Formel,"Avenue Mohamed V, Bir Jdid ⴱⵉⵔ ⵊⴷⵉⴷ البير الجديد",33.3723486,-7.9939954,icons/pharmacy.png,OSM
Casablanca-Settat,Pharmacie Chikh Bahloul صيدلية الشيخ بهلول,Parapharmacie,Formel,Bir Jdid ⴱⵉⵔ ⵊⴷⵉⴷ البير الجديد,33.3681612,-7.9915998,icons/pharmacy.png,OSM
Casablanca-Settat,Pharmacie Riad صيدلية رياض,Parapharmacie,Formel,Bir Jdid ⴱⵉⵔ ⵊⴷⵉⴷ البير الجديد,33.3687257,-7.9979071,icons/pharmacy.png,OSM
Casablanca-Settat,Pharmacie Dyar Ismail صيدلية ديار إسماعيل,Parapharmacie,Formel,Mediouna,33.4536189,-7.4989284,icons/pharmacy.png,OSM
Casablanca-Settat,Pharmacie Kasbah Mediouna صيدلية قصبة مديونة,Parapharmacie,Formel,Médiouna مديونة,33.4629668,-7.5212014,icons/pharmacy.png,OSM
Casablanca-Settat,Pharmacie Mediouna صيدلية مديونة,Parapharmacie,Formel,"Hassan II, Médiouna مديونة",33.4536375,-7.5153314,icons/pharmacy.png,OSM
Casablanca-Settat,Pharmacie Wiam Mediouna صيدلية وئام مديونة,Parapharmacie,Formel,Médiouna مديونة,33.4475369,-7.5033015,icons/pharmacy.png,OSM
Casablanca-Settat,Pharmacie Jnane Mediouna صيدلية جنان مديونة,Parapharmacie,Formel,Médiouna مديونة,33.4558395,-7.507549,icons/pharmacy.png,OSM
Casablanca-Settat,Pharmacie Zohour صيدلية زهور,Parapharmacie,Formel,Médiouna مديونة,33.4609958,-7.504889,icons/pharmacy.png,OSM
Casablanca-Settat,Pharmacie Wellness صيدلية الصحة و العافية,Parapharmacie,Formel,"Route de Mediouna طريق مديونة, Mediouna",33.4354915,-7.5206472,icons/pharmacy.png,OSM
Casablanca-Settat,Pharmacie Akhawaine صيدلية أخوين,Parapharmacie,Formel,Khouribga,32.8757699,-6.9244209,icons/pharmacy.png,OSM
Casablanca-Settat,Pharmacie Baghdad صيدلية بغداد,Parapharmacie,Formel,Khouribga,32.8804956,-6.9234559,icons/pharmacy.png,OSM
Casablanca-Settat,Pharmacie la Liberté صيدلية الحرية,Parapharmacie,Formel,Khouribga,32.8754362,-6.8971327,icons/pharmacy.png,OSM
Casablanca-Settat,Pharmacie Anssam صيدلية أنسام,Parapharmacie,Formel,Khouribga ⵅⵯⵔⵉⴱⴳⴰ خريبكة,32.8701749,-6.9306562,icons/pharmacy.png,OSM
Casablanca-Settat,Pharmacie 21 Août صيدلية 21 غشت,Parapharmacie,Formel,Khouribga ⵅⵯⵔⵉⴱⴳⴰ خريبكة,32.8826763,-6.9159339,icons/pharmacy.png,OSM
Casablanca-Settat,Pharmacie Victoire صيدلية النصر,Parapharmacie,Formel,Khouribga,32.8907539,-6.9340279,icons/pharmacy.png,OSM
Casablanca-Settat,Pharmacie Al Masjid صيدلية المسجد,Parapharmacie,Formel,Khouribga,32.8753626,-6.9036656,icons/pharmacy.png,OSM
Casablanca-Settat,Pharmacie Jazi صيدلية جازي,Parapharmacie,Formel,Khouribga ⵅⵯⵔⵉⴱⴳⴰ خريبكة,32.8792736,-6.9303157,icons/pharmacy.png,OSM
Casablanca-Settat,Pharmacie Nour Arrahmane صيدلية نور الرحمان,Parapharmacie,Formel,Khouribga,32.8737033,-6.9346852,icons/pharmacy.png,OSM
Casablanca-Settat,Pharmacie Yasser صيدلية ياسر,Parapharmacie,Formel,Khouribga,32.8739392,-6.9308256,icons/pharmacy.png,OSM
Casablanca-Settat,Pharmacie Bilal صيدلية بلال,Parapharmacie,Formel,Khouribga,32.8763766,-6.9336978,icons/pharmacy.png,OSM
Casablanca-Settat,Pharmacie Marrakech صيدلية مراكش,Parapharmacie,Formel,Khouribga ⵅⵯⵔⵉⴱⴳⴰ خريبكة,32.8814213,-6.9140125,icons/pharmacy.png,OSM
Casablanca-Settat,Pharmacie Bab Khoukha صيدلية باب خوخة,Parapharmacie,Formel,Khouribga,32.8815336,-6.9232481,icons/pharmacy.png,OSM
Casablanca-Settat,Pharmacie Al Ghaz صيدلية الغاز,Parapharmacie,Formel,Khouribga,32.8802227,-6.8994703,icons/pharmacy.png,OSM
Casablanca-Settat,Pharmacie Village صيدلية القرية,Parapharmacie,Formel,Khouribga,32.8765125,-6.9082636,icons/pharmacy.png,OSM
Casablanca-Settat,Pharmacie Bioute صيدلية بيوت,Parapharmacie,Formel,KHOURIBGA,32.876487,-6.9000616,icons/pharmacy.png,OSM
Casablanca-Settat,Pharmacie Tariq صيدلية طارق,Parapharmacie,Formel,Khouribga,32.8827478,-6.9316345,icons/pharmacy.png,OSM
Casablanca-Settat,Pharmacie Al Ihssane صيدلية الاحسان,Parapharmacie,Formel,Khouribga,32.8872581,-6.935983,icons/pharmacy.png,OSM
Casablanca-Settat,Pharmacie Al Manar صيدلية المنار,Parapharmacie,Formel,Khouribga,32.8948723,-6.9290221,icons/pharmacy.png,OSM
Casablanca-Settat,Pharmacie Rafiq صيدلية رفيق,Parapharmacie,Formel,Khouribga,32.8955469,-6.9370167,icons/pharmacy.png,OSM
Casablanca-Settat,Pharmacie Fahmane صيدلية فهمان,Parapharmacie,Formel,Khouribga,32.8894472,-6.9359212,icons/pharmacy.png,OSM
Casablanca-Settat,Pharmacie El Imane صيدلية الايمان,Parapharmacie,Formel,Khouribga ⵅⵯⵔⵉⴱⴳⴰ خريبكة,32.893358,-6.9416404,icons/pharmacy.png,OSM
Casablanca-Settat,Pharmacie Rabbani صيدلية الرباني,Parapharmacie,Formel,Khouribga ⵅⵯⵔⵉⴱⴳⴰ خريبكة,32.89299,-6.9379437,icons/pharmacy.png,OSM
Casablanca-Settat,Pharmacie El Wafaa صيدلية الوفاء,Parapharmacie,Formel,Khouribga,32.8982687,-6.9368819,icons/pharmacy.png,OSM
Casablanca-Settat,Pharmacie Errahmane صيدلية الرحمان,Parapharmacie,Formel,Khouribga,32.8994574,-6.9308199,icons/pharmacy.png,OSM
Casablanca-Settat,Pharmacie Populaire صيدلية الشعب,Parapharmacie,Formel,Khouribga,32.8975989,-6.9331514,icons/pharmacy.png,OSM
Casablanca-Settat,Pharmacie Zellaka صيدلية ا الزلاقة,Parapharmacie,Formel,Khouribga,32.8907209,-6.9304266,icons/pharmacy.png,OSM
Casablanca-Settat,Pharmacie Aneflous صيدلية انفلوس,Parapharmacie,Formel,Khouribga,32.8976696,-6.9282918,icons/pharmacy.png,OSM
Casablanca-Settat,Pharmacie Assalam صيدلية السلام,Parapharmacie,Formel,Khouribga,32.8883098,-6.8935856,icons/pharmacy.png,OSM
Casablanca-Settat,Pharmacie Ibn Sina صيدلية ابن سينا,Parapharmacie,Formel,Khouribga,32.884964,-6.9290827,icons/pharmacy.png,OSM
Casablanca-Settat,Pharmacie Grand Maghreb صيدلية المغرب الكبير,Parapharmacie,Formel,Khouribga,32.8873925,-6.9279442,icons/pharmacy.png,OSM
Casablanca-Settat,Pharmacie Charkaoui صيدلية الشرقاوي,Parapharmacie,Formel,Khouribga,32.8854462,-6.9156823,icons/pharmacy.png,OSM
Casablanca-Settat,Pharmacie Phosphate صيدلية الفوسفاط,Parapharmacie,Formel,Khouribga,32.8844996,-6.9251906,icons/pharmacy.png,OSM
Casablanca-Settat,Pharmacie Roudani صيدلية الروداني,Parapharmacie,Formel,Khouribga,32.8839129,-6.9212835,icons/pharmacy.png,OSM
Casablanca-Settat,Pharmacie Chahbounia صيدلية شهبونية,Parapharmacie,Formel,Khouribga ⵅⵯⵔⵉⴱⴳⴰ خريبكة,32.8985373,-6.9032138,icons/pharmacy.png,OSM
Casablanca-Settat,Pharmacie Centrale الصيدلية المركزية,Parapharmacie,Formel,Khouribga,32.8844199,-6.9133502,icons/pharmacy.png,OSM
Casablanca-Settat,Pharmacie Nahda صيدلية النهضة,Parapharmacie,Formel,Khouribga,32.8854903,-6.9120525,icons/pharmacy.png,OSM
Casablanca-Settat,Pharmacie Grande Pharmacie,Parapharmacie,Formel,Khouribga,32.8844129,-6.9098107,icons/pharmacy.png,OSM
Casablanca-Settat,Pharmacie Ibn Tofail صيدلية ابن طفيل,Parapharmacie,Formel,Khouribga,32.8860122,-6.9008217,icons/pharmacy.png,OSM
Casablanca-Settat,Pharmacie El Massira صيدلية المسيرة,Parapharmacie,Formel,Khouribga,32.8874889,-6.8969171,icons/pharmacy.png,OSM
Casablanca-Settat,Pharmacie Ouled Abdoun صيدلية اولاد عبدون,Parapharmacie,Formel,Khouribga,32.9055929,-6.9240365,icons/pharmacy.png,OSM
Casablanca-Settat,Pharmacie Pasteur صيدلية باستور,Parapharmacie,Formel,Khouribga ⵅⵯⵔⵉⴱⴳⴰ خريبكة,32.8998414,-6.9156488,icons/pharmacy.png,OSM
Casablanca-Settat,Pharmacie Al Bassatine صيدلية البساتين,Parapharmacie,Formel,Khouribga ⵅⵯⵔⵉⴱⴳⴰ خريبكة,32.9038991,-6.9070396,icons/pharmacy.png,OSM
Casablanca-Settat,Pharmacie Hazim صيدلية حازم,Parapharmacie,Formel,Khouribga ⵅⵯⵔⵉⴱⴳⴰ خريبكة,32.8964624,-6.920839,icons/pharmacy.png,OSM
Casablanca-Settat,Pharmacie Wariri صيدلية وريري,Parapharmacie,Formel,Khouribga ⵅⵯⵔⵉⴱⴳⴰ خريبكة,32.9009634,-6.9112044,icons/pharmacy.png,OSM
Casablanca-Settat,Pharmacie Amtoun صيدلية أمتون,Parapharmacie,Formel,Khouribga,32.8882019,-6.9073428,icons/pharmacy.png,OSM
Casablanca-Settat,Pharmacie Moulay Youssef صيدلية مولاي يوسف,Parapharmacie,Formel,Khouribga,32.8874282,-6.9109272,icons/pharmacy.png,OSM
Casablanca-Settat,Pharmacie Résistance صيدلية المقاومة,Parapharmacie,Formel,Khouribga,32.8921083,-6.9202547,icons/pharmacy.png,OSM
Casablanca-Settat,Pharmacie Al Mostakbal صيدلية المستقبل,Parapharmacie,Formel,Khouribga ⵅⵯⵔⵉⴱⴳⴰ خريبكة,32.8987154,-6.9225582,icons/pharmacy.png,OSM
Casablanca-Settat,Pharmacie Hay Mabchour صيدلية حي مبشور,Parapharmacie,Formel,Khouribga ⵅⵯⵔⵉⴱⴳⴰ خريبكة,32.8943915,-6.9221199,icons/pharmacy.png,OSM
Casablanca-Settat,Pharmacie Annour صيدلية النور,Parapharmacie,Formel,Khouribga,32.8902022,-6.9049214,icons/pharmacy.png,OSM
Casablanca-Settat,Pharmacie Dakhla صيدلية الداخلة,Parapharmacie,Formel,Khouribga,32.8926656,-6.9076832,icons/pharmacy.png,OSM
Casablanca-Settat,Pharmacie Khouribga صيدلية خريبكة,Parapharmacie,Formel,Khouribga,32.8945479,-6.8986492,icons/pharmacy.png,OSM
Casablanca-Settat,Pharmacie Bouchra صيدلية بشرى,Parapharmacie,Formel,Khouribga,32.8940808,-6.9039584,icons/pharmacy.png,OSM
Casablanca-Settat,Pharmacie Hôpital صيدلية المستشفى,Parapharmacie,Formel,Khouribga,32.8912079,-6.9092619,icons/pharmacy.png,OSM
Casablanca-Settat,Pharmacie Yassmina صيدلية ياسمينة,Parapharmacie,Formel,Khouribga,32.8914296,-6.8941604,icons/pharmacy.png,OSM
Casablanca-Settat,Pharmacie Youssef Ben Tachfine صيدلية يوسف بن تاشفين,Parapharmacie,Formel,Khouribga,32.894378,-6.8949638,icons/pharmacy.png,OSM
Casablanca-Settat,Pharmacie Imam Malik صيدلية الامام مالك,Parapharmacie,Formel,Khouribga ⵅⵯⵔⵉⴱⴳⴰ خريبكة,32.8904688,-6.9180633,icons/pharmacy.png,OSM
Casablanca-Settat,Pharmacie Rochdi صيدلية رشدي,Parapharmacie,Formel,Khouribga,32.8921797,-6.89802,icons/pharmacy.png,OSM
Casablanca-Settat,Pharmacie Assouna صيدلية السنة,Parapharmacie,Formel,Khouribga ⵅⵯⵔⵉⴱⴳⴰ خريبكة,32.8770811,-6.9288784,icons/pharmacy.png,OSM
Casablanca-Settat,Pharmacie Khallouk صيدلية خلوق,Parapharmacie,Formel,Khouribga ⵅⵯⵔⵉⴱⴳⴰ خريبكة,32.9002677,-6.9186637,icons/pharmacy.png,OSM
Casablanca-Settat,Pharmacie Oum El Qora صيدلية أم القرى,Parapharmacie,Formel,Khouribga ⵅⵯⵔⵉⴱⴳⴰ خريبكة,32.8918877,-6.899863,icons/pharmacy.png,OSM
Casablanca-Settat,Pharmacie Ouardigha صيدلية ورديغة,Parapharmacie,Formel,Khouribga,32.8864803,-6.9322951,icons/pharmacy.png,OSM
Casablanca-Settat,Pharmacie Ryad صيدلية رياض,Parapharmacie,Formel,Khouribga,32.878631,-6.9255609,icons/pharmacy.png,OSM
Casablanca-Settat,Pharmacie Souissi صيدلية سويسي,Parapharmacie,Formel,Khouribga,32.8908687,-6.902262,icons/pharmacy.png,OSM
Casablanca-Settat,Pharmacie Tantawi صيدلية الطنطاوي,Parapharmacie,Formel,"Boulevard Mohammed VI, Khouribga ⵅⵯⵔⵉⴱⴳⴰ خريبكة",32.8900944,-6.9259075,icons/pharmacy.png,OSM
Casablanca-Settat,Pharmacie Rhases صيدلية الرازي,Parapharmacie,Formel,Khouribga ⵅⵯⵔⵉⴱⴳⴰ خريبكة,32.90232,-6.9042541,icons/pharmacy.png,OSM
Casablanca-Settat,Pharmacie Mokhtar Soussi صيدلية المختار السوسي,Parapharmacie,Formel,"Rue Mokhtar Souusi, Khouribga",32.8863498,-6.9050606,icons/pharmacy.png,OSM
Casablanca-Settat,Café Galicia,Café,Formel,"Allée Nord الممر الشمالي, Rabat",33.9635913,-6.8656215,icons/cafe.png,OSM
Casablanca-Settat,Pharmacie Al Fath صيدلية الفتح,Parapharmacie,Formel,Sidi Bennour ⵙⵉⴷⵉ ⴱⵏⵏⵓⵕ سيدي بنور,32.6435325,-8.4294538,icons/pharmacy.png,OSM
Casablanca-Settat,Pharmacie Charafi صيدلية شرفي,Parapharmacie,Formel,Sidi Bennour,32.645245,-8.4259538,icons/pharmacy.png,OSM
Casablanca-Settat,Pharmacie Tariq صيدلية طارق,Parapharmacie,Formel,Sidi Bennour ⵙⵉⴷⵉ ⴱⵏⵏⵓⵕ سيدي بنور,32.6403928,-8.4243535,icons/pharmacy.png,OSM
Casablanca-Settat,Pharmacie Al Mostakbal صيدلية المستقبل,Parapharmacie,Formel,Sidi Bennour ⵙⵉⴷⵉ ⴱⵏⵏⵓⵕ سيدي بنور,32.6503923,-8.4256643,icons/pharmacy.png,OSM
Casablanca-Settat,Pharmacie El Ouafaa صيدلية الوفاء,Parapharmacie,Formel,Sidi Bennour ⵙⵉⴷⵉ ⴱⵏⵏⵓⵕ سيدي بنور,32.6441575,-8.4226979,icons/pharmacy.png,OSM
Casablanca-Settat,Pharmacie Al Hassania صيدلية الحسنية,Parapharmacie,Formel,Sidi Bennour,32.6484718,-8.4303442,icons/pharmacy.png,OSM
Casablanca-Settat,Pharmacie Al Qods صيدلية القدس,Parapharmacie,Formel,Sidi Bennour ⵙⵉⴷⵉ ⴱⵏⵏⵓⵕ سيدي بنور,32.6507329,-8.423771,icons/pharmacy.png,OSM
Casablanca-Settat,Pharmacie Victoire صيدلية النصر,Parapharmacie,Formel,Sidi Bennour ⵙⵉⴷⵉ ⴱⵏⵏⵓⵕ سيدي بنور,32.6451983,-8.4203776,icons/pharmacy.png,OSM
Casablanca-Settat,Pharmacie Belkouied صيدلية بلكويد,Parapharmacie,Formel,Sidi Bennour,32.6482306,-8.4159786,icons/pharmacy.png,OSM
Casablanca-Settat,Pharmacie Centrale الصيدلية المركزية,Parapharmacie,Formel,Sidi Bennour,32.648065,-8.4204169,icons/pharmacy.png,OSM
Casablanca-Settat,Pharmacie Santé صيدلية الصحة,Parapharmacie,Formel,Sidi Bennour ⵙⵉⴷⵉ ⴱⵏⵏⵓⵕ سيدي بنور,32.6435757,-8.4190911,icons/pharmacy.png,OSM
Casablanca-Settat,Pharmacie 20 Août صيدلية 20 غشت,Parapharmacie,Formel,Sidi Bennour ⵙⵉⴷⵉ ⴱⵏⵏⵓⵕ سيدي بنور,32.6464282,-8.4164618,icons/pharmacy.png,OSM
Casablanca-Settat,Pharmacie Chorouk صيدلية الشروق,Parapharmacie,Formel,Sidi Bennour,32.6502504,-8.4362994,icons/pharmacy.png,OSM
Casablanca-Settat,Pharmacie Badr صيدلية بدر,Parapharmacie,Formel,Sidi Bennour ⵙⵉⴷⵉ ⴱⵏⵏⵓⵕ سيدي بنور,32.65245,-8.4226361,icons/pharmacy.png,OSM
Casablanca-Settat,Pharmacie Noury صيدلية النوري,Parapharmacie,Formel,Sidi Bennour,32.6512816,-8.4195798,icons/pharmacy.png,OSM
Casablanca-Settat,Pharmacie La Cité صيدلية الحي,Parapharmacie,Formel,Sidi Bennour ⵙⵉⴷⵉ ⴱⵏⵏⵓⵕ سيدي بنور,32.650047,-8.4229282,icons/pharmacy.png,OSM
Casablanca-Settat,Pharmacie Ain Chifaa صيدلية عين الشفاء,Parapharmacie,Formel,Sidi Bennour,32.6502552,-8.4296307,icons/pharmacy.png,OSM
Casablanca-Settat,Pharmacie Famille صيدلية العائلة,Parapharmacie,Formel,Sidi Bennour,32.6526487,-8.4254339,icons/pharmacy.png,OSM
Casablanca-Settat,Pharmacie Sidi Bennour صيدلية سيدي بنور,Parapharmacie,Formel,Sidi Bennour,32.6505579,-8.4284621,icons/pharmacy.png,OSM
Casablanca-Settat,Pharmacie Al Yassine صيدلية الياسين,Parapharmacie,Formel,Sidi Bennour ⵙⵉⴷⵉ ⴱⵏⵏⵓⵕ سيدي بنور,32.655384,-8.4166483,icons/pharmacy.png,OSM
Casablanca-Settat,Pharmacie Bouroud صيدلية برود,Parapharmacie,Formel,Sidi Bennour ⵙⵉⴷⵉ ⴱⵏⵏⵓⵕ سيدي بنور,32.6492803,-8.4314073,icons/pharmacy.png,OSM
Casablanca-Settat,Pharmacie Arrahma صيدلية الرحمة,Parapharmacie,Formel,Sidi Bennour,32.6465512,-8.4281868,icons/pharmacy.png,OSM
Casablanca-Settat,Pharmacie Ahlam صيدلية أحلام,Parapharmacie,Formel,Sidi Bennour,32.6482306,-8.4282823,icons/pharmacy.png,OSM
Casablanca-Settat,Pharmacie Miftah El Khair صيدلية مفتاح الخير,Parapharmacie,Formel,Sidi Bennour,32.6462012,-8.4334398,icons/pharmacy.png,OSM
Casablanca-Settat,Pharmacie Al Widad صيدلية الوداد,Parapharmacie,Formel,Sidi Bennour ⵙⵉⴷⵉ ⴱⵏⵏⵓⵕ سيدي بنور,32.6535146,-8.4244411,icons/pharmacy.png,OSM
Casablanca-Settat,Pharmacie Al Inbiat صيدلية الإنبعاث,Parapharmacie,Formel,"Avenue Belghazi, Khouribga",32.8744826,-6.9277723,icons/pharmacy.png,OSM
Casablanca-Settat,Pharmacie du Croissant صيدلية الهلال,Parapharmacie,Formel,"Rue Cadi Ayad, Khouribga",32.8904564,-6.9217286,icons/pharmacy.png,OSM
Casablanca-Settat,Pharmacie Ibn Rochd صيدلية ابن رشد,Parapharmacie,Formel,Khouribga ⵅⵯⵔⵉⴱⴳⴰ خريبكة,32.8924637,-6.9159149,icons/pharmacy.png,OSM
Casablanca-Settat,Pharmacie Ibnou Lhaytham صيدلية ابن الهيثم,Parapharmacie,Formel,Khouribga,32.8894719,-6.8993982,icons/pharmacy.png,OSM
Casablanca-Settat,Pharmacie Attakadum صيدلية التقدم,Parapharmacie,Formel,Khouribga ⵅⵯⵔⵉⴱⴳⴰ خريبكة,32.8920705,-6.9244132,icons/pharmacy.png,OSM
Casablanca-Settat,Café sans nom,Café,Formel,Café sans nom,33.6003103,-7.6374225,icons/cafe.png,OSM
Casablanca-Settat,Supérette / Mini-market sans nom,Supérette / Mini-market,Formel,Supérette / Mini-market sans nom,33.598828,-7.6375821,icons/convenience.png,OSM
Casablanca-Settat,Pharmacie Atmai صيدلية أتماعي,Parapharmacie,Formel,Had Soualem,33.4142778,-7.8579793,icons/pharmacy.png,OSM
Casablanca-Settat,Pharmacie Jardins Sahel صيدلية حدائق الساهل,Parapharmacie,Formel,Had Soualem حـد الـسـوالـم,33.4062432,-7.8523711,icons/pharmacy.png,OSM
Casablanca-Settat,Pharmacie Al Widad صيدلية الوداد,Parapharmacie,Formel,Had Soualem حـد الـسـوالـم,33.4097386,-7.8547264,icons/pharmacy.png,OSM
Casablanca-Settat,Pharmacie Othmane صيدلية عثمان,Parapharmacie,Formel,Had Soualem,33.4175276,-7.8613165,icons/pharmacy.png,OSM
Casablanca-Settat,Pharmacie Ibn Rochd صيدلية ابن رشد,Parapharmacie,Formel,Had Soualem حـد الـسـوالـم,33.4102545,-7.8589737,icons/pharmacy.png,OSM
Casablanca-Settat,Pharmacie Al Itkane صيدلية الاتقان,Parapharmacie,Formel,Had Soualem حـد الـسـوالـم,33.4064761,-7.8555897,icons/pharmacy.png,OSM
Casablanca-Settat,Pharmacie Had Soualem صيدلية حد سوالم,Parapharmacie,Formel,Had Soualem,33.4184842,-7.8584231,icons/pharmacy.png,OSM
Casablanca-Settat,Pharmacie El Houdaigui صيدلية الحديكي,Parapharmacie,Formel,Had Soualem حـد الـسـوالـم,33.4111768,-7.8509247,icons/pharmacy.png,OSM
Casablanca-Settat,Pharmacie Al Fadel صيدلية الفضل,Parapharmacie,Formel,Had Soualem,33.413679,-7.8534887,icons/pharmacy.png,OSM
Casablanca-Settat,Pharmacie Soufiane صيدلية سفيان,Parapharmacie,Formel,Had Soualem ⵃⴰⴷ ⵙⵡⴰⵍⵎ حد السوالم,33.4227834,-7.8541455,icons/pharmacy.png,OSM
Casablanca-Settat,Pharmacie Al Akhawayn صيدلية الأخوين,Parapharmacie,Formel,Had Soualem حـد الـسـوالـم,33.4289805,-7.8561318,icons/pharmacy.png,OSM
Casablanca-Settat,Pharmacie Hamdoune صيدلية حمدون,Parapharmacie,Formel,Had Soualem,33.4147983,-7.8606311,icons/pharmacy.png,OSM
Casablanca-Settat,Pharmacie Hakmani صيدلية حكماني,Parapharmacie,Formel,Had Soualem,33.423679,-7.8499768,icons/pharmacy.png,OSM
Casablanca-Settat,Pharmacie Haidi صيدلية حيدي,Parapharmacie,Formel,Had Soualem,33.4193282,-7.8546421,icons/pharmacy.png,OSM
Casablanca-Settat,Pharmacie Yasmina صيدلية ياسمينة,Parapharmacie,Formel,Had Soualem,33.4200316,-7.8523162,icons/pharmacy.png,OSM
Casablanca-Settat,Pharmacie Aamir صيدلية عامر,Parapharmacie,Formel,Had Soualem,33.4298245,-7.8524407,icons/pharmacy.png,OSM
Casablanca-Settat,Pharmacie Mouktadi Billah صيدلية مقتضي بالله,Parapharmacie,Formel,Had Soualem,33.4257398,-7.8563138,icons/pharmacy.png,OSM
Casablanca-Settat,Pharmacie Dyar Dakhama 2 صيدلية ديار الضخامة,Parapharmacie,Formel,Had Soualem حـد الـسـوالـم,33.4336503,-7.8597555,icons/pharmacy.png,OSM
Casablanca-Settat,Pharmacie Riad Sahel صيدلية رياض ساهل,Parapharmacie,Formel,Had Soualem,33.4246241,-7.8431383,icons/pharmacy.png,OSM
Casablanca-Settat,Pharmacie Ibn Sina صيدلية ابن سينا,Parapharmacie,Formel,Had Soualem,33.425993,-7.8523193,icons/pharmacy.png,OSM
Casablanca-Settat,Pharmacie Bismi Allah صيدلية باسم الله,Parapharmacie,Formel,Had Soualem حـد الـسـوالـم,33.4168233,-7.8503409,icons/pharmacy.png,OSM
Casablanca-Settat,Pharmacie Centre Commerciale صيدلية المركب التجاري,Parapharmacie,Formel,Had Soualem,33.4179379,-7.8532782,icons/pharmacy.png,OSM
Casablanca-Settat,Pharmacie Izdihar صيدلية ازدهار,Parapharmacie,Formel,Had Soualem,33.428857,-7.8344948,icons/pharmacy.png,OSM
Casablanca-Settat,Pharmacie Dounia Al Irfane صيدلية دنيا العرفان,Parapharmacie,Formel,Had Soualem,33.4286929,-7.8376466,icons/pharmacy.png,OSM
Casablanca-Settat,Pharmacie Complexe Arrakhaa صيدلية مجمع الرخاء,Parapharmacie,Formel,Had Soualem حـد الـسـوالـم,33.4228053,-7.8347782,icons/pharmacy.png,OSM
Casablanca-Settat,Pharmacie Ennasr صيدلية النصر,Parapharmacie,Formel,Had Soualem حـد الـسـوالـم,33.4191246,-7.8612661,icons/pharmacy.png,OSM
Casablanca-Settat,Pharmacie Jardins Soualem صيدلية حدائق السوالم,Parapharmacie,Formel,Had Soualem حـد الـسـوالـم,33.4233608,-7.8172318,icons/pharmacy.png,OSM
Casablanca-Settat,Pharmacie Zaid صيدلية زيد,Parapharmacie,Formel,Sidi Rahal Chatai,33.4578809,-7.9936604,icons/pharmacy.png,OSM
Casablanca-Settat,Pharmacie Al Oum صيدلية الأم,Parapharmacie,Formel,Sidi Rahal Chatai ⵙⵉⴷⵉ ⵕⵃⵃⴰⵍ سيدي رحال,33.461415,-7.9868568,icons/pharmacy.png,OSM
Casablanca-Settat,Pharmacie Al Amane صيدلية الأمان,Parapharmacie,Formel,Sidi Rahal Chatai,33.4644284,-7.9789581,icons/pharmacy.png,OSM
Casablanca-Settat,Pharmacie Bahija صيدلية باهيجة,Parapharmacie,Formel,Sidi Rahal Chatai ⵙⵉⴷⵉ ⵕⵃⵃⴰⵍ سيدي رحال,33.4744125,-7.9411466,icons/pharmacy.png,OSM
Casablanca-Settat,Pharmacie Hibat Allah صيدلية هبة الله,Parapharmacie,Formel,Sidi Rahal Chatai,33.4627882,-7.9823286,icons/pharmacy.png,OSM
Casablanca-Settat,Pharmacie Chama صيدلية شامة,Parapharmacie,Formel,Sidi Rahal Chatai,33.4682136,-7.9679165,icons/pharmacy.png,OSM
Casablanca-Settat,Pharmacie Dyar Chatii صيدلية ديار الشاطئ,Parapharmacie,Formel,Sidi Rahal Chatai ⵙⵉⴷⵉ ⵕⵃⵃⴰⵍ سيدي رحال,33.4666482,-7.972838,icons/pharmacy.png,OSM
Casablanca-Settat,Pharmacie Nassim El Bahr صيدلية نسيم البحر,Parapharmacie,Formel,Sidi Rahal Chatai ⵙⵉⴷⵉ ⵕⵃⵃⴰⵍ سيدي رحال,33.4731363,-7.9529049,icons/pharmacy.png,OSM
Casablanca-Settat,Pharmacie Floralys صيدلية فلوغاليس,Parapharmacie,Formel,Sidi Rahal Chatai ⵙⵉⴷⵉ ⵕⵃⵃⴰⵍ سيدي رحال,33.4679973,-7.9557992,icons/pharmacy.png,OSM
Casablanca-Settat,Pharmacie Chatii صيدلية الشاطئ,Parapharmacie,Formel,Sidi Rahal Chatai ⵙⵉⴷⵉ ⵕⵃⵃⴰⵍ سيدي رحال,33.4738857,-7.9528816,icons/pharmacy.png,OSM
Casablanca-Settat,Coffee House Company,Café,Formel,Coffee House Company,33.9896172,-6.8482449,icons/cafe.png,OSM
Casablanca-Settat,Pharmacie Tayba صيدلية طيبة,Parapharmacie,Formel,Berrechid,33.2543313,-7.5717488,icons/pharmacy.png,OSM
Casablanca-Settat,Pharmacie Al Afaf صيدلية العفاف,Parapharmacie,Formel,Berrechid برشيد,33.2558837,-7.5757086,icons/pharmacy.png,OSM
Casablanca-Settat,Pharmacie El Karam صيدلية الكرم,Parapharmacie,Formel,Berrechid برشيد,33.2541517,-7.5754262,icons/pharmacy.png,OSM
Casablanca-Settat,Pharmacie Vignoble صيدلية حقل العنب,Parapharmacie,Formel,Berrechid برشيد,33.2536597,-7.5752055,icons/pharmacy.png,OSM
Casablanca-Settat,Pharmacie Al Hayat صيدلية الحياة,Parapharmacie,Formel,Berrechid,33.2571514,-7.573532,icons/pharmacy.png,OSM
Casablanca-Settat,Pharmacie Nasrallah صيدلية نصر الله,Parapharmacie,Formel,Berrechid,33.2580208,-7.5779171,icons/pharmacy.png,OSM
Casablanca-Settat,Pharmacie Oumnia صيدلية أمنية,Parapharmacie,Formel,Berrechid,33.2577809,-7.5788518,icons/pharmacy.png,OSM
Casablanca-Settat,Pharmacie Docteur Elmais صيدلية دكتور الميس,Parapharmacie,Formel,Berrechid,33.2594931,-7.5759452,icons/pharmacy.png,OSM
Casablanca-Settat,Pharmacie Ilham صيدلية الهام,Parapharmacie,Formel,Berrechid,33.2607696,-7.5739762,icons/pharmacy.png,OSM
Casablanca-Settat,Pharmacie Wafiq صيدلية وفيق,Parapharmacie,Formel,Berrechid,33.2598761,-7.5692388,icons/pharmacy.png,OSM
Casablanca-Settat,Pharmacie Tanaouia صيدلية ثانوية,Parapharmacie,Formel,Berrechid,33.2623751,-7.5775516,icons/pharmacy.png,OSM
Casablanca-Settat,Pharmacie Hay Al Massira صيدلية حي المسيرة,Parapharmacie,Formel,Berrechid,33.2604813,-7.5720601,icons/pharmacy.png,OSM
Casablanca-Settat,Pharmacie Zakaria صيدلية زكرياء,Parapharmacie,Formel,Berrechid,33.2583853,-7.5696742,icons/pharmacy.png,OSM
Casablanca-Settat,Pharmacie Younes صيدلية يونس,Parapharmacie,Formel,Berrechid,33.2617292,-7.5626836,icons/pharmacy.png,OSM
Casablanca-Settat,Pharmacie Quartier Al Faraj صيدلية حي الفراج,Parapharmacie,Formel,Berrechid,33.2592394,-7.5635488,icons/pharmacy.png,OSM
Casablanca-Settat,Pharmacie Iziss صيدلية ازيس,Parapharmacie,Formel,Berrechid,33.2616639,-7.5683129,icons/pharmacy.png,OSM
Casablanca-Settat,Pharmacie Isis صيدلية اسيس,Parapharmacie,Formel,Berrechid,33.2634478,-7.5726622,icons/pharmacy.png,OSM
Casablanca-Settat,Pharmacie Siham صيدلية سهام,Parapharmacie,Formel,Berrechid,33.2626213,-7.5714943,icons/pharmacy.png,OSM
Casablanca-Settat,Pharmacie Mona صيدلية منى,Parapharmacie,Formel,Berrechid,33.2622449,-7.5729976,icons/pharmacy.png,OSM
Casablanca-Settat,Pharmacie Al Wahda صيدلية الوحدة,Parapharmacie,Formel,Berrechid,33.2636225,-7.5735419,icons/pharmacy.png,OSM
Casablanca-Settat,Pharmacie Yasmina صيدلية ياسمينة,Parapharmacie,Formel,Berrechid,33.2658097,-7.5742031,icons/pharmacy.png,OSM
Casablanca-Settat,Pharmacie Kol Nass صيدلية كل الناس,Parapharmacie,Formel,Berrechid,33.2660781,-7.577654,icons/pharmacy.png,OSM
Casablanca-Settat,Pharmacie Sari صيدلية صاري,Parapharmacie,Formel,Berrechid,33.2641984,-7.5763998,icons/pharmacy.png,OSM
Casablanca-Settat,Pharmacie Al Hikma صيدلية الحكمة,Parapharmacie,Formel,Berrechid,33.2640904,-7.581282,icons/pharmacy.png,OSM
Casablanca-Settat,Pharmacie Azzahra صيدلية الزهراء,Parapharmacie,Formel,Berrechid,33.2633904,-7.5797763,icons/pharmacy.png,OSM
Casablanca-Settat,Pharmacie Nadia صيدلية نادية,Parapharmacie,Formel,Berrechid,33.2667053,-7.5759477,icons/pharmacy.png,OSM
Casablanca-Settat,Pharmacie Al Oum صيدلية الأم,Parapharmacie,Formel,Berrechid,33.2653211,-7.5797875,icons/pharmacy.png,OSM
Casablanca-Settat,Pharmacie Hay Hassani صيدلية حي الحسني,Parapharmacie,Formel,Berrechid,33.2684969,-7.5746168,icons/pharmacy.png,OSM
Casablanca-Settat,Pharmacie Tissir صيدلية تيسير,Parapharmacie,Formel,Berrechid,33.2675668,-7.5772011,icons/pharmacy.png,OSM
Casablanca-Settat,Pharmacie El Baraka صيدلية البركة,Parapharmacie,Formel,Berrechid,33.2674731,-7.5731952,icons/pharmacy.png,OSM
Casablanca-Settat,Pharmacie Khadraoui صيدلية خضراوي,Parapharmacie,Formel,Berrechid,33.2692151,-7.5780593,icons/pharmacy.png,OSM
Casablanca-Settat,Pharmacie Les Anges صيدلية الملائكة,Parapharmacie,Formel,Berrechid برشيد,33.270008,-7.5625013,icons/pharmacy.png,OSM
Casablanca-Settat,Pharmacie Al Houria صيدلية الحرية,Parapharmacie,Formel,Berrechid,33.2672192,-7.5795327,icons/pharmacy.png,OSM
Casablanca-Settat,Pharmacie El Anouar صيدلية الأنوار,Parapharmacie,Formel,Berrechid,33.2692245,-7.5715985,icons/pharmacy.png,OSM
Casablanca-Settat,Pharmacie Assila صيدلية أصيلة,Parapharmacie,Formel,Berrechid,33.2714626,-7.5709608,icons/pharmacy.png,OSM
Casablanca-Settat,Pharmacie Souk صيدلية السوق,Parapharmacie,Formel,Berrechid,33.2724578,-7.5739354,icons/pharmacy.png,OSM
Casablanca-Settat,Pharmacie Badr صيدلية بدر,Parapharmacie,Formel,Berrechid,33.2719766,-7.5696812,icons/pharmacy.png,OSM
Casablanca-Settat,Pharmacie Rashidi صيدلية راشيدي,Parapharmacie,Formel,Berrechid,33.2709012,-7.5752987,icons/pharmacy.png,OSM
Casablanca-Settat,Pharmacie Al Hamd صيدلية الحمد,Parapharmacie,Formel,Berrechid,33.2747934,-7.5791494,icons/pharmacy.png,OSM
Casablanca-Settat,Pharmacie Lotissement Jabrane صيدلية جبران,Parapharmacie,Formel,Berrechid,33.2796697,-7.5679639,icons/pharmacy.png,OSM
Casablanca-Settat,Pharmacie Marocaine الصيدلية المغربية,Parapharmacie,Formel,Berrechid,33.2764517,-7.5718012,icons/pharmacy.png,OSM
Casablanca-Settat,Pharmacie Assiha صيدلية الصحة,Parapharmacie,Formel,Berrechid,33.2745148,-7.5743108,icons/pharmacy.png,OSM
Casablanca-Settat,Pharmacie Imane صيدلية ايمان,Parapharmacie,Formel,Berrechid,33.2741978,-7.5768963,icons/pharmacy.png,OSM
Casablanca-Settat,Pharmacie Faiza صيدلية فايزة,Parapharmacie,Formel,Berrechid,33.273777,-7.5749198,icons/pharmacy.png,OSM
Casablanca-Settat,Pharmacie Al Afaq صيدلية الافاق,Parapharmacie,Formel,Berrechid,33.2717293,-7.5792091,icons/pharmacy.png,OSM
Casablanca-Settat,Pharmacie Rami صيدلية الرامي,Parapharmacie,Formel,Berrechid,33.2762354,-7.5809304,icons/pharmacy.png,OSM
Casablanca-Settat,Pharmacie Bab Berrechid صيدلية باب برشيد,Parapharmacie,Formel,Berrechid,33.2777431,-7.5813293,icons/pharmacy.png,OSM
Casablanca-Settat,Pharmacie Conservation صيدلية المحافظة,Parapharmacie,Formel,Berrechid,33.2725549,-7.5858952,icons/pharmacy.png,OSM
Casablanca-Settat,Pharmacie Chaouia صيدلية الشاوية,Parapharmacie,Formel,Berrechid,33.2634401,-7.5883411,icons/pharmacy.png,OSM
Casablanca-Settat,Pharmacie El Iraki صيدلية العراقي,Parapharmacie,Formel,Berrechid,33.2605604,-7.5912288,icons/pharmacy.png,OSM
Casablanca-Settat,Pharmacie Al Matar صيدلية المطار,Parapharmacie,Formel,Berrechid,33.2736441,-7.583142,icons/pharmacy.png,OSM
Casablanca-Settat,Pharmacie Salima صيدلية سليمة,Parapharmacie,Formel,Berrechid,33.2743116,-7.5813951,icons/pharmacy.png,OSM
Casablanca-Settat,Pharmacie 2000 صيدلية,Parapharmacie,Formel,Berrechid,33.270227,-7.5857272,icons/pharmacy.png,OSM
Casablanca-Settat,Pharmacie Chifaa صيدلية الشفاء,Parapharmacie,Formel,Berrechid,33.2620214,-7.5892793,icons/pharmacy.png,OSM
Casablanca-Settat,Pharmacie Najah صيدلية نجاح,Parapharmacie,Formel,Berrechid,33.2643233,-7.5913131,icons/pharmacy.png,OSM
Casablanca-Settat,Pharmacie Arrazi صيدلية الرازي,Parapharmacie,Formel,Berrechid,33.2599537,-7.589645,icons/pharmacy.png,OSM
Casablanca-Settat,Pharmacie Médina صيدلية المدينة,Parapharmacie,Formel,Berrechid,33.2641776,-7.58665,icons/pharmacy.png,OSM
Casablanca-Settat,Pharmacie Al Masjid صيدلية المسجد,Parapharmacie,Formel,Berrechid,33.2659298,-7.585768,icons/pharmacy.png,OSM
Casablanca-Settat,Pharmacie Bir Anzarane صيدلية بير أنزران,Parapharmacie,Formel,Berrechid,33.2578702,-7.5898076,icons/pharmacy.png,OSM
Casablanca-Settat,Pharmacie Arafat صيدلية عرفات,Parapharmacie,Formel,Berrechid,33.27428,-7.5887221,icons/pharmacy.png,OSM
Casablanca-Settat,Pharmacie Samia صيدلية سامية,Parapharmacie,Formel,Berrechid,33.2659255,-7.5992261,icons/pharmacy.png,OSM
Casablanca-Settat,Pharmacie Errabii صيدلية الربيع,Parapharmacie,Formel,Berrechid,33.2593731,-7.5954212,icons/pharmacy.png,OSM
Casablanca-Settat,Pharmacie Omnia صيدلية أمنية,Parapharmacie,Formel,"Boulevard Marrakech, Berrechid",33.2711594,-7.5880474,icons/pharmacy.png,OSM
Casablanca-Settat,Pharmacie Fatima صيدلية فاطمة,Parapharmacie,Formel,Berrechid,33.2678566,-7.5879985,icons/pharmacy.png,OSM
Casablanca-Settat,Pharmacie Al Izdihar صيدلية الازدهار,Parapharmacie,Formel,Berrechid,33.2740404,-7.5923682,icons/pharmacy.png,OSM
Casablanca-Settat,Pharmacie Al Ihssane صيدلية الاحسان,Parapharmacie,Formel,Berrechid,33.2750968,-7.5869954,icons/pharmacy.png,OSM
Casablanca-Settat,Pharmacie Principale الصيدلية الرئيسية,Parapharmacie,Formel,Berrechid,33.2721125,-7.5892695,icons/pharmacy.png,OSM
Casablanca-Settat,Pharmacie Berrechid صيدلية برشيد,Parapharmacie,Formel,Berrechid,33.2734533,-7.5871658,icons/pharmacy.png,OSM
Casablanca-Settat,Pharmacie Layali صيدلية ليالي,Parapharmacie,Formel,Berrechid,33.2769051,-7.5845527,icons/pharmacy.png,OSM
Casablanca-Settat,Pharmacie Ajiad صيدلية أجياد,Parapharmacie,Formel,Berrechid برشيد,33.2593392,-7.5977632,icons/pharmacy.png,OSM
Casablanca-Settat,Pharmacie Kadi صيدلية قاضي,Parapharmacie,Formel,Berrechid,33.2802126,-7.5871844,icons/pharmacy.png,OSM
Casablanca-Settat,Pharmacie Ibn Rochd صيدلية ابن رشد,Parapharmacie,Formel,Berrechid,33.2702312,-7.5860091,icons/pharmacy.png,OSM
Casablanca-Settat,Pharmacie Mosquée Riad صيدلية مسجد رياض,Parapharmacie,Formel,Berrechid,33.2806101,-7.5912445,icons/pharmacy.png,OSM
Casablanca-Settat,Pharmacie Hania صيدلية هانية,Parapharmacie,Formel,Berrechid برشيد,33.2631603,-7.6047611,icons/pharmacy.png,OSM
Casablanca-Settat,Pharmacie Avicenne صيدلية ابن سينا,Parapharmacie,Formel,Berrechid,33.2761831,-7.589399,icons/pharmacy.png,OSM
Casablanca-Settat,Pharmacie Ouled Hriz صيدلية أولاد حريز,Parapharmacie,Formel,Berrechid,33.266919,-7.5841905,icons/pharmacy.png,OSM
Casablanca-Settat,Pharmacie Al Farabi صيدلية الفرابي,Parapharmacie,Formel,Berrechid ⴱⵔⵔⵛⵉⴷ برشيد,33.2679245,-7.5820254,icons/pharmacy.png,OSM
Casablanca-Settat,Pharmacie Alia صيدلية علياء,Parapharmacie,Formel,Berrechid ⴱⵔⵔⵛⵉⴷ برشيد,33.2693221,-7.5840829,icons/pharmacy.png,OSM
Casablanca-Settat,Pharmacie Al Mandar Al Jamil صيدلية المنظر الجميل,Parapharmacie,Formel,Berrechid برشيد,33.2822174,-7.5904935,icons/pharmacy.png,OSM
Casablanca-Settat,Pharmacie Kenzi صيدلية كنزي,Parapharmacie,Formel,Settat,32.9880885,-7.6033794,icons/pharmacy.png,OSM
Casablanca-Settat,Pharmacie Arrabia صيدلية الرابعة,Parapharmacie,Formel,Settat,32.9850538,-7.6038395,icons/pharmacy.png,OSM
Casablanca-Settat,Pharmacie Santé صيدلية الصحة,Parapharmacie,Formel,Settat,32.989375,-7.6078822,icons/pharmacy.png,OSM
Casablanca-Settat,Pharmacie Bab Al Janna صيدلية باب الجنة,Parapharmacie,Formel,Settat ⵥⵟⵟⴰⵟ سطات,32.9823541,-7.6038483,icons/pharmacy.png,OSM
Casablanca-Settat,Pharmacie Al Basmala صيدلية البسملة,Parapharmacie,Formel,Settat,32.9867958,-7.5978891,icons/pharmacy.png,OSM
Casablanca-Settat,Pharmacie 3 Mars صيدلية 3 مارس,Parapharmacie,Formel,Settat,32.9917077,-7.6084615,icons/pharmacy.png,OSM
Casablanca-Settat,Pharmacie Ain Nzagh صيدلية عين نزاغ,Parapharmacie,Formel,Settat,32.9942488,-7.6002268,icons/pharmacy.png,OSM
Casablanca-Settat,Pharmacie Al Ghofrane صيدلية الغفران,Parapharmacie,Formel,Settat,32.9986874,-7.6001616,icons/pharmacy.png,OSM
Casablanca-Settat,Pharmacie Al Houria صيدلية الحرية,Parapharmacie,Formel,Settat ⵥⵟⵟⴰⵟ سطات,32.9959812,-7.6196993,icons/pharmacy.png,OSM
Casablanca-Settat,Pharmacie Maarouf صيدلية المعروف,Parapharmacie,Formel,Settat,32.9990338,-7.6159228,icons/pharmacy.png,OSM
Casablanca-Settat,Pharmacie Dallas صيدلية دالاس,Parapharmacie,Formel,Settat,32.9953429,-7.6065633,icons/pharmacy.png,OSM
Casablanca-Settat,Pharmacie Urgences صيدلية المستعجلات,Parapharmacie,Formel,Settat,32.9949432,-7.6084344,icons/pharmacy.png,OSM
Casablanca-Settat,Pharmacie Hôpital Hassan 2 صيدلية مستشفى الحسن,Parapharmacie,Formel,Settat,32.9946845,-7.6163934,icons/pharmacy.png,OSM
Casablanca-Settat,Pharmacie Al Qods صيدلية القدس,Parapharmacie,Formel,Settat ⵥⵟⵟⴰⵟ سطات,33.0008874,-7.6185402,icons/pharmacy.png,OSM
Casablanca-Settat,Pharmacie Rayad صيدلية رياض,Parapharmacie,Formel,Settat ⵥⵟⵟⴰⵟ سطات,33.0001045,-7.6165159,icons/pharmacy.png,OSM
Casablanca-Settat,Pharmacie Houssam El Kheir صيدلية حسام الخير,Parapharmacie,Formel,Settat,32.9935345,-7.6309773,icons/pharmacy.png,OSM
Casablanca-Settat,Pharmacie 24H صيدلية 24 ساعة,Parapharmacie,Formel,Settat,32.9954838,-7.6285119,icons/pharmacy.png,OSM
Casablanca-Settat,Pharmacie Assabil صيدلية السبيل,Parapharmacie,Formel,Settat,32.990383,-7.6339881,icons/pharmacy.png,OSM
Casablanca-Settat,Pharmacie Kotaa Cheikh صيدلية قطع الشيخ,Parapharmacie,Formel,Settat,33.0012764,-7.6387929,icons/pharmacy.png,OSM
Casablanca-Settat,Pharmacie Athmani صيدلية العثماني,Parapharmacie,Formel,Settat,32.9943481,-7.6434012,icons/pharmacy.png,OSM
Casablanca-Settat,Pharmacie Miftah Achifaa صيدلية مفتاح الشفاء,Parapharmacie,Formel,Settat,32.9934112,-7.6354313,icons/pharmacy.png,OSM
Casablanca-Settat,Pharmacie Changuit صيدلية شنكيط,Parapharmacie,Formel,SETTAT,33.0008551,-7.6251506,icons/pharmacy.png,OSM
Casablanca-Settat,Pharmacie Lyoussi صيدلية اليوسي,Parapharmacie,Formel,Settat,32.9962191,-7.632913,icons/pharmacy.png,OSM
Casablanca-Settat,La Grande Pharmacie الصيدلية الكبيرة,Parapharmacie,Formel,Settat,32.99401,-7.6491432,icons/pharmacy.png,OSM
Casablanca-Settat,Pharmacie Khaf Allah صيدلية خاف الله,Parapharmacie,Formel,Settat,32.9954782,-7.6402416,icons/pharmacy.png,OSM
Casablanca-Settat,Pharmacie Rim صيدلية ريم,Parapharmacie,Formel,Settat,32.9953943,-7.646249,icons/pharmacy.png,OSM
Casablanca-Settat,Pharmacie Al Wifak صيدلية الوفاق,Parapharmacie,Formel,Settat,33.0036548,-7.6391048,icons/pharmacy.png,OSM
Casablanca-Settat,Pharmacie Yassmine صيدلية ياسمين,Parapharmacie,Formel,Settat,32.9992771,-7.6335405,icons/pharmacy.png,OSM
Casablanca-Settat,Pharmacie Siberia صيدلية سيبيريا,Parapharmacie,Formel,Settat,33.0037042,-7.6437471,icons/pharmacy.png,OSM
Casablanca-Settat,Pharmacie Kamal صيدلية كمال,Parapharmacie,Formel,Settat,33.0029147,-7.6365041,icons/pharmacy.png,OSM
Casablanca-Settat,Pharmacie El Azhar صيدلية الأزهر,Parapharmacie,Formel,SETTAT,33.0049154,-7.6276376,icons/pharmacy.png,OSM
Casablanca-Settat,Pharmacie Général Kettani صيدلية جنرال الكتاني,Parapharmacie,Formel,Settat,33.0027863,-7.6297028,icons/pharmacy.png,OSM
Casablanca-Settat,Pharmacie Rabha صيدلية رابحة,Parapharmacie,Formel,Settat,32.9972352,-7.6242469,icons/pharmacy.png,OSM
Casablanca-Settat,Pharmacie Rohi صيدلية روحي,Parapharmacie,Formel,Settat,33.0043043,-7.6229854,icons/pharmacy.png,OSM
Casablanca-Settat,Pharmacie Annasr صيدلية النصر,Parapharmacie,Formel,Settat,33.0003954,-7.6216346,icons/pharmacy.png,OSM
Casablanca-Settat,Pharmacie Nahda صيدلية النهضة,Parapharmacie,Formel,SETTAT,33.0024021,-7.6241886,icons/pharmacy.png,OSM
Casablanca-Settat,Pharmacie Palestine صيدلية فلسطين,Parapharmacie,Formel,Settat,33.0043949,-7.6299293,icons/pharmacy.png,OSM
Casablanca-Settat,Pharmacie El Kassam صيدلية القسام,Parapharmacie,Formel,Settat,33.0043579,-7.6318827,icons/pharmacy.png,OSM
Casablanca-Settat,Pharmacie Dimachk صيدلية دمشق,Parapharmacie,Formel,Settat,33.0044738,-7.6336391,icons/pharmacy.png,OSM
Casablanca-Settat,Pharmacie Redouane صيدلية رضوان,Parapharmacie,Formel,SETTAT,33.0034944,-7.6261725,icons/pharmacy.png,OSM
Casablanca-Settat,Pharmacie Oued Eddahab صيدلية واد الدهب,Parapharmacie,Formel,Settat,33.0064828,-7.6327179,icons/pharmacy.png,OSM
Casablanca-Settat,Pharmacie Nadi صيدلية نادي,Parapharmacie,Formel,Settat,33.0053013,-7.6357659,icons/pharmacy.png,OSM
Casablanca-Settat,Restaurant sans nom,Restaurant,Formel,Restaurant sans nom,33.9924918,-6.8714513,icons/restaurant.png,OSM
Casablanca-Settat,Rôtisserie des voyageurs,Restaurant,Formel,Rôtisserie des voyageurs,33.9916116,-6.8671672,icons/restaurant.png,OSM
Casablanca-Settat,Restaurant sans nom,Restaurant,Formel,Restaurant sans nom,33.9916561,-6.8666911,icons/restaurant.png,OSM
Casablanca-Settat,Grande Saveur Isabel,Restaurant,Formel,Grande Saveur Isabel,33.991645,-6.8668386,icons/restaurant.png,OSM
Casablanca-Settat,Café sans nom,Café,Formel,Café sans nom,33.9913403,-6.871039,icons/cafe.png,OSM
Casablanca-Settat,Supérette / Mini-market sans nom,Supérette / Mini-market,Formel,Supérette / Mini-market sans nom,33.9923505,-6.8711919,icons/convenience.png,OSM
Casablanca-Settat,Pharmacie Chaouia صيدلية شاوية,Parapharmacie,Formel,Settat,33.0078448,-7.6254946,icons/pharmacy.png,OSM
Casablanca-Settat,Pharmacie Belmahi صيدلية بالماحي,Parapharmacie,Formel,Settat,33.005422,-7.6385558,icons/pharmacy.png,OSM
Casablanca-Settat,Pharmacie El Hajja Fatna صيدلية الحاجة فاطنة,Parapharmacie,Formel,Settat,33.0084047,-7.6305167,icons/pharmacy.png,OSM
Casablanca-Settat,Pharmacie Attawhid صيدلية التوحيد,Parapharmacie,Formel,Settat,33.0058193,-7.6249331,icons/pharmacy.png,OSM
Casablanca-Settat,Pharmacie Rachidi صيدلية راشيدي,Parapharmacie,Formel,Settat,33.0067495,-7.6287601,icons/pharmacy.png,OSM
Casablanca-Settat,Pharmacie Les Abattoires صيدلية المجازر,Parapharmacie,Formel,Settat,33.0106493,-7.6244868,icons/pharmacy.png,OSM
Casablanca-Settat,Pharmacie Rayhana صيدلية ريحانة,Parapharmacie,Formel,Settat,33.007684,-7.6355572,icons/pharmacy.png,OSM
Casablanca-Settat,Pharmacie El Settati صصيدلية السطاتي,Parapharmacie,Formel,Settat,32.9893763,-7.6135692,icons/pharmacy.png,OSM
Casablanca-Settat,Pharmacie Errazi صيدلية الرازي,Parapharmacie,Formel,Settat,33.0037243,-7.6123676,icons/pharmacy.png,OSM
Casablanca-Settat,Pharmacie des Parents صيدلية الوالدين,Parapharmacie,Formel,النواصر,33.3789635,-7.6211751,icons/pharmacy.png,OSM
Casablanca-Settat,Pharmacie La Min صيدلية لامين,Parapharmacie,Formel,Nouaceur ⵏⵡⴰⵚⵕ النواصر,33.3546813,-7.5496591,icons/pharmacy.png,OSM
Casablanca-Settat,Pharmacie Zaouia صيدلية الزاوية,Parapharmacie,Formel,Nouaceur ⵏⵡⴰⵚⵕ النواصر,33.3841849,-7.6205458,icons/pharmacy.png,OSM
Casablanca-Settat,Pharmacie Jnane Deroua صيدلية جنان دروة,Parapharmacie,Formel,Nouaceur ⵏⵡⴰⵚⵕ النواصر,33.3579439,-7.5388931,icons/pharmacy.png,OSM
Casablanca-Settat,Pharmacie Saada صيدلية السعادة,Parapharmacie,Formel,Nouaceur ⵏⵡⴰⵚⵕ النواصر,33.3617822,-7.5394783,icons/pharmacy.png,OSM
Casablanca-Settat,Pharmacie Deroua صيدلية الدروة,Parapharmacie,Formel,Nouaceur,33.373701,-7.5408793,icons/pharmacy.png,OSM
Casablanca-Settat,Pharmacie El Qods صيدلية القدس,Parapharmacie,Formel,Nouaceur ⵏⵡⴰⵚⵕ النواصر,33.3605977,-7.5429939,icons/pharmacy.png,OSM
Casablanca-Settat,Pharmacie Ryad Ahl Al Wifaq صيدلية رياض أهل الوفاق,Parapharmacie,Formel,Nouaceur,33.3652378,-7.5325245,icons/pharmacy.png,OSM
Casablanca-Settat,Pharmacie Sabilallah صيدلية سبيل الله,Parapharmacie,Formel,Nouaceur,33.366539,-7.5259607,icons/pharmacy.png,OSM
Casablanca-Settat,Pharmacie Abou Lbarakat صيدلية أبو البركات,Parapharmacie,Formel,Nouaceur ⵏⵡⴰⵚⵕ النواصر,33.363912,-7.5455595,icons/pharmacy.png,OSM
Casablanca-Settat,Pharmacie Abderrahman صيدلية عبد الرحمان,Parapharmacie,Formel,Nouaceur ⵏⵡⴰⵚⵕ النواصر,33.3719645,-7.5368763,icons/pharmacy.png,OSM
Casablanca-Settat,Pharmacie Niimate Allah صيدلية نعمة الله,Parapharmacie,Formel,Nouaceur ⵏⵡⴰⵚⵕ النواصر,33.3705738,-7.5400833,icons/pharmacy.png,OSM
Casablanca-Settat,Pharmacie Urgences صيدلية المستعجلات,Parapharmacie,Formel,Nouaceur,33.3699263,-7.526347,icons/pharmacy.png,OSM
Casablanca-Settat,Pharmacie Al Majd صيدلية المجد,Parapharmacie,Formel,Nouaceur,33.3743904,-7.5317388,icons/pharmacy.png,OSM
Casablanca-Settat,Pharmacie Chadli صيدلية الشادلي,Parapharmacie,Formel,Nouaceur ⵏⵡⴰⵚⵕ النواصر,33.3706207,-7.5350776,icons/pharmacy.png,OSM
Casablanca-Settat,Pharmacie Hay Essalam صيدلية حي السلام,Parapharmacie,Formel,Nouaceur,33.3716904,-7.5308415,icons/pharmacy.png,OSM
Casablanca-Settat,Pharmacie El Oumouma صيدلية الأمومة,Parapharmacie,Formel,Nouaceur,33.3720986,-7.5284257,icons/pharmacy.png,OSM
Casablanca-Settat,Pharmacie Principale الصيدلية الرئيسية,Parapharmacie,Formel,Nouaceur ⵏⵡⴰⵚⵕ النواصر,33.3733518,-7.5340967,icons/pharmacy.png,OSM
Casablanca-Settat,Pharmacie Hay Al Manzah صيدلية حي المنزه,Parapharmacie,Formel,Nouaceur,33.3753176,-7.5264224,icons/pharmacy.png,OSM
Casablanca-Settat,Pharmacie Al Faiz صيدلية الفايز,Parapharmacie,Formel,Nouaceur ⵏⵡⴰⵚⵕ النواصر,33.3775278,-7.535752,icons/pharmacy.png,OSM
Casablanca-Settat,Pharmacie Imad صيدلية عماد,Parapharmacie,Formel,Nouaceur,33.3791604,-7.5287462,icons/pharmacy.png,OSM
Casablanca-Settat,Pharmacie Rim صيدلية ريم,Parapharmacie,Formel,Nouaceur ⵏⵡⴰⵚⵕ النواصر,33.3791463,-7.5321677,icons/pharmacy.png,OSM
Casablanca-Settat,Pharmacie Régionale الصيدلية الجهوية,Parapharmacie,Formel,Nouaceur ⵏⵡⴰⵚⵕ النواصر,33.3806088,-7.534525,icons/pharmacy.png,OSM
Casablanca-Settat,Pharmacie Chawki صيدلية شوقي,Parapharmacie,Formel,Nouaceur,33.3831359,-7.5359586,icons/pharmacy.png,OSM
Casablanca-Settat,Pharmacie Al Abrar صيدلية الأبرار,Parapharmacie,Formel,Nouaceur,33.3845165,-7.5253883,icons/pharmacy.png,OSM
Casablanca-Settat,Pharmacie Prévention صيدلية الوقاية,Parapharmacie,Formel,Nouaceur,33.3834651,-7.5324724,icons/pharmacy.png,OSM
Casablanca-Settat,Pharmacie El Houda صيدلية الهدى,Parapharmacie,Formel,Nouaceur ⵏⵡⴰⵚⵕ النواصر,33.3875173,-7.5338188,icons/pharmacy.png,OSM
Casablanca-Settat,Pharmacie Ouassama Aicha صيدلية أسامة عائشة,Parapharmacie,Formel,Nouaceur,33.3835044,-7.5284008,icons/pharmacy.png,OSM
Casablanca-Settat,Pharmacie Al Jawhara صيدلية الجوهرة,Parapharmacie,Formel,Nouaceur,33.3843919,-7.5219324,icons/pharmacy.png,OSM
Casablanca-Settat,Pharmacie Al Khair صيدلية الخير,Parapharmacie,Formel,Nouaceur ⵏⵡⴰⵚⵕ النواصر,33.3891545,-7.5336952,icons/pharmacy.png,OSM
Casablanca-Settat,Pharmacie Bayti صيدلية بيتي,Parapharmacie,Formel,Nouaceur ⵏⵡⴰⵚⵕ النواصر,33.3942538,-7.5314976,icons/pharmacy.png,OSM
Casablanca-Settat,Pharmacie Parents صيدلية الوالدين,Parapharmacie,Formel,Nouaceur,33.39181,-7.5300032,icons/pharmacy.png,OSM
Casablanca-Settat,Pharmacie Al Maghreb صيدلية المغرب,Parapharmacie,Formel,Nouaceur,33.3963761,-7.5292698,icons/pharmacy.png,OSM
Casablanca-Settat,Pharmacie Al Faraj صيدلية الفرج,Parapharmacie,Formel,Nouaceur ⵏⵡⴰⵚⵕ النواصر,33.3980659,-7.5331061,icons/pharmacy.png,OSM
Casablanca-Settat,Pharmacie Atiki صيدلية عاتيقي,Parapharmacie,Formel,Nouaceur,33.4032257,-7.521242,icons/pharmacy.png,OSM
Casablanca-Settat,Pharmacie Al Hamd صيدلية الحمد,Parapharmacie,Formel,Nouaceur,33.4004679,-7.5219106,icons/pharmacy.png,OSM
Casablanca-Settat,Pharmacie Makka صيدلية مكة,Parapharmacie,Formel,Nouaceur ⵏⵡⴰⵚⵕ النواصر,33.4009769,-7.5339071,icons/pharmacy.png,OSM
Casablanca-Settat,Pharmacie Alaaz صيدلية العز,Parapharmacie,Formel,Nouaceur,33.4012519,-7.5268112,icons/pharmacy.png,OSM
Casablanca-Settat,Pharmacie Nouaceur صيدلية نواصر,Parapharmacie,Formel,Nouaceur ⵏⵡⴰⵚⵕ النواصر,33.3734276,-7.5443318,icons/pharmacy.png,OSM
Casablanca-Settat,Pharmacie Arganier صيدلية أركان,Parapharmacie,Formel,Nouaceur ⵏⵡⴰⵚⵕ النواصر,33.3855264,-7.5438359,icons/pharmacy.png,OSM
Casablanca-Settat,Pharmacie Al Madina Al Monaiara صيدلية المدينة المنورة,Parapharmacie,Formel,Nouaceur ⵏⵡⴰⵚⵕ النواصر,33.3883145,-7.5431651,icons/pharmacy.png,OSM
Casablanca-Settat,Pharmacie Ma Perla صيدلية ما برلا,Parapharmacie,Formel,Nouaceur,33.3916738,-7.5638558,icons/pharmacy.png,OSM
Casablanca-Settat,Pharmacie Nouaceur Parc,Parapharmacie,Formel,Nouaceur,33.3887509,-7.55455,icons/pharmacy.png,OSM
Casablanca-Settat,Pharmacie Achifaa صيدلية الشفاء,Parapharmacie,Formel,Mohammédia المحمدية,33.6743355,-7.3937147,icons/pharmacy.png,OSM
Casablanca-Settat,Pharmacie Hay Lasamir صيدلية حي لاسامير,Parapharmacie,Formel,Mohammédia المحمدية,33.6734996,-7.3889184,icons/pharmacy.png,OSM
Casablanca-Settat,Pharmacie Jardins Des Fleurs صيدلية حدائق الورود,Parapharmacie,Formel,Mohammédia المحمدية,33.6719759,-7.3950628,icons/pharmacy.png,OSM
Casablanca-Settat,Pharmacie El Idrissi صيدلية الادريسي,Parapharmacie,Formel,Mohammédia المحمدية,33.6780972,-7.3860567,icons/pharmacy.png,OSM
Casablanca-Settat,Pharmacie Hay Falah صيدلية حي فلاح,Parapharmacie,Formel,Mohammédia المحمدية,33.6829409,-7.3810164,icons/pharmacy.png,OSM
Casablanca-Settat,Pharmacie Essalam صيدلية السلام,Parapharmacie,Formel,Mohammédia المحمدية,33.6756847,-7.3874107,icons/pharmacy.png,OSM
Casablanca-Settat,Pharmacie Al Inaya صيدلية العناية,Parapharmacie,Formel,Mohammédia المحمدية,33.6776344,-7.3827308,icons/pharmacy.png,OSM
Casablanca-Settat,Pharmacie Sarah صيدلية صراح,Parapharmacie,Formel,Mohammédia المحمدية,33.6821026,-7.3769044,icons/pharmacy.png,OSM
Casablanca-Settat,Pharmacie Fedala صيدلية فضالة,Parapharmacie,Formel,Mohammédia المحمدية,33.6811127,-7.3823768,icons/pharmacy.png,OSM
Casablanca-Settat,Pharmacie Nasser صيدلية ناصر,Parapharmacie,Formel,Mohammédia المحمدية,33.6852596,-7.3786399,icons/pharmacy.png,OSM
Casablanca-Settat,Pharmacie Bismillah صيدلية باسم الله,Parapharmacie,Formel,Mohammédia المحمدية,33.6794296,-7.3765227,icons/pharmacy.png,OSM
Casablanca-Settat,Pharmacie Majorelle صيدلية ماجوريل,Parapharmacie,Formel,Mohammédia المحمدية,33.6974339,-7.3656405,icons/pharmacy.png,OSM
Casablanca-Settat,Pharmacie Al Akssa صيدلية الأقصى,Parapharmacie,Formel,Pharmacie Al Akssa صيدلية الأقصى,33.687663,-7.3744439,icons/pharmacy.png,OSM
Casablanca-Settat,Pharmacie Abderrahim صيدلية عبد الرحيم,Parapharmacie,Formel,Mohammédia المحمدية,33.6864402,-7.3705346,icons/pharmacy.png,OSM
Casablanca-Settat,Pharmacie Espoir صيدلية الأمل,Parapharmacie,Formel,Mohammédia المحمدية,33.689236,-7.3630786,icons/pharmacy.png,OSM
Casablanca-Settat,Pharmacie Aicha صيدلية عائشة,Parapharmacie,Formel,Mohammédia المحمدية,33.6933043,-7.3582414,icons/pharmacy.png,OSM
Casablanca-Settat,Pharmacie Fadelallah صيدلية فضل الله,Parapharmacie,Formel,Mohammédia المحمدية,33.6899104,-7.3703069,icons/pharmacy.png,OSM
Casablanca-Settat,Pharmacie Al Fajr صيدلية الفجر,Parapharmacie,Formel,Mohammedia,33.6927388,-7.3708896,icons/pharmacy.png,OSM
Casablanca-Settat,Pharmacie Santé صيدلية الصحة,Parapharmacie,Formel,Mohammédia المحمدية,33.6960623,-7.3576094,icons/pharmacy.png,OSM
Casablanca-Settat,Pharmacie Chaker صيدلية شاكر,Parapharmacie,Formel,Mohammédia المحمدية,33.7021986,-7.3542589,icons/pharmacy.png,OSM
Casablanca-Settat,Pharmacie Riad Essalam صيدلية رياض السلام,Parapharmacie,Formel,Mohammedia,33.7000252,-7.3600006,icons/pharmacy.png,OSM
Casablanca-Settat,Pharmacie Idham صيدلية إدهام,Parapharmacie,Formel,"Boulevard Mohamed VI ش. محمد السادس, Mohammédia المحمدية",33.6999691,-7.3626973,icons/pharmacy.png,OSM
Casablanca-Settat,Pharmacie Riad Al Ali صيدلية رياض العلي,Parapharmacie,Formel,Mohammédia المحمدية,33.6991418,-7.3571747,icons/pharmacy.png,OSM
Casablanca-Settat,Pharmacie Ville Des Fleurs صيدلية مدينة الورود,Parapharmacie,Formel,Mohammédia المحمدية,33.7025351,-7.3586691,icons/pharmacy.png,OSM
Casablanca-Settat,Pharmacie Annahda صيدلية النهضة,Parapharmacie,Formel,Mohammédia المحمدية,33.6993395,-7.352182,icons/pharmacy.png,OSM
Casablanca-Settat,Pharmacie Jawhart El Fatah 2 صيدلية جوهرة الفتح,Parapharmacie,Formel,Mohammédia المحمدية,33.6695246,-7.3888723,icons/pharmacy.png,OSM
Casablanca-Settat,Pharmacie Assil صيدلية أصيل,Parapharmacie,Formel,Mohammédia المحمدية,33.671119,-7.3852486,icons/pharmacy.png,OSM
Casablanca-Settat,Pharmacie Al Machrouae صيدلية المشروع,Parapharmacie,Formel,Mohammedia,33.6619107,-7.3631995,icons/pharmacy.png,OSM
Casablanca-Settat,Pharmacie Des Résidences صيدلية الاقامات,Parapharmacie,Formel,Mohammedia,33.6677623,-7.3671404,icons/pharmacy.png,OSM
Casablanca-Settat,Pharmacie Mimouna صيدلية ميمونة,Parapharmacie,Formel,Mohammedia,33.6650452,-7.3648026,icons/pharmacy.png,OSM
Casablanca-Settat,Pharmacie Centre De Santé صيدلية المركز الصحي,Parapharmacie,Formel,Mohammed,33.6611358,-7.3588546,icons/pharmacy.png,OSM
Casablanca-Settat,Pharmacie Diyar El Alia صيدلية ديار العالية,Parapharmacie,Formel,Mohammedia,33.6744821,-7.3648676,icons/pharmacy.png,OSM
Casablanca-Settat,Pharmacie Jnan Zitoune صيدلية جنان الزيتون,Parapharmacie,Formel,Mohammédia المحمدية,33.6782939,-7.3621117,icons/pharmacy.png,OSM
Casablanca-Settat,Pharmacie Youssef صيدلية يوسف,Parapharmacie,Formel,Mohammédia المحمدية,33.6766534,-7.3899685,icons/pharmacy.png,OSM
Casablanca-Settat,Pharmacie Al Wahda صيدلية الوحدة,Parapharmacie,Formel,Mohammédia المحمدية,33.6811497,-7.3854121,icons/pharmacy.png,OSM
Casablanca-Settat,Pharmacie Sarah صيدلية صارة,Parapharmacie,Formel,Mohammédia المحمدية,33.6859114,-7.3801692,icons/pharmacy.png,OSM
Casablanca-Settat,Pharmacie Soleil صيدلية شمس,Parapharmacie,Formel,Mohammédia المحمدية,33.7072137,-7.3573384,icons/pharmacy.png,OSM
Casablanca-Settat,Pharmacie Marjane صيدلية مرجان,Parapharmacie,Formel,Mohammédia المحمدية,33.7081272,-7.3468585,icons/pharmacy.png,OSM
Casablanca-Settat,Pharmacie Monica Plage صيدلية شاطئ مونيكا,Parapharmacie,Formel,Mohammédia المحمدية,33.7108882,-7.353739,icons/pharmacy.png,OSM
Casablanca-Settat,Pharmacie Nabil صيدلية نبيل,Parapharmacie,Formel,Mohammédia المحمدية,33.713637,-7.345823,icons/pharmacy.png,OSM
Casablanca-Settat,Pharmacie Espoir صيدلية الأمل,Parapharmacie,Formel,Mohammedia,33.6911969,-7.3737297,icons/pharmacy.png,OSM
Casablanca-Settat,Pharmacie Zeyneb صيدلية زينب,Parapharmacie,Formel,Mohammedia,33.7019989,-7.3665498,icons/pharmacy.png,OSM
Casablanca-Settat,Pharmacie Al Qods صيدلية القدس,Parapharmacie,Formel,Mohammedia,33.6982691,-7.3686958,icons/pharmacy.png,OSM
Casablanca-Settat,Pharmacie Jardin Des Orchidées صيدلية بساتين الفاكهة,Parapharmacie,Formel,Mohammédia المحمدية,33.7111655,-7.3450107,icons/pharmacy.png,OSM
Casablanca-Settat,Pharmacie Oued Lmakhazin صيدلية واد المخازن,Parapharmacie,Formel,Mohammedia,33.695717,-7.3686059,icons/pharmacy.png,OSM
Casablanca-Settat,Pharmacie Al Hamd صيدلية الحمد,Parapharmacie,Formel,Mohammedia,33.702393,-7.362434,icons/pharmacy.png,OSM
Casablanca-Settat,Pharmacie Bradaa صيدلية البرادعة,Parapharmacie,Formel,Mohammedia,33.7003444,-7.3700723,icons/pharmacy.png,OSM
Casablanca-Settat,Pharmacie Yasmina صيدلية ياسمينة,Parapharmacie,Formel,"Boulevard Hassan II شارع الحسن الثاني, Mohammedia",33.7079027,-7.3605078,icons/pharmacy.png,OSM
Casablanca-Settat,Pharmacie Anajm صيدلية النجم,Parapharmacie,Formel,Mohammedia,33.7181266,-7.3347524,icons/pharmacy.png,OSM
Casablanca-Settat,Chichawa,Café,Formel,Avenue Al Kifah,33.9908974,-6.8744289,icons/cafe.png,OSM
Casablanca-Settat,Pharmacie Souss صيدلية سوس,Parapharmacie,Formel,Mohammedia,33.7013591,-7.3787269,icons/pharmacy.png,OSM
Casablanca-Settat,Pharmacie Manismane صيدلية مانيسمان,Parapharmacie,Formel,Mohammédia المحمدية,33.7058613,-7.3687767,icons/pharmacy.png,OSM
Casablanca-Settat,Pharmacie Rachad صيدلية رشاد,Parapharmacie,Formel,Mohammedia,33.7010067,-7.3828014,icons/pharmacy.png,OSM
Casablanca-Settat,Pharmacie La Siesta صيدلية لا سيبسطا,Parapharmacie,Formel,Mohammédia المحمدية,33.7155216,-7.3501934,icons/pharmacy.png,OSM
Casablanca-Settat,Pharmacie 3 Mars صيدلية 3 مارس,Parapharmacie,Formel,Mohammédia المحمدية,33.7047857,-7.38277,icons/pharmacy.png,OSM
Casablanca-Settat,Pharmacie Miramar صيدلية ميرامار,Parapharmacie,Formel,"Boulevard des Forces Armées Royales (FAR), MOHAMMEDIA",33.7041875,-7.3927197,icons/pharmacy.png,OSM
Casablanca-Settat,Pharmacie Radia صيدلية راضية,Parapharmacie,Formel,Mohammedia,33.7008329,-7.3845548,icons/pharmacy.png,OSM
Casablanca-Settat,Pharmacie L'Hôpital صيدلية المستشفى,Parapharmacie,Formel,"Rue La fontaine, Mohammedia",33.6991148,-7.3844459,icons/pharmacy.png,OSM
Casablanca-Settat,Pharmacie Palmier صيدلية النخيل,Parapharmacie,Formel,Mohammédia المحمدية,33.705342,-7.3971812,icons/pharmacy.png,OSM
Casablanca-Settat,Pharmacie Corniche صيدلية كورنيش,Parapharmacie,Formel,Mohammédia المحمدية,33.7036033,-7.3866409,icons/pharmacy.png,OSM
Casablanca-Settat,Pharmacie Wafa صيدلية الوفا,Parapharmacie,Formel,Mohammedia,33.6996321,-7.397617,icons/pharmacy.png,OSM
Casablanca-Settat,Pharmacie Eucalyptus صيدلية الكالبتوس,Parapharmacie,Formel,Mohammedia,33.6975761,-7.3953194,icons/pharmacy.png,OSM
Casablanca-Settat,Pharmacie Nour صيدلية نور,Parapharmacie,Formel,Mohammédia المحمدية,33.7063859,-7.3902702,icons/pharmacy.png,OSM
Casablanca-Settat,Pharmacie Claude Monet صيدلية كلود موني,Parapharmacie,Formel,Mohammedia,33.7020423,-7.3965745,icons/pharmacy.png,OSM
Casablanca-Settat,Pharmacie La Piscine صيدلية المسبح,Parapharmacie,Formel,"Rue Abderrahmane Serghini, Mohammédia ⵎⵓⵃⴰⵎⴰⴷⵉⵢⴰ المحمدية",33.6956437,-7.3903903,icons/pharmacy.png,OSM
Casablanca-Settat,Pharmacie de L'Avenue صيدلية الشارع,Parapharmacie,Formel,"Boulevard Mohammed V شارع محمد الخامس, Mohammedia",33.6995011,-7.3928085,icons/pharmacy.png,OSM
Casablanca-Settat,La Grande Pharmacie الصيدلية الكبرى,Parapharmacie,Formel,Mohammedia,33.6935917,-7.3919184,icons/pharmacy.png,OSM
Casablanca-Settat,Pharmacie Malak صيدلية ملاك,Parapharmacie,Formel,Mohammedia,33.6830497,-7.4002862,icons/pharmacy.png,OSM
Casablanca-Settat,Pharmacie Sebta صيدلية سبتة,Parapharmacie,Formel,Mohammedia,33.6950705,-7.38126,icons/pharmacy.png,OSM
Casablanca-Settat,Pharmacie Liberté صيدلية الحرية,Parapharmacie,Formel,Mohammédia المحمدية,33.6902228,-7.3784751,icons/pharmacy.png,OSM
Casablanca-Settat,Pharmacie Karama صيدلية كرامة,Parapharmacie,Formel,Mohammedia,33.6787339,-7.4125188,icons/pharmacy.png,OSM
Casablanca-Settat,Pharmacie Centrale الصيدلية المركزية,Parapharmacie,Formel,Mohammedia,33.6781346,-7.4133686,icons/pharmacy.png,OSM
Casablanca-Settat,Pharmacie Nassim صيدلية النسيم,Parapharmacie,Formel,Mohammedia,33.678645,-7.3995468,icons/pharmacy.png,OSM
Casablanca-Settat,Pharmacie Aswak Assalam صيدلية أسواق السلام,Parapharmacie,Formel,Mohammedia,33.688323,-7.4008127,icons/pharmacy.png,OSM
Casablanca-Settat,Pharmacie Essaada صيدلية السعادة,Parapharmacie,Formel,Mohammedia,33.6808914,-7.3940196,icons/pharmacy.png,OSM
Casablanca-Settat,Pharmacie Alia صيدلية عالية,Parapharmacie,Formel,MOHAMMEDIA,33.6879494,-7.3906383,icons/pharmacy.png,OSM
Casablanca-Settat,Pharmacie Ibn Rochd صيدلية ابن رشد,Parapharmacie,Formel,Mohammedia,33.6901605,-7.3873124,icons/pharmacy.png,OSM
Casablanca-Settat,Pharmacie Mesk Lil صيدلية مسك الليل,Parapharmacie,Formel,Mohammedia,33.6921925,-7.3875143,icons/pharmacy.png,OSM
Casablanca-Settat,Pharmacie Ibn Nafis صيدلية ابن النفيس,Parapharmacie,Formel,Mohammedia,33.6898614,-7.3909642,icons/pharmacy.png,OSM
Casablanca-Settat,Pharmacie Anfa صيدلية أنفا,Parapharmacie,Formel,Mohammedia,33.6945948,-7.3766587,icons/pharmacy.png,OSM
Casablanca-Settat,Pharmacie Laayoune صيدلية لعيون,Parapharmacie,Formel,Mohammédia المحمدية,33.6943834,-7.3843837,icons/pharmacy.png,OSM
Casablanca-Settat,Pharmacie Al Yakout صيدلية الياقوت,Parapharmacie,Formel,Bouznika,33.755505,-7.1545015,icons/pharmacy.png,OSM
Casablanca-Settat,Pharmacie Les Résidences صيدلية الإقامات,Parapharmacie,Formel,Bouznika,33.7630302,-7.1527862,icons/pharmacy.png,OSM
Casablanca-Settat,Pharmacie El Woroud صيدلية الورود,Parapharmacie,Formel,Bouznika,33.7675958,-7.1597246,icons/pharmacy.png,OSM
Casablanca-Settat,Pharmacie Al Amine Taha صيدلية الأمين طه,Parapharmacie,Formel,Bouznika,33.7659262,-7.1564806,icons/pharmacy.png,OSM
Casablanca-Settat,Pharmacie Azir صيدلية أزير,Parapharmacie,Formel,Bouznika,33.7647253,-7.1595745,icons/pharmacy.png,OSM
Casablanca-Settat,Pharmacie Oulaya صيدلية عليا,Parapharmacie,Formel,Bouznika,33.768089,-7.1596123,icons/pharmacy.png,OSM
Casablanca-Settat,Pharmacie El Mahjoubi صيدلية المحجوبي,Parapharmacie,Formel,Bouznika,33.7688263,-7.1561337,icons/pharmacy.png,OSM
Casablanca-Settat,Pharmacie Reghay صيدلية الرغاي,Parapharmacie,Formel,Bouznika,33.7695007,-7.1641229,icons/pharmacy.png,OSM
Casablanca-Settat,Pharmacie Altruisme صيدلية الإيثار,Parapharmacie,Formel,Bouznika,33.7703374,-7.1620169,icons/pharmacy.png,OSM
Casablanca-Settat,Pharmacie Tazi صيدلية التازي,Parapharmacie,Formel,Bouznika ⴱⵓⵣⵏⵉⵇⴰ بوزنيقة,33.7800423,-7.1623527,icons/pharmacy.png,OSM
Casablanca-Settat,Pharmacie Bismillah صيدلية بسم الله,Parapharmacie,Formel,Bouznika,33.7747602,-7.1572593,icons/pharmacy.png,OSM
Casablanca-Settat,Pharmacie Rajae صيدلية رجاء,Parapharmacie,Formel,Bouznika ⴱⵓⵣⵏⵉⵇⴰ بوزنيقة,33.7785396,-7.1605219,icons/pharmacy.png,OSM
Casablanca-Settat,Pharmacie Nabil صيدلية نبيل,Parapharmacie,Formel,Bouznika ⴱⵓⵣⵏⵉⵇⴰ بوزنيقة,33.7806924,-7.1607103,icons/pharmacy.png,OSM
Casablanca-Settat,Pharmacie El Houda صيدلية الهدى,Parapharmacie,Formel,"Avenue La Victoire, Bouznika ⴱⵓⵣⵏⵉⵇⴰ بوزنيقة",33.781277,-7.162347,icons/pharmacy.png,OSM
Casablanca-Settat,Pharmacie J.Amina صيدلية أمينة,Parapharmacie,Formel,Bouznika,33.7716583,-7.1582998,icons/pharmacy.png,OSM
Casablanca-Settat,Pharmacie Hay Othmane صيدلية حي عثمان,Parapharmacie,Formel,Bouznika ⴱⵓⵣⵏⵉⵇⴰ بوزنيقة,33.7842311,-7.1613119,icons/pharmacy.png,OSM
Casablanca-Settat,Pharmacie Pikmar صيدلية بيكمار,Parapharmacie,Formel,Bouznika ⴱⵓⵣⵏⵉⵇⴰ بوزنيقة,33.7822565,-7.1594356,icons/pharmacy.png,OSM
Casablanca-Settat,Pharmacie Al Amal صيدلية الأمل,Parapharmacie,Formel,Bouznika ⴱⵓⵣⵏⵉⵇⴰ بوزنيقة,33.7824116,-7.1577698,icons/pharmacy.png,OSM
Casablanca-Settat,Pharmacie Ibn Rochd صيدلية ابن رشد,Parapharmacie,Formel,Bouznika ⴱⵓⵣⵏⵉⵇⴰ بوزنيقة,33.7838703,-7.1579086,icons/pharmacy.png,OSM
Casablanca-Settat,Pharmacie Les Urgences صيدلية المستعجلات,Parapharmacie,Formel,Bouznika ⴱⵓⵣⵏⵉⵇⴰ بوزنيقة,33.7833023,-7.1547598,icons/pharmacy.png,OSM
Casablanca-Settat,Pharmacie La Paix صيدلية السلام,Parapharmacie,Formel,"Boulevard de la Paix, Bouznika ⴱⵓⵣⵏⵉⵇⴰ بوزنيقة",33.7853647,-7.1624486,icons/pharmacy.png,OSM
Casablanca-Settat,Pharmacie Salim صيدلية سليم,Parapharmacie,Formel,Bouznika,33.7849448,-7.1638278,icons/pharmacy.png,OSM
Casablanca-Settat,Pharmacie La Famille صيدلية العائلة,Parapharmacie,Formel,Bouznika ⴱⵓⵣⵏⵉⵇⴰ بوزنيقة,33.7867907,-7.1640467,icons/pharmacy.png,OSM
Casablanca-Settat,Pharmacie La Santé صيدلية الصحة,Parapharmacie,Formel,"Rue Des Habous, Bouznika ⴱⵓⵣⵏⵉⵇⴰ بوزنيقة",33.7886386,-7.1598499,icons/pharmacy.png,OSM
Casablanca-Settat,Pharmacie Centrale الصيدلية المركزية,Parapharmacie,Formel,"Avenue Hassan II, Bouznika ⴱⵓⵣⵏⵉⵇⴰ بوزنيقة",33.7897781,-7.1585961,icons/pharmacy.png,OSM
Casablanca-Settat,Pharmacie Bir Anzarane صيدلية بئر أنزران,Parapharmacie,Formel,Bouznika ⴱⵓⵣⵏⵉⵇⴰ بوزنيقة,33.7859603,-7.158128,icons/pharmacy.png,OSM
Casablanca-Settat,Pharmacie Bouznika صيدلية بوزنيقة,Parapharmacie,Formel,"Avenue Bir Anzarane, Bouznika ⴱⵓⵣⵏⵉⵇⴰ بوزنيقة",33.7890289,-7.1583977,icons/pharmacy.png,OSM
Casablanca-Settat,Pharmacie Harim صيدلية حريم,Parapharmacie,Formel,"Avenue Hassan II, Bouznika ⴱⵓⵣⵏⵉⵇⴰ بوزنيقة",33.7894313,-7.1594143,icons/pharmacy.png,OSM
Casablanca-Settat,Pharmacie Tafilalt صيدلية تافيلالت,Parapharmacie,Formel,"Avenue Hassan II, Bouznika ⴱⵓⵣⵏⵉⵇⴰ بوزنيقة",33.7902348,-7.1573641,icons/pharmacy.png,OSM
Casablanca-Settat,Papa John's,Restaurant,Formel,Papa John's,33.5328711,-7.6154746,icons/restaurant.png,OSM
Casablanca-Settat,Pharmacie Shems Bouznika صيدلية شمس بوزنيقة,Parapharmacie,Formel,Bouznika,33.7921863,-7.1632873,icons/pharmacy.png,OSM
Casablanca-Settat,Pharmacie la Perle d'Eddoha صيدلية جوهرة الضحى,Parapharmacie,Formel,Bouznika ⴱⵓⵣⵏⵉⵇⴰ بوزنيقة,33.8050654,-7.1547337,icons/pharmacy.png,OSM
Casablanca-Settat,Pharmacie Kasbah صيدلية القصبة,Parapharmacie,Formel,"الطريق البحرية, Bouznika ⴱⵓⵣⵏⵉⵇⴰ بوزنيقة",33.8093338,-7.1569282,icons/pharmacy.png,OSM
Casablanca-Settat,Pharmacie Oued Eddahab صيدلية واد الذهب,Parapharmacie,Formel,Bouznika ⴱⵓⵣⵏⵉⵇⴰ بوزنيقة,33.787732,-7.1580129,icons/pharmacy.png,OSM
Casablanca-Settat,Pharmacie Najmi صيدلية نجمي,Parapharmacie,Formel,Bouznika ⴱⵓⵣⵏⵉⵇⴰ بوزنيقة,33.7786898,-7.1583733,icons/pharmacy.png,OSM
Casablanca-Settat,Pharmacie Nour El Houda صيدلية نور الهدى,Parapharmacie,Formel,El Gara ⵍⴳⴰⵕⴰ الكارة,33.2723892,-7.2292949,icons/pharmacy.png,OSM
Casablanca-Settat,Pharmacie De l'Hopital صيدلية المستشفى,Parapharmacie,Formel,El Gara ⵍⴳⴰⵕⴰ الكارة,33.2811345,-7.2389013,icons/pharmacy.png,OSM
Casablanca-Settat,Pharmacie Youssef صيدلية يوسف,Parapharmacie,Formel,Tit Mellil تيط مليل,33.5424012,-7.479469,icons/pharmacy.png,OSM
Casablanca-Settat,Pharmacie Hay Alia صيدلية حي علياء,Parapharmacie,Formel,Tit Mellil,33.5445419,-7.4870704,icons/pharmacy.png,OSM
Casablanca-Settat,Pharmacie Le Jasmin صيدلية الياسمين,Parapharmacie,Formel,Tit Mellil تيط مليل,33.5450802,-7.4822458,icons/pharmacy.png,OSM
Casablanca-Settat,Pharmacie Bouchama صيدلية بوشامة,Parapharmacie,Formel,Tit Mellil تيط مليل,33.5488153,-7.4817686,icons/pharmacy.png,OSM
Casablanca-Settat,Pharmacie Alliance صيدلية أليانس,Parapharmacie,Formel,"Avenue Al Masjid, Tit Mellil تيط مليل",33.549637,-7.4872239,icons/pharmacy.png,OSM
Casablanca-Settat,Pharmacie Bakri صيدلية بكري,Parapharmacie,Formel,Tit Mellil ⵜⵉⵟ ⵎⵍⵉⵍ تيط مليل,33.5500583,-7.4837862,icons/pharmacy.png,OSM
Casablanca-Settat,Pharmacie Zine Essalam صيدلية زين السلام,Parapharmacie,Formel,Tit Mellil تيط مليل,33.5528826,-7.4751169,icons/pharmacy.png,OSM
Casablanca-Settat,Pharmacie Jnane Essafia صيدلية جنان الصافية,Parapharmacie,Formel,Tit Mellil تيط مليل,33.5560088,-7.4724584,icons/pharmacy.png,OSM
Casablanca-Settat,Pharmacie Messaoudi صيدلية المسعودي,Parapharmacie,Formel,Tit Mellil تيط مليل,33.5447985,-7.4653683,icons/pharmacy.png,OSM
Casablanca-Settat,Pharmacie La Permanence صيدلية الدوام,Parapharmacie,Formel,"Boulevard Okba Bnou Nafie, Tit Mellil",33.5480164,-7.4570364,icons/pharmacy.png,OSM
Casablanca-Settat,Pharmacie Souk Sebt صيدلية سوق السبت,Parapharmacie,Formel,"Boulevard Okba Bnou Nafie, Tit Mellil تيط مليل",33.5549773,-7.4802272,icons/pharmacy.png,OSM
Casablanca-Settat,Pharmacie Shems El Madina صيدلية شمس المدينة,Parapharmacie,Formel,Tit Mellil تيط مليل,33.5515188,-7.4639495,icons/pharmacy.png,OSM
Casablanca-Settat,Pharmacie Sami صيدلية سامي,Parapharmacie,Formel,Tit Mellil تيط مليل,33.5621879,-7.4846857,icons/pharmacy.png,OSM
Casablanca-Settat,Pharmacie Riad Echallalate صيدلية رياض الشلالات,Parapharmacie,Formel,Ain Harrouda عين حرودة,33.6188064,-7.4457767,icons/pharmacy.png,OSM
Casablanca-Settat,Pharmacie Hay Riad صيدلية حي الرياض,Parapharmacie,Formel,Ain Harrouda عين حرودة,33.620225,-7.4486547,icons/pharmacy.png,OSM
Casablanca-Settat,Pharmacie Solb صيدلية الصلب,Parapharmacie,Formel,Ain Harrouda عين حرودة,33.6275418,-7.4399033,icons/pharmacy.png,OSM
Casablanca-Settat,Pharmacie Zaitoune صيدلية الزيتون,Parapharmacie,Formel,Ain Harrouda عين حرودة,33.6271798,-7.4362403,icons/pharmacy.png,OSM
Casablanca-Settat,Pharmacie Dr.Salah صيدلية د.صلاح,Parapharmacie,Formel,Ain Harrouda عين حرودة,33.6339743,-7.4208001,icons/pharmacy.png,OSM
Casablanca-Settat,Pharmacie Omar Al Farouk صيدلية عمر الفاروق,Parapharmacie,Formel,Ain Harrouda عين حرودة,33.6510104,-7.414294,icons/pharmacy.png,OSM
Casablanca-Settat,Pharmacie Zenata صيدلية زناتة,Parapharmacie,Formel,Ain Harrouda ⵄⵉⵏ ⵃⴰⵔⵓⴷⴰ عين حرودة,33.6339426,-7.4500004,icons/pharmacy.png,OSM
Casablanca-Settat,Pharmacie Siècle صيدلية القرن,Parapharmacie,Formel,Ain Harrouda,33.6332131,-7.4581042,icons/pharmacy.png,OSM
Casablanca-Settat,Pharmacie El Ezz صيدلية العز,Parapharmacie,Formel,"Boulevard de Palestine, Ain Harrouda",33.6317087,-7.4563667,icons/pharmacy.png,OSM
Casablanca-Settat,Pharmacie Ibnou Sahl صيدلية ابن السهل,Parapharmacie,Formel,Ain Harrouda,33.6360838,-7.4469982,icons/pharmacy.png,OSM
Casablanca-Settat,Pharmacie El Moustawsaf صيدلية المستوصف,Parapharmacie,Formel,Ain Harrouda,33.638738,-7.4482679,icons/pharmacy.png,OSM
Casablanca-Settat,Pharmacie Zahra صيدلية زهرة,Parapharmacie,Formel,Ain Harrouda ⵄⵉⵏ ⵃⴰⵔⵓⴷⴰ عين حرودة,33.6362342,-7.4505974,icons/pharmacy.png,OSM
Casablanca-Settat,Pharmacie Aït Taleb صيدلية أيت الطالب,Parapharmacie,Formel,Ain Harrouda ⵄⵉⵏ ⵃⴰⵔⵓⴷⴰ عين حرودة,33.6362382,-7.4531351,icons/pharmacy.png,OSM
Casablanca-Settat,Pharmacie Zaynab صيدلية زينب,Parapharmacie,Formel,Ain Harrouda,33.6372947,-7.4601645,icons/pharmacy.png,OSM
Casablanca-Settat,Pharmacie Ain Harrouda صيدلية عين حرودة,Parapharmacie,Formel,"Avenue Ibn Rochd, Ain Harrouda",33.6405941,-7.4509547,icons/pharmacy.png,OSM
Casablanca-Settat,Pharmacie Rim صيدلية ريم,Parapharmacie,Formel,"Avenue Ibn Battouta, Ain Harrouda",33.638872,-7.4525694,icons/pharmacy.png,OSM
Casablanca-Settat,Pharmacie Moustaid صيدلية مستعيد,Parapharmacie,Formel,Ain Harrouda,33.6389782,-7.4551621,icons/pharmacy.png,OSM
Casablanca-Settat,Pharmacie Amal Soussi صيدلية أمل السوسي,Parapharmacie,Formel,Ain Harrouda عين حرودة,33.6618355,-7.4377611,icons/pharmacy.png,OSM
Casablanca-Settat,Pharmacie Al Madina صيدلية المدينة,Parapharmacie,Formel,"Boulevard Chefchaouni, Ain Harrouda عين حرودة",33.6643582,-7.4403059,icons/pharmacy.png,OSM
Casablanca-Settat,Pharmacie Km 15 صيدلية كلم,Parapharmacie,Formel,Ain Harrouda,33.6330076,-7.4705889,icons/pharmacy.png,OSM
Casablanca-Settat,Pharmacie Ibn Rochd صيدلية ابن رشد,Parapharmacie,Formel,Sidi Bennour ⵙⵉⴷⵉ ⴱⵏⵏⵓⵕ سيدي بنور,32.6520649,-8.4266892,icons/pharmacy.png,OSM
Casablanca-Settat,Pharmacie Al Okhowa صيدلية الأخوة,Parapharmacie,Formel,Benslimane,33.5826041,-7.1155172,icons/pharmacy.png,OSM
Casablanca-Settat,Pharmacie Zineb صيدلية زينب,Parapharmacie,Formel,Benslimane بن سليمان,33.6004553,-7.1117675,icons/pharmacy.png,OSM
Casablanca-Settat,Grande Pharmacie L'Oisis الصيدلية الكبرى الواحة,Parapharmacie,Formel,Benslimane بن سليمان,33.5887353,-7.1333596,icons/pharmacy.png,OSM
Casablanca-Settat,Pharmacie Najmat Benslimane صيدلية نجمة بنسليمان,Parapharmacie,Formel,Benslimane,33.5855303,-7.1178485,icons/pharmacy.png,OSM
Casablanca-Settat,Pharmacie Sofia صيدلية صوفيا,Parapharmacie,Formel,Benslimane,33.6032742,-7.1104495,icons/pharmacy.png,OSM
Casablanca-Settat,Pharmacie Benslimane صيدلية بن سليمان,Parapharmacie,Formel,Benslimane,33.6125822,-7.1206078,icons/pharmacy.png,OSM
Casablanca-Settat,Pharmacie Santé صيدلية الصحة,Parapharmacie,Formel,Benslimane,33.6159576,-7.1207835,icons/pharmacy.png,OSM
Casablanca-Settat,Pharmacie Armées Royales صيدلية الجيش الملكي,Parapharmacie,Formel,Benslimane,33.6109041,-7.1238974,icons/pharmacy.png,OSM
Casablanca-Settat,Pharmacie Mouna صيدلية منى,Parapharmacie,Formel,Benslimane,33.61269,-7.1230143,icons/pharmacy.png,OSM
Casablanca-Settat,Pharmacie Annassim صيدلية النسيم,Parapharmacie,Formel,Benslimane,33.6114889,-7.127448,icons/pharmacy.png,OSM
Casablanca-Settat,Pharmacie Arroud صيدلية الروض,Parapharmacie,Formel,Benslimane,33.619451,-7.1324292,icons/pharmacy.png,OSM
Casablanca-Settat,Pharmacie Centre صيدلية المركز,Parapharmacie,Formel,Benslimane,33.6198641,-7.1248628,icons/pharmacy.png,OSM
Casablanca-Settat,Pharmacie Souk صيدلية السوق,Parapharmacie,Formel,Benslimane,33.6225775,-7.1215709,icons/pharmacy.png,OSM
Casablanca-Settat,Pharmacie Al Qods صيدلية القدس,Parapharmacie,Formel,Benslimane,33.6169588,-7.1189464,icons/pharmacy.png,OSM
Casablanca-Settat,Pharmacie La Gare صيدلية المحطة,Parapharmacie,Formel,Benslimane,33.6184466,-7.1216656,icons/pharmacy.png,OSM
Casablanca-Settat,Pharmacie Al Azhar صيدلية الأزهر,Parapharmacie,Formel,Benslimane,33.6154149,-7.1180306,icons/pharmacy.png,OSM
Casablanca-Settat,Pharmacie Chadi صيدلية شادي,Parapharmacie,Formel,Benslimane,33.6135216,-7.1204233,icons/pharmacy.png,OSM
Casablanca-Settat,Pharmacie Hassan 2 صيدلية حسن,Parapharmacie,Formel,Benslimane ⴱⴰⵏⵙⵍⵉⵎⴰⵏ بن سليمان,33.6206904,-7.1269987,icons/pharmacy.png,OSM
Casablanca-Settat,Pharmacie Résistance صيدلية المقاومة,Parapharmacie,Formel,Benslimane,33.6237968,-7.1297179,icons/pharmacy.png,OSM
Casablanca-Settat,Pharmacie Al Ossra صيدلية الأسرة,Parapharmacie,Formel,Benslimane,33.6249524,-7.124513,icons/pharmacy.png,OSM
Casablanca-Settat,Pharmacie Hay Karim صيدلية حي كريم,Parapharmacie,Formel,Benslimane,33.6260752,-7.131648,icons/pharmacy.png,OSM
Casablanca-Settat,Pharmacie Chaouia صيدلية الشاوية,Parapharmacie,Formel,Benslimane,33.6158093,-7.1159318,icons/pharmacy.png,OSM
Casablanca-Settat,Pharmacie Jorio صيدلية جوريو,Parapharmacie,Formel,Benslimane,33.627792,-7.1324121,icons/pharmacy.png,OSM
Casablanca-Settat,Pharmacie Oum Kasser صيدلية أم قصر,Parapharmacie,Formel,Benslimane ⴱⴰⵏⵙⵍⵉⵎⴰⵏ بن سليمان,33.6221266,-7.1249762,icons/pharmacy.png,OSM
Casablanca-Settat,Pharmacie Al Farah صيدلية الفرح,Parapharmacie,Formel,Benslimane,33.6252097,-7.1263895,icons/pharmacy.png,OSM
Casablanca-Settat,Pharmacie Aziz صيدلية عزيز,Parapharmacie,Formel,Benslimane,33.6140461,-7.1216137,icons/pharmacy.png,OSM
Casablanca-Settat,Pharmacie Omar صيدلية عمر,Parapharmacie,Formel,Benslimane,33.6258272,-7.1357043,icons/pharmacy.png,OSM
Casablanca-Settat,Pharmacie Mosquée Al Fath صيدلية مسجد الفتح,Parapharmacie,Formel,Benslimane,33.6243679,-7.1368001,icons/pharmacy.png,OSM
Casablanca-Settat,Pharmacie Al Joulane صيدلية الجولان,Parapharmacie,Formel,Benslimane,33.6219155,-7.1295234,icons/pharmacy.png,OSM
Casablanca-Settat,Pharmacie Ibtissame صيدلية ابتسام,Parapharmacie,Formel,Benslimane,33.6179714,-7.1250688,icons/pharmacy.png,OSM
Casablanca-Settat,Pharmacie Nouvelle الصيدلية الجديدة,Parapharmacie,Formel,"Rue Youssef Ibn Tachefine, Berrechid",33.2674314,-7.5861934,icons/pharmacy.png,OSM
Casablanca-Settat,Pharmacie de la Gare صيدلية المحطة,Parapharmacie,Formel,"Avenue des Far شارع الجيش الملكي, Settat ⵥⵟⵟⴰⵟ سطات",32.9985279,-7.6160557,icons/pharmacy.png,OSM
Casablanca-Settat,Pharmacie Legunanet صيدلية لكنانط,Parapharmacie,Formel,"Rue El Azem, Settat",33.0079374,-7.6142417,icons/pharmacy.png,OSM
Casablanca-Settat,Pharmacie Al Bachir صيدلية البشير,Parapharmacie,Formel,Mohammédia المحمدية,33.7020048,-7.3982737,icons/pharmacy.png,OSM
Casablanca-Settat,Pharmacie Al Fath صيدلية الفتح,Parapharmacie,Formel,"Boulevard Oued Al Makhazine, Mohammédia المحمدية",33.6819076,-7.3912556,icons/pharmacy.png,OSM
Casablanca-Settat,Pharmacie Al Majd صيدلية المجد,Parapharmacie,Formel,"Boulevard de la Resistance, Mohammedia",33.6858915,-7.3827021,icons/pharmacy.png,OSM
Casablanca-Settat,Pharmacie Al Mouna صيدلية المنى,Parapharmacie,Formel,Mohammedia,33.6902091,-7.384695,icons/pharmacy.png,OSM
Casablanca-Settat,Pharmacie Riad صيدلية الرياض,Parapharmacie,Formel,"Boulevard Monastir, Mohammedia",33.688186,-7.3843147,icons/pharmacy.png,OSM
Casablanca-Settat,Pharmacie Assounah صيدلية السنة,Parapharmacie,Formel,"Boulevard de la Resistance, Mohammédia المحمدية",33.681629,-7.3883894,icons/pharmacy.png,OSM
Casablanca-Settat,Pharmacie Atlantic صيدلية أطلنتيك,Parapharmacie,Formel,"Route Cotière, Mohammedia",33.7254476,-7.334962,icons/pharmacy.png,OSM
Casablanca-Settat,Pharmacie Ibn Yassine صيدلية ابن ياسين,Parapharmacie,Formel,"Rue de Bir Anzarane, Mohammedia",33.7005866,-7.3881139,icons/pharmacy.png,OSM
Casablanca-Settat,Pharmacie Mekka صيدلية مكة,Parapharmacie,Formel,Mohammedia,33.6915786,-7.3827277,icons/pharmacy.png,OSM
Casablanca-Settat,Pharmacie Palestine صيدلية فلسطين,Parapharmacie,Formel,"Boulevard de Palestine, Mohammédia المحمدية",33.6898042,-7.3808236,icons/pharmacy.png,OSM
Casablanca-Settat,Pharmacie du Port صيدلية الميناء,Parapharmacie,Formel,"Bd Fâchât Hassad, Mohammedia",33.7083916,-7.3999213,icons/pharmacy.png,OSM
Casablanca-Settat,Pharmacie de la Kasbah صيدلية القصبة,Parapharmacie,Formel,"Rue Mansour Eddahbi, Mohammedia",33.6987758,-7.3895011,icons/pharmacy.png,OSM
Casablanca-Settat,Pharmacie du Maghreb صيدلية المغرب,Parapharmacie,Formel,"Boulevard des Forces Armées Royales (FAR), Mohammedia",33.7007884,-7.3910276,icons/pharmacy.png,OSM
Casablanca-Settat,Pharmacie les Sablettes صيدلية سابليت,Parapharmacie,Formel,"Boulevard Hassan II شارع الحسن الثاني, Mohammédia المحمدية",33.7148346,-7.3430323,icons/pharmacy.png,OSM
Casablanca-Settat,Pharmacie Les Crêtes صيدلية القمم,Parapharmacie,Formel,Mohammédia المحمدية,33.6884075,-7.395669,icons/pharmacy.png,OSM
Casablanca-Settat,Pharmacie Jnane Sidi Allal Behroui صيدلية جنان سيدي علال البحراوي,Parapharmacie,Formel,Sidi Allal El Bahraoui ⵙⵉⴷⵉ ⵄⵍⵍⴰⵍ ⴰⴱⵃⵔⴰⵡⵉ سيدي علال البحراوي,33.9937402,-6.5301334,icons/pharmacy.png,OSM
Casablanca-Settat,Pharmacie Ennajm Al Behri صيدلية النجم البحري,Parapharmacie,Formel,Sidi Allal El Bahraoui ⵙⵉⴷⵉ ⵄⵍⵍⴰⵍ ⴰⴱⵃⵔⴰⵡⵉ سيدي علال البحراوي,33.9991394,-6.5212553,icons/pharmacy.png,OSM
Casablanca-Settat,Pharmacie Boutayna صيدلية بثينة,Parapharmacie,Formel,Benslimane,33.5972429,-7.1142164,icons/pharmacy.png,OSM
Casablanca-Settat,Pharmacie Hay Annasr صيدلية حي النصر,Parapharmacie,Formel,Ain El Aouda ⵄⵉⵏ ⵄⵡⴷⴰ عين العودة,33.7970987,-6.8041633,icons/pharmacy.png,OSM
Casablanca-Settat,Pharmacie Souk صيدلية السوق,Parapharmacie,Formel,Ain El Aouda ⵄⵉⵏ ⵄⵡⴷⴰ عين العودة,33.7949159,-6.8013431,icons/pharmacy.png,OSM
Casablanca-Settat,Pharmacie Nadine صيدلية نادين,Parapharmacie,Formel,Ain El Aouda,33.7991956,-6.7924179,icons/pharmacy.png,OSM
Casablanca-Settat,Pharmacie Firdaous صيدلية فردوس,Parapharmacie,Formel,Ain El Aouda ⵄⵉⵏ ⵄⵡⴷⴰ عين العودة,33.7941705,-6.8091067,icons/pharmacy.png,OSM
Casablanca-Settat,Pharmacie Phenix صيدلية فينكس,Parapharmacie,Formel,Ain El Aouda ⵄⵉⵏ ⵄⵡⴷⴰ عين العودة,33.7871423,-6.7919483,icons/pharmacy.png,OSM
Casablanca-Settat,Pharmacie Wadi Laymoun صيدلية واد الليمون,Parapharmacie,Formel,Ain El Aouda ⵄⵉⵏ ⵄⵡⴷⴰ عين العودة,33.792023,-6.7949233,icons/pharmacy.png,OSM
Casablanca-Settat,Pharmacie Musalla صيدلية مصلى,Parapharmacie,Formel,Ain El Aouda,33.7905159,-6.7979113,icons/pharmacy.png,OSM
Casablanca-Settat,Pharmacie Riad Al Kheir صيدلية رياض الخير,Parapharmacie,Formel,Ain El Aouda ⵄⵉⵏ ⵄⵡⴷⴰ عين العودة,33.8054178,-6.8097714,icons/pharmacy.png,OSM
Casablanca-Settat,Pharmacie Mohamed Ghali صيدلية محمد غالي,Parapharmacie,Formel,Ain El Aouda,33.7992385,-6.795735,icons/pharmacy.png,OSM
Casablanca-Settat,Pharmacie Azzahrae صيدلية الزهراء,Parapharmacie,Formel,Ain El Aouda,33.804855,-6.7983072,icons/pharmacy.png,OSM
Casablanca-Settat,Pharmacie Karim صيدلية كريم,Parapharmacie,Formel,Ain El Aouda,33.797694,-6.8012979,icons/pharmacy.png,OSM
Casablanca-Settat,Pharmacie Hafsa صيدلية حفصى,Parapharmacie,Formel,Ain El Aouda,33.7985681,-6.8076288,icons/pharmacy.png,OSM
Casablanca-Settat,Pharmacie Ain Aouda صيدلية عين عودة,Parapharmacie,Formel,Ain El Aouda,33.8034268,-6.7900107,icons/pharmacy.png,OSM
Casablanca-Settat,Pharmacie Assanabil صيدلية السنابل,Parapharmacie,Formel,Ain El Aouda,33.8012817,-6.8053378,icons/pharmacy.png,OSM
Casablanca-Settat,Pharmacie Al Amal صيدلية الأمل,Parapharmacie,Formel,Ain El Aouda ⵄⵉⵏ ⵄⵡⴷⴰ عين العودة,33.8026438,-6.794128,icons/pharmacy.png,OSM
Casablanca-Settat,Pharmacie Al Hayat صيدلية الحياة,Parapharmacie,Formel,Ain El Aouda ⵄⵉⵏ ⵄⵡⴷⴰ عين العودة,33.8032234,-6.7803525,icons/pharmacy.png,OSM
Casablanca-Settat,Pharmacie Addoha صيدلية الضحى,Parapharmacie,Formel,Ain El Aouda,33.8020546,-6.7973193,icons/pharmacy.png,OSM
Casablanca-Settat,Pharmacie Les Parents صيدلية الوالدين,Parapharmacie,Formel,Ain El Aouda,33.8050299,-6.7869474,icons/pharmacy.png,OSM
Casablanca-Settat,Pharmacie Chiguer صيدلية شيكر,Parapharmacie,Formel,Ain El Aouda ⵄⵉⵏ ⵄⵡⴷⴰ عين العودة,33.8098186,-6.7952564,icons/pharmacy.png,OSM
Casablanca-Settat,Pharmacie Ouled Zaer صيدلية أولاد زعير,Parapharmacie,Formel,Ain El Aouda ⵄⵉⵏ ⵄⵡⴷⴰ عين العودة,33.8040832,-6.7844797,icons/pharmacy.png,OSM
Casablanca-Settat,Pharmacie Zone Industrielle صيدلية المنطقة الصناعية,Parapharmacie,Formel,Ain El Aouda ⵄⵉⵏ ⵄⵡⴷⴰ عين العودة,33.8012124,-6.7855209,icons/pharmacy.png,OSM
Casablanca-Settat,Pharmacie Al Fadl صيدلية الفضل,Parapharmacie,Formel,Ain El Aouda ⵄⵉⵏ ⵄⵡⴷⴰ عين العودة,33.8066036,-6.7761639,icons/pharmacy.png,OSM
Casablanca-Settat,Pharmacie Al Irchad صيدلية الارشاد,Parapharmacie,Formel,Ain El Aouda,33.806791,-6.7859226,icons/pharmacy.png,OSM
Casablanca-Settat,Pharmacie Arrajae صيدلية الرجاء,Parapharmacie,Formel,Ain El Aouda ⵄⵉⵏ ⵄⵡⴷⴰ عين العودة,33.8063695,-6.7818332,icons/pharmacy.png,OSM
Casablanca-Settat,Pharmacie La Vallée صيدلية لافالي,Parapharmacie,Formel,Ain El Aouda ⵄⵉⵏ ⵄⵡⴷⴰ عين العودة,33.8067405,-6.791105,icons/pharmacy.png,OSM
Casablanca-Settat,Pharmacie Saber صيدلية صابر,Parapharmacie,Formel,Mers El Kheir ⵄⵉⵏ ⵄⵜⵉⵇ مرس الخير,33.8647617,-6.9331717,icons/pharmacy.png,OSM
Casablanca-Settat,Pharmacie Bel Hssain صيدلية بلحساين,Parapharmacie,Formel,Tamesna,33.8273291,-6.9018171,icons/pharmacy.png,OSM
Casablanca-Settat,Pharmacie El Basma صيدلية البسمة,Parapharmacie,Formel,Tamesna,33.8280874,-6.9039744,icons/pharmacy.png,OSM
Casablanca-Settat,Pharmacie Attaouhid صيدلية التوحيد,Parapharmacie,Formel,Tamesna,33.8308233,-6.9011989,icons/pharmacy.png,OSM
Casablanca-Settat,Pharmacie Centrale الصيدلية المركزية,Parapharmacie,Formel,Tamesna,33.8289753,-6.9158519,icons/pharmacy.png,OSM
Casablanca-Settat,Pharmacie Sidi YAhya Zaer صيدلية سيدي يحيى زعير,Parapharmacie,Formel,Tamesna,33.826477,-6.9032987,icons/pharmacy.png,OSM
Casablanca-Settat,Pharmacie Centrale Alaoui الصيدلية المركزية العلوي,Parapharmacie,Formel,Tamesna,33.8271995,-6.9041089,icons/pharmacy.png,OSM
Casablanca-Settat,Pharmacie Principale الصيدلية الرئيسية,Parapharmacie,Formel,Tamesna,33.8303983,-6.9131197,icons/pharmacy.png,OSM
Casablanca-Settat,Pharmacie La Commune صيدلية الجماعة,Parapharmacie,Formel,Tamesna,33.8302219,-6.9065651,icons/pharmacy.png,OSM
Casablanca-Settat,Pharmacie Tamesna صيدلية تامسنا,Parapharmacie,Formel,Tamesna,33.8387902,-6.913033,icons/pharmacy.png,OSM
Casablanca-Settat,Pharmacie Al Boraq صيدلية البراق,Parapharmacie,Formel,Tamesna,33.8388973,-6.9324059,icons/pharmacy.png,OSM
Casablanca-Settat,Pharmacie Sendid صيدلية صنديد,Parapharmacie,Formel,Tamesna,33.8360458,-6.925908,icons/pharmacy.png,OSM
Casablanca-Settat,Pharmacie Soussan صيدلية سوسن,Parapharmacie,Formel,Temsna,33.8335635,-6.9238843,icons/pharmacy.png,OSM
Casablanca-Settat,Pharmacie Al Ward صيدلية الورد,Parapharmacie,Formel,Tamesna,33.8369218,-6.9220432,icons/pharmacy.png,OSM
Casablanca-Settat,Pharmacie Nassim Assabah صيدلية نسيم الصباح,Parapharmacie,Formel,Tamesna,33.8485737,-6.9281727,icons/pharmacy.png,OSM
Casablanca-Settat,La Grande Pharmacie الصيدلية الكبرى,Parapharmacie,Formel,Tamesna,33.838862,-6.9247683,icons/pharmacy.png,OSM
Casablanca-Settat,Pharmacie Nouvelle الصيدلية الجديدة,Parapharmacie,Formel,Tamesna,33.8335296,-6.9280706,icons/pharmacy.png,OSM
Casablanca-Settat,Pharmacie Madar Annour صيدلية مدار النور,Parapharmacie,Formel,Tamesna,33.8475508,-6.9312341,icons/pharmacy.png,OSM
Casablanca-Settat,Pharmacie Labbayk صيدلية لبيك,Parapharmacie,Formel,Mers El Kheir ⵎⵔⵙ ⵍⵅⵉⵔ مرس الخير,33.8637995,-6.9296526,icons/pharmacy.png,OSM
Casablanca-Settat,Pharmacie Masjid Annour صيدلية مسجد النور,Parapharmacie,Formel,Tamesna,33.8470047,-6.9359075,icons/pharmacy.png,OSM
Casablanca-Settat,Pharmacie Nouvelle Ville صيدلية المدينة الجديدة,Parapharmacie,Formel,Tamesna,33.8504085,-6.9332897,icons/pharmacy.png,OSM
Casablanca-Settat,Pharmacie Al Imrane صيدلية العمران,Parapharmacie,Formel,Mers El Kheir ⵄⵉⵏ ⵄⵜⵉⵇ مرس الخير,33.8610201,-6.9288978,icons/pharmacy.png,OSM
Casablanca-Settat,Pharmacie Mers El Kheir صيدلية مرس الخير,Parapharmacie,Formel,Mers El Kheir,33.8708641,-6.9186411,icons/pharmacy.png,OSM
Casablanca-Settat,Pharmacie Bab Zair صيدلية باب زعير,Parapharmacie,Formel,Ain El Aouda,33.8104789,-6.7862524,icons/pharmacy.png,OSM
Casablanca-Settat,Pharmacie Dounia Al Ossra صيدلية دنيا الأسرة,Parapharmacie,Formel,Ain El Aouda ⵄⵉⵏ ⵄⵡⴷⴰ عين العودة,33.8038708,-6.803564,icons/pharmacy.png,OSM
Casablanca-Settat,Pharmacie Chrata صيدلية شراطة,Parapharmacie,Formel,Ain El Aouda,33.8000619,-6.8000439,icons/pharmacy.png,OSM
Casablanca-Settat,Pharmacie la Mosquée Pam صيدلية مسجد بام,Parapharmacie,Formel,Ain El Aouda ⵄⵉⵏ ⵄⵡⴷⴰ عين العودة,33.808085,-6.7928416,icons/pharmacy.png,OSM
Casablanca-Settat,Pharmacie Nour Victoria صيدلية نور فيكتوريا,Parapharmacie,Formel,Bouskoura,33.4167216,-7.6784334,icons/pharmacy.png,OSM
Casablanca-Settat,Pharmacie l'Aube صيدلية الفجر,Parapharmacie,Formel,Bouskoura,33.4132803,-7.6807432,icons/pharmacy.png,OSM
Casablanca-Settat,Pharmacie Zineb صيدلية زينب,Parapharmacie,Formel,Bouskoura,33.4103551,-7.6761805,icons/pharmacy.png,OSM
Casablanca-Settat,Pharmacie Centrale الصيدلية المركزية,Parapharmacie,Formel,Bouskoura,33.422519,-7.6780797,icons/pharmacy.png,OSM
Casablanca-Settat,Pharmacie Annasr Victoria صيدلية النصر فيكتوريا,Parapharmacie,Formel,Bouskoura,33.4234586,-7.6811403,icons/pharmacy.png,OSM
Casablanca-Settat,Pharmacie Garan صيدلية كران,Parapharmacie,Formel,Bouskoura,33.4171299,-7.6737998,icons/pharmacy.png,OSM
Casablanca-Settat,Pharmacie Nova Victoria صيدلية نوفا فيكتوريا,Parapharmacie,Formel,Bouskoura,33.4200724,-7.6736957,icons/pharmacy.png,OSM
Casablanca-Settat,Pharmacie Victoria Parc صيدلية فيكتوريا بارك,Parapharmacie,Formel,Bouskoura,33.4236471,-7.6718659,icons/pharmacy.png,OSM
Casablanca-Settat,Pharmacie PharmaParc صيدلية فارمابارك,Parapharmacie,Formel,Bouskoura,33.4208701,-7.6457515,icons/pharmacy.png,OSM
Casablanca-Settat,Pharmacie Mayssane صيدلية ميسان,Parapharmacie,Formel,Bouskoura,33.4218769,-7.6517712,icons/pharmacy.png,OSM
Casablanca-Settat,Pharmacie Agdal صيدلية أكدال,Parapharmacie,Formel,Bouskoura بوسكورة,33.4290944,-7.6372895,icons/pharmacy.png,OSM
Casablanca-Settat,Pharmacie Al Hamd صيدلية الحمد,Parapharmacie,Formel,Bouskoura بوسكورة,33.4323388,-7.6391987,icons/pharmacy.png,OSM
Casablanca-Settat,Pharmacie Parc Ib صيدلية بارك أب,Parapharmacie,Formel,Bouskoura بوسكورة,33.4420941,-7.650858,icons/pharmacy.png,OSM
Casablanca-Settat,Pharmacie Rachidi صيدلية الراشدي,Parapharmacie,Formel,Bouskoura,33.4462959,-7.6481367,icons/pharmacy.png,OSM
Casablanca-Settat,Pharmacie La Glita صيدلية لاغليتا,Parapharmacie,Formel,Bouskoura,33.4511321,-7.659022,icons/pharmacy.png,OSM
Casablanca-Settat,Pharmacie Tlet Bouskoura صيدلية ثلاثاء بوسكورة,Parapharmacie,Formel,Bouskoura,33.4509888,-7.6488376,icons/pharmacy.png,OSM
Casablanca-Settat,Pharmacie El Masjid صيدلية المسجد,Parapharmacie,Formel,Bouskoura,33.4522741,-7.6509632,icons/pharmacy.png,OSM
Casablanca-Settat,Pharmacie Ryad Bouskoura صيدلية رياض بوسكورة,Parapharmacie,Formel,Bouskoura,33.4576144,-7.6652104,icons/pharmacy.png,OSM
Casablanca-Settat,Pharmacie Maria صيدلية ماريا,Parapharmacie,Formel,Bouskoura ⴱⵓⵙⴽⵓⵔⴰ بوسكورة,33.4547158,-7.6498989,icons/pharmacy.png,OSM
Casablanca-Settat,Pharmacie Annakhil صيدلية النخيل,Parapharmacie,Formel,Bouskoura,33.4596685,-7.6527878,icons/pharmacy.png,OSM
Casablanca-Settat,Pharmacie Chorafae صيدلية الشرفاء,Parapharmacie,Formel,Bouskoura ⴱⵓⵙⴽⵓⵔⴰ بوسكورة,33.4575681,-7.6504165,icons/pharmacy.png,OSM
Casablanca-Settat,Pharmacie Al Hassanaine صيدلية الحسنين,Parapharmacie,Formel,Bouskoura,33.4592818,-7.656905,icons/pharmacy.png,OSM
Casablanca-Settat,Pharmacie La Mère صيدلية الأم,Parapharmacie,Formel,Bouskoura,33.4600987,-7.6605442,icons/pharmacy.png,OSM
Casablanca-Settat,Pharmacie Al Kawtar صيدلية الكوثر,Parapharmacie,Formel,Bouskoura,33.4623118,-7.6638025,icons/pharmacy.png,OSM
Casablanca-Settat,Pharmacie Prestige Bouskoura صيدلية بريستيج بوسكورة,Parapharmacie,Formel,Bouskoura,33.4715831,-7.6670902,icons/pharmacy.png,OSM
Casablanca-Settat,Pharmacie Flora صيدلية فلورا,Parapharmacie,Formel,Bouskoura,33.462767,-7.6681919,icons/pharmacy.png,OSM
Casablanca-Settat,Pharmacie Al Wakil صيدلية الوكيل,Parapharmacie,Formel,Bouskoura,33.4680563,-7.6609776,icons/pharmacy.png,OSM
Casablanca-Settat,Pharmacie Assamad صيدلية الصمد,Parapharmacie,Formel,Bouskoura,33.4659259,-7.6698384,icons/pharmacy.png,OSM
Casablanca-Settat,Pharmacie Kenz Bouskoura صيدلية كنز بوسكورة,Parapharmacie,Formel,Bouskoura,33.4644174,-7.6575566,icons/pharmacy.png,OSM
Casablanca-Settat,Pharmacie Najat صيدلية نجاة,Parapharmacie,Formel,Bouskoura,33.4683996,-7.651666,icons/pharmacy.png,OSM
Casablanca-Settat,Pharmacie Ibn Rochd صيدلية ابن رشد,Parapharmacie,Formel,Bouskoura,33.463491,-7.6538305,icons/pharmacy.png,OSM
Casablanca-Settat,Pharmacie Principale Bouskoura صيدلية بوسكورة الرئيسية,Parapharmacie,Formel,Bouskoura,33.464761,-7.6502431,icons/pharmacy.png,OSM
Casablanca-Settat,Pharmacie Dyar Al Andalous صيدلية ديار الأندلس,Parapharmacie,Formel,Bouskoura,33.4605822,-7.6478776,icons/pharmacy.png,OSM
Casablanca-Settat,Pharmacie Andalous Bouskoura صيدلية أندلس بوسكورة,Parapharmacie,Formel,Bouskoura,33.4651739,-7.6452378,icons/pharmacy.png,OSM
Casablanca-Settat,Pharmacie Zemmama صيدلية زمامة,Parapharmacie,Formel,Bouskoura,33.4607975,-7.6445349,icons/pharmacy.png,OSM
Casablanca-Settat,Pharmacie Eden Bouskoura صيدلية اذن بوسكورة,Parapharmacie,Formel,Bouskoura,33.4732133,-7.64153,icons/pharmacy.png,OSM
Casablanca-Settat,Pharmacie Chaimae صيدلية شيماء,Parapharmacie,Formel,Bouskoura,33.4786894,-7.6635032,icons/pharmacy.png,OSM
Casablanca-Settat,Pharmacie Gaila صيدلية كايلة,Parapharmacie,Formel,Bouskoura,33.4828641,-7.6555344,icons/pharmacy.png,OSM
Casablanca-Settat,Pharmacie Golf City صيدلية كولف سيتي,Parapharmacie,Formel,Bouskoura,33.475405,-7.606799,icons/pharmacy.png,OSM
Casablanca-Settat,Pharmacie La Ville Verte صيدلية المدينة الخضراء,Parapharmacie,Formel,Bouskoura بوسكورة,33.493491,-7.6026241,icons/pharmacy.png,OSM
Casablanca-Settat,Pharmacie Boujaadia صيدلية بوجعيدية,Parapharmacie,Formel,Bouskoura,33.452407,-7.6347608,icons/pharmacy.png,OSM
Casablanca-Settat,Pharmacie Al Joud صيدلية الجود,Parapharmacie,Formel,Bouskoura,33.4855909,-7.6727376,icons/pharmacy.png,OSM
Casablanca-Settat,c3000548,Parapharmacie,Formel,Bouskoura,33.4812004,-7.6667034,icons/pharmacy.png,OSM
Casablanca-Settat,Pharmacie Maraya صيدلية مرايا,Parapharmacie,Formel,Bouskoura,33.4683806,-7.6912108,icons/pharmacy.png,OSM
Casablanca-Settat,Pharmacie El Mzabyine صيدلية المزابيين,Parapharmacie,Formel,Bouskoura بوسكورة,33.5146151,-7.5904222,icons/pharmacy.png,OSM
Casablanca-Settat,Pharmacie Kadri صيدلية كدري,Parapharmacie,Formel,Bouskoura,33.4530438,-7.7098775,icons/pharmacy.png,OSM
Casablanca-Settat,Pharmacie Laamamra صيدلية العمامرة,Parapharmacie,Formel,Bouskoura,33.4147384,-7.6330126,icons/pharmacy.png,OSM
Casablanca-Settat,Pharmacie Kamil Bouskoura صيدلية كامل بوسكورة,Parapharmacie,Formel,Bouskoura,33.4520102,-7.6672632,icons/pharmacy.png,OSM
Casablanca-Settat,Pharmacie Casadiaa صيدلية كساديا,Parapharmacie,Formel,Bouskoura,33.4066641,-7.62306,icons/pharmacy.png,OSM
Casablanca-Settat,Pharmacie El Kachla صيدلية القشلة,Parapharmacie,Formel,Rommani ⵕⵯⵎⵎⴰⵏⵉ الرماني,33.517233,-6.6011552,icons/pharmacy.png,OSM
Casablanca-Settat,La Grande Pharmacie الصيدلية الكبرى,Parapharmacie,Formel,Rommani ⵕⵯⵎⵎⴰⵏⵉ الرماني,33.5288234,-6.605735,icons/pharmacy.png,OSM
Casablanca-Settat,Pharmacie Centrale الصيدلية المركزية,Parapharmacie,Formel,"Avenue Ibn Yassine, Rommani ⵕⵯⵎⵎⴰⵏⵉ الرماني",33.5305165,-6.6022678,icons/pharmacy.png,OSM
Casablanca-Settat,Green Village Rabat,Supermarché,Formel,Green Village Rabat,33.9883456,-6.8278641,icons/supermarket.png,OSM
Casablanca-Settat,Pharmacie Mouhcine صيدلية محسن,Parapharmacie,Formel,Khouribga,32.8860258,-6.9208103,icons/pharmacy.png,OSM
Casablanca-Settat,جودة زيت الزيتون والعسل الحر عند إسماعيل,Supermarché,Formel,"Rue ibn sina village ocp, Khouribga",32.8758194,-6.9096796,icons/supermarket.png,OSM
Casablanca-Settat,Poulet Amira,Restaurant,Formel,"Place Al Yassir, Casablanca",33.5934069,-7.5984884,icons/restaurant.png,OSM
Casablanca-Settat,Palmeraie coutry club,Restaurant,Formel,"Avenue du Promontoire, Bouskoura بوسكورة",33.4813451,-7.5941067,icons/restaurant.png,OSM
Casablanca-Settat,Petite épicerie,Boutique de confiserie,Informel,Petite épicerie,33.5947218,-7.6333943,icons/confectionery.png,OSM
Casablanca-Settat,Supérette / Mini-market sans nom,Supérette / Mini-market,Formel,Supérette / Mini-market sans nom,33.9894352,-6.8513228,icons/convenience.png,OSM
Casablanca-Settat,Oncle Blend,Restaurant,Formel,Rue Bab Ennasr زنقة باب النصر,33.5928022,-7.6442567,icons/restaurant.png,OSM
Casablanca-Settat,Pharmacie Laymoune,Parapharmacie,Formel,"Lotissement Allaimoune 1, Casablanca",33.5445452,-7.6645793,icons/pharmacy.png,OSM
Casablanca-Settat,Café Laymoune,Café,Formel,"Lotissement Allaimoune, Casablanca",33.5446715,-7.6644251,icons/cafe.png,OSM
Casablanca-Settat,Café sans nom,Café,Formel,Café sans nom,33.5814622,-7.6219841,icons/cafe.png,OSM
Casablanca-Settat,Tikita,Café,Formel,Tikita,33.5816667,-7.6226907,icons/cafe.png,OSM
Casablanca-Settat,BİM,Supermarché,Formel,BİM,33.5833045,-7.6221079,icons/supermarket.png,OSM
Casablanca-Settat,Carrefour Market,Supermarché,Formel,Rue Henri Murger,33.5740376,-7.6361871,icons/supermarket.png,OSM
Casablanca-Settat,Fratello,Café,Formel,Rue Jounaid,33.5763425,-7.6478934,icons/cafe.png,OSM
Casablanca-Settat,Yoma,Café,Formel,Rue Jounaid,33.5758453,-7.6474826,icons/cafe.png,OSM
Casablanca-Settat,BİM,Supermarché,Formel,BİM,33.5765392,-7.6464177,icons/supermarket.png,OSM
Casablanca-Settat,Café de la Faculté,Café,Formel,"Route Ancienne, Casablanca",33.5452352,-7.6601018,icons/cafe.png,OSM
Casablanca-Settat,Domino's,Restaurant,Formel,"Bd Yacoub Al Mansoiur, Mohammédia المحمدية",33.7034038,-7.3983982,icons/restaurant.png,OSM
Casablanca-Settat,BİM,Supermarché,Formel,"Place Al Yassir, Casablanca",33.5937022,-7.5987385,icons/supermarket.png,OSM
Casablanca-Settat,Osawa,Restaurant,Formel,"Rue Ahmed Akkad, akrad, Casablanca",33.5626827,-7.6387538,icons/restaurant.png,OSM
Casablanca-Settat,La Frite,Restaurant,Formel,"10 Rue de la Réunion, Casablanca",33.5971125,-7.6357215,icons/restaurant.png,OSM
Casablanca-Settat,Zorba,Restaurant,Formel,Casablanca,33.5926124,-7.6067836,icons/restaurant.png,OSM
Casablanca-Settat,Goloso,Café,Formel,Goloso,33.5927208,-7.6068494,icons/cafe.png,OSM
Casablanca-Settat,LaFrite,Restaurant,Formel,LaFrite,33.5920846,-7.6775042,icons/restaurant.png,OSM
Casablanca-Settat,Para & Pharmacie Vélodrome,Parapharmacie,Formel,Rue Aïn Harrouda زنقة عين حرودة,33.5914391,-7.6409462,icons/pharmacy.png,OSM
Casablanca-Settat,Tropy,Supermarché,Formel,"Rue de l'Atlas, Casablanca",33.5761384,-7.6601328,icons/supermarket.png,OSM
Casablanca-Settat,Pharmacie Taha Houssine,Parapharmacie,Formel,"Rue 30, Casablanca ⵜⴰⴷⴷⴰⵔⵜ ⵜⵓⵎⵍⵉⵍⵜ الدار البيضاء",33.5632216,-7.5910097,icons/pharmacy.png,OSM
Casablanca-Settat,Boulanger Hakimi,Boulangerie,Formel,"Avenue A, Casablanca ⵜⴰⴷⴷⴰⵔⵜ ⵜⵓⵎⵍⵉⵍⵜ الدار البيضاء",33.5633143,-7.5920585,icons/bakery.png,OSM
Casablanca-Settat,Marjane Market مرجان ماركت,Supermarché,Formel,Boulevard Sidi Abderrahmane شارع سيدي عبد الرحمان,33.566764,-7.6559254,icons/supermarket.png,OSM
Casablanca-Settat,Pharmacie Al Andalous صيدلية الأندلس,Parapharmacie,Formel,"Avenue Bir Anzarane, Ben Ahmed",33.061902,-7.2449421,icons/pharmacy.png,OSM
Casablanca-Settat,Pharmacie Tamar صيدلية التمار,Parapharmacie,Formel,"Avenue Moulay Abdelaziz, Ben Ahmed",33.0619977,-7.2434945,icons/pharmacy.png,OSM
Casablanca-Settat,Pharmacie Bissmillah صيدلية بسم الله,Parapharmacie,Formel,"Avenue Moulay Ismail, Ben Ahmed",33.0629964,-7.242001,icons/pharmacy.png,OSM
Casablanca-Settat,Pharmacie Eddechra صيدلية الدشرة,Parapharmacie,Formel,"Avenue Ibn Tofail, Ben Ahmed",33.0626054,-7.2396329,icons/pharmacy.png,OSM
Casablanca-Settat,Pharmacie Mekka صيدلية مكة,Parapharmacie,Formel,Ben Ahmed,33.063915,-7.2468762,icons/pharmacy.png,OSM
Casablanca-Settat,Pharmacie M'Zab صيدلية مزاب,Parapharmacie,Formel,Ben Ahmed ⴱⵏ ⵃⵎⴷ بن أحمد,33.0653488,-7.2462735,icons/pharmacy.png,OSM
Casablanca-Settat,Pharmacie Yassine صيدلية ياسين,Parapharmacie,Formel,Ben Ahmed,33.063506,-7.2376658,icons/pharmacy.png,OSM
Casablanca-Settat,Pharmacie La Grande Mosquée صيدلية المسجد الأعظم,Parapharmacie,Formel,"Place de la Mosquée, Ben Ahmed بن أحمد",33.0642768,-7.2451336,icons/pharmacy.png,OSM
Casablanca-Settat,Pharmacie Sahih صيدلية صحيح,Parapharmacie,Formel,Ben Ahmed,33.0691169,-7.2423237,icons/pharmacy.png,OSM
Casablanca-Settat,Eat Néocantine,Restaurant,Formel,Eat Néocantine,33.9561737,-6.868444,icons/restaurant.png,OSM
Casablanca-Settat,Sandfood,Restaurant,Formel,Sandfood,33.9558207,-6.8690994,icons/restaurant.png,OSM
Casablanca-Settat,Supermarché sans nom,Supermarché,Formel,Supermarché sans nom,33.591678,-7.5948403,icons/supermarket.png,OSM
Casablanca-Settat,boulangerie,Supermarché,Formel,boulangerie,33.2655064,-7.5751416,icons/supermarket.png,OSM
Casablanca-Settat,Kasekuchen,Café,Formel,Kasekuchen,33.5776159,-7.6245466,icons/cafe.png,OSM
Casablanca-Settat,Taiyo,Restaurant,Formel,Taiyo,33.5776371,-7.6246794,icons/restaurant.png,OSM
Casablanca-Settat,El Bistrot de Papa,Restaurant,Formel,El Bistrot de Papa,33.5776527,-7.6247357,icons/restaurant.png,OSM
Casablanca-Settat,Restaurant sans nom,Restaurant,Formel,Restaurant sans nom,33.4438145,-8.0267411,icons/restaurant.png,OSM
Casablanca-Settat,Supermarket,Supermarché,Formel,Supermarket,33.4334895,-8.0716923,icons/supermarket.png,OSM
Casablanca-Settat,Restaurant Ola Blanca 2,Restaurant,Formel,Restaurant Ola Blanca 2,33.4328627,-8.0716494,icons/restaurant.png,OSM
Casablanca-Settat,Café Number One,Café,Formel,Café Number One,33.6137083,-7.5267048,icons/cafe.png,OSM
Casablanca-Settat,Espace Malamine,Café,Formel,Espace Malamine,33.6136614,-7.526564,icons/cafe.png,OSM
Casablanca-Settat,Café Amarela,Café,Formel,Café Amarela,33.6137909,-7.5260235,icons/cafe.png,OSM
Casablanca-Settat,مقتصدية التعليم سيدي البرنوصي,Supermarché,Formel,مقتصدية التعليم سيدي البرنوصي,33.6083504,-7.4998647,icons/supermarket.png,OSM
Casablanca-Settat,بيم,Supermarché,Formel,بيم,33.5865086,-7.5030457,icons/supermarket.png,OSM
Casablanca-Settat,Restaurant sans nom,Restaurant,Formel,Restaurant sans nom,33.5007548,-7.3378948,icons/restaurant.png,OSM
Casablanca-Settat,Café Carrion,Café,Formel,Rue 16 Novembre شارع 16 نوفمبر,33.9924418,-6.8474788,icons/cafe.png,OSM
Casablanca-Settat,Meeting,Café,Formel,Meeting,33.9868822,-6.8504739,icons/cafe.png,OSM
Casablanca-Settat,Restaurant sans nom,Restaurant,Formel,Rue Ibnou Katir,33.5754946,-7.6464665,icons/restaurant.png,OSM
Casablanca-Settat,Supérette / Mini-market sans nom,Supérette / Mini-market,Formel,Rue Jaâfar Ibnou Atia,33.5947426,-7.6421856,icons/convenience.png,OSM
Casablanca-Settat,Tacos,Restaurant,Formel,Tacos,33.8684555,-7.0584334,icons/restaurant.png,OSM
Casablanca-Settat,Restaurant sans nom,Restaurant,Formel,Restaurant sans nom,33.8684766,-7.0627496,icons/restaurant.png,OSM
Casablanca-Settat,Restaurant sans nom,Restaurant,Formel,Restaurant sans nom,33.99226,-6.8828604,icons/restaurant.png,OSM
Casablanca-Settat,Café sans nom,Café,Formel,Café sans nom,33.9923885,-6.88279,icons/cafe.png,OSM
Casablanca-Settat,Dolce & Cafe,Café,Formel,Dolce & Cafe,33.3915983,-7.563993,icons/cafe.png,OSM
Casablanca-Settat,Café sans nom,Café,Formel,Café sans nom,33.5751285,-7.6457383,icons/cafe.png,OSM
Casablanca-Settat,Pharmacie Jawharat Skhirat صيدلية جوهرة الصخيرات,Parapharmacie,Formel,Skhirate الصخيرات,33.8299291,-7.0781534,icons/pharmacy.png,OSM
Casablanca-Settat,Pharmacie Al Mandar صيدلية المنظر,Parapharmacie,Formel,Skhirate,33.8434966,-7.0559183,icons/pharmacy.png,OSM
Casablanca-Settat,Pharmacie Amani صيدلية أماني,Parapharmacie,Formel,Skhirate الصخيرات,33.8331123,-7.0570035,icons/pharmacy.png,OSM
Casablanca-Settat,Pharmacie Kanza صيدلية كنزة,Parapharmacie,Formel,Skhirate الصخيرات,33.8314388,-7.0538728,icons/pharmacy.png,OSM
Casablanca-Settat,Pharmacie Bichifa صيدلية بالشفاء,Parapharmacie,Formel,Skhirate الصخيرات,33.8440205,-7.0462371,icons/pharmacy.png,OSM
Casablanca-Settat,Pharmacie Bassatine Skhirate صيدلية بساتين الصخيرات,Parapharmacie,Formel,Skhirat,33.8375833,-7.0385862,icons/pharmacy.png,OSM
Casablanca-Settat,Pharmacie Rifki صيدلية رفقي,Parapharmacie,Formel,Skhirat,33.8392868,-7.0451249,icons/pharmacy.png,OSM
Casablanca-Settat,Pharmacie Abderrahmane صيدلية عبد الرحمان,Parapharmacie,Formel,Skhirate الصخيرات,33.8455538,-7.0450252,icons/pharmacy.png,OSM
Casablanca-Settat,Pharmacie Jnane Skhirat صيدلية جنان الصخيرات,Parapharmacie,Formel,Skhirat,33.8436255,-7.0328618,icons/pharmacy.png,OSM
Casablanca-Settat,Pharmacie Arrachade صيدلية الرشاد,Parapharmacie,Formel,Skhirate الصخيرات,33.8470104,-7.0433719,icons/pharmacy.png,OSM
Casablanca-Settat,Pharmacie Hicham صيدلية هشام,Parapharmacie,Formel,Skhirate الصخيرات,33.8483679,-7.0412448,icons/pharmacy.png,OSM
Casablanca-Settat,Pharmacie Zouhair صيدلية زهير,Parapharmacie,Formel,Skhirate الصخيرات,33.8456772,-7.02746,icons/pharmacy.png,OSM
Casablanca-Settat,Pharmacie Annour صيدلية النور,Parapharmacie,Formel,Skhirat,33.8443302,-7.0362838,icons/pharmacy.png,OSM
Casablanca-Settat,Pharmacie du Bien Etre صيدلية الراحة,Parapharmacie,Formel,Skhirat,33.8430193,-7.0396416,icons/pharmacy.png,OSM
Casablanca-Settat,Pharmacie Taha صيدلية طه,Parapharmacie,Formel,Skhirate الصخيرات,33.8488898,-7.0396307,icons/pharmacy.png,OSM
Casablanca-Settat,Pharmacie Aïn Arroz صيدلية عين الروز,Parapharmacie,Formel,Skhirat,33.8508787,-7.0351058,icons/pharmacy.png,OSM
Casablanca-Settat,Pharmacie l'Erac صيدلية ليراك,Parapharmacie,Formel,Skhirat,33.8517991,-7.0399973,icons/pharmacy.png,OSM
Casablanca-Settat,Pharmacie Salma صيدلية سلمى,Parapharmacie,Formel,Skhirat,33.8572628,-7.0308915,icons/pharmacy.png,OSM
Casablanca-Settat,Pharmacie Ouled Ghanem صيدلية أولاد غانم,Parapharmacie,Formel,Skhirat,33.8576178,-7.0287165,icons/pharmacy.png,OSM
Casablanca-Settat,Pharmacie Chiahna صيدلية الشياحنة,Parapharmacie,Formel,Skhirat,33.8787188,-7.0011622,icons/pharmacy.png,OSM
Casablanca-Settat,Pharmacie Chaouki صيدلية شوقي,Parapharmacie,Formel,Skhirat,33.8538426,-7.0347048,icons/pharmacy.png,OSM
Casablanca-Settat,Pharmacie Ain ElHayat صيدلية الحياة,Parapharmacie,Formel,Skhirat,33.8552192,-7.0258699,icons/pharmacy.png,OSM
Casablanca-Settat,Pharmacie Raji صيدلية الراجي,Parapharmacie,Formel,Skhirat,33.848757,-7.0319172,icons/pharmacy.png,OSM
Casablanca-Settat,Pharmacie Achokr صيدلية الشكر,Parapharmacie,Formel,Skhirat,33.8511311,-7.0238618,icons/pharmacy.png,OSM
Casablanca-Settat,Pharmacie Fadoua صيدلية فدوى,Parapharmacie,Formel,Skhirat ⵚⵅⵉⵔⴰⵜ الصخيرات,33.8514549,-7.0277403,icons/pharmacy.png,OSM
Casablanca-Settat,Pharmacie Mariem صيدلية مريم,Parapharmacie,Formel,Skhirat,33.8560629,-7.0160351,icons/pharmacy.png,OSM
Casablanca-Settat,Pharmacie Al Hay Al Jadid صيدلية الحي الجديد,Parapharmacie,Formel,Skhirat,33.8606475,-7.0183203,icons/pharmacy.png,OSM
Casablanca-Settat,Pharmacie Jnane Zahra صيدلية جنان زهرة,Parapharmacie,Formel,Témara,33.8746108,-6.9783761,icons/pharmacy.png,OSM
Casablanca-Settat,Pharmacie Al Hamd صيدلية الحمد,Parapharmacie,Formel,Témara,33.8844585,-6.9678158,icons/pharmacy.png,OSM
Casablanca-Settat,Pharmacie Al Jid صيدلية الجد,Parapharmacie,Formel,Témara,33.8867602,-6.9646063,icons/pharmacy.png,OSM
Casablanca-Settat,Pharmacie Najm صيدلية نجم,Parapharmacie,Formel,Témara,33.8925579,-6.9606901,icons/pharmacy.png,OSM
Casablanca-Settat,Pharmacie Hind صيدلية هند,Parapharmacie,Formel,Témara تمارة,33.8959471,-6.9355343,icons/pharmacy.png,OSM
Casablanca-Settat,Pharmacie la Référence صيدلية المرجع,Parapharmacie,Formel,Témara تمارة,33.8946815,-6.93196,icons/pharmacy.png,OSM
Casablanca-Settat,Pharmacie l'Amitié صيدلية الصداقة,Parapharmacie,Formel,Témara تمارة,33.8966775,-6.9297096,icons/pharmacy.png,OSM
Casablanca-Settat,Pharmacie Al Bouchra صيدلية البشرى,Parapharmacie,Formel,Témara تمارة,33.9014891,-6.9346514,icons/pharmacy.png,OSM
Casablanca-Settat,Pharmacie Annaourass صيدلية النورس,Parapharmacie,Formel,Témara,33.9039311,-6.9319935,icons/pharmacy.png,OSM
Casablanca-Settat,Phamacie Ghouroub صيدلية الغروب,Parapharmacie,Formel,Témara,33.9025831,-6.9282568,icons/pharmacy.png,OSM
Casablanca-Settat,Pharmacie Centrale Annasr الصيدلية المركزية النصر,Parapharmacie,Formel,Témara تمارة,33.8995265,-6.9306125,icons/pharmacy.png,OSM
Casablanca-Settat,Pharmacie Islah صيدلية إصلاح,Parapharmacie,Formel,Témara تمارة,33.906197,-6.9343977,icons/pharmacy.png,OSM
Casablanca-Settat,Café sans nom,Café,Formel,Café sans nom,33.9920312,-6.883185,icons/cafe.png,OSM
Casablanca-Settat,Pharmacie Sonia صيدلية صونية,Parapharmacie,Formel,Témara تمارة,33.8906682,-6.9211785,icons/pharmacy.png,OSM
Casablanca-Settat,Pharmacie la Paix صيدلية السلام,Parapharmacie,Formel,"Avenue Tarik Ibn Ziad شارع طارق بن زياد, Témara تمارة",33.899662,-6.9249127,icons/pharmacy.png,OSM
Casablanca-Settat,Pharmacie Essafae صيدلية الصفاء,Parapharmacie,Formel,Témara,33.9076189,-6.9236075,icons/pharmacy.png,OSM
Casablanca-Settat,Pharmacie Socrate صيدلية سقراط,Parapharmacie,Formel,Témara تمارة,33.9018538,-6.9233913,icons/pharmacy.png,OSM
Casablanca-Settat,Pharmacie Koutoubia صيدلية الكتبية,Parapharmacie,Formel,"Avenue Hamza Bnou Abdelmottaleb, Témara",33.9049666,-6.9260325,icons/pharmacy.png,OSM
Casablanca-Settat,Pharmacie Lamia صيدلية لمياء,Parapharmacie,Formel,Témara,33.9053782,-6.9230663,icons/pharmacy.png,OSM
Casablanca-Settat,Pharmacie Sijilmassa صيدلية سجلماسة,Parapharmacie,Formel,Témara,33.9072147,-6.9270748,icons/pharmacy.png,OSM
Casablanca-Settat,Pharmacie Al Kasbah صيدلية القصبة,Parapharmacie,Formel,Témara,33.9059939,-6.9295412,icons/pharmacy.png,OSM
Casablanca-Settat,Pharmacie Amina صيدلية أمينة,Parapharmacie,Formel,Témara,33.913484,-6.9283621,icons/pharmacy.png,OSM
Casablanca-Settat,Pharmacie Skikina صيدلية سكيكينة,Parapharmacie,Formel,Témara,33.9107361,-6.9322297,icons/pharmacy.png,OSM
Casablanca-Settat,Pharmacie Atlal صيدلية أطلال,Parapharmacie,Formel,Témara,33.9087987,-6.9311325,icons/pharmacy.png,OSM
Casablanca-Settat,Pharmacie Sables d'Or صيدلية الرمال الذهبية,Parapharmacie,Formel,Témara,33.9161007,-6.970836,icons/pharmacy.png,OSM
Casablanca-Settat,Pharmacie Atlantique صيدلية اطلنتيك,Parapharmacie,Formel,Témara تمارة,33.9467779,-6.9330918,icons/pharmacy.png,OSM
Casablanca-Settat,Pharmacie Izdihar صيدلية إزدهار,Parapharmacie,Formel,Témara,33.9116419,-6.9698401,icons/pharmacy.png,OSM
Casablanca-Settat,Pharmacie Tarik El Fellah صيدلية طريق الفلاح,Parapharmacie,Formel,Témara,33.9140096,-6.9618995,icons/pharmacy.png,OSM
Casablanca-Settat,Pharmacie Chatea صيدلية الشاطئ,Parapharmacie,Formel,Témara,33.9209668,-6.9620737,icons/pharmacy.png,OSM
Casablanca-Settat,Pharmacie Mirador صيدلية ميرادور,Parapharmacie,Formel,Témara,33.9248926,-6.9588618,icons/pharmacy.png,OSM
Casablanca-Settat,Pharmacie Acima صيدلية أسيما,Parapharmacie,Formel,Témara تمارة,33.9372478,-6.9393493,icons/pharmacy.png,OSM
Casablanca-Settat,Pharmacie Assaka صيدلية السكة,Parapharmacie,Formel,Témara,33.8914394,-6.9695212,icons/pharmacy.png,OSM
Casablanca-Settat,Pharmacie Mosquée Lamdouar صيدلية مسجد لمضور,Parapharmacie,Formel,Témara,33.8849696,-6.9866044,icons/pharmacy.png,OSM
Casablanca-Settat,Pharmacie Sami صيدلية السامي,Parapharmacie,Formel,Témara تمارة,33.9147773,-6.9404058,icons/pharmacy.png,OSM
Casablanca-Settat,Pharmacie Oum Hani صيدلية أم هاني,Parapharmacie,Formel,Témara تمارة,33.9128603,-6.9373046,icons/pharmacy.png,OSM
Casablanca-Settat,Pharmacie Mariman صيدلية ماريمان,Parapharmacie,Formel,Témara تمارة,33.9182108,-6.9361179,icons/pharmacy.png,OSM
Casablanca-Settat,Pharmacie Noufa صيدلية نوفا,Parapharmacie,Formel,Témara تمارة,33.9187879,-6.9337317,icons/pharmacy.png,OSM
Casablanca-Settat,أسواق السلام,Supermarché,Formel,"شارع المجد, الرباط",33.9673749,-6.8962738,icons/supermarket.png,OSM
Casablanca-Settat,Lily Gourmet,Café,Formel,Rue Soumaya,33.9901181,-6.8518641,icons/cafe.png,OSM
Casablanca-Settat,Pharmacie Fidaa صيدلية الفداء,Parapharmacie,Formel,Témara تمارة,33.9270462,-6.9374179,icons/pharmacy.png,OSM
Casablanca-Settat,Pharmacie Errachad صيدلية الرشاد,Parapharmacie,Formel,Témara تمارة,33.9187315,-6.930025,icons/pharmacy.png,OSM
Casablanca-Settat,Pharmacie Attadamoun صيدلية التضامن,Parapharmacie,Formel,Témara,33.9249094,-6.9362756,icons/pharmacy.png,OSM
Casablanca-Settat,Pharmacie El Fadi صيدلية الفاضي,Parapharmacie,Formel,Témara,33.9231017,-6.928671,icons/pharmacy.png,OSM
Casablanca-Settat,Pharmacie Camelia صيدلية كاميليا,Parapharmacie,Formel,Témara,33.9251264,-6.9205466,icons/pharmacy.png,OSM
Casablanca-Settat,Pharmacie Zamzam صيدلية زمزم,Parapharmacie,Formel,Témara,33.9238885,-6.9248428,icons/pharmacy.png,OSM
Casablanca-Settat,Pharmacie Kenzi Témara صيدلية كنزي تمارة,Parapharmacie,Formel,Témara,33.9257001,-6.9272041,icons/pharmacy.png,OSM
Casablanca-Settat,Pharmacie Manar Al Wifak صيدلية منار الوفاق,Parapharmacie,Formel,Témara,33.9270952,-6.9325478,icons/pharmacy.png,OSM
Casablanca-Settat,Pharmacie Al Woroud صيدلية الورود,Parapharmacie,Formel,Témara,33.9281361,-6.9265001,icons/pharmacy.png,OSM
Casablanca-Settat,Pharmacie Malak صيدلية ملاك,Parapharmacie,Formel,Témara,33.9296684,-6.929014,icons/pharmacy.png,OSM
Casablanca-Settat,Pharmacie Cherkawa صيدلية شرقاوة,Parapharmacie,Formel,Témara تمارة,33.937401,-6.920648,icons/pharmacy.png,OSM
Casablanca-Settat,Pharmacie Lahkim صيدلية لحكيم,Parapharmacie,Formel,Témara تمارة,33.8974704,-6.9206679,icons/pharmacy.png,OSM
Casablanca-Settat,Pharmacie le Cactus صيدلية الصبار,Parapharmacie,Formel,Témara تمارة,33.8980005,-6.9170177,icons/pharmacy.png,OSM
Casablanca-Settat,Pharmacie Bensaid صيدلية بنسعيد,Parapharmacie,Formel,Témara تمارة,33.9016216,-6.9187741,icons/pharmacy.png,OSM
Casablanca-Settat,Grande Pharmacie de Témara الصيدلية الكبرى تمارة,Parapharmacie,Formel,Témara تمارة,33.903609,-6.9140238,icons/pharmacy.png,OSM
Casablanca-Settat,Pharmacie Oum Aicha صيدلية أم عائشة,Parapharmacie,Formel,Témara تمارة,33.9058091,-6.9121661,icons/pharmacy.png,OSM
Casablanca-Settat,Pharmacie Ghita صيدلية غيثة,Parapharmacie,Formel,Témara تمارة,33.904325,-6.9178434,icons/pharmacy.png,OSM
Casablanca-Settat,Pharmacie Al Hilal صيدلية الهلال,Parapharmacie,Formel,Témara تمارة,33.9066687,-6.9152836,icons/pharmacy.png,OSM
Casablanca-Settat,Pharmacie Zahrat Al Amal صيدلية زهرة الأمل,Parapharmacie,Formel,Témara تمارة,33.9079077,-6.9086815,icons/pharmacy.png,OSM
Casablanca-Settat,Pharmacie Dakar صيدلية دكار,Parapharmacie,Formel,Témara تمارة,33.910868,-6.9087569,icons/pharmacy.png,OSM
Casablanca-Settat,Pharmacie Mouram صيدلية مرام,Parapharmacie,Formel,Témara تمارة,33.9109904,-6.9053822,icons/pharmacy.png,OSM
Casablanca-Settat,Pharmacie Anniema صيدلية النعمة,Parapharmacie,Formel,Témara تمارة,33.913744,-6.906729,icons/pharmacy.png,OSM
Casablanca-Settat,Pharmacie Riad Fès صيدلية رياض فاس,Parapharmacie,Formel,Témara تمارة,33.9201526,-6.9003706,icons/pharmacy.png,OSM
Casablanca-Settat,Pharmacie Rochdi صيدلية رشدي,Parapharmacie,Formel,Témara تمارة,33.9217184,-6.8854504,icons/pharmacy.png,OSM
Casablanca-Settat,Pharmacie Assalam صيدلية السلام,Parapharmacie,Formel,Témara تمارة,33.9146273,-6.8889785,icons/pharmacy.png,OSM
Casablanca-Settat,Pharmacie Al Kawthar صيدلية الكوثر,Parapharmacie,Formel,Témara تمارة,33.9157845,-6.8867194,icons/pharmacy.png,OSM
Casablanca-Settat,Pharmacie Al Maarif صيدلية المعارف,Parapharmacie,Formel,Témara تمارة,33.9170967,-6.8904975,icons/pharmacy.png,OSM
Casablanca-Settat,Pharmacie Al Ghait صيدلية الغيث,Parapharmacie,Formel,Témara تمارة,33.9192774,-6.8874284,icons/pharmacy.png,OSM
Casablanca-Settat,Pharmacie la Santé صيدلية الصحة,Parapharmacie,Formel,"Avenue Tarik Ibn Ziad شارع طارق بن زياد, Témara تمارة",33.928809,-6.8909732,icons/pharmacy.png,OSM
Casablanca-Settat,Pharmacie Ennassim صيدلية النسيم,Parapharmacie,Formel,Témara تمارة,33.9262605,-6.8865728,icons/pharmacy.png,OSM
Casablanca-Settat,Pharmacie de la Famille صيدلية العائلة,Parapharmacie,Formel,Témara تمارة,33.9264648,-6.893479,icons/pharmacy.png,OSM
Casablanca-Settat,Pharmacie Naimi صيدلية النعيمي,Parapharmacie,Formel,Témara تمارة,33.9262586,-6.8900068,icons/pharmacy.png,OSM
Casablanca-Settat,Pharmacie Fatine صيدلية فاتن,Parapharmacie,Formel,"Boulevard Moulay Ali Cherif, Témara تمارة",33.9242032,-6.8919994,icons/pharmacy.png,OSM
Casablanca-Settat,Pharmacie Al Hay صيدلية الحي,Parapharmacie,Formel,"Avenue Tarik Ibn Ziad شارع طارق بن زياد, Témara تمارة",33.9228441,-6.897484,icons/pharmacy.png,OSM
Casablanca-Settat,Pharmacie Badr صيدلية بدر,Parapharmacie,Formel,Témara تمارة,33.9228264,-6.8950291,icons/pharmacy.png,OSM
Casablanca-Settat,Pharmacie Al Maghrib Al Arabi صيدلية المغرب العربي,Parapharmacie,Formel,"Boulevard des Idrissides, Témara تمارة",33.9198499,-6.8966467,icons/pharmacy.png,OSM
Casablanca-Settat,Pharmacie de la Victoire صيدلية النصر,Parapharmacie,Formel,"Avenue Ibn Khaldoun شارع ابن خلدون, Témara تمارة",33.921263,-6.8932382,icons/pharmacy.png,OSM
Casablanca-Settat,Pharmacie l'Espoir صيدلية الأمل,Parapharmacie,Formel,Témara تمارة,33.9216662,-6.8897352,icons/pharmacy.png,OSM
Casablanca-Settat,Pharmacie Al Yassmine صيدلية الياسمين,Parapharmacie,Formel,"Rue de Melillia, Témara تمارة",33.9201295,-6.8913652,icons/pharmacy.png,OSM
Casablanca-Settat,Pharmacie El Mostaocef صيدلية المستوصف,Parapharmacie,Formel,Témara تمارة,33.9177626,-6.8940202,icons/pharmacy.png,OSM
Casablanca-Settat,Pharmacie Soundous صيدلية سندس,Parapharmacie,Formel,Témara تمارة,33.9371878,-6.8849284,icons/pharmacy.png,OSM
Casablanca-Settat,Pharmacie Narjis صيدلية النرجس,Parapharmacie,Formel,Témara,33.9405698,-6.8844553,icons/pharmacy.png,OSM
Casablanca-Settat,Pharmacie Al Mamoune صيدلية المامون,Parapharmacie,Formel,Témara تمارة,33.9427007,-6.8834139,icons/pharmacy.png,OSM
Casablanca-Settat,Pharmacie Erraha صيدلية الراحة,Parapharmacie,Formel,Témara تمارة,33.9423669,-6.8862505,icons/pharmacy.png,OSM
Casablanca-Settat,Pharmacie Azur صيدلية أزور,Parapharmacie,Formel,Témara تمارة,33.9364125,-6.8876555,icons/pharmacy.png,OSM
Casablanca-Settat,Pharmacie Rim صيدلية ريم,Parapharmacie,Formel,Témara تمارة,33.9403017,-6.8877409,icons/pharmacy.png,OSM
Casablanca-Settat,Pharmacie El Guich صيدلية الكيش,Parapharmacie,Formel,Témara تمارة,33.9389333,-6.8866628,icons/pharmacy.png,OSM
Casablanca-Settat,Pharmacie des Cités صيدلية الإقامات,Parapharmacie,Formel,Témara تمارة,33.9371887,-6.8933101,icons/pharmacy.png,OSM
Casablanca-Settat,Pharmacie Al Anouar صيدلية الأنوار,Parapharmacie,Formel,Témara تمارة,33.9390192,-6.8911083,icons/pharmacy.png,OSM
Casablanca-Settat,Pharmacie Granada صيدلية غرناطة,Parapharmacie,Formel,Témara تمارة,33.9386033,-6.8951207,icons/pharmacy.png,OSM
Casablanca-Settat,Pharmacie la Source صيدلية المنبع,Parapharmacie,Formel,Témara تمارة,33.9344817,-6.8919746,icons/pharmacy.png,OSM
Casablanca-Settat,Pharmacie Anassiha صيدلية النصيحة,Parapharmacie,Formel,Témara تمارة,33.9410053,-6.9004563,icons/pharmacy.png,OSM
Casablanca-Settat,Pharmacie Al Masjid صيدلية المسجد,Parapharmacie,Formel,Témara تمارة,33.9416153,-6.8975602,icons/pharmacy.png,OSM
Casablanca-Settat,Pharmacie Al Mouhafada صيدلية المحافظة,Parapharmacie,Formel,Témara تمارة,33.9334471,-6.8948429,icons/pharmacy.png,OSM
Casablanca-Settat,Pharmacie Al Farabi صيدلية الفرابي,Parapharmacie,Formel,Témara تمارة,33.9366248,-6.8982848,icons/pharmacy.png,OSM
Casablanca-Settat,Pharmacie Moulay Idriss صيدلية مولاي إدريس,Parapharmacie,Formel,Témara تمارة,33.9327124,-6.8980801,icons/pharmacy.png,OSM
Casablanca-Settat,Pharmacie Bahia صيدلية باهية,Parapharmacie,Formel,"Avenue Moulay Idriss Ier, Témara تمارة",33.9300581,-6.8992114,icons/pharmacy.png,OSM
Casablanca-Settat,Pharmacie Bouarouss صيدلية بوعروس,Parapharmacie,Formel,Témara تمارة,33.9312391,-6.9014276,icons/pharmacy.png,OSM
Casablanca-Settat,Pharmacie Ibn Nafiss صيدلية ابن النفيس,Parapharmacie,Formel,"Boulevard Moulay Ali Cherif, Témara تمارة",33.9305512,-6.9039631,icons/pharmacy.png,OSM
Casablanca-Settat,Pharmacie Moulay Ali Cherif صيدلية مولاي علي الشريف,Parapharmacie,Formel,"Boulevard Moulay Ali Cherif, Témara",33.9327517,-6.9071789,icons/pharmacy.png,OSM
Casablanca-Settat,Pharmacie Jardins des Oudaya صيدلية حدائق الوداية,Parapharmacie,Formel,"Boulevard Sahl Rhône, Témara تمارة",33.9393475,-6.8991335,icons/pharmacy.png,OSM
Casablanca-Settat,Pharmacie Al Hiba صيدلية الهبة,Parapharmacie,Formel,Témara,33.9337937,-6.9020855,icons/pharmacy.png,OSM
Casablanca-Settat,Pharmacie Beni Hachem صيدلية بني هاشم,Parapharmacie,Formel,Témara,33.9357349,-6.9064874,icons/pharmacy.png,OSM
Casablanca-Settat,Pharmacie Macha Allah صيدلية ما شاء الله,Parapharmacie,Formel,Témara,33.9343147,-6.9097087,icons/pharmacy.png,OSM
Casablanca-Settat,Pharmacie El Massira صيدلية المسيرة,Parapharmacie,Formel,Témara تمارة,33.9286568,-6.8957097,icons/pharmacy.png,OSM
Casablanca-Settat,Pharmacie Al Ihssan صيدلية الإحسان,Parapharmacie,Formel,Témara تمارة,33.9303761,-6.8932609,icons/pharmacy.png,OSM
Casablanca-Settat,Pharmacie Al Fajr صيدلية الفجر,Parapharmacie,Formel,"Boulevard Moulay Ali Cherif, Témara تمارة",33.927296,-6.8967799,icons/pharmacy.png,OSM
Casablanca-Settat,Pharmacie 2000 صيدلية,Parapharmacie,Formel,"Boulevard Moulay Ali Cherif, Témara تمارة",33.9287041,-6.9000699,icons/pharmacy.png,OSM
Casablanca-Settat,Pharmacie El Qods صيدلية القدس,Parapharmacie,Formel,Témara,33.9266607,-6.901968,icons/pharmacy.png,OSM
Casablanca-Settat,Pharmacie Leila صيدلية ليلى,Parapharmacie,Formel,Témara تمارة,33.9254898,-6.8994468,icons/pharmacy.png,OSM
Casablanca-Settat,Pharmacie du Centre صيدلية المركز,Parapharmacie,Formel,"Avenue Hassan II شارع الحسن الثاني, Témara تمارة",33.9245592,-6.917565,icons/pharmacy.png,OSM
Casablanca-Settat,Pharmacie du Marché صيدلية السوق,Parapharmacie,Formel,"Avenue Mohamed V, Témara",33.9281315,-6.9079699,icons/pharmacy.png,OSM
Casablanca-Settat,Pharmacie Houdaya صيدلية هوداية,Parapharmacie,Formel,Témara تمارة,33.921258,-6.9095421,icons/pharmacy.png,OSM
Casablanca-Settat,Pharmacie El Moumen صيدلية المومن,Parapharmacie,Formel,"Avenue Mohemed Zerktouni, Témara",33.9250446,-6.9086836,icons/pharmacy.png,OSM
Casablanca-Settat,Pharmacie Moulay Slimane صيدلية مولاي سليمان,Parapharmacie,Formel,Témara تمارة,33.9234948,-6.9051324,icons/pharmacy.png,OSM
Casablanca-Settat,Pharmacie Bakkali صيدلية البقالي,Parapharmacie,Formel,"Avenue Allal Ben Abdellah, Témara",33.9263421,-6.9057074,icons/pharmacy.png,OSM
Casablanca-Settat,Pharmacie Nahda صيدلية النهضة,Parapharmacie,Formel,"Avenue Mohamed Zerktouni, Témara تمارة",33.9210433,-6.9030973,icons/pharmacy.png,OSM
Casablanca-Settat,Sushi Live,Restaurant,Formel,"Rue 29 hay hassani, Casablanca الدار البيضاء",33.5673373,-7.6940996,icons/restaurant.png,OSM
Casablanca-Settat,Pharmacie Tarik Ibn Ziad صيدلية طارق بن زياد,Parapharmacie,Formel,"Avenue Tarik Ibn Ziad شارع طارق بن زياد, Témara تمارة",33.9186575,-6.9031235,icons/pharmacy.png,OSM
Casablanca-Settat,Pharmacie Al Khiam صيدلية الخيام,Parapharmacie,Formel,"Avenue Moulay Rachid, Témara تمارة",33.9187178,-6.9053563,icons/pharmacy.png,OSM
Casablanca-Settat,Le Pershing,Restaurant,Formel,Boulevard de la Corniche شارع الكورنيش,33.5949636,-7.6780468,icons/restaurant.png,OSM
Casablanca-Settat,Oliveri,Restaurant,Formel,Boulevard de la Corniche شارع الكورنيش,33.5948563,-7.6781193,icons/restaurant.png,OSM
Casablanca-Settat,Pharmacie de Prestige صيدلية المجد,Parapharmacie,Formel,Témara تمارة,33.9207794,-6.906389,icons/pharmacy.png,OSM
Casablanca-Settat,Pharmacie Témara صيدلية تمارة,Parapharmacie,Formel,Témara تمارة,33.9252812,-6.9172712,icons/pharmacy.png,OSM
Casablanca-Settat,Pharmacie Hatim صيدلية حاتم,Parapharmacie,Formel,"Avenue Tarik Ibn Ziad شارع طارق بن زياد, Témara تمارة",33.9160794,-6.9064637,icons/pharmacy.png,OSM
Casablanca-Settat,Pharmacie Aredouane صيدلية الرضوان,Parapharmacie,Formel,Témara تمارة,33.9189754,-6.9088554,icons/pharmacy.png,OSM
Casablanca-Settat,Pharmacie Nouvelle الصيدلية الجديدة,Parapharmacie,Formel,"Rue Hassan, Témara تمارة",33.9211395,-6.9124989,icons/pharmacy.png,OSM
Casablanca-Settat,Pharmacie Fathallah صيدلية فتح الله,Parapharmacie,Formel,Témara تمارة,33.9160241,-6.9093014,icons/pharmacy.png,OSM
Casablanca-Settat,Pharmacie Al Fouarat صيدلية الفوارات,Parapharmacie,Formel,"Avenue Tarik Ibn Ziad شارع طارق بن زياد, Témara تمارة",33.9130534,-6.9107743,icons/pharmacy.png,OSM
Casablanca-Settat,Pharmacie Labchir صيدلية لبشير,Parapharmacie,Formel,"Avenue Abdelkrim Al Khattabi, Témara",33.9156295,-6.9120998,icons/pharmacy.png,OSM
Casablanca-Settat,Pharmacie Abi Houraira صيدلية أبي هريرة,Parapharmacie,Formel,"Avenue du Caire, Témara تمارة",33.9107831,-6.9155249,icons/pharmacy.png,OSM
Casablanca-Settat,Pharmacie les Urgences صيدلية المستعجلات,Parapharmacie,Formel,Témara تمارة,33.910824,-6.9132135,icons/pharmacy.png,OSM
Casablanca-Settat,Pharmacie Essalama صيدلية السلامة,Parapharmacie,Formel,"Avenue Mohamed V شارع محمد الخامس, Témara تمارة",33.9233742,-6.9138331,icons/pharmacy.png,OSM
Casablanca-Settat,Pharmacie Hay Al Azrak صيدلية حي الأزرق,Parapharmacie,Formel,Témara تمارة,33.922906,-6.9162382,icons/pharmacy.png,OSM
Casablanca-Settat,Pharmacie et Laboratoire Chifaa صيدلية و مختبر الشفاء,Parapharmacie,Formel,"Avenue Hassan II شارع الحسن الثاني, Témara",33.9221981,-6.9199735,icons/pharmacy.png,OSM
Casablanca-Settat,Pharmacie Al Maarifa صيدلية المعرفة,Parapharmacie,Formel,Témara ⵜⵎⴰⵔⴰ تمارة,33.9153701,-6.9224901,icons/pharmacy.png,OSM
Casablanca-Settat,Pharmacie Fath El Kheir,Parapharmacie,Formel,"Avenue Abdelkrim Al Khattabi, Témara",33.9067659,-6.9206488,icons/pharmacy.png,OSM
Casablanca-Settat,Pharmacie Moulat صيدلية مولات,Parapharmacie,Formel,"Avenue Hassan I شارع الحسن الأول, Témara",33.90906,-6.9210455,icons/pharmacy.png,OSM
Casablanca-Settat,Pharmacie Al Afaq,Parapharmacie,Formel,Témara,33.911779,-6.9195283,icons/pharmacy.png,OSM
Casablanca-Settat,Pharmacie Mosquée Zahra صيدلية مسجد الزهراء,Parapharmacie,Formel,"Avenue Hassan I شارع الحسن الأول, Témara تمارة",33.9112587,-6.9219571,icons/pharmacy.png,OSM
Casablanca-Settat,Pharmacie Khizrane صيدلية خيزران,Parapharmacie,Formel,Témara تمارة,33.9183439,-6.9142993,icons/pharmacy.png,OSM
Casablanca-Settat,Pharmacie Ibn Sina صيدلية بن سينا,Parapharmacie,Formel,"Avenue Mohamed V شارع محمد الخامس, Témara",33.9132048,-6.9242799,icons/pharmacy.png,OSM
Casablanca-Settat,Pharmacie Roudani صيدلية الروداني,Parapharmacie,Formel,Témara تمارة,33.917612,-6.9159627,icons/pharmacy.png,OSM
Casablanca-Settat,Pharmacie Kenza صيدلية كنزة,Parapharmacie,Formel,"Avenue Mohamed V شارع محمد الخامس, Témara",33.9204252,-6.9164897,icons/pharmacy.png,OSM
Casablanca-Settat,Pharmacie Andaloussi صيدلية أندلسي,Parapharmacie,Formel,"Avenue Mohamed V شارع محمد الخامس, Témara تمارة",33.9169582,-6.9199853,icons/pharmacy.png,OSM
Casablanca-Settat,Pharmacie Echoumoue صيدلية الشموع,Parapharmacie,Formel,Témara تمارة,33.9141061,-6.9173491,icons/pharmacy.png,OSM
Casablanca-Settat,Pharmacie Oum Kaltoum صيدلية أم كلثوم,Parapharmacie,Formel,"Avenue du Caire, Témara ⵜⵎⴰⵔⴰ تمارة",33.9140077,-6.9209603,icons/pharmacy.png,OSM
Casablanca-Settat,Pharmacie Ilias صيدلية إلياس,Parapharmacie,Formel,"Rue de Rabat, Témara تمارة",33.9154505,-6.9190345,icons/pharmacy.png,OSM
Casablanca-Settat,Pharmacie Aswak Assalam صيدلية أسواق السلام,Parapharmacie,Formel,"Avenue Hassan II شارع الحسن الثاني, Témara تمارة",33.9051823,-6.9404555,icons/pharmacy.png,OSM
Casablanca-Settat,Pharmacie la Liberté صيدلية الحرية,Parapharmacie,Formel,"Avenue Hassan II شارع الحسن الثاني, Témara",33.9226632,-6.9194801,icons/pharmacy.png,OSM
Casablanca-Settat,Pharmacie Carré Santé Beauté صيدلية الجمال و الصحة,Parapharmacie,Formel,"Avenue Mehdi Ben Barka, Rabat",33.9604086,-6.8558563,icons/pharmacy.png,OSM
Casablanca-Settat,Pharmacie Ryad Andalous صيدلية رياض الأندلس,Parapharmacie,Formel,"Rue Morino, Rabat",33.9570777,-6.8831228,icons/pharmacy.png,OSM
Casablanca-Settat,Joli Coin,Restaurant,Formel,Joli Coin,33.9900747,-6.8541283,icons/restaurant.png,OSM
Casablanca-Settat,Pharmacie Al Baraka صيدلية البركة,Parapharmacie,Formel,"Zankat Oulad Hariz, Rabat",33.9888007,-6.8239329,icons/pharmacy.png,OSM
Casablanca-Settat,Supérette / Mini-market sans nom,Supérette / Mini-market,Formel,Supérette / Mini-market sans nom,33.9556328,-6.8690667,icons/convenience.png,OSM
Casablanca-Settat,Oh My Bun!,Restaurant,Formel,Oh My Bun!,33.9556215,-6.869496,icons/restaurant.png,OSM
Casablanca-Settat,Pharmacie Hay El Fath صيدلية حي الفتح,Parapharmacie,Formel,"شارع المسيرة, Rabat",33.9648165,-6.9037249,icons/pharmacy.png,OSM
Casablanca-Settat,Pharmacie El Ighata صيدلية الإغاثة,Parapharmacie,Formel,Rabat,33.9669117,-6.905958,icons/pharmacy.png,OSM
Casablanca-Settat,Pharmacie Al Mountazah صيدلية المنتزه,Parapharmacie,Formel,Rabat,33.9686741,-6.8978006,icons/pharmacy.png,OSM
Casablanca-Settat,Pharmacie Al Mountalak صيدلية المنطلق,Parapharmacie,Formel,Rabat ⵔⴱⴰⵟ الرباط,33.9696951,-6.9008125,icons/pharmacy.png,OSM
Casablanca-Settat,Pharmacie Marjolaine صيدلية مارجولين,Parapharmacie,Formel,Rabat,33.969775,-6.9043704,icons/pharmacy.png,OSM
Casablanca-Settat,Pharmacie Yacoub El Mansour صيدلية يعقوب المنصور,Parapharmacie,Formel,Rabat,33.9725882,-6.8836256,icons/pharmacy.png,OSM
Casablanca-Settat,Pharmacie l'Avenir صيدلية المستقبل,Parapharmacie,Formel,"Avenue El Majd شارع المجد, Rabat",33.9712315,-6.8859781,icons/pharmacy.png,OSM
Casablanca-Settat,Pharmacie Al Bahja صيدلية البهجة,Parapharmacie,Formel,"Avenue El Majd شارع المجد, Rabat",33.9685567,-6.8884884,icons/pharmacy.png,OSM
Casablanca-Settat,Pharmacie Kasry صيدلية قصري,Parapharmacie,Formel,Rabat,33.9687435,-6.893351,icons/pharmacy.png,OSM
Casablanca-Settat,Pharmacie Al Hikma صيدلية الحكمة,Parapharmacie,Formel,Rabat,33.9707695,-6.8909279,icons/pharmacy.png,OSM
Casablanca-Settat,Pharmacie Al Massira صيدلية المسيرة,Parapharmacie,Formel,"شارع المسيرة, Rabat",33.9733091,-6.8912277,icons/pharmacy.png,OSM
Casablanca-Settat,Pharmacie Attine صيدلية التين,Parapharmacie,Formel,"Avenue des Far شارع الجيش الملكي, Rabat",33.9772954,-6.8893143,icons/pharmacy.png,OSM
Casablanca-Settat,Pharmacie Al Khawarizmi صيدلية الخوارزمي,Parapharmacie,Formel,"شارع المنزه, Rabat",33.9731035,-6.8945642,icons/pharmacy.png,OSM
Casablanca-Settat,Pharmacie Lotus صيدلية لوتس,Parapharmacie,Formel,"Avenue des Far شارع الجيش الملكي, Rabat ⵕⵕⴱⴰⵟ الرباط",33.9794101,-6.8954273,icons/pharmacy.png,OSM
Casablanca-Settat,Pharmacie Al Azhar صيدلية الأزهر,Parapharmacie,Formel,"شارع المحيط الهادي, Rabat",33.973203,-6.897132,icons/pharmacy.png,OSM
Casablanca-Settat,ماكدونالدز,Restaurant,Formel,ماكدونالدز,33.6078033,-7.6210293,icons/restaurant.png,OSM
Casablanca-Settat,Burger King,Restaurant,Formel,Burger King,33.6076693,-7.6207864,icons/restaurant.png,OSM
Casablanca-Settat,Pharmacie El Mouna صيدلية المنى,Parapharmacie,Formel,Rabat,33.9869334,-6.8875054,icons/pharmacy.png,OSM
Casablanca-Settat,Pharmacie Al Hamd صيدلية الحمد,Parapharmacie,Formel,"شارع المسيرة, Rabat",33.9896223,-6.874472,icons/pharmacy.png,OSM
Casablanca-Settat,Pharmacie Al Amal صيدلية الأمل,Parapharmacie,Formel,"شارع المسيرة, Rabat",33.9871927,-6.8756888,icons/pharmacy.png,OSM
Casablanca-Settat,Pharmacie Al Kifah صيدلية الكفاح,Parapharmacie,Formel,"Avenue Al Kifah شارع الكفاح, Rabat",33.9906675,-6.8716954,icons/pharmacy.png,OSM
Casablanca-Settat,Pharmacie Chbanat صيدلية الشبانات,Parapharmacie,Formel,"Rue Abou Zaraa Addinachqi, Rabat",33.982118,-6.8913054,icons/pharmacy.png,OSM
Casablanca-Settat,Pharmacie Abi Hourayra صيدلية أبي هريرة,Parapharmacie,Formel,Rabat,33.9882321,-6.8824171,icons/pharmacy.png,OSM
Casablanca-Settat,Supérette / Mini-market sans nom,Supérette / Mini-market,Formel,Supérette / Mini-market sans nom,33.9945824,-6.8499354,icons/convenience.png,OSM
Casablanca-Settat,Café sans nom,Café,Formel,Café sans nom,33.9946407,-6.8500313,icons/cafe.png,OSM
Casablanca-Settat,Café 7 fruits,Café,Formel,Café 7 fruits,33.9946795,-6.8500893,icons/cafe.png,OSM
Casablanca-Settat,Pharmacie Bouitat صيدلية البويتات,Parapharmacie,Formel,Rabat,33.9865506,-6.8795935,icons/pharmacy.png,OSM
Casablanca-Settat,Pharmacie Ennaim صيدلية النعيم,Parapharmacie,Formel,Rabat,33.988957,-6.8781018,icons/pharmacy.png,OSM
Casablanca-Settat,Pharmacie Ar-Rahman صيدلية الرحمان,Parapharmacie,Formel,"Avenue Al Mostakbal شارع المستقبل, Rabat",33.9861083,-6.8822802,icons/pharmacy.png,OSM
Casablanca-Settat,Pharmacie El Kouass صيدلية القواس,Parapharmacie,Formel,"شارع المسيرة, Rabat",33.9824049,-6.8809576,icons/pharmacy.png,OSM
Casablanca-Settat,Pharmacie El Mansour صيدلية المنصور,Parapharmacie,Formel,"Avenue Al Izdihar شارع الإزدهار, Rabat",33.9812502,-6.8845478,icons/pharmacy.png,OSM
Casablanca-Settat,El Tropic,Restaurant,Formel,El Tropic,33.9811949,-6.8290121,icons/restaurant.png,OSM
Casablanca-Settat,Pharmacie Ibn Baytar صيدلية بن البيطار,Parapharmacie,Formel,"شارع المسيرة, Rabat",33.9836714,-6.8792088,icons/pharmacy.png,OSM
Casablanca-Settat,Pharmacie Tarik صيدلية طارق,Parapharmacie,Formel,"شارع المسيرة, Rabat",33.9781948,-6.8854167,icons/pharmacy.png,OSM
Casablanca-Settat,Pharmacie Al Majd صيدلية المجد,Parapharmacie,Formel,Rabat,33.9834241,-6.876612,icons/pharmacy.png,OSM
Casablanca-Settat,Pharmacie Bekkari صيدلية البكاري,Parapharmacie,Formel,Rabat,33.9783383,-6.8825148,icons/pharmacy.png,OSM
Casablanca-Settat,Pharmacie Assabah صيدلية الصباح,Parapharmacie,Formel,Rabat,33.9925619,-6.8817746,icons/pharmacy.png,OSM
Casablanca-Settat,Pharmacie Hay Al Kora صيدلية حي الكورة,Parapharmacie,Formel,Rabat,33.9962381,-6.8780082,icons/pharmacy.png,OSM
Casablanca-Settat,Pharmacie El Atlas صيدلية الأطلس,Parapharmacie,Formel,"Avenue Sidi Mohammed Ben Abdellah شارع سيدي محمد بن عبد الله, Rabat",33.9988325,-6.8729038,icons/pharmacy.png,OSM
Casablanca-Settat,Pharmacie Al Khair صيدلية الخير,Parapharmacie,Formel,"Avenue Sidi Mohammed Ben Abdellah شارع سيدي محمد بن عبد الله, Rabat",33.9961903,-6.8751656,icons/pharmacy.png,OSM
Casablanca-Settat,Pharmacie Hay Bouhlal صيدلية حي بوهلال,Parapharmacie,Formel,"Avenue Sidi Mohammed Ben Abdellah شارع سيدي محمد بن عبد الله, Rabat",33.9938882,-6.8773241,icons/pharmacy.png,OSM
Casablanca-Settat,Pharmacie Nahim صيدلية نهيم,Parapharmacie,Formel,Rabat,33.9945332,-6.8697116,icons/pharmacy.png,OSM
Casablanca-Settat,Café sans nom,Café,Formel,Café sans nom,33.9787483,-6.8807902,icons/cafe.png,OSM
Casablanca-Settat,Boulangerie sans nom,Boulangerie,Formel,Boulangerie sans nom,33.9787882,-6.8807491,icons/bakery.png,OSM
Casablanca-Settat,Fast Food,Restaurant,Formel,Fast Food,33.9787197,-6.8808027,icons/restaurant.png,OSM
Casablanca-Settat,Supérette / Mini-market sans nom,Supérette / Mini-market,Formel,Supérette / Mini-market sans nom,33.9789848,-6.8805259,icons/convenience.png,OSM
Casablanca-Settat,Supérette / Mini-market sans nom,Supérette / Mini-market,Formel,Supérette / Mini-market sans nom,33.9899562,-6.8541372,icons/convenience.png,OSM
Casablanca-Settat,Eat & Chill,Restaurant,Formel,Eat & Chill,33.8246658,-7.1485469,icons/restaurant.png,OSM
Casablanca-Settat,Marché aux poissons,Épicerie,Informel,Marché aux poissons,33.8233195,-7.1474731,icons/greengrocer.png,OSM
Casablanca-Settat,Sur les vagues de Bouznika,Restaurant,Formel,Sur les vagues de Bouznika,33.8247846,-7.1488341,icons/restaurant.png,OSM
Casablanca-Settat,Expo,Restaurant,Formel,Expo,33.8246526,-7.1482833,icons/restaurant.png,OSM
Casablanca-Settat,Obozen,Café,Formel,Obozen,33.8033648,-7.1586823,icons/cafe.png,OSM
Casablanca-Settat,Restaurant sans nom,Restaurant,Formel,Restaurant sans nom,33.5751475,-7.6456165,icons/restaurant.png,OSM
Casablanca-Settat,Café sans nom,Café,Formel,Café sans nom,33.5751908,-7.6469784,icons/cafe.png,OSM
Casablanca-Settat,Restaurant sans nom,Restaurant,Formel,Restaurant sans nom,33.5762475,-7.6452409,icons/restaurant.png,OSM
Casablanca-Settat,Café sans nom,Café,Formel,Café sans nom,33.5758566,-7.6459984,icons/cafe.png,OSM
Casablanca-Settat,Supérette / Mini-market sans nom,Supérette / Mini-market,Formel,Supérette / Mini-market sans nom,33.5755753,-7.646333,icons/convenience.png,OSM
Casablanca-Settat,Boutique de confiserie sans nom,Boutique de confiserie,Informel,Boutique de confiserie sans nom,33.575546,-7.6463768,icons/confectionery.png,OSM
Casablanca-Settat,OLEA,Restaurant,Formel,"Route de l'Oasis, Casablanca ⵜⴰⴷⴷⴰⵔⵜ ⵜⵓⵎⵍⵉⵍⵜ الدار البيضاء",33.5485908,-7.6373926,icons/restaurant.png,OSM
Casablanca-Settat,مقهى هابي داي,Café,Formel,"شارع الفتح, الرباط",33.9722953,-6.8831629,icons/cafe.png,OSM
Casablanca-Settat,الحوس,Supérette / Mini-market,Formel,"زنقة بحر الشمال, الرباط",33.9697048,-6.8997435,icons/convenience.png,OSM
Casablanca-Settat,Café ZILIS,Café,Formel,"شارع المجد, الرباط",33.967943,-6.8969979,icons/cafe.png,OSM
Casablanca-Settat,مقهى التنس,Café,Formel,"شارع المجد, الرباط",33.9680887,-6.8971666,icons/cafe.png,OSM
Casablanca-Settat,أودادن,Supérette / Mini-market,Formel,"ساحة أودادن, الرباط",33.9683064,-6.9014185,icons/convenience.png,OSM
Casablanca-Settat,Le Délice Africain,Restaurant,Formel,Le Délice Africain,33.9955796,-6.8494652,icons/restaurant.png,OSM
Casablanca-Settat,Café sans nom,Café,Formel,Café sans nom,33.9695493,-6.8969111,icons/cafe.png,OSM
Casablanca-Settat,Épicerie sans nom,Épicerie,Informel,Épicerie sans nom,33.9694965,-6.8974301,icons/greengrocer.png,OSM
Casablanca-Settat,Épicerie sans nom,Épicerie,Informel,Épicerie sans nom,33.9691339,-6.8980202,icons/greengrocer.png,OSM
Casablanca-Settat,Boulangerie sans nom,Boulangerie,Formel,"شارع المجد, الرباط",33.9683263,-6.8974121,icons/bakery.png,OSM
Casablanca-Settat,مقهى لاكاشيت,Café,Formel,مقهى لاكاشيت,33.9677329,-6.8967321,icons/cafe.png,OSM
Casablanca-Settat,مقهى هيرمانوس,Café,Formel,الرباط,33.9673242,-6.9026853,icons/cafe.png,OSM
Casablanca-Settat,واينوت,Restaurant,Formel,الرباط,33.9816809,-6.8643669,icons/restaurant.png,OSM
Casablanca-Settat,Café sans nom,Café,Formel,Café sans nom,33.9855005,-6.8741604,icons/cafe.png,OSM
Casablanca-Settat,Snack Pedro (near Youssef's appart),Restaurant,Formel,Snack Pedro (near Youssef's appart),33.5352777,-7.7323353,icons/restaurant.png,OSM
Casablanca-Settat,Resto Grill Salaheddine,Restaurant,Formel,Resto Grill Salaheddine,33.5947743,-7.6117538,icons/restaurant.png,OSM
Casablanca-Settat,اوليفيري,Café,Formel,"محج الرياض, Rabat ⵔⴱⴰⵟ الرباط",33.9626325,-6.8656551,icons/cafe.png,OSM
Casablanca-Settat,باربيرا,Café,Formel,"محج الرياض, الرباط",33.9618062,-6.8657221,icons/cafe.png,OSM
Casablanca-Settat,Sushi House,Restaurant,Formel,"محج الرياض, الرباط",33.9619665,-6.8655461,icons/restaurant.png,OSM
Casablanca-Settat,Blend,Restaurant,Formel,Blend,33.9619238,-6.8655898,icons/restaurant.png,OSM
Casablanca-Settat,Burger King,Restaurant,Formel,"محج الرياض, الرباط",33.9627749,-6.8658097,icons/restaurant.png,OSM
Casablanca-Settat,Restaurant sans nom,Restaurant,Formel,"شارع المجد, الرباط",33.9688905,-6.8980937,icons/restaurant.png,OSM
Casablanca-Settat,Restaurant Bouznika Bay,Restaurant,Formel,Restaurant Bouznika Bay,33.8106912,-7.155243,icons/restaurant.png,OSM
Casablanca-Settat,Restaurant Al Walima,Restaurant,Formel,Restaurant Al Walima,33.8106272,-7.1553769,icons/restaurant.png,OSM
Casablanca-Settat,La maison bleue,Restaurant,Formel,La maison bleue,33.957037,-6.7269301,icons/restaurant.png,OSM
Casablanca-Settat,Supérette / Mini-market sans nom,Supérette / Mini-market,Formel,Supérette / Mini-market sans nom,33.9681058,-6.9014195,icons/convenience.png,OSM
Casablanca-Settat,Mille d'Or,Café,Formel,Mille d'Or,33.2304437,-8.4845338,icons/cafe.png,OSM
Casablanca-Settat,Adresse House,Café,Formel,Adresse House,33.2293625,-8.4874194,icons/cafe.png,OSM
Casablanca-Settat,الحوس,Supérette / Mini-market,Formel,"زنقة بحر الشمال, الرباط",33.9696872,-6.9002515,icons/convenience.png,OSM
Casablanca-Settat,رياض 21,Café,Formel,رياض 21,33.5516774,-7.6104223,icons/cafe.png,OSM
Casablanca-Settat,Restaurant sans nom,Restaurant,Formel,Restaurant sans nom,33.9771769,-6.8858062,icons/restaurant.png,OSM
Casablanca-Settat,Organic Kitchen,Restaurant,Formel,Rue Ahmed El Mokri زنقة أحمد المقري,33.5905909,-7.6381864,icons/restaurant.png,OSM
Casablanca-Settat,Restaurant sans nom,Restaurant,Formel,Restaurant sans nom,33.9898649,-6.8541377,icons/restaurant.png,OSM
Casablanca-Settat,Good Vapes : Cigarette Electronique Casablanca,Café,Formel,"rue du breteuil, Casablanca ⵜⴰⴷⴷⴰⵔⵜ ⵜⵓⵎⵍⵉⵍⵜ الدار البيضاء",33.5815303,-7.6222927,icons/cafe.png,OSM
Casablanca-Settat,Café les Fleurs,Café,Formel,Café les Fleurs,33.5816461,-7.622458,icons/cafe.png,OSM
Casablanca-Settat,Café Ravel,Café,Formel,Café Ravel,33.581791,-7.6226032,icons/cafe.png,OSM
Casablanca-Settat,Pyramides Dorées,Restaurant,Formel,Pyramides Dorées,33.5818215,-7.6223122,icons/restaurant.png,OSM
Casablanca-Settat,Café Restaurant Tikita,Restaurant,Formel,Café Restaurant Tikita,33.5809882,-7.6229868,icons/restaurant.png,OSM
Casablanca-Settat,Parapharmacie Ibn Rochd,Parapharmacie,Formel,Parapharmacie Ibn Rochd,33.5808565,-7.6224722,icons/pharmacy.png,OSM
Casablanca-Settat,Coffee Shop,Café,Formel,Rue Salim Cherkaoui زنقة سليم الشرقاوي,33.5806883,-7.623088,icons/cafe.png,OSM
Casablanca-Settat,Le Duc Casablanca,Restaurant,Formel,Le Duc Casablanca,33.5804867,-7.6234291,icons/restaurant.png,OSM
Casablanca-Settat,La Croisière Café,Café,Formel,La Croisière Café,33.5827449,-7.622174,icons/cafe.png,OSM
Casablanca-Settat,Casadarna,Restaurant,Formel,Casadarna,33.5825841,-7.6222062,icons/restaurant.png,OSM
Casablanca-Settat,BİM,Supermarché,Formel,BİM,33.5789441,-7.6221903,icons/supermarket.png,OSM
Casablanca-Settat,Pharmacie Morizgo صيدلية موريزڭو,Parapharmacie,Formel,Rue des Hôpitaux زنقة المستشفيات,33.5787665,-7.6214335,icons/pharmacy.png,OSM
Casablanca-Settat,Bonsai,Restaurant,Formel,Bonsai,33.5826823,-7.6228888,icons/restaurant.png,OSM
Casablanca-Settat,Café Marhaba,Café,Formel,Café Marhaba,33.5786007,-7.6240429,icons/cafe.png,OSM
Casablanca-Settat,Pharmacie Les Lilas صيدلية ليلج,Parapharmacie,Formel,Pharmacie Les Lilas صيدلية ليلج,33.5791919,-7.6240387,icons/pharmacy.png,OSM
Casablanca-Settat,Felicita,Restaurant,Formel,Felicita,33.9610385,-6.8673328,icons/restaurant.png,OSM
Casablanca-Settat,Little Mamma,Restaurant,Formel,Rabat ⵔⴱⴰⵟ الرباط,33.9601638,-6.867717,icons/restaurant.png,OSM
Casablanca-Settat,Oceanos,Restaurant,Formel,Oceanos,33.9601602,-6.8674561,icons/restaurant.png,OSM
Casablanca-Settat,Luna Palace,Café,Formel,Luna Palace,33.9803511,-6.8846693,icons/cafe.png,OSM
Casablanca-Settat,Carrefour Market,Supermarché,Formel,Carrefour Market,33.7063312,-7.3951297,icons/supermarket.png,OSM
Casablanca-Settat,Cafe Zagoura,Café,Formel,Cafe Zagoura,33.9296822,-6.8899956,icons/cafe.png,OSM
Casablanca-Settat,Clay Oven,Restaurant,Formel,Clay Oven,33.9617161,-6.864708,icons/restaurant.png,OSM
Casablanca-Settat,Le Medina,Restaurant,Formel,Rue Annakhil,33.959691,-6.8734776,icons/restaurant.png,OSM
Casablanca-Settat,Saladbar - Green is better,Restaurant,Formel,Saladbar - Green is better,33.9625506,-6.8648192,icons/restaurant.png,OSM
Casablanca-Settat,As'iam,Restaurant,Formel,As'iam,33.9540727,-6.8746584,icons/restaurant.png,OSM
Casablanca-Settat,Pizza Part,Restaurant,Formel,"Rue Soldat Jean Pierre Favre, Casablanca",33.5942487,-7.633888,icons/restaurant.png,OSM
Casablanca-Settat,مقهى النخيل,Café,Formel,مقهى النخيل,33.4021285,-7.522082,icons/cafe.png,OSM
Casablanca-Settat,L'Atelier Burger,Restaurant,Formel,L'Atelier Burger,33.9537687,-6.8739709,icons/restaurant.png,OSM
Casablanca-Settat,Amorena,Café,Formel,Amorena,33.5180507,-7.6486591,icons/cafe.png,OSM
Casablanca-Settat,Épicerie,Supérette / Mini-market,Formel,Épicerie,33.9918553,-6.8495222,icons/convenience.png,OSM
Casablanca-Settat,Yogorino & Two Brothers,Restaurant,Formel,Yogorino & Two Brothers,33.9949395,-6.8454025,icons/restaurant.png,OSM
Casablanca-Settat,Café sans nom,Café,Formel,Rue Abou Kacem Achchabi,33.5867588,-7.6294077,icons/cafe.png,OSM
Casablanca-Settat,Mogador,Restaurant,Formel,Mogador,33.7076784,-7.3990008,icons/restaurant.png,OSM
Casablanca-Settat,Chez Mustapha,Restaurant,Formel,Chez Mustapha,33.8675078,-7.0574257,icons/restaurant.png,OSM
Casablanca-Settat,Supérette / Mini-market sans nom,Supérette / Mini-market,Formel,Supérette / Mini-market sans nom,33.8675783,-7.0572647,icons/convenience.png,OSM
Casablanca-Settat,Restaurant sans nom,Restaurant,Formel,Restaurant sans nom,33.5963688,-7.6750983,icons/restaurant.png,OSM
Casablanca-Settat,Bangkok Me,Restaurant,Formel,Bangkok Me,33.5891189,-7.6325717,icons/restaurant.png,OSM
Casablanca-Settat,Restaurant sans nom,Restaurant,Formel,Restaurant sans nom,33.5963106,-7.6417406,icons/restaurant.png,OSM
Casablanca-Settat,Marché central,Épicerie,Informel,Ben Ahmed ⴱⵏ ⵃⵎⴷ بن أحمد,33.065519,-7.2439432,icons/greengrocer.png,OSM
Casablanca-Settat,Club Nacer Nawal Kenza,Café,Formel,Ben Ahmed ⴱⵏ ⵃⵎⴷ بن أحمد,33.0652981,-7.2448854,icons/cafe.png,OSM
Casablanca-Settat,Dunkin',Restaurant,Formel,Dunkin',33.9623476,-6.8662715,icons/restaurant.png,OSM
Casablanca-Settat,Pizza Hut,Restaurant,Formel,Rabat ⵔⴱⴰⵟ الرباط,33.9618432,-6.8658522,icons/restaurant.png,OSM
Casablanca-Settat,La Loge Café,Café,Formel,La Loge Café,33.5927252,-7.6175367,icons/cafe.png,OSM
Casablanca-Settat,Espace 5 Octobre,Café,Formel,Espace 5 Octobre,33.7025842,-7.3925875,icons/cafe.png,OSM
Casablanca-Settat,Restaurant sans nom,Restaurant,Formel,Restaurant sans nom,33.6039275,-7.6207901,icons/restaurant.png,OSM
Casablanca-Settat,Café sans nom,Café,Formel,Café sans nom,33.6059886,-7.6292143,icons/cafe.png,OSM
Casablanca-Settat,Wedo Burgers,Restaurant,Formel,Wedo Burgers,33.9600424,-6.8678269,icons/restaurant.png,OSM
Casablanca-Settat,BİM,Supermarché,Formel,BİM,33.8446205,-7.0464741,icons/supermarket.png,OSM
Casablanca-Settat,cafe El Fath,Café,Formel,cafe El Fath,33.8356315,-7.0590766,icons/cafe.png,OSM
Casablanca-Settat,Café sans nom,Café,Formel,Café sans nom,33.8463711,-7.0440889,icons/cafe.png,OSM
Casablanca-Settat,Restaurant sans nom,Restaurant,Formel,Restaurant sans nom,33.84621,-7.0442535,icons/restaurant.png,OSM
Casablanca-Settat,Supérette / Mini-market sans nom,Supérette / Mini-market,Formel,Supérette / Mini-market sans nom,33.576553,-7.6687263,icons/convenience.png,OSM
Casablanca-Settat,Épicerie sans nom,Épicerie,Informel,Épicerie sans nom,33.5766302,-7.6684326,icons/greengrocer.png,OSM
Casablanca-Settat,Café sans nom,Café,Formel,Café sans nom,33.8463591,-7.0450151,icons/cafe.png,OSM
Casablanca-Settat,Parapharmacie sans nom,Parapharmacie,Formel,Parapharmacie sans nom,33.9934305,-6.8685522,icons/pharmacy.png,OSM
Casablanca-Settat,Restaurant sans nom,Restaurant,Formel,Restaurant sans nom,33.9935029,-6.8685577,icons/restaurant.png,OSM
Casablanca-Settat,Supérette / Mini-market sans nom,Supérette / Mini-market,Formel,Supérette / Mini-market sans nom,33.9933668,-6.868544,icons/convenience.png,OSM
Casablanca-Settat,Supérette / Mini-market sans nom,Supérette / Mini-market,Formel,Supérette / Mini-market sans nom,33.9933552,-6.869128,icons/convenience.png,OSM
Casablanca-Settat,Pharmacie Mimosa,Parapharmacie,Formel,Pharmacie Mimosa,33.8383537,-7.0558201,icons/pharmacy.png,OSM
Casablanca-Settat,Supérette / Mini-market sans nom,Supérette / Mini-market,Formel,Supérette / Mini-market sans nom,33.9920204,-6.8678725,icons/convenience.png,OSM
Casablanca-Settat,Café Impérial,Café,Formel,Café Impérial,33.5777645,-7.6061805,icons/cafe.png,OSM
Casablanca-Settat,مواد الغذائية صلاح,Supérette / Mini-market,Formel,مواد الغذائية صلاح,33.5744876,-7.5544471,icons/convenience.png,OSM
Casablanca-Settat,مأكولات الشمالي,Restaurant,Formel,مأكولات الشمالي,33.5744243,-7.5543817,icons/restaurant.png,OSM
Casablanca-Settat,Café Grand Atlas,Café,Formel,Café Grand Atlas,33.5741779,-7.5542136,icons/cafe.png,OSM
Casablanca-Settat,Pharmacie Jawad,Parapharmacie,Formel,Pharmacie Jawad,33.5712168,-7.5594241,icons/pharmacy.png,OSM
Casablanca-Settat,Bureaux Tabac,Supérette / Mini-market,Formel,Bureaux Tabac,33.574463,-7.5544244,icons/convenience.png,OSM
Casablanca-Settat,Café Sevilla,Café,Formel,Café Sevilla,33.5713066,-7.5559436,icons/cafe.png,OSM
Casablanca-Settat,فران دمنات,Boulangerie,Formel,فران دمنات,33.5728822,-7.5608625,icons/bakery.png,OSM
Casablanca-Settat,مقهى المهاجر,Café,Formel,مقهى المهاجر,33.5718422,-7.5618043,icons/cafe.png,OSM
Casablanca-Settat,Pharmacie & Parapharmacie Centrale de Bouskoura,Parapharmacie,Formel,Pharmacie & Parapharmacie Centrale de Bouskoura,33.4929542,-7.6488068,icons/pharmacy.png,OSM
Casablanca-Settat,مجزرة و مشواة المسجد,Restaurant,Formel,مجزرة و مشواة المسجد,33.5705562,-7.5508866,icons/restaurant.png,OSM
Casablanca-Settat,صيدلية التوحيد,Parapharmacie,Formel,صيدلية التوحيد,33.5709384,-7.5512541,icons/pharmacy.png,OSM
Casablanca-Settat,BİM,Supermarché,Formel,BİM,33.5739454,-7.5588138,icons/supermarket.png,OSM
Casablanca-Settat,MOYA COFFE,Café,Formel,MOYA COFFE,33.5752024,-7.5564804,icons/cafe.png,OSM
Casablanca-Settat,Chez Michel et Hafida,Restaurant,Formel,Boulevard Mohammed V شارع محمد الخامس,33.5949273,-7.6121495,icons/restaurant.png,OSM
Casablanca-Settat,Pizza Square,Restaurant,Formel,Pizza Square,33.3743736,-7.5815806,icons/restaurant.png,OSM
Casablanca-Settat,Le Picolo's,Restaurant,Formel,Le Picolo's,33.9867191,-6.8282633,icons/restaurant.png,OSM
Casablanca-Settat,Restaurant sans nom,Restaurant,Formel,Restaurant sans nom,33.6079511,-7.6290521,icons/restaurant.png,OSM
Casablanca-Settat,café central,Restaurant,Formel,café central,33.600085,-7.617311,icons/restaurant.png,OSM
Casablanca-Settat,Café sans nom,Café,Formel,Café sans nom,33.5947641,-7.6131407,icons/cafe.png,OSM
Casablanca-Settat,wasila,Café,Formel,wasila,33.5700043,-7.6826382,icons/cafe.png,OSM
Casablanca-Settat,Supermarché sans nom,Supermarché,Formel,Supermarché sans nom,33.593301,-7.6273077,icons/supermarket.png,OSM
Casablanca-Settat,Café sans nom,Café,Formel,Café sans nom,33.6031464,-7.633319,icons/cafe.png,OSM
Casablanca-Settat,Carrefour,Supermarché,Formel,Carrefour,33.5173168,-7.7990506,icons/supermarket.png,OSM
Casablanca-Settat,Café sans nom,Café,Formel,Café sans nom,33.5934483,-7.6171685,icons/cafe.png,OSM
Casablanca-Settat,Café sans nom,Café,Formel,Café sans nom,33.5930833,-7.6166954,icons/cafe.png,OSM
Casablanca-Settat,Café sans nom,Café,Formel,Café sans nom,33.5685033,-7.6824901,icons/cafe.png,OSM
Casablanca-Settat,Marjane,Supermarché,Formel,Marjane,33.7039231,-7.3971393,icons/supermarket.png,OSM
Casablanca-Settat,Café sans nom,Café,Formel,Café sans nom,33.8613183,-7.0518634,icons/cafe.png,OSM
Casablanca-Settat,Supérette / Mini-market sans nom,Supérette / Mini-market,Formel,Supérette / Mini-market sans nom,32.976759,-8.4171054,icons/convenience.png,OSM
Casablanca-Settat,Supérette / Mini-market sans nom,Supérette / Mini-market,Formel,Supérette / Mini-market sans nom,32.8933869,-8.4208665,icons/convenience.png,OSM
Casablanca-Settat,Restaurant sans nom,Restaurant,Formel,Restaurant sans nom,33.5925267,-7.6311415,icons/restaurant.png,OSM
Casablanca-Settat,Café sans nom,Café,Formel,Café sans nom,32.7993301,-8.3773687,icons/cafe.png,OSM
Casablanca-Settat,Zahrat Al Sham,Restaurant,Formel,Zahrat Al Sham,32.6528936,-8.4220783,icons/restaurant.png,OSM
Casablanca-Settat,Yazid Market,Supermarché,Formel,Yazid Market,32.6524285,-8.4223271,icons/supermarket.png,OSM
Casablanca-Settat,Restaurant sans nom,Restaurant,Formel,"Rue Sidi Belyout, Casablanca 20000, Marruecos",33.5977705,-7.6141578,icons/restaurant.png,OSM
Casablanca-Settat,Restaurant sans nom,Restaurant,Formel,"31 IMM RUE EL ARSA, Casablanca 20250, Marruecos",33.6038798,-7.6215009,icons/restaurant.png,OSM
Casablanca-Settat,souq baladia,Supermarché,Formel,souq baladia,33.5624485,-7.5748432,icons/supermarket.png,OSM
Casablanca-Settat,Lora Patisserie Boulangerie,Boulangerie,Formel,Lora Patisserie Boulangerie,33.5943688,-7.6285112,icons/bakery.png,OSM
Casablanca-Settat,Tour Eiffel,Café,Formel,Tour Eiffel,33.5952616,-7.6275606,icons/cafe.png,OSM
Casablanca-Settat,Chrono Pizza,Restaurant,Formel,Chrono Pizza,33.5932677,-7.6316321,icons/restaurant.png,OSM
Casablanca-Settat,Restaurant sans nom,Restaurant,Formel,Rue Najib Mahfoud زنقة نجيب محفوظ,33.5906169,-7.6345122,icons/restaurant.png,OSM
Casablanca-Settat,BİM,Supermarché,Formel,BİM,33.9910154,-6.8696498,icons/supermarket.png,OSM
Casablanca-Settat,Burger King,Restaurant,Formel,Burger King,33.5924154,-7.6334867,icons/restaurant.png,OSM
Casablanca-Settat,Pharmacie Lina,Parapharmacie,Formel,Pharmacie Lina,33.5791635,-7.6032787,icons/pharmacy.png,OSM
Casablanca-Settat,Spartel,Café,Formel,Rue Taha Houcine,33.5907804,-7.6315376,icons/cafe.png,OSM
Casablanca-Settat,Restaurant sans nom,Restaurant,Formel,Restaurant sans nom,33.6075133,-7.6560981,icons/restaurant.png,OSM
Casablanca-Settat,Supermarché sans nom,Supermarché,Formel,Supermarché sans nom,33.9534406,-6.8804285,icons/supermarket.png,OSM
Casablanca-Settat,Café sans nom,Café,Formel,Café sans nom,33.9532881,-6.8806368,icons/cafe.png,OSM
Casablanca-Settat,Café sans nom,Café,Formel,Café sans nom,33.9912124,-6.8682498,icons/cafe.png,OSM
Casablanca-Settat,Café sans nom,Café,Formel,Café sans nom,33.5843913,-7.6248116,icons/cafe.png,OSM
Casablanca-Settat,Mimosas Park,Café,Formel,Mimosas Park,33.6077795,-7.5362912,icons/cafe.png,OSM
Casablanca-Settat,Clap,Restaurant,Formel,Clap,33.6076856,-7.536495,icons/restaurant.png,OSM
Casablanca-Settat,Pharmacie Moncef,Parapharmacie,Formel,Pharmacie Moncef,33.6085175,-7.536803,icons/pharmacy.png,OSM
Casablanca-Settat,Carrefour,Supermarché,Formel,Carrefour,33.607527,-7.5368732,icons/supermarket.png,OSM
Casablanca-Settat,Boulangerie pâtisserie Makka,Boulangerie,Formel,"Avenue Réda Guédira, Casablanca",33.5530407,-7.5775777,icons/bakery.png,OSM
Casablanca-Settat,Pharmacie & Para Al Bassatine,Parapharmacie,Formel,Pharmacie & Para Al Bassatine,33.8396912,-7.0595421,icons/pharmacy.png,OSM
Casablanca-Settat,صيدلية الحسناء,Parapharmacie,Formel,صيدلية الحسناء,33.8346611,-7.059588,icons/pharmacy.png,OSM
Casablanca-Settat,Restaurant sans nom,Restaurant,Formel,Restaurant sans nom,33.6989596,-7.3967822,icons/restaurant.png,OSM
Casablanca-Settat,BİM,Supermarché,Formel,BİM,33.6995239,-7.395863,icons/supermarket.png,OSM
Casablanca-Settat,Super U Express,Supermarché,Formel,Rabat ⵔⴱⴰⵟ الرباط,33.9544627,-6.8494316,icons/supermarket.png,OSM
Casablanca-Settat,صيدلية النزهة,Parapharmacie,Formel,صيدلية النزهة,33.9566815,-6.8171845,icons/pharmacy.png,OSM
Casablanca-Settat,Café sans nom,Café,Formel,Café sans nom,33.9979035,-6.8674774,icons/cafe.png,OSM
Casablanca-Settat,Restaurant sans nom,Restaurant,Formel,Restaurant sans nom,33.4645413,-7.6042838,icons/restaurant.png,OSM
Casablanca-Settat,Shawarma and More,Restaurant,Formel,"Lot Ansari, Dar Bouazza ⴷⴰⵕ ⴱⵓⵄⵣⵣⴰ دار بوعزة",33.5228174,-7.8151051,icons/restaurant.png,OSM
Casablanca-Settat,Café sans nom,Café,Formel,Café sans nom,33.9707164,-6.8226014,icons/cafe.png,OSM
Casablanca-Settat,Restaurant sans nom,Restaurant,Formel,Rue El Oraibi Jilali,33.5955266,-7.6153015,icons/restaurant.png,OSM
Casablanca-Settat,Restaurant sans nom,Restaurant,Formel,Rue El Bakri,33.592224,-7.6044895,icons/restaurant.png,OSM
Casablanca-Settat,Restaurant Moogly's,Restaurant,Formel,Restaurant Moogly's,33.704397,-7.3969605,icons/restaurant.png,OSM
Casablanca-Settat,CARRE PRIMEUR,Supermarché,Formel,"Rue Bouarfa, Casablanca ⵜⴰⴷⴷⴰⵔⵜ ⵜⵓⵎⵍⵉⵍⵜ الدار البيضاء",33.5992312,-7.6373297,icons/supermarket.png,OSM
Casablanca-Settat,Café Malmo FF,Café,Formel,Café Malmo FF,33.2296382,-8.4932363,icons/cafe.png,OSM
Casablanca-Settat,I Ristorante Italiano,Restaurant,Formel,"Rue d'Ifrane, Casablanca ⵜⴰⴷⴷⴰⵔⵜ ⵜⵓⵎⵍⵉⵍⵜ الدار البيضاء",33.5731602,-7.6566368,icons/restaurant.png,OSM
Casablanca-Settat,Para & Pharmacie Ziraoui صيدلية الزيراوي,Parapharmacie,Formel,Boulevard Ziraoui شارع الزيراوي,33.5955386,-7.6325736,icons/pharmacy.png,OSM
Casablanca-Settat,Big Nonna,Restaurant,Formel,Avenue Ahmed Charci شارع أحمد الشرسي,33.5887671,-7.6437315,icons/restaurant.png,OSM
Casablanca-Settat,Restaurant sans nom,Restaurant,Formel,Restaurant sans nom,33.4209602,-7.8541004,icons/restaurant.png,OSM
Casablanca-Settat,Restaurant sans nom,Restaurant,Formel,ⴰⵙⵓⴽ ⵍⴰⵍⵍⴰ ⵙⵓⴽⴰⵢⵏⴰ,33.419554,-7.8523594,icons/restaurant.png,OSM
Casablanca-Settat,Restaurant sans nom,Restaurant,Formel,ⴰⵙⵓⴽ ⵍⴰⵍⵍⴰ ⵙⵓⴽⴰⵢⵏⴰ,33.4114567,-7.8535223,icons/restaurant.png,OSM
Casablanca-Settat,Café sans nom,Café,Formel,ⴰⵙⵓⴽ ⵍⴰⵍⵍⴰ ⵙⵓⴽⴰⵢⵏⴰ,33.4200149,-7.8529493,icons/cafe.png,OSM
Casablanca-Settat,pharmacie anbar,Parapharmacie,Formel,bd Aba Chouaïb Doukali ang. rue 62 n°3 derb Sidi Maarouf V Casablanca,33.5617131,-7.5987122,icons/pharmacy.png,OSM
Casablanca-Settat,Pharmacie Nisrine,Parapharmacie,Formel,avenue du Dix Mars 1982 (Sidi Othman) bloc 50 n°80 Hay sidi othmane Casablanca,33.5664666,-7.572924,icons/pharmacy.png,OSM
Casablanca-Settat,Supermarché sans nom,Supermarché,Formel,Supermarché sans nom,33.4679658,-7.9693924,icons/supermarket.png,OSM
Casablanca-Settat,ماكدونالدز,Restaurant,Formel,ماكدونالدز,33.5749303,-7.7085266,icons/restaurant.png,OSM
Casablanca-Settat,Pizza Hut,Restaurant,Formel,Pizza Hut,33.5758003,-7.7074585,icons/restaurant.png,OSM
Casablanca-Settat,KFC,Restaurant,Formel,KFC,33.5764438,-7.7065764,icons/restaurant.png,OSM
Casablanca-Settat,Carrefour Market,Supermarché,Formel,Carrefour Market,33.6021269,-7.5265618,icons/supermarket.png,OSM
Casablanca-Settat,Restaurant sans nom,Restaurant,Formel,Boulevard Mohammed V شارع محمد الخامس,33.5936539,-7.6024627,icons/restaurant.png,OSM
Casablanca-Settat,Cafe Riad El Bernoussi,Café,Formel,Cafe Riad El Bernoussi,33.5824253,-7.5001271,icons/cafe.png,OSM
Casablanca-Settat,Primos Chicken,Restaurant,Formel,"Place Abou Bakr Asseddik ساحة أبو بكر الصديق, RABAT",33.9998339,-6.8504201,icons/restaurant.png,OSM
Casablanca-Settat,Little Mamma Agdal,Restaurant,Formel,"Avenue Fal Ould Oumeir شارع فال ولد عمير, RABAT",33.9989185,-6.8491499,icons/restaurant.png,OSM
Casablanca-Settat,Casketa,Restaurant,Formel,"Place Abou Bakr Asseddik ساحة أبو بكر الصديق, RABAT",33.9999928,-6.8500457,icons/restaurant.png,OSM
Casablanca-Settat,Restaurant sans nom,Restaurant,Formel,Boulevard de l'Ocean Atlantique,33.5915943,-7.6776565,icons/restaurant.png,OSM
Casablanca-Settat,Carrefour Market,Supermarché,Formel,Rue Taha Houcine زنقة طه حسين,33.5897236,-7.6297373,icons/supermarket.png,OSM
Casablanca-Settat,GOLDEN FISH,Restaurant,Formel,"Avenue Imam Malek, Rabat ⵔⴱⴰⵟ الرباط",33.9899813,-6.8376905,icons/restaurant.png,OSM
Casablanca-Settat,Pain d'Oro,Boulangerie,Formel,Pain d'Oro,33.390596,-7.5595832,icons/bakery.png,OSM
Casablanca-Settat,La Madrina,Restaurant,Formel,La Madrina,33.3902957,-7.5604635,icons/restaurant.png,OSM
Casablanca-Settat,Supérette / Mini-market sans nom,Supérette / Mini-market,Formel,Supérette / Mini-market sans nom,33.3907448,-7.5609674,icons/convenience.png,OSM
Casablanca-Settat,The Forest Coffee,Café,Formel,The Forest Coffee,33.3909777,-7.5642089,icons/cafe.png,OSM
Casablanca-Settat,Supérette Kawtar,Supérette / Mini-market,Formel,Supérette Kawtar,33.3965779,-7.5688561,icons/convenience.png,OSM
Casablanca-Settat,Supérette Kawtar,Supérette / Mini-market,Formel,Supérette Kawtar,33.392193,-7.5646353,icons/convenience.png,OSM
Casablanca-Settat,Street Pizzeria Napoletana,Restaurant,Formel,Street Pizzeria Napoletana,33.5834902,-7.6315558,icons/restaurant.png,OSM
Casablanca-Settat,فضاء سلا,Café,Formel,فضاء سلا,33.599199,-7.6210912,icons/cafe.png,OSM
Casablanca-Settat,باموس قهوة,Café,Formel,باموس قهوة,33.6007998,-7.6231615,icons/cafe.png,OSM
Casablanca-Settat,Café pizzeria,Café,Formel,Café pizzeria,33.5889784,-7.6286416,icons/cafe.png,OSM
Casablanca-Settat,Don Bocadillio,Restaurant,Formel,Don Bocadillio,33.5850284,-7.631509,icons/restaurant.png,OSM
Casablanca-Settat,Restaurant sans nom,Restaurant,Formel,Restaurant sans nom,33.5834982,-7.6315375,icons/restaurant.png,OSM
Casablanca-Settat,Restaurant sans nom,Restaurant,Formel,Restaurant sans nom,33.5881411,-7.6312429,icons/restaurant.png,OSM
Casablanca-Settat,Le Petit Italien,Restaurant,Formel,Avenue Hassan Souktani شارع حسن السكتاني,33.5896524,-7.632145,icons/restaurant.png,OSM
Casablanca-Settat,Repère du Gout,Restaurant,Formel,Repère du Gout,33.5842585,-7.6312796,icons/restaurant.png,OSM
Casablanca-Settat,Restaurant sans nom,Restaurant,Formel,Restaurant sans nom,33.6033195,-7.6261701,icons/restaurant.png,OSM
Casablanca-Settat,Had El Brachoua,Parapharmacie,Formel,Had El Brachoua,33.6933748,-6.6330256,icons/pharmacy.png,OSM
Casablanca-Settat,Said Shop 2,Épicerie,Informel,Said Shop 2,33.5895615,-7.5201879,icons/greengrocer.png,OSM
Casablanca-Settat,Pharmacy des generation,Parapharmacie,Formel,Pharmacy des generation,33.5960236,-7.6278348,icons/pharmacy.png,OSM
Casablanca-Settat,Pharmacy assim,Parapharmacie,Formel,Pharmacy assim,33.5749092,-7.6026912,icons/pharmacy.png,OSM
Casablanca-Settat,شاورما الحاج متولي,Restaurant,Formel,شاورما الحاج متولي,33.594017,-7.6148772,icons/restaurant.png,OSM
Casablanca-Settat,الشاف أنوار,Restaurant,Formel,الشاف أنوار,33.5707703,-7.5977321,icons/restaurant.png,OSM
Casablanca-Settat,Cafe Gaxi,Café,Formel,Cafe Gaxi,33.5696297,-7.601985,icons/cafe.png,OSM
Casablanca-Settat,عصائر اليسر,Café,Formel,عصائر اليسر,33.5887909,-7.6129222,icons/cafe.png,OSM
Casablanca-Settat,Costa Brava,Café,Formel,Costa Brava,33.5947151,-7.6166649,icons/cafe.png,OSM
Casablanca-Settat,La Fontaine,Café,Formel,La Fontaine,33.5934181,-7.6186581,icons/cafe.png,OSM
Casablanca-Settat,مقهى ميراج,Café,Formel,مقهى ميراج,33.5741844,-7.592155,icons/cafe.png,OSM
Casablanca-Settat,مطعم مصري,Restaurant,Formel,مطعم مصري,33.5952225,-7.6112289,icons/restaurant.png,OSM
Casablanca-Settat,لبن و صيكوك,Café,Formel,لبن و صيكوك,33.5795492,-7.6007581,icons/cafe.png,OSM
Casablanca-Settat,FHARMACIE DERB TOLBA,Parapharmacie,Formel,FHARMACIE DERB TOLBA,33.5708542,-7.5975232,icons/pharmacy.png,OSM
Casablanca-Settat,Pharmacy mdiouna,Parapharmacie,Formel,Pharmacy mdiouna,33.5691338,-7.5958052,icons/pharmacy.png,OSM
Casablanca-Settat,Para Godza,Parapharmacie,Formel,Para Godza,33.5701332,-7.6016622,icons/pharmacy.png,OSM
Casablanca-Settat,سوق حي إفريقيا,Épicerie,Informel,سوق حي إفريقيا,33.5573387,-7.5899849,icons/greengrocer.png,OSM
Casablanca-Settat,BİM,Supermarché,Formel,BİM,33.5630833,-7.6476427,icons/supermarket.png,OSM
Casablanca-Settat,Pharmacy Al Hoda,Parapharmacie,Formel,Pharmacy Al Hoda,33.5705185,-7.609777,icons/pharmacy.png,OSM
Casablanca-Settat,Farmacy Hay Raja,Parapharmacie,Formel,Farmacy Hay Raja,33.5664673,-7.616641,icons/pharmacy.png,OSM
Casablanca-Settat,Bim,Supermarché,Formel,Bim,33.5710869,-7.6094122,icons/supermarket.png,OSM
Casablanca-Settat,سوق الجملة,Épicerie,Informel,سوق الجملة,33.5730133,-7.6060882,icons/greengrocer.png,OSM
Casablanca-Settat,Pharmacy & Para Chawi,Parapharmacie,Formel,Pharmacy & Para Chawi,33.5718536,-7.598381,icons/pharmacy.png,OSM
Casablanca-Settat,Bim,Supermarché,Formel,Bim,33.5894279,-7.6137309,icons/supermarket.png,OSM
Casablanca-Settat,Pharmacy 15 Ramadan,Parapharmacie,Formel,Pharmacy 15 Ramadan,33.5870056,-7.6080818,icons/pharmacy.png,OSM
Casablanca-Settat,Radia Restaurant - Café,Restaurant,Formel,"Diar Elmansour, Rabat ⵔⴱⴰⵟ الرباط",33.9951968,-6.8797646,icons/restaurant.png,OSM
Casablanca-Settat,Café Crusty,Café,Formel,Café Crusty,33.9918488,-6.8833825,icons/cafe.png,OSM
Casablanca-Settat,Boulangerie sans nom,Boulangerie,Formel,Boulangerie sans nom,33.9941205,-6.8806643,icons/bakery.png,OSM
Casablanca-Settat,Sabahacham,Restaurant,Formel,Sabahacham,33.9933152,-6.8813958,icons/restaurant.png,OSM
Casablanca-Settat,Baguetterie Casablanca,Boulangerie,Formel,"Rue abouzzarik, Ferme bretonne",33.5622773,-7.6456095,icons/bakery.png,OSM
Casablanca-Settat,Naturellement bon,Restaurant,Formel,Naturellement bon,33.3711917,-7.5802499,icons/restaurant.png,OSM
Casablanca-Settat,Café le 57 lounge,Café,Formel,Café le 57 lounge,33.5992882,-7.5748791,icons/cafe.png,OSM
Casablanca-Settat,Carrefour,Supermarché,Formel,Carrefour,33.5987457,-7.5751282,icons/supermarket.png,OSM
Casablanca-Settat,El yassmine,Parapharmacie,Formel,El yassmine,33.9889539,-6.8143609,icons/pharmacy.png,OSM
Casablanca-Settat,Carrefour Market,Supermarché,Formel,Carrefour Market,33.2397398,-8.4963011,icons/supermarket.png,OSM
Casablanca-Settat,Burger King,Restaurant,Formel,Burger King,33.2396546,-8.4965032,icons/restaurant.png,OSM
Casablanca-Settat,Shawarma Avenue,Restaurant,Formel,Shawarma Avenue,33.2398699,-8.49653,icons/restaurant.png,OSM
Casablanca-Settat,Kalaat Naji,Restaurant,Formel,Kalaat Naji,33.2450178,-8.4954533,icons/restaurant.png,OSM
Casablanca-Settat,Paramienne,Parapharmacie,Formel,Paramienne,33.2386656,-8.4962206,icons/pharmacy.png,OSM
Casablanca-Settat,Les Vagues,Café,Formel,Les Vagues,33.24736,-8.4948769,icons/cafe.png,OSM
Casablanca-Settat,Smiley Beach,Café,Formel,Smiley Beach,33.2492285,-8.4985537,icons/cafe.png,OSM
Casablanca-Settat,Café sans nom,Café,Formel,Café sans nom,33.5933156,-7.6160894,icons/cafe.png,OSM
Casablanca-Settat,Café sans nom,Café,Formel,Café sans nom,33.5916314,-7.6148568,icons/cafe.png,OSM
Casablanca-Settat,Restaurant sans nom,Restaurant,Formel,Restaurant sans nom,33.5947079,-7.612674,icons/restaurant.png,OSM
Casablanca-Settat,Café sans nom,Café,Formel,Café sans nom,33.5945615,-7.6119032,icons/cafe.png,OSM
Casablanca-Settat,Parapharmacie sans nom,Parapharmacie,Formel,Parapharmacie sans nom,33.594167,-7.6113267,icons/pharmacy.png,OSM
Casablanca-Settat,Restaurant sans nom,Restaurant,Formel,Restaurant sans nom,33.594542,-7.6115928,icons/restaurant.png,OSM
Casablanca-Settat,Restaurant sans nom,Restaurant,Formel,Restaurant sans nom,33.5949847,-7.6117512,icons/restaurant.png,OSM
Casablanca-Settat,Restaurant sans nom,Restaurant,Formel,Restaurant sans nom,33.5952723,-7.6126263,icons/restaurant.png,OSM
Casablanca-Settat,Café sans nom,Café,Formel,Café sans nom,33.5958325,-7.6153688,icons/cafe.png,OSM
Casablanca-Settat,Café sans nom,Café,Formel,Café sans nom,33.5865898,-7.6866247,icons/cafe.png,OSM
Casablanca-Settat,Restaurant sans nom,Restaurant,Formel,Restaurant sans nom,33.591712,-7.6151442,icons/restaurant.png,OSM
Casablanca-Settat,Boulangerie sans nom,Boulangerie,Formel,Boulangerie sans nom,33.5916739,-7.6150312,icons/bakery.png,OSM
Casablanca-Settat,Café sans nom,Café,Formel,Café sans nom,33.595255,-7.6118271,icons/cafe.png,OSM
Casablanca-Settat,Café sans nom,Café,Formel,Café sans nom,33.5955705,-7.6140398,icons/cafe.png,OSM
Casablanca-Settat,Restaurant sans nom,Restaurant,Formel,Restaurant sans nom,33.5944609,-7.6787736,icons/restaurant.png,OSM
Casablanca-Settat,Café sans nom,Café,Formel,Café sans nom,33.6058976,-7.6576224,icons/cafe.png,OSM
Casablanca-Settat,Café sans nom,Café,Formel,Café sans nom,33.6033613,-7.6393176,icons/cafe.png,OSM
Casablanca-Settat,Restaurant sans nom,Restaurant,Formel,Restaurant sans nom,33.5936551,-7.6161729,icons/restaurant.png,OSM
Casablanca-Settat,Parapharmacie sans nom,Parapharmacie,Formel,Parapharmacie sans nom,33.5947843,-7.6130662,icons/pharmacy.png,OSM
Casablanca-Settat,Pizza Hut,Restaurant,Formel,Pizza Hut,33.5950215,-7.6682519,icons/restaurant.png,OSM
Casablanca-Settat,Manaos,Restaurant,Formel,Boulevard de la Corniche شارع الكورنيش,33.6049237,-7.6579938,icons/restaurant.png,OSM
Casablanca-Settat,Parapharmacie sans nom,Parapharmacie,Formel,Parapharmacie sans nom,33.6039137,-7.6335898,icons/pharmacy.png,OSM
Casablanca-Settat,Restaurant sans nom,Restaurant,Formel,Restaurant sans nom,33.5946058,-7.6175109,icons/restaurant.png,OSM
Casablanca-Settat,Supérette / Mini-market sans nom,Supérette / Mini-market,Formel,Supérette / Mini-market sans nom,33.5911782,-7.6782294,icons/convenience.png,OSM
Casablanca-Settat,Le Calypso,Restaurant,Formel,Le Calypso,33.5935398,-7.6782666,icons/restaurant.png,OSM
Casablanca-Settat,El Tucan,Restaurant,Formel,Boulevard de la Corniche شارع الكورنيش,33.5948941,-7.6780807,icons/restaurant.png,OSM
Casablanca-Settat,Snack Beverly,Restaurant,Formel,Snack Beverly,33.5942725,-7.616284,icons/restaurant.png,OSM
Casablanca-Settat,Parapharmacie sans nom,Parapharmacie,Formel,Parapharmacie sans nom,33.5951866,-7.6688003,icons/pharmacy.png,OSM
Casablanca-Settat,Restaurant Marocain Al Mamoun مطعم مغربي المامون,Restaurant,Formel,Restaurant Marocain Al Mamoun مطعم مغربي المامون,33.5943629,-7.6169789,icons/restaurant.png,OSM
Casablanca-Settat,Restaurant sans nom,Restaurant,Formel,Restaurant sans nom,33.5940425,-7.6154956,icons/restaurant.png,OSM
Casablanca-Settat,Restaurant sans nom,Restaurant,Formel,Restaurant sans nom,33.591526,-7.6164212,icons/restaurant.png,OSM
Casablanca-Settat,Café sans nom,Café,Formel,Café sans nom,33.5876769,-7.6200226,icons/cafe.png,OSM
Casablanca-Settat,Café sans nom,Café,Formel,Café sans nom,33.5877126,-7.6193928,icons/cafe.png,OSM
Casablanca-Settat,Supermarché sans nom,Supermarché,Formel,Supermarché sans nom,33.5872366,-7.6166659,icons/supermarket.png,OSM
Casablanca-Settat,Café sans nom,Café,Formel,Café sans nom,33.584449,-7.6106882,icons/cafe.png,OSM
Casablanca-Settat,Café sans nom,Café,Formel,Café sans nom,33.5765658,-7.6042489,icons/cafe.png,OSM
Casablanca-Settat,Champs Élysées,Café,Formel,Champs Élysées,33.5877361,-7.6180891,icons/cafe.png,OSM
Casablanca-Settat,La Concorde,Restaurant,Formel,La Concorde,33.5881245,-7.6177522,icons/restaurant.png,OSM
Casablanca-Settat,Café sans nom,Café,Formel,Café sans nom,33.5925136,-7.615743,icons/cafe.png,OSM
Casablanca-Settat,BİM,Supermarché,Formel,BİM,33.5847171,-7.6114149,icons/supermarket.png,OSM
Casablanca-Settat,Restaurant sans nom,Restaurant,Formel,Restaurant sans nom,33.584232,-7.6106949,icons/restaurant.png,OSM
Casablanca-Settat,Parapharmacie sans nom,Parapharmacie,Formel,Parapharmacie sans nom,33.5764674,-7.6040215,icons/pharmacy.png,OSM
Casablanca-Settat,Parapharmacie sans nom,Parapharmacie,Formel,Parapharmacie sans nom,33.5859544,-7.6165399,icons/pharmacy.png,OSM
Casablanca-Settat,Supérette / Mini-market sans nom,Supérette / Mini-market,Formel,Supérette / Mini-market sans nom,33.588406,-7.618008,icons/convenience.png,OSM
Casablanca-Settat,Café sans nom,Café,Formel,Café sans nom,33.5915778,-7.6161709,icons/cafe.png,OSM
Casablanca-Settat,Parapharmacie sans nom,Parapharmacie,Formel,Parapharmacie sans nom,33.579046,-7.6059801,icons/pharmacy.png,OSM
Casablanca-Settat,Café sans nom,Café,Formel,Café sans nom,33.5724602,-7.6002151,icons/cafe.png,OSM
Casablanca-Settat,Supermarché sans nom,Supermarché,Formel,Supermarché sans nom,33.5845268,-7.6158941,icons/supermarket.png,OSM
Casablanca-Settat,Café sans nom,Café,Formel,Café sans nom,33.5888924,-7.6185798,icons/cafe.png,OSM
Casablanca-Settat,Restaurant sans nom,Restaurant,Formel,Restaurant sans nom,33.5884104,-7.6127441,icons/restaurant.png,OSM
Casablanca-Settat,Café sans nom,Café,Formel,Café sans nom,33.5907294,-7.614857,icons/cafe.png,OSM
Casablanca-Settat,Supermarché sans nom,Supermarché,Formel,Supermarché sans nom,33.5898327,-7.614064,icons/supermarket.png,OSM
Casablanca-Settat,Café sans nom,Café,Formel,Café sans nom,33.5893666,-7.6134495,icons/cafe.png,OSM
Casablanca-Settat,Boulangerie sans nom,Boulangerie,Formel,Boulangerie sans nom,33.5895567,-7.6138204,icons/bakery.png,OSM
Casablanca-Settat,Café sans nom,Café,Formel,Café sans nom,33.5903113,-7.614465,icons/cafe.png,OSM
Casablanca-Settat,Parapharmacie sans nom,Parapharmacie,Formel,Parapharmacie sans nom,33.5900961,-7.6142756,icons/pharmacy.png,OSM
Casablanca-Settat,Café sans nom,Café,Formel,Café sans nom,33.5853537,-7.6101606,icons/cafe.png,OSM
Casablanca-Settat,Supérette / Mini-market sans nom,Supérette / Mini-market,Formel,Supérette / Mini-market sans nom,33.5926666,-7.6157868,icons/convenience.png,OSM
Casablanca-Settat,Café sans nom,Café,Formel,Café sans nom,33.5915693,-7.6153454,icons/cafe.png,OSM
Casablanca-Settat,Restaurant sans nom,Restaurant,Formel,Restaurant sans nom,33.5924905,-7.6158505,icons/restaurant.png,OSM
Casablanca-Settat,Supérette / Mini-market sans nom,Supérette / Mini-market,Formel,Supérette / Mini-market sans nom,33.592133,-7.6157691,icons/convenience.png,OSM
Casablanca-Settat,Restaurant sans nom,Restaurant,Formel,Restaurant sans nom,33.5908221,-7.6148131,icons/restaurant.png,OSM
Casablanca-Settat,Electrogharib,Épicerie,Informel,Electrogharib,33.5724869,-7.628273,icons/greengrocer.png,OSM
Casablanca-Settat,إلكترو السلام,Épicerie,Informel,إلكترو السلام,33.5842705,-7.4788628,icons/greengrocer.png,OSM
Casablanca-Settat,JPM المشعشع,Épicerie,Informel,JPM المشعشع,33.5929298,-7.5175838,icons/greengrocer.png,OSM
Casablanca-Settat,Bernoussi Phone,Épicerie,Informel,Bernoussi Phone,33.6090508,-7.512949,icons/greengrocer.png,OSM
Casablanca-Settat,KS smartphone,Épicerie,Informel,KS smartphone,33.5713577,-7.58775,icons/greengrocer.png,OSM
Casablanca-Settat,Said Shop 1,Épicerie,Informel,Said Shop 1,33.5929832,-7.5176172,icons/greengrocer.png,OSM
Casablanca-Settat,Pizza Hut Express,Restaurant,Formel,Pizza Hut Express,33.5891754,-7.6289622,icons/restaurant.png,OSM
Casablanca-Settat,Coin jean jaures,Restaurant,Formel,Coin jean jaures,33.5897458,-7.6275991,icons/restaurant.png,OSM
Casablanca-Settat,Casa jose,Restaurant,Formel,Casa jose,33.5896958,-7.6274645,icons/restaurant.png,OSM
Casablanca-Settat,Café sans nom,Café,Formel,Café sans nom,33.4560689,-7.5150199,icons/cafe.png,OSM
Casablanca-Settat,BIM,Supérette / Mini-market,Formel,BIM,33.232579,-8.4862098,icons/convenience.png,OSM
Casablanca-Settat,Four Sister,Restaurant,Formel,Four Sister,33.2324548,-8.486292,icons/restaurant.png,OSM
Casablanca-Settat,102,Café,Formel,102,33.2322185,-8.486478,icons/cafe.png,OSM
Casablanca-Settat,Lina,Café,Formel,Lina,33.9283767,-6.9552836,icons/cafe.png,OSM
Casablanca-Settat,Au bon délice,Restaurant,Formel,Au bon délice,33.9282984,-6.9553838,icons/restaurant.png,OSM
Casablanca-Settat,Supérette / Mini-market sans nom,Supérette / Mini-market,Formel,Supérette / Mini-market sans nom,33.9038025,-6.9238872,icons/convenience.png,OSM
Casablanca-Settat,مقهى لبدر,Café,Formel,مقهى لبدر,33.9035709,-6.9238826,icons/cafe.png,OSM
Casablanca-Settat,Oscar,Café,Formel,Oscar,33.9029759,-6.9247033,icons/cafe.png,OSM
Casablanca-Settat,Café Bab Tamesna,Café,Formel,Café Bab Tamesna,33.9019101,-6.9233194,icons/cafe.png,OSM
Casablanca-Settat,مقهى الأحلام,Café,Formel,مقهى الأحلام,33.9016703,-6.9235928,icons/cafe.png,OSM
Casablanca-Settat,العطرية الفيلالية,Supérette / Mini-market,Formel,العطرية الفيلالية,33.9043029,-6.9231011,icons/convenience.png,OSM
Casablanca-Settat,La Soie,Café,Formel,La Soie,33.9007965,-6.9246997,icons/cafe.png,OSM
Casablanca-Settat,Badr Bacery,Boulangerie,Formel,Badr Bacery,33.9008796,-6.9245805,icons/bakery.png,OSM
Casablanca-Settat,الزعراوي إخوان,Boulangerie,Formel,الزعراوي إخوان,33.9015266,-6.9247228,icons/bakery.png,OSM
Casablanca-Settat,Café Alexandra,Café,Formel,Café Alexandra,33.9015739,-6.9247832,icons/cafe.png,OSM
Casablanca-Settat,مقهى يوري,Café,Formel,مقهى يوري,33.901993,-6.9254138,icons/cafe.png,OSM
Casablanca-Settat,AROMASHOP,Supermarché,Formel,"Rue Toudgha زنقة تودغة /Résidence KAYS, Rabat",33.9993127,-6.8470809,icons/supermarket.png,OSM
Casablanca-Settat,Botroch Professionnelle,Boulangerie,Formel,Botroch Professionnelle,33.9026743,-6.9247775,icons/bakery.png,OSM
Casablanca-Settat,مخبزة أمين,Boulangerie,Formel,مخبزة أمين,33.9036805,-6.9255804,icons/bakery.png,OSM
Casablanca-Settat,سناك بلادي,Restaurant,Formel,سناك بلادي,33.9033236,-6.9249313,icons/restaurant.png,OSM
Casablanca-Settat,Para Life,Parapharmacie,Formel,Para Life,33.9028356,-6.9242374,icons/pharmacy.png,OSM
Casablanca-Settat,Supérette / Mini-market sans nom,Supérette / Mini-market,Formel,Supérette / Mini-market sans nom,33.9025273,-6.9240916,icons/convenience.png,OSM
Casablanca-Settat,Café Jad,Café,Formel,Café Jad,33.9027602,-6.9222876,icons/cafe.png,OSM
Casablanca-Settat,Pâtisserie Ennakhil,Boulangerie,Formel,Pâtisserie Ennakhil,33.9026062,-6.9195317,icons/bakery.png,OSM
Casablanca-Settat,Supérette / Mini-market sans nom,Supérette / Mini-market,Formel,Supérette / Mini-market sans nom,33.9027861,-6.919332,icons/convenience.png,OSM
Casablanca-Settat,Supérette / Mini-market sans nom,Supérette / Mini-market,Formel,Supérette / Mini-market sans nom,33.902129,-6.9201107,icons/convenience.png,OSM
Casablanca-Settat,مقهى زين,Café,Formel,مقهى زين,33.90211,-6.9218954,icons/cafe.png,OSM
Casablanca-Settat,Zenga,Restaurant,Formel,Zenga,33.2447487,-8.4950806,icons/restaurant.png,OSM
Casablanca-Settat,O'Parc,Café,Formel,O'Parc,33.2468205,-8.4970234,icons/cafe.png,OSM
Casablanca-Settat,El Khair,Café,Formel,El Khair,33.2424316,-8.4987839,icons/cafe.png,OSM
Casablanca-Settat,Jawhara,Café,Formel,Jawhara,33.2426141,-8.4979256,icons/cafe.png,OSM
Casablanca-Settat,Café de La Gare,Café,Formel,Café de La Gare,33.2446902,-8.4993751,icons/cafe.png,OSM
Casablanca-Settat,L'Araucaria,Restaurant,Formel,L'Araucaria,33.2473114,-8.497489,icons/restaurant.png,OSM
Casablanca-Settat,Bingo,Restaurant,Formel,Bingo,33.2469749,-8.4974819,icons/restaurant.png,OSM
Casablanca-Settat,Oscar,Café,Formel,Oscar,33.2495192,-8.4995794,icons/cafe.png,OSM
Casablanca-Settat,Supérette / Mini-market sans nom,Supérette / Mini-market,Formel,Supérette / Mini-market sans nom,33.9047645,-6.9225934,icons/convenience.png,OSM
Casablanca-Settat,Market Belhaj,Supérette / Mini-market,Formel,Market Belhaj,33.9065401,-6.9246846,icons/convenience.png,OSM
Casablanca-Settat,Supérette / Mini-market sans nom,Supérette / Mini-market,Formel,Supérette / Mini-market sans nom,33.9062988,-6.9254133,icons/convenience.png,OSM
Casablanca-Settat,La Manga,Café,Formel,La Manga,33.9062589,-6.9253351,icons/cafe.png,OSM
Casablanca-Settat,مقهى جواهر,Café,Formel,مقهى جواهر,33.9071821,-6.9241294,icons/cafe.png,OSM
Casablanca-Settat,Ahmed Market,Supérette / Mini-market,Formel,Ahmed Market,33.9065737,-6.924646,icons/convenience.png,OSM
Casablanca-Settat,مخبزة باسم,Boulangerie,Formel,مخبزة باسم,33.9072548,-6.9240587,icons/bakery.png,OSM
Casablanca-Settat,مقهى جباليا,Café,Formel,مقهى جباليا,33.9066245,-6.9246018,icons/cafe.png,OSM
Casablanca-Settat,عطار تفيلالت,Supérette / Mini-market,Formel,عطار تفيلالت,33.90715,-6.9202053,icons/convenience.png,OSM
Casablanca-Settat,مخبزة وحلويات خالد,Boulangerie,Formel,مخبزة وحلويات خالد,33.8999777,-6.9241259,icons/bakery.png,OSM
Casablanca-Settat,Restaurant sans nom,Restaurant,Formel,Restaurant sans nom,33.9004113,-6.9241199,icons/restaurant.png,OSM
Casablanca-Settat,محلبة وحلويات تاليوين,Boulangerie,Formel,محلبة وحلويات تاليوين,33.9001483,-6.9241235,icons/bakery.png,OSM
Casablanca-Settat,Supérette / Mini-market sans nom,Supérette / Mini-market,Formel,Supérette / Mini-market sans nom,33.9001782,-6.9241619,icons/convenience.png,OSM
Casablanca-Settat,Épicerie sans nom,Épicerie,Informel,Épicerie sans nom,33.9000842,-6.9240688,icons/greengrocer.png,OSM
Casablanca-Settat,Supérette / Mini-market sans nom,Supérette / Mini-market,Formel,Supérette / Mini-market sans nom,33.8997156,-6.9246779,icons/convenience.png,OSM
Casablanca-Settat,متجر ويديرن,Supérette / Mini-market,Formel,متجر ويديرن,33.8998281,-6.9258793,icons/convenience.png,OSM
Casablanca-Settat,Trois Gourmets,Café,Formel,Trois Gourmets,33.8999284,-6.925753,icons/cafe.png,OSM
Casablanca-Settat,Arzak,Restaurant,Formel,Témara تمارة,33.9005033,-6.9256242,icons/restaurant.png,OSM
Casablanca-Settat,Supérette / Mini-market sans nom,Supérette / Mini-market,Formel,Supérette / Mini-market sans nom,33.9016935,-6.9238778,icons/convenience.png,OSM
Casablanca-Settat,أسماك هشام,Restaurant,Formel,أسماك هشام,33.9051359,-6.9225359,icons/restaurant.png,OSM
Casablanca-Settat,Supérette / Mini-market sans nom,Supérette / Mini-market,Formel,Supérette / Mini-market sans nom,33.9031321,-6.9237617,icons/convenience.png,OSM
Casablanca-Settat,مخبزة روزاليندا,Boulangerie,Formel,مخبزة روزاليندا,33.9050838,-6.9264395,icons/bakery.png,OSM
Casablanca-Settat,مقهى الخيام,Café,Formel,مقهى الخيام,33.905853,-6.9256969,icons/cafe.png,OSM
Casablanca-Settat,Dunkin',Restaurant,Formel,Dunkin',33.9515846,-6.8852014,icons/restaurant.png,OSM
Casablanca-Settat,Wakame,Restaurant,Formel,"458 Guy Ville Plage, Harhoura",33.9341892,-6.9427548,icons/restaurant.png,OSM
Casablanca-Settat,Supermarché sans nom,Supermarché,Formel,Supermarché sans nom,33.9145019,-6.815832,icons/supermarket.png,OSM
Casablanca-Settat,Superette Brahim,Supermarché,Formel,Superette Brahim,33.9151812,-6.9705626,icons/supermarket.png,OSM
Casablanca-Settat,Supérette / Mini-market sans nom,Supérette / Mini-market,Formel,Supérette / Mini-market sans nom,33.9015036,-6.9253957,icons/convenience.png,OSM
Casablanca-Settat,Café Urbano,Café,Formel,Café Urbano,33.9018426,-6.9256296,icons/cafe.png,OSM
Casablanca-Settat,ماكسي همزة,Supérette / Mini-market,Formel,ماكسي همزة,33.9023268,-6.9228069,icons/convenience.png,OSM
Casablanca-Settat,Traiteur Benbrahim,Café,Formel,Traiteur Benbrahim,33.9405135,-6.8946117,icons/cafe.png,OSM
Casablanca-Settat,Champion,Supermarché,Formel,Champion,33.916215,-6.9657737,icons/supermarket.png,OSM
Casablanca-Settat,Supérette / Mini-market sans nom,Supérette / Mini-market,Formel,Supérette / Mini-market sans nom,33.5399875,-7.6791549,icons/convenience.png,OSM
Casablanca-Settat,Boulangerie sans nom,Boulangerie,Formel,Boulangerie sans nom,33.5435524,-7.6792217,icons/bakery.png,OSM
Casablanca-Settat,Boulangerie sans nom,Boulangerie,Formel,Boulangerie sans nom,33.5406657,-7.6828164,icons/bakery.png,OSM
Casablanca-Settat,Supérette / Mini-market sans nom,Supérette / Mini-market,Formel,Supérette / Mini-market sans nom,33.5391694,-7.6797925,icons/convenience.png,OSM
Casablanca-Settat,Parapharmacie sans nom,Parapharmacie,Formel,Parapharmacie sans nom,33.5392196,-7.6788441,icons/pharmacy.png,OSM
Casablanca-Settat,Café sans nom,Café,Formel,Café sans nom,33.5386387,-7.6804125,icons/cafe.png,OSM
Casablanca-Settat,Carrefour Market,Supermarché,Formel,Boulevard Laymoune,33.5379265,-7.680443,icons/supermarket.png,OSM
Casablanca-Settat,BİM,Supermarché,Formel,BİM,33.9336665,-6.942528,icons/supermarket.png,OSM
Casablanca-Settat,Agha Acham,Restaurant,Formel,Agha Acham,33.9345746,-6.9429564,icons/restaurant.png,OSM
Casablanca-Settat,Al Andalous,Restaurant,Formel,Al Andalous,33.9347715,-6.943313,icons/restaurant.png,OSM
Casablanca-Settat,Sushi Box,Restaurant,Formel,Sushi Box,33.9350269,-6.9429808,icons/restaurant.png,OSM
Casablanca-Settat,Mille Délices,Café,Formel,Mille Délices,33.9038606,-6.919916,icons/cafe.png,OSM
Casablanca-Settat,Our corner,Café,Formel,Our corner,33.9040033,-6.919706,icons/cafe.png,OSM
Casablanca-Settat,Café Dialna,Café,Formel,Café Dialna,33.9040726,-6.9196417,icons/cafe.png,OSM
Casablanca-Settat,BIM,Supermarché,Formel,BIM,33.9041389,-6.919544,icons/supermarket.png,OSM
Casablanca-Settat,Supérette / Mini-market sans nom,Supérette / Mini-market,Formel,Supérette / Mini-market sans nom,33.9026877,-6.9264299,icons/convenience.png,OSM
Casablanca-Settat,Café sans nom,Café,Formel,Café sans nom,33.9207502,-6.9161457,icons/cafe.png,OSM
Casablanca-Settat,PARADEL CAFE,Café,Formel,PARADEL CAFE,33.9207913,-6.9160852,icons/cafe.png,OSM
Casablanca-Settat,Green House,Café,Formel,Green House,33.9212445,-6.9159753,icons/cafe.png,OSM
Casablanca-Settat,مقهى اليمامة,Café,Formel,مقهى اليمامة,33.9210536,-6.9162541,icons/cafe.png,OSM
Casablanca-Settat,AL MASBAH,Parapharmacie,Formel,"Rue Ibn Taimia, Rabat",33.9862189,-6.8876238,icons/pharmacy.png,OSM
Casablanca-Settat,Para Bée Lilia's,Parapharmacie,Formel,Para Bée Lilia's,33.9209805,-6.9162844,icons/pharmacy.png,OSM
Casablanca-Settat,Restaurant sans nom,Restaurant,Formel,Restaurant sans nom,33.9205848,-6.9166813,icons/restaurant.png,OSM
Casablanca-Settat,Supérette / Mini-market sans nom,Supérette / Mini-market,Formel,Supérette / Mini-market sans nom,33.920737,-6.9165438,icons/convenience.png,OSM
Casablanca-Settat,سناك الشعب,Restaurant,Formel,سناك الشعب,33.9207017,-6.9165718,icons/restaurant.png,OSM
Casablanca-Settat,مشواة يونس,Restaurant,Formel,مشواة يونس,33.9206365,-6.9166208,icons/restaurant.png,OSM
Casablanca-Settat,Café Atlantis,Café,Formel,Café Atlantis,33.9064516,-6.9214195,icons/cafe.png,OSM
Casablanca-Settat,Nice Smile Coffe,Café,Formel,Nice Smile Coffe,33.9205116,-6.9167661,icons/cafe.png,OSM
Casablanca-Settat,Café le Rossignol,Café,Formel,Café le Rossignol,33.536662,-7.5873179,icons/cafe.png,OSM
Casablanca-Settat,Oh My Bun,Restaurant,Formel,Oh My Bun,33.5886854,-7.6317411,icons/restaurant.png,OSM
Casablanca-Settat,Pharmacie 16 Novembre,Parapharmacie,Formel,"rue du 16 novembre, Rabat",33.991146,-6.8489787,icons/pharmacy.png,OSM
Casablanca-Settat,Supermaket,Supermarché,Formel,Supermaket,33.9096039,-6.9728511,icons/supermarket.png,OSM
Casablanca-Settat,Club Apostrophe,Café,Formel,"X5RC+FQM, R401, Rabat",33.9913103,-6.8281138,icons/cafe.png,OSM
Casablanca-Settat,Restaurant sans nom,Restaurant,Formel,Restaurant sans nom,33.8246596,-7.1481488,icons/restaurant.png,OSM
Casablanca-Settat,Rayhan Parapharmacie,Supermarché,Formel,Rayhan Parapharmacie,33.9151608,-6.9057284,icons/supermarket.png,OSM
Casablanca-Settat,Pharmacie Al Balsem صيدلية البلسم,Parapharmacie,Formel,Pharmacie Al Balsem صيدلية البلسم,33.9215482,-6.9584707,icons/pharmacy.png,OSM
Casablanca-Settat,Market Ben Salah,Supermarché,Formel,Market Ben Salah,33.9216214,-6.9585639,icons/supermarket.png,OSM
Casablanca-Settat,Hamid Market,Supermarché,Formel,Hamid Market,33.9237329,-6.958297,icons/supermarket.png,OSM
Casablanca-Settat,Dahab Café,Café,Formel,Dahab Café,33.5887839,-7.6323473,icons/cafe.png,OSM
Casablanca-Settat,Niya,Restaurant,Formel,Niya,33.5886969,-7.632462,icons/restaurant.png,OSM
Casablanca-Settat,VITTEL Café,Café,Formel,VITTEL Café,33.9072903,-6.922608,icons/cafe.png,OSM
Casablanca-Settat,Green Black,Café,Formel,Green Black,33.607696,-7.6208604,icons/cafe.png,OSM
Casablanca-Settat,Boulangerie sans nom,Boulangerie,Formel,Boulangerie sans nom,33.6023317,-7.62182,icons/bakery.png,OSM
Casablanca-Settat,La Mass,Restaurant,Formel,La Mass,33.6023944,-7.6216848,icons/restaurant.png,OSM
Casablanca-Settat,Bambou Panda,Restaurant,Formel,Bambou Panda,33.6058793,-7.628809,icons/restaurant.png,OSM
Casablanca-Settat,Cappadocia,Café,Formel,Cappadocia,33.6062625,-7.62939,icons/cafe.png,OSM
Casablanca-Settat,Le Melliber,Restaurant,Formel,Boulevard Moulay Youssef شارع مولاي يوسف,33.6042229,-7.6328261,icons/restaurant.png,OSM
Casablanca-Settat,Café sans nom,Café,Formel,Café sans nom,33.9148657,-6.9401415,icons/cafe.png,OSM
Casablanca-Settat,Restaurant sans nom,Restaurant,Formel,"Boulevard Abdelmoumen, Casablanca ⵜⴰⴷⴷⴰⵔⵜ ⵜⵓⵎⵍⵉⵍⵜ الدار البيضاء",33.5655408,-7.6263134,icons/restaurant.png,OSM
Casablanca-Settat,Pharmacie wato صيدلية واطو,Parapharmacie,Formel,Pharmacie wato صيدلية واطو,33.5745662,-7.6303973,icons/pharmacy.png,OSM
Casablanca-Settat,Café Black Sky,Café,Formel,Café Black Sky,33.5737817,-7.6314742,icons/cafe.png,OSM
Casablanca-Settat,BIM batinia,Supermarché,Formel,BIM batinia,33.5746394,-7.6299306,icons/supermarket.png,OSM
Casablanca-Settat,Paul Cafe,Café,Formel,Paul Cafe,33.582557,-7.627125,icons/cafe.png,OSM
Casablanca-Settat,Marjane,Supermarché,Formel,"Boulevard Ibn Tachfine, Casablanca ⵜⴰⴷⴷⴰⵔⵜ ⵜⵓⵎⵍⵉⵍⵜ الدار البيضاء",33.5859021,-7.5930568,icons/supermarket.png,OSM
Casablanca-Settat,Papa John's,Restaurant,Formel,Rue Oumayma Essayeh زنقة أميمة السايح,33.587979,-7.6386446,icons/restaurant.png,OSM
Casablanca-Settat,Le Racine,Café,Formel,Rue Oumayma Essayeh زنقة أميمة السايح,33.5884367,-7.6388687,icons/cafe.png,OSM
Casablanca-Settat,dipndip,Café,Formel,Urban Square,33.5885831,-7.6406609,icons/cafe.png,OSM
Casablanca-Settat,Espressolab,Café,Formel,Urban Square,33.5886726,-7.6403217,icons/cafe.png,OSM
Casablanca-Settat,Pepe Luis,Restaurant,Formel,Urban Square,33.5887547,-7.6400219,icons/restaurant.png,OSM
Casablanca-Settat,Oh My Bun,Restaurant,Formel,Rue Normandie زنقة نورماندي,33.5883714,-7.6398773,icons/restaurant.png,OSM
Casablanca-Settat,Room 21,Café,Formel,Rue Normandie زنقة نورماندي,33.588443,-7.6398995,icons/cafe.png,OSM
Casablanca-Settat,Ahmet Chef,Restaurant,Formel,Boulevard d'Anfa شارع أنفا,33.5891458,-7.6402696,icons/restaurant.png,OSM
Casablanca-Settat,Celia Store,Supermarché,Formel,Rue Ibnou Yaala Al Ifrani زنقة ابن يعلى الإفراني,33.5886492,-7.6384436,icons/supermarket.png,OSM
Casablanca-Settat,Pharmacie Kheops,Parapharmacie,Formel,Rue Ibnou Yaala Al Ifrani زنقة ابن يعلى الإفراني,33.5886829,-7.6383703,icons/pharmacy.png,OSM
Casablanca-Settat,La Grande Brasserie,Restaurant,Formel,Rue Normandie زنقة نورماندي,33.5871666,-7.6395445,icons/restaurant.png,OSM
Casablanca-Settat,Burger King,Restaurant,Formel,Burger King,33.5637085,-7.6628617,icons/restaurant.png,OSM
Casablanca-Settat,ماكدونالدز,Restaurant,Formel,ماكدونالدز,33.5636967,-7.6630027,icons/restaurant.png,OSM
Casablanca-Settat,دجاج كنتاكي,Restaurant,Formel,دجاج كنتاكي,33.5637907,-7.662615,icons/restaurant.png,OSM
Casablanca-Settat,Dunkin',Restaurant,Formel,Dunkin',33.563312,-7.6635737,icons/restaurant.png,OSM
Casablanca-Settat,Marjane,Supermarché,Formel,Marjane,33.5632914,-7.6637711,icons/supermarket.png,OSM
Casablanca-Settat,Parapharmacie sans nom,Parapharmacie,Formel,Parapharmacie sans nom,33.5632692,-7.663828,icons/pharmacy.png,OSM
Casablanca-Settat,Parapharmacie sans nom,Parapharmacie,Formel,Parapharmacie sans nom,33.5675059,-7.6572414,icons/pharmacy.png,OSM
Casablanca-Settat,Chocochino,Café,Formel,Urban Square,33.588491,-7.6404604,icons/cafe.png,OSM
Casablanca-Settat,Japonico,Restaurant,Formel,Rue Al Mansour Saadi زنقة المنصور السعدي,33.5878325,-7.638078,icons/restaurant.png,OSM
Casablanca-Settat,BEX Coffee,Café,Formel,Rue Michel Ange زنقة ميشبل أنج,33.5906728,-7.637444,icons/cafe.png,OSM
Casablanca-Settat,Dunkin',Restaurant,Formel,Rue Michel Ange زنقة ميشبل أنج,33.5907244,-7.6373297,icons/restaurant.png,OSM
Casablanca-Settat,Gong Cha,Café,Formel,Boulevard d'Anfa شارع أنفا,33.5907787,-7.637218,icons/cafe.png,OSM
Casablanca-Settat,% Arabica,Café,Formel,Boulevard d'Anfa شارع أنفا,33.5908157,-7.6371164,icons/cafe.png,OSM
Casablanca-Settat,Luxia,Parapharmacie,Formel,Luxia,33.2396924,-8.481749,icons/pharmacy.png,OSM
Casablanca-Settat,Milk + Honey,Restaurant,Formel,Rue Normandie زنقة نورماندي,33.588257,-7.6393618,icons/restaurant.png,OSM
Casablanca-Settat,Pastrama,Restaurant,Formel,Rue Oumayma Essayeh زنقة أميمة السايح,33.5872625,-7.6384661,icons/restaurant.png,OSM
Casablanca-Settat,La Grillardière,Restaurant,Formel,Rue Al Mansour Saadi زنقة المنصور السعدي,33.5883982,-7.6374661,icons/restaurant.png,OSM
Casablanca-Settat,Pharmacie du Complexe Sportif,Parapharmacie,Formel,Rue Mamoun Mohamed زنقة مامون محمد,33.5795302,-7.6496175,icons/pharmacy.png,OSM
Casablanca-Settat,Supérette / Mini-market sans nom,Supérette / Mini-market,Formel,Supérette / Mini-market sans nom,33.5673187,-7.6542282,icons/convenience.png,OSM
Casablanca-Settat,Café Soundouss,Café,Formel,Café Soundouss,33.2493047,-8.4497678,icons/cafe.png,OSM
Casablanca-Settat,Dream Donuts & Coffee,Restaurant,Formel,"Rue El Kadi Iass زنقة القاضي إياس, Casablanca ⵜⴰⴷⴷⴰⵔⵜ ⵜⵓⵎⵍⵉⵍⵜ الدار البيضاء",33.5858634,-7.6359647,icons/restaurant.png,OSM
Casablanca-Settat,Pharmacie et ParaPharmacie Line,Parapharmacie,Formel,Témara تمارة,33.9170964,-6.8990926,icons/pharmacy.png,OSM
Casablanca-Settat,حلويات الدار عند بشرى,Boulangerie,Formel,حلويات الدار عند بشرى,33.5358549,-7.6023708,icons/bakery.png,OSM
Casablanca-Settat,HL Burger - Holy Choco - Crust & Grill,Restaurant,Formel,"Nationale Route Lissasfa, Casablanca,",33.5192231,-7.693517,icons/restaurant.png,OSM
Casablanca-Settat,La p'tite pause,Restaurant,Formel,La p'tite pause,33.9908297,-6.7231588,icons/restaurant.png,OSM
Casablanca-Settat,Marjane,Supermarché,Formel,Rue Al Fourate زنقة الفرات,33.58076,-7.6415292,icons/supermarket.png,OSM
Casablanca-Settat,Supérette / Mini-market sans nom,Supérette / Mini-market,Formel,Rue Abou Ishak Chirazi,33.5811865,-7.6422423,icons/convenience.png,OSM
Casablanca-Settat,Mondial Market,Supérette / Mini-market,Formel,Rue Abou Ishak Chirazi,33.5808266,-7.6427583,icons/convenience.png,OSM
Casablanca-Settat,Café Gaya,Café,Formel,Café Gaya,33.5817058,-7.6436931,icons/cafe.png,OSM
Casablanca-Settat,Restaurant sans nom,Restaurant,Formel,Rue Al Mansour Al Abidi زنقة المنصور العابدي,33.5801093,-7.6416269,icons/restaurant.png,OSM
Casablanca-Settat,Boulangerie d'Antan,Boulangerie,Formel,Rue Al Fourate زنقة الفرات,33.5809475,-7.6413897,icons/bakery.png,OSM
Casablanca-Settat,Picalla,Restaurant,Formel,Rue Al Mansour Al Abidi زنقة المنصور العابدي,33.5806937,-7.6409454,icons/restaurant.png,OSM
Casablanca-Settat,Restaurant sans nom,Restaurant,Formel,Rue Al Mansour Al Abidi زنقة المنصور العابدي,33.5807167,-7.6409225,icons/restaurant.png,OSM
Casablanca-Settat,Supérette / Mini-market sans nom,Supérette / Mini-market,Formel,Rue Al Mansour Al Abidi زنقة المنصور العابدي,33.5807328,-7.6408999,icons/convenience.png,OSM
Casablanca-Settat,Café Bourneix,Café,Formel,Café Bourneix,33.5798613,-7.6422831,icons/cafe.png,OSM
Casablanca-Settat,Pharmacie des Champions - صيدلية الأبطال,Parapharmacie,Formel,Rue Brahim Nakhai زنقة إبراهيم النخعي,33.5816075,-7.6436672,icons/pharmacy.png,OSM
Casablanca-Settat,Café Wino,Café,Formel,Rue Abou Ishak Chirazi,33.582204,-7.6408722,icons/cafe.png,OSM
Casablanca-Settat,Supérette / Mini-market sans nom,Supérette / Mini-market,Formel,Rue Abou Ishak Chirazi,33.5813662,-7.6417189,icons/convenience.png,OSM
Casablanca-Settat,Supérette / Mini-market sans nom,Supérette / Mini-market,Formel,Rue Ibn Jilali Tajeddine زنقة إبن الجيلالي تاج الدين,33.5815221,-7.6402524,icons/convenience.png,OSM
Casablanca-Settat,Café sans nom,Café,Formel,Boulevard Bir Anzarane شارع بئر أنزران,33.5816762,-7.6395077,icons/cafe.png,OSM
Casablanca-Settat,Supérette / Mini-market sans nom,Supérette / Mini-market,Formel,Boulevard Bir Anzarane شارع بئر أنزران,33.5817087,-7.6395588,icons/convenience.png,OSM
Casablanca-Settat,RESTAURANT MONO-CLUB,Restaurant,Formel,Rue Al Mansour Al Abidi زنقة المنصور العابدي,33.5815049,-7.6398128,icons/restaurant.png,OSM
Casablanca-Settat,Supérette / Mini-market sans nom,Supérette / Mini-market,Formel,Rue Brahim Nakhai زنقة إبراهيم النخعي,33.5793815,-7.6414329,icons/convenience.png,OSM
Casablanca-Settat,Coin Vert,Supermarché,Formel,Rue Abou Amrane El Fassi زنقة أبو عمران الفاسي,33.5796449,-7.6405726,icons/supermarket.png,OSM
Casablanca-Settat,Supérette / Mini-market sans nom,Supérette / Mini-market,Formel,Rue Abou Amrane El Fassi زنقة أبو عمران الفاسي,33.5796852,-7.640525,icons/convenience.png,OSM
Casablanca-Settat,ZIZINE GRILLADERIE,Restaurant,Formel,Rue Al Mansour Al Abidi زنقة المنصور العابدي,33.5802931,-7.6411676,icons/restaurant.png,OSM
Casablanca-Settat,Pharmacie El Masjd El Habib,Parapharmacie,Formel,Pharmacie El Masjd El Habib,33.5361868,-7.693273,icons/pharmacy.png,OSM
Casablanca-Settat,Pharmacie woroud saada,Parapharmacie,Formel,Pharmacie woroud saada,33.5341553,-7.6903995,icons/pharmacy.png,OSM
Casablanca-Settat,CIL market,Épicerie,Informel,CIL market,33.572348,-7.6572411,icons/greengrocer.png,OSM
Casablanca-Settat,Kazyon Market,Supérette / Mini-market,Formel,Kazyon Market,33.8370957,-7.0576775,icons/convenience.png,OSM
Casablanca-Settat,ستاربكس,Café,Formel,ستاربكس,33.5866985,-7.6386978,icons/cafe.png,OSM
Casablanca-Settat,Il Ferrarino,Restaurant,Formel,Il Ferrarino,33.5877316,-7.6423075,icons/restaurant.png,OSM
Casablanca-Settat,Parapharmacie sans nom,Parapharmacie,Formel,Parapharmacie sans nom,33.5685766,-7.6674865,icons/pharmacy.png,OSM
Casablanca-Settat,Café sans nom,Café,Formel,Café sans nom,33.5684979,-7.6674702,icons/cafe.png,OSM
Casablanca-Settat,Étoile d'Agadir نجمة أكادير,Café,Formel,Étoile d'Agadir نجمة أكادير,33.2646914,-7.5818345,icons/cafe.png,OSM
Casablanca-Settat,BİM,Supérette / Mini-market,Formel,BİM,33.2682572,-7.571586,icons/convenience.png,OSM
Casablanca-Settat,La Lavande مقهى الخزامة,Café,Formel,La Lavande مقهى الخزامة,33.2716993,-7.5864002,icons/cafe.png,OSM
Casablanca-Settat,Snack Ohod,Restaurant,Formel,Snack Ohod,33.2708193,-7.5859759,icons/restaurant.png,OSM
Casablanca-Settat,Restaurant sans nom,Restaurant,Formel,Restaurant sans nom,33.2706085,-7.5859151,icons/restaurant.png,OSM
Casablanca-Settat,Snack Kontiki سناك كونتيكي,Restaurant,Formel,Snack Kontiki سناك كونتيكي,33.2701837,-7.5857065,icons/restaurant.png,OSM
Casablanca-Settat,Café sans nom,Café,Formel,Café sans nom,33.2664287,-7.5840144,icons/cafe.png,OSM
Casablanca-Settat,Atbaq Ad-dyafa,Restaurant,Formel,Atbaq Ad-dyafa,33.2666872,-7.5841163,icons/restaurant.png,OSM
Casablanca-Settat,Café sans nom,Café,Formel,Café sans nom,33.2668582,-7.5841914,icons/cafe.png,OSM
Casablanca-Settat,Restaurant sans nom,Restaurant,Formel,Restaurant sans nom,33.2679095,-7.5846977,icons/restaurant.png,OSM
Casablanca-Settat,Snack Istanbul,Restaurant,Formel,Snack Istanbul,33.268709,-7.5850269,icons/restaurant.png,OSM
Casablanca-Settat,Dupond,Café,Formel,Urban Square,33.5884548,-7.6405969,icons/cafe.png,OSM
Casablanca-Settat,Carrefour,Supermarché,Formel,Dar Bouazza ⴷⴰⵕ ⴱⵓⵄⵣⵣⴰ دار بوعزة,33.5139735,-7.8183603,icons/supermarket.png,OSM
Casablanca-Settat,Pizza Hut,Restaurant,Formel,Dar Bouazza ⴷⴰⵕ ⴱⵓⵄⵣⵣⴰ دار بوعزة,33.5137405,-7.8191865,icons/restaurant.png,OSM
Casablanca-Settat,Restaurant Les Fleurs مطعم الزهور,Restaurant,Formel,Casablanca ⵜⴰⴷⴷⴰⵔⵜ ⵜⵓⵎⵍⵉⵍⵜ الدار البيضاء,33.5965112,-7.6144385,icons/restaurant.png,OSM
Casablanca-Settat,Chérifa,Café,Formel,Chérifa,33.9028745,-6.9169121,icons/cafe.png,OSM
Casablanca-Settat,MSK pharma,Parapharmacie,Formel,MSK pharma,33.9015442,-6.9181276,icons/pharmacy.png,OSM
Casablanca-Settat,La bonne dose,Café,Formel,La bonne dose,33.9032719,-6.9172785,icons/cafe.png,OSM
Casablanca-Settat,مطعم النسيم,Restaurant,Formel,مطعم النسيم,33.9023239,-6.9172852,icons/restaurant.png,OSM
Casablanca-Settat,La Calidad,Boulangerie,Formel,Rue Ali Abderrazzak زنقة علي عبد الرزاق,33.5853739,-7.6457727,icons/bakery.png,OSM
Casablanca-Settat,QUICK GRILL,Restaurant,Formel,Rue El Hafid Salafi,33.5811263,-7.6387412,icons/restaurant.png,OSM
Casablanca-Settat,Supérette / Mini-market sans nom,Supérette / Mini-market,Formel,Supérette / Mini-market sans nom,33.5799469,-7.6398544,icons/convenience.png,OSM
Casablanca-Settat,BİM,Supérette / Mini-market,Formel,Rue Al Ghadfa,33.5801724,-7.6382087,icons/convenience.png,OSM
Casablanca-Settat,cafécarrion,Café,Formel,"Avenue Mohamed Al Yazidi شارع محمد اليزيدي, Rabat",33.9534305,-6.8803685,icons/cafe.png,OSM
Casablanca-Settat,proxi,Supermarché,Formel,"X44M+2PP, Av. Annakhil, Rabat, Rabat",33.9553464,-6.8658003,icons/supermarket.png,OSM
Casablanca-Settat,La Ola,Restaurant,Formel,"Rue du Rif, Rabat ⵔⴱⴰⵟ الرباط",33.9746719,-6.8293635,icons/restaurant.png,OSM
Casablanca-Settat,Bouchain doukali,Parapharmacie,Formel,Bouchain doukali,33.5631005,-7.5936696,icons/pharmacy.png,OSM
Casablanca-Settat,Épicerie sans nom,Épicerie,Informel,Épicerie sans nom,33.2824514,-7.5859821,icons/greengrocer.png,OSM
Casablanca-Settat,Café Mexico مقهى مكسيكو,Café,Formel,Café Mexico مقهى مكسيكو,33.2598547,-7.5813295,icons/cafe.png,OSM
Casablanca-Settat,Antic Palais,Café,Formel,Rue Idriss Lahrizi,33.5930557,-7.6169666,icons/cafe.png,OSM
Casablanca-Settat,Café Carrion,Café,Formel,"rue Bani Maskin, Souissi, Rabat",33.9510269,-6.8418155,icons/cafe.png,OSM
Casablanca-Settat,Tacos de Paris,Restaurant,Formel,Tacos de Paris,33.9958844,-6.8472458,icons/restaurant.png,OSM
Casablanca-Settat,Café mogador,Café,Formel,Café mogador,33.9296652,-6.8902533,icons/cafe.png,OSM
Casablanca-Settat,Pokawa,Restaurant,Formel,Pokawa,33.9360253,-6.9417237,icons/restaurant.png,OSM
Casablanca-Settat,Court Food,Restaurant,Formel,Court Food,33.9387111,-6.938644,icons/restaurant.png,OSM
Casablanca-Settat,La Maison Du Pain,Café,Formel,La Maison Du Pain,33.9380172,-6.9393055,icons/cafe.png,OSM
Casablanca-Settat,Burger King,Restaurant,Formel,Burger King,33.9377483,-6.9396536,icons/restaurant.png,OSM
Casablanca-Settat,Achab Harhoura,Restaurant,Formel,Achab Harhoura,33.9378375,-6.939563,icons/restaurant.png,OSM
Casablanca-Settat,Andaluz Traiteur,Café,Formel,Andaluz Traiteur,33.9381852,-6.9391227,icons/cafe.png,OSM
Casablanca-Settat,Pizza Hut,Restaurant,Formel,Pizza Hut,33.9372003,-6.9402222,icons/restaurant.png,OSM
Casablanca-Settat,Epicerié,Supérette / Mini-market,Formel,Epicerié,33.9277942,-6.8913765,icons/convenience.png,OSM
Casablanca-Settat,Restaurant sans nom,Restaurant,Formel,Restaurant sans nom,33.9985627,-6.8453106,icons/restaurant.png,OSM
Casablanca-Settat,Café sans nom,Café,Formel,Café sans nom,33.532251,-6.6038269,icons/cafe.png,OSM
Casablanca-Settat,Le Nautilus,Café,Formel,"Rue Ouhoud زنقة أحد, Rabat",33.9938585,-6.8493701,icons/cafe.png,OSM
Casablanca-Settat,Café sans nom,Café,Formel,Café sans nom,33.9241648,-6.8895348,icons/cafe.png,OSM
Casablanca-Settat,Carrefour Market,Supermarché,Formel,Carrefour Market,33.531131,-7.6226294,icons/supermarket.png,OSM
Casablanca-Settat,Supérette / Mini-market sans nom,Supérette / Mini-market,Formel,Supérette / Mini-market sans nom,33.7133172,-7.350574,icons/convenience.png,OSM
Casablanca-Settat,Supérette / Mini-market sans nom,Supérette / Mini-market,Formel,Supérette / Mini-market sans nom,33.7176987,-7.3480782,icons/convenience.png,OSM
Casablanca-Settat,Carrefour,Supermarché,Formel,Carrefour,33.7145762,-7.3443178,icons/supermarket.png,OSM
Casablanca-Settat,Maitres du pain,Boulangerie,Formel,Maitres du pain,33.7141764,-7.3450326,icons/bakery.png,OSM
Casablanca-Settat,Café sans nom,Café,Formel,Café sans nom,33.703407,-7.3954582,icons/cafe.png,OSM
Casablanca-Settat,Sushi Kai,Restaurant,Formel,Sushi Kai,33.7030508,-7.3985432,icons/restaurant.png,OSM
Casablanca-Settat,Restaurant sans nom,Restaurant,Formel,Restaurant sans nom,33.7068469,-7.3992745,icons/restaurant.png,OSM
Casablanca-Settat,Caribou Coffee,Café,Formel,Boulevard d'Anfa شارع أنفا,33.590489,-7.6379172,icons/cafe.png,OSM
Casablanca-Settat,Le Mynt,Restaurant,Formel,Rue Ali Abderrazzak زنقة علي عبد الرزاق,33.5852973,-7.6458199,icons/restaurant.png,OSM
Casablanca-Settat,Sugar Hill,Café,Formel,Rue Ahmed El Mokri زنقة أحمد المقري,33.591347,-7.6388984,icons/cafe.png,OSM
Casablanca-Settat,Carrefour Express,Supérette / Mini-market,Formel,Rue Ahmed El Mokri زنقة أحمد المقري,33.5911972,-7.6388189,icons/convenience.png,OSM
Casablanca-Settat,Supérette / Mini-market sans nom,Supérette / Mini-market,Formel,Supérette / Mini-market sans nom,33.843247,-7.0962525,icons/convenience.png,OSM
Casablanca-Settat,Carrefour Market Bouznika,Supermarché,Formel,Avenue Hassan,33.7899139,-7.1579246,icons/supermarket.png,OSM
Casablanca-Settat,Pharmacie du Phare,Parapharmacie,Formel,Avenue Docteur Mohamed Sijelmassi شارع الدكتور محمد السجلماسي,33.5932456,-7.6432234,icons/pharmacy.png,OSM
Casablanca-Settat,Le Marly,Restaurant,Formel,Avenue Moulay Rachid شارع مولاي رشيد,33.5884516,-7.6449671,icons/restaurant.png,OSM
Casablanca-Settat,U Express MegaMall,Supermarché,Formel,Rabat ⵔⴱⴰⵟ الرباط,33.9675926,-6.8308492,icons/supermarket.png,OSM
Casablanca-Settat,Marjane Market,Supermarché,Formel,Marjane Market,33.9648773,-6.8517837,icons/supermarket.png,OSM
Casablanca-Settat,Carrefour Market,Supermarché,Formel,Rabat ⵔⴱⴰⵟ الرباط,33.9739333,-6.8289221,icons/supermarket.png,OSM
Casablanca-Settat,Vittoria,Café,Formel,"Rue 16 Novembre شارع 16 نوفمبر, Rabat",33.9923084,-6.8476138,icons/cafe.png,OSM
Casablanca-Settat,Sofia Palace,Restaurant,Formel,Avenue Mehdi Ben Barka شارع المهدي بن بركة,33.9686194,-6.8470185,icons/restaurant.png,OSM
Casablanca-Settat,Café,Café,Formel,Café,33.9633975,-6.8662782,icons/cafe.png,OSM
Casablanca-Settat,Supermarché Kazyon,Supermarché,Formel,Avenue Ibn Sina شارع ابن سينا,33.990605,-6.8512552,icons/supermarket.png,OSM
Casablanca-Settat,La Bodega,Restaurant,Formel,"Avenue de Michlifen شارع مشليفن, Rabat ⵔⴱⴰⵟ الرباط",33.9930228,-6.8477333,icons/restaurant.png,OSM
Casablanca-Settat,Café Be You,Café,Formel,"Avenue Fal Ould Oumeir شارع فال ولد عمير, Rabat ⵔⴱⴰⵟ الرباط",33.9940759,-6.8470675,icons/cafe.png,OSM
Casablanca-Settat,Café,Café,Formel,Café,33.9612113,-6.8649562,icons/cafe.png,OSM
Casablanca-Settat,Supérette / Mini-market sans nom,Supérette / Mini-market,Formel,Supérette / Mini-market sans nom,33.9620025,-6.8636728,icons/convenience.png,OSM
Casablanca-Settat,Supermarché sans nom,Supermarché,Formel,Supermarché sans nom,33.9621378,-6.8641211,icons/supermarket.png,OSM
Casablanca-Settat,Épicerie,Supérette / Mini-market,Formel,Épicerie,33.9407626,-6.8200158,icons/convenience.png,OSM
Casablanca-Settat,Kamanja 55,Restaurant,Formel,Boulevard de la Corniche شارع الكورنيش,33.6050003,-7.6579226,icons/restaurant.png,OSM
Casablanca-Settat,Biker's Coffee,Café,Formel,Casablanca ⵜⴰⴷⴷⴰⵔⵜ ⵜⵓⵎⵍⵉⵍⵜ الدار البيضاء,33.5587774,-7.5589618,icons/cafe.png,OSM
Casablanca-Settat,Café Le Calisson,Café,Formel,Café Le Calisson,33.9879697,-6.8513309,icons/cafe.png,OSM
Casablanca-Settat,Pharmacie des Universités,Parapharmacie,Formel,Pharmacie des Universités,33.9881575,-6.8513294,icons/pharmacy.png,OSM
Casablanca-Settat,Fruits secs Ali,Supérette / Mini-market,Formel,Fruits secs Ali,33.5877474,-7.6186834,icons/convenience.png,OSM
Casablanca-Settat,Café Venezia,Café,Formel,Café Venezia,33.5877522,-7.618627,icons/cafe.png,OSM
Casablanca-Settat,Kiosque sans nom,Kiosque,Informel,Kiosque sans nom,33.5900073,-7.6200497,icons/kiosk.png,OSM
Casablanca-Settat,Sushi B ox,Restaurant,Formel,Sushi B ox,33.959946,-6.8679549,icons/restaurant.png,OSM
Casablanca-Settat,Fratello,Café,Formel,Fratello,33.9605071,-6.8673408,icons/cafe.png,OSM
Casablanca-Settat,Soleil d'Argan,Épicerie,Informel,Soleil d'Argan,33.9606434,-6.8672262,icons/greengrocer.png,OSM
Casablanca-Settat,Nigela,Café,Formel,Nigela,33.9609801,-6.8673953,icons/cafe.png,OSM
Casablanca-Settat,Gotham,Restaurant,Formel,Gotham,33.9610465,-6.8665625,icons/restaurant.png,OSM
Casablanca-Settat,Soy,Restaurant,Formel,Soy,33.9614102,-6.8669313,icons/restaurant.png,OSM
Casablanca-Settat,Chez Kimo,Restaurant,Formel,Chez Kimo,33.9614913,-6.8668572,icons/restaurant.png,OSM
Casablanca-Settat,Tapéo,Restaurant,Formel,Tapéo,33.9612135,-6.8665923,icons/restaurant.png,OSM
Casablanca-Settat,PInchos,Restaurant,Formel,PInchos,33.9613177,-6.8665377,icons/restaurant.png,OSM
Casablanca-Settat,Zila Russi,Épicerie,Informel,Zila Russi,33.9614093,-6.8664482,icons/greengrocer.png,OSM
Casablanca-Settat,Maymana,Boulangerie,Formel,Maymana,33.9612685,-6.8673816,icons/bakery.png,OSM
Casablanca-Settat,Green Chili,Restaurant,Formel,Green Chili,33.9623046,-6.8663143,icons/restaurant.png,OSM
Casablanca-Settat,Lyn,Restaurant,Formel,Lyn,33.9618767,-6.8656594,icons/restaurant.png,OSM
Casablanca-Settat,Le Noble,Boulangerie,Formel,Le Noble,33.9615195,-6.8651792,icons/bakery.png,OSM
Casablanca-Settat,Café RH,Café,Formel,Café RH,33.9613496,-6.8656324,icons/cafe.png,OSM
Casablanca-Settat,Café Carrion,Café,Formel,Café Carrion,33.9612965,-6.864896,icons/cafe.png,OSM
Casablanca-Settat,Pizza Verra,Restaurant,Formel,Pizza Verra,33.9631602,-6.8661126,icons/restaurant.png,OSM
Casablanca-Settat,Café Lala,Café,Formel,Café Lala,33.9619583,-6.864707,icons/cafe.png,OSM
Casablanca-Settat,Miam Petite Brasserie,Café,Formel,Miam Petite Brasserie,33.9618031,-6.8648657,icons/cafe.png,OSM
Casablanca-Settat,Or du temps,Épicerie,Informel,Or du temps,33.9616516,-6.866716,icons/greengrocer.png,OSM
Casablanca-Settat,À L'Ancienne,Boulangerie,Formel,À L'Ancienne,33.9614067,-6.8652676,icons/bakery.png,OSM
Casablanca-Settat,Lobi,Épicerie,Informel,Lobi,33.9616361,-6.865889,icons/greengrocer.png,OSM
Casablanca-Settat,Anaè,Épicerie,Informel,Anaè,33.9609296,-6.8674553,icons/greengrocer.png,OSM
Casablanca-Settat,Paraland,Parapharmacie,Formel,Paraland,33.960859,-6.8675488,icons/pharmacy.png,OSM
Casablanca-Settat,Pharmacie Danton,Parapharmacie,Formel,Boulevard Bir Anzarane شارع بئر أنزران,33.5803173,-7.6375599,icons/pharmacy.png,OSM
Casablanca-Settat,Café COPA GABANA,Café,Formel,Boulevard Bir Anzarane شارع بئر أنزران,33.580165,-7.63735,icons/cafe.png,OSM
Casablanca-Settat,Meat Point,Restaurant,Formel,Rue Normandie زنقة نورماندي,33.5880626,-7.6397864,icons/restaurant.png,OSM
Casablanca-Settat,King Tacos,Restaurant,Formel,Boulevard Ziraoui شارع الزيراوي,33.596206,-7.6313725,icons/restaurant.png,OSM
Casablanca-Settat,Buvette de l'ENA,Restaurant,Formel,Buvette de l'ENA,33.9878532,-6.8619473,icons/restaurant.png,OSM
Casablanca-Settat,Pharmacie Dune d'Anfa,Parapharmacie,Formel,Boulevard Driss Slaoui شارع إدريس السلاوي,33.5917909,-7.6544565,icons/pharmacy.png,OSM
Casablanca-Settat,Carrefour Market,Supermarché,Formel,Rue Al Banafsaj زنقة البنفسج,33.5667786,-7.6514343,icons/supermarket.png,OSM
Casablanca-Settat,NORSINE,Café,Formel,NORSINE,33.5771307,-7.5165583,icons/cafe.png,OSM
Casablanca-Settat,Obama,Café,Formel,Obama,33.5954718,-7.5390891,icons/cafe.png,OSM
Casablanca-Settat,ستاربكس,Café,Formel,Boulevard Franklin Roosevelt شارع فرانكلين روزفلت,33.5899114,-7.6498659,icons/cafe.png,OSM
Casablanca-Settat,Kôya,Restaurant,Formel,Kôya,33.5934607,-7.6548347,icons/restaurant.png,OSM
Casablanca-Settat,Café Society 1920,Café,Formel,Boulevard Driss Slaoui شارع إدريس السلاوي,33.5959122,-7.6550058,icons/cafe.png,OSM
Casablanca-Settat,Leopard,Restaurant,Formel,Boulevard Driss Slaoui شارع إدريس السلاوي,33.5998233,-7.6549199,icons/restaurant.png,OSM
Casablanca-Settat,L'Avenue,Restaurant,Formel,Boulevard Driss Slaoui شارع إدريس السلاوي,33.6006691,-7.6550357,icons/restaurant.png,OSM
Casablanca-Settat,Cézanne,Restaurant,Formel,Boulevard Driss Slaoui شارع إدريس السلاوي,33.6010073,-7.6550527,icons/restaurant.png,OSM
Casablanca-Settat,Etçi Mehmet,Restaurant,Formel,Boulevard Driss Slaoui شارع إدريس السلاوي,33.6032711,-7.6570838,icons/restaurant.png,OSM
Casablanca-Settat,L'Abri,Restaurant,Formel,Boulevard Bir Anzarane شارع بئر أنزران,33.5868365,-7.6474582,icons/restaurant.png,OSM
Casablanca-Settat,Chili's,Restaurant,Formel,Boulevard Abdelkrim El Khattabi شارع عبد الكريم الخطابي,33.5874321,-7.6484003,icons/restaurant.png,OSM
Casablanca-Settat,Yo Ti Tam,Restaurant,Formel,Boulevard Sidi Abderrahmane شارع سيدي عبد الرحمان,33.5680095,-7.6589079,icons/restaurant.png,OSM
Casablanca-Settat,Little Mamma,Restaurant,Formel,Boulevard Sidi Abderrahmane شارع سيدي عبد الرحمان,33.5686915,-7.660003,icons/restaurant.png,OSM
Casablanca-Settat,Trois W,Café,Formel,Boulevard Ibnou Sina شارع ابن سينا,33.5725173,-7.6668842,icons/cafe.png,OSM
Casablanca-Settat,Al Tazaj الطازج,Restaurant,Formel,Boulevard de la Corniche شارع الكورنيش,33.5959316,-7.6744327,icons/restaurant.png,OSM
Casablanca-Settat,ماكدونالدز,Restaurant,Formel,Boulevard de la Corniche شارع الكورنيش,33.6012598,-7.66158,icons/restaurant.png,OSM
Casablanca-Settat,Espace Bader,Restaurant,Formel,Rue Annaba زنقة عنابة,33.5953806,-7.6399885,icons/restaurant.png,OSM
Casablanca-Settat,Shanghai Garden,Restaurant,Formel,Rue Mamoun Mohamed زنقة مامون محمد,33.5794073,-7.6505023,icons/restaurant.png,OSM
Casablanca-Settat,Dupond,Café,Formel,Dupond,33.5793092,-7.6555099,icons/cafe.png,OSM
Casablanca-Settat,Marché des Fleurs ⴳⴰⴷⴰⵣ ⵏ ⵉⵊⴷⴷⵉⴳⵏ سوق الزهور,Épicerie,Informel,Rue Normandie زنقة نورماندي,33.5830208,-7.6404556,icons/greengrocer.png,OSM
Casablanca-Settat,Zini,Café,Formel,Zini,33.5101691,-7.6565816,icons/cafe.png,OSM
Casablanca-Settat,Marché El Hank,Épicerie,Informel,Marché El Hank,33.60462,-7.6515048,icons/greengrocer.png,OSM
Casablanca-Settat,Chez Zozo,Restaurant,Formel,Avenue des Forces Armées Royales شارع الجيش الملكي,33.5966265,-7.6108546,icons/restaurant.png,OSM
Casablanca-Settat,Gourmet Market,Restaurant,Formel,Gourmet Market,33.3759852,-7.5825097,icons/restaurant.png,OSM
Casablanca-Settat,Restaurant Bidoune Monafesse,Restaurant,Formel,Restaurant Bidoune Monafesse,33.5987593,-7.619166,icons/restaurant.png,OSM
Casablanca-Settat,Dar Dada,Restaurant,Formel,Dar Dada,33.6041396,-7.6216351,icons/restaurant.png,OSM
Casablanca-Settat,Planète des Fruits,Restaurant,Formel,Planète des Fruits,33.5848682,-7.6359971,icons/restaurant.png,OSM
Casablanca-Settat,Le PAvillon des Gourmets,Restaurant,Formel,Le PAvillon des Gourmets,33.9505561,-6.8416822,icons/restaurant.png,OSM
Casablanca-Settat,Café Ziad,Café,Formel,Café Ziad,33.5189768,-7.8408391,icons/cafe.png,OSM
Casablanca-Settat,Chez L'Maestro,Restaurant,Formel,Chez L'Maestro,33.5198779,-7.8388822,icons/restaurant.png,OSM
Casablanca-Settat,Espace Bistro,Restaurant,Formel,"Boulevard El Khalil شارع الخليل, Casablanca ⵜⴰⴷⴷⴰⵔⵜ ⵜⵓⵎⵍⵉⵍⵜ الدار البيضاء",33.5465329,-7.5948079,icons/restaurant.png,OSM
Casablanca-Settat,ماكدونالدز,Restaurant,Formel,Boulevard de la Corniche شارع الكورنيش,33.5956689,-7.6779779,icons/restaurant.png,OSM
Casablanca-Settat,El Ghanouj,Restaurant,Formel,Rue Normandie زنقة نورماندي,33.5836773,-7.6399474,icons/restaurant.png,OSM
Casablanca-Settat,Le Vélodrome,Restaurant,Formel,Boulevard Abdellatif Ben Kadour شارع عبد اللطيف بن قدور,33.5899924,-7.64666,icons/restaurant.png,OSM
Casablanca-Settat,ماكدونالدز,Restaurant,Formel,ماكدونالدز,33.5349429,-7.7651628,icons/restaurant.png,OSM
Casablanca-Settat,Smart Market,Supérette / Mini-market,Formel,Smart Market,33.5122874,-7.8230349,icons/convenience.png,OSM
Casablanca-Settat,Pomme de Pain,Restaurant,Formel,Pomme de Pain,33.5772223,-7.6253019,icons/restaurant.png,OSM
Casablanca-Settat,O Chef,Restaurant,Formel,Boulevard Abdelmoumen شارع عبد المومن,33.5782133,-7.6252155,icons/restaurant.png,OSM
Casablanca-Settat,Parapharmacie sans nom,Parapharmacie,Formel,Parapharmacie sans nom,33.5784386,-7.6248457,icons/pharmacy.png,OSM
Casablanca-Settat,Mademoiselle Sissi,Restaurant,Formel,Mademoiselle Sissi,33.5785594,-7.6246821,icons/restaurant.png,OSM
Casablanca-Settat,Marjane,Supermarché,Formel,Marjane,33.5785138,-7.6243943,icons/supermarket.png,OSM
Casablanca-Settat,Blûssom,Restaurant,Formel,Blûssom,33.5184385,-7.8503564,icons/restaurant.png,OSM
Casablanca-Settat,Snack Amine,Restaurant,Formel,Snack Amine,33.5009746,-7.8572718,icons/restaurant.png,OSM
Casablanca-Settat,Restaurant des professeurs,Restaurant,Formel,Restaurant des professeurs,33.5881493,-7.630843,icons/restaurant.png,OSM
Casablanca-Settat,Restaurant sans nom,Restaurant,Formel,Restaurant sans nom,33.5879264,-7.6189312,icons/restaurant.png,OSM
Casablanca-Settat,Chez El Kaoun,Restaurant,Formel,Chez El Kaoun,33.606045,-7.5394376,icons/restaurant.png,OSM
Casablanca-Settat,Pharmacie Ain Sebaa صيدلية عين السبع,Parapharmacie,Formel,Pharmacie Ain Sebaa صيدلية عين السبع,33.6061517,-7.539421,icons/pharmacy.png,OSM
Casablanca-Settat,Balcon 33,Restaurant,Formel,Balcon 33,33.5955958,-7.6755912,icons/restaurant.png,OSM
Casablanca-Settat,La terrasse -1951- Maison Alexis,Restaurant,Formel,La terrasse -1951- Maison Alexis,33.5659386,-7.6597137,icons/restaurant.png,OSM
Casablanca-Settat,Roots Coffee & More,Restaurant,Formel,Roots Coffee & More,33.5881752,-7.6457967,icons/restaurant.png,OSM
Casablanca-Settat,Buvette Étudiants,Restaurant,Formel,Buvette Étudiants,33.5485187,-7.6511315,icons/restaurant.png,OSM
Casablanca-Settat,Restaurant EHTP,Restaurant,Formel,Restaurant EHTP,33.5476851,-7.6504471,icons/restaurant.png,OSM
Casablanca-Settat,Buvette,Restaurant,Formel,Buvette,33.5466783,-7.651652,icons/restaurant.png,OSM
Casablanca-Settat,Nearshore Casablanca,Restaurant,Formel,Nearshore Casablanca,33.5286333,-7.6406825,icons/restaurant.png,OSM
Casablanca-Settat,Verona Ice,Café,Formel,Rue 64,33.5669091,-7.6961883,icons/cafe.png,OSM
Casablanca-Settat,Ayour,Restaurant,Formel,Boulevard Lamartine,33.5701494,-7.6094921,icons/restaurant.png,OSM
Casablanca-Settat,Ziryab,Café,Formel,Ziryab,33.5580008,-7.6087417,icons/cafe.png,OSM
Casablanca-Settat,Mafy,Restaurant,Formel,Allée des Mimosas,33.6177439,-7.5326442,icons/restaurant.png,OSM
Casablanca-Settat,مطعم النرجس,Restaurant,Formel,مطعم النرجس,33.9691647,-6.8799189,icons/restaurant.png,OSM
Casablanca-Settat,L'Endroit,Restaurant,Formel,Rue Jabal Oukaïmeden زنقة جبل أوكايمدن,33.9960654,-6.8467333,icons/restaurant.png,OSM
Casablanca-Settat,Le Four A Bois,Restaurant,Formel,Le Four A Bois,33.9971949,-6.8592134,icons/restaurant.png,OSM
Casablanca-Settat,Restaurant sans nom,Restaurant,Formel,Restaurant sans nom,33.9901701,-6.837266,icons/restaurant.png,OSM
Casablanca-Settat,Out Of Africa,Restaurant,Formel,Out Of Africa,33.9522112,-6.8974688,icons/restaurant.png,OSM
Casablanca-Settat,Panda,Restaurant,Formel,Avenue Annakhil شارع النخيل,33.9562005,-6.8679194,icons/restaurant.png,OSM
Casablanca-Settat,Le Safran,Restaurant,Formel,Le Safran,33.9438438,-6.8159295,icons/restaurant.png,OSM
Casablanca-Settat,ماكدونالدز,Restaurant,Formel,Boulevard Modibo Keita شارع موديبو كيتا,33.562303,-7.6147823,icons/restaurant.png,OSM
Casablanca-Settat,Pharmacie Cinem Anfa,Parapharmacie,Formel,Boulevard Sidi Abderrahmane شارع سيدي عبد الرحمان,33.5743409,-7.6710815,icons/pharmacy.png,OSM
Casablanca-Settat,Supérette / Mini-market sans nom,Supérette / Mini-market,Formel,Rue Caid Al Achtar زنقة القيد الأشطر,33.5822476,-7.64182,icons/convenience.png,OSM
Casablanca-Settat,محلبة أشبال أمغوز,Restaurant,Formel,Rue Caid Al Achtar زنقة القيد الأشطر,33.5822571,-7.6417023,icons/restaurant.png,OSM
Casablanca-Settat,Marché Badr سوق بدر,Épicerie,Informel,Rue Imam El Alloussi زنقة إمام العلوسي,33.5937849,-7.6399286,icons/greengrocer.png,OSM
Casablanca-Settat,Marché Central du Maârif سوق المعاريف المركزي,Épicerie,Informel,Rue du Marché,33.5851575,-7.634629,icons/greengrocer.png,OSM
Casablanca-Settat,Parapharmacie sans nom,Parapharmacie,Formel,Boulevard Tétouan,33.5340268,-7.6359191,icons/pharmacy.png,OSM
Casablanca-Settat,Supérette / Mini-market sans nom,Supérette / Mini-market,Formel,Rue Al Mansour Al Abidi زنقة المنصور العابدي,33.5796533,-7.6418564,icons/convenience.png,OSM
Casablanca-Settat,Agogo,Restaurant,Formel,"Rue du Souss, Casablanca ⵜⴰⴷⴷⴰⵔⵜ ⵜⵓⵎⵍⵉⵍⵜ الدار البيضاء",33.6067272,-7.6285047,icons/restaurant.png,OSM
Casablanca-Settat,Little Mamma,Restaurant,Formel,Little Mamma,33.5917504,-7.6272453,icons/restaurant.png,OSM
Casablanca-Settat,Mood's,Restaurant,Formel,Casablanca ⵜⴰⴷⴷⴰⵔⵜ ⵜⵓⵎⵍⵉⵍⵜ الدار البيضاء,33.6066332,-7.6192613,icons/restaurant.png,OSM
Casablanca-Settat,Cafe Rodeo,Café,Formel,Route de l'Oasis,33.554936,-7.6319589,icons/cafe.png,OSM
Casablanca-Settat,Pharmacie & Para Care Oasis,Parapharmacie,Formel,Route de l'Oasis,33.5550878,-7.6318495,icons/pharmacy.png,OSM
Casablanca-Settat,Pachamama,Restaurant,Formel,Pachamama,33.2593116,-8.4254849,icons/restaurant.png,OSM
Casablanca-Settat,Burger King,Restaurant,Formel,"Boulevard de la Corniche, Casablanca",33.5953715,-7.6775382,icons/restaurant.png,OSM
Casablanca-Settat,Pharmacie Aymane,Parapharmacie,Formel,Rue Henri Murger,33.5745137,-7.6368484,icons/pharmacy.png,OSM
Casablanca-Settat,Abouab Oum Rabiaa,Supermarché,Formel,Boulevard d'Oued Oum Rabia,33.5622339,-7.6689328,icons/supermarket.png,OSM
Casablanca-Settat,Pharmacie Al Ourjouane صيدلية الأرجوان,Parapharmacie,Formel,Rue Al Ourjouane زنقة الأرجوان,33.5670034,-7.6530453,icons/pharmacy.png,OSM
Casablanca-Settat,L'entrecôte 212,Restaurant,Formel,L'entrecôte 212,33.5885276,-7.6323582,icons/restaurant.png,OSM
Casablanca-Settat,Illy caffé,Café,Formel,Illy caffé,33.5900214,-7.6379325,icons/cafe.png,OSM
Casablanca-Settat,Amistad,Restaurant,Formel,Amistad,33.5888214,-7.6335593,icons/restaurant.png,OSM
Casablanca-Settat,Pharmacie de l'Oasis,Parapharmacie,Formel,Boulevard Abderrahim Bouabid,33.5564078,-7.6340383,icons/pharmacy.png,OSM
Casablanca-Settat,Nara,Restaurant,Formel,Nara,33.5908823,-7.6310544,icons/restaurant.png,OSM
Casablanca-Settat,Gare aux gorilles,Restaurant,Formel,Gare aux gorilles,33.5896971,-7.6324564,icons/restaurant.png,OSM
Casablanca-Settat,Sushi Club,Restaurant,Formel,Sushi Club,33.5900664,-7.6318063,icons/restaurant.png,OSM
Casablanca-Settat,Kazyon,Supermarché,Formel,Kazyon,33.589598,-7.63254,icons/supermarket.png,OSM
Casablanca-Settat,Le Courtois,Restaurant,Formel,Le Courtois,33.5894857,-7.6326889,icons/restaurant.png,OSM
Casablanca-Settat,Le petit bouillon,Restaurant,Formel,Le petit bouillon,33.589856,-7.6322896,icons/restaurant.png,OSM
Casablanca-Settat,Le Louvre,Café,Formel,Le Louvre,33.5865531,-7.6348072,icons/cafe.png,OSM
Casablanca-Settat,Amanda Store,Supérette / Mini-market,Formel,Amanda Store,33.5865294,-7.6365008,icons/convenience.png,OSM
Casablanca-Settat,koolsmoothie,Restaurant,Formel,koolsmoothie,33.505436,-7.6784249,icons/restaurant.png,OSM
Casablanca-Settat,Le Pain Quotidien,Café,Formel,Le Pain Quotidien,33.559533,-7.6536727,icons/cafe.png,OSM
Casablanca-Settat,Burger King,Restaurant,Formel,Burger King,33.5066376,-7.6303565,icons/restaurant.png,OSM
Casablanca-Settat,Carrefour,Supermarché,Formel,Carrefour,33.5354196,-7.6419162,icons/supermarket.png,OSM
Casablanca-Settat,Pharmacie Arrayane صيدلية الريان,Parapharmacie,Formel,Tamesna,33.8268628,-6.9386288,icons/pharmacy.png,OSM
Casablanca-Settat,Marché Riviera,Épicerie,Informel,Marché Riviera,33.5657958,-7.6386687,icons/greengrocer.png,OSM
Casablanca-Settat,Cafés Carrion,Café,Formel,"Rue Almanar, Témara تمارة",33.9225984,-6.9321474,icons/cafe.png,OSM
Casablanca-Settat,LIONZ KEBAB Casablanca,Restaurant,Formel,"Rue Jounaid, Casablanca ⵜⴰⴷⴷⴰⵔⵜ ⵜⵓⵎⵍⵉⵍⵜ الدار البيضاء",33.5737595,-7.6459853,icons/restaurant.png,OSM
Casablanca-Settat,Bee Coffee,Café,Formel,"Boulevard Al Imam Ben Hanbel, Casablanca ⵜⴰⴷⴷⴰⵔⵜ ⵜⵓⵎⵍⵉⵍⵜ الدار البيضاء",33.6196512,-7.48546,icons/cafe.png,OSM
Casablanca-Settat,Misti Roof Top,Restaurant,Formel,Misti Roof Top,33.5933065,-7.6230832,icons/restaurant.png,OSM
Casablanca-Settat,Café Porte Maillot,Café,Formel,Café Porte Maillot,33.5730823,-7.6861694,icons/cafe.png,OSM
Casablanca-Settat,MegaGains,Café,Formel,MegaGains,33.5749322,-7.6820754,icons/cafe.png,OSM
Casablanca-Settat,Carrefour Market,Supermarché,Formel,Boulevard Abdelhadi Boutaleb شارع عبد الهادي بوطالب,33.5772121,-7.6741959,icons/supermarket.png,OSM
Casablanca-Settat,Parapharmacie sans nom,Parapharmacie,Formel,Boulevard Abdelhadi Boutaleb شارع عبد الهادي بوطالب,33.5766722,-7.675367,icons/pharmacy.png,OSM
Casablanca-Settat,Casa Lagua,Café,Formel,Casa Lagua,33.5366821,-7.6843633,icons/cafe.png,OSM
Casablanca-Settat,Dalla Zia,Restaurant,Formel,Dalla Zia,33.9963315,-6.8785146,icons/restaurant.png,OSM
Casablanca-Settat,Mocaccino,Café,Formel,Mocaccino,33.99571,-6.8791211,icons/cafe.png,OSM
Casablanca-Settat,Bocadillos Del Costa,Restaurant,Formel,Bocadillos Del Costa,33.9959373,-6.8783867,icons/restaurant.png,OSM
Casablanca-Settat,Café Jour à la Mer,Café,Formel,Café Jour à la Mer,33.995468,-6.8789133,icons/cafe.png,OSM
Casablanca-Settat,Ice Burg,Café,Formel,Ice Burg,33.9957446,-6.8790902,icons/cafe.png,OSM
Casablanca-Settat,Café Picardi,Café,Formel,Café Picardi,33.9963779,-6.8784666,icons/cafe.png,OSM
Casablanca-Settat,Droguerie dakhla,Parapharmacie,Formel,Droguerie dakhla,33.996055,-6.8761403,icons/pharmacy.png,OSM
Casablanca-Settat,Restaurant sans nom,Restaurant,Formel,Restaurant sans nom,33.9951825,-6.877062,icons/restaurant.png,OSM
Casablanca-Settat,Droguerie el mansour,Parapharmacie,Formel,Droguerie el mansour,33.9952111,-6.8781656,icons/pharmacy.png,OSM
Casablanca-Settat,Restaurant sans nom,Restaurant,Formel,Restaurant sans nom,33.9965551,-6.8782985,icons/restaurant.png,OSM
Casablanca-Settat,Mini Market Razane,Supermarché,Formel,"X4VC+VQ4, Rabat, Rabat ⵔⴱⴰⵟ الرباط",33.9946105,-6.8780533,icons/supermarket.png,OSM
Casablanca-Settat,La vue de Rabat,Café,Formel,"La corniche de Rabat Résidence Assabah, Rabat 10000, Rabat ⵔⴱⴰⵟ الرباط",33.994364,-6.8804758,icons/cafe.png,OSM
Casablanca-Settat,La porte de la mer,Café,Formel,Rabat ⵔⴱⴰⵟ الرباط,33.9949115,-6.8798872,icons/cafe.png,OSM
Casablanca-Settat,Café point de vue,Café,Formel,"Avenue Mustapha Assayeh شارع مصطفى السايح, Rabat ⵔⴱⴰⵟ الرباط",33.9952559,-6.8795344,icons/cafe.png,OSM
Casablanca-Settat,Restaurant sans nom,Restaurant,Formel,"Avenue Mustapha Assayeh شارع مصطفى السايح, Rabat ⵔⴱⴰⵟ الرباط",33.9951777,-6.8796035,icons/restaurant.png,OSM
Casablanca-Settat,مقهى زاوية زهير,Café,Formel,مقهى زاوية زهير,32.9131409,-7.2668122,icons/cafe.png,OSM
Casablanca-Settat,Farchouhat فرشوحة,Restaurant,Formel,Farchouhat فرشوحة,33.5954875,-7.6395038,icons/restaurant.png,OSM
Casablanca-Settat,Smoky Burgers,Restaurant,Formel,Smoky Burgers,33.6002528,-7.6495949,icons/restaurant.png,OSM
Casablanca-Settat,Hadramaut حضرموت,Restaurant,Formel,Avenue Tan Tan شارع طانطان,33.5993158,-7.6467935,icons/restaurant.png,OSM
Casablanca-Settat,Parfumerie Élysée,Parapharmacie,Formel,Parfumerie Élysée,33.584345,-7.633355,icons/pharmacy.png,OSM
Casablanca-Settat,Pharmacie fatma,Parapharmacie,Formel,Pharmacie fatma,33.5539146,-7.6745104,icons/pharmacy.png,OSM
Casablanca-Settat,Carrefour,Supermarché,Formel,Carrefour,33.2582184,-7.5807288,icons/supermarket.png,OSM
Casablanca-Settat,Maison Serraj,Boulangerie,Formel,Maison Serraj,33.5701015,-7.6101969,icons/bakery.png,OSM
Casablanca-Settat,شطيبة,Supermarché,Formel,شطيبة,33.5673343,-7.5710121,icons/supermarket.png,OSM
Casablanca-Settat,الميساء,Café,Formel,الميساء,33.5671131,-7.5656521,icons/cafe.png,OSM
Casablanca-Settat,Restaurant sans nom,Restaurant,Formel,"Avenue Mustapha Assayeh شارع مصطفى السايح, Rabat ⵔⴱⴰⵟ الرباط",33.9938519,-6.8808365,icons/restaurant.png,OSM
Casablanca-Settat,Les Quatre Cerises,Boulangerie,Formel,Boulevard Ain Taoujtate شارع عين تاوجطات,33.5950481,-7.6403319,icons/bakery.png,OSM
Casablanca-Settat,Marjane City,Supérette / Mini-market,Formel,Marjane City,33.5864409,-7.6401334,icons/convenience.png,OSM
Casablanca-Settat,Marché traditionnel du quartier,Supérette / Mini-market,Formel,Marché traditionnel du quartier,33.9895517,-6.7314181,icons/convenience.png,OSM
Casablanca-Settat,Supérette / Mini-market sans nom,Supérette / Mini-market,Formel,Supérette / Mini-market sans nom,33.7960711,-7.2276035,icons/convenience.png,OSM
Casablanca-Settat,Divers commerces,Supérette / Mini-market,Formel,Divers commerces,33.9579351,-6.8794553,icons/convenience.png,OSM
Casablanca-Settat,Marjane,Supermarché,Formel,Marjane,33.5616025,-7.5935293,icons/supermarket.png,OSM
Casablanca-Settat,Marché de Gros de Fruits et Legumes,Épicerie,Informel,Marché de Gros de Fruits et Legumes,33.5530365,-7.5587069,icons/greengrocer.png,OSM
Casablanca-Settat,Joutia de Derb Ghallef جوطية درب غلف,Épicerie,Informel,Joutia de Derb Ghallef جوطية درب غلف,33.5708368,-7.6297945,icons/greengrocer.png,OSM
Casablanca-Settat,Marché Lahjajma سوق لهجاجمة,Épicerie,Informel,Boulevard de Bourgogne شارع بوركون,33.5954769,-7.6503376,icons/greengrocer.png,OSM
Casablanca-Settat,Épicerie sans nom,Épicerie,Informel,Épicerie sans nom,33.5083642,-7.8454911,icons/greengrocer.png,OSM
Casablanca-Settat,Supermarché sans nom,Supermarché,Formel,Supermarché sans nom,33.5580014,-7.6189178,icons/supermarket.png,OSM
Casablanca-Settat,pharmacie lysere,Parapharmacie,Formel,pharmacie lysere,33.5579434,-7.6215994,icons/pharmacy.png,OSM
Casablanca-Settat,Supermarché sans nom,Supermarché,Formel,Supermarché sans nom,33.5562672,-7.6171274,icons/supermarket.png,OSM
Casablanca-Settat,Pharmaice Al Amne,Parapharmacie,Formel,Rue du Golo,33.5561984,-7.6173977,icons/pharmacy.png,OSM
Casablanca-Settat,Parapharmacie sans nom,Parapharmacie,Formel,Parapharmacie sans nom,33.5819813,-7.6753431,icons/pharmacy.png,OSM
Casablanca-Settat,Marjane,Supermarché,Formel,Marjane,33.5602836,-7.5614755,icons/supermarket.png,OSM
Casablanca-Settat,Café sans nom,Café,Formel,Café sans nom,33.5652069,-7.5564015,icons/cafe.png,OSM
Casablanca-Settat,Dam-Dam,Restaurant,Formel,Dam-Dam,33.5652027,-7.5563348,icons/restaurant.png,OSM
Casablanca-Settat,primeur,Café,Formel,Rabat,33.9539196,-6.8831942,icons/cafe.png,OSM
Casablanca-Settat,al joulane,Parapharmacie,Formel,al joulane,33.5461206,-7.5641194,icons/pharmacy.png,OSM
Casablanca-Settat,Centre commercial,Supermarché,Formel,Centre commercial,33.9693269,-6.864395,icons/supermarket.png,OSM
Casablanca-Settat,Épicerie sans nom,Épicerie,Informel,Épicerie sans nom,32.7460228,-8.1857803,icons/greengrocer.png,OSM
Casablanca-Settat,Marjane,Supermarché,Formel,Marjane,32.8872652,-6.9078332,icons/supermarket.png,OSM
Casablanca-Settat,Centre commercial,Supermarché,Formel,Centre commercial,33.9918085,-6.8290895,icons/supermarket.png,OSM
Casablanca-Settat,La Minaudière,Café,Formel,La Minaudière,33.9890746,-6.8286152,icons/cafe.png,OSM
Casablanca-Settat,Épicerie sans nom,Épicerie,Informel,Épicerie sans nom,33.8582667,-6.9315147,icons/greengrocer.png,OSM
Casablanca-Settat,Marché youssoufia,Épicerie,Informel,Marché youssoufia,33.9974342,-6.8152412,icons/greengrocer.png,OSM
Casablanca-Settat,Marché Al Oulfa,Épicerie,Informel,Marché Al Oulfa,33.5545263,-7.680338,icons/greengrocer.png,OSM
Casablanca-Settat,Café le Lagon,Café,Formel,"Boulevard Oued Oum Rbia, Casablanca",33.5554023,-7.6845755,icons/cafe.png,OSM
Casablanca-Settat,Épicerie sans nom,Épicerie,Informel,Épicerie sans nom,33.2841696,-8.3486839,icons/greengrocer.png,OSM
Casablanca-Settat,Épicerie sans nom,Épicerie,Informel,Épicerie sans nom,33.2875752,-8.3456067,icons/greengrocer.png,OSM
Casablanca-Settat,Épicerie sans nom,Épicerie,Informel,Épicerie sans nom,33.2869564,-8.3439863,icons/greengrocer.png,OSM
Casablanca-Settat,Épicerie sans nom,Épicerie,Informel,Épicerie sans nom,33.2887613,-8.343289,icons/greengrocer.png,OSM
Casablanca-Settat,Épicerie sans nom,Épicerie,Informel,Épicerie sans nom,33.3711014,-7.9913048,icons/greengrocer.png,OSM
Casablanca-Settat,Épicerie sans nom,Épicerie,Informel,Épicerie sans nom,33.3715496,-7.9907958,icons/greengrocer.png,OSM
Casablanca-Settat,Épicerie sans nom,Épicerie,Informel,Épicerie sans nom,33.3715962,-7.9928301,icons/greengrocer.png,OSM
Casablanca-Settat,Le Marie Jeanne,Restaurant,Formel,Le Marie Jeanne,33.500122,-7.8547123,icons/restaurant.png,OSM
Casablanca-Settat,Boca,Café,Formel,Boca,33.5261768,-7.6420676,icons/cafe.png,OSM
Casablanca-Settat,Souk Al Mtlashiyat سوق المتلاشيات,Épicerie,Informel,Souk Al Mtlashiyat سوق المتلاشيات,33.5417149,-7.556075,icons/greengrocer.png,OSM
Casablanca-Settat,Épicerie sans nom,Épicerie,Informel,Épicerie sans nom,33.1549447,-7.3880722,icons/greengrocer.png,OSM
Casablanca-Settat,Épicerie sans nom,Épicerie,Informel,Épicerie sans nom,33.8692765,-7.0618269,icons/greengrocer.png,OSM
Casablanca-Settat,Restaurant sans nom,Restaurant,Formel,Restaurant sans nom,33.8690835,-7.0561865,icons/restaurant.png,OSM
Casablanca-Settat,Souk l'Had,Épicerie,Informel,Souk l'Had,32.9861213,-7.6184354,icons/greengrocer.png,OSM
Casablanca-Settat,Kissariat Hay Mohammadi,Épicerie,Informel,Kissariat Hay Mohammadi,33.5860206,-7.562441,icons/greengrocer.png,OSM
Casablanca-Settat,Les Trois Palmiers Restaurant,Restaurant,Formel,Les Trois Palmiers Restaurant,33.9083682,-6.9883888,icons/restaurant.png,OSM
Casablanca-Settat,Marjane,Supermarché,Formel,Marjane,33.7076102,-7.3468417,icons/supermarket.png,OSM
Casablanca-Settat,Épicerie sans nom,Épicerie,Informel,Épicerie sans nom,32.9684901,-7.8086842,icons/greengrocer.png,OSM
Casablanca-Settat,Souk Selk,Épicerie,Informel,Souk Selk,33.5716207,-7.677402,icons/greengrocer.png,OSM
Casablanca-Settat,Épicerie sans nom,Épicerie,Informel,Épicerie sans nom,32.7903905,-7.2092819,icons/greengrocer.png,OSM
Casablanca-Settat,Épicerie sans nom,Épicerie,Informel,Épicerie sans nom,33.8984691,-6.9510647,icons/greengrocer.png,OSM
Casablanca-Settat,Épicerie sans nom,Épicerie,Informel,Épicerie sans nom,33.4158191,-7.8688642,icons/greengrocer.png,OSM
Casablanca-Settat,Le Marché couvert du derb lakdim السوق المغطى للدرب القديم,Épicerie,Informel,Le Marché couvert du derb lakdim السوق المغطى للدرب القديم,33.5521862,-7.5993336,icons/greengrocer.png,OSM
Casablanca-Settat,Parapharmacie sans nom,Parapharmacie,Formel,Boulevard Modibo Keita,33.5617115,-7.617121,icons/pharmacy.png,OSM
Casablanca-Settat,Marché des Fleurs,Épicerie,Informel,Marché des Fleurs,33.5823862,-7.6202913,icons/greengrocer.png,OSM
Casablanca-Settat,Pharmacie Bab Taddart,Parapharmacie,Formel,Route de Taddart,33.5597518,-7.6263099,icons/pharmacy.png,OSM
Casablanca-Settat,Atacadão,Supermarché,Formel,Atacadão,33.5960324,-7.5225868,icons/supermarket.png,OSM
Casablanca-Settat,Épicerie sans nom,Épicerie,Informel,Épicerie sans nom,33.5856217,-7.6107419,icons/greengrocer.png,OSM
Casablanca-Settat,أسواق السلام,Supermarché,Formel,Témara تمارة,33.9051196,-6.9410295,icons/supermarket.png,OSM
Casablanca-Settat,Marjane,Supermarché,Formel,Avenue Hassan II شارع الحسن الثاني,33.9208659,-6.9244929,icons/supermarket.png,OSM
Casablanca-Settat,Marché de Gros سوق الخضر و الفواكه بالجملة,Épicerie,Informel,Témara تمارة,33.8941025,-6.9341783,icons/greengrocer.png,OSM
Casablanca-Settat,Épicerie sans nom,Épicerie,Informel,Épicerie sans nom,32.9984403,-7.6135426,icons/greengrocer.png,OSM
Casablanca-Settat,Épicerie sans nom,Épicerie,Informel,Épicerie sans nom,32.9922038,-7.6078381,icons/greengrocer.png,OSM
Casablanca-Settat,Marché de Gros,Épicerie,Informel,Marché de Gros,32.9890886,-7.6177926,icons/greengrocer.png,OSM
Casablanca-Settat,Café sans nom,Café,Formel,Café sans nom,33.0313608,-7.6187706,icons/cafe.png,OSM
Casablanca-Settat,Espace Bassatine,Café,Formel,Espace Bassatine,32.9675715,-7.6279218,icons/cafe.png,OSM
Casablanca-Settat,BIM,Supermarché,Formel,BIM,33.8984847,-6.9289384,icons/supermarket.png,OSM
Casablanca-Settat,Restaurant INRA,Restaurant,Formel,Restaurant INRA,33.0294944,-7.6234065,icons/restaurant.png,OSM
Casablanca-Settat,Cafe INRA,Café,Formel,Cafe INRA,33.0296371,-7.6231626,icons/cafe.png,OSM
Casablanca-Settat,La Perle,Café,Formel,La Perle,33.0352009,-7.6270008,icons/cafe.png,OSM
Casablanca-Settat,Aswak Assalam,Supermarché,Formel,"Boulevard Hassan II شارع الحسن الثاني, Mohammedia",33.6886521,-7.4008019,icons/supermarket.png,OSM
Casablanca-Settat,Épicerie sans nom,Épicerie,Informel,Épicerie sans nom,33.1465886,-8.3413221,icons/greengrocer.png,OSM
Casablanca-Settat,Marché aux grains,Épicerie,Informel,Marché aux grains,33.9869518,-6.8680759,icons/greengrocer.png,OSM
Casablanca-Settat,Hypermarché Asswak Assalam,Supermarché,Formel,Hypermarché Asswak Assalam,33.948328,-6.8690247,icons/supermarket.png,OSM
Casablanca-Settat,McDonald's,Restaurant,Formel,McDonald's,33.953268,-6.8547312,icons/restaurant.png,OSM
Casablanca-Settat,Souk Ould Mina,Épicerie,Informel,Souk Ould Mina,33.5685171,-7.6740623,icons/greengrocer.png,OSM
Casablanca-Settat,Marjane,Supermarché,Formel,Marjane,33.5662976,-7.6760715,icons/supermarket.png,OSM
Casablanca-Settat,McDonald's,Restaurant,Formel,McDonald's,32.8862473,-6.9075377,icons/restaurant.png,OSM
Casablanca-Settat,Café Nassim,Café,Formel,Café Nassim,33.6797568,-7.4012456,icons/cafe.png,OSM
Casablanca-Settat,Ocoin,Café,Formel,Ocoin,33.7013982,-7.3617415,icons/cafe.png,OSM
Casablanca-Settat,Annasr,Café,Formel,Annasr,33.6976839,-7.3585111,icons/cafe.png,OSM
Casablanca-Settat,BİM,Supermarché,Formel,"Rue de La Douane, Casablanca",33.6001813,-7.616268,icons/supermarket.png,OSM
Casablanca-Settat,Épicerie sans nom,Épicerie,Informel,Épicerie sans nom,33.0667835,-7.2479636,icons/greengrocer.png,OSM
Casablanca-Settat,Acima آسيما,Supermarché,Formel,Acima آسيما,33.5395458,-7.6016523,icons/supermarket.png,OSM
Casablanca-Settat,Vidange,Supérette / Mini-market,Formel,Boulevard de la Résistance,33.5897877,-7.6041349,icons/convenience.png,OSM
Casablanca-Settat,Poissons & Fruits de Mar Bhaylisa,Épicerie,Informel,Boulevard Oued Oum Rbia,33.5540541,-7.6882616,icons/greengrocer.png,OSM
Casablanca-Settat,Cafe Torana,Café,Formel,Boulevard d'Oued Oum Rabia,33.559995,-7.6753463,icons/cafe.png,OSM
Casablanca-Settat,Épicerie sans nom,Épicerie,Informel,Épicerie sans nom,33.5860481,-7.5533292,icons/greengrocer.png,OSM
Casablanca-Settat,Al-Amal,Parapharmacie,Formel,Boulevard Ibn Zair Abdessalam,33.5845373,-7.562482,icons/pharmacy.png,OSM
Casablanca-Settat,Parapharmacie,Parapharmacie,Formel,Route de Rabat,33.6042897,-7.5297001,icons/pharmacy.png,OSM
Casablanca-Settat,Pharmacie Central,Parapharmacie,Formel,Rue Hommane Al Fatwaki,33.5923667,-7.6091624,icons/pharmacy.png,OSM
Casablanca-Settat,Café Jbel Hebri,Café,Formel,Rue Léon l'Africain,33.595661,-7.6101719,icons/cafe.png,OSM
Casablanca-Settat,Place Ahmed Mekouar,Parapharmacie,Formel,Boulevard de la Gare,33.612772,-7.5317453,icons/pharmacy.png,OSM
Casablanca-Settat,Épicerie sans nom,Épicerie,Informel,Épicerie sans nom,33.5655786,-7.5542405,icons/greengrocer.png,OSM
Casablanca-Settat,Pharmacie Choura,Parapharmacie,Formel,Boulevard Ibn Al Ouannane,33.595657,-7.5610861,icons/pharmacy.png,OSM
Casablanca-Settat,McDonald's,Restaurant,Formel,McDonald's,33.7086022,-7.3500802,icons/restaurant.png,OSM
Casablanca-Settat,Parapharmacie sans nom,Parapharmacie,Formel,Boulevard Okba Bnou Nafie,33.5828745,-7.5682548,icons/pharmacy.png,OSM
Casablanca-Settat,Parapharmacie sans nom,Parapharmacie,Formel,Boulevard Okba Bnou Nafie,33.5760287,-7.5442647,icons/pharmacy.png,OSM
Casablanca-Settat,Traumedic,Parapharmacie,Formel,Rue de l'Hérault,33.557548,-7.6104928,icons/pharmacy.png,OSM
Casablanca-Settat,Épicerie sans nom,Épicerie,Informel,Rue Ibn Khaldoun,33.5778142,-7.6055596,icons/greengrocer.png,OSM
Casablanca-Settat,Adosani,Café,Formel,Boulevard Imam Chafii,33.6202084,-7.486741,icons/cafe.png,OSM
Casablanca-Settat,Épicerie sans nom,Épicerie,Informel,Épicerie sans nom,33.5735817,-7.6027141,icons/greengrocer.png,OSM
Casablanca-Settat,Épicerie sans nom,Épicerie,Informel,Épicerie sans nom,33.5724291,-7.60293,icons/greengrocer.png,OSM
Casablanca-Settat,Épicerie sans nom,Épicerie,Informel,Épicerie sans nom,33.5730487,-7.6052688,icons/greengrocer.png,OSM
Casablanca-Settat,Épicerie sans nom,Épicerie,Informel,Rue du Palais du Sultan,33.5787103,-7.6049657,icons/greengrocer.png,OSM
Casablanca-Settat,Pharmacie Ghziwat,Parapharmacie,Formel,Pharmacie Ghziwat,33.5420687,-7.6345011,icons/pharmacy.png,OSM
Casablanca-Settat,Papparoti Café,Café,Formel,Papparoti Café,33.6083048,-7.4806766,icons/cafe.png,OSM
Casablanca-Settat,Marché Central Skhirat,Épicerie,Informel,Marché Central Skhirat,33.8486232,-7.04575,icons/greengrocer.png,OSM
Casablanca-Settat,Parapharmacie sans nom,Parapharmacie,Formel,Rue Mohamed Al Hayani,33.5664743,-7.6283433,icons/pharmacy.png,OSM
Casablanca-Settat,Épicerie sans nom,Épicerie,Informel,Épicerie sans nom,33.6380043,-7.4517062,icons/greengrocer.png,OSM
Casablanca-Settat,Épicerie sans nom,Épicerie,Informel,Épicerie sans nom,32.852795,-6.5764217,icons/greengrocer.png,OSM
Casablanca-Settat,Épicerie sans nom,Épicerie,Informel,Épicerie sans nom,33.609642,-7.5155819,icons/greengrocer.png,OSM
Casablanca-Settat,Épicerie sans nom,Épicerie,Informel,Épicerie sans nom,33.6372498,-7.4507549,icons/greengrocer.png,OSM
Casablanca-Settat,Pharmacie Menara,Parapharmacie,Formel,Rue 1,33.5683974,-7.6098351,icons/pharmacy.png,OSM
Casablanca-Settat,Para & Pharmacie,Parapharmacie,Formel,Rue 2,33.529637,-7.5966943,icons/pharmacy.png,OSM
Casablanca-Settat,Espace Danisma,Café,Formel,Boulevard Oued Sebou,33.5528259,-7.6770769,icons/cafe.png,OSM
Casablanca-Settat,Cafe Kamal,Café,Formel,Rue 177,33.5526403,-7.6771205,icons/cafe.png,OSM
Casablanca-Settat,Pharmacie Aqua Parc,Parapharmacie,Formel,R320,33.5184124,-7.7983433,icons/pharmacy.png,OSM
Casablanca-Settat,McDonald's,Restaurant,Formel,McDonald's,33.2437993,-8.4828847,icons/restaurant.png,OSM
Casablanca-Settat,KFC,Restaurant,Formel,الدار البيضاء,33.5873876,-7.6850644,icons/restaurant.png,OSM
Casablanca-Settat,Pharmacie Ambassador,Parapharmacie,Formel,Rue Ain Khalouiya زنقة عين خلوية,33.9600755,-6.8196068,icons/pharmacy.png,OSM
Casablanca-Settat,Pharmacie Yamina,Parapharmacie,Formel,Rue Ain Khalouiya زنقة عين خلوية,33.9590961,-6.8233224,icons/pharmacy.png,OSM
Casablanca-Settat,Marché De L'Oasis,Épicerie,Informel,Marché De L'Oasis,33.5567134,-7.6350995,icons/greengrocer.png,OSM
Casablanca-Settat,Épicerie sans nom,Épicerie,Informel,Épicerie sans nom,32.5908499,-7.8158494,icons/greengrocer.png,OSM
Casablanca-Settat,Supermarché sans nom,Supermarché,Formel,Supermarché sans nom,33.5521582,-7.6427512,icons/supermarket.png,OSM
Casablanca-Settat,Parapharmacie sans nom,Parapharmacie,Formel,Parapharmacie sans nom,33.5521537,-7.6401432,icons/pharmacy.png,OSM
Casablanca-Settat,Marjane,Supermarché,Formel,Marjane,32.5115617,-6.6810845,icons/supermarket.png,OSM
Casablanca-Settat,Épicerie sans nom,Épicerie,Informel,Épicerie sans nom,33.8605798,-6.8565856,icons/greengrocer.png,OSM
Casablanca-Settat,Café sans nom,Café,Formel,Café sans nom,33.860323,-6.8566282,icons/cafe.png,OSM
Casablanca-Settat,le rivage,Café,Formel,le rivage,33.9253895,-6.958585,icons/cafe.png,OSM
Casablanca-Settat,Marjane Market,Supermarché,Formel,Marjane Market,33.9372634,-6.9396326,icons/supermarket.png,OSM
Casablanca-Settat,Café sans nom,Café,Formel,Café sans nom,33.6083797,-7.4997145,icons/cafe.png,OSM
Casablanca-Settat,Épicerie sans nom,Épicerie,Informel,Casablanca ⵜⴰⴷⴷⴰⵔⵜ ⵜⵓⵎⵍⵉⵍⵜ الدار البيضاء,33.6085329,-7.5115367,icons/greengrocer.png,OSM
Casablanca-Settat,Supermarché sans nom,Supermarché,Formel,Supermarché sans nom,33.6136183,-7.5064635,icons/supermarket.png,OSM
Casablanca-Settat,سوق طارق,Épicerie,Informel,سوق طارق,33.6099527,-7.5157466,icons/greengrocer.png,OSM
Casablanca-Settat,Carrefour Market,Supermarché,Formel,"Rue Jaafar Assidiq, Rabat ⵔⴱⴰⵟ الرباط",33.9873172,-6.8495328,icons/supermarket.png,OSM
Casablanca-Settat,warda-pharmacie,Parapharmacie,Formel,"Avenue Bir Kacem, Rabat ⵔⴱⴰⵟ الرباط",33.9579784,-6.8482276,icons/pharmacy.png,OSM
Casablanca-Settat,Épicerie sans nom,Épicerie,Informel,Épicerie sans nom,33.6147985,-7.4974842,icons/greengrocer.png,OSM
Casablanca-Settat,Famagusta,Café,Formel,Famagusta,33.5318053,-7.6168265,icons/cafe.png,OSM
Casablanca-Settat,Les terrases des près,Café,Formel,"Route d'Azemmour, Casablanca",33.5329323,-7.7486462,icons/cafe.png,OSM
Casablanca-Settat,Quartier général,Restaurant,Formel,Quartier général,33.983236,-6.7252059,icons/restaurant.png,OSM
Casablanca-Settat,Epicerie Val d'Or,Supérette / Mini-market,Formel,Val d'Or,33.9048772,-6.9892031,icons/convenience.png,OSM
Casablanca-Settat,Épicerie sans nom,Épicerie,Informel,Épicerie sans nom,33.1884119,-6.6595169,icons/greengrocer.png,OSM
Casablanca-Settat,Épicerie sans nom,Épicerie,Informel,Épicerie sans nom,32.9925661,-7.1236574,icons/greengrocer.png,OSM
Casablanca-Settat,Marché El Kamra (Souk de Kamra) سوق القامرة,Épicerie,Informel,Marché El Kamra (Souk de Kamra) سوق القامرة,33.9938013,-6.8703034,icons/greengrocer.png,OSM
Casablanca-Settat,Café Ola Blanca 1,Café,Formel,Café Ola Blanca 1,33.4331302,-8.0754486,icons/cafe.png,OSM
Casablanca-Settat,Supermarché sans nom,Supermarché,Formel,Supermarché sans nom,33.4336398,-8.0759273,icons/supermarket.png,OSM
Casablanca-Settat,Bolzano Ice,Café,Formel,Bolzano Ice,33.6088714,-7.5287159,icons/cafe.png,OSM
Casablanca-Settat,Espace La Flandre,Café,Formel,Espace La Flandre,33.6141298,-7.5310306,icons/cafe.png,OSM
Casablanca-Settat,Le Château d'Or,Café,Formel,Le Château d'Or,33.616962,-7.5329122,icons/cafe.png,OSM
Casablanca-Settat,Café sans nom,Café,Formel,Café sans nom,33.6165098,-7.5327003,icons/cafe.png,OSM
Casablanca-Settat,Pomme de Pain,Café,Formel,Pomme de Pain,33.6232652,-7.524987,icons/cafe.png,OSM
Casablanca-Settat,Café sans nom,Café,Formel,Café sans nom,33.6210096,-7.5318542,icons/cafe.png,OSM
Casablanca-Settat,Restaurant sans nom,Restaurant,Formel,Restaurant sans nom,33.8379821,-7.1031243,icons/restaurant.png,OSM
Casablanca-Settat,رواق قصر الذهب,Épicerie,Informel,"شارع المسيرة, الرباط",33.9766427,-6.8876639,icons/greengrocer.png,OSM
Casablanca-Settat,Burger King,Restaurant,Formel,Burger King,33.9875441,-6.8518544,icons/restaurant.png,OSM
Casablanca-Settat,Épicerie sans nom,Épicerie,Informel,Épicerie sans nom,32.8533005,-6.9167379,icons/greengrocer.png,OSM
Casablanca-Settat,KFC,Restaurant,Formel,KFC,33.2439463,-8.4833257,icons/restaurant.png,OSM
Casablanca-Settat,Himoud Market,Supermarché,Formel,"Rue Al Maarif, Rabat",33.991782,-6.8232465,icons/supermarket.png,OSM
Casablanca-Settat,Supérette / Mini-market sans nom,Supérette / Mini-market,Formel,Supérette / Mini-market sans nom,33.9582556,-6.8569974,icons/convenience.png,OSM
Casablanca-Settat,Mouradallah,Parapharmacie,Formel,"Avenue Mohamed Al Yazidi شارع محمد اليزيدي, Rabat",33.953348,-6.869598,icons/pharmacy.png,OSM
Casablanca-Settat,super marché,Supérette / Mini-market,Formel,"commune el menzeh, rabat",33.8566269,-6.8545923,icons/convenience.png,OSM
Casablanca-Settat,Carrefour,Supermarché,Formel,Carrefour,33.9082928,-6.9397095,icons/supermarket.png,OSM
Casablanca-Settat,FLO,Épicerie,Informel,FLO,33.9078258,-6.9394501,icons/greengrocer.png,OSM
Casablanca-Settat,Mr Bricolage,Épicerie,Informel,Mr Bricolage,33.9077151,-6.9391989,icons/greengrocer.png,OSM
Casablanca-Settat,Decathlon,Épicerie,Informel,Decathlon,33.9067006,-6.9378071,icons/greengrocer.png,OSM
Casablanca-Settat,Lefties,Épicerie,Informel,Lefties,33.9069138,-6.9380908,icons/greengrocer.png,OSM
Casablanca-Settat,Defacto,Épicerie,Informel,Defacto,33.9070969,-6.9383336,icons/greengrocer.png,OSM
Casablanca-Settat,Marwa,Épicerie,Informel,Marwa,33.9072301,-6.9385191,icons/greengrocer.png,OSM
Casablanca-Settat,Lc Waikiki,Épicerie,Informel,Lc Waikiki,33.9073585,-6.9386986,icons/greengrocer.png,OSM
Casablanca-Settat,Mobilium,Épicerie,Informel,Mobilium,33.9074916,-6.9388873,icons/greengrocer.png,OSM
Casablanca-Settat,Adidas,Épicerie,Informel,Adidas,33.9075833,-6.9390142,icons/greengrocer.png,OSM
Casablanca-Settat,Supermarché sans nom,Supermarché,Formel,Supermarché sans nom,33.5170568,-7.7996641,icons/supermarket.png,OSM
Casablanca-Settat,Supérette / Mini-market sans nom,Supérette / Mini-market,Formel,Supérette / Mini-market sans nom,33.2911224,-8.1484935,icons/convenience.png,OSM
Casablanca-Settat,Marché de gros des légumes et des fruits de Casablanca,Épicerie,Informel,"Avenue du Commandant Idriss Elharti, arrondissement de Sidi Othmane مقاطعة سيدي عثمان",33.5532479,-7.5584464,icons/greengrocer.png,OSM
Casablanca-Settat,Épicerie sans nom,Épicerie,Informel,Épicerie sans nom,33.9337193,-6.9001285,icons/greengrocer.png,OSM
Casablanca-Settat,Hay Mohammadi Market (Souika),Épicerie,Informel,Hay Mohammadi Market (Souika),33.5855619,-7.5638238,icons/greengrocer.png,OSM
Casablanca-Settat,La Grillardière,Restaurant,Formel,La Grillardière,33.2437976,-8.4841071,icons/restaurant.png,OSM
Casablanca-Settat,Oasis,Restaurant,Formel,Oasis,33.2444766,-8.490674,icons/restaurant.png,OSM
Casablanca-Settat,Parapharmacie sans nom,Parapharmacie,Formel,Parapharmacie sans nom,33.243546,-8.4926451,icons/pharmacy.png,OSM
Casablanca-Settat,Amwaj,Restaurant,Formel,Amwaj,33.2441176,-8.4788256,icons/restaurant.png,OSM
Casablanca-Settat,Samurai,Restaurant,Formel,Samurai,33.2377593,-8.4954123,icons/restaurant.png,OSM
Casablanca-Settat,Café sans nom,Café,Formel,Café sans nom,33.2431803,-8.4705685,icons/cafe.png,OSM
Casablanca-Settat,La Mémoire,Café,Formel,La Mémoire,33.2268288,-8.4987809,icons/cafe.png,OSM
Casablanca-Settat,Top Kiosque,Supérette / Mini-market,Formel,Top Kiosque,33.2293876,-8.4972623,icons/convenience.png,OSM
Casablanca-Settat,Azzaytouna,Café,Formel,Azzaytouna,33.2284061,-8.4996302,icons/cafe.png,OSM
Casablanca-Settat,Maison Z,Restaurant,Formel,Maison Z,33.2247167,-8.4984993,icons/restaurant.png,OSM
Casablanca-Settat,Marché El Koudia,Épicerie,Informel,Marché El Koudia,33.234086,-8.4996405,icons/greengrocer.png,OSM
Casablanca-Settat,La Vallée,Café,Formel,La Vallée,33.2340934,-8.4991707,icons/cafe.png,OSM
Casablanca-Settat,Marjane,Supermarché,Formel,Marjane,33.2240704,-8.4931241,icons/supermarket.png,OSM
Casablanca-Settat,Épicerie sans nom,Épicerie,Informel,Épicerie sans nom,33.243922,-8.4967488,icons/greengrocer.png,OSM
Casablanca-Settat,Amista,Restaurant,Formel,Amista,33.2408852,-8.4947928,icons/restaurant.png,OSM
Casablanca-Settat,Hill Side Coffee,Café,Formel,Hill Side Coffee,33.2389285,-8.4977128,icons/cafe.png,OSM
Casablanca-Settat,Solymar,Café,Formel,Solymar,33.2472824,-8.4947398,icons/cafe.png,OSM
Casablanca-Settat,Café sans nom,Café,Formel,Café sans nom,33.2473578,-8.4948744,icons/cafe.png,OSM
Casablanca-Settat,Yasmina,Café,Formel,Yasmina,33.2474369,-8.4950091,icons/cafe.png,OSM
Casablanca-Settat,La Costa,Café,Formel,La Costa,33.2500122,-8.4982895,icons/cafe.png,OSM
Casablanca-Settat,La Varenne,Café,Formel,La Varenne,33.2503097,-8.4986391,icons/cafe.png,OSM
Casablanca-Settat,La Rose,Café,Formel,La Rose,33.2504559,-8.4988099,icons/cafe.png,OSM
Casablanca-Settat,Dades Diamantine,Café,Formel,Dades Diamantine,33.2506405,-8.4990335,icons/cafe.png,OSM
Casablanca-Settat,Les 4 Dauphins,Café,Formel,Les 4 Dauphins,33.2507808,-8.4992019,icons/cafe.png,OSM
Casablanca-Settat,Sidi Moussa,Épicerie,Informel,Sidi Moussa,33.2351336,-8.4908543,icons/greengrocer.png,OSM
Casablanca-Settat,Jawhara,Épicerie,Informel,Jawhara,33.2292552,-8.4913964,icons/greengrocer.png,OSM
Casablanca-Settat,Le Colloque,Restaurant,Formel,Le Colloque,33.2289429,-8.4891821,icons/restaurant.png,OSM
Casablanca-Settat,101,Restaurant,Formel,101,33.2297113,-8.4885937,icons/restaurant.png,OSM
Casablanca-Settat,Restaurant sans nom,Restaurant,Formel,Restaurant sans nom,33.2293479,-8.4874086,icons/restaurant.png,OSM
Casablanca-Settat,Restaurant sans nom,Restaurant,Formel,Restaurant sans nom,33.2312965,-8.4867626,icons/restaurant.png,OSM
Casablanca-Settat,Café sans nom,Café,Formel,Café sans nom,33.2418409,-8.4989324,icons/cafe.png,OSM
Casablanca-Settat,marché ousra,Épicerie,Informel,marché ousra,33.5351836,-7.5814558,icons/greengrocer.png,OSM
Casablanca-Settat,Pharmacie Jnan Al Mansour صيدلية جنان المنصور,Parapharmacie,Formel,Tamesna,33.8354431,-6.9324549,icons/pharmacy.png,OSM
Casablanca-Settat,Pharmacie Riad 1 صيدلية رياض,Parapharmacie,Formel,Tamesna,33.818638,-6.9348883,icons/pharmacy.png,OSM
Casablanca-Settat,Pharmacie Kessouba صيدلية كسوبة,Parapharmacie,Formel,Tamesna,33.8244239,-6.9422688,icons/pharmacy.png,OSM
Casablanca-Settat,Pharmacie Sedrati صيدلية السدراتي,Parapharmacie,Formel,Témara,33.9216086,-6.9548718,icons/pharmacy.png,OSM
Casablanca-Settat,Pharmacie Regragui صيدلية الرجراجي,Parapharmacie,Formel,Témara,33.9249658,-6.9546066,icons/pharmacy.png,OSM
Casablanca-Settat,Pharmacie Sid El Abed صيدلية سيد العابد,Parapharmacie,Formel,Témara,33.9107817,-6.9749028,icons/pharmacy.png,OSM
Casablanca-Settat,Pharmacie Vital صيدلية فيتال,Parapharmacie,Formel,Témara,33.9170188,-6.9663375,icons/pharmacy.png,OSM
Casablanca-Settat,Pharmacie les Roches Blanches صيدلية الصخور البيضاء,Parapharmacie,Formel,Témara تمارة,33.9304396,-6.9510769,icons/pharmacy.png,OSM
Casablanca-Settat,Pharmacie Internationale الصيدلية الدولية,Parapharmacie,Formel,Témara تمارة,33.9219426,-6.9390991,icons/pharmacy.png,OSM
Casablanca-Settat,Pharmacie Jorio صيدلية جوريو,Parapharmacie,Formel,Témara تمارة,33.921436,-6.9342956,icons/pharmacy.png,OSM
Casablanca-Settat,Pharmacie Santé صيدلية الصحة,Parapharmacie,Formel,Témara تمارة,33.9208422,-6.9362284,icons/pharmacy.png,OSM
Casablanca-Settat,Pharmacie Ryad El Wifak صيدلية رياض الوفاق,Parapharmacie,Formel,Témara,33.9242785,-6.9336763,icons/pharmacy.png,OSM
Casablanca-Settat,Pharmacie Al Moubaraka صيدلية المباركة,Parapharmacie,Formel,Témara تمارة,33.9269659,-6.9351078,icons/pharmacy.png,OSM
Casablanca-Settat,"Restaurant "" la marée """,Restaurant,Formel,Harhoura هرهورة,33.9288258,-6.9546262,icons/restaurant.png,OSM
Casablanca-Settat,Pharmacie Harhoura صيدلية هرهورة,Parapharmacie,Formel,"Rue Dar Essalam, Témara تمارة",33.940205,-6.9390632,icons/pharmacy.png,OSM
Casablanca-Settat,Pharmacie le Rivage صيدلية لوريفاج,Parapharmacie,Formel,Témara,33.9287877,-6.9548697,icons/pharmacy.png,OSM
Casablanca-Settat,Pharmacie Bouchra Al Hamd صيدلية بشرى الحمد,Parapharmacie,Formel,Témara,33.8833557,-6.9715263,icons/pharmacy.png,OSM
Casablanca-Settat,Pharmacie Hassouni صيدلية الحسوني,Parapharmacie,Formel,Témara,33.8924265,-6.9653531,icons/pharmacy.png,OSM
Casablanca-Settat,Pharmacie El Amal صيدلية الأمل,Parapharmacie,Formel,Témara,33.8934537,-6.9554898,icons/pharmacy.png,OSM
Casablanca-Settat,Pharmacie Aïn Atiq صيدلية عين عتيق,Parapharmacie,Formel,Témara,33.8883681,-6.9715061,icons/pharmacy.png,OSM
Casablanca-Settat,Pharmacie Aya صيدلية اًية,Parapharmacie,Formel,Témara,33.8928565,-6.9729862,icons/pharmacy.png,OSM
Casablanca-Settat,Pharmacie Kouchy صيدلية كوشي,Parapharmacie,Formel,Témara,33.8810924,-6.9656255,icons/pharmacy.png,OSM
Casablanca-Settat,Norza market,Épicerie,Informel,Norza market,33.9378674,-6.8870769,icons/greengrocer.png,OSM
Casablanca-Settat,Marché Hay Hassani سوق القرب الحي الحسني,Épicerie,Informel,Marché Hay Hassani سوق القرب الحي الحسني,33.2706448,-7.5702971,icons/greengrocer.png,OSM
Casablanca-Settat,Yasmina,Café,Formel,Yasmina,33.2666423,-7.5890153,icons/cafe.png,OSM
Casablanca-Settat,Espace Marjana فضاء مرجانة,Restaurant,Formel,Espace Marjana فضاء مرجانة,33.2671337,-7.5880929,icons/restaurant.png,OSM
Casablanca-Settat,Marché hebdomadaire du lundi سوق الاثنين الأسبوعي,Épicerie,Informel,Marché hebdomadaire du lundi سوق الاثنين الأسبوعي,33.2720293,-7.5580822,icons/greengrocer.png,OSM
Casablanca-Settat,Kiosque sans nom,Kiosque,Informel,Kiosque sans nom,33.2676454,-7.5797578,icons/kiosk.png,OSM
Casablanca-Settat,Restaurant sans nom,Restaurant,Formel,Restaurant sans nom,33.2764757,-7.5875924,icons/restaurant.png,OSM
Casablanca-Settat,Marjane Market مرجان ماركت,Supermarché,Formel,Marjane Market مرجان ماركت,33.2795813,-7.5886113,icons/supermarket.png,OSM
Casablanca-Settat,Marché Marche Verte سوق المسيرة الخضراء,Épicerie,Informel,Marché Marche Verte سوق المسيرة الخضراء,33.2639853,-7.5844577,icons/greengrocer.png,OSM
Casablanca-Settat,Restaurant sans nom,Restaurant,Formel,Restaurant sans nom,33.2828079,-7.5918699,icons/restaurant.png,OSM
Casablanca-Settat,Café sans nom,Café,Formel,Café sans nom,33.2757498,-7.5873804,icons/cafe.png,OSM
Casablanca-Settat,Ancien Souq At-Tnine سوق الاثنين القديم,Épicerie,Informel,Ancien Souq At-Tnine سوق الاثنين القديم,33.2545712,-7.5880113,icons/greengrocer.png,OSM
Casablanca-Settat,Dar Tajine دار الطاجين,Restaurant,Formel,Dar Tajine دار الطاجين,33.2520517,-7.5850315,icons/restaurant.png,OSM
Casablanca-Settat,Épicerie sans nom,Épicerie,Informel,Épicerie sans nom,33.5820348,-7.5662054,icons/greengrocer.png,OSM
Casablanca-Settat,Superette,Supérette / Mini-market,Formel,Superette,33.4911333,-7.8980402,icons/convenience.png,OSM
Casablanca-Settat,Restaurant sans nom,Restaurant,Formel,Restaurant sans nom,33.2443829,-8.4889138,icons/restaurant.png,OSM
Casablanca-Settat,Restaurant sans nom,Restaurant,Formel,Restaurant sans nom,33.2440062,-8.471106,icons/restaurant.png,OSM
Casablanca-Settat,Restaurant M.M,Restaurant,Formel,Restaurant M.M,33.2438975,-8.4776918,icons/restaurant.png,OSM
Casablanca-Settat,Pharmacie Jaouher,Parapharmacie,Formel,Pharmacie Jaouher,33.2426384,-8.4786911,icons/pharmacy.png,OSM
Casablanca-Settat,Marché de Gros de Fruits et Légumes,Épicerie,Informel,Marché de Gros de Fruits et Légumes,33.2360885,-8.4815022,icons/greengrocer.png,OSM
Casablanca-Settat,Mini Brahim,Supermarché,Formel,Mini Brahim,33.2445267,-8.4903282,icons/supermarket.png,OSM
Casablanca-Settat,La Qualita,Café,Formel,La Qualita,33.2267629,-8.4990274,icons/cafe.png,OSM
Casablanca-Settat,Marché Ain Choc,Épicerie,Informel,Marché Ain Choc,33.5475865,-7.5974569,icons/greengrocer.png,OSM
Casablanca-Settat,Supermarché sans nom,Supermarché,Formel,Supermarché sans nom,33.5989474,-7.5751425,icons/supermarket.png,OSM
Casablanca-Settat,ماكدونالدز,Restaurant,Formel,ماكدونالدز,33.2845734,-7.5929187,icons/restaurant.png,OSM
Casablanca-Settat,Resto Club Bouabid,Restaurant,Formel,Resto Club Bouabid,33.2116887,-8.4948316,icons/restaurant.png,OSM
Casablanca-Settat,Restaurant sans nom,Restaurant,Formel,Restaurant sans nom,33.2355202,-7.5875756,icons/restaurant.png,OSM
Casablanca-Settat,Paul,Boulangerie,Formel,Paul,33.5704321,-7.6664915,icons/bakery.png,OSM
Casablanca-Settat,Art'Chill,Restaurant,Formel,Art'Chill,33.9841764,-6.7230726,icons/restaurant.png,OSM
Casablanca-Settat,Kiosque sans nom,Kiosque,Informel,Kiosque sans nom,33.2683111,-7.629568,icons/kiosk.png,OSM
Casablanca-Settat,Restaurant sans nom,Restaurant,Formel,Restaurant sans nom,33.9904202,-6.8449072,icons/restaurant.png,OSM
Casablanca-Settat,Kiosque sans nom,Kiosque,Informel,Kiosque sans nom,33.5818573,-7.6484646,icons/kiosk.png,OSM
Casablanca-Settat,Kiosque sans nom,Kiosque,Informel,Kiosque sans nom,33.4927255,-7.8982499,icons/kiosk.png,OSM
Casablanca-Settat,Kiosque sans nom,Kiosque,Informel,Kiosque sans nom,33.5839461,-7.6443584,icons/kiosk.png,OSM
Casablanca-Settat,Kiosque sans nom,Kiosque,Informel,Kiosque sans nom,33.5840114,-7.6495285,icons/kiosk.png,OSM
Casablanca-Settat,Pharmacie صيدلية المستشفى,Parapharmacie,Formel,Pharmacie صيدلية المستشفى,33.2602314,-7.5840185,icons/pharmacy.png,OSM
Casablanca-Settat,Carrefour,Supermarché,Formel,Carrefour,33.5290416,-7.5930685,icons/supermarket.png,OSM
Casablanca-Settat,Marché Typique Sekkat,Épicerie,Informel,Marché Typique Sekkat,33.5468004,-7.5871728,icons/greengrocer.png,OSM
Casablanca-Settat,Marché Al Khiam,Épicerie,Informel,Marché Al Khiam,33.5460403,-7.5862771,icons/greengrocer.png,OSM
Casablanca-Settat,Épicerie sans nom,Épicerie,Informel,Épicerie sans nom,33.5840376,-7.4775738,icons/greengrocer.png,OSM
Casablanca-Settat,KFC Berrechid,Restaurant,Formel,KFC Berrechid,33.258749,-7.5811433,icons/restaurant.png,OSM
Casablanca-Settat,Marché Municipal Hay Al Hassani السوق البلدي الحي الحسني,Épicerie,Informel,Marché Municipal Hay Al Hassani السوق البلدي الحي الحسني,33.2719959,-7.5740041,icons/greengrocer.png,OSM
Casablanca-Settat,Nouveau marché Hay Hassani السوق النموذجي الجديد الحي الحسني,Épicerie,Informel,Nouveau marché Hay Hassani السوق النموذجي الجديد الحي الحسني,33.2703837,-7.5698412,icons/greengrocer.png,OSM
Casablanca-Settat,epicerie hassan bir kaceim,Supérette / Mini-market,Formel,epicerie hassan bir kaceim,33.9610623,-6.8363371,icons/convenience.png,OSM
