Zone,Nom,Catégorie,Statut,Adresse,Latitude,Longitude,Image,Source
Tanger-Tétouan-Al Hoceïma,McDonald's,Restaurant,Formel,McDonald's,35.8888321,-5.3125926,icons/restaurant.png,OSM
Tanger-Tétouan-Al Hoceïma,Restaurant sans nom,Restaurant,Formel,Restaurant sans nom,35.8897639,-5.3128157,icons/restaurant.png,OSM
Tanger-Tétouan-Al Hoceïma,Restaurant sans nom,Restaurant,Formel,Restaurant sans nom,35.7522694,-5.3409793,icons/restaurant.png,OSM
Tanger-Tétouan-Al Hoceïma,Restaurant sans nom,Restaurant,Formel,Restaurant sans nom,35.063027,-5.1132289,icons/restaurant.png,OSM
Tanger-Tétouan-Al Hoceïma,Restaurant sans nom,Restaurant,Formel,Restaurant sans nom,35.1485382,-4.3682743,icons/restaurant.png,OSM
Tanger-Tétouan-Al Hoceïma,Restaurant sans nom,Restaurant,Formel,Restaurant sans nom,34.848339,-6.2165211,icons/restaurant.png,OSM
Tanger-Tétouan-Al Hoceïma,Restaurant sans nom,Restaurant,Formel,Restaurant sans nom,35.2042699,-6.146,icons/restaurant.png,OSM
Tanger-Tétouan-Al Hoceïma,Supérette / Mini-market sans nom,Supérette / Mini-market,Formel,Supérette / Mini-market sans nom,35.3411929,-5.9678584,icons/convenience.png,OSM
Tanger-Tétouan-Al Hoceïma,Restaurant sans nom,Restaurant,Formel,Restaurant sans nom,35.4222247,-6.0621619,icons/restaurant.png,OSM
Tanger-Tétouan-Al Hoceïma,Aswak Assalam أسواق السلام,Supermarché,Formel,Aswak Assalam أسواق السلام,35.7379579,-5.8742949,icons/supermarket.png,OSM
Tanger-Tétouan-Al Hoceïma,Sunset,Restaurant,Formel,Sunset,35.7599201,-5.93881,icons/restaurant.png,OSM
Tanger-Tétouan-Al Hoceïma,Marina Hercule,Restaurant,Formel,Marina Hercule,35.7602418,-5.9388809,icons/restaurant.png,OSM
Tanger-Tétouan-Al Hoceïma,Marjane,Supermarché,Formel,Marjane,35.7462167,-5.8448104,icons/supermarket.png,OSM
Tanger-Tétouan-Al Hoceïma,La Farma,Restaurant,Formel,La Farma,35.6655051,-5.30717,icons/restaurant.png,OSM
Tanger-Tétouan-Al Hoceïma,Parapharmacie sans nom,Parapharmacie,Formel,وادي لو,35.4509821,-5.0920937,icons/pharmacy.png,OSM
Tanger-Tétouan-Al Hoceïma,مطعم آرامار,Restaurant,Formel,وادي لو,35.4495138,-5.0906689,icons/restaurant.png,OSM
Tanger-Tétouan-Al Hoceïma,Café des jeux,Café,Formel,Café des jeux,35.1698706,-5.2651252,icons/cafe.png,OSM
Tanger-Tétouan-Al Hoceïma,Restaurant sans nom,Restaurant,Formel,Restaurant sans nom,34.9787921,-4.7701549,icons/restaurant.png,OSM
Tanger-Tétouan-Al Hoceïma,Marjane,Supermarché,Formel,Marjane,35.6025334,-5.3344705,icons/supermarket.png,OSM
Tanger-Tétouan-Al Hoceïma,Epsilon,Café,Formel,Epsilon,35.7345696,-5.8930403,icons/cafe.png,OSM
Tanger-Tétouan-Al Hoceïma,Hamadi,Café,Formel,Hamadi,35.7346741,-5.8958298,icons/cafe.png,OSM
Tanger-Tétouan-Al Hoceïma,Café sans nom,Café,Formel,Café sans nom,34.5362653,-4.5058535,icons/cafe.png,OSM
Tanger-Tétouan-Al Hoceïma,Café sans nom,Café,Formel,Café sans nom,34.5370178,-4.5062633,icons/cafe.png,OSM
Tanger-Tétouan-Al Hoceïma,Rif,Café,Formel,Rif,35.1669057,-5.2633269,icons/cafe.png,OSM
Tanger-Tétouan-Al Hoceïma,Lidl,Supermarché,Formel,Ceuta,35.8910426,-5.3188625,icons/supermarket.png,OSM
Tanger-Tétouan-Al Hoceïma,Farmacia Almadraba,Parapharmacie,Formel,"Calle Colonia Romeu, Ceuta",35.8794689,-5.3365891,icons/pharmacy.png,OSM
Tanger-Tétouan-Al Hoceïma,Cafe Restaurant Tiforna,Restaurant,Formel,Cafe Restaurant Tiforna,35.4986397,-5.4360047,icons/restaurant.png,OSM
Tanger-Tétouan-Al Hoceïma,Parapharmacie sans nom,Parapharmacie,Formel,Parapharmacie sans nom,35.4701925,-5.402679,icons/pharmacy.png,OSM
Tanger-Tétouan-Al Hoceïma,Sed Nakhla Restaurant Panoramique,Restaurant,Formel,"Route de Chefchaouen, km 18, Zinat - Tétouan",35.4461912,-5.3935795,icons/restaurant.png,OSM
Tanger-Tétouan-Al Hoceïma,Cafe Restaurant Izaren,Restaurant,Formel,Cafe Restaurant Izaren,34.9672802,-5.541516,icons/restaurant.png,OSM
Tanger-Tétouan-Al Hoceïma,Motel Rif,Restaurant,Formel,Motel Rif,34.7733386,-5.5446897,icons/restaurant.png,OSM
Tanger-Tétouan-Al Hoceïma,Aire de service M'Nasra,Restaurant,Formel,Aire de service M'Nasra,34.644684,-6.4077755,icons/restaurant.png,OSM
Tanger-Tétouan-Al Hoceïma,Aire de service M'Nasra,Restaurant,Formel,Aire de service M'Nasra,34.6442242,-6.4060539,icons/restaurant.png,OSM
Tanger-Tétouan-Al Hoceïma,Hotel Le Lagon,Restaurant,Formel,Hotel Le Lagon,34.8766177,-6.2920411,icons/restaurant.png,OSM
Tanger-Tétouan-Al Hoceïma,Restaurant sans nom,Restaurant,Formel,Restaurant sans nom,35.6973587,-5.9168572,icons/restaurant.png,OSM
Tanger-Tétouan-Al Hoceïma,Supérette / Mini-market sans nom,Supérette / Mini-market,Formel,Supérette / Mini-market sans nom,35.7731438,-5.830179,icons/convenience.png,OSM
Tanger-Tétouan-Al Hoceïma,Boulangerie sans nom,Boulangerie,Formel,Boulangerie sans nom,35.5716751,-5.3690502,icons/bakery.png,OSM
Tanger-Tétouan-Al Hoceïma,Pizzéria Yali,Restaurant,Formel,Pizzéria Yali,35.4656191,-6.0369223,icons/restaurant.png,OSM
Tanger-Tétouan-Al Hoceïma,Café sans nom,Café,Formel,Café sans nom,35.2382436,-5.1798318,icons/cafe.png,OSM
Tanger-Tétouan-Al Hoceïma,Cafe-Restaurant All Manar,Café,Formel,Cafe-Restaurant All Manar,35.4666421,-6.0358716,icons/cafe.png,OSM
Tanger-Tétouan-Al Hoceïma,Ali Baba,Restaurant,Formel,Ali Baba,35.1688034,-5.2625725,icons/restaurant.png,OSM
Tanger-Tétouan-Al Hoceïma,Café sans nom,Café,Formel,Café sans nom,35.2407374,-5.2451144,icons/cafe.png,OSM
Tanger-Tétouan-Al Hoceïma,Café sans nom,Café,Formel,Café sans nom,35.4664573,-6.0354799,icons/cafe.png,OSM
Tanger-Tétouan-Al Hoceïma,Café sans nom,Café,Formel,Café sans nom,35.2289507,-5.3217819,icons/cafe.png,OSM
Tanger-Tétouan-Al Hoceïma,Shawarma,Restaurant,Formel,Shawarma,35.1946682,-6.153373,icons/restaurant.png,OSM
Tanger-Tétouan-Al Hoceïma,Pizzeria Calairis,Restaurant,Formel,Pizzeria Calairis,35.4658325,-6.036609,icons/restaurant.png,OSM
Tanger-Tétouan-Al Hoceïma,Restaurant sans nom,Restaurant,Formel,Restaurant sans nom,35.4660481,-6.0360985,icons/restaurant.png,OSM
Tanger-Tétouan-Al Hoceïma,Épicerie sans nom,Épicerie,Informel,Épicerie sans nom,35.4648572,-6.0381604,icons/greengrocer.png,OSM
Tanger-Tétouan-Al Hoceïma,Snack el Hassani,Restaurant,Formel,Snack el Hassani,35.1674862,-5.266644,icons/restaurant.png,OSM
Tanger-Tétouan-Al Hoceïma,Jbili,Café,Formel,Jbili,35.1690833,-5.2620503,icons/cafe.png,OSM
Tanger-Tétouan-Al Hoceïma,Café sans nom,Café,Formel,Café sans nom,35.1972399,-6.1518896,icons/cafe.png,OSM
Tanger-Tétouan-Al Hoceïma,Valencia,Café,Formel,Valencia,35.1961324,-6.1523095,icons/cafe.png,OSM
Tanger-Tétouan-Al Hoceïma,Restaurant sans nom,Restaurant,Formel,Restaurant sans nom,35.1954406,-6.1529285,icons/restaurant.png,OSM
Tanger-Tétouan-Al Hoceïma,Triana,Café,Formel,Triana,35.1961957,-6.1526403,icons/cafe.png,OSM
Tanger-Tétouan-Al Hoceïma,Restaurant Bon goût,Restaurant,Formel,Restaurant Bon goût,35.1687671,-5.2626503,icons/restaurant.png,OSM
Tanger-Tétouan-Al Hoceïma,Boulangerie sans nom,Boulangerie,Formel,Boulangerie sans nom,35.1947338,-6.1542479,icons/bakery.png,OSM
Tanger-Tétouan-Al Hoceïma,Restaurant sans nom,Restaurant,Formel,Restaurant sans nom,35.1947621,-6.1534464,icons/restaurant.png,OSM
Tanger-Tétouan-Al Hoceïma,Café sans nom,Café,Formel,Café sans nom,35.1959914,-6.152107,icons/cafe.png,OSM
Tanger-Tétouan-Al Hoceïma,Café sans nom,Café,Formel,Café sans nom,35.1949426,-6.1515421,icons/cafe.png,OSM
Tanger-Tétouan-Al Hoceïma,Al-Medina المدينة,Restaurant,Formel,Al-Medina المدينة,35.4660095,-6.0378543,icons/restaurant.png,OSM
Tanger-Tétouan-Al Hoceïma,Rabah,Boulangerie,Formel,Rabah,35.1960262,-6.1524406,icons/bakery.png,OSM
Tanger-Tétouan-Al Hoceïma,Café Tounsi,Café,Formel,Café Tounsi,35.1706074,-5.2574835,icons/cafe.png,OSM
Tanger-Tétouan-Al Hoceïma,Restaurant Jbili,Restaurant,Formel,Restaurant Jbili,35.1690615,-5.2622399,icons/restaurant.png,OSM
Tanger-Tétouan-Al Hoceïma,Restaurant del Sol,Restaurant,Formel,Restaurant del Sol,35.1963515,-6.1519677,icons/restaurant.png,OSM
Tanger-Tétouan-Al Hoceïma,Cafe Espana,Café,Formel,Cafe Espana,35.1963213,-6.1523104,icons/cafe.png,OSM
Tanger-Tétouan-Al Hoceïma,Café sans nom,Café,Formel,Café sans nom,35.1991271,-6.1524087,icons/cafe.png,OSM
Tanger-Tétouan-Al Hoceïma,Restaurant sans nom,Restaurant,Formel,Restaurant sans nom,35.0655714,-5.1087766,icons/restaurant.png,OSM
Tanger-Tétouan-Al Hoceïma,McDonald's,Restaurant,Formel,McDonald's,35.5884226,-5.3337954,icons/restaurant.png,OSM
Tanger-Tétouan-Al Hoceïma,Café sans nom,Café,Formel,Café sans nom,34.6734263,-4.628173,icons/cafe.png,OSM
Tanger-Tétouan-Al Hoceïma,Café sans nom,Café,Formel,Café sans nom,34.6728181,-4.626671,icons/cafe.png,OSM
Tanger-Tétouan-Al Hoceïma,Café sans nom,Café,Formel,Café sans nom,34.6653238,-4.6089014,icons/cafe.png,OSM
Tanger-Tétouan-Al Hoceïma,Boulangerie sans nom,Boulangerie,Formel,Boulangerie sans nom,34.6737307,-4.6284064,icons/bakery.png,OSM
Tanger-Tétouan-Al Hoceïma,Parapharmacie sans nom,Parapharmacie,Formel,Parapharmacie sans nom,34.6732696,-4.6274541,icons/pharmacy.png,OSM
Tanger-Tétouan-Al Hoceïma,Supérette / Mini-market sans nom,Supérette / Mini-market,Formel,Supérette / Mini-market sans nom,34.6732444,-4.6273675,icons/convenience.png,OSM
Tanger-Tétouan-Al Hoceïma,Supermarché sans nom,Supermarché,Formel,Supermarché sans nom,34.5372741,-4.6376697,icons/supermarket.png,OSM
Tanger-Tétouan-Al Hoceïma,Supérette / Mini-market sans nom,Supérette / Mini-market,Formel,Supérette / Mini-market sans nom,34.5376117,-4.6376892,icons/convenience.png,OSM
Tanger-Tétouan-Al Hoceïma,Pharmacie de Taounate صيدلية تاونات,Parapharmacie,Formel,Pharmacie de Taounate صيدلية تاونات,34.5355902,-4.636815,icons/pharmacy.png,OSM
Tanger-Tétouan-Al Hoceïma,Pizzeria d'Amando,Restaurant,Formel,Pizzeria d'Amando,35.8889965,-5.3127934,icons/restaurant.png,OSM
Tanger-Tétouan-Al Hoceïma,El Refrectorio,Restaurant,Formel,El Refrectorio,35.8898224,-5.3124491,icons/restaurant.png,OSM
Tanger-Tétouan-Al Hoceïma,La framboise,Café,Formel,Rue Zallaka,35.7711194,-5.8088995,icons/cafe.png,OSM
Tanger-Tétouan-Al Hoceïma,Supermarché Al Baraka,Supermarché,Formel,Rue Omar Bnou Khattab,35.7724151,-5.8076345,icons/supermarket.png,OSM
Tanger-Tétouan-Al Hoceïma,Aire de service M'Nasra,Café,Formel,Aire de service M'Nasra,34.6436713,-6.4064162,icons/cafe.png,OSM
Tanger-Tétouan-Al Hoceïma,Aire de service Moulay Bouselham,Restaurant,Formel,Aire de service Moulay Bouselham,34.8767609,-6.2148556,icons/restaurant.png,OSM
Tanger-Tétouan-Al Hoceïma,Aire se service Assilah,Café,Formel,Aire se service Assilah,35.4698482,-6.0046803,icons/cafe.png,OSM
Tanger-Tétouan-Al Hoceïma,Aire de service Larache,Café,Formel,Aire de service Larache,35.169058,-6.1217051,icons/cafe.png,OSM
Tanger-Tétouan-Al Hoceïma,Supérette / Mini-market sans nom,Supérette / Mini-market,Formel,Supérette / Mini-market sans nom,34.8768313,-6.2147858,icons/convenience.png,OSM
Tanger-Tétouan-Al Hoceïma,Supérette / Mini-market sans nom,Supérette / Mini-market,Formel,Supérette / Mini-market sans nom,34.6448394,-6.4078131,icons/convenience.png,OSM
Tanger-Tétouan-Al Hoceïma,Supérette / Mini-market sans nom,Supérette / Mini-market,Formel,Supérette / Mini-market sans nom,35.4696516,-6.0045355,icons/convenience.png,OSM
Tanger-Tétouan-Al Hoceïma,Salon de Thê Picasso,Café,Formel,Avenue Sidi Mohamed Ben Abdellah,35.7707049,-5.8118565,icons/cafe.png,OSM
Tanger-Tétouan-Al Hoceïma,La Fuga,Café,Formel,Rue Ibn Zaidoun,35.7816162,-5.8226557,icons/cafe.png,OSM
Tanger-Tétouan-Al Hoceïma,Eric Kayser,Café,Formel,Eric Kayser,35.7817885,-5.8239208,icons/cafe.png,OSM
Tanger-Tétouan-Al Hoceïma,Gite Khizana,Restaurant,Formel,Gite Khizana,35.0448157,-5.2323557,icons/restaurant.png,OSM
Tanger-Tétouan-Al Hoceïma,Café Panorama,Café,Formel,Avenue Mohammed VI,35.7758148,-5.7869988,icons/cafe.png,OSM
Tanger-Tétouan-Al Hoceïma,Épicerie sans nom,Épicerie,Informel,Épicerie sans nom,35.7846927,-5.8122314,icons/greengrocer.png,OSM
Tanger-Tétouan-Al Hoceïma,Boulangerie sans nom,Boulangerie,Formel,Boulangerie sans nom,35.7846057,-5.8122152,icons/bakery.png,OSM
Tanger-Tétouan-Al Hoceïma,Café sans nom,Café,Formel,Café sans nom,35.7843975,-5.8122589,icons/cafe.png,OSM
Tanger-Tétouan-Al Hoceïma,Restaurant sans nom,Restaurant,Formel,Restaurant sans nom,35.7844345,-5.8123126,icons/restaurant.png,OSM
Tanger-Tétouan-Al Hoceïma,Café Manhattan,Café,Formel,Café Manhattan,35.5698757,-5.3848188,icons/cafe.png,OSM
Tanger-Tétouan-Al Hoceïma,Pharmacie Jaber Ibn Hayyan صيدلي جابر بن حيان,Parapharmacie,Formel,Tétouan,35.5691826,-5.3844481,icons/pharmacy.png,OSM
Tanger-Tétouan-Al Hoceïma,Supermarché Hamama,Supermarché,Formel,Supermarché Hamama,35.5695261,-5.384934,icons/supermarket.png,OSM
Tanger-Tétouan-Al Hoceïma,Café Hamama,Café,Formel,Café Hamama,35.56961,-5.3858302,icons/cafe.png,OSM
Tanger-Tétouan-Al Hoceïma,Pharmacie Al Qods صيدلية القدس,Parapharmacie,Formel,"Avenue Mauritanie, Tétouan",35.5729334,-5.3794477,icons/pharmacy.png,OSM
Tanger-Tétouan-Al Hoceïma,Pharmacie Moussa Ibn Noussair صيدلية موسى ابن نصير,Parapharmacie,Formel,"Avenue Moussa Bnou Noussair, Tétouan",35.5722979,-5.3862755,icons/pharmacy.png,OSM
Tanger-Tétouan-Al Hoceïma,Épicerie sans nom,Épicerie,Informel,Épicerie sans nom,35.5718615,-5.3817908,icons/greengrocer.png,OSM
Tanger-Tétouan-Al Hoceïma,Restaurant sans nom,Restaurant,Formel,Restaurant sans nom,35.5716041,-5.3807823,icons/restaurant.png,OSM
Tanger-Tétouan-Al Hoceïma,Supérette / Mini-market sans nom,Supérette / Mini-market,Formel,Supérette / Mini-market sans nom,35.5698695,-5.3844208,icons/convenience.png,OSM
Tanger-Tétouan-Al Hoceïma,Pharmacie de La Mosquée Hassan II صيدلية المسجد الحسن,Parapharmacie,Formel,"Boulevard Chakib Arsalan, Tétouan ⵜⵉⵟⵟⴰⵡⵉⵏ تطوان",35.5698721,-5.3779851,icons/pharmacy.png,OSM
Tanger-Tétouan-Al Hoceïma,Kitea,Supérette / Mini-market,Formel,Kitea,35.5705703,-5.3778231,icons/convenience.png,OSM
Tanger-Tétouan-Al Hoceïma,Supérette / Mini-market sans nom,Supérette / Mini-market,Formel,Supérette / Mini-market sans nom,35.5737512,-5.3794624,icons/convenience.png,OSM
Tanger-Tétouan-Al Hoceïma,Restaurant sans nom,Restaurant,Formel,Restaurant sans nom,35.5740959,-5.3796824,icons/restaurant.png,OSM
Tanger-Tétouan-Al Hoceïma,Boulangerie sans nom,Boulangerie,Formel,Boulangerie sans nom,35.5742661,-5.3796824,icons/bakery.png,OSM
Tanger-Tétouan-Al Hoceïma,Supérette / Mini-market sans nom,Supérette / Mini-market,Formel,Supérette / Mini-market sans nom,35.5741832,-5.3796824,icons/convenience.png,OSM
Tanger-Tétouan-Al Hoceïma,Boulangerie sans nom,Boulangerie,Formel,Boulangerie sans nom,35.5740828,-5.3807982,icons/bakery.png,OSM
Tanger-Tétouan-Al Hoceïma,Café Chrif,Café,Formel,Café Chrif,35.1704041,-5.256944,icons/cafe.png,OSM
Tanger-Tétouan-Al Hoceïma,Molin'Arte,Restaurant,Formel,Raas el ma Fouara,35.1696865,-5.2573418,icons/restaurant.png,OSM
Tanger-Tétouan-Al Hoceïma,Café del Rio,Café,Formel,Café del Rio,35.1694936,-5.2573096,icons/cafe.png,OSM
Tanger-Tétouan-Al Hoceïma,Café Tingis,Café,Formel,Café Tingis,35.7854332,-5.8105503,icons/cafe.png,OSM
Tanger-Tétouan-Al Hoceïma,Pharmacie Anegay صيدلية أنغاي,Parapharmacie,Formel,"Rue Siaghine, Tanger طنجة",35.7851172,-5.8124517,icons/pharmacy.png,OSM
Tanger-Tétouan-Al Hoceïma,Pharmacie Bab Bhar صيدلية باب البحر,Parapharmacie,Formel,"Rue Bab El Assa, Tanger ⵜⵉⵏ ⵉⴳⴳⵉ طنجة",35.7878722,-5.8117732,icons/pharmacy.png,OSM
Tanger-Tétouan-Al Hoceïma,Pharmacie Al Maghrib صيدلية المغرب,Parapharmacie,Formel,"Rue de la Liberté شارع الحرية, طنجة",35.7826008,-5.8129687,icons/pharmacy.png,OSM
Tanger-Tétouan-Al Hoceïma,Épicerie sans nom,Épicerie,Informel,Épicerie sans nom,35.0519861,-4.0702221,icons/greengrocer.png,OSM
Tanger-Tétouan-Al Hoceïma,Etoile Cap Spartel,Restaurant,Formel,Etoile Cap Spartel,35.7899427,-5.9237766,icons/restaurant.png,OSM
Tanger-Tétouan-Al Hoceïma,Las Chicas,Restaurant,Formel,Las Chicas,35.7883955,-5.8156558,icons/restaurant.png,OSM
Tanger-Tétouan-Al Hoceïma,Café sans nom,Café,Formel,Café sans nom,35.7591228,-5.8287602,icons/cafe.png,OSM
Tanger-Tétouan-Al Hoceïma,Café sans nom,Café,Formel,Avenue Ben Abi Zarae,35.760154,-5.8325841,icons/cafe.png,OSM
Tanger-Tétouan-Al Hoceïma,Café sans nom,Café,Formel,Café sans nom,34.7981626,-5.5866048,icons/cafe.png,OSM
Tanger-Tétouan-Al Hoceïma,Café Sol,Restaurant,Formel,Café Sol,35.7792234,-5.9296649,icons/restaurant.png,OSM
Tanger-Tétouan-Al Hoceïma,Restaurant sans nom,Restaurant,Formel,Restaurant sans nom,35.7771224,-5.9281436,icons/restaurant.png,OSM
Tanger-Tétouan-Al Hoceïma,Détroit,Restaurant,Formel,Détroit,35.7889276,-5.8127391,icons/restaurant.png,OSM
Tanger-Tétouan-Al Hoceïma,Le Saveur du Poisson,Restaurant,Formel,Le Saveur du Poisson,35.7825553,-5.8125675,icons/restaurant.png,OSM
Tanger-Tétouan-Al Hoceïma,Le Salon Bleu,Restaurant,Formel,Le Salon Bleu,35.7886157,-5.8118877,icons/restaurant.png,OSM
Tanger-Tétouan-Al Hoceïma,La Tulipe,Café,Formel,La Tulipe,35.7805985,-5.815255,icons/cafe.png,OSM
Tanger-Tétouan-Al Hoceïma,Café sans nom,Café,Formel,Café sans nom,35.7886579,-5.8144986,icons/cafe.png,OSM
Tanger-Tétouan-Al Hoceïma,Virginia Ice,Café,Formel,Avenue Sidi Mohamed Ben Abdellah,35.7729463,-5.8160678,icons/cafe.png,OSM
Tanger-Tétouan-Al Hoceïma,Boulangerie Patisserie de Paris,Boulangerie,Formel,"Avenue Sidi Mohamed Ben Abdellah, Tanger",35.7731493,-5.8163906,icons/bakery.png,OSM
Tanger-Tétouan-Al Hoceïma,Gran café central,Café,Formel,طنجة,35.785553,-5.8106631,icons/cafe.png,OSM
Tanger-Tétouan-Al Hoceïma,panoramic view restaurant,Restaurant,Formel,28 bab el assa tanger Morocco,35.7865603,-5.8129456,icons/restaurant.png,OSM
Tanger-Tétouan-Al Hoceïma,Restaurant sans nom,Restaurant,Formel,Restaurant sans nom,35.7860905,-5.8127364,icons/restaurant.png,OSM
Tanger-Tétouan-Al Hoceïma,Art & Gourmet,Restaurant,Formel,Art & Gourmet,35.784622,-5.8124776,icons/restaurant.png,OSM
Tanger-Tétouan-Al Hoceïma,Oasis,Restaurant,Formel,Oasis,35.8989805,-5.2926103,icons/restaurant.png,OSM
Tanger-Tétouan-Al Hoceïma,Restaurant sans nom,Restaurant,Formel,Restaurant sans nom,35.8965487,-5.2984,icons/restaurant.png,OSM
Tanger-Tétouan-Al Hoceïma,Restaurant sans nom,Restaurant,Formel,Restaurant sans nom,35.8960208,-5.2988426,icons/restaurant.png,OSM
Tanger-Tétouan-Al Hoceïma,Kiosque sans nom,Kiosque,Informel,Kiosque sans nom,35.8940783,-5.3007442,icons/kiosk.png,OSM
Tanger-Tétouan-Al Hoceïma,Café sans nom,Café,Formel,Café sans nom,34.8751493,-6.2136322,icons/cafe.png,OSM
Tanger-Tétouan-Al Hoceïma,Restaurant sans nom,Restaurant,Formel,Restaurant sans nom,34.8752945,-6.2139326,icons/restaurant.png,OSM
Tanger-Tétouan-Al Hoceïma,Restaurant sans nom,Restaurant,Formel,Restaurant sans nom,35.6879407,-5.6785583,icons/restaurant.png,OSM
Tanger-Tétouan-Al Hoceïma,Café sans nom,Café,Formel,Café sans nom,35.6880365,-5.6786495,icons/cafe.png,OSM
Tanger-Tétouan-Al Hoceïma,Café sans nom,Café,Formel,Café sans nom,35.6901453,-5.6780273,icons/cafe.png,OSM
Tanger-Tétouan-Al Hoceïma,Restaurant sans nom,Restaurant,Formel,Restaurant sans nom,35.6900102,-5.6779575,icons/restaurant.png,OSM
Tanger-Tétouan-Al Hoceïma,Café sans nom,Café,Formel,Café sans nom,35.1947672,-6.1537416,icons/cafe.png,OSM
Tanger-Tétouan-Al Hoceïma,Pharmacie Rihabe صيدلية رحاب,Parapharmacie,Formel,"Mohammed Ben Abdellah, Larache",35.1882493,-6.155194,icons/pharmacy.png,OSM
Tanger-Tétouan-Al Hoceïma,Pharmacie Ibn Rochd صيدلية ابن رشد,Parapharmacie,Formel,"Avenue Abdelmoumen Ben Ali, Larache",35.1890139,-6.1515995,icons/pharmacy.png,OSM
Tanger-Tétouan-Al Hoceïma,Pharmacie Coliseo صيدلية كوليسيو,Parapharmacie,Formel,"Rue Caid Ahmed Riffi, Larache ⵍⵄⵔⴰⵢⵛ العرائش",35.1947614,-6.1543643,icons/pharmacy.png,OSM
Tanger-Tétouan-Al Hoceïma,Lixus,Café,Formel,Lixus,35.1970091,-6.1528732,icons/cafe.png,OSM
Tanger-Tétouan-Al Hoceïma,Balcon Attlantico,Café,Formel,Balcon Attlantico,35.1976702,-6.1535572,icons/cafe.png,OSM
Tanger-Tétouan-Al Hoceïma,Arabia,Café,Formel,Arabia,35.1974337,-6.1536329,icons/cafe.png,OSM
Tanger-Tétouan-Al Hoceïma,La Ezquina,Café,Formel,La Ezquina,35.1948026,-6.1545149,icons/cafe.png,OSM
Tanger-Tétouan-Al Hoceïma,Restaurant sans nom,Restaurant,Formel,Restaurant sans nom,35.1964679,-6.1515065,icons/restaurant.png,OSM
Tanger-Tétouan-Al Hoceïma,Pharmacie Boutaina صيدلية بثينة,Parapharmacie,Formel,"Rue Ibn Khaldoun, Larache العرائش",35.1928781,-6.1553246,icons/pharmacy.png,OSM
Tanger-Tétouan-Al Hoceïma,Pharmacie Ibn Khaldoun صيدلية ابن خلدون,Parapharmacie,Formel,"Avenue Mohammed Ben Abdellah, Larache العرائش",35.1912968,-6.1541289,icons/pharmacy.png,OSM
Tanger-Tétouan-Al Hoceïma,Assaada,Restaurant,Formel,"Bab El Ain, Chefchaouen",35.1684874,-5.264631,icons/restaurant.png,OSM
Tanger-Tétouan-Al Hoceïma,Café Rihab Essalam,Café,Formel,Café Rihab Essalam,35.7361142,-5.8782858,icons/cafe.png,OSM
Tanger-Tétouan-Al Hoceïma,Café Bab Andalouss,Café,Formel,Café Bab Andalouss,35.7364125,-5.8782025,icons/cafe.png,OSM
Tanger-Tétouan-Al Hoceïma,Snack El Zahrae,Restaurant,Formel,Snack El Zahrae,35.7340159,-5.8844259,icons/restaurant.png,OSM
Tanger-Tétouan-Al Hoceïma,Pharmacie La Cité Universitaire صيدلية الحي الجامعي,Parapharmacie,Formel,"Route Boukhalef, Tanger طنجة",35.7338104,-5.8846632,icons/pharmacy.png,OSM
Tanger-Tétouan-Al Hoceïma,Café El Mazar,Café,Formel,Café El Mazar,35.7337448,-5.8828669,icons/cafe.png,OSM
Tanger-Tétouan-Al Hoceïma,Bricoma,Supermarché,Formel,Bricoma,35.7275731,-5.8874373,icons/supermarket.png,OSM
Tanger-Tétouan-Al Hoceïma,Snack Costa Del Sol,Restaurant,Formel,Snack Costa Del Sol,35.7322037,-5.8823839,icons/restaurant.png,OSM
Tanger-Tétouan-Al Hoceïma,Café El-Marouani,Café,Formel,Café El-Marouani,35.7338312,-5.884495,icons/cafe.png,OSM
Tanger-Tétouan-Al Hoceïma,Kiosk- Bureau de tabac,Kiosque,Informel,Kiosk- Bureau de tabac,35.7339596,-5.8827086,icons/kiosk.png,OSM
Tanger-Tétouan-Al Hoceïma,Café sans nom,Café,Formel,Café sans nom,34.5772231,-4.6067542,icons/cafe.png,OSM
Tanger-Tétouan-Al Hoceïma,Top Regalo,Épicerie,Informel,Top Regalo,35.7790207,-5.8142174,icons/greengrocer.png,OSM
Tanger-Tétouan-Al Hoceïma,Snack Alia,Restaurant,Formel,Snack Alia,35.7778869,-5.8188945,icons/restaurant.png,OSM
Tanger-Tétouan-Al Hoceïma,Place Jedida,Épicerie,Informel,Place Jedida,35.7784944,-5.8138939,icons/greengrocer.png,OSM
Tanger-Tétouan-Al Hoceïma,Cafe Semara,Café,Formel,Cafe Semara,35.7789192,-5.8140949,icons/cafe.png,OSM
Tanger-Tétouan-Al Hoceïma,Mahalaba Hollanda,Restaurant,Formel,Mahalaba Hollanda,35.7789097,-5.8143361,icons/restaurant.png,OSM
Tanger-Tétouan-Al Hoceïma,Mr. Cod,Restaurant,Formel,Mr. Cod,35.7798501,-5.817535,icons/restaurant.png,OSM
Tanger-Tétouan-Al Hoceïma,Afriquia أفريقيا,Café,Formel,Afriquia أفريقيا,35.7800043,-5.8144947,icons/cafe.png,OSM
Tanger-Tétouan-Al Hoceïma,McDonald's,Restaurant,Formel,McDonald's,35.7750647,-5.7879868,icons/restaurant.png,OSM
Tanger-Tétouan-Al Hoceïma,Cafe Normandie,Café,Formel,Boulevard Angleterre,35.7771294,-5.8197882,icons/cafe.png,OSM
Tanger-Tétouan-Al Hoceïma,Cafe Rain Sky,Café,Formel,Boulevard Angleterre,35.7770588,-5.8196622,icons/cafe.png,OSM
Tanger-Tétouan-Al Hoceïma,Cafe Dakhla,Café,Formel,Cafe Dakhla,35.775792,-5.8203585,icons/cafe.png,OSM
Tanger-Tétouan-Al Hoceïma,Supermarche Oasis,Supermarché,Formel,Supermarche Oasis,35.7802824,-5.8200605,icons/supermarket.png,OSM
Tanger-Tétouan-Al Hoceïma,Café Glasgow,Café,Formel,Café Glasgow,35.7805033,-5.8201121,icons/cafe.png,OSM
Tanger-Tétouan-Al Hoceïma,Pizzeria Lux,Restaurant,Formel,Pizzeria Lux,35.77964,-5.8157369,icons/restaurant.png,OSM
Tanger-Tétouan-Al Hoceïma,Café du Parc,Café,Formel,Café du Parc,35.7829294,-5.8141985,icons/cafe.png,OSM
Tanger-Tétouan-Al Hoceïma,Gran Café De Paris,Café,Formel,Rue de la Liberté,35.7811246,-5.8126051,icons/cafe.png,OSM
Tanger-Tétouan-Al Hoceïma,Pizza Hut,Restaurant,Formel,Rue Abou Ali El Mâari,35.7778836,-5.8028529,icons/restaurant.png,OSM
Tanger-Tétouan-Al Hoceïma,Cafe Metropole,Café,Formel,Cafe Metropole,35.7804274,-5.8104384,icons/cafe.png,OSM
Tanger-Tétouan-Al Hoceïma,Darna Restaurant,Restaurant,Formel,Darna Restaurant,35.7798709,-5.8143009,icons/restaurant.png,OSM
Tanger-Tétouan-Al Hoceïma,Cafe DaVinci,Café,Formel,Cafe DaVinci,35.7772721,-5.8059814,icons/cafe.png,OSM
Tanger-Tétouan-Al Hoceïma,Menzah,Café,Formel,Menzah,35.7809598,-5.8159402,icons/cafe.png,OSM
Tanger-Tétouan-Al Hoceïma,Café Hafa,Restaurant,Formel,Café Hafa,35.7914,-5.8219757,icons/restaurant.png,OSM
Tanger-Tétouan-Al Hoceïma,World Coffee,Café,Formel,World Coffee,35.7813511,-5.8159279,icons/cafe.png,OSM
Tanger-Tétouan-Al Hoceïma,Rapido Pizza,Restaurant,Formel,Rapido Pizza,35.7759487,-5.8140365,icons/restaurant.png,OSM
Tanger-Tétouan-Al Hoceïma,Café Pollock,Café,Formel,Café Pollock,35.7804399,-5.8195128,icons/cafe.png,OSM
Tanger-Tétouan-Al Hoceïma,Supermarché sans nom,Supermarché,Formel,Supermarché sans nom,35.7812474,-5.8228213,icons/supermarket.png,OSM
Tanger-Tétouan-Al Hoceïma,Cafe Iberia,Café,Formel,Cafe Iberia,35.7815556,-5.8209546,icons/cafe.png,OSM
Tanger-Tétouan-Al Hoceïma,Cafe Atlantic,Café,Formel,Cafe Atlantic,35.779163,-5.8131458,icons/cafe.png,OSM
Tanger-Tétouan-Al Hoceïma,Cafe Hanafta,Café,Formel,Cafe Hanafta,35.7892777,-5.820286,icons/cafe.png,OSM
Tanger-Tétouan-Al Hoceïma,Pharmacie Moderne صيدلية العصرية,Parapharmacie,Formel,"Place du 9 avril, Tanger طنجة",35.784065,-5.8126868,icons/pharmacy.png,OSM
Tanger-Tétouan-Al Hoceïma,Cafe De Parque,Café,Formel,Cafe De Parque,35.7890677,-5.8204868,icons/cafe.png,OSM
Tanger-Tétouan-Al Hoceïma,Café Place De France,Café,Formel,Café Place De France,35.7806683,-5.812678,icons/cafe.png,OSM
Tanger-Tétouan-Al Hoceïma,Anna e Paolo انا اي بولو طنجه,Restaurant,Formel,Anna e Paolo انا اي بولو طنجه,35.7770456,-5.811325,icons/restaurant.png,OSM
Tanger-Tétouan-Al Hoceïma,Cafe Madison,Café,Formel,Cafe Madison,35.7754498,-5.8008432,icons/cafe.png,OSM
Tanger-Tétouan-Al Hoceïma,Cafe Dulcinea,Café,Formel,Cafe Dulcinea,35.776486,-5.8045881,icons/cafe.png,OSM
Tanger-Tétouan-Al Hoceïma,Casa Nona,Restaurant,Formel,Casa Nona,35.7770765,-5.8139396,icons/restaurant.png,OSM
Tanger-Tétouan-Al Hoceïma,Cafe Oscar,Café,Formel,Cafe Oscar,35.7770005,-5.8126221,icons/cafe.png,OSM
Tanger-Tétouan-Al Hoceïma,Cafe Kandinsky,Café,Formel,Cafe Kandinsky,35.774982,-5.784774,icons/cafe.png,OSM
Tanger-Tétouan-Al Hoceïma,Supermarche Centro,Supermarché,Formel,Avenue d'Espagne,35.7739257,-5.7952921,icons/supermarket.png,OSM
Tanger-Tétouan-Al Hoceïma,Panadería Florida,Boulangerie,Formel,Tanger طنجة,35.7799078,-5.8158476,icons/bakery.png,OSM
Tanger-Tétouan-Al Hoceïma,DeliPanos,Restaurant,Formel,DeliPanos,35.7796938,-5.8124855,icons/restaurant.png,OSM
Tanger-Tétouan-Al Hoceïma,Cafe Orio Serio,Café,Formel,Avenue d'Espagne,35.7742978,-5.7964493,icons/cafe.png,OSM
Tanger-Tétouan-Al Hoceïma,Baysar,Restaurant,Formel,Baysar,35.7796389,-5.8111535,icons/restaurant.png,OSM
Tanger-Tétouan-Al Hoceïma,Bachir Restaurant,Restaurant,Formel,Bachir Restaurant,35.7795656,-5.8110644,icons/restaurant.png,OSM
Tanger-Tétouan-Al Hoceïma,Quatre Saisons Sandwich,Restaurant,Formel,Quatre Saisons Sandwich,35.7794845,-5.8109748,icons/restaurant.png,OSM
Tanger-Tétouan-Al Hoceïma,Café sans nom,Café,Formel,Café sans nom,35.0168388,-5.01853,icons/cafe.png,OSM
Tanger-Tétouan-Al Hoceïma,FSTT cafétéria,Café,Formel,FSTT cafétéria,35.7358238,-5.8945974,icons/cafe.png,OSM
Tanger-Tétouan-Al Hoceïma,Cappuccino,Restaurant,Formel,"Avenue Mohammed 6, Tanger طنجة",35.7836481,-5.7613756,icons/restaurant.png,OSM
Tanger-Tétouan-Al Hoceïma,Esquina Iberica,Restaurant,Formel,Esquina Iberica,35.8876488,-5.3155298,icons/restaurant.png,OSM
Tanger-Tétouan-Al Hoceïma,Caféteria Buena Vista,Restaurant,Formel,Caféteria Buena Vista,35.1682209,-5.2665522,icons/restaurant.png,OSM
Tanger-Tétouan-Al Hoceïma,Café Faracha,Café,Formel,Café Faracha,35.168173,-5.2662835,icons/cafe.png,OSM
Tanger-Tétouan-Al Hoceïma,Pharmacie Chefchaouen صيدلية شفشاون,Parapharmacie,Formel,"Avenue Moulay Driss شارع مولاي ادريس, Chefchaouen ⵛⴼⵛⴰⵡⵏ شفشاون",35.1676481,-5.2660538,icons/pharmacy.png,OSM
Tanger-Tétouan-Al Hoceïma,Al Bahja,Restaurant,Formel,Al Bahja,35.1676374,-5.2668368,icons/restaurant.png,OSM
Tanger-Tétouan-Al Hoceïma,Restaurant Semmar,Restaurant,Formel,Restaurant Semmar,35.1684219,-5.2649368,icons/restaurant.png,OSM
Tanger-Tétouan-Al Hoceïma,Restaurant Amigos مطعم الاصدقاء,Restaurant,Formel,Restaurant Amigos مطعم الاصدقاء,35.1697912,-5.2651941,icons/restaurant.png,OSM
Tanger-Tétouan-Al Hoceïma,Restaurant Casa Aladin,Restaurant,Formel,Restaurant Casa Aladin,35.1692252,-5.261883,icons/restaurant.png,OSM
Tanger-Tétouan-Al Hoceïma,Restaurant Paloma,Restaurant,Formel,Restaurant Paloma,35.1684825,-5.2629383,icons/restaurant.png,OSM
Tanger-Tétouan-Al Hoceïma,Restaurant la Estrella,Restaurant,Formel,Restaurant la Estrella,35.1685034,-5.2627869,icons/restaurant.png,OSM
Tanger-Tétouan-Al Hoceïma,Restaurant Darcom,Restaurant,Formel,Restaurant Darcom,35.1681038,-5.2626904,icons/restaurant.png,OSM
Tanger-Tétouan-Al Hoceïma,Restaurant Haji,Restaurant,Formel,Restaurant Haji,35.1686931,-5.2628848,icons/restaurant.png,OSM
Tanger-Tétouan-Al Hoceïma,Hicham,Café,Formel,Hicham,35.1687991,-5.261113,icons/cafe.png,OSM
Tanger-Tétouan-Al Hoceïma,Snack Azhar,Restaurant,Formel,Snack Azhar,35.1687162,-5.262781,icons/restaurant.png,OSM
Tanger-Tétouan-Al Hoceïma,café,Café,Formel,café,35.1687466,-5.2626831,icons/cafe.png,OSM
Tanger-Tétouan-Al Hoceïma,Restaurant Café Mounir,Restaurant,Formel,Restaurant Café Mounir,35.1685436,-5.2626564,icons/restaurant.png,OSM
Tanger-Tétouan-Al Hoceïma,Restaurant Chez Fouad,Restaurant,Formel,Restaurant Chez Fouad,35.1699122,-5.2616788,icons/restaurant.png,OSM
Tanger-Tétouan-Al Hoceïma,Restaurant Granada,Restaurant,Formel,Restaurant Granada,35.1699281,-5.261771,icons/restaurant.png,OSM
Tanger-Tétouan-Al Hoceïma,Bab Kasaba,Restaurant,Formel,Bab Kasaba,35.1689728,-5.2623486,icons/restaurant.png,OSM
Tanger-Tétouan-Al Hoceïma,Restaurant Fuente,Restaurant,Formel,Restaurant Fuente,35.1690732,-5.2615681,icons/restaurant.png,OSM
Tanger-Tétouan-Al Hoceïma,Restaurant Hicham,Restaurant,Formel,Restaurant Hicham,35.1690832,-5.2617072,icons/restaurant.png,OSM
Tanger-Tétouan-Al Hoceïma,Restaurant Ismael,Restaurant,Formel,Restaurant Ismael,35.1688787,-5.2624931,icons/restaurant.png,OSM
Tanger-Tétouan-Al Hoceïma,Pharmacie Utaa Hammam صيدلية وطاء الحمام,Parapharmacie,Formel,"Place Outa Hamam ساحة اوطا حمام, Chefchaouen شفشاون",35.1689649,-5.2611811,icons/pharmacy.png,OSM
Tanger-Tétouan-Al Hoceïma,Café AL Kasaba,Café,Formel,Café AL Kasaba,35.1689088,-5.2616143,icons/cafe.png,OSM
Tanger-Tétouan-Al Hoceïma,Janah Alakhdar,Restaurant,Formel,Janah Alakhdar,35.1687803,-5.2626192,icons/restaurant.png,OSM
Tanger-Tétouan-Al Hoceïma,Pharmacie Assalam صيدلية السلام,Parapharmacie,Formel,"Boulevard Essaida El Houra شارع السيدة الحرة, Chefchaouen شفشاون",35.1686287,-5.2632947,icons/pharmacy.png,OSM
Tanger-Tétouan-Al Hoceïma,Café Djebli,Café,Formel,Café Djebli,35.168652,-5.2691298,icons/cafe.png,OSM
Tanger-Tétouan-Al Hoceïma,Arlina,Restaurant,Formel,Arlina,35.1682048,-5.2689952,icons/restaurant.png,OSM
Tanger-Tétouan-Al Hoceïma,Café Barcelona,Café,Formel,Café Barcelona,35.1704178,-5.2694297,icons/cafe.png,OSM
Tanger-Tétouan-Al Hoceïma,Café Ben Azouz,Café,Formel,Café Ben Azouz,35.1681745,-5.2688809,icons/cafe.png,OSM
Tanger-Tétouan-Al Hoceïma,Café de Soufiane,Café,Formel,Café de Soufiane,35.1700932,-5.2685561,icons/cafe.png,OSM
Tanger-Tétouan-Al Hoceïma,Café Chefchaouen,Café,Formel,Café Chefchaouen,35.17005,-5.268509,icons/cafe.png,OSM
Tanger-Tétouan-Al Hoceïma,Patisserie El melouhi,Boulangerie,Formel,Patisserie El melouhi,35.168117,-5.268679,icons/bakery.png,OSM
Tanger-Tétouan-Al Hoceïma,Pharmacie Cervantes صيدلية سيرفانطيس,Parapharmacie,Formel,"Rue Anoual زنقة انوال, Tanger طنجة",35.7826706,-5.8104385,icons/pharmacy.png,OSM
Tanger-Tétouan-Al Hoceïma,Café Hamid,Café,Formel,Café Hamid,35.1703504,-5.2712987,icons/cafe.png,OSM
Tanger-Tétouan-Al Hoceïma,Chez Aziz عند عزيز,Restaurant,Formel,Chez Aziz عند عزيز,35.1702583,-5.2705918,icons/restaurant.png,OSM
Tanger-Tétouan-Al Hoceïma,Pharmacie Al Hafa صيدلية الحافة,Parapharmacie,Formel,"Avenue Mohamed V شارع محمد الخامس, Chefchaouen ⵛⴼⵛⴰⵡⵏ شفشاون",35.1674786,-5.2688322,icons/pharmacy.png,OSM
Tanger-Tétouan-Al Hoceïma,Pharmacie Les Parents صيدلية الوالدين,Parapharmacie,Formel,"Avenue Mohamed Abdou شارع محمد عبده, Chefchaouen",35.1685196,-5.2719692,icons/pharmacy.png,OSM
Tanger-Tétouan-Al Hoceïma,Laiterie Sadiki,Restaurant,Formel,Laiterie Sadiki,35.1699939,-5.2624138,icons/restaurant.png,OSM
Tanger-Tétouan-Al Hoceïma,Lala Messaouda,Restaurant,Formel,Lala Messaouda,35.1700013,-5.2620446,icons/restaurant.png,OSM
Tanger-Tétouan-Al Hoceïma,Supérette / Mini-market sans nom,Supérette / Mini-market,Formel,Supérette / Mini-market sans nom,35.1700624,-5.2626745,icons/convenience.png,OSM
Tanger-Tétouan-Al Hoceïma,Epices,Supérette / Mini-market,Formel,Epices,35.1697929,-5.2618047,icons/convenience.png,OSM
Tanger-Tétouan-Al Hoceïma,Four traditionnel,Boulangerie,Formel,Four traditionnel,35.1698991,-5.2617443,icons/bakery.png,OSM
Tanger-Tétouan-Al Hoceïma,Spice of Chaouen,Supérette / Mini-market,Formel,Spice of Chaouen,35.1698034,-5.2618486,icons/convenience.png,OSM
Tanger-Tétouan-Al Hoceïma,Supérette / Mini-market sans nom,Supérette / Mini-market,Formel,Supérette / Mini-market sans nom,35.1696318,-5.2617464,icons/convenience.png,OSM
Tanger-Tétouan-Al Hoceïma,Dar Zarbiya,Supérette / Mini-market,Formel,Dar Zarbiya,35.1697005,-5.2617636,icons/convenience.png,OSM
Tanger-Tétouan-Al Hoceïma,Snack Oumrabie,Café,Formel,Snack Oumrabie,35.168883,-5.2578777,icons/cafe.png,OSM
Tanger-Tétouan-Al Hoceïma,Café Abdoul,Café,Formel,Café Abdoul,35.1706065,-5.2567245,icons/cafe.png,OSM
Tanger-Tétouan-Al Hoceïma,Tropicana,Restaurant,Formel,Tropicana,35.1674762,-5.261795,icons/restaurant.png,OSM
Tanger-Tétouan-Al Hoceïma,Mandala,Restaurant,Formel,Mandala,35.1680524,-5.2613298,icons/restaurant.png,OSM
Tanger-Tétouan-Al Hoceïma,Café haouta,Café,Formel,Café haouta,35.1690754,-5.2635128,icons/cafe.png,OSM
Tanger-Tétouan-Al Hoceïma,Boutique Traditional,Supérette / Mini-market,Formel,Boutique Traditional,35.1692819,-5.2605958,icons/convenience.png,OSM
Tanger-Tétouan-Al Hoceïma,Boutique Traditional,Supérette / Mini-market,Formel,Boutique Traditional,35.1697687,-5.259794,icons/convenience.png,OSM
Tanger-Tétouan-Al Hoceïma,Talambouti,Restaurant,Formel,Talambouti,35.1692393,-5.2610222,icons/restaurant.png,OSM
Tanger-Tétouan-Al Hoceïma,Le rêve bleu,Restaurant,Formel,Le rêve bleu,35.1701309,-5.261013,icons/restaurant.png,OSM
Tanger-Tétouan-Al Hoceïma,Salon de thé Benhmamou,Café,Formel,Salon de thé Benhmamou,35.1673248,-5.2644452,icons/cafe.png,OSM
Tanger-Tétouan-Al Hoceïma,Pizza Chez Aziz,Restaurant,Formel,Pizza Chez Aziz,35.1670652,-5.26398,icons/restaurant.png,OSM
Tanger-Tétouan-Al Hoceïma,Aljawhara,Restaurant,Formel,Aljawhara,35.1669622,-5.2640729,icons/restaurant.png,OSM
Tanger-Tétouan-Al Hoceïma,Café Appinumm,Café,Formel,Café Appinumm,35.1663162,-5.262998,icons/cafe.png,OSM
Tanger-Tétouan-Al Hoceïma,Pharmacie la Santé صيدلية الصحة,Parapharmacie,Formel,"Avenue Allal Ben Abdellah شارع علال بن عبد الله, Chefchaouen شفشاون",35.1664575,-5.2642183,icons/pharmacy.png,OSM
Tanger-Tétouan-Al Hoceïma,Restaurant Laachiri,Restaurant,Formel,Restaurant Laachiri,35.1665728,-5.2652482,icons/restaurant.png,OSM
Tanger-Tétouan-Al Hoceïma,Boulangerie sans nom,Boulangerie,Formel,Boulangerie sans nom,35.1670875,-5.2649575,icons/bakery.png,OSM
Tanger-Tétouan-Al Hoceïma,Ahlan,Restaurant,Formel,Ahlan,35.1663802,-5.2651716,icons/restaurant.png,OSM
Tanger-Tétouan-Al Hoceïma,Moulay Abderrahman Cherif,Épicerie,Informel,Moulay Abderrahman Cherif,35.1661008,-5.2655461,icons/greengrocer.png,OSM
Tanger-Tétouan-Al Hoceïma,Café Dalia,Café,Formel,Café Dalia,35.16674,-5.2653819,icons/cafe.png,OSM
Tanger-Tétouan-Al Hoceïma,Café Zahra,Café,Formel,Café Zahra,35.1663321,-5.2648959,icons/cafe.png,OSM
Tanger-Tétouan-Al Hoceïma,Cleopatra,Boulangerie,Formel,Cleopatra,35.167295,-5.2661676,icons/bakery.png,OSM
Tanger-Tétouan-Al Hoceïma,café Maktoub,Café,Formel,café Maktoub,35.1672161,-5.2659665,icons/cafe.png,OSM
Tanger-Tétouan-Al Hoceïma,Boudiyab,Restaurant,Formel,Boudiyab,35.1671535,-5.2658342,icons/restaurant.png,OSM
Tanger-Tétouan-Al Hoceïma,Al Akhawayn,Restaurant,Formel,Al Akhawayn,35.1671836,-5.2657227,icons/restaurant.png,OSM
Tanger-Tétouan-Al Hoceïma,Salon de thé Hassan,Café,Formel,Salon de thé Hassan,35.1673934,-5.2661128,icons/cafe.png,OSM
Tanger-Tétouan-Al Hoceïma,Café Assafae,Café,Formel,Café Assafae,35.1677101,-5.2668685,icons/cafe.png,OSM
Tanger-Tétouan-Al Hoceïma,Supérette / Mini-market sans nom,Supérette / Mini-market,Formel,Supérette / Mini-market sans nom,35.1680987,-5.2664083,icons/convenience.png,OSM
Tanger-Tétouan-Al Hoceïma,Café Semmar,Café,Formel,Café Semmar,35.1673476,-5.2657993,icons/cafe.png,OSM
Tanger-Tétouan-Al Hoceïma,Delice,Restaurant,Formel,Delice,35.1976362,-6.1534153,icons/restaurant.png,OSM
Tanger-Tétouan-Al Hoceïma,Restaurant Barkok,Restaurant,Formel,Restaurant Barkok,35.1696901,-5.2660352,icons/restaurant.png,OSM
Tanger-Tétouan-Al Hoceïma,Sandwich Chez Aziz,Restaurant,Formel,Sandwich Chez Aziz,35.1682763,-5.2648861,icons/restaurant.png,OSM
Tanger-Tétouan-Al Hoceïma,Café Litiria Mefedal,Café,Formel,Café Litiria Mefedal,35.1683615,-5.2651501,icons/cafe.png,OSM
Tanger-Tétouan-Al Hoceïma,Restaurant Moulay Ali Ben Rachid,Restaurant,Formel,Restaurant Moulay Ali Ben Rachid,35.1687893,-5.2652567,icons/restaurant.png,OSM
Tanger-Tétouan-Al Hoceïma,Pharmacie Al Hamra صيدلية الحمرة,Parapharmacie,Formel,"Avenue Moulay Ali Ben Rachid شارع مولاي علي بن راشد, Chefchaouen شفشاون",35.169487,-5.2655843,icons/pharmacy.png,OSM
Tanger-Tétouan-Al Hoceïma,Café Al Karam,Café,Formel,Café Al Karam,35.1696833,-5.2666045,icons/cafe.png,OSM
Tanger-Tétouan-Al Hoceïma,Café des jeunes,Café,Formel,Café des jeunes,35.1696991,-5.2659031,icons/cafe.png,OSM
Tanger-Tétouan-Al Hoceïma,Café Chiah,Café,Formel,Café Chiah,35.1698147,-5.2659012,icons/cafe.png,OSM
Tanger-Tétouan-Al Hoceïma,Snack Moustapha Maqnine,Restaurant,Formel,Snack Moustapha Maqnine,35.1703061,-5.2679752,icons/restaurant.png,OSM
Tanger-Tétouan-Al Hoceïma,Pharmacie El Machichi صيدلية المشيشي,Parapharmacie,Formel,"Avenue Machichi شارع المشيشي, Chefchaouen ⵜⵛⴻⴼⵜⵛⴰⵡⴻⵏ شفشاون",35.170529,-5.2686114,icons/pharmacy.png,OSM
Tanger-Tétouan-Al Hoceïma,Pharmacie la Province صيدلية العمالة,Parapharmacie,Formel,"Avenue Massira Khadra شارع المسيرة الخضراء, Chefchaouen",35.1705538,-5.273098,icons/pharmacy.png,OSM
Tanger-Tétouan-Al Hoceïma,Boulangerie Molohi,Boulangerie,Formel,Boulangerie Molohi,35.1775648,-5.2739432,icons/bakery.png,OSM
Tanger-Tétouan-Al Hoceïma,Café Hazar,Café,Formel,Café Hazar,35.1739935,-5.2706894,icons/cafe.png,OSM
Tanger-Tétouan-Al Hoceïma,Restaurant Chaouens's Dreams,Restaurant,Formel,Restaurant Chaouens's Dreams,35.1761079,-5.2727853,icons/restaurant.png,OSM
Tanger-Tétouan-Al Hoceïma,Café Zouar,Café,Formel,Café Zouar,35.1767449,-5.2734949,icons/cafe.png,OSM
Tanger-Tétouan-Al Hoceïma,Snack Rabie,Restaurant,Formel,Snack Rabie,35.1797498,-5.2804027,icons/restaurant.png,OSM
Tanger-Tétouan-Al Hoceïma,Café Holanda,Café,Formel,Café Holanda,35.1690301,-5.2721088,icons/cafe.png,OSM
Tanger-Tétouan-Al Hoceïma,Café Anass,Café,Formel,Café Anass,35.1671291,-5.2701122,icons/cafe.png,OSM
Tanger-Tétouan-Al Hoceïma,Café Essabah,Café,Formel,Café Essabah,35.1688637,-5.2719834,icons/cafe.png,OSM
Tanger-Tétouan-Al Hoceïma,Café Al Ittihad مقهى الإتحاد,Café,Formel,Café Al Ittihad مقهى الإتحاد,35.1694523,-5.2703276,icons/cafe.png,OSM
Tanger-Tétouan-Al Hoceïma,Café Sabir,Café,Formel,Café Sabir,35.1691102,-5.2700578,icons/cafe.png,OSM
Tanger-Tétouan-Al Hoceïma,Café Ibn Sina,Café,Formel,Café Ibn Sina,35.1692122,-5.2702962,icons/cafe.png,OSM
Tanger-Tétouan-Al Hoceïma,Pharmacie Ibn Sina صيدلية ابن سينا,Parapharmacie,Formel,"Avenue Jamal Edin Elaafghani شارع جمال الدين الافغاني, Chefchaouen ⵛⴼⵛⴰⵡⵏ شفشاون",35.169211,-5.2699234,icons/pharmacy.png,OSM
Tanger-Tétouan-Al Hoceïma,Al azehar,Restaurant,Formel,Al azehar,35.1680391,-5.2655159,icons/restaurant.png,OSM
Tanger-Tétouan-Al Hoceïma,Diamantine,Restaurant,Formel,Avenue Mohamed V,35.1683534,-5.2685833,icons/restaurant.png,OSM
Tanger-Tétouan-Al Hoceïma,Snack Shokri,Restaurant,Formel,Snack Shokri,35.1682927,-5.2611196,icons/restaurant.png,OSM
Tanger-Tétouan-Al Hoceïma,Snack Hamidoun,Restaurant,Formel,Snack Hamidoun,35.169726,-5.2704791,icons/restaurant.png,OSM
Tanger-Tétouan-Al Hoceïma,El Mokhetar chez Hamid,Restaurant,Formel,El Mokhetar chez Hamid,35.1663498,-5.2663377,icons/restaurant.png,OSM
Tanger-Tétouan-Al Hoceïma,Café sans nom,Café,Formel,Café sans nom,35.7855814,-5.8103747,icons/cafe.png,OSM
Tanger-Tétouan-Al Hoceïma,Le Bistro du Petit Socco,Restaurant,Formel,Place Souk Dakhel - Petit Secco,35.7855406,-5.8103459,icons/restaurant.png,OSM
Tanger-Tétouan-Al Hoceïma,À L' anglaise,Café,Formel,Rue de la Kasbah,35.7876603,-5.8147619,icons/cafe.png,OSM
Tanger-Tétouan-Al Hoceïma,Supérette / Mini-market sans nom,Supérette / Mini-market,Formel,طنجة,35.7808564,-5.8154975,icons/convenience.png,OSM
Tanger-Tétouan-Al Hoceïma,Parapharmacie sans nom,Parapharmacie,Formel,Parapharmacie sans nom,34.7974637,-5.5865447,icons/pharmacy.png,OSM
Tanger-Tétouan-Al Hoceïma,Comedia,Restaurant,Formel,Comedia,35.778644,-5.807614,icons/restaurant.png,OSM
Tanger-Tétouan-Al Hoceïma,Café Rif,Café,Formel,Café Rif,35.7838544,-5.8134062,icons/cafe.png,OSM
Tanger-Tétouan-Al Hoceïma,Supérette / Mini-market sans nom,Supérette / Mini-market,Formel,طنجة,35.7859356,-5.8133285,icons/convenience.png,OSM
Tanger-Tétouan-Al Hoceïma,Café sans nom,Café,Formel,Café sans nom,35.7859006,-5.8149393,icons/cafe.png,OSM
Tanger-Tétouan-Al Hoceïma,Supérette / Mini-market sans nom,Supérette / Mini-market,Formel,طنجة,35.7857833,-5.8159423,icons/convenience.png,OSM
Tanger-Tétouan-Al Hoceïma,Supérette / Mini-market sans nom,Supérette / Mini-market,Formel,طنجة,35.7814255,-5.8125426,icons/convenience.png,OSM
Tanger-Tétouan-Al Hoceïma,Restaurant sans nom,Restaurant,Formel,طنجة,35.7806356,-5.8129476,icons/restaurant.png,OSM
Tanger-Tétouan-Al Hoceïma,Bab Al Madina,Boulangerie,Formel,Bab Al Madina,35.7857274,-5.8128613,icons/bakery.png,OSM
Tanger-Tétouan-Al Hoceïma,Café sans nom,Café,Formel,Café sans nom,35.7844025,-5.8137797,icons/cafe.png,OSM
Tanger-Tétouan-Al Hoceïma,Café sans nom,Café,Formel,Café sans nom,35.7805206,-5.8115589,icons/cafe.png,OSM
Tanger-Tétouan-Al Hoceïma,La Fabrique,Restaurant,Formel,La Fabrique,35.7816091,-5.8163346,icons/restaurant.png,OSM
Tanger-Tétouan-Al Hoceïma,Acima (Super Marche),Supermarché,Formel,Acima (Super Marche),35.775457,-5.8057198,icons/supermarket.png,OSM
Tanger-Tétouan-Al Hoceïma,Casa de Italia كازا إيطاليا,Restaurant,Formel,Tánger طنجة,35.7852601,-5.8215451,icons/restaurant.png,OSM
Tanger-Tétouan-Al Hoceïma,El Morocco Club,Restaurant,Formel,El Morocco Club,35.7887881,-5.8144928,icons/restaurant.png,OSM
Tanger-Tétouan-Al Hoceïma,Restaurant sans nom,Restaurant,Formel,Restaurant sans nom,35.7811367,-5.8122089,icons/restaurant.png,OSM
Tanger-Tétouan-Al Hoceïma,Café el Zahar,Café,Formel,Café el Zahar,35.167626,-5.2648657,icons/cafe.png,OSM
Tanger-Tétouan-Al Hoceïma,El Amal,Restaurant,Formel,El Amal,35.1664539,-5.2658448,icons/restaurant.png,OSM
Tanger-Tétouan-Al Hoceïma,Mokhtar,Restaurant,Formel,Mokhtar,35.1671739,-5.2658505,icons/restaurant.png,OSM
Tanger-Tétouan-Al Hoceïma,Pharmacie Al Andalous صيدلية الأندلس,Parapharmacie,Formel,"Avenue Sidi Allal El Haj شارع سيدي علال الحاج, Chefchaouen ⵛⴼⵛⴰⵡⵏ شفشاون",35.1659316,-5.2660194,icons/pharmacy.png,OSM
Tanger-Tétouan-Al Hoceïma,Restaurant Rasselmaa,Restaurant,Formel,Restaurant Rasselmaa,35.1666824,-5.2647997,icons/restaurant.png,OSM
Tanger-Tétouan-Al Hoceïma,Café El Hafa,Café,Formel,Café El Hafa,35.166903,-5.2692972,icons/cafe.png,OSM
Tanger-Tétouan-Al Hoceïma,Rhamouni,Café,Formel,Rhamouni,35.167396,-5.2619148,icons/cafe.png,OSM
Tanger-Tétouan-Al Hoceïma,Café Zbakh,Café,Formel,Café Zbakh,35.1675245,-5.266384,icons/cafe.png,OSM
Tanger-Tétouan-Al Hoceïma,Les raisins,Restaurant,Formel,Les raisins,35.1675116,-5.2673544,icons/restaurant.png,OSM
Tanger-Tétouan-Al Hoceïma,Restaurant sans nom,Restaurant,Formel,Restaurant sans nom,35.1673404,-5.2619859,icons/restaurant.png,OSM
Tanger-Tétouan-Al Hoceïma,Snack Dmoumen,Restaurant,Formel,Snack Dmoumen,35.167748,-5.2669572,icons/restaurant.png,OSM
Tanger-Tétouan-Al Hoceïma,Snack Jasmine,Restaurant,Formel,Snack Jasmine,35.1675803,-5.2668779,icons/restaurant.png,OSM
Tanger-Tétouan-Al Hoceïma,Snack Moha,Restaurant,Formel,Snack Moha,35.1676925,-5.2689878,icons/restaurant.png,OSM
Tanger-Tétouan-Al Hoceïma,Snack Mona Lisa,Restaurant,Formel,Snack Mona Lisa,35.1674798,-5.2689511,icons/restaurant.png,OSM
Tanger-Tétouan-Al Hoceïma,Restaurant sans nom,Restaurant,Formel,Restaurant sans nom,35.1667312,-5.2695392,icons/restaurant.png,OSM
Tanger-Tétouan-Al Hoceïma,Boulangerie sans nom,Boulangerie,Formel,Boulangerie sans nom,35.1668754,-5.2695565,icons/bakery.png,OSM
Tanger-Tétouan-Al Hoceïma,Café Abdelkhlak,Café,Formel,Café Abdelkhlak,35.1692507,-5.2682317,icons/cafe.png,OSM
Tanger-Tétouan-Al Hoceïma,Café Andalous,Café,Formel,Café Andalous,35.1690459,-5.2699394,icons/cafe.png,OSM
Tanger-Tétouan-Al Hoceïma,Boulangerie sans nom,Boulangerie,Formel,Boulangerie sans nom,35.1695165,-5.2676828,icons/bakery.png,OSM
Tanger-Tétouan-Al Hoceïma,Medrano,Café,Formel,Medrano,35.1669164,-5.2630835,icons/cafe.png,OSM
Tanger-Tétouan-Al Hoceïma,Café Satia,Café,Formel,Café Satia,35.1688661,-5.268877,icons/cafe.png,OSM
Tanger-Tétouan-Al Hoceïma,Kiosque sans nom,Kiosque,Informel,Kiosque sans nom,35.1685536,-5.2667358,icons/kiosk.png,OSM
Tanger-Tétouan-Al Hoceïma,Bab el Ain,Café,Formel,Bab el Ain,35.1683077,-5.2645793,icons/cafe.png,OSM
Tanger-Tétouan-Al Hoceïma,Café Hamamat Tetouan,Café,Formel,Café Hamamat Tetouan,35.1686404,-5.263161,icons/cafe.png,OSM
Tanger-Tétouan-Al Hoceïma,Café Mohammed Reda,Café,Formel,Café Mohammed Reda,35.1689797,-5.263515,icons/cafe.png,OSM
Tanger-Tétouan-Al Hoceïma,Snack Dalia,Restaurant,Formel,Snack Dalia,35.168359,-5.2638644,icons/restaurant.png,OSM
Tanger-Tétouan-Al Hoceïma,Maâkouda au four stall,Restaurant,Formel,Maâkouda au four stall,35.1682221,-5.2637088,icons/restaurant.png,OSM
Tanger-Tétouan-Al Hoceïma,Restaurant Al Kasaba,Restaurant,Formel,Restaurant Al Kasaba,35.1691538,-5.2620872,icons/restaurant.png,OSM
Tanger-Tétouan-Al Hoceïma,Restaurant Andalous,Restaurant,Formel,Restaurant Andalous,35.1691212,-5.2612811,icons/restaurant.png,OSM
Tanger-Tétouan-Al Hoceïma,Restaurant Tissemlal,Restaurant,Formel,Restaurant Tissemlal,35.1695084,-5.2618939,icons/restaurant.png,OSM
Tanger-Tétouan-Al Hoceïma,Snack,Restaurant,Formel,Snack,35.1689946,-5.2614832,icons/restaurant.png,OSM
Tanger-Tétouan-Al Hoceïma,Café Elies,Café,Formel,Café Elies,35.168909,-5.262421,icons/cafe.png,OSM
Tanger-Tétouan-Al Hoceïma,Marisco twins,Restaurant,Formel,Marisco twins,35.1690218,-5.2622875,icons/restaurant.png,OSM
Tanger-Tétouan-Al Hoceïma,Café Amine,Café,Formel,Café Amine,35.1692248,-5.2611651,icons/cafe.png,OSM
Tanger-Tétouan-Al Hoceïma,Restaurant Parador,Restaurant,Formel,Restaurant Parador,35.1687671,-5.2607186,icons/restaurant.png,OSM
Tanger-Tétouan-Al Hoceïma,Restaurant Sofia,Restaurant,Formel,Restaurant Sofia,35.1692151,-5.2612211,icons/restaurant.png,OSM
Tanger-Tétouan-Al Hoceïma,Snack Al Mellah,Restaurant,Formel,Snack Al Mellah,35.1681457,-5.2612513,icons/restaurant.png,OSM
Tanger-Tétouan-Al Hoceïma,Caféteria Alégria,Café,Formel,Caféteria Alégria,35.1697994,-5.2696473,icons/cafe.png,OSM
Tanger-Tétouan-Al Hoceïma,Cléopatra,Café,Formel,Cléopatra,35.1703722,-5.2689332,icons/cafe.png,OSM
Tanger-Tétouan-Al Hoceïma,Sandwich Omar,Restaurant,Formel,Sandwich Omar,35.1703785,-5.268737,icons/restaurant.png,OSM
Tanger-Tétouan-Al Hoceïma,Snack Lmdaka,Restaurant,Formel,Snack Lmdaka,35.1700751,-5.2631097,icons/restaurant.png,OSM
Tanger-Tétouan-Al Hoceïma,Dar El Habib,Restaurant,Formel,Dar El Habib,35.1699879,-5.2577771,icons/restaurant.png,OSM
Tanger-Tétouan-Al Hoceïma,"Restaurant de soupe Onsar, Baissara Ansara",Restaurant,Formel,"Restaurant de soupe Onsar, Baissara Ansara",35.170345,-5.2583501,icons/restaurant.png,OSM
Tanger-Tétouan-Al Hoceïma,Snack Friends,Restaurant,Formel,Snack Friends,35.1701143,-5.2615157,icons/restaurant.png,OSM
Tanger-Tétouan-Al Hoceïma,Café Abdoul,Café,Formel,Café Abdoul,35.1662262,-5.2724448,icons/cafe.png,OSM
Tanger-Tétouan-Al Hoceïma,Café Ibiza,Café,Formel,Café Ibiza,35.1693462,-5.2701639,icons/cafe.png,OSM
Tanger-Tétouan-Al Hoceïma,Café Redouane,Café,Formel,Café Redouane,35.1663522,-5.27088,icons/cafe.png,OSM
Tanger-Tétouan-Al Hoceïma,Snack,Restaurant,Formel,Snack,35.1694311,-5.2704636,icons/restaurant.png,OSM
Tanger-Tétouan-Al Hoceïma,Cafeteria Akchour,Restaurant,Formel,Cafeteria Akchour,35.1681435,-5.2752996,icons/restaurant.png,OSM
Tanger-Tétouan-Al Hoceïma,Café Palmera,Café,Formel,Café Palmera,35.1683806,-5.2744812,icons/cafe.png,OSM
Tanger-Tétouan-Al Hoceïma,Café Station,Café,Formel,Café Station,35.1678567,-5.2749688,icons/cafe.png,OSM
Tanger-Tétouan-Al Hoceïma,Restaurant-café chez Mouhamed,Restaurant,Formel,Restaurant-café chez Mouhamed,35.1680747,-5.2754833,icons/restaurant.png,OSM
Tanger-Tétouan-Al Hoceïma,Snack Bruges,Restaurant,Formel,Snack Bruges,35.1719151,-5.2749362,icons/restaurant.png,OSM
Tanger-Tétouan-Al Hoceïma,Café Salon de thé,Café,Formel,Café Salon de thé,35.1813523,-5.2717387,icons/cafe.png,OSM
Tanger-Tétouan-Al Hoceïma,Café Triba التريبعة,Café,Formel,Café Triba التريبعة,35.1679257,-5.2629313,icons/cafe.png,OSM
Tanger-Tétouan-Al Hoceïma,Brochettes,Restaurant,Formel,Brochettes,34.6894922,-6.004145,icons/restaurant.png,OSM
Tanger-Tétouan-Al Hoceïma,Pharmacie Ibn Sina صيدلية ابن سينا,Parapharmacie,Formel,"Avenue Al Moukaouama, Souk El Arbaa ⵙⵓⵇ ⵍⴰⵔⴱⵄⴰ سوق الأربعاء",34.6894759,-6.0036313,icons/pharmacy.png,OSM
Tanger-Tétouan-Al Hoceïma,Café Hayati,Café,Formel,Café Hayati,35.1791456,-5.2756659,icons/cafe.png,OSM
Tanger-Tétouan-Al Hoceïma,Café Shia,Café,Formel,Café Shia,35.1798733,-5.2800815,icons/cafe.png,OSM
Tanger-Tétouan-Al Hoceïma,Café Zohor,Café,Formel,Café Zohor,35.1790228,-5.2772204,icons/cafe.png,OSM
Tanger-Tétouan-Al Hoceïma,Caféteria Taslim,Café,Formel,Caféteria Taslim,35.1795297,-5.2768761,icons/cafe.png,OSM
Tanger-Tétouan-Al Hoceïma,Pharmacie La Mosquée صيدلية المسجد,Parapharmacie,Formel,"Avenue Tata شارع طاطا, Chefchaouen",35.1790282,-5.2813059,icons/pharmacy.png,OSM
Tanger-Tétouan-Al Hoceïma,Toraghin,Restaurant,Formel,Toraghin,35.1863978,-5.2848495,icons/restaurant.png,OSM
Tanger-Tétouan-Al Hoceïma,Café Al Amana,Café,Formel,Café Al Amana,35.1615967,-5.2615362,icons/cafe.png,OSM
Tanger-Tétouan-Al Hoceïma,Café Dmar Ben Ayad,Café,Formel,Café Dmar Ben Ayad,35.1553222,-5.2660578,icons/cafe.png,OSM
Tanger-Tétouan-Al Hoceïma,Café Houda,Café,Formel,Café Houda,35.1553128,-5.2661345,icons/cafe.png,OSM
Tanger-Tétouan-Al Hoceïma,Café Millia,Café,Formel,Café Millia,35.1639151,-5.2615804,icons/cafe.png,OSM
Tanger-Tétouan-Al Hoceïma,Pharmacie Ras El Ma صيدلية رأس الماء,Parapharmacie,Formel,"Avenue Melilia شارع ملياية, Chefchaouen",35.1638163,-5.2615286,icons/pharmacy.png,OSM
Tanger-Tétouan-Al Hoceïma,Restaurant sans nom,Restaurant,Formel,Restaurant sans nom,35.1637551,-5.2615075,icons/restaurant.png,OSM
Tanger-Tétouan-Al Hoceïma,Épicerie sans nom,Épicerie,Informel,Épicerie sans nom,35.1648728,-5.2680829,icons/greengrocer.png,OSM
Tanger-Tétouan-Al Hoceïma,Tutti Frutti,Café,Formel,Larache,35.1956053,-6.1519924,icons/cafe.png,OSM
Tanger-Tétouan-Al Hoceïma,Café sans nom,Café,Formel,Café sans nom,35.1568787,-5.2495167,icons/cafe.png,OSM
Tanger-Tétouan-Al Hoceïma,Pharmacie Masrah Al Wilaya صيدلية مسرح الولاية,Parapharmacie,Formel,"Avenue 9 Avril شارع 9 أبريل, Tétouan",35.5896038,-5.3350966,icons/pharmacy.png,OSM
Tanger-Tétouan-Al Hoceïma,Number-One,Restaurant,Formel,"Boulevard Mohamed V, Tanger",35.7796663,-5.808379,icons/restaurant.png,OSM
Tanger-Tétouan-Al Hoceïma,Le Nabab,Restaurant,Formel,Le Nabab,35.7869862,-5.8111344,icons/restaurant.png,OSM
Tanger-Tétouan-Al Hoceïma,Pharmacie Bab El Okla صيدلية باب العقلة,Parapharmacie,Formel,"Avenue Lmfadel Filali, Tétouan",35.5706719,-5.3633031,icons/pharmacy.png,OSM
Tanger-Tétouan-Al Hoceïma,Restaurant sans nom,Restaurant,Formel,Restaurant sans nom,35.8989174,-5.4747217,icons/restaurant.png,OSM
Tanger-Tétouan-Al Hoceïma,Restaurant sans nom,Restaurant,Formel,Restaurant sans nom,35.8987004,-5.4751508,icons/restaurant.png,OSM
Tanger-Tétouan-Al Hoceïma,Restaurant sans nom,Restaurant,Formel,Restaurant sans nom,35.1189862,-4.3232648,icons/restaurant.png,OSM
Tanger-Tétouan-Al Hoceïma,Café sans nom,Café,Formel,Café sans nom,35.1188377,-4.3230842,icons/cafe.png,OSM
Tanger-Tétouan-Al Hoceïma,Café sans nom,Café,Formel,Café sans nom,35.560723,-5.3714124,icons/cafe.png,OSM
Tanger-Tétouan-Al Hoceïma,Café sans nom,Café,Formel,Café sans nom,35.5714288,-5.3763522,icons/cafe.png,OSM
Tanger-Tétouan-Al Hoceïma,Restaurant sans nom,Restaurant,Formel,Restaurant sans nom,35.6813224,-5.3126606,icons/restaurant.png,OSM
Tanger-Tétouan-Al Hoceïma,Farmacia Hispania,Parapharmacie,Formel,Calle Alcalde Miaja Sánchez,35.8883956,-5.3077945,icons/pharmacy.png,OSM
Tanger-Tétouan-Al Hoceïma,Zagora,Restaurant,Formel,Zagora,34.8762911,-6.2943887,icons/restaurant.png,OSM
Tanger-Tétouan-Al Hoceïma,L'océan,Restaurant,Formel,L'océan,34.87626,-6.2944834,icons/restaurant.png,OSM
Tanger-Tétouan-Al Hoceïma,Moulant Bouslam,Parapharmacie,Formel,Moulant Bouslam,34.8760297,-6.2952804,icons/pharmacy.png,OSM
Tanger-Tétouan-Al Hoceïma,Milano,Restaurant,Formel,Milano,34.8760961,-6.2949997,icons/restaurant.png,OSM
Tanger-Tétouan-Al Hoceïma,Miramar,Restaurant,Formel,Miramar,34.875793,-6.2962314,icons/restaurant.png,OSM
Tanger-Tétouan-Al Hoceïma,Normandie,Restaurant,Formel,Normandie,34.8761681,-6.2947992,icons/restaurant.png,OSM
Tanger-Tétouan-Al Hoceïma,Supérette / Mini-market sans nom,Supérette / Mini-market,Formel,Supérette / Mini-market sans nom,34.8762171,-6.2946236,icons/convenience.png,OSM
Tanger-Tétouan-Al Hoceïma,Firdaousse,Restaurant,Formel,Firdaousse,34.875958,-6.295467,icons/restaurant.png,OSM
Tanger-Tétouan-Al Hoceïma,Pharmacie Al Moustain,Parapharmacie,Formel,Pharmacie Al Moustain,34.8770389,-6.2944739,icons/pharmacy.png,OSM
Tanger-Tétouan-Al Hoceïma,La caravela,Café,Formel,La caravela,34.8766284,-6.2942677,icons/cafe.png,OSM
Tanger-Tétouan-Al Hoceïma,Supérette / Mini-market sans nom,Supérette / Mini-market,Formel,Supérette / Mini-market sans nom,34.8784275,-6.2922066,icons/convenience.png,OSM
Tanger-Tétouan-Al Hoceïma,Nederland,Restaurant,Formel,Nederland,34.8774477,-6.2888883,icons/restaurant.png,OSM
Tanger-Tétouan-Al Hoceïma,Restaurant sans nom,Restaurant,Formel,Restaurant sans nom,34.8769713,-6.2944658,icons/restaurant.png,OSM
Tanger-Tétouan-Al Hoceïma,Lina,Café,Formel,Lina,34.8774209,-6.289054,icons/cafe.png,OSM
Tanger-Tétouan-Al Hoceïma,Panorama,Restaurant,Formel,Panorama,34.8775776,-6.2913949,icons/restaurant.png,OSM
Tanger-Tétouan-Al Hoceïma,Nassim,Restaurant,Formel,Nassim,34.8778039,-6.28649,icons/restaurant.png,OSM
Tanger-Tétouan-Al Hoceïma,Café Izaguirre,Café,Formel,Café Izaguirre,34.8762149,-6.2894334,icons/cafe.png,OSM
Tanger-Tétouan-Al Hoceïma,Sable d'or,Restaurant,Formel,Sable d'or,34.8763277,-6.2942501,icons/restaurant.png,OSM
Tanger-Tétouan-Al Hoceïma,La plage,Restaurant,Formel,La plage,34.8763957,-6.2968498,icons/restaurant.png,OSM
Tanger-Tétouan-Al Hoceïma,Supérette / Mini-market sans nom,Supérette / Mini-market,Formel,Supérette / Mini-market sans nom,34.8778783,-6.293907,icons/convenience.png,OSM
Tanger-Tétouan-Al Hoceïma,Supérette / Mini-market sans nom,Supérette / Mini-market,Formel,Supérette / Mini-market sans nom,34.8771048,-6.2944854,icons/convenience.png,OSM
Tanger-Tétouan-Al Hoceïma,Romeo,Restaurant,Formel,Rue Abou Ali El Mâari,35.7781914,-5.8042879,icons/restaurant.png,OSM
Tanger-Tétouan-Al Hoceïma,La Alhambra Kitchen,Restaurant,Formel,"Rue El Kharazine, Chefchaouen شفشاون",35.1683792,-5.2639071,icons/restaurant.png,OSM
Tanger-Tétouan-Al Hoceïma,Restaurant sans nom,Restaurant,Formel,Restaurant sans nom,35.2375402,-5.1762316,icons/restaurant.png,OSM
Tanger-Tétouan-Al Hoceïma,Mini-Market,Supermarché,Formel,Mini-Market,35.6182646,-5.2718968,icons/supermarket.png,OSM
Tanger-Tétouan-Al Hoceïma,Supérette / Mini-market sans nom,Supérette / Mini-market,Formel,Supérette / Mini-market sans nom,34.5573786,-4.1368452,icons/convenience.png,OSM
Tanger-Tétouan-Al Hoceïma,Supérette / Mini-market sans nom,Supérette / Mini-market,Formel,Supérette / Mini-market sans nom,34.5019939,-4.1568827,icons/convenience.png,OSM
Tanger-Tétouan-Al Hoceïma,Supérette / Mini-market sans nom,Supérette / Mini-market,Formel,Supérette / Mini-market sans nom,34.5550913,-4.146401,icons/convenience.png,OSM
Tanger-Tétouan-Al Hoceïma,Mini-Market,Supermarché,Formel,Mini-Market,35.6178656,-5.2724138,icons/supermarket.png,OSM
Tanger-Tétouan-Al Hoceïma,Casa Maria,Restaurant,Formel,Casa Maria,35.6176603,-5.2723379,icons/restaurant.png,OSM
Tanger-Tétouan-Al Hoceïma,Mokhtar,Restaurant,Formel,Lot Albassatine,35.7697679,-5.8313853,icons/restaurant.png,OSM
Tanger-Tétouan-Al Hoceïma,Sent ikkaouen,Restaurant,Formel,Sent ikkaouen,34.7792639,-4.6404983,icons/restaurant.png,OSM
Tanger-Tétouan-Al Hoceïma,Café sans nom,Café,Formel,Café sans nom,35.774664,-5.788424,icons/cafe.png,OSM
Tanger-Tétouan-Al Hoceïma,Café sans nom,Café,Formel,Café sans nom,35.7532715,-5.8218975,icons/cafe.png,OSM
Tanger-Tétouan-Al Hoceïma,خاي احمد,Restaurant,Formel,خاي احمد,35.1868876,-6.1463191,icons/restaurant.png,OSM
Tanger-Tétouan-Al Hoceïma,Café Cleopatra مقهى كليوباترا,Café,Formel,Corniche Martil,35.6274205,-5.2739934,icons/cafe.png,OSM
Tanger-Tétouan-Al Hoceïma,Restaurant sans nom,Restaurant,Formel,Restaurant sans nom,35.7805078,-5.8091167,icons/restaurant.png,OSM
Tanger-Tétouan-Al Hoceïma,Café 20 Août,Café,Formel,Café 20 Août,35.1726741,-5.2761358,icons/cafe.png,OSM
Tanger-Tétouan-Al Hoceïma,Restaurant Al Andalous,Restaurant,Formel,Rue Hafid Ibn Abdelbarre,35.771313,-5.8174446,icons/restaurant.png,OSM
Tanger-Tétouan-Al Hoceïma,Tipico locale fish S/N,Restaurant,Formel,Tipico locale fish S/N,35.4662183,-6.0319567,icons/restaurant.png,OSM
Tanger-Tétouan-Al Hoceïma,Supermarché sans nom,Supermarché,Formel,Supermarché sans nom,35.7773968,-5.8314215,icons/supermarket.png,OSM
Tanger-Tétouan-Al Hoceïma,Boulangerie sans nom,Boulangerie,Formel,Boulangerie sans nom,35.7776829,-5.8324258,icons/bakery.png,OSM
Tanger-Tétouan-Al Hoceïma,Restaurant sans nom,Restaurant,Formel,Restaurant sans nom,35.4682464,-6.0037615,icons/restaurant.png,OSM
Tanger-Tétouan-Al Hoceïma,Café sans nom,Café,Formel,Café sans nom,35.4681624,-6.0039595,icons/cafe.png,OSM
Tanger-Tétouan-Al Hoceïma,Restaurant Bachir,Restaurant,Formel,Rue Zeriabe,35.7794197,-5.810983,icons/restaurant.png,OSM
Tanger-Tétouan-Al Hoceïma,مقهى الشيخ,Café,Formel,Avenue Lalla Nezha,35.6828532,-5.3208777,icons/cafe.png,OSM
Tanger-Tétouan-Al Hoceïma,El Dorado,Restaurant,Formel,El Dorado,35.7780388,-5.8100102,icons/restaurant.png,OSM
Tanger-Tétouan-Al Hoceïma,Dialna,Café,Formel,Dialna,35.7829845,-5.8083715,icons/cafe.png,OSM
Tanger-Tétouan-Al Hoceïma,Snack orientale,Restaurant,Formel,Rue Taroudant,35.7525113,-5.8076027,icons/restaurant.png,OSM
Tanger-Tétouan-Al Hoceïma,Dg. Abdalass et associe,Supérette / Mini-market,Formel,Dg. Abdalass et associe,35.7267282,-5.8090153,icons/convenience.png,OSM
Tanger-Tétouan-Al Hoceïma,Dg. Tafilalt,Supérette / Mini-market,Formel,Dg. Tafilalt,35.7371358,-5.8862498,icons/convenience.png,OSM
Tanger-Tétouan-Al Hoceïma,Cafe A Doha,Café,Formel,Cafe A Doha,35.7592404,-5.7910316,icons/cafe.png,OSM
Tanger-Tétouan-Al Hoceïma,Restaurant sans nom,Restaurant,Formel,Rue Dar Baroud,35.7866007,-5.8095165,icons/restaurant.png,OSM
Tanger-Tétouan-Al Hoceïma,Pizza Caravaggio,Restaurant,Formel,Avenue Moussa Bnou Noussair,35.7792538,-5.8089663,icons/restaurant.png,OSM
Tanger-Tétouan-Al Hoceïma,Dg. Cafe dakhla,Café,Formel,Dg. Cafe dakhla,35.7306014,-5.8833699,icons/cafe.png,OSM
Tanger-Tétouan-Al Hoceïma,مقهى ميمون,Café,Formel,مقهى ميمون,35.7749533,-5.8197755,icons/cafe.png,OSM
Tanger-Tétouan-Al Hoceïma,Ferma jebala,Restaurant,Formel,Ferma jebala,35.5328902,-5.3316311,icons/restaurant.png,OSM
Tanger-Tétouan-Al Hoceïma,Café sans nom,Café,Formel,Café sans nom,35.009892,-5.9071753,icons/cafe.png,OSM
Tanger-Tétouan-Al Hoceïma,Sfenj,Restaurant,Formel,Sfenj,35.1699918,-5.2640443,icons/restaurant.png,OSM
Tanger-Tétouan-Al Hoceïma,Azmizam ازميزم,Café,Formel,Azmizam ازميزم,35.5644186,-5.3788681,icons/cafe.png,OSM
Tanger-Tétouan-Al Hoceïma,Casa Garcia,Restaurant,Formel,Casa Garcia,35.4682169,-6.0330671,icons/restaurant.png,OSM
Tanger-Tétouan-Al Hoceïma,Marjane Market,Supermarché,Formel,Marjane Market,35.5801843,-5.35372,icons/supermarket.png,OSM
Tanger-Tétouan-Al Hoceïma,Café Restaurant ELBARAKA مقهى مطعم البركة,Restaurant,Formel,Café Restaurant ELBARAKA مقهى مطعم البركة,35.3912571,-5.877185,icons/restaurant.png,OSM
Tanger-Tétouan-Al Hoceïma,مقهى سيدي اليمني,Café,Formel,مقهى سيدي اليمني,35.3320697,-6.0067913,icons/cafe.png,OSM
Tanger-Tétouan-Al Hoceïma,Pharmacie Masjid Al Azhar صيدلية مسجد الأزهر,Parapharmacie,Formel,"Rue Abderahman Kawakibi, Tanger طنجة",35.7606341,-5.825484,icons/pharmacy.png,OSM
Tanger-Tétouan-Al Hoceïma,Jardins de Marjane 2,Supermarché,Formel,Jardins de Marjane 2,35.6034787,-5.3369137,icons/supermarket.png,OSM
Tanger-Tétouan-Al Hoceïma,Restaurant sans nom,Restaurant,Formel,Restaurant sans nom,35.7786781,-5.8095433,icons/restaurant.png,OSM
Tanger-Tétouan-Al Hoceïma,Boulangerie Boukhalef,Boulangerie,Formel,Boulevard Moulay Rachid,35.7718829,-5.8303603,icons/bakery.png,OSM
Tanger-Tétouan-Al Hoceïma,Victoria فيكتوريا,Café,Formel,Avenue Sidi Mohamed Ben Abdellah,35.7734591,-5.8167095,icons/cafe.png,OSM
Tanger-Tétouan-Al Hoceïma,Chez Amy,Restaurant,Formel,"Rue Mokhtar Ahardane, Tanger طنجة",35.7853014,-5.8097734,icons/restaurant.png,OSM
Tanger-Tétouan-Al Hoceïma,Impacto Ceuta,Restaurant,Formel,Impacto Ceuta,35.8868302,-5.3243479,icons/restaurant.png,OSM
Tanger-Tétouan-Al Hoceïma,Parapharmacie sans nom,Parapharmacie,Formel,Parapharmacie sans nom,35.8904825,-5.304656,icons/pharmacy.png,OSM
Tanger-Tétouan-Al Hoceïma,El padre Miguel,Restaurant,Formel,El padre Miguel,35.8892083,-5.3053306,icons/restaurant.png,OSM
Tanger-Tétouan-Al Hoceïma,Zurita,Parapharmacie,Formel,Zurita,35.8869696,-5.3077712,icons/pharmacy.png,OSM
Tanger-Tétouan-Al Hoceïma,مقهى كايز,Café,Formel,مقهى كايز,34.7981074,-5.5840469,icons/cafe.png,OSM
Tanger-Tétouan-Al Hoceïma,Boulangerie sans nom,Boulangerie,Formel,Boulangerie sans nom,35.1684518,-5.2634524,icons/bakery.png,OSM
Tanger-Tétouan-Al Hoceïma,Pharmacie Al Aouama Al Gharbia صيدلية العوامة الغربية,Parapharmacie,Formel,"Avenue Al Quds, Tanger ⵜⵉⵏ ⵉⴳⴳⵉ طنجة",35.7261824,-5.8038898,icons/pharmacy.png,OSM
Tanger-Tétouan-Al Hoceïma,Pharmacie Al Hanae صيدلية الهناء,Parapharmacie,Formel,"Avenue Al Quds, Tanger ⵜⵉⵏ ⵉⴳⴳⵉ طنجة",35.7308435,-5.8029761,icons/pharmacy.png,OSM
Tanger-Tétouan-Al Hoceïma,مقهى بوليندو,Café,Formel,مقهى بوليندو,35.748192,-5.8085524,icons/cafe.png,OSM
Tanger-Tétouan-Al Hoceïma,مقهى ميلانو,Café,Formel,مقهى ميلانو,35.7355746,-5.8203254,icons/cafe.png,OSM
Tanger-Tétouan-Al Hoceïma,Pharmacie Al Machkouri صيدلية المشكوري,Parapharmacie,Formel,Tanger,35.7329935,-5.8152164,icons/pharmacy.png,OSM
Tanger-Tétouan-Al Hoceïma,Tanger Moment,Café,Formel,Tanger Moment,35.7860508,-5.8116741,icons/cafe.png,OSM
Tanger-Tétouan-Al Hoceïma,بقال دار الراطي,Supérette / Mini-market,Formel,"طريق دار الراطي, دار الراطي",35.1664361,-5.7208376,icons/convenience.png,OSM
Tanger-Tétouan-Al Hoceïma,Gabriel,Parapharmacie,Formel,Gabriel,35.8876597,-5.3115297,icons/pharmacy.png,OSM
Tanger-Tétouan-Al Hoceïma,Parapharmacie sans nom,Parapharmacie,Formel,Parapharmacie sans nom,35.8879604,-5.311861,icons/pharmacy.png,OSM
Tanger-Tétouan-Al Hoceïma,Restaurant sans nom,Restaurant,Formel,Restaurant sans nom,35.1981942,-6.1478835,icons/restaurant.png,OSM
Tanger-Tétouan-Al Hoceïma,سوق الإمام مالك,Supermarché,Formel,سوق الإمام مالك,35.5699052,-5.3891859,icons/supermarket.png,OSM
Tanger-Tétouan-Al Hoceïma,Pharmacie Rommana صيدلية الرمانة,Parapharmacie,Formel,"Avenue Al Hijra, Tétouan",35.5672985,-5.3930377,icons/pharmacy.png,OSM
Tanger-Tétouan-Al Hoceïma,Khalijia Nord,Restaurant,Formel,Avenue Oujda,35.7749414,-5.7957175,icons/restaurant.png,OSM
Tanger-Tétouan-Al Hoceïma,Boutique de confiserie sans nom,Boutique de confiserie,Informel,Boutique de confiserie sans nom,35.7758636,-5.8005049,icons/confectionery.png,OSM
Tanger-Tétouan-Al Hoceïma,Restaurant sans nom,Restaurant,Formel,Restaurant sans nom,35.7768579,-5.7717313,icons/restaurant.png,OSM
Tanger-Tétouan-Al Hoceïma,Restaurant sans nom,Restaurant,Formel,Restaurant sans nom,35.7931908,-5.7534146,icons/restaurant.png,OSM
Tanger-Tétouan-Al Hoceïma,Pharmacie Al Mahkama صيدلية المحكمة,Parapharmacie,Formel,"Avenue d'Afrique, Larache",35.1898385,-6.1496856,icons/pharmacy.png,OSM
Tanger-Tétouan-Al Hoceïma,Pharmacie Akbat El Hallouf صيدلية عقبة الحلوف,Parapharmacie,Formel,"Rue Khenifra, Tétouan",35.5628046,-5.3672714,icons/pharmacy.png,OSM
Tanger-Tétouan-Al Hoceïma,Boulangerie sans nom,Boulangerie,Formel,Boulangerie sans nom,35.5653618,-5.3567485,icons/bakery.png,OSM
Tanger-Tétouan-Al Hoceïma,Mini Market Al jazeera,Supérette / Mini-market,Formel,Rue Carnot,35.7744746,-5.8126452,icons/convenience.png,OSM
Tanger-Tétouan-Al Hoceïma,Marjane,Supermarché,Formel,Marjane,35.7265529,-5.7567388,icons/supermarket.png,OSM
Tanger-Tétouan-Al Hoceïma,Pharmacie Marbella صيدلية مربيا,Parapharmacie,Formel,"Route de Tétouan, Tanger",35.7264593,-5.7564234,icons/pharmacy.png,OSM
Tanger-Tétouan-Al Hoceïma,Farmacia Príncipe Felipe,Parapharmacie,Formel,"Calle Alberto Ibáñez Trujillo, Ceuta",35.8749524,-5.3450135,icons/pharmacy.png,OSM
Tanger-Tétouan-Al Hoceïma,Istanbul Grill,Restaurant,Formel,Istanbul Grill,35.7767041,-5.8007236,icons/restaurant.png,OSM
Tanger-Tétouan-Al Hoceïma,La Geletaria,Café,Formel,La Geletaria,35.7774364,-5.7990771,icons/cafe.png,OSM
Tanger-Tétouan-Al Hoceïma,Luigi di mare,Restaurant,Formel,Luigi di mare,35.7773675,-5.7989748,icons/restaurant.png,OSM
Tanger-Tétouan-Al Hoceïma,La Véranda,Café,Formel,La Véranda,35.7761054,-5.7851427,icons/cafe.png,OSM
Tanger-Tétouan-Al Hoceïma,Café Istanbul,Café,Formel,Café Istanbul,35.7746879,-5.7859844,icons/cafe.png,OSM
Tanger-Tétouan-Al Hoceïma,Jurjura,Café,Formel,Jurjura,35.7761725,-5.795455,icons/cafe.png,OSM
Tanger-Tétouan-Al Hoceïma,Maison La Ruche,Café,Formel,Maison La Ruche,35.7764371,-5.7962405,icons/cafe.png,OSM
Tanger-Tétouan-Al Hoceïma,Pharmacie De La Plage صيدلية الشاطئ,Parapharmacie,Formel,"Avenue Yousef Bnou Tachafine, Tanger طنجة",35.7788382,-5.8025471,icons/pharmacy.png,OSM
Tanger-Tétouan-Al Hoceïma,Glaciers Colors,Café,Formel,Glaciers Colors,35.7793327,-5.803074,icons/cafe.png,OSM
Tanger-Tétouan-Al Hoceïma,Pizza Dialy,Restaurant,Formel,Pizza Dialy,35.7763785,-5.8013247,icons/restaurant.png,OSM
Tanger-Tétouan-Al Hoceïma,El Tangerino,Restaurant,Formel,Avenue Mohammed VI شارع محمد السادس,35.7773404,-5.798919,icons/restaurant.png,OSM
Tanger-Tétouan-Al Hoceïma,Dar Lidam,Restaurant,Formel,Dar Lidam,35.787866,-5.8120191,icons/restaurant.png,OSM
Tanger-Tétouan-Al Hoceïma,Carrefour,Supermarché,Formel,Ceuta,35.8937051,-5.3290693,icons/supermarket.png,OSM
Tanger-Tétouan-Al Hoceïma,Pharmacie Al Massira صيدلية المسيرة,Parapharmacie,Formel,Ksar-el-Kebir,35.0042234,-5.9083497,icons/pharmacy.png,OSM
Tanger-Tétouan-Al Hoceïma,Pharmacie Oued El Makhazine صيدلية واد المخازن,Parapharmacie,Formel,"Place Chouhada, Ksar-el-Kebir",35.0016178,-5.906638,icons/pharmacy.png,OSM
Tanger-Tétouan-Al Hoceïma,Pharmacie Abi Al Mahassin صيدلية أبي المحاسن,Parapharmacie,Formel,Ksar-el-Kebir,35.0044828,-5.9117417,icons/pharmacy.png,OSM
Tanger-Tétouan-Al Hoceïma,Restaurant Alibaba,Restaurant,Formel,Restaurant Alibaba,35.4637281,-6.0378132,icons/restaurant.png,OSM
Tanger-Tétouan-Al Hoceïma,Restaurant sans nom,Restaurant,Formel,Restaurant sans nom,35.2192464,-5.138807,icons/restaurant.png,OSM
Tanger-Tétouan-Al Hoceïma,Carrefour,Supermarché,Formel,Carrefour,35.781562,-5.8414366,icons/supermarket.png,OSM
Tanger-Tétouan-Al Hoceïma,Café sans nom,Café,Formel,Café sans nom,35.247691,-4.8028277,icons/cafe.png,OSM
Tanger-Tétouan-Al Hoceïma,Domino's,Restaurant,Formel,Domino's,35.7809568,-5.8402076,icons/restaurant.png,OSM
Tanger-Tétouan-Al Hoceïma,Burger King,Restaurant,Formel,Burger King,35.7814355,-5.8409318,icons/restaurant.png,OSM
Tanger-Tétouan-Al Hoceïma,Carrefour,Supermarché,Formel,Carrefour,35.7811613,-5.8407924,icons/supermarket.png,OSM
Tanger-Tétouan-Al Hoceïma,سوق أنوال,Supermarché,Formel,سوق أنوال,35.46106,-6.037374,icons/supermarket.png,OSM
Tanger-Tétouan-Al Hoceïma,Restaurant sans nom,Restaurant,Formel,Restaurant sans nom,35.4711261,-6.0303823,icons/restaurant.png,OSM
Tanger-Tétouan-Al Hoceïma,Restaurant sans nom,Restaurant,Formel,Restaurant sans nom,35.5687731,-5.9912865,icons/restaurant.png,OSM
Tanger-Tétouan-Al Hoceïma,Pharmacie Aswak Assalam صيدلية أسواق السلام,Parapharmacie,Formel,Tanger ⵜⵉⵏ ⵉⴳⴳⵉ طنجة,35.7379607,-5.8736926,icons/pharmacy.png,OSM
Tanger-Tétouan-Al Hoceïma,snack chadi,Restaurant,Formel,snack chadi,34.7966276,-5.5697851,icons/restaurant.png,OSM
Tanger-Tétouan-Al Hoceïma,Épicerie sans nom,Épicerie,Informel,Épicerie sans nom,34.9171636,-4.1276436,icons/greengrocer.png,OSM
Tanger-Tétouan-Al Hoceïma,Café sans nom,Café,Formel,Café sans nom,35.1707677,-5.2574657,icons/cafe.png,OSM
Tanger-Tétouan-Al Hoceïma,Le Grand Cafe Mella,Café,Formel,Avenue Mohammed 6,35.7760893,-5.7865779,icons/cafe.png,OSM
Tanger-Tétouan-Al Hoceïma,Pure Food,Restaurant,Formel,Pure Food,35.7792553,-5.810402,icons/restaurant.png,OSM
Tanger-Tétouan-Al Hoceïma,Boulangerie sans nom,Boulangerie,Formel,Boulangerie sans nom,35.7855788,-5.8309912,icons/bakery.png,OSM
Tanger-Tétouan-Al Hoceïma,Supermarché sans nom,Supermarché,Formel,Supermarché sans nom,35.7749054,-5.7829157,icons/supermarket.png,OSM
Tanger-Tétouan-Al Hoceïma,Costa,Café,Formel,Costa,35.7773664,-5.8021067,icons/cafe.png,OSM
Tanger-Tétouan-Al Hoceïma,Supermarché sans nom,Supermarché,Formel,Supermarché sans nom,35.7780638,-5.8023918,icons/supermarket.png,OSM
Tanger-Tétouan-Al Hoceïma,Café sans nom,Café,Formel,Boulevard Hassan II شارع الحسن الثاني,35.8405531,-5.3555437,icons/cafe.png,OSM
Tanger-Tétouan-Al Hoceïma,Café sans nom,Café,Formel,Avenue d'Espagne,35.7746036,-5.7985296,icons/cafe.png,OSM
Tanger-Tétouan-Al Hoceïma,Café sans nom,Café,Formel,Riffiene,35.8278966,-5.353714,icons/cafe.png,OSM
Tanger-Tétouan-Al Hoceïma,Carrefour,Supermarché,Formel,Carrefour,35.777436,-5.8012904,icons/supermarket.png,OSM
Tanger-Tétouan-Al Hoceïma,Café sans nom,Café,Formel,Café sans nom,35.7435648,-5.8304285,icons/cafe.png,OSM
Tanger-Tétouan-Al Hoceïma,Moda Jeans,Supermarché,Formel,Avenue Al Jazaer,35.5715107,-5.3736249,icons/supermarket.png,OSM
Tanger-Tétouan-Al Hoceïma,Souk Fuqui,Épicerie,Informel,Souk Fuqui,35.5724748,-5.3685819,icons/greengrocer.png,OSM
Tanger-Tétouan-Al Hoceïma,Souk El Hut Al Kadim,Épicerie,Informel,Souk El Hut Al Kadim,35.570833,-5.3672917,icons/greengrocer.png,OSM
Tanger-Tétouan-Al Hoceïma,Marjane Larache ⵎⴰⵔⵊⴰⵏ ⵍⵄⴰⵔⴰⵉⵛ مرجان العرائش,Supermarché,Formel,Marjane Larache ⵎⴰⵔⵊⴰⵏ ⵍⵄⴰⵔⴰⵉⵛ مرجان العرائش,35.14808,-6.1414014,icons/supermarket.png,OSM
Tanger-Tétouan-Al Hoceïma,Super Marché,Supermarché,Formel,Rue Abi Jarir Tabari,35.7719634,-5.8004447,icons/supermarket.png,OSM
Tanger-Tétouan-Al Hoceïma,"Anais, Spécialité Poisson",Restaurant,Formel,Rue Liban,35.7742013,-5.7998309,icons/restaurant.png,OSM
Tanger-Tétouan-Al Hoceïma,Smiley Mini Market,Supérette / Mini-market,Formel,Smiley Mini Market,35.7743121,-5.7979955,icons/convenience.png,OSM
Tanger-Tétouan-Al Hoceïma,Tropea,Restaurant,Formel,Avenue Ben Abi Zarae,35.7628363,-5.838363,icons/restaurant.png,OSM
Tanger-Tétouan-Al Hoceïma,Alia Garden´,Restaurant,Formel,Avenue des Forces Armées Royales,35.7591142,-5.8287444,icons/restaurant.png,OSM
Tanger-Tétouan-Al Hoceïma,Mini Market,Supérette / Mini-market,Formel,Rue Ibn Ardoune,35.7627133,-5.8317822,icons/convenience.png,OSM
Tanger-Tétouan-Al Hoceïma,Res. Amlak Riad,Restaurant,Formel,Rue Salah Ben Ghadbane,35.7634531,-5.8364978,icons/restaurant.png,OSM
Tanger-Tétouan-Al Hoceïma,Cafe Singapour,Restaurant,Formel,Tangier,35.7590233,-5.791517,icons/restaurant.png,OSM
Tanger-Tétouan-Al Hoceïma,Pharmacie du Soleil صيدلية الشمس,Parapharmacie,Formel,"Boulevard Prince Heritier, Tanger طنجة",35.7748656,-5.810182,icons/pharmacy.png,OSM
Tanger-Tétouan-Al Hoceïma,ماكدونالدز,Restaurant,Formel,Rue Prince My Abdellah,35.7794392,-5.8096855,icons/restaurant.png,OSM
Tanger-Tétouan-Al Hoceïma,Sandwich Alyasmin,Restaurant,Formel,Avenue D'Anfa,35.7702821,-5.8264372,icons/restaurant.png,OSM
Tanger-Tétouan-Al Hoceïma,Cafétal,Restaurant,Formel,Avenue Lay'th Bnou Saad,35.7697651,-5.8294131,icons/restaurant.png,OSM
Tanger-Tétouan-Al Hoceïma,Restaurant sans nom,Restaurant,Formel,Avenue Al Quds,35.737771,-5.8009543,icons/restaurant.png,OSM
Tanger-Tétouan-Al Hoceïma,Province,Restaurant,Formel,Rue Arriad,35.7381751,-5.7978688,icons/restaurant.png,OSM
Tanger-Tétouan-Al Hoceïma,Restaurant sans nom,Restaurant,Formel,Rue Arriad,35.7391072,-5.7975157,icons/restaurant.png,OSM
Tanger-Tétouan-Al Hoceïma,Mini Market,Supérette / Mini-market,Formel,Rue Arriad,35.7411946,-5.796756,icons/convenience.png,OSM
Tanger-Tétouan-Al Hoceïma,Café Restaurant Amaazoui,Restaurant,Formel,Rue Jaddah,35.7426699,-5.7961846,icons/restaurant.png,OSM
Tanger-Tétouan-Al Hoceïma,Cafe Restaurant Imran et Rayan,Restaurant,Formel,Rue Jaddah,35.7425788,-5.7958219,icons/restaurant.png,OSM
Tanger-Tétouan-Al Hoceïma,Elta Conf,Boutique de confiserie,Informel,Al Oqssor,35.7414023,-5.7952641,icons/confectionery.png,OSM
Tanger-Tétouan-Al Hoceïma,Al Ana Moda Confection,Boutique de confiserie,Informel,Al Oqssor,35.7411366,-5.7953809,icons/confectionery.png,OSM
Tanger-Tétouan-Al Hoceïma,Restaurant sans nom,Restaurant,Formel,Rue Beyrouth,35.73977,-5.7978775,icons/restaurant.png,OSM
Tanger-Tétouan-Al Hoceïma,Superette Lyoum,Restaurant,Formel,Rue Baalabak,35.7417304,-5.7976518,icons/restaurant.png,OSM
Tanger-Tétouan-Al Hoceïma,Boutique de confiserie sans nom,Boutique de confiserie,Informel,Rue Baalabak,35.7422671,-5.7974596,icons/confectionery.png,OSM
Tanger-Tétouan-Al Hoceïma,Restaurant sans nom,Restaurant,Formel,Rue Sadad,35.7436915,-5.7981835,icons/restaurant.png,OSM
Tanger-Tétouan-Al Hoceïma,Pharmacie Europharm صيدلية أوروفارم,Parapharmacie,Formel,Tanger طنجة,35.7150964,-5.8043066,icons/pharmacy.png,OSM
Tanger-Tétouan-Al Hoceïma,Cafe 4G,Café,Formel,Avenue Aicha al-Moussafir,35.734824,-5.8052213,icons/cafe.png,OSM
Tanger-Tétouan-Al Hoceïma,Cremerie,Restaurant,Formel,Rue 70,35.7356905,-5.8018274,icons/restaurant.png,OSM
Tanger-Tétouan-Al Hoceïma,Snack Pizzeria ITRAN,Restaurant,Formel,Rue 70,35.7357048,-5.8018481,icons/restaurant.png,OSM
Tanger-Tétouan-Al Hoceïma,Pharmacie du Conseil صيدلية النصيحة,Parapharmacie,Formel,"Avenue Koweit, Tanger طنجة",35.7377338,-5.8085571,icons/pharmacy.png,OSM
Tanger-Tétouan-Al Hoceïma,Épicerie sans nom,Épicerie,Informel,P4605,35.7457013,-5.8297703,icons/greengrocer.png,OSM
Tanger-Tétouan-Al Hoceïma,Café Rakrak,Café,Formel,P4605,35.7459961,-5.8299143,icons/cafe.png,OSM
Tanger-Tétouan-Al Hoceïma,Pharmacie Makarim صيدلية مكارم,Parapharmacie,Formel,Tanger طنجة,35.7411624,-5.8314178,icons/pharmacy.png,OSM
Tanger-Tétouan-Al Hoceïma,Al Khayr,Restaurant,Formel,P4605,35.7406779,-5.8314386,icons/restaurant.png,OSM
Tanger-Tétouan-Al Hoceïma,Café Des Amis,Café,Formel,Rue Al Iqbal,35.7403415,-5.8314734,icons/cafe.png,OSM
Tanger-Tétouan-Al Hoceïma,Salon de the Anglet,Café,Formel,P4605,35.7401554,-5.8314959,icons/cafe.png,OSM
Tanger-Tétouan-Al Hoceïma,Snack adderrahim Sport,Restaurant,Formel,Snack adderrahim Sport,35.7400796,-5.8298293,icons/restaurant.png,OSM
Tanger-Tétouan-Al Hoceïma,Sur Le Grill,Restaurant,Formel,Sur Le Grill,35.7816205,-5.823978,icons/restaurant.png,OSM
Tanger-Tétouan-Al Hoceïma,Pharmacie Al Baraka صيدلية البركة,Parapharmacie,Formel,"Place du Koweit, Tanger طنجة",35.7815245,-5.8211285,icons/pharmacy.png,OSM
Tanger-Tétouan-Al Hoceïma,Mini Market Rayan,Supérette / Mini-market,Formel,Rue des Pins,35.7540402,-5.8414036,icons/convenience.png,OSM
Tanger-Tétouan-Al Hoceïma,Mini Market Besmiallah Serrurier,Supérette / Mini-market,Formel,Avenue de Genévriers,35.7582392,-5.8378486,icons/convenience.png,OSM
Tanger-Tétouan-Al Hoceïma,Delisa,Boulangerie,Formel,Rue des Pins,35.755855,-5.8396406,icons/bakery.png,OSM
Tanger-Tétouan-Al Hoceïma,Cafe Dlea Migitat,Café,Formel,Cafe Dlea Migitat,35.7451389,-5.8471243,icons/cafe.png,OSM
Tanger-Tétouan-Al Hoceïma,Pharmacie Branes 2 صيدلية برانس,Parapharmacie,Formel,"Avenue Ben Abi Zarae, Tanger طنجة",35.7614251,-5.8360408,icons/pharmacy.png,OSM
Tanger-Tétouan-Al Hoceïma,Pharmacie Sidi Boukhari صيدلية سيدي البخاري,Parapharmacie,Formel,"Avenue Sidi Boukhari, Tanger",35.7829045,-5.8319132,icons/pharmacy.png,OSM
Tanger-Tétouan-Al Hoceïma,Supermarché Zahra,Supermarché,Formel,Avenue al Imam at-Tirmidi,35.7786883,-5.8314965,icons/supermarket.png,OSM
Tanger-Tétouan-Al Hoceïma,La Muralla,Restaurant,Formel,Avenue Allal Al Fassi,35.5889424,-5.3400247,icons/restaurant.png,OSM
Tanger-Tétouan-Al Hoceïma,El Mejor Gusto,Restaurant,Formel,Avenue Allal Al Fassi,35.5888792,-5.3404699,icons/restaurant.png,OSM
Tanger-Tétouan-Al Hoceïma,Al Bassatine,Restaurant,Formel,Avenue Allouz,35.7698558,-5.8311127,icons/restaurant.png,OSM
Tanger-Tétouan-Al Hoceïma,Caramella,Restaurant,Formel,Avenue Allouz,35.7700094,-5.8312038,icons/restaurant.png,OSM
Tanger-Tétouan-Al Hoceïma,صيدلية ياسين,Parapharmacie,Formel,"Avenue Lait Ben Saad, Tanger طنجة",35.7696784,-5.8275932,icons/pharmacy.png,OSM
Tanger-Tétouan-Al Hoceïma,Mini Mercado Lina,Supérette / Mini-market,Formel,Avenue Allouz,35.7696463,-5.8310509,icons/convenience.png,OSM
Tanger-Tétouan-Al Hoceïma,Cafe Emirate,Café,Formel,Rue des Cedres,35.7582906,-5.832872,icons/cafe.png,OSM
Tanger-Tétouan-Al Hoceïma,Belgo Burger,Restaurant,Formel,Avenue de Genévriers,35.7565436,-5.8362386,icons/restaurant.png,OSM
Tanger-Tétouan-Al Hoceïma,Cafe Nawras,Café,Formel,Cafe Nawras,35.7573173,-5.8376518,icons/cafe.png,OSM
Tanger-Tétouan-Al Hoceïma,Chez Bilal,Café,Formel,Chez Bilal,35.6841336,-5.3263508,icons/cafe.png,OSM
Tanger-Tétouan-Al Hoceïma,KFC,Restaurant,Formel,"Avenue Mohammed VI, Tangier",35.7752075,-5.7854799,icons/restaurant.png,OSM
Tanger-Tétouan-Al Hoceïma,Fifties Diner,Restaurant,Formel,Boulevard Royaume d'Arabie Saoudite,35.7444783,-5.832128,icons/restaurant.png,OSM
Tanger-Tétouan-Al Hoceïma,Café La Fleur Bleue,Café,Formel,Boulevard Royaume d'Arabie Saoudite,35.7466812,-5.8385483,icons/cafe.png,OSM
Tanger-Tétouan-Al Hoceïma,Supérette / Mini-market sans nom,Supérette / Mini-market,Formel,Rue Somalie,35.7469364,-5.8375381,icons/convenience.png,OSM
Tanger-Tétouan-Al Hoceïma,Café Londi´z,Café,Formel,Café Londi´z,35.7460218,-5.8346472,icons/cafe.png,OSM
Tanger-Tétouan-Al Hoceïma,Ensyr Supermarché,Supermarché,Formel,Boulevard Royaume d'Arabie Saoudite,35.7445726,-5.8330681,icons/supermarket.png,OSM
Tanger-Tétouan-Al Hoceïma,Crémerie,Restaurant,Formel,Crémerie,35.7497028,-5.8337258,icons/restaurant.png,OSM
Tanger-Tétouan-Al Hoceïma,Pharmacie El Moufid صيدلية المفيد,Parapharmacie,Formel,Tanger طنجة,35.7468356,-5.8354746,icons/pharmacy.png,OSM
Tanger-Tétouan-Al Hoceïma,Cafe Adhraghaddou,Café,Formel,Boulevard Royaume d'Arabie Saoudite,35.7445486,-5.8322998,icons/cafe.png,OSM
Tanger-Tétouan-Al Hoceïma,Cafe Salon De The Karim,Café,Formel,Rue Somalie,35.7467168,-5.8375456,icons/cafe.png,OSM
Tanger-Tétouan-Al Hoceïma,Burger Story,Restaurant,Formel,Boulevard Moulay Youssef,35.7762154,-5.8185022,icons/restaurant.png,OSM
Tanger-Tétouan-Al Hoceïma,Andalus,Épicerie,Informel,Avenue Al Hiwar,35.7424622,-5.8365058,icons/greengrocer.png,OSM
Tanger-Tétouan-Al Hoceïma,Patisserie Boulangerie,Restaurant,Formel,Patisserie Boulangerie,35.7372546,-5.855899,icons/restaurant.png,OSM
Tanger-Tétouan-Al Hoceïma,Elmhaya,Restaurant,Formel,Boulevard Moulay Rachid,35.7503906,-5.8545041,icons/restaurant.png,OSM
Tanger-Tétouan-Al Hoceïma,Tolosa,Restaurant,Formel,Boulevard Moulay Rachid,35.7486886,-5.8576116,icons/restaurant.png,OSM
Tanger-Tétouan-Al Hoceïma,Droguerie أجزاخانة,Parapharmacie,Formel,Droguerie أجزاخانة,35.7336139,-5.8813982,icons/pharmacy.png,OSM
Tanger-Tétouan-Al Hoceïma,Café Irfane,Café,Formel,Café Irfane,35.734177,-5.8809739,icons/cafe.png,OSM
Tanger-Tétouan-Al Hoceïma,Pharmacie Boukhalef صيدلية بوخالف,Parapharmacie,Formel,"Avenue Moulay Rachid, Tanger ⵜⵉⵏ ⵉⴳⴳⵉ طنجة",35.7352745,-5.8798639,icons/pharmacy.png,OSM
Tanger-Tétouan-Al Hoceïma,Droguerie Assalam,Parapharmacie,Formel,Droguerie Assalam,35.7373966,-5.8857644,icons/pharmacy.png,OSM
Tanger-Tétouan-Al Hoceïma,Corsica,Restaurant,Formel,Corsica,35.7516465,-5.8468888,icons/restaurant.png,OSM
Tanger-Tétouan-Al Hoceïma,Épicerie sans nom,Épicerie,Informel,Épicerie sans nom,35.7522345,-5.848008,icons/greengrocer.png,OSM
Tanger-Tétouan-Al Hoceïma,Boulangerie sans nom,Boulangerie,Formel,Boulangerie sans nom,35.7523388,-5.848227,icons/bakery.png,OSM
Tanger-Tétouan-Al Hoceïma,7 Frutas,Restaurant,Formel,Boulevard Moulay Rachid,35.7594822,-5.8430996,icons/restaurant.png,OSM
Tanger-Tétouan-Al Hoceïma,"Rama Snack, Chawarma Pizza",Restaurant,Formel,Avenue Abderrahmane Youssoufi,35.7698142,-5.8103308,icons/restaurant.png,OSM
Tanger-Tétouan-Al Hoceïma,Cafe Amrah,Café,Formel,Boulevard Moulay Youssef,35.7701961,-5.8054654,icons/cafe.png,OSM
Tanger-Tétouan-Al Hoceïma,Market para,Supermarché,Formel,Avenue Sidi Mohamed Ben Abdellah,35.7746599,-5.8177988,icons/supermarket.png,OSM
Tanger-Tétouan-Al Hoceïma,Cafe Agadir,Café,Formel,Cafe Agadir,35.737119,-5.8850027,icons/cafe.png,OSM
Tanger-Tétouan-Al Hoceïma,Azzeddine,Restaurant,Formel,Azzeddine,35.7371338,-5.8863571,icons/restaurant.png,OSM
Tanger-Tétouan-Al Hoceïma,Café Anasim,Café,Formel,Café Anasim,35.7371328,-5.8864136,icons/cafe.png,OSM
Tanger-Tétouan-Al Hoceïma,Cafe Wardat Meknes,Café,Formel,Cafe Wardat Meknes,35.7371423,-5.8870679,icons/cafe.png,OSM
Tanger-Tétouan-Al Hoceïma,Café Yasmine,Café,Formel,Café Yasmine,35.7315217,-5.8825361,icons/cafe.png,OSM
Tanger-Tétouan-Al Hoceïma,Cafe Roma,Café,Formel,Cafe Roma,35.7327177,-5.8822717,icons/cafe.png,OSM
Tanger-Tétouan-Al Hoceïma,Restaurant Splash,Restaurant,Formel,Restaurant Splash,35.7155255,-5.9076402,icons/restaurant.png,OSM
Tanger-Tétouan-Al Hoceïma,Pharmacie Yanit,Parapharmacie,Formel,Pharmacie Yanit,35.7059664,-5.9041476,icons/pharmacy.png,OSM
Tanger-Tétouan-Al Hoceïma,Pharmacie Achour صيدلية عاشور,Parapharmacie,Formel,"Pénétrante de Tanger-Sud, Gueznaia كزناية",35.7027591,-5.912325,icons/pharmacy.png,OSM
Tanger-Tétouan-Al Hoceïma,Restaurant Dubai,Restaurant,Formel,Boulevard Tarik Ibn Ziad,35.7635059,-5.8036955,icons/restaurant.png,OSM
Tanger-Tétouan-Al Hoceïma,Boughaz,Restaurant,Formel,Boughaz,35.7840764,-5.8086915,icons/restaurant.png,OSM
Tanger-Tétouan-Al Hoceïma,CAP Cafe,Café,Formel,Rue Omar El Mokahtar,35.759728,-5.8025577,icons/cafe.png,OSM
Tanger-Tétouan-Al Hoceïma,Pharmacie Sidi Bouwafi صيدلية سيدي بوافي,Parapharmacie,Formel,"Avenue Abou El Kacem Chrif Sebti, Tanger طنجة",35.7650061,-5.8235157,icons/pharmacy.png,OSM
Tanger-Tétouan-Al Hoceïma,Salon de Thé Sofia,Café,Formel,Boulevard Tarik Ibn Ziad,35.7626158,-5.8032635,icons/cafe.png,OSM
Tanger-Tétouan-Al Hoceïma,Super Marché Del Moll,Supermarché,Formel,Avenue Abdellah Ibn Rouaha,35.7654692,-5.7989172,icons/supermarket.png,OSM
Tanger-Tétouan-Al Hoceïma,Pharmacie Afilal صيدلية أفيلال,Parapharmacie,Formel,"Avenue Allal El Fassi, Tanger",35.7619903,-5.7998232,icons/pharmacy.png,OSM
Tanger-Tétouan-Al Hoceïma,L'herboriste du Nord,Restaurant,Formel,Avenue Allal El Fassi,35.7629541,-5.7986798,icons/restaurant.png,OSM
Tanger-Tétouan-Al Hoceïma,Al Jazira,Restaurant,Formel,Avenue Allal El Fassi,35.7623229,-5.7994579,icons/restaurant.png,OSM
Tanger-Tétouan-Al Hoceïma,Jawhara,Restaurant,Formel,Avenue Allal El Fassi,35.7624974,-5.7992265,icons/restaurant.png,OSM
Tanger-Tétouan-Al Hoceïma,Passion Pizzaria,Restaurant,Formel,Boulevard Tarik Ibn Ziad,35.7642273,-5.8039975,icons/restaurant.png,OSM
Tanger-Tétouan-Al Hoceïma,Pharmacie Place Des Arômes صيدلية العبير,Parapharmacie,Formel,Tanger,35.7608613,-5.7958861,icons/pharmacy.png,OSM
Tanger-Tétouan-Al Hoceïma,Pharmacie Metioui صيدلية المتيوي,Parapharmacie,Formel,"Avenue Mohamed V, Tanger ⵜⵉⵏ ⵉⴳⴳⵉ طنجة",35.7748294,-5.7980371,icons/pharmacy.png,OSM
Tanger-Tétouan-Al Hoceïma,Pharmacie Al Madkhal Al Karim صيدلية المدخل الكريم,Parapharmacie,Formel,Tanger طنجة,35.7698574,-5.7893742,icons/pharmacy.png,OSM
Tanger-Tétouan-Al Hoceïma,Pharmacie Doha صيدلية الضحى,Parapharmacie,Formel,Tanger,35.7601813,-5.7913394,icons/pharmacy.png,OSM
Tanger-Tétouan-Al Hoceïma,Cafe Bayrout,Café,Formel,Cafe Bayrout,35.7582534,-5.7921327,icons/cafe.png,OSM
Tanger-Tétouan-Al Hoceïma,Pharmacie De Tanger صيدلية طنجة,Parapharmacie,Formel,Tanger,35.7546704,-5.7927828,icons/pharmacy.png,OSM
Tanger-Tétouan-Al Hoceïma,Cremerie Bilal,Restaurant,Formel,Rue Echahid Zaidi Mohamed Ben Daoud,35.7524566,-5.7977698,icons/restaurant.png,OSM
Tanger-Tétouan-Al Hoceïma,Cafe Bassime,Café,Formel,Rue Ibn El Kadi El Meknassi,35.7595401,-5.7931783,icons/cafe.png,OSM
Tanger-Tétouan-Al Hoceïma,Cafe Andaluza,Café,Formel,Route de Tétouan,35.7584573,-5.7932282,icons/cafe.png,OSM
Tanger-Tétouan-Al Hoceïma,Pharmacie Touzani صيدلية التوزاني,Parapharmacie,Formel,"Route de Tétouan, Tanger",35.7586041,-5.7933354,icons/pharmacy.png,OSM
Tanger-Tétouan-Al Hoceïma,Cafe Star,Café,Formel,Route de Tétouan,35.7596279,-5.7939755,icons/cafe.png,OSM
Tanger-Tétouan-Al Hoceïma,El Varadero,Restaurant,Formel,Compania de Mar,35.8907858,-5.3039286,icons/restaurant.png,OSM
Tanger-Tétouan-Al Hoceïma,Sarayah food,Restaurant,Formel,Avenue Moussa Bnou Noussair,35.7782187,-5.8098772,icons/restaurant.png,OSM
Tanger-Tétouan-Al Hoceïma,Lubina blanca,Restaurant,Formel,Lubina blanca,35.7534427,-5.8294342,icons/restaurant.png,OSM
Tanger-Tétouan-Al Hoceïma,Pharmacie Ghorghiz صيدلية غرغيز,Parapharmacie,Formel,"Avenue 9 Avril شارع 9 أبريل, Tétouan",35.5632407,-5.3752968,icons/pharmacy.png,OSM
Tanger-Tétouan-Al Hoceïma,S’tacos,Restaurant,Formel,avenue prince hertier,35.6157174,-5.27687,icons/restaurant.png,OSM
Tanger-Tétouan-Al Hoceïma,Café el Classico,Café,Formel,avenue prince hertier,35.6157308,-5.2769853,icons/cafe.png,OSM
Tanger-Tétouan-Al Hoceïma,Souq,Épicerie,Informel,Souq,35.7073669,-5.9072202,icons/greengrocer.png,OSM
Tanger-Tétouan-Al Hoceïma,Yemma Yenou,Restaurant,Formel,Yemma Yenou,35.7830942,-5.8084091,icons/restaurant.png,OSM
Tanger-Tétouan-Al Hoceïma,Café Clock Chefchaouen مقهى الساعة,Restaurant,Formel,"Rue Etijani زنقة التجاني, Chefchaouen شفشاون",35.1696687,-5.2630946,icons/restaurant.png,OSM
Tanger-Tétouan-Al Hoceïma,Dar Al Maghrebia,Restaurant,Formel,Dar Al Maghrebia,35.4660937,-6.0340566,icons/restaurant.png,OSM
Tanger-Tétouan-Al Hoceïma,Árabe Elegante Chez Ba Driss,Restaurant,Formel,Árabe Elegante Chez Ba Driss,35.4660149,-6.0339852,icons/restaurant.png,OSM
Tanger-Tétouan-Al Hoceïma,Café sans nom,Café,Formel,Café sans nom,35.7785577,-5.8074694,icons/cafe.png,OSM
Tanger-Tétouan-Al Hoceïma,Venezia Ice,Restaurant,Formel,Venezia Ice,35.7831612,-5.7973306,icons/restaurant.png,OSM
Tanger-Tétouan-Al Hoceïma,La Corniche,Restaurant,Formel,Avenue Lalla Nezha,35.6867991,-5.3235196,icons/restaurant.png,OSM
Tanger-Tétouan-Al Hoceïma,Restaurant sans nom,Restaurant,Formel,Restaurant sans nom,35.168304,-5.2651261,icons/restaurant.png,OSM
Tanger-Tétouan-Al Hoceïma,Pattiserie,Boulangerie,Formel,Pattiserie,35.4703808,-6.0295678,icons/bakery.png,OSM
Tanger-Tétouan-Al Hoceïma,Supérette / Mini-market sans nom,Supérette / Mini-market,Formel,Supérette / Mini-market sans nom,35.4719992,-6.0280412,icons/convenience.png,OSM
Tanger-Tétouan-Al Hoceïma,Alibaba,Café,Formel,Alibaba,35.4637638,-6.0376218,icons/cafe.png,OSM
Tanger-Tétouan-Al Hoceïma,Supérette / Mini-market sans nom,Supérette / Mini-market,Formel,Supérette / Mini-market sans nom,34.8762144,-6.2889519,icons/convenience.png,OSM
Tanger-Tétouan-Al Hoceïma,Restaurant Marja Zarka,Restaurant,Formel,Restaurant Marja Zarka,34.8769937,-6.2923926,icons/restaurant.png,OSM
Tanger-Tétouan-Al Hoceïma,La Terrasse,Restaurant,Formel,La Terrasse,34.8772503,-6.2970904,icons/restaurant.png,OSM
Tanger-Tétouan-Al Hoceïma,Vintage,Restaurant,Formel,Vintage,35.7744725,-5.7821183,icons/restaurant.png,OSM
Tanger-Tétouan-Al Hoceïma,Restaurante Mesana Tanger,Restaurant,Formel,"Avenue Mohamed V, Bahia Azhar, Tangier",35.7758175,-5.7856324,icons/restaurant.png,OSM
Tanger-Tétouan-Al Hoceïma,Supermarché sans nom,Supermarché,Formel,Rue Al Boussiri 3,35.7794744,-5.8117251,icons/supermarket.png,OSM
Tanger-Tétouan-Al Hoceïma,Café Babá,Café,Formel,Rue Sidi Hassani,35.7877895,-5.8115525,icons/cafe.png,OSM
Tanger-Tétouan-Al Hoceïma,Abou Tayssir,Restaurant,Formel,"Rue d'Italie, Tangier",35.7864705,-5.8134839,icons/restaurant.png,OSM
Tanger-Tétouan-Al Hoceïma,عند حسن باب القصبة,Restaurant,Formel,Rue de la Kasbah,35.7868317,-5.8138821,icons/restaurant.png,OSM
Tanger-Tétouan-Al Hoceïma,La Boutique,Café,Formel,La Boutique,35.7827736,-5.7981185,icons/cafe.png,OSM
Tanger-Tétouan-Al Hoceïma,Restaurant sans nom,Restaurant,Formel,Restaurant sans nom,35.1074554,-5.2890418,icons/restaurant.png,OSM
Tanger-Tétouan-Al Hoceïma,Restaurant Derdara,Restaurant,Formel,Restaurant Derdara,35.1101621,-5.2860912,icons/restaurant.png,OSM
Tanger-Tétouan-Al Hoceïma,Dardara,Café,Formel,Dardara,35.1119572,-5.286801,icons/cafe.png,OSM
Tanger-Tétouan-Al Hoceïma,Parapharmacie sans nom,Parapharmacie,Formel,Parapharmacie sans nom,35.1150779,-5.2878037,icons/pharmacy.png,OSM
Tanger-Tétouan-Al Hoceïma,Étoile Du Nord,Restaurant,Formel,Étoile Du Nord,35.1164282,-5.2887722,icons/restaurant.png,OSM
Tanger-Tétouan-Al Hoceïma,Restaurant sans nom,Restaurant,Formel,Restaurant sans nom,35.227247,-5.3224933,icons/restaurant.png,OSM
Tanger-Tétouan-Al Hoceïma,Iborja إبرجة,Café,Formel,Iborja إبرجة,35.2481509,-5.289455,icons/cafe.png,OSM
Tanger-Tétouan-Al Hoceïma,Auberge Rueda Café Restaurant,Café,Formel,الوادي,35.2655895,-5.2309671,icons/cafe.png,OSM
Tanger-Tétouan-Al Hoceïma,chourok,Café,Formel,chourok,35.3489709,-5.1825707,icons/cafe.png,OSM
Tanger-Tétouan-Al Hoceïma,Amsterdam أمستردام,Café,Formel,وادي لو,35.4467653,-5.0955849,icons/cafe.png,OSM
Tanger-Tétouan-Al Hoceïma,Beirut Snack Pizza Café بيروت اسناك بيتزا قهوة,Restaurant,Formel,وادي لو,35.4474531,-5.0949841,icons/restaurant.png,OSM
Tanger-Tétouan-Al Hoceïma,Al Djazeera الجزيرة,Café,Formel,وادي لو,35.4474969,-5.0951736,icons/cafe.png,OSM
Tanger-Tétouan-Al Hoceïma,Supérette / Mini-market sans nom,Supérette / Mini-market,Formel,وادي لو,35.4480851,-5.0954005,icons/convenience.png,OSM
Tanger-Tétouan-Al Hoceïma,Parapharmacie sans nom,Parapharmacie,Formel,وادي لو,35.4483456,-5.0914872,icons/pharmacy.png,OSM
Tanger-Tétouan-Al Hoceïma,Chourok الشروق,Restaurant,Formel,وادي لو,35.4559432,-5.0953692,icons/restaurant.png,OSM
Tanger-Tétouan-Al Hoceïma,Alimentación General Hamid Z مواد غذائية عامة حميد ز,Supermarché,Formel,وادي لو,35.4564152,-5.0956401,icons/supermarket.png,OSM
Tanger-Tétouan-Al Hoceïma,playa de uada lao,Restaurant,Formel,playa de uada lao,35.4762568,-5.1064522,icons/restaurant.png,OSM
Tanger-Tétouan-Al Hoceïma,Supérette / Mini-market sans nom,Supérette / Mini-market,Formel,Supérette / Mini-market sans nom,35.1763881,-5.2692015,icons/convenience.png,OSM
Tanger-Tétouan-Al Hoceïma,Chinois,Restaurant,Formel,Chinois,35.1699338,-5.263671,icons/restaurant.png,OSM
Tanger-Tétouan-Al Hoceïma,Supermarché sans nom,Supermarché,Formel,Supermarché sans nom,35.169015,-5.2745595,icons/supermarket.png,OSM
Tanger-Tétouan-Al Hoceïma,Douae,Café,Formel,Douae,35.0067647,-5.8904136,icons/cafe.png,OSM
Tanger-Tétouan-Al Hoceïma,Charika,Café,Formel,Charika,35.0030886,-5.9060957,icons/cafe.png,OSM
Tanger-Tétouan-Al Hoceïma,Bayrout,Café,Formel,Bayrout,35.0026002,-5.9062408,icons/cafe.png,OSM
Tanger-Tétouan-Al Hoceïma,Athena,Café,Formel,Athena,35.0025654,-5.9060019,icons/cafe.png,OSM
Tanger-Tétouan-Al Hoceïma,Panorama,Café,Formel,Panorama,35.0007838,-5.9049896,icons/cafe.png,OSM
Tanger-Tétouan-Al Hoceïma,Papertrie Hamdouni,Supérette / Mini-market,Formel,Papertrie Hamdouni,35.0006403,-5.9048004,icons/convenience.png,OSM
Tanger-Tétouan-Al Hoceïma,Istanbul,Café,Formel,Istanbul,35.0015106,-5.9072032,icons/cafe.png,OSM
Tanger-Tétouan-Al Hoceïma,Volga,Café,Formel,Volga,35.0054574,-5.9225054,icons/cafe.png,OSM
Tanger-Tétouan-Al Hoceïma,Basatine,Café,Formel,Basatine,35.0050403,-5.9215587,icons/cafe.png,OSM
Tanger-Tétouan-Al Hoceïma,Ismaali,Café,Formel,Ismaali,35.0035254,-5.9155646,icons/cafe.png,OSM
Tanger-Tétouan-Al Hoceïma,Virginia,Café,Formel,Virginia,35.0037254,-5.9154761,icons/cafe.png,OSM
Tanger-Tétouan-Al Hoceïma,Cote Au Delice,Boutique de confiserie,Informel,Cote Au Delice,35.0028982,-5.9125019,icons/confectionery.png,OSM
Tanger-Tétouan-Al Hoceïma,Temsamani,Café,Formel,Temsamani,35.0025552,-5.9120384,icons/cafe.png,OSM
Tanger-Tétouan-Al Hoceïma,Anas,Café,Formel,Anas,34.9927268,-5.9057772,icons/cafe.png,OSM
Tanger-Tétouan-Al Hoceïma,Hercule,Café,Formel,Hercule,35.7601713,-5.9387855,icons/cafe.png,OSM
Tanger-Tétouan-Al Hoceïma,Achkar,Café,Formel,Achkar,35.759537,-5.9372791,icons/cafe.png,OSM
Tanger-Tétouan-Al Hoceïma,Supermarché,Supermarché,Formel,Supermarché,35.6278028,-5.2814577,icons/supermarket.png,OSM
Tanger-Tétouan-Al Hoceïma,Supérette / Mini-market sans nom,Supérette / Mini-market,Formel,Supérette / Mini-market sans nom,35.629542,-5.2744663,icons/convenience.png,OSM
Tanger-Tétouan-Al Hoceïma,Restaurant sans nom,Restaurant,Formel,Restaurant sans nom,35.6279481,-5.2809502,icons/restaurant.png,OSM
Tanger-Tétouan-Al Hoceïma,Boulanger-Patisserie,Boulangerie,Formel,Boulanger-Patisserie,35.6276218,-5.283103,icons/bakery.png,OSM
Tanger-Tétouan-Al Hoceïma,Supermarché,Supermarché,Formel,Supermarché,35.6274549,-5.2838666,icons/supermarket.png,OSM
Tanger-Tétouan-Al Hoceïma,Blue Sea Pizza,Restaurant,Formel,Blue Sea Pizza,35.6160955,-5.2721275,icons/restaurant.png,OSM
Tanger-Tétouan-Al Hoceïma,Pizzaria - Taco’s,Restaurant,Formel,Pizzaria - Taco’s,35.6282249,-5.2798828,icons/restaurant.png,OSM
Tanger-Tétouan-Al Hoceïma,Boulanger,Boulangerie,Formel,Boulanger,35.620275,-5.2731552,icons/bakery.png,OSM
Tanger-Tétouan-Al Hoceïma,Boulanger - Patisserie,Boulangerie,Formel,Boulanger - Patisserie,35.6175498,-5.2726011,icons/bakery.png,OSM
Tanger-Tétouan-Al Hoceïma,Pharmacie Souk صيدلية السوق,Parapharmacie,Formel,"Avenue Moulay Hassan, Martil ⵎⴰⵔⵜⵉⵍ مرتيل",35.6179078,-5.2749795,icons/pharmacy.png,OSM
Tanger-Tétouan-Al Hoceïma,Pan Dy,Restaurant,Formel,Pan Dy,35.6161558,-5.2719227,icons/restaurant.png,OSM
Tanger-Tétouan-Al Hoceïma,Restaurant sans nom,Restaurant,Formel,Restaurant sans nom,35.566954,-5.3697258,icons/restaurant.png,OSM
Tanger-Tétouan-Al Hoceïma,Sushi-Wok,Restaurant,Formel,Sushi-Wok,35.6198852,-5.2717147,icons/restaurant.png,OSM
Tanger-Tétouan-Al Hoceïma,Restaurant sans nom,Restaurant,Formel,Rue Siaghine,35.7850694,-5.8123981,icons/restaurant.png,OSM
Tanger-Tétouan-Al Hoceïma,Café Rahmouni,Restaurant,Formel,Café Rahmouni,35.1671886,-5.2616401,icons/restaurant.png,OSM
Tanger-Tétouan-Al Hoceïma,Nord-Pinus Restaurant,Restaurant,Formel,"Rue Riad Sultan, Tanger طنجة",35.7889455,-5.813482,icons/restaurant.png,OSM
Tanger-Tétouan-Al Hoceïma,La Terrasse de Dar El Kasbah,Restaurant,Formel,Rue de la Kasbah,35.7870429,-5.8140617,icons/restaurant.png,OSM
Tanger-Tétouan-Al Hoceïma,Charlotte,Café,Formel,Calle Algeciras,35.8875373,-5.3084189,icons/cafe.png,OSM
Tanger-Tétouan-Al Hoceïma,ميرامار,Restaurant,Formel,وادي لو,35.4502477,-5.0914972,icons/restaurant.png,OSM
Tanger-Tétouan-Al Hoceïma,Restaurant sans nom,Restaurant,Formel,Restaurant sans nom,34.9166085,-4.5702627,icons/restaurant.png,OSM
Tanger-Tétouan-Al Hoceïma,مقهى الشجرة,Restaurant,Formel,مقهى الشجرة,34.7983717,-5.5689539,icons/restaurant.png,OSM
Tanger-Tétouan-Al Hoceïma,Restaurant sans nom,Restaurant,Formel,Restaurant sans nom,34.7971286,-5.5754079,icons/restaurant.png,OSM
Tanger-Tétouan-Al Hoceïma,Pharmacie Al Omouma صيدلية الأمومة,Parapharmacie,Formel,Chefchaouen ⵜⵛⴻⴼⵜⵛⴰⵡⴻⵏ شفشاون,35.166718,-5.273575,icons/pharmacy.png,OSM
Tanger-Tétouan-Al Hoceïma,Pharmacie du Nord صيدلية الشمال الكبرى,Parapharmacie,Formel,"Boulevard Mohamed V شارع محمد الخامس, Tétouan",35.5699643,-5.3714953,icons/pharmacy.png,OSM
Tanger-Tétouan-Al Hoceïma,Boutique de confiserie sans nom,Boutique de confiserie,Informel,Boutique de confiserie sans nom,35.7814913,-5.8125256,icons/confectionery.png,OSM
Tanger-Tétouan-Al Hoceïma,Bab Souk,Restaurant,Formel,Bab Souk,35.1699629,-5.2654796,icons/restaurant.png,OSM
Tanger-Tétouan-Al Hoceïma,Boutique de confiserie sans nom,Boutique de confiserie,Informel,Boutique de confiserie sans nom,35.1696326,-5.2656288,icons/confectionery.png,OSM
Tanger-Tétouan-Al Hoceïma,Café sans nom,Café,Formel,Café sans nom,35.5695848,-5.3711634,icons/cafe.png,OSM
Tanger-Tétouan-Al Hoceïma,Supérette / Mini-market sans nom,Supérette / Mini-market,Formel,طنجة,35.784618,-5.8126094,icons/convenience.png,OSM
Tanger-Tétouan-Al Hoceïma,Restaurant sans nom,Restaurant,Formel,Restaurant sans nom,35.4645674,-6.0349028,icons/restaurant.png,OSM
Tanger-Tétouan-Al Hoceïma,Restaurant sans nom,Restaurant,Formel,Restaurant sans nom,35.4663504,-6.0340553,icons/restaurant.png,OSM
Tanger-Tétouan-Al Hoceïma,Boulangerie sans nom,Boulangerie,Formel,Boulangerie sans nom,35.4668038,-6.0327709,icons/bakery.png,OSM
Tanger-Tétouan-Al Hoceïma,Restaurant sans nom,Restaurant,Formel,Restaurant sans nom,35.1031277,-4.3489322,icons/restaurant.png,OSM
Tanger-Tétouan-Al Hoceïma,Dulce papadag,Restaurant,Formel,Dulce papadag,35.8560253,-5.348455,icons/restaurant.png,OSM
Tanger-Tétouan-Al Hoceïma,Restaurant sans nom,Restaurant,Formel,طنجة,35.7863702,-5.8131715,icons/restaurant.png,OSM
Tanger-Tétouan-Al Hoceïma,Épicerie sans nom,Épicerie,Informel,Épicerie sans nom,35.8544737,-5.3486676,icons/greengrocer.png,OSM
Tanger-Tétouan-Al Hoceïma,Restaurant sans nom,Restaurant,Formel,Restaurant sans nom,35.9013247,-5.4779527,icons/restaurant.png,OSM
Tanger-Tétouan-Al Hoceïma,Boutique de confiserie sans nom,Boutique de confiserie,Informel,Boutique de confiserie sans nom,35.5773111,-5.3570518,icons/confectionery.png,OSM
Tanger-Tétouan-Al Hoceïma,Restaurant sans nom,Restaurant,Formel,Restaurant sans nom,35.7883914,-5.7599003,icons/restaurant.png,OSM
Tanger-Tétouan-Al Hoceïma,Dar Naji دار ناجي,Restaurant,Formel,Dar Naji دار ناجي,35.7717159,-5.8054498,icons/restaurant.png,OSM
Tanger-Tétouan-Al Hoceïma,Ouazan,Restaurant,Formel,Ouazan,34.8081156,-5.5637205,icons/restaurant.png,OSM
Tanger-Tétouan-Al Hoceïma,Restaurant sans nom,Restaurant,Formel,Restaurant sans nom,34.8048554,-5.56494,icons/restaurant.png,OSM
Tanger-Tétouan-Al Hoceïma,LA salon rouge,Restaurant,Formel,LA salon rouge,35.7813968,-5.8079454,icons/restaurant.png,OSM
Tanger-Tétouan-Al Hoceïma,Supérette / Mini-market sans nom,Supérette / Mini-market,Formel,Supérette / Mini-market sans nom,35.1187896,-4.323027,icons/convenience.png,OSM
Tanger-Tétouan-Al Hoceïma,Restaurant sans nom,Restaurant,Formel,Restaurant sans nom,35.4676904,-6.0327317,icons/restaurant.png,OSM
Tanger-Tétouan-Al Hoceïma,Café sans nom,Café,Formel,Café sans nom,35.7101329,-5.8050767,icons/cafe.png,OSM
Tanger-Tétouan-Al Hoceïma,Restaurant sans nom,Restaurant,Formel,Restaurant sans nom,35.7102211,-5.8050207,icons/restaurant.png,OSM
Tanger-Tétouan-Al Hoceïma,Pharmacie Al Amal صيدلية الأمل,Parapharmacie,Formel,"Boulevard Haj Mohamed Bennouna, Tétouan",35.5844952,-5.3583077,icons/pharmacy.png,OSM
Tanger-Tétouan-Al Hoceïma,Café sans nom,Café,Formel,Café sans nom,35.7747044,-5.7968578,icons/cafe.png,OSM
Tanger-Tétouan-Al Hoceïma,Restaurant sans nom,Restaurant,Formel,Restaurant sans nom,35.7739602,-5.797774,icons/restaurant.png,OSM
Tanger-Tétouan-Al Hoceïma,موزارت,Boulangerie,Formel,موزارت,35.7745092,-5.7981098,icons/bakery.png,OSM
Tanger-Tétouan-Al Hoceïma,Café sans nom,Café,Formel,Café sans nom,35.5947632,-5.3480579,icons/cafe.png,OSM
Tanger-Tétouan-Al Hoceïma,Casa la Place,Restaurant,Formel,Avenue Moulay El Hassan Ben Medhi,35.4670599,-6.0358686,icons/restaurant.png,OSM
Tanger-Tétouan-Al Hoceïma,Dorada,Restaurant,Formel,avenue du 9 avril,35.5889698,-5.334957,icons/restaurant.png,OSM
Tanger-Tétouan-Al Hoceïma,Omega3,Restaurant,Formel,Omega3,35.7590564,-5.8376034,icons/restaurant.png,OSM
Tanger-Tétouan-Al Hoceïma,Restaurant sans nom,Restaurant,Formel,Avenue Mohammed VI شارع محمد السادس,35.7797053,-5.8041314,icons/restaurant.png,OSM
Tanger-Tétouan-Al Hoceïma,restaurant salon 西班牙海鲜餐,Restaurant,Formel,restaurant salon 西班牙海鲜餐,35.5723619,-5.3660083,icons/restaurant.png,OSM
Tanger-Tétouan-Al Hoceïma,Restaurant sans nom,Restaurant,Formel,Restaurant sans nom,35.1701093,-5.2612664,icons/restaurant.png,OSM
Tanger-Tétouan-Al Hoceïma,La petite chendgu,Restaurant,Formel,La petite chendgu,35.1675612,-5.2648041,icons/restaurant.png,OSM
Tanger-Tétouan-Al Hoceïma,Restaurant sans nom,Restaurant,Formel,Restaurant sans nom,35.1699413,-5.2636991,icons/restaurant.png,OSM
Tanger-Tétouan-Al Hoceïma,Pizzería D’Armando,Restaurant,Formel,Plaza Teniente Ruiz,35.8875653,-5.3102742,icons/restaurant.png,OSM
Tanger-Tétouan-Al Hoceïma,Dall'Italiano,Restaurant,Formel,Dall'Italiano,35.7755629,-5.7870405,icons/restaurant.png,OSM
Tanger-Tétouan-Al Hoceïma,Parapharmacie sans nom,Parapharmacie,Formel,Parapharmacie sans nom,35.5703725,-5.4016556,icons/pharmacy.png,OSM
Tanger-Tétouan-Al Hoceïma,Don José,Restaurant,Formel,Don José,35.8879689,-5.3147952,icons/restaurant.png,OSM
Tanger-Tétouan-Al Hoceïma,Pharmacie Afassi صيدلية عفاسي,Parapharmacie,Formel,"Avenue Dacca, Tétouan",35.5789462,-5.3493814,icons/pharmacy.png,OSM
Tanger-Tétouan-Al Hoceïma,Restaurant sans nom,Restaurant,Formel,Restaurant sans nom,35.1695635,-5.2630997,icons/restaurant.png,OSM
Tanger-Tétouan-Al Hoceïma,Boulangerie sans nom,Boulangerie,Formel,Boulangerie sans nom,35.7847006,-5.8126972,icons/bakery.png,OSM
Tanger-Tétouan-Al Hoceïma,Charaf,Café,Formel,Rue Smarine,35.7848293,-5.8126495,icons/cafe.png,OSM
Tanger-Tétouan-Al Hoceïma,Restaurant Tanger,Restaurant,Formel,Restaurant Tanger,35.7796045,-5.8109461,icons/restaurant.png,OSM
Tanger-Tétouan-Al Hoceïma,Supermarché sans nom,Supermarché,Formel,Supermarché sans nom,35.7865882,-5.8122905,icons/supermarket.png,OSM
Tanger-Tétouan-Al Hoceïma,Boulangerie sans nom,Boulangerie,Formel,Boulangerie sans nom,35.6835898,-5.3220865,icons/bakery.png,OSM
Tanger-Tétouan-Al Hoceïma,Restaurant sans nom,Restaurant,Formel,Restaurant sans nom,35.6658623,-5.31909,icons/restaurant.png,OSM
Tanger-Tétouan-Al Hoceïma,La Ligne,Restaurant,Formel,La Ligne,35.7155209,-5.9075216,icons/restaurant.png,OSM
Tanger-Tétouan-Al Hoceïma,Café sans nom,Café,Formel,Café sans nom,35.7831211,-5.9304575,icons/cafe.png,OSM
Tanger-Tétouan-Al Hoceïma,Cafe Rayan,Restaurant,Formel,Cafe Rayan,35.5697077,-5.3851001,icons/restaurant.png,OSM
Tanger-Tétouan-Al Hoceïma,Vikingo,Restaurant,Formel,Vikingo,35.5695665,-5.3852028,icons/restaurant.png,OSM
Tanger-Tétouan-Al Hoceïma,Restaurant sans nom,Restaurant,Formel,Restaurant sans nom,35.7896471,-5.8098951,icons/restaurant.png,OSM
Tanger-Tétouan-Al Hoceïma,Darcom,Restaurant,Formel,Darcom,35.1678949,-5.2624101,icons/restaurant.png,OSM
Tanger-Tétouan-Al Hoceïma,El jaleo,Restaurant,Formel,El jaleo,35.1707497,-5.2568267,icons/restaurant.png,OSM
Tanger-Tétouan-Al Hoceïma,Café sans nom,Café,Formel,Café sans nom,35.5655627,-5.3928108,icons/cafe.png,OSM
Tanger-Tétouan-Al Hoceïma,Restaurant sans nom,Restaurant,Formel,Restaurant sans nom,35.884316,-5.4985613,icons/restaurant.png,OSM
Tanger-Tétouan-Al Hoceïma,Red Cross,Restaurant,Formel,Red Cross,35.7819768,-5.8180782,icons/restaurant.png,OSM
Tanger-Tétouan-Al Hoceïma,Restaurant sans nom,Restaurant,Formel,Rue des Postes,35.7853135,-5.8099199,icons/restaurant.png,OSM
Tanger-Tétouan-Al Hoceïma,Épicerie sans nom,Épicerie,Informel,Épicerie sans nom,35.7837799,-5.8142468,icons/greengrocer.png,OSM
Tanger-Tétouan-Al Hoceïma,Café sans nom,Café,Formel,Café sans nom,35.5707858,-5.3558573,icons/cafe.png,OSM
Tanger-Tétouan-Al Hoceïma,Souk des Femmes de la Montagne Jbala,Épicerie,Informel,Souk des Femmes de la Montagne Jbala,35.7838161,-5.8146277,icons/greengrocer.png,OSM
Tanger-Tétouan-Al Hoceïma,Café sans nom,Café,Formel,Café sans nom,35.7887248,-5.8100461,icons/cafe.png,OSM
Tanger-Tétouan-Al Hoceïma,Café sans nom,Café,Formel,Café sans nom,35.4668978,-6.0367882,icons/cafe.png,OSM
Tanger-Tétouan-Al Hoceïma,Café sans nom,Café,Formel,Café sans nom,35.4672539,-6.0322398,icons/cafe.png,OSM
Tanger-Tétouan-Al Hoceïma,Café sans nom,Café,Formel,Café sans nom,35.5683033,-5.3667844,icons/cafe.png,OSM
Tanger-Tétouan-Al Hoceïma,Café sans nom,Café,Formel,Café sans nom,35.571012,-5.3693,icons/cafe.png,OSM
Tanger-Tétouan-Al Hoceïma,Cafe Chez Mohamed,Café,Formel,Cafe Chez Mohamed,35.1699004,-5.2650932,icons/cafe.png,OSM
Tanger-Tétouan-Al Hoceïma,Épicerie sans nom,Épicerie,Informel,Épicerie sans nom,35.7769233,-5.8048463,icons/greengrocer.png,OSM
Tanger-Tétouan-Al Hoceïma,Boulangerie sans nom,Boulangerie,Formel,Boulangerie sans nom,35.7786193,-5.8072571,icons/bakery.png,OSM
Tanger-Tétouan-Al Hoceïma,Boulangerie sans nom,Boulangerie,Formel,Boulangerie sans nom,35.7757172,-5.80048,icons/bakery.png,OSM
Tanger-Tétouan-Al Hoceïma,Café sans nom,Café,Formel,Café sans nom,35.7769865,-5.8043187,icons/cafe.png,OSM
Tanger-Tétouan-Al Hoceïma,Boulangerie sans nom,Boulangerie,Formel,Boulangerie sans nom,35.7826343,-5.8197861,icons/bakery.png,OSM
Tanger-Tétouan-Al Hoceïma,Épicerie sans nom,Épicerie,Informel,Épicerie sans nom,35.7850746,-5.8128026,icons/greengrocer.png,OSM
Tanger-Tétouan-Al Hoceïma,Boutique de confiserie sans nom,Boutique de confiserie,Informel,Rue de la Kasbah,35.787554,-5.8146765,icons/confectionery.png,OSM
Tanger-Tétouan-Al Hoceïma,Restaurant sans nom,Restaurant,Formel,Restaurant sans nom,35.7835692,-5.8128978,icons/restaurant.png,OSM
Tanger-Tétouan-Al Hoceïma,Restaurant sans nom,Restaurant,Formel,Restaurant sans nom,35.779473,-5.8106996,icons/restaurant.png,OSM
Tanger-Tétouan-Al Hoceïma,Boulangerie sans nom,Boulangerie,Formel,Boulangerie sans nom,35.778166,-5.8142764,icons/bakery.png,OSM
Tanger-Tétouan-Al Hoceïma,Marché aux épices,Supermarché,Formel,Marché aux épices,35.7842951,-5.8119074,icons/supermarket.png,OSM
Tanger-Tétouan-Al Hoceïma,Café sans nom,Café,Formel,Café sans nom,35.7884742,-5.816124,icons/cafe.png,OSM
Tanger-Tétouan-Al Hoceïma,Café sans nom,Café,Formel,Café sans nom,35.7778445,-5.8136961,icons/cafe.png,OSM
Tanger-Tétouan-Al Hoceïma,Boutique de confiserie sans nom,Boutique de confiserie,Informel,Boutique de confiserie sans nom,35.7883908,-5.8155602,icons/confectionery.png,OSM
Tanger-Tétouan-Al Hoceïma,Café sans nom,Café,Formel,Café sans nom,35.7807945,-5.8123733,icons/cafe.png,OSM
Tanger-Tétouan-Al Hoceïma,Boulangerie sans nom,Boulangerie,Formel,Boulangerie sans nom,35.7834513,-5.8112135,icons/bakery.png,OSM
Tanger-Tétouan-Al Hoceïma,Boulangerie sans nom,Boulangerie,Formel,Boulangerie sans nom,35.7865415,-5.8122587,icons/bakery.png,OSM
Tanger-Tétouan-Al Hoceïma,Boulangerie sans nom,Boulangerie,Formel,Boulangerie sans nom,35.7861202,-5.8131583,icons/bakery.png,OSM
Tanger-Tétouan-Al Hoceïma,Boutique de confiserie sans nom,Boutique de confiserie,Informel,Boutique de confiserie sans nom,35.7850601,-5.8121541,icons/confectionery.png,OSM
Tanger-Tétouan-Al Hoceïma,Café sans nom,Café,Formel,Café sans nom,35.7850185,-5.8124786,icons/cafe.png,OSM
Tanger-Tétouan-Al Hoceïma,Jawda Fruits,Café,Formel,Jawda Fruits,35.7846159,-5.8133084,icons/cafe.png,OSM
Tanger-Tétouan-Al Hoceïma,Boulangerie sans nom,Boulangerie,Formel,Boulangerie sans nom,35.7863833,-5.8135215,icons/bakery.png,OSM
Tanger-Tétouan-Al Hoceïma,Taj el Amrani,Boutique de confiserie,Informel,Rue de la Liberté,35.7831423,-5.8128852,icons/confectionery.png,OSM
Tanger-Tétouan-Al Hoceïma,Épicerie sans nom,Épicerie,Informel,Épicerie sans nom,35.7866716,-5.8140228,icons/greengrocer.png,OSM
Tanger-Tétouan-Al Hoceïma,Café sans nom,Café,Formel,Café sans nom,35.7834673,-5.8111539,icons/cafe.png,OSM
Tanger-Tétouan-Al Hoceïma,Café sans nom,Café,Formel,Café sans nom,35.4624661,-6.0373165,icons/cafe.png,OSM
Tanger-Tétouan-Al Hoceïma,Boutique de confiserie sans nom,Boutique de confiserie,Informel,Boutique de confiserie sans nom,35.4619163,-6.0373048,icons/confectionery.png,OSM
Tanger-Tétouan-Al Hoceïma,Boutique de confiserie sans nom,Boutique de confiserie,Informel,Boutique de confiserie sans nom,35.4603872,-6.0372127,icons/confectionery.png,OSM
Tanger-Tétouan-Al Hoceïma,Boulangerie sans nom,Boulangerie,Formel,Boulangerie sans nom,35.4604626,-6.0373832,icons/bakery.png,OSM
Tanger-Tétouan-Al Hoceïma,Café sans nom,Café,Formel,Café sans nom,35.4602938,-6.037389,icons/cafe.png,OSM
Tanger-Tétouan-Al Hoceïma,Café sans nom,Café,Formel,Café sans nom,35.4593358,-6.0360567,icons/cafe.png,OSM
Tanger-Tétouan-Al Hoceïma,Restaurant sans nom,Restaurant,Formel,Restaurant sans nom,35.4584961,-6.0345453,icons/restaurant.png,OSM
Tanger-Tétouan-Al Hoceïma,Restaurant sans nom,Restaurant,Formel,Restaurant sans nom,35.4587442,-6.0354579,icons/restaurant.png,OSM
Tanger-Tétouan-Al Hoceïma,Restaurant sans nom,Restaurant,Formel,Restaurant sans nom,35.4601872,-6.0366749,icons/restaurant.png,OSM
Tanger-Tétouan-Al Hoceïma,Restaurant sans nom,Restaurant,Formel,Restaurant sans nom,35.4591916,-6.0360522,icons/restaurant.png,OSM
Tanger-Tétouan-Al Hoceïma,Café sans nom,Café,Formel,Café sans nom,35.4630658,-6.0351953,icons/cafe.png,OSM
Tanger-Tétouan-Al Hoceïma,Boulangerie sans nom,Boulangerie,Formel,Boulangerie sans nom,35.4592681,-6.0359877,icons/bakery.png,OSM
Tanger-Tétouan-Al Hoceïma,Restaurant sans nom,Restaurant,Formel,Restaurant sans nom,35.4607656,-6.0371401,icons/restaurant.png,OSM
Tanger-Tétouan-Al Hoceïma,Restaurant sans nom,Restaurant,Formel,Restaurant sans nom,35.4616573,-6.0372615,icons/restaurant.png,OSM
Tanger-Tétouan-Al Hoceïma,Boutique de confiserie sans nom,Boutique de confiserie,Informel,Boutique de confiserie sans nom,35.4627947,-6.0376578,icons/confectionery.png,OSM
Tanger-Tétouan-Al Hoceïma,Café sans nom,Café,Formel,Café sans nom,35.4626736,-6.0364333,icons/cafe.png,OSM
Tanger-Tétouan-Al Hoceïma,Restaurant sans nom,Restaurant,Formel,Restaurant sans nom,35.4628821,-6.0355301,icons/restaurant.png,OSM
Tanger-Tétouan-Al Hoceïma,Café sans nom,Café,Formel,Café sans nom,35.4642845,-6.0358492,icons/cafe.png,OSM
Tanger-Tétouan-Al Hoceïma,Café sans nom,Café,Formel,Café sans nom,35.4646638,-6.0347535,icons/cafe.png,OSM
Tanger-Tétouan-Al Hoceïma,Restaurant sans nom,Restaurant,Formel,Restaurant sans nom,35.4654155,-6.0352591,icons/restaurant.png,OSM
Tanger-Tétouan-Al Hoceïma,Restaurant Farah,Restaurant,Formel,Restaurant Farah,35.4658173,-6.0356842,icons/restaurant.png,OSM
Tanger-Tétouan-Al Hoceïma,Café sans nom,Café,Formel,Café sans nom,35.4665896,-6.0333554,icons/cafe.png,OSM
Tanger-Tétouan-Al Hoceïma,Restaurant sans nom,Restaurant,Formel,Restaurant sans nom,35.4670581,-6.0320207,icons/restaurant.png,OSM
Tanger-Tétouan-Al Hoceïma,Café sans nom,Café,Formel,Café sans nom,35.4651593,-6.0374258,icons/cafe.png,OSM
Tanger-Tétouan-Al Hoceïma,Boulangerie sans nom,Boulangerie,Formel,Boulangerie sans nom,35.4646298,-6.0378289,icons/bakery.png,OSM
Tanger-Tétouan-Al Hoceïma,Restaurant sans nom,Restaurant,Formel,Restaurant sans nom,35.4647484,-6.0379106,icons/restaurant.png,OSM
Tanger-Tétouan-Al Hoceïma,Café sans nom,Café,Formel,Café sans nom,35.4642819,-6.0379235,icons/cafe.png,OSM
Tanger-Tétouan-Al Hoceïma,Restaurant sans nom,Restaurant,Formel,Restaurant sans nom,35.4639058,-6.0378056,icons/restaurant.png,OSM
Tanger-Tétouan-Al Hoceïma,Café sans nom,Café,Formel,Café sans nom,35.4685664,-6.0312221,icons/cafe.png,OSM
Tanger-Tétouan-Al Hoceïma,Café sans nom,Café,Formel,Café sans nom,35.4659866,-6.031523,icons/cafe.png,OSM
Tanger-Tétouan-Al Hoceïma,Boulangerie sans nom,Boulangerie,Formel,Boulangerie sans nom,35.46537,-6.0320914,icons/bakery.png,OSM
Tanger-Tétouan-Al Hoceïma,Restaurant sans nom,Restaurant,Formel,Restaurant sans nom,35.4662847,-6.0320905,icons/restaurant.png,OSM
Tanger-Tétouan-Al Hoceïma,Café sans nom,Café,Formel,Café sans nom,35.4652892,-6.0319505,icons/cafe.png,OSM
Tanger-Tétouan-Al Hoceïma,Café sans nom,Café,Formel,Café sans nom,35.464576,-6.0383133,icons/cafe.png,OSM
Tanger-Tétouan-Al Hoceïma,Café sans nom,Café,Formel,Café sans nom,35.4638281,-6.0421212,icons/cafe.png,OSM
Tanger-Tétouan-Al Hoceïma,Café sans nom,Café,Formel,Café sans nom,35.4632046,-6.0408162,icons/cafe.png,OSM
Tanger-Tétouan-Al Hoceïma,Café sans nom,Café,Formel,Café sans nom,35.570137,-5.3714054,icons/cafe.png,OSM
Tanger-Tétouan-Al Hoceïma,Cafe central,Café,Formel,Cafe central,35.570496,-5.3744383,icons/cafe.png,OSM
Tanger-Tétouan-Al Hoceïma,Cafe National,Café,Formel,Cafe National,35.5701808,-5.3723278,icons/cafe.png,OSM
Tanger-Tétouan-Al Hoceïma,Café sans nom,Café,Formel,Café sans nom,35.5701866,-5.3729434,icons/cafe.png,OSM
Tanger-Tétouan-Al Hoceïma,Cafe Zahra,Café,Formel,Cafe Zahra,35.5700428,-5.3733841,icons/cafe.png,OSM
Tanger-Tétouan-Al Hoceïma,Continental,Café,Formel,Continental,35.5701738,-5.3725643,icons/cafe.png,OSM
Tanger-Tétouan-Al Hoceïma,Ochorios,Café,Formel,Ochorios,35.5701829,-5.3730774,icons/cafe.png,OSM
Tanger-Tétouan-Al Hoceïma,Primero,Boutique de confiserie,Informel,Primero,35.5701832,-5.3727329,icons/confectionery.png,OSM
Tanger-Tétouan-Al Hoceïma,Cafe Touristes,Café,Formel,Cafe Touristes,35.5700256,-5.3730842,icons/cafe.png,OSM
Tanger-Tétouan-Al Hoceïma,Café sans nom,Café,Formel,Café sans nom,35.571786,-5.3768957,icons/cafe.png,OSM
Tanger-Tétouan-Al Hoceïma,Los Angeles,Café,Formel,Los Angeles,35.5705523,-5.3750484,icons/cafe.png,OSM
Tanger-Tétouan-Al Hoceïma,Cafe Nipon,Café,Formel,Cafe Nipon,35.5707057,-5.3753194,icons/cafe.png,OSM
Tanger-Tétouan-Al Hoceïma,Café sans nom,Café,Formel,Café sans nom,35.5709074,-5.3753073,icons/cafe.png,OSM
Tanger-Tétouan-Al Hoceïma,Cafe Manila,Café,Formel,Cafe Manila,35.5710266,-5.3766083,icons/cafe.png,OSM
Tanger-Tétouan-Al Hoceïma,Cafe Allal,Café,Formel,Cafe Allal,35.5701444,-5.3767153,icons/cafe.png,OSM
Tanger-Tétouan-Al Hoceïma,Cafe Al Ahram,Café,Formel,Cafe Al Ahram,35.570133,-5.3765353,icons/cafe.png,OSM
Tanger-Tétouan-Al Hoceïma,Boutique de confiserie sans nom,Boutique de confiserie,Informel,Boutique de confiserie sans nom,35.5700162,-5.3756839,icons/confectionery.png,OSM
Tanger-Tétouan-Al Hoceïma,Café sans nom,Café,Formel,Café sans nom,35.5701205,-5.3756976,icons/cafe.png,OSM
Tanger-Tétouan-Al Hoceïma,Mister Pollo,Restaurant,Formel,Mister Pollo,35.5699472,-5.3756883,icons/restaurant.png,OSM
Tanger-Tétouan-Al Hoceïma,Cafes Luna,Café,Formel,Cafes Luna,35.5702765,-5.3747567,icons/cafe.png,OSM
Tanger-Tétouan-Al Hoceïma,Cafeteria El Padrino,Café,Formel,Tetuán,35.569839,-5.374025,icons/cafe.png,OSM
Tanger-Tétouan-Al Hoceïma,Café Paris,Café,Formel,Café Paris,35.5700151,-5.3738767,icons/cafe.png,OSM
Tanger-Tétouan-Al Hoceïma,Hotel Principe,Café,Formel,Tetuán,35.569486,-5.3733984,icons/cafe.png,OSM
Tanger-Tétouan-Al Hoceïma,Salon de thé,Café,Formel,Salon de thé,35.569659,-5.3721997,icons/cafe.png,OSM
Tanger-Tétouan-Al Hoceïma,Cafeteria Bayrout,Café,Formel,Cafeteria Bayrout,35.5697668,-5.3732932,icons/cafe.png,OSM
Tanger-Tétouan-Al Hoceïma,Pâtisserie Dallas,Boutique de confiserie,Informel,Pâtisserie Dallas,35.5697467,-5.373117,icons/confectionery.png,OSM
Tanger-Tétouan-Al Hoceïma,Café sans nom,Café,Formel,Café sans nom,35.5692748,-5.372235,icons/cafe.png,OSM
Tanger-Tétouan-Al Hoceïma,Cafes Mexicano,Café,Formel,Cafes Mexicano,35.569878,-5.3722286,icons/cafe.png,OSM
Tanger-Tétouan-Al Hoceïma,Restaurant sans nom,Restaurant,Formel,Restaurant sans nom,35.5694355,-5.3713251,icons/restaurant.png,OSM
Tanger-Tétouan-Al Hoceïma,Café sans nom,Café,Formel,Café sans nom,35.5695801,-5.370408,icons/cafe.png,OSM
Tanger-Tétouan-Al Hoceïma,Restaurant sans nom,Restaurant,Formel,Restaurant sans nom,35.5690135,-5.371508,icons/restaurant.png,OSM
Tanger-Tétouan-Al Hoceïma,Restaurant sans nom,Restaurant,Formel,Restaurant sans nom,35.5695609,-5.3706617,icons/restaurant.png,OSM
Tanger-Tétouan-Al Hoceïma,Restaurant sans nom,Restaurant,Formel,Restaurant sans nom,35.5699648,-5.3719393,icons/restaurant.png,OSM
Tanger-Tétouan-Al Hoceïma,Cafe Riad,Café,Formel,Cafe Riad,35.5702772,-5.3720745,icons/cafe.png,OSM
Tanger-Tétouan-Al Hoceïma,5th Avenue Burgers,Restaurant,Formel,5th Avenue Burgers,35.5699738,-5.3715964,icons/restaurant.png,OSM
Tanger-Tétouan-Al Hoceïma,Café sans nom,Café,Formel,Café sans nom,35.5704785,-5.3722686,icons/cafe.png,OSM
Tanger-Tétouan-Al Hoceïma,Chez Rida,Restaurant,Formel,Chez Rida,35.5701897,-5.370304,icons/restaurant.png,OSM
Tanger-Tétouan-Al Hoceïma,Café sans nom,Café,Formel,Café sans nom,35.5701483,-5.3697492,icons/cafe.png,OSM
Tanger-Tétouan-Al Hoceïma,Al Jalae,Café,Formel,Al Jalae,35.5701119,-5.3701377,icons/cafe.png,OSM
Tanger-Tétouan-Al Hoceïma,Traiteur et pâtisserie,Boutique de confiserie,Informel,Traiteur et pâtisserie,35.5692931,-5.3688604,icons/confectionery.png,OSM
Tanger-Tétouan-Al Hoceïma,Boutique de confiserie sans nom,Boutique de confiserie,Informel,Boutique de confiserie sans nom,35.5695477,-5.369255,icons/confectionery.png,OSM
Tanger-Tétouan-Al Hoceïma,Café sans nom,Café,Formel,Café sans nom,35.5694872,-5.3691075,icons/cafe.png,OSM
Tanger-Tétouan-Al Hoceïma,Étoile du Nord,Café,Formel,Étoile du Nord,35.5696193,-5.369601,icons/cafe.png,OSM
Tanger-Tétouan-Al Hoceïma,Café sans nom,Café,Formel,Café sans nom,35.5709597,-5.3710714,icons/cafe.png,OSM
Tanger-Tétouan-Al Hoceïma,Supermarché sans nom,Supermarché,Formel,Supermarché sans nom,35.5711183,-5.3711747,icons/supermarket.png,OSM
Tanger-Tétouan-Al Hoceïma,Supermarché sans nom,Supermarché,Formel,Supermarché sans nom,35.5715948,-5.3715717,icons/supermarket.png,OSM
Tanger-Tétouan-Al Hoceïma,Supermarché sans nom,Supermarché,Formel,Supermarché sans nom,35.5719143,-5.3700015,icons/supermarket.png,OSM
Tanger-Tétouan-Al Hoceïma,Café sans nom,Café,Formel,Café sans nom,35.5716381,-5.3678104,icons/cafe.png,OSM
Tanger-Tétouan-Al Hoceïma,Boulangerie sans nom,Boulangerie,Formel,Boulangerie sans nom,35.5716231,-5.3667857,icons/bakery.png,OSM
Tanger-Tétouan-Al Hoceïma,Café sans nom,Café,Formel,Café sans nom,35.5707651,-5.3633506,icons/cafe.png,OSM
Tanger-Tétouan-Al Hoceïma,Restaurant sans nom,Restaurant,Formel,Restaurant sans nom,35.5705834,-5.3629795,icons/restaurant.png,OSM
Tanger-Tétouan-Al Hoceïma,Café sans nom,Café,Formel,Café sans nom,35.5705849,-5.3628806,icons/cafe.png,OSM
Tanger-Tétouan-Al Hoceïma,Café sans nom,Café,Formel,Café sans nom,35.5706388,-5.362018,icons/cafe.png,OSM
Tanger-Tétouan-Al Hoceïma,Restaurant sans nom,Restaurant,Formel,Restaurant sans nom,35.5706464,-5.3619128,icons/restaurant.png,OSM
Tanger-Tétouan-Al Hoceïma,Café sans nom,Café,Formel,Café sans nom,35.5723794,-5.3600443,icons/cafe.png,OSM
Tanger-Tétouan-Al Hoceïma,Café sans nom,Café,Formel,Café sans nom,35.5702968,-5.3644535,icons/cafe.png,OSM
Tanger-Tétouan-Al Hoceïma,Restaurant sans nom,Restaurant,Formel,Restaurant sans nom,35.5697569,-5.3650175,icons/restaurant.png,OSM
Tanger-Tétouan-Al Hoceïma,Supermarché sans nom,Supermarché,Formel,Supermarché sans nom,35.5702663,-5.3647388,icons/supermarket.png,OSM
Tanger-Tétouan-Al Hoceïma,Boulangerie sans nom,Boulangerie,Formel,Boulangerie sans nom,35.5697146,-5.3648825,icons/bakery.png,OSM
Tanger-Tétouan-Al Hoceïma,Supermarché sans nom,Supermarché,Formel,Supermarché sans nom,35.5701889,-5.3655266,icons/supermarket.png,OSM
Tanger-Tétouan-Al Hoceïma,Boutique de confiserie sans nom,Boutique de confiserie,Informel,Boutique de confiserie sans nom,35.5698116,-5.3649715,icons/confectionery.png,OSM
Tanger-Tétouan-Al Hoceïma,مأكولات الرّحمة,Restaurant,Formel,مأكولات الرّحمة,35.5713776,-5.3582583,icons/restaurant.png,OSM
Tanger-Tétouan-Al Hoceïma,Restaurant sans nom,Restaurant,Formel,Restaurant sans nom,35.5696949,-5.3700464,icons/restaurant.png,OSM
Tanger-Tétouan-Al Hoceïma,Restaurant sans nom,Restaurant,Formel,Restaurant sans nom,35.5752309,-5.3621892,icons/restaurant.png,OSM
Tanger-Tétouan-Al Hoceïma,Café sans nom,Café,Formel,Café sans nom,35.5797034,-5.351921,icons/cafe.png,OSM
Tanger-Tétouan-Al Hoceïma,Cafe Imperial,Café,Formel,Cafe Imperial,35.5695355,-5.3700181,icons/cafe.png,OSM
Tanger-Tétouan-Al Hoceïma,Hotel & Cafe Granada,Café,Formel,Hotel & Cafe Granada,35.5699741,-5.3688786,icons/cafe.png,OSM
Tanger-Tétouan-Al Hoceïma,Laregia,Café,Formel,Laregia,35.5699574,-5.3710344,icons/cafe.png,OSM
Tanger-Tétouan-Al Hoceïma,Rahmouni,Boutique de confiserie,Informel,Rahmouni,35.5703232,-5.3732403,icons/confectionery.png,OSM
Tanger-Tétouan-Al Hoceïma,Snack Taouss,Restaurant,Formel,Snack Taouss,35.5704712,-5.3749082,icons/restaurant.png,OSM
Tanger-Tétouan-Al Hoceïma,Boutique de confiserie sans nom,Boutique de confiserie,Informel,Boutique de confiserie sans nom,35.5697238,-5.3665201,icons/confectionery.png,OSM
Tanger-Tétouan-Al Hoceïma,Supermarché sans nom,Supermarché,Formel,Supermarché sans nom,35.5698452,-5.3679407,icons/supermarket.png,OSM
Tanger-Tétouan-Al Hoceïma,Café sans nom,Café,Formel,Café sans nom,35.5698529,-5.3681252,icons/cafe.png,OSM
Tanger-Tétouan-Al Hoceïma,Pâtisserie Avenida,Boulangerie,Formel,Pâtisserie Avenida,35.5707064,-5.376514,icons/bakery.png,OSM
Tanger-Tétouan-Al Hoceïma,Café sans nom,Café,Formel,Café sans nom,35.5704873,-5.3765233,icons/cafe.png,OSM
Tanger-Tétouan-Al Hoceïma,Cafe Tantan,Café,Formel,Cafe Tantan,35.5707951,-5.3764534,icons/cafe.png,OSM
Tanger-Tétouan-Al Hoceïma,La Esquina del Pescado,Restaurant,Formel,La Esquina del Pescado,35.5695713,-5.3765404,icons/restaurant.png,OSM
Tanger-Tétouan-Al Hoceïma,Al Mandri,Café,Formel,Al Mandri,35.5692002,-5.3765348,icons/cafe.png,OSM
Tanger-Tétouan-Al Hoceïma,Café sans nom,Café,Formel,Café sans nom,35.5695768,-5.3873826,icons/cafe.png,OSM
Tanger-Tétouan-Al Hoceïma,Café sans nom,Café,Formel,Café sans nom,35.5653268,-5.3934392,icons/cafe.png,OSM
Tanger-Tétouan-Al Hoceïma,Boulangerie sans nom,Boulangerie,Formel,Boulangerie sans nom,35.5653157,-5.3936253,icons/bakery.png,OSM
Tanger-Tétouan-Al Hoceïma,Café sans nom,Café,Formel,Café sans nom,35.5654091,-5.3987307,icons/cafe.png,OSM
Tanger-Tétouan-Al Hoceïma,Restaurant sans nom,Restaurant,Formel,Restaurant sans nom,35.5613986,-5.3695018,icons/restaurant.png,OSM
Tanger-Tétouan-Al Hoceïma,Restaurant sans nom,Restaurant,Formel,Restaurant sans nom,35.5617695,-5.3690313,icons/restaurant.png,OSM
Tanger-Tétouan-Al Hoceïma,Café sans nom,Café,Formel,Café sans nom,35.5625211,-5.3685646,icons/cafe.png,OSM
Tanger-Tétouan-Al Hoceïma,Restaurant sans nom,Restaurant,Formel,Restaurant sans nom,35.565435,-5.3683908,icons/restaurant.png,OSM
Tanger-Tétouan-Al Hoceïma,Restaurant sans nom,Restaurant,Formel,Restaurant sans nom,35.5686334,-5.3724637,icons/restaurant.png,OSM
Tanger-Tétouan-Al Hoceïma,Café sans nom,Café,Formel,Café sans nom,35.5688478,-5.3719167,icons/cafe.png,OSM
Tanger-Tétouan-Al Hoceïma,Restaurant sans nom,Restaurant,Formel,Restaurant sans nom,35.5691909,-5.3719725,icons/restaurant.png,OSM
Tanger-Tétouan-Al Hoceïma,Cafe Zarhon,Café,Formel,Cafe Zarhon,35.5711201,-5.374418,icons/cafe.png,OSM
Tanger-Tétouan-Al Hoceïma,Al Mamalik,Café,Formel,Al Mamalik,35.5709784,-5.3747934,icons/cafe.png,OSM
Tanger-Tétouan-Al Hoceïma,La Ideal,Boulangerie,Formel,La Ideal,35.5707593,-5.3747352,icons/bakery.png,OSM
Tanger-Tétouan-Al Hoceïma,Passarela,Café,Formel,Passarela,35.5713412,-5.3747409,icons/cafe.png,OSM
Tanger-Tétouan-Al Hoceïma,Supermarché sans nom,Supermarché,Formel,Supermarché sans nom,35.5733221,-5.3768403,icons/supermarket.png,OSM
Tanger-Tétouan-Al Hoceïma,Café sans nom,Café,Formel,Café sans nom,35.5717011,-5.3753802,icons/cafe.png,OSM
Tanger-Tétouan-Al Hoceïma,Restaurant sans nom,Restaurant,Formel,Restaurant sans nom,35.5716215,-5.375724,icons/restaurant.png,OSM
Tanger-Tétouan-Al Hoceïma,Boulangerie sans nom,Boulangerie,Formel,Boulangerie sans nom,35.5716896,-5.3758382,icons/bakery.png,OSM
Tanger-Tétouan-Al Hoceïma,Café sans nom,Café,Formel,Café sans nom,35.572505,-5.3779939,icons/cafe.png,OSM
Tanger-Tétouan-Al Hoceïma,Pharmacie El Feddane صيدلية الفدان,Parapharmacie,Formel,"Boulevard Mohamed V شارع محمد الخامس, Tétouan",35.5702079,-5.369564,icons/pharmacy.png,OSM
Tanger-Tétouan-Al Hoceïma,Boulangerie sans nom,Boulangerie,Formel,Boulangerie sans nom,35.5730571,-5.3750826,icons/bakery.png,OSM
Tanger-Tétouan-Al Hoceïma,Boulangerie sans nom,Boulangerie,Formel,Boulangerie sans nom,35.5738458,-5.3777334,icons/bakery.png,OSM
Tanger-Tétouan-Al Hoceïma,Boutique de confiserie sans nom,Boutique de confiserie,Informel,Boutique de confiserie sans nom,35.5722552,-5.3690915,icons/confectionery.png,OSM
Tanger-Tétouan-Al Hoceïma,Café sans nom,Café,Formel,Café sans nom,35.5706172,-5.3669174,icons/cafe.png,OSM
Tanger-Tétouan-Al Hoceïma,Boutique de confiserie sans nom,Boutique de confiserie,Informel,Boutique de confiserie sans nom,35.5695787,-5.368534,icons/confectionery.png,OSM
Tanger-Tétouan-Al Hoceïma,MiniMarkt Belair,Supermarché,Formel,"Avenue Abi Chouaib Doukkali, Tanger طنجة",35.7731405,-5.8256375,icons/supermarket.png,OSM
Tanger-Tétouan-Al Hoceïma,Farmacia Puya,Parapharmacie,Formel,Ceuta,35.8852049,-5.330354,icons/pharmacy.png,OSM
Tanger-Tétouan-Al Hoceïma,Diala Food,Restaurant,Formel,Diala Food,35.7760452,-5.8200797,icons/restaurant.png,OSM
Tanger-Tétouan-Al Hoceïma,Cafe Azaghar,Café,Formel,Cafe Azaghar,34.8625991,-4.686249,icons/cafe.png,OSM
Tanger-Tétouan-Al Hoceïma,restaurant lounge babylon,Restaurant,Formel,martil,35.6561953,-5.2915483,icons/restaurant.png,OSM
Tanger-Tétouan-Al Hoceïma,Restarant Sindibad,Restaurant,Formel,Restarant Sindibad,35.1693128,-5.2609512,icons/restaurant.png,OSM
Tanger-Tétouan-Al Hoceïma,Épicerie sans nom,Épicerie,Informel,Épicerie sans nom,35.2577614,-6.0743067,icons/greengrocer.png,OSM
Tanger-Tétouan-Al Hoceïma,Thursday Market,Épicerie,Informel,Thursday Market,35.2535184,-6.0802118,icons/greengrocer.png,OSM
Tanger-Tétouan-Al Hoceïma,pharmacy Tijani Zineb,Parapharmacie,Formel,pharmacy Tijani Zineb,35.6113533,-5.9190079,icons/pharmacy.png,OSM
Tanger-Tétouan-Al Hoceïma,The Gold Crémerie,Restaurant,Formel,The Gold Crémerie,35.7505638,-5.8538928,icons/restaurant.png,OSM
Tanger-Tétouan-Al Hoceïma,Dia,Supermarché,Formel,Dia,35.893095,-5.3226134,icons/supermarket.png,OSM
Tanger-Tétouan-Al Hoceïma,Sandwich Yassin سندويش ياسين,Restaurant,Formel,Sandwich Yassin سندويش ياسين,35.729395,-5.7937451,icons/restaurant.png,OSM
Tanger-Tétouan-Al Hoceïma,Pharmacie Semsa صيدلية سمسة,Parapharmacie,Formel,"Avenue El Mamoune, Tétouan",35.575827,-5.396399,icons/pharmacy.png,OSM
Tanger-Tétouan-Al Hoceïma,Frutello,Restaurant,Formel,Frutello,35.7262937,-5.3406744,icons/restaurant.png,OSM
Tanger-Tétouan-Al Hoceïma,Restaurant sans nom,Restaurant,Formel,Restaurant sans nom,35.7829073,-5.798467,icons/restaurant.png,OSM
Tanger-Tétouan-Al Hoceïma,Restaurant sans nom,Restaurant,Formel,Restaurant sans nom,35.4692765,-6.0320741,icons/restaurant.png,OSM
Tanger-Tétouan-Al Hoceïma,Restaurant sans nom,Restaurant,Formel,Restaurant sans nom,35.6835853,-5.3174543,icons/restaurant.png,OSM
Tanger-Tétouan-Al Hoceïma,Café sans nom,Café,Formel,Café sans nom,35.6180635,-5.2732286,icons/cafe.png,OSM
Tanger-Tétouan-Al Hoceïma,Carrefour Express,Supérette / Mini-market,Formel,Carrefour Express,35.8894659,-5.3030975,icons/convenience.png,OSM
Tanger-Tétouan-Al Hoceïma,Ayoub SUPER MARCHE,Supermarché,Formel,"RISSANA, Rissana Chamalia ريصانة الشمالية",35.2244526,-5.9552875,icons/supermarket.png,OSM
Tanger-Tétouan-Al Hoceïma,Épicerie sans nom,Épicerie,Informel,Épicerie sans nom,35.5688386,-5.3590278,icons/greengrocer.png,OSM
Tanger-Tétouan-Al Hoceïma,Boulangerie Rif مخبزة الريف,Boulangerie,Formel,Boulangerie Rif مخبزة الريف,35.5683457,-5.3595272,icons/bakery.png,OSM
Tanger-Tétouan-Al Hoceïma,Café sans nom,Café,Formel,Café sans nom,35.0951972,-4.41313,icons/cafe.png,OSM
Tanger-Tétouan-Al Hoceïma,Restaurant sans nom,Restaurant,Formel,Restaurant sans nom,35.0951841,-4.4129851,icons/restaurant.png,OSM
Tanger-Tétouan-Al Hoceïma,Almina,Supermarché,Formel,Almina,35.7873934,-5.3519837,icons/supermarket.png,OSM
Tanger-Tétouan-Al Hoceïma,Pharmacie de L'Hopital صيدلية المستشفى,Parapharmacie,Formel,"Boulevard Oued Eddahab, Taounate",34.539135,-4.6417047,icons/pharmacy.png,OSM
Tanger-Tétouan-Al Hoceïma,Pharmacie Dchiar صيدلية الدشير,Parapharmacie,Formel,Taounate,34.5479508,-4.6437345,icons/pharmacy.png,OSM
Tanger-Tétouan-Al Hoceïma,Pharmacie Al Massahha صيدلية المصحة,Parapharmacie,Formel,Taounate,34.5180771,-4.6454145,icons/pharmacy.png,OSM
Tanger-Tétouan-Al Hoceïma,Pharmacie Farida صيدلية فريدة,Parapharmacie,Formel,"Avenue 11 Janvier, Taounate",34.5432357,-4.6379632,icons/pharmacy.png,OSM
Tanger-Tétouan-Al Hoceïma,Pharmacie Bassal صيدلية بسال,Parapharmacie,Formel,Mechra Bel Ksiri ⵎⵛⵕⵄ ⴱⵍⵍⵇⵚⵉⵕⵉ مشرع بلقصيري,34.5713482,-5.9626502,icons/pharmacy.png,OSM
Tanger-Tétouan-Al Hoceïma,Pharmacie Ezzarad,Parapharmacie,Formel,Mechra Bel Ksiri,34.579573,-5.9777802,icons/pharmacy.png,OSM
Tanger-Tétouan-Al Hoceïma,Pharmacie Assalam,Parapharmacie,Formel,"Avenue des Far شارع الجيش الملكي, Mechra Bel Ksiri",34.5753061,-5.9642571,icons/pharmacy.png,OSM
Tanger-Tétouan-Al Hoceïma,Pharmacie El Kettani,Parapharmacie,Formel,"Avenue Mohamed V, Mechra Bel Ksiri",34.5697525,-5.9583983,icons/pharmacy.png,OSM
Tanger-Tétouan-Al Hoceïma,Pharmacie de l'Hôpital,Parapharmacie,Formel,"Avenue Ouazzane, Mechra Bel Ksiri",34.57002,-5.9551879,icons/pharmacy.png,OSM
Tanger-Tétouan-Al Hoceïma,Pharmacie Sebou صيدلية سبو,Parapharmacie,Formel,Mechra Bel Ksiri ⵎⵛⵕⵄ ⴱⵍⵍⵇⵚⵉⵕⵉ مشرع بلقصيري,34.5741522,-5.9545495,icons/pharmacy.png,OSM
Tanger-Tétouan-Al Hoceïma,Pharmacie Nouvelle الصيدلية الجديدة,Parapharmacie,Formel,"Avenue Mohamed V, Mechra Bel Ksiri ⵎⵛⵕⵄ ⴱⵍⵍⵇⵚⵉⵕⵉ مشرع بلقصيري",34.5725325,-5.9566541,icons/pharmacy.png,OSM
Tanger-Tétouan-Al Hoceïma,Pharmacie Al Hikma,Parapharmacie,Formel,Mechra Bel Ksiri,34.5815403,-5.9437831,icons/pharmacy.png,OSM
Tanger-Tétouan-Al Hoceïma,Pharmacie populaire,Parapharmacie,Formel,"Avenue Mohamed V, Mechra Bel Ksiri",34.576125,-5.954755,icons/pharmacy.png,OSM
Tanger-Tétouan-Al Hoceïma,Pharmacie De La Gare صيدلية المحطة,Parapharmacie,Formel,"Avenue 16 Novembre, Mechra Bel Ksiri",34.5774468,-5.9576151,icons/pharmacy.png,OSM
Tanger-Tétouan-Al Hoceïma,Pharmacie El Khadir,Parapharmacie,Formel,"Route Souk Larbaa, Mechra Bel Ksiri",34.5774842,-5.9545426,icons/pharmacy.png,OSM
Tanger-Tétouan-Al Hoceïma,Pharmacie Agdal,Parapharmacie,Formel,"Avenue Mohamed V, Mechra Bel Ksiri",34.5805019,-5.955376,icons/pharmacy.png,OSM
Tanger-Tétouan-Al Hoceïma,Pharmacie Al Qods,Parapharmacie,Formel,Mechra Bel Ksiri,34.5815321,-5.947073,icons/pharmacy.png,OSM
Tanger-Tétouan-Al Hoceïma,Pharmacie Bouitate,Parapharmacie,Formel,Mechra Bel Ksiri,34.5813004,-5.9509642,icons/pharmacy.png,OSM
Tanger-Tétouan-Al Hoceïma,Pharmacie El Kaoutar صيدلية الكوثر,Parapharmacie,Formel,"Avenue Moulay Idriss 1, Mechra Bel Ksiri ⵎⵛⵕⵄ ⴱⵍⵍⵇⵚⵉⵕⵉ مشرع بلقصيري",34.5777919,-5.9491327,icons/pharmacy.png,OSM
Tanger-Tétouan-Al Hoceïma,Pharmacie Meriem صيدلية مريم,Parapharmacie,Formel,Souk El Arbaa ⵙⵓⵇ ⵍⴰⵔⴱⵄⴰ سوق الأربعاء,34.6781595,-6.0097456,icons/pharmacy.png,OSM
Tanger-Tétouan-Al Hoceïma,Pharmacie Al Amane صيدلية الأمان,Parapharmacie,Formel,"Rue des Ecoles, Souk El Arbaa ⵙⵓⵇ ⵍⴰⵔⴱⵄⴰ سوق الأربعاء",34.68266,-6.0039079,icons/pharmacy.png,OSM
Tanger-Tétouan-Al Hoceïma,Pharmacie Pam صيدلية بام,Parapharmacie,Formel,Souk El Arbaa ⵙⵓⵇ ⵍⴰⵔⴱⵄⴰ سوق الأربعاء,34.6797725,-6.004848,icons/pharmacy.png,OSM
Tanger-Tétouan-Al Hoceïma,Pharmacie L'Hopital صيدلية المستشفى,Parapharmacie,Formel,"Mfadel Cherkaoui, Souk El Arbaa ⵙⵓⵇ ⵍⴰⵔⴱⵄⴰ سوق الأربعاء",34.6823087,-6.0020829,icons/pharmacy.png,OSM
Tanger-Tétouan-Al Hoceïma,Pharmacie Bismillah صيدلية بسم الله,Parapharmacie,Formel,Souk El Arbaa ⵙⵓⵇ ⵍⴰⵔⴱⵄⴰ سوق الأربعاء,34.6738832,-5.9947132,icons/pharmacy.png,OSM
Tanger-Tétouan-Al Hoceïma,Pharmacie El Joulane صيدلية الجولان,Parapharmacie,Formel,Souk El Arbaa ⵙⵓⵇ ⵍⴰⵔⴱⵄⴰ سوق الأربعاء,34.6740617,-5.9926556,icons/pharmacy.png,OSM
Tanger-Tétouan-Al Hoceïma,Pharmacie Arrahma صيدلية الرحمة,Parapharmacie,Formel,Souk Al Arbaa Du Gharb,34.6808944,-5.9938636,icons/pharmacy.png,OSM
Tanger-Tétouan-Al Hoceïma,Pharmacie Al Bathae صيدلية البطحاء,Parapharmacie,Formel,Souk Al Arbaa Du Gharb,34.6798471,-5.986591,icons/pharmacy.png,OSM
Tanger-Tétouan-Al Hoceïma,Pharmacie Hind صيدلية هند,Parapharmacie,Formel,"Avenue Abdelmajid Ben Chakroune, Souk Al Arbaa Du Gharb",34.6815524,-5.990353,icons/pharmacy.png,OSM
Tanger-Tétouan-Al Hoceïma,Pharmacie El Majd صيدلية المجد,Parapharmacie,Formel,Souk Al Arbaa Du Gharb,34.6829923,-5.9846973,icons/pharmacy.png,OSM
Tanger-Tétouan-Al Hoceïma,Pharmacie Anouar صيدلية أنور,Parapharmacie,Formel,Souk Al Arbaa Du Gharb,34.683957,-5.9886948,icons/pharmacy.png,OSM
Tanger-Tétouan-Al Hoceïma,Pharmacie Badr صيدلية بدر,Parapharmacie,Formel,"Avenue Abdelmoumen Ben Ali, Souk El Arbaa ⵙⵓⵇ ⵍⴰⵔⴱⵄⴰ سوق الأربعاء",34.6847598,-6.0015233,icons/pharmacy.png,OSM
Tanger-Tétouan-Al Hoceïma,Pharmacie Du Grand Maghreb صيدلية المغرب الكبير,Parapharmacie,Formel,Souk El Arbaa ⵙⵓⵇ ⵍⴰⵔⴱⵄⴰ سوق الأربعاء,34.6859234,-6.0028666,icons/pharmacy.png,OSM
Tanger-Tétouan-Al Hoceïma,Pharmacie Arrazi صيدلية الرازي,Parapharmacie,Formel,Souk El Arbaa ⵙⵓⵇ ⵍⴰⵔⴱⵄⴰ سوق الأربعاء,34.6895356,-6.0071354,icons/pharmacy.png,OSM
Tanger-Tétouan-Al Hoceïma,Pharmacie Al Masjid صيدلية المسجد,Parapharmacie,Formel,"Avenue Al Moukaouama, Souk El Arba Du Gharb ⵙⵓⵇ ⵍⴰⵔⴱⵄⴰ ⵏ ⵍⵖⴰⵔⴱ سوق الأربعاء الغرب",34.6887379,-6.0001529,icons/pharmacy.png,OSM
Tanger-Tétouan-Al Hoceïma,Pharmacie Rida صيدلية رضا,Parapharmacie,Formel,Souk El Arbaa ⵙⵓⵇ ⵍⴰⵔⴱⵄⴰ سوق الأربعاء,34.689056,-5.9889526,icons/pharmacy.png,OSM
Tanger-Tétouan-Al Hoceïma,Pharmacie Boushaba صيدلية بوصحابة,Parapharmacie,Formel,Souk El Arbaa ⵙⵓⵇ ⵍⴰⵔⴱⵄⴰ سوق الأربعاء,34.6862649,-5.9818924,icons/pharmacy.png,OSM
Tanger-Tétouan-Al Hoceïma,Pharmacie Al Fath صيدلية الفتح,Parapharmacie,Formel,"Rue Youssef Ibn Tachafine, Souk El Arbaa ⵙⵓⵇ ⵍⴰⵔⴱⵄⴰ سوق الأربعاء",34.6868216,-6.0027086,icons/pharmacy.png,OSM
Tanger-Tétouan-Al Hoceïma,Pharmacie Essalam صيدلية السلام,Parapharmacie,Formel,"Avenue Houmane El Fatouaki, Souk El Arbaa ⵙⵓⵇ ⵍⴰⵔⴱⵄⴰ سوق الأربعاء",34.6760747,-5.9924021,icons/pharmacy.png,OSM
Tanger-Tétouan-Al Hoceïma,Pharmacie Laila صيدلية ليلى,Parapharmacie,Formel,Assilah,35.454444,-6.0341217,icons/pharmacy.png,OSM
Tanger-Tétouan-Al Hoceïma,Pharmacie Ibn Toumert صيدلية ابن تومرت,Parapharmacie,Formel,"Avenue Mehdi Ben Toumart, Assilah",35.4630641,-6.0333587,icons/pharmacy.png,OSM
Tanger-Tétouan-Al Hoceïma,Pharmacie Ain Al Hamra صيدلية عين الحمراء,Parapharmacie,Formel,"Avenue Hassan II شارع الحسن الثاني, Assilah",35.4595975,-6.0359122,icons/pharmacy.png,OSM
Tanger-Tétouan-Al Hoceïma,Pharmacie Imam Malek صيدلية الإمام مالك,Parapharmacie,Formel,"Avenue Errachidia, Assilah",35.4578975,-6.0363931,icons/pharmacy.png,OSM
Tanger-Tétouan-Al Hoceïma,Pharmacie Bab Al Homar,Parapharmacie,Formel,"Avenue Hassan II شارع الحسن الثاني, Assilah أصيلة",35.464722,-6.0377722,icons/pharmacy.png,OSM
Tanger-Tétouan-Al Hoceïma,Pharmacie L'Océan صيدلية المحيط,Parapharmacie,Formel,"Avenue Iman Al-Assili, Assilah",35.4665303,-6.0357522,icons/pharmacy.png,OSM
Tanger-Tétouan-Al Hoceïma,Pharmacie Achifae Zerktouni صيدلية الشفاء الزرقطوني,Parapharmacie,Formel,Assilah,35.465817,-6.0245606,icons/pharmacy.png,OSM
Tanger-Tétouan-Al Hoceïma,Pharmacie L'Hopital صيدلية المستشفى,Parapharmacie,Formel,"Rue El Hansali, Assilah أصيلة",35.4663726,-6.0295148,icons/pharmacy.png,OSM
Tanger-Tétouan-Al Hoceïma,Pharmacie Ibn Sina صيدلية ابن سينا,Parapharmacie,Formel,Assilah أصيلة,35.4685262,-6.0322706,icons/pharmacy.png,OSM
Tanger-Tétouan-Al Hoceïma,Pharmacie Anoual صيدلية أنوال,Parapharmacie,Formel,Fnideq ⴼⵏⵉⴷⴰⵇ الفنيدق,35.836789,-5.3613616,icons/pharmacy.png,OSM
Tanger-Tétouan-Al Hoceïma,Pharmacie Ibn Baja,Parapharmacie,Formel,Fnideq ⴼⵏⵉⴷⴰⵇ الفنيدق,35.8340003,-5.3616394,icons/pharmacy.png,OSM
Tanger-Tétouan-Al Hoceïma,Pharmacie Fadl Llah صيدلية فضل الله,Parapharmacie,Formel,Fnideq ⴼⵏⵉⴷⴰⵇ الفنيدق,35.8359334,-5.3571564,icons/pharmacy.png,OSM
Tanger-Tétouan-Al Hoceïma,Pharmacie Zohour صيدلية زهور,Parapharmacie,Formel,"Boulevard Hassan II شارع الحسن الثاني, Fnideq ⴼⵏⵉⴷⴰⵇ الفنيدق",35.8392798,-5.3562357,icons/pharmacy.png,OSM
Tanger-Tétouan-Al Hoceïma,Pharmacie Condessa صيدلية كنديسة,Parapharmacie,Formel,Fnideq,35.8413211,-5.3564115,icons/pharmacy.png,OSM
Tanger-Tétouan-Al Hoceïma,Pharmacie Arrachad صيدلية الرشاد,Parapharmacie,Formel,Fnideq,35.8387983,-5.3586938,icons/pharmacy.png,OSM
Tanger-Tétouan-Al Hoceïma,Pharmacie Centrale الصيدلية المركزية,Parapharmacie,Formel,"Avenue Al Mouahidine, Fnideq",35.8415311,-5.3603545,icons/pharmacy.png,OSM
Tanger-Tétouan-Al Hoceïma,Pharmacie Al Amira,Parapharmacie,Formel,Fnideq ⴼⵏⵉⴷⴰⵇ الفنيدق,35.8418729,-5.3621905,icons/pharmacy.png,OSM
Tanger-Tétouan-Al Hoceïma,Pharmacie Laymouna صيدلية الليمونة,Parapharmacie,Formel,"Avenue Mohamed VI, Fnideq ⴼⵏⵉⴷⴰⵇ الفنيدق",35.845594,-5.3726887,icons/pharmacy.png,OSM
Tanger-Tétouan-Al Hoceïma,Pharmacie Baisa,Parapharmacie,Formel,"Avenue Mohamed VI, Fnideq ⴼⵏⵉⴷⴰⵇ الفنيدق",35.8472271,-5.360556,icons/pharmacy.png,OSM
Tanger-Tétouan-Al Hoceïma,Pharmacie Hay Rass Lota صيدلية حي راس لوطا,Parapharmacie,Formel,"Avenue Mohamed VI, Fnideq",35.8449377,-5.3675971,icons/pharmacy.png,OSM
Tanger-Tétouan-Al Hoceïma,Pharmacie Moulay Rachid صيدلية مولاي رشيد,Parapharmacie,Formel,Fnideq,35.8483003,-5.3569248,icons/pharmacy.png,OSM
Tanger-Tétouan-Al Hoceïma,Pharmacie Sidi Boghaba صيدلية سيدي بوغابة,Parapharmacie,Formel,"Avenue Rabat, Fnideq",35.8501718,-5.3581418,icons/pharmacy.png,OSM
Tanger-Tétouan-Al Hoceïma,Pharmacie Al Andalus صيدلية الأندلس,Parapharmacie,Formel,"Avenue Chouhada, Fnideq ⴼⵏⵉⴷⴰⵇ الفنيدق",35.8506675,-5.3547339,icons/pharmacy.png,OSM
Tanger-Tétouan-Al Hoceïma,Pharmacie Gualinus صيدلية جالينوس,Parapharmacie,Formel,"Avenue Ibn Rochd, Fnideq",35.8509036,-5.3565441,icons/pharmacy.png,OSM
Tanger-Tétouan-Al Hoceïma,Pharmacie Fnideq صيدلية الفنيدق,Parapharmacie,Formel,"Rue Imam Arabi, Fnideq ⴼⵏⵉⴷⴰⵇ الفنيدق",35.8491775,-5.354189,icons/pharmacy.png,OSM
Tanger-Tétouan-Al Hoceïma,Pharmacie Granada صيدلية غرناطة,Parapharmacie,Formel,"Avenue Mohammed 5 شارع محمد الخامس, Fnideq ⴼⵏⵉⴷⴰⵇ الفنيدق",35.8519363,-5.3546141,icons/pharmacy.png,OSM
Tanger-Tétouan-Al Hoceïma,Pharmacie Bismillah,Parapharmacie,Formel,"Avenue Ibn Rochd, Fnideq",35.8530589,-5.3583318,icons/pharmacy.png,OSM
Tanger-Tétouan-Al Hoceïma,Pharmacie Séville,Parapharmacie,Formel,"Route de Ceuta, Fnideq ⴼⵏⵉⴷⴰⵇ الفنيدق",35.856366,-5.3550821,icons/pharmacy.png,OSM
Tanger-Tétouan-Al Hoceïma,Pharmacie Annasr صيدلية النصر,Parapharmacie,Formel,"Avenue Annaser, M'Diq ⵎⴹⵢⴰⵇ المضيق",35.6895266,-5.3302665,icons/pharmacy.png,OSM
Tanger-Tétouan-Al Hoceïma,Pharmacie Chifae صيدلية الشفاء,Parapharmacie,Formel,"Avenue Moussa Ibn Noussair شارع موسى بن نصير, M'Diq ⵎⴹⵢⴰⵇ المضيق",35.6865892,-5.3256156,icons/pharmacy.png,OSM
Tanger-Tétouan-Al Hoceïma,Pharmacie Kharkhour صيدلية خرخور,Parapharmacie,Formel,"Avenue La Ligue Arabe, M'Diq ⵎⴹⵢⴰⵇ المضيق",35.683068,-5.3238449,icons/pharmacy.png,OSM
Tanger-Tétouan-Al Hoceïma,Pharmacie Sekka صيدلية السكة,Parapharmacie,Formel,"Avenue Annaser, M'Diq ⵎⴹⵢⴰⵇ المضيق",35.6825693,-5.3278134,icons/pharmacy.png,OSM
Tanger-Tétouan-Al Hoceïma,Pharmacie Harras صيدلية الهراس,Parapharmacie,Formel,"Avenue Abdelkrim Al Khattabi, M'Diq ⵎⴹⵢⴰⵇ المضيق",35.6844532,-5.3245841,icons/pharmacy.png,OSM
Tanger-Tétouan-Al Hoceïma,Pharmacie Rincon صيدلية الرينكون,Parapharmacie,Formel,"Avenue Moussa Ibn Noussair شارع موسى بن نصير, M'Diq ⵎⴹⵢⴰⵇ المضيق",35.684522,-5.3234125,icons/pharmacy.png,OSM
Tanger-Tétouan-Al Hoceïma,Pharmacie Hay Al Kalaa صيدلية حي القلعة,Parapharmacie,Formel,M'Diq,35.6805965,-5.330265,icons/pharmacy.png,OSM
Tanger-Tétouan-Al Hoceïma,Pharmacie M'Diq صيدلية المضيق,Parapharmacie,Formel,"Avenue Lalla Nezha, M'Diq ⵎⴹⵢⴰⵇ المضيق",35.6848698,-5.3223347,icons/pharmacy.png,OSM
Tanger-Tétouan-Al Hoceïma,Pharmacie Alami صيدلية علمي,Parapharmacie,Formel,"Avenue Tetouane, M'Diq ⵎⴹⵢⴰⵇ المضيق",35.6835962,-5.3261375,icons/pharmacy.png,OSM
Tanger-Tétouan-Al Hoceïma,Pharmacie Tamuda Bay صيدلية تامودا باي,Parapharmacie,Formel,"Avenue Mohamed V, M'Diq ⵎⴹⵢⴰⵇ المضيق",35.6831119,-5.3227596,icons/pharmacy.png,OSM
Tanger-Tétouan-Al Hoceïma,Pharmacie El Ouazzani Taibi صيدلية الوزاني الطيبي,Parapharmacie,Formel,"Avenue Marche Verte, M'Diq ⵎⴹⵢⴰⵇ المضيق",35.6836546,-5.3220866,icons/pharmacy.png,OSM
Tanger-Tétouan-Al Hoceïma,Pharmacie Adel صيدلية عادل,Parapharmacie,Formel,"Avenue Miramar, Martil",35.6317809,-5.2855324,icons/pharmacy.png,OSM
Tanger-Tétouan-Al Hoceïma,Pharmacie Rio Martin صيدلية ريو مرتين,Parapharmacie,Formel,Martil,35.6274042,-5.2917208,icons/pharmacy.png,OSM
Tanger-Tétouan-Al Hoceïma,Pharmacie Ahrik صيدلية أحريق,Parapharmacie,Formel,"Avenue Al Koroum, Martil",35.6277124,-5.2832572,icons/pharmacy.png,OSM
Tanger-Tétouan-Al Hoceïma,Pharmacie Moltaka Oussar صيدلية ملتقى الأسر,Parapharmacie,Formel,Martil ⵎⴰⵔⵜⵉⵍ مرتيل,35.6286931,-5.274923,icons/pharmacy.png,OSM
Tanger-Tétouan-Al Hoceïma,Pharmacie Al Ahd Al Jadid صيدلية العهد الجديد,Parapharmacie,Formel,"Avenue Tarik Ibn Ziad شارع طارق بن زياد, Martil",35.624761,-5.2896438,icons/pharmacy.png,OSM
Tanger-Tétouan-Al Hoceïma,Pharmacie El Hadj صيدلية الحاج,Parapharmacie,Formel,"Avenue Moulay Rachid شارع مولاي رشيد, Martil ⵎⴰⵔⵜⵉⵍ مرتيل",35.6244222,-5.2742218,icons/pharmacy.png,OSM
Tanger-Tétouan-Al Hoceïma,Pharmacie Dar D'Mana صيدلية دار ضمانة,Parapharmacie,Formel,"Avenue Moulay Rachid شارع مولاي رشيد, Martil ⵎⴰⵔⵜⵉⵍ مرتيل",35.6248903,-5.2749068,icons/pharmacy.png,OSM
Tanger-Tétouan-Al Hoceïma,Pharmacie Miramar صيدلية ميرامار,Parapharmacie,Formel,"Avenue Moulay Rachid شارع مولاي رشيد, Martil ⵎⴰⵔⵜⵉⵍ مرتيل",35.6229414,-5.2738227,icons/pharmacy.png,OSM
Tanger-Tétouan-Al Hoceïma,Pharmacie La Playa صيدلية الشاطئ,Parapharmacie,Formel,Martil ⵎⴰⵔⵜⵉⵍ مرتيل,35.620369,-5.2719345,icons/pharmacy.png,OSM
Tanger-Tétouan-Al Hoceïma,Pharmacie Del-Lero صيدلية ديل ليرو,Parapharmacie,Formel,Martil,35.6188518,-5.2851403,icons/pharmacy.png,OSM
Tanger-Tétouan-Al Hoceïma,Pharmacie Al Abrar صيدلية الأبرار,Parapharmacie,Formel,Martil,35.6166861,-5.291773,icons/pharmacy.png,OSM
Tanger-Tétouan-Al Hoceïma,Pharmacie Yahya صيدلية يحيى,Parapharmacie,Formel,"Avenue Tetouan, Martil ⵎⴰⵔⵜⵉⵍ مرتيل",35.6211261,-5.2773386,icons/pharmacy.png,OSM
Tanger-Tétouan-Al Hoceïma,Pharmacie Hiba صيدلية هبة,Parapharmacie,Formel,"Avenue Ibn Hazme, Martil",35.621328,-5.2822182,icons/pharmacy.png,OSM
Tanger-Tétouan-Al Hoceïma,Pharmacie Mouncif صيدلية منصف,Parapharmacie,Formel,Martil,35.6195148,-5.2885903,icons/pharmacy.png,OSM
Tanger-Tétouan-Al Hoceïma,Pharmacie Al Bayt Al Atiq صيدلية البيت العتيق,Parapharmacie,Formel,Martil,35.616175,-5.2882209,icons/pharmacy.png,OSM
Tanger-Tétouan-Al Hoceïma,Pharmacie Réda صيدلية رضا,Parapharmacie,Formel,Martil ⵎⴰⵔⵜⵉⵍ مرتيل,35.6155082,-5.2736356,icons/pharmacy.png,OSM
Tanger-Tétouan-Al Hoceïma,Pharmacie Youness صيدلية يونس,Parapharmacie,Formel,"Avenue Al Mokaouama, Martil ⵎⴰⵔⵜⵉⵍ مرتيل",35.6167044,-5.2758113,icons/pharmacy.png,OSM
Tanger-Tétouan-Al Hoceïma,Pharmacie El Borj صيدلية البرج,Parapharmacie,Formel,Martil ⵎⴰⵔⵜⵉⵍ مرتيل,35.6152506,-5.2753774,icons/pharmacy.png,OSM
Tanger-Tétouan-Al Hoceïma,Pharmacie El Aghrass صيدلية الأغراس,Parapharmacie,Formel,"Avenue Hassan II, Martil",35.6141594,-5.2828305,icons/pharmacy.png,OSM
Tanger-Tétouan-Al Hoceïma,Pharmacie Faculté des Lettres صيدلية كلية الآداب,Parapharmacie,Formel,Martil ⵎⴰⵔⵜⵉⵍ مرتيل,35.6093874,-5.2930216,icons/pharmacy.png,OSM
Tanger-Tétouan-Al Hoceïma,Pharmacie Riad Sofia صيدلية رياض صوفيا,Parapharmacie,Formel,Martil,35.6234887,-5.3005801,icons/pharmacy.png,OSM
Tanger-Tétouan-Al Hoceïma,Pharmacie Oum Keltoum صيدلية أم كلثوم,Parapharmacie,Formel,Martil,35.6110466,-5.3006947,icons/pharmacy.png,OSM
Tanger-Tétouan-Al Hoceïma,Pharmacie F.Zahra صيدلية ف.زهرة,Parapharmacie,Formel,Martil ⵎⴰⵔⵜⵉⵍ مرتيل,35.6106823,-5.2763151,icons/pharmacy.png,OSM
Tanger-Tétouan-Al Hoceïma,Pharmacie Martil صيدلية مارتيل,Parapharmacie,Formel,"Boulevard Hassan II شارع الحسن الثاني, Martil ⵎⴰⵔⵜⵉⵍ مرتيل",35.6182901,-5.2729257,icons/pharmacy.png,OSM
Tanger-Tétouan-Al Hoceïma,Pharmacie El Bidaoui صيدلية البيضاوي,Parapharmacie,Formel,Ouazzane ⵡⴰⵣⴰⵏ وزان,34.80137,-5.5845061,icons/pharmacy.png,OSM
Tanger-Tétouan-Al Hoceïma,Pharmacie Al Qods صيدلية القدس,Parapharmacie,Formel,Ouazzane ⵡⴰⵣⴰⵏ وزان,34.8021754,-5.5932216,icons/pharmacy.png,OSM
Tanger-Tétouan-Al Hoceïma,Pharmacie Al Massira صيدلية المسيرة,Parapharmacie,Formel,"Avenue Moulay Ismail, Ouazzane ⵡⴰⵣⴰⵏ وزان",34.7984781,-5.5885607,icons/pharmacy.png,OSM
Tanger-Tétouan-Al Hoceïma,Pharmacie L'Hopital صيدلية المستشفى,Parapharmacie,Formel,"Avenue Mohamed V, Ouazzane",34.7981626,-5.5852555,icons/pharmacy.png,OSM
Tanger-Tétouan-Al Hoceïma,Pharmacie Chifae صيدلية الشفاء,Parapharmacie,Formel,"Avenue Marche Verte, Ouazzane ⵡⴰⵣⴰⵏ وزان",34.7985031,-5.5825124,icons/pharmacy.png,OSM
Tanger-Tétouan-Al Hoceïma,Pharmacie Fadl Allah صيدلية فضل الله,Parapharmacie,Formel,Ouazzane ⵡⴰⵣⴰⵏ وزان,34.7962555,-5.5836185,icons/pharmacy.png,OSM
Tanger-Tétouan-Al Hoceïma,Pharmacie Ain Abi Fares صيدلية عين أبي فارس,Parapharmacie,Formel,Ouazzane ⵡⴰⵣⴰⵏ وزان,34.7962427,-5.5819213,icons/pharmacy.png,OSM
Tanger-Tétouan-Al Hoceïma,Pharmacie Pasteur صيدلية باستور,Parapharmacie,Formel,Ouazzane ⵡⴰⵣⴰⵏ وزان,34.805695,-5.571332,icons/pharmacy.png,OSM
Tanger-Tétouan-Al Hoceïma,Pharmacie La Belle Vue صيدلية المنظر الجميل,Parapharmacie,Formel,Ouazzane,34.8014883,-5.5659312,icons/pharmacy.png,OSM
Tanger-Tétouan-Al Hoceïma,Pharmacie Ibn Sina صيدلية ابن سينا,Parapharmacie,Formel,"Avenue Mohamed Bel Hassan, Ouazzane",34.7997296,-5.57474,icons/pharmacy.png,OSM
Tanger-Tétouan-Al Hoceïma,Pharmacie Du Conseil صيدلية النصيحة,Parapharmacie,Formel,"Bir Anzarane, Ouazzane ⵡⴰⵣⴰⵏ وزان",34.7966166,-5.5768978,icons/pharmacy.png,OSM
Tanger-Tétouan-Al Hoceïma,Pharmacie Bouhlal صيدلية بوهلال,Parapharmacie,Formel,Ouazzane ⵡⴰⵣⴰⵏ وزان,34.7965167,-5.5801225,icons/pharmacy.png,OSM
Tanger-Tétouan-Al Hoceïma,Pharmacie Dar Dmana صيدلية دار الضمانة,Parapharmacie,Formel,"Avenue Allal Ben Abdellah, Ouazzane ⵡⴰⵣⴰⵏ وزان",34.7978367,-5.5779313,icons/pharmacy.png,OSM
Tanger-Tétouan-Al Hoceïma,Pharmacie l'Espoir صيدلية الأمل,Parapharmacie,Formel,Ouazzane,34.8010824,-5.5729076,icons/pharmacy.png,OSM
Tanger-Tétouan-Al Hoceïma,Pharmacie Ouazzane صيدلية وزان,Parapharmacie,Formel,Ouazzane ⵡⴰⵣⴰⵏ وزان,34.7975421,-5.5752796,icons/pharmacy.png,OSM
Tanger-Tétouan-Al Hoceïma,Pharmacie Annahda صيدلية النهضة,Parapharmacie,Formel,Ouazzane,34.8003221,-5.5711003,icons/pharmacy.png,OSM
Tanger-Tétouan-Al Hoceïma,Pharmacie Ikram صيدلية إكرام,Parapharmacie,Formel,"Rue Abdellah Guennoun, Ouazzane وزان",34.798277,-5.572407,icons/pharmacy.png,OSM
Tanger-Tétouan-Al Hoceïma,Pharmacie Al Houda صيدلية الهدى,Parapharmacie,Formel,Ouazzane ⵡⴰⵣⴰⵏ وزان,34.7953028,-5.5766425,icons/pharmacy.png,OSM
Tanger-Tétouan-Al Hoceïma,Pharmacie Essalam صيدلية السلام,Parapharmacie,Formel,"شارع عبد الله بن المليح, Ouazzane ⵡⴰⵣⴰⵏ وزان",34.7936793,-5.576285,icons/pharmacy.png,OSM
Tanger-Tétouan-Al Hoceïma,Pharmacie Dhar Ben Ayad صيدلية ضهر بن عياد,Parapharmacie,Formel,Chefchaouen,35.1540634,-5.2700768,icons/pharmacy.png,OSM
Tanger-Tétouan-Al Hoceïma,Pharmacie Oum Saad صيدلية أم سعد,Parapharmacie,Formel,"Avenue Moulay Driss شارع مولاي ادريس, Chefchaouen ⵛⴼⵛⴰⵡⵏ شفشاون",35.1668626,-5.2671441,icons/pharmacy.png,OSM
Tanger-Tétouan-Al Hoceïma,Pharmacie Ibn Nafiss صيدلية ابن النفيس,Parapharmacie,Formel,"Avenue Tareq El Ouahda شارع طريق الوحدة, Chefchaouen",35.1795794,-5.2770095,icons/pharmacy.png,OSM
Tanger-Tétouan-Al Hoceïma,Pharmacie El Moustapha صيدلية المصطفى,Parapharmacie,Formel,"Boulevard Hassan II شارع الحسن الثاني, Chefchaouen شفشاون",35.1678663,-5.2616997,icons/pharmacy.png,OSM
Tanger-Tétouan-Al Hoceïma,Pharmacie Hôpital Senhaja صيدلية مستشفى صنهاجة,Parapharmacie,Formel,Targuist ⵜⴰⵔⴳⵉⵙⵜ تارجيست,34.9360697,-4.3139753,icons/pharmacy.png,OSM
Tanger-Tétouan-Al Hoceïma,Pharmacie Nouvelle الصيدلية الجديدة,Parapharmacie,Formel,"Avenue Hassan II, Targuist ⵜⴰⵔⴳⵉⵙⵜ تارجيست",34.936592,-4.3160761,icons/pharmacy.png,OSM
Tanger-Tétouan-Al Hoceïma,Pharmacie Qortoba صيدلية قرطبة,Parapharmacie,Formel,Targuist ⵜⴰⵔⴳⵉⵙⵜ تارجيست,34.9351248,-4.3159518,icons/pharmacy.png,OSM
Tanger-Tétouan-Al Hoceïma,Pharmacie Annassiha صيدلية النصيحة,Parapharmacie,Formel,"Avenue Hassan II, Targuist ⵜⴰⵔⴳⵉⵙⵜ تارجيست",34.9439736,-4.3153919,icons/pharmacy.png,OSM
Tanger-Tétouan-Al Hoceïma,Pharmacie El Oued صيدلية باب الواد,Parapharmacie,Formel,Ksar-el-Kebir القصر الكبير,34.9886053,-5.9080145,icons/pharmacy.png,OSM
Tanger-Tétouan-Al Hoceïma,Pharmacie Annassim صيدلية النسيم,Parapharmacie,Formel,Ksar-el-Kebir,35.0003914,-5.9143934,icons/pharmacy.png,OSM
Tanger-Tétouan-Al Hoceïma,Pharmacie El Moussalah صيدلية المصلى,Parapharmacie,Formel,"Avenue Attahrir, Ksar-el-Kebir",35.0021311,-5.9096919,icons/pharmacy.png,OSM
Tanger-Tétouan-Al Hoceïma,Pharmacie Ibn Khaldoun صيدلية ابن خلدون,Parapharmacie,Formel,"Avenue de Municipalité, Ksar-el-Kebir",35.0049127,-5.9054918,icons/pharmacy.png,OSM
Tanger-Tétouan-Al Hoceïma,Pharmacie Andalouss صيدلية الأندلس,Parapharmacie,Formel,Ksar-el-Kebir,34.9985255,-5.9110399,icons/pharmacy.png,OSM
Tanger-Tétouan-Al Hoceïma,Pharmacie Wahrani صيدلية وهراني,Parapharmacie,Formel,Ksar-el-Kebir,34.9961484,-5.8977224,icons/pharmacy.png,OSM
Tanger-Tétouan-Al Hoceïma,Pharmacie Al Mahatta صيدلية المحطة,Parapharmacie,Formel,"Avenue Zerktouni, Ksar-el-Kebir",34.9963824,-5.9026219,icons/pharmacy.png,OSM
Tanger-Tétouan-Al Hoceïma,Pharmacie Al Wafae صيدلية الوفاء,Parapharmacie,Formel,"Avenue Bir Anzarane, Ksar-el-Kebir",34.9952044,-5.9044552,icons/pharmacy.png,OSM
Tanger-Tétouan-Al Hoceïma,Pharmacie Sidi El Beyati صيدلية سيدي البياتي,Parapharmacie,Formel,"Avenue Sidi Biyati, Ksar-el-Kebir",34.998134,-5.8938781,icons/pharmacy.png,OSM
Tanger-Tétouan-Al Hoceïma,Pharmacie Sidi Makhlouf صيدلية سيدي مخلوف,Parapharmacie,Formel,Kser-el-Kebir,34.9958969,-5.9003112,icons/pharmacy.png,OSM
Tanger-Tétouan-Al Hoceïma,Supermarché sans nom,Supermarché,Formel,Supermarché sans nom,35.6533937,-5.2974372,icons/supermarket.png,OSM
Tanger-Tétouan-Al Hoceïma,Pharmacie Al Oroba صيدلية العروبة,Parapharmacie,Formel,Ksar-el-Kebir القصر الكبير,35.0015923,-5.8957035,icons/pharmacy.png,OSM
Tanger-Tétouan-Al Hoceïma,Supermarché sans nom,Supermarché,Formel,Supermarché sans nom,35.6548591,-5.291347,icons/supermarket.png,OSM
Tanger-Tétouan-Al Hoceïma,Pharmacie Tatoft صيدلية تطفت,Parapharmacie,Formel,"Route de Tatoft, Ksar-el-Kebir ⵍⵇⵚⵔ ⵍⴽⴱⵉⵔ القصر الكبير",35.0006873,-5.8987401,icons/pharmacy.png,OSM
Tanger-Tétouan-Al Hoceïma,Pharmacie et Laboratoire Es-Saada صيدلية و مختبر السعادة,Parapharmacie,Formel,"Avenue 20 Aout, Ksar-el-Kebir القصر الكبير",34.9944846,-5.9022129,icons/pharmacy.png,OSM
Tanger-Tétouan-Al Hoceïma,Pharmacie Loukkous صيدلية اللوكوس,Parapharmacie,Formel,Ksar-el-Kebir,34.9968706,-5.9077972,icons/pharmacy.png,OSM
Tanger-Tétouan-Al Hoceïma,Pharmacie Douha صيدلية الضحى,Parapharmacie,Formel,"Avenue 6 Novembre, Ksar-el-Kebir القصر الكبير",34.9930209,-5.8979533,icons/pharmacy.png,OSM
Tanger-Tétouan-Al Hoceïma,Pharmacie Al Qods صيدلية القدس,Parapharmacie,Formel,"Avenue Abi Al Mahassine, Ksar-el-Kebir",35.0082621,-5.9102506,icons/pharmacy.png,OSM
Tanger-Tétouan-Al Hoceïma,Pharmacie Badre صيدلية بدر,Parapharmacie,Formel,Ksar-el-Kebir,35.0207205,-5.9179957,icons/pharmacy.png,OSM
Tanger-Tétouan-Al Hoceïma,Pharmacie Bahja صيدلية البهجة,Parapharmacie,Formel,Ksar-el-Kebir القصر الكبير,35.0181889,-5.9091719,icons/pharmacy.png,OSM
Tanger-Tétouan-Al Hoceïma,Pharmacie Ibn Rochd صيدلية ابن رشد,Parapharmacie,Formel,Ksar-el-Kebir,35.0200269,-5.9141493,icons/pharmacy.png,OSM
Tanger-Tétouan-Al Hoceïma,Pharmacie Assalam صيدلية السلام,Parapharmacie,Formel,"Avenue Ennasr, Ksar-el-Kebir",34.9938505,-5.9047407,icons/pharmacy.png,OSM
Tanger-Tétouan-Al Hoceïma,Pharmacie Al Manar صيدلية المنار,Parapharmacie,Formel,Laarache,35.1635724,-6.1562928,icons/pharmacy.png,OSM
Tanger-Tétouan-Al Hoceïma,Pharmacie La Zone Industrielle صيدلية الحي الصناعي,Parapharmacie,Formel,Larache,35.1658677,-6.1521192,icons/pharmacy.png,OSM
Tanger-Tétouan-Al Hoceïma,Pharmacie Al Hambra صيدلية الهمبرة,Parapharmacie,Formel,Larache,35.168471,-6.1505216,icons/pharmacy.png,OSM
Tanger-Tétouan-Al Hoceïma,Pharmacie Chaabane صيدلية شعبان,Parapharmacie,Formel,Larache,35.1666725,-6.1481436,icons/pharmacy.png,OSM
Tanger-Tétouan-Al Hoceïma,Pharmacie Des Cliniques صيدلية المصحات,Parapharmacie,Formel,Larache,35.1644605,-6.1446698,icons/pharmacy.png,OSM
Tanger-Tétouan-Al Hoceïma,Pharmacie Al Maghreb Al Jadid صيدلية المغرب الجديد,Parapharmacie,Formel,Larache,35.1646887,-6.1386127,icons/pharmacy.png,OSM
Tanger-Tétouan-Al Hoceïma,Pharmacie Al Ghofrane صيدلية الغفران,Parapharmacie,Formel,"Avenue Narcisse, Larache",35.1668194,-6.1365784,icons/pharmacy.png,OSM
Tanger-Tétouan-Al Hoceïma,Pharmacie Al Yakout صيدلية الياقوت,Parapharmacie,Formel,Larache,35.1725834,-6.1407206,icons/pharmacy.png,OSM
Tanger-Tétouan-Al Hoceïma,Pharmacie Ben Ali صيدلية بن علي,Parapharmacie,Formel,Larache,35.1722889,-6.144902,icons/pharmacy.png,OSM
Tanger-Tétouan-Al Hoceïma,Pharmacie Al Amal صيدلية الأمل,Parapharmacie,Formel,Larache,35.1710405,-6.1481464,icons/pharmacy.png,OSM
Tanger-Tétouan-Al Hoceïma,Pharmacie Arrahma صيدلية الرحمة,Parapharmacie,Formel,"Avenue Oqba Bnou Nafia, Larache",35.177512,-6.1522773,icons/pharmacy.png,OSM
Tanger-Tétouan-Al Hoceïma,Pharmacie Ibn Sina صيدلية ابن سينا,Parapharmacie,Formel,Larache,35.1751555,-6.1526258,icons/pharmacy.png,OSM
Tanger-Tétouan-Al Hoceïma,Pharmacie des FAR صيدلية القوات المسلحة الملكية,Parapharmacie,Formel,"Avenue des FAR, Larache",35.1830457,-6.1570935,icons/pharmacy.png,OSM
Tanger-Tétouan-Al Hoceïma,Pharmacie du Stade Municipal صيدلية الملعب البلدي,Parapharmacie,Formel,Larache,35.1804749,-6.1478848,icons/pharmacy.png,OSM
Tanger-Tétouan-Al Hoceïma,Pharmacie Hay El Jadid صيدلية الحي الجديد,Parapharmacie,Formel,"Avenue Medhi Ibn Taomart, Larache",35.1811432,-6.1560969,icons/pharmacy.png,OSM
Tanger-Tétouan-Al Hoceïma,Pharmacie Al Kaoutar صيدلي الكوثر,Parapharmacie,Formel,"Avenue Abderahmane Ghafiki, Larache",35.1854803,-6.1449401,icons/pharmacy.png,OSM
Tanger-Tétouan-Al Hoceïma,Pharmacie Jnane Bacha صيدلية جنان باشا,Parapharmacie,Formel,"Avenue Oqba Bnou Nafia, Larache",35.1861581,-6.1494024,icons/pharmacy.png,OSM
Tanger-Tétouan-Al Hoceïma,Pharmacie Azouagh صيدلية أزواغ,Parapharmacie,Formel,"Avenue Oqba Bnou Nafia, Larache",35.1861205,-6.1468454,icons/pharmacy.png,OSM
Tanger-Tétouan-Al Hoceïma,Pharmacie Assalam صيدلية السلام,Parapharmacie,Formel,Larache,35.1817619,-6.1439677,icons/pharmacy.png,OSM
Tanger-Tétouan-Al Hoceïma,Pharmacie Cherkaoui صيدلية الشرقاوي,Parapharmacie,Formel,Larache,35.179258,-6.1418953,icons/pharmacy.png,OSM
Tanger-Tétouan-Al Hoceïma,Pharmacie du Nord صيدلية الشمال,Parapharmacie,Formel,"Avenue Omar Bnou Abdelaziz en face siège Mutuelle générale du personnel des administrations publiques, Larache",35.1780237,-6.1449747,icons/pharmacy.png,OSM
Tanger-Tétouan-Al Hoceïma,Pharmacie Annasiha صيدلية النصيحة,Parapharmacie,Formel,"Avenue Abdelmoumen Ben Ali, Larache",35.1902958,-6.1567694,icons/pharmacy.png,OSM
Tanger-Tétouan-Al Hoceïma,Pharmacie Principale الصيدلية الرئيسية,Parapharmacie,Formel,Larache,35.1908599,-6.1514154,icons/pharmacy.png,OSM
Tanger-Tétouan-Al Hoceïma,Pharmacie Larache صيدلي العرائش,Parapharmacie,Formel,"Avenue Omar Ben Abdelaziz, Larache",35.1892942,-6.1480772,icons/pharmacy.png,OSM
Tanger-Tétouan-Al Hoceïma,Pharmacie Al Andalous صيدلية الأندلس,Parapharmacie,Formel,"Avenue Moulay Ismail شارع مولاي إسماعيل, Larache العرائش",35.1942528,-6.1597529,icons/pharmacy.png,OSM
Tanger-Tétouan-Al Hoceïma,Pharmacie Hay Nador صيدلية حي الناضور,Parapharmacie,Formel,"Avenue Jakarta, Larache",35.1916976,-6.1619767,icons/pharmacy.png,OSM
Tanger-Tétouan-Al Hoceïma,Pharmacie Al Masjid صيدلية المسجد,Parapharmacie,Formel,"Avenue Sour Al Ichara, Larache العرائش",35.1923757,-6.1570375,icons/pharmacy.png,OSM
Tanger-Tétouan-Al Hoceïma,Pharmacie Al Plazza صيدلية البلاصة,Parapharmacie,Formel,Larache العرائش,35.1948713,-6.1564536,icons/pharmacy.png,OSM
Tanger-Tétouan-Al Hoceïma,Pharmacie Gharnata صيدلية غرناطة,Parapharmacie,Formel,"Avenue Hassan II شارع الحسن الثاني, Larache ⵍⵄⵔⴰⵢⵛ العرائش",35.1945642,-6.1518752,icons/pharmacy.png,OSM
Tanger-Tétouan-Al Hoceïma,Pharmacie Centrale الصيدلية المركزية,Parapharmacie,Formel,"Mohammed Ben Abdellah, Larache ⵍⵄⵔⴰⵢⵛ العرائش",35.196572,-6.1524199,icons/pharmacy.png,OSM
Tanger-Tétouan-Al Hoceïma,Pharmacie Populaire الصيدلية الشعبية,Parapharmacie,Formel,"Avenue Al Massira Lkhedra, Larache ⵍⵄⵔⴰⵢⵛ العرائش",35.1965086,-6.1506662,icons/pharmacy.png,OSM
Tanger-Tétouan-Al Hoceïma,Pharmacie Lixus صيدلية ليكسوس,Parapharmacie,Formel,"Avenue Hassan II شارع الحسن الثاني, Larache ⵍⵄⵔⴰⵢⵛ العرائش",35.192844,-6.1514186,icons/pharmacy.png,OSM
Tanger-Tétouan-Al Hoceïma,Pharmacie Al Marssa صيدلية المرسة,Parapharmacie,Formel,Larache العرائش,35.1979366,-6.1481178,icons/pharmacy.png,OSM
Tanger-Tétouan-Al Hoceïma,Pharmacie Jaoui صيدلية الجاوي,Parapharmacie,Formel,"Avenue Ali Ibn Abi Talib, Larache",35.1919075,-6.1476864,icons/pharmacy.png,OSM
Tanger-Tétouan-Al Hoceïma,Pharmacie Lalla Mennana صيدلية لالة منانة,Parapharmacie,Formel,"Boulevard Mohammed V شارع محمد الخامس, Larache ⵍⵄⵔⴰⵢⵛ العرائش",35.1933595,-6.1499852,icons/pharmacy.png,OSM
Tanger-Tétouan-Al Hoceïma,Pharmacie Riad صيدلية رياض,Parapharmacie,Formel,"Mohammed Ben Abdellah, Larache ⵍⵄⵔⴰⵢⵛ العرائش",35.1934403,-6.1539653,icons/pharmacy.png,OSM
Tanger-Tétouan-Al Hoceïma,Pharmacie Assalam صيدلية السلام,Parapharmacie,Formel,Tétouan تطوان,35.5676084,-5.421996,icons/pharmacy.png,OSM
Tanger-Tétouan-Al Hoceïma,Pharmacie Laouzienne صيدلية لاوزيين,Parapharmacie,Formel,Tétouan,35.5634207,-5.4277271,icons/pharmacy.png,OSM
Tanger-Tétouan-Al Hoceïma,Pharmacie Laamrani صيدلية العمراني,Parapharmacie,Formel,"Boulevard Soulaymane Bni Maharane, Tétouan تطوان",35.5658451,-5.4137288,icons/pharmacy.png,OSM
Tanger-Tétouan-Al Hoceïma,Pharmacie Alexandrie صيدلية الإسكندرية,Parapharmacie,Formel,Tétouan,35.5676432,-5.4099398,icons/pharmacy.png,OSM
Tanger-Tétouan-Al Hoceïma,Pharmacie Khandak Zerbouh صيدلية خندق الزربوح,Parapharmacie,Formel,Tétouan,35.5665779,-5.3957966,icons/pharmacy.png,OSM
Tanger-Tétouan-Al Hoceïma,Pharmacie Touebla صيدلية طويبلة,Parapharmacie,Formel,"Rue Nahr Sous, Tétouan",35.5647365,-5.3988156,icons/pharmacy.png,OSM
Tanger-Tétouan-Al Hoceïma,Pharmacie Zekri صيدلية زكري,Parapharmacie,Formel,"Boulevard Al Wiaam, Tétouan",35.5693517,-5.3949214,icons/pharmacy.png,OSM
Tanger-Tétouan-Al Hoceïma,Pharmacie Destin صيدلية القدر,Parapharmacie,Formel,"Avenue Al Moatassem, Tétouan تطوان",35.5717763,-5.3914322,icons/pharmacy.png,OSM
Tanger-Tétouan-Al Hoceïma,Pharmacie Ain Khabbaz صيدلية عين خباز,Parapharmacie,Formel,"Boulevard Oued Oum Rabia, Tétouan",35.568301,-5.3812684,icons/pharmacy.png,OSM
Tanger-Tétouan-Al Hoceïma,Pharmacie Al Hamama صيدلية الحمامة,Parapharmacie,Formel,"Avenue My Hassan Ben Al Mehdi, Tétouan",35.5701463,-5.3869169,icons/pharmacy.png,OSM
Tanger-Tétouan-Al Hoceïma,Pharmacie Barrio Malaga صيدلية باريو مالغا,Parapharmacie,Formel,"Boulevard Abdelkrim El Khattabi, Tétouan",35.5744748,-5.3877955,icons/pharmacy.png,OSM
Tanger-Tétouan-Al Hoceïma,Pharmacie Achaab صيدلية الشعب,Parapharmacie,Formel,"Boulevard Abdelkrim El Khattabi, Tétouan",35.5745952,-5.3822488,icons/pharmacy.png,OSM
Tanger-Tétouan-Al Hoceïma,Pharmacie Nakhil صيدلية النخيل,Parapharmacie,Formel,"Boulevard Hassan II شارع الحسن الثاني, Tétouan ⵜⵉⵟⵟⴰⵡⵉⵏ تطوان",35.5684079,-5.3763003,icons/pharmacy.png,OSM
Tanger-Tétouan-Al Hoceïma,Pharmacie Bentaouit صيدلية بن تاويت,Parapharmacie,Formel,"Avenue Oued Sebou, Tétouan",35.5666651,-5.3809852,icons/pharmacy.png,OSM
Tanger-Tétouan-Al Hoceïma,Pharmacie Chellal صيدلية الشلال,Parapharmacie,Formel,"Boulevard Moulay El Abbas, Tétouan ⵜⵉⵟⵟⴰⵡⵉⵏ تطوان",35.5696995,-5.3789558,icons/pharmacy.png,OSM
Tanger-Tétouan-Al Hoceïma,Pharmacie Bab Tout صيدلية باب التوت,Parapharmacie,Formel,"Rue du Prince Heritier, Tétouan",35.5707694,-5.3714621,icons/pharmacy.png,OSM
Tanger-Tétouan-Al Hoceïma,Pharmacie Centrale الصيدلية المركزية,Parapharmacie,Formel,"Avenue Mohamed Ben Larbi Torres, Tétouan",35.56963,-5.3699987,icons/pharmacy.png,OSM
Tanger-Tétouan-Al Hoceïma,Pharmacie Baghdad صيدلية بغداد,Parapharmacie,Formel,"Avenue El Mamoune, Tétouan تطوان",35.5773689,-5.4000504,icons/pharmacy.png,OSM
Tanger-Tétouan-Al Hoceïma,Pharmacie Riad Taboula صيدلية رياض طابولة,Parapharmacie,Formel,Tétouan تطوان,35.5749299,-5.4050648,icons/pharmacy.png,OSM
Tanger-Tétouan-Al Hoceïma,Pharmacie Zoubairi صيدلية الزبيري,Parapharmacie,Formel,"Avenue Bilal Ibn Rabah, Tétouan",35.5765839,-5.3897867,icons/pharmacy.png,OSM
Tanger-Tétouan-Al Hoceïma,Pharmacie Haoumat Issaoua صيدلية حومة عيساوة,Parapharmacie,Formel,"Avenue Othman Ibn Affane, Tétouan",35.5790332,-5.3880374,icons/pharmacy.png,OSM
Tanger-Tétouan-Al Hoceïma,Pharmacie Dior El Makhzen صيدلية ديور المخزن,Parapharmacie,Formel,"Avenue Obaida Ibn El Jarrah, Tétouan",35.5765758,-5.3862566,icons/pharmacy.png,OSM
Tanger-Tétouan-Al Hoceïma,Pharmacie Sidi Talha صيدلية سيدي طلحة,Parapharmacie,Formel,"Boulevard Zoubeir Bnou Aouam, Tétouan",35.576508,-5.3796721,icons/pharmacy.png,OSM
Tanger-Tétouan-Al Hoceïma,Pharmacie Abou Bakr Essedik صيدلية أبو بكر الصديق,Parapharmacie,Formel,"Avenue Abou Bakr Seddik, Tétouan",35.5756565,-5.3767188,icons/pharmacy.png,OSM
Tanger-Tétouan-Al Hoceïma,Pharmacie Dersa Principale صيدلية ضرسة الرئيسية,Parapharmacie,Formel,"Avenue Othman Ibn Affane, Tétouan",35.5783285,-5.3776272,icons/pharmacy.png,OSM
Tanger-Tétouan-Al Hoceïma,Pharmacie Jaber صيدلية جابر,Parapharmacie,Formel,Tétouan,35.5769053,-5.3732221,icons/pharmacy.png,OSM
Tanger-Tétouan-Al Hoceïma,Pharmacie Touelah صيدلية طويلع,Parapharmacie,Formel,"Rue Khouloud, Tétouan تطوان",35.5807063,-5.3634399,icons/pharmacy.png,OSM
Tanger-Tétouan-Al Hoceïma,Pharmacie Polvorin Dersa صيدلية بولفوران ضرسة,Parapharmacie,Formel,Tétouan,35.5803137,-5.372421,icons/pharmacy.png,OSM
Tanger-Tétouan-Al Hoceïma,Pharmacie Omar Ibn Abdelaziz صيدلية عمر بن عبد العزيز,Parapharmacie,Formel,"Boulevard Haj Mohamed Bennouna, Tétouan",35.5811205,-5.3603846,icons/pharmacy.png,OSM
Tanger-Tétouan-Al Hoceïma,Pharmacie Hamza صيدلية حمزة,Parapharmacie,Formel,Tétouan,35.5885771,-5.3613359,icons/pharmacy.png,OSM
Tanger-Tétouan-Al Hoceïma,Pharmacie Azahra صيدلية الزهرة,Parapharmacie,Formel,"Boulevard Haj Mohamed Bennouna, Tétouan",35.5829827,-5.3592988,icons/pharmacy.png,OSM
Tanger-Tétouan-Al Hoceïma,Pharmacie Al Abawaine صيدلية الأبوين,Parapharmacie,Formel,"Boulevard Ceikh Belabri Alaoui, Tétouan تطوان",35.5837641,-5.3630517,icons/pharmacy.png,OSM
Tanger-Tétouan-Al Hoceïma,Pharmacie El Azami صيدلية الأزمي,Parapharmacie,Formel,"Boulevard Mokhtar Soussi, Tétouan تطوان",35.5866184,-5.3597369,icons/pharmacy.png,OSM
Tanger-Tétouan-Al Hoceïma,Pharmacie Dar Dmana صيدلية دار الضمانة,Parapharmacie,Formel,"Avenue Haj Mohamed Bennouna, Tétouan",35.5885238,-5.3551069,icons/pharmacy.png,OSM
Tanger-Tétouan-Al Hoceïma,Pharmacie Jamaa Afailal صيدلية جامع أفيلال,Parapharmacie,Formel,"Avenue Sidi Mohamed El Kharraz, Tétouan",35.5791129,-5.3597901,icons/pharmacy.png,OSM
Tanger-Tétouan-Al Hoceïma,Pharmacie Palestine صيدلية فلسطين,Parapharmacie,Formel,"Avenue des Far شارع الجيش الملكي, Tétouan",35.5787285,-5.3560486,icons/pharmacy.png,OSM
Tanger-Tétouan-Al Hoceïma,Pharmacie Lina صيدلية لينة,Parapharmacie,Formel,"Rue Mabrouka, Tétouan",35.5835518,-5.354867,icons/pharmacy.png,OSM
Tanger-Tétouan-Al Hoceïma,Pharmacie Rif صيدلية الريف,Parapharmacie,Formel,"Avenue des Far شارع الجيش الملكي, Tétouan",35.5870117,-5.3468294,icons/pharmacy.png,OSM
Tanger-Tétouan-Al Hoceïma,Pharmacie Ziana صيدلية زيانة,Parapharmacie,Formel,"Avenue Mohamed Ameziane, Tétouan",35.5754131,-5.3633923,icons/pharmacy.png,OSM
Tanger-Tétouan-Al Hoceïma,Pharmacie Safir صيدلية سفير,Parapharmacie,Formel,"Avenue Sidi Mohamed El Kharraz, Tétouan تطوان",35.5849598,-5.3493672,icons/pharmacy.png,OSM
Tanger-Tétouan-Al Hoceïma,Pharmacie Ben El Haddad صيدلية بن الحداد,Parapharmacie,Formel,"Boulevard de Far, Tétouan",35.596363,-5.3399282,icons/pharmacy.png,OSM
Tanger-Tétouan-Al Hoceïma,Pharmacie Souani صيدلية الصواني,Parapharmacie,Formel,Tétouan,35.6002659,-5.3275407,icons/pharmacy.png,OSM
Tanger-Tétouan-Al Hoceïma,Pharmacie Chaachoo صيدلية الشعشوع,Parapharmacie,Formel,Tétouan تطوان,35.5996541,-5.3255591,icons/pharmacy.png,OSM
Tanger-Tétouan-Al Hoceïma,Pharmacie Almou صيدلية ألمو,Parapharmacie,Formel,Tétouan,35.611775,-5.3355004,icons/pharmacy.png,OSM
Tanger-Tétouan-Al Hoceïma,Pharmacie Samadi صيدلية الصمادي,Parapharmacie,Formel,Tétouan,35.6133605,-5.3325744,icons/pharmacy.png,OSM
Tanger-Tétouan-Al Hoceïma,Pharmacie Ismailia صيدلية إسماعيلية,Parapharmacie,Formel,Tétouan,35.5958836,-5.3457045,icons/pharmacy.png,OSM
Tanger-Tétouan-Al Hoceïma,Pharmacie Boujarrah صيدلية بوجرة,Parapharmacie,Formel,"Avenue Haj Mohamed Bennouna, Tétouan تطوان",35.5918702,-5.3527852,icons/pharmacy.png,OSM
Tanger-Tétouan-Al Hoceïma,Pharmacie Boussafou صيدلية بوصافو,Parapharmacie,Formel,"Avenue Haj Mohamed Bennouna, Tétouan",35.5942929,-5.3484436,icons/pharmacy.png,OSM
Tanger-Tétouan-Al Hoceïma,Pharmacie Ouiriaghli صيدلية وريغلي,Parapharmacie,Formel,"Avenue Abdel Khalek Torres, Tétouan",35.5747358,-5.3460473,icons/pharmacy.png,OSM
Tanger-Tétouan-Al Hoceïma,Pharmacie Sidi El Mandri صيدلية سيدي المنظري,Parapharmacie,Formel,"Avenue Mohamed Daoud, Tétouan",35.5758068,-5.3427604,icons/pharmacy.png,OSM
Tanger-Tétouan-Al Hoceïma,Pharmacie Atlas صيدلية أطلس,Parapharmacie,Formel,"Boulevard Dakhla, Tétouan",35.569561,-5.3516918,icons/pharmacy.png,OSM
Tanger-Tétouan-Al Hoceïma,Pharmacie Ichara Dersa صيدلية إشارة درسة,Parapharmacie,Formel,Tétouan,35.5788166,-5.3813902,icons/pharmacy.png,OSM
Tanger-Tétouan-Al Hoceïma,Pharmacie Ingenieros صيدلية أنجنيروس,Parapharmacie,Formel,"Rue El Madj Mohamed Baraka, Tétouan",35.5662844,-5.3722064,icons/pharmacy.png,OSM
Tanger-Tétouan-Al Hoceïma,Pharmacie Sidi Abdellah El Fakhar صيدلية سيدي عبد الله الفخار,Parapharmacie,Formel,"Rue 3 زنقة, Tétouan",35.5648138,-5.3604913,icons/pharmacy.png,OSM
Tanger-Tétouan-Al Hoceïma,Pharmacie Msalah Kdima صيدلية مصلى القديمة,Parapharmacie,Formel,"Rue Msalla Lakdima, Tétouan",35.5679254,-5.3675572,icons/pharmacy.png,OSM
Tanger-Tétouan-Al Hoceïma,Pharmacie Derdabi صيدلية الدردابي,Parapharmacie,Formel,Tétouan,35.5707056,-5.3663066,icons/pharmacy.png,OSM
Tanger-Tétouan-Al Hoceïma,Pharmacie Souk El Fouki صيدلية سوق الفوقي,Parapharmacie,Formel,Tétouan,35.5724045,-5.3684128,icons/pharmacy.png,OSM
Tanger-Tétouan-Al Hoceïma,Pharmacie Marjane صيدلية مرجان,Parapharmacie,Formel,"Route Sebta, Tétouan تطوان",35.6025277,-5.334983,icons/pharmacy.png,OSM
Tanger-Tétouan-Al Hoceïma,Pharmacie Dar Mourssia صيدلية دار مورسيا,Parapharmacie,Formel,Tétouan تطوان,35.5854307,-5.3714798,icons/pharmacy.png,OSM
Tanger-Tétouan-Al Hoceïma,Pharmacie Dream صيدلية دريم,Parapharmacie,Formel,"Boulevard Abderrahim Bouebib, Tétouan",35.5839687,-5.3369789,icons/pharmacy.png,OSM
Tanger-Tétouan-Al Hoceïma,Pharmacie Inara صيدلية الإنارة,Parapharmacie,Formel,Tétouan,35.5790837,-5.3344173,icons/pharmacy.png,OSM
Tanger-Tétouan-Al Hoceïma,Pharmacie Hopital des Spécialités صيدلية مستشفى التخصصات,Parapharmacie,Formel,Tétouan,35.5817841,-5.3335773,icons/pharmacy.png,OSM
Tanger-Tétouan-Al Hoceïma,Pharmacie Sabri صيدلية صبري,Parapharmacie,Formel,"Avenue Mohamed Daoud, Tétouan",35.5797932,-5.3448622,icons/pharmacy.png,OSM
Tanger-Tétouan-Al Hoceïma,Pharmacie Ain Melloul صيدلية عين ملول,Parapharmacie,Formel,Tétouan,35.5841913,-5.341259,icons/pharmacy.png,OSM
Tanger-Tétouan-Al Hoceïma,Pharmacie Ibn Zaydoun صيدلية بن زيدون,Parapharmacie,Formel,"Avenue Bejaia, 113",35.5815716,-5.3492592,icons/pharmacy.png,OSM
Tanger-Tétouan-Al Hoceïma,Pharmacie Taboula صيدلية طابولة,Parapharmacie,Formel,"Avenue Omar El Mokhtar, Tétouan",35.567812,-5.3998864,icons/pharmacy.png,OSM
Tanger-Tétouan-Al Hoceïma,Pharmacie Bakkali صيدلية البقالي,Parapharmacie,Formel,Tétouan,35.571221,-5.412002,icons/pharmacy.png,OSM
Tanger-Tétouan-Al Hoceïma,Pharmacie Achahbar صيدلية أشاهبار,Parapharmacie,Formel,Tétouan,35.5784818,-5.346328,icons/pharmacy.png,OSM
Tanger-Tétouan-Al Hoceïma,Pharmacie 2000 صيدلية,Parapharmacie,Formel,Tétouan,35.5703154,-5.4017874,icons/pharmacy.png,OSM
Tanger-Tétouan-Al Hoceïma,Grande Pharmacie Nouvelle الصيدلية الجديدة الكبرى,Parapharmacie,Formel,"Avenue 10 Mai, Tétouan ⵜⵉⵟⵟⴰⵡⵉⵏ تطوان",35.5711799,-5.3756053,icons/pharmacy.png,OSM
Tanger-Tétouan-Al Hoceïma,Pharmacie Touabel صيدلية طوابل,Parapharmacie,Formel,"Avenue Sidi Mohamed El Kharraz, Tétouan",35.5813198,-5.3569801,icons/pharmacy.png,OSM
Tanger-Tétouan-Al Hoceïma,Pharmacie El Oued Kouilma صيدلية الواد كويلمة,Parapharmacie,Formel,Tétouan,35.5623742,-5.3495173,icons/pharmacy.png,OSM
Tanger-Tétouan-Al Hoceïma,Pharmacie Thami Ouazzani صيدلية التهامي الوزاني,Parapharmacie,Formel,"Avenue Al Massira Al Khadra, Tétouan",35.5690938,-5.3610396,icons/pharmacy.png,OSM
Tanger-Tétouan-Al Hoceïma,Pharmacie Al Aqsa صيدلية الأقصى,Parapharmacie,Formel,"Avenue Casablanca شارع الدار البيضاء, Tétouan",35.5652984,-5.3555672,icons/pharmacy.png,OSM
Tanger-Tétouan-Al Hoceïma,Pharmacie Wilaya Centre صيدلية مركز الولاية,Parapharmacie,Formel,"Avenue la Caire, Tétouan",35.5873045,-5.34264,icons/pharmacy.png,OSM
Tanger-Tétouan-Al Hoceïma,Pharmacie Mestassi صيدلية مستاسي,Parapharmacie,Formel,"Boulevard Sebta, Tétouan",35.5628882,-5.3623767,icons/pharmacy.png,OSM
Tanger-Tétouan-Al Hoceïma,Pharmacie Mosquée Al Oumma صيدلية مسجد الأمة,Parapharmacie,Formel,"Avenue Abdel Khalek Torres, Tétouan",35.5735413,-5.35232,icons/pharmacy.png,OSM
Tanger-Tétouan-Al Hoceïma,Pharmacie Mall Tétouan صيدلية مول تطوان,Parapharmacie,Formel,"Avenue Al Joulane, Tétouan",35.5865423,-5.3354714,icons/pharmacy.png,OSM
Tanger-Tétouan-Al Hoceïma,Pharmacie Azhar صيدلية الأزهر,Parapharmacie,Formel,"Boulevard Abdesalam Ben Rissoune, Tétouan",35.5749692,-5.3570674,icons/pharmacy.png,OSM
Tanger-Tétouan-Al Hoceïma,Pharmacie Bab Saida صيدلية باب سعيدة,Parapharmacie,Formel,Tétouan,35.5730051,-5.3640767,icons/pharmacy.png,OSM
Tanger-Tétouan-Al Hoceïma,Pharmacie l'Hopital صيدلية المستشفى,Parapharmacie,Formel,"Avenue Mohammadia, Tétouan",35.5709575,-5.3541365,icons/pharmacy.png,OSM
Tanger-Tétouan-Al Hoceïma,Pharmacie Ibn Rochd صيدلية بن رشد,Parapharmacie,Formel,"Boulevard Abderrahim Bouebib, Tétouan",35.587425,-5.3392942,icons/pharmacy.png,OSM
Tanger-Tétouan-Al Hoceïma,Pharmacie Teknia صيدلية التقنية,Parapharmacie,Formel,"Boulevard Kaboul, Tétouan",35.5754825,-5.3497347,icons/pharmacy.png,OSM
Tanger-Tétouan-Al Hoceïma,Pharmacie Bouatyaoui صيدلية بوعطياوي,Parapharmacie,Formel,"Rue 3 زنقة, Tétouan",35.5835486,-5.3441298,icons/pharmacy.png,OSM
Tanger-Tétouan-Al Hoceïma,Pharmacie Faculté des Sciences صيدلية كلية العلوم,Parapharmacie,Formel,"Boulevard Al Hajeb, Tétouan",35.5646185,-5.3646802,icons/pharmacy.png,OSM
Tanger-Tétouan-Al Hoceïma,Pharmacie Fadil صيدلية فاضل,Parapharmacie,Formel,Tétouan تطوان,35.6048499,-5.3356337,icons/pharmacy.png,OSM
Tanger-Tétouan-Al Hoceïma,Pharmacie Jamaa Mezouak صيدلية جامع المزواق,Parapharmacie,Formel,"Avenue El Mamoune, Tétouan",35.5746509,-5.3921935,icons/pharmacy.png,OSM
Tanger-Tétouan-Al Hoceïma,Pharmacie Houmat Tanjaoua صيدلية حومة طنجاوة,Parapharmacie,Formel,"Avenue Jbel Atlas, Tétouan تطوان",35.5884551,-5.3517349,icons/pharmacy.png,OSM
Tanger-Tétouan-Al Hoceïma,Pharmacie Lawada صيدلية لوادعة,Parapharmacie,Formel,"Boulevard Khalid Bnou l'Oualid, Tétouan",35.5723952,-5.3829565,icons/pharmacy.png,OSM
Tanger-Tétouan-Al Hoceïma,Pharmacie Zamzam صيدلية زمزم,Parapharmacie,Formel,"Avenue Casablanca شارع الدار البيضاء, Tétouan",35.5661286,-5.3586992,icons/pharmacy.png,OSM
Tanger-Tétouan-Al Hoceïma,Pharmacie Touta صيدلية التوتة,Parapharmacie,Formel,"Avenue Mohammadia, Tétouan",35.568216,-5.3560963,icons/pharmacy.png,OSM
Tanger-Tétouan-Al Hoceïma,Pharmacie Riad صيدلية رياض,Parapharmacie,Formel,Tétouan تطوان,35.5941163,-5.3575481,icons/pharmacy.png,OSM
Tanger-Tétouan-Al Hoceïma,Anji Restaurant,Restaurant,Formel,Anji Restaurant,35.7792339,-5.8028536,icons/restaurant.png,OSM
Tanger-Tétouan-Al Hoceïma,Pharmacie de la Ville Nouvelle صيدلية المدينة الجديدة,Parapharmacie,Formel,Tanger,35.7033186,-5.9359797,icons/pharmacy.png,OSM
Tanger-Tétouan-Al Hoceïma,Pharmacie les Jardins de l’Atlantique صيدلية حدائق الأطلسي,Parapharmacie,Formel,Tanger,35.7054585,-5.9309591,icons/pharmacy.png,OSM
Tanger-Tétouan-Al Hoceïma,Pharmacie Vidal صيدلية فيدال,Parapharmacie,Formel,Tanger,35.7064759,-5.9180722,icons/pharmacy.png,OSM
Tanger-Tétouan-Al Hoceïma,Pharmacie Bassam صيدلية بسام,Parapharmacie,Formel,Tanger,35.7090476,-5.915646,icons/pharmacy.png,OSM
Tanger-Tétouan-Al Hoceïma,Pharmacie Zone Franche صيدلية المنطقة الحرة,Parapharmacie,Formel,Tanger,35.7090939,-5.9092204,icons/pharmacy.png,OSM
Tanger-Tétouan-Al Hoceïma,Pharmacie Nadia صيدلية نادية,Parapharmacie,Formel,"Pénétrante de Tanger-Sud, Tanger",35.6976301,-5.9170128,icons/pharmacy.png,OSM
Tanger-Tétouan-Al Hoceïma,Pharmacie El Irfane صيدلية العرفان 2,Parapharmacie,Formel,Tanger ⵜⵉⵏ ⵉⴳⴳⵉ طنجة,35.7412978,-5.886864,icons/pharmacy.png,OSM
Tanger-Tétouan-Al Hoceïma,Pharmacie Al Faraj صيدلية الفرج,Parapharmacie,Formel,Tanger,35.7374727,-5.8835907,icons/pharmacy.png,OSM
Tanger-Tétouan-Al Hoceïma,Pharmacie Cap Spartel صيدلية كاب سبارطيل,Parapharmacie,Formel,Tanger طنجة,35.737151,-5.8875324,icons/pharmacy.png,OSM
Tanger-Tétouan-Al Hoceïma,Pharmacie Al Irfane صيدلية العرفان,Parapharmacie,Formel,"Avenue Moulay Rachid, Tanger",35.7324127,-5.8819208,icons/pharmacy.png,OSM
Tanger-Tétouan-Al Hoceïma,Pharmacie Route de Rabat صيدلية طريق الرباط,Parapharmacie,Formel,"Avenue des Forces Armées Royales شارع الجيش الملكي, Tanger",35.7296197,-5.8802996,icons/pharmacy.png,OSM
Tanger-Tétouan-Al Hoceïma,Pharmacie Al Moustakbal صيدلية المستقبل,Parapharmacie,Formel,Tanger ⵜⵉⵏ ⵉⴳⴳⵉ طنجة,35.7338,-5.8686245,icons/pharmacy.png,OSM
Tanger-Tétouan-Al Hoceïma,Pharmacie Bennani صيدلية بناني,Parapharmacie,Formel,"Route des Grottes d'Hercule, Tanger ⵜⵉⵏ ⵉⴳⴳⵉ طنجة",35.7403433,-5.8778488,icons/pharmacy.png,OSM
Tanger-Tétouan-Al Hoceïma,Pharmacie Achakkar صيدلية أشقار,Parapharmacie,Formel,Tanger ⵜⵉⵏ ⵉⴳⴳⵉ طنجة,35.7447997,-5.8845612,icons/pharmacy.png,OSM
Tanger-Tétouan-Al Hoceïma,Pharmacie Al Hamd صيدلية الحمد,Parapharmacie,Formel,"Avenue des Forces Armées Royales شارع الجيش الملكي, Tanger طنجة",35.7355071,-5.8587766,icons/pharmacy.png,OSM
Tanger-Tétouan-Al Hoceïma,Pharmacie Hassani صيدلية الحسني,Parapharmacie,Formel,Tanger طنجة,35.7371355,-5.8556197,icons/pharmacy.png,OSM
Tanger-Tétouan-Al Hoceïma,Pharmacie Nour Moujamma Hassani صيدلية نور المجمع الحسني,Parapharmacie,Formel,Tanger طنجة,35.7309886,-5.8524769,icons/pharmacy.png,OSM
Tanger-Tétouan-Al Hoceïma,Pharmacie Wissal صيدلية وصال,Parapharmacie,Formel,Tanger طنجة,35.7323562,-5.8557741,icons/pharmacy.png,OSM
Tanger-Tétouan-Al Hoceïma,Pharmacie Bayti صيدلية بيتي,Parapharmacie,Formel,Tanger طنجة,35.7315199,-5.848763,icons/pharmacy.png,OSM
Tanger-Tétouan-Al Hoceïma,Pharmacie Ajial صيدلية أجيال,Parapharmacie,Formel,Tanger,35.7304537,-5.8458172,icons/pharmacy.png,OSM
Tanger-Tétouan-Al Hoceïma,Pharmacie Bir El Ghazi صيدلية بئر الغازي,Parapharmacie,Formel,Tanger طنجة,35.7132712,-5.8109078,icons/pharmacy.png,OSM
Tanger-Tétouan-Al Hoceïma,Pharmacie La Perle du Boughaz صيدلية جوهرة البوغاز,Parapharmacie,Formel,Tanger ⵜⵉⵏ ⵉⴳⴳⵉ طنجة,35.7096498,-5.8066446,icons/pharmacy.png,OSM
Tanger-Tétouan-Al Hoceïma,Pharmacie la Vie صيدلية الحياة,Parapharmacie,Formel,Tanger ⵜⵉⵏ ⵉⴳⴳⵉ طنجة,35.7121675,-5.804804,icons/pharmacy.png,OSM
Tanger-Tétouan-Al Hoceïma,Pharmacie Salima صيدلية سليمة,Parapharmacie,Formel,Tanger,35.7205009,-5.7919902,icons/pharmacy.png,OSM
Tanger-Tétouan-Al Hoceïma,Pharmacie Khadak Dir صيدلية خضر دير,Parapharmacie,Formel,Tanger,35.7229624,-5.7918022,icons/pharmacy.png,OSM
Tanger-Tétouan-Al Hoceïma,Pharmacie Hjar Sfar صيدلية حجر الصفر,Parapharmacie,Formel,Tanger,35.7230817,-5.7891985,icons/pharmacy.png,OSM
Tanger-Tétouan-Al Hoceïma,Pharmacie Madcher Al Aouama صيدلية مدشر العوامة,Parapharmacie,Formel,Tanger,35.7218432,-5.794929,icons/pharmacy.png,OSM
Tanger-Tétouan-Al Hoceïma,Pharmacie Azhar Chifae صيدلية أزهار الشفاء,Parapharmacie,Formel,Tanger,35.7203982,-5.7979005,icons/pharmacy.png,OSM
Tanger-Tétouan-Al Hoceïma,Pharmacie Aïn Dalya صيدلية عين دالية,Parapharmacie,Formel,Tanger ⵜⵉⵏ ⵉⴳⴳⵉ طنجة,35.7201044,-5.8044386,icons/pharmacy.png,OSM
Tanger-Tétouan-Al Hoceïma,Pharmacie Khandaq El Ward صيدلية خندق الورد,Parapharmacie,Formel,Tanger طنجة,35.7278783,-5.7930472,icons/pharmacy.png,OSM
Tanger-Tétouan-Al Hoceïma,Pharmacie Abdelmajid Al Atia صيدلية عبد المجيد العطية,Parapharmacie,Formel,Tanger,35.7279901,-5.7880793,icons/pharmacy.png,OSM
Tanger-Tétouan-Al Hoceïma,Pharmacie Adam صيدلية اًدم,Parapharmacie,Formel,Tanger,35.7320608,-5.7882049,icons/pharmacy.png,OSM
Tanger-Tétouan-Al Hoceïma,Pharmacie Ward El Aouama صيدلية ورد العوامة,Parapharmacie,Formel,Tanger,35.7305111,-5.7850469,icons/pharmacy.png,OSM
Tanger-Tétouan-Al Hoceïma,Pharmacie Al Assil صيدلية الأصيل,Parapharmacie,Formel,Tanger,35.7315316,-5.7661858,icons/pharmacy.png,OSM
Tanger-Tétouan-Al Hoceïma,Pharmacie Sekka Aouama صيدلية السكة العوامة,Parapharmacie,Formel,Tanger طنجة,35.7322381,-5.7944065,icons/pharmacy.png,OSM
Tanger-Tétouan-Al Hoceïma,Pharmacie Al karam صيدلية الكرم,Parapharmacie,Formel,Tanger طنجة,35.7274639,-5.768369,icons/pharmacy.png,OSM
Tanger-Tétouan-Al Hoceïma,Pharmacie Ain Echifae صيدلية عين الشفاء,Parapharmacie,Formel,Tanger طنجة,35.7352668,-5.8510317,icons/pharmacy.png,OSM
Tanger-Tétouan-Al Hoceïma,Pharmacie Al Aouama Charkia صيدلية العوامة الشرقية,Parapharmacie,Formel,Tanger ⵜⵉⵏ ⵉⴳⴳⵉ طنجة,35.7240954,-5.79953,icons/pharmacy.png,OSM
Tanger-Tétouan-Al Hoceïma,Pharmacie Gare Routière صيدلية المحطة الطرقية,Parapharmacie,Formel,Tanger ⵜⵉⵏ ⵉⴳⴳⵉ طنجة,35.7228895,-5.8610412,icons/pharmacy.png,OSM
Tanger-Tétouan-Al Hoceïma,Pharmacie du Grand Stade صيدلية الملعب الكبير,Parapharmacie,Formel,Tanger طنجة,35.7382582,-5.847701,icons/pharmacy.png,OSM
Tanger-Tétouan-Al Hoceïma,Pharmacie Lilia صيدلية ليليا,Parapharmacie,Formel,Tanger,35.7153469,-5.8846399,icons/pharmacy.png,OSM
Tanger-Tétouan-Al Hoceïma,Pharmacie L'Amitié صيدلية الصداقة,Parapharmacie,Formel,Tanger,35.723227,-5.878017,icons/pharmacy.png,OSM
Tanger-Tétouan-Al Hoceïma,Pharmacie Houssam صيدلية حسام,Parapharmacie,Formel,Tanger,35.7118735,-5.8938187,icons/pharmacy.png,OSM
Tanger-Tétouan-Al Hoceïma,Pharmacie Addoha Rif صيدلية الضحى ريف,Parapharmacie,Formel,Tanger,35.7088136,-5.9019591,icons/pharmacy.png,OSM
Tanger-Tétouan-Al Hoceïma,Pharmacie El Filali صيدلية الفيلالي,Parapharmacie,Formel,Tanger,35.7097019,-5.8987876,icons/pharmacy.png,OSM
Tanger-Tétouan-Al Hoceïma,Pharmacie Ibn Al Arabi صيدلية ابن العربي,Parapharmacie,Formel,Tanger,35.7402627,-5.8677095,icons/pharmacy.png,OSM
Tanger-Tétouan-Al Hoceïma,Pharmacie Marshan صيدلية مرشان,Parapharmacie,Formel,Tanger,35.7409228,-5.8663561,icons/pharmacy.png,OSM
Tanger-Tétouan-Al Hoceïma,Pharmacie Ibn Khaldoun صيدلية ابن خلدون,Parapharmacie,Formel,Tanger,35.7469497,-5.7956736,icons/pharmacy.png,OSM
Tanger-Tétouan-Al Hoceïma,Pharmacie Dar Tounsi صيدلية دار التونسي,Parapharmacie,Formel,"Avenue Abdeslam Ben Bouhout, Tanger طنجة",35.7525722,-5.7988798,icons/pharmacy.png,OSM
Tanger-Tétouan-Al Hoceïma,Pharmacie Al Yakine صيدلية اليقين,Parapharmacie,Formel,Tanger طنجة,35.7521903,-5.7963115,icons/pharmacy.png,OSM
Tanger-Tétouan-Al Hoceïma,Pharmacie Al Majd صيدلية المجد,Parapharmacie,Formel,Tanger طنجة,35.7450726,-5.7963218,icons/pharmacy.png,OSM
Tanger-Tétouan-Al Hoceïma,Pharmacie La Source صيدلية المنبع,Parapharmacie,Formel,Tanger طنجة,35.7421059,-5.7966406,icons/pharmacy.png,OSM
Tanger-Tétouan-Al Hoceïma,Pharmacie Mountassir صيدلية منتصر,Parapharmacie,Formel,Tanger طنجة,35.7379854,-5.7990585,icons/pharmacy.png,OSM
Tanger-Tétouan-Al Hoceïma,Pharmacie Grand Maghreb صيدلية المغرب الكبير,Parapharmacie,Formel,Tanger ⵜⵉⵏ ⵉⴳⴳⵉ طنجة,35.728395,-5.8061626,icons/pharmacy.png,OSM
Tanger-Tétouan-Al Hoceïma,Pharmacie Doha Louama صيدلية الضحى العوامة,Parapharmacie,Formel,Tanger ⵜⵉⵏ ⵉⴳⴳⵉ طنجة,35.7243955,-5.806841,icons/pharmacy.png,OSM
Tanger-Tétouan-Al Hoceïma,Pharmacie Route El Aouama صيدلية طريق العوامة,Parapharmacie,Formel,"Avenue Al Quds شارع القدس, Tanger ⵜⵉⵏ ⵉⴳⴳⵉ طنجة",35.7339531,-5.8018479,icons/pharmacy.png,OSM
Tanger-Tétouan-Al Hoceïma,Pharmacie Zineb صيدلية زينب,Parapharmacie,Formel,"Avenue Aicha Al-Moussafir, Tanger ⵜⵉⵏ ⵉⴳⴳⵉ طنجة",35.7344339,-5.8052226,icons/pharmacy.png,OSM
Tanger-Tétouan-Al Hoceïma,Pharmacie El Attabi صيدلية العتابي,Parapharmacie,Formel,Tanger ⵜⵉⵏ ⵉⴳⴳⵉ طنجة,35.737058,-5.8029729,icons/pharmacy.png,OSM
Tanger-Tétouan-Al Hoceïma,Pharmacie Al Zahara صيدلية الزهارة,Parapharmacie,Formel,Tanger طنجة,35.7408118,-5.8012384,icons/pharmacy.png,OSM
Tanger-Tétouan-Al Hoceïma,Pharmacie Al Hambra صيدلية الحمراء,Parapharmacie,Formel,"Avenue Aicha Al-Moussafir, Tanger طنجة",35.7389882,-5.8055448,icons/pharmacy.png,OSM
Tanger-Tétouan-Al Hoceïma,Pharmacie Al Aouda صيدلية العودة,Parapharmacie,Formel,"Rue Tunisie زنقة تونس, Tanger طنجة",35.7470338,-5.8057471,icons/pharmacy.png,OSM
Tanger-Tétouan-Al Hoceïma,Pharmacie Hamza صيدلية حمزة,Parapharmacie,Formel,"Rue Yemen, Tanger طنجة",35.7482557,-5.8017203,icons/pharmacy.png,OSM
Tanger-Tétouan-Al Hoceïma,Pharmacie Anoual صيدلية أنوال,Parapharmacie,Formel,"Avenue Al Quds شارع القدس, Tanger طنجة",35.750137,-5.7993912,icons/pharmacy.png,OSM
Tanger-Tétouan-Al Hoceïma,Pharmacie Al Houria صيدلية الحرية,Parapharmacie,Formel,Tanger طنجة,35.7467466,-5.8003376,icons/pharmacy.png,OSM
Tanger-Tétouan-Al Hoceïma,Pharmacie Annour صيدلية النور,Parapharmacie,Formel,"Rue Mauritanie, Tanger طنجة",35.7447193,-5.8017768,icons/pharmacy.png,OSM
Tanger-Tétouan-Al Hoceïma,Pharmacie Sania صيدلية السانيا,Parapharmacie,Formel,"Avenue Aicha Al-Moussafir, Tanger طنجة",35.7429855,-5.8060324,icons/pharmacy.png,OSM
Tanger-Tétouan-Al Hoceïma,Pharmacie El Aouama صيدلية العوامة,Parapharmacie,Formel,"Boulevard Royaume d'Arabie Saoudite, Tanger طنجة",35.7433347,-5.7997666,icons/pharmacy.png,OSM
Tanger-Tétouan-Al Hoceïma,Pharmacie Jirari صيدلية الجيراري,Parapharmacie,Formel,"Avenue Aicha Al-Moussafir, Tanger طنجة",35.7488173,-5.80866,icons/pharmacy.png,OSM
Tanger-Tétouan-Al Hoceïma,Pharmacie Afriquia صيدلية إفريقيا,Parapharmacie,Formel,"Avenue Moulay Ali Cherif, Tanger طنجة",35.752572,-5.8070116,icons/pharmacy.png,OSM
Tanger-Tétouan-Al Hoceïma,Pharmacie Moulay Ali Cherif صيدلية مولي علي الشريف,Parapharmacie,Formel,"Avenue Moulay Ali Cherif, Tanger طنجة",35.7515983,-5.8020735,icons/pharmacy.png,OSM
Tanger-Tétouan-Al Hoceïma,Pharmacie Fares صيدلية فارس,Parapharmacie,Formel,"Avenue Abdeslam Ben Bouhout, Tanger",35.7555289,-5.7948987,icons/pharmacy.png,OSM
Tanger-Tétouan-Al Hoceïma,Pharmacie du Quartier صيدلية الحي,Parapharmacie,Formel,"Avenue R'gaia, Tanger",35.7572738,-5.7965159,icons/pharmacy.png,OSM
Tanger-Tétouan-Al Hoceïma,Pharmacie Irchad صيدلية الإرشاد,Parapharmacie,Formel,"Avenue R'gaia, Tanger طنجة",35.7553991,-5.7989719,icons/pharmacy.png,OSM
Tanger-Tétouan-Al Hoceïma,Pharmacie Al Raha صيدلية الراحة,Parapharmacie,Formel,"Boulevard Tarik Ibn Ziad شارع طارق بن زياد, Tanger طنجة",35.7660064,-5.8049135,icons/pharmacy.png,OSM
Tanger-Tétouan-Al Hoceïma,Pharmacie Passadena صيدلية باسادينا,Parapharmacie,Formel,"Route de Tétouan, Tanger طنجة",35.7660792,-5.7995678,icons/pharmacy.png,OSM
Tanger-Tétouan-Al Hoceïma,Grande Pharmacie Rif صيدلية الريف الكبرى,Parapharmacie,Formel,"Avenue Moulay Ali Cherif, Tanger طنجة",35.7539222,-5.8100232,icons/pharmacy.png,OSM
Tanger-Tétouan-Al Hoceïma,Pharmacie Benallal صيدلية ابن علال,Parapharmacie,Formel,"Boulevard Fatima Zahra, Tanger طنجة",35.7554299,-5.8020759,icons/pharmacy.png,OSM
Tanger-Tétouan-Al Hoceïma,Pharmacie Hay Bouhout صيدلية حي بوحوت,Parapharmacie,Formel,"Avenue Abdelkhalek Torres, Tanger طنجة",35.7553348,-5.8055756,icons/pharmacy.png,OSM
Tanger-Tétouan-Al Hoceïma,Pharmacie de la Santé صيدلية الصحة,Parapharmacie,Formel,"Boulevard Tarik Ibn Ziad شارع طارق بن زياد, Tanger",35.7581749,-5.8015535,icons/pharmacy.png,OSM
Tanger-Tétouan-Al Hoceïma,Pharmacie Tafilalet صيدلية تافيلالت,Parapharmacie,Formel,Tanger طنجة,35.7571433,-5.8103002,icons/pharmacy.png,OSM
Tanger-Tétouan-Al Hoceïma,Pharmacie Al Hikma صيدلية الحكمة,Parapharmacie,Formel,"Rue Omar El Mokhtar, Tanger طنجة",35.7591814,-5.8048347,icons/pharmacy.png,OSM
Tanger-Tétouan-Al Hoceïma,Pharmacie Drissia صيدلية الإدريسية,Parapharmacie,Formel,"Boulevard Tarik Ibn Ziad شارع طارق بن زياد, Tanger طنجة",35.7622996,-5.8034792,icons/pharmacy.png,OSM
Tanger-Tétouan-Al Hoceïma,Pharmacie du Parc صيدلية الروض,Parapharmacie,Formel,"Boulevard Moulay Soulayman, Tanger طنجة",35.7630107,-5.8126443,icons/pharmacy.png,OSM
Tanger-Tétouan-Al Hoceïma,Pharmacie Province صيدلية العمالة,Parapharmacie,Formel,"Rue de la Province, Tanger طنجة",35.7643841,-5.8082636,icons/pharmacy.png,OSM
Tanger-Tétouan-Al Hoceïma,Pharmacie Al Kodss صيدلية القدس,Parapharmacie,Formel,"Rue Mansour Ben Abi Amir, Tanger طنجة",35.7625622,-5.8065548,icons/pharmacy.png,OSM
Tanger-Tétouan-Al Hoceïma,Pharmacie Al Fahs صيدلية الفحص,Parapharmacie,Formel,Tanger طنجة,35.7503577,-5.8147573,icons/pharmacy.png,OSM
Tanger-Tétouan-Al Hoceïma,Pharmacie Assalam صيدلية السلام,Parapharmacie,Formel,"Rue Oued Ouargha شارع وادي ورغة, Tanger طنجة",35.7518181,-5.8116118,icons/pharmacy.png,OSM
Tanger-Tétouan-Al Hoceïma,Pharmacie Zaoudia صيدلية الزاودية,Parapharmacie,Formel,"Avenue Achouhada, Tanger طنجة",35.7555978,-5.8166095,icons/pharmacy.png,OSM
Tanger-Tétouan-Al Hoceïma,Pharmacie Masjid Mabrouka صيدلية مسجد مبروكة,Parapharmacie,Formel,Tanger طنجة,35.7572922,-5.8132476,icons/pharmacy.png,OSM
Tanger-Tétouan-Al Hoceïma,Pharmacie Beni Makada صيدلية بني مكادة,Parapharmacie,Formel,"Boulevard Moulay Soulayman, Tanger طنجة",35.7591748,-5.8128161,icons/pharmacy.png,OSM
Tanger-Tétouan-Al Hoceïma,Pharmacie Mabrouka صيدلية مبروكة,Parapharmacie,Formel,"Rue Ai Benbtaher Abih, Tanger طنجة",35.7582633,-5.8147929,icons/pharmacy.png,OSM
Tanger-Tétouan-Al Hoceïma,Pharmacie Al Kantara صيدلية القنطرة,Parapharmacie,Formel,Tanger طنجة,35.7589782,-5.8214875,icons/pharmacy.png,OSM
Tanger-Tétouan-Al Hoceïma,Pharmacie Ibn Annafis صيدلية بن النفيس,Parapharmacie,Formel,"Rue My Tahar Ben Abdelkrim Boughaz, Tanger طنجة",35.7613621,-5.8172393,icons/pharmacy.png,OSM
Tanger-Tétouan-Al Hoceïma,Pharmacie Hay Al Boughaz صيدلية حي البوغاز,Parapharmacie,Formel,Tanger طنجة,35.7611284,-5.8141052,icons/pharmacy.png,OSM
Tanger-Tétouan-Al Hoceïma,Pharmacie Mouadafine صيدلية الموظفين,Parapharmacie,Formel,Tanger طنجة,35.7587386,-5.8186058,icons/pharmacy.png,OSM
Tanger-Tétouan-Al Hoceïma,Pharmacie Préfecture Beni Makada صيدلية عمالة بني مكادة,Parapharmacie,Formel,"Rue El Hind, Tanger طنجة",35.7418415,-5.8097779,icons/pharmacy.png,OSM
Tanger-Tétouan-Al Hoceïma,Pharmacie Al Fath صيدلية الفتح,Parapharmacie,Formel,"Boulevard Royaume d'Arabie Saoudite, Tanger",35.7421352,-5.8125651,icons/pharmacy.png,OSM
Tanger-Tétouan-Al Hoceïma,Pharmacie Badr صيدلية بدر,Parapharmacie,Formel,"Rue El Hind, Tanger طنجة",35.7450738,-5.8094117,icons/pharmacy.png,OSM
Tanger-Tétouan-Al Hoceïma,Pharmacie Belkacem صيدلية بلقاسم,Parapharmacie,Formel,Tanger طنجة,35.7472566,-5.8114154,icons/pharmacy.png,OSM
Tanger-Tétouan-Al Hoceïma,Pharmacie Ouled Allal صيدلية أولاد علال,Parapharmacie,Formel,"Boulevard Royaume d'Arabie Saoudite, Tanger طنجة",35.7435833,-5.8152877,icons/pharmacy.png,OSM
Tanger-Tétouan-Al Hoceïma,Pharmacie Nouvelle الصيدلية الجديدة,Parapharmacie,Formel,"Rue 4 زنقة, Tanger طنجة",35.7573328,-5.8242892,icons/pharmacy.png,OSM
Tanger-Tétouan-Al Hoceïma,Pharmacie Al Hilal صيدلية الهلال,Parapharmacie,Formel,Tanger طنجة,35.7542749,-5.8302825,icons/pharmacy.png,OSM
Tanger-Tétouan-Al Hoceïma,Pharmacie du Nord صيدلية الشمال,Parapharmacie,Formel,Tanger طنجة,35.7584477,-5.8280272,icons/pharmacy.png,OSM
Tanger-Tétouan-Al Hoceïma,Pharmacie Anas صيدلية أنس,Parapharmacie,Formel,"Avenue El Hoceima, Tanger طنجة",35.751932,-5.8318449,icons/pharmacy.png,OSM
Tanger-Tétouan-Al Hoceïma,Pharmacie Bni Touzine صيدلية بني توزين,Parapharmacie,Formel,Tanger طنجة,35.7361164,-5.8436013,icons/pharmacy.png,OSM
Tanger-Tétouan-Al Hoceïma,Pharmacie Riad ahlen صيدلية رياض أهلا,Parapharmacie,Formel,Tanger طنجة,35.742425,-5.843168,icons/pharmacy.png,OSM
Tanger-Tétouan-Al Hoceïma,Pharmacie Sara صيدلية سارة,Parapharmacie,Formel,Tanger طنجة,35.7381529,-5.8357057,icons/pharmacy.png,OSM
Tanger-Tétouan-Al Hoceïma,Pharmacie Chems Ahlan صيدلية شمس أهلا,Parapharmacie,Formel,"Rue Al Fidae, Tanger طنجة",35.7423713,-5.8384262,icons/pharmacy.png,OSM
Tanger-Tétouan-Al Hoceïma,Grande Pharmacie Assia صيدلية اسيا الكبرى,Parapharmacie,Formel,"Boulevard Royaume d'Arabie Saoudite, Tanger طنجة",35.7444463,-5.8328432,icons/pharmacy.png,OSM
Tanger-Tétouan-Al Hoceïma,Pharmacie Al Kaoutar صيدلية الكوثر,Parapharmacie,Formel,Tanger طنجة,35.7450295,-5.8393477,icons/pharmacy.png,OSM
Tanger-Tétouan-Al Hoceïma,Pharmacie Taferssiti صيدلية تافرسيتي,Parapharmacie,Formel,"Avenue Al Afw, Tanger طنجة",35.7414332,-5.8336189,icons/pharmacy.png,OSM
Tanger-Tétouan-Al Hoceïma,Pharmacie Annasr صيدلية النصر,Parapharmacie,Formel,"Avenue Martil, Tanger طنجة",35.7504079,-5.8295296,icons/pharmacy.png,OSM
Tanger-Tétouan-Al Hoceïma,Pharmacie Beni Ouriaghel صيدلية بني ورياغل,Parapharmacie,Formel,Tanger طنجة,35.7461918,-5.8298527,icons/pharmacy.png,OSM
Tanger-Tétouan-Al Hoceïma,Pharmacie Ahlan صيدلية أهلا,Parapharmacie,Formel,"Boulevard Royaume d'Arabie Saoudite, Tanger طنجة",35.7475809,-5.8404456,icons/pharmacy.png,OSM
Tanger-Tétouan-Al Hoceïma,Pharmacie Erradi صيدلية الراضي,Parapharmacie,Formel,"Avenue Nigeria, Tanger طنجة",35.7486334,-5.8376615,icons/pharmacy.png,OSM
Tanger-Tétouan-Al Hoceïma,Pharmacie Bendibane صيدلية بن ديبن,Parapharmacie,Formel,Tanger طنجة,35.7559422,-5.8209421,icons/pharmacy.png,OSM
Tanger-Tétouan-Al Hoceïma,Pharmacie Al Firdaous صيدلية الفردوس,Parapharmacie,Formel,Tanger طنجة,35.7543733,-5.8277417,icons/pharmacy.png,OSM
Tanger-Tétouan-Al Hoceïma,Pharmacie Hay Ouarda صيدلية حي الوردة,Parapharmacie,Formel,"Avenue Moulay Ali Cherif, Tanger طنجة",35.7538142,-5.818627,icons/pharmacy.png,OSM
Tanger-Tétouan-Al Hoceïma,Pharmacie Madrid صيدلية مدريد,Parapharmacie,Formel,"Rue Iran زنقة إيران, Tanger طنجة",35.7527334,-5.8220466,icons/pharmacy.png,OSM
Tanger-Tétouan-Al Hoceïma,Pharmacie Ghailane صيدلية غيلان,Parapharmacie,Formel,"Rue Malaisie, Tanger طنجة",35.7516884,-5.8184929,icons/pharmacy.png,OSM
Tanger-Tétouan-Al Hoceïma,Pharmacie Al Mouna صيدلية المنى,Parapharmacie,Formel,Tanger,35.7491823,-5.8174646,icons/pharmacy.png,OSM
Tanger-Tétouan-Al Hoceïma,Pharmacie Al Idrissi صيدلية الإدريسي,Parapharmacie,Formel,Tanger طنجة,35.7462614,-5.8170134,icons/pharmacy.png,OSM
Tanger-Tétouan-Al Hoceïma,Pharmacie Zemzem صيدلية زمزم,Parapharmacie,Formel,Tanger,35.7460004,-5.8207251,icons/pharmacy.png,OSM
Tanger-Tétouan-Al Hoceïma,Pharmacie Al Jamae صيدلية الجامع,Parapharmacie,Formel,"Boulevard Royaume d'Arabie Saoudite, Tanger",35.7432827,-5.82036,icons/pharmacy.png,OSM
Tanger-Tétouan-Al Hoceïma,Pharmacie Ibn Toufail صيدلية بن طفيل,Parapharmacie,Formel,Tanger,35.7450041,-5.8233534,icons/pharmacy.png,OSM
Tanger-Tétouan-Al Hoceïma,Pharmacie Bir Chifae صيدلية بير الشفاء,Parapharmacie,Formel,"Boulevard Royaume d'Arabie Saoudite, Tanger",35.7428183,-5.8259495,icons/pharmacy.png,OSM
Tanger-Tétouan-Al Hoceïma,Pharmacie Avenue Koweït صيدلية شارع الكويت,Parapharmacie,Formel,Tanger طنجة,35.7393423,-5.8120831,icons/pharmacy.png,OSM
Tanger-Tétouan-Al Hoceïma,Pharmacie Zouitina صيدلية الزويتينة,Parapharmacie,Formel,Tanger,35.732901,-5.8116348,icons/pharmacy.png,OSM
Tanger-Tétouan-Al Hoceïma,Pharmacie Andalucia صيدلية الأندلسية,Parapharmacie,Formel,"Rue 1 زنقة, Tanger طنجة",35.7312268,-5.8070085,icons/pharmacy.png,OSM
Tanger-Tétouan-Al Hoceïma,Pharmacie Imam Ali صيدلية إمام علي,Parapharmacie,Formel,Tanger,35.7294235,-5.8124782,icons/pharmacy.png,OSM
Tanger-Tétouan-Al Hoceïma,Pharmacie Al Ouroud Malika صيدلية الورود مليكة,Parapharmacie,Formel,Tanger طنجة,35.7264792,-5.8093655,icons/pharmacy.png,OSM
Tanger-Tétouan-Al Hoceïma,Pharmacie El Mers صيدلية المرس,Parapharmacie,Formel,Tanger,35.7391683,-5.8252248,icons/pharmacy.png,OSM
Tanger-Tétouan-Al Hoceïma,Pharmacie Achennad صيدلية أشناد,Parapharmacie,Formel,Tanger,35.7404209,-5.8286718,icons/pharmacy.png,OSM
Tanger-Tétouan-Al Hoceïma,Pharmacie El Hadri صيدلية الحضري,Parapharmacie,Formel,Tanger,35.7360571,-5.8306417,icons/pharmacy.png,OSM
Tanger-Tétouan-Al Hoceïma,Pharmacie Bayt Al Makdisse صيدلية بيت المقدس,Parapharmacie,Formel,Tanger,35.7384796,-5.8319203,icons/pharmacy.png,OSM
Tanger-Tétouan-Al Hoceïma,Pharmacie Riad Achifaa صيدلية رياض الشفاء,Parapharmacie,Formel,Tanger,35.735227,-5.8341992,icons/pharmacy.png,OSM
Tanger-Tétouan-Al Hoceïma,Pharmacie Salama صيدلية السلامة,Parapharmacie,Formel,Tanger,35.7376483,-5.8278288,icons/pharmacy.png,OSM
Tanger-Tétouan-Al Hoceïma,Pharmacie Beni Said صيدلية بني سعيد,Parapharmacie,Formel,Tanger,35.7328169,-5.8318572,icons/pharmacy.png,OSM
Tanger-Tétouan-Al Hoceïma,Pharmacie Boughlala صيدلية بوغلالة,Parapharmacie,Formel,Tanger,35.7295632,-5.8350427,icons/pharmacy.png,OSM
Tanger-Tétouan-Al Hoceïma,Pharmacie Alharrarine صيدلية الحرارين,Parapharmacie,Formel,Tanger,35.7301164,-5.8392704,icons/pharmacy.png,OSM
Tanger-Tétouan-Al Hoceïma,Pharmacie El Mesnaoui صيدلية المسناوي,Parapharmacie,Formel,Tanger,35.7348007,-5.8274459,icons/pharmacy.png,OSM
Tanger-Tétouan-Al Hoceïma,Pharmacie Bhrayen صيدلية البحريين,Parapharmacie,Formel,Tanger,35.7323353,-5.8261185,icons/pharmacy.png,OSM
Tanger-Tétouan-Al Hoceïma,Pharmacie Complexe Al Baraka 1 صيدلية مجمع البركة,Parapharmacie,Formel,Tanger,35.731719,-5.8184442,icons/pharmacy.png,OSM
Tanger-Tétouan-Al Hoceïma,Pharmacie Ramses صيدلية رمسيس,Parapharmacie,Formel,Tanger,35.7288515,-5.8180304,icons/pharmacy.png,OSM
Tanger-Tétouan-Al Hoceïma,Pharmacie Mikou صيدلية ميكو,Parapharmacie,Formel,Tanger ⵜⵉⵏ ⵉⴳⴳⵉ طنجة,35.7248815,-5.8133417,icons/pharmacy.png,OSM
Tanger-Tétouan-Al Hoceïma,Pharmacie Tanmia صيدلية التنمية,Parapharmacie,Formel,"Route de Tétouan, Tanger طنجة",35.7374112,-5.7657254,icons/pharmacy.png,OSM
Tanger-Tétouan-Al Hoceïma,Pharmacie Rahhali صيدلية الرحالي,Parapharmacie,Formel,Tanger ⵜⵉⵏ ⵉⴳⴳⵉ طنجة,35.7401384,-5.765085,icons/pharmacy.png,OSM
Tanger-Tétouan-Al Hoceïma,Pharmacie Jihane صيدلية جيهان,Parapharmacie,Formel,"Route de Tétouan, Tanger",35.7418848,-5.7754502,icons/pharmacy.png,OSM
Tanger-Tétouan-Al Hoceïma,Pharmacie Aïn Al Jadida صيدلية عين الجديدة,Parapharmacie,Formel,Tanger,35.7461422,-5.7754259,icons/pharmacy.png,OSM
Tanger-Tétouan-Al Hoceïma,Pharmacie M'Ghogha صيدلية مغوغة,Parapharmacie,Formel,"Route de Tétouan, Tanger",35.7436011,-5.7780437,icons/pharmacy.png,OSM
Tanger-Tétouan-Al Hoceïma,Pharmacie Najah صيدلية النجاح,Parapharmacie,Formel,Tanger,35.7476996,-5.7727257,icons/pharmacy.png,OSM
Tanger-Tétouan-Al Hoceïma,Pharmacie Leila صيدلية ليلى,Parapharmacie,Formel,Tanger طنجة,35.7482953,-5.7778738,icons/pharmacy.png,OSM
Tanger-Tétouan-Al Hoceïma,Pharmacie Ali Atifi صيدلية علي العاطيفي,Parapharmacie,Formel,Tanger,35.7497991,-5.7750419,icons/pharmacy.png,OSM
Tanger-Tétouan-Al Hoceïma,Pharmacie Zone Industrielle صيدلية الحي الصناعي,Parapharmacie,Formel,"Route de Tétouan, Tanger",35.7456342,-5.7826468,icons/pharmacy.png,OSM
Tanger-Tétouan-Al Hoceïma,Pharmacie M'Ghogha Kbira صيدلية مغوغة الكبرى,Parapharmacie,Formel,Tanger,35.7506064,-5.7803861,icons/pharmacy.png,OSM
Tanger-Tétouan-Al Hoceïma,Pharmacie Taissir صيدلية التيسير,Parapharmacie,Formel,Tanger,35.7515728,-5.7870662,icons/pharmacy.png,OSM
Tanger-Tétouan-Al Hoceïma,Pharmacie Sania Malabata صيدلية السانيا ملابطا,Parapharmacie,Formel,Tanger ⵜⵉⵏ ⵉⴳⴳⵉ طنجة,35.7779244,-5.7542079,icons/pharmacy.png,OSM
Tanger-Tétouan-Al Hoceïma,Pharmacie Akalai صيدلية أكلاعي,Parapharmacie,Formel,Tanger ⵜⵉⵏ ⵉⴳⴳⵉ طنجة,35.7679127,-5.7523456,icons/pharmacy.png,OSM
Tanger-Tétouan-Al Hoceïma,Pharmacie Oued Sania صيدلية وادي السانية,Parapharmacie,Formel,Tanger ⵜⵉⵏ ⵉⴳⴳⵉ طنجة,35.7689272,-5.7571945,icons/pharmacy.png,OSM
Tanger-Tétouan-Al Hoceïma,صيدلية عيش,Parapharmacie,Formel,Tanger ⵜⵉⵏ ⵉⴳⴳⵉ طنجة,35.763499,-5.756338,icons/pharmacy.png,OSM
Tanger-Tétouan-Al Hoceïma,Pharmacie Assabr صيدلية الصبر,Parapharmacie,Formel,Tanger ⵜⵉⵏ ⵉⴳⴳⵉ طنجة,35.7581198,-5.7605838,icons/pharmacy.png,OSM
Tanger-Tétouan-Al Hoceïma,صيدلية الرضى,Parapharmacie,Formel,طنجة,35.7624593,-5.7625914,icons/pharmacy.png,OSM
Tanger-Tétouan-Al Hoceïma,Pharmacie Ben Ayad صيدلية بن عياد,Parapharmacie,Formel,"Rue Plage Kaa Asrass, Tanger",35.7704222,-5.7719122,icons/pharmacy.png,OSM
Tanger-Tétouan-Al Hoceïma,Pharmacie Perle de Méditerranée صيدلية لؤلؤة المتوسط,Parapharmacie,Formel,"Rue Plage Ain Addaib, Tanger ⵜⵉⵏ ⵉⴳⴳⵉ طنجة",35.7673647,-5.7610958,icons/pharmacy.png,OSM
Tanger-Tétouan-Al Hoceïma,Pharmacie Ibouyen صيدلية إبويين,Parapharmacie,Formel,Tanger,35.771037,-5.7649389,icons/pharmacy.png,OSM
Tanger-Tétouan-Al Hoceïma,Pharmacie Dhar El Mers صيدلية ظهر المرس,Parapharmacie,Formel,Tanger,35.7667996,-5.7650737,icons/pharmacy.png,OSM
Tanger-Tétouan-Al Hoceïma,Pharmacie Meftah El Khair صيدلية مفتاح الخير,Parapharmacie,Formel,"Rue Plage Akwasse Briech, Tanger",35.7679104,-5.7733356,icons/pharmacy.png,OSM
Tanger-Tétouan-Al Hoceïma,صيدلية البحر الابيض المتوسط,Parapharmacie,Formel,"Rue Plage Oualidia, Tanger",35.7691537,-5.7674069,icons/pharmacy.png,OSM
Tanger-Tétouan-Al Hoceïma,Pharmacie El Ghandouri صيدلية الغاندوري,Parapharmacie,Formel,Tanger ⵜⵉⵏ ⵉⴳⴳⵉ طنجة,35.7823562,-5.7612436,icons/pharmacy.png,OSM
Tanger-Tétouan-Al Hoceïma,Pharmacie Al Issrae صيدلية الإسراء,Parapharmacie,Formel,Tanger,35.7588341,-5.7864931,icons/pharmacy.png,OSM
Tanger-Tétouan-Al Hoceïma,Pharmacie Hay Benkirane صيدلية حي بنكيران,Parapharmacie,Formel,Tanger,35.7601988,-5.78885,icons/pharmacy.png,OSM
Tanger-Tétouan-Al Hoceïma,صيدلية مسجد الفتح,Parapharmacie,Formel,Tanger,35.7644754,-5.7832312,icons/pharmacy.png,OSM
Tanger-Tétouan-Al Hoceïma,Pharmacie El Alia صيدلية العالية,Parapharmacie,Formel,"Rue Ibn Al Kadi زنقة ابن القاضي, Tanger",35.7636391,-5.794075,icons/pharmacy.png,OSM
Tanger-Tétouan-Al Hoceïma,Pharmacie Palestine صيدلية فلسطين,Parapharmacie,Formel,Tanger,35.7640867,-5.7909213,icons/pharmacy.png,OSM
Tanger-Tétouan-Al Hoceïma,Pharmacie Saada صيدلية السعادة,Parapharmacie,Formel,"Route de Tétouan, Tanger",35.7632332,-5.7958386,icons/pharmacy.png,OSM
Tanger-Tétouan-Al Hoceïma,Pharmacie Charf صيدلية شرف,Parapharmacie,Formel,"Avenue Yacoub El Mansour, Tanger",35.7664721,-5.7940716,icons/pharmacy.png,OSM
Tanger-Tétouan-Al Hoceïma,Pharmacie Jardins Andalous صيدلية حدائق الأندلس,Parapharmacie,Formel,"Avenue Mohammed VI شارع محمد السادس, Tanger طنجة",35.774374,-5.7843316,icons/pharmacy.png,OSM
Tanger-Tétouan-Al Hoceïma,Pharmacie Santé City Center صيدلية الصحة سيتي سنتر,Parapharmacie,Formel,Tanger طنجة,35.7706519,-5.7823642,icons/pharmacy.png,OSM
Tanger-Tétouan-Al Hoceïma,Pharmacie de la Gare صيدلية محطة القطار,Parapharmacie,Formel,Tanger طنجة,35.7713283,-5.7858875,icons/pharmacy.png,OSM
Tanger-Tétouan-Al Hoceïma,Pharmacie Laaziza صيدلية العزيزة,Parapharmacie,Formel,"Rue Moulay Hicham, Tanger طنجة",35.772023,-5.7951018,icons/pharmacy.png,OSM
Tanger-Tétouan-Al Hoceïma,بانوراما,Café,Formel,بانوراما,35.2058054,-4.1050698,icons/cafe.png,OSM
Tanger-Tétouan-Al Hoceïma,Pharmacie Aida صيدلية عايدة,Parapharmacie,Formel,Tanger ⵜⵉⵏ ⵉⴳⴳⵉ طنجة,35.7753792,-5.7952556,icons/pharmacy.png,OSM
Tanger-Tétouan-Al Hoceïma,Pharmacie Al Andalous صيدلية الأندلس,Parapharmacie,Formel,"Boulevard Mohamed V شارع محمد الخامس, Tanger ⵜⵉⵏ ⵉⴳⴳⵉ طنجة",35.7757811,-5.8015618,icons/pharmacy.png,OSM
Tanger-Tétouan-Al Hoceïma,Pharmacie 2000 صيدلية,Parapharmacie,Formel,Tanger طنجة,35.7689607,-5.8115506,icons/pharmacy.png,OSM
Tanger-Tétouan-Al Hoceïma,Pharmacie Moulay Youssef صيدلية مولاي يوسف,Parapharmacie,Formel,"Boulevard Moulay Youssef, Tanger طنجة",35.7700159,-5.8057085,icons/pharmacy.png,OSM
Tanger-Tétouan-Al Hoceïma,Pharmacie Phardet صيدلية فارضت,Parapharmacie,Formel,"Boulevard de Fés, Tanger طنجة",35.7705717,-5.8141986,icons/pharmacy.png,OSM
Tanger-Tétouan-Al Hoceïma,Pharmacie Al Amal صيدلية الأمل,Parapharmacie,Formel,"Avenue Moulay Abdelaziz, Tanger طنجة",35.7622384,-5.8194224,icons/pharmacy.png,OSM
Tanger-Tétouan-Al Hoceïma,Pharmacie Place du Maroc صيدلية ساحة المغرب,Parapharmacie,Formel,"Avenue Moulay Abdelaziz, Tanger",35.7657382,-5.8163376,icons/pharmacy.png,OSM
Tanger-Tétouan-Al Hoceïma,Avenue Youssef Ibn Tachfine شارع يوسف بن تاشفين,Parapharmacie,Formel,"Avenue Ibn Tachfine, Tanger طنجة",35.7710518,-5.8031016,icons/pharmacy.png,OSM
Tanger-Tétouan-Al Hoceïma,Pharmacie Jade صيدلية جاد,Parapharmacie,Formel,"rue Ibn Ajroum, Tanger طنجة",35.772407,-5.8053327,icons/pharmacy.png,OSM
Tanger-Tétouan-Al Hoceïma,Pharmacie Al Farabi صيدلية الفرابي,Parapharmacie,Formel,"Avenue Omar Bnou Khattab, Tanger طنجة",35.7723097,-5.8076621,icons/pharmacy.png,OSM
Tanger-Tétouan-Al Hoceïma,Pharmacie La Wilaya صيدلية الولاية,Parapharmacie,Formel,"Avenue de la Marche Verte شارع المسيرة الخضراء, Tanger طنجة",35.7725945,-5.8113934,icons/pharmacy.png,OSM
Tanger-Tétouan-Al Hoceïma,Pharmacie Ariha صيدلية أريحا,Parapharmacie,Formel,"Boulevard Moulay Youssef, Tanger طنجة",35.771005,-5.8113856,icons/pharmacy.png,OSM
Tanger-Tétouan-Al Hoceïma,Pharmacie Jamila صيدلية جميلة,Parapharmacie,Formel,"Avenue de Fès, Tanger طنجة",35.7729531,-5.8138968,icons/pharmacy.png,OSM
Tanger-Tétouan-Al Hoceïma,Pharmacie Granada صيدلية غرناطة,Parapharmacie,Formel,"Rue Tehran, Tanger طنجة",35.7760393,-5.8080033,icons/pharmacy.png,OSM
Tanger-Tétouan-Al Hoceïma,Grande Pharmacie Zeroual صيدلية زروال الكبرى,Parapharmacie,Formel,"Avenue de Fès, Tanger طنجة",35.7760357,-5.8140097,icons/pharmacy.png,OSM
Tanger-Tétouan-Al Hoceïma,Pharmacie du Lycée صيدلية الليسي,Parapharmacie,Formel,"Rue Allal Ben Abdallah, Tanger طنجة",35.7781229,-5.8096733,icons/pharmacy.png,OSM
Tanger-Tétouan-Al Hoceïma,Grande Pharmacie Pasteur الصيدلية الكبرى باستور,Parapharmacie,Formel,"Place de France, Tanger طنجة",35.7810778,-5.8123201,icons/pharmacy.png,OSM
Tanger-Tétouan-Al Hoceïma,Pharmacie Centrale الصيدلية المركزية,Parapharmacie,Formel,"Boulevard Pasteur, Tanger طنجة",35.780116,-5.8100992,icons/pharmacy.png,OSM
Tanger-Tétouan-Al Hoceïma,Pharmacie de Paris صيدلية باريس,Parapharmacie,Formel,"Place de France, Tanger طنجة",35.78087,-5.8122742,icons/pharmacy.png,OSM
Tanger-Tétouan-Al Hoceïma,Pharmacie Ibn Rochd صيدلية بن رشد,Parapharmacie,Formel,"Rue d'Angleterre, Tanger طنجة",35.778412,-5.8191224,icons/pharmacy.png,OSM
Tanger-Tétouan-Al Hoceïma,Pharmacie M'sallah صيدلية المصلى,Parapharmacie,Formel,"Avenue Sidi Mohamed Ben Abdellah, Tanger طنجة",35.7743237,-5.8175644,icons/pharmacy.png,OSM
Tanger-Tétouan-Al Hoceïma,Pharmacie Ibn khatib صيدلية ابن الخطيب,Parapharmacie,Formel,"Avenue Docteur Faraj, Tanger طنجة",35.7753514,-5.8201833,icons/pharmacy.png,OSM
Tanger-Tétouan-Al Hoceïma,Pharmacie El Kindy صيدلية الكندي,Parapharmacie,Formel,"Avenue Haroun Errachid, Tanger طنجة",35.7730008,-5.8218784,icons/pharmacy.png,OSM
Tanger-Tétouan-Al Hoceïma,Pharmacie Val Fleuri صيدلية فال فلوري,Parapharmacie,Formel,"Boulevard Moulay Rachid شارع مولاي رشيد, Tanger طنجة",35.7769023,-5.8283848,icons/pharmacy.png,OSM
Tanger-Tétouan-Al Hoceïma,Pharmacie Bel Air صيدلية بيلير,Parapharmacie,Formel,Tanger طنجة,35.774169,-5.8261136,icons/pharmacy.png,OSM
Tanger-Tétouan-Al Hoceïma,Pharmacie Chifae صيدلية الشفاء,Parapharmacie,Formel,"Boulevard Moulay Rachid شارع مولاي رشيد, Tanger طنجة",35.7789399,-5.825752,icons/pharmacy.png,OSM
Tanger-Tétouan-Al Hoceïma,Pharmacie Souk El Bakar صيدلية سوق البقر,Parapharmacie,Formel,"Avenue Sidi Amar, Tanger طنجة",35.7790739,-5.8308461,icons/pharmacy.png,OSM
Tanger-Tétouan-Al Hoceïma,Pharmacie Mister Khouch صيدلية مستر خوش,Parapharmacie,Formel,"Avenue d'Anfa, Tanger طنجة",35.7738241,-5.8327767,icons/pharmacy.png,OSM
Tanger-Tétouan-Al Hoceïma,Pharmacie Camelia صيدلية كاميليا,Parapharmacie,Formel,"Boulevard Moulay Rachid شارع مولاي رشيد, Tanger طنجة",35.7730293,-5.8296408,icons/pharmacy.png,OSM
Tanger-Tétouan-Al Hoceïma,Pharmacie Al Imam Malik صيدلية إمام مالك,Parapharmacie,Formel,"Avenue Abou El Kacem Chrif Sebti, Tanger طنجة",35.7621172,-5.8222234,icons/pharmacy.png,OSM
Tanger-Tétouan-Al Hoceïma,Pharmacie Rabea El Adaouia صيدلية رابعة العدوية,Parapharmacie,Formel,Tanger طنجة,35.7652763,-5.824776,icons/pharmacy.png,OSM
Tanger-Tétouan-Al Hoceïma,Pharmacie Casabarata صيدلية كازاباراتا,Parapharmacie,Formel,"Avenue Moulay Hafid Ibn Abdelhafid, Tanger طنجة",35.767018,-5.8213004,icons/pharmacy.png,OSM
Tanger-Tétouan-Al Hoceïma,Pharmacie Anfa صيدلية أنفا,Parapharmacie,Formel,"Avenue Haroun Errachid, Tanger طنجة",35.7689049,-5.8171629,icons/pharmacy.png,OSM
Tanger-Tétouan-Al Hoceïma,Pharmacie Al Ghazali صيدلية الغزالي,Parapharmacie,Formel,"Avenue Haroun Errachid, Tanger طنجة",35.7697558,-5.8211379,icons/pharmacy.png,OSM
Tanger-Tétouan-Al Hoceïma,Grande Pharmacie Souani صيدلية السواني الكبرى,Parapharmacie,Formel,"Avenue d'Anfa, Tanger",35.7701548,-5.8242214,icons/pharmacy.png,OSM
Tanger-Tétouan-Al Hoceïma,Pharmacie Populaire الصيدلية الشعبية,Parapharmacie,Formel,Tanger طنجة,35.7682205,-5.8249103,icons/pharmacy.png,OSM
Tanger-Tétouan-Al Hoceïma,Grande Pharmacie Branes صيدلية برانص الكبرى,Parapharmacie,Formel,"Boulevard Faisal Ibn Abdelaziz, Tanger طنجة",35.7628519,-5.8249922,icons/pharmacy.png,OSM
Tanger-Tétouan-Al Hoceïma,Pharmacie Abi Abass Sebti صيدلية العباس السبتي,Parapharmacie,Formel,Tanger طنجة,35.7675312,-5.828763,icons/pharmacy.png,OSM
Tanger-Tétouan-Al Hoceïma,Pharmacie Inas صيدلية إيناس,Parapharmacie,Formel,"Avenue Ben Abi Zarae, Tanger طنجة",35.7599922,-5.830995,icons/pharmacy.png,OSM
Tanger-Tétouan-Al Hoceïma,Pharmacie Ibn Batouta صيدلية ابن بطوطة,Parapharmacie,Formel,"Rue Ibn Ardoune, Tanger طنجة",35.7628179,-5.8320191,icons/pharmacy.png,OSM
Tanger-Tétouan-Al Hoceïma,Pharmacie Ibn Barrajan صيدلية ابن برجان,Parapharmacie,Formel,"Rue des Cedres, Tanger طنجة",35.7577169,-5.8329304,icons/pharmacy.png,OSM
Tanger-Tétouan-Al Hoceïma,Pharmacie Atlas صيدلية أطلس,Parapharmacie,Formel,"Rue Ibn Ardoune, Tanger طنجة",35.7650926,-5.8279345,icons/pharmacy.png,OSM
Tanger-Tétouan-Al Hoceïma,Pharmacie Sanawbar صيدلية الصنوبر,Parapharmacie,Formel,"Rue des Pins, Tanger طنجة",35.7574911,-5.8369439,icons/pharmacy.png,OSM
Tanger-Tétouan-Al Hoceïma,Pharmacie Al Yasmine صيدلية الياسمين,Parapharmacie,Formel,"Avenue de Genévriers, Tanger طنجة",35.7571792,-5.8404784,icons/pharmacy.png,OSM
Tanger-Tétouan-Al Hoceïma,Pharmacie Narjiss صيدلية نرجيس,Parapharmacie,Formel,"Avenue de Genévriers, Tanger طنجة",35.7556071,-5.8344612,icons/pharmacy.png,OSM
Tanger-Tétouan-Al Hoceïma,Pharmacie Salaheddine صيدلية صلاح الدين,Parapharmacie,Formel,"Rue Fkih Ben Mekki, Tanger طنجة",35.7544787,-5.8376607,icons/pharmacy.png,OSM
Tanger-Tétouan-Al Hoceïma,Pharmacie Fayna صيدلية فاينة,Parapharmacie,Formel,"Rue Forêt Eucalyptus, Tanger طنجة",35.7607275,-5.8396831,icons/pharmacy.png,OSM
Tanger-Tétouan-Al Hoceïma,Pharmacie Abbes صيدلية عباس,Parapharmacie,Formel,Tanger طنجة,35.7562288,-5.8440432,icons/pharmacy.png,OSM
Tanger-Tétouan-Al Hoceïma,Pharmacie Arrabie صيدلية الربيع,Parapharmacie,Formel,Tanger طنجة,35.7537398,-5.8454633,icons/pharmacy.png,OSM
Tanger-Tétouan-Al Hoceïma,Pharmacie Principale الصيدلية الرئيسية,Parapharmacie,Formel,Tanger طنجة,35.7539306,-5.8416408,icons/pharmacy.png,OSM
Tanger-Tétouan-Al Hoceïma,Pharmacie Al Masjid صيدلية المسجد,Parapharmacie,Formel,Tanger طنجة,35.7520833,-5.8368547,icons/pharmacy.png,OSM
Tanger-Tétouan-Al Hoceïma,Pharmacie Moncef صيدلية منصف,Parapharmacie,Formel,"Avenue des Forces Armées Royales شارع الجيش الملكي, Tanger طنجة",35.7505782,-5.8389402,icons/pharmacy.png,OSM
Tanger-Tétouan-Al Hoceïma,Pharmacie Al Balsam صيدلية البلسم,Parapharmacie,Formel,Tanger طنجة,35.7509305,-5.842056,icons/pharmacy.png,OSM
Tanger-Tétouan-Al Hoceïma,Pharmacie Ibrahim Al Khalil صيدلية إبراهيم الخليل,Parapharmacie,Formel,Tanger طنجة,35.7461654,-5.8509652,icons/pharmacy.png,OSM
Tanger-Tétouan-Al Hoceïma,Pharmacie 6 Novembre صيدلية 6 نونبر,Parapharmacie,Formel,Tanger طنجة,35.7453486,-5.8476183,icons/pharmacy.png,OSM
Tanger-Tétouan-Al Hoceïma,Pharmacie Marjane Tanger صيدلية مرجان طنجة,Parapharmacie,Formel,"Avenue des Forces Armées Royales شارع الجيش الملكي, Tanger طنجة",35.7464496,-5.8440326,icons/pharmacy.png,OSM
Tanger-Tétouan-Al Hoceïma,Pharmacie Jnan Marjane صيدلية جنان مرجان,Parapharmacie,Formel,Tanger طنجة,35.7478223,-5.8459313,icons/pharmacy.png,OSM
Tanger-Tétouan-Al Hoceïma,Pharmacie Fleming صيدلية فلمينغ,Parapharmacie,Formel,Tanger طنجة,35.7445151,-5.8549137,icons/pharmacy.png,OSM
Tanger-Tétouan-Al Hoceïma,Pharmacie Chorafa صيدلية الشرفاء,Parapharmacie,Formel,"Boulevard Moulay Rachid شارع مولاي رشيد, Tanger طنجة",35.7475556,-5.8589924,icons/pharmacy.png,OSM
Tanger-Tétouan-Al Hoceïma,Pharmacie Al Bayrouni صيدلية البيروني,Parapharmacie,Formel,Tanger طنجة,35.7514966,-5.8479752,icons/pharmacy.png,OSM
Tanger-Tétouan-Al Hoceïma,Pharmacie Tanja Al Koubra صيدلية طنجة الكبرى,Parapharmacie,Formel,"Boulevard Moulay Rachid شارع مولاي رشيد, Tanger طنجة",35.7525128,-5.8522603,icons/pharmacy.png,OSM
Tanger-Tétouan-Al Hoceïma,Pharmacie San Francisco صيدلية سان فرانسيسكو,Parapharmacie,Formel,"Avenue Habib Bourguiba, Tanger طنجة",35.7807498,-5.8240771,icons/pharmacy.png,OSM
Tanger-Tétouan-Al Hoceïma,Pharmacie Aïn Hayani صيدلية عين الحياني,Parapharmacie,Formel,"Rue Imam Kastalani, Tanger",35.7828892,-5.8282247,icons/pharmacy.png,OSM
Tanger-Tétouan-Al Hoceïma,Pharmacie Imam Mouslim صيدلية إمام مسلم,Parapharmacie,Formel,"Rue Imam Mouslim زنقة الإمام مسلم, Tanger",35.7854093,-5.8293717,icons/pharmacy.png,OSM
Tanger-Tétouan-Al Hoceïma,Pharmacie Arrazi صيدلية الرازي,Parapharmacie,Formel,"Boulevard Moulay Rachid شارع مولاي رشيد, Tanger طنجة",35.7637104,-5.8378925,icons/pharmacy.png,OSM
Tanger-Tétouan-Al Hoceïma,Pharmacie Annajat صيدلية النجاة,Parapharmacie,Formel,"Boulevard Moulay Rachid شارع مولاي رشيد, Tanger طنجة",35.7699613,-5.831943,icons/pharmacy.png,OSM
Tanger-Tétouan-Al Hoceïma,Pharmacie Sat Filage صيدلية سات فيلاج,Parapharmacie,Formel,Tanger طنجة,35.7597607,-5.8432866,icons/pharmacy.png,OSM
Tanger-Tétouan-Al Hoceïma,Pharmacie Tarik El Moujahidin صيدلية طريق المجاهدين,Parapharmacie,Formel,"Rue Al-Moujahidine المجاهدين, Tanger طنجة",35.7699893,-5.8437546,icons/pharmacy.png,OSM
Tanger-Tétouan-Al Hoceïma,Pharmacie la Raison صيدلية النهى,Parapharmacie,Formel,Tanger طنجة,35.7671804,-5.8448185,icons/pharmacy.png,OSM
Tanger-Tétouan-Al Hoceïma,Pharmacie Al Ihssane صيدلية الإحسان,Parapharmacie,Formel,"Rue Boutrika, Tanger",35.7577533,-5.8527663,icons/pharmacy.png,OSM
Tanger-Tétouan-Al Hoceïma,Pharmacie Imam Chadili صيدلية إمام الشاذلي,Parapharmacie,Formel,Tanger,35.7558529,-5.8503253,icons/pharmacy.png,OSM
Tanger-Tétouan-Al Hoceïma,Pharmacie les Parents صيدلية الأبوين,Parapharmacie,Formel,Tanger,35.7578878,-5.8468026,icons/pharmacy.png,OSM
Tanger-Tétouan-Al Hoceïma,Pharmacie Hay Al Manar صيدلية حي المنار,Parapharmacie,Formel,Tanger,35.75959,-5.8495551,icons/pharmacy.png,OSM
Tanger-Tétouan-Al Hoceïma,Pharmacie Al Madina صيدلية المدينة,Parapharmacie,Formel,Tanger,35.7673499,-5.8528705,icons/pharmacy.png,OSM
Tanger-Tétouan-Al Hoceïma,Pharmacie Mehdia Golf صيدلية مهدية كولف,Parapharmacie,Formel,Tanger,35.7640801,-5.8518522,icons/pharmacy.png,OSM
Tanger-Tétouan-Al Hoceïma,Pharmacie Soussia صيدلية سوسية,Parapharmacie,Formel,Tanger,35.7618138,-5.8535855,icons/pharmacy.png,OSM
Tanger-Tétouan-Al Hoceïma,Pharmacie Al Kawacim صيدلية القواسم,Parapharmacie,Formel,Tanger,35.7651065,-5.8554297,icons/pharmacy.png,OSM
Tanger-Tétouan-Al Hoceïma,Pharmacie Chair صيدلية الشاعر,Parapharmacie,Formel,Tanger طنجة,35.7626331,-5.8448568,icons/pharmacy.png,OSM
Tanger-Tétouan-Al Hoceïma,Pharmacie Masjid Al Mouhit صيدلية مسجد المحيط,Parapharmacie,Formel,Tanger,35.7621074,-5.8485761,icons/pharmacy.png,OSM
Tanger-Tétouan-Al Hoceïma,Pharmacie Bouarraquia صيدلية بوعراقية,Parapharmacie,Formel,"Avenue Hassan II شارع الحسن الثاني, Tanger طنجة",35.7825789,-5.8179886,icons/pharmacy.png,OSM
Tanger-Tétouan-Al Hoceïma,Pharmacie Khosafat صيدلية خوصافات,Parapharmacie,Formel,"Avenue Hassan I, Tanger طنجة",35.7857958,-5.8161579,icons/pharmacy.png,OSM
Tanger-Tétouan-Al Hoceïma,Pharmacie Ibn Sina صيدلية ابن سينا,Parapharmacie,Formel,"Avenue Hassan II شارع الحسن الثاني, Tanger طنجة",35.7866173,-5.820818,icons/pharmacy.png,OSM
Tanger-Tétouan-Al Hoceïma,Pharmacie Brooks صيدلية بروكس,Parapharmacie,Formel,"Rue de Grenade زنقة غرناطة, Tánger طنجة",35.7839198,-5.8214788,icons/pharmacy.png,OSM
Tanger-Tétouan-Al Hoceïma,Pharmacie Tingis صيدلية طنجيس,Parapharmacie,Formel,"Rue Imam Mouslim زنقة الإمام مسلم, Tanger طنجة",35.7855828,-5.8255958,icons/pharmacy.png,OSM
Tanger-Tétouan-Al Hoceïma,Pharmacie Dina صيدلية دينا,Parapharmacie,Formel,"Rue Imam Mouslim زنقة الإمام مسلم, Tanger",35.7860886,-5.833369,icons/pharmacy.png,OSM
Tanger-Tétouan-Al Hoceïma,Pharmacie Masjid Marchan صيدلية مسجد مرشان,Parapharmacie,Formel,"Avenue des U.S.A, Tanger ⵜⵉⵏ ⵉⴳⴳⵉ طنجة",35.7899845,-5.8267794,icons/pharmacy.png,OSM
Tanger-Tétouan-Al Hoceïma,Pharmacie Lamtafi صيدلية لمطافي,Parapharmacie,Formel,Tanger ⵜⵉⵏ ⵉⴳⴳⵉ طنجة,35.78827,-5.824861,icons/pharmacy.png,OSM
Tanger-Tétouan-Al Hoceïma,Pharmacie Sabila Jmaa صيدلية سبيلة الجماعة,Parapharmacie,Formel,Tanger,35.7884394,-5.8293661,icons/pharmacy.png,OSM
Tanger-Tétouan-Al Hoceïma,Pharmacie du Golf صيدلية الكولف,Parapharmacie,Formel,Tanger,35.775918,-5.8548297,icons/pharmacy.png,OSM
Tanger-Tétouan-Al Hoceïma,Pharmacie Biladi صيدلية بلادي,Parapharmacie,Formel,Tanger,35.7672315,-5.8480077,icons/pharmacy.png,OSM
Tanger-Tétouan-Al Hoceïma,Pharmacie Al Moujahidine صيدلية المجاهدين,Parapharmacie,Formel,Tanger,35.777783,-5.836847,icons/pharmacy.png,OSM
Tanger-Tétouan-Al Hoceïma,Pharmacie Al Amana صيدلية الأمانة,Parapharmacie,Formel,Tanger ⵜⵉⵏ ⵉⴳⴳⵉ طنجة,35.7340065,-5.8765255,icons/pharmacy.png,OSM
Tanger-Tétouan-Al Hoceïma,Pharmacie Laaouini Ziaten صيدلية لعويني زياتن,Parapharmacie,Formel,Tanger ⵜⵉⵏ ⵉⴳⴳⵉ طنجة,35.7445149,-5.8753381,icons/pharmacy.png,OSM
Tanger-Tétouan-Al Hoceïma,Pharmacie Moustaghfir صيدلية مستغفر,Parapharmacie,Formel,Tanger,35.7449201,-5.8668848,icons/pharmacy.png,OSM
Tanger-Tétouan-Al Hoceïma,Pharmacie Hay Al Inara صيدلية حي الإنارة,Parapharmacie,Formel,Tanger,35.7511089,-5.862102,icons/pharmacy.png,OSM
Tanger-Tétouan-Al Hoceïma,Pharmacie Branes Kedima صيدلية البرانص القديمة,Parapharmacie,Formel,Tanger ⵜⵉⵏ ⵉⴳⴳⵉ طنجة,35.7451901,-5.8698033,icons/pharmacy.png,OSM
Tanger-Tétouan-Al Hoceïma,Pharmacie Safae صيدلية صفاء,Parapharmacie,Formel,Tanger ⵜⵉⵏ ⵉⴳⴳⵉ طنجة,35.7463176,-5.8685989,icons/pharmacy.png,OSM
Tanger-Tétouan-Al Hoceïma,Pharmacie Jebari صيدلية جباري,Parapharmacie,Formel,Tanger,35.7521693,-5.8662906,icons/pharmacy.png,OSM
Tanger-Tétouan-Al Hoceïma,Pharmacie Al Fajr صيدلية الفجر,Parapharmacie,Formel,Tanger,35.7521548,-5.8593719,icons/pharmacy.png,OSM
Tanger-Tétouan-Al Hoceïma,Pharmacie Massira صيدلية المسيرة,Parapharmacie,Formel,Tanger,35.7538793,-5.8623402,icons/pharmacy.png,OSM
Tanger-Tétouan-Al Hoceïma,Pharmacie Omar Ibn Khattab صيدلية عمر بن الخطاب,Parapharmacie,Formel,Tanger,35.7586635,-5.8592846,icons/pharmacy.png,OSM
Tanger-Tétouan-Al Hoceïma,Pharmacie Riad صيدلية رياض,Parapharmacie,Formel,Tanger,35.7585043,-5.8562332,icons/pharmacy.png,OSM
Tanger-Tétouan-Al Hoceïma,Pharmacie Sofia صيدلية صوفيا,Parapharmacie,Formel,Tanger,35.7611902,-5.8579653,icons/pharmacy.png,OSM
Tanger-Tétouan-Al Hoceïma,Pharmacie Assafwa صيدلية الصفوة,Parapharmacie,Formel,Tanger,35.7658498,-5.8587418,icons/pharmacy.png,OSM
Tanger-Tétouan-Al Hoceïma,Pharmacie Ataallah صيدلية عطاء الله,Parapharmacie,Formel,Tanger,35.7684604,-5.8626016,icons/pharmacy.png,OSM
Tanger-Tétouan-Al Hoceïma,Pharmacie Ouahid صيدلية وحيد,Parapharmacie,Formel,Tanger,35.75654,-5.8558273,icons/pharmacy.png,OSM
Tanger-Tétouan-Al Hoceïma,Pharmacie Hadia صيدلية هادية,Parapharmacie,Formel,Tanger,35.7628826,-5.8607103,icons/pharmacy.png,OSM
Tanger-Tétouan-Al Hoceïma,Pharmacie Mesnana صيدلية مسنانة,Parapharmacie,Formel,Tanger,35.7547239,-5.854767,icons/pharmacy.png,OSM
Tanger-Tétouan-Al Hoceïma,Pharmacie Al Boustane صيدلية البستان,Parapharmacie,Formel,Tanger,35.7765719,-5.8611405,icons/pharmacy.png,OSM
Tanger-Tétouan-Al Hoceïma,Pharmacie Boubana صيدلية بوبانة,Parapharmacie,Formel,Tanger,35.7716019,-5.8606245,icons/pharmacy.png,OSM
Tanger-Tétouan-Al Hoceïma,Pharmacie Arrahman صيدلية الرحمان,Parapharmacie,Formel,Tanger,35.7740954,-5.8638288,icons/pharmacy.png,OSM
Tanger-Tétouan-Al Hoceïma,Pharmacie Banafsaj صيدلية البنفسج,Parapharmacie,Formel,"Rue Banafsaj, Tanger",35.7875254,-5.8352893,icons/pharmacy.png,OSM
Tanger-Tétouan-Al Hoceïma,Pharmacie Jamaâ Mekraa صيدلية جامع مقراع,Parapharmacie,Formel,Tanger,35.7864143,-5.8433979,icons/pharmacy.png,OSM
Tanger-Tétouan-Al Hoceïma,Pharmacie Al Boughaz صيدلية البوغاز,Parapharmacie,Formel,"Rue du Mexique, Tanger طنجة",35.7799508,-5.81575,icons/pharmacy.png,OSM
Tanger-Tétouan-Al Hoceïma,Pharmacie Al Azhar صيدلية الأزهر,Parapharmacie,Formel,Tanger طنجة,35.7550766,-5.8244489,icons/pharmacy.png,OSM
Tanger-Tétouan-Al Hoceïma,Pharmacie Bismillah صيدلية بسم الله,Parapharmacie,Formel,"Avenue Idriss Premier, Tanger طنجة",35.7717161,-5.7993335,icons/pharmacy.png,OSM
Tanger-Tétouan-Al Hoceïma,Pharmacie California صيدلية كليفورنيا,Parapharmacie,Formel,"Rue Banafsaj, Tanger",35.7816672,-5.8423394,icons/pharmacy.png,OSM
Tanger-Tétouan-Al Hoceïma,Pharmacie El Houda صيدلية الهدى,Parapharmacie,Formel,"Rue Hassan Dakhil, Tanger طنجة",35.7711507,-5.8232056,icons/pharmacy.png,OSM
Tanger-Tétouan-Al Hoceïma,Pharmacie Tarik Ben Ziad صيدلية طارق بن زياد,Parapharmacie,Formel,"Boulevard Mohamed V شارع محمد الخامس, Tanger ⵟⴰⵏⵊⴰ طنجة",35.7772935,-5.8049326,icons/pharmacy.png,OSM
Tanger-Tétouan-Al Hoceïma,Pharmacie Imam Nafie صيدلية الإمام نافع,Parapharmacie,Formel,"Rue 12 زنقة, Tanger طنجة",35.7489299,-5.8055346,icons/pharmacy.png,OSM
Tanger-Tétouan-Al Hoceïma,Pharmacie les Palmiers صيدلية النخيل,Parapharmacie,Formel,"Rue Antaki, Tanger طنجة",35.780345,-5.8055711,icons/pharmacy.png,OSM
Tanger-Tétouan-Al Hoceïma,Pharmacie Khalil صيدلية خليل,Parapharmacie,Formel,Tanger طنجة,35.7500235,-5.8337293,icons/pharmacy.png,OSM
Tanger-Tétouan-Al Hoceïma,Pharmacie Lalla Chafia صيدلية لالة شافية,Parapharmacie,Formel,"Rue Goutbourg, Tanger طنجة",35.7714855,-5.8172455,icons/pharmacy.png,OSM
Tanger-Tétouan-Al Hoceïma,Pharmacie Mabrouki صيدلية مبروكي,Parapharmacie,Formel,"Avenue Moulay Ali Cherif, Tanger طنجة",35.7538772,-5.813321,icons/pharmacy.png,OSM
Tanger-Tétouan-Al Hoceïma,Pharmacie Marché de Gros Aouama صيدلية سوق الجملة,Parapharmacie,Formel,Tanger,35.749872,-5.7943847,icons/pharmacy.png,OSM
Tanger-Tétouan-Al Hoceïma,Pharmacie Ouahabi صيدلية الوهابي,Parapharmacie,Formel,Tanger,35.7813974,-5.8465746,icons/pharmacy.png,OSM
Tanger-Tétouan-Al Hoceïma,Pharmacie Souk M'Sallah صيدلية سوق المصلى,Parapharmacie,Formel,Tanger طنجة,35.7578434,-5.8120675,icons/pharmacy.png,OSM
Tanger-Tétouan-Al Hoceïma,La Fluka de Cabo By Le Port,Restaurant,Formel,"Route de Martil, Cabo Negro, Martil",35.6606107,-5.2925003,icons/restaurant.png,OSM
Tanger-Tétouan-Al Hoceïma,Grande Pharmacie Malabata صيدلية ملاباطا الكبرى,Parapharmacie,Formel,Tanger طنجة,35.7757341,-5.7770016,icons/pharmacy.png,OSM
Tanger-Tétouan-Al Hoceïma,Pharmacie Al Khair صيدلية الخير,Parapharmacie,Formel,Tanger طنجة,35.7498628,-5.82063,icons/pharmacy.png,OSM
Tanger-Tétouan-Al Hoceïma,قهوة الشعيري,Café,Formel,قهوة الشعيري,35.5834606,-5.3327635,icons/cafe.png,OSM
Tanger-Tétouan-Al Hoceïma,مقهى ومطع بوعنان (شنشانة),Café,Formel,مقهى ومطع بوعنان (شنشانة),35.5471473,-5.3793633,icons/cafe.png,OSM
Tanger-Tétouan-Al Hoceïma,مقهى مال كاتي,Café,Formel,مقهى مال كاتي,35.5474307,-5.3794783,icons/cafe.png,OSM
Tanger-Tétouan-Al Hoceïma,Pharmacie Centrale الصيدلية المركزية,Parapharmacie,Formel,"Avenue Sidi Abdelhmid شارع سيدي عبد الحميد, Chefchaouen ⵜⵛⴻⴼⵜⵛⴰⵡⴻⵏ شفشاون",35.1767427,-5.2732192,icons/pharmacy.png,OSM
Tanger-Tétouan-Al Hoceïma,طوم يام,Restaurant,Formel,Rue Youssoufiya,35.7769645,-5.805336,icons/restaurant.png,OSM
Tanger-Tétouan-Al Hoceïma,Farmacia Militar,Parapharmacie,Formel,"Avenida Doctor Marañón, Ceuta",35.8808742,-5.3289845,icons/pharmacy.png,OSM
Tanger-Tétouan-Al Hoceïma,Burger King,Restaurant,Formel,Burger King,35.1704941,-6.1223944,icons/restaurant.png,OSM
Tanger-Tétouan-Al Hoceïma,Toda crepes juice and ice cream,Restaurant,Formel,Toda crepes juice and ice cream,35.1702425,-5.2595349,icons/restaurant.png,OSM
Tanger-Tétouan-Al Hoceïma,Azur,Restaurant,Formel,Azur,35.7894634,-5.8137454,icons/restaurant.png,OSM
Tanger-Tétouan-Al Hoceïma,Boulangerie sans nom,Boulangerie,Formel,"Avenue Moulay Idriss 1, Mechra Bel Ksiri",34.5779668,-5.9447129,icons/bakery.png,OSM
Tanger-Tétouan-Al Hoceïma,Café sans nom,Café,Formel,Mechra Bel Ksiri,34.5773313,-5.9545293,icons/cafe.png,OSM
Tanger-Tétouan-Al Hoceïma,Café Lina,Café,Formel,"Avenue Moulay Idriss 1, Mechra Bel Ksiri",34.5778811,-5.9476395,icons/cafe.png,OSM
Tanger-Tétouan-Al Hoceïma,Café El Falah,Café,Formel,Mechra Bel Ksiri,34.5788682,-5.9491241,icons/cafe.png,OSM
Tanger-Tétouan-Al Hoceïma,Café restaurant du Gharb,Restaurant,Formel,Café restaurant du Gharb,34.5223549,-6.322354,icons/restaurant.png,OSM
Tanger-Tétouan-Al Hoceïma,Farmacia Morte Ceuta,Parapharmacie,Formel,Ceuta,35.8900813,-5.3342294,icons/pharmacy.png,OSM
Tanger-Tétouan-Al Hoceïma,Cafetería - Cervecería Pat & Chris,Café,Formel,Cafetería - Cervecería Pat & Chris,35.888312,-5.3147841,icons/cafe.png,OSM
Tanger-Tétouan-Al Hoceïma,Anass,Restaurant,Formel,Anass,34.8767598,-6.2894697,icons/restaurant.png,OSM
Tanger-Tétouan-Al Hoceïma,Lac des Flamants,Restaurant,Formel,Lac des Flamants,34.8772569,-6.2899727,icons/restaurant.png,OSM
Tanger-Tétouan-Al Hoceïma,Al Abrar,Café,Formel,Al Abrar,34.877364,-6.2891415,icons/cafe.png,OSM
Tanger-Tétouan-Al Hoceïma,Supérette / Mini-market sans nom,Supérette / Mini-market,Formel,Supérette / Mini-market sans nom,34.8771534,-6.2915587,icons/convenience.png,OSM
Tanger-Tétouan-Al Hoceïma,Triana,Restaurant,Formel,Triana,35.1682542,-5.2605218,icons/restaurant.png,OSM
Tanger-Tétouan-Al Hoceïma,Restaurant sans nom,Restaurant,Formel,Restaurant sans nom,35.1672284,-5.2633577,icons/restaurant.png,OSM
Tanger-Tétouan-Al Hoceïma,Café sans nom,Café,Formel,Café sans nom,35.548033,-5.3731086,icons/cafe.png,OSM
Tanger-Tétouan-Al Hoceïma,Restaurant sans nom,Restaurant,Formel,Rue de Grenade زنقة غرناطة,35.7837687,-5.8207603,icons/restaurant.png,OSM
Tanger-Tétouan-Al Hoceïma,Café sans nom,Café,Formel,Avenue Sidi Mohamed Ben Abdellah,35.7817277,-5.8206491,icons/cafe.png,OSM
Tanger-Tétouan-Al Hoceïma,Restaurant sans nom,Restaurant,Formel,Avenue Sidi Mohamed Ben Abdellah,35.7793089,-5.819952,icons/restaurant.png,OSM
Tanger-Tétouan-Al Hoceïma,Restaurant sans nom,Restaurant,Formel,Avenue Sidi Amar,35.7797267,-5.8255269,icons/restaurant.png,OSM
Tanger-Tétouan-Al Hoceïma,Supermarché sans nom,Supermarché,Formel,Supermarché sans nom,35.7818626,-5.8238472,icons/supermarket.png,OSM
Tanger-Tétouan-Al Hoceïma,Boulangerie sans nom,Boulangerie,Formel,Boulangerie sans nom,35.7826237,-5.8213949,icons/bakery.png,OSM
Tanger-Tétouan-Al Hoceïma,Café sans nom,Café,Formel,Rue Allal Ben Abdallah,35.7784243,-5.8085914,icons/cafe.png,OSM
Tanger-Tétouan-Al Hoceïma,Restaurant sans nom,Restaurant,Formel,Rue Ben Abou,35.7882162,-5.8122184,icons/restaurant.png,OSM
Tanger-Tétouan-Al Hoceïma,AFTER NIGHT,Restaurant,Formel,"Avenue Mohammed VI شارع محمد السادس, Tangier",35.7746171,-5.7855688,icons/restaurant.png,OSM
Tanger-Tétouan-Al Hoceïma,Restaurant sans nom,Restaurant,Formel,Restaurant sans nom,35.7768567,-5.802682,icons/restaurant.png,OSM
Tanger-Tétouan-Al Hoceïma,Restaurant sans nom,Restaurant,Formel,Restaurant sans nom,35.7750727,-5.7857862,icons/restaurant.png,OSM
Tanger-Tétouan-Al Hoceïma,Restaurant sans nom,Restaurant,Formel,Restaurant sans nom,35.77624,-5.7956931,icons/restaurant.png,OSM
Tanger-Tétouan-Al Hoceïma,Restaurant sans nom,Restaurant,Formel,Restaurant sans nom,35.7896265,-5.7563388,icons/restaurant.png,OSM
Tanger-Tétouan-Al Hoceïma,Café sans nom,Café,Formel,Café sans nom,35.7716411,-5.7862982,icons/cafe.png,OSM
Tanger-Tétouan-Al Hoceïma,Supermarché sans nom,Supermarché,Formel,Supermarché sans nom,35.7751827,-5.7991576,icons/supermarket.png,OSM
Tanger-Tétouan-Al Hoceïma,Supermarché sans nom,Supermarché,Formel,Supermarché sans nom,35.7791281,-5.808071,icons/supermarket.png,OSM
Tanger-Tétouan-Al Hoceïma,Restaurant sans nom,Restaurant,Formel,Rue Al Moutanabbi,35.7798947,-5.8114485,icons/restaurant.png,OSM
Tanger-Tétouan-Al Hoceïma,Le chriringuito Beach By l'Océan Restaurant,Restaurant,Formel,"Face au Restaurant de l'Océan, Tanger طنجة",35.7451314,-5.9409931,icons/restaurant.png,OSM
Tanger-Tétouan-Al Hoceïma,La terraza de la medina,Restaurant,Formel,Rue Bab El Assa,35.7878147,-5.8120069,icons/restaurant.png,OSM
Tanger-Tétouan-Al Hoceïma,Restaurant sans nom,Restaurant,Formel,Restaurant sans nom,35.7819328,-5.8120093,icons/restaurant.png,OSM
Tanger-Tétouan-Al Hoceïma,Casa Pepe El Oceano,Restaurant,Formel,Casa Pepe El Oceano,35.4665782,-6.0358341,icons/restaurant.png,OSM
Tanger-Tétouan-Al Hoceïma,Restaurant sans nom,Restaurant,Formel,Restaurant sans nom,35.4698383,-6.0309712,icons/restaurant.png,OSM
Tanger-Tétouan-Al Hoceïma,Café Azouhour,Café,Formel,Café Azouhour,34.6800817,-5.2548748,icons/cafe.png,OSM
Tanger-Tétouan-Al Hoceïma,Les Fils du Détroit,Café,Formel,Les Fils du Détroit,35.7881665,-5.8123052,icons/cafe.png,OSM
Tanger-Tétouan-Al Hoceïma,Patisserie la montagne verde,Boulangerie,Formel,Patisserie la montagne verde,35.7884402,-5.8157607,icons/bakery.png,OSM
Tanger-Tétouan-Al Hoceïma,صيدلية,Parapharmacie,Formel,صيدلية,35.5730265,-5.3749463,icons/pharmacy.png,OSM
Tanger-Tétouan-Al Hoceïma,TOPS,Boutique de confiserie,Informel,TOPS,35.8878739,-5.3162343,icons/confectionery.png,OSM
Tanger-Tétouan-Al Hoceïma,El Faro del Estrecho,Boulangerie,Formel,El Faro del Estrecho,35.8915428,-5.3192346,icons/bakery.png,OSM
Tanger-Tétouan-Al Hoceïma,Mona Lisa,Café,Formel,Mona Lisa,35.8913225,-5.3186866,icons/cafe.png,OSM
Tanger-Tétouan-Al Hoceïma,Pharmacie Tufarma,Parapharmacie,Formel,"boukhalf, Tanger طنجة",35.7348371,-5.8897012,icons/pharmacy.png,OSM
Tanger-Tétouan-Al Hoceïma,RESTAURANT CITE UNIVERSITAIRE,Restaurant,Formel,"boukhalf, Tanger طنجة",35.7360897,-5.8903672,icons/restaurant.png,OSM
Tanger-Tétouan-Al Hoceïma,Dulce Paladar,Boutique de confiserie,Informel,Dulce Paladar,35.8872645,-5.3134042,icons/confectionery.png,OSM
Tanger-Tétouan-Al Hoceïma,Mariano Catarecha,Restaurant,Formel,Mariano Catarecha,35.8877202,-5.3117272,icons/restaurant.png,OSM
Tanger-Tétouan-Al Hoceïma,Mizzian,Café,Formel,Mizzian,35.8872533,-5.3132175,icons/cafe.png,OSM
Tanger-Tétouan-Al Hoceïma,Rick Rock,Supérette / Mini-market,Formel,Rick Rock,35.8872471,-5.3131098,icons/convenience.png,OSM
Tanger-Tétouan-Al Hoceïma,El Puente,Restaurant,Formel,El Puente,35.8884788,-5.3132579,icons/restaurant.png,OSM
Tanger-Tétouan-Al Hoceïma,Sat Gurú,Supérette / Mini-market,Formel,Sat Gurú,35.8880579,-5.312594,icons/convenience.png,OSM
Tanger-Tétouan-Al Hoceïma,Universe of Activty Enterprise,Supérette / Mini-market,Formel,Universe of Activty Enterprise,35.8882091,-5.3123413,icons/convenience.png,OSM
Tanger-Tétouan-Al Hoceïma,Gran Muralla,Restaurant,Formel,Gran Muralla,35.8880031,-5.3126653,icons/restaurant.png,OSM
Tanger-Tétouan-Al Hoceïma,Bazar Alia,Supérette / Mini-market,Formel,Bazar Alia,35.8881009,-5.3132304,icons/convenience.png,OSM
Tanger-Tétouan-Al Hoceïma,Kiosque sans nom,Kiosque,Informel,Kiosque sans nom,35.8880636,-5.3136406,icons/kiosk.png,OSM
Tanger-Tétouan-Al Hoceïma,Palacio Ghandi,Supérette / Mini-market,Formel,Palacio Ghandi,35.8881029,-5.3131373,icons/convenience.png,OSM
Tanger-Tétouan-Al Hoceïma,El y Ella,Restaurant,Formel,El y Ella,35.8880643,-5.3137985,icons/restaurant.png,OSM
Tanger-Tétouan-Al Hoceïma,Carrefour Express,Supérette / Mini-market,Formel,Carrefour Express,35.8870519,-5.3123136,icons/convenience.png,OSM
Tanger-Tétouan-Al Hoceïma,Asador Los Jardines,Restaurant,Formel,Asador Los Jardines,35.8899919,-5.3198984,icons/restaurant.png,OSM
Tanger-Tétouan-Al Hoceïma,Manhattan,Café,Formel,Manhattan,35.8913895,-5.3188513,icons/cafe.png,OSM
Tanger-Tétouan-Al Hoceïma,Centro Gallego,Restaurant,Formel,Centro Gallego,35.8894369,-5.3193219,icons/restaurant.png,OSM
Tanger-Tétouan-Al Hoceïma,Anisa,Café,Formel,"boukhalef, Tanger طنجة",35.7341637,-5.8862989,icons/cafe.png,OSM
Tanger-Tétouan-Al Hoceïma,Domahana,Restaurant,Formel,Domahana,35.7923043,-5.866446,icons/restaurant.png,OSM
Tanger-Tétouan-Al Hoceïma,Tarifa rmilat,Restaurant,Formel,Tarifa rmilat,35.7923001,-5.8663711,icons/restaurant.png,OSM
Tanger-Tétouan-Al Hoceïma,Restaurant sans nom,Restaurant,Formel,Restaurant sans nom,35.7872822,-5.8648332,icons/restaurant.png,OSM
Tanger-Tétouan-Al Hoceïma,El Lucas,Restaurant,Formel,El Lucas,35.8852798,-5.3228652,icons/restaurant.png,OSM
Tanger-Tétouan-Al Hoceïma,Dar Ben Salam,Café,Formel,Dar Ben Salam,35.0496457,-5.3512316,icons/cafe.png,OSM
Tanger-Tétouan-Al Hoceïma,APIA Restaurant & Shop,Restaurant,Formel,APIA Restaurant & Shop,34.8342516,-5.543253,icons/restaurant.png,OSM
Tanger-Tétouan-Al Hoceïma,Café Oum Kolthoum,Café,Formel,Café Oum Kolthoum,35.7627338,-5.8390038,icons/cafe.png,OSM
Tanger-Tétouan-Al Hoceïma,Restaurant sans nom,Restaurant,Formel,Restaurant sans nom,35.1671907,-5.2644824,icons/restaurant.png,OSM
Tanger-Tétouan-Al Hoceïma,Café Carrion,Café,Formel,Café Carrion,34.7967721,-5.5797502,icons/cafe.png,OSM
Tanger-Tétouan-Al Hoceïma,Le coin,Restaurant,Formel,Le coin,35.1682553,-5.2650767,icons/restaurant.png,OSM
Tanger-Tétouan-Al Hoceïma,Café Terrassa,Café,Formel,Café Terrassa,35.1708828,-5.2577717,icons/cafe.png,OSM
Tanger-Tétouan-Al Hoceïma,Restaurant,Restaurant,Formel,Restaurant,34.9137304,-4.5693152,icons/restaurant.png,OSM
Tanger-Tétouan-Al Hoceïma,Buena vista,Restaurant,Formel,Buena vista,35.1937448,-4.6483463,icons/restaurant.png,OSM
Tanger-Tétouan-Al Hoceïma,Vista Mar,Restaurant,Formel,Vista Mar,35.1938253,-4.6482388,icons/restaurant.png,OSM
Tanger-Tétouan-Al Hoceïma,L'Ocean,Restaurant,Formel,L'Ocean,35.745065,-5.9393121,icons/restaurant.png,OSM
Tanger-Tétouan-Al Hoceïma,Rahmouni Délice Restaurant,Restaurant,Formel,Rahmouni Délice Restaurant,35.7776649,-5.8076293,icons/restaurant.png,OSM
Tanger-Tétouan-Al Hoceïma,Restaurant sans nom,Restaurant,Formel,Restaurant sans nom,35.7719012,-5.8046371,icons/restaurant.png,OSM
Tanger-Tétouan-Al Hoceïma,Café sans nom,Café,Formel,Café sans nom,35.7708931,-5.8080681,icons/cafe.png,OSM
Tanger-Tétouan-Al Hoceïma,Café sans nom,Café,Formel,Café sans nom,35.7838794,-5.8134768,icons/cafe.png,OSM
Tanger-Tétouan-Al Hoceïma,Galito’s,Restaurant,Formel,Galito’s,35.1672868,-5.2622314,icons/restaurant.png,OSM
Tanger-Tétouan-Al Hoceïma,مقهى يونس ,Café,Formel,مقهى يونس ,34.6199789,-4.8492742,icons/cafe.png,OSM
Tanger-Tétouan-Al Hoceïma,Restaurant sans nom,Restaurant,Formel,Restaurant sans nom,35.4341856,-5.6452911,icons/restaurant.png,OSM
Tanger-Tétouan-Al Hoceïma,مقهى النسيم,Café,Formel,مقهى النسيم,34.6185034,-4.8505653,icons/cafe.png,OSM
Tanger-Tétouan-Al Hoceïma,مقهى,Café,Formel,مقهى,34.6204047,-4.849185,icons/cafe.png,OSM
Tanger-Tétouan-Al Hoceïma,Snack Reda,Restaurant,Formel,Avenue Al Wahda Ain Haoudi,35.1770903,-5.2737411,icons/restaurant.png,OSM
Tanger-Tétouan-Al Hoceïma,قهوة غادي,Café,Formel,قهوة غادي,35.460348,-6.0369863,icons/cafe.png,OSM
Tanger-Tétouan-Al Hoceïma,Restaurant Chourafa,Restaurant,Formel,Rue Assaida Alhorra,35.1682226,-5.2643571,icons/restaurant.png,OSM
Tanger-Tétouan-Al Hoceïma,مقهى و مطعم,Restaurant,Formel,مقهى و مطعم,34.6370662,-4.921294,icons/restaurant.png,OSM
Tanger-Tétouan-Al Hoceïma,Cafeteria Gibraltar,Café,Formel,Cafeteria Gibraltar,35.4607934,-6.0382238,icons/cafe.png,OSM
Tanger-Tétouan-Al Hoceïma,Épicerie sans nom,Épicerie,Informel,Épicerie sans nom,35.453982,-6.0359895,icons/greengrocer.png,OSM
Tanger-Tétouan-Al Hoceïma,Restaurant sans nom,Restaurant,Formel,Restaurant sans nom,35.887214,-5.3156725,icons/restaurant.png,OSM
Tanger-Tétouan-Al Hoceïma,Carrefour Market,Supermarché,Formel,Carrefour Market,35.7826516,-5.8196425,icons/supermarket.png,OSM
Tanger-Tétouan-Al Hoceïma,Mr. Tacos,Restaurant,Formel,Avenue de Fès,35.7731981,-5.8140384,icons/restaurant.png,OSM
Tanger-Tétouan-Al Hoceïma,Alma Kitchen & Coffee,Café,Formel,Rue Antaki,35.7776313,-5.8044625,icons/cafe.png,OSM
Tanger-Tétouan-Al Hoceïma,Chili’s Tangier,Restaurant,Formel,Avenue Ludwig Van Beethoven,35.77367,-5.8010564,icons/restaurant.png,OSM
Tanger-Tétouan-Al Hoceïma,Smash & Bun,Restaurant,Formel,Avenue Mohammed VI شارع محمد السادس,35.780381,-5.805445,icons/restaurant.png,OSM
Tanger-Tétouan-Al Hoceïma,Café sans nom,Café,Formel,Café sans nom,35.7890831,-5.8127791,icons/cafe.png,OSM
Tanger-Tétouan-Al Hoceïma,Hanout,Supérette / Mini-market,Formel,Hanout,35.7323268,-5.8058038,icons/convenience.png,OSM
Tanger-Tétouan-Al Hoceïma,Supérette / Mini-market sans nom,Supérette / Mini-market,Formel,Supérette / Mini-market sans nom,35.732081,-5.8077376,icons/convenience.png,OSM
Tanger-Tétouan-Al Hoceïma,Chiringuito,Restaurant,Formel,Chiringuito,35.8101514,-5.3514058,icons/restaurant.png,OSM
Tanger-Tétouan-Al Hoceïma,Akchour View Point,Restaurant,Formel,Akchour View Point,35.2384582,-5.1808688,icons/restaurant.png,OSM
Tanger-Tétouan-Al Hoceïma,ABM DISTRIBUTION,Supermarché,Formel,ABM DISTRIBUTION,35.5574278,-5.4140576,icons/supermarket.png,OSM
Tanger-Tétouan-Al Hoceïma,Supermarché sans nom,Supermarché,Formel,Supermarché sans nom,35.119426,-4.3196911,icons/supermarket.png,OSM
Tanger-Tétouan-Al Hoceïma,Restaurant sans nom,Restaurant,Formel,Restaurant sans nom,35.5812355,-5.3566718,icons/restaurant.png,OSM
Tanger-Tétouan-Al Hoceïma,Cafes Porto Rico,Café,Formel,Cafes Porto Rico,35.7846184,-5.8114946,icons/cafe.png,OSM
Tanger-Tétouan-Al Hoceïma,DONNA Restaurant & Lounge,Restaurant,Formel,"Route de Malabata, Tanger",35.7743511,-5.7833148,icons/restaurant.png,OSM
Tanger-Tétouan-Al Hoceïma,Salon Roxy,Café,Formel,Salon Roxy,35.7780298,-5.8094904,icons/cafe.png,OSM
Tanger-Tétouan-Al Hoceïma,Cafè Paradis,Café,Formel,Cafè Paradis,35.7779156,-5.8066419,icons/cafe.png,OSM
Tanger-Tétouan-Al Hoceïma,Soju Sushi,Restaurant,Formel,Soju Sushi,35.778045,-5.8101958,icons/restaurant.png,OSM
Tanger-Tétouan-Al Hoceïma,Enzo's,Restaurant,Formel,Enzo's,35.7781538,-5.8099772,icons/restaurant.png,OSM
Tanger-Tétouan-Al Hoceïma,Roxy Food,Restaurant,Formel,Roxy Food,35.7777395,-5.8096839,icons/restaurant.png,OSM
Tanger-Tétouan-Al Hoceïma,Restaurant sans nom,Restaurant,Formel,Restaurant sans nom,35.5818262,-5.3445537,icons/restaurant.png,OSM
Tanger-Tétouan-Al Hoceïma,Café sans nom,Café,Formel,Café sans nom,34.9715704,-4.3682407,icons/cafe.png,OSM
Tanger-Tétouan-Al Hoceïma,Restaurant sans nom,Restaurant,Formel,Restaurant sans nom,34.9716605,-4.3681423,icons/restaurant.png,OSM
Tanger-Tétouan-Al Hoceïma,Fig tree store,Supérette / Mini-market,Formel,Fig tree store,35.137576,-4.5770678,icons/convenience.png,OSM
Tanger-Tétouan-Al Hoceïma,Restaurant sans nom,Restaurant,Formel,Restaurant sans nom,35.8438038,-5.3539833,icons/restaurant.png,OSM
Tanger-Tétouan-Al Hoceïma,Restaurant sans nom,Restaurant,Formel,Restaurant sans nom,35.8421122,-5.3539148,icons/restaurant.png,OSM
Tanger-Tétouan-Al Hoceïma,صيدلية قلب طنجة,Parapharmacie,Formel,صيدلية قلب طنجة,35.7599924,-5.7518517,icons/pharmacy.png,OSM
Tanger-Tétouan-Al Hoceïma,Restaurant sans nom,Restaurant,Formel,Restaurant sans nom,35.6277861,-5.2732609,icons/restaurant.png,OSM
Tanger-Tétouan-Al Hoceïma,Restaurant sans nom,Restaurant,Formel,Restaurant sans nom,35.8881179,-5.3164546,icons/restaurant.png,OSM
Tanger-Tétouan-Al Hoceïma,Épicerie sans nom,Épicerie,Informel,Épicerie sans nom,35.5821252,-5.3552148,icons/greengrocer.png,OSM
Tanger-Tétouan-Al Hoceïma,Boulangerie sans nom,Boulangerie,Formel,Boulangerie sans nom,35.5813883,-5.3567244,icons/bakery.png,OSM
Tanger-Tétouan-Al Hoceïma,Épicerie sans nom,Épicerie,Informel,Épicerie sans nom,35.5797556,-5.3550272,icons/greengrocer.png,OSM
Tanger-Tétouan-Al Hoceïma,Restaurant Darna,Restaurant,Formel,Restaurant Darna,35.7834918,-5.8135967,icons/restaurant.png,OSM
Tanger-Tétouan-Al Hoceïma,Zoco chico,Supermarché,Formel,Zoco chico,35.7857346,-5.8122888,icons/supermarket.png,OSM
Tanger-Tétouan-Al Hoceïma,Old medina,Supermarché,Formel,Old medina,35.7853988,-5.8110772,icons/supermarket.png,OSM
Tanger-Tétouan-Al Hoceïma,Restaurant Omar,Restaurant,Formel,Restaurant Omar,35.5710448,-5.377896,icons/restaurant.png,OSM
Tanger-Tétouan-Al Hoceïma,Antigua medina,Supermarché,Formel,Antigua medina,35.5704313,-5.3659333,icons/supermarket.png,OSM
Tanger-Tétouan-Al Hoceïma,Bocadillos Chatt,Restaurant,Formel,Bocadillos Chatt,35.5708692,-5.3567941,icons/restaurant.png,OSM
Tanger-Tétouan-Al Hoceïma,Chiringuito Salamandra,Restaurant,Formel,Chiringuito Salamandra,35.887222,-5.3190644,icons/restaurant.png,OSM
Tanger-Tétouan-Al Hoceïma,Snack Tapita,Restaurant,Formel,Snack Tapita,35.5703288,-5.3760893,icons/restaurant.png,OSM
Tanger-Tétouan-Al Hoceïma,Pharmaherb,Parapharmacie,Formel,Pharmaherb,35.5703157,-5.3763304,icons/pharmacy.png,OSM
Tanger-Tétouan-Al Hoceïma,Café Morada,Café,Formel,Café Morada,35.5692508,-5.3754932,icons/cafe.png,OSM
Tanger-Tétouan-Al Hoceïma,Cafe Hymaf,Café,Formel,Cafe Hymaf,35.569728,-5.3758616,icons/cafe.png,OSM
Tanger-Tétouan-Al Hoceïma,Restaurant Restinga,Restaurant,Formel,Restaurant Restinga,35.5700122,-5.3726875,icons/restaurant.png,OSM
Tanger-Tétouan-Al Hoceïma,Ali Bouker,Café,Formel,Ali Bouker,35.5724101,-5.3764265,icons/cafe.png,OSM
Tanger-Tétouan-Al Hoceïma,Chicken Frescos,Restaurant,Formel,Chicken Frescos,35.5705861,-5.3742322,icons/restaurant.png,OSM
Tanger-Tétouan-Al Hoceïma,Restaurant sans nom,Restaurant,Formel,Restaurant sans nom,35.5696183,-5.3681937,icons/restaurant.png,OSM
Tanger-Tétouan-Al Hoceïma,Cafe Marbella,Café,Formel,Cafe Marbella,35.5695554,-5.3631458,icons/cafe.png,OSM
Tanger-Tétouan-Al Hoceïma,Cafe Ahlan,Café,Formel,Cafe Ahlan,35.5698488,-5.3621036,icons/cafe.png,OSM
Tanger-Tétouan-Al Hoceïma,Elegancia,Café,Formel,Elegancia,35.5700672,-5.3595255,icons/cafe.png,OSM
Tanger-Tétouan-Al Hoceïma,Los Hermanos,Supérette / Mini-market,Formel,Los Hermanos,35.56959,-5.3735236,icons/convenience.png,OSM
Tanger-Tétouan-Al Hoceïma,Amsterdam,Café,Formel,Amsterdam,35.5692233,-5.3753031,icons/cafe.png,OSM
Tanger-Tétouan-Al Hoceïma,Dinia,Café,Formel,Dinia,35.5699735,-5.3764921,icons/cafe.png,OSM
Tanger-Tétouan-Al Hoceïma,Kimo,Restaurant,Formel,Kimo,35.5695803,-5.376057,icons/restaurant.png,OSM
Tanger-Tétouan-Al Hoceïma,Nahda,Boulangerie,Formel,Nahda,35.5704453,-5.3760656,icons/bakery.png,OSM
Tanger-Tétouan-Al Hoceïma,El Reducto,Restaurant,Formel,El Reducto,35.5709671,-5.3699593,icons/restaurant.png,OSM
Tanger-Tétouan-Al Hoceïma,Café sans nom,Café,Formel,Café sans nom,35.5678683,-5.3738902,icons/cafe.png,OSM
Tanger-Tétouan-Al Hoceïma,Alimentation Générale,Supérette / Mini-market,Formel,Alimentation Générale,35.1688113,-5.2570937,icons/convenience.png,OSM
Tanger-Tétouan-Al Hoceïma,Café sans nom,Café,Formel,Café sans nom,35.3204172,-5.357523,icons/cafe.png,OSM
Tanger-Tétouan-Al Hoceïma,Boulangerie pâtisserie Wafae,Boulangerie,Formel,Boulangerie pâtisserie Wafae,35.3198593,-5.357343,icons/bakery.png,OSM
Tanger-Tétouan-Al Hoceïma,Café sans nom,Café,Formel,Café sans nom,35.3183738,-5.3563074,icons/cafe.png,OSM
Tanger-Tétouan-Al Hoceïma,Café sans nom,Café,Formel,Café sans nom,35.3200286,-5.3573932,icons/cafe.png,OSM
Tanger-Tétouan-Al Hoceïma,Casa Andaluz,Restaurant,Formel,Casa Andaluz,35.1701306,-5.2609236,icons/restaurant.png,OSM
Tanger-Tétouan-Al Hoceïma,Snack Fatima,Restaurant,Formel,Snack Fatima,35.1689409,-5.2635804,icons/restaurant.png,OSM
Tanger-Tétouan-Al Hoceïma,Pain Chaouen,Boulangerie,Formel,Pain Chaouen,35.1690764,-5.2616373,icons/bakery.png,OSM
Tanger-Tétouan-Al Hoceïma,Ajilyan,Restaurant,Formel,Ajilyan,35.1689344,-5.2615115,icons/restaurant.png,OSM
Tanger-Tétouan-Al Hoceïma,Sfenj,Restaurant,Formel,Sfenj,35.1698312,-5.2651538,icons/restaurant.png,OSM
Tanger-Tétouan-Al Hoceïma,MM'S Coffee,Café,Formel,MM'S Coffee,35.1672336,-5.2753536,icons/cafe.png,OSM
Tanger-Tétouan-Al Hoceïma,Café sans nom,Café,Formel,Rue Lafayette,35.7765504,-5.8096299,icons/cafe.png,OSM
Tanger-Tétouan-Al Hoceïma,Café les Voyageurs,Restaurant,Formel,Café les Voyageurs,34.7978489,-5.5795999,icons/restaurant.png,OSM
Tanger-Tétouan-Al Hoceïma,Minimarket,Supermarché,Formel,Minimarket,35.8988313,-5.4746655,icons/supermarket.png,OSM
Tanger-Tétouan-Al Hoceïma,Café sans nom,Café,Formel,Café sans nom,35.3200107,-5.3567459,icons/cafe.png,OSM
Tanger-Tétouan-Al Hoceïma,Supermarché sans nom,Supermarché,Formel,Supermarché sans nom,35.3201936,-5.3568439,icons/supermarket.png,OSM
Tanger-Tétouan-Al Hoceïma,Auberge Mzalfen,Restaurant,Formel,Auberge Mzalfen,35.2586797,-5.2622889,icons/restaurant.png,OSM
Tanger-Tétouan-Al Hoceïma,Snack,Restaurant,Formel,Snack,35.2522985,-5.2092556,icons/restaurant.png,OSM
Tanger-Tétouan-Al Hoceïma,Cafe Iborja,Café,Formel,Cafe Iborja,35.2637532,-5.2302183,icons/cafe.png,OSM
Tanger-Tétouan-Al Hoceïma,Restaurante El Mentidero,Restaurant,Formel,Restaurante El Mentidero,35.8876485,-5.3144163,icons/restaurant.png,OSM
Tanger-Tétouan-Al Hoceïma,Rital,Restaurant,Formel,Rital,35.5624137,-5.3733705,icons/restaurant.png,OSM
Tanger-Tétouan-Al Hoceïma,ANZAR Morocco,Restaurant,Formel,ANZAR Morocco,35.7824131,-5.7991287,icons/restaurant.png,OSM
Tanger-Tétouan-Al Hoceïma,Zohour,Restaurant,Formel,Zohour,35.1665472,-5.2649917,icons/restaurant.png,OSM
Tanger-Tétouan-Al Hoceïma,Ayah,Boulangerie,Formel,Ayah,35.4658451,-6.0328944,icons/bakery.png,OSM
Tanger-Tétouan-Al Hoceïma,Marché aux poissons,Épicerie,Informel,Marché aux poissons,35.4666629,-6.031936,icons/greengrocer.png,OSM
Tanger-Tétouan-Al Hoceïma,El Espigon,Restaurant,Formel,El Espigon,35.4708562,-6.0308194,icons/restaurant.png,OSM
Tanger-Tétouan-Al Hoceïma,Fatima Market,Supermarché,Formel,Fatima Market,35.460821,-6.0396799,icons/supermarket.png,OSM
Tanger-Tétouan-Al Hoceïma,Jean Genet,Restaurant,Formel,Jean Genet,35.1990161,-6.1521807,icons/restaurant.png,OSM
Tanger-Tétouan-Al Hoceïma,Coffee Ben Moussa,Café,Formel,Coffee Ben Moussa,35.7529616,-5.7963569,icons/cafe.png,OSM
Tanger-Tétouan-Al Hoceïma,Cafes Porto Rico,Café,Formel,"Rue de la plage, Tanger",35.7840213,-5.8118123,icons/cafe.png,OSM
Tanger-Tétouan-Al Hoceïma,Boulangerie sans nom,Boulangerie,Formel,Boulangerie sans nom,35.1764744,-5.2733575,icons/bakery.png,OSM
Tanger-Tétouan-Al Hoceïma,Parapharmacie sans nom,Parapharmacie,Formel,Parapharmacie sans nom,35.0364402,-5.7710116,icons/pharmacy.png,OSM
Tanger-Tétouan-Al Hoceïma,Parapharmacie sans nom,Parapharmacie,Formel,Parapharmacie sans nom,35.0063089,-5.8927462,icons/pharmacy.png,OSM
Tanger-Tétouan-Al Hoceïma,Café sans nom,Café,Formel,Café sans nom,35.7858659,-5.8092565,icons/cafe.png,OSM
Tanger-Tétouan-Al Hoceïma,Le Rital Tétouan,Restaurant,Formel,Le Rital Tétouan,35.5624951,-5.3732817,icons/restaurant.png,OSM
Tanger-Tétouan-Al Hoceïma,Kabano Beach,Restaurant,Formel,Kabano Beach,34.8768076,-6.2967427,icons/restaurant.png,OSM
Tanger-Tétouan-Al Hoceïma,Loukili,Parapharmacie,Formel,Loukili,35.4672298,-6.0321368,icons/pharmacy.png,OSM
Tanger-Tétouan-Al Hoceïma,Restaurant sans nom,Restaurant,Formel,Restaurant sans nom,35.8760054,-5.5187904,icons/restaurant.png,OSM
Tanger-Tétouan-Al Hoceïma,Café sans nom,Café,Formel,Café sans nom,35.3682005,-5.5830235,icons/cafe.png,OSM
Tanger-Tétouan-Al Hoceïma,CAMPUS,Restaurant,Formel,"RUE LEMFEDDEL CHERKAOUI, RABAT",34.8532702,-6.0595325,icons/restaurant.png,OSM
Tanger-Tétouan-Al Hoceïma,Pharmacie Yousra,Parapharmacie,Formel,Pharmacie Yousra,34.5495423,-4.6476203,icons/pharmacy.png,OSM
Tanger-Tétouan-Al Hoceïma,Cafe Classico مقهى الكلاسيكو,Café,Formel,Cafe Classico مقهى الكلاسيكو,35.4591422,-6.0382911,icons/cafe.png,OSM
Tanger-Tétouan-Al Hoceïma,Cafe Bettiwi مقهى البطيوي,Café,Formel,Cafe Bettiwi مقهى البطيوي,35.4586767,-6.0382536,icons/cafe.png,OSM
Tanger-Tétouan-Al Hoceïma,cafe El Barca مقهى البارصا,Café,Formel,cafe El Barca مقهى البارصا,35.4580681,-6.0379029,icons/cafe.png,OSM
Tanger-Tétouan-Al Hoceïma,cafe Ibisa مقهى إيبيزا,Café,Formel,cafe Ibisa مقهى إيبيزا,35.4574306,-6.0375393,icons/cafe.png,OSM
Tanger-Tétouan-Al Hoceïma,Café Cala Iris,Café,Formel,Café Cala Iris,35.4768219,-5.4072464,icons/cafe.png,OSM
Tanger-Tétouan-Al Hoceïma,Restaurant sans nom,Restaurant,Formel,Restaurant sans nom,35.7864649,-5.8121222,icons/restaurant.png,OSM
Tanger-Tétouan-Al Hoceïma,Restaurant sans nom,Restaurant,Formel,Restaurant sans nom,35.7854963,-5.8103673,icons/restaurant.png,OSM
Tanger-Tétouan-Al Hoceïma,Café sans nom,Café,Formel,Café sans nom,34.5116757,-5.5058103,icons/cafe.png,OSM
Tanger-Tétouan-Al Hoceïma,Restaurant sans nom,Restaurant,Formel,Restaurant sans nom,35.2385822,-5.1755043,icons/restaurant.png,OSM
Tanger-Tétouan-Al Hoceïma,Café sans nom,Café,Formel,Café sans nom,34.9169245,-4.5720471,icons/cafe.png,OSM
Tanger-Tétouan-Al Hoceïma,Parapharmacie sans nom,Parapharmacie,Formel,Parapharmacie sans nom,34.913841,-4.5695816,icons/pharmacy.png,OSM
Tanger-Tétouan-Al Hoceïma,Supérette / Mini-market sans nom,Supérette / Mini-market,Formel,Supérette / Mini-market sans nom,35.2422992,-5.1819529,icons/convenience.png,OSM
Tanger-Tétouan-Al Hoceïma,Supérette / Mini-market sans nom,Supérette / Mini-market,Formel,Supérette / Mini-market sans nom,35.2502186,-5.1825795,icons/convenience.png,OSM
Tanger-Tétouan-Al Hoceïma,Supérette / Mini-market sans nom,Supérette / Mini-market,Formel,Supérette / Mini-market sans nom,35.2430093,-5.1818696,icons/convenience.png,OSM
Tanger-Tétouan-Al Hoceïma,Restaurant sans nom,Restaurant,Formel,Restaurant sans nom,35.2384874,-5.1812815,icons/restaurant.png,OSM
Tanger-Tétouan-Al Hoceïma,Café Issaguen,Café,Formel,Café Issaguen,34.9172397,-4.5708072,icons/cafe.png,OSM
Tanger-Tétouan-Al Hoceïma,Restaurant Snack Amal,Restaurant,Formel,Restaurant Snack Amal,34.9173206,-4.5706349,icons/restaurant.png,OSM
Tanger-Tétouan-Al Hoceïma,Supermarché sans nom,Supermarché,Formel,Supermarché sans nom,34.9188037,-4.5689204,icons/supermarket.png,OSM
Tanger-Tétouan-Al Hoceïma,Dar Harruch,Restaurant,Formel,Rue Hadj Mohamed Torres,35.7866942,-5.8104966,icons/restaurant.png,OSM
Tanger-Tétouan-Al Hoceïma,Marshan Park Cafe Restaurant,Restaurant,Formel,Marshan Park Cafe Restaurant,35.7900018,-5.8207537,icons/restaurant.png,OSM
Tanger-Tétouan-Al Hoceïma,Plage tamarakt,Restaurant,Formel,Tanger طنجة,35.7773848,-5.9273083,icons/restaurant.png,OSM
Tanger-Tétouan-Al Hoceïma,Domino's,Restaurant,Formel,Domino's,35.8889808,-5.3118643,icons/restaurant.png,OSM
Tanger-Tétouan-Al Hoceïma,Spoon,Restaurant,Formel,Spoon,35.8872297,-5.3170354,icons/restaurant.png,OSM
Tanger-Tétouan-Al Hoceïma,Parapharmacie sans nom,Parapharmacie,Formel,Parapharmacie sans nom,35.8882367,-5.3202482,icons/pharmacy.png,OSM
Tanger-Tétouan-Al Hoceïma,Cafe Royal,Café,Formel,Cafe Royal,35.1775457,-6.1450164,icons/cafe.png,OSM
Tanger-Tétouan-Al Hoceïma,Cafe Al Manzah,Café,Formel,Cafe Al Manzah,35.1773667,-6.145145,icons/cafe.png,OSM
Tanger-Tétouan-Al Hoceïma,Ponte Vecchio,Restaurant,Formel,Ponte Vecchio,35.172324,-6.1444618,icons/restaurant.png,OSM
Tanger-Tétouan-Al Hoceïma,Café,Café,Formel,Café,35.0582121,-5.2064113,icons/cafe.png,OSM
Tanger-Tétouan-Al Hoceïma,Café,Café,Formel,Café,34.5995333,-5.0924117,icons/cafe.png,OSM
Tanger-Tétouan-Al Hoceïma,Cafe Al Mazar,Café,Formel,Cafe Al Mazar,35.1726197,-6.1391042,icons/cafe.png,OSM
Tanger-Tétouan-Al Hoceïma,Café Rania,Café,Formel,Avenue de la Résistance,35.7764978,-5.8094271,icons/cafe.png,OSM
Tanger-Tétouan-Al Hoceïma,La Mamounia,Café,Formel,La Mamounia,35.7840136,-5.8086712,icons/cafe.png,OSM
Tanger-Tétouan-Al Hoceïma,Salon de thé,Café,Formel,Salon de thé,35.7865885,-5.8135945,icons/cafe.png,OSM
Tanger-Tétouan-Al Hoceïma,Bio Spartel,Supérette / Mini-market,Formel,Bio Spartel,35.7859081,-5.8094347,icons/convenience.png,OSM
Tanger-Tétouan-Al Hoceïma,Alimentation générale,Supérette / Mini-market,Formel,Alimentation générale,35.784884,-5.8086988,icons/convenience.png,OSM
Tanger-Tétouan-Al Hoceïma,Avenida,Café,Formel,Avenida,35.7846016,-5.8089001,icons/cafe.png,OSM
Tanger-Tétouan-Al Hoceïma,Diblu,Restaurant,Formel,Diblu,35.7836473,-5.808606,icons/restaurant.png,OSM
Tanger-Tétouan-Al Hoceïma,Boulangerie Bouarrakia,Boulangerie,Formel,Boulangerie Bouarrakia,35.7844376,-5.8188637,icons/bakery.png,OSM
Tanger-Tétouan-Al Hoceïma,Café Malaga,Café,Formel,Café Malaga,35.7837597,-5.8086326,icons/cafe.png,OSM
Tanger-Tétouan-Al Hoceïma,Alimentation générale,Supérette / Mini-market,Formel,Alimentation générale,35.7835338,-5.808584,icons/convenience.png,OSM
Tanger-Tétouan-Al Hoceïma,Zerda,Restaurant,Formel,Zerda,35.7830333,-5.8083773,icons/restaurant.png,OSM
Tanger-Tétouan-Al Hoceïma,Les Ambassadeurs,Restaurant,Formel,Les Ambassadeurs,35.7810435,-5.8098069,icons/restaurant.png,OSM
Tanger-Tétouan-Al Hoceïma,Alimentation générale,Supérette / Mini-market,Formel,Alimentation générale,35.7885237,-5.815766,icons/convenience.png,OSM
Tanger-Tétouan-Al Hoceïma,Boulangerie sans nom,Boulangerie,Formel,Boulangerie sans nom,35.7858371,-5.8093591,icons/bakery.png,OSM
Tanger-Tétouan-Al Hoceïma,Marché de produits du terroir,Épicerie,Informel,Marché de produits du terroir,35.7858176,-5.809127,icons/greengrocer.png,OSM
Tanger-Tétouan-Al Hoceïma,Dard'Bagh,Restaurant,Formel,Dard'Bagh,35.7855936,-5.8089456,icons/restaurant.png,OSM
Tanger-Tétouan-Al Hoceïma,Al Achab Medina,Restaurant,Formel,Al Achab Medina,35.7854196,-5.8090744,icons/restaurant.png,OSM
Tanger-Tétouan-Al Hoceïma,Restaurant Ba Sidi,Restaurant,Formel,Restaurant Ba Sidi,35.7859572,-5.8130018,icons/restaurant.png,OSM
Tanger-Tétouan-Al Hoceïma,California,Café,Formel,California,35.7838623,-5.8086537,icons/cafe.png,OSM
Tanger-Tétouan-Al Hoceïma,Terminus,Restaurant,Formel,Terminus,35.7831931,-5.8084269,icons/restaurant.png,OSM
Tanger-Tétouan-Al Hoceïma,Al Maimouni,Restaurant,Formel,Al Maimouni,35.7856695,-5.809022,icons/restaurant.png,OSM
Tanger-Tétouan-Al Hoceïma,Nahda,Restaurant,Formel,Nahda,35.7836851,-5.8085734,icons/restaurant.png,OSM
Tanger-Tétouan-Al Hoceïma,Oh My Chef!,Restaurant,Formel,Oh My Chef!,35.7781335,-5.8100658,icons/restaurant.png,OSM
Tanger-Tétouan-Al Hoceïma,La Casa,Restaurant,Formel,La Casa,35.7776961,-5.8092802,icons/restaurant.png,OSM
Tanger-Tétouan-Al Hoceïma,Marina Shop,Supérette / Mini-market,Formel,Marina Shop,35.7815681,-5.8071983,icons/convenience.png,OSM
Tanger-Tétouan-Al Hoceïma,El Pescador,Restaurant,Formel,El Pescador,35.7778314,-5.8102872,icons/restaurant.png,OSM
Tanger-Tétouan-Al Hoceïma,El Habib Shop,Supérette / Mini-market,Formel,El Habib Shop,35.7782933,-5.8095636,icons/convenience.png,OSM
Tanger-Tétouan-Al Hoceïma,Jean Maximo,Boulangerie,Formel,Jean Maximo,35.7783396,-5.8023388,icons/bakery.png,OSM
Tanger-Tétouan-Al Hoceïma,Also Hadika,Restaurant,Formel,Also Hadika,35.7759549,-5.8020119,icons/restaurant.png,OSM
Tanger-Tétouan-Al Hoceïma,Zanmai,Restaurant,Formel,Zanmai,35.7738734,-5.7969985,icons/restaurant.png,OSM
Tanger-Tétouan-Al Hoceïma,Caesars Palace,Restaurant,Formel,Caesars Palace,35.7759885,-5.8022529,icons/restaurant.png,OSM
Tanger-Tétouan-Al Hoceïma,Restaurant sans nom,Restaurant,Formel,Restaurant sans nom,35.7763147,-5.801627,icons/restaurant.png,OSM
Tanger-Tétouan-Al Hoceïma,Galbi Dak,Restaurant,Formel,Galbi Dak,35.7740879,-5.8007599,icons/restaurant.png,OSM
Tanger-Tétouan-Al Hoceïma,Boulangerie sans nom,Boulangerie,Formel,Boulangerie sans nom,35.7748726,-5.7991603,icons/bakery.png,OSM
Tanger-Tétouan-Al Hoceïma,Dar Kitchen,Restaurant,Formel,Dar Kitchen,35.773832,-5.7970675,icons/restaurant.png,OSM
Tanger-Tétouan-Al Hoceïma,Alimentation générale,Supérette / Mini-market,Formel,Alimentation générale,35.7749447,-5.799315,icons/convenience.png,OSM
Tanger-Tétouan-Al Hoceïma,Pam Pam,Restaurant,Formel,Pam Pam,35.7777798,-5.8024552,icons/restaurant.png,OSM
Tanger-Tétouan-Al Hoceïma,Maro Del Mar,Restaurant,Formel,Maro Del Mar,35.7784325,-5.8023973,icons/restaurant.png,OSM
Tanger-Tétouan-Al Hoceïma,Burger King,Restaurant,Formel,Burger King,35.7772378,-5.802334,icons/restaurant.png,OSM
Tanger-Tétouan-Al Hoceïma,Fast & Good,Restaurant,Formel,Fast & Good,35.7768502,-5.8023126,icons/restaurant.png,OSM
Tanger-Tétouan-Al Hoceïma,Alimentation générale,Supérette / Mini-market,Formel,Alimentation générale,35.7764207,-5.8022696,icons/convenience.png,OSM
Tanger-Tétouan-Al Hoceïma,Goyh,Restaurant,Formel,Goyh,35.7762992,-5.8014396,icons/restaurant.png,OSM
Tanger-Tétouan-Al Hoceïma,Marbella Ice,Restaurant,Formel,Marbella Ice,35.7745018,-5.7996267,icons/restaurant.png,OSM
Tanger-Tétouan-Al Hoceïma,Vienna,Restaurant,Formel,Vienna,35.7784935,-5.8024092,icons/restaurant.png,OSM
Tanger-Tétouan-Al Hoceïma,Mozart Palace,Boulangerie,Formel,Mozart Palace,35.7743876,-5.7980975,icons/bakery.png,OSM
Tanger-Tétouan-Al Hoceïma,Restaurant sans nom,Restaurant,Formel,Restaurant sans nom,34.7982068,-5.5689552,icons/restaurant.png,OSM
Tanger-Tétouan-Al Hoceïma,Restaurant cocher CT,Restaurant,Formel,Restaurant cocher CT,35.7800731,-5.8126941,icons/restaurant.png,OSM
Tanger-Tétouan-Al Hoceïma,Supermarché Bahr Almotawassit,Supermarché,Formel,"Lotissement Méditerranée, TANGER",35.7685604,-5.7626485,icons/supermarket.png,OSM
Tanger-Tétouan-Al Hoceïma,Carrefour Express,Supermarché,Formel,Tanger,35.7725227,-5.7702742,icons/supermarket.png,OSM
Tanger-Tétouan-Al Hoceïma,Boulangerie Pâtisserie Boston,Boulangerie,Formel,Tanger,35.7725529,-5.7706158,icons/bakery.png,OSM
Tanger-Tétouan-Al Hoceïma,Moun Para,Parapharmacie,Formel,Moun Para,35.7725077,-5.7704981,icons/pharmacy.png,OSM
Tanger-Tétouan-Al Hoceïma,Snack la linea,Restaurant,Formel,"Rue Plage Oualidia, Tanger",35.7668219,-5.7648952,icons/restaurant.png,OSM
Tanger-Tétouan-Al Hoceïma,My délices,Boulangerie,Formel,"Rue Plage Oualidia, Tanger",35.7692983,-5.7675516,icons/bakery.png,OSM
Tanger-Tétouan-Al Hoceïma,Yahya Catering,Restaurant,Formel,"Rue Plage Mahtaba, Tanger",35.7709327,-5.768693,icons/restaurant.png,OSM
Tanger-Tétouan-Al Hoceïma,FAMILY FOOD,Restaurant,Formel,FAMILY FOOD,35.7437575,-5.7999271,icons/restaurant.png,OSM
Tanger-Tétouan-Al Hoceïma,Sandwich Amanouz,Restaurant,Formel,Sandwich Amanouz,35.7864617,-5.8136969,icons/restaurant.png,OSM
Tanger-Tétouan-Al Hoceïma,Supérette / Mini-market sans nom,Supérette / Mini-market,Formel,Supérette / Mini-market sans nom,35.7876628,-5.8124642,icons/convenience.png,OSM
Tanger-Tétouan-Al Hoceïma,Cafe Paloma,Café,Formel,Cafe Paloma,35.1723925,-6.1420207,icons/cafe.png,OSM
Tanger-Tétouan-Al Hoceïma,Smart Resto,Restaurant,Formel,Smart Resto,34.7023458,-6.0006822,icons/restaurant.png,OSM
Tanger-Tétouan-Al Hoceïma,Pharmacie Oued Alyene,Parapharmacie,Formel,Pharmacie Oued Alyene,35.817176,-5.6368665,icons/pharmacy.png,OSM
Tanger-Tétouan-Al Hoceïma,Pharmacie Ain Assel,Parapharmacie,Formel,Pharmacie Ain Assel,35.6944946,-5.8466969,icons/pharmacy.png,OSM
Tanger-Tétouan-Al Hoceïma,Pharmacie Dar Chaoui,Parapharmacie,Formel,Pharmacie Dar Chaoui,35.5323217,-5.715209,icons/pharmacy.png,OSM
Tanger-Tétouan-Al Hoceïma,صيدلية نوران,Parapharmacie,Formel,صيدلية نوران,35.760232,-5.7579693,icons/pharmacy.png,OSM
Tanger-Tétouan-Al Hoceïma,Baba Coffee,Café,Formel,Baba Coffee,35.1707317,-5.2698712,icons/cafe.png,OSM
Tanger-Tétouan-Al Hoceïma,Fornaccio,Café,Formel,Bab Souk,35.169807,-5.2660693,icons/cafe.png,OSM
Tanger-Tétouan-Al Hoceïma,"3and Miloud, Bissara",Restaurant,Formel,"3and Miloud, Bissara",35.7836869,-5.8143446,icons/restaurant.png,OSM
Tanger-Tétouan-Al Hoceïma,Berriyan,Restaurant,Formel,Berriyan,35.8406029,-5.5568828,icons/restaurant.png,OSM
Tanger-Tétouan-Al Hoceïma,Bayt Tarab - Music Cafe,Café,Formel,Bayt Tarab - Music Cafe,35.7833488,-5.8137914,icons/cafe.png,OSM
Tanger-Tétouan-Al Hoceïma,Café sans nom,Café,Formel,Café sans nom,35.7805663,-5.8054739,icons/cafe.png,OSM
Tanger-Tétouan-Al Hoceïma,Sandwich Cervantes,Restaurant,Formel,Sandwich Cervantes,35.7828332,-5.8101864,icons/restaurant.png,OSM
Tanger-Tétouan-Al Hoceïma,La Puerta Del Mar,Café,Formel,La Puerta Del Mar,35.7890813,-5.8127088,icons/cafe.png,OSM
Tanger-Tétouan-Al Hoceïma,Chez Mustafa,Restaurant,Formel,Chez Mustafa,35.7844087,-5.8123938,icons/restaurant.png,OSM
Tanger-Tétouan-Al Hoceïma,Café Cherifa,Café,Formel,Café Cherifa,35.7878626,-5.8116364,icons/cafe.png,OSM
Tanger-Tétouan-Al Hoceïma,Bocatas Jesús Maresco,Restaurant,Formel,Bocatas Jesús Maresco,35.8925137,-5.299553,icons/restaurant.png,OSM
Tanger-Tétouan-Al Hoceïma,Farmacia Príncipe Alfonso,Parapharmacie,Formel,Agr,35.8799502,-5.3476474,icons/pharmacy.png,OSM
Tanger-Tétouan-Al Hoceïma,Cafetín de Benzú,Café,Formel,Cafetín de Benzú,35.9161092,-5.3747521,icons/cafe.png,OSM
Tanger-Tétouan-Al Hoceïma,صيدلية أريماس,Parapharmacie,Formel,TANGER,35.7643529,-5.7599345,icons/pharmacy.png,OSM
Tanger-Tétouan-Al Hoceïma,Supeco,Supermarché,Formel,Supeco,35.89107,-5.3194689,icons/supermarket.png,OSM
Tanger-Tétouan-Al Hoceïma,صيدلية الشجيرات,Parapharmacie,Formel,"Tanja Balia, Tanger",35.7655849,-5.7491404,icons/pharmacy.png,OSM
Tanger-Tétouan-Al Hoceïma,صيدلية بوتور,Parapharmacie,Formel,"Tanja Balia, Tanger",35.7636627,-5.7697656,icons/pharmacy.png,OSM
Tanger-Tétouan-Al Hoceïma,Cafè Ouazzani,Café,Formel,Cafè Ouazzani,34.6351102,-5.2294161,icons/cafe.png,OSM
Tanger-Tétouan-Al Hoceïma,Tsood,Café,Formel,Tsood,35.788267,-5.8154467,icons/cafe.png,OSM
Tanger-Tétouan-Al Hoceïma,Pharmacie Kasbah,Parapharmacie,Formel,Pharmacie Kasbah,35.788309,-5.8153101,icons/pharmacy.png,OSM
Tanger-Tétouan-Al Hoceïma,Bab Ssour,Restaurant,Formel,Bad Ssour,35.1672127,-5.2635075,icons/restaurant.png,OSM
Tanger-Tétouan-Al Hoceïma,el cielo,Restaurant,Formel,Rue Raouachid شارع الرواشد,35.1693523,-5.2584572,icons/restaurant.png,OSM
Tanger-Tétouan-Al Hoceïma,CAFE ALI,Café,Formel,CAFE ALI,35.7289997,-5.7862877,icons/cafe.png,OSM
Tanger-Tétouan-Al Hoceïma,Bar Restaurante La Cantina,Restaurant,Formel,Bar Restaurante La Cantina,35.8890177,-5.3114772,icons/restaurant.png,OSM
Tanger-Tétouan-Al Hoceïma,Boutique La Prensa,Kiosque,Informel,Boutique La Prensa,35.8893687,-5.3095039,icons/kiosk.png,OSM
Tanger-Tétouan-Al Hoceïma,Grano & Carbón,Restaurant,Formel,Grano & Carbón,35.8897502,-5.3083072,icons/restaurant.png,OSM
Tanger-Tétouan-Al Hoceïma,Bar Restaurante La Barraca,Restaurant,Formel,Bar Restaurante La Barraca,35.8905144,-5.3083744,icons/restaurant.png,OSM
Tanger-Tétouan-Al Hoceïma,Kiosque sans nom,Kiosque,Informel,Kiosque sans nom,35.8901134,-5.3095475,icons/kiosk.png,OSM
Tanger-Tétouan-Al Hoceïma,Supérette / Mini-market sans nom,Supérette / Mini-market,Formel,Supérette / Mini-market sans nom,35.7655849,-5.8307092,icons/convenience.png,OSM
Tanger-Tétouan-Al Hoceïma,Café sans nom,Café,Formel,Café sans nom,35.7658483,-5.8308516,icons/cafe.png,OSM
Tanger-Tétouan-Al Hoceïma,Marjdane,Supermarché,Formel,Marjdane,35.7660844,-5.8345533,icons/supermarket.png,OSM
Tanger-Tétouan-Al Hoceïma,Café Restaurant Ibn Batouta,Café,Formel,Café Restaurant Ibn Batouta,35.736057,-5.8631399,icons/cafe.png,OSM
Tanger-Tétouan-Al Hoceïma,Fendaq Chejra,Épicerie,Informel,Rue Amerique du Sud,35.7827897,-5.8117703,icons/greengrocer.png,OSM
Tanger-Tétouan-Al Hoceïma,Épicerie sans nom,Épicerie,Informel,Épicerie sans nom,35.7672459,-5.7523109,icons/greengrocer.png,OSM
Tanger-Tétouan-Al Hoceïma,Lechería La Marina,Café,Formel,Lechería La Marina,35.7863494,-5.8094401,icons/cafe.png,OSM
Tanger-Tétouan-Al Hoceïma,Dada,Restaurant,Formel,Dada,35.7865118,-5.8107452,icons/restaurant.png,OSM
Tanger-Tétouan-Al Hoceïma,Bab Al Bahr,Café,Formel,Bab Al Bahr,35.7863872,-5.8094349,icons/cafe.png,OSM
Tanger-Tétouan-Al Hoceïma,Al Massira,Restaurant,Formel,Al Massira,35.760013,-5.9387225,icons/restaurant.png,OSM
Tanger-Tétouan-Al Hoceïma,Cafe Restaurant La Vida,Restaurant,Formel,Cafe Restaurant La Vida,35.2566512,-5.2173752,icons/restaurant.png,OSM
Tanger-Tétouan-Al Hoceïma,صيدلية جبل طارق,Parapharmacie,Formel,صيدلية جبل طارق,35.7796978,-5.7568098,icons/pharmacy.png,OSM
Tanger-Tétouan-Al Hoceïma,Supérette / Mini-market sans nom,Supérette / Mini-market,Formel,Supérette / Mini-market sans nom,35.1991328,-4.1396676,icons/convenience.png,OSM
Tanger-Tétouan-Al Hoceïma,Café sans nom,Café,Formel,Café sans nom,35.1400592,-4.1346324,icons/cafe.png,OSM
Tanger-Tétouan-Al Hoceïma,Parapharmacie Granada,Parapharmacie,Formel,Parapharmacie Granada,35.771766,-5.815419,icons/pharmacy.png,OSM
Tanger-Tétouan-Al Hoceïma,صيدلية التفاؤل طنجة البالية,Parapharmacie,Formel,صيدلية التفاؤل طنجة البالية,35.7539344,-5.7563645,icons/pharmacy.png,OSM
Tanger-Tétouan-Al Hoceïma,صيدلية البراق,Parapharmacie,Formel,صيدلية البراق,35.7666929,-5.7864835,icons/pharmacy.png,OSM
Tanger-Tétouan-Al Hoceïma,صيدلية المنهج,Parapharmacie,Formel,صيدلية المنهج,35.7565884,-5.7551073,icons/pharmacy.png,OSM
Tanger-Tétouan-Al Hoceïma,100 Montaditos,Restaurant,Formel,100 Montaditos,35.8872674,-5.3099457,icons/restaurant.png,OSM
Tanger-Tétouan-Al Hoceïma,Vips,Restaurant,Formel,Vips,35.8874041,-5.3098562,icons/restaurant.png,OSM
Tanger-Tétouan-Al Hoceïma,La Mafia se sienta a la mesa,Restaurant,Formel,La Mafia se sienta a la mesa,35.8874091,-5.309592,icons/restaurant.png,OSM
Tanger-Tétouan-Al Hoceïma,صيدلية اليموني,Parapharmacie,Formel,Tanger,35.7671018,-5.7696924,icons/pharmacy.png,OSM
Tanger-Tétouan-Al Hoceïma,Mesón Restaurante Alberto,Restaurant,Formel,"Avenida de África, Ceuta",35.8885388,-5.3227568,icons/restaurant.png,OSM
Tanger-Tétouan-Al Hoceïma,Salon de thé Elysée,Café,Formel,Salon de thé Elysée,35.7811272,-5.8106429,icons/cafe.png,OSM
Tanger-Tétouan-Al Hoceïma,Snack Bhar,Restaurant,Formel,Snack Bhar,35.7908862,-5.9234435,icons/restaurant.png,OSM
Tanger-Tétouan-Al Hoceïma,Bab Tarik,Restaurant,Formel,Bab Tarik,35.1680433,-5.2637849,icons/restaurant.png,OSM
Tanger-Tétouan-Al Hoceïma,Supérette / Mini-market sans nom,Supérette / Mini-market,Formel,Supérette / Mini-market sans nom,35.1681693,-5.2638445,icons/convenience.png,OSM
Tanger-Tétouan-Al Hoceïma,Boulangerie sans nom,Boulangerie,Formel,Boulangerie sans nom,35.1689074,-5.2644666,icons/bakery.png,OSM
Tanger-Tétouan-Al Hoceïma,Grocery store,Supermarché,Formel,Grocery store,35.1689917,-5.2641044,icons/supermarket.png,OSM
Tanger-Tétouan-Al Hoceïma,El Aboudi,Restaurant,Formel,El Aboudi,35.1685845,-5.2634806,icons/restaurant.png,OSM
Tanger-Tétouan-Al Hoceïma,Supérette / Mini-market sans nom,Supérette / Mini-market,Formel,Supérette / Mini-market sans nom,35.1711673,-5.2597117,icons/convenience.png,OSM
Tanger-Tétouan-Al Hoceïma,Cafe Drouje Romani,Restaurant,Formel,Cafe Drouje Romani,35.1693091,-5.260914,icons/restaurant.png,OSM
Tanger-Tétouan-Al Hoceïma,Supérette / Mini-market sans nom,Supérette / Mini-market,Formel,Supérette / Mini-market sans nom,35.1688369,-5.2635576,icons/convenience.png,OSM
Tanger-Tétouan-Al Hoceïma,Al Wiam,Restaurant,Formel,Al Wiam,35.1686559,-5.2633673,icons/restaurant.png,OSM
Tanger-Tétouan-Al Hoceïma,Boulangerie sans nom,Boulangerie,Formel,Boulangerie sans nom,35.1700714,-5.2638126,icons/bakery.png,OSM
Tanger-Tétouan-Al Hoceïma,Juice store,Épicerie,Informel,Juice store,35.1700196,-5.2619314,icons/greengrocer.png,OSM
Tanger-Tétouan-Al Hoceïma,Supérette / Mini-market sans nom,Supérette / Mini-market,Formel,Supérette / Mini-market sans nom,35.1710087,-5.2591064,icons/convenience.png,OSM
Tanger-Tétouan-Al Hoceïma,Grocery store,Supermarché,Formel,Grocery store,35.1688281,-5.2645832,icons/supermarket.png,OSM
Tanger-Tétouan-Al Hoceïma,Boulangerie sans nom,Boulangerie,Formel,Boulangerie sans nom,35.1708558,-5.2593191,icons/bakery.png,OSM
Tanger-Tétouan-Al Hoceïma,Restaurant sans nom,Restaurant,Formel,Restaurant sans nom,35.2395999,-5.1694078,icons/restaurant.png,OSM
Tanger-Tétouan-Al Hoceïma,Restaurant sans nom,Restaurant,Formel,Restaurant sans nom,35.2400851,-5.1665439,icons/restaurant.png,OSM
Tanger-Tétouan-Al Hoceïma,Boulangerie sans nom,Boulangerie,Formel,Boulangerie sans nom,35.4645885,-6.0391387,icons/bakery.png,OSM
Tanger-Tétouan-Al Hoceïma,Soufiane,Supermarché,Formel,Soufiane,35.4643213,-6.0356745,icons/supermarket.png,OSM
Tanger-Tétouan-Al Hoceïma,Supérette / Mini-market sans nom,Supérette / Mini-market,Formel,Supérette / Mini-market sans nom,35.4644318,-6.0354474,icons/convenience.png,OSM
Tanger-Tétouan-Al Hoceïma,Supérette / Mini-market sans nom,Supérette / Mini-market,Formel,Supérette / Mini-market sans nom,35.4646577,-6.0403539,icons/convenience.png,OSM
Tanger-Tétouan-Al Hoceïma,Restaurant sans nom,Restaurant,Formel,Restaurant sans nom,35.4643129,-6.0355011,icons/restaurant.png,OSM
Tanger-Tétouan-Al Hoceïma,Restaurante Asilah Cultural Andalousie,Restaurant,Formel,Restaurante Asilah Cultural Andalousie,35.465696,-6.0340757,icons/restaurant.png,OSM
Tanger-Tétouan-Al Hoceïma,صيدلية طنجة البالية,Parapharmacie,Formel,صيدلية طنجة البالية,35.7716386,-5.7691127,icons/pharmacy.png,OSM
Tanger-Tétouan-Al Hoceïma,Restaurant sans nom,Restaurant,Formel,Restaurant sans nom,35.726041,-5.911256,icons/restaurant.png,OSM
Tanger-Tétouan-Al Hoceïma,Boulangerie sans nom,Boulangerie,Formel,Boulangerie sans nom,35.7874762,-5.8102738,icons/bakery.png,OSM
Tanger-Tétouan-Al Hoceïma,Café sans nom,Café,Formel,Café sans nom,35.4659149,-6.0385093,icons/cafe.png,OSM
Tanger-Tétouan-Al Hoceïma,Jus Farid,Restaurant,Formel,Jus Farid,35.4656595,-6.038862,icons/restaurant.png,OSM
Tanger-Tétouan-Al Hoceïma,Hanafta,Café,Formel,Hanafta,35.7907351,-5.8185855,icons/cafe.png,OSM
Tanger-Tétouan-Al Hoceïma,Weekly Market,Épicerie,Informel,Weekly Market,35.3191164,-5.3569768,icons/greengrocer.png,OSM
Tanger-Tétouan-Al Hoceïma,Restaurant and Café Miranda,Restaurant,Formel,Restaurant and Café Miranda,35.7149989,-5.9056615,icons/restaurant.png,OSM
Tanger-Tétouan-Al Hoceïma,Chicken Mbarek,Restaurant,Formel,Rue AlMansour Edahbi,35.7774666,-5.8097411,icons/restaurant.png,OSM
Tanger-Tétouan-Al Hoceïma,Supermarché sans nom,Supermarché,Formel,Supermarché sans nom,35.6024869,-5.3345225,icons/supermarket.png,OSM
Tanger-Tétouan-Al Hoceïma,Telepizza,Restaurant,Formel,Telepizza,35.8890933,-5.3103478,icons/restaurant.png,OSM
Tanger-Tétouan-Al Hoceïma,Marché central d'asilah,Épicerie,Informel,Marché central d'asilah,35.4664912,-6.0321228,icons/greengrocer.png,OSM
Tanger-Tétouan-Al Hoceïma,Souk of Khelalfa,Épicerie,Informel,Souk of Khelalfa,34.6554421,-4.6484745,icons/greengrocer.png,OSM
Tanger-Tétouan-Al Hoceïma,Épicerie sans nom,Épicerie,Informel,Épicerie sans nom,34.5877958,-4.6183699,icons/greengrocer.png,OSM
Tanger-Tétouan-Al Hoceïma,Parapharmacie sans nom,Parapharmacie,Formel,Parapharmacie sans nom,34.6699398,-4.6212463,icons/pharmacy.png,OSM
Tanger-Tétouan-Al Hoceïma,Café sans nom,Café,Formel,Café sans nom,34.6823267,-4.62476,icons/cafe.png,OSM
Tanger-Tétouan-Al Hoceïma,La Paloma,Restaurant,Formel,Avenue 9 Avril,35.5650179,-5.4120129,icons/restaurant.png,OSM
Tanger-Tétouan-Al Hoceïma,Escargots الببوش,Épicerie,Informel,Escargots الببوش,34.7970326,-5.5797287,icons/greengrocer.png,OSM
Tanger-Tétouan-Al Hoceïma,Mercado Central,Épicerie,Informel,Ceuta,35.8876714,-5.3131849,icons/greengrocer.png,OSM
Tanger-Tétouan-Al Hoceïma,Épicerie sans nom,Épicerie,Informel,طنجة,35.7832573,-5.8118097,icons/greengrocer.png,OSM
Tanger-Tétouan-Al Hoceïma,Marche Gros,Épicerie,Informel,Marche Gros,35.5670563,-5.3974024,icons/greengrocer.png,OSM
Tanger-Tétouan-Al Hoceïma,Plaza,Épicerie,Informel,Plaza,35.1950763,-6.15561,icons/greengrocer.png,OSM
Tanger-Tétouan-Al Hoceïma,Zaitouna مقهى الزيتونة,Café,Formel,Zaitouna مقهى الزيتونة,34.7974801,-5.5722068,icons/cafe.png,OSM
Tanger-Tétouan-Al Hoceïma,Épicerie sans nom,Épicerie,Informel,Épicerie sans nom,34.7970386,-5.5777441,icons/greengrocer.png,OSM
Tanger-Tétouan-Al Hoceïma,Marché Central De Poissons,Épicerie,Informel,Marché Central De Poissons,35.7839881,-5.8116449,icons/greengrocer.png,OSM
Tanger-Tétouan-Al Hoceïma,Épicerie sans nom,Épicerie,Informel,Épicerie sans nom,34.7981168,-5.5787884,icons/greengrocer.png,OSM
Tanger-Tétouan-Al Hoceïma,Étoile de Ouazzane نجمة وزان,Café,Formel,Étoile de Ouazzane نجمة وزان,34.7960017,-5.5660099,icons/cafe.png,OSM
Tanger-Tétouan-Al Hoceïma,Balima,Café,Formel,Balima,34.7959575,-5.5658397,icons/cafe.png,OSM
Tanger-Tétouan-Al Hoceïma,Café sans nom,Café,Formel,Café sans nom,34.7958145,-5.5679221,icons/cafe.png,OSM
Tanger-Tétouan-Al Hoceïma,Épicerie sans nom,Épicerie,Informel,Épicerie sans nom,35.1681205,-5.2664003,icons/greengrocer.png,OSM
Tanger-Tétouan-Al Hoceïma,Souq al-Jumla سوق الجملة,Épicerie,Informel,Al Oqssor,35.7485878,-5.7964254,icons/greengrocer.png,OSM
Tanger-Tétouan-Al Hoceïma,Comedia,Restaurant,Formel,Comedia,35.7796768,-5.8072922,icons/restaurant.png,OSM
Tanger-Tétouan-Al Hoceïma,Cafe Terrasse Boulevard,Restaurant,Formel,Cafe Terrasse Boulevard,35.7799113,-5.8072613,icons/restaurant.png,OSM
Tanger-Tétouan-Al Hoceïma,Passion,Restaurant,Formel,Passion,35.7797709,-5.8074856,icons/restaurant.png,OSM
Tanger-Tétouan-Al Hoceïma,Épicerie sans nom,Épicerie,Informel,Épicerie sans nom,35.0661758,-6.0899497,icons/greengrocer.png,OSM
Tanger-Tétouan-Al Hoceïma,Épicerie sans nom,Épicerie,Informel,Épicerie sans nom,35.2027629,-4.6654253,icons/greengrocer.png,OSM
Tanger-Tétouan-Al Hoceïma,Marché Central,Épicerie,Informel,Marché Central,35.5682081,-5.3715298,icons/greengrocer.png,OSM
Tanger-Tétouan-Al Hoceïma,Souq Souani,Épicerie,Informel,Boulevard Abbi Chaib Doukali,35.7713379,-5.8244377,icons/greengrocer.png,OSM
Tanger-Tétouan-Al Hoceïma,Épicerie sans nom,Épicerie,Informel,Épicerie sans nom,34.8066085,-5.5521904,icons/greengrocer.png,OSM
Tanger-Tétouan-Al Hoceïma,Restaurant sans nom,Restaurant,Formel,Restaurant sans nom,35.1984106,-6.1486287,icons/restaurant.png,OSM
Tanger-Tétouan-Al Hoceïma,Chez Jawad,Restaurant,Formel,Chez Jawad,35.1981425,-6.1478289,icons/restaurant.png,OSM
Tanger-Tétouan-Al Hoceïma,Miramar,Restaurant,Formel,Miramar,35.1987735,-6.1510798,icons/restaurant.png,OSM
Tanger-Tétouan-Al Hoceïma,Loukos,Restaurant,Formel,Loukos,35.1984379,-6.1471978,icons/restaurant.png,OSM
Tanger-Tétouan-Al Hoceïma,Épicerie sans nom,Épicerie,Informel,Épicerie sans nom,35.7785438,-5.8138962,icons/greengrocer.png,OSM
Tanger-Tétouan-Al Hoceïma,Granada,Restaurant,Formel,Tetuán,35.5721014,-5.3741051,icons/restaurant.png,OSM
Tanger-Tétouan-Al Hoceïma,Cafe El Khaima Granada,Café,Formel,Cafe El Khaima Granada,35.5722132,-5.374531,icons/cafe.png,OSM
Tanger-Tétouan-Al Hoceïma,Tres Caminos,Supermarché,Formel,Tres Caminos,35.773687,-5.7976655,icons/supermarket.png,OSM
Tanger-Tétouan-Al Hoceïma,Pizza Ibiza,Restaurant,Formel,Avenue Moulay Hafid Ibn Abdelaziz,35.7661273,-5.8256396,icons/restaurant.png,OSM
Tanger-Tétouan-Al Hoceïma,Baba Ahmed Mini Market,Supérette / Mini-market,Formel,Rue Ibn Battouta,35.7687533,-5.8260859,icons/convenience.png,OSM
Tanger-Tétouan-Al Hoceïma,Boulangerie sans nom,Boulangerie,Formel,Rue Ibn Battouta,35.7700735,-5.8262265,icons/bakery.png,OSM
Tanger-Tétouan-Al Hoceïma,Boulangerie sans nom,Boulangerie,Formel,Rue Ibn Battouta,35.7694263,-5.8262505,icons/bakery.png,OSM
Tanger-Tétouan-Al Hoceïma,Supérette / Mini-market sans nom,Supérette / Mini-market,Formel,Rue Atlas,35.7685173,-5.8254794,icons/convenience.png,OSM
Tanger-Tétouan-Al Hoceïma,Cafe Magana,Restaurant,Formel,Rue Ibn Battouta,35.7690341,-5.8260078,icons/restaurant.png,OSM
Tanger-Tétouan-Al Hoceïma,Restaurant sans nom,Restaurant,Formel,Avenue Lay'th Bnou Saad,35.7693666,-5.8297287,icons/restaurant.png,OSM
Tanger-Tétouan-Al Hoceïma,Rotana Café,Restaurant,Formel,Avenue D'Anfa,35.7704411,-5.8259524,icons/restaurant.png,OSM
Tanger-Tétouan-Al Hoceïma,My Délices,Boutique de confiserie,Informel,My Délices,35.7685161,-5.8171079,icons/confectionery.png,OSM
Tanger-Tétouan-Al Hoceïma,Cafe Al Hilal,Restaurant,Formel,Cafe Al Hilal,35.7580111,-5.7889834,icons/restaurant.png,OSM
Tanger-Tétouan-Al Hoceïma,La Terasse D'or,Restaurant,Formel,Avenue Al Quds,35.7400875,-5.7999827,icons/restaurant.png,OSM
Tanger-Tétouan-Al Hoceïma,Cafe Glory,Restaurant,Formel,Cafe Glory,35.7368277,-5.7991954,icons/restaurant.png,OSM
Tanger-Tétouan-Al Hoceïma,Cafe Akram,Restaurant,Formel,Cafe Akram,35.7261124,-5.811723,icons/restaurant.png,OSM
Tanger-Tétouan-Al Hoceïma,Creme Caramelo,Restaurant,Formel,Avenue Al Quds,35.7205869,-5.8043273,icons/restaurant.png,OSM
Tanger-Tétouan-Al Hoceïma,Café Al Woroud Café Salon De Thé,Restaurant,Formel,Café Al Woroud Café Salon De Thé,35.7257271,-5.8136938,icons/restaurant.png,OSM
Tanger-Tétouan-Al Hoceïma,Liege,Café,Formel,Rue 1,35.7262012,-5.8041944,icons/cafe.png,OSM
Tanger-Tétouan-Al Hoceïma,Cafe Nassim,Café,Formel,Avenue Aicha al-Moussafir,35.732867,-5.8060985,icons/cafe.png,OSM
Tanger-Tétouan-Al Hoceïma,Restaurant sans nom,Restaurant,Formel,Rue 70,35.7356766,-5.8020663,icons/restaurant.png,OSM
Tanger-Tétouan-Al Hoceïma,Boutique de confiserie sans nom,Boutique de confiserie,Informel,Rue 37,35.7371007,-5.8065813,icons/confectionery.png,OSM
Tanger-Tétouan-Al Hoceïma,Boulangerie El Patisserie Micadem,Boutique de confiserie,Informel,Boulangerie El Patisserie Micadem,35.7373227,-5.8079709,icons/confectionery.png,OSM
Tanger-Tétouan-Al Hoceïma,Boulangerie sans nom,Boulangerie,Formel,Rue 1,35.7409009,-5.8079018,icons/bakery.png,OSM
Tanger-Tétouan-Al Hoceïma,Cafe El Mers,Café,Formel,Cafe El Mers,35.7351911,-5.8181638,icons/cafe.png,OSM
Tanger-Tétouan-Al Hoceïma,Laiteril Al Mers,Restaurant,Formel,Laiteril Al Mers,35.7404263,-5.8287541,icons/restaurant.png,OSM
Tanger-Tétouan-Al Hoceïma,Supérette / Mini-market sans nom,Supérette / Mini-market,Formel,Supérette / Mini-market sans nom,35.7404848,-5.8280283,icons/convenience.png,OSM
Tanger-Tétouan-Al Hoceïma,Boutique de confiserie sans nom,Boutique de confiserie,Informel,Boutique de confiserie sans nom,35.7400632,-5.8262754,icons/confectionery.png,OSM
Tanger-Tétouan-Al Hoceïma,Café Alrabie,Café,Formel,Café Alrabie,35.7367137,-5.8221112,icons/cafe.png,OSM
Tanger-Tétouan-Al Hoceïma,Pharmacie Maha صيدلية مها,Parapharmacie,Formel,Tanger,35.7363161,-5.8218884,icons/pharmacy.png,OSM
Tanger-Tétouan-Al Hoceïma,Boulangerie sans nom,Boulangerie,Formel,Rue 37,35.737194,-5.807101,icons/bakery.png,OSM
Tanger-Tétouan-Al Hoceïma,Café Dina,Café,Formel,Café Dina,35.7404216,-5.8116375,icons/cafe.png,OSM
Tanger-Tétouan-Al Hoceïma,Chez Mario Pizzeria,Restaurant,Formel,Chez Mario Pizzeria,35.7449836,-5.8453798,icons/restaurant.png,OSM
Tanger-Tétouan-Al Hoceïma,McDonald's,Restaurant,Formel,Avenue des Forces Armées Royales,35.7446958,-5.844333,icons/restaurant.png,OSM
Tanger-Tétouan-Al Hoceïma,Moule à Gâteau,Boulangerie,Formel,Avenue de Genévriers,35.7575481,-5.837599,icons/bakery.png,OSM
Tanger-Tétouan-Al Hoceïma,Boulangerie Patisseríe Samadi,Boulangerie,Formel,Boulangerie Patisseríe Samadi,35.7509283,-5.8427924,icons/bakery.png,OSM
Tanger-Tétouan-Al Hoceïma,Paname Station,Restaurant,Formel,Paname Station,35.7493693,-5.8434043,icons/restaurant.png,OSM
Tanger-Tétouan-Al Hoceïma,Magna Plaza,Restaurant,Formel,Avenue Allal Al Fassi,35.5896537,-5.3446456,icons/restaurant.png,OSM
Tanger-Tétouan-Al Hoceïma,Nourain,Restaurant,Formel,Avenue Boujdour,35.6848303,-5.3276739,icons/restaurant.png,OSM
Tanger-Tétouan-Al Hoceïma,Sea Dream,Restaurant,Formel,Avenue Annaser,35.6899548,-5.3299043,icons/restaurant.png,OSM
Tanger-Tétouan-Al Hoceïma,Palmera Smir,Restaurant,Formel,Palmera Smir,35.7503343,-5.3465424,icons/restaurant.png,OSM
Tanger-Tétouan-Al Hoceïma,Al Faouz Supermarché,Supermarché,Formel,Boulevard Moulay Rachid,35.7653133,-5.835702,icons/supermarket.png,OSM
Tanger-Tétouan-Al Hoceïma,La Perla,Restaurant,Formel,Avenue de Genévriers,35.7555374,-5.8342898,icons/restaurant.png,OSM
Tanger-Tétouan-Al Hoceïma,Blue Sky Restaurant,Restaurant,Formel,Avenue Lalla Nezha,35.6852869,-5.3218528,icons/restaurant.png,OSM
Tanger-Tétouan-Al Hoceïma,Olas,Restaurant,Formel,Avenue Lalla Nezha,35.6850662,-5.3217101,icons/restaurant.png,OSM
Tanger-Tétouan-Al Hoceïma,Super Marché Riad,Supermarché,Formel,Super Marché Riad,35.7411431,-5.879091,icons/supermarket.png,OSM
Tanger-Tétouan-Al Hoceïma,Pharmacie Najid,Parapharmacie,Formel,Pharmacie Najid,35.70349,-5.9007274,icons/pharmacy.png,OSM
Tanger-Tétouan-Al Hoceïma,Café Oasis,Café,Formel,Café Oasis,35.715766,-5.9051452,icons/cafe.png,OSM
Tanger-Tétouan-Al Hoceïma,Café Disney,Café,Formel,Avenue Moulay Rachid,35.6212586,-5.2733305,icons/cafe.png,OSM
Tanger-Tétouan-Al Hoceïma,Sinbad,Restaurant,Formel,Sinbad,35.7073792,-5.9063828,icons/restaurant.png,OSM
Tanger-Tétouan-Al Hoceïma,Épicerie sans nom,Épicerie,Informel,Épicerie sans nom,35.4227852,-5.120449,icons/greengrocer.png,OSM
Tanger-Tétouan-Al Hoceïma,Carrefour,Supermarché,Formel,Boulevard Ahmed Balafrej,35.5782388,-5.333927,icons/supermarket.png,OSM
Tanger-Tétouan-Al Hoceïma,Épicerie sans nom,Épicerie,Informel,Épicerie sans nom,35.2563897,-5.8323626,icons/greengrocer.png,OSM
Tanger-Tétouan-Al Hoceïma,Café Ben hlala,Café,Formel,Café Ben hlala,35.110665,-5.4401986,icons/cafe.png,OSM
Tanger-Tétouan-Al Hoceïma,Khazan Law خزان لو,Café,Formel,Khazan Law خزان لو,35.2473685,-5.2873687,icons/cafe.png,OSM
Tanger-Tétouan-Al Hoceïma,Espace Adam,Restaurant,Formel,Espace Adam,35.435612,-5.1087798,icons/restaurant.png,OSM
Tanger-Tétouan-Al Hoceïma,Marche Centrale,Épicerie,Informel,Marche Centrale,35.1793967,-6.1504506,icons/greengrocer.png,OSM
Tanger-Tétouan-Al Hoceïma,Salama,Restaurant,Formel,Salama,35.0178091,-5.9734596,icons/restaurant.png,OSM
Tanger-Tétouan-Al Hoceïma,La Perla Achakar,Restaurant,Formel,La Perla Achakar,35.7602489,-5.9387596,icons/restaurant.png,OSM
Tanger-Tétouan-Al Hoceïma,Restaurant Babylon,Restaurant,Formel,Restaurant Babylon,35.6551021,-5.2913817,icons/restaurant.png,OSM
Tanger-Tétouan-Al Hoceïma,Épicerie sans nom,Épicerie,Informel,Épicerie sans nom,35.5743851,-5.3960626,icons/greengrocer.png,OSM
Tanger-Tétouan-Al Hoceïma,Carrefour Market,Supermarché,Formel,Carrefour Market,35.5853139,-5.3415554,icons/supermarket.png,OSM
Tanger-Tétouan-Al Hoceïma,El Manar,Restaurant,Formel,El Manar,35.5597112,-5.5009761,icons/restaurant.png,OSM
Tanger-Tétouan-Al Hoceïma,California Coffee House,Café,Formel,California Coffee House,35.5858732,-5.3346363,icons/cafe.png,OSM
Tanger-Tétouan-Al Hoceïma,SEPTI,Boulangerie,Formel,SEPTI,35.8913057,-5.325,icons/bakery.png,OSM
Tanger-Tétouan-Al Hoceïma,Mercadona,Supermarché,Formel,Mercadona,35.8920279,-5.3242465,icons/supermarket.png,OSM
Tanger-Tétouan-Al Hoceïma,Épicerie sans nom,Épicerie,Informel,Épicerie sans nom,34.8665625,-4.6797225,icons/greengrocer.png,OSM
Tanger-Tétouan-Al Hoceïma,Mercadona,Supermarché,Formel,Ceuta,35.8807869,-5.335612,icons/supermarket.png,OSM
Tanger-Tétouan-Al Hoceïma,Mercado de San José,Épicerie,Informel,Mercado de San José,35.8853487,-5.3315563,icons/greengrocer.png,OSM
Tanger-Tétouan-Al Hoceïma,Supérette / Mini-market sans nom,Supérette / Mini-market,Formel,Supérette / Mini-market sans nom,34.9200445,-5.7837197,icons/convenience.png,OSM
Tanger-Tétouan-Al Hoceïma,Café sans nom,Café,Formel,Café sans nom,34.9174421,-5.7783338,icons/cafe.png,OSM
Tanger-Tétouan-Al Hoceïma,Café Moltaka,Café,Formel,Mechra Bel Ksiri,34.5773734,-5.9555403,icons/cafe.png,OSM
Tanger-Tétouan-Al Hoceïma,Marché local,Épicerie,Informel,Mechra Bel Ksiri,34.5753456,-5.9596812,icons/greengrocer.png,OSM
Tanger-Tétouan-Al Hoceïma,Restaurant sans nom,Restaurant,Formel,"boukhalf, Tanger طنجة",35.7361289,-5.8904415,icons/restaurant.png,OSM
Tanger-Tétouan-Al Hoceïma,Marché de Proximité Boukhalef,Épicerie,Informel,"irfane 1, boukhalf, Tanger طنجة",35.7381796,-5.8819259,icons/greengrocer.png,OSM
Tanger-Tétouan-Al Hoceïma,Atacadão,Supermarché,Formel,Atacadão,35.7279879,-5.8868323,icons/supermarket.png,OSM
Tanger-Tétouan-Al Hoceïma,Souk El Mers,Épicerie,Informel,Souk El Mers,35.7357722,-5.8195504,icons/greengrocer.png,OSM
Tanger-Tétouan-Al Hoceïma,Souk Mghogha,Épicerie,Informel,Souk Mghogha,35.7536261,-5.7837001,icons/greengrocer.png,OSM
Tanger-Tétouan-Al Hoceïma,Pharmacie Badriouene,Parapharmacie,Formel,Pharmacie Badriouene,35.7091808,-5.8782868,icons/pharmacy.png,OSM
Tanger-Tétouan-Al Hoceïma,Épicerie sans nom,Épicerie,Informel,Épicerie sans nom,35.6518547,-5.7327521,icons/greengrocer.png,OSM
Tanger-Tétouan-Al Hoceïma,Épicerie sans nom,Épicerie,Informel,Épicerie sans nom,35.0843194,-4.3861775,icons/greengrocer.png,OSM
Tanger-Tétouan-Al Hoceïma,Al Khaima,Restaurant,Formel,Al Khaima,35.4743573,-6.0259989,icons/restaurant.png,OSM
Tanger-Tétouan-Al Hoceïma,Vega M6,Restaurant,Formel,Vega M6,35.1962342,-6.1551124,icons/restaurant.png,OSM
Tanger-Tétouan-Al Hoceïma,Épicerie sans nom,Épicerie,Informel,Épicerie sans nom,35.7074297,-5.9071636,icons/greengrocer.png,OSM
Tanger-Tétouan-Al Hoceïma,تغذية عامة,Supermarché,Formel,تغذية عامة,35.6159147,-5.2996326,icons/supermarket.png,OSM
Tanger-Tétouan-Al Hoceïma,Crispy,Restaurant,Formel,"Ave Tarik Ibn Ziad, Souk El Arba Du Gharb ⵙⵓⵇ ⵍⴰⵔⴱⵄⴰ ⵏ ⵍⵖⴰⵔⴱ سوق الأربعاء الغرب",34.6864126,-6.0011398,icons/restaurant.png,OSM
Tanger-Tétouan-Al Hoceïma,Épicerie sans nom,Épicerie,Informel,Épicerie sans nom,34.6858512,-6.0002644,icons/greengrocer.png,OSM
Tanger-Tétouan-Al Hoceïma,Épicerie sans nom,Épicerie,Informel,Épicerie sans nom,34.6867283,-6.0000164,icons/greengrocer.png,OSM
Tanger-Tétouan-Al Hoceïma,Café Restaurant Les Boulistes,Café,Formel,Café Restaurant Les Boulistes,34.6833168,-6.004915,icons/cafe.png,OSM
Tanger-Tétouan-Al Hoceïma,Café Istanbul,Café,Formel,Café Istanbul,34.6825532,-6.0140131,icons/cafe.png,OSM
Tanger-Tétouan-Al Hoceïma,Épicerie sans nom,Épicerie,Informel,Épicerie sans nom,35.140397,-4.1346501,icons/greengrocer.png,OSM
Tanger-Tétouan-Al Hoceïma,Malibu,Café,Formel,Malibu,35.1966261,-6.1544655,icons/cafe.png,OSM
Tanger-Tétouan-Al Hoceïma,pharmacie benkiran,Parapharmacie,Formel,pharmacie benkiran,35.7603695,-5.7884321,icons/pharmacy.png,OSM
Tanger-Tétouan-Al Hoceïma,El Agal,Épicerie,Informel,El Agal,35.0278608,-6.0660329,icons/greengrocer.png,OSM
Tanger-Tétouan-Al Hoceïma,Café sans nom,Café,Formel,Café sans nom,35.0332946,-6.0652837,icons/cafe.png,OSM
Tanger-Tétouan-Al Hoceïma,Épicerie sans nom,Épicerie,Informel,Épicerie sans nom,35.1410426,-4.1351323,icons/greengrocer.png,OSM
Tanger-Tétouan-Al Hoceïma,Aroma,Restaurant,Formel,Tanger,35.7718736,-5.7684489,icons/restaurant.png,OSM
Tanger-Tétouan-Al Hoceïma,Épicerie sans nom,Épicerie,Informel,Épicerie sans nom,34.6096545,-5.9496057,icons/greengrocer.png,OSM
Tanger-Tétouan-Al Hoceïma,Épicerie sans nom,Épicerie,Informel,Épicerie sans nom,35.1862791,-6.1525773,icons/greengrocer.png,OSM
Tanger-Tétouan-Al Hoceïma,Marché du gros,Épicerie,Informel,Marché du gros,35.1795603,-6.1513427,icons/greengrocer.png,OSM
Tanger-Tétouan-Al Hoceïma,Bar Restaurante Rigoletto,Restaurant,Formel,Bar Restaurante Rigoletto,35.8896415,-5.3116208,icons/restaurant.png,OSM
Tanger-Tétouan-Al Hoceïma,Souk Casabarata,Épicerie,Informel,Souk Casabarata,35.7654431,-5.82184,icons/greengrocer.png,OSM
Tanger-Tétouan-Al Hoceïma,Souk casabarata,Épicerie,Informel,Souk casabarata,35.7642934,-5.8213079,icons/greengrocer.png,OSM
Tanger-Tétouan-Al Hoceïma,Terrasse So Phare,Restaurant,Formel,Terrasse So Phare,35.7907962,-5.9233529,icons/restaurant.png,OSM
Tanger-Tétouan-Al Hoceïma,Restaurant sans nom,Restaurant,Formel,Restaurant sans nom,35.2389385,-5.1704658,icons/restaurant.png,OSM
Tanger-Tétouan-Al Hoceïma,Restaurant sans nom,Restaurant,Formel,Restaurant sans nom,35.7612989,-5.8408973,icons/restaurant.png,OSM
Tanger-Tétouan-Al Hoceïma,Restaurant sans nom,Restaurant,Formel,Restaurant sans nom,35.8872257,-5.3170113,icons/restaurant.png,OSM
