Zone,Nom,Catégorie,Statut,Adresse,Latitude,Longitude,Image,Source
L'Oriental,Retaurant de l'hôtel,Restaurant,Formel,Retaurant de l'hôtel,34.8670584,-1.3169643,icons/restaurant.png,OSM
L'Oriental,Supérette / Mini-market sans nom,Supérette / Mini-market,Formel,Supérette / Mini-market sans nom,34.8950827,-1.3293672,icons/convenience.png,OSM
L'Oriental,Zerga,Supérette / Mini-market,Formel,Zerga,34.8775831,-1.3221679,icons/convenience.png,OSM
L'Oriental,Café sans nom,Café,Formel,Café sans nom,34.8770693,-1.3243354,icons/cafe.png,OSM
L'Oriental,Le café Suisse,Café,Formel,Le café Suisse,34.8886236,-1.3269595,icons/cafe.png,OSM
L'Oriental,Parapharmacie sans nom,Parapharmacie,Formel,تلمسان,34.8881311,-1.3263523,icons/pharmacy.png,OSM
L'Oriental,Boulangerie sans nom,Boulangerie,Formel,Boulangerie sans nom,34.8843124,-1.3258276,icons/bakery.png,OSM
L'Oriental,LOKBANI,Parapharmacie,Formel,LOKBANI,34.8843244,-1.3257327,icons/pharmacy.png,OSM
L'Oriental,Café sans nom,Café,Formel,Café sans nom,34.8842598,-1.3261554,icons/cafe.png,OSM
L'Oriental,Supérette / Mini-market sans nom,Supérette / Mini-market,Formel,Supérette / Mini-market sans nom,34.8843908,-1.3251725,icons/convenience.png,OSM
L'Oriental,Parapharmacie sans nom,Parapharmacie,Formel,تلمسان,34.8785915,-1.3255593,icons/pharmacy.png,OSM
L'Oriental,Pino,Restaurant,Formel,Boulevard Aïn Sbaa Ali,34.8776709,-1.3257946,icons/restaurant.png,OSM
L'Oriental,Equinox,Restaurant,Formel,Equinox,34.8754306,-1.3246791,icons/restaurant.png,OSM
L'Oriental,Restaurant sans nom,Restaurant,Formel,تلمسان,34.8777547,-1.3230049,icons/restaurant.png,OSM
L'Oriental,Bendimered,Boulangerie,Formel,Bendimered,34.8752378,-1.3172956,icons/bakery.png,OSM
L'Oriental,Café fleur du jour,Café,Formel,Café fleur du jour,34.8781419,-1.3078935,icons/cafe.png,OSM
L'Oriental,Au Bon Gout,Restaurant,Formel,Au Bon Gout,34.8789705,-1.306993,icons/restaurant.png,OSM
L'Oriental,Zeriab,Restaurant,Formel,"Boulevard Mohamed V, Tlemcen",34.8755922,-1.3209887,icons/restaurant.png,OSM
L'Oriental,Café sans nom,Café,Formel,تلمسان,34.8934732,-1.3288461,icons/cafe.png,OSM
L'Oriental,mercadilo,Supermarché,Formel,mercadilo,34.9425562,-2.7331765,icons/supermarket.png,OSM
L'Oriental,ⴰⴳⴰⴷⴰⵣ ⴻⵏ ⵜ'ⵥⴹⵓⴹⵉⵏ,Épicerie,Informel,ⴰⴳⴰⴷⴰⵣ ⴻⵏ ⵜ'ⵥⴹⵓⴹⵉⵏ,34.971458,-3.1502765,icons/greengrocer.png,OSM
L'Oriental,Resto Ambiance Ilyes,Restaurant,Formel,Resto Ambiance Ilyes,34.8826879,-1.3046639,icons/restaurant.png,OSM
L'Oriental,Parapharmacie sans nom,Parapharmacie,Formel,تلمسان,34.8806017,-1.3245232,icons/pharmacy.png,OSM
L'Oriental,Pharmacie Kazi Tani Mohamed,Parapharmacie,Formel,Tlemcen,34.875568,-1.3245903,icons/pharmacy.png,OSM
L'Oriental,Resto,Restaurant,Formel,Resto,34.8644405,-1.3174461,icons/restaurant.png,OSM
L'Oriental,Café sans nom,Café,Formel,Café sans nom,34.8642028,-1.319034,icons/cafe.png,OSM
L'Oriental,Café sans nom,Café,Formel,Café sans nom,34.6166189,-2.4385066,icons/cafe.png,OSM
L'Oriental,Restaurant sans nom,Restaurant,Formel,Restaurant sans nom,34.6165218,-2.438571,icons/restaurant.png,OSM
L'Oriental,Supérette / Mini-market sans nom,Supérette / Mini-market,Formel,Supérette / Mini-market sans nom,34.6166979,-2.438762,icons/convenience.png,OSM
L'Oriental,Restaurant sans nom,Restaurant,Formel,Restaurant sans nom,34.6151439,-2.4398563,icons/restaurant.png,OSM
L'Oriental,Café sans nom,Café,Formel,Café sans nom,34.4094231,-3.1635485,icons/cafe.png,OSM
L'Oriental,Supérette / Mini-market sans nom,Supérette / Mini-market,Formel,Supérette / Mini-market sans nom,34.4096532,-3.1632588,icons/convenience.png,OSM
L'Oriental,Supérette / Mini-market sans nom,Supérette / Mini-market,Formel,Supérette / Mini-market sans nom,34.6149585,-2.4398778,icons/convenience.png,OSM
L'Oriental,Restaurant sans nom,Restaurant,Formel,Restaurant sans nom,34.4112819,-3.1643102,icons/restaurant.png,OSM
L'Oriental,Café sans nom,Café,Formel,Café sans nom,34.615294,-2.4398992,icons/cafe.png,OSM
L'Oriental,Supérette / Mini-market sans nom,Supérette / Mini-market,Formel,Supérette / Mini-market sans nom,34.4109898,-3.1643317,icons/convenience.png,OSM
L'Oriental,Café sans nom,Café,Formel,Café sans nom,34.4111226,-3.1643639,icons/cafe.png,OSM
L'Oriental,Restaurant sans nom,Restaurant,Formel,Restaurant sans nom,34.4096001,-3.163645,icons/restaurant.png,OSM
L'Oriental,Pharmacie Belkaddar صيدلية بلقدار,Parapharmacie,Formel,Taourirt تاوريرت,34.4159088,-2.8932854,icons/pharmacy.png,OSM
L'Oriental,Café sans nom,Café,Formel,Café sans nom,34.4148993,-2.8943156,icons/cafe.png,OSM
L'Oriental,Restaurant sans nom,Restaurant,Formel,Restaurant sans nom,34.4130137,-2.893718,icons/restaurant.png,OSM
L'Oriental,Café sans nom,Café,Formel,Café sans nom,34.4130237,-2.8939694,icons/cafe.png,OSM
L'Oriental,Boulangerie sans nom,Boulangerie,Formel,Boulangerie sans nom,34.4128445,-2.8939694,icons/bakery.png,OSM
L'Oriental,Café sans nom,Café,Formel,Café sans nom,34.4125545,-2.8944552,icons/cafe.png,OSM
L'Oriental,Restaurant sans nom,Restaurant,Formel,Restaurant sans nom,34.4125082,-2.8939816,icons/restaurant.png,OSM
L'Oriental,Restaurant sans nom,Restaurant,Formel,Restaurant sans nom,34.4124921,-2.8948823,icons/restaurant.png,OSM
L'Oriental,Restaurant sans nom,Restaurant,Formel,Restaurant sans nom,34.4133902,-2.8942819,icons/restaurant.png,OSM
L'Oriental,Café sans nom,Café,Formel,Café sans nom,34.4138252,-2.8941574,icons/cafe.png,OSM
L'Oriental,Café sans nom,Café,Formel,Café sans nom,34.4141635,-2.8945577,icons/cafe.png,OSM
L'Oriental,Café sans nom,Café,Formel,Café sans nom,34.4146005,-2.8970352,icons/cafe.png,OSM
L'Oriental,Café sans nom,Café,Formel,Café sans nom,34.4131285,-2.8934324,icons/cafe.png,OSM
L'Oriental,Restaurant sans nom,Restaurant,Formel,Restaurant sans nom,34.413789,-2.8936033,icons/restaurant.png,OSM
L'Oriental,Café sans nom,Café,Formel,Café sans nom,34.415857,-2.8949482,icons/cafe.png,OSM
L'Oriental,Café sans nom,Café,Formel,Café sans nom,34.409844,-2.8975893,icons/cafe.png,OSM
L'Oriental,Café sans nom,Café,Formel,Café sans nom,34.4102246,-2.8972305,icons/cafe.png,OSM
L'Oriental,Restaurant Complexe Riyad 3,Restaurant,Formel,Restaurant Complexe Riyad 3,34.807741,-2.4117519,icons/restaurant.png,OSM
L'Oriental,Al Firdaous,Restaurant,Formel,Al Firdaous,34.908365,-1.3213343,icons/restaurant.png,OSM
L'Oriental,Café Petra,Café,Formel,Boulevard Mohammed V,34.6825515,-1.9158737,icons/cafe.png,OSM
L'Oriental,L'Excellence Délice Café,Café,Formel,"Boulevard Mohammed V, Oujda",34.6822316,-1.9163364,icons/cafe.png,OSM
L'Oriental,La Defense Café,Café,Formel,"Boulevard Mohammed V, Oujda",34.6808727,-1.9177871,icons/cafe.png,OSM
L'Oriental,Café Rihab,Café,Formel,"Boulevard Moulay Idriss Al Akbar, Oujda",34.678355,-1.9192075,icons/cafe.png,OSM
L'Oriental,Souk Al Qods,Épicerie,Informel,Souk Al Qods,34.680695,-1.9084975,icons/greengrocer.png,OSM
L'Oriental,Café Le Prince,Café,Formel,"Place La Douane, Oujda",34.6915917,-1.9074503,icons/cafe.png,OSM
L'Oriental,Café Salazar,Café,Formel,"Boulevard Brahim Roudani, Oujda",34.6759793,-1.8757829,icons/cafe.png,OSM
L'Oriental,Café Marrakech,Café,Formel,"Boulevard Brahim Roudani, Oujda",34.6764849,-1.8805842,icons/cafe.png,OSM
L'Oriental,Restaurant De France,Restaurant,Formel,"Boulevard Mohammed V, Oujda",34.6826408,-1.9164414,icons/restaurant.png,OSM
L'Oriental,Café Colombo,Café,Formel,Café Colombo,34.6825813,-1.9165272,icons/cafe.png,OSM
L'Oriental,Café Annakhil,Café,Formel,Café Annakhil,34.6838528,-1.9163227,icons/cafe.png,OSM
L'Oriental,Café Rosalia,Café,Formel,Boulevard Mohammed V,34.682492,-1.9159514,icons/cafe.png,OSM
L'Oriental,Café Trocadero,Café,Formel,"Boulevard Allal Ben Abdallah, Oujda",34.6794135,-1.9197189,icons/cafe.png,OSM
L'Oriental,Café Design,Café,Formel,"Boulevard Mohammed V, Oujda",34.6817735,-1.917287,icons/cafe.png,OSM
L'Oriental,Café Arsenal,Café,Formel,Boulevard Mohammed V,34.6823222,-1.9162196,icons/cafe.png,OSM
L'Oriental,Marché Al Massira,Épicerie,Informel,Marché Al Massira,34.7002352,-1.9187711,icons/greengrocer.png,OSM
L'Oriental,Espace Numerique,Café,Formel,"Rue Abdelaziz El Fechtali, Oujda",34.6876123,-1.9200877,icons/cafe.png,OSM
L'Oriental,Café Cristal,Café,Formel,Café Cristal,34.6724002,-1.9175392,icons/cafe.png,OSM
L'Oriental,Restaurant El Kabados,Restaurant,Formel,Boulevard Omar Ibn Al Khattab,34.6723598,-1.9160314,icons/restaurant.png,OSM
L'Oriental,Café Belle Vue,Café,Formel,Café Belle Vue,34.6721657,-1.9171094,icons/cafe.png,OSM
L'Oriental,Café Pyramide,Café,Formel,Café Pyramide,34.6805898,-1.9191452,icons/cafe.png,OSM
L'Oriental,Café Al Bahia,Café,Formel,"Boulevard Zerktouni, Oujda",34.6808103,-1.9189195,icons/cafe.png,OSM
L'Oriental,Café Le Trésor,Café,Formel,Boulevard Mohammed V,34.684001,-1.9155616,icons/cafe.png,OSM
L'Oriental,Sindibad,Restaurant,Formel,"Boulevard Mohammed Derfoufi, Oujda",34.6859429,-1.9167361,icons/restaurant.png,OSM
L'Oriental,Café Jeddah,Café,Formel,Café Jeddah,34.6852488,-1.914829,icons/cafe.png,OSM
L'Oriental,Café La Foire,Café,Formel,Café La Foire,34.6757913,-1.9281586,icons/cafe.png,OSM
L'Oriental,Café Venise,Café,Formel,Boulevard Mohammed V,34.6954942,-1.9038672,icons/cafe.png,OSM
L'Oriental,Café sans nom,Café,Formel,Café sans nom,34.7080582,-1.8920976,icons/cafe.png,OSM
L'Oriental,Pharmacie de La Gare صيدلية المحطة,Parapharmacie,Formel,"1 Place de la Gare, Boulevard El Hansali, Place de la Gare, Oujda وجدة",34.680722,-1.9220727,icons/pharmacy.png,OSM
L'Oriental,Pharmacie Mouslim صيدلية مسلم,Parapharmacie,Formel,"Boulevard Mohammed V, Oujda",34.6831136,-1.9160562,icons/pharmacy.png,OSM
L'Oriental,Pharmacie La Salle Couverte صيدلية القاعة المغطاة,Parapharmacie,Formel,"Rue 5, Hay Khalloufi, Oujda",34.6740316,-1.9285056,icons/pharmacy.png,OSM
L'Oriental,Pharmacie Chrif صيدلية الشريف,Parapharmacie,Formel,"Boulevard Abderahim Bouabid, Oujda",34.6772616,-1.8891874,icons/pharmacy.png,OSM
L'Oriental,Café Ophéon,Café,Formel,"Angle Boulevard Hassan II et Boulevard Mohammed VI, Boulevard Mohammed VI, Oujda",34.664374,-1.9069091,icons/cafe.png,OSM
L'Oriental,Pharmacie Ain Sarrak صيدلية عين السراق,Parapharmacie,Formel,"Route Aouinet Serrak, Oujda",34.6579575,-1.9218621,icons/pharmacy.png,OSM
L'Oriental,Café Karam,Café,Formel,Café Karam,34.6682594,-1.9318511,icons/cafe.png,OSM
L'Oriental,Parapharmacie sans nom,Parapharmacie,Formel,Parapharmacie sans nom,34.8694632,-1.334881,icons/pharmacy.png,OSM
L'Oriental,Parapharmacie sans nom,Parapharmacie,Formel,المنصورة,34.8875584,-1.3398283,icons/pharmacy.png,OSM
L'Oriental,Restaurant sans nom,Restaurant,Formel,Restaurant sans nom,34.6808476,-1.923131,icons/restaurant.png,OSM
L'Oriental,Boutique El Baghdadi,Supérette / Mini-market,Formel,"Rue Bedjaoui Chaouche Ahmed, Tlemcen",34.878529,-1.3203194,icons/convenience.png,OSM
L'Oriental,Parapharmacie sans nom,Parapharmacie,Formel,تلمسان,34.8785137,-1.3186535,icons/pharmacy.png,OSM
L'Oriental,Resto,Restaurant,Formel,مغنية,34.8437906,-1.7593742,icons/restaurant.png,OSM
L'Oriental,Café Crèmerie Le Dauphin,Café,Formel,"Boulevard Mohammed VI, Oujda",34.6567681,-1.9000319,icons/cafe.png,OSM
L'Oriental,More & Ben's,Restaurant,Formel,"Rue Assair, Oujda",34.6533707,-1.8966778,icons/restaurant.png,OSM
L'Oriental,Brimo Snack,Restaurant,Formel,"Boulevard Zerktouni, Oujda",34.6805009,-1.9194455,icons/restaurant.png,OSM
L'Oriental,Restaurant Nacional,Restaurant,Formel,"Boulevard Allal Ben Abdallah, Oujda",34.6805539,-1.9198479,icons/restaurant.png,OSM
L'Oriental,Restaurant Miami Inn,Restaurant,Formel,"Boulevard Mohammed V, Oujda",34.6816602,-1.9174026,icons/restaurant.png,OSM
L'Oriental,Ramses Pizza,Restaurant,Formel,Boulevard Mohammed V,34.6791326,-1.919004,icons/restaurant.png,OSM
L'Oriental,Le Comme Chez Soi,Restaurant,Formel,"Rue Sijilmassa, Oujda",34.6818081,-1.9183227,icons/restaurant.png,OSM
L'Oriental,Le Dauphin,Restaurant,Formel,"Rue Berkane, Oujda",34.6856988,-1.9174161,icons/restaurant.png,OSM
L'Oriental,Café La Belle D'Orient,Restaurant,Formel,"Boulevard Ahfir, Oujda",34.6880278,-1.9160535,icons/restaurant.png,OSM
L'Oriental,Pharmacie Assafae صيدلية الصفاء,Parapharmacie,Formel,"Rue 226E, وجدة",34.7034449,-1.9220778,icons/pharmacy.png,OSM
L'Oriental,Pharmacie Al Hilal Al Akhdar صيدلية الهلال الأخضر,Parapharmacie,Formel,"Boulevard Brahim Roudani, Oujda",34.6762864,-1.8788408,icons/pharmacy.png,OSM
L'Oriental,Café Farah,Café,Formel,"Boulevard Brahim Roudani, Oujda",34.6762114,-1.8809812,icons/cafe.png,OSM
L'Oriental,Café Ngadi,Café,Formel,Café Ngadi,34.7023553,-1.9195643,icons/cafe.png,OSM
L'Oriental,Café Nagrouz,Café,Formel,Café Nagrouz,34.7016372,-1.9195279,icons/cafe.png,OSM
L'Oriental,Café Oujda Paris,Café,Formel,Café Oujda Paris,34.7001113,-1.9194153,icons/cafe.png,OSM
L'Oriental,Snack Mic-Mac,Restaurant,Formel,Snack Mic-Mac,34.6926972,-1.9180286,icons/restaurant.png,OSM
L'Oriental,Pharmacie Tarik Ibn Ziad صيدلية طارق بن زياد,Parapharmacie,Formel,"Rue Assadiyine, Oujda",34.6943086,-1.9164627,icons/pharmacy.png,OSM
L'Oriental,Café Iceberg,Café,Formel,Oujda,34.6890563,-1.9174658,icons/cafe.png,OSM
L'Oriental,Café Blanche,Café,Formel,Café Blanche,34.6898723,-1.9177823,icons/cafe.png,OSM
L'Oriental,Café Paradise,Café,Formel,"Rue Al Mouahidine, Oujda",34.6843277,-1.9162535,icons/cafe.png,OSM
L'Oriental,Mr. Smith,Restaurant,Formel,"Boulevard Mohammed VI, Oujda",34.6565768,-1.9007235,icons/restaurant.png,OSM
L'Oriental,Café Arena Palace,Café,Formel,"Rue Miraj, Oujda",34.6579977,-1.8970649,icons/cafe.png,OSM
L'Oriental,Club Mistral,Restaurant,Formel,"Rue Sabra, Oujda",34.6571103,-1.897322,icons/restaurant.png,OSM
L'Oriental,Café Guest,Café,Formel,"Rue Sabra, Oujda",34.6571525,-1.8977549,icons/cafe.png,OSM
L'Oriental,Café Bouskri,Café,Formel,"Rue Ennabatia, Oujda",34.658536,-1.8967806,icons/cafe.png,OSM
L'Oriental,Espace Jasmin,Café,Formel,Espace Jasmin,34.6593968,-1.9028106,icons/cafe.png,OSM
L'Oriental,La Verone,Café,Formel,La Verone,34.6590571,-1.9030199,icons/cafe.png,OSM
L'Oriental,Café B.lanco,Café,Formel,Café B.lanco,34.6663219,-1.8972531,icons/cafe.png,OSM
L'Oriental,L'Arôme Blanc,Café,Formel,Avenue des Forces Armées Royales (FAR),34.6918745,-1.9114851,icons/cafe.png,OSM
L'Oriental,Times Square Café,Café,Formel,"Boulevard Prince Héritier Moulay Al Hassan, Oujda",34.6912886,-1.9177076,icons/cafe.png,OSM
L'Oriental,Café Michlifen,Café,Formel,"Boulevard Prince Héritier Moulay Al Hassan, Oujda",34.6907376,-1.9175206,icons/cafe.png,OSM
L'Oriental,Riad Ofok,Café,Formel,"Boulevard Mansour Addahabi, Oujda",34.7031767,-1.9168549,icons/cafe.png,OSM
L'Oriental,Café Reda,Café,Formel,Boulevard Mansour Addahabi,34.7031567,-1.9171035,icons/cafe.png,OSM
L'Oriental,Pharmacie Ennakhla صيدلي النخلة,Parapharmacie,Formel,"Boulevard Prince Héritier Moulay Al Hassan, Oujda",34.7013173,-1.9195038,icons/pharmacy.png,OSM
L'Oriental,Luigi,Restaurant,Formel,"Cité Isly Golf, Oujda",34.7115324,-1.920036,icons/restaurant.png,OSM
L'Oriental,Café Coin De La Saveur,Café,Formel,"Boulevard Sidi Zayed Ben Soltane Al Nahyan, Oujda",34.6673045,-1.9398755,icons/cafe.png,OSM
L'Oriental,Villa Ice,Café,Formel,Villa Ice,34.6673839,-1.9395537,icons/cafe.png,OSM
L'Oriental,Maestro Presto,Café,Formel,"Lotissement Abdelkhirane, Oujda",34.6642811,-1.934715,icons/cafe.png,OSM
L'Oriental,Pharmacie Armée de la Libération صيدلية جيش التحرير,Parapharmacie,Formel,"Boulevard Armée de la Libération, Oujda",34.671611,-1.9202958,icons/pharmacy.png,OSM
L'Oriental,Boulangerie Oujda Parc,Café,Formel,"Avenue Yacoub Al Mansour, Oujda",34.6696886,-1.9043661,icons/cafe.png,OSM
L'Oriental,Le Ciel Blanc,Café,Formel,"Rue Al Miqdad Ibn Amr, Oujda",34.7162154,-1.9253125,icons/cafe.png,OSM
L'Oriental,Café L'Alaska,Café,Formel,"Boulevard Allal Ben Abdellah, Oujda",34.6733516,-1.9185762,icons/cafe.png,OSM
L'Oriental,Café Charchara,Café,Formel,Café Charchara,34.6679274,-1.8630247,icons/cafe.png,OSM
L'Oriental,Café Victoria,Café,Formel,Café Victoria,34.7003056,-1.911421,icons/cafe.png,OSM
L'Oriental,Patisserie La Colombe,Boulangerie,Formel,"Lotissement Laalaj, Oujda",34.6654094,-1.9066883,icons/bakery.png,OSM
L'Oriental,Pharmacie Casablanca صيدلية الدار البيضاء,Parapharmacie,Formel,"Rue Casablanca, Oujda",34.6843496,-1.9123711,icons/pharmacy.png,OSM
L'Oriental,L'Orientale Pharmacie الصيدلية الشرقية,Parapharmacie,Formel,"Boulevard Mohammed V, Oujda وجدة",34.6814353,-1.9177218,icons/pharmacy.png,OSM
L'Oriental,Pharmacie Yassine صيدلية ياسين,Parapharmacie,Formel,"Boulevard Ahmed El Kaouachi, Oujda",34.6725225,-1.8891898,icons/pharmacy.png,OSM
L'Oriental,Pharmacie Al Hayat صيدلية الحياة,Parapharmacie,Formel,"Rue 202, Oujda",34.6984786,-1.92312,icons/pharmacy.png,OSM
L'Oriental,Pharmacie Hay Toba صيدلية حي طوبا,Parapharmacie,Formel,"Angle rue 205 et rue 226, Hay Mohammedi, Oujda",34.6991884,-1.9205874,icons/pharmacy.png,OSM
L'Oriental,Souk Des Bijoux,Épicerie,Informel,Souk Des Bijoux,34.6807762,-1.9142594,icons/greengrocer.png,OSM
L'Oriental,Alhambra,Café,Formel,"Boulevard Mohammed V, Oujda",34.6813853,-1.9171694,icons/cafe.png,OSM
L'Oriental,Colaimo,Café,Formel,Colaimo,34.6956154,-1.8807879,icons/cafe.png,OSM
L'Oriental,Bouziane,Boulangerie,Formel,Bouziane,34.6716603,-1.8995895,icons/bakery.png,OSM
L'Oriental,Café Ananas,Café,Formel,Café Ananas,34.6700159,-1.8947701,icons/cafe.png,OSM
L'Oriental,Café Moulay Youssef,Café,Formel,"Rue Tarik Ibn Ziad, Oujda",34.6826939,-1.9156174,icons/cafe.png,OSM
L'Oriental,Café Qobros,Café,Formel,Boulevard Hassan II شارع الحسن الثاني,34.6652136,-1.8902504,icons/cafe.png,OSM
L'Oriental,Verger D'Or,Café,Formel,"Boulevard Al Maqdis, Oujda",34.6575286,-1.8985179,icons/cafe.png,OSM
L'Oriental,Pharmacie Omar Riffi صيدلي عمر الريفي,Parapharmacie,Formel,"Rue Omar Slaoui, Oujda",34.6912159,-1.9161524,icons/pharmacy.png,OSM
L'Oriental,Pharmacie Jellouli صيدلية جلولي,Parapharmacie,Formel,"Rue Ahmed Moukhtari, Oujda",34.6653842,-1.8765536,icons/pharmacy.png,OSM
L'Oriental,Pharmacie Afaq Al Aounia صيدلية اًفاق العونية,Parapharmacie,Formel,Oujda,34.6961617,-1.8822914,icons/pharmacy.png,OSM
L'Oriental,Oum Al Qura,Restaurant,Formel,Rue Casablanca,34.685226,-1.9087301,icons/restaurant.png,OSM
L'Oriental,Pharmacie Mouloudia صيدلية المولودية,Parapharmacie,Formel,"Rue Mohammed Daoudi, Oujda",34.6845897,-1.9424723,icons/pharmacy.png,OSM
L'Oriental,Zirinet,Café,Formel,"Boulevard Omar Ibn Al Khattab, Oujda",34.6723306,-1.9128919,icons/cafe.png,OSM
L'Oriental,Le Parcours,Café,Formel,"Boulevard Allal Ben Abdellah, Oujda",34.6730825,-1.9185226,icons/cafe.png,OSM
L'Oriental,Pharmacie Belle Vue صيدلية المنظر الجميل,Parapharmacie,Formel,"Boulevard Omar Ibn Al Khattab, Oujda",34.6725219,-1.9160846,icons/pharmacy.png,OSM
L'Oriental,Pharmacie Moderne الصيدلية العصرية,Parapharmacie,Formel,"Rue de Marrakech, Oujda",34.6817349,-1.9119481,icons/pharmacy.png,OSM
L'Oriental,Brimo Snack,Restaurant,Formel,"Rue Al Mourabitine, Oujda",34.6853888,-1.9190812,icons/restaurant.png,OSM
L'Oriental,Afandy Kebab,Restaurant,Formel,"Boulevard Mohammed V, Oujda",34.678954,-1.9191766,icons/restaurant.png,OSM
L'Oriental,Pharmacie Agdal صيدلية أكدال,Parapharmacie,Formel,"Boulevard Brahim Roudani, Oujda وجدة",34.6753272,-1.8723262,icons/pharmacy.png,OSM
L'Oriental,Restaurant Montana,Restaurant,Formel,Boulevard Mohammed Ben Abdellah Chefchaouni,34.6891739,-1.9192741,icons/restaurant.png,OSM
L'Oriental,Café Al Jabah قهوة الجبح,Café,Formel,Oujda,34.6564951,-1.8978193,icons/cafe.png,OSM
L'Oriental,Hiba Snack,Restaurant,Formel,"Boulevard Mohammed Ben Abdellah Chefchaouni, Oujda",34.6877326,-1.9195472,icons/restaurant.png,OSM
L'Oriental,Café Katana,Café,Formel,"Boulevard Allal Ben Abdallah, Oujda",34.6803527,-1.9195043,icons/cafe.png,OSM
L'Oriental,Café De La Gare,Café,Formel,"Boulevard Zerktouni, Oujda",34.6810264,-1.9211296,icons/cafe.png,OSM
L'Oriental,Boussetine (El Fath),Café,Formel,Boussetine (El Fath),34.8486481,-1.7421428,icons/cafe.png,OSM
L'Oriental,Berryah Bas,Café,Formel,Berryah Bas,34.849391,-1.7394436,icons/cafe.png,OSM
L'Oriental,Berryah Haut,Café,Formel,Berryah Haut,34.8507441,-1.7396099,icons/cafe.png,OSM
L'Oriental,Bouzyane,Café,Formel,Bouzyane,34.8506674,-1.7401658,icons/cafe.png,OSM
L'Oriental,Kssaderi,Café,Formel,Kssaderi,34.8479469,-1.7444706,icons/cafe.png,OSM
L'Oriental,Youcef,Café,Formel,Youcef,34.855556,-1.7394848,icons/cafe.png,OSM
L'Oriental,Chaoui,Café,Formel,Chaoui,34.8543164,-1.7350934,icons/cafe.png,OSM
L'Oriental,Bousshaba,Café,Formel,Bousshaba,34.8540378,-1.734447,icons/cafe.png,OSM
L'Oriental,Abbou,Café,Formel,Abbou,34.853937,-1.7346096,icons/cafe.png,OSM
L'Oriental,Café sans nom,Café,Formel,مغنية,34.8519879,-1.7297535,icons/cafe.png,OSM
L'Oriental,Caféteria IRBM,Café,Formel,Maghnia,34.8502539,-1.7340307,icons/cafe.png,OSM
L'Oriental,Ferkouss (ElHadaf),Café,Formel,Ferkouss (ElHadaf),34.8489122,-1.7271991,icons/cafe.png,OSM
L'Oriental,Lion Star,Café,Formel,"Boulevard Brahim Roudani, Oujda",34.6759975,-1.8772409,icons/cafe.png,OSM
L'Oriental,Imane,Café,Formel,"Boulevard Brahim Roudani, Oujda",34.675885,-1.8749523,icons/cafe.png,OSM
L'Oriental,Nesma,Café,Formel,Nesma,34.6958153,-1.8821814,icons/cafe.png,OSM
L'Oriental,Pharmacie Al Insaf صيدلية الإنصاف,Parapharmacie,Formel,"Rue Oued Dahab, Oujda",34.6668092,-1.9107118,icons/pharmacy.png,OSM
L'Oriental,Café La Mirabelle,Café,Formel,"Boulevard Mohammed VI, Oujda",34.6537157,-1.8975242,icons/cafe.png,OSM
L'Oriental,Café Solidaire,Café,Formel,"Boulevard Al Maqdis, Oujda",34.6594445,-1.8987214,icons/cafe.png,OSM
L'Oriental,Babylon,Restaurant,Formel,Babylon,34.6568163,-1.8978238,icons/restaurant.png,OSM
L'Oriental,Café Al Boustane,Café,Formel,"Boulevard Allal Ben Abdallah, Oujda",34.6798937,-1.9194844,icons/cafe.png,OSM
L'Oriental,NYC NewYorkCity Café,Café,Formel,"Rue Chefchaouen, Oujda",34.6732303,-1.9146444,icons/cafe.png,OSM
L'Oriental,Café Le 44,Café,Formel,"Boulevard Oum Rabia, Oujda",34.6576086,-1.9148422,icons/cafe.png,OSM
L'Oriental,Pharmacie d'Urgence Hôpital Universitaire صيدلية المستعجلات المستشفى الجامعي,Parapharmacie,Formel,"Boulevard Oum Rabia, Oujda",34.6576325,-1.9145475,icons/pharmacy.png,OSM
L'Oriental,Pharmacie Annarjis صيدلية النرجس,Parapharmacie,Formel,Guercif,34.2243286,-3.3432199,icons/pharmacy.png,OSM
L'Oriental,Pharmacie Chifaa صيدلية الشفاء,Parapharmacie,Formel,Guercif,34.2254463,-3.3451431,icons/pharmacy.png,OSM
L'Oriental,Café Panorama,Café,Formel,Café Panorama,34.2266886,-3.3454264,icons/cafe.png,OSM
L'Oriental,Restaurant sans nom,Restaurant,Formel,Restaurant sans nom,34.2270886,-3.3453858,icons/restaurant.png,OSM
L'Oriental,Pharmacie Guercif صيدلية كرسيف,Parapharmacie,Formel,Guercif,34.2274367,-3.3484757,icons/pharmacy.png,OSM
L'Oriental,Café Noor,Café,Formel,Café Noor,34.2270265,-3.3484435,icons/cafe.png,OSM
L'Oriental,Restaurant de France مطعم فرنسا,Restaurant,Formel,Restaurant de France مطعم فرنسا,34.2265319,-3.3507663,icons/restaurant.png,OSM
L'Oriental,Café Al Houda,Café,Formel,"Boulevard Brahim Roudani, Oujda",34.6761418,-1.8798766,icons/cafe.png,OSM
L'Oriental,Café BIN Sports,Café,Formel,"Avenue Al Azhar, Oujda",34.6669369,-1.8826675,icons/cafe.png,OSM
L'Oriental,Pharmacie Bouzidi صيدلية بوزيدي,Parapharmacie,Formel,"Boulevard Hmida Dallal, Oujda",34.6692994,-1.8824773,icons/pharmacy.png,OSM
L'Oriental,Zaman Al Izza,Restaurant,Formel,"Boulevard Abderahim Bouabid, Oujda",34.6688948,-1.8953283,icons/restaurant.png,OSM
L'Oriental,Café Kiwi,Café,Formel,"Boulevard Abderahim Bouabid, Oujda",34.6708699,-1.8943604,icons/cafe.png,OSM
L'Oriental,Café Malizia,Café,Formel,"Boulevard Abderahim Bouabid, Oujda",34.6707416,-1.894458,icons/cafe.png,OSM
L'Oriental,Café La Riva,Café,Formel,Café La Riva,34.6740504,-1.8927821,icons/cafe.png,OSM
L'Oriental,Café Oasis,Café,Formel,Café Oasis,34.6736798,-1.8925567,icons/cafe.png,OSM
L'Oriental,Pharmacie Al Iman صيدلية الإيمان,Parapharmacie,Formel,"Rue 30, Oujda",34.6721667,-1.8933009,icons/pharmacy.png,OSM
L'Oriental,Café Dream,Café,Formel,"Boulevard Mohammed VI, Oujda",34.6551235,-1.8986408,icons/cafe.png,OSM
L'Oriental,Pharmacie Al Maqdis صيدلية المقدس,Parapharmacie,Formel,"Boulevard Al Maqdis, Oujda",34.6537374,-1.895795,icons/pharmacy.png,OSM
L'Oriental,Patisserie Catalonia,Café,Formel,"Boulevard Mohammed VI, Oujda",34.6520689,-1.8959497,icons/cafe.png,OSM
L'Oriental,Al Fil,Restaurant,Formel,Al Fil,34.6563149,-1.8964836,icons/restaurant.png,OSM
L'Oriental,Millennium Café,Café,Formel,Millennium Café,34.6569864,-1.898826,icons/cafe.png,OSM
L'Oriental,Café Romantique,Café,Formel,Café Romantique,34.6577227,-1.8986281,icons/cafe.png,OSM
L'Oriental,Patisserie Boukhlouf,Café,Formel,Patisserie Boukhlouf,34.6571132,-1.8953581,icons/cafe.png,OSM
L'Oriental,Pharmacie Al Irchad صيدلية الارشاد,Parapharmacie,Formel,"Rue Abderrahim Maarouf, Oujda",34.6565776,-1.9042065,icons/pharmacy.png,OSM
L'Oriental,Al Houda,Café,Formel,Al Houda,34.677003,-1.8853281,icons/cafe.png,OSM
L'Oriental,Restaurant Abderrahman Karan مطعم عبد الرحمن كران,Restaurant,Formel,Restaurant Abderrahman Karan مطعم عبد الرحمن كران,34.6814024,-1.8848368,icons/restaurant.png,OSM
L'Oriental,Shorouk جريدة الشروق المغربية,Kiosque,Informel,Shorouk جريدة الشروق المغربية,34.6834256,-1.8820021,icons/kiosk.png,OSM
L'Oriental,Café Al Massira,Café,Formel,Rue Ibn Sina,34.6824769,-1.9197104,icons/cafe.png,OSM
L'Oriental,Pharmacie Al Jaouhara صيدلية الجوهرة,Parapharmacie,Formel,"Rue B4, Oujda",34.6683592,-1.9317509,icons/pharmacy.png,OSM
L'Oriental,Halviga,Café,Formel,Halviga,34.6742208,-1.9238865,icons/cafe.png,OSM
L'Oriental,Pharmacie Al Andalous صيدلية الأندلس,Parapharmacie,Formel,"Boulevard Armée de la Libération, Oujda",34.6697926,-1.9241752,icons/pharmacy.png,OSM
L'Oriental,Pharmacie Masjid Essaboni صيدلية مسجد الصابوني,Parapharmacie,Formel,"Boulevard Ahmed El Kaouachi, Oujda",34.675626,-1.9006096,icons/pharmacy.png,OSM
L'Oriental,Don Peppino,Restaurant,Formel,Avenue Yacoub Al Mansour,34.672317,-1.9114335,icons/restaurant.png,OSM
L'Oriental,Pharmacie Lazaret El Malti صيدلية لازاري المالطي,Parapharmacie,Formel,"Boulevard Allal Al Fassi شارع علال الفاسي, Oujda",34.681681,-1.8876133,icons/pharmacy.png,OSM
L'Oriental,Café Rosa,Café,Formel,Café Rosa,34.6808991,-1.876254,icons/cafe.png,OSM
L'Oriental,MOUS,Parapharmacie,Formel,MOUS,34.8481996,-1.7495732,icons/pharmacy.png,OSM
L'Oriental,صيدلية موساوي,Parapharmacie,Formel,صيدلية موساوي,34.8475921,-1.7520301,icons/pharmacy.png,OSM
L'Oriental,Almeditech Boughoumd,Parapharmacie,Formel,Almeditech Boughoumd,34.8487455,-1.7462472,icons/pharmacy.png,OSM
L'Oriental,Parapharmacie sans nom,Parapharmacie,Formel,مغنية,34.8482304,-1.7412798,icons/pharmacy.png,OSM
L'Oriental,Pharmacie Berrechi صيدلية بريشي,Parapharmacie,Formel,"Rue Alintilaka, Oujda",34.6595651,-1.9030147,icons/pharmacy.png,OSM
L'Oriental,Café Outchi,Café,Formel,"Boulevard Brahim Roudani, Oujda",34.6755478,-1.8629439,icons/cafe.png,OSM
L'Oriental,Café Coin Vert,Café,Formel,"Rue Al Houria, Oujda",34.6589069,-1.9203404,icons/cafe.png,OSM
L'Oriental,Café 5/5,Café,Formel,Café 5/5,34.6600386,-1.9133513,icons/cafe.png,OSM
L'Oriental,Suza,Café,Formel,Suza,34.694841,-1.8813867,icons/cafe.png,OSM
L'Oriental,Supérette / Mini-market sans nom,Supérette / Mini-market,Formel,Supérette / Mini-market sans nom,34.8435222,-1.7792412,icons/convenience.png,OSM
L'Oriental,Supérette / Mini-market sans nom,Supérette / Mini-market,Formel,Supérette / Mini-market sans nom,34.8434342,-1.7783936,icons/convenience.png,OSM
L'Oriental,Superette Izza,Supermarché,Formel,Superette Izza,34.8451977,-1.7496969,icons/supermarket.png,OSM
L'Oriental,Nsab Ibrahim نسب إبراهيم,Restaurant,Formel,Oujda,34.6946404,-1.9444878,icons/restaurant.png,OSM
L'Oriental,Patisserie Limoune,Boulangerie,Formel,"Rue Ramadan Al Gadi, Oujda",34.6822204,-1.9149153,icons/bakery.png,OSM
L'Oriental,Pharmacie Tennis صيدلية التنس,Parapharmacie,Formel,"Rue Boudir, Oujda",34.698285,-1.8973238,icons/pharmacy.png,OSM
L'Oriental,صيدلية نير,Parapharmacie,Formel,مغنية,34.847655,-1.7271253,icons/pharmacy.png,OSM
L'Oriental,Pharmacie Kadi صيدلية القاضي,Parapharmacie,Formel,"Rue Salah Addine, Oujda",34.6936239,-1.9141854,icons/pharmacy.png,OSM
L'Oriental,Pharmacie Batal صيدلية بطل,Parapharmacie,Formel,"Rue M1, Oujda",34.6893258,-1.9306102,icons/pharmacy.png,OSM
L'Oriental,1000 Pains,Boulangerie,Formel,1000 Pains,34.6856699,-1.9416401,icons/bakery.png,OSM
L'Oriental,Café La Sirène D'Or,Café,Formel,"Boulevard M'Bark El Bekkay Lahbil, Oujda",34.6819951,-1.9419367,icons/cafe.png,OSM
L'Oriental,Café Beni Snassen,Café,Formel,Café Beni Snassen,34.6816808,-1.9389797,icons/cafe.png,OSM
L'Oriental,Tex Mex Snack,Restaurant,Formel,"Rue Al Houria, Oujda",34.6567276,-1.9034413,icons/restaurant.png,OSM
L'Oriental,9achla electro,Supermarché,Formel,9achla electro,34.9514504,-2.0971672,icons/supermarket.png,OSM
L'Oriental,Black Coffee,Café,Formel,"Boulevard Al Fatouaki, Oujda",34.6878161,-1.9167931,icons/cafe.png,OSM
L'Oriental,Café Anass,Café,Formel,"Boulevard Mohamed Ben Lakhdar, Oujda",34.6754562,-1.9252559,icons/cafe.png,OSM
L'Oriental,Café Andalucia,Café,Formel,"Boulevard Mohammed V, Oujda",34.6854828,-1.9135508,icons/cafe.png,OSM
L'Oriental,Café Florimont,Café,Formel,Café Florimont,34.6704328,-1.8945769,icons/cafe.png,OSM
L'Oriental,Café Marrakech,Café,Formel,"Rue de Marrakech, Oujda",34.6829023,-1.9139226,icons/cafe.png,OSM
L'Oriental,Supérette / Mini-market sans nom,Supérette / Mini-market,Formel,Supérette / Mini-market sans nom,34.9847768,-1.2196534,icons/convenience.png,OSM
L'Oriental,Café sans nom,Café,Formel,Café sans nom,34.9849924,-1.2197423,icons/cafe.png,OSM
L'Oriental,Café sans nom,Café,Formel,Café sans nom,34.8530518,-1.205859,icons/cafe.png,OSM
L'Oriental,Café sans nom,Café,Formel,Café sans nom,34.8625984,-1.2664338,icons/cafe.png,OSM
L'Oriental,Restaurant sans nom,Restaurant,Formel,Restaurant sans nom,34.8625103,-1.2660905,icons/restaurant.png,OSM
L'Oriental,Café sans nom,Café,Formel,Café sans nom,34.6691485,-2.0134196,icons/cafe.png,OSM
L'Oriental,Boulangerie Pâtisserie Oumasse,Boulangerie,Formel,"Boulevard Moulay Youssef, Oujda",34.6740956,-1.9243683,icons/bakery.png,OSM
L'Oriental,Boulangerie Pâtisserie Opéra Sucré,Boulangerie,Formel,"Boulevard Mohammed Derfoufi, Oujda",34.6936182,-1.9117401,icons/bakery.png,OSM
L'Oriental,Pharmacie Sherine صيدلية شيرين,Parapharmacie,Formel,"Rue Chaoui Ziani, Oujda",34.6832189,-1.9199325,icons/pharmacy.png,OSM
L'Oriental,Marjane مرجان,Supermarché,Formel,Marjane مرجان,34.919552,-2.3440724,icons/supermarket.png,OSM
L'Oriental,Café Istanbul,Café,Formel,"Rue Ziar, Oujda",34.7008215,-1.8948256,icons/cafe.png,OSM
L'Oriental,Café Veranda Benaddi,Café,Formel,"Rue Ibn Rochd, Oujda",34.6830242,-1.9167715,icons/cafe.png,OSM
L'Oriental,Café Nirvana,Café,Formel,Café Nirvana,34.6581759,-1.9216814,icons/cafe.png,OSM
L'Oriental,México,Café,Formel,México,34.6951863,-1.9034671,icons/cafe.png,OSM
L'Oriental,Boulangerie sans nom,Boulangerie,Formel,Boulangerie sans nom,34.6940937,-1.8921466,icons/bakery.png,OSM
L'Oriental,Pharmacie El Ouali Sidi Driss صيدلية الوالي سيدي إدريس,Parapharmacie,Formel,"Rue R2, Oujda",34.6882098,-1.8998802,icons/pharmacy.png,OSM
L'Oriental,Pharmacie Chenini,Parapharmacie,Formel,Pharmacie Chenini,34.9232158,-1.3302067,icons/pharmacy.png,OSM
L'Oriental,diplomate,Café,Formel,diplomate,34.9190525,-1.3247597,icons/cafe.png,OSM
L'Oriental,Restaurant sans nom,Restaurant,Formel,Restaurant sans nom,34.9229144,-1.3301166,icons/restaurant.png,OSM
L'Oriental,Restaurant sans nom,Restaurant,Formel,Restaurant sans nom,34.924826,-1.3310182,icons/restaurant.png,OSM
L'Oriental,Boulangerie Patisserie,Boulangerie,Formel,Boulangerie Patisserie,34.9238104,-1.3299881,icons/bakery.png,OSM
L'Oriental,Restaurant sans nom,Restaurant,Formel,Restaurant sans nom,34.9223951,-1.3305869,icons/restaurant.png,OSM
L'Oriental,Café sans nom,Café,Formel,Café sans nom,34.9237625,-1.3305867,icons/cafe.png,OSM
L'Oriental,Pharmacie Bachiri صيدلية بشيري,Parapharmacie,Formel,"Avenue Hassan II, Berkane",34.9204071,-2.3255189,icons/pharmacy.png,OSM
L'Oriental,Le complexe Ramdani مجمع رمضاني,Restaurant,Formel,Le complexe Ramdani مجمع رمضاني,34.9158244,-2.2037118,icons/restaurant.png,OSM
L'Oriental,L'échappatoire,Restaurant,Formel,L'échappatoire,34.8807182,-1.3337774,icons/restaurant.png,OSM
L'Oriental,Shératon,Café,Formel,Shératon,34.8832076,-1.3429495,icons/cafe.png,OSM
L'Oriental,Carrefour Market كارفور,Supermarché,Formel,Carrefour Market كارفور,34.9310987,-2.309557,icons/supermarket.png,OSM
L'Oriental,Café,Café,Formel,Café,34.9327409,-2.2769024,icons/cafe.png,OSM
L'Oriental,L'alhambra,Café,Formel,L'alhambra,34.8819237,-1.314893,icons/cafe.png,OSM
L'Oriental,Boulangerie Bouraoui,Boulangerie,Formel,Boulangerie Bouraoui,34.8822991,-1.3154614,icons/bakery.png,OSM
L'Oriental,Le petit Paradis,Restaurant,Formel,Le petit Paradis,34.8816563,-1.3142685,icons/restaurant.png,OSM
L'Oriental,Pizzeria Latina,Restaurant,Formel,Pizzeria Latina,34.881911,-1.3117518,icons/restaurant.png,OSM
L'Oriental,Café riche,Café,Formel,Café riche,34.8821944,-1.309188,icons/cafe.png,OSM
L'Oriental,Le Géant,Restaurant,Formel,Le Géant,34.8827082,-1.3111838,icons/restaurant.png,OSM
L'Oriental,la fiesta,Restaurant,Formel,la fiesta,34.8830696,-1.3113696,icons/restaurant.png,OSM
L'Oriental,Kiosque sans nom,Kiosque,Informel,تلمسان,34.8831701,-1.3105504,icons/kiosk.png,OSM
L'Oriental,Restaurent Coupole,Restaurant,Formel,Restaurent Coupole,34.8822039,-1.3073105,icons/restaurant.png,OSM
L'Oriental,Drugstore le bon coin,Restaurant,Formel,Drugstore le bon coin,34.8831582,-1.3111506,icons/restaurant.png,OSM
L'Oriental,Ami H'ssen,Supérette / Mini-market,Formel,Ami H'ssen,34.8791404,-1.3068935,icons/convenience.png,OSM
L'Oriental,Restaurant Michelle,Restaurant,Formel,Tlemcen,34.8784601,-1.3111993,icons/restaurant.png,OSM
L'Oriental,Restaurant sans nom,Restaurant,Formel,تلمسان,34.8781162,-1.3140454,icons/restaurant.png,OSM
L'Oriental,Café Boudghene,Café,Formel,Café Boudghene,34.87491,-1.3173247,icons/cafe.png,OSM
L'Oriental,Pharmacie Beb El Khemis,Parapharmacie,Formel,Pharmacie Beb El Khemis,34.8743275,-1.3240679,icons/pharmacy.png,OSM
L'Oriental,Café Beb el Khemis,Café,Formel,Café Beb el Khemis,34.874019,-1.3248783,icons/cafe.png,OSM
L'Oriental,L'équinoxe,Restaurant,Formel,L'équinoxe,34.8748683,-1.3246336,icons/restaurant.png,OSM
L'Oriental,MEKHFI Abdennour,Parapharmacie,Formel,Maghnia,34.8494213,-1.7524569,icons/pharmacy.png,OSM
L'Oriental,Cafétéria RETAYEL,Café,Formel,Maghnia,34.8476584,-1.7489625,icons/cafe.png,OSM
L'Oriental,Cafétéria Mechelin,Café,Formel,"Commandant Khiari, Maghnia",34.8478487,-1.7500363,icons/cafe.png,OSM
L'Oriental,HEDRACHE,Supérette / Mini-market,Formel,HEDRACHE,34.8882488,-1.3263794,icons/convenience.png,OSM
L'Oriental,Resto plus,Restaurant,Formel,Resto plus,34.8872433,-1.3281564,icons/restaurant.png,OSM
L'Oriental,Best Chicken,Restaurant,Formel,Best Chicken,34.8864291,-1.3275764,icons/restaurant.png,OSM
L'Oriental,Boulangerie Patisserie (Croissanterie Benzerdjeb),Boulangerie,Formel,Boulangerie Patisserie (Croissanterie Benzerdjeb),34.8862549,-1.3254776,icons/bakery.png,OSM
L'Oriental,مقهى البركة,Café,Formel,تلمسان,34.8894969,-1.3341747,icons/cafe.png,OSM
L'Oriental,Supérette Phenix,Supérette / Mini-market,Formel,Supérette Phenix,34.8880075,-1.3370844,icons/convenience.png,OSM
L'Oriental,Coffee Break Tlemcen,Café,Formel,Coffee Break Tlemcen,34.8876712,-1.3399676,icons/cafe.png,OSM
L'Oriental,Moonlight,Restaurant,Formel,Moonlight,34.8871598,-1.3399746,icons/restaurant.png,OSM
L'Oriental,café de Paris,Café,Formel,café de Paris,34.886685,-1.3404071,icons/cafe.png,OSM
L'Oriental,Doner Fast Food,Restaurant,Formel,Doner Fast Food,34.8861571,-1.3406921,icons/restaurant.png,OSM
L'Oriental,Café El Badr,Café,Formel,Café El Badr,34.9068815,-1.3216405,icons/cafe.png,OSM
L'Oriental,Alimentation Tofic,Supérette / Mini-market,Formel,Alimentation Tofic,34.9065411,-1.3231901,icons/convenience.png,OSM
L'Oriental,Supérette Aboutachfine,Supérette / Mini-market,Formel,Supérette Aboutachfine,34.9052907,-1.3232905,icons/convenience.png,OSM
L'Oriental,مخبزة الخيرات,Boulangerie,Formel,مخبزة الخيرات,34.9054764,-1.3231668,icons/bakery.png,OSM
L'Oriental,Café Ramdani مقهى رمضاني,Café,Formel,Café Ramdani مقهى رمضاني,34.9172644,-2.2042043,icons/cafe.png,OSM
L'Oriental,Sbiae,Parapharmacie,Formel,Sbiae,34.8731158,-1.3202368,icons/pharmacy.png,OSM
L'Oriental,Parapharmacie sans nom,Parapharmacie,Formel,تلمسان,34.8723194,-1.3195547,icons/pharmacy.png,OSM
L'Oriental,boulangerie Beladi مخبزة بلادي,Boulangerie,Formel,boulangerie Beladi مخبزة بلادي,34.9244782,-2.3082325,icons/bakery.png,OSM
L'Oriental,Café Soussi,Café,Formel,Café Soussi,34.9293911,-2.3130966,icons/cafe.png,OSM
L'Oriental,Café Des Etudiants,Café,Formel,Café Des Etudiants,34.922807,-2.3277265,icons/cafe.png,OSM
L'Oriental,faryad فرياض,Épicerie,Informel,faryad فرياض,34.921259,-2.3163686,icons/greengrocer.png,OSM
L'Oriental,Café sans nom,Café,Formel,Café sans nom,34.9207932,-1.3293449,icons/cafe.png,OSM
L'Oriental,Epicerie,Supérette / Mini-market,Formel,Epicerie,34.9223064,-1.330687,icons/convenience.png,OSM
L'Oriental,إشبيلية,Café,Formel,تلمسان,34.875074,-1.310714,icons/cafe.png,OSM
L'Oriental,Mansouri,Parapharmacie,Formel,Mansouri,34.8751916,-1.3119421,icons/pharmacy.png,OSM
L'Oriental,Belkhodja,Parapharmacie,Formel,Belkhodja,34.873702,-1.3162952,icons/pharmacy.png,OSM
L'Oriental,Café daylo,Café,Formel,Café daylo,34.8729702,-1.3170276,icons/cafe.png,OSM
L'Oriental,Restaurant l'echappatoire,Restaurant,Formel,"Boulevard de L'ALN, Tlemcen",34.8722739,-1.3190938,icons/restaurant.png,OSM
L'Oriental,Pharmacie Bakhti,Parapharmacie,Formel,Pharmacie Bakhti,34.8717545,-1.323546,icons/pharmacy.png,OSM
L'Oriental,Café Kazi,Café,Formel,Café Kazi,34.8737471,-1.3265354,icons/cafe.png,OSM
L'Oriental,Supérette Bel Horizon,Supérette / Mini-market,Formel,Supérette Bel Horizon,34.8774748,-1.3236258,icons/convenience.png,OSM
L'Oriental,Cyno Fast Food,Restaurant,Formel,Cyno Fast Food,34.8886728,-1.3371456,icons/restaurant.png,OSM
L'Oriental,Pharmacie Chifaa Boumerzak,Parapharmacie,Formel,Pharmacie Chifaa Boumerzak,34.9133357,-1.3535044,icons/pharmacy.png,OSM
L'Oriental,Restaurent Familiale,Restaurant,Formel,Restaurent Familiale,34.8832618,-1.3059135,icons/restaurant.png,OSM
L'Oriental,Pizzeria HamHam,Restaurant,Formel,Pizzeria HamHam,34.8891266,-1.3146948,icons/restaurant.png,OSM
L'Oriental,Chez abdeljallile,Supérette / Mini-market,Formel,Chez abdeljallile,34.8894925,-1.3145365,icons/convenience.png,OSM
L'Oriental,Si Boumediène,Café,Formel,Si Boumediène,34.8930674,-1.3287431,icons/cafe.png,OSM
L'Oriental,Tchiali,Parapharmacie,Formel,Tchiali,34.8927313,-1.3288498,icons/pharmacy.png,OSM
L'Oriental,مقهى الصاورة,Café,Formel,تلمسان,34.8925054,-1.3287216,icons/cafe.png,OSM
L'Oriental,Cafétéria Anasr,Café,Formel,Cafétéria Anasr,34.8845003,-1.3243901,icons/cafe.png,OSM
L'Oriental,Pâtisserie Aux Délices,Boulangerie,Formel,Pâtisserie Aux Délices,34.8842807,-1.3256333,icons/bakery.png,OSM
L'Oriental,Epicerie,Supérette / Mini-market,Formel,Epicerie,34.925323,-1.33078,icons/convenience.png,OSM
L'Oriental,Epicerie,Supérette / Mini-market,Formel,Epicerie,34.9266794,-1.3315648,icons/convenience.png,OSM
L'Oriental,Mini Market,Supérette / Mini-market,Formel,Mini Market,34.9173196,-1.324425,icons/convenience.png,OSM
L'Oriental,Café Habri,Café,Formel,Café Habri,34.9175644,-1.3244909,icons/cafe.png,OSM
L'Oriental,Boulangerie Patisserie,Boulangerie,Formel,Boulangerie Patisserie,34.9235964,-1.3273059,icons/bakery.png,OSM
L'Oriental,Epicerie,Supérette / Mini-market,Formel,Epicerie,34.9233391,-1.3277512,icons/convenience.png,OSM
L'Oriental,Pizzeria La casa,Restaurant,Formel,Pizzeria La casa,34.9211479,-1.2951751,icons/restaurant.png,OSM
L'Oriental,Pharmacie Chikh,Parapharmacie,Formel,Pharmacie Chikh,34.921417,-1.2945859,icons/pharmacy.png,OSM
L'Oriental,Fast Food Nasro,Restaurant,Formel,Fast Food Nasro,34.9209334,-1.2893225,icons/restaurant.png,OSM
L'Oriental,Pharmacie Centrale,Parapharmacie,Formel,Pharmacie Centrale,34.9203059,-1.2906024,icons/pharmacy.png,OSM
L'Oriental,Boulangerie Mahi H24,Boulangerie,Formel,Boulangerie Mahi H24,34.9192946,-1.2898194,icons/bakery.png,OSM
L'Oriental,Café Titanic,Café,Formel,Café Titanic,34.9257137,-2.3312238,icons/cafe.png,OSM
L'Oriental,Café Royal,Café,Formel,Café Royal,34.9263603,-2.3319158,icons/cafe.png,OSM
L'Oriental,Café le printemps,Café,Formel,Café le printemps,34.9260458,-2.3315993,icons/cafe.png,OSM
L'Oriental,Café kadis,Café,Formel,Café kadis,34.9256082,-2.331382,icons/cafe.png,OSM
L'Oriental,Grande Pharmacie Centrale الصيدلية المركزية الكبرى,Parapharmacie,Formel,"bd Chouhada, Berkane بركان",34.926103,-2.3318917,icons/pharmacy.png,OSM
L'Oriental,Café Faransa,Café,Formel,Café Faransa,34.9253882,-2.3311429,icons/cafe.png,OSM
L'Oriental,Pharmacie Ibn Sina صيدلية ابن سينا,Parapharmacie,Formel,Berkane,34.9225448,-2.3274267,icons/pharmacy.png,OSM
L'Oriental,Pharmacie Boushaba صيدلية بوسحابة,Parapharmacie,Formel,Ph PB,34.9234694,-2.3097061,icons/pharmacy.png,OSM
L'Oriental,Café aghdal,Café,Formel,Café aghdal,34.9243809,-2.3086091,icons/cafe.png,OSM
L'Oriental,Pharmacie Chifae صيدلية الشفاء,Parapharmacie,Formel,"Rue Al Wifak, Berkane",34.924682,-2.3179215,icons/pharmacy.png,OSM
L'Oriental,cafe le coin,Café,Formel,cafe le coin,34.8947455,-1.329131,icons/cafe.png,OSM
L'Oriental,Pizzeria Oscar,Restaurant,Formel,Pizzeria Oscar,34.9225167,-2.3273179,icons/restaurant.png,OSM
L'Oriental,Café Al Missri,Café,Formel,Café Al Missri,34.9223804,-2.3267439,icons/cafe.png,OSM
L'Oriental,plat d'orient,Restaurant,Formel,plat d'orient,34.8625264,-1.9958231,icons/restaurant.png,OSM
L'Oriental,Dar Naaim,Restaurant,Formel,Dar Naaim,34.8634815,-1.9970784,icons/restaurant.png,OSM
L'Oriental,Pharmacie Azzahrae صيدلية الزهراء,Parapharmacie,Formel,"Boulevard Mohamed Ben Ouda, Oujda",34.6589352,-1.8921441,icons/pharmacy.png,OSM
L'Oriental,Restaurant Odeon,Restaurant,Formel,Restaurant Odeon,34.8767785,-1.3088239,icons/restaurant.png,OSM
L'Oriental,Café Les Boules,Café,Formel,Café Les Boules,34.9479687,-2.1041091,icons/cafe.png,OSM
L'Oriental,صيدلية بختي,Parapharmacie,Formel,سيدي بوجنان,34.9413943,-1.9293308,icons/pharmacy.png,OSM
L'Oriental,مقهى الواحة,Café,Formel,سيدي بوجنان,34.94128,-1.9286917,icons/cafe.png,OSM
L'Oriental,مقهى عبد القادر,Café,Formel,سيدي بوجنان,34.9411855,-1.9295748,icons/cafe.png,OSM
L'Oriental,مقهى بن علي,Café,Formel,السواني,34.9165413,-1.9204556,icons/cafe.png,OSM
L'Oriental,في مكان إبراهيم,Restaurant,Formel,سيدي بوجنان,34.9413491,-1.9291526,icons/restaurant.png,OSM
L'Oriental,terrain chaib,Boulangerie,Formel,terrain chaib,34.8879508,-1.3343311,icons/bakery.png,OSM
L'Oriental,La Liga,Café,Formel,La Liga,34.8727298,-1.3276733,icons/cafe.png,OSM
L'Oriental,resto familial,Restaurant,Formel,resto familial,34.882557,-1.312495,icons/restaurant.png,OSM
L'Oriental,Pharmacie la Victoire صيدلية النصر,Parapharmacie,Formel,"Rue Al Wifak, Berkane",34.9285109,-2.3189673,icons/pharmacy.png,OSM
L'Oriental,Pharmacie Hay Mir Ali صيدلية حي مير علي,Parapharmacie,Formel,"Rue 6, Oujda وجدة",34.680243,-1.9288458,icons/pharmacy.png,OSM
L'Oriental,Café. Mansourah Tlemceni,Café,Formel,Café. Mansourah Tlemceni,34.8452052,-1.7490512,icons/cafe.png,OSM
L'Oriental,Aux Délices,Restaurant,Formel,Aux Délices,34.8872615,-1.3386844,icons/restaurant.png,OSM
L'Oriental,SALHI shopping,Supérette / Mini-market,Formel,SALHI shopping,34.8643075,-1.334061,icons/convenience.png,OSM
L'Oriental,Snack Okazdal,Restaurant,Formel,"Boulevard Oued Eddahab, Oujda",34.6894051,-1.8776527,icons/restaurant.png,OSM
L'Oriental,Crémerie Oued Eddahab,Supermarché,Formel,Crémerie Oued Eddahab,34.6891228,-1.8779692,icons/supermarket.png,OSM
L'Oriental,Glacier Versailles,Café,Formel,"Avenue Yacoub Al Mansour, Oujda",34.6724766,-1.9107056,icons/cafe.png,OSM
L'Oriental,Marbella,Restaurant,Formel,"Rue Mouatamid Ibn Abbad, Oujda وجدة",34.686687,-1.9168589,icons/restaurant.png,OSM
L'Oriental,السوق المغطى,Épicerie,Informel,السوق المغطى,34.8475499,-1.7245698,icons/greengrocer.png,OSM
L'Oriental,Café sans nom,Café,Formel,Café sans nom,34.8300329,-1.5252788,icons/cafe.png,OSM
L'Oriental,Pharmacie Hamdani,Parapharmacie,Formel,Pharmacie Hamdani,34.8295245,-1.5252404,icons/pharmacy.png,OSM
L'Oriental,Pharmacie Bouhafena,Parapharmacie,Formel,Pharmacie Bouhafena,34.8299777,-1.5229165,icons/pharmacy.png,OSM
L'Oriental,Pharmacie Ferradj,Parapharmacie,Formel,Pharmacie Ferradj,34.8284158,-1.5278539,icons/pharmacy.png,OSM
L'Oriental,Djezzy,Café,Formel,Djezzy,34.828023,-1.5281624,icons/cafe.png,OSM
L'Oriental,Pizza Elle,Restaurant,Formel,Pizza Elle,34.8273673,-1.5275969,icons/restaurant.png,OSM
L'Oriental,Boulangerie sans nom,Boulangerie,Formel,Boulangerie sans nom,34.8270979,-1.5288979,icons/bakery.png,OSM
L'Oriental,Mabrok Market,Supérette / Mini-market,Formel,Mabrok Market,34.8259813,-1.529582,icons/convenience.png,OSM
L'Oriental,Pharmacie Centrale Ain Sarrak الصيدلية المركزية عين السراق,Parapharmacie,Formel,"Rue D, Oujda",34.6576428,-1.926108,icons/pharmacy.png,OSM
L'Oriental,Café Istanbul,Café,Formel,Café Istanbul,34.6563583,-1.9346029,icons/cafe.png,OSM
L'Oriental,Snack Amigos,Restaurant,Formel,Snack Amigos,34.6593853,-1.9210632,icons/restaurant.png,OSM
L'Oriental,cafe Le Consul,Café,Formel,cafe Le Consul,34.6598541,-1.9173265,icons/cafe.png,OSM
L'Oriental,Pharmacie Errahma صيدلية الرحمة,Parapharmacie,Formel,"Route Aouinet Serrak, Oujda",34.6619511,-1.9198997,icons/pharmacy.png,OSM
L'Oriental,Café Oslo,Café,Formel,Café Oslo,34.6857717,-1.8740845,icons/cafe.png,OSM
L'Oriental,صيدلية حقيقي,Parapharmacie,Formel,مغنية,34.8519302,-1.7380055,icons/pharmacy.png,OSM
L'Oriental,صيدلية مداني,Parapharmacie,Formel,مغنية,34.8482889,-1.7396242,icons/pharmacy.png,OSM
L'Oriental,La Grotte,Café,Formel,La Grotte,34.8788581,-1.2377683,icons/cafe.png,OSM
L'Oriental,مقهى دبي,Café,Formel,مغنية,34.8482017,-1.7283763,icons/cafe.png,OSM
L'Oriental,مقهى الزوهري,Café,Formel,مغنية,34.847876,-1.7287824,icons/cafe.png,OSM
L'Oriental,Boukais Rachid,Parapharmacie,Formel,Boukais Rachid,34.8494051,-1.7430544,icons/pharmacy.png,OSM
L'Oriental,Boussekkine,Parapharmacie,Formel,Boussekkine,34.8512635,-1.7295133,icons/pharmacy.png,OSM
L'Oriental,حسين بنعمارة,Parapharmacie,Formel,مغنية,34.8458498,-1.7260331,icons/pharmacy.png,OSM
L'Oriental,Miraoui,Parapharmacie,Formel,Miraoui,34.8452567,-1.7475053,icons/pharmacy.png,OSM
L'Oriental,Tighezza,Parapharmacie,Formel,Tighezza,34.8479002,-1.744074,icons/pharmacy.png,OSM
L'Oriental,Café Hotel Luxembourg,Café,Formel,Café Hotel Luxembourg,34.6822141,-1.9110435,icons/cafe.png,OSM
L'Oriental,Café Loft'in,Café,Formel,"Boulevard Al Aqsa, Oujda",34.6590984,-1.8978502,icons/cafe.png,OSM
L'Oriental,Pharmacie La Colline CHU صيدلية لاكولين,Parapharmacie,Formel,Oujda,34.6542596,-1.9098833,icons/pharmacy.png,OSM
L'Oriental,Pharmacie CHU Al Irfane العرفان CHU صيدلية,Parapharmacie,Formel,"Boulevard Jelloul Mohamed, Oujda",34.6552531,-1.915612,icons/pharmacy.png,OSM
L'Oriental,Pharmacie Al Irfane صيدلية العرفان,Parapharmacie,Formel,"Rue de la Colombe, Oujda",34.6555455,-1.9193089,icons/pharmacy.png,OSM
L'Oriental,Pharmacie Essalam Ain Serrak صيدلية السلام عين السراق,Parapharmacie,Formel,"Rue C, Oujda",34.6600539,-1.9236644,icons/pharmacy.png,OSM
L'Oriental,Pharmacie Nouvelle الصيدلية الجديدة,Parapharmacie,Formel,"Boulevard Mohammed Derfoufi, Oujda وجدة",34.6851554,-1.9172494,icons/pharmacy.png,OSM
L'Oriental,Pharmacie El Houdoud صيدلية الحدود,Parapharmacie,Formel,"Rue Khabr, Oujda",34.7117722,-1.8881978,icons/pharmacy.png,OSM
L'Oriental,Café le Lion d'Or مقهى الأسد الذهبي,Café,Formel,"Boulevard Mohammed V, Oujda",34.6882605,-1.9109795,icons/cafe.png,OSM
L'Oriental,Pharmacie Gala صيدلية كالا,Parapharmacie,Formel,"Rue El Khima 21, Oujda وجدة",34.720348,-1.8832977,icons/pharmacy.png,OSM
L'Oriental,Pharmacie Abdellah Guennoun صيدلية عبد الله كنون,Parapharmacie,Formel,"Boulevard Ahmed El Kaouachi, Oujda",34.6711712,-1.8856935,icons/pharmacy.png,OSM
L'Oriental,Pharmacie Le Jasmin صيدلية الياسمين,Parapharmacie,Formel,"Boulevard Al Michkate, Oujda",34.6565741,-1.8896621,icons/pharmacy.png,OSM
L'Oriental,Pharmacie Si Lakhdar صيدلية سي لخضر,Parapharmacie,Formel,"Boulevard Mbarek Bekkay Lahbil, Oujda وجدة",34.6812471,-1.93678,icons/pharmacy.png,OSM
L'Oriental,Pharmacie Farhane صيدلية فرحان,Parapharmacie,Formel,"Route Taza, Oujda",34.6826368,-1.9447684,icons/pharmacy.png,OSM
L'Oriental,Pharmacie Parc Aicha صيدلية حديقة عائشة,Parapharmacie,Formel,"Avenue Yacoub Al Mansour, Oujda",34.6681324,-1.9021818,icons/pharmacy.png,OSM
L'Oriental,Pharmacie Yacoub Al Mansour صيدلية يعقوب المنصور,Parapharmacie,Formel,"Avenue Yacoub Al Mansour, Oujda",34.670095,-1.9048991,icons/pharmacy.png,OSM
L'Oriental,Café Rayane Ice,Café,Formel,"Avenue Yacoub Al Mansour, Oujda",34.6679221,-1.9010233,icons/cafe.png,OSM
L'Oriental,Pharmacie du Parc صيدلية الحديقة,Parapharmacie,Formel,"Boulevard Samara, Oujda",34.6709584,-1.9079627,icons/pharmacy.png,OSM
L'Oriental,Pharmacie Harcha صيدلية حرشة,Parapharmacie,Formel,"Rue B23, Oujda",34.6837081,-1.9322791,icons/pharmacy.png,OSM
L'Oriental,Pharmacie El Andaloussi صيدلية الأندلسي,Parapharmacie,Formel,"Rue B46, Oujda",34.6827355,-1.9346936,icons/pharmacy.png,OSM
L'Oriental,Café Madagascar مقهى مدغشقر,Café,Formel,"Boulevard Fayçal ibn Abdul Aziz, Oujda",34.6625106,-1.9376293,icons/cafe.png,OSM
L'Oriental,Pharmacie Al Yousr صيدلية اليسر,Parapharmacie,Formel,"Rue H1, Oujda",34.6610302,-1.9403115,icons/pharmacy.png,OSM
L'Oriental,Pharmacie Hay Gtar صيدلية حي كطار,Parapharmacie,Formel,"Rue Taboukl, Oujda ⵡⴻⵊⴷⴰ وجدة",34.6598529,-1.9459427,icons/pharmacy.png,OSM
L'Oriental,Restaurant Tament,Restaurant,Formel,"Boulevard Oued Eddahab, Oujda",34.6915601,-1.8705976,icons/restaurant.png,OSM
L'Oriental,Pharmacie Al Fath صيدلية الفتح,Parapharmacie,Formel,"Boulevard Oued Eddahab, Oujda",34.691312,-1.8736378,icons/pharmacy.png,OSM
L'Oriental,Pharmacie Dhar Lamhala Lazaret صيدلية ضهر المحلة لازاري,Parapharmacie,Formel,"Boulevard Allal Al Fassi شارع علال الفاسي, Oujda",34.6824325,-1.8850428,icons/pharmacy.png,OSM
L'Oriental,Bouheni karren,Restaurant,Formel,Bouheni karren,34.849385,-1.7393537,icons/restaurant.png,OSM
L'Oriental,Café sans nom,Café,Formel,Café sans nom,34.844974,-1.7512443,icons/cafe.png,OSM
L'Oriental,قادري,Supérette / Mini-market,Formel,مغنية,34.8551734,-1.735396,icons/convenience.png,OSM
L'Oriental,Marché couvert lycée 3,Épicerie,Informel,Marché couvert lycée 3,34.851887,-1.7403868,icons/greengrocer.png,OSM
L'Oriental,الصفراء,Supérette / Mini-market,Formel,مغنية,34.8486076,-1.7381654,icons/convenience.png,OSM
L'Oriental,Pharmacie madouri,Parapharmacie,Formel,Pharmacie madouri,34.8505834,-1.7357475,icons/pharmacy.png,OSM
L'Oriental,Frer nas,Boutique de confiserie,Informel,Frer nas,34.8504534,-1.7349008,icons/confectionery.png,OSM
L'Oriental,Café Nana مقهى نانا,Café,Formel,Café Nana مقهى نانا,34.695618,-1.881943,icons/cafe.png,OSM
L'Oriental,Arabesque Délices,Café,Formel,"Avenue Yacoub Al Mansour, Oujda",34.6672246,-1.8971978,icons/cafe.png,OSM
L'Oriental,DC chicken,Restaurant,Formel,"Boulevard Mohammed VI, Oujda",34.6577216,-1.9013979,icons/restaurant.png,OSM
L'Oriental,الأخوين,Café,Formel,الأخوين,34.6534761,-1.9049948,icons/cafe.png,OSM
L'Oriental,زينزي دار,Café,Formel,زينزي دار,34.6567219,-1.905461,icons/cafe.png,OSM
L'Oriental,Restaurant sans nom,Restaurant,Formel,Restaurant sans nom,34.6574055,-1.9011115,icons/restaurant.png,OSM
L'Oriental,Flame d'Or,Café,Formel,Flame d'Or,34.6568155,-1.9041791,icons/cafe.png,OSM
L'Oriental,باباي,Café,Formel,باباي,34.6620429,-1.9052504,icons/cafe.png,OSM
L'Oriental,Pharmacie Bismillah صيدلية بسم الله,Parapharmacie,Formel,"Boulevard Annakhil شارع النخيل, Oujda",34.6911373,-1.8939706,icons/pharmacy.png,OSM
L'Oriental,Pharmacie Al Boustane صيدلية البستان,Parapharmacie,Formel,"Rue Kanoun Awal, Oujda",34.7105468,-1.8839712,icons/pharmacy.png,OSM
L'Oriental,صيدلية طالب,Parapharmacie,Formel,بوكانون,34.9758856,-2.1012309,icons/pharmacy.png,OSM
L'Oriental,مقهى الشعبي,Café,Formel,بوكانون,34.9768971,-2.1010638,icons/cafe.png,OSM
L'Oriental,في ميمي,Boutique de confiserie,Informel,بوكانون,34.976203,-2.1013671,icons/confectionery.png,OSM
L'Oriental,أوبختي للخضروات,Épicerie,Informel,بوكانون,34.9755801,-2.1012704,icons/greengrocer.png,OSM
L'Oriental,عند الحاج عبد الحفيظ,Restaurant,Formel,بوكانون,34.9738238,-2.101406,icons/restaurant.png,OSM
L'Oriental,لزعر أحمد,Épicerie,Informel,بوكانون,34.9755552,-2.0988741,icons/greengrocer.png,OSM
L'Oriental,عند تيب,Restaurant,Formel,بوكانون,34.9760993,-2.1014005,icons/restaurant.png,OSM
L'Oriental,Café Central,Café,Formel,kalaa supérieur,34.8718779,-1.3086589,icons/cafe.png,OSM
L'Oriental,Pharmacie Mimouni صيدلية ميموني,Parapharmacie,Formel,"Rue D3, Oujda",34.689296,-1.9339438,icons/pharmacy.png,OSM
L'Oriental,Snack Bravo,Restaurant,Formel,Snack Bravo,34.6777237,-1.9179927,icons/restaurant.png,OSM
L'Oriental,Café Lamyae,Café,Formel,Café Lamyae,34.6778362,-1.9164943,icons/cafe.png,OSM
L'Oriental,Café Orient,Café,Formel,Café Orient,34.6776214,-1.9178811,icons/cafe.png,OSM
L'Oriental,Venezia Ice,Restaurant,Formel,"Boulevard Allal Ben Abdellah, Oujda",34.6741832,-1.9190124,icons/restaurant.png,OSM
L'Oriental,Pharmacie Hay Al Amal صيدلية حي الأمل,Parapharmacie,Formel,Oujda,34.6906799,-1.9442347,icons/pharmacy.png,OSM
L'Oriental,Chawarma,Restaurant,Formel,Chawarma,34.9212144,-1.2980346,icons/restaurant.png,OSM
L'Oriental,Pharmacie Annahda صيدلية النهضة,Parapharmacie,Formel,"زنقة ج 3, وجدة",34.6833248,-1.9553796,icons/pharmacy.png,OSM
L'Oriental,Pharmacie Imam Ali صيدلية الإمام علي,Parapharmacie,Formel,"Rue El Ihsan, Oujda",34.6763877,-1.9424202,icons/pharmacy.png,OSM
L'Oriental,Pharmacie Azhar Isly صيدلية أزهار إسلي,Parapharmacie,Formel,Oujda ⵡⴻⵊⴷⴰ وجدة,34.7227111,-1.909699,icons/pharmacy.png,OSM
L'Oriental,Pharmacie Pont Lamhalla صيدلية قنطرة لمحلة,Parapharmacie,Formel,"Boulevard Armée de la Libération شارع جيش التحرير, Oujda",34.6666953,-1.9262387,icons/pharmacy.png,OSM
L'Oriental,Pharmacie Idriss Al Akbar صيدلية إدريس الأكبر,Parapharmacie,Formel,"Boulevard Abou Bakr El Kadiri, Oujda",34.6622792,-1.929758,icons/pharmacy.png,OSM
L'Oriental,Pharmacie Pont Benkhirane صيدلية قنطرة بنخيران,Parapharmacie,Formel,"Rue B17, Oujda",34.6593074,-1.9303877,icons/pharmacy.png,OSM
L'Oriental,Pharmacie Torbi صيدلية توربي,Parapharmacie,Formel,"Rue 11, Oujda",34.6670039,-1.9364563,icons/pharmacy.png,OSM
L'Oriental,Pharmacie El Baraka صيدلية البركة,Parapharmacie,Formel,"Boulevard Madrane Mohamed, Oujda",34.6755469,-1.9381131,icons/pharmacy.png,OSM
L'Oriental,Pharmacie du Conseil صيدلية النصيحة,Parapharmacie,Formel,"Rue C, OUJDA",34.6694055,-1.9285715,icons/pharmacy.png,OSM
L'Oriental,Pharmacie El Aouni صيدلية العوني,Parapharmacie,Formel,"Rue B2, Oujda",34.6570624,-1.9492163,icons/pharmacy.png,OSM
L'Oriental,Pharmacie Aynaou صيدلية ايناو,Parapharmacie,Formel,"Rue B1, Oujda",34.6703827,-1.9381422,icons/pharmacy.png,OSM
L'Oriental,Pharmacie Hanana صيدلية حنانة,Parapharmacie,Formel,"Rue C1, Oujda",34.6730663,-1.9410108,icons/pharmacy.png,OSM
L'Oriental,Pharmacie Echouhada صيدلية الشهداء,Parapharmacie,Formel,"Rue B10, Oujda",34.670153,-1.9414952,icons/pharmacy.png,OSM
L'Oriental,Pharmacie Bab Errayan صيدلية باب الريان,Parapharmacie,Formel,"Rue H12, Oujda",34.6586867,-1.9407496,icons/pharmacy.png,OSM
L'Oriental,Pharmacie Hay Ezzohour صيدلية حي الزهور,Parapharmacie,Formel,Oujda,34.6634668,-1.9493428,icons/pharmacy.png,OSM
L'Oriental,Pharmacie Beni Znassen صيدلية بني زناسن,Parapharmacie,Formel,"Boulevard Nedram Kaba, Oujda",34.6769768,-1.9351713,icons/pharmacy.png,OSM
L'Oriental,Pharmacie Hay Sammara صيدلية حي سمرا,Parapharmacie,Formel,Oujda ⵡⴻⵊⴷⴰ وجدة,34.6501353,-1.9411804,icons/pharmacy.png,OSM
L'Oriental,Pharmacie Al Manar صيدلية المنار,Parapharmacie,Formel,"Route de Taza, Oujda",34.6819804,-1.9413182,icons/pharmacy.png,OSM
L'Oriental,Pharmacie Essaada صيدلية السعادة,Parapharmacie,Formel,"Rue Abdelmalek Saadi, Oujda",34.6925053,-1.9180097,icons/pharmacy.png,OSM
L'Oriental,Pharmacie El Houda صيدلية الهدى,Parapharmacie,Formel,Oujda,34.6793868,-1.9392532,icons/pharmacy.png,OSM
L'Oriental,Pharmacie Sabahi صيدلية صباحي,Parapharmacie,Formel,"Rue 1, Oujda",34.6663756,-1.8724745,icons/pharmacy.png,OSM
L'Oriental,Pharmacie du Progrès صيدلية التقدم,Parapharmacie,Formel,"Boulevard Maghreb Al Arabi, Oujda",34.6785243,-1.9113108,icons/pharmacy.png,OSM
L'Oriental,Pharmacie Ibn Nafis صيدلية بن النفيس,Parapharmacie,Formel,"Rue E2, Oujda",34.6812338,-1.8758671,icons/pharmacy.png,OSM
L'Oriental,Pharmacie El Azzaoui صيدلية العزاوي,Parapharmacie,Formel,"Rue Kafr Kacem, Oujda",34.6577629,-1.8958942,icons/pharmacy.png,OSM
L'Oriental,Pharmacie de l'Université صيدلية الجامعة,Parapharmacie,Formel,"Boulevard Mohammed VI, Oujda",34.6571437,-1.9007118,icons/pharmacy.png,OSM
L'Oriental,Pharmacie Siham صيدلية سهام,Parapharmacie,Formel,"Rue Al Boughaz, Oujda",34.6677437,-1.8893995,icons/pharmacy.png,OSM
L'Oriental,Pharmacie de La Mosquée صيدلية المسجد,Parapharmacie,Formel,"Boulevard Hassan II شارع الحسن الثاني, Oujda",34.66404,-1.8988793,icons/pharmacy.png,OSM
L'Oriental,Pharmacie Al Haramain صيدلية الحرمين,Parapharmacie,Formel,"Avenue Mohammed Ben Abdel Khader, Oujda",34.6609122,-1.8809687,icons/pharmacy.png,OSM
L'Oriental,Pharmacie Al Inara صيدلية الإنارة,Parapharmacie,Formel,"Boulevard Hassan II شارع الحسن الثاني, Oujda",34.6637395,-1.9054894,icons/pharmacy.png,OSM
L'Oriental,Pharmacie Allal El Fassi صيدلية علال الفاسي,Parapharmacie,Formel,"Boulevard Mehdaoui Ben Said, Oujda",34.6717779,-1.8995943,icons/pharmacy.png,OSM
L'Oriental,Pharmacie Al Machfa Al Jamii صيدلية المشفى الجامعي,Parapharmacie,Formel,"Rue S6, Oujda",34.6591571,-1.9092973,icons/pharmacy.png,OSM
L'Oriental,Pharmacie Al Mouna صيدلية المنى,Parapharmacie,Formel,"Rue Mohamed Zaazaoui, Oujda",34.6638137,-1.8885474,icons/pharmacy.png,OSM
L'Oriental,Pharmacie Ahmed صيدلية أحمد,Parapharmacie,Formel,"Boulevard Mohamed Ben Ouda, Oujda",34.6580606,-1.8928908,icons/pharmacy.png,OSM
L'Oriental,Pharmacie Boudlal صيدلية بودلال,Parapharmacie,Formel,"Avenue Mohammed Ben Abdel Khader, Oujda",34.6642944,-1.8815527,icons/pharmacy.png,OSM
L'Oriental,Pharmacie Manal صيدلية منال,Parapharmacie,Formel,"Boulevard Hassan II شارع الحسن الثاني, Oujda",34.6655599,-1.88606,icons/pharmacy.png,OSM
L'Oriental,Pharmacie Sefraoui صيدلية صفراوي,Parapharmacie,Formel,"Boulevard Hassan II شارع الحسن الثاني, Oujda",34.6650933,-1.8911065,icons/pharmacy.png,OSM
L'Oriental,Pharmacie Al Maghreb Al Arabi صيدلية المغرب العربي,Parapharmacie,Formel,"Boulevard Sidi Maafa, Oujda",34.6642882,-1.8954525,icons/pharmacy.png,OSM
L'Oriental,Pharmacie Al Qods صيدلية القدس,Parapharmacie,Formel,"Boulevard Mohammed VI, Oujda",34.6613707,-1.9050206,icons/pharmacy.png,OSM
L'Oriental,Pharmacie Hay Al Andalous صيدلية حي الأندلس,Parapharmacie,Formel,"Boulevard Qatar شارع قطر, Oujda وجدة",34.6590105,-1.8853598,icons/pharmacy.png,OSM
L'Oriental,Pharmacie Rahmouni Lazaret صيدلية الرحموني,Parapharmacie,Formel,"Rue Kawtar, Oujda",34.6711676,-1.8907847,icons/pharmacy.png,OSM
L'Oriental,Pharmacie Rachdi صيدلية راشدي,Parapharmacie,Formel,Oujda,34.658111,-1.9178587,icons/pharmacy.png,OSM
L'Oriental,Pharmacie Les Iris صيدلية القزحية,Parapharmacie,Formel,"Rue Moulouya 5, Oujda",34.6595618,-1.9197117,icons/pharmacy.png,OSM
L'Oriental,Pharmacie Al Hidaya صيدلية الهداية,Parapharmacie,Formel,"Rue Sanabil, Oujda",34.6614479,-1.8922499,icons/pharmacy.png,OSM
L'Oriental,Pharmacie Al Michkate صيدلية المشكاة,Parapharmacie,Formel,"Rue Addoha 3, Oujda وجدة",34.6582554,-1.8829488,icons/pharmacy.png,OSM
L'Oriental,Pharmacie Hay Lamharchi صيدلية حي لمحرشي,Parapharmacie,Formel,"Rue S1, Oujda",34.6912349,-1.9394225,icons/pharmacy.png,OSM
L'Oriental,Pharmacie La Grande الصيدلية الكبرى,Parapharmacie,Formel,"Rue E1, Oujda",34.6542092,-1.9352301,icons/pharmacy.png,OSM
L'Oriental,Pharmacie et Laboratoire Route de Taza صيدلية و مختبر طريق تازة,Parapharmacie,Formel,"Boulevard M'Bark El Bekkay Lahbil, Oujda وجدة",34.6792409,-1.9312867,icons/pharmacy.png,OSM
L'Oriental,Pharmacie La Foire صيدلية المعرض,Parapharmacie,Formel,"Avenue Abdelkarim Bel Khayer, Oujda",34.6827788,-1.9271759,icons/pharmacy.png,OSM
L'Oriental,Pharmacie Hay Drafif صيدلية حي الضرافيف,Parapharmacie,Formel,"Rue A4, Oujda",34.6859661,-1.953383,icons/pharmacy.png,OSM
L'Oriental,Café Genova,Café,Formel,Café Genova,34.6651829,-1.9320477,icons/cafe.png,OSM
L'Oriental,Café L'Oasis,Café,Formel,Café L'Oasis,34.6649909,-1.9317714,icons/cafe.png,OSM
L'Oriental,Pharmacie Stade d'Honneur صيدلية الملعب الشرفي,Parapharmacie,Formel,"Boulevard Armée de la Libération, Oujda",34.664806,-1.9328012,icons/pharmacy.png,OSM
L'Oriental,Pharmacie Hay Ngadi صيدلية حي نكادي,Parapharmacie,Formel,"Rue B60, Oujda",34.6862086,-1.9328008,icons/pharmacy.png,OSM
L'Oriental,Pharmacie de L’Espoir صيدلية الأمل,Parapharmacie,Formel,"Avenue Brahim El Houssaini, Oujda",34.6714056,-1.9323835,icons/pharmacy.png,OSM
L'Oriental,Pharmacie Al Wiam صيدلية الوئام,Parapharmacie,Formel,Oujda وجدة,34.6790813,-1.936653,icons/pharmacy.png,OSM
L'Oriental,Pharmacie Tarik Al Gharb صيدلية طريق الغرب,Parapharmacie,Formel,"Avenue B, Oujda",34.6841747,-1.9382428,icons/pharmacy.png,OSM
L'Oriental,Pharmacie Haddam صيدلية هدام,Parapharmacie,Formel,"Kissariat Bienfaisance, Oujda",34.6742164,-1.9319485,icons/pharmacy.png,OSM
L'Oriental,Pharmacie Al Amana صيدلية الأمانة,Parapharmacie,Formel,"Rue B60, Oujda",34.6865545,-1.9368441,icons/pharmacy.png,OSM
L'Oriental,Pharmacie Route Saidia صيدلية طريق السعيدية,Parapharmacie,Formel,Oujda,34.6936736,-1.945281,icons/pharmacy.png,OSM
L'Oriental,Pharmacie El Ansari صيدلية الأنصاري,Parapharmacie,Formel,"Rue 115, Oujda",34.7087526,-1.9093411,icons/pharmacy.png,OSM
L'Oriental,Pharmacie Al Majd صيدلية المجد,Parapharmacie,Formel,"Boulevard Nebras, Oujda",34.7062069,-1.9151532,icons/pharmacy.png,OSM
L'Oriental,Pharmacie Koulouch Takkadoum صيدلية كولوش التقدم,Parapharmacie,Formel,"Rue Oued Sebou, Oujda",34.6997489,-1.9141928,icons/pharmacy.png,OSM
L'Oriental,Pharmacie Ejjarda صيدلية الجردة,Parapharmacie,Formel,"Rue 115, Oujda",34.7029677,-1.9103923,icons/pharmacy.png,OSM
L'Oriental,Pharmacie Mellouk صيدلية ملوك,Parapharmacie,Formel,"Boulevard Prince Héritier Moulay Al Hassan, Oujda",34.7080865,-1.919838,icons/pharmacy.png,OSM
L'Oriental,Pharmacie Al Jisr صيدلية الجسر,Parapharmacie,Formel,"Boulevard Prince Héritier Moulay Al Hassan, Oujda",34.6971736,-1.9193274,icons/pharmacy.png,OSM
L'Oriental,Pharmacie Wafaa صيدلية وفاء,Parapharmacie,Formel,"Rue Moharram, Oujda",34.7144735,-1.9062027,icons/pharmacy.png,OSM
L'Oriental,Pharmacie El Bay صيدلية الباي,Parapharmacie,Formel,"Rue 105, Oujda",34.7044659,-1.907484,icons/pharmacy.png,OSM
L'Oriental,Pharmacie Metro صيدلية مترو,Parapharmacie,Formel,"Rue 2, Oujda",34.7053399,-1.9349609,icons/pharmacy.png,OSM
L'Oriental,Pharmacie Faculté de Médecine صيدلية كلية الطب,Parapharmacie,Formel,"Rue S, Oujda",34.661957,-1.9111849,icons/pharmacy.png,OSM
L'Oriental,Pharmacie Palais De Justice صيدلية قصر العدالة,Parapharmacie,Formel,"Rue Oum Rabia 5, Oujda",34.6603332,-1.9141078,icons/pharmacy.png,OSM
L'Oriental,Pharmacie Alae صيدلية اًلاء,Parapharmacie,Formel,"Rue A1, Oujda",34.6646949,-1.918868,icons/pharmacy.png,OSM
L'Oriental,Pharmacie Nil صيدلية النيل,Parapharmacie,Formel,"Rue Fourate, Oujda",34.6624334,-1.873285,icons/pharmacy.png,OSM
L'Oriental,Pharmacie Kissi صيدلية قيسي,Parapharmacie,Formel,"Rue 9, Oujda",34.6653562,-1.8694001,icons/pharmacy.png,OSM
L'Oriental,Pharmacie Al Manzah صيدلية المنزه,Parapharmacie,Formel,"Boulevard Manzah, Oujda",34.6674741,-1.8738543,icons/pharmacy.png,OSM
L'Oriental,Pharmacie Nasrallah صيدلية نصر الله,Parapharmacie,Formel,"Rue Ahmed Ibn Massoud, Oujda",34.6651247,-1.8796507,icons/pharmacy.png,OSM
L'Oriental,Pharmacie Ayoub صيدلية أيوب,Parapharmacie,Formel,"Rue Koudane, Oujda",34.6602641,-1.8773787,icons/pharmacy.png,OSM
L'Oriental,Pharmacie Al Kawtar صيدلية الكوثر,Parapharmacie,Formel,"زنقة الحمام, وجدة",34.6756858,-1.8589051,icons/pharmacy.png,OSM
L'Oriental,Pharmacie Sfakas صيدلية صفاقص,Parapharmacie,Formel,Oujda,34.6580693,-1.8736261,icons/pharmacy.png,OSM
L'Oriental,Pharmacie Souidi صيدلية السويدي,Parapharmacie,Formel,"Route Sidi Yahya, Oujda",34.6675606,-1.8704904,icons/pharmacy.png,OSM
L'Oriental,Pharmacie Hay Nasr صيدلية حي النصر,Parapharmacie,Formel,"Avenue Sekilia, Oujda",34.7107256,-1.8931156,icons/pharmacy.png,OSM
L'Oriental,Pharmacie Souk Mellilia صيدلية سوق مليلية,Parapharmacie,Formel,"Boulevard Ahmed El Kaouachi, Oujda",34.6784462,-1.9065907,icons/pharmacy.png,OSM
L'Oriental,Pharmacie Annour صيدلية النور,Parapharmacie,Formel,"Rue Borj, Oujda",34.7176701,-1.8967017,icons/pharmacy.png,OSM
L'Oriental,Pharmacie Tayret صيدلية تايريت,Parapharmacie,Formel,"Boulevard Mehdaoui Ben Said, Oujda",34.6742298,-1.9022463,icons/pharmacy.png,OSM
L'Oriental,Pharmacie Essaoura صيدلية الصويرة,Parapharmacie,Formel,"Boulevard Mohammed VI, Oujda",34.6660373,-1.9066263,icons/pharmacy.png,OSM
L'Oriental,Pharmacie Salama صيدلية السلامة,Parapharmacie,Formel,"Rue D7, Oujda",34.6978994,-1.9027052,icons/pharmacy.png,OSM
L'Oriental,Pharmacie Moulay Youssef صيدلية مولاي يوسف,Parapharmacie,Formel,"Boulevard Moulay Youssef, Oujda",34.6727209,-1.9220683,icons/pharmacy.png,OSM
L'Oriental,Pharmacie La Medina صيدلية المدينة,Parapharmacie,Formel,"Avenue Moulay Hassan, Oujda",34.680241,-1.9084824,icons/pharmacy.png,OSM
L'Oriental,Pharmacie des Urgences صيدلية المستعجلات,Parapharmacie,Formel,"Rue Errazi, Oujda",34.6765935,-1.9131969,icons/pharmacy.png,OSM
L'Oriental,Pharmacie Oujda صيدلية وجدة,Parapharmacie,Formel,"Rue Figuig, Oujda",34.6838515,-1.9098647,icons/pharmacy.png,OSM
L'Oriental,Pharmacie de la Polyclinique صيدلية بوليكلينك,Parapharmacie,Formel,"Boulevard Echouhada, Oujda",34.6695351,-1.9122532,icons/pharmacy.png,OSM
L'Oriental,Pharmacie Santé et Beauté صيدلية الصحة و الجمال,Parapharmacie,Formel,"Rue H6, Oujda",34.6995414,-1.8993027,icons/pharmacy.png,OSM
L'Oriental,Pharmacie Riad صيدلية الرياض,Parapharmacie,Formel,"Boulevard Allal Al Fassi شارع علال الفاسي, OUJDA",34.680038,-1.9035539,icons/pharmacy.png,OSM
L'Oriental,Pharmacie Es-Safae Boudir صيدلية الصفاء بودير,Parapharmacie,Formel,"Boulevard Ben Habousse, Oujda",34.6915404,-1.9029042,icons/pharmacy.png,OSM
L'Oriental,Pharmacie Syagha صيدلية صياغة,Parapharmacie,Formel,"Kissariat Alj, Oujda",34.6810128,-1.9145871,icons/pharmacy.png,OSM
L'Oriental,Pharmacie Oued Ennachef صيدلية الواد الناشف,Parapharmacie,Formel,"Boulevard Moulay Youssef, Oujda",34.6754059,-1.9259166,icons/pharmacy.png,OSM
L'Oriental,Pharmacie Benmansour صيدلية بن منصور,Parapharmacie,Formel,"Route Sidi Driss, OUJDA",34.6829521,-1.9054924,icons/pharmacy.png,OSM
L'Oriental,Pharmacie Pasteur صيدلية باستور,Parapharmacie,Formel,"Boulevard Al Fatouaki, Oujda",34.6891522,-1.9174853,icons/pharmacy.png,OSM
L'Oriental,Pharmacie Al Hijaz صيدلية الحجاز,Parapharmacie,Formel,"Boulevard Al Hijaz, Oujda",34.6741316,-1.9176192,icons/pharmacy.png,OSM
L'Oriental,Pharmacie Al Farabi صيدلية الفرابي,Parapharmacie,Formel,"Rue Lieutenant Belhoucine, Oujda",34.6762843,-1.9110768,icons/pharmacy.png,OSM
L'Oriental,Pharmacie Diwana صيدلية الديوانة,Parapharmacie,Formel,"Boulevard Mohammed V, Oujda",34.6894619,-1.9098898,icons/pharmacy.png,OSM
L'Oriental,Pharmacie Asfour صيدلية عصفور,Parapharmacie,Formel,"Boulevard Ziri Ibn Attia, Oujda",34.6774059,-1.9082252,icons/pharmacy.png,OSM
L'Oriental,Pharmacie Le Paris صيدلية باريس,Parapharmacie,Formel,"Boulevard Allal Ben Abdallah, Oujda",34.679805,-1.9194793,icons/pharmacy.png,OSM
L'Oriental,Pharmacie Omar Ibn El Khatab صيدلية عمر بن الخطاب,Parapharmacie,Formel,"Boulevard Omar Ibn Al Khattab, Oujda",34.6720607,-1.9128245,icons/pharmacy.png,OSM
L'Oriental,Pharmacie Aswak Essalam صيدلية أسواق السلام,Parapharmacie,Formel,"Rue E, Oujda",34.6993538,-1.8908538,icons/pharmacy.png,OSM
L'Oriental,Pharmacie Chifae صيدلية الشفاء,Parapharmacie,Formel,"Avenue des Forces Armées Royales (FAR), Oujda",34.6917366,-1.9106842,icons/pharmacy.png,OSM
L'Oriental,Pharmacie Figuig صيدلية فكيك,Parapharmacie,Formel,"Rue de Rabat, Oujda",34.6870193,-1.9106433,icons/pharmacy.png,OSM
L'Oriental,Pharmacie El Mouhammadia صيدلية المحمدية,Parapharmacie,Formel,"Rue Maazouza, Oujda",34.688647,-1.9040836,icons/pharmacy.png,OSM
L'Oriental,Pharmacie Al Jahid صيدلية الجاهد,Parapharmacie,Formel,"Boulevard Mansour Addahabi, Oujda",34.697536,-1.9096194,icons/pharmacy.png,OSM
L'Oriental,Pharmacie Errazi صيدلية الرازي,Parapharmacie,Formel,"Boulevard Hassan II شارع الحسن الثاني, Oujda",34.6703882,-1.917333,icons/pharmacy.png,OSM
L'Oriental,Pharmacie Centre Culturel صيدلية المركز الثقافي,Parapharmacie,Formel,"Rue Touat, Oujda",34.6881429,-1.9199624,icons/pharmacy.png,OSM
L'Oriental,Pharmacie du Stade Municipal صيدلية الملعب البلدي,Parapharmacie,Formel,"Rue Casablanca زنقة الدار البيضاء, Oujda",34.6858757,-1.9069287,icons/pharmacy.png,OSM
L'Oriental,Pharmacie l’Avenir صيدلية المستقبل,Parapharmacie,Formel,"Boulevard Abdelkhalek Torres, Oujda",34.6943211,-1.9030273,icons/pharmacy.png,OSM
L'Oriental,Pharmacie El Aounia صيدلية العونية,Parapharmacie,Formel,"Route El Aounia طريق العونية, Oujda",34.6854296,-1.9011379,icons/pharmacy.png,OSM
L'Oriental,Pharmacie Abdelmoumen صيدلية عبد المومن,Parapharmacie,Formel,"Boulevard Ziri Ibn Attia, Oujda",34.6746769,-1.9093982,icons/pharmacy.png,OSM
L'Oriental,Pharmacie Al Faraj صيدلية الفرج,Parapharmacie,Formel,Oujda وجدة,34.7156774,-1.8929609,icons/pharmacy.png,OSM
L'Oriental,Pharmacie Al Bakri صيدلية البكري,Parapharmacie,Formel,"Boulevard Mohammed Derfoufi, Oujda",34.6887738,-1.9147854,icons/pharmacy.png,OSM
L'Oriental,Pharmacie Rajaa Fi Allah صيدلية الرجاء في الله,Parapharmacie,Formel,"Boulevard Al Fahd, Oujda",34.7080319,-1.8972593,icons/pharmacy.png,OSM
L'Oriental,Pharmacie Al Acadimia صيدلية الأكاديمية,Parapharmacie,Formel,"Boulevard Mohammed VI, Oujda",34.657764,-1.9019637,icons/pharmacy.png,OSM
L'Oriental,Zam zam زم زم,Café,Formel,Zam zam زم زم,34.6615619,-1.9370715,icons/cafe.png,OSM
L'Oriental,Pharmacie Cinema Rif Kabbaj صيدلية سينما الريف قباج,Parapharmacie,Formel,"Rue Kaddour El Ouartassi, Oujda",34.6832326,-1.8905733,icons/pharmacy.png,OSM
L'Oriental,Pharmacie Habiba صيدلية حبيبة,Parapharmacie,Formel,"Boulevard Abou Bakr El Kadiri, Oujda",34.6593164,-1.9319961,icons/pharmacy.png,OSM
L'Oriental,Pharmacie Oumnih صيدلية أومنيح,Parapharmacie,Formel,"Rue B10, Oujda وجدة",34.6682969,-1.943806,icons/pharmacy.png,OSM
L'Oriental,Pharmacie Al Azhar صيدلية الأزهار,Parapharmacie,Formel,"Rue Zouhour, Oujda",34.6831135,-1.8810008,icons/pharmacy.png,OSM
L'Oriental,Pharmacie Abi Inane صيدلية أبي عنان,Parapharmacie,Formel,"Rue Rihab, Oujda",34.6880271,-1.8788424,icons/pharmacy.png,OSM
L'Oriental,Pharmacie Al Aqsa صيدلية الأقصى,Parapharmacie,Formel,"Rue B28, Oujda",34.6947262,-1.8759598,icons/pharmacy.png,OSM
L'Oriental,Pharmacie Afilal صيدلية أفيلال,Parapharmacie,Formel,Oujda,34.6845953,-1.8693326,icons/pharmacy.png,OSM
L'Oriental,Pharmacie Benqachour صيدلية بنقاشور,Parapharmacie,Formel,"Boulevard Hassan II شارع الحسن الثاني, Oujda",34.6674249,-1.9168638,icons/pharmacy.png,OSM
L'Oriental,Pharmacie Boubou صيدلية بوبو,Parapharmacie,Formel,"Boulevard Mohammed Derfoufi, Oujda",34.694798,-1.9114735,icons/pharmacy.png,OSM
L'Oriental,Pharmacie Boutkhil صيدلية بوتخيل,Parapharmacie,Formel,Oujda وجدة,34.655676,-1.867243,icons/pharmacy.png,OSM
L'Oriental,Pharmacie Centrale الصيدلية المركزية,Parapharmacie,Formel,"Boulevard Allal Ben Abdellah, Oujda",34.676632,-1.9193606,icons/pharmacy.png,OSM
L'Oriental,Pharmacie La Clinique صيدلية المصحة,Parapharmacie,Formel,"Boulevard Mohamed Ben Lakhdar, Oujda",34.6744684,-1.9205167,icons/pharmacy.png,OSM
L'Oriental,Pharmacie CMI Lazaret CMI صيدلية,Parapharmacie,Formel,"Boulevard Allal Al Fassi شارع علال الفاسي, Oujda",34.6846121,-1.8774034,icons/pharmacy.png,OSM
L'Oriental,Pharmacie Al Firdaous صيدلية الفردوس,Parapharmacie,Formel,"Route El Aounia طريق العونية, Oujda",34.692926,-1.8850105,icons/pharmacy.png,OSM
L'Oriental,Pharmacie Al Haram صيدلية الهرم,Parapharmacie,Formel,"Boulevard Bourchid M'barek, Oujda",34.6843757,-1.8738308,icons/pharmacy.png,OSM
L'Oriental,Pharmacie Hay El Hassani صيدلية الحي الحسني,Parapharmacie,Formel,"Boulevard Nebras, Oujda",34.7068395,-1.911412,icons/pharmacy.png,OSM
L'Oriental,Pharmacie Hicham صيدلية هشام,Parapharmacie,Formel,Oujda,34.6809584,-1.8932579,icons/pharmacy.png,OSM
L'Oriental,Pharmacie Al Hikma صيدلية الحكمة,Parapharmacie,Formel,"Boulevard Abderrahim Bouabid, Oujda",34.6753972,-1.8921637,icons/pharmacy.png,OSM
L'Oriental,Pharmacie Ibn Rochd صيدلية ابن رشد,Parapharmacie,Formel,"Place de la Douane, Oujda",34.6918026,-1.906858,icons/pharmacy.png,OSM
L'Oriental,Pharmacie Ibn Tofail صيدلية بن طفيل,Parapharmacie,Formel,"Boulevard Mehdaoui Ben Said, Oujda",34.6769178,-1.9056738,icons/pharmacy.png,OSM
L'Oriental,Pharmacie Inarat Salam صيدلية إنارة السلام,Parapharmacie,Formel,"Rue A11, Oujda",34.6641278,-1.9234216,icons/pharmacy.png,OSM
L'Oriental,Pharmacie Al Israe صيدلية الإسراء,Parapharmacie,Formel,"Rue Annasr, Oujda",34.6922444,-1.8808548,icons/pharmacy.png,OSM
L'Oriental,Madagascar مدغشقر,Café,Formel,Madagascar مدغشقر,34.6624363,-1.9373034,icons/cafe.png,OSM
L'Oriental,مقهى النخيل,Café,Formel,مقهى النخيل,34.8396498,-1.5136806,icons/cafe.png,OSM
L'Oriental,Pharmacie Karzazi صيدلية كرزازي,Parapharmacie,Formel,"Rue M4, Oujda",34.6775354,-1.8937654,icons/pharmacy.png,OSM
L'Oriental,Pharmacie El Jai صيدلية الجاي,Parapharmacie,Formel,"Rue Abdelaziz Taalibi, Oujda",34.6726804,-1.9257466,icons/pharmacy.png,OSM
L'Oriental,Pharmacie Al Jazira صيدلية الجزيرة,Parapharmacie,Formel,"Rue Hanaa, Oujda",34.6871338,-1.8970041,icons/pharmacy.png,OSM
L'Oriental,Pharmacie Macha Allah صيدلية مشاء الله,Parapharmacie,Formel,"Rue Al Assil, Oujda",34.6777494,-1.8628802,icons/pharmacy.png,OSM
L'Oriental,Pharmacie Wilaya Pharma صيدلية ولاية فارما,Parapharmacie,Formel,"Boulevard Hassan II شارع الحسن الثاني, Oujda",34.6654986,-1.9126887,icons/pharmacy.png,OSM
L'Oriental,Pharmacie Masjid Najd صيدلية مسجد نجد,Parapharmacie,Formel,Oujda,34.6554097,-1.8745873,icons/pharmacy.png,OSM
L'Oriental,Pharmacie Melhaoui صيدلية ملحاوي,Parapharmacie,Formel,"Rue Azzahra, Oujda",34.6784767,-1.9236176,icons/pharmacy.png,OSM
L'Oriental,Pharmacie Merjane صيدلية مرجان,Parapharmacie,Formel,"Boulevard Annakhil شارع النخيل, Oujda",34.6924603,-1.8990871,icons/pharmacy.png,OSM
L'Oriental,Pharmacie Moulay Miloud صيدلية مولاي ميلود,Parapharmacie,Formel,"Rue E2, Oujda",34.6875063,-1.8870042,icons/pharmacy.png,OSM
L'Oriental,Pharmacie El Mrabet صيدلية المرابط,Parapharmacie,Formel,"Boulevard Abderrahmane Mokhtari, Oujda",34.69685,-1.8895505,icons/pharmacy.png,OSM
L'Oriental,Pharmacie Othman Ibn Affan صيدلية عثمان بن عفان,Parapharmacie,Formel,Oujda,34.6892731,-1.881958,icons/pharmacy.png,OSM
L'Oriental,Pharmacie El Ouafi صيدلية الوافي,Parapharmacie,Formel,"Rue Tandrara, Oujda",34.711233,-1.8964367,icons/pharmacy.png,OSM
L'Oriental,Pharmacie Ouiam Al Fath صيدلية وئام الفتح,Parapharmacie,Formel,"Rue B20, Oujda",34.6941915,-1.872121,icons/pharmacy.png,OSM
L'Oriental,Pharmacie Essalam صيدلية السلام,Parapharmacie,Formel,"Boulevard Brahim Roudani, Oujda",34.6770937,-1.8855723,icons/pharmacy.png,OSM
L'Oriental,Pharmacie Populaire الصيدلية الشعبية,Parapharmacie,Formel,"Rue A58, Oujda",34.6863032,-1.8818353,icons/pharmacy.png,OSM
L'Oriental,Pharmacie Route Bouchtat صيدلية طريق بوشطاط,Parapharmacie,Formel,"Route El Aounia طريق العونية, Oujda",34.6985167,-1.8778761,icons/pharmacy.png,OSM
L'Oriental,Pharmacie Takouine صيدلية التكوين,Parapharmacie,Formel,"Boulevard Bourchid M'barek, Oujda",34.6799561,-1.8705213,icons/pharmacy.png,OSM
L'Oriental,Pharmacie 3 Fontaines صيدلية تلت سقاقي,Parapharmacie,Formel,"Rue Oulad Aissa, Oujda",34.6792032,-1.9135081,icons/pharmacy.png,OSM
L'Oriental,Pharmacie Hay Al Wifak صيدلية حي الوفاق,Parapharmacie,Formel,"Rue Al Ouns 1, Oujda",34.7126981,-1.8994696,icons/pharmacy.png,OSM
L'Oriental,Pharmacie Yahyaoui صيدلية يحياوي,Parapharmacie,Formel,"Rue S1, Oujda",34.6801607,-1.8825933,icons/pharmacy.png,OSM
L'Oriental,Café Alsace,Café,Formel,"Boulevard El Hansali, Oujda",34.677749,-1.9220684,icons/cafe.png,OSM
L'Oriental,Pharmacie Anas صيدلية أنس,Parapharmacie,Formel,"Avenue Al Azhar, Oujda",34.6773038,-1.882398,icons/pharmacy.png,OSM
L'Oriental,مطعم ستي,Restaurant,Formel,تلمسان,34.8675626,-1.3188118,icons/restaurant.png,OSM
L'Oriental,pharmacie KAZI,Parapharmacie,Formel,pharmacie KAZI,34.9105929,-1.3237781,icons/pharmacy.png,OSM
L'Oriental,Café Arabica,Café,Formel,Café Arabica,34.8956451,-1.3314964,icons/cafe.png,OSM
L'Oriental,Mahria مهرية,Boulangerie,Formel,Mahria مهرية,34.9406243,-2.7336263,icons/bakery.png,OSM
L'Oriental,Douya دويا,Restaurant,Formel,Douya دويا,34.9407982,-2.7345512,icons/restaurant.png,OSM
L'Oriental,Bouraza بورزة,Café,Formel,Bouraza بورزة,34.942375,-2.7462064,icons/cafe.png,OSM
L'Oriental,Marjane,Supermarché,Formel,Marjane,34.7364704,-1.9260966,icons/supermarket.png,OSM
L'Oriental,Pharmacie Lina صيدلية لينا,Parapharmacie,Formel,Zaïo ⵣⴰⵢⵢⵓ زايو,34.9393265,-2.7502934,icons/pharmacy.png,OSM
L'Oriental,Pharmacie Al Joulan صيدلية الجولان,Parapharmacie,Formel,Zaïo ⵣⴰⵢⵢⵓ زايو,34.9411521,-2.7340693,icons/pharmacy.png,OSM
L'Oriental,France فرنسا,Café,Formel,France فرنسا,34.941638,-2.7397209,icons/cafe.png,OSM
L'Oriental,bnin,Boutique de confiserie,Informel,bnin,34.8523179,-1.7381263,icons/confectionery.png,OSM
L'Oriental,Epices tlemcen,Supérette / Mini-market,Formel,Epices tlemcen,34.8843107,-1.3037545,icons/convenience.png,OSM
L'Oriental,Venezia فينيزيا,Café,Formel,Venezia فينيزيا,34.6677341,-1.931248,icons/cafe.png,OSM
L'Oriental,Café Mustapha Tizghanit,Café,Formel,Chetouane,34.9211579,-1.2954414,icons/cafe.png,OSM
L'Oriental,L'impérial,Restaurant,Formel,L'impérial,34.8881111,-1.320575,icons/restaurant.png,OSM
L'Oriental,Pâtisserie,Boutique de confiserie,Informel,cité hamza chrif,34.8705638,-1.3239982,icons/confectionery.png,OSM
L'Oriental,Café Mansourah,Café,Formel,Café Mansourah,34.8461607,-1.7509943,icons/cafe.png,OSM
L'Oriental,Pharmacie Maatalah,Parapharmacie,Formel,sidi senouci,34.9934451,-1.0922143,icons/pharmacy.png,OSM
L'Oriental,Bristol,Café,Formel,Bristol,34.657414,-1.9342027,icons/cafe.png,OSM
L'Oriental,Bristol,Café,Formel,Bristol,34.6575201,-1.935692,icons/cafe.png,OSM
L'Oriental,مقهى مزار,Café,Formel,مقهى مزار,34.5863523,-2.5103538,icons/cafe.png,OSM
L'Oriental,Marché de Hennaya,Épicerie,Informel,Hennaya,34.9516551,-1.3694125,icons/greengrocer.png,OSM
L'Oriental,Supérette / Mini-market sans nom,Supérette / Mini-market,Formel,Supérette / Mini-market sans nom,34.8250856,-1.5263629,icons/convenience.png,OSM
L'Oriental,مقهى منصوري,Café,Formel,Rue Mourad Benchouk,34.8896508,-1.328528,icons/cafe.png,OSM
L'Oriental,Le Bravo,Café,Formel,Le Bravo,34.8826784,-1.3131116,icons/cafe.png,OSM
L'Oriental,Le bravo,Café,Formel,Le bravo,34.8831398,-1.312078,icons/cafe.png,OSM
L'Oriental,Café al arrahma,Café,Formel,Café al arrahma,34.9324304,-2.3219791,icons/cafe.png,OSM
L'Oriental,Supérette / Mini-market sans nom,Supérette / Mini-market,Formel,Rue Lt Rabah Maimi,34.8785313,-1.3187781,icons/convenience.png,OSM
L'Oriental,supérette ben hamza,Supérette / Mini-market,Formel,supérette ben hamza,34.8778389,-1.3179508,icons/convenience.png,OSM
L'Oriental,Chike'n park,Restaurant,Formel,تلمسان,34.8838661,-1.3109914,icons/restaurant.png,OSM
L'Oriental,Cafeteria,Café,Formel,Cafeteria,34.9198888,-1.3022408,icons/cafe.png,OSM
L'Oriental,Pharmacie Boukli Hacene Sabri,Parapharmacie,Formel,Pharmacie Boukli Hacene Sabri,34.8758704,-1.3691121,icons/pharmacy.png,OSM
L'Oriental,مقهى واحمد,Café,Formel,بوكانون,34.9690256,-2.1005571,icons/cafe.png,OSM
L'Oriental,Best Kebab,Restaurant,Formel,Best Kebab,34.8863578,-1.3274775,icons/restaurant.png,OSM
L'Oriental,Restaurant sans nom,Restaurant,Formel,Restaurant sans nom,34.6608053,-1.9200059,icons/restaurant.png,OSM
L'Oriental,Cafe Dubaia,Café,Formel,Cafe Dubaia,34.879631,-1.3437239,icons/cafe.png,OSM
L'Oriental,Parapharmacie sans nom,Parapharmacie,Formel,Parapharmacie sans nom,34.9212535,-1.3478651,icons/pharmacy.png,OSM
L'Oriental,Supermarché sans nom,Supermarché,Formel,Supermarché sans nom,34.9223149,-1.3488945,icons/supermarket.png,OSM
L'Oriental,Restaurant sans nom,Restaurant,Formel,Restaurant sans nom,34.8889298,-1.3288669,icons/restaurant.png,OSM
L'Oriental,الكرم,Restaurant,Formel,الكرم,34.882275,-1.3436054,icons/restaurant.png,OSM
L'Oriental,Restaurant sans nom,Restaurant,Formel,Restaurant sans nom,34.806494,-2.4097316,icons/restaurant.png,OSM
L'Oriental,Pharmacie Ouarch صيدلية ورش,Parapharmacie,Formel,Berkane,34.917861,-2.3216638,icons/pharmacy.png,OSM
L'Oriental,Pharmacie Lefdil صيدلية لفضيل,Parapharmacie,Formel,"Hay Assalam, Taourirt تاوريرت",34.413959,-2.8992701,icons/pharmacy.png,OSM
L'Oriental,Pharmacie Al Andalous صيدلية الأندلس,Parapharmacie,Formel,"20 Aout, Taourirt",34.3993038,-2.9050791,icons/pharmacy.png,OSM
L'Oriental,Pharmacie Assaada صيدلية السعادة,Parapharmacie,Formel,"Hay Attakadom, Taourirt",34.4023105,-2.9008962,icons/pharmacy.png,OSM
L'Oriental,Pharmacie Al Maghrib صيدلية المغرب,Parapharmacie,Formel,"Moulay Ali Chrif, Taourirt تاوريرت",34.3994572,-2.8923465,icons/pharmacy.png,OSM
L'Oriental,Pharmacie Ibrahim Al Khalil صيدلية ابراهيم الخليل,Parapharmacie,Formel,"20 Aout, Taourirt تاوريرت",34.3985163,-2.8999656,icons/pharmacy.png,OSM
L'Oriental,Pharmacie El Jabiri صيدلية الجابري,Parapharmacie,Formel,"Hay Jdid, Taourirt ⵜⴰⵡⵔⵉⵔⵜ تاوريرت",34.4117807,-2.8938703,icons/pharmacy.png,OSM
L'Oriental,Pharmacie Taourirt صيدلية تاوريرت,Parapharmacie,Formel,"Hay Jdid, TAOURIRT",34.4104307,-2.8921317,icons/pharmacy.png,OSM
L'Oriental,Pharmacie Assiha صيدلية الصحة,Parapharmacie,Formel,"Avenue Moulay Ben Al Arabi, Taourirt",34.4025463,-2.8887549,icons/pharmacy.png,OSM
L'Oriental,Pharmacie El Fath صيدلية الفتح,Parapharmacie,Formel,"Hay Choahadae, Taourirt تاوريرت",34.4031798,-2.892326,icons/pharmacy.png,OSM
L'Oriental,Pharmacie Attakadom صيدلية التقدم,Parapharmacie,Formel,"Hay Attakadom, Taourirt",34.4024435,-2.8968361,icons/pharmacy.png,OSM
L'Oriental,Pharmacie Moulay Ali Cherif صيدلية مولاي علي شريف,Parapharmacie,Formel,"Moulay Ali Chrif, Taourirt",34.4003572,-2.8948726,icons/pharmacy.png,OSM
L'Oriental,Pharmacie Guemmi صيدلية كامي,Parapharmacie,Formel,"Moulay Ali Chrif, Taourirt تاوريرت",34.3980357,-2.893901,icons/pharmacy.png,OSM
L'Oriental,restaurant Lalla Meryem,Restaurant,Formel,restaurant Lalla Meryem,34.4157733,-2.8943348,icons/restaurant.png,OSM
L'Oriental,cafe Lalla Meryem,Café,Formel,cafe Lalla Meryem,34.4158137,-2.8942386,icons/cafe.png,OSM
L'Oriental,عزوز سوبر ماركط,Supérette / Mini-market,Formel,Rue Ain Nedjar,34.8811012,-1.3261457,icons/convenience.png,OSM
L'Oriental,Parapharmacie sans nom,Parapharmacie,Formel,تلمسان,34.8865967,-1.3277924,icons/pharmacy.png,OSM
L'Oriental,Pharmacie Badr Al Amal صيدلية بدر الأمل,Parapharmacie,Formel,Oujda,34.6950731,-1.9404238,icons/pharmacy.png,OSM
L'Oriental,Benidorm,Café,Formel,Benidorm,34.8759059,-1.3014209,icons/cafe.png,OSM
L'Oriental,Boulangerie 1010 مخبزة ديس ديس,Boulangerie,Formel,"Boulevard M'Bark El Bekkay Lahbil, Oujda وجدة",34.6811089,-1.9372984,icons/bakery.png,OSM
L'Oriental,Café Beni Mimoun,Café,Formel,Café Beni Mimoun,34.6814872,-1.9390593,icons/cafe.png,OSM
L'Oriental,Boulangerie sans nom,Boulangerie,Formel,تلمسان,34.8831952,-1.3189325,icons/bakery.png,OSM
L'Oriental,Cafétéria jet d'eau,Café,Formel,Cafétéria jet d'eau,34.8859371,-1.3408529,icons/cafe.png,OSM
L'Oriental,Restaurant sans nom,Restaurant,Formel,Restaurant sans nom,34.8638703,-1.3413211,icons/restaurant.png,OSM
L'Oriental,Restaurant sans nom,Restaurant,Formel,Restaurant sans nom,34.8867146,-1.3238986,icons/restaurant.png,OSM
L'Oriental,Cafe SLIMANI,Café,Formel,Cafe SLIMANI,34.8792457,-1.3429551,icons/cafe.png,OSM
L'Oriental,Restaurant Marrakech,Restaurant,Formel,Restaurant Marrakech,34.8792314,-1.342795,icons/restaurant.png,OSM
L'Oriental,Boulangerie,Boulangerie,Formel,Boulangerie,34.9220529,-1.3301249,icons/bakery.png,OSM
L'Oriental,Restaurant sans nom,Restaurant,Formel,Restaurant sans nom,34.888704,-1.3375401,icons/restaurant.png,OSM
L'Oriental,Alimentation Boudefla,Supérette / Mini-market,Formel,Alimentation Boudefla,34.9264752,-1.3353673,icons/convenience.png,OSM
L'Oriental,Bali Shop Superette,Supérette / Mini-market,Formel,Bali Shop Superette,34.9259142,-1.3314035,icons/convenience.png,OSM
L'Oriental,Pharmacie El Amal,Parapharmacie,Formel,Pharmacie El Amal,34.9219902,-1.329932,icons/pharmacy.png,OSM
L'Oriental,Bouayad Surgelée Gro,Supérette / Mini-market,Formel,Bouayad Surgelée Gro,34.9226104,-1.3318762,icons/convenience.png,OSM
L'Oriental,Alimentation Mehdi,Supérette / Mini-market,Formel,Alimentation Mehdi,34.9224421,-1.3312533,icons/convenience.png,OSM
L'Oriental,Pharmacie Taleb-Baba Ahmed,Parapharmacie,Formel,Pharmacie Taleb-Baba Ahmed,34.9180155,-1.3237369,icons/pharmacy.png,OSM
L'Oriental,Pharmacie Ounadjela,Parapharmacie,Formel,Pharmacie Ounadjela,34.8801822,-1.3465981,icons/pharmacy.png,OSM
L'Oriental,Restaurant Al Dimacheki,Restaurant,Formel,Restaurant Al Dimacheki,34.8794237,-1.3448748,icons/restaurant.png,OSM
L'Oriental,Caféteria La Flamme,Café,Formel,Caféteria La Flamme,34.8795042,-1.3449916,icons/cafe.png,OSM
L'Oriental,Pharmacie Baba Ahmed,Parapharmacie,Formel,Pharmacie Baba Ahmed,34.8797091,-1.3441837,icons/pharmacy.png,OSM
L'Oriental,Rotisserie,Restaurant,Formel,Rotisserie,34.8808238,-1.3464254,icons/restaurant.png,OSM
L'Oriental,Paella Tlemcen,Restaurant,Formel,Paella Tlemcen,34.8820166,-1.3528342,icons/restaurant.png,OSM
L'Oriental,Superette Enniaama,Supérette / Mini-market,Formel,Superette Enniaama,34.8861977,-1.3602004,icons/convenience.png,OSM
L'Oriental,Café Classico,Café,Formel,Café Classico,34.8862722,-1.361716,icons/cafe.png,OSM
L'Oriental,Pharmacie Centrale,Parapharmacie,Formel,Pharmacie Centrale,34.8871478,-1.3652704,icons/pharmacy.png,OSM
L'Oriental,مقهى نزل العزة,Café,Formel,مقهى نزل العزة,34.8446342,-1.7502261,icons/cafe.png,OSM
L'Oriental,مقهى الحاج لمنور,Café,Formel,العقيد لطفي,34.8001853,-1.8416404,icons/cafe.png,OSM
L'Oriental,Pharmacie Moussaoui Amine,Parapharmacie,Formel,Pharmacie Moussaoui Amine,34.8478381,-1.7501135,icons/pharmacy.png,OSM
L'Oriental,Le Gourmet,Restaurant,Formel,"Rue Mohamed Abdellaoui, Tlemcen",34.8859541,-1.3220744,icons/restaurant.png,OSM
L'Oriental,محل برويقات,Supérette / Mini-market,Formel,Hennaya,34.9512087,-1.3659727,icons/convenience.png,OSM
L'Oriental,مطعم شواء,Restaurant,Formel,Hennaya,34.9510816,-1.3659048,icons/restaurant.png,OSM
L'Oriental,مقهى فؤاد,Café,Formel,Hennaya,34.9500234,-1.3655375,icons/cafe.png,OSM
L'Oriental,حلويات شعة,Boutique de confiserie,Informel,Hennaya,34.9511424,-1.3661998,icons/confectionery.png,OSM
L'Oriental,بيزا بوريان,Restaurant,Formel,Hennaya,34.94977,-1.367397,icons/restaurant.png,OSM
L'Oriental,Pharmacie AGADIR,Parapharmacie,Formel,Pharmacie AGADIR,34.88692,-1.3027152,icons/pharmacy.png,OSM
L'Oriental,Supérette / Mini-market sans nom,Supérette / Mini-market,Formel,تلمسان,34.8865328,-1.3032409,icons/convenience.png,OSM
L'Oriental,Café sans nom,Café,Formel,Café sans nom,34.8816846,-1.3436427,icons/cafe.png,OSM
L'Oriental,Café sans nom,Café,Formel,Café sans nom,34.8841344,-1.3290176,icons/cafe.png,OSM
L'Oriental,مقهى 007,Café,Formel,"نهج الكيفان, تلمسان",34.8891572,-1.3326994,icons/cafe.png,OSM
L'Oriental,Café Quairawan,Café,Formel,Café Quairawan,34.8834804,-1.3132981,icons/cafe.png,OSM
L'Oriental,Café des Supporters,Café,Formel,Café des Supporters,34.8775816,-1.304626,icons/cafe.png,OSM
L'Oriental,Ambiance Café,Café,Formel,Ambiance Café,34.875808,-1.3054843,icons/cafe.png,OSM
L'Oriental,Café Pépiniére,Café,Formel,Café Pépiniére,34.8770869,-1.3029716,icons/cafe.png,OSM
L'Oriental,Café sans nom,Café,Formel,Café sans nom,34.8236925,-3.1810758,icons/cafe.png,OSM
L'Oriental,Supérette / Mini-market sans nom,Supérette / Mini-market,Formel,Supérette / Mini-market sans nom,34.8378052,-3.1749684,icons/convenience.png,OSM
L'Oriental,Supérette / Mini-market sans nom,Supérette / Mini-market,Formel,Supérette / Mini-market sans nom,34.2948265,-3.2906815,icons/convenience.png,OSM
L'Oriental,Supérette / Mini-market sans nom,Supérette / Mini-market,Formel,Supérette / Mini-market sans nom,34.3795809,-3.3140127,icons/convenience.png,OSM
L'Oriental,Supérette / Mini-market sans nom,Supérette / Mini-market,Formel,Supérette / Mini-market sans nom,34.5603138,-3.2768923,icons/convenience.png,OSM
L'Oriental,Supérette / Mini-market sans nom,Supérette / Mini-market,Formel,Supérette / Mini-market sans nom,34.5574731,-3.0269748,icons/convenience.png,OSM
L'Oriental,Café sans nom,Café,Formel,Café sans nom,34.5577249,-3.0247512,icons/cafe.png,OSM
L'Oriental,Supérette / Mini-market sans nom,Supérette / Mini-market,Formel,Supérette / Mini-market sans nom,34.5587764,-3.0244857,icons/convenience.png,OSM
L'Oriental,Supérette / Mini-market sans nom,Supérette / Mini-market,Formel,Supérette / Mini-market sans nom,34.2243854,-3.3458726,icons/convenience.png,OSM
L'Oriental,Café Istanbul مقهى إسطنبول,Café,Formel,Café Istanbul مقهى إسطنبول,34.2252513,-3.3476208,icons/cafe.png,OSM
L'Oriental,Sindibad,Restaurant,Formel,Sindibad,34.2247624,-3.347444,icons/restaurant.png,OSM
L'Oriental,Al Madina,Parapharmacie,Formel,Al Madina,34.2239633,-3.3460924,icons/pharmacy.png,OSM
L'Oriental,Boulangerie sans nom,Boulangerie,Formel,Boulangerie sans nom,34.2241906,-3.3460144,icons/bakery.png,OSM
L'Oriental,Café Monaco مقهى موناكو,Café,Formel,Café Monaco مقهى موناكو,34.2238086,-3.3461898,icons/cafe.png,OSM
L'Oriental,El ikhwa Kassi,Restaurant,Formel,El ikhwa Kassi,34.2249598,-3.3468743,icons/restaurant.png,OSM
L'Oriental,Café Mohammed V,Café,Formel,Café Mohammed V,34.2250116,-3.3479498,icons/cafe.png,OSM
L'Oriental,Supérette / Mini-market sans nom,Supérette / Mini-market,Formel,Supérette / Mini-market sans nom,34.2251527,-3.3444444,icons/convenience.png,OSM
L'Oriental,Snack Marjana,Restaurant,Formel,Snack Marjana,34.2247957,-3.3459257,icons/restaurant.png,OSM
L'Oriental,Café pizzeria Nassr,Café,Formel,Café pizzeria Nassr,34.2256312,-3.3507396,icons/cafe.png,OSM
L'Oriental,Barça Palace,Restaurant,Formel,Barça Palace,34.2263446,-3.346544,icons/restaurant.png,OSM
L'Oriental,Restaurant Agadir,Restaurant,Formel,Restaurant Agadir,34.2265166,-3.3509838,icons/restaurant.png,OSM
L'Oriental,Café Atlas,Café,Formel,Café Atlas,34.2247688,-3.3499624,icons/cafe.png,OSM
L'Oriental,Café sans nom,Café,Formel,Café sans nom,34.2271503,-3.3451937,icons/cafe.png,OSM
L'Oriental,Café Chahid,Café,Formel,Café Chahid,34.2240408,-3.3492843,icons/cafe.png,OSM
L'Oriental,Pharmacie El Baladia صيدلية البلدية,Parapharmacie,Formel,Guercif جرسيف,34.2247052,-3.3506307,icons/pharmacy.png,OSM
L'Oriental,Supermarché sans nom,Supermarché,Formel,Supermarché sans nom,34.2263167,-3.3452162,icons/supermarket.png,OSM
L'Oriental,Grande Pharmacie du Rif صيدلية الريف الكبرى,Parapharmacie,Formel,"Boulevard Abdelmoumen Ben Ali, Guercif",34.2269062,-3.3446501,icons/pharmacy.png,OSM
L'Oriental,Café sans nom,Café,Formel,Guersif جرسيف,34.2267933,-3.3450222,icons/cafe.png,OSM
L'Oriental,Épicerie sans nom,Épicerie,Informel,Épicerie sans nom,34.2258325,-3.3452601,icons/greengrocer.png,OSM
L'Oriental,Supérette / Mini-market sans nom,Supérette / Mini-market,Formel,Supérette / Mini-market sans nom,33.9348239,-3.3570528,icons/convenience.png,OSM
L'Oriental,Café Adam,Café,Formel,Café Adam,33.9932161,-3.2796872,icons/cafe.png,OSM
L'Oriental,Supérette / Mini-market sans nom,Supérette / Mini-market,Formel,Supérette / Mini-market sans nom,34.0336835,-3.2433459,icons/convenience.png,OSM
L'Oriental,Supérette / Mini-market sans nom,Supérette / Mini-market,Formel,Supérette / Mini-market sans nom,34.141648,-3.228634,icons/convenience.png,OSM
L'Oriental,Café sans nom,Café,Formel,Café sans nom,34.2277044,-3.2907969,icons/cafe.png,OSM
L'Oriental,Café Afriquia,Café,Formel,Café Afriquia,34.2385936,-3.3078209,icons/cafe.png,OSM
L'Oriental,Minibrahim,Supérette / Mini-market,Formel,Minibrahim,34.2385403,-3.3081065,icons/convenience.png,OSM
L'Oriental,Nadjah,Café,Formel,Nadjah,34.8819548,-1.3100829,icons/cafe.png,OSM
L'Oriental,Supermarché sans nom,Supermarché,Formel,Supermarché sans nom,34.8691743,-1.3257981,icons/supermarket.png,OSM
L'Oriental,superette,Supérette / Mini-market,Formel,superette,34.9190768,-1.2918562,icons/convenience.png,OSM
L'Oriental,California,Café,Formel,California,34.5856969,-2.5068803,icons/cafe.png,OSM
L'Oriental,Café sans nom,Café,Formel,بني مستار,34.8627218,-1.4012336,icons/cafe.png,OSM
L'Oriental,مقهى رولكس,Café,Formel,"شارع إبراهيم الروداني, وجدة",34.6751079,-1.8603447,icons/cafe.png,OSM
L'Oriental,مقهى هوخ,Café,Formel,وجدة,34.6819929,-1.9468536,icons/cafe.png,OSM
L'Oriental,مقهى وجبة خفيفة النور,Café,Formel,وجدة,34.6832603,-1.9517712,icons/cafe.png,OSM
L'Oriental,لحسن,Supermarché,Formel,لحسن,34.6858069,-1.9112842,icons/supermarket.png,OSM
L'Oriental,L’Elysée,Boutique de confiserie,Informel,تلمسان,34.8787074,-1.3215861,icons/confectionery.png,OSM
L'Oriental,Supérette / Mini-market sans nom,Supérette / Mini-market,Formel,Supérette / Mini-market sans nom,34.8852236,-1.3059108,icons/convenience.png,OSM
L'Oriental,Parapharmacie sans nom,Parapharmacie,Formel,Parapharmacie sans nom,34.8854595,-1.3055053,icons/pharmacy.png,OSM
L'Oriental,Pharmacie Boukli Hassen,Parapharmacie,Formel,Pharmacie Boukli Hassen,34.8783132,-1.2384599,icons/pharmacy.png,OSM
L'Oriental,Cafe La Cloche,Café,Formel,Boulevard Sidi Zayed Ben Soltane Al Nahyan,34.6748628,-1.9312401,icons/cafe.png,OSM
L'Oriental,Cafe Le Noyer,Café,Formel,Boulevard Moulay Youssef,34.6755455,-1.9261151,icons/cafe.png,OSM
L'Oriental,Pharmacie Sammara Centrale صيدلية سمرا المركزية,Parapharmacie,Formel,Oujda,34.6484397,-1.9447965,icons/pharmacy.png,OSM
L'Oriental,Pharmacie La Victoire صيدلية النصر,Parapharmacie,Formel,"Rue Rif 1, Oujda",34.6575067,-1.9375204,icons/pharmacy.png,OSM
L'Oriental,Pharmacie Benkhirane صيدلية بنخيران,Parapharmacie,Formel,Oujda,34.656715,-1.9337498,icons/pharmacy.png,OSM
L'Oriental,Café Al Arabia Plus,Café,Formel,Boulevard Mbarek Bekkay Lahbil,34.6823673,-1.9450575,icons/cafe.png,OSM
L'Oriental,Panorama Café,Café,Formel,Boulevard Mbarek Bekkay Lahbil,34.6823044,-1.9448228,icons/cafe.png,OSM
L'Oriental,Café Benma,Café,Formel,Rue E1,34.6794382,-1.938069,icons/cafe.png,OSM
L'Oriental,Café Comparino,Café,Formel,Boulevard Sidi Zayed Ben Soltane Al Nahyan,34.6631022,-1.9468372,icons/cafe.png,OSM
L'Oriental,Café Arrihan,Café,Formel,Boulevard Sidi Zayed Ben Soltane Al Nahyan,34.664492,-1.9449422,icons/cafe.png,OSM
L'Oriental,Pharmacie Jade صيدلية جاد,Parapharmacie,Formel,"Rue B16, Oujda",34.691151,-1.9491594,icons/pharmacy.png,OSM
L'Oriental,Pharmacie Al Osra صيدلية الأسرة,Parapharmacie,Formel,"Rue Saiss زنقة سايس, Oujda",34.6885064,-1.8849546,icons/pharmacy.png,OSM
L'Oriental,Pharmacie Bounlete صيدلية بونيت,Parapharmacie,Formel,Berkane,34.941023,-2.3313332,icons/pharmacy.png,OSM
L'Oriental,Pharmacie Azizi صيدلية عزيزي,Parapharmacie,Formel,"Boulevard Al Maqdis, Oujda",34.6589821,-1.898713,icons/pharmacy.png,OSM
L'Oriental,Pharmacie du Complexe Sportif صيدلية المركب الرياضي,Parapharmacie,Formel,"Avenue Brahim el Houssaini, Oujda",34.6705423,-1.9337304,icons/pharmacy.png,OSM
L'Oriental,Pharmacie du Grand Stade صيدلية الملعب الكبير,Parapharmacie,Formel,"Boulevard Fayçal Ibn Abdul Aziz, Oujda",34.6600849,-1.9364993,icons/pharmacy.png,OSM
L'Oriental,Tok O Sushi,Restaurant,Formel,Tok O Sushi,34.6615159,-1.8980491,icons/restaurant.png,OSM
L'Oriental,Pharmacie Lamsalla صيدلية لمصلى,Parapharmacie,Formel,"Boulevard Brahim Roudani شارع إبراهيم الروداني, Oujda ⵡⴻⵊⴷⴰ وجدة",34.675159,-1.8632622,icons/pharmacy.png,OSM
L'Oriental,صيدلية الرضوان,Parapharmacie,Formel,"Boulevard Mouad Ibn Jabal, Oujda",34.6642445,-1.9359211,icons/pharmacy.png,OSM
L'Oriental,Brimo Chicken,Restaurant,Formel,Boulevard Prince Héritier Moulay Al Hassan,34.6941489,-1.9190763,icons/restaurant.png,OSM
L'Oriental,Pharmacie Ibn Khaldoun صيدلية ابن خلدون,Parapharmacie,Formel,"Boulevard Mouad Ibn Jabal, Oujda",34.6625001,-1.9423227,icons/pharmacy.png,OSM
L'Oriental,Pharmacie Le Remède صيدلية الدواء,Parapharmacie,Formel,"Rue 11, Oujda",34.666183,-1.9359447,icons/pharmacy.png,OSM
L'Oriental,Pharmacie Al Oum صيدلية الأم,Parapharmacie,Formel,Oujda,34.6566993,-1.9436503,icons/pharmacy.png,OSM
L'Oriental,Pharmacie Aloods,Parapharmacie,Formel,Boulevard Mohammed V,34.9526995,-2.0998022,icons/pharmacy.png,OSM
L'Oriental,Pharmacie Carrefour صيدلية كارفور,Parapharmacie,Formel,"Boulevard Saida, Ahfir ⴰⵃⴼⵉⵔ أحفير",34.9553288,-2.1023462,icons/pharmacy.png,OSM
L'Oriental,Pharmacie Al Maksam صيدلية المقسم,Parapharmacie,Formel,"Avenue Yacoub Al Mansour, Oujda",34.6675893,-1.8980169,icons/pharmacy.png,OSM
L'Oriental,Pharmacie Moulay Idriss صيدلية مولاي ادريس,Parapharmacie,Formel,"Boulevard Moulay Idriss Al Akbar, Oujda",34.6739044,-1.9132984,icons/pharmacy.png,OSM
L'Oriental,Pharmacie Ibn Baja صيدلية ابن باجة,Parapharmacie,Formel,Oujda,34.653376,-1.8792618,icons/pharmacy.png,OSM
L'Oriental,pharmacie Rochdi صيدلية رشدي,Parapharmacie,Formel,Guercif جرسيف,34.2226925,-3.3489191,icons/pharmacy.png,OSM
L'Oriental,Pharmacie Centrale الصيدلية المركزية,Parapharmacie,Formel,Guercif جرسيف,34.2238699,-3.3502097,icons/pharmacy.png,OSM
L'Oriental,Restaurant sans nom,Restaurant,Formel,Boulevard Oum Rabie Lot Iris شارع أم الربيع،تجزئة إيريس,34.6577136,-1.9156256,icons/restaurant.png,OSM
L'Oriental,café sebastiane مقهى سيباستيان,Café,Formel,café sebastiane مقهى سيباستيان,34.2168154,-3.3473686,icons/cafe.png,OSM
L'Oriental,MS,Boutique de confiserie,Informel,Rue Tiouli,34.7115886,-1.8977425,icons/confectionery.png,OSM
L'Oriental,Pharmacie Bouknadel صيدلية بوقنادل,Parapharmacie,Formel,"Boulevard Ahmed el Kaouachi, Oujda",34.6752763,-1.8971876,icons/pharmacy.png,OSM
L'Oriental,Greek Kebab,Restaurant,Formel,"Angle Bd Oum Rabie & Rue Sebou;Iris, Angle Oum Rabie & Rue Sebou;Iris,Angle Oum Rabie & Rue Sebou, Oujda",34.6580399,-1.9165356,icons/restaurant.png,OSM
L'Oriental,Restaurant sans nom,Restaurant,Formel,Boulevard Colonel Lotfi,34.8844944,-1.3116359,icons/restaurant.png,OSM
L'Oriental,Parapharmacie sans nom,Parapharmacie,Formel,Parapharmacie sans nom,34.6581291,-1.9147736,icons/pharmacy.png,OSM
L'Oriental,Café sans nom,Café,Formel,Café sans nom,34.6864594,-1.9161455,icons/cafe.png,OSM
L'Oriental,El ayachi shop,Supermarché,Formel,boulevard moulay ali cherif,34.3976457,-2.893822,icons/supermarket.png,OSM
L'Oriental,كوزينة,Restaurant,Formel,Rue Atlas,34.6940597,-1.9041968,icons/restaurant.png,OSM
L'Oriental,ESPACE ALHANINE,Café,Formel,Oujda,34.6822226,-1.9084543,icons/cafe.png,OSM
L'Oriental,Restaurant Khaima Parc,Restaurant,Formel,Restaurant Khaima Parc,34.8836486,-2.0103945,icons/restaurant.png,OSM
L'Oriental,Restaurant sans nom,Restaurant,Formel,Restaurant sans nom,34.6823689,-1.916096,icons/restaurant.png,OSM
L'Oriental,Parapharmacie sans nom,Parapharmacie,Formel,تلمسان,34.877524,-1.3234222,icons/pharmacy.png,OSM
L'Oriental,Parapharmacie sans nom,Parapharmacie,Formel,Evitement Ouest de Tlemcen,34.8729946,-1.3671372,icons/pharmacy.png,OSM
L'Oriental,Parapharmacie sans nom,Parapharmacie,Formel,Parapharmacie sans nom,34.8747335,-1.3676905,icons/pharmacy.png,OSM
L'Oriental,Parapharmacie sans nom,Parapharmacie,Formel,Parapharmacie sans nom,34.8752899,-1.3647734,icons/pharmacy.png,OSM
L'Oriental,Parapharmacie sans nom,Parapharmacie,Formel,Bouhannak,34.8757664,-1.3611222,icons/pharmacy.png,OSM
L'Oriental,مقهى,Café,Formel,Boulevard Imama,34.8795601,-1.3432596,icons/cafe.png,OSM
L'Oriental,مخبزة,Boulangerie,Formel,Imama,34.8800673,-1.3466848,icons/bakery.png,OSM
L'Oriental,مواد غدائية,Supérette / Mini-market,Formel,مواد غدائية,34.874523,-1.3655563,icons/convenience.png,OSM
L'Oriental,Supérette / Mini-market sans nom,Supérette / Mini-market,Formel,Supérette / Mini-market sans nom,34.4394051,-2.9777837,icons/convenience.png,OSM
L'Oriental,Supérette / Mini-market sans nom,Supérette / Mini-market,Formel,Supérette / Mini-market sans nom,34.5041614,-3.0043952,icons/convenience.png,OSM
L'Oriental,Sourire de café,Café,Formel,Sourire de café,34.8885526,-1.3289535,icons/cafe.png,OSM
L'Oriental,مقهى النسر,Café,Formel,تلمسان,34.8795838,-1.3256033,icons/cafe.png,OSM
L'Oriental,مطعم الرياحة,Restaurant,Formel,مطعم الرياحة,34.7581001,-1.9374747,icons/restaurant.png,OSM
L'Oriental,Restaurant Pizza Ajoued,Restaurant,Formel,"Rue du 5 Juillet, Bab El Assa",34.9615883,-2.0308892,icons/restaurant.png,OSM
L'Oriental,Café Al-Walaja,Café,Formel,Bab El Assa,34.9612197,-2.033227,icons/cafe.png,OSM
L'Oriental,Lahbib,Épicerie,Informel,"Rue du 5 Juillet, Bab El Assa",34.9637311,-2.0314012,icons/greengrocer.png,OSM
L'Oriental,مقهى صلاح,Café,Formel,سيدي بوجنان,34.9413444,-1.9289083,icons/cafe.png,OSM
L'Oriental,مطعم الأحلام الجميلة,Restaurant,Formel,سيدي بوجنان,34.9414898,-1.9291636,icons/restaurant.png,OSM
L'Oriental,مقهى الرياضي,Café,Formel,سيدي بوجنان,34.941716,-1.9316121,icons/cafe.png,OSM
L'Oriental,Restaurant sans nom,Restaurant,Formel,تلمسان,34.8851976,-1.3060555,icons/restaurant.png,OSM
L'Oriental,Café royal,Café,Formel,Rue Bensnane Djamel,34.8843828,-1.3059779,icons/cafe.png,OSM
L'Oriental,Pâtisserie Cherif,Boutique de confiserie,Informel,Boulevard Colonel Lotfi,34.8848864,-1.3060043,icons/confectionery.png,OSM
L'Oriental,Boulangerie sans nom,Boulangerie,Formel,تلمسان,34.8851653,-1.3062338,icons/bakery.png,OSM
L'Oriental,Café Maghreb,Café,Formel,"شارع باريس, تلمسان",34.8789486,-1.3111728,icons/cafe.png,OSM
L'Oriental,Restaurant Ambiance Hartoum,Restaurant,Formel,"Rue Les Cinque Chouhada, Tlemcen",34.876391,-1.3053394,icons/restaurant.png,OSM
L'Oriental,Café Madrid,Café,Formel,Café Madrid,34.8776469,-1.29655,icons/cafe.png,OSM
L'Oriental,Café sans nom,Café,Formel,Bab El Assa,34.9613136,-2.0328124,icons/cafe.png,OSM
L'Oriental,مطعم الرايس,Restaurant,Formel,ساحة غرناطة,34.8533767,-1.735079,icons/restaurant.png,OSM
L'Oriental,Restaurant Rais,Restaurant,Formel,Autoroute Est-Ouest الطريق السيار شرق-غرب,34.8454917,-1.744817,icons/restaurant.png,OSM
L'Oriental,Chez Lahsen,Restaurant,Formel,Oujda,34.6892187,-1.9045917,icons/restaurant.png,OSM
L'Oriental,سوبرت كرزابي,Supérette / Mini-market,Formel,سوبرت كرزابي,34.8945888,-1.3276471,icons/convenience.png,OSM
L'Oriental,Supermarché sans nom,Supermarché,Formel,Bab El Assa,34.9613898,-2.0349606,icons/supermarket.png,OSM
L'Oriental,صيدلية أغبال,Parapharmacie,Formel,صيدلية أغبال,34.9394232,-2.1284133,icons/pharmacy.png,OSM
L'Oriental,Café sans nom,Café,Formel,Café sans nom,34.9404116,-2.1267975,icons/cafe.png,OSM
L'Oriental,souk el fellah,Épicerie,Informel,souk el fellah,34.6805057,-1.9063522,icons/greengrocer.png,OSM
L'Oriental,Pharmacie Le Lion صيدلية الأسد,Parapharmacie,Formel,Taourirt تاوريرت,34.3984104,-2.8935573,icons/pharmacy.png,OSM
L'Oriental,Pharmacie Route Debdou صيدلية طريق دبدو,Parapharmacie,Formel,TAOURIRT,34.4038064,-2.8947561,icons/pharmacy.png,OSM
L'Oriental,Pharmacie Al Hikma صيدلية الحكمة,Parapharmacie,Formel,TAOURIRT,34.4050092,-2.893217,icons/pharmacy.png,OSM
L'Oriental,Pharmacie Errachad صيدلية الرشاد,Parapharmacie,Formel,Taourirt,34.3999784,-2.887572,icons/pharmacy.png,OSM
L'Oriental,Pharmacie Al Madina صيدلية المدينة,Parapharmacie,Formel,Taourirt,34.3950413,-2.8938768,icons/pharmacy.png,OSM
L'Oriental,Pharmacie Granada صيدلية غرناطة,Parapharmacie,Formel,Taourirt,34.3946216,-2.8864235,icons/pharmacy.png,OSM
L'Oriental,Pharmacie 20 Aout صيدلية 20 غشت,Parapharmacie,Formel,Taourirt,34.399592,-2.9030863,icons/pharmacy.png,OSM
L'Oriental,Pharmacie El Malhi صيدلية المالحي,Parapharmacie,Formel,Taourirt,34.4049167,-2.9013804,icons/pharmacy.png,OSM
L'Oriental,Pharmacie Oued Za صيدلية واد زا,Parapharmacie,Formel,Taourirt,34.4008955,-2.8982261,icons/pharmacy.png,OSM
L'Oriental,Cafe IN,Café,Formel,Cafe IN,34.9299215,-2.3083792,icons/cafe.png,OSM
L'Oriental,Pharmacie Sabahi صيدلية صباحي,Parapharmacie,Formel,"Rue 1, Oujda",34.6794583,-1.8813811,icons/pharmacy.png,OSM
L'Oriental,Pharmacie,Parapharmacie,Formel,Pharmacie,34.9010726,-1.0390784,icons/pharmacy.png,OSM
L'Oriental,Benabdelhadi,Parapharmacie,Formel,Benabdelhadi,34.9040664,-1.0355383,icons/pharmacy.png,OSM
L'Oriental,Supérette Djalal,Supérette / Mini-market,Formel,"Rue Ben Saad Ali, Tlemcen",34.8841558,-1.3467194,icons/convenience.png,OSM
L'Oriental,Supérette / Mini-market sans nom,Supérette / Mini-market,Formel,Supérette / Mini-market sans nom,34.884118,-1.3465778,icons/convenience.png,OSM
L'Oriental,Café Noor,Café,Formel,"Rue Ben Saad Ali, Tlemcen",34.8840803,-1.3464362,icons/cafe.png,OSM
L'Oriental,Café Nohaila,Café,Formel,Café Nohaila,34.974787,-3.4046567,icons/cafe.png,OSM
L'Oriental,Cafe Driouch,Café,Formel,Cafe Driouch,34.9758325,-3.3915666,icons/cafe.png,OSM
L'Oriental,Cafe Barça,Café,Formel,Cafe Barça,34.9757892,-3.3907291,icons/cafe.png,OSM
L'Oriental,Restaurant Farid,Restaurant,Formel,Restaurant Farid,34.9762822,-3.3871393,icons/restaurant.png,OSM
L'Oriental,Pharmacie L´Hôpital صيدلية المستشفى,Parapharmacie,Formel,Driouch ⴷⵔⵉⵡⵛ ادريوش,34.9764271,-3.3856615,icons/pharmacy.png,OSM
L'Oriental,Café Centre-Ville,Café,Formel,Café Centre-Ville,34.9758489,-3.3886909,icons/cafe.png,OSM
L'Oriental,ParaPharmacie Be,Parapharmacie,Formel,ParaPharmacie Be,34.9761571,-3.3887173,icons/pharmacy.png,OSM
L'Oriental,Cafe Galaxy,Café,Formel,Cafe Galaxy,34.9695712,-3.3769293,icons/cafe.png,OSM
L'Oriental,Café Palace,Café,Formel,Café Palace,34.9782511,-3.3932088,icons/cafe.png,OSM
L'Oriental,Pharmacie Intilak صيدلية انطلاق,Parapharmacie,Formel,Jerada جرادة,34.3166244,-2.1573871,icons/pharmacy.png,OSM
L'Oriental,Pharmacie Hassi Bilal صيدلية حاسي بلال,Parapharmacie,Formel,Jerada جرادة,34.3094596,-2.2065452,icons/pharmacy.png,OSM
L'Oriental,Pharmacie Anwal صيدلية أنوال,Parapharmacie,Formel,Jerada,34.3051266,-2.1665361,icons/pharmacy.png,OSM
L'Oriental,Pharmacie Errazi صيدلية الرازي,Parapharmacie,Formel,Jerada ⵊⵔⴰⴷⴰ جرادة,34.309289,-2.1593014,icons/pharmacy.png,OSM
L'Oriental,Pharmacie Arrahma صيدلية الرحمة,Parapharmacie,Formel,Jerada,34.3056036,-2.1623292,icons/pharmacy.png,OSM
L'Oriental,Pharmacie Achifae صيدلية الشفاء,Parapharmacie,Formel,Jerada,34.3065506,-2.1589563,icons/pharmacy.png,OSM
L'Oriental,Pharmacie Chifaa صيدلية شفاء,Parapharmacie,Formel,Bni Drar ⴱⵏⵉ ⴷⵔⴰⵔ بني درار,34.8592021,-1.9935882,icons/pharmacy.png,OSM
L'Oriental,Pharmacie Badr صيدلية بدر,Parapharmacie,Formel,Bni Drar ⴱⵏⵉ ⴷⵔⴰⵔ بني درار,34.8564245,-1.9916034,icons/pharmacy.png,OSM
L'Oriental,Pharmacie Al Massira صيدلية المسيرة,Parapharmacie,Formel,Bni Drar,34.8611037,-1.9948435,icons/pharmacy.png,OSM
L'Oriental,Pharmacie L'Oriental صيدلية الشرق,Parapharmacie,Formel,Ahfir أحفير,34.9470925,-2.10192,icons/pharmacy.png,OSM
L'Oriental,Pharmacie El Nahda صيدلية النهضة,Parapharmacie,Formel,Ahfir,34.9502056,-2.1013835,icons/pharmacy.png,OSM
L'Oriental,Pharmacie Soulimani صيدلية سليماني,Parapharmacie,Formel,Ahfir,34.951916,-2.101,icons/pharmacy.png,OSM
L'Oriental,Pharmacie El Mahi صيدلية الماحي,Parapharmacie,Formel,Ahfir,34.95278,-2.1034086,icons/pharmacy.png,OSM
L'Oriental,Pharmacie El Rahma صيدلية الرحمة,Parapharmacie,Formel,Ahfir,34.9510432,-2.1023545,icons/pharmacy.png,OSM
L'Oriental,Pharmacie Assalam صيدلية السلام,Parapharmacie,Formel,Ahfir,34.9518852,-2.099911,icons/pharmacy.png,OSM
L'Oriental,Pharmacie Principale الصيدلية الرئيسية,Parapharmacie,Formel,Ahfir ⴰⵃⴼⵉⵔ أحفير,34.9542968,-2.1023277,icons/pharmacy.png,OSM
L'Oriental,Pharmacie Imam Malik صيدلية امام مالك,Parapharmacie,Formel,Ahfir أحفير,34.9579263,-2.1003938,icons/pharmacy.png,OSM
L'Oriental,Pharmacie Ahfir صيدلية أحفير,Parapharmacie,Formel,Ahfir أحفير,34.9622677,-2.1030921,icons/pharmacy.png,OSM
L'Oriental,Pharmacie Annasri صيدلية الناصري,Parapharmacie,Formel,Ahfir أحفير,34.9502957,-2.1146793,icons/pharmacy.png,OSM
L'Oriental,Pharmacie Khaibar صيدلية خيبر,Parapharmacie,Formel,Berkane بركان,34.9089233,-2.3069212,icons/pharmacy.png,OSM
L'Oriental,Pharmacie Ouartass صيدلية ورطاس,Parapharmacie,Formel,Berkane بركان,34.9129704,-2.3194686,icons/pharmacy.png,OSM
L'Oriental,Pharmacie Zouhair صيدلية زهير,Parapharmacie,Formel,Berkane بركان,34.9106785,-2.3159549,icons/pharmacy.png,OSM
L'Oriental,Pharmacie Ismaili صيدلية اسماعيلي,Parapharmacie,Formel,Berkane بركان,34.9120994,-2.3114166,icons/pharmacy.png,OSM
L'Oriental,Pharmacie Foufa صيدلية فوفا,Parapharmacie,Formel,Berkane بركان,34.90924,-2.3140344,icons/pharmacy.png,OSM
L'Oriental,Pharmacie Sukhar صيدلية سوخار,Parapharmacie,Formel,Berkane,34.913617,-2.3153755,icons/pharmacy.png,OSM
L'Oriental,Pharmacie Pasteur صيدلية باستور,Parapharmacie,Formel,Berkane,34.9160408,-2.3152629,icons/pharmacy.png,OSM
L'Oriental,Pharmacie Plestine صيدلية فلسطين,Parapharmacie,Formel,Berkane,34.9150687,-2.3218128,icons/pharmacy.png,OSM
L'Oriental,Pharmacie Filali صيدلية فيلالي,Parapharmacie,Formel,Berkane,34.9216095,-2.3136938,icons/pharmacy.png,OSM
L'Oriental,Pharmacie Moulay Youssef صيدلية مولاي يوسف,Parapharmacie,Formel,"Rue Moulay Youssef زنقة مولاي يوسف, Berkane",34.9226017,-2.3324687,icons/pharmacy.png,OSM
L'Oriental,Pharmacie Khalid Ibn El Walid صيدلية خالد ابن الوليد,Parapharmacie,Formel,Berkane,34.9189923,-2.3118136,icons/pharmacy.png,OSM
L'Oriental,Pharmacie El Harti صيدلية الحارثي,Parapharmacie,Formel,Berkane,34.9191023,-2.3175803,icons/pharmacy.png,OSM
L'Oriental,Pharmacie Al Widadia صيدلية الودادية,Parapharmacie,Formel,Berkane,34.9178751,-2.3193399,icons/pharmacy.png,OSM
L'Oriental,Pharmacie El Mekteb صيدلية المكتب,Parapharmacie,Formel,Berkane,34.9217062,-2.3172397,icons/pharmacy.png,OSM
L'Oriental,Pharmacie Fethi صيدلية فتحي,Parapharmacie,Formel,Berkane,34.9205186,-2.3219979,icons/pharmacy.png,OSM
L'Oriental,Pharmacie Bouyakchar صيدلية بوياكشار,Parapharmacie,Formel,Berkane بركان,34.9178267,-2.3317987,icons/pharmacy.png,OSM
L'Oriental,Pharmacie El Madina صيدلية المدينة,Parapharmacie,Formel,Berkane بركان,34.9194894,-2.3305864,icons/pharmacy.png,OSM
L'Oriental,Pharmacie Andalous صيدلية الأندلس,Parapharmacie,Formel,Berkane,34.9195641,-2.3238004,icons/pharmacy.png,OSM
L'Oriental,Pharmacie Principale الصيدلية الرئيسية,Parapharmacie,Formel,Berkane,34.9236723,-2.3141659,icons/pharmacy.png,OSM
L'Oriental,Pharmacie Laayoune صيدلية العيون,Parapharmacie,Formel,Berkane,34.9220273,-2.3205012,icons/pharmacy.png,OSM
L'Oriental,Pharmacie Ibn Al Baytar صيدلية ابن البيطار,Parapharmacie,Formel,Berkane,34.923901,-2.305218,icons/pharmacy.png,OSM
L'Oriental,Pharmacie Abdellaoui صيدلية عبدلاوي,Parapharmacie,Formel,Berkane,34.9263905,-2.3106414,icons/pharmacy.png,OSM
L'Oriental,Pharmacie Sidi Ahmed Aberkane صيدلية سيدي محمد أبركان,Parapharmacie,Formel,Berkane,34.9219218,-2.3308438,icons/pharmacy.png,OSM
L'Oriental,Pharmacie Bouarfa صيدلية بوعرفة,Parapharmacie,Formel,Berkane,34.9229642,-2.3248089,icons/pharmacy.png,OSM
L'Oriental,Pharmacie El Mossalla صيدلية المصلى,Parapharmacie,Formel,Berkane,34.9244904,-2.3233605,icons/pharmacy.png,OSM
L'Oriental,Pharmacie Complexe Sportif صيدلية المركب الرياضي,Parapharmacie,Formel,Berkane,34.9340034,-2.3204744,icons/pharmacy.png,OSM
L'Oriental,Pharmacie Al Majd صيدلية المجد,Parapharmacie,Formel,Berkane,34.9357713,-2.3233444,icons/pharmacy.png,OSM
L'Oriental,Pharmacie Al Moumen صيدلية المومن,Parapharmacie,Formel,Berkane بركان,34.920479,-2.3358113,icons/pharmacy.png,OSM
L'Oriental,Pharmacie Boulevard Mohamed V صيدلية شارع محمد,Parapharmacie,Formel,Berkane بركان,34.9236415,-2.3357416,icons/pharmacy.png,OSM
L'Oriental,Pharmacie Grance Place صيدلية الساحة الكبيرة,Parapharmacie,Formel,Berkane بركان,34.9231225,-2.3371953,icons/pharmacy.png,OSM
L'Oriental,Pharmacie Hay Al Amal صيدلية حي الأمل,Parapharmacie,Formel,Berkane,34.928484,-2.312857,icons/pharmacy.png,OSM
L'Oriental,Pharmacie Marbouha صيدلية مربوحة,Parapharmacie,Formel,Berkane,34.9301465,-2.325238,icons/pharmacy.png,OSM
L'Oriental,Pharmacie 19 Mai صيدلية 19 ماي,Parapharmacie,Formel,Berkane,34.9390608,-2.3249001,icons/pharmacy.png,OSM
L'Oriental,Pharmacie Laymoun صيدلية الليمون,Parapharmacie,Formel,Berkane,34.929047,-2.3223681,icons/pharmacy.png,OSM
L'Oriental,Pharmacie Beni Attig صيدلية بني عتيق,Parapharmacie,Formel,Berkane,34.9328336,-2.3398775,icons/pharmacy.png,OSM
L'Oriental,Pharmacie Al Khalil صيدلية الخليل,Parapharmacie,Formel,Berkane,34.93527,-2.3259676,icons/pharmacy.png,OSM
L'Oriental,Pharmacie Karakchou صيدلية كراكشو,Parapharmacie,Formel,Berkane,34.939716,-2.3282046,icons/pharmacy.png,OSM
L'Oriental,Pharmacie Al Massira صيدلية المسيرة,Parapharmacie,Formel,Berkane,34.9279166,-2.3339123,icons/pharmacy.png,OSM
L'Oriental,Pharmacie Sebbani صيدلية صباني,Parapharmacie,Formel,Sidi Slimane Echcharaa سيدي سليمان الشراعة,34.9101941,-2.3447627,icons/pharmacy.png,OSM
L'Oriental,Pharmacie Al Hambra صيدلية العنبرة,Parapharmacie,Formel,Berkane,34.9346983,-2.3310745,icons/pharmacy.png,OSM
L'Oriental,Pharmacie Abdellah صيدلية عبد الله,Parapharmacie,Formel,Berkane,34.926452,-2.3364389,icons/pharmacy.png,OSM
L'Oriental,Pharmacie Al Ahram صيدلية الأهرام,Parapharmacie,Formel,Berkane,34.9313603,-2.3313964,icons/pharmacy.png,OSM
L'Oriental,Pharmacie Moulouya صيدلية ملوية,Parapharmacie,Formel,Berkane,34.9286203,-2.3391265,icons/pharmacy.png,OSM
L'Oriental,Pharmacie Al Istiklal صيدلية الاستقلال,Parapharmacie,Formel,Berkane بركان,34.9307622,-2.3470873,icons/pharmacy.png,OSM
L'Oriental,Pharmacie Smimou صيدلية سميمو,Parapharmacie,Formel,"Avenue Al Massira, Sidi Slimane Echcharaa",34.9143033,-2.3493725,icons/pharmacy.png,OSM
L'Oriental,Pharmacie La Paix صيدلية السلام,Parapharmacie,Formel,Sidi Slimane Echcharaa سيدي سليمان الشراعة,34.9128912,-2.3467252,icons/pharmacy.png,OSM
L'Oriental,Pharmacie Marché Couvert صيدلية السوق المغطى,Parapharmacie,Formel,"Avenue Mohamed V, Sidi Slimane Echcharaa سيدي سليمان الشراعة",34.9115848,-2.3492455,icons/pharmacy.png,OSM
L'Oriental,Pharmacie Boujir صيدلية بوجير,Parapharmacie,Formel,"Avenue Mohamed V, Sidi Slimane Echcharaa سيدي سليمان الشراعة",34.9060792,-2.3575586,icons/pharmacy.png,OSM
L'Oriental,Pharmacie Tizghin صيدلية تيزغين,Parapharmacie,Formel,Sidi Slimane Echcharaa سيدي سليمان الشراعة,34.9074639,-2.3421053,icons/pharmacy.png,OSM
L'Oriental,Pharmacie Al Farah صيدلية الفرح,Parapharmacie,Formel,"Avenue Mohamed V, Sidi Slimane Echcharaa سيدي سليمان الشراعة",34.9036639,-2.361008,icons/pharmacy.png,OSM
L'Oriental,Pharmacie Maalou صيدلية معلو,Parapharmacie,Formel,Sidi Slimane Echcharaa سيدي سليمان الشراعة,34.9010022,-2.3641703,icons/pharmacy.png,OSM
L'Oriental,Pharmacie Hay Pam صيدلية حي بام,Parapharmacie,Formel,Zaio,34.9441794,-2.7387166,icons/pharmacy.png,OSM
L'Oriental,Pharmacie Rayan صيدلية رايان,Parapharmacie,Formel,Zaio,34.9417872,-2.7461785,icons/pharmacy.png,OSM
L'Oriental,Pharmacie Ibn Nafiss صيدلية ابن النفيس,Parapharmacie,Formel,Zaio,34.9416773,-2.7381426,icons/pharmacy.png,OSM
L'Oriental,Pharmacie Sidi Athman صيدلية سيدي عثمان,Parapharmacie,Formel,Zaïo ⵣⴰⵢⵢⵓ زايو,34.9439331,-2.7346719,icons/pharmacy.png,OSM
L'Oriental,Pharmacie Al Yassamine صيدلية الياسمين,Parapharmacie,Formel,Zaio,34.9435945,-2.7374775,icons/pharmacy.png,OSM
L'Oriental,Pharmacie Azzahraoui صيدلية الزهراوي,Parapharmacie,Formel,Zaïo ⵣⴰⵢⵢⵓ زايو,34.9429129,-2.7346611,icons/pharmacy.png,OSM
L'Oriental,Pharmacie Du Centre صيدلية المركز,Parapharmacie,Formel,Zaïo ⵣⴰⵢⵢⵓ زايو,34.9415058,-2.7324778,icons/pharmacy.png,OSM
L'Oriental,Pharmacie Athina صيدلية أثينا,Parapharmacie,Formel,Zaïo ⵣⴰⵢⵢⵓ زايو,34.9434142,-2.7335722,icons/pharmacy.png,OSM
L'Oriental,Pharmacie Achabiba صيدلية الشبيبة,Parapharmacie,Formel,Zaio,34.9416729,-2.7300156,icons/pharmacy.png,OSM
L'Oriental,Pharmacie Ben Elmostapha صيدلية بن المصطفى,Parapharmacie,Formel,Zaïo ⵣⴰⵢⵢⵓ زايو,34.9442893,-2.7324617,icons/pharmacy.png,OSM
L'Oriental,Pharmacie Hassan Ben Thabit صيدلية حسن بن تهابيت,Parapharmacie,Formel,Zaïo ⵣⴰⵢⵢⵓ زايو,34.9455474,-2.7344107,icons/pharmacy.png,OSM
L'Oriental,Pharmacie Bouniat صيدلية بونيات,Parapharmacie,Formel,Zaio,34.9383835,-2.7262015,icons/pharmacy.png,OSM
L'Oriental,Pharmacie Karimi صيدلية كريمي,Parapharmacie,Formel,Zaio,34.9470551,-2.7382768,icons/pharmacy.png,OSM
L'Oriental,Pharmacie Al Qods Charif صيدلية القدس الشريف,Parapharmacie,Formel,Zaio,34.9389816,-2.7316356,icons/pharmacy.png,OSM
L'Oriental,Pharmacie Dar Al Quoran صيدلية دار القران,Parapharmacie,Formel,Zaio,34.9405295,-2.7427078,icons/pharmacy.png,OSM
L'Oriental,Pharmacie Al Ibtissama صيدلية الابتسامة,Parapharmacie,Formel,Driouch ⴷⵔⵉⵡⵛ ادريوش,34.973166,-3.3833544,icons/pharmacy.png,OSM
L'Oriental,Pharmacie Abi Labass Annabati صيدلية أبي العباس النباتي,Parapharmacie,Formel,Driouch ⴷⵔⵉⵡⴻⵛ الدريوش,34.9759179,-3.391247,icons/pharmacy.png,OSM
L'Oriental,Pharmacie Al Inaya صيدلية العناية,Parapharmacie,Formel,Driouch ⴷⵔⵉⵡⴻⵛ الدريوش,34.9770948,-3.39181,icons/pharmacy.png,OSM
L'Oriental,Pharmacie Melilla صيدلية مليلية,Parapharmacie,Formel,Driouch,34.9792222,-3.3923222,icons/pharmacy.png,OSM
L'Oriental,Pharmacie Bab Souk صيدلية باب سوق,Parapharmacie,Formel,Driouch ⴷⵔⵉⵡⵛ ادريوش,34.9790875,-3.3942988,icons/pharmacy.png,OSM
L'Oriental,Pharmacie Ain Lahjar صيدلية عين الحجر,Parapharmacie,Formel,Al Aioun ⵍⵄⵢⵓⵏ العيون,34.5758886,-2.4983704,icons/pharmacy.png,OSM
L'Oriental,Pharmacie Palmier صيدلية النخلة,Parapharmacie,Formel,Al Aioun Sidi Mellouk,34.5880162,-2.5070022,icons/pharmacy.png,OSM
L'Oriental,Pharmacie L'Hôpital صيدلية المستشفى,Parapharmacie,Formel,Aioun Sidi Mellouk,34.583284,-2.4947213,icons/pharmacy.png,OSM
L'Oriental,Pharmacie El Kasbah صيدلية القصبة,Parapharmacie,Formel,Al Aioun ⵍⵄⵢⵓⵏ العيون,34.5826251,-2.5090048,icons/pharmacy.png,OSM
L'Oriental,Pharmacie Bouarfa صيدلية بوعرفة,Parapharmacie,Formel,Al Aioun ⵍⵄⵢⵓⵏ العيون,34.5826205,-2.5098166,icons/pharmacy.png,OSM
L'Oriental,Pharmacie Horizon صيدلية الأفق,Parapharmacie,Formel,Al Aioun Sidi Mellouk,34.5864882,-2.5083648,icons/pharmacy.png,OSM
L'Oriental,Pharmacie Al Massira صيدلية المسيرة,Parapharmacie,Formel,Taourirt,34.4095983,-2.8957711,icons/pharmacy.png,OSM
L'Oriental,La Grande Pharmacie الصيدلية الكبرى,Parapharmacie,Formel,Taourirt تاوريرت,34.4122521,-2.8913456,icons/pharmacy.png,OSM
L'Oriental,Pharmacie Ennahda صيدلية النهضة,Parapharmacie,Formel,TAOURIRT,34.4088715,-2.8895426,icons/pharmacy.png,OSM
L'Oriental,Pharmacie Said صيدلية سعيد,Parapharmacie,Formel,Taourirt تاوريرت,34.4054146,-2.8887435,icons/pharmacy.png,OSM
L'Oriental,Pharmacie Boubkeur صيدلية بوبكر,Parapharmacie,Formel,Taourirt,34.4119225,-2.8995308,icons/pharmacy.png,OSM
L'Oriental,Pharmacie Baghdadi صيدلية بغدادي,Parapharmacie,Formel,Taourirt تاوريرت,34.4104689,-2.8900343,icons/pharmacy.png,OSM
L'Oriental,Pharmacie Alhouria صيدلية الحورية,Parapharmacie,Formel,Taourirt,34.4101054,-2.8989264,icons/pharmacy.png,OSM
L'Oriental,Pharmacie Achour صيدلية أشور,Parapharmacie,Formel,Taourirt تاوريرت,34.412181,-2.9101362,icons/pharmacy.png,OSM
L'Oriental,Pharmacie Al Khalil صيدلية الخليل,Parapharmacie,Formel,Taourirt,34.404992,-2.8980454,icons/pharmacy.png,OSM
L'Oriental,Pharmacie Moustawsaf Al Halfa صيدلية مستوصف الحلفة,Parapharmacie,Formel,Taourirt,34.4066232,-2.8967341,icons/pharmacy.png,OSM
L'Oriental,Pharmacie Al Nassim صيدلية النسيم,Parapharmacie,Formel,Taourirt تاوريرت,34.4144882,-2.9142647,icons/pharmacy.png,OSM
L'Oriental,Pharmacie Pôle Ghiata صيدلية قطب غياتة,Parapharmacie,Formel,Guercif جرسيف,34.2144286,-3.3691679,icons/pharmacy.png,OSM
L'Oriental,Pharmacie Nour صيدلية نور,Parapharmacie,Formel,Guercif جرسيف,34.2145412,-3.3498756,icons/pharmacy.png,OSM
L'Oriental,Pharmacie El Idrissi صيدلية الادريسي,Parapharmacie,Formel,Guercif جرسيف,34.2166421,-3.3598024,icons/pharmacy.png,OSM
L'Oriental,Pharmacie Guennoun صيدلية كنون,Parapharmacie,Formel,Guercif,34.2231107,-3.3389688,icons/pharmacy.png,OSM
L'Oriental,Pharmacie Chouibir صيدلية شويبير,Parapharmacie,Formel,Guercif جرسيف,34.2172097,-3.3545061,icons/pharmacy.png,OSM
L'Oriental,Pharmacie Tarik صيدلية طارق,Parapharmacie,Formel,Guercif,34.225151,-3.3478469,icons/pharmacy.png,OSM
L'Oriental,Pharmacie Oulad Hamoussa صيدلية أولاد حموصة,Parapharmacie,Formel,GUERCIF,34.2277166,-3.3374019,icons/pharmacy.png,OSM
L'Oriental,Pharmacie Moulouya صيدلية ملوية,Parapharmacie,Formel,Guercif,34.2284085,-3.3427502,icons/pharmacy.png,OSM
L'Oriental,Pharmacie Ibn Haytham صيدلية ابن الهيثم,Parapharmacie,Formel,Guersif جرسيف,34.2265679,-3.3407976,icons/pharmacy.png,OSM
L'Oriental,Pharmacie L'Oriental صيدلية الشرق,Parapharmacie,Formel,Guercif,34.2378616,-3.341287,icons/pharmacy.png,OSM
L'Oriental,Pharmacie Moderne الصيدلية الحديثة,Parapharmacie,Formel,Guercif جرسيف,34.2381242,-3.344852,icons/pharmacy.png,OSM
L'Oriental,Pharmacie Hamria Al Jadida صيدلية حمرية الجديدة,Parapharmacie,Formel,Guercif جرسيف,34.2341886,-3.3696039,icons/pharmacy.png,OSM
L'Oriental,Pharmacie Salim صيدلية سليم,Parapharmacie,Formel,Guercif,34.2332887,-3.3599143,icons/pharmacy.png,OSM
L'Oriental,Pharmacie Harchat Gambir صيدلية حرشات كمبير,Parapharmacie,Formel,Guercif جرسيف,34.2458948,-3.3492161,icons/pharmacy.png,OSM
L'Oriental,Pharmacie La Clinique صيدلية المصحة,Parapharmacie,Formel,"Avenue Abdelkrim El Khattabi, Guercif جرسيف",34.2327174,-3.3511304,icons/pharmacy.png,OSM
L'Oriental,Pharmacie Ibn Sina صيدلية ابن سينا,Parapharmacie,Formel,"Boulevard Moulay El Hassan, Guercif جرسيف",34.2238056,-3.3487137,icons/pharmacy.png,OSM
L'Oriental,Pharmacie El Ouakili صيدلية الوكيلي,Parapharmacie,Formel,"Boulevard Salah Eddine نهج صلاح الدين الأيوبي, Driouch ⴷⵔⵉⵡⴻⵛ الدريوش",34.9779368,-3.3931251,icons/pharmacy.png,OSM
L'Oriental,Pharmacie la Santé صيدلية الصحة,Parapharmacie,Formel,Sidi Slimane Echcharaa سيدي سليمان الشراعة,34.9071785,-2.3726832,icons/pharmacy.png,OSM
L'Oriental,Pharmacie El Ghazouani صيدلية الغزواني,Parapharmacie,Formel,"Avenue Mohamed V شارع الحسن الثاني, Sidi Slimane Echcharaa سيدي سليمان الشراعة",34.916126,-2.3484887,icons/pharmacy.png,OSM
L'Oriental,Pharmacie Belfilali صيدلية بلفيلالي,Parapharmacie,Formel,"Rue Al Madina زنقة المدينة, Berkane",34.9204942,-2.3139309,icons/pharmacy.png,OSM
L'Oriental,Pharmacie Lemhal صيدلية لمهل,Parapharmacie,Formel,"Rue Laayoune, Berkane",34.9147263,-2.3129029,icons/pharmacy.png,OSM
L'Oriental,Pharmacie Bouhdila صيدلية بوهديلة,Parapharmacie,Formel,Berkane,34.9303037,-2.3409872,icons/pharmacy.png,OSM
L'Oriental,Pharmacie Eddarrak صيدلية الدراق,Parapharmacie,Formel,"Rue de la Victoire, Berkane",34.9263034,-2.3262314,icons/pharmacy.png,OSM
L'Oriental,Pharmacie El Ahmadi صيدلية الأحمدي,Parapharmacie,Formel,"Rue Yacoub Al Mansour, Berkane بركان",34.9332831,-2.3437755,icons/pharmacy.png,OSM
L'Oriental,Pharmacie Béni-Snassen صيدلية بني سناسن,Parapharmacie,Formel,"Rue Chouhada, Berkane",34.924305,-2.330091,icons/pharmacy.png,OSM
L'Oriental,Pharmacie et Laboratoire Ibn Rochd صيدلية و مختبر ابن رشد,Parapharmacie,Formel,"Rue Ibn Sina زنقة ابن سينا, Berkane",34.9221019,-2.3248825,icons/pharmacy.png,OSM
L'Oriental,Pharmacie Populaire الصيدلية الشعبية,Parapharmacie,Formel,"Avenue Hassan II شارع الحسن الثاني, Berkane",34.9207468,-2.3278291,icons/pharmacy.png,OSM
L'Oriental,Pharmacie Jerada صيدلية جرادة,Parapharmacie,Formel,Jerada ⵊⵔⴰⴷⴰ جرادة,34.3083538,-2.1614497,icons/pharmacy.png,OSM
L'Oriental,Pharmacie Boumazi صيدلية بومازي,Parapharmacie,Formel,Jerada ⵊⵔⴰⴷⴰ جرادة,34.3111678,-2.1597667,icons/pharmacy.png,OSM
L'Oriental,Pharmacie Al Qods صيدلية القدس,Parapharmacie,Formel,"Boulevard Molay Abdellah, TAOURIRT",34.4090509,-2.8935399,icons/pharmacy.png,OSM
L'Oriental,Pharmacie Ennour صيدلي النور,Parapharmacie,Formel,Ain Bni Mathar,34.0188669,-2.0255583,icons/pharmacy.png,OSM
L'Oriental,Pharmacie L'armoise صيدلية أغمواز,Parapharmacie,Formel,Ain Bni Mathar,34.0191693,-2.0267836,icons/pharmacy.png,OSM
L'Oriental,Pharmacie Rim صيدلية ريم,Parapharmacie,Formel,Ain Bni Mathar,34.0172413,-2.025273,icons/pharmacy.png,OSM
L'Oriental,Pharmacie Essabil صيدلية السبيل,Parapharmacie,Formel,Ain Bni Mathar,34.0167416,-2.0266913,icons/pharmacy.png,OSM
L'Oriental,Pharmacie Ziani صيدلية الزياني,Parapharmacie,Formel,Ain Bni Mathar ⵄⵉⵏ ⴱⵏⵉ ⵎⵟⵀⵕ عين بني مطهر,34.0087494,-2.0194308,icons/pharmacy.png,OSM
L'Oriental,Pharmacie Errayhane صيدلية الريحان,Parapharmacie,Formel,Ain Bni Mathar,34.0242942,-2.0290992,icons/pharmacy.png,OSM
L'Oriental,Pharmacie Diass Oriental صيدلية دياس الشرقي,Parapharmacie,Formel,Oujda ⵡⴻⵊⴷⴰ وجدة,34.6466763,-1.9483332,icons/pharmacy.png,OSM
L'Oriental,Pharmacie Al Bayane صيدلية البيان,Parapharmacie,Formel,"Boulevard Sidi Zayed Ben Soltane Al Nahyan, Oujda",34.6655002,-1.9426367,icons/pharmacy.png,OSM
L'Oriental,Pharmacie Hay Annour صيدلية حي النور,Parapharmacie,Formel,"Boulevard Mohamed Madrane, Oujda",34.6693257,-1.9470976,icons/pharmacy.png,OSM
L'Oriental,Pharmacie Masjid Al Ghofrane صيدلية مسجد الغفران,Parapharmacie,Formel,"Boulevard Rahmouni Boualam, Oujda",34.6760556,-1.9404897,icons/pharmacy.png,OSM
L'Oriental,Pharmacie Dounia صيدلية دنيا,Parapharmacie,Formel,Oujda,34.6809783,-1.9555759,icons/pharmacy.png,OSM
L'Oriental,Pharmacie 2020 صيدلية,Parapharmacie,Formel,Oujda,34.6780619,-1.9533092,icons/pharmacy.png,OSM
L'Oriental,Pharmacie Annahar صيدلية النهار,Parapharmacie,Formel,Oujda,34.7201303,-1.9372318,icons/pharmacy.png,OSM
L'Oriental,Pharmacie Al Kasr صيدلية القصر,Parapharmacie,Formel,"Rue Abou Bakr Siddiq, Oujda",34.7164253,-1.9257974,icons/pharmacy.png,OSM
L'Oriental,Pharmacie Ibn Badis صيدلية ابن باديس,Parapharmacie,Formel,Oujda,34.6942392,-1.9202802,icons/pharmacy.png,OSM
L'Oriental,Pharmacie Souika Si Lakhdar صيدلية سويكا سي لخضر,Parapharmacie,Formel,Oujda,34.689706,-1.9281726,icons/pharmacy.png,OSM
L'Oriental,Pharmacie Al Ouafae صيدلية الوفاء,Parapharmacie,Formel,Oujda,34.6872998,-1.9438018,icons/pharmacy.png,OSM
L'Oriental,Pharmacie Marjane صيدلية مرجان,Parapharmacie,Formel,"Boulevard Prince Héritier Moulay Al Hassan, Oujda وجدة",34.7362904,-1.9263599,icons/pharmacy.png,OSM
L'Oriental,Pharmacie la Station صيدلية محطة الوقود,Parapharmacie,Formel,"Route de Berkane, Oujda",34.739617,-1.9287928,icons/pharmacy.png,OSM
L'Oriental,Pharmacie Arrayane صيدلية الريان,Parapharmacie,Formel,Oujda ⵡⴻⵊⴷⴰ وجدة,34.7189389,-1.8934496,icons/pharmacy.png,OSM
L'Oriental,Pharmacie Moussaoui صيدلية موساوي,Parapharmacie,Formel,"Route Ennasr, Oujda",34.7181658,-1.8976851,icons/pharmacy.png,OSM
L'Oriental,Pharmacie Haj Aid صيدلية حاج عيد,Parapharmacie,Formel,وجدة,34.7083818,-1.8942652,icons/pharmacy.png,OSM
L'Oriental,Pharmacie Zone Industrielle صيدلية الحي الصناعي,Parapharmacie,Formel,"Rue Marzouka, وجدة",34.7046329,-1.8956623,icons/pharmacy.png,OSM
L'Oriental,Pharmacie Azarkan صيدلية أزرقان,Parapharmacie,Formel,"Rue 115, Oujda",34.7120816,-1.9087679,icons/pharmacy.png,OSM
L'Oriental,Pharmacie Mansour Eddahbi صيدلية منصور الذهبي,Parapharmacie,Formel,Oujda,34.700631,-1.9120243,icons/pharmacy.png,OSM
L'Oriental,Pharmacie Baghdad صيدلية بغداد,Parapharmacie,Formel,Oujda,34.654128,-1.8820932,icons/pharmacy.png,OSM
L'Oriental,Pharmacie Afriquia صيدلية افريقيا,Parapharmacie,Formel,Oujda,34.6517639,-1.8748099,icons/pharmacy.png,OSM
L'Oriental,Pharmacie Al Irfane Assanawbar صيدلية العرفان الصنوبر,Parapharmacie,Formel,Oujda,34.6532177,-1.9218297,icons/pharmacy.png,OSM
L'Oriental,Pharmacie Hay Errabie صيدلية حي الربيع,Parapharmacie,Formel,Oujda وجدة,34.6493069,-1.9112145,icons/pharmacy.png,OSM
L'Oriental,Pharmacie Olenka صيدلية أولينكا,Parapharmacie,Formel,"Rue Ahmed Ibn Massoud, Oujda",34.6632183,-1.8788935,icons/pharmacy.png,OSM
L'Oriental,Pharmacie Taha صيدلية طه,Parapharmacie,Formel,Oujda,34.6558256,-1.9297251,icons/pharmacy.png,OSM
L'Oriental,Pharmacie Hay Essalam صيدلية حي السلام,Parapharmacie,Formel,Oujda,34.6616134,-1.9248687,icons/pharmacy.png,OSM
L'Oriental,Pharmacie Principale الصيدلية الرئيسية,Parapharmacie,Formel,"Boulevard Bir Anzarene, Oujda",34.6762608,-1.9223881,icons/pharmacy.png,OSM
L'Oriental,Pharmacie Village Jdid صيدلية الفيلاج الجديد,Parapharmacie,Formel,"Rue El Hachmi Miloud, Oujda",34.662311,-1.8849839,icons/pharmacy.png,OSM
L'Oriental,Pharmacie Jakarta صيدلية جاكرتا,Parapharmacie,Formel,"Boulevard Jakarta, Oujda",34.6755778,-1.9040525,icons/pharmacy.png,OSM
L'Oriental,Pharmacie Khouna صيدلية خونا,Parapharmacie,Formel,Oujda,34.6785853,-1.8964222,icons/pharmacy.png,OSM
L'Oriental,Pharmacie Espace Agdal صيدلية فضاء أكدال,Parapharmacie,Formel,"Rocade d'Oujda طريق دائري وجدة, Oujda ⵡⴻⵊⴷⴰ وجدة",34.6724424,-1.8592062,icons/pharmacy.png,OSM
L'Oriental,Pharmacie Zenati صيدلية زناتي,Parapharmacie,Formel,"Rue F20, Oujda",34.6780523,-1.8752538,icons/pharmacy.png,OSM
L'Oriental,Pharmacie Amzil صيدلية أمزيل,Parapharmacie,Formel,Oujda وجدة,34.6792872,-1.8626011,icons/pharmacy.png,OSM
L'Oriental,Pharmacie Les Jardins de Lazaret صيدلية حدائق لازاري,Parapharmacie,Formel,Oujda,34.6986141,-1.872389,icons/pharmacy.png,OSM
L'Oriental,Pharmacie Jouadra صيدلية جوادرة,Parapharmacie,Formel,Oujda ⵡⴻⵊⴷⴰ وجدة,34.7077695,-1.8599875,icons/pharmacy.png,OSM
L'Oriental,Pharmacie Oued Eddahab صيدلية وادي الذهب,Parapharmacie,Formel,"Boulevard Oued Eddahab, Oujda",34.6838944,-1.8821829,icons/pharmacy.png,OSM
L'Oriental,Pharmacie Ouasrhir صيدلية واسرير,Parapharmacie,Formel,"Route El Aounia طريق العونية, Oujda",34.6906356,-1.8894934,icons/pharmacy.png,OSM
L'Oriental,Pharmacie El Meskyny صيدلية المسكيني,Parapharmacie,Formel,Oujda,34.6953597,-1.8930773,icons/pharmacy.png,OSM
L'Oriental,Pharmacie Bennis صيدلية بنيس,Parapharmacie,Formel,"Rue Boudir, Oujda",34.6994468,-1.8943105,icons/pharmacy.png,OSM
L'Oriental,Pharmacie Avicenne صيدلية ابن سينا,Parapharmacie,Formel,"Rue Boudir, Oujda",34.6976255,-1.8982034,icons/pharmacy.png,OSM
L'Oriental,Pharmacie Rif Douzi صيدلية الريف الدوزي,Parapharmacie,Formel,Oujda,34.6878695,-1.8914512,icons/pharmacy.png,OSM
L'Oriental,Pharmacie Mehdi صيدلية مهدي,Parapharmacie,Formel,"Boulevard Al Mourabitine, Oujda وجدة",34.6856035,-1.9195578,icons/pharmacy.png,OSM
L'Oriental,Pharmacie Zohir صيدلية زهير,Parapharmacie,Formel,"Rue Oran زنقة وهران, Oujda",34.6858497,-1.9143154,icons/pharmacy.png,OSM
L'Oriental,Pharmacie Nadia صيدلية نادية,Parapharmacie,Formel,"Boulevard Allal Al Fassi شارع علال الفاسي, Oujda",34.6790061,-1.900171,icons/pharmacy.png,OSM
L'Oriental,Pharmacie Maarouf صيدلية معروف,Parapharmacie,Formel,"Rue Tanger زنقة طنجة, Oujda",34.6878309,-1.9122208,icons/pharmacy.png,OSM
L'Oriental,Pharmacie El Mekki Naciri صيدلية المكي الناصري,Parapharmacie,Formel,"Rue Mohammed Daoudi, Oujda",34.6880472,-1.9394322,icons/pharmacy.png,OSM
L'Oriental,Pharmacie Okba Ibn Nafi صيدلية عقبة بن نافع,Parapharmacie,Formel,"Rue 101, وجدة",34.7007032,-1.9073289,icons/pharmacy.png,OSM
L'Oriental,Café Jeanys,Café,Formel,Café Jeanys,34.6809503,-1.9194614,icons/cafe.png,OSM
L'Oriental,foyer FOSC بهو الفوسك,Café,Formel,foyer FOSC بهو الفوسك,34.8631811,-1.3003175,icons/cafe.png,OSM
L'Oriental,Restaurant FOSC مطعم الفوسك,Restaurant,Formel,Restaurant FOSC مطعم الفوسك,34.8624053,-1.3005535,icons/restaurant.png,OSM
L'Oriental,Souk Tanja,Épicerie,Informel,Av. Moulay El Hassan,34.6812721,-1.909425,icons/greengrocer.png,OSM
L'Oriental,Boulangerie Opera,Boulangerie,Formel,Bd Mohammed Derfoufi,34.6892212,-1.914781,icons/bakery.png,OSM
L'Oriental,Supermarché sans nom,Supermarché,Formel,Supermarché sans nom,34.8944943,-1.3260689,icons/supermarket.png,OSM
L'Oriental,Café Khedim,Café,Formel,Rue Boukli Hacène,34.8775425,-1.3097759,icons/cafe.png,OSM
L'Oriental,الأهرام,Café,Formel,Boulevard Imama,34.8792161,-1.3444856,icons/cafe.png,OSM
L'Oriental,Boutique de confiserie sans nom,Boutique de confiserie,Informel,Boutique de confiserie sans nom,34.8880703,-1.3259986,icons/confectionery.png,OSM
L'Oriental,Cafe Flouche,Café,Formel,Cafe Flouche,34.0428572,-2.9985883,icons/cafe.png,OSM
L'Oriental,Supérette / Mini-market sans nom,Supérette / Mini-market,Formel,Supérette / Mini-market sans nom,34.0398736,-3.0001696,icons/convenience.png,OSM
L'Oriental,Café Bien venu,Café,Formel,Café Bien venu,33.9867595,-3.0394603,icons/cafe.png,OSM
L'Oriental,Supérette / Mini-market sans nom,Supérette / Mini-market,Formel,Supérette / Mini-market sans nom,34.0765941,-2.973565,icons/convenience.png,OSM
L'Oriental,Abdul’s shop,Supérette / Mini-market,Formel,Abdul’s shop,33.8015888,-3.0407994,icons/convenience.png,OSM
L'Oriental,Café Ryad,Café,Formel,Café Ryad,34.9757062,-3.3904431,icons/cafe.png,OSM
L'Oriental,Neptune market,Supérette / Mini-market,Formel,Neptune market,34.9030288,-1.3251051,icons/convenience.png,OSM
L'Oriental,Parapharmacie sans nom,Parapharmacie,Formel,Parapharmacie sans nom,34.9029864,-1.32649,icons/pharmacy.png,OSM
L'Oriental,Supérette / Mini-market sans nom,Supérette / Mini-market,Formel,Supérette / Mini-market sans nom,34.9046918,-1.3234862,icons/convenience.png,OSM
L'Oriental,Café le Hazard,Café,Formel,Café le Hazard,34.905744,-1.3229222,icons/cafe.png,OSM
L'Oriental,Café sans nom,Café,Formel,Café sans nom,34.9063132,-1.3221421,icons/cafe.png,OSM
L'Oriental,Café sans nom,Café,Formel,Café sans nom,34.9092991,-1.3208571,icons/cafe.png,OSM
L'Oriental,Café sans nom,Café,Formel,Café sans nom,34.9110825,-1.3193047,icons/cafe.png,OSM
L'Oriental,Café sans nom,Café,Formel,Café sans nom,34.9003391,-1.3274879,icons/cafe.png,OSM
L'Oriental,Restaurant sans nom,Restaurant,Formel,Restaurant sans nom,34.9061129,-1.3225912,icons/restaurant.png,OSM
L'Oriental,Boulangerie sans nom,Boulangerie,Formel,Boulangerie sans nom,34.9041428,-1.3234656,icons/bakery.png,OSM
L'Oriental,Supérette / Mini-market sans nom,Supérette / Mini-market,Formel,Supérette / Mini-market sans nom,34.9034061,-1.32478,icons/convenience.png,OSM
L'Oriental,Boutique la Fiesta,Kiosque,Informel,Boutique la Fiesta,34.884034,-1.3281651,icons/kiosk.png,OSM
L'Oriental,Parapharmacie sans nom,Parapharmacie,Formel,Parapharmacie sans nom,34.8842386,-1.32819,icons/pharmacy.png,OSM
L'Oriental,Restaurant sans nom,Restaurant,Formel,Restaurant sans nom,34.8842387,-1.3283193,icons/restaurant.png,OSM
L'Oriental,Épicerie sans nom,Épicerie,Informel,Épicerie sans nom,34.9051211,-1.3231216,icons/greengrocer.png,OSM
L'Oriental,Le Cinq,Restaurant,Formel,Le Cinq,34.8830254,-1.3189307,icons/restaurant.png,OSM
L'Oriental,Vintage Burger,Restaurant,Formel,Vintage Burger,34.8771859,-1.3239659,icons/restaurant.png,OSM
L'Oriental,Côte D'or,Café,Formel,Côte D'or,34.8778851,-1.3225493,icons/cafe.png,OSM
L'Oriental,Café sans nom,Café,Formel,Café sans nom,34.8777382,-1.3220922,icons/cafe.png,OSM
L'Oriental,Best Pizza,Restaurant,Formel,Best Pizza,34.8865348,-1.3277205,icons/restaurant.png,OSM
L'Oriental,Pharmacie Hamza Cherif,Parapharmacie,Formel,Pharmacie Hamza Cherif,34.8829095,-1.3263475,icons/pharmacy.png,OSM
L'Oriental,Parapharmacie sans nom,Parapharmacie,Formel,Parapharmacie sans nom,34.8824898,-1.3036932,icons/pharmacy.png,OSM
L'Oriental,Shawarma Express,Restaurant,Formel,Shawarma Express,34.8776778,-1.3251278,icons/restaurant.png,OSM
L'Oriental,Mediano,Restaurant,Formel,Mediano,34.8783593,-1.3276567,icons/restaurant.png,OSM
L'Oriental,O'48 CHEZ LOTFI,Restaurant,Formel,"Boulevard Prince Héritier Moulay Al Hassan, Oujda",34.6940408,-1.9186561,icons/restaurant.png,OSM
L'Oriental,Cafe In,Café,Formel,Cafe In,34.6789474,-1.8888932,icons/cafe.png,OSM
L'Oriental,ماركت الرحمة,Supérette / Mini-market,Formel,ماركت الرحمة,34.9125875,-1.0384324,icons/convenience.png,OSM
L'Oriental,مقهى الحاج فايد,Café,Formel,مقهى الحاج فايد,34.9053093,-1.0222854,icons/cafe.png,OSM
L'Oriental,مخبزة مستاري,Boulangerie,Formel,مخبزة مستاري,34.9131912,-1.0377038,icons/bakery.png,OSM
L'Oriental,مخبزة طيبي,Boulangerie,Formel,مخبزة طيبي,34.9083398,-1.0360717,icons/bakery.png,OSM
L'Oriental,مقهى الزهرة,Café,Formel,مقهى الزهرة,34.9058262,-1.0357578,icons/cafe.png,OSM
L'Oriental,صيدلية رحال,Parapharmacie,Formel,صيدلية رحال,34.9049499,-1.0273435,icons/pharmacy.png,OSM
L'Oriental,مقهى الهدف,Café,Formel,مقهى الهدف,34.9048631,-1.0281984,icons/cafe.png,OSM
L'Oriental,بقالة الاخوين الغزواني,Supermarché,Formel,بقالة الاخوين الغزواني,34.4122977,-2.909863,icons/supermarket.png,OSM
L'Oriental,Cafe Le Rond Point,Café,Formel,"Boulevard de Gazza, oujda",34.6610517,-1.8882495,icons/cafe.png,OSM
L'Oriental,Delight,Café,Formel,"al biqae, Oujda",34.6586072,-1.8975594,icons/cafe.png,OSM
L'Oriental,Beli Gourmet,Café,Formel,"Boulevard Al Maqdis, Oujda",34.6598184,-1.8984291,icons/cafe.png,OSM
L'Oriental,OXFORD,Café,Formel,"Rue Al Houria, Oujda",34.6562045,-1.8991747,icons/cafe.png,OSM
L'Oriental,Café sans nom,Café,Formel,Café sans nom,34.9014679,-2.6656714,icons/cafe.png,OSM
L'Oriental,Café sans nom,Café,Formel,Café sans nom,34.4089113,-2.8959271,icons/cafe.png,OSM
L'Oriental,Smash's : Burger & Chicken,Restaurant,Formel,Smash's : Burger & Chicken,34.6549016,-1.8968239,icons/restaurant.png,OSM
L'Oriental,Salamanca,Restaurant,Formel,Taourirt تاوريرت,34.416675,-2.9157547,icons/restaurant.png,OSM
L'Oriental,Mini Market,Supérette / Mini-market,Formel,Mini Market,34.3004502,-3.1138783,icons/convenience.png,OSM
L'Oriental,Grand marché de Tlemcen,Épicerie,Informel,Tlemcen,34.8841129,-1.3096674,icons/greengrocer.png,OSM
L'Oriental,Restaurant sans nom,Restaurant,Formel,Restaurant sans nom,34.7852357,-1.8408912,icons/restaurant.png,OSM
L'Oriental,Marjane Oujda مرجان وجدة,Supermarché,Formel,Marjane Oujda مرجان وجدة,34.7366502,-1.925561,icons/supermarket.png,OSM
L'Oriental,Café sans nom,Café,Formel,Café sans nom,34.3410004,-2.146164,icons/cafe.png,OSM
L'Oriental,Jet d'eau,Café,Formel,Jet d'eau,34.4155997,-2.8941535,icons/cafe.png,OSM
L'Oriental,Grand Marché Populaire (Souk),Épicerie,Informel,Grand Marché Populaire (Souk),34.396733,-2.8970215,icons/greengrocer.png,OSM
L'Oriental,Supermarché sans nom,Supermarché,Formel,Supermarché sans nom,34.4153285,-2.8928534,icons/supermarket.png,OSM
L'Oriental,(Ain Fezza),Restaurant,Formel,(Ain Fezza),34.853072,-1.2058463,icons/restaurant.png,OSM
L'Oriental,Supérette / Mini-market sans nom,Supérette / Mini-market,Formel,Supérette / Mini-market sans nom,34.8533282,-1.2062865,icons/convenience.png,OSM
L'Oriental,Kiosque sans nom,Kiosque,Informel,Kiosque sans nom,34.8535227,-1.2060471,icons/kiosk.png,OSM
L'Oriental,EL Ourit,Restaurant,Formel,EL Ourit,34.8623537,-1.2668259,icons/restaurant.png,OSM
L'Oriental,Aswak Al Maghreb Al Arabi,Épicerie,Informel,Aswak Al Maghreb Al Arabi,34.6818105,-1.9099119,icons/greengrocer.png,OSM
L'Oriental,Carrefour Hypermarché,Supermarché,Formel,Carrefour Hypermarché,34.6589648,-1.9063674,icons/supermarket.png,OSM
L'Oriental,Souk Sidi Abdelwahab,Épicerie,Informel,Souk Sidi Abdelwahab,34.6810785,-1.9096958,icons/greengrocer.png,OSM
L'Oriental,Souk Sidi Yahya سوق سيدي يحيى,Épicerie,Informel,Souk Sidi Yahya سوق سيدي يحيى,34.6616627,-1.8673928,icons/greengrocer.png,OSM
L'Oriental,Magasin Atacadão,Supermarché,Formel,Magasin Atacadão,34.7002495,-1.9416534,icons/supermarket.png,OSM
L'Oriental,Marché de Gros aux Poissons,Épicerie,Informel,Marché de Gros aux Poissons,34.7020598,-1.9153089,icons/greengrocer.png,OSM
L'Oriental,Souk Hebdomadaire السوق الاسبوعي الجملة,Épicerie,Informel,Souk Hebdomadaire السوق الاسبوعي الجملة,34.9136894,-2.3283271,icons/greengrocer.png,OSM
L'Oriental,Souk Lazaret,Épicerie,Informel,Souk Lazaret,34.6806162,-1.8829321,icons/greengrocer.png,OSM
L'Oriental,Marché De Poisson,Épicerie,Informel,Marché De Poisson,34.6795542,-1.8875844,icons/greengrocer.png,OSM
L'Oriental,Marché aux Legumes,Épicerie,Informel,Marché aux Legumes,34.7018342,-1.918547,icons/greengrocer.png,OSM
L'Oriental,Kissariat Bienfaisance,Épicerie,Informel,Kissariat Bienfaisance,34.6740044,-1.9324364,icons/greengrocer.png,OSM
L'Oriental,Kissariat Bienfaisance,Épicerie,Informel,Kissariat Bienfaisance,34.6742811,-1.9320536,icons/greengrocer.png,OSM
L'Oriental,Épicerie sans nom,Épicerie,Informel,Épicerie sans nom,34.7004383,-1.8880214,icons/greengrocer.png,OSM
L'Oriental,McDonald's ماكدونالدز,Restaurant,Formel,McDonald's ماكدونالدز,34.6769053,-1.9278534,icons/restaurant.png,OSM
L'Oriental,Etoile Médicale,Parapharmacie,Formel,"Rue Hamza Ibn Abdel Moutalib, Oujda",34.719449,-1.9260325,icons/pharmacy.png,OSM
L'Oriental,Fish market,Épicerie,Informel,Fish market,34.6795862,-1.9107683,icons/greengrocer.png,OSM
L'Oriental,Al Gazzara (Boucherie),Épicerie,Informel,Al Gazzara (Boucherie),34.6794101,-1.9110519,icons/greengrocer.png,OSM
L'Oriental,Al Manar,Café,Formel,Al Manar,34.6653254,-1.8886369,icons/cafe.png,OSM
L'Oriental,Al Hidaya,Épicerie,Informel,Al Hidaya,34.6614866,-1.8924818,icons/greengrocer.png,OSM
L'Oriental,Kissariat Al Firdaws,Épicerie,Informel,Kissariat Al Firdaws,34.6655242,-1.8853563,icons/greengrocer.png,OSM
L'Oriental,Boulangerie sans nom,Boulangerie,Formel,Boulangerie sans nom,34.6612927,-1.8843009,icons/bakery.png,OSM
L'Oriental,Riad Angad رياض أنڭاد,Restaurant,Formel,Riad Angad رياض أنڭاد,34.8058302,-1.9593631,icons/restaurant.png,OSM
L'Oriental,Dispensaire Moulay Idriss,Parapharmacie,Formel,"Boulevard Moulay Idriss Al Akbar, Oujda",34.6742675,-1.9128791,icons/pharmacy.png,OSM
L'Oriental,Café Lahrawi,Café,Formel,Café Lahrawi,34.6839507,-1.8804847,icons/cafe.png,OSM
L'Oriental,Boulangerie Sadiki مخبزة الصادقي,Boulangerie,Formel,Boulangerie Sadiki مخبزة الصادقي,34.6755849,-1.8973126,icons/bakery.png,OSM
L'Oriental,Restaurant Universitaire,Restaurant,Formel,Restaurant Universitaire,34.6513962,-1.9069991,icons/restaurant.png,OSM
L'Oriental,Souk Ennasr,Épicerie,Informel,Souk Ennasr,34.7129329,-1.8871586,icons/greengrocer.png,OSM
L'Oriental,Café sans nom,Café,Formel,Café sans nom,34.6651486,-1.8889832,icons/cafe.png,OSM
L'Oriental,Café Annakhil,Café,Formel,"Boulevard Hassan II شارع الحسن الثاني, Oujda",34.665166,-1.8888548,icons/cafe.png,OSM
L'Oriental,café souadji,Café,Formel,café souadji,34.8476524,-1.7530887,icons/cafe.png,OSM
L'Oriental,marché de fruit et légume,Épicerie,Informel,marché de fruit et légume,34.0053449,-2.020027,icons/greengrocer.png,OSM
L'Oriental,marché de bétail,Épicerie,Informel,marché de bétail,34.0040271,-2.0212223,icons/greengrocer.png,OSM
L'Oriental,Épicerie sans nom,Épicerie,Informel,Épicerie sans nom,34.6757512,-1.9320033,icons/greengrocer.png,OSM
L'Oriental,Alhambra,Café,Formel,Alhambra,34.8814373,-1.314622,icons/cafe.png,OSM
L'Oriental,Souk Al Fallah,Épicerie,Informel,Souk Al Fallah,34.6808876,-1.9046821,icons/greengrocer.png,OSM
L'Oriental,Souk Allil سوق الليل,Épicerie,Informel,Souk Allil سوق الليل,34.6799093,-1.8997394,icons/greengrocer.png,OSM
L'Oriental,Marché De Légumes سوق الخضر,Épicerie,Informel,Marché De Légumes سوق الخضر,34.6702382,-1.8635795,icons/greengrocer.png,OSM
L'Oriental,Aswak Assalam اسواق السلام,Supermarché,Formel,Aswak Assalam اسواق السلام,34.6979843,-1.891259,icons/supermarket.png,OSM
L'Oriental,Marché de Gros de Fruits et légumes,Épicerie,Informel,Tlemcen,34.9049822,-1.3309365,icons/greengrocer.png,OSM
L'Oriental,Marché de fruits et légumes,Épicerie,Informel,Marché de fruits et légumes,34.9202192,-1.3274545,icons/greengrocer.png,OSM
L'Oriental,Marché de fruits et legumes,Épicerie,Informel,Marché de fruits et legumes,34.8724148,-1.318265,icons/greengrocer.png,OSM
L'Oriental,Ex souk elfellah Boudghène,Épicerie,Informel,Ex souk elfellah Boudghène,34.8725128,-1.3177983,icons/greengrocer.png,OSM
L'Oriental,Kiosque sans nom,Kiosque,Informel,Kiosque sans nom,34.9114551,-1.3244931,icons/kiosk.png,OSM
L'Oriental,Restaurant sans nom,Restaurant,Formel,Restaurant sans nom,34.9214298,-1.3017663,icons/restaurant.png,OSM
L'Oriental,Marché Fruits et Légumes Chetouane,Supermarché,Formel,Marché Fruits et Légumes Chetouane,34.9217048,-1.2921598,icons/supermarket.png,OSM
L'Oriental,Souk Faryad سوق فرياض,Épicerie,Informel,Souk Faryad سوق فرياض,34.9211927,-2.3165397,icons/greengrocer.png,OSM
L'Oriental,Pharmacie Khater Fethi,Parapharmacie,Formel,Pharmacie Khater Fethi,34.8509261,-1.7221784,icons/pharmacy.png,OSM
L'Oriental,Souk El Khoudra,Épicerie,Informel,Souk El Khoudra,34.7122164,-1.9163518,icons/greengrocer.png,OSM
L'Oriental,Marché des Moutons,Épicerie,Informel,Marché des Moutons,34.7127935,-1.9138304,icons/greengrocer.png,OSM
L'Oriental,Souk El Had,Épicerie,Informel,Souk El Had,34.712013,-1.9129668,icons/greengrocer.png,OSM
L'Oriental,Acima آسيما,Supermarché,Formel,Acima آسيما,34.6547738,-1.9076217,icons/supermarket.png,OSM
L'Oriental,Marché du dimache,Épicerie,Informel,Sebdou,34.6367322,-1.3277176,icons/greengrocer.png,OSM
L'Oriental,Marché Public,Épicerie,Informel,Marché Public,34.6394832,-1.3316621,icons/greengrocer.png,OSM
L'Oriental,Bensliman,Café,Formel,Bensliman,34.6395277,-1.330605,icons/cafe.png,OSM
L'Oriental,Chafik,Café,Formel,Chafik,34.6395732,-1.3305399,icons/cafe.png,OSM
L'Oriental,Épicerie sans nom,Épicerie,Informel,Épicerie sans nom,34.6832888,-1.9043372,icons/greengrocer.png,OSM
L'Oriental,Marché couvert,Épicerie,Informel,Marché couvert,34.9321123,-2.2270408,icons/greengrocer.png,OSM
L'Oriental,Marché ain sfaa,Épicerie,Informel,Marché ain sfaa,34.7505891,-2.1449241,icons/greengrocer.png,OSM
L'Oriental,Marché couvert imama,Épicerie,Informel,Marché couvert imama,34.8847583,-1.350767,icons/greengrocer.png,OSM
L'Oriental,Marchet Bouknadel,Épicerie,Informel,"Boulevard Ahmed El Kaouachi, Oujda",34.6746261,-1.8959072,icons/greengrocer.png,OSM
L'Oriental,Souk de Dattes,Épicerie,Informel,Souk de Dattes,34.6797422,-1.9104698,icons/greengrocer.png,OSM
L'Oriental,Marché vert,Épicerie,Informel,"Rue du 5 Juillet, Bab El Assa",34.9638188,-2.0295976,icons/greengrocer.png,OSM
L'Oriental,Souk Al had,Épicerie,Informel,Rislane ⵔⵉⵙⵍⴰⵏ رسلان,34.7577077,-2.4307109,icons/greengrocer.png,OSM
L'Oriental,Pizzeria El Mordjane,Restaurant,Formel,"Boulevard Colonel Lotfi, Tlemcen",34.8843558,-1.3116505,icons/restaurant.png,OSM
L'Oriental,مكلتي,Restaurant,Formel,مكلتي,34.9291981,-2.3176973,icons/restaurant.png,OSM
L'Oriental,Jnane berkane,Restaurant,Formel,Jnane berkane,34.938547,-2.348959,icons/restaurant.png,OSM
L'Oriental,Centre Benae,Café,Formel,Centre Benae,34.9780746,-3.3908882,icons/cafe.png,OSM
L'Oriental,السوق الأسبوعي للأغنام,Épicerie,Informel,السوق الأسبوعي للأغنام,34.8832683,-1.2928293,icons/greengrocer.png,OSM
L'Oriental,Café sans nom,Café,Formel,Café sans nom,34.9117093,-1.3247082,icons/cafe.png,OSM
L'Oriental,Kiosque sans nom,Kiosque,Informel,Kiosque sans nom,34.8754191,-1.3130036,icons/kiosk.png,OSM
L'Oriental,Café sans nom,Café,Formel,Café sans nom,34.9852644,-1.4590218,icons/cafe.png,OSM
L'Oriental,Épicerie sans nom,Épicerie,Informel,Épicerie sans nom,34.9715565,-3.1503084,icons/greengrocer.png,OSM
L'Oriental,640,Café,Formel,640,34.981371,-3.4674618,icons/cafe.png,OSM
L'Oriental,638,Café,Formel,638,34.9817337,-3.4673122,icons/cafe.png,OSM
