Zone,Nom,Catégorie,Statut,Adresse,Latitude,Longitude,Image,Source
Souss-Massa,Hotel Atlas,Restaurant,Formel,Hotel Atlas,29.5802473,-10.0329322,icons/restaurant.png,OSM
Souss-Massa,Café sans nom,Café,Formel,Café sans nom,30.0868826,-8.4596428,icons/cafe.png,OSM
Souss-Massa,Épicerie sans nom,Épicerie,Informel,Épicerie sans nom,30.0318929,-8.3144743,icons/greengrocer.png,OSM
Souss-Massa,Restaurant Assounfou,Café,Formel,Restaurant Assounfou,30.3143258,-8.5481641,icons/cafe.png,OSM
Souss-Massa,Restaurant Al Baraka,Restaurant,Formel,Restaurant Al Baraka,30.5004495,-9.6716395,icons/restaurant.png,OSM
Souss-Massa,Restaurant sans nom,Restaurant,Formel,Restaurant sans nom,30.5877986,-9.7514888,icons/restaurant.png,OSM
Souss-Massa,Restaurant sans nom,Restaurant,Formel,Restaurant sans nom,29.8043322,-9.8325501,icons/restaurant.png,OSM
Souss-Massa,Kerdous,Restaurant,Formel,Kerdous,29.5494272,-9.3397743,icons/restaurant.png,OSM
Souss-Massa,"Hotel, Restaurant Tanger",Restaurant,Formel,"Hotel, Restaurant Tanger",29.7208075,-8.9727766,icons/restaurant.png,OSM
Souss-Massa,Supérette / Mini-market sans nom,Supérette / Mini-market,Formel,Supérette / Mini-market sans nom,29.7199325,-8.971569,icons/convenience.png,OSM
Souss-Massa,Chez Massaoud,Café,Formel,Chez Massaoud,29.5427868,-8.8674689,icons/cafe.png,OSM
Souss-Massa,Cafe Afriquia,Café,Formel,Cafe Afriquia,29.6662999,-9.7217401,icons/cafe.png,OSM
Souss-Massa,InBarbecue,Restaurant,Formel,InBarbecue,30.4173858,-9.6001347,icons/restaurant.png,OSM
Souss-Massa,Café Restaurant Oasis,Restaurant,Formel,Café Restaurant Oasis,30.4691365,-8.8833289,icons/restaurant.png,OSM
Souss-Massa,Yacout,Restaurant,Formel,Yacout,30.4209001,-9.5947798,icons/restaurant.png,OSM
Souss-Massa,Le Soleil Couchant,Café,Formel,Le Soleil Couchant,29.5689671,-10.0514944,icons/cafe.png,OSM
Souss-Massa,Supermarché sans nom,Supermarché,Formel,Supermarché sans nom,30.4973074,-9.6719074,icons/supermarket.png,OSM
Souss-Massa,Café sans nom,Café,Formel,Café sans nom,30.4971303,-9.6721546,icons/cafe.png,OSM
Souss-Massa,Restaurant sans nom,Restaurant,Formel,Restaurant sans nom,29.2429153,-9.1858835,icons/restaurant.png,OSM
Souss-Massa,Restaurant sans nom,Restaurant,Formel,Restaurant sans nom,30.6794961,-9.4829418,icons/restaurant.png,OSM
Souss-Massa,Restaurant sans nom,Restaurant,Formel,Restaurant sans nom,30.6792345,-9.4838558,icons/restaurant.png,OSM
Souss-Massa,Kasbah Tiout,Restaurant,Formel,Kasbah Tiout,30.3857415,-8.694872,icons/restaurant.png,OSM
Souss-Massa,Restaurant sans nom,Restaurant,Formel,Restaurant sans nom,30.3823509,-8.6986977,icons/restaurant.png,OSM
Souss-Massa,Ait Wadrim,Restaurant,Formel,Ait Wadrim,30.4103843,-9.5565181,icons/restaurant.png,OSM
Souss-Massa,Restaurant sans nom,Restaurant,Formel,Restaurant sans nom,30.4125515,-9.5877921,icons/restaurant.png,OSM
Souss-Massa,Fish restaurant area,Restaurant,Formel,Fish restaurant area,30.4261363,-9.6195901,icons/restaurant.png,OSM
Souss-Massa,Épicerie sans nom,Épicerie,Informel,Épicerie sans nom,30.6738227,-8.18074,icons/greengrocer.png,OSM
Souss-Massa,Cafe/Resto du Centre,Restaurant,Formel,Cafe/Resto du Centre,29.5797926,-10.0346249,icons/restaurant.png,OSM
Souss-Massa,Riad El Aissi,Restaurant,Formel,Riad El Aissi,30.4760781,-8.9406863,icons/restaurant.png,OSM
Souss-Massa,Wagga d'Aglou,Restaurant,Formel,Wagga d'Aglou,29.8460488,-9.8037562,icons/restaurant.png,OSM
Souss-Massa,Restaurant sans nom,Restaurant,Formel,Restaurant sans nom,29.4463848,-10.1156869,icons/restaurant.png,OSM
Souss-Massa,Restaurant sans nom,Restaurant,Formel,Restaurant sans nom,29.4467665,-10.1154264,icons/restaurant.png,OSM
Souss-Massa,mirleft imi ntourga les amicales ميرلفت إيمي انتركا الأصدقاء,Restaurant,Formel,mirleft imi ntourga les amicales ميرلفت إيمي انتركا الأصدقاء,29.5896219,-10.0395257,icons/restaurant.png,OSM
Souss-Massa,Suq el Hed,Épicerie,Informel,Suq el Hed,30.4846704,-8.8760697,icons/greengrocer.png,OSM
Souss-Massa,Hotel Les Arcades,Café,Formel,Hotel Les Arcades,30.4696667,-8.8827123,icons/cafe.png,OSM
Souss-Massa,Fort Bou Jerif,Restaurant,Formel,Fort Bou Jerif,29.0820814,-10.3314026,icons/restaurant.png,OSM
Souss-Massa,Lanzarote,Restaurant,Formel,Lanzarote,29.3793119,-10.174013,icons/restaurant.png,OSM
Souss-Massa,Restaurante Laroussi,Restaurant,Formel,Restaurante Laroussi,29.3786011,-10.1731076,icons/restaurant.png,OSM
Souss-Massa,McDonald's ماكدونالدز,Restaurant,Formel,McDonald's ماكدونالدز,30.410738,-9.5949739,icons/restaurant.png,OSM
Souss-Massa,Pizza Hut,Restaurant,Formel,Pizza Hut,30.4150904,-9.5974504,icons/restaurant.png,OSM
Souss-Massa,Souk El Had,Épicerie,Informel,Souk El Had,30.4129527,-9.5792173,icons/greengrocer.png,OSM
Souss-Massa,Le Nil,Restaurant,Formel,Le Nil,30.4179942,-9.6059667,icons/restaurant.png,OSM
Souss-Massa,Supermarché sans nom,Supermarché,Formel,Supermarché sans nom,30.4328818,-9.5909197,icons/supermarket.png,OSM
Souss-Massa,Carrefour market Label'vie,Supermarché,Formel,"Avenue Yacoub Al Mansour, Agadir",30.4259826,-9.5925047,icons/supermarket.png,OSM
Souss-Massa,Boutique de confiserie sans nom,Boutique de confiserie,Informel,Boutique de confiserie sans nom,30.4133644,-9.5792334,icons/confectionery.png,OSM
Souss-Massa,LE DOME,Restaurant,Formel,LE DOME,30.4212519,-9.6001751,icons/restaurant.png,OSM
Souss-Massa,Boulangerie sans nom,Boulangerie,Formel,Boulangerie sans nom,30.4217596,-9.6003016,icons/bakery.png,OSM
Souss-Massa,Supérette / Mini-market sans nom,Supérette / Mini-market,Formel,Supérette / Mini-market sans nom,30.6140492,-8.3922355,icons/convenience.png,OSM
Souss-Massa,Supérette / Mini-market sans nom,Supérette / Mini-market,Formel,Supérette / Mini-market sans nom,30.6457013,-8.4676951,icons/convenience.png,OSM
Souss-Massa,Supérette / Mini-market sans nom,Supérette / Mini-market,Formel,Supérette / Mini-market sans nom,30.6462328,-8.3594453,icons/convenience.png,OSM
Souss-Massa,Supérette / Mini-market sans nom,Supérette / Mini-market,Formel,Supérette / Mini-market sans nom,30.8337299,-8.3983662,icons/convenience.png,OSM
Souss-Massa,Supérette / Mini-market sans nom,Supérette / Mini-market,Formel,Supérette / Mini-market sans nom,30.8549358,-8.379004,icons/convenience.png,OSM
Souss-Massa,Supérette / Mini-market sans nom,Supérette / Mini-market,Formel,Supérette / Mini-market sans nom,30.9144599,-8.290645,icons/convenience.png,OSM
Souss-Massa,Supérette / Mini-market sans nom,Supérette / Mini-market,Formel,Supérette / Mini-market sans nom,30.9539097,-8.2520901,icons/convenience.png,OSM
Souss-Massa,Restaurant sans nom,Restaurant,Formel,Restaurant sans nom,30.4550672,-9.3597571,icons/restaurant.png,OSM
Souss-Massa,Supérette / Mini-market sans nom,Supérette / Mini-market,Formel,Supérette / Mini-market sans nom,30.4550903,-9.3598965,icons/convenience.png,OSM
Souss-Massa,Aire de service Amskroud,Café,Formel,Aire de service Amskroud,30.4551042,-9.3599529,icons/cafe.png,OSM
Souss-Massa,Restaurant sans nom,Restaurant,Formel,Restaurant sans nom,29.059297,-9.4121651,icons/restaurant.png,OSM
Souss-Massa,Café sans nom,Café,Formel,Café sans nom,29.1228011,-8.9407683,icons/cafe.png,OSM
Souss-Massa,Café épicerie,Café,Formel,Café épicerie,30.2799774,-8.4842144,icons/cafe.png,OSM
Souss-Massa,Ocean Miramar,Restaurant,Formel,Ocean Miramar,29.3829423,-10.173028,icons/restaurant.png,OSM
Souss-Massa,Baccara Roulette,Restaurant,Formel,Baccara Roulette,30.4197798,-9.6040068,icons/restaurant.png,OSM
Souss-Massa,Etoile Du Sud,Restaurant,Formel,Etoile Du Sud,30.4224271,-9.6077873,icons/restaurant.png,OSM
Souss-Massa,Al Hourria,Café,Formel,Al Hourria,29.382327,-10.1725585,icons/cafe.png,OSM
Souss-Massa,Pharmacie Sidi Ifni,Parapharmacie,Formel,Sidi Ifni,29.3797068,-10.1730646,icons/pharmacy.png,OSM
Souss-Massa,Aftas...,Café,Formel,Aftas...,30.5016209,-9.670886,icons/cafe.png,OSM
Souss-Massa,Azelmza,Restaurant,Formel,Azelmza,30.5008689,-9.6712849,icons/restaurant.png,OSM
Souss-Massa,Bab Aourir,Restaurant,Formel,Bab Aourir,30.4996465,-9.6719903,icons/restaurant.png,OSM
Souss-Massa,Café Restaurant Adar,Restaurant,Formel,Café Restaurant Adar,30.585583,-9.7578621,icons/restaurant.png,OSM
Souss-Massa,Café Restaurant Allemagne,Café,Formel,Café Restaurant Allemagne,30.513791,-9.6825779,icons/cafe.png,OSM
Souss-Massa,Le Q G,Restaurant,Formel,Le Q G,30.5009853,-9.6708221,icons/restaurant.png,OSM
Souss-Massa,Patisserie Aourir,Boulangerie,Formel,Patisserie Aourir,30.4985781,-9.6661808,icons/bakery.png,OSM
Souss-Massa,Pharmacie Anezi صيدلية أنزي,Parapharmacie,Formel,Agadir ⴰⴳⴰⴷⵉⵔ أگادير,30.417109,-9.6003148,icons/pharmacy.png,OSM
Souss-Massa,Pharmacie Aourir,Parapharmacie,Formel,Pharmacie Aourir,30.4976427,-9.6707924,icons/pharmacy.png,OSM
Souss-Massa,Pharmarcie Al Wiam,Parapharmacie,Formel,Pharmarcie Al Wiam,30.5051263,-9.6720385,icons/pharmacy.png,OSM
Souss-Massa,Pharmacie La Province صيدلية العمالة,Parapharmacie,Formel,"Avenue Des FAR, Inezgane ⵉⵏⴻⵣⴳⴰⵏ إنزگان",30.3624128,-9.534122,icons/pharmacy.png,OSM
Souss-Massa,Parapharmacie sans nom,Parapharmacie,Formel,Parapharmacie sans nom,30.4147845,-9.5988659,icons/pharmacy.png,OSM
Souss-Massa,Supérette / Mini-market sans nom,Supérette / Mini-market,Formel,Supérette / Mini-market sans nom,30.4950018,-9.6532009,icons/convenience.png,OSM
Souss-Massa,Supérette / Mini-market sans nom,Supérette / Mini-market,Formel,Supérette / Mini-market sans nom,30.4968168,-9.6610461,icons/convenience.png,OSM
Souss-Massa,Supérette / Mini-market sans nom,Supérette / Mini-market,Formel,Supérette / Mini-market sans nom,30.4972807,-9.662067,icons/convenience.png,OSM
Souss-Massa,Supérette / Mini-market sans nom,Supérette / Mini-market,Formel,Supérette / Mini-market sans nom,30.4976384,-9.6693832,icons/convenience.png,OSM
Souss-Massa,Parapharmacie sans nom,Parapharmacie,Formel,Parapharmacie sans nom,30.4998165,-9.6640547,icons/pharmacy.png,OSM
Souss-Massa,Épicerie sans nom,Épicerie,Informel,Épicerie sans nom,30.5010872,-9.6713068,icons/greengrocer.png,OSM
Souss-Massa,Restaurant sans nom,Restaurant,Formel,Restaurant sans nom,30.5143226,-9.6826278,icons/restaurant.png,OSM
Souss-Massa,Fruits De Mer,Restaurant,Formel,Fruits De Mer,30.5706107,-9.7447709,icons/restaurant.png,OSM
Souss-Massa,Supérette / Mini-market sans nom,Supérette / Mini-market,Formel,Supérette / Mini-market sans nom,30.5855462,-9.7574767,icons/convenience.png,OSM
Souss-Massa,Résidence La Source,Restaurant,Formel,Résidence La Source,30.5495038,-9.7322433,icons/restaurant.png,OSM
Souss-Massa,Tajine Aourir,Restaurant,Formel,Tajine Aourir,30.5005408,-9.6715754,icons/restaurant.png,OSM
Souss-Massa,Tanit,Restaurant,Formel,Tanit,30.4995139,-9.6715497,icons/restaurant.png,OSM
Souss-Massa,Riad Souss,Restaurant,Formel,Riad Souss,30.3503644,-9.4963473,icons/restaurant.png,OSM
Souss-Massa,A Tete Du Lion,Restaurant,Formel,A Tete Du Lion,29.7546308,-8.9595707,icons/restaurant.png,OSM
Souss-Massa,Argana,Restaurant,Formel,Argana,29.7165468,-8.9700087,icons/restaurant.png,OSM
Souss-Massa,Camp L'arganier D'almmelne,Restaurant,Formel,Camp L'arganier D'almmelne,29.7558743,-8.962183,icons/restaurant.png,OSM
Souss-Massa,Redouane,Restaurant,Formel,Redouane,29.720405,-8.9724932,icons/restaurant.png,OSM
Souss-Massa,Tafraout,Restaurant,Formel,Tafraout,29.7199995,-8.9718471,icons/restaurant.png,OSM
Souss-Massa,Épicerie sans nom,Épicerie,Informel,Épicerie sans nom,29.7216135,-8.9732111,icons/greengrocer.png,OSM
Souss-Massa,Idou Tiznit,Supermarché,Formel,Idou Tiznit,29.6927387,-9.7266408,icons/supermarket.png,OSM
Souss-Massa,maalaynin,Parapharmacie,Formel,maalaynin,29.9839793,-9.6411176,icons/pharmacy.png,OSM
Souss-Massa,Gite Bellevue,Restaurant,Formel,Gite Bellevue,30.8606409,-8.3768846,icons/restaurant.png,OSM
Souss-Massa,Café sans nom,Café,Formel,Café sans nom,29.8609554,-9.0081558,icons/cafe.png,OSM
Souss-Massa,Supérette / Mini-market sans nom,Supérette / Mini-market,Formel,Supérette / Mini-market sans nom,30.1152459,-9.0551749,icons/convenience.png,OSM
Souss-Massa,Supérette / Mini-market sans nom,Supérette / Mini-market,Formel,Supérette / Mini-market sans nom,29.8610251,-9.0081075,icons/convenience.png,OSM
Souss-Massa,Café sans nom,Café,Formel,Café sans nom,30.1154732,-9.0552715,icons/cafe.png,OSM
Souss-Massa,Épicerie sans nom,Épicerie,Informel,Épicerie sans nom,29.6496454,-9.5378299,icons/greengrocer.png,OSM
Souss-Massa,Aftastrip,Restaurant,Formel,Aftastrip,29.6112174,-10.0195193,icons/restaurant.png,OSM
Souss-Massa,Alfath,Café,Formel,Alfath,29.7195686,-8.9714673,icons/cafe.png,OSM
Souss-Massa,Cafe Restaurant Atlas,Restaurant,Formel,Cafe Restaurant Atlas,29.7196591,-8.9743551,icons/restaurant.png,OSM
Souss-Massa,Café Souss,Café,Formel,Café Souss,29.692375,-9.7275557,icons/cafe.png,OSM
Souss-Massa,Ioaousmlal,Restaurant,Formel,Ioaousmlal,29.5265104,-9.2405908,icons/restaurant.png,OSM
Souss-Massa,L'Etoile Du Sud,Restaurant,Formel,L'Etoile Du Sud,29.7207591,-8.9751465,icons/restaurant.png,OSM
Souss-Massa,Pharmacie Assafar Nissafaren صيدلية أسفار نيسافارن,Parapharmacie,Formel,"Avenue Hassan II شارع الحسن الثاني, Tiznit ⵜⵉⵣⵏⵉⵜ تزنيت",29.6936847,-9.7296041,icons/pharmacy.png,OSM
Souss-Massa,Pharmacie Du Souk,Parapharmacie,Formel,Pharmacie Du Souk,29.6920344,-9.7232115,icons/pharmacy.png,OSM
Souss-Massa,Supérette / Mini-market sans nom,Supérette / Mini-market,Formel,Supérette / Mini-market sans nom,29.52658,-9.239796,icons/convenience.png,OSM
Souss-Massa,Salon De The,Café,Formel,Salon De The,29.6906788,-9.5361646,icons/cafe.png,OSM
Souss-Massa,Snack Café Kwis Laz,Restaurant,Formel,Snack Café Kwis Laz,29.6920875,-9.7235481,icons/restaurant.png,OSM
Souss-Massa,Épicerie sans nom,Épicerie,Informel,Épicerie sans nom,30.3260825,-8.4681576,icons/greengrocer.png,OSM
Souss-Massa,Café sans nom,Café,Formel,Café sans nom,30.3911197,-9.2206577,icons/cafe.png,OSM
Souss-Massa,Café sans nom,Café,Formel,Café sans nom,30.3932346,-9.2143275,icons/cafe.png,OSM
Souss-Massa,Café sans nom,Café,Formel,Café sans nom,30.3907138,-9.2219696,icons/cafe.png,OSM
Souss-Massa,le marché municipale,Épicerie,Informel,le marché municipale,30.3928968,-9.213437,icons/greengrocer.png,OSM
Souss-Massa,Café sans nom,Café,Formel,Café sans nom,30.3917493,-9.2184471,icons/cafe.png,OSM
Souss-Massa,Café sans nom,Café,Formel,Café sans nom,30.3927534,-9.2158027,icons/cafe.png,OSM
Souss-Massa,Café sans nom,Café,Formel,Café sans nom,30.390265,-9.2233536,icons/cafe.png,OSM
Souss-Massa,Café sans nom,Café,Formel,Café sans nom,30.3905241,-9.2225597,icons/cafe.png,OSM
Souss-Massa,Café sans nom,Café,Formel,Café sans nom,30.3925498,-9.2165322,icons/cafe.png,OSM
Souss-Massa,Souk Khamiss,Épicerie,Informel,Souk Khamiss,30.3880392,-9.2060359,icons/greengrocer.png,OSM
Souss-Massa,La Grande Pharmacie الصيدلية الكبرى,Parapharmacie,Formel,OULAD TEIMA,30.3956338,-9.2116422,icons/pharmacy.png,OSM
Souss-Massa,Café sans nom,Café,Formel,Café sans nom,30.395628,-9.2102548,icons/cafe.png,OSM
Souss-Massa,La Côte d'Or,Restaurant,Formel,La Côte d'Or,30.4185697,-9.6066136,icons/restaurant.png,OSM
Souss-Massa,Ait Babmrane,Restaurant,Formel,Ait Babmrane,29.5662454,-10.0521914,icons/restaurant.png,OSM
Souss-Massa,Café sans nom,Café,Formel,Café sans nom,29.8209046,-9.1867917,icons/cafe.png,OSM
Souss-Massa,Supérette / Mini-market sans nom,Supérette / Mini-market,Formel,Supérette / Mini-market sans nom,29.8205448,-9.1854218,icons/convenience.png,OSM
Souss-Massa,Restaurant sans nom,Restaurant,Formel,Restaurant sans nom,30.5448094,-9.7080073,icons/restaurant.png,OSM
Souss-Massa,Pharmacie Taghazout,Parapharmacie,Formel,Pharmacie Taghazout,30.5447522,-9.7080225,icons/pharmacy.png,OSM
Souss-Massa,Restaurant sans nom,Restaurant,Formel,Restaurant sans nom,30.5635405,-9.7408063,icons/restaurant.png,OSM
Souss-Massa,Supermarché sans nom,Supermarché,Formel,Supermarché sans nom,30.7177199,-8.3127805,icons/supermarket.png,OSM
Souss-Massa,Le Scala,Restaurant,Formel,Le Scala,30.4086343,-9.5987442,icons/restaurant.png,OSM
Souss-Massa,Auberge Sahnoun,Restaurant,Formel,Auberge Sahnoun,29.5349602,-8.7906122,icons/restaurant.png,OSM
Souss-Massa,Alimentation Generale,Supérette / Mini-market,Formel,Alimentation Generale,30.4178081,-9.5951837,icons/convenience.png,OSM
Souss-Massa,Alimentation Generale,Supérette / Mini-market,Formel,Alimentation Generale,30.4204796,-9.5951032,icons/convenience.png,OSM
Souss-Massa,Tafarnout,Café,Formel,Tafarnout,30.4173415,-9.5962774,icons/cafe.png,OSM
Souss-Massa,Bab Agadir,Restaurant,Formel,"Aït Souss, Agadir",30.4159937,-9.5965997,icons/restaurant.png,OSM
Souss-Massa,Pharmacie Du Founty صيدلية فونتي,Parapharmacie,Formel,Agadir,30.4175603,-9.596466,icons/pharmacy.png,OSM
Souss-Massa,Café sans nom,Café,Formel,Café sans nom,29.3696074,-9.7491886,icons/cafe.png,OSM
Souss-Massa,Café sans nom,Café,Formel,Café sans nom,29.3807752,-9.7455837,icons/cafe.png,OSM
Souss-Massa,Restaurant sans nom,Restaurant,Formel,Restaurant sans nom,29.3806537,-9.7456695,icons/restaurant.png,OSM
Souss-Massa,Restaurant sans nom,Restaurant,Formel,Restaurant sans nom,29.3694157,-9.7492154,icons/restaurant.png,OSM
Souss-Massa,Galaxy Coffee,Café,Formel,Galaxy Coffee,30.3935748,-9.508378,icons/cafe.png,OSM
Souss-Massa,Supérette / Mini-market sans nom,Supérette / Mini-market,Formel,Supérette / Mini-market sans nom,30.3861819,-9.5047706,icons/convenience.png,OSM
Souss-Massa,Crèmerie Ibn Zohr,Restaurant,Formel,Crèmerie Ibn Zohr,30.4078989,-9.5809784,icons/restaurant.png,OSM
Souss-Massa,Pharmacie Mekka صيدلية مكة,Parapharmacie,Formel,Agadir,30.4076965,-9.5808502,icons/pharmacy.png,OSM
Souss-Massa,Café sans nom,Café,Formel,Café sans nom,30.396286,-9.5988371,icons/cafe.png,OSM
Souss-Massa,Restaurant sans nom,Restaurant,Formel,Restaurant sans nom,30.3969893,-9.5976033,icons/restaurant.png,OSM
Souss-Massa,Chez Karim,Restaurant,Formel,Chez Karim,30.840518,-9.820425,icons/restaurant.png,OSM
Souss-Massa,Supérette / Mini-market sans nom,Supérette / Mini-market,Formel,Supérette / Mini-market sans nom,30.8407896,-9.820393,icons/convenience.png,OSM
Souss-Massa,pharmacie d'Imessouane,Parapharmacie,Formel,pharmacie d'Imessouane,30.8456348,-9.8196237,icons/pharmacy.png,OSM
Souss-Massa,Supérette / Mini-market sans nom,Supérette / Mini-market,Formel,Supérette / Mini-market sans nom,29.2969321,-9.5621819,icons/convenience.png,OSM
Souss-Massa,Chez Ahmed,Restaurant,Formel,Chez Ahmed,30.4074999,-9.5807426,icons/restaurant.png,OSM
Souss-Massa,Restaurant sans nom,Restaurant,Formel,Restaurant sans nom,30.8388633,-9.821223,icons/restaurant.png,OSM
Souss-Massa,Strandrestaurant,Restaurant,Formel,Strandrestaurant,30.3891604,-9.5993186,icons/restaurant.png,OSM
Souss-Massa,Mini-Market,Supermarché,Formel,Mini-Market,29.5819792,-10.0365034,icons/supermarket.png,OSM
Souss-Massa,Patisserie,Boulangerie,Formel,Patisserie,29.5789643,-10.0327311,icons/bakery.png,OSM
Souss-Massa,Supermarché sans nom,Supermarché,Formel,Supermarché sans nom,29.5810998,-10.033061,icons/supermarket.png,OSM
Souss-Massa,Boba Cafe,Restaurant,Formel,Boba Cafe,30.4376474,-9.4900002,icons/restaurant.png,OSM
Souss-Massa,Atlas Kasbah Restaurant,Restaurant,Formel,Atlas Kasbah Restaurant,30.4320254,-9.4900753,icons/restaurant.png,OSM
Souss-Massa,Tigmi N'Tmazirte,Restaurant,Formel,Ijoukak,30.985675,-8.1499361,icons/restaurant.png,OSM
Souss-Massa,Pharmacie Dcheira صيدلية الدشيرة,Parapharmacie,Formel,"Avenue Bir Anzarane, Dcheira El Jihadia ⴷⵛⵉⵔⴰ ⵍⵊⵉⵀⴰⴷⵉⵢⴰ الدشيرة الجهادية",30.371139,-9.5412949,icons/pharmacy.png,OSM
Souss-Massa,Pharmacie Pasteur,Parapharmacie,Formel,Pharmacie Pasteur,30.3675201,-9.5409826,icons/pharmacy.png,OSM
Souss-Massa,Café sans nom,Café,Formel,Café sans nom,30.3699524,-9.5396119,icons/cafe.png,OSM
Souss-Massa,Café sans nom,Café,Formel,Café sans nom,30.3715887,-9.5327683,icons/cafe.png,OSM
Souss-Massa,Cafe Andalus,Café,Formel,Cafe Andalus,30.3711576,-9.5323854,icons/cafe.png,OSM
Souss-Massa,Café sans nom,Café,Formel,Café sans nom,30.3718861,-9.5312854,icons/cafe.png,OSM
Souss-Massa,A l'ombre du Figuier,Restaurant,Formel,A l'ombre du Figuier,29.698031,-9.7305939,icons/restaurant.png,OSM
Souss-Massa,Supérette / Mini-market sans nom,Supérette / Mini-market,Formel,Supérette / Mini-market sans nom,29.684947,-9.9545801,icons/convenience.png,OSM
Souss-Massa,La Bonne Franquette,Restaurant,Formel,Mirleft ⵎⵉⵔⵍⴼⵜ ميرلفت,29.5804334,-10.0330074,icons/restaurant.png,OSM
Souss-Massa,Ayour,Restaurant,Formel,Mirleft ⵎⵉⵔⵍⴼⵜ ميرلفت,29.580344,-10.0329908,icons/restaurant.png,OSM
Souss-Massa,Cheux,Restaurant,Formel,Mirleft ⵎⵉⵔⵍⴼⵜ ميرلفت,29.5803066,-10.03276,icons/restaurant.png,OSM
Souss-Massa,Mar Pequeño,Restaurant,Formel,Sidi Ifni,29.3823386,-10.1752968,icons/restaurant.png,OSM
Souss-Massa,Café sans nom,Café,Formel,Café sans nom,29.3799134,-10.1760982,icons/cafe.png,OSM
Souss-Massa,Chez Brahim,Restaurant,Formel,Chez Brahim,30.5069502,-9.686535,icons/restaurant.png,OSM
Souss-Massa,Restaurant sans nom,Restaurant,Formel,Restaurant sans nom,30.5061084,-9.685487,icons/restaurant.png,OSM
Souss-Massa,Hotel L'Auberge,Restaurant,Formel,Hotel L'Auberge,30.5444859,-9.7088852,icons/restaurant.png,OSM
Souss-Massa,Rugantino,Restaurant,Formel,Rugantino,30.4222562,-9.610335,icons/restaurant.png,OSM
Souss-Massa,Café Ait Mzal,Café,Formel,Café Ait Mzal,30.0718524,-9.154515,icons/cafe.png,OSM
Souss-Massa,Supérette / Mini-market sans nom,Supérette / Mini-market,Formel,Supérette / Mini-market sans nom,29.9153134,-9.004405,icons/convenience.png,OSM
Souss-Massa,Supérette / Mini-market sans nom,Supérette / Mini-market,Formel,Supérette / Mini-market sans nom,29.846888,-8.9407286,icons/convenience.png,OSM
Souss-Massa,Supérette / Mini-market sans nom,Supérette / Mini-market,Formel,Supérette / Mini-market sans nom,29.8674965,-8.9481221,icons/convenience.png,OSM
Souss-Massa,Al Khaima,Café,Formel,Al Khaima,29.8677053,-8.9483031,icons/cafe.png,OSM
Souss-Massa,Supérette / Mini-market sans nom,Supérette / Mini-market,Formel,Supérette / Mini-market sans nom,29.8672409,-8.9811836,icons/convenience.png,OSM
Souss-Massa,Supérette / Mini-market sans nom,Supérette / Mini-market,Formel,Supérette / Mini-market sans nom,29.8011189,-8.8894827,icons/convenience.png,OSM
Souss-Massa,Supermarché sans nom,Supermarché,Formel,Supermarché sans nom,30.1226678,-8.3822052,icons/supermarket.png,OSM
Souss-Massa,Café Istanbul,Café,Formel,Café Istanbul,30.0919799,-8.4624626,icons/cafe.png,OSM
Souss-Massa,Café France,Café,Formel,Café France,30.3720339,-9.5500074,icons/cafe.png,OSM
Souss-Massa,Café Afoulki,Café,Formel,Café Afoulki,30.3717687,-9.5447397,icons/cafe.png,OSM
Souss-Massa,Pharmacie ksiba ouled teima,Parapharmacie,Formel,Pharmacie ksiba ouled teima,30.2802287,-9.1563771,icons/pharmacy.png,OSM
Souss-Massa,Café sans nom,Café,Formel,Café sans nom,30.3706616,-9.5358567,icons/cafe.png,OSM
Souss-Massa,Argana,Café,Formel,Argana,30.3690429,-9.5401461,icons/cafe.png,OSM
Souss-Massa,Pharmacie Ibn Sina صيدلية ابن سينا,Parapharmacie,Formel,Dcheira El Jihadia ⴷⵛⵉⵔⴰ ⵍⵊⵉⵀⴰⴷⵉⵢⴰ الدشيرة الجهادية,30.3690089,-9.537553,icons/pharmacy.png,OSM
Souss-Massa,Café sans nom,Café,Formel,Café sans nom,30.3706201,-9.53704,icons/cafe.png,OSM
Souss-Massa,Pharmacie Centrale الصيدلية المركزية,Parapharmacie,Formel,Dcheira El Jihadia ⴷⵛⵉⵔⴰ ⵍⵊⵉⵀⴰⴷⵉⵢⴰ الدشيرة الجهادية,30.3699837,-9.5401531,icons/pharmacy.png,OSM
Souss-Massa,Pharmacie Tafoukt صيدلية تفوكت,Parapharmacie,Formel,Dcheira El Jihadia ⴷⵛⵉⵔⴰ ⵍⵊⵉⵀⴰⴷⵉⵢⴰ الدشيرة الجهادية,30.3717453,-9.5327699,icons/pharmacy.png,OSM
Souss-Massa,Mini-Market,Supermarché,Formel,Mini-Market,29.5797867,-10.0425544,icons/supermarket.png,OSM
Souss-Massa,Mini-Market,Supermarché,Formel,Mini-Market,29.5796504,-10.0396135,icons/supermarket.png,OSM
Souss-Massa,Café aftas,Café,Formel,Café aftas,29.5785228,-10.0471111,icons/cafe.png,OSM
Souss-Massa,Le Nomade,Restaurant,Formel,Le Nomade,29.5799345,-10.0438639,icons/restaurant.png,OSM
Souss-Massa,Ocean Miramar,Restaurant,Formel,Ocean Miramar,29.3833848,-10.1741911,icons/restaurant.png,OSM
Souss-Massa,فنيزيا ايس,Café,Formel,فنيزيا ايس,30.4235007,-9.6178587,icons/cafe.png,OSM
Souss-Massa,Café Bilbao,Café,Formel,Café Bilbao,30.3818488,-9.4991318,icons/cafe.png,OSM
Souss-Massa,Pharmacie Assays صيدلية أسايس,Parapharmacie,Formel,Agadir ⴰⴳⴰⴷⵉⵔ أگادير,30.3729981,-9.5032665,icons/pharmacy.png,OSM
Souss-Massa,مقهى الحي المحمدي,Café,Formel,مقهى الحي المحمدي,30.4285419,-9.556511,icons/cafe.png,OSM
Souss-Massa,La Fontaine,Café,Formel,La Fontaine,30.4161827,-9.5956103,icons/cafe.png,OSM
Souss-Massa,Anwal,Café,Formel,avenue hassan 2,30.3451648,-9.5025978,icons/cafe.png,OSM
Souss-Massa,L'Anice,Café,Formel,L'Anice,30.4177785,-9.5958122,icons/cafe.png,OSM
Souss-Massa,cafè chez Omar,Café,Formel,cafè chez Omar,29.5288215,-8.8508893,icons/cafe.png,OSM
Souss-Massa,Superette Bencharf,Supérette / Mini-market,Formel,Superette Bencharf,30.3367525,-9.5057476,icons/convenience.png,OSM
Souss-Massa,Snack Yassine,Restaurant,Formel,Snack Yassine,30.336753,-9.5062054,icons/restaurant.png,OSM
Souss-Massa,Le Palmier Bleu,Restaurant,Formel,Le Palmier Bleu,30.5158254,-9.6833857,icons/restaurant.png,OSM
Souss-Massa,Supérette / Mini-market sans nom,Supérette / Mini-market,Formel,Supérette / Mini-market sans nom,30.5147389,-9.6823002,icons/convenience.png,OSM
Souss-Massa,Babakoul,Café,Formel,Babakoul,30.5130011,-9.6817522,icons/cafe.png,OSM
Souss-Massa,Auberge Restaurant Cafe La Dune,Restaurant,Formel,Auberge Restaurant Cafe La Dune,30.0852956,-9.6639333,icons/restaurant.png,OSM
Souss-Massa,KFC,Restaurant,Formel,KFC,30.418305,-9.606358,icons/restaurant.png,OSM
Souss-Massa,Restaurant sans nom,Restaurant,Formel,Ave de Prince Héritier,30.4688263,-8.8775461,icons/restaurant.png,OSM
Souss-Massa,Café sans nom,Café,Formel,Av. Prince Heritier Sidi Mohamed,30.4685775,-8.8764597,icons/cafe.png,OSM
Souss-Massa,Etoile d'Agadir,Restaurant,Formel,Rue El Mahdi Ibn Toumert,30.424403,-9.5932811,icons/restaurant.png,OSM
Souss-Massa,Cremerie du sud,Café,Formel,Rue El Mahdi Ibn Toumert,30.424319,-9.5933665,icons/cafe.png,OSM
Souss-Massa,Cafe Restaurant Ibtissam,Restaurant,Formel,Rue El Mahdi Ibn Toumert,30.4244756,-9.5931949,icons/restaurant.png,OSM
Souss-Massa,Cafe Amine,Café,Formel,Cafe Amine,30.3364627,-9.5066175,icons/cafe.png,OSM
Souss-Massa,Cafe Fleur,Café,Formel,Cafe Fleur,30.3348137,-9.5039362,icons/cafe.png,OSM
Souss-Massa,Cafe Dubai,Café,Formel,Cafe Dubai,30.3356321,-9.5039905,icons/cafe.png,OSM
Souss-Massa,Arena Blanca,Café,Formel,Arena Blanca,30.3344646,-9.5039412,icons/cafe.png,OSM
Souss-Massa,France,Café,Formel,France,30.3378606,-9.5045553,icons/cafe.png,OSM
Souss-Massa,Al Fath,Supermarché,Formel,Al Fath,30.3366612,-9.5043109,icons/supermarket.png,OSM
Souss-Massa,Du nour,Café,Formel,Du nour,30.3379422,-9.5045553,icons/cafe.png,OSM
Souss-Massa,Cafe Arige,Café,Formel,Cafe Arige,30.33693,-9.5043024,icons/cafe.png,OSM
Souss-Massa,Cafe Souss,Café,Formel,Cafe Souss,30.3374388,-9.5044656,icons/cafe.png,OSM
Souss-Massa,Tafougt,Café,Formel,Tafougt,29.5809959,-10.0330223,icons/cafe.png,OSM
Souss-Massa,Restaurant sans nom,Restaurant,Formel,Galerie Faiz (Place Cinema Rialto) Avenue des F.A.R.,30.4225338,-9.5999817,icons/restaurant.png,OSM
Souss-Massa,Restaurant sans nom,Restaurant,Formel,Restaurant sans nom,29.5826771,-9.4224242,icons/restaurant.png,OSM
Souss-Massa,Café sans nom,Café,Formel,Café sans nom,29.3907609,-10.15824,icons/cafe.png,OSM
Souss-Massa,شواية النهضة,Restaurant,Formel,شواية النهضة,30.427299,-9.5878894,icons/restaurant.png,OSM
Souss-Massa,Épicerie sans nom,Épicerie,Informel,Épicerie sans nom,29.7219778,-8.9735212,icons/greengrocer.png,OSM
Souss-Massa,Café Bouham مقهى بوهام,Café,Formel,Barreau Est/Ouest,30.3939965,-9.5731285,icons/cafe.png,OSM
Souss-Massa,Café milano مقهى ميلانو,Café,Formel,boulevard mokhtar essousi,30.3304736,-9.5204075,icons/cafe.png,OSM
Souss-Massa,Boulangerie sans nom,Boulangerie,Formel,Boulangerie sans nom,30.4234483,-9.6045404,icons/bakery.png,OSM
Souss-Massa,Restaurant sans nom,Restaurant,Formel,Restaurant sans nom,30.4233928,-9.6043473,icons/restaurant.png,OSM
Souss-Massa,Supérette / Mini-market sans nom,Supérette / Mini-market,Formel,Supérette / Mini-market sans nom,30.4236541,-9.6060398,icons/convenience.png,OSM
Souss-Massa,Kiosk,Supérette / Mini-market,Formel,Kiosk,30.422241,-9.6065601,icons/convenience.png,OSM
Souss-Massa,Bamboo Thaï,Restaurant,Formel,Bamboo Thaï,30.4234668,-9.6052029,icons/restaurant.png,OSM
Souss-Massa,Restaurant sans nom,Restaurant,Formel,Restaurant sans nom,30.4209946,-9.6087279,icons/restaurant.png,OSM
Souss-Massa,Restaurant sans nom,Restaurant,Formel,Restaurant sans nom,30.4197586,-9.6075352,icons/restaurant.png,OSM
Souss-Massa,Kiosk,Supérette / Mini-market,Formel,Kiosk,30.423926,-9.6101546,icons/convenience.png,OSM
Souss-Massa,Kiosk,Supérette / Mini-market,Formel,Kiosk,30.4264011,-9.6188574,icons/convenience.png,OSM
Souss-Massa,Kiosk,Supérette / Mini-market,Formel,Kiosk,30.4168938,-9.5662113,icons/convenience.png,OSM
Souss-Massa,Restaurant sans nom,Restaurant,Formel,Restaurant sans nom,30.4725669,-8.8751794,icons/restaurant.png,OSM
Souss-Massa,Kiosk,Supérette / Mini-market,Formel,Kiosk,30.429471,-9.6233617,icons/convenience.png,OSM
Souss-Massa,Café sans nom,Café,Formel,Café sans nom,30.3780477,-9.5723694,icons/cafe.png,OSM
Souss-Massa,Restaurant sans nom,Restaurant,Formel,Restaurant sans nom,30.4181241,-9.5954298,icons/restaurant.png,OSM
Souss-Massa,laiterie محلبة,Restaurant,Formel,laiterie محلبة,30.3701446,-9.538622,icons/restaurant.png,OSM
Souss-Massa,Snack Afriquia,Restaurant,Formel,Snack Afriquia,30.3699971,-9.5389599,icons/restaurant.png,OSM
Souss-Massa,Restaurant sans nom,Restaurant,Formel,Restaurant sans nom,30.370188,-9.5383665,icons/restaurant.png,OSM
Souss-Massa,Supérette / Mini-market sans nom,Supérette / Mini-market,Formel,Supérette / Mini-market sans nom,30.370251,-9.5378788,icons/convenience.png,OSM
Souss-Massa,Imazighen Restaurant الامازيغي,Restaurant,Formel,"Route Essaouira, Tamri-Agadir",30.7084981,-9.8368254,icons/restaurant.png,OSM
Souss-Massa,Cafe Abderrahman,Café,Formel,Cafe Abderrahman,29.3924821,-8.2555703,icons/cafe.png,OSM
Souss-Massa,Convenient store,Supérette / Mini-market,Formel,Convenient store,30.4728927,-8.8864522,icons/convenience.png,OSM
Souss-Massa,Restaurant sans nom,Restaurant,Formel,Restaurant sans nom,30.5070179,-8.7911504,icons/restaurant.png,OSM
Souss-Massa,Supérette / Mini-market sans nom,Supérette / Mini-market,Formel,Supérette / Mini-market sans nom,30.5069224,-8.7914443,icons/convenience.png,OSM
Souss-Massa,Restaurant sans nom,Restaurant,Formel,Restaurant sans nom,30.5044271,-8.7982721,icons/restaurant.png,OSM
Souss-Massa,Supérette / Mini-market sans nom,Supérette / Mini-market,Formel,Supérette / Mini-market sans nom,30.4856517,-8.7890039,icons/convenience.png,OSM
Souss-Massa,مينيبان,Boulangerie,Formel,مينيبان,30.394812,-9.5383413,icons/bakery.png,OSM
Souss-Massa,Pâtisserie Oumnia,Restaurant,Formel,Pâtisserie Oumnia,30.4706957,-8.8797108,icons/restaurant.png,OSM
Souss-Massa,Pharmacie Bab Zorgane صيدلية باب الزركان,Parapharmacie,Formel,"Avenue Mansour Eddahabi, Taroudant",30.4664133,-8.8754256,icons/pharmacy.png,OSM
Souss-Massa,Café Sindibad,Café,Formel,Café Sindibad,30.4690754,-8.8826113,icons/cafe.png,OSM
Souss-Massa,Pharmacie Taroudant صيدلية تارودانت,Parapharmacie,Formel,Taroudant,30.4691752,-8.8822857,icons/pharmacy.png,OSM
Souss-Massa,Café d'éponge,Café,Formel,Café d'éponge,30.4652781,-8.8783814,icons/cafe.png,OSM
Souss-Massa,Tadamoun التضامن,Supérette / Mini-market,Formel,Tadamoun التضامن,30.3904804,-9.5456043,icons/convenience.png,OSM
Souss-Massa,Café Arena,Café,Formel,Café Arena,30.469523,-8.887607,icons/cafe.png,OSM
Souss-Massa,Café Oulabas,Café,Formel,Café Oulabas,30.4697112,-8.8880347,icons/cafe.png,OSM
Souss-Massa,Café de la gare,Café,Formel,Café de la gare,30.4651189,-8.8771189,icons/cafe.png,OSM
Souss-Massa,Epicerie Elwaltiti,Supérette / Mini-market,Formel,Epicerie Elwaltiti,30.4665534,-8.8753943,icons/convenience.png,OSM
Souss-Massa,Café Restaurant Jnan Soussia,Restaurant,Formel,Café Restaurant Jnan Soussia,30.4641595,-8.88225,icons/restaurant.png,OSM
Souss-Massa,Café Achkid,Café,Formel,Café Achkid,30.474136,-8.8667428,icons/cafe.png,OSM
Souss-Massa,Boulangerie Oulad Aarfa,Boulangerie,Formel,Boulangerie Oulad Aarfa,30.4835771,-8.8240353,icons/bakery.png,OSM
Souss-Massa,Supérette Achkide,Supérette / Mini-market,Formel,Supérette Achkide,30.4713141,-8.869251,icons/convenience.png,OSM
Souss-Massa,Restaurant Anas,Restaurant,Formel,Restaurant Anas,30.4714334,-8.8694667,icons/restaurant.png,OSM
Souss-Massa,Café France,Café,Formel,Café France,30.4714319,-8.8698641,icons/cafe.png,OSM
Souss-Massa,Supérette / Mini-market sans nom,Supérette / Mini-market,Formel,Supérette / Mini-market sans nom,30.475643,-8.861569,icons/convenience.png,OSM
Souss-Massa,Pharmacie Al Baladia صيدلية البلدية,Parapharmacie,Formel,Taroudant,30.4713992,-8.8701356,icons/pharmacy.png,OSM
Souss-Massa,Pharmacie Jnane Tasrif صيدلية جنان التصريف,Parapharmacie,Formel,Taroudant,30.4784104,-8.8661643,icons/pharmacy.png,OSM
Souss-Massa,Café Celo,Café,Formel,Café Celo,30.4781823,-8.8658122,icons/cafe.png,OSM
Souss-Massa,Café Brothers,Café,Formel,Café Brothers,30.4780447,-8.8655051,icons/cafe.png,OSM
Souss-Massa,Café Draa,Café,Formel,Café Draa,30.4777512,-8.8648963,icons/cafe.png,OSM
Souss-Massa,Café J Good,Café,Formel,Café J Good,30.4776818,-8.86473,icons/cafe.png,OSM
Souss-Massa,Café Masjid,Café,Formel,Café Masjid,30.4686581,-8.8773104,icons/cafe.png,OSM
Souss-Massa,السوق البلدي جنان الجامع,Supérette / Mini-market,Formel,Place Talmoklate,30.4672873,-8.8798391,icons/convenience.png,OSM
Souss-Massa,Cafe El Hay,Café,Formel,Cafe El Hay,30.4170415,-9.5869163,icons/cafe.png,OSM
Souss-Massa,Pizzatino,Restaurant,Formel,Pizzatino,30.4143628,-9.58451,icons/restaurant.png,OSM
Souss-Massa,Café Yassmina,Café,Formel,Café Yassmina,30.4694579,-8.8823525,icons/cafe.png,OSM
Souss-Massa,Café Al Fath,Café,Formel,Café Al Fath,30.4690656,-8.8827722,icons/cafe.png,OSM
Souss-Massa,Pharmacie Agafay صيدلية أكفاي,Parapharmacie,Formel,Taroudant,30.4721925,-8.8871499,icons/pharmacy.png,OSM
Souss-Massa,Pharmacie De La Mosquée صيدلية المسجد,Parapharmacie,Formel,Agadir,30.412184,-9.5843848,icons/pharmacy.png,OSM
Souss-Massa,Meduza Lounge,Restaurant,Formel,Meduza Lounge,30.4083661,-9.5963887,icons/restaurant.png,OSM
Souss-Massa,Café Darna 2,Café,Formel,Café Darna 2,30.4778677,-8.8627656,icons/cafe.png,OSM
Souss-Massa,Alimentation generale,Supérette / Mini-market,Formel,Alimentation generale,30.4781925,-8.8617638,icons/convenience.png,OSM
Souss-Massa,Supérette TILILA,Supérette / Mini-market,Formel,Supérette TILILA,30.4049708,-9.5186935,icons/convenience.png,OSM
Souss-Massa,Supermarché sans nom,Supermarché,Formel,Supermarché sans nom,29.6650478,-9.8858526,icons/supermarket.png,OSM
Souss-Massa,Cafe essaada مقهى السعادة,Café,Formel,Cafe essaada مقهى السعادة,30.3590799,-9.539802,icons/cafe.png,OSM
Souss-Massa,Restaurant sans nom,Restaurant,Formel,Restaurant sans nom,30.4221569,-9.6186574,icons/restaurant.png,OSM
Souss-Massa,El Toro,Restaurant,Formel,El Toro,30.4115433,-9.6027661,icons/restaurant.png,OSM
Souss-Massa,Côté Court,Restaurant,Formel,Côté Court,30.4175488,-9.5977624,icons/restaurant.png,OSM
Souss-Massa,Restaurant sans nom,Restaurant,Formel,Restaurant sans nom,30.4231897,-9.616047,icons/restaurant.png,OSM
Souss-Massa,PLAYA,Restaurant,Formel,PLAYA,30.411443,-9.6030852,icons/restaurant.png,OSM
Souss-Massa,Restaurant sans nom,Restaurant,Formel,Restaurant sans nom,30.4116378,-9.6024722,icons/restaurant.png,OSM
Souss-Massa,Restaurant sans nom,Restaurant,Formel,Restaurant sans nom,30.4240304,-9.6159675,icons/restaurant.png,OSM
Souss-Massa,Café del Mar,Restaurant,Formel,Café del Mar,30.4160206,-9.6049939,icons/restaurant.png,OSM
Souss-Massa,Cafe Ijoukak,Restaurant,Formel,Cafe Ijoukak,30.9998066,-8.1581341,icons/restaurant.png,OSM
Souss-Massa,Surf Maroc Amourage Bar & Kitchen,Café,Formel,Surf Maroc Amourage Bar & Kitchen,30.5458045,-9.7152118,icons/cafe.png,OSM
Souss-Massa,Café sans nom,Café,Formel,Café sans nom,29.7211912,-8.9744578,icons/cafe.png,OSM
Souss-Massa,Café sans nom,Café,Formel,Café sans nom,29.7244264,-8.9710934,icons/cafe.png,OSM
Souss-Massa,Restaurant sans nom,Restaurant,Formel,Restaurant sans nom,29.7211857,-8.9738272,icons/restaurant.png,OSM
Souss-Massa,Restaurant sans nom,Restaurant,Formel,Restaurant sans nom,29.7208826,-8.9731714,icons/restaurant.png,OSM
Souss-Massa,Café sans nom,Café,Formel,Café sans nom,29.720659,-8.973052,icons/cafe.png,OSM
Souss-Massa,Restaurant sans nom,Restaurant,Formel,Restaurant sans nom,29.7205014,-8.97207,icons/restaurant.png,OSM
Souss-Massa,Café sans nom,Café,Formel,Café sans nom,29.7199648,-8.9714648,icons/cafe.png,OSM
Souss-Massa,Restaurant sans nom,Restaurant,Formel,Restaurant sans nom,29.7199097,-8.9714407,icons/restaurant.png,OSM
Souss-Massa,Café sans nom,Café,Formel,Café sans nom,29.7214611,-8.9720878,icons/cafe.png,OSM
Souss-Massa,Marcher anza,Supermarché,Formel,الوحدة,30.4457032,-9.6577542,icons/supermarket.png,OSM
Souss-Massa,Café sans nom,Café,Formel,Café sans nom,29.3915431,-8.254018,icons/cafe.png,OSM
Souss-Massa,Café sans nom,Café,Formel,Café sans nom,29.3921033,-8.2556774,icons/cafe.png,OSM
Souss-Massa,Tahanout,Supermarché,Formel,Tahanout,29.7494481,-9.041736,icons/supermarket.png,OSM
Souss-Massa,Tahanout,Supermarché,Formel,Tahanout,29.7431888,-9.0427571,icons/supermarket.png,OSM
Souss-Massa,Tahanout,Supermarché,Formel,Tahanout,29.739067,-9.0339406,icons/supermarket.png,OSM
Souss-Massa,Restaurant sans nom,Restaurant,Formel,Restaurant sans nom,30.4729138,-8.8773892,icons/restaurant.png,OSM
Souss-Massa,Diamant,Café,Formel,Avenue Massoude Al wafqaoui,30.3908082,-9.5451166,icons/cafe.png,OSM
Souss-Massa,Aglif,Restaurant,Formel,Aglif,30.4117119,-9.5510795,icons/restaurant.png,OSM
Souss-Massa,Crystal Cookies,Boulangerie,Formel,Cité EL HOUDA,30.392996,-9.536454,icons/bakery.png,OSM
Souss-Massa,Le Marrakech,Restaurant,Formel,Le Marrakech,29.7207172,-8.9740185,icons/restaurant.png,OSM
Souss-Massa,Souk Mirhleft,Épicerie,Informel,Souk Mirhleft,29.5808921,-10.0332198,icons/greengrocer.png,OSM
Souss-Massa,Pharmacie Du Soleil صيدلية الشمس,Parapharmacie,Formel,"Avenue Président Kennedy, Agadir",30.4213649,-9.5927628,icons/pharmacy.png,OSM
Souss-Massa,Mona Cafe Pizzeria,Restaurant,Formel,Mona Cafe Pizzeria,30.5134317,-9.6824786,icons/restaurant.png,OSM
Souss-Massa,McDonald's,Restaurant,Formel,McDonald's,30.3967305,-9.5813904,icons/restaurant.png,OSM
Souss-Massa,Supérette / Mini-market sans nom,Supérette / Mini-market,Formel,Supérette / Mini-market sans nom,30.3985836,-9.555961,icons/convenience.png,OSM
Souss-Massa,Supérette / Mini-market sans nom,Supérette / Mini-market,Formel,Supérette / Mini-market sans nom,30.3998953,-9.3862671,icons/convenience.png,OSM
Souss-Massa,Café sans nom,Café,Formel,Café sans nom,30.3998965,-9.3859412,icons/cafe.png,OSM
Souss-Massa,Supérette / Mini-market sans nom,Supérette / Mini-market,Formel,Supérette / Mini-market sans nom,30.4715765,-9.0034086,icons/convenience.png,OSM
Souss-Massa,Supérette / Mini-market sans nom,Supérette / Mini-market,Formel,Supérette / Mini-market sans nom,30.4670026,-8.9226459,icons/convenience.png,OSM
Souss-Massa,Opera Café,Café,Formel,Opera Café,30.4670997,-8.9215167,icons/cafe.png,OSM
Souss-Massa,Pharmacie Ait Aiaaza صيدلية أيت يعزة,Parapharmacie,Formel,Ait Iaaza,30.5039876,-8.8009205,icons/pharmacy.png,OSM
Souss-Massa,Pharmacie Tiout صيدلية تيوت,Parapharmacie,Formel,Ait Iaaza,30.503411,-8.7993662,icons/pharmacy.png,OSM
Souss-Massa,Supérette / Mini-market sans nom,Supérette / Mini-market,Formel,Supérette / Mini-market sans nom,30.5020839,-8.7977683,icons/convenience.png,OSM
Souss-Massa,Supérette / Mini-market sans nom,Supérette / Mini-market,Formel,Supérette / Mini-market sans nom,30.5023548,-8.7332752,icons/convenience.png,OSM
Souss-Massa,Supérette / Mini-market sans nom,Supérette / Mini-market,Formel,Supérette / Mini-market sans nom,30.4991685,-8.6090058,icons/convenience.png,OSM
Souss-Massa,Supérette / Mini-market sans nom,Supérette / Mini-market,Formel,Supérette / Mini-market sans nom,30.533969,-8.5044131,icons/convenience.png,OSM
Souss-Massa,Supérette / Mini-market sans nom,Supérette / Mini-market,Formel,Supérette / Mini-market sans nom,30.5983739,-8.3321214,icons/convenience.png,OSM
Souss-Massa,Supérette / Mini-market sans nom,Supérette / Mini-market,Formel,Supérette / Mini-market sans nom,30.5976212,-8.3345139,icons/convenience.png,OSM
Souss-Massa,Supérette / Mini-market sans nom,Supérette / Mini-market,Formel,Supérette / Mini-market sans nom,30.6093651,-8.3021235,icons/convenience.png,OSM
Souss-Massa,Supérette / Mini-market sans nom,Supérette / Mini-market,Formel,Supérette / Mini-market sans nom,30.6086114,-8.2679871,icons/convenience.png,OSM
Souss-Massa,Supérette / Mini-market sans nom,Supérette / Mini-market,Formel,Supérette / Mini-market sans nom,30.6084002,-8.2664797,icons/convenience.png,OSM
Souss-Massa,Restaurant sans nom,Restaurant,Formel,Restaurant sans nom,30.4691908,-8.8764247,icons/restaurant.png,OSM
Souss-Massa,Café sans nom,Café,Formel,Café sans nom,30.3353034,-8.5682751,icons/cafe.png,OSM
Souss-Massa,Café sans nom,Café,Formel,Café sans nom,30.2471884,-8.4790045,icons/cafe.png,OSM
Souss-Massa,Cafe Mogador,Café,Formel,Cafe Mogador,30.0881263,-8.4607628,icons/cafe.png,OSM
Souss-Massa,Cafe Zerda,Café,Formel,Cafe Zerda,30.0872479,-8.4603906,icons/cafe.png,OSM
Souss-Massa,Grande Pharmacie الصيدلية الكبرى,Parapharmacie,Formel,Igherm ⵉⵖⵔⵎ إغرم,30.0876655,-8.460678,icons/pharmacy.png,OSM
Souss-Massa,Café sans nom,Café,Formel,Café sans nom,30.0874655,-8.4607051,icons/cafe.png,OSM
Souss-Massa,Restaurant de France,Café,Formel,Restaurant de France,30.0876152,-8.4608573,icons/cafe.png,OSM
Souss-Massa,Supérette / Mini-market sans nom,Supérette / Mini-market,Formel,Supérette / Mini-market sans nom,30.5110231,-9.6815287,icons/convenience.png,OSM
Souss-Massa,Iminj,Café,Formel,Iminj,30.6389159,-8.4763411,icons/cafe.png,OSM
Souss-Massa,Supérette / Mini-market sans nom,Supérette / Mini-market,Formel,Supérette / Mini-market sans nom,30.0543924,-9.4788395,icons/convenience.png,OSM
Souss-Massa,Supérette / Mini-market sans nom,Supérette / Mini-market,Formel,Supérette / Mini-market sans nom,30.020481,-9.5781295,icons/convenience.png,OSM
Souss-Massa,Supérette / Mini-market sans nom,Supérette / Mini-market,Formel,Supérette / Mini-market sans nom,30.0039791,-9.5863599,icons/convenience.png,OSM
Souss-Massa,Café sans nom,Café,Formel,Café sans nom,29.9723217,-9.6404225,icons/cafe.png,OSM
Souss-Massa,Supérette / Mini-market sans nom,Supérette / Mini-market,Formel,Supérette / Mini-market sans nom,29.9726412,-9.64022,icons/convenience.png,OSM
Souss-Massa,Supérette / Mini-market sans nom,Supérette / Mini-market,Formel,Supérette / Mini-market sans nom,29.8841531,-9.6931949,icons/convenience.png,OSM
Souss-Massa,Restaurant sans nom,Restaurant,Formel,Restaurant sans nom,29.8038539,-9.8269446,icons/restaurant.png,OSM
Souss-Massa,Supérette / Mini-market sans nom,Supérette / Mini-market,Formel,Supérette / Mini-market sans nom,29.8038504,-9.8272638,icons/convenience.png,OSM
Souss-Massa,Supérette / Mini-market sans nom,Supérette / Mini-market,Formel,Supérette / Mini-market sans nom,29.6150268,-10.0173332,icons/convenience.png,OSM
Souss-Massa,Gran Canaria,Restaurant,Formel,Gran Canaria,29.3781936,-10.1741928,icons/restaurant.png,OSM
Souss-Massa,La Tour d'Ifni,Restaurant,Formel,La Tour d'Ifni,29.3778816,-10.1749304,icons/restaurant.png,OSM
Souss-Massa,Supérette / Mini-market sans nom,Supérette / Mini-market,Formel,Supérette / Mini-market sans nom,29.3824684,-10.1742431,icons/convenience.png,OSM
Souss-Massa,Pagaduría,Restaurant,Formel,Pagaduría,29.3825175,-10.1746005,icons/restaurant.png,OSM
Souss-Massa,Afriquia أفريقيا,Café,Formel,Afriquia أفريقيا,29.3785267,-10.1758356,icons/cafe.png,OSM
Souss-Massa,Pharmacie Populaire الصيدلية الشعبية,Parapharmacie,Formel,"Avenue Hassan II شارع الحسن الثاني, Sidi Ifni",29.3777729,-10.1747265,icons/pharmacy.png,OSM
Souss-Massa,Supermarkt Al Izdihar,Supermarché,Formel,Supermarkt Al Izdihar,29.6931848,-9.7289155,icons/supermarket.png,OSM
Souss-Massa,Supérette / Mini-market sans nom,Supérette / Mini-market,Formel,القصابي تاكوست,29.0049314,-10.1793882,icons/convenience.png,OSM
Souss-Massa,Supérette / Mini-market sans nom,Supérette / Mini-market,Formel,Supérette / Mini-market sans nom,29.0850715,-10.2738945,icons/convenience.png,OSM
Souss-Massa,Pesca del Día,Restaurant,Formel,Pesca del Día,29.3643829,-10.1783931,icons/restaurant.png,OSM
Souss-Massa,Café sans nom,Café,Formel,Café sans nom,30.8548099,-8.3842957,icons/cafe.png,OSM
Souss-Massa,Café sans nom,Café,Formel,Café sans nom,30.854453,-8.3753264,icons/cafe.png,OSM
Souss-Massa,L’ARDOISE GOURMANDE,Restaurant,Formel,L’ARDOISE GOURMANDE,30.4229017,-9.6027282,icons/restaurant.png,OSM
Souss-Massa,Tabac Shop,Supérette / Mini-market,Formel,Tabac Shop,30.5451814,-9.7098897,icons/convenience.png,OSM
Souss-Massa,Tazerzit,Restaurant,Formel,Tazerzit,30.5441156,-9.7085641,icons/restaurant.png,OSM
Souss-Massa,Alimentation Générale,Supérette / Mini-market,Formel,Alimentation Générale,30.5452851,-9.7101388,icons/convenience.png,OSM
Souss-Massa,Christiana,Restaurant,Formel,Christiana,30.544913,-9.7113789,icons/restaurant.png,OSM
Souss-Massa,Café Taliwin,Restaurant,Formel,Café Taliwin,30.5439681,-9.7077429,icons/restaurant.png,OSM
Souss-Massa,Supérette / Mini-market sans nom,Supérette / Mini-market,Formel,Supérette / Mini-market sans nom,30.5460267,-9.7079902,icons/convenience.png,OSM
Souss-Massa,Supérette / Mini-market sans nom,Supérette / Mini-market,Formel,Supérette / Mini-market sans nom,30.5442188,-9.7082947,icons/convenience.png,OSM
Souss-Massa,imi n'talat,Restaurant,Formel,imi n'talat,30.3000765,-8.524873,icons/restaurant.png,OSM
Souss-Massa,Le Spot,Restaurant,Formel,Le Spot,30.5450184,-9.7088222,icons/restaurant.png,OSM
Souss-Massa,chez Maxime,Restaurant,Formel,plage de Tifint,30.2008108,-9.6416462,icons/restaurant.png,OSM
Souss-Massa,Pizza Lina Surf,Restaurant,Formel,Pizza Lina Surf,30.5110855,-9.6810456,icons/restaurant.png,OSM
Souss-Massa,Chez Moulay,Restaurant,Formel,Chez Moulay,30.4987895,-9.672111,icons/restaurant.png,OSM
Souss-Massa,Alimentation Générale,Supérette / Mini-market,Formel,Alimentation Générale,30.5051441,-9.6727108,icons/convenience.png,OSM
Souss-Massa,Tcham,Restaurant,Formel,Tcham,30.5052006,-9.6728308,icons/restaurant.png,OSM
Souss-Massa,Pizza Hot,Restaurant,Formel,Pizza Hot,30.5442472,-9.7083283,icons/restaurant.png,OSM
Souss-Massa,Caverna Pizzeria Ristorante GrillAvenue m,Restaurant,Formel,Boulevard Hassan II,30.4189752,-9.597885,icons/restaurant.png,OSM
Souss-Massa,El Souk,Épicerie,Informel,El Souk,29.9917107,-9.6437055,icons/greengrocer.png,OSM
Souss-Massa,organic,Épicerie,Informel,organic,29.4036819,-10.0643534,icons/greengrocer.png,OSM
Souss-Massa,Quartier de Été,Restaurant,Formel,Quartier de Été,30.5869148,-9.7529428,icons/restaurant.png,OSM
Souss-Massa,Pâtisserie Tagadirt,Boulangerie,Formel,Pâtisserie Tagadirt,30.4121385,-9.590158,icons/bakery.png,OSM
Souss-Massa,Parapharmacie sans nom,Parapharmacie,Formel,Parapharmacie sans nom,29.7744864,-9.1688394,icons/pharmacy.png,OSM
Souss-Massa,Boulangerie sans nom,Boulangerie,Formel,Avenue de 29 Février,30.4202728,-9.5954279,icons/bakery.png,OSM
Souss-Massa,Rotisserie NAHDA,Restaurant,Formel,Avenue Moulay Youssef,30.4272258,-9.587554,icons/restaurant.png,OSM
Souss-Massa,Sodivias,Restaurant,Formel,"Rute principale 40, Agadir",30.3982853,-9.5253241,icons/restaurant.png,OSM
Souss-Massa,Ennaser,Restaurant,Formel,Ennaser,30.4125616,-9.5879459,icons/restaurant.png,OSM
Souss-Massa,Grillade Fadelo Allah,Restaurant,Formel,Rue de Safi,30.4125901,-9.5878082,icons/restaurant.png,OSM
Souss-Massa,Chez Amigo Hamid Thé & Ballades montagne,Café,Formel,Chez Amigo Hamid Thé & Ballades montagne,30.7441638,-8.7643978,icons/cafe.png,OSM
Souss-Massa,Épicerie sans nom,Épicerie,Informel,Épicerie sans nom,30.4795664,-9.6738559,icons/greengrocer.png,OSM
Souss-Massa,Aswak Assalam,Supermarché,Formel,"Avenue Yaacoub EL Mansour, Agadir",30.4263176,-9.5924335,icons/supermarket.png,OSM
Souss-Massa,Caramel,Café,Formel,"Boulevard Mohammed Cheikh Saadi, Agadir",30.4260216,-9.5919032,icons/cafe.png,OSM
Souss-Massa,Kiosque,Kiosque,Informel,Kiosque,30.4300812,-9.5909243,icons/kiosk.png,OSM
Souss-Massa,12 COOL,Restaurant,Formel,12 COOL,30.4338367,-9.5884724,icons/restaurant.png,OSM
Souss-Massa,Mikey's Burger,Restaurant,Formel,Mikey's Burger,30.4182336,-9.5970894,icons/restaurant.png,OSM
Souss-Massa,Libre Service,Supérette / Mini-market,Formel,Libre Service,30.4261122,-9.5998076,icons/convenience.png,OSM
Souss-Massa,Les Blancs,Restaurant,Formel,Les Blancs,30.4239984,-9.6153658,icons/restaurant.png,OSM
Souss-Massa,Da Celsi,Restaurant,Formel,Da Celsi,30.4236565,-9.6116249,icons/restaurant.png,OSM
Souss-Massa,First,Café,Formel,First,30.4236474,-9.6120248,icons/cafe.png,OSM
Souss-Massa,La KASBAH,Restaurant,Formel,La KASBAH,29.7186957,-8.9711798,icons/restaurant.png,OSM
Souss-Massa,Boulangerie sans nom,Boulangerie,Formel,Boulangerie sans nom,29.7209094,-8.9720776,icons/bakery.png,OSM
Souss-Massa,Café Aslal مقهى أسلال,Café,Formel,Avenue Jamal Abdennaser,30.4090353,-9.5673744,icons/cafe.png,OSM
Souss-Massa,Pharmacie Al Massira صيدلية المسيرة,Parapharmacie,Formel,Tafraout ⵜⴰⴼⵔⴰⵡⵜ تافراوت,29.7198109,-8.9746952,icons/pharmacy.png,OSM
Souss-Massa,AS Burger,Restaurant,Formel,AS Burger,30.4171111,-9.5649341,icons/restaurant.png,OSM
Souss-Massa,Pharmacie Attawfik صيدلية التوفيق,Parapharmacie,Formel,"Rue Mimoun Erroki, Ait Melloul",30.3429142,-9.4944211,icons/pharmacy.png,OSM
Souss-Massa,116,Restaurant,Formel,116,30.4226487,-9.6001023,icons/restaurant.png,OSM
Souss-Massa,Little Italy,Restaurant,Formel,Little Italy,30.4210182,-9.5999877,icons/restaurant.png,OSM
Souss-Massa,Restaurant Cafe Chez Aziz Pied Dans Leau,Restaurant,Formel,Restaurant Cafe Chez Aziz Pied Dans Leau,30.5871814,-9.7598651,icons/restaurant.png,OSM
Souss-Massa,Café sans nom,Café,Formel,Café sans nom,30.4231292,-9.6116504,icons/cafe.png,OSM
Souss-Massa,Pharmacie Imam Al Boukhari صيدلية الامام البخاري,Parapharmacie,Formel,"Avenue Imam Al Boukhari, Agadir",30.4242448,-9.5642551,icons/pharmacy.png,OSM
Souss-Massa,Pharmacie Al Moukaouama صيدلية المقاومة,Parapharmacie,Formel,"Avenue Al Mouqawama, Agadir",30.4154659,-9.5824948,icons/pharmacy.png,OSM
Souss-Massa,Rotisserie Marché شواية المارشي,Restaurant,Formel,Rotisserie Marché شواية المارشي,30.4244185,-9.5934832,icons/restaurant.png,OSM
Souss-Massa,Pharmacie El Hanane صيدلية الحنان,Parapharmacie,Formel,"Avenue des Forces Armées Royales, Agadir",30.4325751,-9.5827459,icons/pharmacy.png,OSM
Souss-Massa,Pharmacie Aït Souss صيدلية أيت سوس,Parapharmacie,Formel,"Avenue Khemsset, Agadir",30.4288873,-9.5540807,icons/pharmacy.png,OSM
Souss-Massa,Restaurant sans nom,Restaurant,Formel,Restaurant sans nom,30.4226849,-9.6019594,icons/restaurant.png,OSM
Souss-Massa,Boulangerie sans nom,Boulangerie,Formel,Boulangerie sans nom,30.8402715,-9.819966,icons/bakery.png,OSM
Souss-Massa,Café sans nom,Café,Formel,Café sans nom,29.5800375,-10.0328191,icons/cafe.png,OSM
Souss-Massa,La Veranda,Café,Formel,La Veranda,30.4182303,-9.5969522,icons/cafe.png,OSM
Souss-Massa,O.quotidien,Café,Formel,O.quotidien,30.3997438,-9.5878898,icons/cafe.png,OSM
Souss-Massa,Boulangerie sans nom,Boulangerie,Formel,Boulangerie sans nom,29.7199712,-8.9717192,icons/bakery.png,OSM
Souss-Massa,Boulangerie sans nom,Boulangerie,Formel,Boulangerie sans nom,29.3798381,-10.1731995,icons/bakery.png,OSM
Souss-Massa,Café sans nom,Café,Formel,Café sans nom,29.3820129,-10.1756416,icons/cafe.png,OSM
Souss-Massa,Chez Nadia,Restaurant,Formel,boulevard Moukhtar Soussi,29.7181118,-8.9781792,icons/restaurant.png,OSM
Souss-Massa,Nomad,Restaurant,Formel,Nomad,29.381984,-10.1751355,icons/restaurant.png,OSM
Souss-Massa,Supérette / Mini-market sans nom,Supérette / Mini-market,Formel,Supérette / Mini-market sans nom,29.3812903,-10.1759667,icons/convenience.png,OSM
Souss-Massa,Supermarché Marina,Supermarché,Formel,Supermarché Marina,29.3780022,-10.1781302,icons/supermarket.png,OSM
Souss-Massa,Café,Café,Formel,Café,29.1536805,-8.9561399,icons/cafe.png,OSM
Souss-Massa,Oasis restaurant,Restaurant,Formel,Oasis restaurant,29.2414125,-9.1823585,icons/restaurant.png,OSM
Souss-Massa,"Restaurant ""Chez Abdoul""",Restaurant,Formel,"Restaurant ""Chez Abdoul""",29.4464436,-10.1155903,icons/restaurant.png,OSM
Souss-Massa,Café sans nom,Café,Formel,Tamanarte تمنارت,29.1447045,-8.949911,icons/cafe.png,OSM
Souss-Massa,Café sans nom,Café,Formel,Tamanarte تمنارت,29.1634671,-8.9576443,icons/cafe.png,OSM
Souss-Massa,Souk de Tamanart سوق تامانارت,Épicerie,Informel,Tamanarte تمنارت,29.1649609,-8.955986,icons/greengrocer.png,OSM
Souss-Massa,Restaurant sans nom,Restaurant,Formel,Restaurant sans nom,30.427227,-9.5879643,icons/restaurant.png,OSM
Souss-Massa,Rasta Pasta,Restaurant,Formel,Rasta Pasta,30.4115109,-9.5802585,icons/restaurant.png,OSM
Souss-Massa,Restaurant sans nom,Restaurant,Formel,Restaurant sans nom,30.6713985,-8.1781308,icons/restaurant.png,OSM
Souss-Massa,K-Moon,Restaurant,Formel,K-Moon,30.4231724,-9.6013733,icons/restaurant.png,OSM
Souss-Massa,Restaurant sans nom,Restaurant,Formel,Restaurant sans nom,30.4215421,-9.6188342,icons/restaurant.png,OSM
Souss-Massa,Café,Café,Formel,Café,30.469297,-8.8762013,icons/cafe.png,OSM
Souss-Massa,Café Maure,Café,Formel,Café Maure,30.3874864,-9.5943528,icons/cafe.png,OSM
Souss-Massa,Hauptrestaurant,Restaurant,Formel,Hauptrestaurant,30.3877756,-9.5946814,icons/restaurant.png,OSM
Souss-Massa,مقهى بيروت,Café,Formel,Boulevard Hassan II,30.3356193,-9.5042072,icons/cafe.png,OSM
Souss-Massa,مقهى اسايس تكوين,Café,Formel,rue 9,30.3736912,-9.5043931,icons/cafe.png,OSM
Souss-Massa,Supermarche,Supérette / Mini-market,Formel,Supermarche,30.5859839,-9.757279,icons/convenience.png,OSM
Souss-Massa,Supermarche,Supérette / Mini-market,Formel,Supermarche,30.5875347,-9.7513952,icons/convenience.png,OSM
Souss-Massa,Supermarche,Supérette / Mini-market,Formel,Supermarche,30.5870546,-9.7526627,icons/convenience.png,OSM
Souss-Massa,Restaurant sans nom,Restaurant,Formel,Restaurant sans nom,30.5860712,-9.7574046,icons/restaurant.png,OSM
Souss-Massa,Boulangerie sans nom,Boulangerie,Formel,Boulangerie sans nom,29.7209788,-8.9747971,icons/bakery.png,OSM
Souss-Massa,Supérette / Mini-market sans nom,Supérette / Mini-market,Formel,Supérette / Mini-market sans nom,30.5964707,-9.7252726,icons/convenience.png,OSM
Souss-Massa,Chez Ria,Restaurant,Formel,Chez Ria,30.5965276,-9.7251083,icons/restaurant.png,OSM
Souss-Massa,Le Pirate,Restaurant,Formel,Le Pirate,30.5811333,-9.7551605,icons/restaurant.png,OSM
Souss-Massa,Le Petit Pecheur,Restaurant,Formel,Le Petit Pecheur,30.5787941,-9.7537067,icons/restaurant.png,OSM
Souss-Massa,Superette,Supérette / Mini-market,Formel,Superette,30.5803106,-9.7547206,icons/convenience.png,OSM
Souss-Massa,Superette,Supérette / Mini-market,Formel,Superette,30.593801,-9.7485316,icons/convenience.png,OSM
Souss-Massa,Superette,Supérette / Mini-market,Formel,Superette,30.5004489,-9.6712847,icons/convenience.png,OSM
Souss-Massa,Alimentation General,Supermarché,Formel,Alimentation General,29.6972316,-9.7330002,icons/supermarket.png,OSM
Souss-Massa,Patisserie Al Afrah,Boutique de confiserie,Informel,Patisserie Al Afrah,29.7002908,-9.7291345,icons/confectionery.png,OSM
Souss-Massa,Boulangerie sans nom,Boulangerie,Formel,Boulangerie sans nom,29.6997722,-9.7292718,icons/bakery.png,OSM
Souss-Massa,Timizar,Restaurant,Formel,Timizar,29.6970582,-9.7317369,icons/restaurant.png,OSM
Souss-Massa,Pharmacie La Plaine De Souss صيدلية سهل سوس,Parapharmacie,Formel,Tiznit ⵜⵉⵣⵏⵉⵜ تزنيت,29.6973819,-9.7313873,icons/pharmacy.png,OSM
Souss-Massa,Épicerie sans nom,Épicerie,Informel,Épicerie sans nom,29.6989829,-9.7293784,icons/greengrocer.png,OSM
Souss-Massa,Restaurant sans nom,Restaurant,Formel,Restaurant sans nom,29.6999525,-9.7290027,icons/restaurant.png,OSM
Souss-Massa,Carrefour Market,Supermarché,Formel,Carrefour Market,30.4140596,-9.5934659,icons/supermarket.png,OSM
Souss-Massa,Le Z,Restaurant,Formel,Le Z,30.4143283,-9.6012146,icons/restaurant.png,OSM
Souss-Massa,Le Jardin d'eau,Restaurant,Formel,Le Jardin d'eau,30.4138682,-9.6008507,icons/restaurant.png,OSM
Souss-Massa,Fouquet's,Restaurant,Formel,Fouquet's,30.4136409,-9.600514,icons/restaurant.png,OSM
Souss-Massa,Blue Note Agadir,Restaurant,Formel,"Boulevard du 20 Aout, Agadir",30.4173016,-9.6032377,icons/restaurant.png,OSM
Souss-Massa,Pharmacie Anbary صيدلية عنبري,Parapharmacie,Formel,"Avenue Hassan II شارع الحسن الثاني, Agadir ⴰⴳⴰⴷⵉⵔ أگادير",30.4235212,-9.6053285,icons/pharmacy.png,OSM
Souss-Massa,S.O.S Pizza Kim's,Restaurant,Formel,S.O.S Pizza Kim's,30.4238152,-9.5955203,icons/restaurant.png,OSM
Souss-Massa,Mezzo Mezzo,Restaurant,Formel,Mezzo Mezzo,30.4160583,-9.5954236,icons/restaurant.png,OSM
Souss-Massa,Narcos,Restaurant,Formel,Narcos,30.4228602,-9.60268,icons/restaurant.png,OSM
Souss-Massa,Aït Baâmrane,Restaurant,Formel,Aït Baâmrane,29.3772928,-10.1738276,icons/restaurant.png,OSM
Souss-Massa,Boulangerie sans nom,Boulangerie,Formel,Boulangerie sans nom,29.3772205,-10.1725797,icons/bakery.png,OSM
Souss-Massa,Supérette / Mini-market sans nom,Supérette / Mini-market,Formel,Supérette / Mini-market sans nom,29.383993,-10.1732884,icons/convenience.png,OSM
Souss-Massa,Cafe Restaurant Tagoute,Restaurant,Formel,Cafe Restaurant Tagoute,29.382095,-10.1755366,icons/restaurant.png,OSM
Souss-Massa,La Grillardière,Restaurant,Formel,La Grillardière,30.4089992,-9.5955075,icons/restaurant.png,OSM
Souss-Massa,ça papote,Café,Formel,ça papote,30.4211942,-9.5995615,icons/cafe.png,OSM
Souss-Massa,Parapharmacie sans nom,Parapharmacie,Formel,Parapharmacie sans nom,30.4242661,-9.6002847,icons/pharmacy.png,OSM
Souss-Massa,Supérette / Mini-market sans nom,Supérette / Mini-market,Formel,Supérette / Mini-market sans nom,30.6966504,-9.8256505,icons/convenience.png,OSM
Souss-Massa,Restaurant sans nom,Restaurant,Formel,Restaurant sans nom,30.0563147,-9.6887156,icons/restaurant.png,OSM
Souss-Massa,اساكي مقهى,Restaurant,Formel,اساكي مقهى,30.5603794,-8.0261739,icons/restaurant.png,OSM
Souss-Massa,SOS Poulet,Restaurant,Formel,SOS Poulet,30.4203156,-9.5968542,icons/restaurant.png,OSM
Souss-Massa,Grande Pharmacie d'Agadir الصيدلية الكبرى لأكادير,Parapharmacie,Formel,"Avenue Prince Moulay Abdellah, Agadir ⴰⴳⴰⴷⵉⵔ أگادير",30.4205999,-9.5971631,icons/pharmacy.png,OSM
Souss-Massa,Café sans nom,Café,Formel,Café sans nom,30.5458551,-9.7134741,icons/cafe.png,OSM
Souss-Massa,Pesca Del Dia,Restaurant,Formel,Pesca Del Dia,30.4224814,-9.6002253,icons/restaurant.png,OSM
Souss-Massa,Vitamix,Restaurant,Formel,Vitamix,30.4226107,-9.6000023,icons/restaurant.png,OSM
Souss-Massa,Panoramique,Restaurant,Formel,Panoramique,30.4588179,-9.5685418,icons/restaurant.png,OSM
Souss-Massa,Yours Cafe,Café,Formel,Yours Cafe,30.4035416,-9.5451541,icons/cafe.png,OSM
Souss-Massa,Jnane Fruits,Café,Formel,Jnane Fruits,30.409336,-9.5573262,icons/cafe.png,OSM
Souss-Massa,Café Tanmirt,Café,Formel,Café Tanmirt,30.4104678,-9.5554279,icons/cafe.png,OSM
Souss-Massa,Carrefour Market,Supermarché,Formel,Carrefour Market,30.4110976,-9.5615744,icons/supermarket.png,OSM
Souss-Massa,Kaoba Agadir,Épicerie,Informel,Kaoba Agadir,30.4104314,-9.5615341,icons/greengrocer.png,OSM
Souss-Massa,La Siciliana,Restaurant,Formel,La Siciliana,30.4218043,-9.6010767,icons/restaurant.png,OSM
Souss-Massa,Café sans nom,Café,Formel,Café sans nom,29.3174039,-9.9704187,icons/cafe.png,OSM
Souss-Massa,Pharmacie Dakhla صيدلية الداخلة,Parapharmacie,Formel,"Rue El Farabi زنقة الفرابي, Agadir",30.4103795,-9.5558578,icons/pharmacy.png,OSM
Souss-Massa,Paramedical Handi Medic,Parapharmacie,Formel,Paramedical Handi Medic,30.4105352,-9.5558667,icons/pharmacy.png,OSM
Souss-Massa,Pharmacie Ennajd صيدلية النجد,Parapharmacie,Formel,AGADIR,30.4077853,-9.556302,icons/pharmacy.png,OSM
Souss-Massa,Pharmacie Europa صيدلية أوروبا,Parapharmacie,Formel,"Boulevard du 20 Août, Agadir ⴰⴳⴰⴷⵉⵔ أگادير",30.4168524,-9.6028858,icons/pharmacy.png,OSM
Souss-Massa,Pharmacie Amsernat صيدلية امصرنات,Parapharmacie,Formel,Agadir,30.4151186,-9.5786618,icons/pharmacy.png,OSM
Souss-Massa,Pharmacie Souk Al Had et صيدلية سوق الاحد,Parapharmacie,Formel,Agadir,30.4134465,-9.5821857,icons/pharmacy.png,OSM
Souss-Massa,Pharmacie Laazib صيدلية العزيب,Parapharmacie,Formel,Agadir,30.4155152,-9.5716457,icons/pharmacy.png,OSM
Souss-Massa,Pharmacie Al Andalous صيدلية الأندلس,Parapharmacie,Formel,Agadir,30.418024,-9.5756627,icons/pharmacy.png,OSM
Souss-Massa,Pharmacie Cadi Ayad صيدلية القاضي عياض,Parapharmacie,Formel,Agadir,30.4204545,-9.5807737,icons/pharmacy.png,OSM
Souss-Massa,Pharmacie Ihchach صيدلية احشاش,Parapharmacie,Formel,Agadir,30.4238332,-9.5847713,icons/pharmacy.png,OSM
Souss-Massa,Pharmacie Al Menzah صيدلية المنزه,Parapharmacie,Formel,Agadir,30.4272011,-9.5927661,icons/pharmacy.png,OSM
Souss-Massa,Pharmacie Borj Taddart صيدلية برج تادارت,Parapharmacie,Formel,Agadir,30.4304343,-9.5870736,icons/pharmacy.png,OSM
Souss-Massa,Pharmacie Malak صيدلية ملاك,Parapharmacie,Formel,Ph PM,30.4339972,-9.578525,icons/pharmacy.png,OSM
Souss-Massa,Pharmacie Ennajah صيدلية النجاح,Parapharmacie,Formel,Agadir,30.4308624,-9.5739157,icons/pharmacy.png,OSM
Souss-Massa,Pharmacie Bahara صيدلية البحارة,Parapharmacie,Formel,"Rue 502, Agadir",30.4287451,-9.5752492,icons/pharmacy.png,OSM
Souss-Massa,Pharmacie Al Hana صيدلية الهناء,Parapharmacie,Formel,Agadir,30.4283834,-9.5805446,icons/pharmacy.png,OSM
Souss-Massa,Pharmacy Propharma,Parapharmacie,Formel,Pharmacy Propharma,30.4278178,-9.5793755,icons/pharmacy.png,OSM
Souss-Massa,Pharmacie Al Kastalani صيدلية القسطلاني,Parapharmacie,Formel,"Rue Abdallah Ben Yassine, Agadir",30.4262391,-9.5802531,icons/pharmacy.png,OSM
Souss-Massa,Pharmacie 20 Août صيدلية 20 غشت,Parapharmacie,Formel,Agadir,30.4260397,-9.5675576,icons/pharmacy.png,OSM
Souss-Massa,Pharmacie Agharass صيدلية أغراس,Parapharmacie,Formel,Agadir,30.4230144,-9.5681188,icons/pharmacy.png,OSM
Souss-Massa,Houssam Para,Parapharmacie,Formel,Houssam Para,30.4226583,-9.5683998,icons/pharmacy.png,OSM
Souss-Massa,Pharmacie Lakhiam صيدلية الخيام,Parapharmacie,Formel,Agadir,30.4207802,-9.5674074,icons/pharmacy.png,OSM
Souss-Massa,Pharmacie Allal Fassi صيدلية علال الفاسي,Parapharmacie,Formel,Agadir,30.4220014,-9.5646715,icons/pharmacy.png,OSM
Souss-Massa,Pharmacie Conseil صيدلية النصيحة,Parapharmacie,Formel,Agadir,30.4219205,-9.5602728,icons/pharmacy.png,OSM
Souss-Massa,Pharmacie El Wafa صيدلية الوفاء,Parapharmacie,Formel,Agadir,30.4226522,-9.5576955,icons/pharmacy.png,OSM
Souss-Massa,Pharmacie Moutaoakil صيدلية متوكل,Parapharmacie,Formel,Agadir,30.4200075,-9.5545375,icons/pharmacy.png,OSM
Souss-Massa,Pharmacie Al Qods صيدلية القدس,Parapharmacie,Formel,Agadir,30.4169312,-9.5552081,icons/pharmacy.png,OSM
Souss-Massa,Pharmacie Pasteur صيدلية باستور,Parapharmacie,Formel,Agadir,30.4168341,-9.5586252,icons/pharmacy.png,OSM
Souss-Massa,Pharmacie Rachid صيدلية رشيد,Parapharmacie,Formel,Agadir,30.4143164,-9.5576724,icons/pharmacy.png,OSM
Souss-Massa,Pharmacie Al Fath صيدلية الفتح,Parapharmacie,Formel,"Farhat Hachad, Agadir",30.4131046,-9.5543245,icons/pharmacy.png,OSM
Souss-Massa,Pharmacie La Jeunesse صيدلية الشباب,Parapharmacie,Formel,Agadir,30.4103729,-9.5527953,icons/pharmacy.png,OSM
Souss-Massa,Pharmacie Lotfy صيدلية لوطفي,Parapharmacie,Formel,Agadir,30.4116377,-9.5506139,icons/pharmacy.png,OSM
Souss-Massa,Café mouja,Restaurant,Formel,Café mouja,30.5455857,-9.7129324,icons/restaurant.png,OSM
Souss-Massa,Richies,Café,Formel,Richies,30.4923006,-9.6758501,icons/cafe.png,OSM
Souss-Massa,Restaurant sans nom,Restaurant,Formel,Restaurant sans nom,30.3896415,-8.6929711,icons/restaurant.png,OSM
Souss-Massa,Alimentation Generale,Supérette / Mini-market,Formel,Alimentation Generale,30.543969,-9.7081687,icons/convenience.png,OSM
Souss-Massa,Alimentation Generale,Supérette / Mini-market,Formel,Alimentation Generale,30.5445296,-9.7081694,icons/convenience.png,OSM
Souss-Massa,مقهى أوبركا,Café,Formel,مقهى أوبركا,29.1768531,-9.712909,icons/cafe.png,OSM
Souss-Massa,مقهى أنير,Café,Formel,مقهى أنير,29.176974,-9.7128388,icons/cafe.png,OSM
Souss-Massa,Café sans nom,Café,Formel,Café sans nom,30.513032,-9.6802573,icons/cafe.png,OSM
Souss-Massa,Parapharmacie sans nom,Parapharmacie,Formel,Parapharmacie sans nom,30.5126527,-9.6817056,icons/pharmacy.png,OSM
Souss-Massa,Café sans nom,Café,Formel,Café sans nom,30.4081712,-9.5873711,icons/cafe.png,OSM
Souss-Massa,Restaurant Azzar,Restaurant,Formel,Restaurant Azzar,30.4690328,-8.8824972,icons/restaurant.png,OSM
Souss-Massa,مطعم الرباطي,Restaurant,Formel,Rue Iligh,30.4026674,-9.5502484,icons/restaurant.png,OSM
Souss-Massa,café tizi,Restaurant,Formel,café tizi,30.0716065,-9.1541016,icons/restaurant.png,OSM
Souss-Massa,Pharmacie 20 Aout صيدلية 20 غشت,Parapharmacie,Formel,"Avenue du 20 Aout, Taroudant",30.4732373,-8.8812673,icons/pharmacy.png,OSM
Souss-Massa,Pharmacie Al Qods صيدلية القدس,Parapharmacie,Formel,"Avenue du 20 Aout, Taroudant",30.4727703,-8.8840119,icons/pharmacy.png,OSM
Souss-Massa,Pharmacie Ouled Bounouna صيدلية أولاد بونونة,Parapharmacie,Formel,"Avenue Al Moukaouama, Taroudant",30.4751137,-8.8840363,icons/pharmacy.png,OSM
Souss-Massa,مقهى فريد,Café,Formel,مقهى فريد,30.4727394,-8.8832176,icons/cafe.png,OSM
Souss-Massa,Grocery store محل مواد غذائية,Supérette / Mini-market,Formel,Grocery store محل مواد غذائية,30.0393589,-8.4477917,icons/convenience.png,OSM
Souss-Massa,Restaurant sans nom,Restaurant,Formel,Restaurant sans nom,29.7535855,-9.0054626,icons/restaurant.png,OSM
Souss-Massa,Senzo,Café,Formel,Senzo,30.4235041,-9.6179518,icons/cafe.png,OSM
Souss-Massa,Parapharmacie sans nom,Parapharmacie,Formel,Parapharmacie sans nom,30.3995782,-9.5593305,icons/pharmacy.png,OSM
Souss-Massa,Café sans nom,Café,Formel,Café sans nom,29.8148013,-8.7699992,icons/cafe.png,OSM
Souss-Massa,Bianca Beach,Restaurant,Formel,Bianca Beach,30.4209263,-9.6169652,icons/restaurant.png,OSM
Souss-Massa,Supérette / Mini-market sans nom,Supérette / Mini-market,Formel,Supérette / Mini-market sans nom,29.9973034,-8.60961,icons/convenience.png,OSM
Souss-Massa,Cafe Blaze,Café,Formel,Cafe Blaze,30.436709,-9.5706299,icons/cafe.png,OSM
Souss-Massa,Cafe Grumium,Café,Formel,Cafe Grumium,30.4361956,-9.5700452,icons/cafe.png,OSM
Souss-Massa,Café,Café,Formel,Café,30.3669756,-9.4194718,icons/cafe.png,OSM
Souss-Massa,Restaurant sans nom,Restaurant,Formel,Restaurant sans nom,30.8382866,-9.8216332,icons/restaurant.png,OSM
Souss-Massa,Restaurant sans nom,Restaurant,Formel,Restaurant sans nom,30.4076191,-9.5982375,icons/restaurant.png,OSM
Souss-Massa,Café sans nom,Café,Formel,Café sans nom,30.914192,-8.2904967,icons/cafe.png,OSM
Souss-Massa,Let’s be Healing Food,Restaurant,Formel,Let’s be Healing Food,30.5131329,-9.6802716,icons/restaurant.png,OSM
Souss-Massa,Boulangerie sans nom,Boulangerie,Formel,Boulangerie sans nom,30.5138293,-9.682316,icons/bakery.png,OSM
Souss-Massa,Café sans nom,Café,Formel,Café sans nom,30.41306,-9.5744771,icons/cafe.png,OSM
Souss-Massa,امين,Café,Formel,امين,30.3603732,-9.4581053,icons/cafe.png,OSM
Souss-Massa,Restaurant sans nom,Restaurant,Formel,Restaurant sans nom,30.3958783,-9.5465216,icons/restaurant.png,OSM
Souss-Massa,Boulangerie sans nom,Boulangerie,Formel,Boulangerie sans nom,30.3970322,-9.5481696,icons/bakery.png,OSM
Souss-Massa,عصير اسكلو,Restaurant,Formel,عصير اسكلو,30.3969349,-9.5483102,icons/restaurant.png,OSM
Souss-Massa,Restaurant sans nom,Restaurant,Formel,Restaurant sans nom,30.3970226,-9.5484126,icons/restaurant.png,OSM
Souss-Massa,Restaurant sans nom,Restaurant,Formel,Av. Moulay Youssef,29.3818222,-10.1752904,icons/restaurant.png,OSM
Souss-Massa,La CrePierre,Restaurant,Formel,La CrePierre,30.8406859,-9.8206786,icons/restaurant.png,OSM
Souss-Massa,Chillax Imsouane,Restaurant,Formel,Chillax Imsouane,30.8440093,-9.819246,icons/restaurant.png,OSM
Souss-Massa,Le Sunset,Restaurant,Formel,Le Sunset,30.8407586,-9.8207605,icons/restaurant.png,OSM
Souss-Massa,Pharmacie Atlas صيدلية أطلس,Parapharmacie,Formel,Tiznit,29.6936677,-9.740902,icons/pharmacy.png,OSM
Souss-Massa,Café restaurant Tigmi,Café,Formel,Café restaurant Tigmi,29.6951554,-9.7419634,icons/cafe.png,OSM
Souss-Massa,Épicerie sans nom,Épicerie,Informel,Épicerie sans nom,29.6956287,-8.9655398,icons/greengrocer.png,OSM
Souss-Massa,Restaurant/Bar LOCOLOCO,Restaurant,Formel,"Boulevard du 20 Août, Agadir",30.4183273,-9.6038006,icons/restaurant.png,OSM
Souss-Massa,Restaurant sans nom,Restaurant,Formel,Restaurant sans nom,30.5129557,-9.6813864,icons/restaurant.png,OSM
Souss-Massa,Café sans nom,Café,Formel,Café sans nom,30.6249407,-9.8799976,icons/cafe.png,OSM
Souss-Massa,Restaurant sans nom,Restaurant,Formel,Restaurant sans nom,30.4697387,-9.5987223,icons/restaurant.png,OSM
Souss-Massa,Café sans nom,Café,Formel,Café sans nom,29.5271604,-9.2391976,icons/cafe.png,OSM
Souss-Massa,Café sans nom,Café,Formel,Café sans nom,29.9676799,-9.6443348,icons/cafe.png,OSM
Souss-Massa,Café sans nom,Café,Formel,Café sans nom,30.4006754,-9.5355976,icons/cafe.png,OSM
Souss-Massa,Restaurant sans nom,Restaurant,Formel,Boulevard Moukhtar Soussi,29.7179798,-8.9785115,icons/restaurant.png,OSM
Souss-Massa,بيتزا سليمان,Restaurant,Formel,بيتزا سليمان,30.4108667,-9.5875791,icons/restaurant.png,OSM
Souss-Massa,كافي الكلاسيكو,Café,Formel,كافي الكلاسيكو,30.3557474,-9.5388224,icons/cafe.png,OSM
Souss-Massa,Café zakaria,Café,Formel,Sahat,29.3924324,-8.2553325,icons/cafe.png,OSM
Souss-Massa,طوطال,Café,Formel,Avenue Mohammed VI شارع محمد السادس,29.0103684,-10.0404027,icons/cafe.png,OSM
Souss-Massa,مطعم بيت المنــــدي الخليجـــي,Restaurant,Formel,مطعم بيت المنــــدي الخليجـــي,30.4161251,-9.5956677,icons/restaurant.png,OSM
Souss-Massa,روزانو,Café,Formel,AV MED V BLOC 3 AZROU,30.3630063,-9.4527795,icons/cafe.png,OSM
Souss-Massa,Pharmacie Al Mosalla صيدلية المصلى,Parapharmacie,Formel,"Boulevard Ibn Sina شارع ابن سينا, Guelmim",29.0006885,-10.0451217,icons/pharmacy.png,OSM
Souss-Massa,Pharmacie Al Qods صيدلية القدس,Parapharmacie,Formel,Guelmim,29.0019464,-10.0502823,icons/pharmacy.png,OSM
Souss-Massa,Pharmacie Wafi صيدلية الوافي,Parapharmacie,Formel,Sidi Ifni,29.3779984,-10.1778153,icons/pharmacy.png,OSM
Souss-Massa,Pharmacie Boulaalam صيدلية بولعالم,Parapharmacie,Formel,Sidi Ifni,29.3766101,-10.171488,icons/pharmacy.png,OSM
Souss-Massa,Pharmacie El Qods صيدلية القدس,Parapharmacie,Formel,Sidi Ifni ⵙⵉⴷⵉ ⵉⴼⵏⵉ سيدي إفني,29.3899751,-10.1602468,icons/pharmacy.png,OSM
Souss-Massa,Pharmacie Aït Baâmrane,Parapharmacie,Formel,Sidi Ifni ⵙⵉⴷⵉ ⵉⴼⵏⵉ سيدي إفني,29.3778921,-10.17126,icons/pharmacy.png,OSM
Souss-Massa,Pharmacie Al Fath صيدلية الفتح,Parapharmacie,Formel,Sidi Ifni ⵙⵉⴷⵉ ⵉⴼⵏⵉ سيدي إفني,29.3896573,-10.160043,icons/pharmacy.png,OSM
Souss-Massa,Pharmacie Lakhssas صيدلية الأخصاص,Parapharmacie,Formel,Lakhsas ⵍⴰⵅⵚⴰⵚ الأخصاص,29.3566554,-9.755191,icons/pharmacy.png,OSM
Souss-Massa,Pharmacie des FAR صيدلية الجيش الملكي,Parapharmacie,Formel,Bouizakarne ⴱⵓⵢⵣⴰⴽⴰⵔⵏ بويزكارن,29.1787174,-9.7122656,icons/pharmacy.png,OSM
Souss-Massa,Pharmacie Arrazi صيدلية الرازي,Parapharmacie,Formel,Bouizakarne ⴱⵓⵢⵣⴰⴽⴰⵔⵏ بويزكارن,29.1798531,-9.7063585,icons/pharmacy.png,OSM
Souss-Massa,Pharmacie Bednaben صيدلية بيدنابن;Bidnaben,Parapharmacie,Formel,Bouizakarne ⴱⵓⵢⵣⴰⴽⴰⵔⵏ بويزكارن,29.1754872,-9.7140881,icons/pharmacy.png,OSM
Souss-Massa,Pharmacie Al Madina صيدلية المدينة,Parapharmacie,Formel,Bouizakarne ⴱⵓⵢⵣⴰⴽⴰⵔⵏ بويزكارن,29.1800482,-9.7215503,icons/pharmacy.png,OSM
Souss-Massa,Pharmacie Al Moustakbal صيدلية المستقبل,Parapharmacie,Formel,Tiznit,29.6829293,-9.7154369,icons/pharmacy.png,OSM
Souss-Massa,Pharmacie Hay Al Wahda صيدلية حي الوحدة,Parapharmacie,Formel,Tiznit,29.6877277,-9.7280598,icons/pharmacy.png,OSM
Souss-Massa,Pharmacie Principale الصيدلية الرئيسية,Parapharmacie,Formel,Tafraout,29.7204644,-8.9718394,icons/pharmacy.png,OSM
Souss-Massa,Pharmacie Ennakhil صيدلية النخيل,Parapharmacie,Formel,Tiznit,29.6837943,-9.7199515,icons/pharmacy.png,OSM
Souss-Massa,Pharmacie Ibn Sina صيدلية ابن سينا,Parapharmacie,Formel,Tiznit,29.6874947,-9.7237683,icons/pharmacy.png,OSM
Souss-Massa,Pharmacie Issafarn صيدلية إسفارن,Parapharmacie,Formel,Tafraout,29.7240627,-8.9720113,icons/pharmacy.png,OSM
Souss-Massa,Pharmacie Al Amal صيدلية الأمل,Parapharmacie,Formel,Ph PAA,29.6875879,-9.7356236,icons/pharmacy.png,OSM
Souss-Massa,Pharmacie Afrag صيدلية أفراك,Parapharmacie,Formel,Tiznit,29.6915653,-9.7344676,icons/pharmacy.png,OSM
Souss-Massa,Pharmacie Al Kayrawan صيدلية القيروان,Parapharmacie,Formel,Tiznit,29.6892143,-9.7320348,icons/pharmacy.png,OSM
Souss-Massa,Pharmacie Ighrem صيدلية إغرم,Parapharmacie,Formel,Igherm ⵉⵖⵔⵎ إغرم,30.0899102,-8.4605872,icons/pharmacy.png,OSM
Souss-Massa,Pharmacie Ben Omar صيدلية بن عمر,Parapharmacie,Formel,Tiznit,29.6891071,-9.737646,icons/pharmacy.png,OSM
Souss-Massa,Pharmacie Iligh صيدلية ايليغ,Parapharmacie,Formel,Tiznit,29.6881844,-9.7413367,icons/pharmacy.png,OSM
Souss-Massa,Pharmacie Tiznit صيدلية تزنيت,Parapharmacie,Formel,Tiznit ⵜⵉⵣⵏⵉⵜ تزنيت,29.6974252,-9.7304523,icons/pharmacy.png,OSM
Souss-Massa,Pharmacie Al Bahia صيدلية الباهية,Parapharmacie,Formel,Tiznit ⵜⵉⵣⵏⵉⵜ تزنيت,29.6957314,-9.7321395,icons/pharmacy.png,OSM
Souss-Massa,Pharmacie Europe صيدلية أوروبا,Parapharmacie,Formel,Tiznit,29.6994453,-9.7359696,icons/pharmacy.png,OSM
Souss-Massa,Pharmacie Des Amicales صيدلية لزاميكال,Parapharmacie,Formel,Tiznit,29.6973623,-9.7348807,icons/pharmacy.png,OSM
Souss-Massa,Pharmacie Sud صيدلية الجنوب,Parapharmacie,Formel,Tiznit,29.6979867,-9.7393009,icons/pharmacy.png,OSM
Souss-Massa,Pharmacie El Massira صيدلية المسيرة,Parapharmacie,Formel,Tiznit,29.7017145,-9.7419456,icons/pharmacy.png,OSM
Souss-Massa,Pharmacie Centrale الصيدلية المركزية,Parapharmacie,Formel,Tiznit,29.6979541,-9.7368226,icons/pharmacy.png,OSM
Souss-Massa,Pharmacie Ikram صيدلية اكرام,Parapharmacie,Formel,Tiznit,29.7025719,-9.7372839,icons/pharmacy.png,OSM
Souss-Massa,Pharmacie Charif Idrissi صيدلية الشريف الادريسي,Parapharmacie,Formel,Tiznit,29.7049436,-9.7363398,icons/pharmacy.png,OSM
Souss-Massa,Pharmacie De La Santé صيدلية الصحة,Parapharmacie,Formel,Tiznit,29.6996782,-9.7430989,icons/pharmacy.png,OSM
Souss-Massa,Pharmacie Provinciale الصيدلية الاقليمية,Parapharmacie,Formel,Tiznit,29.6936625,-9.723737,icons/pharmacy.png,OSM
Souss-Massa,Pharmacie Abouzaid صيدلية أبو زيد,Parapharmacie,Formel,Tiznit,29.7042633,-9.7402129,icons/pharmacy.png,OSM
Souss-Massa,Pharmacie De L'Hôpital صيدلية المستشفى,Parapharmacie,Formel,Tiznit,29.7045988,-9.7421387,icons/pharmacy.png,OSM
Souss-Massa,Pharmacie Narjou Achifaa صيدلية نرجو الشفاء,Parapharmacie,Formel,Tiznit,29.7059267,-9.7460065,icons/pharmacy.png,OSM
Souss-Massa,Pharmacie Erac صيدلية ايراك,Parapharmacie,Formel,Tiznit,29.6962466,-9.7424373,icons/pharmacy.png,OSM
Souss-Massa,Pharmacie Azioual صيدلية أزيوال,Parapharmacie,Formel,Tiznit,29.6909066,-9.7177143,icons/pharmacy.png,OSM
Souss-Massa,Pharmacie Guennouni Med صيدلية كنوني محمد,Parapharmacie,Formel,Tiznit,29.6920196,-9.7483073,icons/pharmacy.png,OSM
Souss-Massa,Pharmacie Assouk صيدلية السوق,Parapharmacie,Formel,Tiznit,29.6918665,-9.7229714,icons/pharmacy.png,OSM
Souss-Massa,Pharmacie Nouvelle الصيدلية الجديدة,Parapharmacie,Formel,"Avenue Sidi Abderrahmane, Tiznit ⵜⵉⵣⵏⵉⵜ تزنيت",29.6948045,-9.726973,icons/pharmacy.png,OSM
Souss-Massa,Pharmacie Attakwine صيدلية التكوين,Parapharmacie,Formel,Tiznit,29.6906789,-9.7174871,icons/pharmacy.png,OSM
Souss-Massa,Pharmacie Route Guelmim صيدلية طريق كلميم,Parapharmacie,Formel,Tiznit,29.6905676,-9.7242396,icons/pharmacy.png,OSM
Souss-Massa,Pharmacie La Grande الصيدلية الكبرى,Parapharmacie,Formel,Tiznit ⵜⵉⵣⵏⵉⵜ تزنيت,29.6940845,-9.7327094,icons/pharmacy.png,OSM
Souss-Massa,Pharmacie Abi صيدلية أبي,Parapharmacie,Formel,Aoulouz,30.6695374,-8.1798482,icons/pharmacy.png,OSM
Souss-Massa,Pharmacie Aoulouz صيدلية أولوز,Parapharmacie,Formel,Aoulouz ⴰⵡⵍⵓⵣ اولوز,30.6728902,-8.1796013,icons/pharmacy.png,OSM
Souss-Massa,Pharmacie Peuple صيدلية الشعب,Parapharmacie,Formel,Tiznit,29.6966358,-9.7364701,icons/pharmacy.png,OSM
Souss-Massa,Pharmacie Fouk El Wad صيدلية فوق الواد,Parapharmacie,Formel,Tiznit ⵜⵉⵣⵏⵉⵜ تزنيت,29.703303,-9.7283899,icons/pharmacy.png,OSM
Souss-Massa,Pharmacie Ahl Souss صيدلية أهل سوس,Parapharmacie,Formel,"Avenue Mohamed V, Aoulouz",30.671122,-8.1784325,icons/pharmacy.png,OSM
Souss-Massa,Pharmacie Iliass صيدلية الياس,Parapharmacie,Formel,Tiznit ⵜⵉⵣⵏⵉⵜ تزنيت,29.6943173,-9.7330168,icons/pharmacy.png,OSM
Souss-Massa,Pharmacie Ait Maten صيدلية أيت ماتن,Parapharmacie,Formel,Aoulouz ⴰⵡⵍⵓⵣ اولوز,30.6741381,-8.1806167,icons/pharmacy.png,OSM
Souss-Massa,Pharmacie Bougdour صيدلية بوكدور,Parapharmacie,Formel,Biougra بيوكرى,30.2130171,-9.3687232,icons/pharmacy.png,OSM
Souss-Massa,Pharmacie L'arganier صيدلية شجرة أركان,Parapharmacie,Formel,Oulad Berhil,30.6388734,-8.4766855,icons/pharmacy.png,OSM
Souss-Massa,Pharmacie La Fontaine صيدلية النافورة,Parapharmacie,Formel,Oulad Berhil ⵡⵍⴰⴷ ⴱⴰⵔⵃⵉⵍ اولاد برحيل,30.6360953,-8.4770194,icons/pharmacy.png,OSM
Souss-Massa,Pharmacie Touama صيدلية توامة,Parapharmacie,Formel,Biougra ⴱⵢⵓⴳⵔⴰ بيوگرى,30.210039,-9.3632119,icons/pharmacy.png,OSM
Souss-Massa,Pharmacie Route Lkhmis صيدلية طريق الخميس,Parapharmacie,Formel,Biougra,30.2117288,-9.3717177,icons/pharmacy.png,OSM
Souss-Massa,Pharmacie Route Sebt صيدلية طريق السبت,Parapharmacie,Formel,Biougra,30.2110429,-9.368478,icons/pharmacy.png,OSM
Souss-Massa,Pharmacie Biougra صيدلية بيوكرى,Parapharmacie,Formel,Biougra بيوكرى,30.2170809,-9.3710323,icons/pharmacy.png,OSM
Souss-Massa,Pharmacie Ouled Berhil صيدلية أولاد برحيل,Parapharmacie,Formel,Oulad Berhil,30.6395542,-8.4756351,icons/pharmacy.png,OSM
Souss-Massa,Pharmacie Agharass Biougra صيدلية أغاراس بيوكرى,Parapharmacie,Formel,Biougra ⴱⵢⵓⴳⵔⴰ بيوگرى,30.2152843,-9.363898,icons/pharmacy.png,OSM
Souss-Massa,Pharmacie Famille صيدلية الأسرة,Parapharmacie,Formel,Biougra ⴱⵢⵓⴳⵔⴰ بيوگرى,30.2160953,-9.3677007,icons/pharmacy.png,OSM
Souss-Massa,Pharmacie Riad Hida صيدلية رياض حيدا,Parapharmacie,Formel,Oulad Berhil,30.6387626,-8.4703689,icons/pharmacy.png,OSM
Souss-Massa,Pharmacie Ibn Rochd صيدلية ابن رشد,Parapharmacie,Formel,Biougra,30.2198341,-9.3752861,icons/pharmacy.png,OSM
Souss-Massa,Pharmacie Al Majd صيدلية المجد,Parapharmacie,Formel,Oulad Berhil ⵡⵍⴰⴷ ⴱⴰⵔⵃⵉⵍ اولاد برحيل,30.6419435,-8.4733767,icons/pharmacy.png,OSM
Souss-Massa,Pharmacie L'Hôpital صيدلية المستشفى,Parapharmacie,Formel,Biougra,30.2138079,-9.3766648,icons/pharmacy.png,OSM
Souss-Massa,Pharmacie Lachali صيدلية لاشالي,Parapharmacie,Formel,Biougra,30.2211923,-9.3769437,icons/pharmacy.png,OSM
Souss-Massa,Pharmacie Achkid صيدلية أشكيد,Parapharmacie,Formel,Biougra ⴱⵢⵓⴳⵔⴰ بيوگرى,30.2147505,-9.3687626,icons/pharmacy.png,OSM
Souss-Massa,Pharmacie Oumelloul صيدلية أوملول,Parapharmacie,Formel,Biougra,30.2183674,-9.3732514,icons/pharmacy.png,OSM
Souss-Massa,Pharmacie Rbouh صيدلية ربوح,Parapharmacie,Formel,Biougra,30.2208446,-9.3710965,icons/pharmacy.png,OSM
Souss-Massa,Pharmacie Al Falah صيدلية الفلاح,Parapharmacie,Formel,Biougra,30.2184435,-9.3791485,icons/pharmacy.png,OSM
Souss-Massa,Pharmacie Sidi Said صيدلية سيدي سعيد,Parapharmacie,Formel,Biougra,30.2217207,-9.3677598,icons/pharmacy.png,OSM
Souss-Massa,Pharmacie Peuple صيدلية الشعب,Parapharmacie,Formel,Biougra بيوكرى,30.2191202,-9.3676955,icons/pharmacy.png,OSM
Souss-Massa,Pharmacie Bab Ait Saih صيدلية باب أيت سايح,Parapharmacie,Formel,Biougra ⴱⵢⵓⴳⵔⴰ بيوگرى,30.2174932,-9.3570954,icons/pharmacy.png,OSM
Souss-Massa,Pharmacie Assafaa صيدلية الصفاء,Parapharmacie,Formel,Biougra,30.2252527,-9.3846899,icons/pharmacy.png,OSM
Souss-Massa,Pharmacie Chifaa صيدلية الشفاء,Parapharmacie,Formel,Biougra,30.2238714,-9.3677545,icons/pharmacy.png,OSM
Souss-Massa,Phamacie El Mers صيدلية المرس,Parapharmacie,Formel,Tiznit ⵜⵉⵣⵏⵉⵜ تزنيت,29.6990167,-9.7254198,icons/pharmacy.png,OSM
Souss-Massa,Pharmacie Elmokhtar Soussi صيدلية المختار السوسي,Parapharmacie,Formel,Tiznit ⵜⵉⵣⵏⵉⵜ تزنيت,29.6959498,-9.729636,icons/pharmacy.png,OSM
Souss-Massa,Pharamcie El Ikhlass صيدلية الإخلاص,Parapharmacie,Formel,Ait Iaaza,30.5045466,-8.7980666,icons/pharmacy.png,OSM
Souss-Massa,Pharmacie PAM صيدلية بام,Parapharmacie,Formel,Ait Iaaza,30.5062901,-8.8002594,icons/pharmacy.png,OSM
Souss-Massa,Pharmacie Khair صيدلية الخير,Parapharmacie,Formel,Ait Iaaza ⴰⵢⵜ ⵉⵄⵣⴰ آيت ايعزة,30.5061009,-8.7931377,icons/pharmacy.png,OSM
Souss-Massa,Pharmacie Soussi صيدلية السوسي,Parapharmacie,Formel,Ait Iaaza ⴰⵢⵜ ⵉⵄⵣⴰ آيت ايعزة,30.5071605,-8.8025796,icons/pharmacy.png,OSM
Souss-Massa,Pharmacie Adrar صيدلية أدرار,Parapharmacie,Formel,Ait Baha ⴰⵉⵜ ⴱⴰⵀⴰ ايت باها,30.0715018,-9.1547857,icons/pharmacy.png,OSM
Souss-Massa,Grande Pharmacie Ait Baha الصيدلية الكبرى ايت باها,Parapharmacie,Formel,Ait Baha ⴰⵉⵜ ⴱⴰⵀⴰ ايت باها,30.0722715,-9.1536783,icons/pharmacy.png,OSM
Souss-Massa,Pharmacie Azmani صيدلية أزماني,Parapharmacie,Formel,"Route P1714, Guerdane ⵍⴳⵔⴷⴰⵏ الكردان",30.3788679,-9.0168594,icons/pharmacy.png,OSM
Souss-Massa,Pharmacie El Guerdane صيدلية الكردان,Parapharmacie,Formel,"Route P1714, Guerdane ⵍⴳⵔⴷⴰⵏ الكردان",30.3789438,-9.0180959,icons/pharmacy.png,OSM
Souss-Massa,Pharmacie du Centre صيدلية المركز,Parapharmacie,Formel,Sebt Guerdane ⵙⴱⵜ ⵍⴳⵔⴷⴰⵏ سبت الكردان,30.3774051,-9.021163,icons/pharmacy.png,OSM
Souss-Massa,Pharmacie Mahane صيدلية مهان,Parapharmacie,Formel,Sebt Guerdane,30.3802547,-9.018617,icons/pharmacy.png,OSM
Souss-Massa,Pharmacie Les Orangers صيدلية البرتقال,Parapharmacie,Formel,OULAD TEIMA,30.3947366,-9.2098313,icons/pharmacy.png,OSM
Souss-Massa,Pharmacie Ouled Teima صيدلية اولاد تايمة,Parapharmacie,Formel,Ouled-Teima ⴰⵡⵍⴰⴷ ⵜⴰⵢⵎⴰ أولاد تايمة,30.3921777,-9.2141298,icons/pharmacy.png,OSM
Souss-Massa,Pharmacie Belghali صيدلية بلغالي,Parapharmacie,Formel,Ouled-Teima ⴰⵡⵍⴰⴷ ⵜⴰⵢⵎⴰ أولاد تايمة,30.3939903,-9.2141966,icons/pharmacy.png,OSM
Souss-Massa,Pharmacie du Souk صيدلية السوق,Parapharmacie,Formel,"route Souk Lakhmiss, Oulad-Teima",30.3916316,-9.2100804,icons/pharmacy.png,OSM
Souss-Massa,Pharmacie Conseil صيدلية النصيحة,Parapharmacie,Formel,Oulad-Teima,30.3889886,-9.2090952,icons/pharmacy.png,OSM
Souss-Massa,Pharmacie 44 صيدلية,Parapharmacie,Formel,Oulad-Teima,30.390112,-9.2139351,icons/pharmacy.png,OSM
Souss-Massa,Nouvelle Pharmacie الصيدلية الجديدة,Parapharmacie,Formel,Oulad-Teima,30.3911583,-9.2167999,icons/pharmacy.png,OSM
Souss-Massa,Pharmacie Ouled Said صيدلية أولاد سعيد,Parapharmacie,Formel,Oulad-Teima,30.3885664,-9.2164424,icons/pharmacy.png,OSM
Souss-Massa,Pharmacie Ahl Souss صيدلية أهل سوس,Parapharmacie,Formel,Sidi Bibi ⵙⵉⴷⵉ ⴱⵉⴱⵉ سيدي بيبي,30.2388515,-9.5259813,icons/pharmacy.png,OSM
Souss-Massa,Pharmacie Houara صيدلية هوارة,Parapharmacie,Formel,"Avenue Mohamed V, Oulad-Teima",30.3925106,-9.2166357,icons/pharmacy.png,OSM
Souss-Massa,Pharmacie Chrarda صيدلية شراردة,Parapharmacie,Formel,"Avenue Mohamed V, Oulad-Teima",30.3916745,-9.217449,icons/pharmacy.png,OSM
Souss-Massa,Pharmacie Sidi Bibi صيدلية سيدي بيبي,Parapharmacie,Formel,Sidi Bibi,30.237526,-9.5269056,icons/pharmacy.png,OSM
Souss-Massa,Pharmacie Principale الصيدلية الرئيسية,Parapharmacie,Formel,Sidi Bibi ⵙⵉⴷⵉ ⴱⵉⴱⵉ سيدي بيبي,30.2367966,-9.5267207,icons/pharmacy.png,OSM
Souss-Massa,Pharmacie Al Nass صيدلية الناس,Parapharmacie,Formel,Sidi Bibi,30.2369509,-9.530381,icons/pharmacy.png,OSM
Souss-Massa,Pharmacie Attakadoum صيدلية التقدم,Parapharmacie,Formel,Ouled-Teima ⴰⵡⵍⴰⴷ ⵜⴰⵢⵎⴰ أولاد تايمة,30.3956548,-9.2142502,icons/pharmacy.png,OSM
Souss-Massa,Pharmacie Anahda Alkobra صيدلية النهضة الكبرى,Parapharmacie,Formel,Oulad-Teima,30.3812437,-9.2201105,icons/pharmacy.png,OSM
Souss-Massa,Pharmacie El Hadi صيدلية الهادي,Parapharmacie,Formel,"Avenue Mohamed V, Ouled Teima ⴰⵡⵍⴰⴷ ⵜⴰⵢⵎⴰ أولاد تايمة",30.3903182,-9.2231655,icons/pharmacy.png,OSM
Souss-Massa,Pharmacie Ouakssim صيدلية واقسيم,Parapharmacie,Formel,Lqliaa القليعة,30.2930423,-9.4566677,icons/pharmacy.png,OSM
Souss-Massa,Pharmacie Al Mostawssaf صيدلية المستوصف,Parapharmacie,Formel,Lqliaa,30.3003697,-9.4690893,icons/pharmacy.png,OSM
Souss-Massa,Pharmacie Ayour صيدلية أيور,Parapharmacie,Formel,Lqliaa ⴰⵍⵇⵍⵉⵄⴰ القليعة,30.2865615,-9.4514016,icons/pharmacy.png,OSM
Souss-Massa,Pharmacie La Kasbah صيدلية القصبة,Parapharmacie,Formel,Lqliaa,30.288693,-9.4533377,icons/pharmacy.png,OSM
Souss-Massa,Pharmacie Du Quartier صيدلية الحي,Parapharmacie,Formel,Lqliaa ⴰⵍⵇⵍⵉⵄⴰ القليعة,30.2977941,-9.461015,icons/pharmacy.png,OSM
Souss-Massa,Pharmacie Jnanat Sidi Daouad صيدلية جنانات سيدي داوود,Parapharmacie,Formel,Lqliaa,30.2912926,-9.4504594,icons/pharmacy.png,OSM
Souss-Massa,Pharmacie Santé صيدلية الصحة,Parapharmacie,Formel,Oulad-Teima,30.382474,-9.2214847,icons/pharmacy.png,OSM
Souss-Massa,Pharmacie La Source صيدلية لعوينة,Parapharmacie,Formel,Lqliaa القليعة,30.2944828,-9.4585199,icons/pharmacy.png,OSM
Souss-Massa,Pharmacie Souk صيدلية السوق,Parapharmacie,Formel,Lqliaa,30.2923937,-9.4614586,icons/pharmacy.png,OSM
Souss-Massa,Pharmacie Boukhrisse صيدلية بوخريص,Parapharmacie,Formel,Ouled Teima ⴰⵡⵍⴰⴷ ⵜⴰⵢⵎⴰ أولاد تايمة,30.4015748,-9.2289155,icons/pharmacy.png,OSM
Souss-Massa,Pharmacie Mounawar صيدلية منور,Parapharmacie,Formel,Lqliaa,30.2931333,-9.4724518,icons/pharmacy.png,OSM
Souss-Massa,Pharmacie Lkhmayess صيدلية لخمايس,Parapharmacie,Formel,Lqliaa,30.2934897,-9.4727784,icons/pharmacy.png,OSM
Souss-Massa,Pharmacie El Ouahhabi صيدلية الوهابي,Parapharmacie,Formel,Lqliaa القليعة,30.2952775,-9.4564119,icons/pharmacy.png,OSM
Souss-Massa,Pharmacie Jerada صيدلية جرادة,Parapharmacie,Formel,Lqliaa,30.2967193,-9.4644719,icons/pharmacy.png,OSM
Souss-Massa,Pharmacie Radouani صيدلية الرضواني,Parapharmacie,Formel,"Avenue Takaddoum, Oulad-Teima",30.4000299,-9.2142612,icons/pharmacy.png,OSM
Souss-Massa,Pharmacie Ben Jillali صيدلية بن جلالي,Parapharmacie,Formel,Lqliaa ⴰⵍⵇⵍⵉⵄⴰ القليعة,30.299277,-9.4623165,icons/pharmacy.png,OSM
Souss-Massa,Pharmacie Al Houda صيدلية الهدى,Parapharmacie,Formel,Lqliaa,30.2961288,-9.4674482,icons/pharmacy.png,OSM
Souss-Massa,Pharmacie Al Izdihar صيدلية الازدهار,Parapharmacie,Formel,Lqliaa,30.2938462,-9.4683602,icons/pharmacy.png,OSM
Souss-Massa,Pharmacie Place Des Fêtes صيدلية ساحة الحفلات,Parapharmacie,Formel,Lqliaa,30.2968896,-9.4734809,icons/pharmacy.png,OSM
Souss-Massa,Pharmacie Lotfi صيدلية لطفي,Parapharmacie,Formel,Ouled Teima ⴰⵡⵍⴰⴷ ⵜⴰⵢⵎⴰ أولاد تايمة,30.3997969,-9.2184202,icons/pharmacy.png,OSM
Souss-Massa,Pharmacie Cheninat صيدلية شنينات,Parapharmacie,Formel,Ouled Teima ⴰⵡⵍⴰⴷ ⵜⴰⵢⵎⴰ أولاد تايمة,30.4072453,-9.21899,icons/pharmacy.png,OSM
Souss-Massa,Pharmacie Rteim صيدلية رطيم,Parapharmacie,Formel,Oulad-Teima,30.40268,-9.2219099,icons/pharmacy.png,OSM
Souss-Massa,Pharmacy Al jawhari صيدلية الجوهري,Parapharmacie,Formel,Oulad-Teima,30.4001098,-9.223855,icons/pharmacy.png,OSM
Souss-Massa,Pharmacie Ben Anfar صيدلية بن أنفر,Parapharmacie,Formel,Lqliaa,30.3038978,-9.4701161,icons/pharmacy.png,OSM
Souss-Massa,Pharmacie Lycée صيدلية الثانوية,Parapharmacie,Formel,Lqliaa,30.3082949,-9.4705744,icons/pharmacy.png,OSM
Souss-Massa,Pharmacie Al Anwar صيدلية الأنوار,Parapharmacie,Formel,Lqliaa ⴰⵍⵇⵍⵉⵄⴰ القليعة,30.3005573,-9.4640246,icons/pharmacy.png,OSM
Souss-Massa,Pharmacie La Santé صيدلية الصحة,Parapharmacie,Formel,Lqliaa,30.3023067,-9.4773058,icons/pharmacy.png,OSM
Souss-Massa,Pharmacie Lqliaa صيدلية القليعة,Parapharmacie,Formel,Lqliaa,30.3041611,-9.4691201,icons/pharmacy.png,OSM
Souss-Massa,Pharmacie Arrahman صيدلية الرحمان,Parapharmacie,Formel,Lqliaa,30.3033189,-9.4664624,icons/pharmacy.png,OSM
Souss-Massa,Pharmacie Al Fajr صيدلية الفجر,Parapharmacie,Formel,"Avenue Hassane II, Oulad-Teima",30.4071403,-9.2235217,icons/pharmacy.png,OSM
Souss-Massa,Pharmacie Qweit Lqliaa صيدلية كويت لقليعة,Parapharmacie,Formel,Lqliaa,30.3057478,-9.4721582,icons/pharmacy.png,OSM
Souss-Massa,Pharmacie El Fath صيدلية الفتح,Parapharmacie,Formel,Lqliaa,30.3111836,-9.4766689,icons/pharmacy.png,OSM
Souss-Massa,Pharmacie Laazib صيدلية العزيب,Parapharmacie,Formel,Lqliaa,30.317993,-9.4813194,icons/pharmacy.png,OSM
Souss-Massa,Pharmacie Al Wiam صيدلية الوئام,Parapharmacie,Formel,Ouled Teima ⴰⵡⵍⴰⴷ ⵜⴰⵢⵎⴰ أولاد تايمة,30.3983731,-9.1902755,icons/pharmacy.png,OSM
Souss-Massa,Pharmacie La Commune صيدلية الجماعة,Parapharmacie,Formel,Lqliaa,30.3095013,-9.476568,icons/pharmacy.png,OSM
Souss-Massa,Pharmacie Principale الصيدلية الرئيسية,Parapharmacie,Formel,Lqliaa,30.3107614,-9.4725464,icons/pharmacy.png,OSM
Souss-Massa,Pharmacie Bab Lqliaa صيدلية باب القليعة,Parapharmacie,Formel,Lqliaa,30.3139718,-9.4751705,icons/pharmacy.png,OSM
Souss-Massa,Pharmacie Anwal صيدلية أنوال,Parapharmacie,Formel,"Avenue Mohamed V, Ouled Teima ⴰⵡⵍⴰⴷ ⵜⴰⵢⵎⴰ أولاد تايمة",30.401048,-9.1898796,icons/pharmacy.png,OSM
Souss-Massa,Pharmacie Douar Laazib صيدلية دوار العزيب,Parapharmacie,Formel,Lqliaa,30.317483,-9.478096,icons/pharmacy.png,OSM
Souss-Massa,Pharmacie Chliouate صيدلية شليوط,Parapharmacie,Formel,"Avenue Mohamed V, Ouled Teima ⴰⵡⵍⴰⴷ ⵜⴰⵢⵎⴰ أولاد تايمة",30.4026931,-9.1860594,icons/pharmacy.png,OSM
Souss-Massa,Pharmacie Al Massira صيدلية المسيرة,Parapharmacie,Formel,Ouled Teima ⴰⵡⵍⴰⴷ ⵜⴰⵢⵎⴰ أولاد تايمة,30.3921274,-9.2190357,icons/pharmacy.png,OSM
Souss-Massa,Pharmacie Agadir صيدلية أكادير,Parapharmacie,Formel,"Avenue Mohamed V, OULAD TEIMA",30.3937106,-9.2111737,icons/pharmacy.png,OSM
Souss-Massa,Pharmacie Al Azhar صيدلية الأزهر,Parapharmacie,Formel,"Avenue Hassan II, Oulad-Teima",30.3957587,-9.2189698,icons/pharmacy.png,OSM
Souss-Massa,Pharmacie Mekka صيدلية مكة,Parapharmacie,Formel,"Avenue Hassan II, Oulad-Teima",30.404751,-9.2223662,icons/pharmacy.png,OSM
Souss-Massa,Pharmacie Zineb صيدلية زينب,Parapharmacie,Formel,Ait Amira,30.1751185,-9.4868183,icons/pharmacy.png,OSM
Souss-Massa,Pharmacie Tantaoui صيدلية طنطاوي,Parapharmacie,Formel,Ait Amira,30.1713845,-9.4820367,icons/pharmacy.png,OSM
Souss-Massa,Pharmacie La Poste صيدلية البريد,Parapharmacie,Formel,Ait Amira,30.1764429,-9.4868798,icons/pharmacy.png,OSM
Souss-Massa,Pharmacie Asrir صيدلية أسرير,Parapharmacie,Formel,Aït Amira ⴰⵢⵜ ⵄⵎⵉⵔⴰ آيت اعميرة,30.1764165,-9.4899094,icons/pharmacy.png,OSM
Souss-Massa,Pharmacie Al Fajr صيدلية الفجر,Parapharmacie,Formel,Ait Amira,30.1765699,-9.4922962,icons/pharmacy.png,OSM
Souss-Massa,Pharmacie Du Centre صيدلية المركز,Parapharmacie,Formel,Ait Amira,30.1742894,-9.4917717,icons/pharmacy.png,OSM
Souss-Massa,Pharmacie Jnane Essada صيدلية جنان السعادة,Parapharmacie,Formel,Aït Amira,30.1763403,-9.49725,icons/pharmacy.png,OSM
Souss-Massa,Pharmacie Ait Amira صيدلية أيت عميرة,Parapharmacie,Formel,Ait Amira,30.1790241,-9.4854759,icons/pharmacy.png,OSM
Souss-Massa,Pharmacie Chaabe صيدلية الشعب,Parapharmacie,Formel,Ait Amira آيت اعميرة,30.1793656,-9.4891404,icons/pharmacy.png,OSM
Souss-Massa,Pharmacie Tin Amara صيدلية تين عمارة,Parapharmacie,Formel,Tin 'Amara,30.1703547,-9.5040521,icons/pharmacy.png,OSM
Souss-Massa,Pharmacie Al Maadyate صيدلية المعديات,Parapharmacie,Formel,"Avenue Hassan II شارع الحسن الثاني, Taroudant",30.4651652,-8.873134,icons/pharmacy.png,OSM
Souss-Massa,Pharmacie Jnane Jamaa صيدلية جنان الجامع,Parapharmacie,Formel,Taroudant,30.4663175,-8.8796708,icons/pharmacy.png,OSM
Souss-Massa,Pharmacie Jawad صيدلية جواد,Parapharmacie,Formel,"Avenue Moukhtar Soussi, Taroudant",30.469068,-8.8746934,icons/pharmacy.png,OSM
Souss-Massa,Pharmacie du Sud صيدلية الجنوب,Parapharmacie,Formel,Taroudant,30.4686501,-8.880126,icons/pharmacy.png,OSM
Souss-Massa,Pharmacie Kasbah صيدلية القصبة,Parapharmacie,Formel,"Avenue Moulay Rachid شارع مولاي رشيد, Taroudant",30.4720177,-8.8747474,icons/pharmacy.png,OSM
Souss-Massa,Pharmacie Jamaa Lakbir صيدلية جامع الكبير,Parapharmacie,Formel,Taroudant,30.4677963,-8.8786401,icons/pharmacy.png,OSM
Souss-Massa,Pharmacie Des Saadiens صيدلية السعديين,Parapharmacie,Formel,Taroudant ⵜⴰⵔⵓⴷⴰⵏⵜ تارودانت,30.4702135,-8.8795699,icons/pharmacy.png,OSM
Souss-Massa,Pharmacie Sidi O Sidi صيدلية سيدي وسيدي,Parapharmacie,Formel,Taroudant ⵜⴰⵔⵓⴷⴰⵏⵜ تارودانت,30.471097,-8.8814565,icons/pharmacy.png,OSM
Souss-Massa,Pharmacie Ibn Sina صيدلية ابن سينا,Parapharmacie,Formel,"Avenue Moulay Rachid شارع مولاي رشيد, Taroudant",30.4729886,-8.8786487,icons/pharmacy.png,OSM
Souss-Massa,Pharmacie Lahbab صيدلية الأحباب,Parapharmacie,Formel,"Avenue Brahim Roudani, Taroudant",30.4742399,-8.8780987,icons/pharmacy.png,OSM
Souss-Massa,Pharmacie Al Massjid صيدلية المسجد,Parapharmacie,Formel,Taroudant,30.4721487,-8.866345,icons/pharmacy.png,OSM
Souss-Massa,Pharmacie Nadim صيدلية نديم,Parapharmacie,Formel,"Route Sidi Borja, Taroudant",30.4694926,-8.861658,icons/pharmacy.png,OSM
Souss-Massa,Pharmacie Tafelagt صيدلية تافلاكت,Parapharmacie,Formel,"rue Tafelaget, Taroudant",30.4770399,-8.8788447,icons/pharmacy.png,OSM
Souss-Massa,Pharmacie Bab El Khmiss صيدلية باب الخميس,Parapharmacie,Formel,"Avenue Brahim Roudani, Taroudant",30.4765259,-8.8768706,icons/pharmacy.png,OSM
Souss-Massa,Pharmacie Mentaga صيدلية منتاكة,Parapharmacie,Formel,Taroudant,30.4780982,-8.8746825,icons/pharmacy.png,OSM
Souss-Massa,Pharmacie Al Nour صيدلية النور,Parapharmacie,Formel,Taroudant,30.4755636,-8.8808963,icons/pharmacy.png,OSM
Souss-Massa,Pharmacie Hay Hassani صيدلية الحي الحسني,Parapharmacie,Formel,Taroudant,30.4775508,-8.8819674,icons/pharmacy.png,OSM
Souss-Massa,Pharmacie Zraib صيدلية زرايب,Parapharmacie,Formel,"Avenue Al Ouahda, Taroudant",30.4766525,-8.8891343,icons/pharmacy.png,OSM
Souss-Massa,Pharmacie Ibn Rochd صيدلية إبن رشد,Parapharmacie,Formel,"Rue Sidi Belkass, Taroudant",30.470455,-8.8946,icons/pharmacy.png,OSM
Souss-Massa,Pharmacie Mhaita صيدلية المحايطة,Parapharmacie,Formel,Taroudant,30.4776338,-8.8631478,icons/pharmacy.png,OSM
Souss-Massa,Pharmacie Oasis صيدلية لوازيس,Parapharmacie,Formel,Taroudant,30.4743521,-8.8605937,icons/pharmacy.png,OSM
Souss-Massa,Pharmacie Principale الصيدلية الرئيسية,Parapharmacie,Formel,"Avenue du 20 Aout, Taroudant",30.4695641,-8.8842913,icons/pharmacy.png,OSM
Souss-Massa,Pharmacie Bab Targhount صيدلية باب تارغونت,Parapharmacie,Formel,"Avenue Mohammed V شارع محمد الخامس, Taroudant",30.4694033,-8.887357,icons/pharmacy.png,OSM
Souss-Massa,Pharmacie Lastah صيدلية لاسطاح,Parapharmacie,Formel,Taroudant,30.486599,-8.873825,icons/pharmacy.png,OSM
Souss-Massa,Pharmacie Sidi Belkas صيدلية سيدي بلقاس,Parapharmacie,Formel,"Rue Sidi Belkass, Taroudant",30.4701933,-8.8914184,icons/pharmacy.png,OSM
Souss-Massa,Pharmacie Al Faiz صيدلية الفايز,Parapharmacie,Formel,Taroudant,30.4617231,-8.8926348,icons/pharmacy.png,OSM
Souss-Massa,Pharmacie Akka صيدلية أقا,Parapharmacie,Formel,Taroudant,30.4660692,-8.8842345,icons/pharmacy.png,OSM
Souss-Massa,Pharmacie Ibn Taimia صيدلية ابن تيمية,Parapharmacie,Formel,Temsia ⵜⴻⵎⵙⵉⵢⴰ التمسية,30.3653172,-9.4150756,icons/pharmacy.png,OSM
Souss-Massa,Pharmacie Ait Moussa صيدلية أيت موسى,Parapharmacie,Formel,Temsia,30.3680269,-9.366791,icons/pharmacy.png,OSM
Souss-Massa,Pharmacie Dar Ben Cheikh صيدلية دار بن شيخ,Parapharmacie,Formel,Temsia ⵜⴻⵎⵙⵉⵢⴰ التمسية,30.3640524,-9.4318327,icons/pharmacy.png,OSM
Souss-Massa,Pharmacie Kelthoum صيدلية كلثوم,Parapharmacie,Formel,Temsia ⵜⴻⵎⵙⵉⵢⴰ التمسية,30.3633415,-9.4090033,icons/pharmacy.png,OSM
Souss-Massa,Pharmacie Du Croissant صيدلية الهلال,Parapharmacie,Formel,Temsia,30.3644066,-9.4124272,icons/pharmacy.png,OSM
Souss-Massa,Pharmacie Temsia صيدلية التمسية,Parapharmacie,Formel,Temsia,30.3667163,-9.4190734,icons/pharmacy.png,OSM
Souss-Massa,Pharmacie Al Masjid صيدلية المسجد,Parapharmacie,Formel,Aït Melloul ⴰⵢⵜ ⵎⵍⵍⵓⵍ أيت ملول,30.3614608,-9.4542824,icons/pharmacy.png,OSM
Souss-Massa,Pharmacie Nour Adrar صيدلية نور أدرار,Parapharmacie,Formel,Temsia,30.3647938,-9.4211774,icons/pharmacy.png,OSM
Souss-Massa,Pharmacie Douhi صيدلية دوحي,Parapharmacie,Formel,Aït Melloul ⴰⵢⵜ ⵎⵍⵍⵓⵍ أيت ملول,30.3643346,-9.4540185,icons/pharmacy.png,OSM
Souss-Massa,Pharmacie Al Qods صيدلية القدس,Parapharmacie,Formel,Ait Melloul,30.3629479,-9.4572327,icons/pharmacy.png,OSM
Souss-Massa,Pharmacie La Grande Pharmacie Azrou الصيدلية الكبرى أزرو,Parapharmacie,Formel,Aït Melloul ⴰⵢⵜ ⵎⵍⵍⵓⵍ أيت ملول,30.3603921,-9.4622184,icons/pharmacy.png,OSM
Souss-Massa,Pharmacie Assia صيدلية اسية,Parapharmacie,Formel,Aït Melloul ⴰⵢⵜ ⵎⵍⵍⵓⵍ أيت ملول,30.3522429,-9.4895253,icons/pharmacy.png,OSM
Souss-Massa,Pharmacie Assaiss صيدلية أسايس,Parapharmacie,Formel,Aït Melloul ⴰⵢⵜ ⵎⵍⵍⵓⵍ أيت ملول,30.3623588,-9.4622201,icons/pharmacy.png,OSM
Souss-Massa,Pharmacie Habiba صيدلية حبيبة,Parapharmacie,Formel,Aït Melloul ⴰⵢⵜ ⵎⵍⵍⵓⵍ أيت ملول,30.3599137,-9.4665057,icons/pharmacy.png,OSM
Souss-Massa,Pharmacie Al Moutakbal صيدلية المستقبل,Parapharmacie,Formel,Ait Melloul,30.3474726,-9.4944941,icons/pharmacy.png,OSM
Souss-Massa,Pharmacie Hay El Amal صيدلية حي الأمل,Parapharmacie,Formel,Aït Melloul ⴰⵢⵜ ⵎⵍⵍⵓⵍ أيت ملول,30.3535292,-9.4940826,icons/pharmacy.png,OSM
Souss-Massa,Pharmacie Chouhada صيدلية الشهداء,Parapharmacie,Formel,Aït Melloul ⴰⵢⵜ ⵎⵍⵍⵓⵍ أيت ملول,30.3502464,-9.4929491,icons/pharmacy.png,OSM
Souss-Massa,Pharmacie Al Azhar صيدلية الازهر,Parapharmacie,Formel,Ait Melloul,30.3483704,-9.4900998,icons/pharmacy.png,OSM
Souss-Massa,Pharmacie Essaada صيدلية السعادة,Parapharmacie,Formel,Ait Melloul,30.3429099,-9.4837025,icons/pharmacy.png,OSM
Souss-Massa,Pharmacie Al Hakim صيدلية الحكيم,Parapharmacie,Formel,Ait Melloul,30.344404,-9.4832211,icons/pharmacy.png,OSM
Souss-Massa,Pharmacie Admine صيدلية أدمين,Parapharmacie,Formel,Aït Melloul ⴰⵢⵜ ⵎⵍⵍⵓⵍ أيت ملول,30.3471376,-9.4855269,icons/pharmacy.png,OSM
Souss-Massa,Pharmacie Titrit صيدلية تيتريت,Parapharmacie,Formel,Ait Melloul,30.3446854,-9.4872117,icons/pharmacy.png,OSM
Souss-Massa,Pharmacie Essounni صيدلية السني,Parapharmacie,Formel,Ait Melloul,30.3442834,-9.487367,icons/pharmacy.png,OSM
Souss-Massa,Pharmacie Al Hayat صيدلية الحياة,Parapharmacie,Formel,Ait Melloul,30.3419182,-9.4867536,icons/pharmacy.png,OSM
Souss-Massa,Pharmacie Kolea صيدلية الكلية,Parapharmacie,Formel,"Boulevard Mohammed V شارع محمد الخامس, Aït Melloul ⴰⵢⵜ ⵎⵍⵍⵓⵍ أيت ملول",30.3462605,-9.5013066,icons/pharmacy.png,OSM
Souss-Massa,Pharmacie Ifoulki صيدلية افولكي,Parapharmacie,Formel,Ait Melloul,30.3438958,-9.5171321,icons/pharmacy.png,OSM
Souss-Massa,Pharmacie Tamazart صيدلية تامازارت,Parapharmacie,Formel,Aït Melloul ⴰⵢⵜ ⵎⵍⵍⵓⵍ أيت ملول,30.3480237,-9.5135711,icons/pharmacy.png,OSM
Souss-Massa,Pharmacie Les Chalets صيدلية لشالي,Parapharmacie,Formel,Ait Melloul,30.3415702,-9.5020954,icons/pharmacy.png,OSM
Souss-Massa,Pharmacie Ait Melloul صيدلية أيت ملول,Parapharmacie,Formel,"Boulevard Hassan II شارع الحسن الثاني, Aït Melloul ⴰⵢⵜ ⵎⵍⵍⵓⵍ أيت ملول",30.3438161,-9.5027428,icons/pharmacy.png,OSM
Souss-Massa,Pharmacie Al Chifaa صيدلية الشفاء,Parapharmacie,Formel,Aït Melloul ⴰⵢⵜ ⵎⵍⵍⵓⵍ أيت ملول,30.3482835,-9.5035368,icons/pharmacy.png,OSM
Souss-Massa,Pharmacie Hassania صيدلية حسنية,Parapharmacie,Formel,"Avenue Agadir, Aït Melloul ⴰⵢⵜ ⵎⵍⵍⵓⵍ أيت ملول",30.3461123,-9.5068252,icons/pharmacy.png,OSM
Souss-Massa,Pharmacie Grande Pharmacie Douar Laarab الصيدلية الكبرى دوار العراب,Parapharmacie,Formel,Ait Melloul,30.3413946,-9.5043839,icons/pharmacy.png,OSM
Souss-Massa,Pharmacie Mazine صيدلية مازين,Parapharmacie,Formel,Ait Melloul,30.3396446,-9.5066369,icons/pharmacy.png,OSM
Souss-Massa,Pharmacie Agdal صيدلية أكدال,Parapharmacie,Formel,Ait Melloul,30.3389408,-9.4998724,icons/pharmacy.png,OSM
Souss-Massa,Pharmacie Nouri صيدلية نوري,Parapharmacie,Formel,Aït Melloul ⴰⵢⵜ ⵎⵍⵍⵓⵍ أيت ملول,30.3373528,-9.5044322,icons/pharmacy.png,OSM
Souss-Massa,Pharmacie Avenue Hassan II صيدلية شارع الحسن الثاني,Parapharmacie,Formel,Ait Melloul,30.3338714,-9.50375,icons/pharmacy.png,OSM
Souss-Massa,Pharmacie Amlak Souss صيدلية أملاك سوس,Parapharmacie,Formel,Ait Melloul,30.3347845,-9.508752,icons/pharmacy.png,OSM
Souss-Massa,Pharmacie Amarir صيدلية أمارير,Parapharmacie,Formel,Ait Melloul,30.3364407,-9.5020396,icons/pharmacy.png,OSM
Souss-Massa,Pharmacie Essafaa صيدلية الصفاء,Parapharmacie,Formel,Ait Melloul,30.3315696,-9.506757,icons/pharmacy.png,OSM
Souss-Massa,Pharmacie Lamine صيدلية لامين,Parapharmacie,Formel,Aït Melloul ⴰⵢⵜ ⵎⵍⵍⵓⵍ أيت ملول,30.3281945,-9.4986379,icons/pharmacy.png,OSM
Souss-Massa,Pharmacie Du Souk صيدلية السوق,Parapharmacie,Formel,Ait Melloul,30.3256663,-9.4972431,icons/pharmacy.png,OSM
Souss-Massa,Pharmacie Nouvelle الصيدلية الجديدة,Parapharmacie,Formel,Aït Melloul ⴰⵢⵜ ⵎⵍⵍⵓⵍ أيت ملول,30.3227449,-9.5020023,icons/pharmacy.png,OSM
Souss-Massa,Pharmacie Al Farah صيدلية الفرح,Parapharmacie,Formel,Ait Melloul,30.33362,-9.4999977,icons/pharmacy.png,OSM
Souss-Massa,Pharmacie Attakafoul صيدلية التكافل,Parapharmacie,Formel,Aït Melloul ⴰⵢⵜ ⵎⵍⵍⵓⵍ أيت ملول,30.3221151,-9.5072144,icons/pharmacy.png,OSM
Souss-Massa,Pharmacie Essenhaji Agadir صيدلية الصنهاجي أكادير,Parapharmacie,Formel,Aït Melloul ⴰⵢⵜ ⵎⵍⵍⵓⵍ أيت ملول,30.3172602,-9.5027479,icons/pharmacy.png,OSM
Souss-Massa,Pharmacie Al Mazar صيدلية المزار,Parapharmacie,Formel,Aït Melloul ⴰⵢⵜ ⵎⵍⵍⵓⵍ أيت ملول,30.3183878,-9.5203033,icons/pharmacy.png,OSM
Souss-Massa,Pharmacie Tohmo صيدلية طوهمو,Parapharmacie,Formel,Aït Melloul ⴰⵢⵜ ⵎⵍⵍⵓⵍ أيت ملول,30.3131657,-9.502584,icons/pharmacy.png,OSM
Souss-Massa,Pharmacie Famille صيدلية الأسرة,Parapharmacie,Formel,Aït Melloul ⴰⵢⵜ ⵎⵍⵍⵓⵍ أيت ملول,30.3329827,-9.5257074,icons/pharmacy.png,OSM
Souss-Massa,Pharmacie Kasbat Taher صيدلية قصبة طاهر,Parapharmacie,Formel,Aït Melloul ⴰⵢⵜ ⵎⵍⵍⵓⵍ أيت ملول,30.3324494,-9.5287815,icons/pharmacy.png,OSM
Souss-Massa,Pharmacie Sidi Mimoun صيدلية سيدي ميمون,Parapharmacie,Formel,Aït Melloul ⴰⵢⵜ ⵎⵍⵍⵓⵍ أيت ملول,30.3301159,-9.5210555,icons/pharmacy.png,OSM
Souss-Massa,Pharmacie Al Yasamin صيدلية الياسمين,Parapharmacie,Formel,Aït Melloul ⴰⵢⵜ ⵎⵍⵍⵓⵍ أيت ملول,30.3272765,-9.5246431,icons/pharmacy.png,OSM
Souss-Massa,Pharmacie Al Maghrib Al Arabi صيدلية المغرب العربي,Parapharmacie,Formel,Ait Melloul,30.3289198,-9.504113,icons/pharmacy.png,OSM
Souss-Massa,Pharmacie Al Jissr صيدلية الجسر,Parapharmacie,Formel,Aït Melloul ⴰⵢⵜ ⵎⵍⵍⵓⵍ أيت ملول,30.3417173,-9.515171,icons/pharmacy.png,OSM
Souss-Massa,Pharmacie El Mostafa صيدلية المصطفى,Parapharmacie,Formel,Aït Melloul ⴰⵢⵜ ⵎⵍⵍⵓⵍ أيت ملول,30.3290628,-9.5287019,icons/pharmacy.png,OSM
Souss-Massa,Pharmacie Granada صيدلية غرناطة,Parapharmacie,Formel,Ait Melloul,30.3453879,-9.4960054,icons/pharmacy.png,OSM
Souss-Massa,Pharmacie Moderne الصيدلية الحديثة,Parapharmacie,Formel,Aït Melloul ⴰⵢⵜ ⵎⵍⵍⵓⵍ أيت ملول,30.3486471,-9.5062386,icons/pharmacy.png,OSM
Souss-Massa,Pharmacie Atter صيدلية عاطر,Parapharmacie,Formel,Ait Melloul,30.3361879,-9.5067476,icons/pharmacy.png,OSM
Souss-Massa,Pharmacie Nass Jorf صيدلية ناس الجرف,Parapharmacie,Formel,Inezgane ⵉⵏⴻⵣⴳⴰⵏ إنزگان,30.3440704,-9.5394131,icons/pharmacy.png,OSM
Souss-Massa,Pharmacie El Walidine صيدلية الواليدين,Parapharmacie,Formel,Inezgane ⵉⵏⴻⵣⴳⴰⵏ إنزگان,30.3465812,-9.5387677,icons/pharmacy.png,OSM
Souss-Massa,Pharmacie Jorf صيدلية جرف,Parapharmacie,Formel,Inezgane ⵉⵏⴻⵣⴳⴰⵏ إنزگان,30.3489706,-9.537748,icons/pharmacy.png,OSM
Souss-Massa,Pharmacie Nouvelle الصيدلية الجديدة,Parapharmacie,Formel,Inezgane ⵉⵏⴻⵣⴳⴰⵏ إنزگان,30.3449545,-9.5431523,icons/pharmacy.png,OSM
Souss-Massa,Pharmacie Avicenne صيدلية ابن سينا,Parapharmacie,Formel,Inezgane ⵉⵏⴻⵣⴳⴰⵏ إنزگان,30.3446869,-9.5492761,icons/pharmacy.png,OSM
Souss-Massa,Pharmacie Massdoura صيدلية مصدورا,Parapharmacie,Formel,Inezgane,30.3498871,-9.5399474,icons/pharmacy.png,OSM
Souss-Massa,Pharmacie Bouzgar صيدلية بوزكار,Parapharmacie,Formel,Inezgane ⵉⵏⴻⵣⴳⴰⵏ إنزگان,30.3474382,-9.5353018,icons/pharmacy.png,OSM
Souss-Massa,Pharmacie Grande Pharmacie الصيدلية الكبرى,Parapharmacie,Formel,Inezgane ⵉⵏⴻⵣⴳⴰⵏ إنزگان,30.35135,-9.5386546,icons/pharmacy.png,OSM
Souss-Massa,Pharmacie Taj صيدلية تاج,Parapharmacie,Formel,Inezgane,30.3519425,-9.5413046,icons/pharmacy.png,OSM
Souss-Massa,Pharmacie Al Amaouine صيدلية الأمويين,Parapharmacie,Formel,Inezgane,30.3499167,-9.5526682,icons/pharmacy.png,OSM
Souss-Massa,Pharmacie 10 Ramadan صيدلية 10 رمضان,Parapharmacie,Formel,Inezgane,30.3511,-9.5438205,icons/pharmacy.png,OSM
Souss-Massa,Pharmacie La Grande Mosquée صيدلية المسجد الكبير,Parapharmacie,Formel,Inezgane,30.3494908,-9.5488863,icons/pharmacy.png,OSM
Souss-Massa,Pharmacie Chahir صيدلية شاهير,Parapharmacie,Formel,Inezgane,30.3474849,-9.5420669,icons/pharmacy.png,OSM
Souss-Massa,Pharmacie Les Hôpitaux صيدلية المستشفيات,Parapharmacie,Formel,Inezgane ⵉⵏⴻⵣⴳⴰⵏ إنزگان,30.3522182,-9.5379187,icons/pharmacy.png,OSM
Souss-Massa,Pharmacie Manar صيدلية منار,Parapharmacie,Formel,Inezgane ⵉⵏⴻⵣⴳⴰⵏ إنزگان,30.3474401,-9.5505815,icons/pharmacy.png,OSM
Souss-Massa,Pharmacie Essaada صيدلية السعادة,Parapharmacie,Formel,Inezgane,30.3552733,-9.5383156,icons/pharmacy.png,OSM
Souss-Massa,Pharmacie L'Unité صيدلية الوحدة,Parapharmacie,Formel,Inezgane,30.3519179,-9.5521299,icons/pharmacy.png,OSM
Souss-Massa,Pharmacie Al Wafaa صيدلية الوفاء,Parapharmacie,Formel,Inezgane,30.3523128,-9.5505376,icons/pharmacy.png,OSM
Souss-Massa,Pharmacie Tarraste صيدلية تاراست,Parapharmacie,Formel,Inezgane,30.352322,-9.5475282,icons/pharmacy.png,OSM
Souss-Massa,Pharmacie Al Massira صيدلية المسيرة,Parapharmacie,Formel,Inezgane إنزكان,30.3551854,-9.5334179,icons/pharmacy.png,OSM
Souss-Massa,Pharmacie Zahra صيدلية زهراء,Parapharmacie,Formel,Inezgane,30.3541901,-9.5421297,icons/pharmacy.png,OSM
Souss-Massa,Pharmacie Almogar صيدلية الموكار,Parapharmacie,Formel,Inezgane إنزكان,30.3566204,-9.5318998,icons/pharmacy.png,OSM
Souss-Massa,Pharmacie Argana صيدلية أركانة,Parapharmacie,Formel,Inezgane ⵉⵏⴻⵣⴳⴰⵏ إنزگان,30.3578887,-9.5380152,icons/pharmacy.png,OSM
Souss-Massa,Pharmacie Abir صيدلية عبير,Parapharmacie,Formel,Inezgane ⵉⵏⴻⵣⴳⴰⵏ إنزگان,30.360663,-9.5371498,icons/pharmacy.png,OSM
Souss-Massa,Pharmacie Conseil صيدلية النصيحة,Parapharmacie,Formel,Inezgane ⵉⵏⴻⵣⴳⴰⵏ إنزگان,30.3541547,-9.5589527,icons/pharmacy.png,OSM
Souss-Massa,Pharmacie Al Andalouss صيدلية الأندلس,Parapharmacie,Formel,Inezgane ⵉⵏⴻⵣⴳⴰⵏ إنزگان,30.3616772,-9.5403677,icons/pharmacy.png,OSM
Souss-Massa,Pharmacie Taghazoute صيدلية تغازوت,Parapharmacie,Formel,Inezgane ⵉⵏⴻⵣⴳⴰⵏ إنزگان,30.3599203,-9.5339556,icons/pharmacy.png,OSM
Souss-Massa,Pharmacie Jamal صيدلية جمال,Parapharmacie,Formel,Inezgane ⵉⵏⴻⵣⴳⴰⵏ إنزگان,30.3641032,-9.5396173,icons/pharmacy.png,OSM
Souss-Massa,Pharmacie Amlal صيدلية أملال,Parapharmacie,Formel,Inezgane,30.3551894,-9.5524179,icons/pharmacy.png,OSM
Souss-Massa,Pharmacie Hader صيدلية حاضر,Parapharmacie,Formel,Inezgane,30.3585031,-9.5498036,icons/pharmacy.png,OSM
Souss-Massa,Pharmacie Souk صيدلية السوق,Parapharmacie,Formel,Inezgane ⵉⵏⴻⵣⴳⴰⵏ إنزگان,30.3592935,-9.5301967,icons/pharmacy.png,OSM
Souss-Massa,Pharmacie Hagounia صيدلية الحكونية,Parapharmacie,Formel,Inezgane ⵉⵏⴻⵣⴳⴰⵏ إنزگان,30.360173,-9.5282762,icons/pharmacy.png,OSM
Souss-Massa,Pharmacie Annour صيدلية النور,Parapharmacie,Formel,Inezgane,30.351784,-9.5572448,icons/pharmacy.png,OSM
Souss-Massa,Pharmacie Rmel صيدلية رمل,Parapharmacie,Formel,Inezgane ⵉⵏⴻⵣⴳⴰⵏ إنزگان,30.3559595,-9.5476869,icons/pharmacy.png,OSM
Souss-Massa,Pharmacie Rhal Ben Ahmed صيدلية رحال بن أحمد,Parapharmacie,Formel,Inezgane,30.3585662,-9.5459945,icons/pharmacy.png,OSM
Souss-Massa,Pharmacie Souk Al Houriya صيدلية سوق الحرية,Parapharmacie,Formel,Inezgane ⵉⵏⴻⵣⴳⴰⵏ إنزگان,30.3570403,-9.5263432,icons/pharmacy.png,OSM
Souss-Massa,Pharmacie Jihadia صيدلية جهادية,Parapharmacie,Formel,Dcheira El Jihadia ⴷⵛⵉⵔⴰ ⵍⵊⵉⵀⴰⴷⵉⵢⴰ الدشيرة الجهادية,30.3644272,-9.5262425,icons/pharmacy.png,OSM
Souss-Massa,Pharmacie Al Jihadis صيدلية الجهادي,Parapharmacie,Formel,Dcheira El Jihadia ⴷⵛⵉⵔⴰ ⵍⵊⵉⵀⴰⴷⵉⵢⴰ الدشيرة الجهادية,30.3624794,-9.5300207,icons/pharmacy.png,OSM
Souss-Massa,Pharmacie Rahma صيدلية رحمة,Parapharmacie,Formel,Dcheira El Jihadia ⴷⵛⵉⵔⴰ ⵍⵊⵉⵀⴰⴷⵉⵢⴰ الدشيرة الجهادية,30.3665921,-9.5260101,icons/pharmacy.png,OSM
Souss-Massa,Pharmacie Khouya صيدلية خويا,Parapharmacie,Formel,"Avenue Ali Beni Abi Talib, Dcheira El Jihadia ⴷⵛⵉⵔⴰ ⵍⵊⵉⵀⴰⴷⵉⵢⴰ الدشيرة الجهادية",30.3695953,-9.51961,icons/pharmacy.png,OSM
Souss-Massa,Pharmacie Titrite صيدلية تيتريت,Parapharmacie,Formel,Dcheira El Jihadia ⴷⵛⵉⵔⴰ ⵍⵊⵉⵀⴰⴷⵉⵢⴰ الدشيرة الجهادية,30.3700512,-9.5262245,icons/pharmacy.png,OSM
Souss-Massa,Pharmacie Amougay صيدلية أموكاي,Parapharmacie,Formel,Dcheira El Jihadia ⴷⵛⵉⵔⴰ ⵍⵊⵉⵀⴰⴷⵉⵢⴰ الدشيرة الجهادية,30.3664997,-9.5331602,icons/pharmacy.png,OSM
Souss-Massa,Pharmacie Fetouaki صيدلية فطواكي,Parapharmacie,Formel,Dcheira El Jihadia ⴷⵛⵉⵔⴰ ⵍⵊⵉⵀⴰⴷⵉⵢⴰ الدشيرة الجهادية,30.3644233,-9.5270046,icons/pharmacy.png,OSM
Souss-Massa,Pharmacie Al Amine صيدلية الأمين,Parapharmacie,Formel,Dcheira El Jihadia ⴷⵛⵉⵔⴰ ⵍⵊⵉⵀⴰⴷⵉⵢⴰ الدشيرة الجهادية,30.3663321,-9.5380839,icons/pharmacy.png,OSM
Souss-Massa,Pharmacie Principale الصيدلية الرئيسية,Parapharmacie,Formel,Dcheira El Jihadia ⴷⵛⵉⵔⴰ ⵍⵊⵉⵀⴰⴷⵉⵢⴰ الدشيرة الجهادية,30.371081,-9.535116,icons/pharmacy.png,OSM
Souss-Massa,Pharmacie Al Kaoutar صيدلية الكوثر,Parapharmacie,Formel,Dcheira El Jihadia ⴷⵛⵉⵔⴰ ⵍⵊⵉⵀⴰⴷⵉⵢⴰ الدشيرة الجهادية,30.3689967,-9.5347901,icons/pharmacy.png,OSM
Souss-Massa,Pharmacie Ksima صيدلية كسيما,Parapharmacie,Formel,Dcheira El Jihadia ⴷⵛⵉⵔⴰ ⵍⵊⵉⵀⴰⴷⵉⵢⴰ الدشيرة الجهادية,30.3703588,-9.5372958,icons/pharmacy.png,OSM
Souss-Massa,Pharmacie Hamzaoui صيدلية حمزاوي,Parapharmacie,Formel,Dcheira El Jihadia ⴷⵛⵉⵔⴰ ⵍⵊⵉⵀⴰⴷⵉⵢⴰ الدشيرة الجهادية,30.369462,-9.544678,icons/pharmacy.png,OSM
Souss-Massa,Pharmacie La Liberté صيدلية الحرية,Parapharmacie,Formel,Dcheira El Jihadia ⴷⵛⵉⵔⴰ ⵍⵊⵉⵀⴰⴷⵉⵢⴰ الدشيرة الجهادية,30.3716093,-9.5443634,icons/pharmacy.png,OSM
Souss-Massa,Pharmacie La Pergola صيدلية لابيركولا,Parapharmacie,Formel,Dcheira El Jihadia ⴷⵛⵉⵔⴰ ⵍⵊⵉⵀⴰⴷⵉⵢⴰ الدشيرة الجهادية,30.3720843,-9.550622,icons/pharmacy.png,OSM
Souss-Massa,Pharmacie Tabarin صيدلية طاباران,Parapharmacie,Formel,Dcheira El Jihadia ⴷⵛⵉⵔⴰ ⵍⵊⵉⵀⴰⴷⵉⵢⴰ الدشيرة الجهادية,30.3749628,-9.5323302,icons/pharmacy.png,OSM
Souss-Massa,Pharmacie Najah Igroumai صيدلية نجاح اكروماي,Parapharmacie,Formel,Dcheira El Jihadia ⴷⵛⵉⵔⴰ ⵍⵊⵉⵀⴰⴷⵉⵢⴰ الدشيرة الجهادية,30.3774992,-9.5391625,icons/pharmacy.png,OSM
Souss-Massa,Pharmacie Tilila صيدلية تليلا,Parapharmacie,Formel,Dcheira El Jihadia ⴷⵛⵉⵔⴰ ⵍⵊⵉⵀⴰⴷⵉⵢⴰ الدشيرة الجهادية,30.3743036,-9.5397798,icons/pharmacy.png,OSM
Souss-Massa,Pharmacie Hammam Aachak صيدلية حمام أعشاق,Parapharmacie,Formel,Dcheira El Jihadia ⴷⵛⵉⵔⴰ ⵍⵊⵉⵀⴰⴷⵉⵢⴰ الدشيرة الجهادية,30.373974,-9.5355831,icons/pharmacy.png,OSM
Souss-Massa,Pharmacie Cokail صيدلية كوكاي,Parapharmacie,Formel,Agadir ⴰⴳⴰⴷⵉⵔ أگادير,30.3747473,-9.5166802,icons/pharmacy.png,OSM
Souss-Massa,Pharmacie Ibn El Haitam صيدلية ابن الهيثم,Parapharmacie,Formel,Dcheira El Jihadia ⴷⵛⵉⵔⴰ ⵍⵊⵉⵀⴰⴷⵉⵢⴰ الدشيرة الجهادية,30.3775502,-9.5181789,icons/pharmacy.png,OSM
Souss-Massa,Pharmacie Hay Sbai صيدلية حي السباعي,Parapharmacie,Formel,Dcheira El Jihadia ⴷⵛⵉⵔⴰ ⵍⵊⵉⵀⴰⴷⵉⵢⴰ الدشيرة الجهادية,30.3768836,-9.534314,icons/pharmacy.png,OSM
Souss-Massa,Pharmacie Darif صيدلية ضريف,Parapharmacie,Formel,Dcheira El Jihadia ⴷⵛⵉⵔⴰ ⵍⵊⵉⵀⴰⴷⵉⵢⴰ الدشيرة الجهادية,30.3716331,-9.5238023,icons/pharmacy.png,OSM
Souss-Massa,Pharmacie Fadesa صيدلية فاديزا,Parapharmacie,Formel,Dcheira El Jihadia ⴷⵛⴰⵢⵔⴰ ⵍⵊⵉⵀⴰⴷⵉⵢⴰ الدشيرة الجهادية,30.3768581,-9.5266676,icons/pharmacy.png,OSM
Souss-Massa,Pharmacie Masjid Assaka صيدلية مسجد أساكا,Parapharmacie,Formel,Agadir ⴰⴳⴰⴷⵉⵔ أگادير,30.3811756,-9.5127637,icons/pharmacy.png,OSM
Souss-Massa,Pharmacie Hay El Mers صيدلية حي المرس,Parapharmacie,Formel,Dcheira El Jihadia ⴷⵛⵉⵔⴰ ⵍⵊⵉⵀⴰⴷⵉⵢⴰ الدشيرة الجهادية,30.3712453,-9.5288137,icons/pharmacy.png,OSM
Souss-Massa,Pharmacie Bella صيدلية بلا,Parapharmacie,Formel,Agadir ⴰⴳⴰⴷⵉⵔ أگادير,30.3746265,-9.5110591,icons/pharmacy.png,OSM
Souss-Massa,Pharmacie Al Yosr صيدلية اليسر,Parapharmacie,Formel,Dcheira El Jihadia,30.3755591,-9.5235046,icons/pharmacy.png,OSM
Souss-Massa,Pharmacie Al Walae صيدلية الولاء,Parapharmacie,Formel,Dcheira El Jihadia ⴷⵛⵉⵔⴰ ⵍⵊⵉⵀⴰⴷⵉⵢⴰ الدشيرة الجهادية,30.3723262,-9.5202854,icons/pharmacy.png,OSM
Souss-Massa,Pharmacie Assaka صيدلية أساكا,Parapharmacie,Formel,Agadir ⴰⴳⴰⴷⵉⵔ أگادير,30.3788332,-9.5153135,icons/pharmacy.png,OSM
Souss-Massa,Pharmacie Bir Anzarane صيدلية بئر أنزران,Parapharmacie,Formel,"Avenue Abdelerrahim Bouabid شارع عبد الرحيم بوعبيد, Agadir ⴰⴳⴰⴷⵉⵔ أگادير",30.3759548,-9.5081874,icons/pharmacy.png,OSM
Souss-Massa,Pharmacie Souiri صيدلية صويري,Parapharmacie,Formel,Agadir ⴰⴳⴰⴷⵉⵔ أگادير,30.3782698,-9.5095061,icons/pharmacy.png,OSM
Souss-Massa,Pharmacie Said صيدلية سعيد,Parapharmacie,Formel,Dcheira El Jihadia ⴷⵛⵉⵔⴰ ⵍⵊⵉⵀⴰⴷⵉⵢⴰ الدشيرة الجهادية,30.373721,-9.5501004,icons/pharmacy.png,OSM
Souss-Massa,Pharmacie Amgala صيدلية أمكالا,Parapharmacie,Formel,Dcheira El Jihadia ⴷⵛⵉⵔⴰ ⵍⵊⵉⵀⴰⴷⵉⵢⴰ الدشيرة الجهادية,30.3748601,-9.5485723,icons/pharmacy.png,OSM
Souss-Massa,Pharmacie Dahabia صيدلية ذهبية,Parapharmacie,Formel,Agadir ⴰⴳⴰⴷⵉⵔ أگادير,30.3955216,-9.5417417,icons/pharmacy.png,OSM
Souss-Massa,Pharmacie Houch صيدلية حوش,Parapharmacie,Formel,Agadir ⴰⴳⴰⴷⵉⵔ أگادير,30.3925587,-9.5368408,icons/pharmacy.png,OSM
Souss-Massa,Pharmacie Anir صيدلية أنير,Parapharmacie,Formel,Dcheira El Jihadia ⴷⵛⵉⵔⴰ ⵍⵊⵉⵀⴰⴷⵉⵢⴰ الدشيرة الجهادية,30.388669,-9.5375829,icons/pharmacy.png,OSM
Souss-Massa,Pharmacie Adlouni صيدلية أدلوني,Parapharmacie,Formel,Agadir ⴰⴳⴰⴷⵉⵔ أگادير,30.3925807,-9.5408253,icons/pharmacy.png,OSM
Souss-Massa,Pharmacie Ait Mhand صيدلية أيت محند,Parapharmacie,Formel,Agadir ⴰⴳⴰⴷⵉⵔ أگادير,30.3745644,-9.4997481,icons/pharmacy.png,OSM
Souss-Massa,Pharmacie Zaytoun صيدلية زيتون,Parapharmacie,Formel,Agadir ⴰⴳⴰⴷⵉⵔ أگادير,30.3800655,-9.4944783,icons/pharmacy.png,OSM
Souss-Massa,Pharmacie Pharm14 صيدلية فارم14,Parapharmacie,Formel,Agadir ⴰⴳⴰⴷⵉⵔ أگادير,30.3766098,-9.4967143,icons/pharmacy.png,OSM
Souss-Massa,Pharmacie Des Quartiers صيدلية الأحياء,Parapharmacie,Formel,Agadir ⴰⴳⴰⴷⵉⵔ أگادير,30.3770945,-9.4977649,icons/pharmacy.png,OSM
Souss-Massa,Pharmacie Ait El Kadi صيدلية ايت القاضي,Parapharmacie,Formel,Agadir,30.3728922,-9.4964221,icons/pharmacy.png,OSM
Souss-Massa,Pharmacie La Santé صيدلية الصحة,Parapharmacie,Formel,Agadir,30.3773271,-9.5017706,icons/pharmacy.png,OSM
Souss-Massa,Pharmacie Hajeb صيدلية حاجب,Parapharmacie,Formel,Agadir,30.3759458,-9.4950008,icons/pharmacy.png,OSM
Souss-Massa,Pharmacie Al Walidayne صيدلية الوالدين,Parapharmacie,Formel,Agadir ⴰⴳⴰⴷⵉⵔ أگادير,30.3732072,-9.4884837,icons/pharmacy.png,OSM
Souss-Massa,Pharmacie Berada صيدلية برادة,Parapharmacie,Formel,"Avenue Maghreb Arabe شارع المغرب العربي, Aït Melloul ⴰⵢⵜ ⵎⵍⵍⵓⵍ أيت ملول",30.3435759,-9.506276,icons/pharmacy.png,OSM
Souss-Massa,Pharmacie Tikiouine صيدلية تكوين,Parapharmacie,Formel,Agadir,30.3753981,-9.5032987,icons/pharmacy.png,OSM
Souss-Massa,Pharmacie du centre de santé صيدلية مركز الصحة,Parapharmacie,Formel,Lqliaa,30.3092471,-9.4751421,icons/pharmacy.png,OSM
Souss-Massa,Pharmacie Al Adouiya صيدلية الأدوية,Parapharmacie,Formel,Agadir ⴰⴳⴰⴷⵉⵔ أگادير,30.3801042,-9.5044246,icons/pharmacy.png,OSM
Souss-Massa,Pharmacie Adrar صيدلية أدرار,Parapharmacie,Formel,Agadir,30.3859415,-9.5025404,icons/pharmacy.png,OSM
Souss-Massa,Pharmacie Sefrihi صيدلية سفريحي,Parapharmacie,Formel,Agadir,30.3822804,-9.4967334,icons/pharmacy.png,OSM
Souss-Massa,Pharmacie Elmira صيدلية الميرة,Parapharmacie,Formel,Agadir ⴰⴳⴰⴷⵉⵔ أگادير,30.3943069,-9.5151001,icons/pharmacy.png,OSM
Souss-Massa,Pharmacie Jnane Adrar صيدلية جنان أدرار,Parapharmacie,Formel,Agadir,30.38591,-9.4979936,icons/pharmacy.png,OSM
Souss-Massa,Pharmacie Paris صيدلية باريس,Parapharmacie,Formel,Agadir ⴰⴳⴰⴷⵉⵔ أگادير,30.3877177,-9.5075163,icons/pharmacy.png,OSM
Souss-Massa,Pharmacie Al Akhawayne صيدلية الأخوين,Parapharmacie,Formel,Agadir ⴰⴳⴰⴷⵉⵔ أگادير,30.3898485,-9.5007026,icons/pharmacy.png,OSM
Souss-Massa,Pharmacie Africaine صيدلية أفريقيا,Parapharmacie,Formel,Agadir,30.394081,-9.5079484,icons/pharmacy.png,OSM
Souss-Massa,Pharmacie Grand Tilila صيدلية تليلا الكبرى,Parapharmacie,Formel,Agadir,30.3993223,-9.511027,icons/pharmacy.png,OSM
Souss-Massa,Pharmacie Liya صيدلية لية,Parapharmacie,Formel,Agadir ⴰⴳⴰⴷⵉⵔ أگادير,30.3940161,-9.5160721,icons/pharmacy.png,OSM
Souss-Massa,Pharmacie Al Bouchra صيدلية البشرى,Parapharmacie,Formel,Agadir ⴰⴳⴰⴷⵉⵔ أگادير,30.3975944,-9.5183694,icons/pharmacy.png,OSM
Souss-Massa,Pharmacie City Center صيدلية الحي المركزي,Parapharmacie,Formel,Agadir,30.3960679,-9.5026055,icons/pharmacy.png,OSM
Souss-Massa,Pharmacie La Nouvelle الصيدلية الجديدة,Parapharmacie,Formel,Agadir ⴰⴳⴰⴷⵉⵔ أگادير,30.3933119,-9.5026897,icons/pharmacy.png,OSM
Souss-Massa,Pharmacie Amrani صيدلية العمراني,Parapharmacie,Formel,Agadir ⴰⴳⴰⴷⵉⵔ أگادير,30.3994366,-9.5145979,icons/pharmacy.png,OSM
Souss-Massa,Pharmacie Majd صيدلية مجد,Parapharmacie,Formel,Agadir ⴰⴳⴰⴷⵉⵔ أگادير,30.3985941,-9.5225822,icons/pharmacy.png,OSM
Souss-Massa,Pharmacie Adam صيدلية ادم,Parapharmacie,Formel,Agadir,30.3965118,-9.512527,icons/pharmacy.png,OSM
Souss-Massa,Pharmacie Agdal صيدلية أكدال,Parapharmacie,Formel,Agadir ⴰⴳⴰⴷⵉⵔ أگادير,30.401771,-9.5182517,icons/pharmacy.png,OSM
Souss-Massa,Pharmacie Aghroud صيدلية أغروض,Parapharmacie,Formel,Inezgane ⵉⵏⴻⵣⴳⴰⵏ إنزگان,30.3725299,-9.5729042,icons/pharmacy.png,OSM
Souss-Massa,Pharmacie Tilila صيدلية تيليلا,Parapharmacie,Formel,Agadir,30.4028215,-9.5213054,icons/pharmacy.png,OSM
Souss-Massa,Pharmacie Niaamat Allah صيدلية نعمة الله,Parapharmacie,Formel,Agadir,30.4037552,-9.5157982,icons/pharmacy.png,OSM
Souss-Massa,Pharmacie Riad El Houda صيدلية رياض الهدى,Parapharmacie,Formel,Agadir ⴰⴳⴰⴷⵉⵔ أگادير,30.4002042,-9.536471,icons/pharmacy.png,OSM
Souss-Massa,Pharmacie Cité Universitaire Tilila صيدلية الحي الجامعي تبليلا,Parapharmacie,Formel,Agadir,30.4043475,-9.5253672,icons/pharmacy.png,OSM
Souss-Massa,Pharmacie Ayour صيدلية أيور,Parapharmacie,Formel,Agadir ⴰⴳⴰⴷⵉⵔ أگادير,30.398576,-9.5308865,icons/pharmacy.png,OSM
Souss-Massa,Pharmacie Al Messahat صيدلية المصحات,Parapharmacie,Formel,Agadir ⴰⴳⴰⴷⵉⵔ أگادير,30.4009677,-9.5238197,icons/pharmacy.png,OSM
Souss-Massa,Pharmacie Assafar صيدلية السفر,Parapharmacie,Formel,Agadir ⴰⴳⴰⴷⵉⵔ أگادير,30.3984888,-9.533954,icons/pharmacy.png,OSM
Souss-Massa,Pharmacie Noor El Houda صيدلية نور الهدى,Parapharmacie,Formel,Agadir ⴰⴳⴰⴷⵉⵔ أگادير,30.3954359,-9.5347181,icons/pharmacy.png,OSM
Souss-Massa,Pharmacie Leghzaoui صيدلية لغزاوي,Parapharmacie,Formel,Agadir ⴰⴳⴰⴷⵉⵔ أگادير,30.3907086,-9.5454138,icons/pharmacy.png,OSM
Souss-Massa,Pharmacie Mejjane صيدلية مجان,Parapharmacie,Formel,Agadir ⴰⴳⴰⴷⵉⵔ أگادير,30.3952358,-9.5444007,icons/pharmacy.png,OSM
Souss-Massa,Pharmacie Attawhid صيدلية التوحيد,Parapharmacie,Formel,Agadir ⴰⴳⴰⴷⵉⵔ أگادير,30.3947575,-9.5379879,icons/pharmacy.png,OSM
Souss-Massa,Pharmacie El Amri صيدلية العمري,Parapharmacie,Formel,Agadir ⴰⴳⴰⴷⵉⵔ أگادير,30.3998587,-9.5460524,icons/pharmacy.png,OSM
Souss-Massa,Pharmacie Al Manar صيدلية المنار,Parapharmacie,Formel,Agadir ⴰⴳⴰⴷⵉⵔ أگادير,30.3985794,-9.548884,icons/pharmacy.png,OSM
Souss-Massa,Pharmacie Tikida صيدلية تيكيدا,Parapharmacie,Formel,Agadir ⴰⴳⴰⴷⵉⵔ أگادير,30.3991997,-9.5434344,icons/pharmacy.png,OSM
Souss-Massa,Pharmacie Adouz صيدلية أدوز,Parapharmacie,Formel,Agadir ⴰⴳⴰⴷⵉⵔ أگادير,30.3966236,-9.5497657,icons/pharmacy.png,OSM
Souss-Massa,Pharmacie Rajaa صيدلية رجاء,Parapharmacie,Formel,Agadir ⴰⴳⴰⴷⵉⵔ أگادير,30.3972032,-9.5460637,icons/pharmacy.png,OSM
Souss-Massa,Pharmacie JetSakan صيدلية جيت سكن,Parapharmacie,Formel,Agadir ⴰⴳⴰⴷⵉⵔ أگادير,30.3931191,-9.5487691,icons/pharmacy.png,OSM
Souss-Massa,Pharmacie Attadamoun صيدلية التضامن,Parapharmacie,Formel,Agadir ⴰⴳⴰⴷⵉⵔ أگادير,30.3899149,-9.5488971,icons/pharmacy.png,OSM
Souss-Massa,Pharmacie Aicha صيدلية عائشة,Parapharmacie,Formel,Agadir,30.3885261,-9.5638686,icons/pharmacy.png,OSM
Souss-Massa,Pharmacie Tarik El Kheir صيدلية طريق الخير,Parapharmacie,Formel,Agadir ⴰⴳⴰⴷⵉⵔ أگادير,30.3914696,-9.5549592,icons/pharmacy.png,OSM
Souss-Massa,Pharmacie Anouar صيدلية أنور,Parapharmacie,Formel,Agadir,30.3906273,-9.5590497,icons/pharmacy.png,OSM
Souss-Massa,Pharmacie La Caserne صيدلية القشلة,Parapharmacie,Formel,Agadir,30.3830386,-9.5674363,icons/pharmacy.png,OSM
Souss-Massa,Pharmacie Bensergao صيدلية بنسركاو,Parapharmacie,Formel,Agadir,30.3854998,-9.5719162,icons/pharmacy.png,OSM
Souss-Massa,Pharmacie Benchrif صيدلية بن شريف,Parapharmacie,Formel,Agadir,30.3851924,-9.5687432,icons/pharmacy.png,OSM
Souss-Massa,Pharmacie Souika صيدلية سويقة,Parapharmacie,Formel,Agadir,30.3874764,-9.5688138,icons/pharmacy.png,OSM
Souss-Massa,Pharmacie Karima صيدلية كريمة,Parapharmacie,Formel,Agadir,30.3890391,-9.56805,icons/pharmacy.png,OSM
Souss-Massa,Pharmacie Moustawsaf صيدلية مستوصف,Parapharmacie,Formel,AGADIR,30.3910703,-9.5699476,icons/pharmacy.png,OSM
Souss-Massa,Pharmacie Hassan صيدلية حسن,Parapharmacie,Formel,Agadir,30.388877,-9.5707336,icons/pharmacy.png,OSM
Souss-Massa,Pharmacie El Wifaq صيدلية الوفاق,Parapharmacie,Formel,Agadir,30.392532,-9.5636561,icons/pharmacy.png,OSM
Souss-Massa,Pharmacie Nessrine صيدلية نسرين,Parapharmacie,Formel,Agadir,30.3874259,-9.5729581,icons/pharmacy.png,OSM
Souss-Massa,Pharmacie Radi صيدلية راضي,Parapharmacie,Formel,Agadir,30.390562,-9.573639,icons/pharmacy.png,OSM
Souss-Massa,Pharmacie La Grande Al Farah صيدلية الفرح الكبرى,Parapharmacie,Formel,Agadir,30.3974601,-9.5684309,icons/pharmacy.png,OSM
Souss-Massa,Pharmacie Ibn Zohr صيدلية ابن زهر,Parapharmacie,Formel,Agadir,30.4025028,-9.5526991,icons/pharmacy.png,OSM
Souss-Massa,Pharmacie Al Jisr صيدلية الجسر,Parapharmacie,Formel,Agadir,30.3908949,-9.5658405,icons/pharmacy.png,OSM
Souss-Massa,Pharmacie Oubelkhir صيدلية أوبلخير,Parapharmacie,Formel,Agadir,30.3996068,-9.5592815,icons/pharmacy.png,OSM
Souss-Massa,Pharmacie Chifaa Al Farah صيدلية الشفاء الفرح,Parapharmacie,Formel,Agadir,30.3955122,-9.5580586,icons/pharmacy.png,OSM
Souss-Massa,Pharmacie Le Complexe صيدلية المركب,Parapharmacie,Formel,Agadir,30.3929041,-9.5611481,icons/pharmacy.png,OSM
Souss-Massa,Pharmacie Ahl El Kheir صيدلية أهل الخير,Parapharmacie,Formel,Agadir,30.4000382,-9.5674718,icons/pharmacy.png,OSM
Souss-Massa,Pharmacie Odessa صيدلية أوديسا,Parapharmacie,Formel,Agadir,30.3954828,-9.554416,icons/pharmacy.png,OSM
Souss-Massa,Pharmacie Al Farah صيدلية الفرح,Parapharmacie,Formel,Agadir,30.3973291,-9.5615653,icons/pharmacy.png,OSM
Souss-Massa,Pharmacie Le Corail Salam صيدلية مرجان السلام,Parapharmacie,Formel,Agadir,30.3999359,-9.5528638,icons/pharmacy.png,OSM
Souss-Massa,Pharmacie Al Ikhlas صيدلية الإخلاص,Parapharmacie,Formel,Agadir,30.4022288,-9.5458327,icons/pharmacy.png,OSM
Souss-Massa,Pharmacie Andalousia صيدلية الأندلسية,Parapharmacie,Formel,Agadir,30.3979864,-9.5556763,icons/pharmacy.png,OSM
Souss-Massa,Pharmacie Assalam صيدلية السلام,Parapharmacie,Formel,Agadir,30.402178,-9.5492924,icons/pharmacy.png,OSM
Souss-Massa,Pharmacie Sara صيدلية سارة,Parapharmacie,Formel,Agadir,30.4024775,-9.5426554,icons/pharmacy.png,OSM
Souss-Massa,Pharmacie Alma Vita صيدلية ألما فيتا,Parapharmacie,Formel,Agadir,30.3990925,-9.539537,icons/pharmacy.png,OSM
Souss-Massa,Pharmacie Azizi صيدلية عزيزي,Parapharmacie,Formel,Agadir,30.4123769,-9.5470525,icons/pharmacy.png,OSM
Souss-Massa,Pharmacie Ibn Sina صيدلية ابن سينا,Parapharmacie,Formel,Agadir,30.4152505,-9.5503004,icons/pharmacy.png,OSM
Souss-Massa,Pharmacie Inezgane صيدلية إنزكان,Parapharmacie,Formel,"Avenue Mesquina, Inezgane ⵉⵏⴻⵣⴳⴰⵏ إنزگان",30.3572713,-9.5336576,icons/pharmacy.png,OSM
Souss-Massa,Pharmacie El Hilal صيدلية الهلال,Parapharmacie,Formel,"Avenue Al Amaouine, Inezgane ⵉⵏⴻⵣⴳⴰⵏ إنزگان",30.3503715,-9.5470536,icons/pharmacy.png,OSM
Souss-Massa,Pharmacie Populaire الصيدلية الشعبية,Parapharmacie,Formel,"Avenue Al Guessima, Inezgane ⵉⵏⴻⵣⴳⴰⵏ إنزگان",30.3568301,-9.5361553,icons/pharmacy.png,OSM
Souss-Massa,Pharmacie Al Amane صيدلية الأمان,Parapharmacie,Formel,Dcheira El Jihadia ⴷⵛⵉⵔⴰ ⵍⵊⵉⵀⴰⴷⵉⵢⴰ الدشيرة الجهادية,30.3645081,-9.5250753,icons/pharmacy.png,OSM
Souss-Massa,Pharmacie Faiçal صيدلية فيصل,Parapharmacie,Formel,Agadir,30.405527,-9.5531847,icons/pharmacy.png,OSM
Souss-Massa,Pharmacie Des Facultés صيدلية الكليات,Parapharmacie,Formel,Agadir,30.4064359,-9.5503711,icons/pharmacy.png,OSM
Souss-Massa,Pharmacie Bachouch صيدلية بشوش,Parapharmacie,Formel,Agadir,30.4057815,-9.5607674,icons/pharmacy.png,OSM
Souss-Massa,Pharmacie L'Université صيدلية الجامعة,Parapharmacie,Formel,Agadir,30.4097384,-9.548379,icons/pharmacy.png,OSM
Souss-Massa,Pharmacie Mansour Dahbi صيدلية المنصور الدهبي,Parapharmacie,Formel,Agadir,30.4145427,-9.5513744,icons/pharmacy.png,OSM
Souss-Massa,Pharmacie Marjane Founty صيدلية مرجان فونتي,Parapharmacie,Formel,Agadir,30.4147476,-9.5628623,icons/pharmacy.png,OSM
Souss-Massa,Pharmacie Yousra صيدلية يسرى,Parapharmacie,Formel,Agadir,30.4117256,-9.560468,icons/pharmacy.png,OSM
Souss-Massa,Pharmacie Chifa صيدلية شفاء,Parapharmacie,Formel,Agadir,30.4092154,-9.5589192,icons/pharmacy.png,OSM
Souss-Massa,Pharmacie El Kadi Ben Driss صيدلية القاضي بن ادريس,Parapharmacie,Formel,Agadir,30.4144916,-9.5638626,icons/pharmacy.png,OSM
Souss-Massa,Pharmacie De France صيدلية فرنسا,Parapharmacie,Formel,Agadir,30.4133364,-9.574119,icons/pharmacy.png,OSM
Souss-Massa,Pharmacie Elmghari صيدلية المغاري,Parapharmacie,Formel,Agadir,30.4117756,-9.5640562,icons/pharmacy.png,OSM
Souss-Massa,Pharmacie Itry صيدلية اتري,Parapharmacie,Formel,Agadir,30.4076204,-9.5767262,icons/pharmacy.png,OSM
Souss-Massa,Pharmacie Toubkal صيدلية توبقال,Parapharmacie,Formel,Agadir,30.4091709,-9.5641788,icons/pharmacy.png,OSM
Souss-Massa,Pharmacie Al Massira صيدلية المسيرة,Parapharmacie,Formel,Agadir,30.4109293,-9.568023,icons/pharmacy.png,OSM
Souss-Massa,Pharmacie Erraji صيدلية الراجي,Parapharmacie,Formel,Agadir,30.4121724,-9.5711049,icons/pharmacy.png,OSM
Souss-Massa,Pharmacie Al Michwar صيدلية المشوار,Parapharmacie,Formel,AGADIR,30.3946862,-9.5710401,icons/pharmacy.png,OSM
Souss-Massa,Pharmacie Al Hamra صيدلية الحمرى,Parapharmacie,Formel,Agadir,30.4122733,-9.5771392,icons/pharmacy.png,OSM
Souss-Massa,Pharmacie Amjad صيدلية أمجد,Parapharmacie,Formel,Agadir,30.3981152,-9.5724017,icons/pharmacy.png,OSM
Souss-Massa,Pharmacie El Alami صيدلية العلمي,Parapharmacie,Formel,Agadir,30.4067855,-9.5742029,icons/pharmacy.png,OSM
Souss-Massa,Pharmacie Haut Founty صيدلية فونتي العليا,Parapharmacie,Formel,Agadir,30.4012335,-9.5795913,icons/pharmacy.png,OSM
Souss-Massa,Pharmacie Agadir Bay صيدلية أكادير باي,Parapharmacie,Formel,Agadir,30.4010683,-9.5847458,icons/pharmacy.png,OSM
Souss-Massa,Pharmacie Hay Founty صيدلية حي فونتي,Parapharmacie,Formel,Agadir,30.4017834,-9.5730536,icons/pharmacy.png,OSM
Souss-Massa,Pharmacie Boutasra صيدلية بوتاسرا,Parapharmacie,Formel,AGADIR,30.3958719,-9.5737957,icons/pharmacy.png,OSM
Souss-Massa,Pharmacie Al Mouna صيدلية المنى,Parapharmacie,Formel,Agadir,30.4098619,-9.5833796,icons/pharmacy.png,OSM
Souss-Massa,Pharmacie Ayour صيدلية أيور,Parapharmacie,Formel,Agadir,30.3878079,-9.5883787,icons/pharmacy.png,OSM
Souss-Massa,Pharmacie Marjane Agadir صيدلية مرجان أكادير,Parapharmacie,Formel,Agadir,30.3937761,-9.5813813,icons/pharmacy.png,OSM
Souss-Massa,Pharmacie du Palais,Parapharmacie,Formel,"Avenue Al Mouqwama, Agadir",30.4109102,-9.5919713,icons/pharmacy.png,OSM
Souss-Massa,Pharmacie Chellaoui,Parapharmacie,Formel,Agadir,30.4107725,-9.5891116,icons/pharmacy.png,OSM
Souss-Massa,Pharmacie Al Hayat صيدلية الحياة,Parapharmacie,Formel,Agadir,30.4117721,-9.5884188,icons/pharmacy.png,OSM
Souss-Massa,Pharmacie centrale,Parapharmacie,Formel,Agadir,30.4127543,-9.5886993,icons/pharmacy.png,OSM
Souss-Massa,Pharmacie Riad Salam الصيدلية رياض السلام,Parapharmacie,Formel,Agadir,30.4096973,-9.5762705,icons/pharmacy.png,OSM
Souss-Massa,Pharmacie Les Parents صيدلية الوالدين,Parapharmacie,Formel,Agadir,30.4087537,-9.570152,icons/pharmacy.png,OSM
Souss-Massa,Pharmacie Azmi صيدلية عزمي,Parapharmacie,Formel,Agadir,30.4104154,-9.5728841,icons/pharmacy.png,OSM
Souss-Massa,Pharmacie La Gare صيدلية المحطة,Parapharmacie,Formel,Agadir,30.4158124,-9.568102,icons/pharmacy.png,OSM
Souss-Massa,Pharmacie Abou Said صيدلية أبو سعيد,Parapharmacie,Formel,Agadir,30.4182626,-9.564649,icons/pharmacy.png,OSM
Souss-Massa,Pharmacie Atiqi صيدلية عاتيقي,Parapharmacie,Formel,Agadir,30.4260985,-9.5622621,icons/pharmacy.png,OSM
Souss-Massa,Pharmacie La Famille صيدلية الأسرة,Parapharmacie,Formel,Agadir,30.4172687,-9.5733916,icons/pharmacy.png,OSM
Souss-Massa,Pharmacie Chaab صيدلية الشعب,Parapharmacie,Formel,Agadir,30.4162324,-9.5890281,icons/pharmacy.png,OSM
Souss-Massa,Pharmacie Le Caducee صيدلية الكادوسي,Parapharmacie,Formel,Agadir,30.4190695,-9.5620418,icons/pharmacy.png,OSM
Souss-Massa,Pharmacie Annasr صيدلية النصر,Parapharmacie,Formel,Agadir,30.4198128,-9.5707627,icons/pharmacy.png,OSM
Souss-Massa,Pharmacie Tildi صيدلية تلدي,Parapharmacie,Formel,Agadir,30.4163048,-9.586608,icons/pharmacy.png,OSM
Souss-Massa,Pharmacie Zerktouni صيدلية الزرقطوني,Parapharmacie,Formel,Agadir,30.4185885,-9.5676779,icons/pharmacy.png,OSM
Souss-Massa,Pharmacie Moussa صيدلية موسى,Parapharmacie,Formel,Agadir,30.4178965,-9.584317,icons/pharmacy.png,OSM
Souss-Massa,Pharmacie Mouisset صيدلية مويسيت,Parapharmacie,Formel,أكادير,30.4188036,-9.5905576,icons/pharmacy.png,OSM
Souss-Massa,Pharmacie Hadrane صيدلية حاضران,Parapharmacie,Formel,Agadir,30.4221304,-9.576433,icons/pharmacy.png,OSM
Souss-Massa,Pharmacie Ennahda صيدلية النهضة,Parapharmacie,Formel,Agadir,30.4271745,-9.584439,icons/pharmacy.png,OSM
Souss-Massa,Pharmacie El Hajjouji صيدلية الحجوجي,Parapharmacie,Formel,Agadir,30.4235767,-9.5877891,icons/pharmacy.png,OSM
Souss-Massa,Pharmacie et Laboratoire Tahiri صيدلية ومختبر الطاهري,Parapharmacie,Formel,Agadir ⴰⴳⴰⴷⵉⵔ أگادير,30.4220575,-9.5953526,icons/pharmacy.png,OSM
Souss-Massa,Pharmacie Bouargan صيدلية بواركان,Parapharmacie,Formel,AGADIR,30.4236385,-9.5716252,icons/pharmacy.png,OSM
Souss-Massa,Pharmacie Argane صيدلية أركان,Parapharmacie,Formel,Agadir,30.4278637,-9.5657564,icons/pharmacy.png,OSM
Souss-Massa,Pharmacie Bousaid صيدلية بوسعيد,Parapharmacie,Formel,Agadir,30.426657,-9.5776458,icons/pharmacy.png,OSM
Souss-Massa,Pharmacie Ouahbi صيدلية وهبي,Parapharmacie,Formel,Agadir,30.4306165,-9.5771819,icons/pharmacy.png,OSM
Souss-Massa,Pharmacie Les Amicales صيدلية ليزاميكال,Parapharmacie,Formel,Agadir,30.4309382,-9.5801867,icons/pharmacy.png,OSM
Souss-Massa,Pharmacie Moulay Youssef صيدلية مولاي يوسف,Parapharmacie,Formel,Agadir,30.4270325,-9.5888329,icons/pharmacy.png,OSM
Souss-Massa,Pharmacie Talberjt صيدلية تلبرجت,Parapharmacie,Formel,Agadir,30.4238666,-9.5926974,icons/pharmacy.png,OSM
Souss-Massa,Pharmacie La Mosquée Du Liban صيدلية مسجد لبنان,Parapharmacie,Formel,Agadir أكادير,30.422844,-9.600835,icons/pharmacy.png,OSM
Souss-Massa,Pharmacie Hôpital Hassan II صيدلية مستشفى الحسن الثاني,Parapharmacie,Formel,Agadir,30.4358914,-9.5868276,icons/pharmacy.png,OSM
Souss-Massa,Pharmacie Des FAR صيدلية الجيش الملكي,Parapharmacie,Formel,Agadir,30.4287023,-9.5904516,icons/pharmacy.png,OSM
Souss-Massa,Pharmacie Iligh صيدلية ايليغ,Parapharmacie,Formel,Agadir,30.4399575,-9.5895212,icons/pharmacy.png,OSM
Souss-Massa,Pharmacie Anza صيدلية أنزا,Parapharmacie,Formel,Agadir ⴰⴳⴰⴷⵉⵔ أگادير,30.446843,-9.6582516,icons/pharmacy.png,OSM
Souss-Massa,Pharmacie Aloulya صيدلية العليا,Parapharmacie,Formel,Agadir,30.4567468,-9.6344918,icons/pharmacy.png,OSM
Souss-Massa,Pharmacie Bd Mohamed V صيدلية شارع محمد الخامس,Parapharmacie,Formel,Agadir ⴰⴳⴰⴷⵉⵔ أگادير,30.4229135,-9.608763,icons/pharmacy.png,OSM
Souss-Massa,Pharmacie Ibn Malik صيدلية ابن مالك,Parapharmacie,Formel,Agadir ⴰⴳⴰⴷⵉⵔ أگادير,30.4484255,-9.6570207,icons/pharmacy.png,OSM
Souss-Massa,Pharmacie La Santé صيدلية الصحة,Parapharmacie,Formel,Agadir,30.4436931,-9.6528004,icons/pharmacy.png,OSM
Souss-Massa,Pharmacie Al Hassania صيدلية الحسنية,Parapharmacie,Formel,Agadir ⴰⴳⴰⴷⵉⵔ أگادير,30.4574364,-9.6603238,icons/pharmacy.png,OSM
Souss-Massa,Pharmacie Agadir Oufella صيدلية أكادير أوفلا,Parapharmacie,Formel,Agadir ⴰⴳⴰⴷⵉⵔ أگادير,30.4244851,-9.6114672,icons/pharmacy.png,OSM
Souss-Massa,Pharmacie Chadia صيدلية شادية,Parapharmacie,Formel,Agadir,30.4261888,-9.5549061,icons/pharmacy.png,OSM
Souss-Massa,Pharmacie Taddart صيدلية تادارت,Parapharmacie,Formel,Agadir ⴰⴳⴰⴷⵉⵔ أگادير,30.4555972,-9.6473877,icons/pharmacy.png,OSM
Souss-Massa,Pharmacie Taiba صيدلية طيبة,Parapharmacie,Formel,Agadir,30.4578248,-9.643941,icons/pharmacy.png,OSM
Souss-Massa,Pharmacie Jawhara صيدلية جوهرة,Parapharmacie,Formel,Agadir,30.4314017,-9.5608697,icons/pharmacy.png,OSM
Souss-Massa,Pharmacie Ben Omar صيدلية بن عمر,Parapharmacie,Formel,Agadir,30.4647919,-9.6388067,icons/pharmacy.png,OSM
Souss-Massa,Pharmacie Addoha صيدلية الضحى,Parapharmacie,Formel,Agadir,30.4311165,-9.5654535,icons/pharmacy.png,OSM
Souss-Massa,Pharmacie Isafaren صيدلية اسافارن,Parapharmacie,Formel,Agadir,30.4586592,-9.648465,icons/pharmacy.png,OSM
Souss-Massa,Pharmacie Bab Al Hay صيدلية باب الحي,Parapharmacie,Formel,Agadir,30.4286681,-9.5569671,icons/pharmacy.png,OSM
Souss-Massa,Pharmacie Immeubles Assafa صيدلية عمارات الصفاء,Parapharmacie,Formel,Agadir,30.432428,-9.5554076,icons/pharmacy.png,OSM
Souss-Massa,Pharmacie Marhaba صيدلية مرحبا,Parapharmacie,Formel,Agadir,30.4392562,-9.5565864,icons/pharmacy.png,OSM
Souss-Massa,Pharmacie Hay Mohammadi صيدلية حي المحمدي,Parapharmacie,Formel,Agadir,30.4330512,-9.5511547,icons/pharmacy.png,OSM
Souss-Massa,Pharmacie Errahma صيدلية الرحمة,Parapharmacie,Formel,Agadir,30.4366961,-9.5524505,icons/pharmacy.png,OSM
Souss-Massa,Pharmacie Aiyar صيدلية عيار,Parapharmacie,Formel,Agadir,30.4359073,-9.5559484,icons/pharmacy.png,OSM
Souss-Massa,Pharmacie Zineb صيدلية زينب,Parapharmacie,Formel,Agadir,30.4406249,-9.5600391,icons/pharmacy.png,OSM
Souss-Massa,Pharmacie Illy صيدلية الي,Parapharmacie,Formel,Agadir ⴰⴳⴰⴷⵉⵔ أگادير,30.4360541,-9.5493594,icons/pharmacy.png,OSM
Souss-Massa,Pharmacie Reda صيدلية رضى,Parapharmacie,Formel,Agadir,30.4452291,-9.5562261,icons/pharmacy.png,OSM
Souss-Massa,Pharmacie Mohamed Rayane صيدلية محمد ريان,Parapharmacie,Formel,Agadir,30.4423981,-9.5559889,icons/pharmacy.png,OSM
Souss-Massa,Pharmacie El Ouazzani صيدلية الوزاني,Parapharmacie,Formel,Agadir,30.4360317,-9.5737263,icons/pharmacy.png,OSM
Souss-Massa,Pharmacie Bayti صيدلية بيتي,Parapharmacie,Formel,Agadir,30.4396125,-9.5639779,icons/pharmacy.png,OSM
Souss-Massa,Pharmacie Les Jardins De Souss صيدلية حدائق سوس,Parapharmacie,Formel,Agadir,30.4362442,-9.5699058,icons/pharmacy.png,OSM
Souss-Massa,Pharmacie Sidi Haj Said صيدلية سيدي الحاج سعيد,Parapharmacie,Formel,Drarga,30.3791031,-9.4780907,icons/pharmacy.png,OSM
Souss-Massa,Pharmacie Talat Izm صيدلية تالات ازم,Parapharmacie,Formel,Drargua ⴷⵔⴰⵔⴳⴰ الدراركة,30.3754791,-9.4835654,icons/pharmacy.png,OSM
Souss-Massa,Pharmacie Bouloiz صيدلية بولواز,Parapharmacie,Formel,Drarga,30.3791467,-9.4807774,icons/pharmacy.png,OSM
Souss-Massa,Pharmacie Lagouira صيدلية الكويرة,Parapharmacie,Formel,Drarga,30.3798255,-9.473999,icons/pharmacy.png,OSM
Souss-Massa,Pharmacie Misri صيدلية مصري,Parapharmacie,Formel,Drarga,30.38046,-9.4701008,icons/pharmacy.png,OSM
Souss-Massa,Pharmacie Etissir صيدلية التيسير,Parapharmacie,Formel,Drarga,30.3821136,-9.4797907,icons/pharmacy.png,OSM
Souss-Massa,Pharmacie Drarga صيدلية دراركة,Parapharmacie,Formel,Drarga,30.3834885,-9.4788257,icons/pharmacy.png,OSM
Souss-Massa,Pharmacie Imam Malik صيدلية امام مالك,Parapharmacie,Formel,Drarga,30.3801817,-9.4728178,icons/pharmacy.png,OSM
Souss-Massa,Pharmacie Maison De Soufiane صيدلية دار سفيان,Parapharmacie,Formel,Drargua ⴷⵔⴰⵔⴳⴰ الدراركة,30.3853385,-9.4315648,icons/pharmacy.png,OSM
Souss-Massa,Pharmacie Tagadirt صيدلية تكاديرت,Parapharmacie,Formel,Drarga,30.3870285,-9.4458637,icons/pharmacy.png,OSM
Souss-Massa,Pharmacie Nour صيدلية نور,Parapharmacie,Formel,Drarga,30.3813842,-9.4656544,icons/pharmacy.png,OSM
Souss-Massa,Pharmacie Tamait صيدلية تماعيت,Parapharmacie,Formel,Drarga,30.3941903,-9.3837785,icons/pharmacy.png,OSM
Souss-Massa,Pharmacie 2000 صيدلية,Parapharmacie,Formel,"Avenue Prince Moulay Abdellah, Agadir",30.4180699,-9.5939044,icons/pharmacy.png,OSM
Souss-Massa,Pharmacie Nour Al Farah 3 صيدلية نور الفرح,Parapharmacie,Formel,Agadir,30.400773,-9.5620105,icons/pharmacy.png,OSM
Souss-Massa,Pharmacie Charaf صيدلية شرف,Parapharmacie,Formel,Agadir ⴰⴳⴰⴷⵉⵔ أگادير,30.4327214,-9.5897908,icons/pharmacy.png,OSM
Souss-Massa,Pharmacie Aswak Assalam صيدلية أسواق السلام,Parapharmacie,Formel,Agadir,30.4062193,-9.5377237,icons/pharmacy.png,OSM
Souss-Massa,Pharmacie Ben Rahal صيدلية بن رحال,Parapharmacie,Formel,"Rue de Fès, Agadir",30.409047,-9.5873048,icons/pharmacy.png,OSM
Souss-Massa,Pharmacie El Bradi صيدلية البرادي,Parapharmacie,Formel,Agadir ⴰⴳⴰⴷⵉⵔ أگادير,30.3762682,-9.5059146,icons/pharmacy.png,OSM
Souss-Massa,Pharmacie Errami صيدلية الرامي,Parapharmacie,Formel,Agadir,30.427509,-9.5718362,icons/pharmacy.png,OSM
Souss-Massa,Pharmacie Extension Dakhla صيدلية نطاق الداخلة,Parapharmacie,Formel,Agadir,30.4052274,-9.557644,icons/pharmacy.png,OSM
Souss-Massa,Pharmacie Inbiaat صيدلية الإنبعاث,Parapharmacie,Formel,"Avenue Hassan II شارع الحسن الثاني, Agadir",30.413734,-9.5927306,icons/pharmacy.png,OSM
Souss-Massa,Pharmacie Iqbal صيدلية إقبال,Parapharmacie,Formel,"Avenue Mohamed Ikbal, Agadir",30.4159939,-9.5757681,icons/pharmacy.png,OSM
Souss-Massa,Pharmacie Marina Agadir صيدلية مارينا أكادير,Parapharmacie,Formel,"Rue Tawada, Agadir",30.4237022,-9.6182405,icons/pharmacy.png,OSM
Souss-Massa,Pharmacie du Maroc صيدلية المغرب,Parapharmacie,Formel,Agadir,30.3979724,-9.5365712,icons/pharmacy.png,OSM
Souss-Massa,Pharmacie Diet صيدلية دايت,Parapharmacie,Formel,Agadir,30.4089448,-9.5602012,icons/pharmacy.png,OSM
Souss-Massa,Pharmacie Soufi صيدلية الصوفي,Parapharmacie,Formel,"Boulevard Mohammed Ben Abdelkrim al Khattabi, Agadir",30.4133125,-9.5682721,icons/pharmacy.png,OSM
Souss-Massa,Pharmacie Valtur صيدلية فالتور,Parapharmacie,Formel,Agadir أݣادير,30.4071431,-9.5973277,icons/pharmacy.png,OSM
Souss-Massa,Pharmacie Itto صيدلية إيطو,Parapharmacie,Formel,Drargua ⴷⵔⴰⵔⴳⴰ الدراركة,30.3832238,-9.4839112,icons/pharmacy.png,OSM
Souss-Massa,Dar Chouaya,Restaurant,Formel,Dar Chouaya,30.4171205,-9.5796913,icons/restaurant.png,OSM
Souss-Massa,Grillaz Café & Restaurant,Restaurant,Formel,Grillaz Café & Restaurant,30.3107027,-9.4724648,icons/restaurant.png,OSM
Souss-Massa,Carrefour,Supermarché,Formel,Carrefour,30.4190834,-9.5778246,icons/supermarket.png,OSM
Souss-Massa,La libèrté,Café,Formel,La libèrté,29.0011046,-10.0524911,icons/cafe.png,OSM
Souss-Massa,صاكا,Supermarché,Formel,صاكا,30.1988223,-9.4228272,icons/supermarket.png,OSM
Souss-Massa,Café sans nom,Café,Formel,Café sans nom,30.4132179,-9.5789631,icons/cafe.png,OSM
Souss-Massa,La petite pause,Restaurant,Formel,La petite pause,30.8405826,-9.8208004,icons/restaurant.png,OSM
Souss-Massa,Café sans nom,Café,Formel,Café sans nom,30.544637,-9.7081022,icons/cafe.png,OSM
Souss-Massa,Pâtisserie Salam,Boulangerie,Formel,Pâtisserie Salam,30.4129155,-9.5886136,icons/bakery.png,OSM
Souss-Massa,Café Mauro,Café,Formel,Café Mauro,30.4187636,-9.5965894,icons/cafe.png,OSM
Souss-Massa,Snap Pizza,Restaurant,Formel,Snap Pizza,29.6974145,-9.7296787,icons/restaurant.png,OSM
Souss-Massa,Boulangerie sans nom,Boulangerie,Formel,Boulangerie sans nom,29.3771032,-10.1733377,icons/bakery.png,OSM
Souss-Massa,Café sans nom,Café,Formel,Café sans nom,29.2659741,-10.1131267,icons/cafe.png,OSM
Souss-Massa,Supérette / Mini-market sans nom,Supérette / Mini-market,Formel,Supérette / Mini-market sans nom,29.2659059,-10.1130876,icons/convenience.png,OSM
Souss-Massa,Souk,Épicerie,Informel,Souk,30.303917,-8.248079,icons/greengrocer.png,OSM
Souss-Massa,Carrito,Restaurant,Formel,Carrito,30.4223303,-9.5933698,icons/restaurant.png,OSM
Souss-Massa,Supérette / Mini-market sans nom,Supérette / Mini-market,Formel,Supérette / Mini-market sans nom,30.8613021,-8.0117103,icons/convenience.png,OSM
Souss-Massa,Café sans nom,Café,Formel,Café sans nom,30.840266,-9.8197619,icons/cafe.png,OSM
Souss-Massa,Café-Snack El Bahrya,Restaurant,Formel,Café-Snack El Bahrya,30.5441247,-9.7086443,icons/restaurant.png,OSM
Souss-Massa,هوارة,Restaurant,Formel,هوارة,30.3919671,-9.212875,icons/restaurant.png,OSM
Souss-Massa,Pharmacie Haboucha,Parapharmacie,Formel,Pharmacie Haboucha,30.4216817,-9.6058295,icons/pharmacy.png,OSM
Souss-Massa,Le Calisson,Café,Formel,Le Calisson,30.421922,-9.6055479,icons/cafe.png,OSM
Souss-Massa,Tourtite,Supérette / Mini-market,Formel,Tourtite,30.3996903,-9.5878875,icons/convenience.png,OSM
Souss-Massa,Narjisse,Restaurant,Formel,Narjisse,30.4012041,-9.5887048,icons/restaurant.png,OSM
Souss-Massa,Vita mix,Restaurant,Formel,Vita mix,30.3995781,-9.5879027,icons/restaurant.png,OSM
Souss-Massa,Sonaba,Parapharmacie,Formel,Sonaba,30.3996557,-9.5878933,icons/pharmacy.png,OSM
Souss-Massa,EL-Tepeyac,Restaurant,Formel,EL-Tepeyac,30.399052,-9.5872171,icons/restaurant.png,OSM
Souss-Massa,Roastery,Restaurant,Formel,"N° 10 Immeuble 03 Bloc 03, Khalij Ennakhil. City Founty",30.3997123,-9.5874165,icons/restaurant.png,OSM
Souss-Massa,Dar Jad,Restaurant,Formel,Lot I18 AMO3 Technopole 1 AgadirBay,30.4016716,-9.5849387,icons/restaurant.png,OSM
Souss-Massa,Green's,Restaurant,Formel,Green's,30.4009585,-9.5868299,icons/restaurant.png,OSM
Souss-Massa,Crémerie Sonaba,Café,Formel,Crémerie Sonaba,30.4003632,-9.5866799,icons/cafe.png,OSM
Souss-Massa,La cuccina di Mamma,Restaurant,Formel,La cuccina di Mamma,30.3999966,-9.5870628,icons/restaurant.png,OSM
Souss-Massa,Brooklyn Pizza,Restaurant,Formel,Brooklyn Pizza,30.4005526,-9.5866642,icons/restaurant.png,OSM
Souss-Massa,Zone 11,Restaurant,Formel,Zone 11,30.4005922,-9.5869803,icons/restaurant.png,OSM
Souss-Massa,Arôme de Paris,Restaurant,Formel,Arôme de Paris,30.3995171,-9.5879234,icons/restaurant.png,OSM
Souss-Massa,Waffle city,Restaurant,Formel,Waffle city,30.4005653,-9.5867671,icons/restaurant.png,OSM
Souss-Massa,Lahcen Market,Supérette / Mini-market,Formel,Lahcen Market,30.4003057,-9.5866867,icons/convenience.png,OSM
Souss-Massa,Mini Market Sonaba,Supermarché,Formel,Mini Market Sonaba,30.3995289,-9.5874837,icons/supermarket.png,OSM
Souss-Massa,O'Comptoir,Restaurant,Formel,O'Comptoir,30.3992313,-9.5875377,icons/restaurant.png,OSM
Souss-Massa,Stop Shop,Supérette / Mini-market,Formel,Stop Shop,30.3996874,-9.587298,icons/convenience.png,OSM
Souss-Massa,Karisma,Restaurant,Formel,Karisma,30.3990954,-9.5879869,icons/restaurant.png,OSM
Souss-Massa,Sushi Fleur de Ming,Restaurant,Formel,Sushi Fleur de Ming,30.3994745,-9.587488,icons/restaurant.png,OSM
Souss-Massa,Crémerie Bay,Café,Formel,Crémerie Bay,30.3996743,-9.5870621,icons/cafe.png,OSM
Souss-Massa,Yuzaki,Restaurant,Formel,Yuzaki,30.399987,-9.5869932,icons/restaurant.png,OSM
Souss-Massa,Kasbat souss,Épicerie,Informel,Agadir,30.3846123,-9.5726284,icons/greengrocer.png,OSM
Souss-Massa,Dar Tajine,Restaurant,Formel,Rue 2 Mars,30.4169395,-9.5796009,icons/restaurant.png,OSM
Souss-Massa,Bo Passage,Restaurant,Formel,Bo Passage,30.4012773,-9.5854013,icons/restaurant.png,OSM
Souss-Massa,Restaurants,Restaurant,Formel,Restaurants,30.4144344,-9.5789127,icons/restaurant.png,OSM
Souss-Massa,petit magasin,Supérette / Mini-market,Formel,petit magasin,30.7788919,-8.7986227,icons/convenience.png,OSM
Souss-Massa,petit magasin,Supermarché,Formel,petit magasin,30.5100594,-9.5861183,icons/supermarket.png,OSM
Souss-Massa,Restaurant sans nom,Restaurant,Formel,Restaurant sans nom,29.2131717,-8.5424202,icons/restaurant.png,OSM
Souss-Massa,Restaurant sans nom,Restaurant,Formel,Restaurant sans nom,29.7216264,-8.9745454,icons/restaurant.png,OSM
Souss-Massa,Supermarché sans nom,Supermarché,Formel,Supermarché sans nom,29.7200002,-8.9736912,icons/supermarket.png,OSM
Souss-Massa,Supermarché sans nom,Supermarché,Formel,Supermarché sans nom,29.7189617,-8.971062,icons/supermarket.png,OSM
Souss-Massa,Café Les Deux Palmiers,Café,Formel,Café Les Deux Palmiers,29.8568438,-8.9469377,icons/cafe.png,OSM
Souss-Massa,Restaurant sans nom,Restaurant,Formel,Restaurant sans nom,30.4687819,-8.8793387,icons/restaurant.png,OSM
Souss-Massa,Aboda,Restaurant,Formel,Aboda,30.570681,-9.7448537,icons/restaurant.png,OSM
Souss-Massa,Restaurant sans nom,Restaurant,Formel,Restaurant sans nom,30.448417,-9.6601069,icons/restaurant.png,OSM
Souss-Massa,Restaurant sans nom,Restaurant,Formel,Restaurant sans nom,30.4977616,-8.8177075,icons/restaurant.png,OSM
Souss-Massa,Mr Linin Fish and Chips,Restaurant,Formel,Mr Linin Fish and Chips,29.5804782,-10.0335576,icons/restaurant.png,OSM
Souss-Massa,Supérette / Mini-market sans nom,Supérette / Mini-market,Formel,Supérette / Mini-market sans nom,30.08515,-9.6629214,icons/convenience.png,OSM
Souss-Massa,petit magasin,Supermarché,Formel,petit magasin,29.2818561,-8.9934713,icons/supermarket.png,OSM
Souss-Massa,Atlantic Café,Café,Formel,Atlantic Café,29.58016,-10.0328741,icons/cafe.png,OSM
Souss-Massa,Snack Itran,Restaurant,Formel,Snack Itran,30.4690869,-8.8790607,icons/restaurant.png,OSM
Souss-Massa,Café sans nom,Café,Formel,Café sans nom,30.4121297,-9.5837073,icons/cafe.png,OSM
Souss-Massa,Tayought,Restaurant,Formel,Tayought,29.5805687,-10.0329624,icons/restaurant.png,OSM
Souss-Massa,Good coffee,Café,Formel,Good coffee,30.3980671,-8.6878182,icons/cafe.png,OSM
Souss-Massa,Restaurant sans nom,Restaurant,Formel,Restaurant sans nom,29.7017543,-9.7284899,icons/restaurant.png,OSM
Souss-Massa,Ilel seafood,Restaurant,Formel,Ilel seafood,29.3822637,-10.1742522,icons/restaurant.png,OSM
Souss-Massa,Restaurant sans nom,Restaurant,Formel,Restaurant sans nom,30.8447364,-9.8190674,icons/restaurant.png,OSM
Souss-Massa,Restaurant sans nom,Restaurant,Formel,Restaurant sans nom,30.8404154,-9.8200908,icons/restaurant.png,OSM
Souss-Massa,Restaurant sans nom,Restaurant,Formel,Restaurant sans nom,29.378388,-10.1746705,icons/restaurant.png,OSM
Souss-Massa,Supérette / Mini-market sans nom,Supérette / Mini-market,Formel,Supérette / Mini-market sans nom,29.3778313,-10.1738029,icons/convenience.png,OSM
Souss-Massa,Café sans nom,Café,Formel,Café sans nom,30.419333,-9.5783149,icons/cafe.png,OSM
Souss-Massa,Épicerie sans nom,Épicerie,Informel,Épicerie sans nom,29.7207331,-8.9739624,icons/greengrocer.png,OSM
Souss-Massa,Anzar,Restaurant,Formel,Anzar,30.8407163,-9.8203797,icons/restaurant.png,OSM
Souss-Massa,Épicerie sans nom,Épicerie,Informel,Épicerie sans nom,30.6166563,-9.4980705,icons/greengrocer.png,OSM
Souss-Massa,Restaurant sans nom,Restaurant,Formel,Restaurant sans nom,30.6093364,-9.4953973,icons/restaurant.png,OSM
Souss-Massa,Restaurant Aicha,Restaurant,Formel,Restaurant Aicha,30.5080744,-9.6869892,icons/restaurant.png,OSM
Souss-Massa,Supérette / Mini-market sans nom,Supérette / Mini-market,Formel,Supérette / Mini-market sans nom,30.6093558,-9.4953039,icons/convenience.png,OSM
Souss-Massa,Supérette / Mini-market sans nom,Supérette / Mini-market,Formel,Supérette / Mini-market sans nom,30.6167363,-9.497672,icons/convenience.png,OSM
Souss-Massa,Café sans nom,Café,Formel,Café sans nom,30.8383741,-9.8215438,icons/cafe.png,OSM
Souss-Massa,Restaurant sans nom,Restaurant,Formel,"Imp.issaoui, rue Haddada",29.6970123,-9.7310595,icons/restaurant.png,OSM
Souss-Massa,Café sans nom,Café,Formel,Café sans nom,30.0730066,-9.1520103,icons/cafe.png,OSM
Souss-Massa,Supérette / Mini-market sans nom,Supérette / Mini-market,Formel,Supérette / Mini-market sans nom,29.9550461,-9.1653256,icons/convenience.png,OSM
Souss-Massa,ALIMENTATION SOUFI,Supermarché,Formel,"Avenue Ifrane, Agadir ⴰⴳⴰⴷⵉⵔ أگادير",30.3976623,-9.5320926,icons/supermarket.png,OSM
Souss-Massa,café Nor,Restaurant,Formel,café Nor,30.6087557,-9.4770778,icons/restaurant.png,OSM
Souss-Massa,café berbere chez Brhaim,Café,Formel,café berbere chez Brhaim,30.6021189,-9.4775919,icons/cafe.png,OSM
Souss-Massa,La Ville Nouvelle,Restaurant,Formel,La Ville Nouvelle,29.6952403,-9.7322163,icons/restaurant.png,OSM
Souss-Massa,Restaurant sans nom,Restaurant,Formel,Restaurant sans nom,30.0896395,-8.4604643,icons/restaurant.png,OSM
Souss-Massa,متجر بقالة سعيد,Supermarché,Formel,متجر بقالة سعيد,29.3124994,-9.2144082,icons/supermarket.png,OSM
Souss-Massa,Kim Hoa,Restaurant,Formel,Kim Hoa,30.4107582,-9.59651,icons/restaurant.png,OSM
Souss-Massa,Supérette / Mini-market sans nom,Supérette / Mini-market,Formel,Supérette / Mini-market sans nom,30.4109705,-9.596787,icons/convenience.png,OSM
Souss-Massa,Belle Passion,Restaurant,Formel,Belle Passion,30.4103022,-9.5831611,icons/restaurant.png,OSM
Souss-Massa,Mini Market,Supérette / Mini-market,Formel,Mini Market,30.4108848,-9.5971881,icons/convenience.png,OSM
Souss-Massa,Supérette / Mini-market sans nom,Supérette / Mini-market,Formel,Supérette / Mini-market sans nom,30.4080409,-9.5975163,icons/convenience.png,OSM
Souss-Massa,Supérette / Mini-market sans nom,Supérette / Mini-market,Formel,Supérette / Mini-market sans nom,30.5513078,-9.5585469,icons/convenience.png,OSM
Souss-Massa,Restaurant sans nom,Restaurant,Formel,Restaurant sans nom,30.3888353,-9.4832503,icons/restaurant.png,OSM
Souss-Massa,Supérette d'alimentation générale TRD,Supermarché,Formel,Taroudant,30.4734267,-8.8887399,icons/supermarket.png,OSM
Souss-Massa,Market INO,Supermarché,Formel,Taroudant,30.4735865,-8.8887217,icons/supermarket.png,OSM
Souss-Massa,مقهى الفتح,Café,Formel,مقهى الفتح,29.5257403,-9.8161083,icons/cafe.png,OSM
Souss-Massa,Restaurant sans nom,Restaurant,Formel,Restaurant sans nom,30.7662079,-8.5138094,icons/restaurant.png,OSM
Souss-Massa,Restaurant sans nom,Restaurant,Formel,Restaurant sans nom,30.7662568,-8.5131976,icons/restaurant.png,OSM
Souss-Massa,Restaurant sans nom,Restaurant,Formel,Restaurant sans nom,30.7670235,-8.512726,icons/restaurant.png,OSM
Souss-Massa,Little Mamma,Restaurant,Formel,Avenue Mohamed V شارع الحسن الثاني,30.4009641,-9.5846682,icons/restaurant.png,OSM
Souss-Massa,Supérette / Mini-market sans nom,Supérette / Mini-market,Formel,Supérette / Mini-market sans nom,30.5519455,-9.5608579,icons/convenience.png,OSM
Souss-Massa,Tifrit,Restaurant,Formel,Tifrit,30.5783878,-9.5346793,icons/restaurant.png,OSM
Souss-Massa,Restaurant sans nom,Restaurant,Formel,Restaurant sans nom,30.5885898,-9.5259255,icons/restaurant.png,OSM
Souss-Massa,Chez Ibrahim,Restaurant,Formel,Chez Ibrahim,30.5880385,-9.528632,icons/restaurant.png,OSM
Souss-Massa,Restaurant sans nom,Restaurant,Formel,Restaurant sans nom,30.5879889,-9.5289052,icons/restaurant.png,OSM
Souss-Massa,Épicerie sans nom,Épicerie,Informel,Épicerie sans nom,30.5443283,-9.709195,icons/greengrocer.png,OSM
Souss-Massa,Restaurant sans nom,Restaurant,Formel,Restaurant sans nom,30.4364058,-9.5704308,icons/restaurant.png,OSM
Souss-Massa,Supérette / Mini-market sans nom,Supérette / Mini-market,Formel,Supérette / Mini-market sans nom,30.7045166,-8.8817178,icons/convenience.png,OSM
Souss-Massa,Supérette / Mini-market sans nom,Supérette / Mini-market,Formel,Supérette / Mini-market sans nom,30.7243116,-8.8380292,icons/convenience.png,OSM
Souss-Massa,Restaurant sans nom,Restaurant,Formel,Restaurant sans nom,30.5888042,-9.5253615,icons/restaurant.png,OSM
Souss-Massa,Parapharmacie sans nom,Parapharmacie,Formel,Parapharmacie sans nom,30.6401737,-8.4753218,icons/pharmacy.png,OSM
Souss-Massa,مقهى روتانا,Café,Formel,مقهى روتانا,30.3457319,-9.5546051,icons/cafe.png,OSM
Souss-Massa,Café sans nom,Café,Formel,Café sans nom,30.4142057,-9.5808439,icons/cafe.png,OSM
Souss-Massa,Boto,Restaurant,Formel,Boto,29.3776797,-10.174287,icons/restaurant.png,OSM
Souss-Massa,Parapharmacie sans nom,Parapharmacie,Formel,Parapharmacie sans nom,30.4124208,-9.5984953,icons/pharmacy.png,OSM
Souss-Massa,Café sans nom,Café,Formel,Café sans nom,30.4233094,-9.6185397,icons/cafe.png,OSM
Souss-Massa,Le20,Restaurant,Formel,Le20,30.414166,-9.6012168,icons/restaurant.png,OSM
Souss-Massa,iMiM,Café,Formel,iMiM,30.421973,-9.5936098,icons/cafe.png,OSM
Souss-Massa,Restaurant sans nom,Restaurant,Formel,Restaurant sans nom,30.973772,-8.1337448,icons/restaurant.png,OSM
Souss-Massa,Restaurant sans nom,Restaurant,Formel,Restaurant sans nom,30.9651064,-8.1001134,icons/restaurant.png,OSM
Souss-Massa,Restaurant sans nom,Restaurant,Formel,Restaurant sans nom,30.9921115,-8.0626137,icons/restaurant.png,OSM
Souss-Massa,Sandwiches Served,Restaurant,Formel,Sandwiches Served,30.9914234,-8.0607705,icons/restaurant.png,OSM
Souss-Massa,Café et Restaurant du Camping Paradis,Restaurant,Formel,"Corniche Aglou, Marokko",29.7861381,-9.8481076,icons/restaurant.png,OSM
Souss-Massa,Cremerie Mazagan,Café,Formel,Cremerie Mazagan,30.42277,-9.5943783,icons/cafe.png,OSM
Souss-Massa,Sweet Hamid,Restaurant,Formel,Sweet Hamid,30.423193,-9.5922902,icons/restaurant.png,OSM
Souss-Massa,Cafe Santiago,Café,Formel,Cafe Santiago,30.4244373,-9.5919905,icons/cafe.png,OSM
Souss-Massa,Cafe Holanda,Café,Formel,Cafe Holanda,30.4245151,-9.5920938,icons/cafe.png,OSM
Souss-Massa,Restaurant Cafe Nasr,Restaurant,Formel,Restaurant Cafe Nasr,30.4243598,-9.5923033,icons/restaurant.png,OSM
Souss-Massa,Supérette / Mini-market sans nom,Supérette / Mini-market,Formel,Supérette / Mini-market sans nom,29.6799523,-9.9575862,icons/convenience.png,OSM
Souss-Massa,Grande Pharmacie de Bouizakarne,Parapharmacie,Formel,Grande Pharmacie de Bouizakarne,29.1778384,-9.7119396,icons/pharmacy.png,OSM
Souss-Massa,Boulir,Restaurant,Formel,Boulir,29.1741265,-9.7154748,icons/restaurant.png,OSM
Souss-Massa,Restaurant sans nom,Restaurant,Formel,Restaurant sans nom,30.4686162,-8.8800459,icons/restaurant.png,OSM
Souss-Massa,Restaurant sans nom,Restaurant,Formel,Restaurant sans nom,30.4695498,-8.8832198,icons/restaurant.png,OSM
Souss-Massa,Supérette / Mini-market sans nom,Supérette / Mini-market,Formel,Supérette / Mini-market sans nom,30.5454936,-9.7077206,icons/convenience.png,OSM
Souss-Massa,Supérette / Mini-market sans nom,Supérette / Mini-market,Formel,Supérette / Mini-market sans nom,30.5462969,-9.7071171,icons/convenience.png,OSM
Souss-Massa,Al Fajer,Café,Formel,Al Fajer,30.4122939,-9.5893344,icons/cafe.png,OSM
Souss-Massa,Supermarché sans nom,Supermarché,Formel,Supermarché sans nom,30.4210225,-9.5941607,icons/supermarket.png,OSM
Souss-Massa,Supermarché sans nom,Supermarché,Formel,Supermarché sans nom,30.4254809,-9.6138701,icons/supermarket.png,OSM
Souss-Massa,Supermarché sans nom,Supermarché,Formel,Supermarché sans nom,30.4253056,-9.6134248,icons/supermarket.png,OSM
Souss-Massa,Épicerie sans nom,Épicerie,Informel,Épicerie sans nom,30.4116712,-9.5793107,icons/greengrocer.png,OSM
Souss-Massa,Supérette / Mini-market sans nom,Supérette / Mini-market,Formel,Supérette / Mini-market sans nom,30.4147013,-9.6000115,icons/convenience.png,OSM
Souss-Massa,Supérette / Mini-market sans nom,Supérette / Mini-market,Formel,Supérette / Mini-market sans nom,30.4715524,-8.8897938,icons/convenience.png,OSM
Souss-Massa,Restaurant sans nom,Restaurant,Formel,Restaurant sans nom,30.4083063,-9.5995719,icons/restaurant.png,OSM
Souss-Massa,RIU,Restaurant,Formel,RIU,30.4085796,-9.6014653,icons/restaurant.png,OSM
Souss-Massa,Café sans nom,Café,Formel,Café sans nom,30.0472207,-9.5612438,icons/cafe.png,OSM
Souss-Massa,Épicerie,Supérette / Mini-market,Formel,Épicerie,29.8543667,-8.5291197,icons/convenience.png,OSM
Souss-Massa,Le Petit Kawa,Restaurant,Formel,"Rue Ait Soual, Tamraght",30.5130129,-9.6816794,icons/restaurant.png,OSM
Souss-Massa,Café Restaurant Mç Tabia,Restaurant,Formel,Café Restaurant Mç Tabia,30.3381048,-9.5027611,icons/restaurant.png,OSM
Souss-Massa,Ilel Resto,Restaurant,Formel,"Boulevard El Mourabitine شارع المورابطين, Sidi Ifni",29.381709,-10.1751096,icons/restaurant.png,OSM
Souss-Massa,مقهى ايت توفاوت,Café,Formel,مقهى ايت توفاوت,29.8195949,-8.9040783,icons/cafe.png,OSM
Souss-Massa,متجر بقالة,Supérette / Mini-market,Formel,متجر بقالة,29.8157886,-8.9022638,icons/convenience.png,OSM
Souss-Massa,متحر بقالة,Supérette / Mini-market,Formel,متحر بقالة,29.8198581,-8.9064164,icons/convenience.png,OSM
Souss-Massa,Café sans nom,Café,Formel,Café sans nom,30.4138545,-9.5931553,icons/cafe.png,OSM
Souss-Massa,Old market in the mellah of Tahala,Épicerie,Informel,Old market in the mellah of Tahala,29.6394649,-9.0942279,icons/greengrocer.png,OSM
Souss-Massa,Illigh Old Market,Épicerie,Informel,Illigh Old Market,29.4948486,-9.5013515,icons/greengrocer.png,OSM
Souss-Massa,Boulangerie l'océan,Boulangerie,Formel,Boulangerie l'océan,30.4233897,-9.5735289,icons/bakery.png,OSM
Souss-Massa,Asdim cooperative Bio,Restaurant,Formel,Asdim cooperative Bio,30.0722218,-9.1685196,icons/restaurant.png,OSM
Souss-Massa,Supermarché sans nom,Supermarché,Formel,Supermarché sans nom,30.5080155,-9.6761958,icons/supermarket.png,OSM
Souss-Massa,Supérette / Mini-market sans nom,Supérette / Mini-market,Formel,Supérette / Mini-market sans nom,29.8592223,-9.0080355,icons/convenience.png,OSM
Souss-Massa,Delice Pizza Bay Sonaba,Restaurant,Formel,Delice Pizza Bay Sonaba,30.3990631,-9.5869064,icons/restaurant.png,OSM
Souss-Massa,Supérette / Mini-market sans nom,Supérette / Mini-market,Formel,Supérette / Mini-market sans nom,30.4018027,-9.5904301,icons/convenience.png,OSM
Souss-Massa,Supérette / Mini-market sans nom,Supérette / Mini-market,Formel,Supérette / Mini-market sans nom,30.4016113,-9.5888771,icons/convenience.png,OSM
Souss-Massa,Wood Stock,Café,Formel,Wood Stock,29.5786669,-10.0471838,icons/cafe.png,OSM
Souss-Massa,Café sans nom,Café,Formel,Café sans nom,30.8405861,-9.7871961,icons/cafe.png,OSM
Souss-Massa,Café sans nom,Café,Formel,Café sans nom,29.3846086,-10.1737913,icons/cafe.png,OSM
Souss-Massa,صيدلية المحطة,Parapharmacie,Formel,صيدلية المحطة,29.6906406,-9.7143654,icons/pharmacy.png,OSM
Souss-Massa,Vala,Café,Formel,"Tikiouine, Agadir",30.3804757,-9.5020553,icons/cafe.png,OSM
Souss-Massa,Bus stop cafe,Café,Formel,Bus stop cafe,29.9984836,-9.5888326,icons/cafe.png,OSM
Souss-Massa,Carrefour,Supermarché,Formel,Carrefour,30.4482323,-9.6538261,icons/supermarket.png,OSM
Souss-Massa,Épicerie sans nom,Épicerie,Informel,Épicerie sans nom,30.5465901,-9.7071873,icons/greengrocer.png,OSM
Souss-Massa,Supermarché sans nom,Supermarché,Formel,Supermarché sans nom,30.8424523,-9.818931,icons/supermarket.png,OSM
Souss-Massa,Said,Supermarché,Formel,Said,30.3800393,-8.5769748,icons/supermarket.png,OSM
Souss-Massa,Chez Mimoun,Restaurant,Formel,"Rue de la Mosqueé, Tamraght",30.5148542,-9.680862,icons/restaurant.png,OSM
Souss-Massa,Manouche,Restaurant,Formel,Manouche,30.5132036,-9.6802647,icons/restaurant.png,OSM
Souss-Massa,Swal Smoothies Tamraght,Restaurant,Formel,Swal Smoothies Tamraght,30.5149075,-9.6810155,icons/restaurant.png,OSM
Souss-Massa,Café Tamazight,Restaurant,Formel,Café Tamazight,30.8398146,-9.8200432,icons/restaurant.png,OSM
Souss-Massa,Cafe Rayan,Café,Formel,Cafe Rayan,30.3990293,-9.5510911,icons/cafe.png,OSM
Souss-Massa,Café sans nom,Café,Formel,Café sans nom,30.4123367,-9.5767684,icons/cafe.png,OSM
Souss-Massa,Supérette / Mini-market sans nom,Supérette / Mini-market,Formel,Supérette / Mini-market sans nom,30.4123423,-9.5767579,icons/convenience.png,OSM
Souss-Massa,"NOUVION (wifi only inside, code:20202020)",Café,Formel,"NOUVION (wifi only inside, code:20202020)",30.3965358,-9.5457447,icons/cafe.png,OSM
Souss-Massa,Supérette / Mini-market sans nom,Supérette / Mini-market,Formel,Supérette / Mini-market sans nom,30.4305134,-8.9854048,icons/convenience.png,OSM
Souss-Massa,Supérette / Mini-market sans nom,Supérette / Mini-market,Formel,Supérette / Mini-market sans nom,30.429881,-9.1136558,icons/convenience.png,OSM
Souss-Massa,Supérette / Mini-market sans nom,Supérette / Mini-market,Formel,Supérette / Mini-market sans nom,30.4272153,-9.113266,icons/convenience.png,OSM
Souss-Massa,Parapharmacie sans nom,Parapharmacie,Formel,Parapharmacie sans nom,29.3652018,-10.1780095,icons/pharmacy.png,OSM
Souss-Massa,La source,Café,Formel,La source,30.5886202,-9.5294051,icons/cafe.png,OSM
Souss-Massa,Panorama Coffee,Café,Formel,Panorama Coffee,30.5877506,-9.529426,icons/cafe.png,OSM
Souss-Massa,Anwal dinde,Restaurant,Formel,Anwal dinde,30.6970974,-9.8250511,icons/restaurant.png,OSM
Souss-Massa,Les 3S,Restaurant,Formel,Les 3S,30.8405197,-9.8205859,icons/restaurant.png,OSM
Souss-Massa,Café Tizi,Café,Formel,Café Tizi,29.7747342,-9.0459317,icons/cafe.png,OSM
Souss-Massa,Café Du Moulin,Restaurant,Formel,Café Du Moulin,29.9504274,-9.0137777,icons/restaurant.png,OSM
Souss-Massa,ماكدونالدز,Restaurant,Formel,"Corniche, Agadir",30.4177005,-9.6055539,icons/restaurant.png,OSM
Souss-Massa,Pizza Hut,Restaurant,Formel,"Corniche, Agadir",30.4177541,-9.6058312,icons/restaurant.png,OSM
Souss-Massa,Supérette / Mini-market sans nom,Supérette / Mini-market,Formel,Supérette / Mini-market sans nom,30.3036307,-8.2478737,icons/convenience.png,OSM
Souss-Massa,Supérette / Mini-market sans nom,Supérette / Mini-market,Formel,Supérette / Mini-market sans nom,30.3040183,-8.2486758,icons/convenience.png,OSM
Souss-Massa,Supérette / Mini-market sans nom,Supérette / Mini-market,Formel,Supérette / Mini-market sans nom,30.122487,-8.3818228,icons/convenience.png,OSM
Souss-Massa,Superette Atlas,Supermarché,Formel,Superette Atlas,30.3977166,-9.557278,icons/supermarket.png,OSM
Souss-Massa,Supérette / Mini-market sans nom,Supérette / Mini-market,Formel,Supérette / Mini-market sans nom,29.7969242,-8.8820938,icons/convenience.png,OSM
Souss-Massa,Café sans nom,Café,Formel,Café sans nom,30.8399176,-9.8200121,icons/cafe.png,OSM
Souss-Massa,Restaurant sans nom,Restaurant,Formel,Restaurant sans nom,30.8402818,-9.8194269,icons/restaurant.png,OSM
Souss-Massa,Brahim‘s Cuisine,Restaurant,Formel,Rue de la Jeunesse,30.5151936,-9.6806024,icons/restaurant.png,OSM
Souss-Massa,Café sans nom,Café,Formel,Café sans nom,29.5369451,-9.8212582,icons/cafe.png,OSM
Souss-Massa,Café sans nom,Café,Formel,Café sans nom,30.4229292,-9.6092771,icons/cafe.png,OSM
Souss-Massa,Restaurant Samy B,Restaurant,Formel,Restaurant Samy B,29.6939198,-9.723629,icons/restaurant.png,OSM
Souss-Massa,Al-Sahel Store,Supérette / Mini-market,Formel,Al-Sahel Store,30.5139212,-9.6781102,icons/convenience.png,OSM
Souss-Massa,Beach Break,Café,Formel,Beach Break,30.5143102,-9.6787413,icons/cafe.png,OSM
Souss-Massa,Daydream,Café,Formel,Daydream,30.513638,-9.6802911,icons/cafe.png,OSM
Souss-Massa,Pizza N Go,Restaurant,Formel,Pizza N Go,30.5142701,-9.6793754,icons/restaurant.png,OSM
Souss-Massa,Parapharmacie sans nom,Parapharmacie,Formel,Parapharmacie sans nom,30.5133931,-9.6822888,icons/pharmacy.png,OSM
Souss-Massa,Surf & Friends,Café,Formel,Surf & Friends,30.5139858,-9.6798068,icons/cafe.png,OSM
Souss-Massa,Oasis,Café,Formel,Oasis,30.5088401,-9.6815964,icons/cafe.png,OSM
Souss-Massa,Café sans nom,Café,Formel,Café sans nom,29.5807136,-10.035099,icons/cafe.png,OSM
Souss-Massa,ZanZan,Restaurant,Formel,ZanZan,29.5818202,-10.0337,icons/restaurant.png,OSM
Souss-Massa,Carrefour,Supermarché,Formel,Carrefour,30.3893617,-9.5103843,icons/supermarket.png,OSM
Souss-Massa,Grillades de pêcheur,Restaurant,Formel,Grillades de pêcheur,29.8162794,-9.8262227,icons/restaurant.png,OSM
Souss-Massa,uniprix,Supermarché,Formel,uniprix,30.4206324,-9.5993646,icons/supermarket.png,OSM
Souss-Massa,Aswak Assalam,Supermarché,Formel,Aswak Assalam,30.4064546,-9.5379665,icons/supermarket.png,OSM
Souss-Massa,Souk al Hout,Épicerie,Informel,Souk al Hout,30.4151477,-9.5677377,icons/greengrocer.png,OSM
Souss-Massa,Souk Al Massira,Épicerie,Informel,Souk Al Massira,30.4147365,-9.567403,icons/greengrocer.png,OSM
Souss-Massa,FOSE Agadir Restaurant,Restaurant,Formel,FOSE Agadir Restaurant,30.425059,-9.5951577,icons/restaurant.png,OSM
Souss-Massa,Cafe Vallee,Café,Formel,Cafe Vallee,30.8559532,-8.3887374,icons/cafe.png,OSM
Souss-Massa,Targua,Café,Formel,Targua,29.060739,-9.4212321,icons/cafe.png,OSM
Souss-Massa,km26,Café,Formel,km26,30.5819574,-9.7555067,icons/cafe.png,OSM
Souss-Massa,Les Rochers Peints,Restaurant,Formel,Tafraoute,29.7172754,-8.9768286,icons/restaurant.png,OSM
Souss-Massa,Tizi n'Test,Café,Formel,Tizi n'Test,30.8683328,-8.379045,icons/cafe.png,OSM
Souss-Massa,Marché des Poissons,Épicerie,Informel,Marché des Poissons,30.1996197,-9.6390214,icons/greengrocer.png,OSM
Souss-Massa,Épicerie sans nom,Épicerie,Informel,Épicerie sans nom,30.3877662,-9.206075,icons/greengrocer.png,OSM
Souss-Massa,Épicerie sans nom,Épicerie,Informel,Épicerie sans nom,30.2928733,-9.4594841,icons/greengrocer.png,OSM
Souss-Massa,Restaurant sans nom,Restaurant,Formel,Restaurant sans nom,30.8409254,-9.820718,icons/restaurant.png,OSM
Souss-Massa,Épicerie sans nom,Épicerie,Informel,Épicerie sans nom,29.6666228,-9.3606252,icons/greengrocer.png,OSM
Souss-Massa,Marché aux Poissons,Épicerie,Informel,Biougra,30.2186499,-9.3689953,icons/greengrocer.png,OSM
Souss-Massa,Marché Couvert de Biougra,Épicerie,Informel,Biougra بيوكرى,30.2184188,-9.3685788,icons/greengrocer.png,OSM
Souss-Massa,Marché Couvert de Biougra,Épicerie,Informel,Biougra بيوكرى,30.2185879,-9.3699354,icons/greengrocer.png,OSM
Souss-Massa,"Marché de Biougra [Vétements, Bijoux]",Épicerie,Informel,Biougra,30.2162434,-9.3688788,icons/greengrocer.png,OSM
Souss-Massa,Marché Hebdomadaire de Biougra [Lundi],Épicerie,Informel,Biougra,30.2252197,-9.3684136,icons/greengrocer.png,OSM
Souss-Massa,Souq El Had,Épicerie,Informel,Agadir,30.4127814,-9.5795902,icons/greengrocer.png,OSM
Souss-Massa,Marché de Mardi ⵙⵓⵇ ⵏ ⵜⵍⴰⵜⴰ سوق الثلاثاء سوق الثلاثاء,Épicerie,Informel,Inezgane إنزكان,30.3596326,-9.5302627,icons/greengrocer.png,OSM
Souss-Massa,Souk,Épicerie,Informel,Inezgane إنزكان,30.3560817,-9.5326058,icons/greengrocer.png,OSM
Souss-Massa,Souk el-Khemis سوق الخميس,Épicerie,Informel,Aït Amira,30.1754216,-9.4967389,icons/greengrocer.png,OSM
Souss-Massa,Restaurant universitaire,Restaurant,Formel,Restaurant universitaire,30.4060581,-9.5791735,icons/restaurant.png,OSM
Souss-Massa,سوق الحرية,Épicerie,Informel,سوق الحرية,30.3574265,-9.525618,icons/greengrocer.png,OSM
Souss-Massa,سوق الجملة للخضر والفواكه,Épicerie,Informel,سوق الجملة للخضر والفواكه,30.3564289,-9.52208,icons/greengrocer.png,OSM
Souss-Massa,Marjane,Supermarché,Formel,"Avenue Othmane Ben Affane, Inezgane ⵉⵏⴻⵣⴳⴰⵏ إنزگان",30.3592998,-9.5255311,icons/supermarket.png,OSM
Souss-Massa,Épicerie sans nom,Épicerie,Informel,Épicerie sans nom,30.3685885,-9.5383392,icons/greengrocer.png,OSM
Souss-Massa,السوق اليومي عمر الخيام,Épicerie,Informel,السوق اليومي عمر الخيام,30.3656092,-9.541479,icons/greengrocer.png,OSM
Souss-Massa,Épicerie sans nom,Épicerie,Informel,Épicerie sans nom,30.3522417,-9.5568224,icons/greengrocer.png,OSM
Souss-Massa,سوق,Épicerie,Informel,سوق,30.3750815,-9.5360575,icons/greengrocer.png,OSM
Souss-Massa,Épicerie sans nom,Épicerie,Informel,Épicerie sans nom,30.3599688,-9.5260338,icons/greengrocer.png,OSM
Souss-Massa,Marché d'Anza du mercredi سوق أربعاء أنزا,Épicerie,Informel,Marché d'Anza du mercredi سوق أربعاء أنزا,30.4493995,-9.6522227,icons/greengrocer.png,OSM
Souss-Massa,Brocante سوق السلع المستعملة,Épicerie,Informel,Brocante سوق السلع المستعملة,30.3552547,-9.530122,icons/greengrocer.png,OSM
Souss-Massa,المقهى الادبي,Café,Formel,المقهى الادبي,30.3654639,-9.5299917,icons/cafe.png,OSM
Souss-Massa,Épicerie sans nom,Épicerie,Informel,Épicerie sans nom,30.3561573,-9.530003,icons/greengrocer.png,OSM
Souss-Massa,سوق السلع المستعملة,Épicerie,Informel,سوق السلع المستعملة,30.3809358,-9.5064298,icons/greengrocer.png,OSM
Souss-Massa,Restaurant sans nom,Restaurant,Formel,Restaurant sans nom,30.5876051,-9.5286418,icons/restaurant.png,OSM
Souss-Massa,Restaurant sans nom,Restaurant,Formel,Restaurant sans nom,30.5885301,-9.5270541,icons/restaurant.png,OSM
Souss-Massa,Cafe Tizi,Café,Formel,Cafe Tizi,30.5396628,-9.5771712,icons/cafe.png,OSM
Souss-Massa,سوق المواشي,Épicerie,Informel,سوق المواشي,30.3535211,-9.5302737,icons/greengrocer.png,OSM
Souss-Massa,السوق النموذجي,Épicerie,Informel,السوق النموذجي,30.3751186,-9.5365302,icons/greengrocer.png,OSM
Souss-Massa,Café Restaurant Goundafa,Café,Formel,Café Restaurant Goundafa,30.9361651,-8.2698367,icons/cafe.png,OSM
Souss-Massa,Café Igdelt,Café,Formel,Café Igdelt,30.9104591,-8.2889476,icons/cafe.png,OSM
Souss-Massa,Panorama,Restaurant,Formel,Panorama,30.5431914,-9.7080222,icons/restaurant.png,OSM
Souss-Massa,Restaurant sans nom,Restaurant,Formel,Restaurant sans nom,30.9935104,-8.1828008,icons/restaurant.png,OSM
Souss-Massa,Kissariat des Habouss,Épicerie,Informel,Kissariat des Habouss,30.4688922,-8.8802197,icons/greengrocer.png,OSM
Souss-Massa,Marché Municipal السوق البلدي,Épicerie,Informel,Marché Municipal السوق البلدي,29.3781785,-10.1744794,icons/greengrocer.png,OSM
Souss-Massa,Marché de Charaf,Épicerie,Informel,Marché de Charaf,30.4325127,-9.5897602,icons/greengrocer.png,OSM
Souss-Massa,Café sans nom,Café,Formel,Café sans nom,30.4295012,-8.8956377,icons/cafe.png,OSM
Souss-Massa,Complexe El Kasbah,Restaurant,Formel,Complexe El Kasbah,30.4711774,-8.8746698,icons/restaurant.png,OSM
Souss-Massa,Momo,Restaurant,Formel,Momo,30.8436048,-9.8211745,icons/restaurant.png,OSM
Souss-Massa,CHITAL,Restaurant,Formel,Agadir أكادير,30.4214088,-9.5998274,icons/restaurant.png,OSM
Souss-Massa,Épicerie sans nom,Épicerie,Informel,Épicerie sans nom,30.3894542,-9.572513,icons/greengrocer.png,OSM
Souss-Massa,سوق المتلاشيات,Épicerie,Informel,سوق المتلاشيات,30.3551234,-9.5279105,icons/greengrocer.png,OSM
Souss-Massa,Restaurant sans nom,Restaurant,Formel,Restaurant sans nom,30.4011769,-9.5990668,icons/restaurant.png,OSM
Souss-Massa,Marché Municipal,Épicerie,Informel,Marché Municipal,30.4217473,-9.6001682,icons/greengrocer.png,OSM
Souss-Massa,Riad le Jasmin,Restaurant,Formel,Riad le Jasmin,30.4780302,-8.8308551,icons/restaurant.png,OSM
Souss-Massa,Épicerie sans nom,Épicerie,Informel,Épicerie sans nom,29.7200584,-8.9732089,icons/greengrocer.png,OSM
Souss-Massa,Kiosque sans nom,Kiosque,Informel,Kiosque sans nom,30.4184797,-9.6041054,icons/kiosk.png,OSM
Souss-Massa,Kiosque sans nom,Kiosque,Informel,Kiosque sans nom,30.4195911,-9.6054438,icons/kiosk.png,OSM
Souss-Massa,Cafè Ait Mansour,Café,Formel,Cafè Ait Mansour,29.5402827,-8.8641154,icons/cafe.png,OSM
Souss-Massa,Cafè Restaurant Chez Mustapha,Café,Formel,Cafè Restaurant Chez Mustapha,29.5397819,-8.8638546,icons/cafe.png,OSM
Souss-Massa,Restaurant Les Dinosaures,Restaurant,Formel,Restaurant Les Dinosaures,30.4582128,-9.6656902,icons/restaurant.png,OSM
Souss-Massa,Coffee Rocks,Café,Formel,Coffee Rocks,30.5593309,-9.5466594,icons/cafe.png,OSM
Souss-Massa,Dar Josephine,Restaurant,Formel,Dar Josephine,30.5451782,-9.7084023,icons/restaurant.png,OSM
Souss-Massa,Sunset,Restaurant,Formel,Sunset,30.5452001,-9.7084728,icons/restaurant.png,OSM
Souss-Massa,Red clay cafe,Restaurant,Formel,Red clay cafe,30.5453752,-9.7090218,icons/restaurant.png,OSM
Souss-Massa,Lil' Veggie,Café,Formel,Lil' Veggie,30.5452722,-9.7088964,icons/cafe.png,OSM
Souss-Massa,Teapot,Café,Formel,Teapot,30.5453638,-9.7089359,icons/cafe.png,OSM
Souss-Massa,Taghazout Chez Titrite,Restaurant,Formel,Taghazout Chez Titrite,30.5453324,-9.7088172,icons/restaurant.png,OSM
Souss-Massa,Florida,Restaurant,Formel,Florida,30.5452934,-9.7087153,icons/restaurant.png,OSM
Souss-Massa,La Paix,Restaurant,Formel,La Paix,30.5452621,-9.7086257,icons/restaurant.png,OSM
Souss-Massa,Bella Vista,Restaurant,Formel,Bella Vista,30.5449216,-9.7117705,icons/restaurant.png,OSM
Souss-Massa,Surf Berbere,Restaurant,Formel,Surf Berbere,30.544931,-9.7118858,icons/restaurant.png,OSM
Souss-Massa,Rooftop,Restaurant,Formel,Rooftop,30.5452282,-9.7114839,icons/restaurant.png,OSM
Souss-Massa,Elmadraba,Restaurant,Formel,Elmadraba,30.5448936,-9.7116262,icons/restaurant.png,OSM
Souss-Massa,Surf It,Restaurant,Formel,Surf It,30.544922,-9.7117043,icons/restaurant.png,OSM
Souss-Massa,Sonya,Café,Formel,Sonya,30.5449519,-9.7103221,icons/cafe.png,OSM
Souss-Massa,Windy Bay,Restaurant,Formel,Taghazout ⵜⴰⵖⴰⵣⵓⵜ تغازوت,30.5449196,-9.7103795,icons/restaurant.png,OSM
Souss-Massa,La Terrasse d'Argana,Restaurant,Formel,La Terrasse d'Argana,30.5448794,-9.7108228,icons/restaurant.png,OSM
Souss-Massa,World of Waves,Restaurant,Formel,World of Waves,30.5449,-9.7106956,icons/restaurant.png,OSM
Souss-Massa,Rasta Pasta,Restaurant,Formel,Rasta Pasta,30.5438807,-9.7087246,icons/restaurant.png,OSM
Souss-Massa,Chor,Café,Formel,Chor,30.5883653,-9.5269108,icons/cafe.png,OSM
Souss-Massa,Ocean Dunes house,Restaurant,Formel,Ocean Dunes house,29.7059781,-9.9494901,icons/restaurant.png,OSM
Souss-Massa,Restaurant sans nom,Restaurant,Formel,Restaurant sans nom,29.7019977,-9.9469026,icons/restaurant.png,OSM
Souss-Massa,Brahim's Paradis,Restaurant,Formel,Brahim's Paradis,30.5687397,-9.5364713,icons/restaurant.png,OSM
Souss-Massa,Restaurant sans nom,Restaurant,Formel,Restaurant sans nom,30.3164866,-9.5024804,icons/restaurant.png,OSM
Souss-Massa,Restaurant sans nom,Restaurant,Formel,Restaurant sans nom,30.5877699,-9.5279987,icons/restaurant.png,OSM
Souss-Massa,Restaurant sans nom,Restaurant,Formel,Restaurant sans nom,30.599117,-9.4971395,icons/restaurant.png,OSM
Souss-Massa,Café sans nom,Café,Formel,Café sans nom,30.7124154,-8.2368161,icons/cafe.png,OSM
Souss-Massa,Café & Billard,Café,Formel,Taroudant,30.4661885,-8.7744406,icons/cafe.png,OSM
Souss-Massa,سوق الثلاثاء تيريت,Épicerie,Informel,سوق الثلاثاء تيريت,30.4048997,-8.0830377,icons/greengrocer.png,OSM
Souss-Massa,Restaurant sans nom,Restaurant,Formel,Restaurant sans nom,30.4729381,-8.8778903,icons/restaurant.png,OSM
Souss-Massa,Café sans nom,Café,Formel,Café sans nom,30.7658283,-8.5136498,icons/cafe.png,OSM
Souss-Massa,Cafe du miel,Café,Formel,Cafe du miel,30.5398688,-9.5744533,icons/cafe.png,OSM
Souss-Massa,classico,Café,Formel,classico,29.1750304,-9.7142495,icons/cafe.png,OSM
Souss-Massa,café et salle de jeux Barka,Café,Formel,café et salle de jeux Barka,29.1752964,-9.7141028,icons/cafe.png,OSM
Souss-Massa,Épicerie sans nom,Épicerie,Informel,Épicerie sans nom,29.1745657,-9.7144985,icons/greengrocer.png,OSM
Souss-Massa,souk hebdomadaire,Épicerie,Informel,souk hebdomadaire,29.1740599,-9.714528,icons/greengrocer.png,OSM
Souss-Massa,café et restaurant ARGANA,Café,Formel,café et restaurant ARGANA,29.1740759,-9.7150094,icons/cafe.png,OSM
Souss-Massa,Café sans nom,Café,Formel,Café sans nom,29.1781419,-9.7107327,icons/cafe.png,OSM
Souss-Massa,Épicerie sans nom,Épicerie,Informel,Épicerie sans nom,29.1781371,-9.7106281,icons/greengrocer.png,OSM
Souss-Massa,Buddha Bar Agadir,Restaurant,Formel,"Boulevard du 20 Aout, Agadir",30.4152548,-9.6025522,icons/restaurant.png,OSM
Souss-Massa,Café Tighawn,Café,Formel,Café Tighawn,29.6118564,-9.0061187,icons/cafe.png,OSM
Souss-Massa,Épicerie sans nom,Épicerie,Informel,Épicerie sans nom,30.3991427,-9.2161461,icons/greengrocer.png,OSM
Souss-Massa,café Terrasse du paradis,Café,Formel,café Terrasse du paradis,30.5876483,-9.5285375,icons/cafe.png,OSM
Souss-Massa,Restaurant sans nom,Restaurant,Formel,Restaurant sans nom,30.4227331,-9.6086526,icons/restaurant.png,OSM
Souss-Massa,Épicerie sans nom,Épicerie,Informel,Épicerie sans nom,30.3685402,-9.5378347,icons/greengrocer.png,OSM
Souss-Massa,Riad dar Dzahra,Restaurant,Formel,"Derb Akka, Taroudant",30.4677146,-8.8838155,icons/restaurant.png,OSM
Souss-Massa,Café sans nom,Café,Formel,Café sans nom,30.3546415,-9.471043,icons/cafe.png,OSM
