Zone,Nom,Catégorie,Statut,Adresse,Latitude,Longitude,Image,Source
Casablanca,La Bodega,Restaurant,Formel,"Rue Allal Ben Abdellah, Casablanca",33.5952195,-7.6115725,icons/restaurant.png,OSM
Casablanca,La Sqala,Restaurant,Formel,"Boulevard des Almohades, Casablanca",33.6028481,-7.619212,icons/restaurant.png,OSM
Casablanca,Pizza Hut,Restaurant,Formel,Pizza Hut,33.5928474,-7.597267,icons/restaurant.png,OSM
Casablanca,Parapharmacie sans nom,Parapharmacie,Formel,Parapharmacie sans nom,33.5821087,-7.6265575,icons/pharmacy.png,OSM
Casablanca,Marjane,Supermarché,Formel,Marjane,33.5446703,-7.639958,icons/supermarket.png,OSM
Casablanca,Restaurant sans nom,Restaurant,Formel,Restaurant sans nom,33.5896864,-7.6265742,icons/restaurant.png,OSM
Casablanca,Chez Pépé,Restaurant,Formel,Chez Pépé,33.595533,-7.6454829,icons/restaurant.png,OSM
Casablanca,khalid ibn oualid,Parapharmacie,Formel,khalid ibn oualid,33.6000497,-7.5450991,icons/pharmacy.png,OSM
Casablanca,Supérette / Mini-market sans nom,Supérette / Mini-market,Formel,Supérette / Mini-market sans nom,33.6004234,-7.6172703,icons/convenience.png,OSM
Casablanca,Restaurant sans nom,Restaurant,Formel,Restaurant sans nom,33.5999101,-7.6174265,icons/restaurant.png,OSM
Casablanca,Au 19 Heure,Café,Formel,Au 19 Heure,33.5827625,-7.6112767,icons/cafe.png,OSM
Casablanca,pharmacie wifak,Parapharmacie,Formel,pharmacie wifak,33.5598715,-7.6919901,icons/pharmacy.png,OSM
Casablanca,Pharmacie Ahmed,Parapharmacie,Formel,Pharmacie Ahmed,33.5574213,-7.6902715,icons/pharmacy.png,OSM
Casablanca,Maeva,Café,Formel,Maeva,33.5957256,-7.5933532,icons/cafe.png,OSM
Casablanca,Parapharmacie sans nom,Parapharmacie,Formel,Parapharmacie sans nom,33.5545488,-7.6399358,icons/pharmacy.png,OSM
Casablanca,Dalal,Parapharmacie,Formel,Rue de Vanneaux,33.5545398,-7.6360392,icons/pharmacy.png,OSM
Casablanca,Antouki,Boulangerie,Formel,Antouki,33.5937563,-7.5970471,icons/bakery.png,OSM
Casablanca,Café sans nom,Café,Formel,Café sans nom,33.5924515,-7.5954887,icons/cafe.png,OSM
Casablanca,Café sans nom,Café,Formel,Café sans nom,33.594621,-7.5934475,icons/cafe.png,OSM
Casablanca,Sampione,Café,Formel,Sampione,33.5928563,-7.5971409,icons/cafe.png,OSM
Casablanca,Café sans nom,Café,Formel,Café sans nom,33.5926705,-7.5961807,icons/cafe.png,OSM
Casablanca,Mahboub محبوب,Restaurant,Formel,Mahboub محبوب,33.5921991,-7.5923586,icons/restaurant.png,OSM
Casablanca,Amoud,Boulangerie,Formel,Amoud,33.5938837,-7.596119,icons/bakery.png,OSM
Casablanca,Snack Essaada,Restaurant,Formel,"Boulevard Émile Zola, Casablanca",33.5936543,-7.5974637,icons/restaurant.png,OSM
Casablanca,Paradisio,Restaurant,Formel,Boulevard Émile Zola,33.5938278,-7.5969183,icons/restaurant.png,OSM
Casablanca,Café sans nom,Café,Formel,Café sans nom,33.5920315,-7.5973448,icons/cafe.png,OSM
Casablanca,Pharmacie du conseil,Parapharmacie,Formel,Boulevards Mohammed 5,33.5920672,-7.5950193,icons/pharmacy.png,OSM
Casablanca,Café sans nom,Café,Formel,Café sans nom,33.5916786,-7.5917569,icons/cafe.png,OSM
Casablanca,Café sans nom,Café,Formel,Café sans nom,33.5921344,-7.6002863,icons/cafe.png,OSM
Casablanca,Restaurant sans nom,Restaurant,Formel,Restaurant sans nom,33.5905168,-7.5955656,icons/restaurant.png,OSM
Casablanca,Café sans nom,Café,Formel,Café sans nom,33.5909904,-7.5975933,icons/cafe.png,OSM
Casablanca,Venezia Ice,Café,Formel,Venezia Ice,33.5944312,-7.5954315,icons/cafe.png,OSM
Casablanca,Parapharmacie sans nom,Parapharmacie,Formel,Parapharmacie sans nom,33.5941095,-7.5965151,icons/pharmacy.png,OSM
Casablanca,Café sans nom,Café,Formel,Café sans nom,33.5906061,-7.595469,icons/cafe.png,OSM
Casablanca,Café sans nom,Café,Formel,Café sans nom,33.5910262,-7.5924971,icons/cafe.png,OSM
Casablanca,Kiosque sans nom,Kiosque,Informel,Kiosque sans nom,33.5911175,-7.5924051,icons/kiosk.png,OSM
Casablanca,Acima,Supermarché,Formel,Boulevard Emile Zola,33.5945384,-7.595292,icons/supermarket.png,OSM
Casablanca,Alhana,Café,Formel,Alhana,33.5900564,-7.5931006,icons/cafe.png,OSM
Casablanca,Café de la gare,Café,Formel,Café de la gare,33.5899952,-7.5905952,icons/cafe.png,OSM
Casablanca,Café sans nom,Café,Formel,Café sans nom,33.5909815,-7.591435,icons/cafe.png,OSM
Casablanca,Bellevue,Café,Formel,Bellevue,33.5906508,-7.5928083,icons/cafe.png,OSM
Casablanca,Parapharmacie sans nom,Parapharmacie,Formel,Parapharmacie sans nom,33.5637163,-7.6355448,icons/pharmacy.png,OSM
Casablanca,Supérette / Mini-market sans nom,Supérette / Mini-market,Formel,Supérette / Mini-market sans nom,33.5966384,-7.628025,icons/convenience.png,OSM
Casablanca,Supérette / Mini-market sans nom,Supérette / Mini-market,Formel,Supérette / Mini-market sans nom,33.596692,-7.6297201,icons/convenience.png,OSM
Casablanca,Boulangerie sans nom,Boulangerie,Formel,Boulangerie sans nom,33.5971969,-7.6284702,icons/bakery.png,OSM
Casablanca,Supérette / Mini-market sans nom,Supérette / Mini-market,Formel,Supérette / Mini-market sans nom,33.5960083,-7.627848,icons/convenience.png,OSM
Casablanca,Jus Bordeaux,Café,Formel,Jus Bordeaux,33.5969487,-7.6279619,icons/cafe.png,OSM
Casablanca,Supérette / Mini-market sans nom,Supérette / Mini-market,Formel,Supérette / Mini-market sans nom,33.5971612,-7.628353,icons/convenience.png,OSM
Casablanca,Parapharmacie sans nom,Parapharmacie,Formel,Parapharmacie sans nom,33.5959681,-7.6276825,icons/pharmacy.png,OSM
Casablanca,Monsieur Brochette,Restaurant,Formel,Monsieur Brochette,33.5949185,-7.6271531,icons/restaurant.png,OSM
Casablanca,Mamelouk Café,Restaurant,Formel,Mamelouk Café,33.5962988,-7.6304773,icons/restaurant.png,OSM
Casablanca,Café Splendeur,Café,Formel,Boulevard Ziraoui شارع الزيراوي,33.5962469,-7.6313052,icons/cafe.png,OSM
Casablanca,Supérette / Mini-market sans nom,Supérette / Mini-market,Formel,Supérette / Mini-market sans nom,33.5965848,-7.6302949,icons/convenience.png,OSM
Casablanca,Marjane,Supermarché,Formel,Marjane,33.5746919,-7.7081046,icons/supermarket.png,OSM
Casablanca,Boulangerie Patisserie Itrane مخبزة وحلويات إثران,Boulangerie,Formel,Boulangerie Patisserie Itrane مخبزة وحلويات إثران,33.5765842,-7.6732554,icons/bakery.png,OSM
Casablanca,Luigi,Restaurant,Formel,Rue Ibnou Yaala Al Ifrani زنقة ابن يعلى الإفراني,33.5882356,-7.6398452,icons/restaurant.png,OSM
Casablanca,Supermarché Mamoun,Supermarché,Formel,Rue Normandie زنقة نورماندي,33.5879309,-7.6393934,icons/supermarket.png,OSM
Casablanca,Restaurant grillades au top,Café,Formel,Restaurant grillades au top,33.5111856,-7.6105369,icons/cafe.png,OSM
Casablanca,Supérette / Mini-market sans nom,Supérette / Mini-market,Formel,Supérette / Mini-market sans nom,33.5101793,-7.6077293,icons/convenience.png,OSM
Casablanca,Café sans nom,Café,Formel,Café sans nom,33.5102423,-7.6078169,icons/cafe.png,OSM
Casablanca,Supérette / Mini-market sans nom,Supérette / Mini-market,Formel,Supérette / Mini-market sans nom,33.5110067,-7.6104565,icons/convenience.png,OSM
Casablanca,Restaurant sans nom,Restaurant,Formel,Restaurant sans nom,33.5109396,-7.6103706,icons/restaurant.png,OSM
Casablanca,Restaurant sans nom,Restaurant,Formel,Restaurant sans nom,33.5100315,-7.6077605,icons/restaurant.png,OSM
Casablanca,Alba Fast Food,Restaurant,Formel,Alba Fast Food,33.5930113,-7.6171532,icons/restaurant.png,OSM
Casablanca,Cafe Black Stone,Café,Formel,Cafe Black Stone,33.5951697,-7.610295,icons/cafe.png,OSM
Casablanca,Café Ghandi,Café,Formel,Café Ghandi,33.5656336,-7.6379599,icons/cafe.png,OSM
Casablanca,Don Camilo,Restaurant,Formel,"Rue Abou Rakrak, Casablanca",33.587649,-7.612959,icons/restaurant.png,OSM
Casablanca,Rick's Cafe,Restaurant,Formel,"Boulevard Sour Jdid, Casablanca",33.604995,-7.620406,icons/restaurant.png,OSM
Casablanca,Bonne mie,Boulangerie,Formel,Boulevard de la Liberté,33.5868905,-7.6118985,icons/bakery.png,OSM
Casablanca,ماكدونالدز,Restaurant,Formel,"Boulevard Ziraoui, Casablanca",33.594793,-7.6331748,icons/restaurant.png,OSM
Casablanca,Marjane Market,Supermarché,Formel,Boulevard de Bourgogne شارع بوركون,33.594818,-7.6515874,icons/supermarket.png,OSM
Casablanca,Carrefour Gourmet,Supermarché,Formel,Avenue Ahmed Charci شارع أحمد الشرسي,33.5908121,-7.6462218,icons/supermarket.png,OSM
Casablanca,Paul,Boulangerie,Formel,Avenue Moulay Rachid شارع مولاي رشيد,33.5880534,-7.6453209,icons/bakery.png,OSM
Casablanca,Parapharmacie sans nom,Parapharmacie,Formel,Parapharmacie sans nom,33.6034834,-7.6424795,icons/pharmacy.png,OSM
Casablanca,Oussama,Boulangerie,Formel,Oussama,33.5929622,-7.6395733,icons/bakery.png,OSM
Casablanca,Pâtisserie Bennis,Boulangerie,Formel,Rue du Fqih al Abbas,33.5779601,-7.6054449,icons/bakery.png,OSM
Casablanca,Restaurant du Port,Restaurant,Formel,Restaurant du Port,33.6015279,-7.6144679,icons/restaurant.png,OSM
Casablanca,Hachmi,Supermarché,Formel,Hachmi,33.6022232,-7.5788395,icons/supermarket.png,OSM
Casablanca,Carrefour,Supermarché,Formel,Boulevard de la Corniche شارع الكورنيش,33.5981369,-7.6644676,icons/supermarket.png,OSM
Casablanca,Lugano Glacier,Café,Formel,Lugano Glacier,33.5942402,-7.6376222,icons/cafe.png,OSM
Casablanca,Pharmacie al Adarissa,Parapharmacie,Formel,Pharmacie al Adarissa,33.5111741,-7.6482559,icons/pharmacy.png,OSM
Casablanca,Café Galatina,Café,Formel,Café Galatina,33.5100873,-7.6507181,icons/cafe.png,OSM
Casablanca,caffé Grandi,Café,Formel,caffé Grandi,33.5200648,-7.651763,icons/cafe.png,OSM
Casablanca,Valencia,Café,Formel,Valencia,33.5289904,-7.6487632,icons/cafe.png,OSM
Casablanca,Havana,Café,Formel,Havana,33.5285902,-7.6489134,icons/cafe.png,OSM
Casablanca,Abbatoir,Épicerie,Informel,Abbatoir,33.5479159,-7.5502365,icons/greengrocer.png,OSM
Casablanca,Restaurant Ostrea,Restaurant,Formel,Restaurant Ostrea,33.6018149,-7.614031,icons/restaurant.png,OSM
Casablanca,Supérette / Mini-market sans nom,Supérette / Mini-market,Formel,Supérette / Mini-market sans nom,33.5992194,-7.6137934,icons/convenience.png,OSM
Casablanca,Restaurant sans nom,Restaurant,Formel,Restaurant sans nom,33.6076996,-7.6555825,icons/restaurant.png,OSM
Casablanca,Le Cabestan,Restaurant,Formel,Le Cabestan,33.6080257,-7.6553304,icons/restaurant.png,OSM
Casablanca,Restaurant sans nom,Restaurant,Formel,Restaurant sans nom,33.6014266,-7.6604266,icons/restaurant.png,OSM
Casablanca,Lebanese Restaurant,Restaurant,Formel,Lebanese Restaurant,33.6007855,-7.6603997,icons/restaurant.png,OSM
Casablanca,Café Domani,Café,Formel,Café Domani,33.5620309,-7.5591609,icons/cafe.png,OSM
Casablanca,Pharmacie Lahraouine صيدلية الهراويين,Parapharmacie,Formel,Pharmacie Lahraouine صيدلية الهراويين,33.5606836,-7.5527375,icons/pharmacy.png,OSM
Casablanca,Pharmacie le Théâtre صيدلية المسرح,Parapharmacie,Formel,Pharmacie le Théâtre صيدلية المسرح,33.5633186,-7.5543957,icons/pharmacy.png,OSM
Casablanca,Café Ghurub الغروب,Café,Formel,Café Ghurub الغروب,33.5936334,-7.6790181,icons/cafe.png,OSM
Casablanca,Luigi,Restaurant,Formel,Luigi,33.5966434,-7.6750589,icons/restaurant.png,OSM
Casablanca,Sijilmassa سجلماسة,Restaurant,Formel,Sijilmassa سجلماسة,33.590847,-7.6793633,icons/restaurant.png,OSM
Casablanca,Nzaha,Café,Formel,Nzaha,33.589095,-7.6818777,icons/cafe.png,OSM
Casablanca,O'palm,Café,Formel,O'palm,33.5886958,-7.6831655,icons/cafe.png,OSM
Casablanca,Caffè Vernagno 1882,Café,Formel,Rue Attabari زنقة الطبري,33.5766221,-7.6481068,icons/cafe.png,OSM
Casablanca,Caniada,Café,Formel,Caniada,33.5835055,-7.6421257,icons/cafe.png,OSM
Casablanca,La Grillardière,Restaurant,Formel,Boulevard Bir Anzarane شارع بئر أنزران,33.5832948,-7.6418718,icons/restaurant.png,OSM
Casablanca,Café Arije,Café,Formel,Café Arije,33.5819086,-7.6432771,icons/cafe.png,OSM
Casablanca,Café les familles,Café,Formel,Café les familles,33.5819412,-7.6431848,icons/cafe.png,OSM
Casablanca,ماكدونالدز,Restaurant,Formel,ماكدونالدز,33.5857871,-7.6349089,icons/restaurant.png,OSM
Casablanca,taher,Boulangerie,Formel,taher,33.5836838,-7.6403528,icons/bakery.png,OSM
Casablanca,Café le Bateau,Café,Formel,Café le Bateau,33.5798896,-7.6370591,icons/cafe.png,OSM
Casablanca,Café Espace Mozart,Café,Formel,Café Espace Mozart,33.5801248,-7.6367203,icons/cafe.png,OSM
Casablanca,pizzeria italian,Restaurant,Formel,pizzeria italian,33.5810317,-7.6370564,icons/restaurant.png,OSM
Casablanca,Class'dish,Restaurant,Formel,Class'dish,33.5900333,-7.6303903,icons/restaurant.png,OSM
Casablanca,BIM,Supermarché,Formel,BIM,33.5640326,-7.555968,icons/supermarket.png,OSM
Casablanca,Glacier Oliveri,Café,Formel,Glacier Oliveri,33.5848346,-7.622941,icons/cafe.png,OSM
Casablanca,Pharmacie des Prêles,Parapharmacie,Formel,Rue Brahim Nakhai,33.5778147,-7.6394176,icons/pharmacy.png,OSM
Casablanca,Café Agoustine,Café,Formel,Rue Al Ghadfa,33.5785797,-7.6401447,icons/cafe.png,OSM
Casablanca,Café Caldo,Café,Formel,Rue Al Fourat,33.579835,-7.640015,icons/cafe.png,OSM
Casablanca,Moumni,Restaurant,Formel,Rue Bussang,33.5806288,-7.6385468,icons/restaurant.png,OSM
Casablanca,Carrefour Market,Supermarché,Formel,Rue Al Fourate زنقة الفرات,33.5802189,-7.6409084,icons/supermarket.png,OSM
Casablanca,Pharmacie des Stades صيدلية الملاعب,Parapharmacie,Formel,Rue Al Fourate زنقة الفرات,33.5802204,-7.6404866,icons/pharmacy.png,OSM
Casablanca,Café Céleste,Café,Formel,Rue Al Mansour Al Abidi زنقة المنصور العابدي,33.5804839,-7.6412073,icons/cafe.png,OSM
Casablanca,CAP 3000,Café,Formel,Rue Al Fourate زنقة الفرات,33.5806609,-7.6410259,icons/cafe.png,OSM
Casablanca,Café au Petit 'Maroc مقهى إلى المغرب الصغير,Café,Formel,Café au Petit 'Maroc مقهى إلى المغرب الصغير,33.5978903,-7.6344273,icons/cafe.png,OSM
Casablanca,Café Bidawa,Café,Formel,Café Bidawa,33.5985843,-7.6326802,icons/cafe.png,OSM
Casablanca,Pharmacie Moulay Youssef,Parapharmacie,Formel,Pharmacie Moulay Youssef,33.5984096,-7.632475,icons/pharmacy.png,OSM
Casablanca,BİM,Supermarché,Formel,BİM,33.5972247,-7.6346254,icons/supermarket.png,OSM
Casablanca,Diwan,Café,Formel,Diwan,33.5916481,-7.6351298,icons/cafe.png,OSM
Casablanca,Patisserie&Traiteur TAZI,Café,Formel,Patisserie&Traiteur TAZI,33.595696,-7.6301959,icons/cafe.png,OSM
Casablanca,Segafredo,Café,Formel,Segafredo,33.5922407,-7.6336602,icons/cafe.png,OSM
Casablanca,jardin de Rome,Café,Formel,jardin de Rome,33.5923237,-7.6319383,icons/cafe.png,OSM
Casablanca,Le Red's,Café,Formel,Le Red's,33.5929027,-7.62923,icons/cafe.png,OSM
Casablanca,Le Noble,Café,Formel,"Rue Abou Abdellah Nafii, Casablanca ⵜⴰⴷⴷⴰⵔⵜ ⵜⵓⵎⵍⵉⵍⵜ الدار البيضاء",33.5860329,-7.6342615,icons/cafe.png,OSM
Casablanca,Garibaldi,Café,Formel,Garibaldi,33.601513,-7.6330486,icons/cafe.png,OSM
Casablanca,Pharmacie Tamaârouft,Parapharmacie,Formel,Pharmacie Tamaârouft,33.599213,-7.6354406,icons/pharmacy.png,OSM
Casablanca,Monsieur Brochettes,Restaurant,Formel,Monsieur Brochettes,33.5703274,-7.6663165,icons/restaurant.png,OSM
Casablanca,Chawarma Nour esham شاورما نور الشام,Restaurant,Formel,Chawarma Nour esham شاورما نور الشام,33.6011445,-7.634303,icons/restaurant.png,OSM
Casablanca,Venezia Ice,Café,Formel,Venezia Ice,33.5866466,-7.6335102,icons/cafe.png,OSM
Casablanca,ماكدونالدز,Restaurant,Formel,ماكدونالدز,33.544386,-7.6403574,icons/restaurant.png,OSM
Casablanca,Pizza Hut,Restaurant,Formel,Pizza Hut,33.5443065,-7.6413493,icons/restaurant.png,OSM
Casablanca,potchi,Restaurant,Formel,Bordeaux,33.5973488,-7.6273398,icons/restaurant.png,OSM
Casablanca,Libre Service Zaki,Supérette / Mini-market,Formel,Rue Michel Ange زنقة ميشبل أنج,33.5917672,-7.6383605,icons/convenience.png,OSM
Casablanca,Meet Up Coffee Pool,Café,Formel,Rue Michel Ange زنقة ميشبل أنج,33.5917023,-7.6383239,icons/cafe.png,OSM
Casablanca,India Palace,Restaurant,Formel,Rue Ahmed El Mokri زنقة أحمد المقري,33.5917889,-7.6391526,icons/restaurant.png,OSM
Casablanca,La Flèche d’Anfa,Café,Formel,Boulevard d'Anfa شارع أنفا,33.5904217,-7.6380902,icons/cafe.png,OSM
Casablanca,Pharmacie Les Iris صيدلية السوسن,Parapharmacie,Formel,Boulevard d'Anfa شارع أنفا,33.5900215,-7.638947,icons/pharmacy.png,OSM
Casablanca,Petrom بتروم,Café,Formel,Petrom بتروم,33.5093888,-7.6308528,icons/cafe.png,OSM
Casablanca,La Passion,Café,Formel,La Passion,33.6117108,-7.4821246,icons/cafe.png,OSM
Casablanca,Casa Bianca,Café,Formel,Casa Bianca,33.6144212,-7.4864283,icons/cafe.png,OSM
Casablanca,Pharmacie Fath El Khair,Parapharmacie,Formel,Pharmacie Fath El Khair,33.6145513,-7.4871759,icons/pharmacy.png,OSM
Casablanca,Golf Sud,Café,Formel,Golf Sud,33.6142458,-7.48762,icons/cafe.png,OSM
Casablanca,Le Rital,Café,Formel,Le Rital,33.614251,-7.4876961,icons/cafe.png,OSM
Casablanca,New Town,Café,Formel,New Town,33.6117795,-7.4808035,icons/cafe.png,OSM
Casablanca,Pharmacie Kawnouka,Parapharmacie,Formel,Pharmacie Kawnouka,33.6116931,-7.480976,icons/pharmacy.png,OSM
Casablanca,BİM,Supermarché,Formel,BİM,33.6014315,-7.6346726,icons/supermarket.png,OSM
Casablanca,Chez Omar,Restaurant,Formel,Chez Omar,33.5974462,-7.635698,icons/restaurant.png,OSM
Casablanca,Seven 7 Days,Restaurant,Formel,Boulevard Mohamed Zerktouni,33.5970619,-7.6382193,icons/restaurant.png,OSM
Casablanca,La Toscana,Restaurant,Formel,Rue Ibnou Yaala Al Ifrani زنقة ابن يعلى الإفراني,33.5885888,-7.6385756,icons/restaurant.png,OSM
Casablanca,Marjane,Supermarché,Formel,Marjane,33.595682,-7.531687,icons/supermarket.png,OSM
Casablanca,Pomme de Pain,Restaurant,Formel,Rue Ibnou Yaala Al Ifrani زنقة ابن يعلى الإفراني,33.588034,-7.6401077,icons/restaurant.png,OSM
Casablanca,Supermarché,Supermarché,Formel,Boulevard Moulay Youssef,33.601049,-7.632989,icons/supermarket.png,OSM
Casablanca,KFC,Restaurant,Formel,"Rue El Kadi Iass زنقة القاضي إياس, Casablanca ⵜⴰⴷⴷⴰⵔⵜ ⵜⵓⵎⵍⵉⵍⵜ الدار البيضاء",33.5861117,-7.6368073,icons/restaurant.png,OSM
Casablanca,Café Pasteur,Café,Formel,Café Pasteur,33.5737657,-7.6245966,icons/cafe.png,OSM
Casablanca,pharmacie Charles Nicole,Parapharmacie,Formel,pharmacie Charles Nicole,33.5740142,-7.6248749,icons/pharmacy.png,OSM
Casablanca,café Etoile Plazza,Café,Formel,café Etoile Plazza,33.5740365,-7.6250894,icons/cafe.png,OSM
Casablanca,café Alice,Café,Formel,café Alice,33.5740455,-7.6252611,icons/cafe.png,OSM
Casablanca,café Gigi,Café,Formel,café Gigi,33.57405,-7.6253952,icons/cafe.png,OSM
Casablanca,Carrefour Market,Supermarché,Formel,Carrefour Market,33.5730326,-7.6198771,icons/supermarket.png,OSM
Casablanca,BİM,Supermarché,Formel,BİM,33.5729969,-7.6201882,icons/supermarket.png,OSM
Casablanca,café Vesal,Café,Formel,café Vesal,33.5728315,-7.6205101,icons/cafe.png,OSM
Casablanca,Cannelle,Café,Formel,Cannelle,33.572472,-7.6571393,icons/cafe.png,OSM
Casablanca,Araucaria اروكاريا,Parapharmacie,Formel,Araucaria اروكاريا,33.57097,-7.660369,icons/pharmacy.png,OSM
Casablanca,Supérette / Mini-market sans nom,Supérette / Mini-market,Formel,Supérette / Mini-market sans nom,33.5727535,-7.6565277,icons/convenience.png,OSM
Casablanca,"Nori, Restaurent Japonais",Restaurant,Formel,"Nori, Restaurent Japonais",33.5731692,-7.6567852,icons/restaurant.png,OSM
Casablanca,O'self,Supermarché,Formel,O'self,33.5733212,-7.6564955,icons/supermarket.png,OSM
Casablanca,Paul,Boulangerie,Formel,Paul,33.5735402,-7.6561522,icons/bakery.png,OSM
Casablanca,Long Champ,Parapharmacie,Formel,Long Champ,33.5727357,-7.6563829,icons/pharmacy.png,OSM
Casablanca,Tropy,Supermarché,Formel,Tropy,33.5737413,-7.6556158,icons/supermarket.png,OSM
Casablanca,Supérette / Mini-market sans nom,Supérette / Mini-market,Formel,Supérette / Mini-market sans nom,33.5732318,-7.6555836,icons/convenience.png,OSM
Casablanca,Kenza,Parapharmacie,Formel,Kenza,33.5718686,-7.6533037,icons/pharmacy.png,OSM
Casablanca,BİM,Supermarché,Formel,BİM,33.5708852,-7.6517909,icons/supermarket.png,OSM
Casablanca,Espace Coffee,Café,Formel,Espace Coffee,33.5711177,-7.6517212,icons/cafe.png,OSM
Casablanca,Pharmacie de la sécurité,Parapharmacie,Formel,Avenue Idriss 1er,33.5722341,-7.6226584,icons/pharmacy.png,OSM
Casablanca,Café Lily White,Café,Formel,Café Lily White,33.5715053,-7.6241079,icons/cafe.png,OSM
Casablanca,Café Soraya,Café,Formel,Café Soraya,33.5715156,-7.6244653,icons/cafe.png,OSM
Casablanca,La Brioche Dorée,Café,Formel,La Brioche Dorée,33.5693746,-7.6255745,icons/cafe.png,OSM
Casablanca,Gelatino,Café,Formel,Rue Nationale,33.5936482,-7.6162016,icons/cafe.png,OSM
Casablanca,Belhaj Fast Food,Restaurant,Formel,Belhaj Fast Food,33.5911922,-7.6260147,icons/restaurant.png,OSM
Casablanca,La grotte du pêcheur,Restaurant,Formel,La grotte du pêcheur,33.5918245,-7.6266906,icons/restaurant.png,OSM
Casablanca,Nouaima,Café,Formel,Nouaima,33.592001,-7.626468,icons/cafe.png,OSM
Casablanca,Keykos,Restaurant,Formel,Keykos,33.5924545,-7.6270366,icons/restaurant.png,OSM
Casablanca,Snack Bir Anzarane,Restaurant,Formel,Snack Bir Anzarane,33.580546,-7.6372562,icons/restaurant.png,OSM
Casablanca,Snack Khatib,Restaurant,Formel,Snack Khatib,33.5808187,-7.6376854,icons/restaurant.png,OSM
Casablanca,Snack Tahiri,Restaurant,Formel,Snack Tahiri,33.5808991,-7.637798,icons/restaurant.png,OSM
Casablanca,Snack Moumni,Restaurant,Formel,Snack Moumni,33.5809483,-7.6377229,icons/restaurant.png,OSM
Casablanca,Café Anfa,Café,Formel,Café Anfa,33.5813192,-7.6383988,icons/cafe.png,OSM
Casablanca,Café O'kfé,Café,Formel,Café O'kfé,33.5816678,-7.6389138,icons/cafe.png,OSM
Casablanca,Baleno,Restaurant,Formel,Baleno,33.582573,-7.614684,icons/restaurant.png,OSM
Casablanca,Tex Mex,Restaurant,Formel,Boulevard Al Massira Al Khadra شارع المسيرة الخضراء,33.5876523,-7.6434531,icons/restaurant.png,OSM
Casablanca,Café Mandela,Café,Formel,Café Mandela,33.6014368,-7.6336494,icons/cafe.png,OSM
Casablanca,Cups,Café,Formel,Cups,33.5926384,-7.6295335,icons/cafe.png,OSM
Casablanca,Marjonel,Café,Formel,Marjonel,33.5583463,-7.5604482,icons/cafe.png,OSM
Casablanca,Restaurant sans nom,Restaurant,Formel,Restaurant sans nom,33.601239,-7.6360079,icons/restaurant.png,OSM
Casablanca,ماكدونالدز,Restaurant,Formel,ماكدونالدز,33.5993306,-7.6126219,icons/restaurant.png,OSM
Casablanca,ستاربكس,Café,Formel,ستاربكس,33.5995419,-7.6123798,icons/cafe.png,OSM
Casablanca,Astoria,Café,Formel,Astoria,33.5941874,-7.5873723,icons/cafe.png,OSM
Casablanca,Pharmacie Bahmad,Parapharmacie,Formel,Pharmacie Bahmad,33.5946576,-7.586858,icons/pharmacy.png,OSM
Casablanca,Restaurant sans nom,Restaurant,Formel,Restaurant sans nom,33.5938761,-7.581693,icons/restaurant.png,OSM
Casablanca,Snack Lachgar,Restaurant,Formel,Snack Lachgar,33.594038,-7.5812324,icons/restaurant.png,OSM
Casablanca,Pharmacie Vie,Parapharmacie,Formel,Pharmacie Vie,33.5920721,-7.5895331,icons/pharmacy.png,OSM
Casablanca,Café Iligh,Café,Formel,Café Iligh,33.5908419,-7.5907101,icons/cafe.png,OSM
Casablanca,Snack chez Mostapha,Restaurant,Formel,Snack chez Mostapha,33.5940513,-7.5811487,icons/restaurant.png,OSM
Casablanca,Chez Taha,Restaurant,Formel,Chez Taha,33.5940283,-7.5812601,icons/restaurant.png,OSM
Casablanca,Snack Rajawi,Restaurant,Formel,Snack Rajawi,33.5940221,-7.58131,icons/restaurant.png,OSM
Casablanca,Achkid,Restaurant,Formel,Achkid,33.5940125,-7.5813312,icons/restaurant.png,OSM
Casablanca,Ait agadir,Restaurant,Formel,Ait agadir,33.5939487,-7.5815033,icons/restaurant.png,OSM
Casablanca,Ait toufawt,Restaurant,Formel,Ait toufawt,33.5939034,-7.5816157,icons/restaurant.png,OSM
Casablanca,Café sans nom,Café,Formel,Café sans nom,33.593421,-7.5820873,icons/cafe.png,OSM
Casablanca,Wardane,Café,Formel,Boulevard Oued Oum Rbia,33.5569778,-7.6827368,icons/cafe.png,OSM
Casablanca,Omar Al Mokhtar,Boulangerie,Formel,Boulevard Oued Oum Rbia,33.5565963,-7.6824284,icons/bakery.png,OSM
Casablanca,Babel,Café,Formel,Babel,33.5557009,-7.6827946,icons/cafe.png,OSM
Casablanca,Snack Farah Behja,Restaurant,Formel,Snack Farah Behja,33.5940156,-7.5808973,icons/restaurant.png,OSM
Casablanca,La Grillardiere,Restaurant,Formel,La Grillardiere,33.5887094,-7.628123,icons/restaurant.png,OSM
Casablanca,BlueBerry,Café,Formel,BlueBerry,33.5996574,-7.6122203,icons/cafe.png,OSM
Casablanca,Caféino,Café,Formel,Caféino,33.5994386,-7.6125072,icons/cafe.png,OSM
Casablanca,Segafredo,Café,Formel,Segafredo,33.5992366,-7.6127376,icons/cafe.png,OSM
Casablanca,Vitanature,Parapharmacie,Formel,"EL Brouge, Casablanca ⵜⴰⴷⴷⴰⵔⵜ ⵜⵓⵎⵍⵉⵍⵜ الدار البيضاء",33.6022202,-7.6342893,icons/pharmacy.png,OSM
Casablanca,Segafredo,Café,Formel,Segafredo,33.5917771,-7.627272,icons/cafe.png,OSM
Casablanca,Fratelli,Restaurant,Formel,Fratelli,33.5930227,-7.627037,icons/restaurant.png,OSM
Casablanca,La perle du liban,Restaurant,Formel,La perle du liban,33.5947844,-7.6282046,icons/restaurant.png,OSM
Casablanca,Café Glacier Rachidi,Café,Formel,Café Glacier Rachidi,33.5938662,-7.6283156,icons/cafe.png,OSM
Casablanca,Café Glacier de l'Oize,Café,Formel,Café Glacier de l'Oize,33.594726,-7.6274061,icons/cafe.png,OSM
Casablanca,Café glacier Casa Anfa,Café,Formel,Café glacier Casa Anfa,33.5953965,-7.6263675,icons/cafe.png,OSM
Casablanca,Café La cabane,Café,Formel,Café La cabane,33.5955168,-7.6265613,icons/cafe.png,OSM
Casablanca,Restaurant King Burger,Restaurant,Formel,Restaurant King Burger,33.5953217,-7.6256267,icons/restaurant.png,OSM
Casablanca,Café Madrid,Café,Formel,Café Madrid,33.5954404,-7.6264835,icons/cafe.png,OSM
Casablanca,BİM,Supermarché,Formel,BİM,33.557744,-7.559864,icons/supermarket.png,OSM
Casablanca,Protectron Maroc,Supermarché,Formel,Avenue Ouled Ziane,33.5835673,-7.596623,icons/supermarket.png,OSM
Casablanca,Alegria,Café,Formel,"Boulevard Hassan Alaoui, Casablanca",33.5838531,-7.5813298,icons/cafe.png,OSM
Casablanca,Boulangerie-Pâtisserie Amanouz,Café,Formel,Boulangerie-Pâtisserie Amanouz,33.5846642,-7.5804276,icons/cafe.png,OSM
Casablanca,Supermarche Bim,Supermarché,Formel,Supermarche Bim,33.5841994,-7.5826163,icons/supermarket.png,OSM
Casablanca,Essalam Juice,Café,Formel,Essalam Juice,33.5852765,-7.5809747,icons/cafe.png,OSM
Casablanca,Clivia Ice,Café,Formel,Clivia Ice,33.5853413,-7.581302,icons/cafe.png,OSM
Casablanca,Sunset,Café,Formel,Sunset,33.5941228,-7.6443566,icons/cafe.png,OSM
Casablanca,Le Local,Café,Formel,Le Local,33.5942483,-7.6434224,icons/cafe.png,OSM
Casablanca,Dominos Pizza,Restaurant,Formel,Dominos Pizza,33.5734363,-7.6116139,icons/restaurant.png,OSM
Casablanca,Amiga,Café,Formel,Amiga,33.5741004,-7.6148563,icons/cafe.png,OSM
Casablanca,Café Karibo,Café,Formel,"Boulevard Rachidi, Casablanca",33.5924741,-7.6254288,icons/cafe.png,OSM
Casablanca,Le passage,Café,Formel,Le passage,33.5941743,-7.6252608,icons/cafe.png,OSM
Casablanca,café le mirage,Café,Formel,café le mirage,33.5938975,-7.6283639,icons/cafe.png,OSM
Casablanca,San mimoun,Café,Formel,Boulevard Rachidi,33.5936871,-7.628102,icons/cafe.png,OSM
Casablanca,Café saphir bleu,Café,Formel,Café saphir bleu,33.5945113,-7.6281082,icons/cafe.png,OSM
Casablanca,Lora Café Restaurant,Café,Formel,Lora Café Restaurant,33.5943442,-7.6286229,icons/cafe.png,OSM
Casablanca,Restaurant West Atlantic,Restaurant,Formel,Restaurant West Atlantic,33.5675139,-7.7095158,icons/restaurant.png,OSM
Casablanca,Restaurant sans nom,Restaurant,Formel,Restaurant sans nom,33.5927762,-7.6258481,icons/restaurant.png,OSM
Casablanca,Gaugan,Café,Formel,Gaugan,33.5927658,-7.6242626,icons/cafe.png,OSM
Casablanca,Restaurant sans nom,Restaurant,Formel,Restaurant sans nom,33.5930787,-7.6231024,icons/restaurant.png,OSM
Casablanca,Restaurant Rouget de l'Isle,Restaurant,Formel,Restaurant Rouget de l'Isle,33.5926824,-7.6228688,icons/restaurant.png,OSM
Casablanca,Alae,Restaurant,Formel,Rue d'Alger,33.5934314,-7.6240699,icons/restaurant.png,OSM
Casablanca,BİM,Supermarché,Formel,BİM,33.5939838,-7.6244925,icons/supermarket.png,OSM
Casablanca,Faraj,Café,Formel,Faraj,33.593897,-7.6251899,icons/cafe.png,OSM
Casablanca,Kalinka,Restaurant,Formel,Kalinka,33.5942124,-7.6249351,icons/restaurant.png,OSM
Casablanca,12 Cool,Restaurant,Formel,12 Cool,33.5930752,-7.6271159,icons/restaurant.png,OSM
Casablanca,Bistronome,Restaurant,Formel,Bistronome,33.5930876,-7.6267545,icons/restaurant.png,OSM
Casablanca,Rachidi,Café,Formel,Rachidi,33.5930352,-7.6266798,icons/cafe.png,OSM
Casablanca,Pharmacie Sidi Maârouf,Parapharmacie,Formel,Boulevard Abu Baker El Kadiri,33.5136433,-7.6555237,icons/pharmacy.png,OSM
Casablanca,Café Lkarma,Café,Formel,Café Lkarma,33.5148297,-7.6557369,icons/cafe.png,OSM
Casablanca,Oukaimeden,Restaurant,Formel,Boulevard du 11 Janvier,33.5911393,-7.6150735,icons/restaurant.png,OSM
Casablanca,Pharmacie Ad Doha,Parapharmacie,Formel,Boulevard Stendhal,33.5700253,-7.6363369,icons/pharmacy.png,OSM
Casablanca,Parapharmacie sans nom,Parapharmacie,Formel,Parapharmacie sans nom,33.5671784,-7.636642,icons/pharmacy.png,OSM
Casablanca,Pharmacie Annajd,Parapharmacie,Formel,Pharmacie Annajd,33.5700455,-7.6346257,icons/pharmacy.png,OSM
Casablanca,Café De France,Café,Formel,Café De France,33.5954385,-7.617482,icons/cafe.png,OSM
Casablanca,Grande Pharmacie Commerciale,Parapharmacie,Formel,Grande Pharmacie Commerciale,33.5956684,-7.6172472,icons/pharmacy.png,OSM
Casablanca,ماكدونالدز,Restaurant,Formel,ماكدونالدز,33.5955437,-7.6173451,icons/restaurant.png,OSM
Casablanca,KFC,Restaurant,Formel,KFC,33.595602,-7.6174129,icons/restaurant.png,OSM
Casablanca,Le Cardinal,Restaurant,Formel,Le Cardinal,33.5956364,-7.6171591,icons/restaurant.png,OSM
Casablanca,Snack Addou Maddou,Restaurant,Formel,Snack Addou Maddou,33.5932039,-7.6186518,icons/restaurant.png,OSM
Casablanca,Restaurant les Arcades,Restaurant,Formel,Restaurant les Arcades,33.5935525,-7.6185955,icons/restaurant.png,OSM
Casablanca,Café Odissea,Café,Formel,Café Odissea,33.5940836,-7.6183033,icons/cafe.png,OSM
Casablanca,Café Vogue,Café,Formel,Café Vogue,33.5945042,-7.6183755,icons/cafe.png,OSM
Casablanca,Pharmacie des écoles,Parapharmacie,Formel,Pharmacie des écoles,33.5944226,-7.6184008,icons/pharmacy.png,OSM
Casablanca,kiosque de presse,Kiosque,Informel,kiosque de presse,33.5944114,-7.6183525,icons/kiosk.png,OSM
Casablanca,Euro Snack,Restaurant,Formel,Euro Snack,33.5944851,-7.6183927,icons/restaurant.png,OSM
Casablanca,La Taverne du Dauphin,Restaurant,Formel,La Taverne du Dauphin,33.598736,-7.6151053,icons/restaurant.png,OSM
Casablanca,Total طوطال,Café,Formel,Total طوطال,33.5152721,-7.6553456,icons/cafe.png,OSM
Casablanca,الخيمة,Restaurant,Formel,الخيمة,33.5501035,-7.5808439,icons/restaurant.png,OSM
Casablanca,Bim,Supérette / Mini-market,Formel,Bim,33.5530459,-7.5897091,icons/convenience.png,OSM
Casablanca,Café sans nom,Café,Formel,Café sans nom,33.5516288,-7.5880864,icons/cafe.png,OSM
Casablanca,BİM,Supermarché,Formel,BİM,33.5957829,-7.628286,icons/supermarket.png,OSM
Casablanca,Carrefour Market,Supermarché,Formel,Boulevard Ziraoui شارع الزيراوي,33.597148,-7.6294045,icons/supermarket.png,OSM
Casablanca,Little Barton's,Restaurant,Formel,Little Barton's,33.5997377,-7.6650484,icons/restaurant.png,OSM
Casablanca,Acima Mers Sultan,Supermarché,Formel,"Avenue 2 Mars, Casablanca ⵜⴰⴷⴷⴰⵔⵜ ⵜⵓⵎⵍⵉⵍⵜ الدار البيضاء",33.5761212,-7.6156344,icons/supermarket.png,OSM
Casablanca,Shawarmer,Restaurant,Formel,Shawarmer,33.5814102,-7.6392523,icons/restaurant.png,OSM
Casablanca,L'étudiant,Café,Formel,L'étudiant,33.5664433,-7.5429261,icons/cafe.png,OSM
Casablanca,Casa José,Restaurant,Formel,Casa José,33.5978725,-7.615386,icons/restaurant.png,OSM
Casablanca,Aswak Assalam,Supermarché,Formel,Casablanca,33.5808385,-7.5928561,icons/supermarket.png,OSM
Casablanca,Epicerie El Aarbi,Supérette / Mini-market,Formel,Epicerie El Aarbi,33.6008471,-7.5796349,icons/convenience.png,OSM
Casablanca,Landoud Madjine ⵍⵓⵏⴹⵓⵏ ⵎⵥⵥⵉⵏ لنضون مجين,Café,Formel,Landoud Madjine ⵍⵓⵏⴹⵓⵏ ⵎⵥⵥⵉⵏ لنضون مجين,33.5609838,-7.6704245,icons/cafe.png,OSM
Casablanca,Café Kasmou ⴽⵓⵚⵎⵓ مقهى كصمو,Café,Formel,Café Kasmou ⴽⵓⵚⵎⵓ مقهى كصمو,33.5602328,-7.670564,icons/cafe.png,OSM
Casablanca,Pharmacie Jamai ⵍⵊⴰⵎⵄⵉ صيدلية الجامعي,Parapharmacie,Formel,Pharmacie Jamai ⵍⵊⴰⵎⵄⵉ صيدلية الجامعي,33.5582659,-7.6707464,icons/pharmacy.png,OSM
Casablanca,Porte Mansour ⴱⴰⴱ ⵎⵏⵚⵓⵕ باب منصور,Restaurant,Formel,Porte Mansour ⴱⴰⴱ ⵎⵏⵚⵓⵕ باب منصور,33.5592404,-7.6699846,icons/restaurant.png,OSM
Casablanca,Pharmacie du Lycée,Parapharmacie,Formel,Pharmacie du Lycée,33.5972022,-7.6348484,icons/pharmacy.png,OSM
Casablanca,Centre Artisanal,Supérette / Mini-market,Formel,Centre Artisanal,33.5997833,-7.6371617,icons/convenience.png,OSM
Casablanca,Le Lys,Café,Formel,Le Lys,33.5914444,-7.594961,icons/cafe.png,OSM
Casablanca,Tacos de Lyon,Restaurant,Formel,Tacos de Lyon,33.6007185,-7.6341062,icons/restaurant.png,OSM
Casablanca,Face Cafe,Café,Formel,Face Cafe,33.6006767,-7.635819,icons/cafe.png,OSM
Casablanca,The voice,Café,Formel,The voice,33.5635411,-7.5568378,icons/cafe.png,OSM
Casablanca,Café sans nom,Café,Formel,Café sans nom,33.5970886,-7.635439,icons/cafe.png,OSM
Casablanca,Bistrot Chic,Restaurant,Formel,Bistrot Chic,33.5884913,-7.6273923,icons/restaurant.png,OSM
Casablanca,Noiraud,Boulangerie,Formel,Noiraud,33.5890683,-7.6294477,icons/bakery.png,OSM
Casablanca,Belle d'Anfa,Café,Formel,Belle d'Anfa,33.5896085,-7.6276965,icons/cafe.png,OSM
Casablanca,El Mansour,Boulangerie,Formel,El Mansour,33.5894314,-7.6292808,icons/bakery.png,OSM
Casablanca,Salsa,Restaurant,Formel,Rue Taha Hussein,33.5887791,-7.6282292,icons/restaurant.png,OSM
Casablanca,Sojou,Restaurant,Formel,Sojou,33.589095,-7.6297476,icons/restaurant.png,OSM
Casablanca,Blend,Restaurant,Formel,"Rue Théophile Gauthier, Casablanca",33.5886833,-7.6319196,icons/restaurant.png,OSM
Casablanca,Le Yeel's,Café,Formel,Le Yeel's,33.5900878,-7.6303874,icons/cafe.png,OSM
Casablanca,BİM,Supermarché,Formel,BİM,33.5891579,-7.6310019,icons/supermarket.png,OSM
Casablanca,Restaurant sans nom,Restaurant,Formel,Restaurant sans nom,33.5926821,-7.594293,icons/restaurant.png,OSM
Casablanca,Marché Salmia 2,Supermarché,Formel,Marché Salmia 2,33.5386572,-7.5532235,icons/supermarket.png,OSM
Casablanca,Pharmacie Marjane Ain Sebaa,Parapharmacie,Formel,Centre Commercial Marjane Ain Sebaa,33.5962524,-7.5321201,icons/pharmacy.png,OSM
Casablanca,Pharmacie de L´Hopital,Parapharmacie,Formel,Boulevard Mohamed Zerktouni,33.5829423,-7.6181703,icons/pharmacy.png,OSM
Casablanca,Moumni Snack,Supérette / Mini-market,Formel,Rue Al Houdhoud,33.5832949,-7.6187043,icons/convenience.png,OSM
Casablanca,Khos,Restaurant,Formel,Rue Saad Ben Abi Waqqas,33.5840347,-7.6205679,icons/restaurant.png,OSM
Casablanca,astoria,Café,Formel,astoria,33.5962813,-7.6168974,icons/cafe.png,OSM
Casablanca,Chez Moi,Restaurant,Formel,Chez Moi,33.5948807,-7.6152623,icons/restaurant.png,OSM
Casablanca,Restaurant sans nom,Restaurant,Formel,Restaurant sans nom,33.5974687,-7.6162533,icons/restaurant.png,OSM
Casablanca,brasserie san jose,Restaurant,Formel,brasserie san jose,33.5978396,-7.6155008,icons/restaurant.png,OSM
Casablanca,Pharmacie du Progrès,Parapharmacie,Formel,Rue Hommane Al Fatwaki,33.5946685,-7.6165845,icons/pharmacy.png,OSM
Casablanca,La Chope,Café,Formel,La Chope,33.5942999,-7.6164602,icons/cafe.png,OSM
Casablanca,Don Quichotte,Café,Formel,Don Quichotte,33.5970492,-7.6163612,icons/cafe.png,OSM
Casablanca,isis,Café,Formel,isis,33.5950092,-7.6173804,icons/cafe.png,OSM
Casablanca,Pita Mix,Restaurant,Formel,Pita Mix,33.5948491,-7.617455,icons/restaurant.png,OSM
Casablanca,Eden Ice,Café,Formel,Eden Ice,33.5947705,-7.6170384,icons/cafe.png,OSM
Casablanca,bazar touristes,Restaurant,Formel,bazar touristes,33.598505,-7.6151557,icons/restaurant.png,OSM
Casablanca,Le Maroc,Café,Formel,Le Maroc,33.5999428,-7.6140803,icons/cafe.png,OSM
Casablanca,BMI,Supermarché,Formel,BMI,33.5972407,-7.6152396,icons/supermarket.png,OSM
Casablanca,Montréal,Café,Formel,Montréal,33.5945485,-7.6155381,icons/cafe.png,OSM
Casablanca,Poulet AFC,Restaurant,Formel,Poulet AFC,33.5942483,-7.6156179,icons/restaurant.png,OSM
Casablanca,Nasma,Café,Formel,Nasma,33.5945946,-7.6157947,icons/cafe.png,OSM
Casablanca,La Petite Perle,Café,Formel,La Petite Perle,33.594108,-7.6156948,icons/cafe.png,OSM
Casablanca,Au Clair de Lune,Café,Formel,Au Clair de Lune,33.5944909,-7.6134185,icons/cafe.png,OSM
Casablanca,Pharmacie Derb Nejma صيدلية درب النجمة,Parapharmacie,Formel,Pharmacie Derb Nejma صيدلية درب النجمة,33.5746216,-7.6764933,icons/pharmacy.png,OSM
Casablanca,Asia,Restaurant,Formel,Asia,33.5991745,-7.6130528,icons/restaurant.png,OSM
Casablanca,Caza Ameal,Café,Formel,Caza Ameal,33.5952468,-7.616121,icons/cafe.png,OSM
Casablanca,Ôgi Souchi,Restaurant,Formel,Ôgi Souchi,33.599424,-7.6141726,icons/restaurant.png,OSM
Casablanca,El Barocco Time,Restaurant,Formel,El Barocco Time,33.5954492,-7.6163427,icons/restaurant.png,OSM
Casablanca,agarta,Café,Formel,agarta,33.5987015,-7.6149462,icons/cafe.png,OSM
Casablanca,Big Star,Restaurant,Formel,Big Star,33.5951835,-7.6150805,icons/restaurant.png,OSM
Casablanca,Pharmacie La Bourse,Parapharmacie,Formel,Pharmacie La Bourse,33.5944684,-7.6131681,icons/pharmacy.png,OSM
Casablanca,Pralinor,Boulangerie,Formel,Pralinor,33.5997154,-7.6125438,icons/bakery.png,OSM
Casablanca,Café Lurizia,Café,Formel,Café Lurizia,33.5635742,-7.674377,icons/cafe.png,OSM
Casablanca,Café Glacier EGO,Café,Formel,Rue Zerhoune,33.5849588,-7.61423,icons/cafe.png,OSM
Casablanca,Le Pilotis,Restaurant,Formel,Boulevard de la Corniche,33.596662,-7.6734143,icons/restaurant.png,OSM
Casablanca,Café Bybal,Café,Formel,Zanqat 12,33.5646373,-7.6741411,icons/cafe.png,OSM
Casablanca,Café Free Times,Café,Formel,Café Free Times,33.5669433,-7.6729512,icons/cafe.png,OSM
Casablanca,boulangerie ÔMAR,Boulangerie,Formel,boulangerie ÔMAR,33.5718358,-7.6750549,icons/bakery.png,OSM
Casablanca,Cafe May,Café,Formel,Rue d'Arcachon,33.5859992,-7.6045843,icons/cafe.png,OSM
Casablanca,Bim,Supermarché,Formel,Bim,33.5905784,-7.5928946,icons/supermarket.png,OSM
Casablanca,Café de l'Arrivée,Café,Formel,Café de l'Arrivée,33.5896275,-7.5920967,icons/cafe.png,OSM
Casablanca,Mamounia,Parapharmacie,Formel,Mamounia,33.5901779,-7.5930535,icons/pharmacy.png,OSM
Casablanca,Restaurant de la Place / Le Voyageur,Restaurant,Formel,Restaurant de la Place / Le Voyageur,33.5897214,-7.592208,icons/restaurant.png,OSM
Casablanca,Snack Le Départ,Restaurant,Formel,Snack Le Départ,33.5896722,-7.5921423,icons/restaurant.png,OSM
Casablanca,Pharmacie Romandie,Parapharmacie,Formel,Pharmacie Romandie,33.5865126,-7.6481439,icons/pharmacy.png,OSM
Casablanca,Café Dubois,Café,Formel,Rue Nouakchout,33.5876158,-7.6138836,icons/cafe.png,OSM
Casablanca,Café Yasmina,Café,Formel,Boulevard d'Alsace,33.5856704,-7.6133866,icons/cafe.png,OSM
Casablanca,Chez Abed,Supérette / Mini-market,Formel,Boulevard d'Alsace,33.5858232,-7.611757,icons/convenience.png,OSM
Casablanca,Jus Rosenheim,Café,Formel,Jus Rosenheim,33.5857277,-7.6119478,icons/cafe.png,OSM
Casablanca,La Colina,Café,Formel,La Colina,33.588729,-7.6162319,icons/cafe.png,OSM
Casablanca,La Perle Blanche,Café,Formel,Boulevard de la Liberté,33.5860749,-7.6114696,icons/cafe.png,OSM
Casablanca,Les Gémaux,Café,Formel,Boulevard de la Liberté,33.5871751,-7.6120277,icons/cafe.png,OSM
Casablanca,Patisserie,Boulangerie,Formel,Boulevard de la Liberté,33.5856763,-7.6112943,icons/bakery.png,OSM
Casablanca,Pharmacie Nouvelle,Parapharmacie,Formel,Boulevard de la Liberté,33.5873194,-7.6121157,icons/pharmacy.png,OSM
Casablanca,Puerto Rico,Restaurant,Formel,Puerto Rico,33.5896015,-7.6149002,icons/restaurant.png,OSM
Casablanca,Supérette / Mini-market sans nom,Supérette / Mini-market,Formel,Boulevard de la Liberté,33.584753,-7.6108485,icons/convenience.png,OSM
Casablanca,Restaurant sans nom,Restaurant,Formel,Boulevard de la Liberté,33.584881,-7.6109069,icons/restaurant.png,OSM
Casablanca,Supérette / Mini-market sans nom,Supérette / Mini-market,Formel,Boulevard d'Alsace,33.5855528,-7.6128631,icons/convenience.png,OSM
Casablanca,Supérette / Mini-market sans nom,Supérette / Mini-market,Formel,Supérette / Mini-market sans nom,33.5857737,-7.6123614,icons/convenience.png,OSM
Casablanca,Boulangerie sans nom,Boulangerie,Formel,Boulevard de la Liberté,33.5856949,-7.6113032,icons/bakery.png,OSM
Casablanca,Restaurant sans nom,Restaurant,Formel,Boulevard d'Alsace,33.5857233,-7.611442,icons/restaurant.png,OSM
Casablanca,Épicerie sans nom,Épicerie,Informel,Boulevard d'Alsace,33.585769,-7.6124983,icons/greengrocer.png,OSM
Casablanca,Supérette / Mini-market sans nom,Supérette / Mini-market,Formel,Boulevard d'Alsace,33.5858386,-7.6115699,icons/convenience.png,OSM
Casablanca,Café sans nom,Café,Formel,Boulevard d'Alsace,33.5858704,-7.6114546,icons/cafe.png,OSM
Casablanca,Parapharmacie sans nom,Parapharmacie,Formel,Boulevard de la Liberté,33.5859743,-7.6114307,icons/pharmacy.png,OSM
Casablanca,Paseo Pizza & Grill,Restaurant,Formel,Boulevard de la Liberté,33.5872685,-7.6120735,icons/restaurant.png,OSM
Casablanca,Café sans nom,Café,Formel,Boulevard de la Liberté,33.5875331,-7.6122448,icons/cafe.png,OSM
Casablanca,Café sans nom,Café,Formel,Boulevard du 11 Janvier,33.5884774,-7.6127839,icons/cafe.png,OSM
Casablanca,Supermarché sans nom,Supermarché,Formel,Boulevard du 11 Janvier,33.5886673,-7.6130079,icons/supermarket.png,OSM
Casablanca,Martello,Café,Formel,Boulevard Mohamed Zerktouni,33.5827185,-7.6174892,icons/cafe.png,OSM
Casablanca,Awafi,Restaurant,Formel,Boulevard de Paris,33.5916822,-7.6149169,icons/restaurant.png,OSM
Casablanca,Café O'Joe,Café,Formel,Café O'Joe,33.594084,-7.6131607,icons/cafe.png,OSM
Casablanca,Supérette / Mini-market sans nom,Supérette / Mini-market,Formel,Supérette / Mini-market sans nom,33.593054,-7.6140391,icons/convenience.png,OSM
Casablanca,Café sans nom,Café,Formel,Café sans nom,33.5942571,-7.6124982,icons/cafe.png,OSM
Casablanca,Café Jasmine,Café,Formel,Rue de Karachi,33.592787,-7.6062993,icons/cafe.png,OSM
Casablanca,Bounit,Boulangerie,Formel,Bounit,33.5649081,-7.6688676,icons/bakery.png,OSM
Casablanca,Pomme de Pain Ziraoui,Restaurant,Formel,Pomme de Pain Ziraoui,33.5936551,-7.6352553,icons/restaurant.png,OSM
Casablanca,La Bavaroise,Restaurant,Formel,La Bavaroise,33.5952135,-7.6113257,icons/restaurant.png,OSM
Casablanca,Al Anbar العنبر,Café,Formel,Avenue Mohamed Taib Naciri,33.5489722,-7.67964,icons/cafe.png,OSM
Casablanca,Restaurant Le Nouveau Dragon,Restaurant,Formel,Rue de la Chaouia,33.5956652,-7.6125814,icons/restaurant.png,OSM
Casablanca,Café Bravo,Café,Formel,Casablanca,33.6143776,-7.4888131,icons/cafe.png,OSM
Casablanca,Snack Pizzeria Bella Maria,Restaurant,Formel,Casablanca,33.6155331,-7.4843667,icons/restaurant.png,OSM
Casablanca,Pharmacie Ennakhil,Parapharmacie,Formel,Pharmacie Ennakhil,33.6159579,-7.484088,icons/pharmacy.png,OSM
Casablanca,Café Africana,Café,Formel,Casablanca,33.6202172,-7.4872601,icons/cafe.png,OSM
Casablanca,BIM,Supermarché,Formel,BIM,33.5925748,-7.4882884,icons/supermarket.png,OSM
Casablanca,BIM,Supermarché,Formel,BIM,33.5935945,-7.49564,icons/supermarket.png,OSM
Casablanca,PA-NOS,Restaurant,Formel,"Rue El KASR, Maarif, Casablanca",33.5860673,-7.6311157,icons/restaurant.png,OSM
Casablanca,BIM,Supermarché,Formel,BIM,33.6039372,-7.4892783,icons/supermarket.png,OSM
Casablanca,Ghiwan,Café,Formel,Ghiwan,33.538861,-7.6796506,icons/cafe.png,OSM
Casablanca,Café Auriga,Café,Formel,Café Auriga,33.5837774,-7.6437145,icons/cafe.png,OSM
Casablanca,BIM بيم,Supermarché,Formel,Casablanca,33.6205532,-7.4870931,icons/supermarket.png,OSM
Casablanca,Misbah Salam,Restaurant,Formel,Misbah Salam,33.5918899,-7.6159496,icons/restaurant.png,OSM
Casablanca,Restaurant sans nom,Restaurant,Formel,Boulevard Mohamed Zerktouni,33.5835849,-7.62396,icons/restaurant.png,OSM
Casablanca,Boulangerie sans nom,Boulangerie,Formel,Boulangerie sans nom,33.5495429,-7.6798641,icons/bakery.png,OSM
Casablanca,leopardi ليوباردي,Café,Formel,Boulevard Oued Sebou,33.551528,-7.6817191,icons/cafe.png,OSM
Casablanca,snack aljanoub سناك الجنوب,Restaurant,Formel,snack aljanoub سناك الجنوب,33.5508438,-7.6840863,icons/restaurant.png,OSM
Casablanca,Burger King,Restaurant,Formel,"Rue Abou Assalt Andaloussi, Casablanca ⵜⴰⴷⴷⴰⵔⵜ ⵜⵓⵎⵍⵉⵍⵜ الدار البيضاء",33.5858529,-7.6369436,icons/restaurant.png,OSM
Casablanca,Boulangerie sans nom,Boulangerie,Formel,Boulangerie sans nom,33.5499168,-7.6794976,icons/bakery.png,OSM
Casablanca,nafoura النافورة,Café,Formel,nafoura النافورة,33.5467357,-7.6815776,icons/cafe.png,OSM
Casablanca,pizzeria chahdia بيتزيريا الشهدية,Restaurant,Formel,pizzeria chahdia بيتزيريا الشهدية,33.5469052,-7.6818002,icons/restaurant.png,OSM
Casablanca,amira أميرة,Restaurant,Formel,amira أميرة,33.5465427,-7.6818691,icons/restaurant.png,OSM
Casablanca,boulangerie chahdia مخبزة الشهدية,Boutique de confiserie,Informel,boulangerie chahdia مخبزة الشهدية,33.5473567,-7.6814653,icons/confectionery.png,OSM
Casablanca,McDonald's,Restaurant,Formel,Boulevard Mohamed VI,33.5623474,-7.5941062,icons/restaurant.png,OSM
Casablanca,Carrefour des Saveurs,Restaurant,Formel,Carrefour des Saveurs,33.595159,-7.5913872,icons/restaurant.png,OSM
Casablanca,Supérette / Mini-market sans nom,Supérette / Mini-market,Formel,Supérette / Mini-market sans nom,33.6013825,-7.6346063,icons/convenience.png,OSM
Casablanca,Restaurant sans nom,Restaurant,Formel,Restaurant sans nom,33.589393,-7.6315688,icons/restaurant.png,OSM
Casablanca,Supérette / Mini-market sans nom,Supérette / Mini-market,Formel,Supérette / Mini-market sans nom,33.5998131,-7.6344641,icons/convenience.png,OSM
Casablanca,Café sans nom,Café,Formel,Café sans nom,33.6001046,-7.6344252,icons/cafe.png,OSM
Casablanca,Espace Tifawine,Restaurant,Formel,Espace Tifawine,33.5861039,-7.6489235,icons/restaurant.png,OSM
Casablanca,Pharmacie de Picardie,Parapharmacie,Formel,Pharmacie de Picardie,33.5889637,-7.6306057,icons/pharmacy.png,OSM
Casablanca,Economat du professeur,Supermarché,Formel,Economat du professeur,33.5882331,-7.6310778,icons/supermarket.png,OSM
Casablanca,Café Romantique,Café,Formel,Café Romantique,33.5740209,-7.5819074,icons/cafe.png,OSM
Casablanca,Pizzeria starpate,Restaurant,Formel,Pizzeria starpate,33.6042711,-7.4918255,icons/restaurant.png,OSM
Casablanca,Zineb,Café,Formel,Zineb,33.6007115,-7.6332406,icons/cafe.png,OSM
Casablanca,ستاربكس,Café,Formel,Boulevard de la Corniche,33.5981399,-7.6647762,icons/cafe.png,OSM
Casablanca,ستاربكس,Café,Formel,ستاربكس,33.576784,-7.7059305,icons/cafe.png,OSM
Casablanca,La Storia,Restaurant,Formel,Boulevard Kennedy شارع كينيدي,33.5946859,-7.6679576,icons/restaurant.png,OSM
Casablanca,Paul,Boulangerie,Formel,Boulevard de la Corniche شارع الكورنيش,33.598856,-7.6644368,icons/bakery.png,OSM
Casablanca,Costa,Café,Formel,Boulevard de la Corniche,33.5984634,-7.6645137,icons/cafe.png,OSM
Casablanca,La bel blanc,Restaurant,Formel,Rue oulad teima,33.5973686,-7.6363743,icons/restaurant.png,OSM
Casablanca,Diamant bleu الجوهرة الزرقاء,Café,Formel,Boulevard Oued Sebou,33.5514099,-7.6821065,icons/cafe.png,OSM
Casablanca,O'lichi,Restaurant,Formel,Boulevard d'Anfa,33.591863,-7.6345249,icons/restaurant.png,OSM
Casablanca,Carrefour,Supermarché,Formel,Carrefour,33.5844973,-7.6080134,icons/supermarket.png,OSM
Casablanca,Al-Mounia,Restaurant,Formel,Al-Mounia,33.5909223,-7.6164407,icons/restaurant.png,OSM
Casablanca,Café sans nom,Café,Formel,Café sans nom,33.6014699,-7.6605284,icons/cafe.png,OSM
Casablanca,La Cantine de Charlotte,Restaurant,Formel,Rue Abou Hadil Allaf,33.5921096,-7.6288039,icons/restaurant.png,OSM
Casablanca,Emilia,Café,Formel,Avenue Mohamed Taib Naciri,33.5481455,-7.6808525,icons/cafe.png,OSM
Casablanca,Rouge et Blanc أحمر و ابيض,Restaurant,Formel,Avenue Lalla Yacout,33.5915512,-7.615164,icons/restaurant.png,OSM
Casablanca,سوق الخليل,Supermarché,Formel,سوق الخليل,33.5479552,-7.5974437,icons/supermarket.png,OSM
Casablanca,Route 66,Restaurant,Formel,Route 66,33.5728964,-7.6552882,icons/restaurant.png,OSM
Casablanca,Cosa Mia,Restaurant,Formel,Cosa Mia,33.5857707,-7.6355685,icons/restaurant.png,OSM
Casablanca,la lambra العنبرة,Café,Formel,la lambra العنبرة,33.5993093,-7.5205074,icons/cafe.png,OSM
Casablanca,Pharmacie Fourkane صيدلية,Parapharmacie,Formel,Boulevard des Figuiers,33.6163152,-7.5292654,icons/pharmacy.png,OSM
Casablanca,الكل ب 5 دراهم سيدي مومن,Supérette / Mini-market,Formel,الكل ب 5 دراهم سيدي مومن,33.580233,-7.5415993,icons/convenience.png,OSM
Casablanca,very ڤيري,Café,Formel,very ڤيري,33.603415,-7.6425831,icons/cafe.png,OSM
Casablanca,Fadaa bladi فضاء بلادي,Café,Formel,Route Haj Fateh,33.5442269,-7.6787862,icons/cafe.png,OSM
Casablanca,BIM,Supermarché,Formel,BIM,33.5395666,-7.5833828,icons/supermarket.png,OSM
Casablanca,Pizza Hut,Restaurant,Formel,Pizza Hut,33.5962863,-7.6144369,icons/restaurant.png,OSM
Casablanca,les Fleurs,Restaurant,Formel,les Fleurs,33.5966374,-7.6149916,icons/restaurant.png,OSM
Casablanca,le Châtelet,Café,Formel,le Châtelet,33.586116,-7.6350081,icons/cafe.png,OSM
Casablanca,Pharmacie Les Capucines,Parapharmacie,Formel,Boulevard Al Massira Al Khadra شارع المسيرة الخضراء,33.5869115,-7.6366612,icons/pharmacy.png,OSM
Casablanca,Pharmacie Bnou Zohr,Parapharmacie,Formel,"Rue Sidi Al Khadir, Casablanca ⵜⴰⴷⴷⴰⵔⵜ ⵜⵓⵎⵍⵉⵍⵜ الدار البيضاء",33.5683227,-7.6865945,icons/pharmacy.png,OSM
Casablanca,Midway,Restaurant,Formel,Midway,33.588864,-7.628391,icons/restaurant.png,OSM
Casablanca,Acima آسيما,Supermarché,Formel,Acima آسيما,33.540036,-7.6003544,icons/supermarket.png,OSM
Casablanca,Café Fairplay,Café,Formel,Boulevard Mohamed Zerktouni,33.5973188,-7.6382518,icons/cafe.png,OSM
Casablanca,Yo Ti Tam,Restaurant,Formel,Rue jounaid,33.5759859,-7.6476182,icons/restaurant.png,OSM
Casablanca,Café sans nom,Café,Formel,Boulevard d'Anfa,33.5926388,-7.6319683,icons/cafe.png,OSM
Casablanca,Café sans nom,Café,Formel,Café sans nom,33.6094191,-7.5333793,icons/cafe.png,OSM
Casablanca,pharmacie imam ali صيدلية الإمام علي,Parapharmacie,Formel,pharmacie imam ali صيدلية الإمام علي,33.6094444,-7.5333588,icons/pharmacy.png,OSM
Casablanca,Marjane Market,Supermarché,Formel,Boulevard Ghandi شارع غاندي,33.5743416,-7.65024,icons/supermarket.png,OSM
Casablanca,Café Karima مقهى كريمة,Café,Formel,Rue Amr Ben Asse,33.5996177,-7.5824027,icons/cafe.png,OSM
Casablanca,Croc Pizza كروك بيتزا,Restaurant,Formel,Croc Pizza كروك بيتزا,33.619789,-7.5326657,icons/restaurant.png,OSM
Casablanca,محطة إستراحة أفريقيا,Café,Formel,محطة إستراحة أفريقيا,33.5110136,-7.6105863,icons/cafe.png,OSM
Casablanca,H & B Food,Restaurant,Formel,H & B Food,33.5713686,-7.6450329,icons/restaurant.png,OSM
Casablanca,Chez Marny,Restaurant,Formel,Chez Marny,33.5609277,-7.6467836,icons/restaurant.png,OSM
Casablanca,Beverly Bakery & Cafe,Café,Formel,Beverly Bakery & Cafe,33.5961331,-7.6416036,icons/cafe.png,OSM
Casablanca,Yammy,Restaurant,Formel,Boulevard Rahal El Meskini,33.5885241,-7.611296,icons/restaurant.png,OSM
Casablanca,Boca Chica,Café,Formel,Boca Chica,33.6090023,-7.6505619,icons/cafe.png,OSM
Casablanca,Tacos de Lyon,Restaurant,Formel,Tacos de Lyon,33.5840551,-7.6423246,icons/restaurant.png,OSM
Casablanca,Café sans nom,Café,Formel,Café sans nom,33.5961015,-7.6767353,icons/cafe.png,OSM
Casablanca,Restaurant sans nom,Restaurant,Formel,Restaurant sans nom,33.5959788,-7.6133174,icons/restaurant.png,OSM
Casablanca,Restaurant sans nom,Restaurant,Formel,Restaurant sans nom,33.5926963,-7.6172792,icons/restaurant.png,OSM
Casablanca,BİM,Supermarché,Formel,BİM,33.5982648,-7.5223526,icons/supermarket.png,OSM
Casablanca,Café Charles Dego,Café,Formel,Café Charles Dego,33.5436554,-7.5682412,icons/cafe.png,OSM
Casablanca,Snack amine,Restaurant,Formel,Snack amine,33.5766703,-7.6334533,icons/restaurant.png,OSM
Casablanca,Cosa Mia,Restaurant,Formel,Boulevard Ain Taoujtate عين تاوجطات,33.5942298,-7.6435836,icons/restaurant.png,OSM
Casablanca,Gzoum كَزّوم,Restaurant,Formel,Gzoum كَزّوم,33.5677841,-7.5995875,icons/restaurant.png,OSM
Casablanca,Café Kyoto,Café,Formel,Avenue 2 Mars,33.5396601,-7.5997898,icons/cafe.png,OSM
Casablanca,pharmacie souk elbaldi صيدلية السوق البلدي,Parapharmacie,Formel,pharmacie souk elbaldi صيدلية السوق البلدي,33.5473266,-7.5978709,icons/pharmacy.png,OSM
Casablanca,pharmacie d'azhar صيدلية الأزهر,Parapharmacie,Formel,Boulevard de Taza,33.5455816,-7.5952095,icons/pharmacy.png,OSM
Casablanca,Parapharmacie sans nom,Parapharmacie,Formel,Parapharmacie sans nom,33.5478068,-7.5901845,icons/pharmacy.png,OSM
Casablanca,Parapharmacie sans nom,Parapharmacie,Formel,Parapharmacie sans nom,33.5434141,-7.5960949,icons/pharmacy.png,OSM
Casablanca,Parapharmacie sans nom,Parapharmacie,Formel,Parapharmacie sans nom,33.5464472,-7.6003028,icons/pharmacy.png,OSM
Casablanca,Restaurant sans nom,Restaurant,Formel,Restaurant sans nom,33.5937929,-7.6325707,icons/restaurant.png,OSM
Casablanca,Pharmacie Bachkou,Parapharmacie,Formel,Pharmacie Bachkou,33.5554062,-7.6294061,icons/pharmacy.png,OSM
Casablanca,Café Azhar,Café,Formel,Café Azhar,33.5430671,-7.6879747,icons/cafe.png,OSM
Casablanca,Café Poco Loco,Café,Formel,Café Poco Loco,33.5733956,-7.7072231,icons/cafe.png,OSM
Casablanca,Café Kairaouan,Café,Formel,Café Kairaouan,33.5602694,-7.6753643,icons/cafe.png,OSM
Casablanca,Pharmacie Carnot,Parapharmacie,Formel,Pharmacie Carnot,33.5936301,-7.5831998,icons/pharmacy.png,OSM
Casablanca,Bim,Supermarché,Formel,Bim,33.568153,-7.5316741,icons/supermarket.png,OSM
Casablanca,Pharmacie Dokkala,Parapharmacie,Formel,Pharmacie Dokkala,33.5596013,-7.5386995,icons/pharmacy.png,OSM
Casablanca,Café One Love,Café,Formel,"Boulevard du 9 Avril, Casablanca ⵜⴰⴷⴷⴰⵔⵜ ⵜⵓⵎⵍⵉⵍⵜ الدار البيضاء",33.5825944,-7.6280953,icons/cafe.png,OSM
Casablanca,Burger King,Restaurant,Formel,"Rue Ibn Rochd, Casablanca ⵜⴰⴷⴷⴰⵔⵜ ⵜⵓⵎⵍⵉⵍⵜ الدار البيضاء",33.595289,-7.6253802,icons/restaurant.png,OSM
Casablanca,Boulangerie sans nom,Boulangerie,Formel,Boulangerie sans nom,33.552527,-7.6779499,icons/bakery.png,OSM
Casablanca,Every Day,Café,Formel,Boulevard Oued Sebou,33.552273,-7.6788347,icons/cafe.png,OSM
Casablanca,Café sans nom,Café,Formel,Café sans nom,33.5521599,-7.6800534,icons/cafe.png,OSM
Casablanca,pharmacie tam صيدلية طام,Parapharmacie,Formel,Boulevard Oued Sebou,33.5530143,-7.6775632,icons/pharmacy.png,OSM
Casablanca,Restaurant sans nom,Restaurant,Formel,Restaurant sans nom,33.5529753,-7.6798787,icons/restaurant.png,OSM
Casablanca,Supérette / Mini-market sans nom,Supérette / Mini-market,Formel,Supérette / Mini-market sans nom,33.6103012,-7.5304115,icons/convenience.png,OSM
Casablanca,San Diego,Café,Formel,Boulevard Oued Sebou,33.55244,-7.6782792,icons/cafe.png,OSM
Casablanca,Restaurant sans nom,Restaurant,Formel,Restaurant sans nom,33.5522882,-7.6800779,icons/restaurant.png,OSM
Casablanca,Restaurant sans nom,Restaurant,Formel,Boulevard Oued Sebou,33.55217,-7.6790707,icons/restaurant.png,OSM
Casablanca,Salsa,Restaurant,Formel,Salsa,33.5925128,-7.6166956,icons/restaurant.png,OSM
Casablanca,Café Basma,Café,Formel,Café Basma,33.5389745,-7.5561869,icons/cafe.png,OSM
Casablanca,Casaforme,Café,Formel,Boulevard Modibo Keita,33.5616595,-7.6119677,icons/cafe.png,OSM
Casablanca,Tachfine center,Supermarché,Formel,Boulevard Youssef Ben Tachfine,33.5866306,-7.5924065,icons/supermarket.png,OSM
Casablanca,La grillardiere,Restaurant,Formel,Allée des Pêchers,33.6071887,-7.5437586,icons/restaurant.png,OSM
Casablanca,Blanca بلانكا,Café,Formel,Avenue Mohamed Taib Naciri,33.5485459,-7.6806587,icons/cafe.png,OSM
Casablanca,سناك دعاء,Restaurant,Formel,Avenue du Commandant Driss Harti,33.5474032,-7.5746211,icons/restaurant.png,OSM
Casablanca,park stadium,Café,Formel,Boulevard Chefchaouni,33.6073661,-7.53687,icons/cafe.png,OSM
Casablanca,chefchaouni,Café,Formel,Boulevard Chefchaouni,33.6069768,-7.5381815,icons/cafe.png,OSM
Casablanca,source d'or,Café,Formel,source d'or,33.6057064,-7.5385639,icons/cafe.png,OSM
Casablanca,Class Dish Coffee Shop,Restaurant,Formel,Class Dish Coffee Shop,33.5901754,-7.630709,icons/restaurant.png,OSM
Casablanca,Le Crepuscule,Café,Formel,Le Crepuscule,33.5933207,-7.6791,icons/cafe.png,OSM
Casablanca,Restaurant Etoile Centrale,Restaurant,Formel,Rue Allal Ben Abdellah,33.5953324,-7.6121111,icons/restaurant.png,OSM
Casablanca,Food stall,Restaurant,Formel,Food stall,33.6002212,-7.6297534,icons/restaurant.png,OSM
Casablanca,Coquillage Market,Supermarché,Formel,"Rue Moussa Bnou Noussair زنقة موسى بن نصير, Casablanca ⵜⴰⴷⴷⴰⵔⵜ ⵜⵓⵎⵍⵉⵍⵜ الدار البيضاء",33.5904924,-7.6280568,icons/supermarket.png,OSM
Casablanca,BIM,Supérette / Mini-market,Formel,BIM,33.6020163,-7.6438822,icons/convenience.png,OSM
Casablanca,Boulangerie sans nom,Boulangerie,Formel,Boulangerie sans nom,33.5747684,-7.5271587,icons/bakery.png,OSM
Casablanca,Bim,Supermarché,Formel,Bim,33.5759943,-7.5179027,icons/supermarket.png,OSM
Casablanca,Bim,Supermarché,Formel,Bim,33.5725129,-7.5318442,icons/supermarket.png,OSM
Casablanca,Pharmacie Fathi,Parapharmacie,Formel,Pharmacie Fathi,33.576566,-7.539824,icons/pharmacy.png,OSM
Casablanca,Café sans nom,Café,Formel,Café sans nom,33.5993502,-7.6058794,icons/cafe.png,OSM
Casablanca,Café sans nom,Café,Formel,Café sans nom,33.6003791,-7.6169643,icons/cafe.png,OSM
Casablanca,BİM,Supermarché,Formel,BİM,33.6002411,-7.6178059,icons/supermarket.png,OSM
Casablanca,Café sans nom,Café,Formel,Café sans nom,33.601745,-7.6201855,icons/cafe.png,OSM
Casablanca,Restaurant sans nom,Restaurant,Formel,Restaurant sans nom,33.608568,-7.629199,icons/restaurant.png,OSM
Casablanca,Carrefour,Supermarché,Formel,Carrefour,33.5739187,-7.6445744,icons/supermarket.png,OSM
Casablanca,côté d'or,Café,Formel,Boulevard Abdelmoumen,33.5771392,-7.625501,icons/cafe.png,OSM
Casablanca,espace imossak,Café,Formel,Route Alwahda,33.6098867,-7.5427429,icons/cafe.png,OSM
Casablanca,Boulangerie sans nom,Boulangerie,Formel,Boulangerie sans nom,33.609828,-7.5431916,icons/bakery.png,OSM
Casablanca,le monde des grillades,Restaurant,Formel,le monde des grillades,33.6093994,-7.541983,icons/restaurant.png,OSM
Casablanca,la paela mar,Café,Formel,la paela mar,33.6090344,-7.5417347,icons/cafe.png,OSM
Casablanca,pharmacie El Wafaa,Parapharmacie,Formel,pharmacie El Wafaa,33.6089516,-7.5416759,icons/pharmacy.png,OSM
Casablanca,tizi ousli,Café,Formel,tizi ousli,33.6065582,-7.5386788,icons/cafe.png,OSM
Casablanca,snack al Amal,Restaurant,Formel,snack al Amal,33.6077499,-7.5410675,icons/restaurant.png,OSM
Casablanca,adwak اذواق,Restaurant,Formel,adwak اذواق,33.6096078,-7.5421005,icons/restaurant.png,OSM
Casablanca,café mouad,Café,Formel,Rue Soumaya,33.5773541,-7.6268773,icons/cafe.png,OSM
Casablanca,La Cantine,Restaurant,Formel,La Cantine,33.5352248,-7.6400077,icons/restaurant.png,OSM
Casablanca,taxi,Restaurant,Formel,Rue Soumaya,33.5774261,-7.6267262,icons/restaurant.png,OSM
Casablanca,riad bladi رياض بلادي,Café,Formel,Boulevard Oued Daoura,33.5410743,-7.6770261,icons/cafe.png,OSM
Casablanca,bella festa,Café,Formel,bella festa,33.5412067,-7.6768273,icons/cafe.png,OSM
Casablanca,annasim النسيم,Parapharmacie,Formel,Boulevard Oued Daoura,33.5409932,-7.6769565,icons/pharmacy.png,OSM
Casablanca,Café ambar,Café,Formel,Café ambar,33.5432244,-7.6797457,icons/cafe.png,OSM
Casablanca,Café sans nom,Café,Formel,Café sans nom,33.5586653,-7.6937245,icons/cafe.png,OSM
Casablanca,Café sans nom,Café,Formel,Café sans nom,33.5602465,-7.6909179,icons/cafe.png,OSM
Casablanca,Boulangerie sans nom,Boulangerie,Formel,Boulangerie sans nom,33.5604392,-7.691089,icons/bakery.png,OSM
Casablanca,Restaurant sans nom,Restaurant,Formel,Restaurant sans nom,33.5615795,-7.6922167,icons/restaurant.png,OSM
Casablanca,café rabii,Café,Formel,café rabii,33.5595686,-7.6903551,icons/cafe.png,OSM
Casablanca,Boulangerie sans nom,Boulangerie,Formel,Boulangerie sans nom,33.5596528,-7.6904374,icons/bakery.png,OSM
Casablanca,Osteria,Restaurant,Formel,Osteria,33.6128314,-7.530422,icons/restaurant.png,OSM
Casablanca,BIM بيم,Supermarché,Formel,BIM بيم,33.5614104,-7.5337165,icons/supermarket.png,OSM
Casablanca,Restaurant sans nom,Restaurant,Formel,Boulevard D'El Hank,33.6038507,-7.6340267,icons/restaurant.png,OSM
Casablanca,KFC,Restaurant,Formel,KFC,33.5928524,-7.6318233,icons/restaurant.png,OSM
Casablanca,Pharmacy al-Harti صيدلية الحارثي,Parapharmacie,Formel,"Avenue du Commandant Driss Harti, Casablanca ⵜⴰⴷⴷⴰⵔⵜ ⵜⵓⵎⵍⵉⵍⵜ الدار البيضاء",33.5505403,-7.5693749,icons/pharmacy.png,OSM
Casablanca,Pharmacie du Centre,Parapharmacie,Formel,"Boulevard Mohamed V, Casablanca",33.5934396,-7.6003812,icons/pharmacy.png,OSM
Casablanca,La Sala,Restaurant,Formel,Rue Aït Ba Amrane,33.593796,-7.6009733,icons/restaurant.png,OSM
Casablanca,Café sans nom,Café,Formel,Café sans nom,33.5988308,-7.6193111,icons/cafe.png,OSM
Casablanca,City Palace,Restaurant,Formel,Boulevard Mohamed V,33.5936446,-7.6022226,icons/restaurant.png,OSM
Casablanca,Adib Food,Restaurant,Formel,Boulevard de la Résistance,33.5906473,-7.6035677,icons/restaurant.png,OSM
Casablanca,Dragon Bleu,Restaurant,Formel,Rue Pierre Parent,33.5946578,-7.6043656,icons/restaurant.png,OSM
Casablanca,KFC,Restaurant,Formel,Avenue 2 Mars,33.5753667,-7.6156108,icons/restaurant.png,OSM
Casablanca,Café,Café,Formel,Avenue 2 Mars,33.5771471,-7.615869,icons/cafe.png,OSM
Casablanca,Pharmacie Ifni,Parapharmacie,Formel,Rue Infi,33.5823599,-7.6019436,icons/pharmacy.png,OSM
Casablanca,Café Restaurant Tarfaya,Restaurant,Formel,Boulevard Bahmad,33.5894727,-7.5921448,icons/restaurant.png,OSM
Casablanca,Carrefour Market,Supermarché,Formel,Boulevard de la Gironde,33.5841408,-7.599484,icons/supermarket.png,OSM
Casablanca,Parapharmacie sans nom,Parapharmacie,Formel,Rue 15,33.5643746,-7.6097971,icons/pharmacy.png,OSM
Casablanca,Cafe 2 Mars,Café,Formel,Avenue 2 Mars,33.5661039,-7.6093338,icons/cafe.png,OSM
Casablanca,Tacos de Lyon,Restaurant,Formel,Avenue 2 Mars,33.5718335,-7.6138768,icons/restaurant.png,OSM
Casablanca,Shell Select,Supérette / Mini-market,Formel,Rue Alyazidi Mohamed,33.5733051,-7.6149409,icons/convenience.png,OSM
Casablanca,Cafe Clacier Dubai,Restaurant,Formel,Boulevard Mohammed VI,33.578465,-7.6001546,icons/restaurant.png,OSM
Casablanca,Pharmacie La Gironde,Parapharmacie,Formel,Rue Infi,33.5838537,-7.599594,icons/pharmacy.png,OSM
Casablanca,Parapharmacie sans nom,Parapharmacie,Formel,Avenue 2 Mars شارع 2 مارس,33.5768907,-7.6152125,icons/pharmacy.png,OSM
Casablanca,ماكدونالدز,Restaurant,Formel,Avenue 2 Mars,33.5759477,-7.6153091,icons/restaurant.png,OSM
Casablanca,Tacos Avenue,Restaurant,Formel,Avenue 2 Mars,33.5713977,-7.6131754,icons/restaurant.png,OSM
Casablanca,Mondial,Café,Formel,Avenue 2 Mars,33.5711485,-7.6130091,icons/cafe.png,OSM
Casablanca,Zén,Restaurant,Formel,Avenue 2 Mars,33.5703496,-7.6124807,icons/restaurant.png,OSM
Casablanca,Pharmacie Faris,Parapharmacie,Formel,Boulevard Mohammed VI,33.5662374,-7.5957853,icons/pharmacy.png,OSM
Casablanca,Boudad,Café,Formel,Rue Magellan,33.5908082,-7.6049423,icons/cafe.png,OSM
Casablanca,Pharmacie du Soleil,Parapharmacie,Formel,Rue Magellan,33.5903669,-7.6040746,icons/pharmacy.png,OSM
Casablanca,Pharmacie El Farah,Parapharmacie,Formel,Boulevard Bouchaib Doukkali,33.5683103,-7.5845481,icons/pharmacy.png,OSM
Casablanca,Pharmacie Ghazali,Parapharmacie,Formel,Pharmacie Ghazali,33.5657435,-7.5797457,icons/pharmacy.png,OSM
Casablanca,Le 5 Palmiers,Café,Formel,Boulevard Tah,33.5322685,-7.5849699,icons/cafe.png,OSM
Casablanca,Zounhours,Café,Formel,Boulevard Tah,33.5312563,-7.5880645,icons/cafe.png,OSM
Casablanca,Clip Cafe,Café,Formel,Avenue 2 Mars,33.5397459,-7.5998991,icons/cafe.png,OSM
Casablanca,Pharmacie Aman,Parapharmacie,Formel,Rue 17,33.5359704,-7.5770339,icons/pharmacy.png,OSM
Casablanca,Pharmacie Goumri,Parapharmacie,Formel,Boulevard Tah,33.5337089,-7.580665,icons/pharmacy.png,OSM
Casablanca,Parapharmacie sans nom,Parapharmacie,Formel,Avenue 2 Mars,33.5506674,-7.6024586,icons/pharmacy.png,OSM
Casablanca,Café La Source,Café,Formel,Avenue 2 Mars,33.5478561,-7.6020569,icons/cafe.png,OSM
Casablanca,Parapharmacie sans nom,Parapharmacie,Formel,Avenue 2 Mars,33.5479547,-7.602067,icons/pharmacy.png,OSM
Casablanca,Café Syntia,Café,Formel,Avenue 2 Mars,33.5461983,-7.6020982,icons/cafe.png,OSM
Casablanca,El Baouraoui Café,Café,Formel,Avenue 2 Mars,33.5462575,-7.6021096,icons/cafe.png,OSM
Casablanca,Palais Amira,Café,Formel,Avenue 2 Mars,33.5355652,-7.5957638,icons/cafe.png,OSM
Casablanca,Parapharmacie sans nom,Parapharmacie,Formel,Boulevard Tah,33.5313949,-7.5890227,icons/pharmacy.png,OSM
Casablanca,Ixia,Café,Formel,Rue 13,33.539469,-7.5791851,icons/cafe.png,OSM
Casablanca,Crèmerie Achkid,Restaurant,Formel,Boulevard d'Amgala,33.5406446,-7.5801185,icons/restaurant.png,OSM
Casablanca,Parapharmacie sans nom,Parapharmacie,Formel,Rue 10,33.5362787,-7.5773883,icons/pharmacy.png,OSM
Casablanca,Kamar lebnan,Restaurant,Formel,Rue Théophile Gauthier,33.5881278,-7.6310701,icons/restaurant.png,OSM
Casablanca,Café sans nom,Café,Formel,Rue Sebou,33.5891426,-7.6317809,icons/cafe.png,OSM
Casablanca,Pharmacie Chaab,Parapharmacie,Formel,Pharmacie Chaab,33.5409727,-7.5877997,icons/pharmacy.png,OSM
Casablanca,Pharmacie Khouloud,Parapharmacie,Formel,Zanqat 68,33.5395648,-7.5869025,icons/pharmacy.png,OSM
Casablanca,Cafe Rosage,Café,Formel,Rue 194,33.5423571,-7.5856224,icons/cafe.png,OSM
Casablanca,Skybury Café,Café,Formel,Boulevard d'Amgala,33.5375745,-7.5853535,icons/cafe.png,OSM
Casablanca,Espace La Parisien,Café,Formel,Boulevard d'Amgala,33.5369536,-7.5863788,icons/cafe.png,OSM
Casablanca,Cafe El Osra,Café,Formel,Boulevard d'Amgala,33.5367993,-7.5866456,icons/cafe.png,OSM
Casablanca,Espace Al Mouatine,Café,Formel,Boulevard de Smara,33.5353707,-7.5861213,icons/cafe.png,OSM
Casablanca,Espace Palma,Café,Formel,Boulevard de Smara,33.5344037,-7.585955,icons/cafe.png,OSM
Casablanca,Cafe Di Latorre,Café,Formel,Boulevard d'Amgala,33.5377182,-7.5857055,icons/cafe.png,OSM
Casablanca,Adana d'or,Café,Formel,Boulevard d'Amgala,33.5381005,-7.5850551,icons/cafe.png,OSM
Casablanca,Al Turkia,Café,Formel,Boulevard d'Amgala,33.5388293,-7.5838058,icons/cafe.png,OSM
Casablanca,Pharmacie Moulay Driss,Parapharmacie,Formel,Rue 50,33.5689517,-7.5868213,icons/pharmacy.png,OSM
Casablanca,Espace Laghlimi,Café,Formel,Espace Laghlimi,33.5409129,-7.5927289,icons/cafe.png,OSM
Casablanca,Flamengo,Restaurant,Formel,Flamengo,33.5408045,-7.5931285,icons/restaurant.png,OSM
Casablanca,Espace El Gharbia,Café,Formel,Boulevard d'Amgala,33.5373169,-7.5864244,icons/cafe.png,OSM
Casablanca,Cafe Al Amal,Café,Formel,Boulevard Tah,33.5324429,-7.5846836,icons/cafe.png,OSM
Casablanca,Parapharmacie sans nom,Parapharmacie,Formel,Boulevard de Smara,33.53766,-7.5899233,icons/pharmacy.png,OSM
Casablanca,Pharmacie des Urgences,Parapharmacie,Formel,Rue 1,33.5370027,-7.5858966,icons/pharmacy.png,OSM
Casablanca,Salon de Thé,Restaurant,Formel,Boulevard Abdellah Senhaji,33.5650026,-7.5882496,icons/restaurant.png,OSM
Casablanca,Café Imdioune,Restaurant,Formel,Boulevard Bouchaib Doukkali,33.5691305,-7.5839634,icons/restaurant.png,OSM
Casablanca,Pharmacie Ain Chifaa,Parapharmacie,Formel,Boulevard Bouchaib Doukkali,33.5700395,-7.5825861,icons/pharmacy.png,OSM
Casablanca,Pharmacie Assia,Parapharmacie,Formel,Rue 42,33.5704256,-7.5916801,icons/pharmacy.png,OSM
Casablanca,Linati,Restaurant,Formel,Boulevard du Golan,33.5716212,-7.5806791,icons/restaurant.png,OSM
Casablanca,Argana,Café,Formel,Rue 60,33.5647444,-7.5915889,icons/cafe.png,OSM
Casablanca,Espace Al Fath,Restaurant,Formel,Rue 8,33.5698484,-7.5946172,icons/restaurant.png,OSM
Casablanca,La Qualité,Café,Formel,Rue 42,33.5655066,-7.5923198,icons/cafe.png,OSM
Casablanca,Argana,Café,Formel,Rue 55,33.5651087,-7.5919417,icons/cafe.png,OSM
Casablanca,Pharmacie El Farraj,Parapharmacie,Formel,Boulevard Abdellah Senhaji,33.5673526,-7.5904222,icons/pharmacy.png,OSM
Casablanca,Pharmacie de Casablanca,Parapharmacie,Formel,Boulevard de la Croix,33.5749186,-7.5907414,icons/pharmacy.png,OSM
Casablanca,Pharmacie Laafou,Parapharmacie,Formel,Rue 34,33.5753387,-7.5931285,icons/pharmacy.png,OSM
Casablanca,Golden Space,Café,Formel,Boulevard de la Gironde,33.5832101,-7.5988175,icons/cafe.png,OSM
Casablanca,Cafe du Pont,Café,Formel,Boulevard de la Gironde,33.5826297,-7.5984453,icons/cafe.png,OSM
Casablanca,Pharmacie Albahia,Parapharmacie,Formel,Boulevard Ahmed Sebbagh,33.5744839,-7.5962278,icons/pharmacy.png,OSM
Casablanca,Café Sbaï,Café,Formel,Boulevard Abdellah Senhaji,33.5667425,-7.5894016,icons/cafe.png,OSM
Casablanca,Café Aswan,Restaurant,Formel,Boulevard du Golan شارع الجولان,33.5500951,-7.5677656,icons/restaurant.png,OSM
Casablanca,Parapharmacie sans nom,Parapharmacie,Formel,Avenue Abdelkader Sahraoui,33.5530547,-7.5499651,icons/pharmacy.png,OSM
Casablanca,Pharmacie Bouafi,Parapharmacie,Formel,Avenue d'Oued Eddahab,33.5443679,-7.5671098,icons/pharmacy.png,OSM
Casablanca,Cafe Zodiaque,Café,Formel,Avenue d'Oued Eddahab,33.5418954,-7.5712685,icons/cafe.png,OSM
Casablanca,Rainbow Cafe,Restaurant,Formel,Avenue d'Oued Eddahab,33.5401886,-7.5741479,icons/restaurant.png,OSM
Casablanca,Pharmacie Skiba,Parapharmacie,Formel,Avenue d'Oued Eddahab,33.5396252,-7.5750652,icons/pharmacy.png,OSM
Casablanca,Espace Changuai,Restaurant,Formel,Avenue Mekdad Lahrizi,33.5372811,-7.5734632,icons/restaurant.png,OSM
Casablanca,Ramada,Restaurant,Formel,Rue 188,33.539538,-7.573873,icons/restaurant.png,OSM
Casablanca,Pharmacie Ennajah,Parapharmacie,Formel,Avenue de Dakhla,33.5483839,-7.568998,icons/pharmacy.png,OSM
Casablanca,Cafe La Liga,Café,Formel,Avenue de Dakhla,33.5468661,-7.57153,icons/cafe.png,OSM
Casablanca,Nescafe,Café,Formel,Avenue de Dakhla,33.5468069,-7.5716347,icons/cafe.png,OSM
Casablanca,Pharmacie Dadi,Parapharmacie,Formel,Avenue de Dakhla,33.5464671,-7.5721396,icons/pharmacy.png,OSM
Casablanca,Pharmacie Faouz,Parapharmacie,Formel,Avenue de Dakhla,33.5439153,-7.5765418,icons/pharmacy.png,OSM
Casablanca,Pharmacie Dounia,Parapharmacie,Formel,Rue 145,33.5419122,-7.5725761,icons/pharmacy.png,OSM
Casablanca,Pharmacie Addahab,Parapharmacie,Formel,Rue 70,33.54397,-7.5696833,icons/pharmacy.png,OSM
Casablanca,Pharmacie Dispensaire Jamila 4,Parapharmacie,Formel,Rue 89,33.5466604,-7.5665988,icons/pharmacy.png,OSM
Casablanca,Golden Cup,Café,Formel,Rue 145,33.5430099,-7.5732386,icons/cafe.png,OSM
Casablanca,Pharmacie Benmoussa,Parapharmacie,Formel,Avenue du Commandant Driss Harti,33.5435352,-7.5805342,icons/pharmacy.png,OSM
Casablanca,Pharmacie Sbata,Parapharmacie,Formel,Avenue de Saquia-el-Hamra,33.5441768,-7.5730133,icons/pharmacy.png,OSM
Casablanca,Pharmacie Rachid,Parapharmacie,Formel,Avenue de Saquia-el-Hamra,33.5463631,-7.5694031,icons/pharmacy.png,OSM
Casablanca,Pharmacie Jamila,Parapharmacie,Formel,Avenue du Commandant Driss Harti,33.545992,-7.5764371,icons/pharmacy.png,OSM
Casablanca,Pharmacie Marche de Gros,Parapharmacie,Formel,Avenue du Commandant Driss Harti,33.548802,-7.5717339,icons/pharmacy.png,OSM
Casablanca,Café Anas,Café,Formel,Avenue du 6 Novembre 1975,33.5466593,-7.5770688,icons/cafe.png,OSM
Casablanca,Verona Cafe,Café,Formel,Avenue 6 Novembre 1975,33.5522891,-7.5823005,icons/cafe.png,OSM
Casablanca,Pharmacie Al Bouchra,Parapharmacie,Formel,Avenue de l'Ambassadeur Ben Aicha,33.601196,-7.5855754,icons/pharmacy.png,OSM
Casablanca,Pharmacie Massiwe,Parapharmacie,Formel,Avenue de l'Ambassadeur Ben Aicha,33.59964,-7.5891964,icons/pharmacy.png,OSM
Casablanca,Para Pharmacie,Parapharmacie,Formel,Avenue de l'Ambassadeur Ben Aicha,33.602561,-7.5822602,icons/pharmacy.png,OSM
Casablanca,Pharmacie El Mansour,Parapharmacie,Formel,Boulevard du Golan,33.558094,-7.573944,icons/pharmacy.png,OSM
Casablanca,Pharmcie Sif Eddinne,Parapharmacie,Formel,Boulevard de l'Unité Africaine,33.5566724,-7.5877748,icons/pharmacy.png,OSM
Casablanca,Pharmacie du Metro,Parapharmacie,Formel,Boulevard de l'Unité Africaine,33.5567138,-7.5911842,icons/pharmacy.png,OSM
Casablanca,Pharmacie Afriquia,Parapharmacie,Formel,Boulevard Mohammed VI,33.5548206,-7.5919738,icons/pharmacy.png,OSM
Casablanca,Café Agadir,Restaurant,Formel,Avenue du Commandant Driss Harti,33.5488254,-7.572265,icons/restaurant.png,OSM
Casablanca,Pharmacie Moulay Slimane,Parapharmacie,Formel,Route de Zenata,33.6177743,-7.5463294,icons/pharmacy.png,OSM
Casablanca,Parapharmacie sans nom,Parapharmacie,Formel,Avenue Réda Guédira,33.5523159,-7.5786996,icons/pharmacy.png,OSM
Casablanca,Cafe Rania,Café,Formel,Avenue Lahraouine,33.550901,-7.57429,icons/cafe.png,OSM
Casablanca,Pharmacie Zenata,Parapharmacie,Formel,Route de Zenata,33.6188677,-7.5392269,icons/pharmacy.png,OSM
Casablanca,Pharmacie Du Uban,Parapharmacie,Formel,Avenue du 6 Novembre 1975,33.5520812,-7.5815776,icons/pharmacy.png,OSM
Casablanca,Pharmacie Oued Zem,Parapharmacie,Formel,Boulevard de Oued Zem,33.5547747,-7.584579,icons/pharmacy.png,OSM
Casablanca,Pharmacie Lesperance,Parapharmacie,Formel,Boulevard de Madrid,33.6164096,-7.5248878,icons/pharmacy.png,OSM
Casablanca,La Revanche,Restaurant,Formel,Rue de Dax,33.5995316,-7.5874275,icons/restaurant.png,OSM
Casablanca,Moody's,Café,Formel,Boulevard Moulay Ismail,33.598514,-7.5804283,icons/cafe.png,OSM
Casablanca,Pharmacie Moubaraka,Parapharmacie,Formel,Route de Rabat,33.6154659,-7.5031149,icons/pharmacy.png,OSM
Casablanca,Pharmacie de la Gabe Ain Sebaa,Parapharmacie,Formel,Route de Rabat,33.6075583,-7.5235748,icons/pharmacy.png,OSM
Casablanca,Canova,Café,Formel,Rue Saint Saëns,33.595432,-7.5874154,icons/cafe.png,OSM
Casablanca,Chami Bacha,Restaurant,Formel,Rue Sijlmassa,33.5914595,-7.5915232,icons/restaurant.png,OSM
Casablanca,Pharmacie el Mrami,Parapharmacie,Formel,Route de Rabat,33.6238082,-7.4856645,icons/pharmacy.png,OSM
Casablanca,Pharmacie Feddan el Kheir,Parapharmacie,Formel,Route de Rabat,33.6209482,-7.4895899,icons/pharmacy.png,OSM
Casablanca,Pharmacie Ghouziel,Parapharmacie,Formel,Allée des Mimosas,33.6109571,-7.5297225,icons/pharmacy.png,OSM
Casablanca,Friend's Space,Restaurant,Formel,Boulevard Emile Zola,33.5963614,-7.592572,icons/restaurant.png,OSM
Casablanca,Wisley Gardens,Restaurant,Formel,Rue Vimy,33.5962274,-7.5905161,icons/restaurant.png,OSM
Casablanca,Espace Yasmine,Restaurant,Formel,Boulevard Mohamed Al Bakkali,33.5937954,-7.5178684,icons/restaurant.png,OSM
Casablanca,Pharmacie Racha,Parapharmacie,Formel,Route de Chabbou,33.5893928,-7.5262088,icons/pharmacy.png,OSM
Casablanca,Pharmacie Alaa,Parapharmacie,Formel,Boulevard Al Houcine Assoussi,33.590577,-7.5174178,icons/pharmacy.png,OSM
Casablanca,Plus,Supermarché,Formel,Boulevard Mohamed Al Bakkali,33.5930481,-7.5174715,icons/supermarket.png,OSM
Casablanca,Pharmacie Espace Santé صيدلية فضاء الصحة,Parapharmacie,Formel,Ain Harrouda,33.6342132,-7.4545723,icons/pharmacy.png,OSM
Casablanca,Pharmacie Ghafiri,Parapharmacie,Formel,Rue Abou Nouas,33.5607889,-7.6458289,icons/pharmacy.png,OSM
Casablanca,Pharmacie Odyssée صيدلية أوديسي,Parapharmacie,Formel,Rue Tair Al Firdaous,33.5631274,-7.6477303,icons/pharmacy.png,OSM
Casablanca,Cafe Glacier,Café,Formel,Route Al Jamiaa,33.567276,-7.6445413,icons/cafe.png,OSM
Casablanca,Cafe Barcelona,Café,Formel,Boulevard de la Grande Ceinture,33.5831677,-7.5543948,icons/cafe.png,OSM
Casablanca,Porta Biella,Restaurant,Formel,Boulevard Mohamed Zefzaf,33.5795879,-7.5127602,icons/restaurant.png,OSM
Casablanca,Bice Coffee,Café,Formel,Boulevard Mohamed Zefzaf,33.5786259,-7.5140946,icons/cafe.png,OSM
Casablanca,Parapharmacie sans nom,Parapharmacie,Formel,Boulevard Mohamed Zefzaf,33.5754292,-7.5202838,icons/pharmacy.png,OSM
Casablanca,Parapharmacie sans nom,Parapharmacie,Formel,Avenue Abdelkader Sahraoui,33.5678354,-7.5260223,icons/pharmacy.png,OSM
Casablanca,Pharmacie Al Ikram صيدلية الإكرام,Parapharmacie,Formel,Tit Mellil تيط مليل,33.5509759,-7.4774435,icons/pharmacy.png,OSM
Casablanca,Pharmacie Route de Rabat,Parapharmacie,Formel,Route Continentale,33.6021656,-7.5243822,icons/pharmacy.png,OSM
Casablanca,Pharmacie Alhadika,Parapharmacie,Formel,Route de Rabat,33.6036903,-7.533334,icons/pharmacy.png,OSM
Casablanca,Pharmacie Chefchaouni,Parapharmacie,Formel,Boulevard Chefchaouni,33.6139704,-7.5241126,icons/pharmacy.png,OSM
Casablanca,Parapharmacie sans nom,Parapharmacie,Formel,Parapharmacie sans nom,33.5684046,-7.5307781,icons/pharmacy.png,OSM
Casablanca,Parapharmacie sans nom,Parapharmacie,Formel,Parapharmacie sans nom,33.5713396,-7.5290841,icons/pharmacy.png,OSM
Casablanca,Café Napoli,Café,Formel,Boulevard du Nil,33.5620155,-7.5628182,icons/cafe.png,OSM
Casablanca,The Coffee Break,Café,Formel,Boulevard Ahmed Mekouar,33.6144205,-7.5353886,icons/cafe.png,OSM
Casablanca,Pharmacie Boukdad صيدلية بوقداد,Parapharmacie,Formel,"Rue Abderrahmane Ibn Khaldoune, Tit Mellil تيط مليل",33.5543657,-7.4827959,icons/pharmacy.png,OSM
Casablanca,Pharmacie Semmat,Parapharmacie,Formel,Pharmacie Semmat,33.5478296,-7.4859166,icons/pharmacy.png,OSM
Casablanca,Cafe El Makhfi,Café,Formel,Boulevard El Marinieene,33.5465565,-7.4828482,icons/cafe.png,OSM
Casablanca,Espace Araha,Restaurant,Formel,Boulevard El Marinieene,33.5455617,-7.4849658,icons/restaurant.png,OSM
Casablanca,Siciliano Cafe,Café,Formel,Siciliano Cafe,33.6129663,-7.5457084,icons/cafe.png,OSM
Casablanca,Pharmacie Tit Mellil صيدلية تيط مليل,Parapharmacie,Formel,"Boulevard Annakhil, Tit Mellil ⵜⵉⵟ ⵎⵍⵉⵍ تيط مليل",33.5522612,-7.4826014,icons/pharmacy.png,OSM
Casablanca,Pharmacie Errahmane,Parapharmacie,Formel,Route de Taddart,33.5526038,-7.6230601,icons/pharmacy.png,OSM
Casablanca,Pharmacie Machaa Allah,Parapharmacie,Formel,Rue 14,33.5371525,-7.5703479,icons/pharmacy.png,OSM
Casablanca,Pharmacie Al Ahram,Parapharmacie,Formel,Avenue Mekdad Lahrizi,33.5367602,-7.5734532,icons/pharmacy.png,OSM
Casablanca,Pharmacie Salim,Parapharmacie,Formel,Rue 2,33.5378244,-7.5671151,icons/pharmacy.png,OSM
Casablanca,Parapharmacie sans nom,Parapharmacie,Formel,Rue 66,33.5667045,-7.5678098,icons/pharmacy.png,OSM
Casablanca,Cafe L'Albatros,Café,Formel,Rue Hadj Omar Riffi,33.5851173,-7.6131231,icons/cafe.png,OSM
Casablanca,Pharmacie Laaziza,Parapharmacie,Formel,Rue 41,33.5360269,-7.5518963,icons/pharmacy.png,OSM
Casablanca,Pharmacie Al Fadila,Parapharmacie,Formel,Boulevard du Golan,33.537546,-7.5516106,icons/pharmacy.png,OSM
Casablanca,Pharmacie Salmia,Parapharmacie,Formel,Boulevard du Golan,33.5384537,-7.5553362,icons/pharmacy.png,OSM
Casablanca,Pharmacie Tessema,Parapharmacie,Formel,Boulevard du Golan,33.5436056,-7.5614248,icons/pharmacy.png,OSM
Casablanca,Pharmacie Essa-Egh,Parapharmacie,Formel,Rue 18,33.5401863,-7.5512499,icons/pharmacy.png,OSM
Casablanca,Pharmacie Ksikes,Parapharmacie,Formel,Avenue du 10 Mars 1982,33.5423068,-7.542302,icons/pharmacy.png,OSM
Casablanca,Parapharmacie sans nom,Parapharmacie,Formel,Boulevard Anoual,33.5652373,-7.5687821,icons/pharmacy.png,OSM
Casablanca,Parapharmacie sans nom,Parapharmacie,Formel,Rue 5,33.5681862,-7.5687861,icons/pharmacy.png,OSM
Casablanca,Parapharmacie sans nom,Parapharmacie,Formel,Boulevard du Nil,33.5659759,-7.5646207,icons/pharmacy.png,OSM
Casablanca,Parapharamacie Chemsi,Parapharmacie,Formel,Rue 66,33.5667453,-7.5675845,icons/pharmacy.png,OSM
Casablanca,Café Aloha,Café,Formel,Rue Zerhoune,33.5848954,-7.6147637,icons/cafe.png,OSM
Casablanca,Pharmacie Populaire,Parapharmacie,Formel,Rue Hadj Omar Riffi,33.5856143,-7.6138653,icons/pharmacy.png,OSM
Casablanca,Pizzeria Coin Four,Restaurant,Formel,Rue Ichbilia,33.5865805,-7.6126799,icons/restaurant.png,OSM
Casablanca,Snack Canizares,Supérette / Mini-market,Formel,Rue el Brihi Ahmed,33.5872307,-7.6111475,icons/convenience.png,OSM
Casablanca,Parapharmacie sans nom,Parapharmacie,Formel,Rue el Brihi Ahmed,33.5879781,-7.6086537,icons/pharmacy.png,OSM
Casablanca,Café Lucca El Ghazali,Café,Formel,Rue 58,33.5677929,-7.5606577,icons/cafe.png,OSM
Casablanca,Parapharmacie sans nom,Parapharmacie,Formel,Boulevard des Forces Auxiliaires,33.5687204,-7.5599147,icons/pharmacy.png,OSM
Casablanca,Pharmacie Tawdi,Parapharmacie,Formel,Pharmacie Tawdi,33.5734001,-7.5534868,icons/pharmacy.png,OSM
Casablanca,Café La Canyada,Café,Formel,Café La Canyada,33.5743744,-7.5580466,icons/cafe.png,OSM
Casablanca,Mister Tacos,Restaurant,Formel,Mister Tacos,33.5732368,-7.5600154,icons/restaurant.png,OSM
Casablanca,Café Oum Erabia,Café,Formel,Café Oum Erabia,33.5698423,-7.5575115,icons/cafe.png,OSM
Casablanca,Pharmacie Essafa,Parapharmacie,Formel,Pharmacie Essafa,33.569478,-7.5571883,icons/pharmacy.png,OSM
Casablanca,Parapharmacie sans nom,Parapharmacie,Formel,Parapharmacie sans nom,33.566928,-7.5459391,icons/pharmacy.png,OSM
Casablanca,Pharmacie Ibn Zahr,Parapharmacie,Formel,Boulevard du Nil,33.5584382,-7.5690745,icons/pharmacy.png,OSM
Casablanca,Pharmacie Lamrissi,Parapharmacie,Formel,Pharmacie Lamrissi,33.5623865,-7.5410038,icons/pharmacy.png,OSM
Casablanca,Café Canarias,Café,Formel,Café Canarias,33.5629184,-7.539475,icons/cafe.png,OSM
Casablanca,Pharmacie Lamrissi,Parapharmacie,Formel,Pharmacie Lamrissi,33.5627486,-7.5397673,icons/pharmacy.png,OSM
Casablanca,Café Du Capitan,Café,Formel,Café Du Capitan,33.5617942,-7.5413981,icons/cafe.png,OSM
Casablanca,Pharmacie Kamareddine,Parapharmacie,Formel,Pharmacie Kamareddine,33.5626681,-7.5439918,icons/pharmacy.png,OSM
Casablanca,Café Rojayne,Café,Formel,Café Rojayne,33.558598,-7.5465936,icons/cafe.png,OSM
Casablanca,Pharmacie El Houria,Parapharmacie,Formel,Avenue Chaouki Jilali Meskini,33.5841955,-7.5579688,icons/pharmacy.png,OSM
Casablanca,Pharmacie El AHD El Jadid,Parapharmacie,Formel,Boulevard de la Grande Ceinture,33.5814694,-7.5632876,icons/pharmacy.png,OSM
Casablanca,Parapharmacie sans nom,Parapharmacie,Formel,Boulevard Al Aqid El Allam,33.5555291,-7.5470468,icons/pharmacy.png,OSM
Casablanca,Pharmacie Al Falah,Parapharmacie,Formel,Boulevard Al Aqid El Allam,33.5583991,-7.5495037,icons/pharmacy.png,OSM
Casablanca,Café Monsieur,Café,Formel,Boulevard Rahal El Meskini,33.5877075,-7.6142021,icons/cafe.png,OSM
Casablanca,Pharmacie de Lorraine,Parapharmacie,Formel,Boulevard Rahal El Meskini,33.5876576,-7.6144999,icons/pharmacy.png,OSM
Casablanca,Asia Supermarché,Supermarché,Formel,Boulevard Rahal El Meskini,33.588586,-7.6110077,icons/supermarket.png,OSM
Casablanca,Café Al Horia,Café,Formel,Avenue du 10 Mars 1982,33.5640158,-7.5694406,icons/cafe.png,OSM
Casablanca,Parapharmacie sans nom,Parapharmacie,Formel,Parapharmacie sans nom,33.5547915,-7.5345102,icons/pharmacy.png,OSM
Casablanca,Parapharmacie sans nom,Parapharmacie,Formel,Avenue du Commandant Idriss Elharti,33.557046,-7.5588037,icons/pharmacy.png,OSM
Casablanca,Café Chabab,Restaurant,Formel,Avenue du 10 Mars 1982,33.5618099,-7.5656694,icons/restaurant.png,OSM
Casablanca,Parapharmacie sans nom,Parapharmacie,Formel,Avenue du 10 Mars 1982,33.5622993,-7.5662756,icons/pharmacy.png,OSM
Casablanca,Pharmacie el Hanaa,Parapharmacie,Formel,Boulevard de l'Unité Africaine,33.5570658,-7.5818767,icons/pharmacy.png,OSM
Casablanca,Pharmacie Para,Parapharmacie,Formel,Boulevard Abou Horaira,33.5576861,-7.5796075,icons/pharmacy.png,OSM
Casablanca,Parapharmacie sans nom,Parapharmacie,Formel,Boulevard Abdellah Senhaji,33.5646115,-7.5879666,icons/pharmacy.png,OSM
Casablanca,Pharmacie el Othmania,Parapharmacie,Formel,Boulevard Abou Horaira,33.5627982,-7.5705381,icons/pharmacy.png,OSM
Casablanca,Pharmacie Calogera,Parapharmacie,Formel,Rue 73,33.5584983,-7.5864208,icons/pharmacy.png,OSM
Casablanca,Café Rostou,Café,Formel,Boulevard Abou Horaira,33.5619356,-7.5719364,icons/cafe.png,OSM
Casablanca,Pharmacie Mersultan,Parapharmacie,Formel,Avenue Mers Sultan,33.5839923,-7.6155918,icons/pharmacy.png,OSM
Casablanca,Café Les Alpes,Café,Formel,Boulevard de la Liberté,33.5869275,-7.6119141,icons/cafe.png,OSM
Casablanca,Cafe Le 13,Café,Formel,Rue 1,33.5553235,-7.6269016,icons/cafe.png,OSM
Casablanca,L'Araignee,Restaurant,Formel,Boulevard Hassan Alaoui,33.5783371,-7.5884742,icons/restaurant.png,OSM
Casablanca,Porte Californie,Parapharmacie,Formel,Route de La Mecque,33.5596798,-7.6287738,icons/pharmacy.png,OSM
Casablanca,Para & Pharmacie Merieux,Parapharmacie,Formel,Boulevard Abdelmoumen,33.5673158,-7.6260406,icons/pharmacy.png,OSM
Casablanca,Pharmacie Abdelmoumen,Parapharmacie,Formel,Boulevard Abdelmoumen,33.5764002,-7.6259212,icons/pharmacy.png,OSM
Casablanca,Parapharmacie sans nom,Parapharmacie,Formel,Boulevard Abdelmoumen,33.5816236,-7.6244299,icons/pharmacy.png,OSM
Casablanca,Pizza Hut,Restaurant,Formel,Boulevard Taddart,33.5559918,-7.6280361,icons/restaurant.png,OSM
Casablanca,Pharmacie Taddart,Parapharmacie,Formel,Route de Taddart,33.5563383,-7.624332,icons/pharmacy.png,OSM
Casablanca,Restaurant Sushing,Restaurant,Formel,Route de Taddart,33.5552927,-7.6239109,icons/restaurant.png,OSM
Casablanca,La Goyave,Café,Formel,Route de Taddart,33.5543439,-7.6237741,icons/cafe.png,OSM
Casablanca,Para & Pharmacie,Parapharmacie,Formel,Boulevard Ibrahim Roudani,33.5873383,-7.6281434,icons/pharmacy.png,OSM
Casablanca,Café Al Amana,Café,Formel,Rue Ibnou Bouraid,33.583915,-7.6283175,icons/cafe.png,OSM
Casablanca,Café Club,Café,Formel,Café Club,33.5828766,-7.6294366,icons/cafe.png,OSM
Casablanca,Cremerie Cadillac,Restaurant,Formel,Boulevard de Paris,33.593863,-7.6215278,icons/restaurant.png,OSM
Casablanca,Espace Café,Café,Formel,Rue Al Woroud,33.5845274,-7.6211093,icons/cafe.png,OSM
Casablanca,Dragon Rouge,Restaurant,Formel,Rue Mostafa Al Maani,33.5866702,-7.6195295,icons/restaurant.png,OSM
Casablanca,Café Élite,Café,Formel,Rue Mostafa Al Maani,33.5867395,-7.6191245,icons/cafe.png,OSM
Casablanca,Glacier Cafeteria Tasman,Café,Formel,Rue Omarslaoui,33.5871897,-7.6202121,icons/cafe.png,OSM
Casablanca,Tacos Paco's,Restaurant,Formel,Rue Omarslaoui,33.5873919,-7.6200056,icons/restaurant.png,OSM
Casablanca,ماكدونالدز,Restaurant,Formel,Avenue Mers Sultan,33.5881192,-7.6175943,icons/restaurant.png,OSM
Casablanca,Pharmacie Principale,Parapharmacie,Formel,Avenue Mers Sultan,33.5876567,-7.6174173,icons/pharmacy.png,OSM
Casablanca,Brasserie Soleil,Café,Formel,Rue Tarrablous,33.5877405,-7.6189394,icons/cafe.png,OSM
Casablanca,Restaurant Anfa,Restaurant,Formel,Rue Allal Al Fassi,33.587965,-7.6181281,icons/restaurant.png,OSM
Casablanca,Café Faracha,Café,Formel,Rue Allal Al Fassi,33.5879583,-7.6182568,icons/cafe.png,OSM
Casablanca,Café la Palmerale,Café,Formel,Rue Allal Al Fassi,33.5879494,-7.6185545,icons/cafe.png,OSM
Casablanca,Chawarmati,Restaurant,Formel,Rue Allal Al Fassi,33.5879293,-7.6187316,icons/restaurant.png,OSM
Casablanca,Le Triangle,Restaurant,Formel,Rue Allal Al Fassi,33.5879136,-7.6188844,icons/restaurant.png,OSM
Casablanca,Café Le Capitole,Café,Formel,Rue Allal Al Fassi,33.5879025,-7.6191325,icons/cafe.png,OSM
Casablanca,Midi Grill,Restaurant,Formel,Rue Omarslaoui,33.5882734,-7.6191768,icons/restaurant.png,OSM
Casablanca,Génial,Restaurant,Formel,Boulevard de Paris,33.5939764,-7.6212837,icons/restaurant.png,OSM
Casablanca,Pharmacie Minuit,Parapharmacie,Formel,Boulevard de Paris,33.5934804,-7.6201545,icons/pharmacy.png,OSM
Casablanca,Parisienne,Parapharmacie,Formel,Avenue Hassan II,33.5897899,-7.6195932,icons/pharmacy.png,OSM
Casablanca,Fish,Restaurant,Formel,Rue Omarslaoui,33.5884516,-7.6189864,icons/restaurant.png,OSM
Casablanca,VIP Ole Cafe,Café,Formel,Rue Lieutenent Berger,33.5885756,-7.6196589,icons/cafe.png,OSM
Casablanca,Cafe Nadif,Café,Formel,Rue Lieutenent Berger,33.588751,-7.619964,icons/cafe.png,OSM
Casablanca,Pharmacie du Parc,Parapharmacie,Formel,Avenue Hassan II,33.5872545,-7.6211335,icons/pharmacy.png,OSM
Casablanca,Woody Chay Pizza,Restaurant,Formel,Rue Omarslaoui,33.58644,-7.6212743,icons/restaurant.png,OSM
Casablanca,Sushi Kiosque,Restaurant,Formel,Rue Omarslaoui,33.5863831,-7.6213648,icons/restaurant.png,OSM
Casablanca,Café Fiori,Café,Formel,Avenue Hassan II,33.5862713,-7.6216806,icons/cafe.png,OSM
Casablanca,Para & Parapharmacie Oliveri,Parapharmacie,Formel,Rue Ibn Tofail,33.5848798,-7.6240269,icons/pharmacy.png,OSM
Casablanca,La Rotonde,Restaurant,Formel,Boulevard Mohamed Zerktouni,33.5835632,-7.6231066,icons/restaurant.png,OSM
Casablanca,Red Coffee,Café,Formel,Boulevard Mohamed Zerktouni,33.583428,-7.6228702,icons/cafe.png,OSM
Casablanca,Pizzaria le Drapeau,Restaurant,Formel,Rue Errommene,33.5837218,-7.6222828,icons/restaurant.png,OSM
Casablanca,El Presto,Café,Formel,Rue Mostafa Al Maani,33.5853457,-7.6211469,icons/cafe.png,OSM
Casablanca,Café Icarus,Café,Formel,Rue Mostafa Al Maani,33.585291,-7.6211999,icons/cafe.png,OSM
Casablanca,Café Panam,Café,Formel,Rue Al Woroud,33.5851156,-7.6208572,icons/cafe.png,OSM
Casablanca,La Fontaine à Jus,Café,Formel,Rue Al Woroud,33.5850083,-7.6209129,icons/cafe.png,OSM
Casablanca,Pharmacie Mercure,Parapharmacie,Formel,Rue Darâa,33.5849916,-7.6210879,icons/pharmacy.png,OSM
Casablanca,Cafétéria Tassili,Café,Formel,Rue Saad Ben Abi Waqqas,33.5844994,-7.6213132,icons/cafe.png,OSM
Casablanca,Meson Asador,Restaurant,Formel,Rue Al Woroud,33.5847519,-7.6210168,icons/restaurant.png,OSM
Casablanca,Los Olivos,Restaurant,Formel,Rue El Haman,33.5846997,-7.6204271,icons/restaurant.png,OSM
Casablanca,Ballon Ovale,Café,Formel,Rue Agadir,33.5836123,-7.6196985,icons/cafe.png,OSM
Casablanca,Snack City,Supérette / Mini-market,Formel,Rue Darâa,33.5850687,-7.621232,icons/convenience.png,OSM
Casablanca,Parapharmacie sans nom,Parapharmacie,Formel,Boulevard Abderrahim Bouabid,33.5592451,-7.6384109,icons/pharmacy.png,OSM
Casablanca,Pharmacie de L'opera,Parapharmacie,Formel,Rue Mohamed Bahi,33.580465,-7.6331471,icons/pharmacy.png,OSM
Casablanca,Café Bleu-Blanc,Café,Formel,Rue Al Mortada,33.5829219,-7.6307144,icons/cafe.png,OSM
Casablanca,Speedy Pizza,Restaurant,Formel,Boulevard Ibrahim Roudani,33.5829487,-7.6325181,icons/restaurant.png,OSM
Casablanca,Treff Restaurant,Restaurant,Formel,Boulevard Ibrahim Roudani,33.5852524,-7.6301752,icons/restaurant.png,OSM
Casablanca,Parapharmacie sans nom,Parapharmacie,Formel,Boulevard Ibrahim Roudani,33.5846692,-7.6308243,icons/pharmacy.png,OSM
Casablanca,Pharmacie du Palmier,Parapharmacie,Formel,Boulevard Mohamed Abdou,33.5825023,-7.6259098,icons/pharmacy.png,OSM
Casablanca,Glacier Missouri,Café,Formel,Rue Mohamed Bahi,33.5802013,-7.6334944,icons/cafe.png,OSM
Casablanca,Café de Nono,Café,Formel,Rue Mohamed Bahi,33.5798063,-7.6346713,icons/cafe.png,OSM
Casablanca,Bio Ice,Restaurant,Formel,Boulevard du 9 Avril شارع 9 أبريل,33.580976,-7.6322449,icons/restaurant.png,OSM
Casablanca,Pharmacie du Louvre,Parapharmacie,Formel,Rue Al Mortada,33.5824498,-7.6306697,icons/pharmacy.png,OSM
Casablanca,Pizza House,Restaurant,Formel,Boulevard du 9 Avril,33.5826493,-7.6295794,icons/restaurant.png,OSM
Casablanca,Pharmacie Hacha,Parapharmacie,Formel,Rue 5,33.5666766,-7.602578,icons/pharmacy.png,OSM
Casablanca,Pharmacie Ghalef,Parapharmacie,Formel,Rue Jabir Al Ansari,33.5773527,-7.6308055,icons/pharmacy.png,OSM
Casablanca,Café Palmier,Café,Formel,Rue Jabir Al Ansari,33.5783147,-7.630255,icons/cafe.png,OSM
Casablanca,Droguerie Al Mal,Parapharmacie,Formel,Droguerie Al Mal,33.5759608,-7.6318585,icons/pharmacy.png,OSM
Casablanca,Snack Abdou,Supérette / Mini-market,Formel,Zanqat 35,33.5770497,-7.6330103,icons/convenience.png,OSM
Casablanca,Snack Amine,Supérette / Mini-market,Formel,Zanqat 35,33.5769276,-7.6332021,icons/convenience.png,OSM
Casablanca,Pharmacie Kastalani,Parapharmacie,Formel,Rue Daoud el Antaki,33.5737722,-7.6077627,icons/pharmacy.png,OSM
Casablanca,Pharmacie Jerrada,Parapharmacie,Formel,Boulevard Abderrahim Bouabid,33.5627318,-7.6429452,icons/pharmacy.png,OSM
Casablanca,Clic Resto,Restaurant,Formel,Clic Resto,33.5692119,-7.6464826,icons/restaurant.png,OSM
Casablanca,Snack Wassila,Restaurant,Formel,Snack Wassila,33.572345,-7.6488023,icons/restaurant.png,OSM
Casablanca,Pizza Hut,Restaurant,Formel,Boulevard Ghandi شارع غاندي,33.5705845,-7.6461728,icons/restaurant.png,OSM
Casablanca,Snack Aloum,Supérette / Mini-market,Formel,Boulevard d'Anoual,33.569411,-7.6285833,icons/convenience.png,OSM
Casablanca,Pharmacie Aloum,Parapharmacie,Formel,Boulevard d'Anoual,33.569402,-7.6285002,icons/pharmacy.png,OSM
Casablanca,Para & Pharmacie Benzit,Parapharmacie,Formel,Para & Pharmacie Benzit,33.5702345,-7.6283842,icons/pharmacy.png,OSM
Casablanca,Pharmacie Attissir,Parapharmacie,Formel,Zanqat 93,33.5726269,-7.6290178,icons/pharmacy.png,OSM
Casablanca,Café Snack Al Hadaf,Café,Formel,Café Snack Al Hadaf,33.5725732,-7.6305762,icons/cafe.png,OSM
Casablanca,Salon Thé,Café,Formel,Zanqat 93,33.5725537,-7.6294597,icons/cafe.png,OSM
Casablanca,Snack Fixi,Supérette / Mini-market,Formel,Rue Abderrahman Zemmouri,33.5754778,-7.6263933,icons/convenience.png,OSM
Casablanca,Pharmacie Zaouia,Parapharmacie,Formel,Rue Al Maadane,33.5765622,-7.6278631,icons/pharmacy.png,OSM
Casablanca,Fuego,Café,Formel,Zanqat 93,33.5739174,-7.6309879,icons/cafe.png,OSM
Casablanca,Snack Essaada,Supérette / Mini-market,Formel,Zanqat 35,33.577312,-7.6329808,icons/convenience.png,OSM
Casablanca,Les Amis,Café,Formel,Boulevard Abdelmoumen,33.5751555,-7.6260312,icons/cafe.png,OSM
Casablanca,Maro Snack,Supérette / Mini-market,Formel,Boulevard Abdelmoumen,33.575046,-7.6260258,icons/convenience.png,OSM
Casablanca,Café Abd El Moumen,Café,Formel,Boulevard Abdelmoumen,33.5748985,-7.6260272,icons/cafe.png,OSM
Casablanca,Pharmacie Diamond,Parapharmacie,Formel,Rue Abderrahman Zemmouri,33.5755968,-7.6262176,icons/pharmacy.png,OSM
Casablanca,Pharmacie Du Gharb,Parapharmacie,Formel,Rue de Smyrne,33.573266,-7.6032552,icons/pharmacy.png,OSM
Casablanca,Pharmacie Hay El Baladia,Parapharmacie,Formel,Rue Moulay Idrissi,33.5745119,-7.6053393,icons/pharmacy.png,OSM
Casablanca,Parapharmacie sans nom,Parapharmacie,Formel,Boulevard Ghandi,33.5672683,-7.639982,icons/pharmacy.png,OSM
Casablanca,Clay Oven,Restaurant,Formel,Boulevard Gandhi,33.5689908,-7.6432429,icons/restaurant.png,OSM
Casablanca,Pharmacie Val Fleuri صيدلية ڤال فلوري,Parapharmacie,Formel,Avenue Stendhal شارع ستندال,33.5750129,-7.6346567,icons/pharmacy.png,OSM
Casablanca,Ifri,Café,Formel,Boulevard Ibrahim Roudani,33.5745655,-7.6403026,icons/cafe.png,OSM
Casablanca,Parapharmacie,Parapharmacie,Formel,Rue Ben Jilali Taj Eddine,33.5783835,-7.6373354,icons/pharmacy.png,OSM
Casablanca,Château de Jus,Restaurant,Formel,Boulevard Ibrahim Roudani,33.5796337,-7.6357582,icons/restaurant.png,OSM
Casablanca,Café Arcadie,Café,Formel,Boulevard Ibrahim Roudani,33.5704211,-7.643538,icons/cafe.png,OSM
Casablanca,Pharmacie Route El Jadda,Parapharmacie,Formel,Boulevard Ibrahim Roudani,33.5730001,-7.641533,icons/pharmacy.png,OSM
Casablanca,Pharmacie Bouabid,Parapharmacie,Formel,Boulevard Bensaid Salah Mohamed,33.6116239,-7.5018597,icons/pharmacy.png,OSM
Casablanca,Pharmacie Hay Amal,Parapharmacie,Formel,Pharmacie Hay Amal,33.6025766,-7.5115827,icons/pharmacy.png,OSM
Casablanca,Pharmacie Du Maghree Arabe,Parapharmacie,Formel,Pharmacie Du Maghree Arabe,33.6123063,-7.5072241,icons/pharmacy.png,OSM
Casablanca,Pharmacie Arij,Parapharmacie,Formel,Boulevard Dammam,33.5447055,-7.6376867,icons/pharmacy.png,OSM
Casablanca,Pharmacie Fleming,Parapharmacie,Formel,Boulevard de La Mecque,33.5326531,-7.62962,icons/pharmacy.png,OSM
Casablanca,Real Time Coffee,Café,Formel,Real Time Coffee,33.5729262,-7.6383609,icons/cafe.png,OSM
Casablanca,Pharmacie Al Hilal,Parapharmacie,Formel,Rue Bachir Laalej زنقة البشير العلج,33.5724508,-7.6375345,icons/pharmacy.png,OSM
Casablanca,Le Brunch Gourmet,Restaurant,Formel,Rue Le Titien,33.575946,-7.6357397,icons/restaurant.png,OSM
Casablanca,Parapharmacie sans nom,Parapharmacie,Formel,Boulevard Abdelmoumen,33.5761253,-7.6259561,icons/pharmacy.png,OSM
Casablanca,Pharmacie L Entente,Parapharmacie,Formel,Boulevard Ahmed Ben Bassou,33.6056126,-7.5144956,icons/pharmacy.png,OSM
Casablanca,Pharmacie Sabrine,Parapharmacie,Formel,Pharmacie Sabrine,33.6071305,-7.5123109,icons/pharmacy.png,OSM
Casablanca,صيدلية طارق,Parapharmacie,Formel,Boulevard Abou Dhar Al-Ghifari,33.6080715,-7.5152714,icons/pharmacy.png,OSM
Casablanca,Pharmacie Ghabab,Parapharmacie,Formel,Boulevard Abi Der Al-Ghaffari,33.6042666,-7.5235976,icons/pharmacy.png,OSM
Casablanca,Pharmacie du Quartier,Parapharmacie,Formel,Boulevard Souhaib Arroumi,33.6062102,-7.5066648,icons/pharmacy.png,OSM
Casablanca,Pharmacie Yafa,Parapharmacie,Formel,Boulevard Mbarek Ben Boubker Hamadi,33.6121097,-7.4984264,icons/pharmacy.png,OSM
Casablanca,Parapharmacie sans nom,Parapharmacie,Formel,Boulevard Souhaib Arroumi,33.6076957,-7.5038847,icons/pharmacy.png,OSM
Casablanca,Pharmacie Panoramique,Parapharmacie,Formel,Boulevard Panoramique,33.5558532,-7.5979806,icons/pharmacy.png,OSM
Casablanca,Parapharmacie sans nom,Parapharmacie,Formel,Boulevard Panoramique,33.5545054,-7.600797,icons/pharmacy.png,OSM
Casablanca,Pharmacie Hay Rmila,Parapharmacie,Formel,Rue 22,33.5580225,-7.5993432,icons/pharmacy.png,OSM
Casablanca,Pharmacie Mouad,Parapharmacie,Formel,Boulevard de Berrechid,33.5527865,-7.5944549,icons/pharmacy.png,OSM
Casablanca,Pharmacie de la Commune,Parapharmacie,Formel,Boulevard Zagora,33.55473,-7.5963593,icons/pharmacy.png,OSM
Casablanca,Phuket's,Café,Formel,Rue Le Titien,33.5757584,-7.636172,icons/cafe.png,OSM
Casablanca,Lopez,Restaurant,Formel,Lopez,33.572937,-7.6387234,icons/restaurant.png,OSM
Casablanca,Ibrine,Boulangerie,Formel,Rue Bachir Laalej زنقة البشير العلج,33.5729102,-7.6386427,icons/bakery.png,OSM
Casablanca,Ambre,Restaurant,Formel,Rue Al Bachir Laalaj,33.572219,-7.6378034,icons/restaurant.png,OSM
Casablanca,Mira Fiori,Café,Formel,Mira Fiori,33.5744069,-7.6377277,icons/cafe.png,OSM
Casablanca,Parahealth,Parapharmacie,Formel,Rue Racine زنقة راسين,33.5751784,-7.6370672,icons/pharmacy.png,OSM
Casablanca,Café Majorelle,Café,Formel,Boulevard Chefchaoui,33.6135058,-7.5274158,icons/cafe.png,OSM
Casablanca,Grande Pharmacie de Liebonne,Parapharmacie,Formel,Rue Abdeslam Khattabi,33.5752543,-7.6136027,icons/pharmacy.png,OSM
Casablanca,Pharmacie Des Facultes,Parapharmacie,Formel,Avenue Idriss 1er,33.5721987,-7.6190963,icons/pharmacy.png,OSM
Casablanca,Pharmacie Al Boudour,Parapharmacie,Formel,Rue de Sebta زنقة سبتة,33.5794447,-7.6173798,icons/pharmacy.png,OSM
Casablanca,Pharmacie Sefrou,Parapharmacie,Formel,Pharmacie Sefrou,33.5438202,-7.5859161,icons/pharmacy.png,OSM
Casablanca,Parapharmacie sans nom,Parapharmacie,Formel,Rue 265,33.5456958,-7.5868911,icons/pharmacy.png,OSM
Casablanca,Pharmacie de la Plage,Parapharmacie,Formel,Boulevard Ahmed Mekouar,33.6177529,-7.5391068,icons/pharmacy.png,OSM
Casablanca,Pharmacie des Halles,Parapharmacie,Formel,Rue Mohammed Ben Radi Slaoui,33.5899022,-7.5961058,icons/pharmacy.png,OSM
Casablanca,Pharmacie SoulaÏma,Parapharmacie,Formel,Boulevard de Fès,33.5435565,-7.6157114,icons/pharmacy.png,OSM
Casablanca,Pharmacie Jordins Polo,Parapharmacie,Formel,Boulevard de l'Atlantide,33.5526591,-7.6183212,icons/pharmacy.png,OSM
Casablanca,Para Pharmacie Safir,Parapharmacie,Formel,Rue Nichakra Rahal,33.5946835,-7.6086337,icons/pharmacy.png,OSM
Casablanca,Pharmacie Al Irchad,Parapharmacie,Formel,Hay Yasmina III,33.5390462,-7.5843832,icons/pharmacy.png,OSM
Casablanca,Pharmacie du Mechouar,Parapharmacie,Formel,Rue d'Arcachon,33.5858356,-7.6042986,icons/pharmacy.png,OSM
Casablanca,Parapharmacie sans nom,Parapharmacie,Formel,Rue Bachir Ibrahimi,33.5876142,-7.6034148,icons/pharmacy.png,OSM
Casablanca,Pharmacie des Dalias,Parapharmacie,Formel,Boulevard Panoramique,33.5504763,-7.6156577,icons/pharmacy.png,OSM
Casablanca,Parapharmacie sans nom,Parapharmacie,Formel,Boulevard Panoramique,33.5524523,-7.6072799,icons/pharmacy.png,OSM
Casablanca,Pharmacie Californie,Parapharmacie,Formel,Boulevard Panoramique,33.5499945,-7.6209672,icons/pharmacy.png,OSM
Casablanca,Cafe Agouz Harbala,Café,Formel,Zanqat 3,33.5382832,-7.5869816,icons/cafe.png,OSM
Casablanca,Pharmacie L'Ermitage,Parapharmacie,Formel,Avenue De l'Hermitage,33.5659379,-7.6207003,icons/pharmacy.png,OSM
Casablanca,Pharmacie Ibork,Parapharmacie,Formel,Route de l'Oasis,33.5629073,-7.6282936,icons/pharmacy.png,OSM
Casablanca,Pharmacie Les Cygnes,Parapharmacie,Formel,Route de l'Oasis,33.5596374,-7.6297139,icons/pharmacy.png,OSM
Casablanca,Pharmacie Tontonville,Parapharmacie,Formel,Allée Des Cygnes,33.5660541,-7.6234536,icons/pharmacy.png,OSM
Casablanca,Pharmacie Anoual,Parapharmacie,Formel,Rue Abou Maachar,33.5688143,-7.6174629,icons/pharmacy.png,OSM
Casablanca,La Seine,Café,Formel,Boulevard Abdelmoumen,33.5689662,-7.62583,icons/cafe.png,OSM
Casablanca,Cafe Roma!,Café,Formel,Rue 1,33.5343869,-7.5896323,icons/cafe.png,OSM
Casablanca,Pharmacie El Mostakbal,Parapharmacie,Formel,Pharmacie El Mostakbal,33.5365344,-7.5929314,icons/pharmacy.png,OSM
Casablanca,Cafe El Mamouina,Café,Formel,Boulevard de Smara,33.5405574,-7.5940479,icons/cafe.png,OSM
Casablanca,Pharmacie Al Andalib,Parapharmacie,Formel,Zanqat 33,33.5324166,-7.5862741,icons/pharmacy.png,OSM
Casablanca,Cafe 7iLES,Café,Formel,Boulevard de Tiflet,33.5379205,-7.5953695,icons/cafe.png,OSM
Casablanca,Pharmacie Rania,Parapharmacie,Formel,Rue 10,33.5307571,-7.6120415,icons/pharmacy.png,OSM
Casablanca,Milk House,Café,Formel,Avenue 2 Mars,33.5393329,-7.599079,icons/cafe.png,OSM
Casablanca,Cafe Galactica,Café,Formel,Avenue 2 Mars,33.5391445,-7.5989114,icons/cafe.png,OSM
Casablanca,Parapharmacie sans nom,Parapharmacie,Formel,Boulevard Lamartine,33.5702401,-7.609828,icons/pharmacy.png,OSM
Casablanca,Parapharmacie sans nom,Parapharmacie,Formel,Boulevard d'Anoual,33.5696479,-7.621973,icons/pharmacy.png,OSM
Casablanca,Massilya Cafe,Café,Formel,Boulevard d'Anoual,33.5695909,-7.6257804,icons/cafe.png,OSM
Casablanca,Café Essannara,Café,Formel,40 Zanqat,33.570073,-7.6076353,icons/cafe.png,OSM
Casablanca,Pharmacie Derb Bouchemtouf,Parapharmacie,Formel,40 Zanqat,33.570016,-7.6073007,icons/pharmacy.png,OSM
Casablanca,Cafe Riscatto,Café,Formel,40 Zanqat,33.5701161,-7.6066791,icons/cafe.png,OSM
Casablanca,Pharmacie Annajat,Parapharmacie,Formel,Avenue Mamar Tichka,33.5338504,-7.5979699,icons/pharmacy.png,OSM
Casablanca,Pharmacie TAH,Parapharmacie,Formel,Rue 55,33.5265614,-7.6018001,icons/pharmacy.png,OSM
Casablanca,Pharmacie El Baraka (2),Parapharmacie,Formel,Rue 48,33.5237379,-7.6003417,icons/pharmacy.png,OSM
Casablanca,Pharmacie Chriea,Parapharmacie,Formel,Pharmacie Chriea,33.5346519,-7.6060447,icons/pharmacy.png,OSM
Casablanca,Espace Essaha,Restaurant,Formel,Rue 29,33.5695652,-7.604255,icons/restaurant.png,OSM
Casablanca,Espace El Mitre,Restaurant,Formel,Rue 10,33.5666319,-7.6085828,icons/restaurant.png,OSM
Casablanca,Parapharmacie,Parapharmacie,Formel,Boulevard el Fida,33.5688612,-7.6037226,icons/pharmacy.png,OSM
Casablanca,Cafe Holton,Café,Formel,Rue 46,33.5709295,-7.6044327,icons/cafe.png,OSM
Casablanca,Belma Juice,Restaurant,Formel,Boulevard el Fida,33.568982,-7.6035224,icons/restaurant.png,OSM
Casablanca,Parapharmacie sans nom,Parapharmacie,Formel,Rue de Beni M'guild,33.5720101,-7.6060005,icons/pharmacy.png,OSM
Casablanca,Parapharmacie sans nom,Parapharmacie,Formel,Rue 29,33.5701362,-7.6040693,icons/pharmacy.png,OSM
Casablanca,Pharmacie Lumieres,Parapharmacie,Formel,Boulevard al Quds,33.538698,-7.6008727,icons/pharmacy.png,OSM
Casablanca,Espace Lano,Restaurant,Formel,Boulevard de Tiflet,33.5363583,-7.5958724,icons/restaurant.png,OSM
Casablanca,Pharmacie Val d'Anfa,Parapharmacie,Formel,Boulevard d'Anfa شارع أنفا,33.5884615,-7.6432986,icons/pharmacy.png,OSM
Casablanca,Cafe Mogador,Café,Formel,Rue de Beni M'guild,33.570701,-7.6038694,icons/cafe.png,OSM
Casablanca,Chrono Pizza,Restaurant,Formel,Boulevard Ghandi,33.5723922,-7.6487508,icons/restaurant.png,OSM
Casablanca,Café Caribou,Café,Formel,Boulevard Ghandi شارع غاندي,33.57504,-7.6515428,icons/cafe.png,OSM
Casablanca,Restaurant Otkali,Restaurant,Formel,Boulevard Ghandi,33.5761041,-7.6528935,icons/restaurant.png,OSM
Casablanca,Pharmacie L'Olivier,Parapharmacie,Formel,Boulevard Ghandi,33.5769119,-7.6536874,icons/pharmacy.png,OSM
Casablanca,Pharmacie Pitchou,Parapharmacie,Formel,Pharmacie Pitchou,33.5658508,-7.6071055,icons/pharmacy.png,OSM
Casablanca,Para Vida,Supérette / Mini-market,Formel,Rue 21,33.5651892,-7.6079075,icons/convenience.png,OSM
Casablanca,Pharmacie Moumen,Parapharmacie,Formel,Rue 31,33.5632246,-7.6070821,icons/pharmacy.png,OSM
Casablanca,Pharmacie El Fida,Parapharmacie,Formel,Boulevard el Fida,33.5674957,-7.6059669,icons/pharmacy.png,OSM
Casablanca,Pharmacie Les Sciences,Parapharmacie,Formel,Boulevard de Bouskoura,33.545318,-7.6598498,icons/pharmacy.png,OSM
Casablanca,Pharmacie M,Parapharmacie,Formel,Route Al Jamiaa,33.5576503,-7.6449408,icons/pharmacy.png,OSM
Casablanca,Pharmacie Oulmes,Parapharmacie,Formel,Pharmacie Oulmes,33.572076,-7.6486409,icons/pharmacy.png,OSM
Casablanca,Café Versailles,Café,Formel,Boulevard Lahcen Ouidder,33.5879416,-7.6121977,icons/cafe.png,OSM
Casablanca,Marjane,Supermarché,Formel,Boulevard Rahal El Meskini,33.5879069,-7.6125249,icons/supermarket.png,OSM
Casablanca,Atlas Ifrane,Restaurant,Formel,Boulevard Rahal El Meskini,33.587898,-7.6135576,icons/restaurant.png,OSM
Casablanca,Au Petit Port,Café,Formel,Boulevard Rahal El Meskini,33.5879985,-7.6132518,icons/cafe.png,OSM
Casablanca,Ahalina Spécialités Orientales,Restaurant,Formel,Boulevard Rahal El Meskini,33.5880577,-7.6129541,icons/restaurant.png,OSM
Casablanca,Patisserie Boulangerie,Boulangerie,Formel,Boulevard du 11 Janvier,33.58889,-7.6132317,icons/bakery.png,OSM
Casablanca,Café Colisee,Café,Formel,Boulevard du 11 Janvier,33.5891928,-7.6132894,icons/cafe.png,OSM
Casablanca,Supermarché sans nom,Supermarché,Formel,Rue Al Habacha,33.588499,-7.6144239,icons/supermarket.png,OSM
Casablanca,El Barco,Restaurant,Formel,Rue EssanoIbar,33.5886119,-7.6143153,icons/restaurant.png,OSM
Casablanca,Espace Palmier Du Sud,Café,Formel,Rue Abou Bakr Essediq,33.5878823,-7.6156604,icons/cafe.png,OSM
Casablanca,Cafe Avalone,Café,Formel,Rue Attaous,33.5873394,-7.6148558,icons/cafe.png,OSM
Casablanca,Resaurant Des Billards,Restaurant,Formel,Rue Abou Bakr Essediq,33.5868478,-7.6151709,icons/restaurant.png,OSM
Casablanca,Marjorelle,Restaurant,Formel,Rue Hadj Omar Riffi,33.586354,-7.614955,icons/restaurant.png,OSM
Casablanca,MarIInsky,Restaurant,Formel,Boulevard d'Alsace,33.5854736,-7.6157543,icons/restaurant.png,OSM
Casablanca,Café Espace Mers Sultan Snack,Café,Formel,Rue Zerhoune,33.5848301,-7.6160668,icons/cafe.png,OSM
Casablanca,Café Break,Café,Formel,Rue Lel Yamama,33.5838369,-7.6145299,icons/cafe.png,OSM
Casablanca,Pharmacie Azerktouni,Parapharmacie,Formel,Boulevard de la Résistance,33.5836391,-7.6128348,icons/pharmacy.png,OSM
Casablanca,Pharmacie Ben J'Dia,Parapharmacie,Formel,Rue de Metz,33.5852279,-7.6084761,icons/pharmacy.png,OSM
Casablanca,Pharmacie Quincaillerie Khalie,Parapharmacie,Formel,Boulevard Lahcen Ouidder,33.5852111,-7.6099433,icons/pharmacy.png,OSM
Casablanca,Parapharmacie sans nom,Parapharmacie,Formel,Boulevard de la Résistance,33.5842972,-7.608574,icons/pharmacy.png,OSM
Casablanca,Le Coin,Restaurant,Formel,Boulevard de la Résistance,33.5848782,-7.6078324,icons/restaurant.png,OSM
Casablanca,Widane Palace,Restaurant,Formel,Boulevard de la Résistance,33.5848558,-7.6079075,icons/restaurant.png,OSM
Casablanca,Café Megouna,Café,Formel,Rue Tarrablous,33.5846056,-7.6187047,icons/cafe.png,OSM
Casablanca,Café Younes,Café,Formel,Rue Tarrablous,33.58602,-7.6188241,icons/cafe.png,OSM
Casablanca,Pharmacie Lamoriciere,Parapharmacie,Formel,Rue Tarrablous,33.5857775,-7.6186109,icons/pharmacy.png,OSM
Casablanca,Restaurant Chez Pierre,Restaurant,Formel,Rue Yaman,33.5894766,-7.6124364,icons/restaurant.png,OSM
Casablanca,Coffee Tim,Café,Formel,Boulevard Rahal El Meskini,33.5886683,-7.6101163,icons/cafe.png,OSM
Casablanca,Café Glacier Tichka,Café,Formel,Boulevard de Strasbourg,33.5886521,-7.609321,icons/cafe.png,OSM
Casablanca,Cafe Sindibad,Café,Formel,Rue el Bakri,33.5922035,-7.6043482,icons/cafe.png,OSM
Casablanca,Legumes & Fruits,Épicerie,Informel,Rue Faidi Khalifa,33.5922058,-7.604536,icons/greengrocer.png,OSM
Casablanca,Parapharmacie sans nom,Parapharmacie,Formel,Rue des Anglais,33.5951203,-7.6210892,icons/pharmacy.png,OSM
Casablanca,Café Rotterdam,Café,Formel,Boulevard Moulay Hassan Ier,33.5948723,-7.6199399,icons/cafe.png,OSM
Casablanca,Restaurant Savoy,Restaurant,Formel,Boulevard Moulay Hassan Ier,33.5945662,-7.6209028,icons/restaurant.png,OSM
Casablanca,Pharmacie Hatim,Parapharmacie,Formel,Rue Ferhat Hached,33.5895212,-7.6172255,icons/pharmacy.png,OSM
Casablanca,Cafe Le Surfin,Café,Formel,Zanqat Al Amir Moulay Abdellah,33.5893023,-7.6175125,icons/cafe.png,OSM
Casablanca,Pizza a la Bonne,Restaurant,Formel,Rue Al Araar,33.5897483,-7.6157184,icons/restaurant.png,OSM
Casablanca,La Corrida,Restaurant,Formel,Rue Al Araar,33.590034,-7.6152192,icons/restaurant.png,OSM
Casablanca,Café Jbel Asni,Café,Formel,Rue Al Araar,33.5903692,-7.6150301,icons/cafe.png,OSM
Casablanca,Tout Va Bien,Restaurant,Formel,Boulevard du 11 Janvier,33.5906574,-7.6148263,icons/restaurant.png,OSM
Casablanca,Cafe Regontino,Café,Formel,Boulevard du 11 Janvier,33.5905624,-7.6147404,icons/cafe.png,OSM
Casablanca,Parapharmacie sans nom,Parapharmacie,Formel,Rue Abdelkrim Diouri,33.5924504,-7.6136528,icons/pharmacy.png,OSM
Casablanca,Le Grand Café,Café,Formel,Rue Mohammed El Quorri,33.5953884,-7.6142684,icons/cafe.png,OSM
Casablanca,Grande Pharmacie de Paris,Parapharmacie,Formel,Rue Allal Ben Abdellah,33.595585,-7.6148357,icons/pharmacy.png,OSM
Casablanca,Revine,Restaurant,Formel,Rue Allal Ben Abdellah,33.5955795,-7.6143301,icons/restaurant.png,OSM
Casablanca,Akka,Café,Formel,Boulevard Mohamed Smiha,33.5945104,-7.6089428,icons/cafe.png,OSM
Casablanca,Marjane,Supermarché,Formel,Boulevard Mohamed Smiha,33.59444,-7.6086746,icons/supermarket.png,OSM
Casablanca,Pizzeria-cafe Chawarma,Restaurant,Formel,Rue de Karachi,33.5951226,-7.6086304,icons/restaurant.png,OSM
Casablanca,Samar Layali,Restaurant,Formel,Samar Layali,33.5935284,-7.6082126,icons/restaurant.png,OSM
Casablanca,Poulet Doré,Restaurant,Formel,Poulet Doré,33.5931793,-7.6078632,icons/restaurant.png,OSM
Casablanca,Grand Pharmacie Du Maroc,Parapharmacie,Formel,Rue Ahmed Faris,33.5928275,-7.6070351,icons/pharmacy.png,OSM
Casablanca,Parapharmacie sans nom,Parapharmacie,Formel,Boulevard de Khouribga,33.5893755,-7.6080979,icons/pharmacy.png,OSM
Casablanca,Café Corino,Café,Formel,Boulevard Hassan Seghir,33.5896441,-7.6117538,icons/cafe.png,OSM
Casablanca,Le Petit Cafe,Café,Formel,Boulevard Hassan Seghir,33.5897369,-7.611507,icons/cafe.png,OSM
Casablanca,Majestic Resaurant Marocan,Restaurant,Formel,Avenue Lalla Yacout,33.5911209,-7.6133799,icons/restaurant.png,OSM
Casablanca,Majestic Drugstore,Parapharmacie,Formel,Avenue Lalla Yacout,33.5911455,-7.6134483,icons/pharmacy.png,OSM
Casablanca,Restaurant du Theatre,Restaurant,Formel,Avenue Lalla Yacout,33.5920438,-7.6166797,icons/restaurant.png,OSM
Casablanca,Pharmacie de la Liberte,Parapharmacie,Formel,Avenue Lalla Yacout,33.5918762,-7.6162505,icons/pharmacy.png,OSM
Casablanca,Boulangerie Pâtisserie,Boulangerie,Formel,Zanqat Al Amir Moulay Abdellah,33.5916226,-7.6163873,icons/bakery.png,OSM
Casablanca,Cafe Lec,Café,Formel,Zanqat Al Amir Moulay Abdellah,33.5915444,-7.6161325,icons/cafe.png,OSM
Casablanca,Cafe National,Café,Formel,Avenue Lalla Yacout,33.5918148,-7.616044,icons/cafe.png,OSM
Casablanca,Golden Ice,Café,Formel,Avenue Lalla Yacout,33.5920415,-7.6160185,icons/cafe.png,OSM
Casablanca,Pharmacie Des Archers,Parapharmacie,Formel,Avenue Lalla Yacout,33.591922,-7.6157677,icons/pharmacy.png,OSM
Casablanca,Pharmacie de la Poste,Parapharmacie,Formel,Boulevard de Paris,33.5927163,-7.6177713,icons/pharmacy.png,OSM
Casablanca,Parapharmacie Para Bio,Parapharmacie,Formel,Rue El Fourate,33.5858502,-7.6212287,icons/pharmacy.png,OSM
Casablanca,Pharmacie du Maârif,Parapharmacie,Formel,Boulevard Ibrahim Roudani,33.5811164,-7.6342629,icons/pharmacy.png,OSM
Casablanca,mama Africa,Café,Formel,Boulevard Chefchaouni,33.6086656,-7.5344386,icons/cafe.png,OSM
Casablanca,Parapharmacie sans nom,Parapharmacie,Formel,Route Haj Fateh,33.5397001,-7.6818808,icons/pharmacy.png,OSM
Casablanca,Land Blanca,Café,Formel,Route Haj Fateh,33.5396023,-7.68174,icons/cafe.png,OSM
Casablanca,Mon Ami,Restaurant,Formel,Boulevard Omar Khayam,33.5376656,-7.6687118,icons/restaurant.png,OSM
Casablanca,Pharmacie Lausinne,Parapharmacie,Formel,Boulevard Omar Khayam,33.5403126,-7.666436,icons/pharmacy.png,OSM
Casablanca,Pharmacie Nadir,Parapharmacie,Formel,Pharmacie Nadir,33.5534202,-7.6452908,icons/pharmacy.png,OSM
Casablanca,Pharmacie El Manal,Parapharmacie,Formel,Boulevard d'Oued Oum Rabia,33.5580571,-7.6808555,icons/pharmacy.png,OSM
Casablanca,Pharmacie Nil,Parapharmacie,Formel,Boulevard Oued Oum Rbia,33.5563494,-7.683059,icons/pharmacy.png,OSM
Casablanca,Pharmacie El Kawtar,Parapharmacie,Formel,Boulevard Oued Sebou,33.5567691,-7.6869334,icons/pharmacy.png,OSM
Casablanca,Cafe Cat,Café,Formel,Cafe Cat,33.533017,-7.7027088,icons/cafe.png,OSM
Casablanca,Pharmacie Yas,Parapharmacie,Formel,Pharmacie Yas,33.5331193,-7.702969,icons/pharmacy.png,OSM
Casablanca,Cafe Jnane Louze,Café,Formel,Cafe Jnane Louze,33.5336782,-7.7045763,icons/cafe.png,OSM
Casablanca,Pharmacie Moulay Ahmed,Parapharmacie,Formel,Pharmacie Moulay Ahmed,33.5342517,-7.7061743,icons/pharmacy.png,OSM
Casablanca,Pharmacie Zhour,Parapharmacie,Formel,Pharmacie Zhour,33.5374354,-7.6970668,icons/pharmacy.png,OSM
Casablanca,La Casa,Café,Formel,La Casa,33.5387991,-7.6933479,icons/cafe.png,OSM
Casablanca,Ghari Café,Café,Formel,Ghari Café,33.5389131,-7.6825118,icons/cafe.png,OSM
Casablanca,Lima Cafe,Café,Formel,Lima Cafe,33.5374197,-7.6724508,icons/cafe.png,OSM
Casablanca,Pharmacie Loukkos,Parapharmacie,Formel,Boulevard Oued Ziz,33.560361,-7.6821242,icons/pharmacy.png,OSM
Casablanca,Pharmacie Dallas,Parapharmacie,Formel,Boulevard de l'Oued Bouregreg,33.5631364,-7.6815261,icons/pharmacy.png,OSM
Casablanca,Cafe Saber,Café,Formel,Boulevard de l'Oued Loukkos,33.5606197,-7.6806638,icons/cafe.png,OSM
Casablanca,Pharmacie Lamiz,Parapharmacie,Formel,Rue 13,33.5620535,-7.6781471,icons/pharmacy.png,OSM
Casablanca,Droguerie Generale,Parapharmacie,Formel,Zanqat 5,33.5610723,-7.671272,icons/pharmacy.png,OSM
Casablanca,Pharmacie Abi Regrag,Parapharmacie,Formel,Boulevard de l'Oued Bouregreg,33.5644315,-7.6785374,icons/pharmacy.png,OSM
Casablanca,Sardegna Cafe,Café,Formel,Sardegna Cafe,33.5625687,-7.6745845,icons/cafe.png,OSM
Casablanca,Cafe El Hobous,Café,Formel,Cafe El Hobous,33.5661447,-7.6708737,icons/cafe.png,OSM
Casablanca,Pharmacie Hay El Hassani,Parapharmacie,Formel,Zanqat 2,33.5662072,-7.6724415,icons/pharmacy.png,OSM
Casablanca,Pharmacie Hind,Parapharmacie,Formel,Pharmacie Hind,33.5641846,-7.6707383,icons/pharmacy.png,OSM
Casablanca,Pharmacie Nasri,Parapharmacie,Formel,Pharmacie Nasri,33.5619808,-7.6723757,icons/pharmacy.png,OSM
Casablanca,Pharmacie Fahd,Parapharmacie,Formel,Boulevard de l'Oued Bouregreg,33.5691115,-7.6733708,icons/pharmacy.png,OSM
Casablanca,Pharmacie Al Warda,Parapharmacie,Formel,Derb Chadia,33.5726626,-7.6816045,icons/pharmacy.png,OSM
Casablanca,Cafe Befana,Café,Formel,Rue Sidi Al Khadir,33.5691707,-7.6845764,icons/cafe.png,OSM
Casablanca,Café Al Maati,Café,Formel,Derb Nejma,33.5736895,-7.6795205,icons/cafe.png,OSM
Casablanca,Medecin,Parapharmacie,Formel,Boulevard Ibn Sina,33.5656954,-7.6825427,icons/pharmacy.png,OSM
Casablanca,Pharmacie Nadia,Parapharmacie,Formel,Zanqat 14,33.5305497,-7.6697103,icons/pharmacy.png,OSM
Casablanca,Pharmacie Kasbat Al Amine,Parapharmacie,Formel,Pharmacie Kasbat Al Amine,33.5335698,-7.6857653,icons/pharmacy.png,OSM
Casablanca,Pharma Granada,Restaurant,Formel,Rue 25,33.5674554,-7.6939843,icons/restaurant.png,OSM
Casablanca,Pharmacie Bnou Zohr,Parapharmacie,Formel,Pharmacie Bnou Zohr,33.5680846,-7.6871111,icons/pharmacy.png,OSM
Casablanca,Pharmacie Rajaa,Parapharmacie,Formel,Rue Sidi Al Khadir,33.5699306,-7.6829852,icons/pharmacy.png,OSM
Casablanca,Pharmacie Al Hakim,Parapharmacie,Formel,Rue 64,33.5652596,-7.6941405,icons/pharmacy.png,OSM
Casablanca,Pharmacie Asmaa,Parapharmacie,Formel,Rue 14,33.5655691,-7.6910587,icons/pharmacy.png,OSM
Casablanca,Parapharmacie sans nom,Parapharmacie,Formel,Boulevard d'Afghanistan,33.5683796,-7.6827519,icons/pharmacy.png,OSM
Casablanca,Café Catalonia,Café,Formel,Café Catalonia,33.5322546,-7.6695856,icons/cafe.png,OSM
Casablanca,Parapharmacie El Kasba,Parapharmacie,Formel,Parapharmacie El Kasba,33.5301758,-7.6855588,icons/pharmacy.png,OSM
Casablanca,Café Jardin L'Oulfa,Café,Formel,Café Jardin L'Oulfa,33.5311897,-7.6858364,icons/cafe.png,OSM
Casablanca,"Cafe, Glacier, Pizzaria",Café,Formel,"Cafe, Glacier, Pizzaria",33.5372,-7.6815435,icons/cafe.png,OSM
Casablanca,Pharmacie Azhar Essalam,Parapharmacie,Formel,Pharmacie Azhar Essalam,33.5399102,-7.6918378,icons/pharmacy.png,OSM
Casablanca,Espace Hassania,Restaurant,Formel,Rue 52,33.5673557,-7.6965867,icons/restaurant.png,OSM
Casablanca,Pharmacie Naima,Parapharmacie,Formel,Boulevard Sidi Abderrahmane شارع سيدي عبد الرحمان,33.5761779,-7.6728277,icons/pharmacy.png,OSM
Casablanca,Cafe Faraj,Café,Formel,Cafe Faraj,33.5168366,-7.6513767,icons/cafe.png,OSM
Casablanca,Café Raison,Café,Formel,Café Raison,33.5078376,-7.6534823,icons/cafe.png,OSM
Casablanca,Café Zagora,Café,Formel,Boulevard Abu Baker El Kadiri,33.5097117,-7.6572843,icons/cafe.png,OSM
Casablanca,Pizza Hut,Restaurant,Formel,Pizza Hut,33.5325229,-7.6476485,icons/restaurant.png,OSM
Casablanca,Cafe Meftah,Café,Formel,Cafe Meftah,33.5180453,-7.6514947,icons/cafe.png,OSM
Casablanca,Cafe Cheraga,Café,Formel,Cafe Cheraga,33.5183941,-7.6515403,icons/cafe.png,OSM
Casablanca,Café Miagara,Café,Formel,Rue 177,33.551329,-7.6768705,icons/cafe.png,OSM
Casablanca,Avenue Nachi Ouverte,Parapharmacie,Formel,Avenue Mohamed Taib Naciri,33.5506506,-7.6704325,icons/pharmacy.png,OSM
Casablanca,Parapharmacie sans nom,Parapharmacie,Formel,Parapharmacie sans nom,33.5614383,-7.6701213,icons/pharmacy.png,OSM
Casablanca,Pharmacie Tilila,Parapharmacie,Formel,Boulevard Sud,33.5464503,-7.6699108,icons/pharmacy.png,OSM
Casablanca,Parapharmacie sans nom,Parapharmacie,Formel,Parapharmacie sans nom,33.5569384,-7.6671682,icons/pharmacy.png,OSM
Casablanca,Nescafe,Café,Formel,Route Sidi Massoud,33.5148698,-7.6467338,icons/cafe.png,OSM
Casablanca,Pharmacie Hay Essaada,Parapharmacie,Formel,Pharmacie Hay Essaada,33.5056917,-7.6523946,icons/pharmacy.png,OSM
Casablanca,Ben Haddou,Café,Formel,Ben Haddou,33.5058606,-7.6525462,icons/cafe.png,OSM
Casablanca,Café el Omary,Café,Formel,Café el Omary,33.5081339,-7.6538645,icons/cafe.png,OSM
Casablanca,Cafe al Jazzira,Café,Formel,Cafe al Jazzira,33.50787,-7.6549186,icons/cafe.png,OSM
Casablanca,Cafe Tassalmat,Café,Formel,Cafe Tassalmat,33.5078018,-7.6556669,icons/cafe.png,OSM
Casablanca,Cafe Monaco,Café,Formel,Boulevard Abu Baker El Kadiri,33.517962,-7.6533314,icons/cafe.png,OSM
Casablanca,Fusion Cafe,Café,Formel,Boulevard Abu Baker El Kadiri,33.5273932,-7.6493745,icons/cafe.png,OSM
Casablanca,ستاربكس,Café,Formel,Boulevard de Fès,33.5409923,-7.6426891,icons/cafe.png,OSM
Casablanca,Parapharmacie sans nom,Parapharmacie,Formel,Route d'El Jadida,33.5408894,-7.6588011,icons/pharmacy.png,OSM
Casablanca,Pharmacie el Oulfa,Parapharmacie,Formel,Zanqat 88,33.555504,-7.6768617,icons/pharmacy.png,OSM
Casablanca,Bla Bla...Bla Bla...,Café,Formel,Boulevard Oued Sebou,33.5602911,-7.6730496,icons/cafe.png,OSM
Casablanca,Cafe Passage D'or,Café,Formel,Boulevard Oued Sebou,33.5557325,-7.6745416,icons/cafe.png,OSM
Casablanca,Pharmacie Ouadoudy,Parapharmacie,Formel,Pharmacie Ouadoudy,33.5267716,-7.6615148,icons/pharmacy.png,OSM
Casablanca,Parapharmacie Yathrib,Parapharmacie,Formel,Boulevard Abu Baker El Kadiri,33.5250655,-7.6506257,icons/pharmacy.png,OSM
Casablanca,Café Evora,Café,Formel,Café Evora,33.5219641,-7.6502596,icons/cafe.png,OSM
Casablanca,Pharmacie Salma,Parapharmacie,Formel,Boulevard Oued Sebou,33.5602051,-7.6731449,icons/pharmacy.png,OSM
Casablanca,Tiago Shop,Supérette / Mini-market,Formel,Zanqat 146,33.5513514,-7.6842593,icons/convenience.png,OSM
Casablanca,Pharmacie Morsad,Parapharmacie,Formel,Route Sidi Massoud,33.5156391,-7.6383841,icons/pharmacy.png,OSM
Casablanca,Pharmacie Hay Bouchaa,Parapharmacie,Formel,Pharmacie Hay Bouchaa,33.517588,-7.6406653,icons/pharmacy.png,OSM
Casablanca,Le Miam's,Restaurant,Formel,Le Miam's,33.5214621,-7.6439658,icons/restaurant.png,OSM
Casablanca,Dubai Chaimaa,Café,Formel,Dubai Chaimaa,33.5215594,-7.6445223,icons/cafe.png,OSM
Casablanca,Cafe Gout Essential,Café,Formel,Cafe Gout Essential,33.5221889,-7.6480803,icons/cafe.png,OSM
Casablanca,Espace Titrite,Café,Formel,Rue 70,33.5537119,-7.6834244,icons/cafe.png,OSM
Casablanca,Pharmacie Lys,Parapharmacie,Formel,Boulevard Oued Sebou,33.5507059,-7.6833051,icons/pharmacy.png,OSM
Casablanca,Espace Coin Soleil,Café,Formel,Boulevard Oued Sebou,33.5538454,-7.6855058,icons/cafe.png,OSM
Casablanca,Pharmacie Salah Eddine,Parapharmacie,Formel,Boulevard Oued Sebou,33.5535554,-7.6853798,icons/pharmacy.png,OSM
Casablanca,Paramedical,Parapharmacie,Formel,Zanqat 145,33.5521321,-7.6832957,icons/pharmacy.png,OSM
Casablanca,Parapharmacie 2M Solutions,Parapharmacie,Formel,Boulevard Oued Sebou,33.5509133,-7.6835693,icons/pharmacy.png,OSM
Casablanca,Pharmacie ADA,Parapharmacie,Formel,Boulevard Mohamed Zerktouni,33.5870031,-7.63157,icons/pharmacy.png,OSM
Casablanca,Pharmacie Les Arènes صيدلية الميادين,Parapharmacie,Formel,Rue Jalal Addine Assayouti زنقة جلال الدين السيوطي,33.5891514,-7.6350358,icons/pharmacy.png,OSM
Casablanca,Pharmacie Universelle,Parapharmacie,Formel,Boulevard Ibrahim Roudani,33.5808158,-7.6346035,icons/pharmacy.png,OSM
Casablanca,Pharmacie Chaabi,Parapharmacie,Formel,Rue du Pelvoux,33.5817616,-7.6370624,icons/pharmacy.png,OSM
Casablanca,Pharmacie Hyper,Parapharmacie,Formel,Rue Ali Abderrazzak زنقة علي عبد الرزاق,33.5858775,-7.6454385,icons/pharmacy.png,OSM
Casablanca,Pharmacie Al Atfal,Parapharmacie,Formel,Route Haj Fateh,33.5525166,-7.6896545,icons/pharmacy.png,OSM
Casablanca,Diana,Café,Formel,Boulevard Oued Tensift,33.5527557,-7.6848648,icons/cafe.png,OSM
Casablanca,Red Rose,Restaurant,Formel,Boulevard Oued Oum Rbia,33.5562645,-7.6832762,icons/restaurant.png,OSM
Casablanca,Pharmacie Usivera Santi,Parapharmacie,Formel,Rue Hadj Al Jilali Al Aoufir,33.5785377,-7.6428232,icons/pharmacy.png,OSM
Casablanca,Café Genova,Café,Formel,Boulevard Oued Ouargha,33.5544774,-7.6895177,icons/cafe.png,OSM
Casablanca,Pharmacie Nouzha,Parapharmacie,Formel,Boulevard Oued Oum Rbia,33.5540466,-7.6881672,icons/pharmacy.png,OSM
Casablanca,Pharmacie El Lotf,Parapharmacie,Formel,Boulevard Oued Tensift,33.5534017,-7.6822872,icons/pharmacy.png,OSM
Casablanca,Pharmacie Al Mawlid,Parapharmacie,Formel,Rue Abou Hassan Assaghir,33.5746454,-7.6482694,icons/pharmacy.png,OSM
Casablanca,Pharmacie Ouverte,Parapharmacie,Formel,Rue Mamoune Mohamed,33.5796684,-7.649923,icons/pharmacy.png,OSM
Casablanca,Droguerie أجزاخانة,Parapharmacie,Formel,Boulevard Oued Daoura,33.5477647,-7.6826788,icons/pharmacy.png,OSM
Casablanca,Pharmacie Al Farah Assalam,Parapharmacie,Formel,Pharmacie Al Farah Assalam,33.5405021,-7.69531,icons/pharmacy.png,OSM
Casablanca,Droguerie Chabab,Parapharmacie,Formel,Boulevard Oued Daoura,33.5471902,-7.6818352,icons/pharmacy.png,OSM
Casablanca,Pharmacie Meryem,Parapharmacie,Formel,Boulevard Ibn Sina,33.5841989,-7.6507008,icons/pharmacy.png,OSM
Casablanca,Café el Bahlouli,Café,Formel,Rue Annesrine,33.5308722,-7.7328193,icons/cafe.png,OSM
Casablanca,Café Lkhouil,Café,Formel,Rue Chakaik Anouamane,33.5282099,-7.7374394,icons/cafe.png,OSM
Casablanca,Cafe Titrite E Rahma,Café,Formel,Rue Chakaik Anouamane,33.5286677,-7.7359173,icons/cafe.png,OSM
Casablanca,Cafe el Maahad,Café,Formel,Boulevard Annasrine,33.5350174,-7.7318631,icons/cafe.png,OSM
Casablanca,Pharmacie Zayd,Parapharmacie,Formel,Boulevard Annasrine,33.5345926,-7.7315104,icons/pharmacy.png,OSM
Casablanca,Café Marjana,Café,Formel,Boulevard al Banafsaj,33.5352645,-7.7344152,icons/cafe.png,OSM
Casablanca,Pharmacie Chifa,Parapharmacie,Formel,Pharmacie Chifa,33.5367032,-7.729429,icons/pharmacy.png,OSM
Casablanca,Café Rim,Café,Formel,Café Rim,33.5358849,-7.7288269,icons/cafe.png,OSM
Casablanca,Parapharmacie Al Asmae el Housna,Parapharmacie,Formel,Parapharmacie Al Asmae el Housna,33.5347626,-7.7280007,icons/pharmacy.png,OSM
Casablanca,Café Narjis,Café,Formel,Rue Alfostq,33.5365327,-7.7268347,icons/cafe.png,OSM
Casablanca,Café el Mers,Café,Formel,Rue Alfostq,33.5365841,-7.7266348,icons/cafe.png,OSM
Casablanca,Café le Classico,Café,Formel,Boulevard Assaoussane,33.537081,-7.7259596,icons/cafe.png,OSM
Casablanca,Café al Khalidat,Café,Formel,Café al Khalidat,33.538366,-7.725739,icons/cafe.png,OSM
Casablanca,Cafe Coin el rahma,Café,Formel,Boulevard Assaoussane,33.5365819,-7.7256612,icons/cafe.png,OSM
Casablanca,Cafe les Arômes,Café,Formel,Boulevard Assaoussane,33.5361901,-7.7254084,icons/cafe.png,OSM
Casablanca,Parapharmacie,Parapharmacie,Formel,Boulevard Bir Anzarane,33.5821107,-7.6394758,icons/pharmacy.png,OSM
Casablanca,Nescafé,Café,Formel,Rue du Pelvoux,33.581246,-7.6363711,icons/cafe.png,OSM
Casablanca,Pharmacie Saad,Parapharmacie,Formel,Rue al Yassamine,33.5350308,-7.7266824,icons/pharmacy.png,OSM
Casablanca,Para Sante,Parapharmacie,Formel,Para Sante,33.5376064,-7.7245876,icons/pharmacy.png,OSM
Casablanca,Café Mozart,Café,Formel,Boulevard Assaoussane,33.5361912,-7.7258952,icons/cafe.png,OSM
Casablanca,Pharmacie C.I.L,Parapharmacie,Formel,Boulevard Ibn Sina شارع ابن سينا,33.5791365,-7.6547147,icons/pharmacy.png,OSM
Casablanca,Pharmacie Socrate,Parapharmacie,Formel,Rue Ibnou Majat,33.5781734,-7.6479355,icons/pharmacy.png,OSM
Casablanca,Parapharmacie sans nom,Parapharmacie,Formel,Parapharmacie sans nom,33.5725207,-7.6493289,icons/pharmacy.png,OSM
Casablanca,Café Istanbul,Café,Formel,Rue al Yassamine,33.5309002,-7.734894,icons/cafe.png,OSM
Casablanca,Café Amzil Rayan,Café,Formel,Boulevard Acacia,33.530197,-7.7392506,icons/cafe.png,OSM
Casablanca,Pharmacie la Santé,Parapharmacie,Formel,Boulevard Oued Melouya,33.5303636,-7.7406339,icons/pharmacy.png,OSM
Casablanca,Café Talyani,Café,Formel,Boulevard Oued Melouya,33.5309304,-7.7409732,icons/cafe.png,OSM
Casablanca,Café Évora,Café,Formel,Rue al Khayzourane,33.5284564,-7.7359602,icons/cafe.png,OSM
Casablanca,Café Saif,Café,Formel,Rue al Yassamine,33.5330444,-7.7304509,icons/cafe.png,OSM
Casablanca,Café Sélbate,Café,Formel,Boulevard al Banafsaj,33.5365629,-7.7314172,icons/cafe.png,OSM
Casablanca,Cafe Agora,Café,Formel,Cafe Agora,33.5355451,-7.728859,icons/cafe.png,OSM
Casablanca,Riviera Valencia,Restaurant,Formel,Riviera Valencia,33.5400975,-7.6806255,icons/restaurant.png,OSM
Casablanca,Pharmacie Haj Fateh,Parapharmacie,Formel,Pharmacie Haj Fateh,33.5441891,-7.6782431,icons/pharmacy.png,OSM
Casablanca,Le Mirador,Café,Formel,Route Haj Fateh,33.5431636,-7.6849392,icons/cafe.png,OSM
Casablanca,Sarania Parapharmacie,Parapharmacie,Formel,Route Haj Fateh,33.5503131,-7.6888358,icons/pharmacy.png,OSM
Casablanca,Cafe Zine Eddine,Café,Formel,Route Haj Fateh,33.5508389,-7.6891778,icons/cafe.png,OSM
Casablanca,Casa Paris,Café,Formel,Route Haj Fateh,33.5513967,-7.6894259,icons/cafe.png,OSM
Casablanca,Café Primo,Café,Formel,Route Haj Fateh,33.5518163,-7.6896451,icons/cafe.png,OSM
Casablanca,Les Poussins,Restaurant,Formel,Route Haj Fateh,33.5519516,-7.6897169,icons/restaurant.png,OSM
Casablanca,Pharmacie de L'orien,Parapharmacie,Formel,Boulevard Yacoub el Mansour,33.5702647,-7.6505077,icons/pharmacy.png,OSM
Casablanca,Pharmacie Al Amana,Parapharmacie,Formel,Pharmacie Al Amana,33.5688902,-7.6528841,icons/pharmacy.png,OSM
Casablanca,Parapharmacie sans nom,Parapharmacie,Formel,Rue de l'Atlas,33.5763119,-7.6557997,icons/pharmacy.png,OSM
Casablanca,Pharmacie Al Motahida,Parapharmacie,Formel,Pharmacie Al Motahida,33.5482096,-7.6791014,icons/pharmacy.png,OSM
Casablanca,Espace Familia,Restaurant,Formel,Espace Familia,33.5453119,-7.6801595,icons/restaurant.png,OSM
Casablanca,Espace Nour Al Khalil,Restaurant,Formel,Boulevard Oued Daoura,33.5419262,-7.6775792,icons/restaurant.png,OSM
Casablanca,Alimentation Générale,Supérette / Mini-market,Formel,Alimentation Générale,33.5420408,-7.6773714,icons/convenience.png,OSM
Casablanca,Marbella,Restaurant,Formel,Boulevard Oued Daoura,33.5435263,-7.6786152,icons/restaurant.png,OSM
Casablanca,Cafe Extra Pool,Café,Formel,Route Haj Fateh,33.5514296,-7.68911,icons/cafe.png,OSM
Casablanca,Pharmacie De La Wilaya,Parapharmacie,Formel,Boulevard Moulouya,33.5507344,-7.6793455,icons/pharmacy.png,OSM
Casablanca,Pharmacie Soufiane,Parapharmacie,Formel,Zanqat 154,33.5493334,-7.6813611,icons/pharmacy.png,OSM
Casablanca,Parapharmacie sans nom,Parapharmacie,Formel,Parapharmacie sans nom,33.5234679,-7.7499372,icons/pharmacy.png,OSM
Casablanca,Pharmacie Annasr,Parapharmacie,Formel,Pharmacie Annasr,33.546723,-7.6759699,icons/pharmacy.png,OSM
Casablanca,Corner 68,Restaurant,Formel,Boulevard HH 48,33.5456204,-7.6729812,icons/restaurant.png,OSM
Casablanca,Pharmacie Al Miza,Parapharmacie,Formel,Pharmacie Al Miza,33.5434693,-7.6720244,icons/pharmacy.png,OSM
Casablanca,Pharmacie Dar Assalam,Parapharmacie,Formel,Boulevard HH 48,33.5474138,-7.6729028,icons/pharmacy.png,OSM
Casablanca,Cafe Emsi,Café,Formel,Boulevard HH 48,33.5446004,-7.6729403,icons/cafe.png,OSM
Casablanca,Pharamcie Er-Rayane,Parapharmacie,Formel,Pharamcie Er-Rayane,33.5308504,-7.6511461,icons/pharmacy.png,OSM
Casablanca,Pharmacie El Ouazzani,Parapharmacie,Formel,Rue 9,33.5278079,-7.6514438,icons/pharmacy.png,OSM
Casablanca,Pharmacie Mandarona,Parapharmacie,Formel,Boulevard Abu Baker el Kadiri,33.5314513,-7.6483177,icons/pharmacy.png,OSM
Casablanca,Pharmacie Rabii Al Moustakbal,Parapharmacie,Formel,Pharmacie Rabii Al Moustakbal,33.5306861,-7.645437,icons/pharmacy.png,OSM
Casablanca,Pharmacie Tassnime,Parapharmacie,Formel,Pharmacie Tassnime,33.5279265,-7.6458621,icons/pharmacy.png,OSM
Casablanca,Parapharmacie sans nom,Parapharmacie,Formel,Zanqat 20,33.5256402,-7.6451661,icons/pharmacy.png,OSM
Casablanca,Café sans nom,Café,Formel,Café sans nom,33.5394804,-7.6486811,icons/cafe.png,OSM
Casablanca,Ara Café,Café,Formel,Zanqat 60,33.5342377,-7.6510991,icons/cafe.png,OSM
Casablanca,Parapharmacie sans nom,Parapharmacie,Formel,Boulevard Abu Baker el Kadiri,33.5333026,-7.6470939,icons/pharmacy.png,OSM
Casablanca,Pharmacie Saber,Parapharmacie,Formel,Pharmacie Saber,33.5336413,-7.6483807,icons/pharmacy.png,OSM
Casablanca,Tokyo Garden,Restaurant,Formel,Zanqat 30,33.5354445,-7.648429,icons/restaurant.png,OSM
Casablanca,TaTaRi Sushi and Thai,Restaurant,Formel,Zanqat 30,33.5356496,-7.6484176,icons/restaurant.png,OSM
Casablanca,Ahmed Ali,Parapharmacie,Formel,Zanqat 60,33.5390394,-7.6491002,icons/pharmacy.png,OSM
Casablanca,Pharamacie Florida,Parapharmacie,Formel,Boulevard Abu Baker el Kadiri,33.5377271,-7.6442018,icons/pharmacy.png,OSM
Casablanca,Pharmacie Les Bureaux,Parapharmacie,Formel,Pharmacie Les Bureaux,33.5399829,-7.6444271,icons/pharmacy.png,OSM
Casablanca,Pharmacie Yacoub El Mansour,Parapharmacie,Formel,Pharmacie Yacoub El Mansour,33.5753644,-7.6416698,icons/pharmacy.png,OSM
Casablanca,Pharmacie Narjis,Parapharmacie,Formel,Boulevard Yacoub El Mansour,33.5734403,-7.6449046,icons/pharmacy.png,OSM
Casablanca,Pharmacie Sahel,Parapharmacie,Formel,Boulevard Abdelhadi Boutaleb,33.5709251,-7.6913604,icons/pharmacy.png,OSM
Casablanca,Parapharmacie sans nom,Parapharmacie,Formel,Route Sidi Al Khadir,33.5702513,-7.6858887,icons/pharmacy.png,OSM
Casablanca,Pharmacie Saad El Kheir,Parapharmacie,Formel,Route Sidi Al Khadir,33.5650261,-7.6829262,icons/pharmacy.png,OSM
Casablanca,Pharmacie Lixus,Parapharmacie,Formel,Pharmacie Lixus,33.5508261,-7.7057344,icons/pharmacy.png,OSM
Casablanca,Parapharmacie sans nom,Parapharmacie,Formel,Route Sidi Al Khadir,33.5549077,-7.6911727,icons/pharmacy.png,OSM
Casablanca,Parapharmacie sans nom,Parapharmacie,Formel,Parapharmacie sans nom,33.5561349,-7.7026793,icons/pharmacy.png,OSM
Casablanca,Parapharmacie sans nom,Parapharmacie,Formel,Route Oulfa,33.5544339,-7.6998228,icons/pharmacy.png,OSM
Casablanca,BİM,Supermarché,Formel,Rue Oussama Ibnou Zaid زنقة أسامة بن زيد,33.5840702,-7.6376258,icons/supermarket.png,OSM
Casablanca,La Pair d'As,Café,Formel,La Pair d'As,33.5832219,-7.6421949,icons/cafe.png,OSM
Casablanca,Pharmacie du Jura صيدلية جورا,Parapharmacie,Formel,Rue Oussama Ibnou Zaid زنقة أسامة بن زيد,33.5838594,-7.6373593,icons/pharmacy.png,OSM
Casablanca,Café Ibiza,Café,Formel,Café Ibiza,33.6143051,-7.4881318,icons/cafe.png,OSM
Casablanca,Vanilla Sky Rooftop,Restaurant,Formel,Vanilla Sky Rooftop,33.6096966,-7.6513866,icons/restaurant.png,OSM
Casablanca,Duomo Caffe,Café,Formel,Duomo Caffe,33.6042498,-7.6337295,icons/cafe.png,OSM
Casablanca,Pâtisserie Al Barakata,Boutique de confiserie,Informel,Rue Faidi Khalifa,33.5922717,-7.6058871,icons/confectionery.png,OSM
Casablanca,Gusto Marina,Restaurant,Formel,Gusto Marina,33.6094083,-7.6247259,icons/restaurant.png,OSM
Casablanca,صيدلية الأزهر 2,Parapharmacie,Formel,Casablanca,33.5534606,-7.7047014,icons/pharmacy.png,OSM
Casablanca,Bim,Supermarché,Formel,Casablanca,33.5553862,-7.6997912,icons/supermarket.png,OSM
Casablanca,فضاء عمر,Restaurant,Formel,Casablanca,33.5535777,-7.704828,icons/restaurant.png,OSM
Casablanca,Laiterie Nacer محلبة ناصر,Restaurant,Formel,Laiterie Nacer محلبة ناصر,33.5526991,-7.7038912,icons/restaurant.png,OSM
Casablanca,carré gourmand,Boulangerie,Formel,Allée de Jasmins,33.6096032,-7.5329589,icons/bakery.png,OSM
Casablanca,fruits et légumes خضر و فواكه,Supérette / Mini-market,Formel,Allée de Jasmins,33.6094995,-7.5332786,icons/convenience.png,OSM
Casablanca,Supérette / Mini-market sans nom,Supérette / Mini-market,Formel,Allée de Jasmins,33.6094799,-7.5333448,icons/convenience.png,OSM
Casablanca,TacoS CO,Restaurant,Formel,TacoS CO,33.6193434,-7.5330023,icons/restaurant.png,OSM
Casablanca,Carrefour Market,Supermarché,Formel,Carrefour Market,33.5926838,-7.6011795,icons/supermarket.png,OSM
Casablanca,Bim,Supermarché,Formel,Bim,33.586847,-7.6033536,icons/supermarket.png,OSM
Casablanca,المواهب,Café,Formel,المواهب,33.546326,-7.5724608,icons/cafe.png,OSM
Casablanca,داكار,Café,Formel,Boulevard de Khouribga,33.5900211,-7.6044183,icons/cafe.png,OSM
Casablanca,BIM,Supermarché,Formel,BIM,33.5998615,-7.6374127,icons/supermarket.png,OSM
Casablanca,Café sans nom,Café,Formel,Café sans nom,33.6006781,-7.6347699,icons/cafe.png,OSM
Casablanca,Restaurant sans nom,Restaurant,Formel,Restaurant sans nom,33.5999574,-7.6374594,icons/restaurant.png,OSM
Casablanca,Parapharmacie sans nom,Parapharmacie,Formel,Parapharmacie sans nom,33.6000192,-7.637562,icons/pharmacy.png,OSM
Casablanca,Boulangerie sans nom,Boulangerie,Formel,Boulangerie sans nom,33.6002505,-7.6383975,icons/bakery.png,OSM
Casablanca,Café sans nom,Café,Formel,Café sans nom,33.5999697,-7.6359755,icons/cafe.png,OSM
Casablanca,BIM,Supermarché,Formel,BIM,33.6019964,-7.6380539,icons/supermarket.png,OSM
Casablanca,Boulangerie sans nom,Boulangerie,Formel,Boulangerie sans nom,33.6011639,-7.6359241,icons/bakery.png,OSM
Casablanca,Otob,Supermarché,Formel,Otob,33.6008678,-7.6355528,icons/supermarket.png,OSM
Casablanca,Supérette / Mini-market sans nom,Supérette / Mini-market,Formel,Supérette / Mini-market sans nom,33.6006423,-7.6382676,icons/convenience.png,OSM
Casablanca,Café sans nom,Café,Formel,Café sans nom,33.6001423,-7.6369729,icons/cafe.png,OSM
Casablanca,Supérette / Mini-market sans nom,Supérette / Mini-market,Formel,Supérette / Mini-market sans nom,33.5998343,-7.635678,icons/convenience.png,OSM
Casablanca,Burger King,Restaurant,Formel,Burger King,33.5865018,-7.5927968,icons/restaurant.png,OSM
Casablanca,Domino's,Restaurant,Formel,Domino's,33.5862694,-7.592595,icons/restaurant.png,OSM
Casablanca,McDonald's,Restaurant,Formel,McDonald's,33.5858757,-7.5928149,icons/restaurant.png,OSM
Casablanca,LV Lounge Casablanca,Café,Formel,"Rue de la Mer Jaune, Casablanca",33.5942671,-7.676674,icons/cafe.png,OSM
Casablanca,LV LOUNGE CASABLANCA,Café,Formel,"Rue de la Mer Jaune, Casablanca",33.5938024,-7.6776745,icons/cafe.png,OSM
Casablanca,سبع عيون,Café,Formel,Boulevard de la Grande Ceinture شارع الحزام الكبير,33.5830051,-7.5543149,icons/cafe.png,OSM
Casablanca,BIM,Supermarché,Formel,BIM,33.5343791,-7.7254623,icons/supermarket.png,OSM
Casablanca,Restaurant sans nom,Restaurant,Formel,Restaurant sans nom,33.6045098,-7.5367318,icons/restaurant.png,OSM
Casablanca,Sazio,Restaurant,Formel,Sazio,33.4746919,-7.6070534,icons/restaurant.png,OSM
Casablanca,Les Maîtres du Pain,Boulangerie,Formel,Les Maîtres du Pain,33.4750219,-7.6074912,icons/bakery.png,OSM
Casablanca,Fifties,Restaurant,Formel,Fifties,33.4747887,-7.6069203,icons/restaurant.png,OSM
Casablanca,BİM,Supermarché,Formel,BİM,33.5944393,-7.6061698,icons/supermarket.png,OSM
Casablanca,Guillaume Tell,Restaurant,Formel,Guillaume Tell,33.5584027,-7.6365781,icons/restaurant.png,OSM
Casablanca,Restaurant sans nom,Restaurant,Formel,Restaurant sans nom,33.592645,-7.6057098,icons/restaurant.png,OSM
Casablanca,Parapharmacie sans nom,Parapharmacie,Formel,Parapharmacie sans nom,33.5990643,-7.6196099,icons/pharmacy.png,OSM
Casablanca,Restaurant sans nom,Restaurant,Formel,Restaurant sans nom,33.5952032,-7.6170338,icons/restaurant.png,OSM
Casablanca,Restaurant sans nom,Restaurant,Formel,Restaurant sans nom,33.5957634,-7.6121601,icons/restaurant.png,OSM
Casablanca,Restaurant sans nom,Restaurant,Formel,Restaurant sans nom,33.5958763,-7.6115436,icons/restaurant.png,OSM
Casablanca,Ramses,Restaurant,Formel,Place des Nations Unies,33.5953961,-7.6177769,icons/restaurant.png,OSM
Casablanca,Restaurant sans nom,Restaurant,Formel,Restaurant sans nom,33.4852892,-7.6712046,icons/restaurant.png,OSM
Casablanca,Café sans nom,Café,Formel,Café sans nom,33.4854592,-7.6712529,icons/cafe.png,OSM
Casablanca,Restaurant sans nom,Restaurant,Formel,Restaurant sans nom,33.5926127,-7.6211353,icons/restaurant.png,OSM
Casablanca,Café sans nom,Café,Formel,Boulevard Ali Yata شارع علي يعتة,33.6029539,-7.5326442,icons/cafe.png,OSM
Casablanca,Zayna,Restaurant,Formel,Zayna,33.5772485,-7.6073776,icons/restaurant.png,OSM
Casablanca,Espace El Wyam,Café,Formel,"Boulevard Mohammed V, Casablanca",33.5934545,-7.6008725,icons/cafe.png,OSM
Casablanca,Supérette / Mini-market sans nom,Supérette / Mini-market,Formel,Supérette / Mini-market sans nom,33.6113542,-7.5309654,icons/convenience.png,OSM
Casablanca,Café sans nom,Café,Formel,Boulevard Chefchaouni,33.6118535,-7.5305587,icons/cafe.png,OSM
Casablanca,Restaurant sans nom,Restaurant,Formel,Boulevard de la Gare,33.612038,-7.5308441,icons/restaurant.png,OSM
Casablanca,Boulangerie sans nom,Boulangerie,Formel,Boulevard Chefchaouni,33.6117684,-7.5307035,icons/bakery.png,OSM
Casablanca,Supérette / Mini-market sans nom,Supérette / Mini-market,Formel,Boulevard de la Gare,33.6122464,-7.5308494,icons/convenience.png,OSM
Casablanca,Le Gatsby,Restaurant,Formel,Le Gatsby,33.6075479,-7.6297906,icons/restaurant.png,OSM
Casablanca,BİM,Supermarché,Formel,BİM,33.5189452,-7.6444846,icons/supermarket.png,OSM
Casablanca,Pharmacie Lina,Parapharmacie,Formel,Pharmacie Lina,33.5193641,-7.6448467,icons/pharmacy.png,OSM
Casablanca,Café sans nom,Café,Formel,Boulevard Lahcen Ouidder,33.5874297,-7.6116605,icons/cafe.png,OSM
Casablanca,Epicier Oujdi,Supermarché,Formel,Epicier Oujdi,33.5217794,-7.6455492,icons/supermarket.png,OSM
Casablanca,Restaurants Petromine Bouskoura,Restaurant,Formel,Restaurants Petromine Bouskoura,33.4873604,-7.6337505,icons/restaurant.png,OSM
Casablanca,Street London,Restaurant,Formel,Street London,33.52237,-7.6428551,icons/restaurant.png,OSM
Casablanca,c3002953,Restaurant,Formel,c3002953,33.5217415,-7.6445565,icons/restaurant.png,OSM
Casablanca,Bistro Bouich,Café,Formel,Bistro Bouich,33.5228871,-7.6442839,icons/cafe.png,OSM
Casablanca,Soufloeuf,Restaurant,Formel,Soufloeuf,33.5231697,-7.6447584,icons/restaurant.png,OSM
Casablanca,Coqueleto,Restaurant,Formel,Coqueleto,33.5235755,-7.6455656,icons/restaurant.png,OSM
Casablanca,Casablanca shore,Restaurant,Formel,Casablanca shore,33.521459,-7.6433966,icons/restaurant.png,OSM
Casablanca,BİM,Supermarché,Formel,BİM,33.5147228,-7.6453389,icons/supermarket.png,OSM
Casablanca,Pharmacie Oum El Kheir,Parapharmacie,Formel,Pharmacie Oum El Kheir,33.5216085,-7.6432172,icons/pharmacy.png,OSM
Casablanca,Café Tres flores,Café,Formel,Café Tres flores,33.5174306,-7.6457606,icons/cafe.png,OSM
Casablanca,BİM,Supermarché,Formel,BİM,33.5275404,-7.6496876,icons/supermarket.png,OSM
Casablanca,Épicerie sans nom,Épicerie,Informel,Épicerie sans nom,33.5885606,-7.6057723,icons/greengrocer.png,OSM
Casablanca,Le Riad,Restaurant,Formel,Rue Mohamed El Qorri,33.5939635,-7.614938,icons/restaurant.png,OSM
Casablanca,Café sans nom,Café,Formel,Boulevard d'Anfa شارع أنفا,33.5930049,-7.6315698,icons/cafe.png,OSM
Casablanca,مقهى المهدي ايس,Café,Formel,Avenue Assalam شارع السلام,33.5900658,-7.4938116,icons/cafe.png,OSM
Casablanca,Cafe rose marine,Café,Formel,Cafe rose marine,33.5949914,-7.5084597,icons/cafe.png,OSM
Casablanca,صيدلية لاجيروند,Parapharmacie,Formel,rond point boulevard la gironde et rue ifni,33.5838442,-7.599537,icons/pharmacy.png,OSM
Casablanca,Cafe elkaram,Café,Formel,Cafe elkaram,33.5954261,-7.5086835,icons/cafe.png,OSM
Casablanca,Beg brader,Café,Formel,Beg brader,33.5951563,-7.5076554,icons/cafe.png,OSM
Casablanca,Raffaello Casablanca,Restaurant,Formel,"Rue Des Rochers Ain Diab, Casablanca",33.5921312,-7.6791656,icons/restaurant.png,OSM
Casablanca,Sicilia,Restaurant,Formel,"Rue Des Rochers Ain Diab, Casablanca",33.592135,-7.6792447,icons/restaurant.png,OSM
Casablanca,Pharmacie hay el fath 2 arrahma,Parapharmacie,Formel,Pharmacie hay el fath 2 arrahma,33.5314403,-7.7181929,icons/pharmacy.png,OSM
Casablanca,Loscar,Restaurant,Formel,"Boulevard d'Anfa شارع أنفا, Casablanca",33.5911771,-7.6364102,icons/restaurant.png,OSM
Casablanca,Restaurant sans nom,Restaurant,Formel,Restaurant sans nom,33.6053778,-7.6288227,icons/restaurant.png,OSM
Casablanca,Whatsapp Cafe,Café,Formel,Boulevard de Bordeaux,33.6000202,-7.6363094,icons/cafe.png,OSM
Casablanca,Cafe Goulmima,Café,Formel,Rue de Goulmima,33.6008673,-7.6365876,icons/cafe.png,OSM
Casablanca,Café sans nom,Café,Formel,Boulevard Ibrahim Roudani,33.5826326,-7.6327982,icons/cafe.png,OSM
Casablanca,Restaurant Rossignol,Restaurant,Formel,Restaurant Rossignol,33.5902873,-7.6304589,icons/restaurant.png,OSM
Casablanca,La Kitchenette de Thi Hue,Restaurant,Formel,"Rue Tamaârouft, Casablanca ⵜⴰⴷⴷⴰⵔⵜ ⵜⵓⵎⵍⵉⵍⵜ الدار البيضاء",33.598658,-7.637643,icons/restaurant.png,OSM
Casablanca,Café sans nom,Café,Formel,Café sans nom,33.5975448,-7.6383168,icons/cafe.png,OSM
Casablanca,Pizzeria,Restaurant,Formel,Rue de Goulmima,33.6009809,-7.634836,icons/restaurant.png,OSM
Casablanca,Aux petits beurres,Boulangerie,Formel,bd Khouribga,33.5897298,-7.6052136,icons/bakery.png,OSM
Casablanca,سوق السلام,Supermarché,Formel,سوق السلام,33.5849068,-7.5540871,icons/supermarket.png,OSM
Casablanca,Marjane,Supermarché,Formel,Marjane,33.4753036,-7.6069947,icons/supermarket.png,OSM
Casablanca,Café sans nom,Café,Formel,Café sans nom,33.6154116,-7.4979764,icons/cafe.png,OSM
Casablanca,Café boustane,Café,Formel,Café boustane,33.6157914,-7.4981454,icons/cafe.png,OSM
Casablanca,Café breda,Café,Formel,Café breda,33.6157266,-7.4982876,icons/cafe.png,OSM
Casablanca,Restaurant sans nom,Restaurant,Formel,Restaurant sans nom,33.6155792,-7.4989528,icons/restaurant.png,OSM
Casablanca,Café sans nom,Café,Formel,Café sans nom,33.6152441,-7.4961391,icons/cafe.png,OSM
Casablanca,Boulangerie sans nom,Boulangerie,Formel,Boulangerie sans nom,33.6144668,-7.4950716,icons/bakery.png,OSM
Casablanca,Café Al falouja,Café,Formel,Café Al falouja,33.6140938,-7.4991512,icons/cafe.png,OSM
Casablanca,Café sans nom,Café,Formel,Café sans nom,33.6139072,-7.4972938,icons/cafe.png,OSM
Casablanca,Restaurant sans nom,Restaurant,Formel,Restaurant sans nom,33.6137676,-7.4972911,icons/restaurant.png,OSM
Casablanca,Café sans nom,Café,Formel,Café sans nom,33.6139999,-7.4960399,icons/cafe.png,OSM
Casablanca,City Pool,Restaurant,Formel,City Pool,33.6142457,-7.4959916,icons/restaurant.png,OSM
Casablanca,Firstline,Restaurant,Formel,Firstline,33.6127893,-7.4946881,icons/restaurant.png,OSM
Casablanca,Café sans nom,Café,Formel,Café sans nom,33.612682,-7.4946505,icons/cafe.png,OSM
Casablanca,Boulangerie sans nom,Boulangerie,Formel,Boulangerie sans nom,33.6090276,-7.4975526,icons/bakery.png,OSM
Casablanca,Café sans nom,Café,Formel,Café sans nom,33.6127982,-7.4991083,icons/cafe.png,OSM
Casablanca,BİM,Supermarché,Formel,BİM,33.612414,-7.499001,icons/supermarket.png,OSM
Casablanca,Boulangerie sans nom,Boulangerie,Formel,Boulangerie sans nom,33.616017,-7.4974856,icons/bakery.png,OSM
Casablanca,Boulangerie sans nom,Boulangerie,Formel,Boulangerie sans nom,33.6155524,-7.4973622,icons/bakery.png,OSM
Casablanca,snack said,Restaurant,Formel,snack said,33.6150341,-7.497786,icons/restaurant.png,OSM
Casablanca,snack ounain,Restaurant,Formel,snack ounain,33.6149359,-7.4982473,icons/restaurant.png,OSM
Casablanca,Parapharmacie sans nom,Parapharmacie,Formel,Parapharmacie sans nom,33.6146857,-7.5000712,icons/pharmacy.png,OSM
Casablanca,Parapharmacie sans nom,Parapharmacie,Formel,Parapharmacie sans nom,33.6152352,-7.4970564,icons/pharmacy.png,OSM
Casablanca,Boulangerie sans nom,Boulangerie,Formel,Boulangerie sans nom,33.6126932,-7.4940846,icons/bakery.png,OSM
Casablanca,Café sans nom,Café,Formel,Café sans nom,33.6113708,-7.4960908,icons/cafe.png,OSM
Casablanca,Café sans nom,Café,Formel,Café sans nom,33.6085903,-7.5028747,icons/cafe.png,OSM
Casablanca,Café sans nom,Café,Formel,Café sans nom,33.6097405,-7.5116697,icons/cafe.png,OSM
Casablanca,Parapharmacie sans nom,Parapharmacie,Formel,Parapharmacie sans nom,33.6094992,-7.5068041,icons/pharmacy.png,OSM
Casablanca,Restaurant sans nom,Restaurant,Formel,Restaurant sans nom,33.6089452,-7.5063106,icons/restaurant.png,OSM
Casablanca,Café sans nom,Café,Formel,Café sans nom,33.6076362,-7.5051734,icons/cafe.png,OSM
Casablanca,Restaurant sans nom,Restaurant,Formel,Restaurant sans nom,33.606832,-7.5052002,icons/restaurant.png,OSM
Casablanca,Café Oliva,Café,Formel,Café Oliva,33.6135334,-7.5024858,icons/cafe.png,OSM
Casablanca,مقهى كاليس,Café,Formel,مقهى كاليس,33.6143197,-7.5028935,icons/cafe.png,OSM
Casablanca,Boulangerie sans nom,Boulangerie,Formel,Boulangerie sans nom,33.613998,-7.4967941,icons/bakery.png,OSM
Casablanca,BİM,Supermarché,Formel,BİM,33.6180007,-7.4804327,icons/supermarket.png,OSM
Casablanca,Parapharmacie sans nom,Parapharmacie,Formel,Parapharmacie sans nom,33.6177818,-7.479982,icons/pharmacy.png,OSM
Casablanca,Café sans nom,Café,Formel,Café sans nom,33.6030678,-7.525483,icons/cafe.png,OSM
Casablanca,Café morocco,Café,Formel,Café morocco,33.6053152,-7.5092047,icons/cafe.png,OSM
Casablanca,Bim,Supermarché,Formel,Bim,33.6028221,-7.51024,icons/supermarket.png,OSM
Casablanca,BİM,Supermarché,Formel,BİM,33.6085701,-7.5204759,icons/supermarket.png,OSM
Casablanca,Café sans nom,Café,Formel,Café sans nom,33.6087215,-7.5207977,icons/cafe.png,OSM
Casablanca,Venizia ice ain sebaa,Café,Formel,Venizia ice ain sebaa,33.6084212,-7.5216437,icons/cafe.png,OSM
Casablanca,Café sans nom,Café,Formel,Café sans nom,33.6083743,-7.5218105,icons/cafe.png,OSM
Casablanca,Café sans nom,Café,Formel,Café sans nom,33.6078948,-7.5229905,icons/cafe.png,OSM
Casablanca,Café sans nom,Café,Formel,Café sans nom,33.607195,-7.5241238,icons/cafe.png,OSM
Casablanca,Restaurant sans nom,Restaurant,Formel,Restaurant sans nom,33.6068839,-7.524614,icons/restaurant.png,OSM
Casablanca,pizza badr,Restaurant,Formel,"Rue Abou Jaafar Bnou Atia, Casablanca",33.5947846,-7.6420504,icons/restaurant.png,OSM
Casablanca,Pasta Pino,Restaurant,Formel,"Boulevard Oued Daoura, Casablanca ⵜⴰⴷⴷⴰⵔⵜ ⵜⵓⵎⵍⵉⵍⵜ الدار البيضاء",33.5481916,-7.6842292,icons/restaurant.png,OSM
Casablanca,Café sans nom,Café,Formel,Café sans nom,33.551613,-7.6024381,icons/cafe.png,OSM
Casablanca,Café place,Café,Formel,Avenue Hassan II,33.5945149,-7.6186611,icons/cafe.png,OSM
Casablanca,Café Iyad,Café,Formel,Café Iyad,33.5837699,-7.6248973,icons/cafe.png,OSM
Casablanca,Casa Jose,Restaurant,Formel,Casa Jose,33.4907947,-7.5992206,icons/restaurant.png,OSM
Casablanca,Blendcorner,Restaurant,Formel,"Abbas Mahmoud Al Akkad, Casablanca",33.5931096,-7.6324939,icons/restaurant.png,OSM
Casablanca,Pans & Company,Restaurant,Formel,Pans & Company,33.59421,-7.6338571,icons/restaurant.png,OSM
Casablanca,صيدلية حي النصر 2,Parapharmacie,Formel,9,33.5341105,-7.5570706,icons/pharmacy.png,OSM
Casablanca,alimentation général ZAHRI,Supermarché,Formel,10,33.5337483,-7.5561429,icons/supermarket.png,OSM
Casablanca,Pharmacie Bab Al Baida صيدلية باب البيضاء,Parapharmacie,Formel,Bouskoura,33.4787307,-7.6588,icons/pharmacy.png,OSM
Casablanca,Les Frères Gourmet,Café,Formel,Rue Aïn Harrouda زنقة عين حرودة,33.5901638,-7.6407301,icons/cafe.png,OSM
Casablanca,Snack le Rayon,Restaurant,Formel,"Boulevard Ziraoui, Casablanca",33.5944438,-7.6338089,icons/restaurant.png,OSM
Casablanca,STR'EAT BURGER,Restaurant,Formel,"Boulevard Ziraoui, Casablanca",33.5941785,-7.6343386,icons/restaurant.png,OSM
Casablanca,Boston Club,Café,Formel,Boston Club,33.5925936,-7.6376382,icons/cafe.png,OSM
Casablanca,Food Place,Restaurant,Formel,Food Place,33.5937567,-7.6349208,icons/restaurant.png,OSM
Casablanca,Manhattan Club,Café,Formel,Manhattan Club,33.5922629,-7.6364883,icons/cafe.png,OSM
Casablanca,Fayrouz,Restaurant,Formel,"Boulevard Ziraoui, Casablanca",33.5942943,-7.6340776,icons/restaurant.png,OSM
Casablanca,Campus café,Café,Formel,"Rue Abbas Mahmoud Al Akkad, Casablanca",33.5942762,-7.6337443,icons/cafe.png,OSM
Casablanca,Happy Rolls,Restaurant,Formel,"Boulevard Ziraoui, Casablanca",33.5938919,-7.6348494,icons/restaurant.png,OSM
Casablanca,lady killer chicha,Café,Formel,lady killer chicha,33.5933143,-7.6347517,icons/cafe.png,OSM
Casablanca,Cafe Luxia,Café,Formel,Boulevard de Sefrou,33.5476073,-7.589932,icons/cafe.png,OSM
Casablanca,مقهى اللوز,Café,Formel,مقهى اللوز,33.5718876,-7.530787,icons/cafe.png,OSM
Casablanca,Gapi,Restaurant,Formel,Gapi,33.5889659,-7.6470317,icons/restaurant.png,OSM
Casablanca,Bonne Bouchée,Restaurant,Formel,"Centre Commercial CasaView ETG 1 Magasin 17, Casablanca ⵜⴰⴷⴷⴰⵔⵜ ⵜⵓⵎⵍⵉⵍⵜ الدار البيضاء",33.5091824,-7.6711135,icons/restaurant.png,OSM
Casablanca,4 cerises Patisserie,Café,Formel,4 cerises Patisserie,33.5622732,-7.6103213,icons/cafe.png,OSM
Casablanca,سناك البيلياتشو,Restaurant,Formel,سناك البيلياتشو,33.6150325,-7.5017124,icons/restaurant.png,OSM
Casablanca,Supérette / Mini-market sans nom,Supérette / Mini-market,Formel,Supérette / Mini-market sans nom,33.6009395,-7.6349887,icons/convenience.png,OSM
Casablanca,Pharmacie Dyar Ismail صيدلية ديار إسماعيل,Parapharmacie,Formel,Mediouna,33.4536189,-7.4989284,icons/pharmacy.png,OSM
Casablanca,Pharmacie Kasbah Mediouna صيدلية قصبة مديونة,Parapharmacie,Formel,Médiouna مديونة,33.4629668,-7.5212014,icons/pharmacy.png,OSM
Casablanca,Pharmacie Mediouna صيدلية مديونة,Parapharmacie,Formel,"Hassan II, Médiouna مديونة",33.4536375,-7.5153314,icons/pharmacy.png,OSM
Casablanca,Pharmacie Jnane Mediouna صيدلية جنان مديونة,Parapharmacie,Formel,Médiouna مديونة,33.4558395,-7.507549,icons/pharmacy.png,OSM
Casablanca,Pharmacie Zohour صيدلية زهور,Parapharmacie,Formel,Médiouna مديونة,33.4609958,-7.504889,icons/pharmacy.png,OSM
Casablanca,Café sans nom,Café,Formel,Café sans nom,33.6003103,-7.6374225,icons/cafe.png,OSM
Casablanca,Supérette / Mini-market sans nom,Supérette / Mini-market,Formel,Supérette / Mini-market sans nom,33.598828,-7.6375821,icons/convenience.png,OSM
Casablanca,Papa John's,Restaurant,Formel,Papa John's,33.5328711,-7.6154746,icons/restaurant.png,OSM
Casablanca,Pharmacie Youssef صيدلية يوسف,Parapharmacie,Formel,Tit Mellil تيط مليل,33.5424012,-7.479469,icons/pharmacy.png,OSM
Casablanca,Pharmacie Hay Alia صيدلية حي علياء,Parapharmacie,Formel,Tit Mellil,33.5445419,-7.4870704,icons/pharmacy.png,OSM
Casablanca,Pharmacie Le Jasmin صيدلية الياسمين,Parapharmacie,Formel,Tit Mellil تيط مليل,33.5450802,-7.4822458,icons/pharmacy.png,OSM
Casablanca,Pharmacie Bouchama صيدلية بوشامة,Parapharmacie,Formel,Tit Mellil تيط مليل,33.5488153,-7.4817686,icons/pharmacy.png,OSM
Casablanca,Pharmacie Alliance صيدلية أليانس,Parapharmacie,Formel,"Avenue Al Masjid, Tit Mellil تيط مليل",33.549637,-7.4872239,icons/pharmacy.png,OSM
Casablanca,Pharmacie Bakri صيدلية بكري,Parapharmacie,Formel,Tit Mellil ⵜⵉⵟ ⵎⵍⵉⵍ تيط مليل,33.5500583,-7.4837862,icons/pharmacy.png,OSM
Casablanca,Pharmacie Zine Essalam صيدلية زين السلام,Parapharmacie,Formel,Tit Mellil تيط مليل,33.5528826,-7.4751169,icons/pharmacy.png,OSM
Casablanca,Pharmacie Jnane Essafia صيدلية جنان الصافية,Parapharmacie,Formel,Tit Mellil تيط مليل,33.5560088,-7.4724584,icons/pharmacy.png,OSM
Casablanca,Pharmacie Messaoudi صيدلية المسعودي,Parapharmacie,Formel,Tit Mellil تيط مليل,33.5447985,-7.4653683,icons/pharmacy.png,OSM
Casablanca,Pharmacie La Permanence صيدلية الدوام,Parapharmacie,Formel,"Boulevard Okba Bnou Nafie, Tit Mellil",33.5480164,-7.4570364,icons/pharmacy.png,OSM
Casablanca,Pharmacie Souk Sebt صيدلية سوق السبت,Parapharmacie,Formel,"Boulevard Okba Bnou Nafie, Tit Mellil تيط مليل",33.5549773,-7.4802272,icons/pharmacy.png,OSM
Casablanca,Pharmacie Shems El Madina صيدلية شمس المدينة,Parapharmacie,Formel,Tit Mellil تيط مليل,33.5515188,-7.4639495,icons/pharmacy.png,OSM
Casablanca,Pharmacie Sami صيدلية سامي,Parapharmacie,Formel,Tit Mellil تيط مليل,33.5621879,-7.4846857,icons/pharmacy.png,OSM
Casablanca,Pharmacie Zenata صيدلية زناتة,Parapharmacie,Formel,Ain Harrouda ⵄⵉⵏ ⵃⴰⵔⵓⴷⴰ عين حرودة,33.6339426,-7.4500004,icons/pharmacy.png,OSM
Casablanca,Pharmacie Siècle صيدلية القرن,Parapharmacie,Formel,Ain Harrouda,33.6332131,-7.4581042,icons/pharmacy.png,OSM
Casablanca,Pharmacie El Ezz صيدلية العز,Parapharmacie,Formel,"Boulevard de Palestine, Ain Harrouda",33.6317087,-7.4563667,icons/pharmacy.png,OSM
Casablanca,Pharmacie Zahra صيدلية زهرة,Parapharmacie,Formel,Ain Harrouda ⵄⵉⵏ ⵃⴰⵔⵓⴷⴰ عين حرودة,33.6362342,-7.4505974,icons/pharmacy.png,OSM
Casablanca,Pharmacie Aït Taleb صيدلية أيت الطالب,Parapharmacie,Formel,Ain Harrouda ⵄⵉⵏ ⵃⴰⵔⵓⴷⴰ عين حرودة,33.6362382,-7.4531351,icons/pharmacy.png,OSM
Casablanca,Pharmacie Zaynab صيدلية زينب,Parapharmacie,Formel,Ain Harrouda,33.6372947,-7.4601645,icons/pharmacy.png,OSM
Casablanca,Pharmacie Ain Harrouda صيدلية عين حرودة,Parapharmacie,Formel,"Avenue Ibn Rochd, Ain Harrouda",33.6405941,-7.4509547,icons/pharmacy.png,OSM
Casablanca,Pharmacie Rim صيدلية ريم,Parapharmacie,Formel,"Avenue Ibn Battouta, Ain Harrouda",33.638872,-7.4525694,icons/pharmacy.png,OSM
Casablanca,Pharmacie Moustaid صيدلية مستعيد,Parapharmacie,Formel,Ain Harrouda,33.6389782,-7.4551621,icons/pharmacy.png,OSM
Casablanca,Pharmacie Km 15 صيدلية كلم,Parapharmacie,Formel,Ain Harrouda,33.6330076,-7.4705889,icons/pharmacy.png,OSM
Casablanca,Pharmacie La Glita صيدلية لاغليتا,Parapharmacie,Formel,Bouskoura,33.4511321,-7.659022,icons/pharmacy.png,OSM
Casablanca,Pharmacie Tlet Bouskoura صيدلية ثلاثاء بوسكورة,Parapharmacie,Formel,Bouskoura,33.4509888,-7.6488376,icons/pharmacy.png,OSM
Casablanca,Pharmacie El Masjid صيدلية المسجد,Parapharmacie,Formel,Bouskoura,33.4522741,-7.6509632,icons/pharmacy.png,OSM
Casablanca,Pharmacie Ryad Bouskoura صيدلية رياض بوسكورة,Parapharmacie,Formel,Bouskoura,33.4576144,-7.6652104,icons/pharmacy.png,OSM
Casablanca,Pharmacie Maria صيدلية ماريا,Parapharmacie,Formel,Bouskoura ⴱⵓⵙⴽⵓⵔⴰ بوسكورة,33.4547158,-7.6498989,icons/pharmacy.png,OSM
Casablanca,Pharmacie Annakhil صيدلية النخيل,Parapharmacie,Formel,Bouskoura,33.4596685,-7.6527878,icons/pharmacy.png,OSM
Casablanca,Pharmacie Chorafae صيدلية الشرفاء,Parapharmacie,Formel,Bouskoura ⴱⵓⵙⴽⵓⵔⴰ بوسكورة,33.4575681,-7.6504165,icons/pharmacy.png,OSM
Casablanca,Pharmacie Al Hassanaine صيدلية الحسنين,Parapharmacie,Formel,Bouskoura,33.4592818,-7.656905,icons/pharmacy.png,OSM
Casablanca,Pharmacie La Mère صيدلية الأم,Parapharmacie,Formel,Bouskoura,33.4600987,-7.6605442,icons/pharmacy.png,OSM
Casablanca,Pharmacie Al Kawtar صيدلية الكوثر,Parapharmacie,Formel,Bouskoura,33.4623118,-7.6638025,icons/pharmacy.png,OSM
Casablanca,Pharmacie Prestige Bouskoura صيدلية بريستيج بوسكورة,Parapharmacie,Formel,Bouskoura,33.4715831,-7.6670902,icons/pharmacy.png,OSM
Casablanca,Pharmacie Flora صيدلية فلورا,Parapharmacie,Formel,Bouskoura,33.462767,-7.6681919,icons/pharmacy.png,OSM
Casablanca,Pharmacie Al Wakil صيدلية الوكيل,Parapharmacie,Formel,Bouskoura,33.4680563,-7.6609776,icons/pharmacy.png,OSM
Casablanca,Pharmacie Assamad صيدلية الصمد,Parapharmacie,Formel,Bouskoura,33.4659259,-7.6698384,icons/pharmacy.png,OSM
Casablanca,Pharmacie Kenz Bouskoura صيدلية كنز بوسكورة,Parapharmacie,Formel,Bouskoura,33.4644174,-7.6575566,icons/pharmacy.png,OSM
Casablanca,Pharmacie Najat صيدلية نجاة,Parapharmacie,Formel,Bouskoura,33.4683996,-7.651666,icons/pharmacy.png,OSM
Casablanca,Pharmacie Ibn Rochd صيدلية ابن رشد,Parapharmacie,Formel,Bouskoura,33.463491,-7.6538305,icons/pharmacy.png,OSM
Casablanca,Pharmacie Principale Bouskoura صيدلية بوسكورة الرئيسية,Parapharmacie,Formel,Bouskoura,33.464761,-7.6502431,icons/pharmacy.png,OSM
Casablanca,Pharmacie Dyar Al Andalous صيدلية ديار الأندلس,Parapharmacie,Formel,Bouskoura,33.4605822,-7.6478776,icons/pharmacy.png,OSM
Casablanca,Pharmacie Andalous Bouskoura صيدلية أندلس بوسكورة,Parapharmacie,Formel,Bouskoura,33.4651739,-7.6452378,icons/pharmacy.png,OSM
Casablanca,Pharmacie Zemmama صيدلية زمامة,Parapharmacie,Formel,Bouskoura,33.4607975,-7.6445349,icons/pharmacy.png,OSM
Casablanca,Pharmacie Eden Bouskoura صيدلية اذن بوسكورة,Parapharmacie,Formel,Bouskoura,33.4732133,-7.64153,icons/pharmacy.png,OSM
Casablanca,Pharmacie Chaimae صيدلية شيماء,Parapharmacie,Formel,Bouskoura,33.4786894,-7.6635032,icons/pharmacy.png,OSM
Casablanca,Pharmacie Gaila صيدلية كايلة,Parapharmacie,Formel,Bouskoura,33.4828641,-7.6555344,icons/pharmacy.png,OSM
Casablanca,Pharmacie Golf City صيدلية كولف سيتي,Parapharmacie,Formel,Bouskoura,33.475405,-7.606799,icons/pharmacy.png,OSM
Casablanca,Pharmacie La Ville Verte صيدلية المدينة الخضراء,Parapharmacie,Formel,Bouskoura بوسكورة,33.493491,-7.6026241,icons/pharmacy.png,OSM
Casablanca,Pharmacie Boujaadia صيدلية بوجعيدية,Parapharmacie,Formel,Bouskoura,33.452407,-7.6347608,icons/pharmacy.png,OSM
Casablanca,Pharmacie Al Joud صيدلية الجود,Parapharmacie,Formel,Bouskoura,33.4855909,-7.6727376,icons/pharmacy.png,OSM
Casablanca,c3000548,Parapharmacie,Formel,Bouskoura,33.4812004,-7.6667034,icons/pharmacy.png,OSM
Casablanca,Pharmacie Maraya صيدلية مرايا,Parapharmacie,Formel,Bouskoura,33.4683806,-7.6912108,icons/pharmacy.png,OSM
Casablanca,Pharmacie El Mzabyine صيدلية المزابيين,Parapharmacie,Formel,Bouskoura بوسكورة,33.5146151,-7.5904222,icons/pharmacy.png,OSM
Casablanca,Pharmacie Kadri صيدلية كدري,Parapharmacie,Formel,Bouskoura,33.4530438,-7.7098775,icons/pharmacy.png,OSM
Casablanca,Pharmacie Kamil Bouskoura صيدلية كامل بوسكورة,Parapharmacie,Formel,Bouskoura,33.4520102,-7.6672632,icons/pharmacy.png,OSM
Casablanca,Poulet Amira,Restaurant,Formel,"Place Al Yassir, Casablanca",33.5934069,-7.5984884,icons/restaurant.png,OSM
Casablanca,Palmeraie coutry club,Restaurant,Formel,"Avenue du Promontoire, Bouskoura بوسكورة",33.4813451,-7.5941067,icons/restaurant.png,OSM
Casablanca,Petite épicerie,Boutique de confiserie,Informel,Petite épicerie,33.5947218,-7.6333943,icons/confectionery.png,OSM
Casablanca,Oncle Blend,Restaurant,Formel,Rue Bab Ennasr زنقة باب النصر,33.5928022,-7.6442567,icons/restaurant.png,OSM
Casablanca,Pharmacie Laymoune,Parapharmacie,Formel,"Lotissement Allaimoune 1, Casablanca",33.5445452,-7.6645793,icons/pharmacy.png,OSM
Casablanca,Café Laymoune,Café,Formel,"Lotissement Allaimoune, Casablanca",33.5446715,-7.6644251,icons/cafe.png,OSM
Casablanca,Café sans nom,Café,Formel,Café sans nom,33.5814622,-7.6219841,icons/cafe.png,OSM
Casablanca,Tikita,Café,Formel,Tikita,33.5816667,-7.6226907,icons/cafe.png,OSM
Casablanca,BİM,Supermarché,Formel,BİM,33.5833045,-7.6221079,icons/supermarket.png,OSM
Casablanca,Carrefour Market,Supermarché,Formel,Rue Henri Murger,33.5740376,-7.6361871,icons/supermarket.png,OSM
Casablanca,Fratello,Café,Formel,Rue Jounaid,33.5763425,-7.6478934,icons/cafe.png,OSM
Casablanca,Yoma,Café,Formel,Rue Jounaid,33.5758453,-7.6474826,icons/cafe.png,OSM
Casablanca,BİM,Supermarché,Formel,BİM,33.5765392,-7.6464177,icons/supermarket.png,OSM
Casablanca,Café de la Faculté,Café,Formel,"Route Ancienne, Casablanca",33.5452352,-7.6601018,icons/cafe.png,OSM
Casablanca,BİM,Supermarché,Formel,"Place Al Yassir, Casablanca",33.5937022,-7.5987385,icons/supermarket.png,OSM
Casablanca,Osawa,Restaurant,Formel,"Rue Ahmed Akkad, akrad, Casablanca",33.5626827,-7.6387538,icons/restaurant.png,OSM
Casablanca,La Frite,Restaurant,Formel,"10 Rue de la Réunion, Casablanca",33.5971125,-7.6357215,icons/restaurant.png,OSM
Casablanca,Zorba,Restaurant,Formel,Casablanca,33.5926124,-7.6067836,icons/restaurant.png,OSM
Casablanca,Goloso,Café,Formel,Goloso,33.5927208,-7.6068494,icons/cafe.png,OSM
Casablanca,LaFrite,Restaurant,Formel,LaFrite,33.5920846,-7.6775042,icons/restaurant.png,OSM
Casablanca,Para & Pharmacie Vélodrome,Parapharmacie,Formel,Rue Aïn Harrouda زنقة عين حرودة,33.5914391,-7.6409462,icons/pharmacy.png,OSM
Casablanca,Tropy,Supermarché,Formel,"Rue de l'Atlas, Casablanca",33.5761384,-7.6601328,icons/supermarket.png,OSM
Casablanca,Pharmacie Taha Houssine,Parapharmacie,Formel,"Rue 30, Casablanca ⵜⴰⴷⴷⴰⵔⵜ ⵜⵓⵎⵍⵉⵍⵜ الدار البيضاء",33.5632216,-7.5910097,icons/pharmacy.png,OSM
Casablanca,Boulanger Hakimi,Boulangerie,Formel,"Avenue A, Casablanca ⵜⴰⴷⴷⴰⵔⵜ ⵜⵓⵎⵍⵉⵍⵜ الدار البيضاء",33.5633143,-7.5920585,icons/bakery.png,OSM
Casablanca,Marjane Market مرجان ماركت,Supermarché,Formel,Boulevard Sidi Abderrahmane شارع سيدي عبد الرحمان,33.566764,-7.6559254,icons/supermarket.png,OSM
Casablanca,Supermarché sans nom,Supermarché,Formel,Supermarché sans nom,33.591678,-7.5948403,icons/supermarket.png,OSM
Casablanca,Kasekuchen,Café,Formel,Kasekuchen,33.5776159,-7.6245466,icons/cafe.png,OSM
Casablanca,Taiyo,Restaurant,Formel,Taiyo,33.5776371,-7.6246794,icons/restaurant.png,OSM
Casablanca,El Bistrot de Papa,Restaurant,Formel,El Bistrot de Papa,33.5776527,-7.6247357,icons/restaurant.png,OSM
Casablanca,Café Number One,Café,Formel,Café Number One,33.6137083,-7.5267048,icons/cafe.png,OSM
Casablanca,Espace Malamine,Café,Formel,Espace Malamine,33.6136614,-7.526564,icons/cafe.png,OSM
Casablanca,Café Amarela,Café,Formel,Café Amarela,33.6137909,-7.5260235,icons/cafe.png,OSM
Casablanca,مقتصدية التعليم سيدي البرنوصي,Supermarché,Formel,مقتصدية التعليم سيدي البرنوصي,33.6083504,-7.4998647,icons/supermarket.png,OSM
Casablanca,بيم,Supermarché,Formel,بيم,33.5865086,-7.5030457,icons/supermarket.png,OSM
Casablanca,Restaurant sans nom,Restaurant,Formel,Rue Ibnou Katir,33.5754946,-7.6464665,icons/restaurant.png,OSM
Casablanca,Supérette / Mini-market sans nom,Supérette / Mini-market,Formel,Rue Jaâfar Ibnou Atia,33.5947426,-7.6421856,icons/convenience.png,OSM
Casablanca,Café sans nom,Café,Formel,Café sans nom,33.5751285,-7.6457383,icons/cafe.png,OSM
Casablanca,Sushi Live,Restaurant,Formel,"Rue 29 hay hassani, Casablanca الدار البيضاء",33.5673373,-7.6940996,icons/restaurant.png,OSM
Casablanca,Le Pershing,Restaurant,Formel,Boulevard de la Corniche شارع الكورنيش,33.5949636,-7.6780468,icons/restaurant.png,OSM
Casablanca,Oliveri,Restaurant,Formel,Boulevard de la Corniche شارع الكورنيش,33.5948563,-7.6781193,icons/restaurant.png,OSM
Casablanca,ماكدونالدز,Restaurant,Formel,ماكدونالدز,33.6078033,-7.6210293,icons/restaurant.png,OSM
Casablanca,Burger King,Restaurant,Formel,Burger King,33.6076693,-7.6207864,icons/restaurant.png,OSM
Casablanca,Restaurant sans nom,Restaurant,Formel,Restaurant sans nom,33.5751475,-7.6456165,icons/restaurant.png,OSM
Casablanca,Café sans nom,Café,Formel,Café sans nom,33.5751908,-7.6469784,icons/cafe.png,OSM
Casablanca,Restaurant sans nom,Restaurant,Formel,Restaurant sans nom,33.5762475,-7.6452409,icons/restaurant.png,OSM
Casablanca,Café sans nom,Café,Formel,Café sans nom,33.5758566,-7.6459984,icons/cafe.png,OSM
Casablanca,Supérette / Mini-market sans nom,Supérette / Mini-market,Formel,Supérette / Mini-market sans nom,33.5755753,-7.646333,icons/convenience.png,OSM
Casablanca,Boutique de confiserie sans nom,Boutique de confiserie,Informel,Boutique de confiserie sans nom,33.575546,-7.6463768,icons/confectionery.png,OSM
Casablanca,OLEA,Restaurant,Formel,"Route de l'Oasis, Casablanca ⵜⴰⴷⴷⴰⵔⵜ ⵜⵓⵎⵍⵉⵍⵜ الدار البيضاء",33.5485908,-7.6373926,icons/restaurant.png,OSM
Casablanca,Snack Pedro (near Youssef's appart),Restaurant,Formel,Snack Pedro (near Youssef's appart),33.5352777,-7.7323353,icons/restaurant.png,OSM
Casablanca,Resto Grill Salaheddine,Restaurant,Formel,Resto Grill Salaheddine,33.5947743,-7.6117538,icons/restaurant.png,OSM
Casablanca,رياض 21,Café,Formel,رياض 21,33.5516774,-7.6104223,icons/cafe.png,OSM
Casablanca,Organic Kitchen,Restaurant,Formel,Rue Ahmed El Mokri زنقة أحمد المقري,33.5905909,-7.6381864,icons/restaurant.png,OSM
Casablanca,Good Vapes : Cigarette Electronique Casablanca,Café,Formel,"rue du breteuil, Casablanca ⵜⴰⴷⴷⴰⵔⵜ ⵜⵓⵎⵍⵉⵍⵜ الدار البيضاء",33.5815303,-7.6222927,icons/cafe.png,OSM
Casablanca,Café les Fleurs,Café,Formel,Café les Fleurs,33.5816461,-7.622458,icons/cafe.png,OSM
Casablanca,Café Ravel,Café,Formel,Café Ravel,33.581791,-7.6226032,icons/cafe.png,OSM
Casablanca,Pyramides Dorées,Restaurant,Formel,Pyramides Dorées,33.5818215,-7.6223122,icons/restaurant.png,OSM
Casablanca,Café Restaurant Tikita,Restaurant,Formel,Café Restaurant Tikita,33.5809882,-7.6229868,icons/restaurant.png,OSM
Casablanca,Parapharmacie Ibn Rochd,Parapharmacie,Formel,Parapharmacie Ibn Rochd,33.5808565,-7.6224722,icons/pharmacy.png,OSM
Casablanca,Coffee Shop,Café,Formel,Rue Salim Cherkaoui زنقة سليم الشرقاوي,33.5806883,-7.623088,icons/cafe.png,OSM
Casablanca,Le Duc Casablanca,Restaurant,Formel,Le Duc Casablanca,33.5804867,-7.6234291,icons/restaurant.png,OSM
Casablanca,La Croisière Café,Café,Formel,La Croisière Café,33.5827449,-7.622174,icons/cafe.png,OSM
Casablanca,Casadarna,Restaurant,Formel,Casadarna,33.5825841,-7.6222062,icons/restaurant.png,OSM
Casablanca,BİM,Supermarché,Formel,BİM,33.5789441,-7.6221903,icons/supermarket.png,OSM
Casablanca,Pharmacie Morizgo صيدلية موريزڭو,Parapharmacie,Formel,Rue des Hôpitaux زنقة المستشفيات,33.5787665,-7.6214335,icons/pharmacy.png,OSM
Casablanca,Bonsai,Restaurant,Formel,Bonsai,33.5826823,-7.6228888,icons/restaurant.png,OSM
Casablanca,Café Marhaba,Café,Formel,Café Marhaba,33.5786007,-7.6240429,icons/cafe.png,OSM
Casablanca,Pharmacie Les Lilas صيدلية ليلج,Parapharmacie,Formel,Pharmacie Les Lilas صيدلية ليلج,33.5791919,-7.6240387,icons/pharmacy.png,OSM
Casablanca,Pizza Part,Restaurant,Formel,"Rue Soldat Jean Pierre Favre, Casablanca",33.5942487,-7.633888,icons/restaurant.png,OSM
Casablanca,Amorena,Café,Formel,Amorena,33.5180507,-7.6486591,icons/cafe.png,OSM
Casablanca,Café sans nom,Café,Formel,Rue Abou Kacem Achchabi,33.5867588,-7.6294077,icons/cafe.png,OSM
Casablanca,Restaurant sans nom,Restaurant,Formel,Restaurant sans nom,33.5963688,-7.6750983,icons/restaurant.png,OSM
Casablanca,Bangkok Me,Restaurant,Formel,Bangkok Me,33.5891189,-7.6325717,icons/restaurant.png,OSM
Casablanca,Restaurant sans nom,Restaurant,Formel,Restaurant sans nom,33.5963106,-7.6417406,icons/restaurant.png,OSM
Casablanca,La Loge Café,Café,Formel,La Loge Café,33.5927252,-7.6175367,icons/cafe.png,OSM
Casablanca,Restaurant sans nom,Restaurant,Formel,Restaurant sans nom,33.6039275,-7.6207901,icons/restaurant.png,OSM
Casablanca,Café sans nom,Café,Formel,Café sans nom,33.6059886,-7.6292143,icons/cafe.png,OSM
Casablanca,Supérette / Mini-market sans nom,Supérette / Mini-market,Formel,Supérette / Mini-market sans nom,33.576553,-7.6687263,icons/convenience.png,OSM
Casablanca,Épicerie sans nom,Épicerie,Informel,Épicerie sans nom,33.5766302,-7.6684326,icons/greengrocer.png,OSM
Casablanca,Café Impérial,Café,Formel,Café Impérial,33.5777645,-7.6061805,icons/cafe.png,OSM
Casablanca,مواد الغذائية صلاح,Supérette / Mini-market,Formel,مواد الغذائية صلاح,33.5744876,-7.5544471,icons/convenience.png,OSM
Casablanca,مأكولات الشمالي,Restaurant,Formel,مأكولات الشمالي,33.5744243,-7.5543817,icons/restaurant.png,OSM
Casablanca,Café Grand Atlas,Café,Formel,Café Grand Atlas,33.5741779,-7.5542136,icons/cafe.png,OSM
Casablanca,Pharmacie Jawad,Parapharmacie,Formel,Pharmacie Jawad,33.5712168,-7.5594241,icons/pharmacy.png,OSM
Casablanca,Bureaux Tabac,Supérette / Mini-market,Formel,Bureaux Tabac,33.574463,-7.5544244,icons/convenience.png,OSM
Casablanca,Café Sevilla,Café,Formel,Café Sevilla,33.5713066,-7.5559436,icons/cafe.png,OSM
Casablanca,فران دمنات,Boulangerie,Formel,فران دمنات,33.5728822,-7.5608625,icons/bakery.png,OSM
Casablanca,مقهى المهاجر,Café,Formel,مقهى المهاجر,33.5718422,-7.5618043,icons/cafe.png,OSM
Casablanca,Pharmacie & Parapharmacie Centrale de Bouskoura,Parapharmacie,Formel,Pharmacie & Parapharmacie Centrale de Bouskoura,33.4929542,-7.6488068,icons/pharmacy.png,OSM
Casablanca,مجزرة و مشواة المسجد,Restaurant,Formel,مجزرة و مشواة المسجد,33.5705562,-7.5508866,icons/restaurant.png,OSM
Casablanca,صيدلية التوحيد,Parapharmacie,Formel,صيدلية التوحيد,33.5709384,-7.5512541,icons/pharmacy.png,OSM
Casablanca,BİM,Supermarché,Formel,BİM,33.5739454,-7.5588138,icons/supermarket.png,OSM
Casablanca,MOYA COFFE,Café,Formel,MOYA COFFE,33.5752024,-7.5564804,icons/cafe.png,OSM
Casablanca,Chez Michel et Hafida,Restaurant,Formel,Boulevard Mohammed V شارع محمد الخامس,33.5949273,-7.6121495,icons/restaurant.png,OSM
Casablanca,Restaurant sans nom,Restaurant,Formel,Restaurant sans nom,33.6079511,-7.6290521,icons/restaurant.png,OSM
Casablanca,café central,Restaurant,Formel,café central,33.600085,-7.617311,icons/restaurant.png,OSM
Casablanca,Café sans nom,Café,Formel,Café sans nom,33.5947641,-7.6131407,icons/cafe.png,OSM
Casablanca,wasila,Café,Formel,wasila,33.5700043,-7.6826382,icons/cafe.png,OSM
Casablanca,Supermarché sans nom,Supermarché,Formel,Supermarché sans nom,33.593301,-7.6273077,icons/supermarket.png,OSM
Casablanca,Café sans nom,Café,Formel,Café sans nom,33.6031464,-7.633319,icons/cafe.png,OSM
Casablanca,Café sans nom,Café,Formel,Café sans nom,33.5934483,-7.6171685,icons/cafe.png,OSM
Casablanca,Café sans nom,Café,Formel,Café sans nom,33.5930833,-7.6166954,icons/cafe.png,OSM
Casablanca,Café sans nom,Café,Formel,Café sans nom,33.5685033,-7.6824901,icons/cafe.png,OSM
Casablanca,Restaurant sans nom,Restaurant,Formel,Restaurant sans nom,33.5925267,-7.6311415,icons/restaurant.png,OSM
Casablanca,Restaurant sans nom,Restaurant,Formel,"Rue Sidi Belyout, Casablanca 20000, Marruecos",33.5977705,-7.6141578,icons/restaurant.png,OSM
Casablanca,Restaurant sans nom,Restaurant,Formel,"31 IMM RUE EL ARSA, Casablanca 20250, Marruecos",33.6038798,-7.6215009,icons/restaurant.png,OSM
Casablanca,souq baladia,Supermarché,Formel,souq baladia,33.5624485,-7.5748432,icons/supermarket.png,OSM
Casablanca,Lora Patisserie Boulangerie,Boulangerie,Formel,Lora Patisserie Boulangerie,33.5943688,-7.6285112,icons/bakery.png,OSM
Casablanca,Tour Eiffel,Café,Formel,Tour Eiffel,33.5952616,-7.6275606,icons/cafe.png,OSM
Casablanca,Chrono Pizza,Restaurant,Formel,Chrono Pizza,33.5932677,-7.6316321,icons/restaurant.png,OSM
Casablanca,Restaurant sans nom,Restaurant,Formel,Rue Najib Mahfoud زنقة نجيب محفوظ,33.5906169,-7.6345122,icons/restaurant.png,OSM
Casablanca,Burger King,Restaurant,Formel,Burger King,33.5924154,-7.6334867,icons/restaurant.png,OSM
Casablanca,Pharmacie Lina,Parapharmacie,Formel,Pharmacie Lina,33.5791635,-7.6032787,icons/pharmacy.png,OSM
Casablanca,Spartel,Café,Formel,Rue Taha Houcine,33.5907804,-7.6315376,icons/cafe.png,OSM
Casablanca,Restaurant sans nom,Restaurant,Formel,Restaurant sans nom,33.6075133,-7.6560981,icons/restaurant.png,OSM
Casablanca,Café sans nom,Café,Formel,Café sans nom,33.5843913,-7.6248116,icons/cafe.png,OSM
Casablanca,Mimosas Park,Café,Formel,Mimosas Park,33.6077795,-7.5362912,icons/cafe.png,OSM
Casablanca,Clap,Restaurant,Formel,Clap,33.6076856,-7.536495,icons/restaurant.png,OSM
Casablanca,Pharmacie Moncef,Parapharmacie,Formel,Pharmacie Moncef,33.6085175,-7.536803,icons/pharmacy.png,OSM
Casablanca,Carrefour,Supermarché,Formel,Carrefour,33.607527,-7.5368732,icons/supermarket.png,OSM
Casablanca,Boulangerie pâtisserie Makka,Boulangerie,Formel,"Avenue Réda Guédira, Casablanca",33.5530407,-7.5775777,icons/bakery.png,OSM
Casablanca,Restaurant sans nom,Restaurant,Formel,Restaurant sans nom,33.4645413,-7.6042838,icons/restaurant.png,OSM
Casablanca,Restaurant sans nom,Restaurant,Formel,Rue El Oraibi Jilali,33.5955266,-7.6153015,icons/restaurant.png,OSM
Casablanca,Restaurant sans nom,Restaurant,Formel,Rue El Bakri,33.592224,-7.6044895,icons/restaurant.png,OSM
Casablanca,CARRE PRIMEUR,Supermarché,Formel,"Rue Bouarfa, Casablanca ⵜⴰⴷⴷⴰⵔⵜ ⵜⵓⵎⵍⵉⵍⵜ الدار البيضاء",33.5992312,-7.6373297,icons/supermarket.png,OSM
Casablanca,I Ristorante Italiano,Restaurant,Formel,"Rue d'Ifrane, Casablanca ⵜⴰⴷⴷⴰⵔⵜ ⵜⵓⵎⵍⵉⵍⵜ الدار البيضاء",33.5731602,-7.6566368,icons/restaurant.png,OSM
Casablanca,Para & Pharmacie Ziraoui صيدلية الزيراوي,Parapharmacie,Formel,Boulevard Ziraoui شارع الزيراوي,33.5955386,-7.6325736,icons/pharmacy.png,OSM
Casablanca,Big Nonna,Restaurant,Formel,Avenue Ahmed Charci شارع أحمد الشرسي,33.5887671,-7.6437315,icons/restaurant.png,OSM
Casablanca,pharmacie anbar,Parapharmacie,Formel,bd Aba Chouaïb Doukali ang. rue 62 n°3 derb Sidi Maarouf V Casablanca,33.5617131,-7.5987122,icons/pharmacy.png,OSM
Casablanca,Pharmacie Nisrine,Parapharmacie,Formel,avenue du Dix Mars 1982 (Sidi Othman) bloc 50 n°80 Hay sidi othmane Casablanca,33.5664666,-7.572924,icons/pharmacy.png,OSM
Casablanca,ماكدونالدز,Restaurant,Formel,ماكدونالدز,33.5749303,-7.7085266,icons/restaurant.png,OSM
Casablanca,Pizza Hut,Restaurant,Formel,Pizza Hut,33.5758003,-7.7074585,icons/restaurant.png,OSM
Casablanca,KFC,Restaurant,Formel,KFC,33.5764438,-7.7065764,icons/restaurant.png,OSM
Casablanca,Carrefour Market,Supermarché,Formel,Carrefour Market,33.6021269,-7.5265618,icons/supermarket.png,OSM
Casablanca,Restaurant sans nom,Restaurant,Formel,Boulevard Mohammed V شارع محمد الخامس,33.5936539,-7.6024627,icons/restaurant.png,OSM
Casablanca,Cafe Riad El Bernoussi,Café,Formel,Cafe Riad El Bernoussi,33.5824253,-7.5001271,icons/cafe.png,OSM
Casablanca,Restaurant sans nom,Restaurant,Formel,Boulevard de l'Ocean Atlantique,33.5915943,-7.6776565,icons/restaurant.png,OSM
Casablanca,Carrefour Market,Supermarché,Formel,Rue Taha Houcine زنقة طه حسين,33.5897236,-7.6297373,icons/supermarket.png,OSM
Casablanca,Street Pizzeria Napoletana,Restaurant,Formel,Street Pizzeria Napoletana,33.5834902,-7.6315558,icons/restaurant.png,OSM
Casablanca,فضاء سلا,Café,Formel,فضاء سلا,33.599199,-7.6210912,icons/cafe.png,OSM
Casablanca,باموس قهوة,Café,Formel,باموس قهوة,33.6007998,-7.6231615,icons/cafe.png,OSM
Casablanca,Café pizzeria,Café,Formel,Café pizzeria,33.5889784,-7.6286416,icons/cafe.png,OSM
Casablanca,Don Bocadillio,Restaurant,Formel,Don Bocadillio,33.5850284,-7.631509,icons/restaurant.png,OSM
Casablanca,Restaurant sans nom,Restaurant,Formel,Restaurant sans nom,33.5834982,-7.6315375,icons/restaurant.png,OSM
Casablanca,Restaurant sans nom,Restaurant,Formel,Restaurant sans nom,33.5881411,-7.6312429,icons/restaurant.png,OSM
Casablanca,Le Petit Italien,Restaurant,Formel,Avenue Hassan Souktani شارع حسن السكتاني,33.5896524,-7.632145,icons/restaurant.png,OSM
Casablanca,Repère du Gout,Restaurant,Formel,Repère du Gout,33.5842585,-7.6312796,icons/restaurant.png,OSM
Casablanca,Restaurant sans nom,Restaurant,Formel,Restaurant sans nom,33.6033195,-7.6261701,icons/restaurant.png,OSM
Casablanca,Said Shop 2,Épicerie,Informel,Said Shop 2,33.5895615,-7.5201879,icons/greengrocer.png,OSM
Casablanca,Pharmacy des generation,Parapharmacie,Formel,Pharmacy des generation,33.5960236,-7.6278348,icons/pharmacy.png,OSM
Casablanca,Pharmacy assim,Parapharmacie,Formel,Pharmacy assim,33.5749092,-7.6026912,icons/pharmacy.png,OSM
Casablanca,شاورما الحاج متولي,Restaurant,Formel,شاورما الحاج متولي,33.594017,-7.6148772,icons/restaurant.png,OSM
Casablanca,الشاف أنوار,Restaurant,Formel,الشاف أنوار,33.5707703,-7.5977321,icons/restaurant.png,OSM
Casablanca,Cafe Gaxi,Café,Formel,Cafe Gaxi,33.5696297,-7.601985,icons/cafe.png,OSM
Casablanca,عصائر اليسر,Café,Formel,عصائر اليسر,33.5887909,-7.6129222,icons/cafe.png,OSM
Casablanca,Costa Brava,Café,Formel,Costa Brava,33.5947151,-7.6166649,icons/cafe.png,OSM
Casablanca,La Fontaine,Café,Formel,La Fontaine,33.5934181,-7.6186581,icons/cafe.png,OSM
Casablanca,مقهى ميراج,Café,Formel,مقهى ميراج,33.5741844,-7.592155,icons/cafe.png,OSM
Casablanca,مطعم مصري,Restaurant,Formel,مطعم مصري,33.5952225,-7.6112289,icons/restaurant.png,OSM
Casablanca,لبن و صيكوك,Café,Formel,لبن و صيكوك,33.5795492,-7.6007581,icons/cafe.png,OSM
Casablanca,FHARMACIE DERB TOLBA,Parapharmacie,Formel,FHARMACIE DERB TOLBA,33.5708542,-7.5975232,icons/pharmacy.png,OSM
Casablanca,Pharmacy mdiouna,Parapharmacie,Formel,Pharmacy mdiouna,33.5691338,-7.5958052,icons/pharmacy.png,OSM
Casablanca,Para Godza,Parapharmacie,Formel,Para Godza,33.5701332,-7.6016622,icons/pharmacy.png,OSM
Casablanca,سوق حي إفريقيا,Épicerie,Informel,سوق حي إفريقيا,33.5573387,-7.5899849,icons/greengrocer.png,OSM
Casablanca,BİM,Supermarché,Formel,BİM,33.5630833,-7.6476427,icons/supermarket.png,OSM
Casablanca,Pharmacy Al Hoda,Parapharmacie,Formel,Pharmacy Al Hoda,33.5705185,-7.609777,icons/pharmacy.png,OSM
Casablanca,Farmacy Hay Raja,Parapharmacie,Formel,Farmacy Hay Raja,33.5664673,-7.616641,icons/pharmacy.png,OSM
Casablanca,Bim,Supermarché,Formel,Bim,33.5710869,-7.6094122,icons/supermarket.png,OSM
Casablanca,سوق الجملة,Épicerie,Informel,سوق الجملة,33.5730133,-7.6060882,icons/greengrocer.png,OSM
Casablanca,Pharmacy & Para Chawi,Parapharmacie,Formel,Pharmacy & Para Chawi,33.5718536,-7.598381,icons/pharmacy.png,OSM
Casablanca,Bim,Supermarché,Formel,Bim,33.5894279,-7.6137309,icons/supermarket.png,OSM
Casablanca,Pharmacy 15 Ramadan,Parapharmacie,Formel,Pharmacy 15 Ramadan,33.5870056,-7.6080818,icons/pharmacy.png,OSM
Casablanca,Baguetterie Casablanca,Boulangerie,Formel,"Rue abouzzarik, Ferme bretonne",33.5622773,-7.6456095,icons/bakery.png,OSM
Casablanca,Café le 57 lounge,Café,Formel,Café le 57 lounge,33.5992882,-7.5748791,icons/cafe.png,OSM
Casablanca,Carrefour,Supermarché,Formel,Carrefour,33.5987457,-7.5751282,icons/supermarket.png,OSM
Casablanca,Café sans nom,Café,Formel,Café sans nom,33.5933156,-7.6160894,icons/cafe.png,OSM
Casablanca,Café sans nom,Café,Formel,Café sans nom,33.5916314,-7.6148568,icons/cafe.png,OSM
Casablanca,Restaurant sans nom,Restaurant,Formel,Restaurant sans nom,33.5947079,-7.612674,icons/restaurant.png,OSM
Casablanca,Café sans nom,Café,Formel,Café sans nom,33.5945615,-7.6119032,icons/cafe.png,OSM
Casablanca,Parapharmacie sans nom,Parapharmacie,Formel,Parapharmacie sans nom,33.594167,-7.6113267,icons/pharmacy.png,OSM
Casablanca,Restaurant sans nom,Restaurant,Formel,Restaurant sans nom,33.594542,-7.6115928,icons/restaurant.png,OSM
Casablanca,Restaurant sans nom,Restaurant,Formel,Restaurant sans nom,33.5949847,-7.6117512,icons/restaurant.png,OSM
Casablanca,Restaurant sans nom,Restaurant,Formel,Restaurant sans nom,33.5952723,-7.6126263,icons/restaurant.png,OSM
Casablanca,Café sans nom,Café,Formel,Café sans nom,33.5958325,-7.6153688,icons/cafe.png,OSM
Casablanca,Café sans nom,Café,Formel,Café sans nom,33.5865898,-7.6866247,icons/cafe.png,OSM
Casablanca,Restaurant sans nom,Restaurant,Formel,Restaurant sans nom,33.591712,-7.6151442,icons/restaurant.png,OSM
Casablanca,Boulangerie sans nom,Boulangerie,Formel,Boulangerie sans nom,33.5916739,-7.6150312,icons/bakery.png,OSM
Casablanca,Café sans nom,Café,Formel,Café sans nom,33.595255,-7.6118271,icons/cafe.png,OSM
Casablanca,Café sans nom,Café,Formel,Café sans nom,33.5955705,-7.6140398,icons/cafe.png,OSM
Casablanca,Restaurant sans nom,Restaurant,Formel,Restaurant sans nom,33.5944609,-7.6787736,icons/restaurant.png,OSM
Casablanca,Café sans nom,Café,Formel,Café sans nom,33.6058976,-7.6576224,icons/cafe.png,OSM
Casablanca,Café sans nom,Café,Formel,Café sans nom,33.6033613,-7.6393176,icons/cafe.png,OSM
Casablanca,Restaurant sans nom,Restaurant,Formel,Restaurant sans nom,33.5936551,-7.6161729,icons/restaurant.png,OSM
Casablanca,Parapharmacie sans nom,Parapharmacie,Formel,Parapharmacie sans nom,33.5947843,-7.6130662,icons/pharmacy.png,OSM
Casablanca,Pizza Hut,Restaurant,Formel,Pizza Hut,33.5950215,-7.6682519,icons/restaurant.png,OSM
Casablanca,Manaos,Restaurant,Formel,Boulevard de la Corniche شارع الكورنيش,33.6049237,-7.6579938,icons/restaurant.png,OSM
Casablanca,Parapharmacie sans nom,Parapharmacie,Formel,Parapharmacie sans nom,33.6039137,-7.6335898,icons/pharmacy.png,OSM
Casablanca,Restaurant sans nom,Restaurant,Formel,Restaurant sans nom,33.5946058,-7.6175109,icons/restaurant.png,OSM
Casablanca,Supérette / Mini-market sans nom,Supérette / Mini-market,Formel,Supérette / Mini-market sans nom,33.5911782,-7.6782294,icons/convenience.png,OSM
Casablanca,Le Calypso,Restaurant,Formel,Le Calypso,33.5935398,-7.6782666,icons/restaurant.png,OSM
Casablanca,El Tucan,Restaurant,Formel,Boulevard de la Corniche شارع الكورنيش,33.5948941,-7.6780807,icons/restaurant.png,OSM
Casablanca,Snack Beverly,Restaurant,Formel,Snack Beverly,33.5942725,-7.616284,icons/restaurant.png,OSM
Casablanca,Parapharmacie sans nom,Parapharmacie,Formel,Parapharmacie sans nom,33.5951866,-7.6688003,icons/pharmacy.png,OSM
Casablanca,Restaurant Marocain Al Mamoun مطعم مغربي المامون,Restaurant,Formel,Restaurant Marocain Al Mamoun مطعم مغربي المامون,33.5943629,-7.6169789,icons/restaurant.png,OSM
Casablanca,Restaurant sans nom,Restaurant,Formel,Restaurant sans nom,33.5940425,-7.6154956,icons/restaurant.png,OSM
Casablanca,Restaurant sans nom,Restaurant,Formel,Restaurant sans nom,33.591526,-7.6164212,icons/restaurant.png,OSM
Casablanca,Café sans nom,Café,Formel,Café sans nom,33.5876769,-7.6200226,icons/cafe.png,OSM
Casablanca,Café sans nom,Café,Formel,Café sans nom,33.5877126,-7.6193928,icons/cafe.png,OSM
Casablanca,Supermarché sans nom,Supermarché,Formel,Supermarché sans nom,33.5872366,-7.6166659,icons/supermarket.png,OSM
Casablanca,Café sans nom,Café,Formel,Café sans nom,33.584449,-7.6106882,icons/cafe.png,OSM
Casablanca,Café sans nom,Café,Formel,Café sans nom,33.5765658,-7.6042489,icons/cafe.png,OSM
Casablanca,Champs Élysées,Café,Formel,Champs Élysées,33.5877361,-7.6180891,icons/cafe.png,OSM
Casablanca,La Concorde,Restaurant,Formel,La Concorde,33.5881245,-7.6177522,icons/restaurant.png,OSM
Casablanca,Café sans nom,Café,Formel,Café sans nom,33.5925136,-7.615743,icons/cafe.png,OSM
Casablanca,BİM,Supermarché,Formel,BİM,33.5847171,-7.6114149,icons/supermarket.png,OSM
Casablanca,Restaurant sans nom,Restaurant,Formel,Restaurant sans nom,33.584232,-7.6106949,icons/restaurant.png,OSM
Casablanca,Parapharmacie sans nom,Parapharmacie,Formel,Parapharmacie sans nom,33.5764674,-7.6040215,icons/pharmacy.png,OSM
Casablanca,Parapharmacie sans nom,Parapharmacie,Formel,Parapharmacie sans nom,33.5859544,-7.6165399,icons/pharmacy.png,OSM
Casablanca,Supérette / Mini-market sans nom,Supérette / Mini-market,Formel,Supérette / Mini-market sans nom,33.588406,-7.618008,icons/convenience.png,OSM
Casablanca,Café sans nom,Café,Formel,Café sans nom,33.5915778,-7.6161709,icons/cafe.png,OSM
Casablanca,Parapharmacie sans nom,Parapharmacie,Formel,Parapharmacie sans nom,33.579046,-7.6059801,icons/pharmacy.png,OSM
Casablanca,Café sans nom,Café,Formel,Café sans nom,33.5724602,-7.6002151,icons/cafe.png,OSM
Casablanca,Supermarché sans nom,Supermarché,Formel,Supermarché sans nom,33.5845268,-7.6158941,icons/supermarket.png,OSM
Casablanca,Café sans nom,Café,Formel,Café sans nom,33.5888924,-7.6185798,icons/cafe.png,OSM
Casablanca,Restaurant sans nom,Restaurant,Formel,Restaurant sans nom,33.5884104,-7.6127441,icons/restaurant.png,OSM
Casablanca,Café sans nom,Café,Formel,Café sans nom,33.5907294,-7.614857,icons/cafe.png,OSM
Casablanca,Supermarché sans nom,Supermarché,Formel,Supermarché sans nom,33.5898327,-7.614064,icons/supermarket.png,OSM
Casablanca,Café sans nom,Café,Formel,Café sans nom,33.5893666,-7.6134495,icons/cafe.png,OSM
Casablanca,Boulangerie sans nom,Boulangerie,Formel,Boulangerie sans nom,33.5895567,-7.6138204,icons/bakery.png,OSM
Casablanca,Café sans nom,Café,Formel,Café sans nom,33.5903113,-7.614465,icons/cafe.png,OSM
Casablanca,Parapharmacie sans nom,Parapharmacie,Formel,Parapharmacie sans nom,33.5900961,-7.6142756,icons/pharmacy.png,OSM
Casablanca,Café sans nom,Café,Formel,Café sans nom,33.5853537,-7.6101606,icons/cafe.png,OSM
Casablanca,Supérette / Mini-market sans nom,Supérette / Mini-market,Formel,Supérette / Mini-market sans nom,33.5926666,-7.6157868,icons/convenience.png,OSM
Casablanca,Café sans nom,Café,Formel,Café sans nom,33.5915693,-7.6153454,icons/cafe.png,OSM
Casablanca,Restaurant sans nom,Restaurant,Formel,Restaurant sans nom,33.5924905,-7.6158505,icons/restaurant.png,OSM
Casablanca,Supérette / Mini-market sans nom,Supérette / Mini-market,Formel,Supérette / Mini-market sans nom,33.592133,-7.6157691,icons/convenience.png,OSM
Casablanca,Restaurant sans nom,Restaurant,Formel,Restaurant sans nom,33.5908221,-7.6148131,icons/restaurant.png,OSM
Casablanca,Electrogharib,Épicerie,Informel,Electrogharib,33.5724869,-7.628273,icons/greengrocer.png,OSM
Casablanca,إلكترو السلام,Épicerie,Informel,إلكترو السلام,33.5842705,-7.4788628,icons/greengrocer.png,OSM
Casablanca,JPM المشعشع,Épicerie,Informel,JPM المشعشع,33.5929298,-7.5175838,icons/greengrocer.png,OSM
Casablanca,Bernoussi Phone,Épicerie,Informel,Bernoussi Phone,33.6090508,-7.512949,icons/greengrocer.png,OSM
Casablanca,KS smartphone,Épicerie,Informel,KS smartphone,33.5713577,-7.58775,icons/greengrocer.png,OSM
Casablanca,Said Shop 1,Épicerie,Informel,Said Shop 1,33.5929832,-7.5176172,icons/greengrocer.png,OSM
Casablanca,Pizza Hut Express,Restaurant,Formel,Pizza Hut Express,33.5891754,-7.6289622,icons/restaurant.png,OSM
Casablanca,Coin jean jaures,Restaurant,Formel,Coin jean jaures,33.5897458,-7.6275991,icons/restaurant.png,OSM
Casablanca,Casa jose,Restaurant,Formel,Casa jose,33.5896958,-7.6274645,icons/restaurant.png,OSM
Casablanca,Café sans nom,Café,Formel,Café sans nom,33.4560689,-7.5150199,icons/cafe.png,OSM
Casablanca,Supérette / Mini-market sans nom,Supérette / Mini-market,Formel,Supérette / Mini-market sans nom,33.5399875,-7.6791549,icons/convenience.png,OSM
Casablanca,Boulangerie sans nom,Boulangerie,Formel,Boulangerie sans nom,33.5435524,-7.6792217,icons/bakery.png,OSM
Casablanca,Boulangerie sans nom,Boulangerie,Formel,Boulangerie sans nom,33.5406657,-7.6828164,icons/bakery.png,OSM
Casablanca,Supérette / Mini-market sans nom,Supérette / Mini-market,Formel,Supérette / Mini-market sans nom,33.5391694,-7.6797925,icons/convenience.png,OSM
Casablanca,Parapharmacie sans nom,Parapharmacie,Formel,Parapharmacie sans nom,33.5392196,-7.6788441,icons/pharmacy.png,OSM
Casablanca,Café sans nom,Café,Formel,Café sans nom,33.5386387,-7.6804125,icons/cafe.png,OSM
Casablanca,Carrefour Market,Supermarché,Formel,Boulevard Laymoune,33.5379265,-7.680443,icons/supermarket.png,OSM
Casablanca,Café le Rossignol,Café,Formel,Café le Rossignol,33.536662,-7.5873179,icons/cafe.png,OSM
Casablanca,Oh My Bun,Restaurant,Formel,Oh My Bun,33.5886854,-7.6317411,icons/restaurant.png,OSM
Casablanca,Dahab Café,Café,Formel,Dahab Café,33.5887839,-7.6323473,icons/cafe.png,OSM
Casablanca,Niya,Restaurant,Formel,Niya,33.5886969,-7.632462,icons/restaurant.png,OSM
Casablanca,Green Black,Café,Formel,Green Black,33.607696,-7.6208604,icons/cafe.png,OSM
Casablanca,Boulangerie sans nom,Boulangerie,Formel,Boulangerie sans nom,33.6023317,-7.62182,icons/bakery.png,OSM
Casablanca,La Mass,Restaurant,Formel,La Mass,33.6023944,-7.6216848,icons/restaurant.png,OSM
Casablanca,Bambou Panda,Restaurant,Formel,Bambou Panda,33.6058793,-7.628809,icons/restaurant.png,OSM
Casablanca,Cappadocia,Café,Formel,Cappadocia,33.6062625,-7.62939,icons/cafe.png,OSM
Casablanca,Le Melliber,Restaurant,Formel,Boulevard Moulay Youssef شارع مولاي يوسف,33.6042229,-7.6328261,icons/restaurant.png,OSM
Casablanca,Restaurant sans nom,Restaurant,Formel,"Boulevard Abdelmoumen, Casablanca ⵜⴰⴷⴷⴰⵔⵜ ⵜⵓⵎⵍⵉⵍⵜ الدار البيضاء",33.5655408,-7.6263134,icons/restaurant.png,OSM
Casablanca,Pharmacie wato صيدلية واطو,Parapharmacie,Formel,Pharmacie wato صيدلية واطو,33.5745662,-7.6303973,icons/pharmacy.png,OSM
Casablanca,Café Black Sky,Café,Formel,Café Black Sky,33.5737817,-7.6314742,icons/cafe.png,OSM
Casablanca,BIM batinia,Supermarché,Formel,BIM batinia,33.5746394,-7.6299306,icons/supermarket.png,OSM
Casablanca,Paul Cafe,Café,Formel,Paul Cafe,33.582557,-7.627125,icons/cafe.png,OSM
Casablanca,Marjane,Supermarché,Formel,"Boulevard Ibn Tachfine, Casablanca ⵜⴰⴷⴷⴰⵔⵜ ⵜⵓⵎⵍⵉⵍⵜ الدار البيضاء",33.5859021,-7.5930568,icons/supermarket.png,OSM
Casablanca,Papa John's,Restaurant,Formel,Rue Oumayma Essayeh زنقة أميمة السايح,33.587979,-7.6386446,icons/restaurant.png,OSM
Casablanca,Le Racine,Café,Formel,Rue Oumayma Essayeh زنقة أميمة السايح,33.5884367,-7.6388687,icons/cafe.png,OSM
Casablanca,dipndip,Café,Formel,Urban Square,33.5885831,-7.6406609,icons/cafe.png,OSM
Casablanca,Espressolab,Café,Formel,Urban Square,33.5886726,-7.6403217,icons/cafe.png,OSM
Casablanca,Pepe Luis,Restaurant,Formel,Urban Square,33.5887547,-7.6400219,icons/restaurant.png,OSM
Casablanca,Oh My Bun,Restaurant,Formel,Rue Normandie زنقة نورماندي,33.5883714,-7.6398773,icons/restaurant.png,OSM
Casablanca,Room 21,Café,Formel,Rue Normandie زنقة نورماندي,33.588443,-7.6398995,icons/cafe.png,OSM
Casablanca,Ahmet Chef,Restaurant,Formel,Boulevard d'Anfa شارع أنفا,33.5891458,-7.6402696,icons/restaurant.png,OSM
Casablanca,Celia Store,Supermarché,Formel,Rue Ibnou Yaala Al Ifrani زنقة ابن يعلى الإفراني,33.5886492,-7.6384436,icons/supermarket.png,OSM
Casablanca,Pharmacie Kheops,Parapharmacie,Formel,Rue Ibnou Yaala Al Ifrani زنقة ابن يعلى الإفراني,33.5886829,-7.6383703,icons/pharmacy.png,OSM
Casablanca,La Grande Brasserie,Restaurant,Formel,Rue Normandie زنقة نورماندي,33.5871666,-7.6395445,icons/restaurant.png,OSM
Casablanca,Burger King,Restaurant,Formel,Burger King,33.5637085,-7.6628617,icons/restaurant.png,OSM
Casablanca,ماكدونالدز,Restaurant,Formel,ماكدونالدز,33.5636967,-7.6630027,icons/restaurant.png,OSM
Casablanca,دجاج كنتاكي,Restaurant,Formel,دجاج كنتاكي,33.5637907,-7.662615,icons/restaurant.png,OSM
Casablanca,Dunkin',Restaurant,Formel,Dunkin',33.563312,-7.6635737,icons/restaurant.png,OSM
Casablanca,Marjane,Supermarché,Formel,Marjane,33.5632914,-7.6637711,icons/supermarket.png,OSM
Casablanca,Parapharmacie sans nom,Parapharmacie,Formel,Parapharmacie sans nom,33.5632692,-7.663828,icons/pharmacy.png,OSM
Casablanca,Parapharmacie sans nom,Parapharmacie,Formel,Parapharmacie sans nom,33.5675059,-7.6572414,icons/pharmacy.png,OSM
Casablanca,Chocochino,Café,Formel,Urban Square,33.588491,-7.6404604,icons/cafe.png,OSM
Casablanca,Japonico,Restaurant,Formel,Rue Al Mansour Saadi زنقة المنصور السعدي,33.5878325,-7.638078,icons/restaurant.png,OSM
Casablanca,BEX Coffee,Café,Formel,Rue Michel Ange زنقة ميشبل أنج,33.5906728,-7.637444,icons/cafe.png,OSM
Casablanca,Dunkin',Restaurant,Formel,Rue Michel Ange زنقة ميشبل أنج,33.5907244,-7.6373297,icons/restaurant.png,OSM
Casablanca,Gong Cha,Café,Formel,Boulevard d'Anfa شارع أنفا,33.5907787,-7.637218,icons/cafe.png,OSM
Casablanca,% Arabica,Café,Formel,Boulevard d'Anfa شارع أنفا,33.5908157,-7.6371164,icons/cafe.png,OSM
Casablanca,Milk + Honey,Restaurant,Formel,Rue Normandie زنقة نورماندي,33.588257,-7.6393618,icons/restaurant.png,OSM
Casablanca,Pastrama,Restaurant,Formel,Rue Oumayma Essayeh زنقة أميمة السايح,33.5872625,-7.6384661,icons/restaurant.png,OSM
Casablanca,La Grillardière,Restaurant,Formel,Rue Al Mansour Saadi زنقة المنصور السعدي,33.5883982,-7.6374661,icons/restaurant.png,OSM
Casablanca,Pharmacie du Complexe Sportif,Parapharmacie,Formel,Rue Mamoun Mohamed زنقة مامون محمد,33.5795302,-7.6496175,icons/pharmacy.png,OSM
Casablanca,Supérette / Mini-market sans nom,Supérette / Mini-market,Formel,Supérette / Mini-market sans nom,33.5673187,-7.6542282,icons/convenience.png,OSM
Casablanca,Dream Donuts & Coffee,Restaurant,Formel,"Rue El Kadi Iass زنقة القاضي إياس, Casablanca ⵜⴰⴷⴷⴰⵔⵜ ⵜⵓⵎⵍⵉⵍⵜ الدار البيضاء",33.5858634,-7.6359647,icons/restaurant.png,OSM
Casablanca,حلويات الدار عند بشرى,Boulangerie,Formel,حلويات الدار عند بشرى,33.5358549,-7.6023708,icons/bakery.png,OSM
Casablanca,HL Burger - Holy Choco - Crust & Grill,Restaurant,Formel,"Nationale Route Lissasfa, Casablanca,",33.5192231,-7.693517,icons/restaurant.png,OSM
Casablanca,Marjane,Supermarché,Formel,Rue Al Fourate زنقة الفرات,33.58076,-7.6415292,icons/supermarket.png,OSM
Casablanca,Supérette / Mini-market sans nom,Supérette / Mini-market,Formel,Rue Abou Ishak Chirazi,33.5811865,-7.6422423,icons/convenience.png,OSM
Casablanca,Mondial Market,Supérette / Mini-market,Formel,Rue Abou Ishak Chirazi,33.5808266,-7.6427583,icons/convenience.png,OSM
Casablanca,Café Gaya,Café,Formel,Café Gaya,33.5817058,-7.6436931,icons/cafe.png,OSM
Casablanca,Restaurant sans nom,Restaurant,Formel,Rue Al Mansour Al Abidi زنقة المنصور العابدي,33.5801093,-7.6416269,icons/restaurant.png,OSM
Casablanca,Boulangerie d'Antan,Boulangerie,Formel,Rue Al Fourate زنقة الفرات,33.5809475,-7.6413897,icons/bakery.png,OSM
Casablanca,Picalla,Restaurant,Formel,Rue Al Mansour Al Abidi زنقة المنصور العابدي,33.5806937,-7.6409454,icons/restaurant.png,OSM
Casablanca,Restaurant sans nom,Restaurant,Formel,Rue Al Mansour Al Abidi زنقة المنصور العابدي,33.5807167,-7.6409225,icons/restaurant.png,OSM
Casablanca,Supérette / Mini-market sans nom,Supérette / Mini-market,Formel,Rue Al Mansour Al Abidi زنقة المنصور العابدي,33.5807328,-7.6408999,icons/convenience.png,OSM
Casablanca,Café Bourneix,Café,Formel,Café Bourneix,33.5798613,-7.6422831,icons/cafe.png,OSM
Casablanca,Pharmacie des Champions - صيدلية الأبطال,Parapharmacie,Formel,Rue Brahim Nakhai زنقة إبراهيم النخعي,33.5816075,-7.6436672,icons/pharmacy.png,OSM
Casablanca,Café Wino,Café,Formel,Rue Abou Ishak Chirazi,33.582204,-7.6408722,icons/cafe.png,OSM
Casablanca,Supérette / Mini-market sans nom,Supérette / Mini-market,Formel,Rue Abou Ishak Chirazi,33.5813662,-7.6417189,icons/convenience.png,OSM
Casablanca,Supérette / Mini-market sans nom,Supérette / Mini-market,Formel,Rue Ibn Jilali Tajeddine زنقة إبن الجيلالي تاج الدين,33.5815221,-7.6402524,icons/convenience.png,OSM
Casablanca,Café sans nom,Café,Formel,Boulevard Bir Anzarane شارع بئر أنزران,33.5816762,-7.6395077,icons/cafe.png,OSM
Casablanca,Supérette / Mini-market sans nom,Supérette / Mini-market,Formel,Boulevard Bir Anzarane شارع بئر أنزران,33.5817087,-7.6395588,icons/convenience.png,OSM
Casablanca,RESTAURANT MONO-CLUB,Restaurant,Formel,Rue Al Mansour Al Abidi زنقة المنصور العابدي,33.5815049,-7.6398128,icons/restaurant.png,OSM
Casablanca,Supérette / Mini-market sans nom,Supérette / Mini-market,Formel,Rue Brahim Nakhai زنقة إبراهيم النخعي,33.5793815,-7.6414329,icons/convenience.png,OSM
Casablanca,Coin Vert,Supermarché,Formel,Rue Abou Amrane El Fassi زنقة أبو عمران الفاسي,33.5796449,-7.6405726,icons/supermarket.png,OSM
Casablanca,Supérette / Mini-market sans nom,Supérette / Mini-market,Formel,Rue Abou Amrane El Fassi زنقة أبو عمران الفاسي,33.5796852,-7.640525,icons/convenience.png,OSM
Casablanca,ZIZINE GRILLADERIE,Restaurant,Formel,Rue Al Mansour Al Abidi زنقة المنصور العابدي,33.5802931,-7.6411676,icons/restaurant.png,OSM
Casablanca,Pharmacie El Masjd El Habib,Parapharmacie,Formel,Pharmacie El Masjd El Habib,33.5361868,-7.693273,icons/pharmacy.png,OSM
Casablanca,Pharmacie woroud saada,Parapharmacie,Formel,Pharmacie woroud saada,33.5341553,-7.6903995,icons/pharmacy.png,OSM
Casablanca,CIL market,Épicerie,Informel,CIL market,33.572348,-7.6572411,icons/greengrocer.png,OSM
Casablanca,ستاربكس,Café,Formel,ستاربكس,33.5866985,-7.6386978,icons/cafe.png,OSM
Casablanca,Il Ferrarino,Restaurant,Formel,Il Ferrarino,33.5877316,-7.6423075,icons/restaurant.png,OSM
Casablanca,Parapharmacie sans nom,Parapharmacie,Formel,Parapharmacie sans nom,33.5685766,-7.6674865,icons/pharmacy.png,OSM
Casablanca,Café sans nom,Café,Formel,Café sans nom,33.5684979,-7.6674702,icons/cafe.png,OSM
Casablanca,Dupond,Café,Formel,Urban Square,33.5884548,-7.6405969,icons/cafe.png,OSM
Casablanca,Restaurant Les Fleurs مطعم الزهور,Restaurant,Formel,Casablanca ⵜⴰⴷⴷⴰⵔⵜ ⵜⵓⵎⵍⵉⵍⵜ الدار البيضاء,33.5965112,-7.6144385,icons/restaurant.png,OSM
Casablanca,La Calidad,Boulangerie,Formel,Rue Ali Abderrazzak زنقة علي عبد الرزاق,33.5853739,-7.6457727,icons/bakery.png,OSM
Casablanca,QUICK GRILL,Restaurant,Formel,Rue El Hafid Salafi,33.5811263,-7.6387412,icons/restaurant.png,OSM
Casablanca,Supérette / Mini-market sans nom,Supérette / Mini-market,Formel,Supérette / Mini-market sans nom,33.5799469,-7.6398544,icons/convenience.png,OSM
Casablanca,BİM,Supérette / Mini-market,Formel,Rue Al Ghadfa,33.5801724,-7.6382087,icons/convenience.png,OSM
Casablanca,Bouchain doukali,Parapharmacie,Formel,Bouchain doukali,33.5631005,-7.5936696,icons/pharmacy.png,OSM
Casablanca,Antic Palais,Café,Formel,Rue Idriss Lahrizi,33.5930557,-7.6169666,icons/cafe.png,OSM
Casablanca,Carrefour Market,Supermarché,Formel,Carrefour Market,33.531131,-7.6226294,icons/supermarket.png,OSM
Casablanca,Caribou Coffee,Café,Formel,Boulevard d'Anfa شارع أنفا,33.590489,-7.6379172,icons/cafe.png,OSM
Casablanca,Le Mynt,Restaurant,Formel,Rue Ali Abderrazzak زنقة علي عبد الرزاق,33.5852973,-7.6458199,icons/restaurant.png,OSM
Casablanca,Sugar Hill,Café,Formel,Rue Ahmed El Mokri زنقة أحمد المقري,33.591347,-7.6388984,icons/cafe.png,OSM
Casablanca,Carrefour Express,Supérette / Mini-market,Formel,Rue Ahmed El Mokri زنقة أحمد المقري,33.5911972,-7.6388189,icons/convenience.png,OSM
Casablanca,Pharmacie du Phare,Parapharmacie,Formel,Avenue Docteur Mohamed Sijelmassi شارع الدكتور محمد السجلماسي,33.5932456,-7.6432234,icons/pharmacy.png,OSM
Casablanca,Le Marly,Restaurant,Formel,Avenue Moulay Rachid شارع مولاي رشيد,33.5884516,-7.6449671,icons/restaurant.png,OSM
Casablanca,Kamanja 55,Restaurant,Formel,Boulevard de la Corniche شارع الكورنيش,33.6050003,-7.6579226,icons/restaurant.png,OSM
Casablanca,Biker's Coffee,Café,Formel,Casablanca ⵜⴰⴷⴷⴰⵔⵜ ⵜⵓⵎⵍⵉⵍⵜ الدار البيضاء,33.5587774,-7.5589618,icons/cafe.png,OSM
Casablanca,Fruits secs Ali,Supérette / Mini-market,Formel,Fruits secs Ali,33.5877474,-7.6186834,icons/convenience.png,OSM
Casablanca,Café Venezia,Café,Formel,Café Venezia,33.5877522,-7.618627,icons/cafe.png,OSM
Casablanca,Kiosque sans nom,Kiosque,Informel,Kiosque sans nom,33.5900073,-7.6200497,icons/kiosk.png,OSM
Casablanca,Pharmacie Danton,Parapharmacie,Formel,Boulevard Bir Anzarane شارع بئر أنزران,33.5803173,-7.6375599,icons/pharmacy.png,OSM
Casablanca,Café COPA GABANA,Café,Formel,Boulevard Bir Anzarane شارع بئر أنزران,33.580165,-7.63735,icons/cafe.png,OSM
Casablanca,Meat Point,Restaurant,Formel,Rue Normandie زنقة نورماندي,33.5880626,-7.6397864,icons/restaurant.png,OSM
Casablanca,King Tacos,Restaurant,Formel,Boulevard Ziraoui شارع الزيراوي,33.596206,-7.6313725,icons/restaurant.png,OSM
Casablanca,Pharmacie Dune d'Anfa,Parapharmacie,Formel,Boulevard Driss Slaoui شارع إدريس السلاوي,33.5917909,-7.6544565,icons/pharmacy.png,OSM
Casablanca,Carrefour Market,Supermarché,Formel,Rue Al Banafsaj زنقة البنفسج,33.5667786,-7.6514343,icons/supermarket.png,OSM
Casablanca,NORSINE,Café,Formel,NORSINE,33.5771307,-7.5165583,icons/cafe.png,OSM
Casablanca,Obama,Café,Formel,Obama,33.5954718,-7.5390891,icons/cafe.png,OSM
Casablanca,ستاربكس,Café,Formel,Boulevard Franklin Roosevelt شارع فرانكلين روزفلت,33.5899114,-7.6498659,icons/cafe.png,OSM
Casablanca,Kôya,Restaurant,Formel,Kôya,33.5934607,-7.6548347,icons/restaurant.png,OSM
Casablanca,Café Society 1920,Café,Formel,Boulevard Driss Slaoui شارع إدريس السلاوي,33.5959122,-7.6550058,icons/cafe.png,OSM
Casablanca,Leopard,Restaurant,Formel,Boulevard Driss Slaoui شارع إدريس السلاوي,33.5998233,-7.6549199,icons/restaurant.png,OSM
Casablanca,L'Avenue,Restaurant,Formel,Boulevard Driss Slaoui شارع إدريس السلاوي,33.6006691,-7.6550357,icons/restaurant.png,OSM
Casablanca,Cézanne,Restaurant,Formel,Boulevard Driss Slaoui شارع إدريس السلاوي,33.6010073,-7.6550527,icons/restaurant.png,OSM
Casablanca,Etçi Mehmet,Restaurant,Formel,Boulevard Driss Slaoui شارع إدريس السلاوي,33.6032711,-7.6570838,icons/restaurant.png,OSM
Casablanca,L'Abri,Restaurant,Formel,Boulevard Bir Anzarane شارع بئر أنزران,33.5868365,-7.6474582,icons/restaurant.png,OSM
Casablanca,Chili's,Restaurant,Formel,Boulevard Abdelkrim El Khattabi شارع عبد الكريم الخطابي,33.5874321,-7.6484003,icons/restaurant.png,OSM
Casablanca,Yo Ti Tam,Restaurant,Formel,Boulevard Sidi Abderrahmane شارع سيدي عبد الرحمان,33.5680095,-7.6589079,icons/restaurant.png,OSM
Casablanca,Little Mamma,Restaurant,Formel,Boulevard Sidi Abderrahmane شارع سيدي عبد الرحمان,33.5686915,-7.660003,icons/restaurant.png,OSM
Casablanca,Trois W,Café,Formel,Boulevard Ibnou Sina شارع ابن سينا,33.5725173,-7.6668842,icons/cafe.png,OSM
Casablanca,Al Tazaj الطازج,Restaurant,Formel,Boulevard de la Corniche شارع الكورنيش,33.5959316,-7.6744327,icons/restaurant.png,OSM
Casablanca,ماكدونالدز,Restaurant,Formel,Boulevard de la Corniche شارع الكورنيش,33.6012598,-7.66158,icons/restaurant.png,OSM
Casablanca,Espace Bader,Restaurant,Formel,Rue Annaba زنقة عنابة,33.5953806,-7.6399885,icons/restaurant.png,OSM
Casablanca,Shanghai Garden,Restaurant,Formel,Rue Mamoun Mohamed زنقة مامون محمد,33.5794073,-7.6505023,icons/restaurant.png,OSM
Casablanca,Dupond,Café,Formel,Dupond,33.5793092,-7.6555099,icons/cafe.png,OSM
Casablanca,Marché des Fleurs ⴳⴰⴷⴰⵣ ⵏ ⵉⵊⴷⴷⵉⴳⵏ سوق الزهور,Épicerie,Informel,Rue Normandie زنقة نورماندي,33.5830208,-7.6404556,icons/greengrocer.png,OSM
Casablanca,Zini,Café,Formel,Zini,33.5101691,-7.6565816,icons/cafe.png,OSM
Casablanca,Marché El Hank,Épicerie,Informel,Marché El Hank,33.60462,-7.6515048,icons/greengrocer.png,OSM
Casablanca,Chez Zozo,Restaurant,Formel,Avenue des Forces Armées Royales شارع الجيش الملكي,33.5966265,-7.6108546,icons/restaurant.png,OSM
Casablanca,Restaurant Bidoune Monafesse,Restaurant,Formel,Restaurant Bidoune Monafesse,33.5987593,-7.619166,icons/restaurant.png,OSM
Casablanca,Dar Dada,Restaurant,Formel,Dar Dada,33.6041396,-7.6216351,icons/restaurant.png,OSM
Casablanca,Planète des Fruits,Restaurant,Formel,Planète des Fruits,33.5848682,-7.6359971,icons/restaurant.png,OSM
Casablanca,Espace Bistro,Restaurant,Formel,"Boulevard El Khalil شارع الخليل, Casablanca ⵜⴰⴷⴷⴰⵔⵜ ⵜⵓⵎⵍⵉⵍⵜ الدار البيضاء",33.5465329,-7.5948079,icons/restaurant.png,OSM
Casablanca,ماكدونالدز,Restaurant,Formel,Boulevard de la Corniche شارع الكورنيش,33.5956689,-7.6779779,icons/restaurant.png,OSM
Casablanca,El Ghanouj,Restaurant,Formel,Rue Normandie زنقة نورماندي,33.5836773,-7.6399474,icons/restaurant.png,OSM
Casablanca,Le Vélodrome,Restaurant,Formel,Boulevard Abdellatif Ben Kadour شارع عبد اللطيف بن قدور,33.5899924,-7.64666,icons/restaurant.png,OSM
Casablanca,Pomme de Pain,Restaurant,Formel,Pomme de Pain,33.5772223,-7.6253019,icons/restaurant.png,OSM
Casablanca,O Chef,Restaurant,Formel,Boulevard Abdelmoumen شارع عبد المومن,33.5782133,-7.6252155,icons/restaurant.png,OSM
Casablanca,Parapharmacie sans nom,Parapharmacie,Formel,Parapharmacie sans nom,33.5784386,-7.6248457,icons/pharmacy.png,OSM
Casablanca,Mademoiselle Sissi,Restaurant,Formel,Mademoiselle Sissi,33.5785594,-7.6246821,icons/restaurant.png,OSM
Casablanca,Marjane,Supermarché,Formel,Marjane,33.5785138,-7.6243943,icons/supermarket.png,OSM
Casablanca,Restaurant des professeurs,Restaurant,Formel,Restaurant des professeurs,33.5881493,-7.630843,icons/restaurant.png,OSM
Casablanca,Restaurant sans nom,Restaurant,Formel,Restaurant sans nom,33.5879264,-7.6189312,icons/restaurant.png,OSM
Casablanca,Chez El Kaoun,Restaurant,Formel,Chez El Kaoun,33.606045,-7.5394376,icons/restaurant.png,OSM
Casablanca,Pharmacie Ain Sebaa صيدلية عين السبع,Parapharmacie,Formel,Pharmacie Ain Sebaa صيدلية عين السبع,33.6061517,-7.539421,icons/pharmacy.png,OSM
Casablanca,Balcon 33,Restaurant,Formel,Balcon 33,33.5955958,-7.6755912,icons/restaurant.png,OSM
Casablanca,La terrasse -1951- Maison Alexis,Restaurant,Formel,La terrasse -1951- Maison Alexis,33.5659386,-7.6597137,icons/restaurant.png,OSM
Casablanca,Roots Coffee & More,Restaurant,Formel,Roots Coffee & More,33.5881752,-7.6457967,icons/restaurant.png,OSM
Casablanca,Buvette Étudiants,Restaurant,Formel,Buvette Étudiants,33.5485187,-7.6511315,icons/restaurant.png,OSM
Casablanca,Restaurant EHTP,Restaurant,Formel,Restaurant EHTP,33.5476851,-7.6504471,icons/restaurant.png,OSM
Casablanca,Buvette,Restaurant,Formel,Buvette,33.5466783,-7.651652,icons/restaurant.png,OSM
Casablanca,Nearshore Casablanca,Restaurant,Formel,Nearshore Casablanca,33.5286333,-7.6406825,icons/restaurant.png,OSM
Casablanca,Verona Ice,Café,Formel,Rue 64,33.5669091,-7.6961883,icons/cafe.png,OSM
Casablanca,Ayour,Restaurant,Formel,Boulevard Lamartine,33.5701494,-7.6094921,icons/restaurant.png,OSM
Casablanca,Ziryab,Café,Formel,Ziryab,33.5580008,-7.6087417,icons/cafe.png,OSM
Casablanca,Mafy,Restaurant,Formel,Allée des Mimosas,33.6177439,-7.5326442,icons/restaurant.png,OSM
Casablanca,ماكدونالدز,Restaurant,Formel,Boulevard Modibo Keita شارع موديبو كيتا,33.562303,-7.6147823,icons/restaurant.png,OSM
Casablanca,Pharmacie Cinem Anfa,Parapharmacie,Formel,Boulevard Sidi Abderrahmane شارع سيدي عبد الرحمان,33.5743409,-7.6710815,icons/pharmacy.png,OSM
Casablanca,Supérette / Mini-market sans nom,Supérette / Mini-market,Formel,Rue Caid Al Achtar زنقة القيد الأشطر,33.5822476,-7.64182,icons/convenience.png,OSM
Casablanca,محلبة أشبال أمغوز,Restaurant,Formel,Rue Caid Al Achtar زنقة القيد الأشطر,33.5822571,-7.6417023,icons/restaurant.png,OSM
Casablanca,Marché Badr سوق بدر,Épicerie,Informel,Rue Imam El Alloussi زنقة إمام العلوسي,33.5937849,-7.6399286,icons/greengrocer.png,OSM
Casablanca,Marché Central du Maârif سوق المعاريف المركزي,Épicerie,Informel,Rue du Marché,33.5851575,-7.634629,icons/greengrocer.png,OSM
Casablanca,Parapharmacie sans nom,Parapharmacie,Formel,Boulevard Tétouan,33.5340268,-7.6359191,icons/pharmacy.png,OSM
Casablanca,Supérette / Mini-market sans nom,Supérette / Mini-market,Formel,Rue Al Mansour Al Abidi زنقة المنصور العابدي,33.5796533,-7.6418564,icons/convenience.png,OSM
Casablanca,Agogo,Restaurant,Formel,"Rue du Souss, Casablanca ⵜⴰⴷⴷⴰⵔⵜ ⵜⵓⵎⵍⵉⵍⵜ الدار البيضاء",33.6067272,-7.6285047,icons/restaurant.png,OSM
Casablanca,Little Mamma,Restaurant,Formel,Little Mamma,33.5917504,-7.6272453,icons/restaurant.png,OSM
Casablanca,Mood's,Restaurant,Formel,Casablanca ⵜⴰⴷⴷⴰⵔⵜ ⵜⵓⵎⵍⵉⵍⵜ الدار البيضاء,33.6066332,-7.6192613,icons/restaurant.png,OSM
Casablanca,Cafe Rodeo,Café,Formel,Route de l'Oasis,33.554936,-7.6319589,icons/cafe.png,OSM
Casablanca,Pharmacie & Para Care Oasis,Parapharmacie,Formel,Route de l'Oasis,33.5550878,-7.6318495,icons/pharmacy.png,OSM
Casablanca,Burger King,Restaurant,Formel,"Boulevard de la Corniche, Casablanca",33.5953715,-7.6775382,icons/restaurant.png,OSM
Casablanca,Pharmacie Aymane,Parapharmacie,Formel,Rue Henri Murger,33.5745137,-7.6368484,icons/pharmacy.png,OSM
Casablanca,Abouab Oum Rabiaa,Supermarché,Formel,Boulevard d'Oued Oum Rabia,33.5622339,-7.6689328,icons/supermarket.png,OSM
Casablanca,Pharmacie Al Ourjouane صيدلية الأرجوان,Parapharmacie,Formel,Rue Al Ourjouane زنقة الأرجوان,33.5670034,-7.6530453,icons/pharmacy.png,OSM
Casablanca,L'entrecôte 212,Restaurant,Formel,L'entrecôte 212,33.5885276,-7.6323582,icons/restaurant.png,OSM
Casablanca,Illy caffé,Café,Formel,Illy caffé,33.5900214,-7.6379325,icons/cafe.png,OSM
Casablanca,Amistad,Restaurant,Formel,Amistad,33.5888214,-7.6335593,icons/restaurant.png,OSM
Casablanca,Pharmacie de l'Oasis,Parapharmacie,Formel,Boulevard Abderrahim Bouabid,33.5564078,-7.6340383,icons/pharmacy.png,OSM
Casablanca,Nara,Restaurant,Formel,Nara,33.5908823,-7.6310544,icons/restaurant.png,OSM
Casablanca,Gare aux gorilles,Restaurant,Formel,Gare aux gorilles,33.5896971,-7.6324564,icons/restaurant.png,OSM
Casablanca,Sushi Club,Restaurant,Formel,Sushi Club,33.5900664,-7.6318063,icons/restaurant.png,OSM
Casablanca,Kazyon,Supermarché,Formel,Kazyon,33.589598,-7.63254,icons/supermarket.png,OSM
Casablanca,Le Courtois,Restaurant,Formel,Le Courtois,33.5894857,-7.6326889,icons/restaurant.png,OSM
Casablanca,Le petit bouillon,Restaurant,Formel,Le petit bouillon,33.589856,-7.6322896,icons/restaurant.png,OSM
Casablanca,Le Louvre,Café,Formel,Le Louvre,33.5865531,-7.6348072,icons/cafe.png,OSM
Casablanca,Amanda Store,Supérette / Mini-market,Formel,Amanda Store,33.5865294,-7.6365008,icons/convenience.png,OSM
Casablanca,koolsmoothie,Restaurant,Formel,koolsmoothie,33.505436,-7.6784249,icons/restaurant.png,OSM
Casablanca,Le Pain Quotidien,Café,Formel,Le Pain Quotidien,33.559533,-7.6536727,icons/cafe.png,OSM
Casablanca,Burger King,Restaurant,Formel,Burger King,33.5066376,-7.6303565,icons/restaurant.png,OSM
Casablanca,Carrefour,Supermarché,Formel,Carrefour,33.5354196,-7.6419162,icons/supermarket.png,OSM
Casablanca,Marché Riviera,Épicerie,Informel,Marché Riviera,33.5657958,-7.6386687,icons/greengrocer.png,OSM
Casablanca,LIONZ KEBAB Casablanca,Restaurant,Formel,"Rue Jounaid, Casablanca ⵜⴰⴷⴷⴰⵔⵜ ⵜⵓⵎⵍⵉⵍⵜ الدار البيضاء",33.5737595,-7.6459853,icons/restaurant.png,OSM
Casablanca,Bee Coffee,Café,Formel,"Boulevard Al Imam Ben Hanbel, Casablanca ⵜⴰⴷⴷⴰⵔⵜ ⵜⵓⵎⵍⵉⵍⵜ الدار البيضاء",33.6196512,-7.48546,icons/cafe.png,OSM
Casablanca,Misti Roof Top,Restaurant,Formel,Misti Roof Top,33.5933065,-7.6230832,icons/restaurant.png,OSM
Casablanca,Café Porte Maillot,Café,Formel,Café Porte Maillot,33.5730823,-7.6861694,icons/cafe.png,OSM
Casablanca,MegaGains,Café,Formel,MegaGains,33.5749322,-7.6820754,icons/cafe.png,OSM
Casablanca,Carrefour Market,Supermarché,Formel,Boulevard Abdelhadi Boutaleb شارع عبد الهادي بوطالب,33.5772121,-7.6741959,icons/supermarket.png,OSM
Casablanca,Parapharmacie sans nom,Parapharmacie,Formel,Boulevard Abdelhadi Boutaleb شارع عبد الهادي بوطالب,33.5766722,-7.675367,icons/pharmacy.png,OSM
Casablanca,Casa Lagua,Café,Formel,Casa Lagua,33.5366821,-7.6843633,icons/cafe.png,OSM
Casablanca,Farchouhat فرشوحة,Restaurant,Formel,Farchouhat فرشوحة,33.5954875,-7.6395038,icons/restaurant.png,OSM
Casablanca,Smoky Burgers,Restaurant,Formel,Smoky Burgers,33.6002528,-7.6495949,icons/restaurant.png,OSM
Casablanca,Hadramaut حضرموت,Restaurant,Formel,Avenue Tan Tan شارع طانطان,33.5993158,-7.6467935,icons/restaurant.png,OSM
Casablanca,Parfumerie Élysée,Parapharmacie,Formel,Parfumerie Élysée,33.584345,-7.633355,icons/pharmacy.png,OSM
Casablanca,Pharmacie fatma,Parapharmacie,Formel,Pharmacie fatma,33.5539146,-7.6745104,icons/pharmacy.png,OSM
Casablanca,Maison Serraj,Boulangerie,Formel,Maison Serraj,33.5701015,-7.6101969,icons/bakery.png,OSM
Casablanca,شطيبة,Supermarché,Formel,شطيبة,33.5673343,-7.5710121,icons/supermarket.png,OSM
Casablanca,الميساء,Café,Formel,الميساء,33.5671131,-7.5656521,icons/cafe.png,OSM
Casablanca,Les Quatre Cerises,Boulangerie,Formel,Boulevard Ain Taoujtate شارع عين تاوجطات,33.5950481,-7.6403319,icons/bakery.png,OSM
Casablanca,Marjane City,Supérette / Mini-market,Formel,Marjane City,33.5864409,-7.6401334,icons/convenience.png,OSM
Casablanca,Marjane,Supermarché,Formel,Marjane,33.5616025,-7.5935293,icons/supermarket.png,OSM
Casablanca,Marché de Gros de Fruits et Legumes,Épicerie,Informel,Marché de Gros de Fruits et Legumes,33.5530365,-7.5587069,icons/greengrocer.png,OSM
Casablanca,Joutia de Derb Ghallef جوطية درب غلف,Épicerie,Informel,Joutia de Derb Ghallef جوطية درب غلف,33.5708368,-7.6297945,icons/greengrocer.png,OSM
Casablanca,Marché Lahjajma سوق لهجاجمة,Épicerie,Informel,Boulevard de Bourgogne شارع بوركون,33.5954769,-7.6503376,icons/greengrocer.png,OSM
Casablanca,Supermarché sans nom,Supermarché,Formel,Supermarché sans nom,33.5580014,-7.6189178,icons/supermarket.png,OSM
Casablanca,pharmacie lysere,Parapharmacie,Formel,pharmacie lysere,33.5579434,-7.6215994,icons/pharmacy.png,OSM
Casablanca,Supermarché sans nom,Supermarché,Formel,Supermarché sans nom,33.5562672,-7.6171274,icons/supermarket.png,OSM
Casablanca,Pharmaice Al Amne,Parapharmacie,Formel,Rue du Golo,33.5561984,-7.6173977,icons/pharmacy.png,OSM
Casablanca,Parapharmacie sans nom,Parapharmacie,Formel,Parapharmacie sans nom,33.5819813,-7.6753431,icons/pharmacy.png,OSM
Casablanca,Marjane,Supermarché,Formel,Marjane,33.5602836,-7.5614755,icons/supermarket.png,OSM
Casablanca,Café sans nom,Café,Formel,Café sans nom,33.5652069,-7.5564015,icons/cafe.png,OSM
Casablanca,Dam-Dam,Restaurant,Formel,Dam-Dam,33.5652027,-7.5563348,icons/restaurant.png,OSM
Casablanca,al joulane,Parapharmacie,Formel,al joulane,33.5461206,-7.5641194,icons/pharmacy.png,OSM
Casablanca,Marché Al Oulfa,Épicerie,Informel,Marché Al Oulfa,33.5545263,-7.680338,icons/greengrocer.png,OSM
Casablanca,Café le Lagon,Café,Formel,"Boulevard Oued Oum Rbia, Casablanca",33.5554023,-7.6845755,icons/cafe.png,OSM
Casablanca,Boca,Café,Formel,Boca,33.5261768,-7.6420676,icons/cafe.png,OSM
Casablanca,Souk Al Mtlashiyat سوق المتلاشيات,Épicerie,Informel,Souk Al Mtlashiyat سوق المتلاشيات,33.5417149,-7.556075,icons/greengrocer.png,OSM
Casablanca,Kissariat Hay Mohammadi,Épicerie,Informel,Kissariat Hay Mohammadi,33.5860206,-7.562441,icons/greengrocer.png,OSM
Casablanca,Souk Selk,Épicerie,Informel,Souk Selk,33.5716207,-7.677402,icons/greengrocer.png,OSM
Casablanca,Le Marché couvert du derb lakdim السوق المغطى للدرب القديم,Épicerie,Informel,Le Marché couvert du derb lakdim السوق المغطى للدرب القديم,33.5521862,-7.5993336,icons/greengrocer.png,OSM
Casablanca,Parapharmacie sans nom,Parapharmacie,Formel,Boulevard Modibo Keita,33.5617115,-7.617121,icons/pharmacy.png,OSM
Casablanca,Marché des Fleurs,Épicerie,Informel,Marché des Fleurs,33.5823862,-7.6202913,icons/greengrocer.png,OSM
Casablanca,Pharmacie Bab Taddart,Parapharmacie,Formel,Route de Taddart,33.5597518,-7.6263099,icons/pharmacy.png,OSM
Casablanca,Atacadão,Supermarché,Formel,Atacadão,33.5960324,-7.5225868,icons/supermarket.png,OSM
Casablanca,Épicerie sans nom,Épicerie,Informel,Épicerie sans nom,33.5856217,-7.6107419,icons/greengrocer.png,OSM
Casablanca,Souk Ould Mina,Épicerie,Informel,Souk Ould Mina,33.5685171,-7.6740623,icons/greengrocer.png,OSM
Casablanca,Marjane,Supermarché,Formel,Marjane,33.5662976,-7.6760715,icons/supermarket.png,OSM
Casablanca,BİM,Supermarché,Formel,"Rue de La Douane, Casablanca",33.6001813,-7.616268,icons/supermarket.png,OSM
Casablanca,Acima آسيما,Supermarché,Formel,Acima آسيما,33.5395458,-7.6016523,icons/supermarket.png,OSM
Casablanca,Vidange,Supérette / Mini-market,Formel,Boulevard de la Résistance,33.5897877,-7.6041349,icons/convenience.png,OSM
Casablanca,Poissons & Fruits de Mar Bhaylisa,Épicerie,Informel,Boulevard Oued Oum Rbia,33.5540541,-7.6882616,icons/greengrocer.png,OSM
Casablanca,Cafe Torana,Café,Formel,Boulevard d'Oued Oum Rabia,33.559995,-7.6753463,icons/cafe.png,OSM
Casablanca,Épicerie sans nom,Épicerie,Informel,Épicerie sans nom,33.5860481,-7.5533292,icons/greengrocer.png,OSM
Casablanca,Al-Amal,Parapharmacie,Formel,Boulevard Ibn Zair Abdessalam,33.5845373,-7.562482,icons/pharmacy.png,OSM
Casablanca,Parapharmacie,Parapharmacie,Formel,Route de Rabat,33.6042897,-7.5297001,icons/pharmacy.png,OSM
Casablanca,Pharmacie Central,Parapharmacie,Formel,Rue Hommane Al Fatwaki,33.5923667,-7.6091624,icons/pharmacy.png,OSM
Casablanca,Café Jbel Hebri,Café,Formel,Rue Léon l'Africain,33.595661,-7.6101719,icons/cafe.png,OSM
Casablanca,Place Ahmed Mekouar,Parapharmacie,Formel,Boulevard de la Gare,33.612772,-7.5317453,icons/pharmacy.png,OSM
Casablanca,Épicerie sans nom,Épicerie,Informel,Épicerie sans nom,33.5655786,-7.5542405,icons/greengrocer.png,OSM
Casablanca,Pharmacie Choura,Parapharmacie,Formel,Boulevard Ibn Al Ouannane,33.595657,-7.5610861,icons/pharmacy.png,OSM
Casablanca,Parapharmacie sans nom,Parapharmacie,Formel,Boulevard Okba Bnou Nafie,33.5828745,-7.5682548,icons/pharmacy.png,OSM
Casablanca,Parapharmacie sans nom,Parapharmacie,Formel,Boulevard Okba Bnou Nafie,33.5760287,-7.5442647,icons/pharmacy.png,OSM
Casablanca,Traumedic,Parapharmacie,Formel,Rue de l'Hérault,33.557548,-7.6104928,icons/pharmacy.png,OSM
Casablanca,Épicerie sans nom,Épicerie,Informel,Rue Ibn Khaldoun,33.5778142,-7.6055596,icons/greengrocer.png,OSM
Casablanca,Adosani,Café,Formel,Boulevard Imam Chafii,33.6202084,-7.486741,icons/cafe.png,OSM
Casablanca,Épicerie sans nom,Épicerie,Informel,Épicerie sans nom,33.5735817,-7.6027141,icons/greengrocer.png,OSM
Casablanca,Épicerie sans nom,Épicerie,Informel,Épicerie sans nom,33.5724291,-7.60293,icons/greengrocer.png,OSM
Casablanca,Épicerie sans nom,Épicerie,Informel,Épicerie sans nom,33.5730487,-7.6052688,icons/greengrocer.png,OSM
Casablanca,Épicerie sans nom,Épicerie,Informel,Rue du Palais du Sultan,33.5787103,-7.6049657,icons/greengrocer.png,OSM
Casablanca,Pharmacie Ghziwat,Parapharmacie,Formel,Pharmacie Ghziwat,33.5420687,-7.6345011,icons/pharmacy.png,OSM
Casablanca,Papparoti Café,Café,Formel,Papparoti Café,33.6083048,-7.4806766,icons/cafe.png,OSM
Casablanca,Parapharmacie sans nom,Parapharmacie,Formel,Rue Mohamed Al Hayani,33.5664743,-7.6283433,icons/pharmacy.png,OSM
Casablanca,Épicerie sans nom,Épicerie,Informel,Épicerie sans nom,33.6380043,-7.4517062,icons/greengrocer.png,OSM
Casablanca,Épicerie sans nom,Épicerie,Informel,Épicerie sans nom,33.609642,-7.5155819,icons/greengrocer.png,OSM
Casablanca,Épicerie sans nom,Épicerie,Informel,Épicerie sans nom,33.6372498,-7.4507549,icons/greengrocer.png,OSM
Casablanca,Pharmacie Menara,Parapharmacie,Formel,Rue 1,33.5683974,-7.6098351,icons/pharmacy.png,OSM
Casablanca,Para & Pharmacie,Parapharmacie,Formel,Rue 2,33.529637,-7.5966943,icons/pharmacy.png,OSM
Casablanca,Espace Danisma,Café,Formel,Boulevard Oued Sebou,33.5528259,-7.6770769,icons/cafe.png,OSM
Casablanca,Cafe Kamal,Café,Formel,Rue 177,33.5526403,-7.6771205,icons/cafe.png,OSM
Casablanca,KFC,Restaurant,Formel,الدار البيضاء,33.5873876,-7.6850644,icons/restaurant.png,OSM
Casablanca,Marché De L'Oasis,Épicerie,Informel,Marché De L'Oasis,33.5567134,-7.6350995,icons/greengrocer.png,OSM
Casablanca,Supermarché sans nom,Supermarché,Formel,Supermarché sans nom,33.5521582,-7.6427512,icons/supermarket.png,OSM
Casablanca,Parapharmacie sans nom,Parapharmacie,Formel,Parapharmacie sans nom,33.5521537,-7.6401432,icons/pharmacy.png,OSM
Casablanca,Café sans nom,Café,Formel,Café sans nom,33.6083797,-7.4997145,icons/cafe.png,OSM
Casablanca,Épicerie sans nom,Épicerie,Informel,Casablanca ⵜⴰⴷⴷⴰⵔⵜ ⵜⵓⵎⵍⵉⵍⵜ الدار البيضاء,33.6085329,-7.5115367,icons/greengrocer.png,OSM
Casablanca,Supermarché sans nom,Supermarché,Formel,Supermarché sans nom,33.6136183,-7.5064635,icons/supermarket.png,OSM
Casablanca,سوق طارق,Épicerie,Informel,سوق طارق,33.6099527,-7.5157466,icons/greengrocer.png,OSM
Casablanca,Épicerie sans nom,Épicerie,Informel,Épicerie sans nom,33.6147985,-7.4974842,icons/greengrocer.png,OSM
Casablanca,Famagusta,Café,Formel,Famagusta,33.5318053,-7.6168265,icons/cafe.png,OSM
Casablanca,Les terrases des près,Café,Formel,"Route d'Azemmour, Casablanca",33.5329323,-7.7486462,icons/cafe.png,OSM
Casablanca,Bolzano Ice,Café,Formel,Bolzano Ice,33.6088714,-7.5287159,icons/cafe.png,OSM
Casablanca,Espace La Flandre,Café,Formel,Espace La Flandre,33.6141298,-7.5310306,icons/cafe.png,OSM
Casablanca,Le Château d'Or,Café,Formel,Le Château d'Or,33.616962,-7.5329122,icons/cafe.png,OSM
Casablanca,Café sans nom,Café,Formel,Café sans nom,33.6165098,-7.5327003,icons/cafe.png,OSM
Casablanca,Pomme de Pain,Café,Formel,Pomme de Pain,33.6232652,-7.524987,icons/cafe.png,OSM
Casablanca,Café sans nom,Café,Formel,Café sans nom,33.6210096,-7.5318542,icons/cafe.png,OSM
Casablanca,Marché de gros des légumes et des fruits de Casablanca,Épicerie,Informel,"Avenue du Commandant Idriss Elharti, arrondissement de Sidi Othmane مقاطعة سيدي عثمان",33.5532479,-7.5584464,icons/greengrocer.png,OSM
Casablanca,Hay Mohammadi Market (Souika),Épicerie,Informel,Hay Mohammadi Market (Souika),33.5855619,-7.5638238,icons/greengrocer.png,OSM
Casablanca,marché ousra,Épicerie,Informel,marché ousra,33.5351836,-7.5814558,icons/greengrocer.png,OSM
Casablanca,Épicerie sans nom,Épicerie,Informel,Épicerie sans nom,33.5820348,-7.5662054,icons/greengrocer.png,OSM
Casablanca,Marché Ain Choc,Épicerie,Informel,Marché Ain Choc,33.5475865,-7.5974569,icons/greengrocer.png,OSM
Casablanca,Supermarché sans nom,Supermarché,Formel,Supermarché sans nom,33.5989474,-7.5751425,icons/supermarket.png,OSM
Casablanca,Paul,Boulangerie,Formel,Paul,33.5704321,-7.6664915,icons/bakery.png,OSM
Casablanca,Kiosque sans nom,Kiosque,Informel,Kiosque sans nom,33.5818573,-7.6484646,icons/kiosk.png,OSM
Casablanca,Kiosque sans nom,Kiosque,Informel,Kiosque sans nom,33.5839461,-7.6443584,icons/kiosk.png,OSM
Casablanca,Kiosque sans nom,Kiosque,Informel,Kiosque sans nom,33.5840114,-7.6495285,icons/kiosk.png,OSM
Casablanca,Carrefour,Supermarché,Formel,Carrefour,33.5290416,-7.5930685,icons/supermarket.png,OSM
Casablanca,Marché Typique Sekkat,Épicerie,Informel,Marché Typique Sekkat,33.5468004,-7.5871728,icons/greengrocer.png,OSM
Casablanca,Marché Al Khiam,Épicerie,Informel,Marché Al Khiam,33.5460403,-7.5862771,icons/greengrocer.png,OSM
Casablanca,Épicerie sans nom,Épicerie,Informel,Épicerie sans nom,33.5840376,-7.4775738,icons/greengrocer.png,OSM
Casablanca,Café sans nom,Café,Formel,Café sans nom,33.6156841,-7.498478,icons/cafe.png,OSM
Casablanca,Café sans nom,Café,Formel,Café sans nom,33.6085577,-7.5212534,icons/cafe.png,OSM
Casablanca,Café sans nom,Café,Formel,Café sans nom,33.6081907,-7.5223525,icons/cafe.png,OSM
Casablanca,Café sans nom,Café,Formel,Café sans nom,33.5946605,-7.6124451,icons/cafe.png,OSM
Casablanca,Restaurant sans nom,Restaurant,Formel,Restaurant sans nom,33.5950205,-7.6122345,icons/restaurant.png,OSM
