Zone,Nom,Catégorie,Statut,Adresse,Latitude,Longitude,Image,Source
Marrakech-Safi,McDonald's,Restaurant,Formel,McDonald's,31.6331559,-8.0088887,icons/restaurant.png,OSM
Marrakech-Safi,Al Fassia,Restaurant,Formel,"Boulevard Mohammed Zerktouni, Marrakech",31.6359916,-8.0133642,icons/restaurant.png,OSM
Marrakech-Safi,Café Bousafsaf,Café,Formel,Café Bousafsaf,31.641836,-8.0026233,icons/cafe.png,OSM
Marrakech-Safi,Parapharmacie sans nom,Parapharmacie,Formel,Parapharmacie sans nom,31.2293552,-7.6691471,icons/pharmacy.png,OSM
Marrakech-Safi,Zwin Zwin café,Restaurant,Formel,"Rue El Moustachfa, Marrakech",31.6219848,-7.9884598,icons/restaurant.png,OSM
Marrakech-Safi,Narwama,Restaurant,Formel,"Rue Koutoubia, Marrakech",31.6260554,-7.9922352,icons/restaurant.png,OSM
Marrakech-Safi,Grand Balcon du Café Glacier,Café,Formel,Grand Balcon du Café Glacier,31.6253377,-7.9883071,icons/cafe.png,OSM
Marrakech-Safi,Les Premices,Café,Formel,Les Premices,31.6252093,-7.987833,icons/cafe.png,OSM
Marrakech-Safi,Taj'in Darna,Restaurant,Formel,Taj'in Darna,31.6254632,-7.9877675,icons/restaurant.png,OSM
Marrakech-Safi,Toubkal,Restaurant,Formel,Toubkal,31.6254141,-7.9877413,icons/restaurant.png,OSM
Marrakech-Safi,Café Argana,Restaurant,Formel,Café Argana,31.6266252,-7.9889459,icons/restaurant.png,OSM
Marrakech-Safi,Aqua,Café,Formel,Aqua,31.6261349,-7.9874794,icons/cafe.png,OSM
Marrakech-Safi,La Farmacie,Restaurant,Formel,"Rue des Banques, Marrakech Medina",31.626511,-7.9872135,icons/restaurant.png,OSM
Marrakech-Safi,Café de France,Café,Formel,Café de France,31.6263381,-7.987307,icons/cafe.png,OSM
Marrakech-Safi,Les Terrasses de l'Alhambra,Restaurant,Formel,Les Terrasses de l'Alhambra,31.6267722,-7.9875678,icons/restaurant.png,OSM
Marrakech-Safi,Café des Epices,Café,Formel,"75 Rahba Lakdima, Marrakech",31.6290624,-7.9873234,icons/cafe.png,OSM
Marrakech-Safi,Un Déjeuner à Marrakech,Restaurant,Formel,"Douar Graoua, Marrakech",31.6240078,-7.9849483,icons/restaurant.png,OSM
Marrakech-Safi,Chez Chegrouni,Restaurant,Formel,Place Djemaa Al Fnaa,31.6267243,-7.9871002,icons/restaurant.png,OSM
Marrakech-Safi,Bougainvillea,Café,Formel,Bougainvillea,31.6298432,-7.9899252,icons/cafe.png,OSM
Marrakech-Safi,Café Arabe,Restaurant,Formel,"rue Mouassine, Marrakech",31.6307879,-7.9893484,icons/restaurant.png,OSM
Marrakech-Safi,Yochkad Supermarché,Supermarché,Formel,"Boulevard Moulay Rachid, Marrakech",31.6327017,-8.0123764,icons/supermarket.png,OSM
Marrakech-Safi,Acima,Supermarché,Formel,Acima,31.6371714,-8.0179297,icons/supermarket.png,OSM
Marrakech-Safi,Pizza Hut,Restaurant,Formel,Pizza Hut,31.6300985,-8.0044276,icons/restaurant.png,OSM
Marrakech-Safi,Carrefour,Supermarché,Formel,Carrefour,31.592773,-7.9863483,icons/supermarket.png,OSM
Marrakech-Safi,Le Charlot,Café,Formel,Le Charlot,31.6306645,-8.0044857,icons/cafe.png,OSM
Marrakech-Safi,Ait Bougumez,Restaurant,Formel,Ait Bougumez,31.6216083,-7.9911376,icons/restaurant.png,OSM
Marrakech-Safi,El Marini,Supérette / Mini-market,Formel,El Marini,31.6308302,-8.0072135,icons/convenience.png,OSM
Marrakech-Safi,Pharmacie El Janoub صيدلية الجنوب,Parapharmacie,Formel,"Rue Chajarat el Filine, Marrakech",31.6197141,-8.0517407,icons/pharmacy.png,OSM
Marrakech-Safi,La Petite Perle,Restaurant,Formel,La Petite Perle,31.5124742,-9.7711049,icons/restaurant.png,OSM
Marrakech-Safi,Chez Ben Mostafa,Restaurant,Formel,Chez Ben Mostafa,31.5123454,-9.7719927,icons/restaurant.png,OSM
Marrakech-Safi,Restaurant sans nom,Restaurant,Formel,Restaurant sans nom,31.5108633,-9.7723079,icons/restaurant.png,OSM
Marrakech-Safi,Superette Fath,Supermarché,Formel,Superette Fath,31.5031204,-9.7588506,icons/supermarket.png,OSM
Marrakech-Safi,Borj,Parapharmacie,Formel,Borj,31.5029762,-9.7592422,icons/pharmacy.png,OSM
Marrakech-Safi,tobaco,Supérette / Mini-market,Formel,tobaco,31.5072848,-9.7609827,icons/convenience.png,OSM
Marrakech-Safi,La Maison Gourmande,Café,Formel,"lot Borj, Essaouira الصويرة",31.5038705,-9.7582363,icons/cafe.png,OSM
Marrakech-Safi,tobacco,Supérette / Mini-market,Formel,tobacco,31.5016329,-9.7581213,icons/convenience.png,OSM
Marrakech-Safi,Café sans nom,Café,Formel,Café sans nom,31.5018357,-9.757094,icons/cafe.png,OSM
Marrakech-Safi,Pharmacie Plage صيدلية الشاطئ,Parapharmacie,Formel,Essaouira,31.5054776,-9.76265,icons/pharmacy.png,OSM
Marrakech-Safi,Parapharmacie sans nom,Parapharmacie,Formel,Parapharmacie sans nom,31.5015333,-9.7583785,icons/pharmacy.png,OSM
Marrakech-Safi,Syfax billiards-espresso,Café,Formel,Syfax billiards-espresso,31.5022674,-9.756568,icons/cafe.png,OSM
Marrakech-Safi,legumes,Épicerie,Informel,legumes,31.5019805,-9.7539219,icons/greengrocer.png,OSM
Marrakech-Safi,Boulangerie sans nom,Boulangerie,Formel,Boulangerie sans nom,31.5020433,-9.7542829,icons/bakery.png,OSM
Marrakech-Safi,Supérette / Mini-market sans nom,Supérette / Mini-market,Formel,Supérette / Mini-market sans nom,31.5019473,-9.7540501,icons/convenience.png,OSM
Marrakech-Safi,Kelaa Mgouna,Restaurant,Formel,Kelaa Mgouna,31.5033698,-9.7576946,icons/restaurant.png,OSM
Marrakech-Safi,Les 3 Palmier,Restaurant,Formel,Les 3 Palmier,31.5038451,-9.7585363,icons/restaurant.png,OSM
Marrakech-Safi,Chez bader,Restaurant,Formel,Chez bader,31.5016679,-9.7571799,icons/restaurant.png,OSM
Marrakech-Safi,petite,Restaurant,Formel,petite,31.5023926,-9.7561477,icons/restaurant.png,OSM
Marrakech-Safi,jus/fruit/crepe,Restaurant,Formel,jus/fruit/crepe,31.5020439,-9.7569526,icons/restaurant.png,OSM
Marrakech-Safi,Pharmacie La Mosquée صيدلية المسجد,Parapharmacie,Formel,Essaouira,31.5019629,-9.7571233,icons/pharmacy.png,OSM
Marrakech-Safi,Supérette / Mini-market sans nom,Supérette / Mini-market,Formel,Supérette / Mini-market sans nom,31.5011843,-9.753472,icons/convenience.png,OSM
Marrakech-Safi,billiard,Café,Formel,billiard,31.5015676,-9.7571233,icons/cafe.png,OSM
Marrakech-Safi,sandwich,Restaurant,Formel,sandwich,31.5052587,-9.7635678,icons/restaurant.png,OSM
Marrakech-Safi,Parapharmacie sans nom,Parapharmacie,Formel,Parapharmacie sans nom,31.5799432,-9.5401349,icons/pharmacy.png,OSM
Marrakech-Safi,Supermarché sans nom,Supermarché,Formel,Supermarché sans nom,31.5815244,-9.5411113,icons/supermarket.png,OSM
Marrakech-Safi,Restaurant sans nom,Restaurant,Formel,Restaurant sans nom,31.5811953,-9.5409825,icons/restaurant.png,OSM
Marrakech-Safi,Épicerie sans nom,Épicerie,Informel,Épicerie sans nom,31.5808663,-9.5410898,icons/greengrocer.png,OSM
Marrakech-Safi,Boutique de confiserie sans nom,Boutique de confiserie,Informel,Boutique de confiserie sans nom,31.5799523,-9.540328,icons/confectionery.png,OSM
Marrakech-Safi,Boulangerie sans nom,Boulangerie,Formel,Boulangerie sans nom,31.5803202,-9.5398168,icons/bakery.png,OSM
Marrakech-Safi,Supérette / Mini-market sans nom,Supérette / Mini-market,Formel,Supérette / Mini-market sans nom,31.5802996,-9.5411649,icons/convenience.png,OSM
Marrakech-Safi,Café sans nom,Café,Formel,Café sans nom,31.5801442,-9.5401886,icons/cafe.png,OSM
Marrakech-Safi,Restaurant sans nom,Restaurant,Formel,Restaurant sans nom,31.5802745,-9.5408892,icons/restaurant.png,OSM
Marrakech-Safi,Parapharmacie sans nom,Parapharmacie,Formel,Parapharmacie sans nom,31.5112817,-9.7601672,icons/pharmacy.png,OSM
Marrakech-Safi,Laiterie,Restaurant,Formel,Laiterie,31.5028551,-9.7576006,icons/restaurant.png,OSM
Marrakech-Safi,Chickenroaster,Restaurant,Formel,Chickenroaster,31.5053185,-9.7630662,icons/restaurant.png,OSM
Marrakech-Safi,Restaurant sans nom,Restaurant,Formel,Restaurant sans nom,31.5054671,-9.7627868,icons/restaurant.png,OSM
Marrakech-Safi,La Crevette,Restaurant,Formel,La Crevette,31.5051398,-9.763324,icons/restaurant.png,OSM
Marrakech-Safi,Pizza Al Forno,Restaurant,Formel,Pizza Al Forno,31.5053201,-9.762913,icons/restaurant.png,OSM
Marrakech-Safi,Ch`Rif cofe resturant popolar,Café,Formel,Ch`Rif cofe resturant popolar,31.5035114,-9.7621699,icons/cafe.png,OSM
Marrakech-Safi,Châlet de la Plage,Restaurant,Formel,Châlet de la Plage,31.5102867,-9.7699301,icons/restaurant.png,OSM
Marrakech-Safi,tobacco,Supérette / Mini-market,Formel,tobacco,31.5117672,-9.7696251,icons/convenience.png,OSM
Marrakech-Safi,Restaurant sans nom,Restaurant,Formel,Restaurant sans nom,31.5143322,-9.7634103,icons/restaurant.png,OSM
Marrakech-Safi,Épicerie sans nom,Épicerie,Informel,Épicerie sans nom,31.5144168,-9.7632387,icons/greengrocer.png,OSM
Marrakech-Safi,Pharmacie Souk Tlat صيدلية سوق الثلاثاء,Parapharmacie,Formel,Ait Ourir ⴰⵢⵜ ⵓⵔⵉⵔ آيت ورير,31.5527836,-7.6687977,icons/pharmacy.png,OSM
Marrakech-Safi,Parapharmacie sans nom,Parapharmacie,Formel,Parapharmacie sans nom,31.5665846,-7.7293035,icons/pharmacy.png,OSM
Marrakech-Safi,Pharmacie Loughribi صيدلية لوغريبي,Parapharmacie,Formel,"Route de Fes, Marrakech",31.6482637,-7.9444873,icons/pharmacy.png,OSM
Marrakech-Safi,Pharmacie La Province صيدلي العمالة,Parapharmacie,Formel,"Route de Fes, Marrakech",31.6455351,-7.9818213,icons/pharmacy.png,OSM
Marrakech-Safi,Restaurant sans nom,Restaurant,Formel,Restaurant sans nom,31.6486984,-7.9412994,icons/restaurant.png,OSM
Marrakech-Safi,Restaurant sans nom,Restaurant,Formel,Restaurant sans nom,31.7493765,-7.9771267,icons/restaurant.png,OSM
Marrakech-Safi,Afriquia SIDI BOUAATHMANE,Restaurant,Formel,Afriquia SIDI BOUAATHMANE,31.9182781,-8.0239087,icons/restaurant.png,OSM
Marrakech-Safi,Souk Kafé,Restaurant,Formel,Souk Kafé,31.6317761,-7.9886906,icons/restaurant.png,OSM
Marrakech-Safi,Baashir,Café,Formel,Baashir,31.5117191,-9.7715687,icons/cafe.png,OSM
Marrakech-Safi,Cafe Baghdadia,Café,Formel,Avenue Abd El Krim El Khattabi,31.6361156,-8.0172346,icons/cafe.png,OSM
Marrakech-Safi,Argan oil shop,Supérette / Mini-market,Formel,Argan oil shop,31.5263107,-9.4541213,icons/convenience.png,OSM
Marrakech-Safi,Wednesday Market,Épicerie,Informel,Wednesday Market,31.5820435,-9.0157732,icons/greengrocer.png,OSM
Marrakech-Safi,Tourist Cafe,Café,Formel,Tourist Cafe,31.5686436,-8.9522049,icons/cafe.png,OSM
Marrakech-Safi,Café sans nom,Café,Formel,Café sans nom,31.5836247,-8.4803721,icons/cafe.png,OSM
Marrakech-Safi,asima,Supermarché,Formel,asima,32.2884173,-9.2266006,icons/supermarket.png,OSM
Marrakech-Safi,Pharmacie Al Majd صيدلية المجد,Parapharmacie,Formel,Safi,32.3090718,-9.232781,icons/pharmacy.png,OSM
Marrakech-Safi,Pharmacie Ibn Khoda صيدلية ابن خدة,Parapharmacie,Formel,Safi,32.3061928,-9.230238,icons/pharmacy.png,OSM
Marrakech-Safi,مقهى القصر,Café,Formel,مقهى القصر,32.3077411,-9.228264,icons/cafe.png,OSM
Marrakech-Safi,Café sans nom,Café,Formel,Café sans nom,32.307986,-9.2275613,icons/cafe.png,OSM
Marrakech-Safi,Café sans nom,Café,Formel,Café sans nom,32.3085391,-9.2309891,icons/cafe.png,OSM
Marrakech-Safi,Café sans nom,Café,Formel,Café sans nom,32.3091557,-9.2326199,icons/cafe.png,OSM
Marrakech-Safi,California,Café,Formel,California,32.2858408,-9.2287755,icons/cafe.png,OSM
Marrakech-Safi,Café sans nom,Café,Formel,Café sans nom,32.2864914,-9.229534,icons/cafe.png,OSM
Marrakech-Safi,Café sans nom,Café,Formel,Café sans nom,32.286836,-9.229298,icons/cafe.png,OSM
Marrakech-Safi,Épicerie sans nom,Épicerie,Informel,Épicerie sans nom,32.3066484,-9.229471,icons/greengrocer.png,OSM
Marrakech-Safi,Café sans nom,Café,Formel,Café sans nom,32.3072459,-9.235035,icons/cafe.png,OSM
Marrakech-Safi,Café sans nom,Café,Formel,Café sans nom,32.3085832,-9.2333395,icons/cafe.png,OSM
Marrakech-Safi,Pharmacie Benmira صيدلية بن ميرا,Parapharmacie,Formel,Safi,32.3072822,-9.2349116,icons/pharmacy.png,OSM
Marrakech-Safi,Kiosque sans nom,Kiosque,Informel,Kiosque sans nom,32.3089053,-9.2261995,icons/kiosk.png,OSM
Marrakech-Safi,Marché El Kilani سوق الكيلاني,Supérette / Mini-market,Formel,Marché El Kilani سوق الكيلاني,32.2920105,-9.2419065,icons/convenience.png,OSM
Marrakech-Safi,souk al 3afarit dimanche,Supérette / Mini-market,Formel,souk al 3afarit dimanche,32.2874847,-9.2393691,icons/convenience.png,OSM
Marrakech-Safi,Restaurant sans nom,Restaurant,Formel,Restaurant sans nom,32.2939287,-9.2219884,icons/restaurant.png,OSM
Marrakech-Safi,الدكدادي,Restaurant,Formel,الدكدادي,32.3094132,-9.2261488,icons/restaurant.png,OSM
Marrakech-Safi,Café sans nom,Café,Formel,Café sans nom,32.3093497,-9.2262092,icons/cafe.png,OSM
Marrakech-Safi,oscor,Café,Formel,oscor,32.2899789,-9.2274493,icons/cafe.png,OSM
Marrakech-Safi,Restaurent Maistro (Safi ),Restaurant,Formel,Restaurent Maistro (Safi ),32.2914855,-9.2323406,icons/restaurant.png,OSM
Marrakech-Safi,café plateau (Safi ),Café,Formel,café plateau (Safi ),32.2934807,-9.2353286,icons/cafe.png,OSM
Marrakech-Safi,Cafe Glacier Asala (Safi ),Café,Formel,Cafe Glacier Asala (Safi ),32.2932586,-9.2337837,icons/cafe.png,OSM
Marrakech-Safi,Restaurant sans nom,Restaurant,Formel,Restaurant sans nom,32.3070203,-9.2289586,icons/restaurant.png,OSM
Marrakech-Safi,Restaurant sans nom,Restaurant,Formel,Restaurant sans nom,32.3064762,-9.2299939,icons/restaurant.png,OSM
Marrakech-Safi,Café sans nom,Café,Formel,Café sans nom,32.2929593,-9.2225506,icons/cafe.png,OSM
Marrakech-Safi,Café sans nom,Café,Formel,Café sans nom,32.2935578,-9.222674,icons/cafe.png,OSM
Marrakech-Safi,Café sans nom,Café,Formel,Café sans nom,32.2925783,-9.2215313,icons/cafe.png,OSM
Marrakech-Safi,Restaurant sans nom,Restaurant,Formel,Restaurant sans nom,32.3095592,-9.2262148,icons/restaurant.png,OSM
Marrakech-Safi,Les Maîtres du Pain,Boulangerie,Formel,Les Maîtres du Pain,31.6399883,-8.0235043,icons/bakery.png,OSM
Marrakech-Safi,Boulangerie sans nom,Boulangerie,Formel,Boulangerie sans nom,31.5123475,-9.7659373,icons/bakery.png,OSM
Marrakech-Safi,Dar Moha,Restaurant,Formel,Rue Dar El Bacha,31.6313665,-7.9932671,icons/restaurant.png,OSM
Marrakech-Safi,Kechmara,Restaurant,Formel,"Rue de la Liberté, Marrakech",31.6341509,-8.0133768,icons/restaurant.png,OSM
Marrakech-Safi,Grand Café de la Poste,Restaurant,Formel,Grand Café de la Poste,31.6331197,-8.010006,icons/restaurant.png,OSM
Marrakech-Safi,Musèe de Marrakech,Café,Formel,Musèe de Marrakech,31.6316273,-7.9863832,icons/cafe.png,OSM
Marrakech-Safi,Restaurant sans nom,Restaurant,Formel,Restaurant sans nom,31.3516216,-8.1415783,icons/restaurant.png,OSM
Marrakech-Safi,Chez les Frères عند الإخوة,Restaurant,Formel,الصويرة,31.5146033,-9.771573,icons/restaurant.png,OSM
Marrakech-Safi,La Triskalla,Restaurant,Formel,"Rue Touahen, Essaouira",31.5148342,-9.7715166,icons/restaurant.png,OSM
Marrakech-Safi,darb koutour درب كوتور,Restaurant,Formel,darb koutour درب كوتور,31.513544,-9.7715116,icons/restaurant.png,OSM
Marrakech-Safi,Restaurant sans nom,Restaurant,Formel,Restaurant sans nom,31.513544,-9.768107,icons/restaurant.png,OSM
Marrakech-Safi,Restaurant sans nom,Restaurant,Formel,Restaurant sans nom,31.514417,-9.7673973,icons/restaurant.png,OSM
Marrakech-Safi,Supermarché sans nom,Supermarché,Formel,Supermarché sans nom,31.6360735,-7.9973076,icons/supermarket.png,OSM
Marrakech-Safi,Belgueni,Restaurant,Formel,Belgueni,31.6384177,-8.0176395,icons/restaurant.png,OSM
Marrakech-Safi,Carrefour Market,Supermarché,Formel,Carrefour Market,31.6285279,-8.0025701,icons/supermarket.png,OSM
Marrakech-Safi,Les Négociants,Café,Formel,Les Négociants,31.6359832,-8.0140914,icons/cafe.png,OSM
Marrakech-Safi,Aswak Assalam,Supermarché,Formel,Aswak Assalam,31.6365412,-8.0003316,icons/supermarket.png,OSM
Marrakech-Safi,La Trattoria,Restaurant,Formel,La Trattoria,31.63384,-8.0151742,icons/restaurant.png,OSM
Marrakech-Safi,souk asni ⵙⵙⵓⵇ ⵏ ⴰⵙⵏⵉ,Épicerie,Informel,souk asni ⵙⵙⵓⵇ ⵏ ⴰⵙⵏⵉ,31.2492517,-7.9784247,icons/greengrocer.png,OSM
Marrakech-Safi,Pharmacie Populaire الصيدلية الشعبية,Parapharmacie,Formel,"Rue Riad Laarous, Marrakech",31.633907,-7.9909252,icons/pharmacy.png,OSM
Marrakech-Safi,Boulangerie sans nom,Boulangerie,Formel,Boulangerie sans nom,31.6356849,-7.9922001,icons/bakery.png,OSM
Marrakech-Safi,cafe snack laarouss,Restaurant,Formel,cafe snack laarouss,31.6338105,-7.9911718,icons/restaurant.png,OSM
Marrakech-Safi,Supérette / Mini-market sans nom,Supérette / Mini-market,Formel,Supérette / Mini-market sans nom,31.6357876,-7.9914089,icons/convenience.png,OSM
Marrakech-Safi,Restaurant Lamamakech,Restaurant,Formel,Restaurant Lamamakech,31.6341412,-7.9909577,icons/restaurant.png,OSM
Marrakech-Safi,즉석과일주스,Restaurant,Formel,즉석과일주스,31.6349701,-7.9909636,icons/restaurant.png,OSM
Marrakech-Safi,Supérette / Mini-market sans nom,Supérette / Mini-market,Formel,Supérette / Mini-market sans nom,31.0270764,-8.1356764,icons/convenience.png,OSM
Marrakech-Safi,Supérette / Mini-market sans nom,Supérette / Mini-market,Formel,Supérette / Mini-market sans nom,31.1086034,-8.1337802,icons/convenience.png,OSM
Marrakech-Safi,Supérette / Mini-market sans nom,Supérette / Mini-market,Formel,Supérette / Mini-market sans nom,31.5039932,-7.9846028,icons/convenience.png,OSM
Marrakech-Safi,Restaurant sans nom,Restaurant,Formel,Restaurant sans nom,31.0254804,-9.024776,icons/restaurant.png,OSM
Marrakech-Safi,Café sans nom,Café,Formel,Café sans nom,32.2736541,-7.9695856,icons/cafe.png,OSM
Marrakech-Safi,Supérette / Mini-market sans nom,Supérette / Mini-market,Formel,Supérette / Mini-market sans nom,32.2735636,-7.9695608,icons/convenience.png,OSM
Marrakech-Safi,Restaurant sans nom,Restaurant,Formel,Restaurant sans nom,32.2736457,-7.9694694,icons/restaurant.png,OSM
Marrakech-Safi,Aire de service Immintanout,Café,Formel,Aire de service Immintanout,31.025554,-9.025012,icons/cafe.png,OSM
Marrakech-Safi,Supérette / Mini-market sans nom,Supérette / Mini-market,Formel,Supérette / Mini-market sans nom,31.0249656,-9.0235422,icons/convenience.png,OSM
Marrakech-Safi,Aire de service Immintanout,Café,Formel,Aire de service Immintanout,31.0247936,-9.0235126,icons/cafe.png,OSM
Marrakech-Safi,Restaurant sans nom,Restaurant,Formel,Restaurant sans nom,31.0246576,-9.0233276,icons/restaurant.png,OSM
Marrakech-Safi,Supérette / Mini-market sans nom,Supérette / Mini-market,Formel,Supérette / Mini-market sans nom,31.025554,-9.0248994,icons/convenience.png,OSM
Marrakech-Safi,patisserie des princes,Café,Formel,patisserie des princes,31.6240406,-7.9891579,icons/cafe.png,OSM
Marrakech-Safi,Le Chat qui Rit,Restaurant,Formel,"Rue Yougoslavie, Marrakech",31.6315028,-8.0127825,icons/restaurant.png,OSM
Marrakech-Safi,Super Marché,Épicerie,Informel,Super Marché,31.5163018,-7.8482067,icons/greengrocer.png,OSM
Marrakech-Safi,Café sans nom,Café,Formel,Café sans nom,31.5192491,-7.84936,icons/cafe.png,OSM
Marrakech-Safi,Café Restaurant Atlas,Restaurant,Formel,Café Restaurant Atlas,31.5794297,-9.0122216,icons/restaurant.png,OSM
Marrakech-Safi,Riad Dar Sohane,Restaurant,Formel,"Derb Jamaa, Marrakech",31.6237118,-7.9856406,icons/restaurant.png,OSM
Marrakech-Safi,Bo,Restaurant,Formel,Bo,31.636187,-8.0118749,icons/restaurant.png,OSM
Marrakech-Safi,Café Océan,Café,Formel,Café Océan,31.5055386,-9.7636202,icons/cafe.png,OSM
Marrakech-Safi,Le Murex,Café,Formel,Le Murex,31.5057712,-9.7636128,icons/cafe.png,OSM
Marrakech-Safi,Les Dunes de la Plage,Restaurant,Formel,Les Dunes de la Plage,31.5053913,-9.7635796,icons/restaurant.png,OSM
Marrakech-Safi,Sahrat,Restaurant,Formel,Sahrat,31.6636668,-7.8741763,icons/restaurant.png,OSM
Marrakech-Safi,Beach & Friends,Restaurant,Formel,Beach & Friends,31.4972843,-9.7630701,icons/restaurant.png,OSM
Marrakech-Safi,La Petite Algue,Restaurant,Formel,La Petite Algue,31.5040519,-9.7633714,icons/restaurant.png,OSM
Marrakech-Safi,Pharmacie Lalla Amina صيدلية للا أمينة,Parapharmacie,Formel,Essaouira ⵚⵚⵡⵉⵕⴰ الصويرة,31.5134242,-9.761614,icons/pharmacy.png,OSM
Marrakech-Safi,Parapharmacie sans nom,Parapharmacie,Formel,Parapharmacie sans nom,31.4494254,-9.7338065,icons/pharmacy.png,OSM
Marrakech-Safi,Parapharmacie sans nom,Parapharmacie,Formel,Parapharmacie sans nom,31.5073363,-9.7610029,icons/pharmacy.png,OSM
Marrakech-Safi,Sol El Luna,Restaurant,Formel,Sol El Luna,31.4546793,-9.7458447,icons/restaurant.png,OSM
Marrakech-Safi,Supérette / Mini-market sans nom,Supérette / Mini-market,Formel,Supérette / Mini-market sans nom,31.4870348,-8.6548314,icons/convenience.png,OSM
Marrakech-Safi,Café Bonjour,Café,Formel,Café Bonjour,31.4871537,-8.6548689,icons/cafe.png,OSM
Marrakech-Safi,Hippie :-) Restaurant,Restaurant,Formel,Hippie :-) Restaurant,31.3705472,-9.805204,icons/restaurant.png,OSM
Marrakech-Safi,Marjane Supermarche مرجان سوق ممتاز,Supermarché,Formel,Marjane Supermarche مرجان سوق ممتاز,31.6677964,-8.013255,icons/supermarket.png,OSM
Marrakech-Safi,16 cafe,Café,Formel,"Place du 16 Novembre, Marrakech",31.6327667,-8.0075034,icons/cafe.png,OSM
Marrakech-Safi,Fatima's store,Supérette / Mini-market,Formel,Fatima's store,31.6143006,-9.5815116,icons/convenience.png,OSM
Marrakech-Safi,Restaurant Dar Assarou,Restaurant,Formel,Imlil,31.1356388,-7.9166943,icons/restaurant.png,OSM
Marrakech-Safi,Pharmacie IMLIL,Parapharmacie,Formel,Pharmacie IMLIL,31.1366292,-7.9204038,icons/pharmacy.png,OSM
Marrakech-Safi,Café sans nom,Café,Formel,Café sans nom,31.1368936,-7.9205445,icons/cafe.png,OSM
Marrakech-Safi,Supérette / Mini-market sans nom,Supérette / Mini-market,Formel,Supérette / Mini-market sans nom,31.2927764,-8.0734236,icons/convenience.png,OSM
Marrakech-Safi,Café sans nom,Café,Formel,Marrakech,31.6239594,-7.974928,icons/cafe.png,OSM
Marrakech-Safi,Épicerie sans nom,Épicerie,Informel,Épicerie sans nom,31.6401529,-7.9839486,icons/greengrocer.png,OSM
Marrakech-Safi,Boulangerie Al Aqsa,Boulangerie,Formel,Boulangerie Al Aqsa,31.6291337,-8.0463998,icons/bakery.png,OSM
Marrakech-Safi,La Terrasse Des Epices,Restaurant,Formel,"Souk Cherifia, Marrakech",31.6310673,-7.9888763,icons/restaurant.png,OSM
Marrakech-Safi,Le Jardin,Restaurant,Formel,"rue El Jeld, Sidi Abdelaziz",31.6320477,-7.9887642,icons/restaurant.png,OSM
Marrakech-Safi,Café Du Coin,Restaurant,Formel,مولاي بوزرقطون,31.6438946,-9.6759614,icons/restaurant.png,OSM
Marrakech-Safi,Dar Lawama,Restaurant,Formel,Moulay Bouzarqtoune ⵎⵓⵍⴰⵢ ⴱⵓⵥⵕⵇⵟⵓⵏ مولاي بوزرقطون,31.6456139,-9.6770638,icons/restaurant.png,OSM
Marrakech-Safi,Al Khaima الخيمة,Restaurant,Formel,Al Khaima الخيمة,31.5139352,-9.7707996,icons/restaurant.png,OSM
Marrakech-Safi,Mermoz,Restaurant,Formel,Mermoz,31.5138323,-9.7707916,icons/restaurant.png,OSM
Marrakech-Safi,Pharmacie Hamad صيدلية حمد,Parapharmacie,Formel,Essaouira,31.5122164,-9.7709752,icons/pharmacy.png,OSM
Marrakech-Safi,Pharmacie La Kasbah صيدلية القصبة,Parapharmacie,Formel,Essaouira الصويرة,31.5129836,-9.7710801,icons/pharmacy.png,OSM
Marrakech-Safi,Cafe Terrasse Palais El Badia,Restaurant,Formel,Cafe Terrasse Palais El Badia,31.6193956,-7.9851114,icons/restaurant.png,OSM
Marrakech-Safi,Souika Boussekri,Épicerie,Informel,Souika Boussekri,31.6251905,-7.9732532,icons/greengrocer.png,OSM
Marrakech-Safi,Riad Monceau,Restaurant,Formel,Derb Chaabane,31.6244904,-7.9868587,icons/restaurant.png,OSM
Marrakech-Safi,Pharmacie de la Place صيدلية الساحة,Parapharmacie,Formel,Marrakech ⵎⵕⵕⴰⴽⵛ مراكش,31.6254905,-7.9885542,icons/pharmacy.png,OSM
Marrakech-Safi,7 Saints,Café,Formel,7 Saints,31.6252435,-7.9879349,icons/cafe.png,OSM
Marrakech-Safi,Épicerie sans nom,Épicerie,Informel,Épicerie sans nom,31.6256804,-7.98765,icons/greengrocer.png,OSM
Marrakech-Safi,Dar Jeeling,Restaurant,Formel,Dar Jeeling,31.513846,-9.7710085,icons/restaurant.png,OSM
Marrakech-Safi,Chez Kherfa,Restaurant,Formel,Avenue Laallouj,31.513764,-9.7710943,icons/restaurant.png,OSM
Marrakech-Safi,Supérette / Mini-market sans nom,Supérette / Mini-market,Formel,Supérette / Mini-market sans nom,31.478809,-9.7654831,icons/convenience.png,OSM
Marrakech-Safi,Jimi Hendrix,Restaurant,Formel,Jimi Hendrix,31.480621,-9.7658852,icons/restaurant.png,OSM
Marrakech-Safi,Restaurant sans nom,Restaurant,Formel,Restaurant sans nom,31.1576272,-7.9242431,icons/restaurant.png,OSM
Marrakech-Safi,Piscine Auberge Restaurant La Source Bleue,Restaurant,Formel,Piscine Auberge Restaurant La Source Bleue,31.2110551,-8.2514231,icons/restaurant.png,OSM
Marrakech-Safi,Supérette / Mini-market sans nom,Supérette / Mini-market,Formel,Supérette / Mini-market sans nom,31.6273279,-7.984177,icons/convenience.png,OSM
Marrakech-Safi,Earth Cafe,Restaurant,Formel,Derb el Messfloui,31.6234505,-7.9871211,icons/restaurant.png,OSM
Marrakech-Safi,Pharmacie Maatallah صيدلية معطى الله,Parapharmacie,Formel,"Avenue Al Orouba, Marrakech",31.5956758,-8.0494981,icons/pharmacy.png,OSM
Marrakech-Safi,Snack Hassan,Restaurant,Formel,Snack Hassan,31.6283547,-8.01633,icons/restaurant.png,OSM
Marrakech-Safi,Supérette / Mini-market sans nom,Supérette / Mini-market,Formel,Supérette / Mini-market sans nom,31.7193154,-8.2347464,icons/convenience.png,OSM
Marrakech-Safi,Aire de service Tamensourt,Café,Formel,Aire de service Tamensourt,31.7178489,-8.2347686,icons/cafe.png,OSM
Marrakech-Safi,Restaurant sans nom,Restaurant,Formel,Restaurant sans nom,31.7201533,-8.2347793,icons/restaurant.png,OSM
Marrakech-Safi,Supérette / Mini-market sans nom,Supérette / Mini-market,Formel,Supérette / Mini-market sans nom,31.7202355,-8.2348142,icons/convenience.png,OSM
Marrakech-Safi,Aire de service Tamensourt,Café,Formel,Aire de service Tamensourt,31.720126,-8.2346694,icons/cafe.png,OSM
Marrakech-Safi,Restaurant sans nom,Restaurant,Formel,Restaurant sans nom,31.7179356,-8.2348813,icons/restaurant.png,OSM
Marrakech-Safi,Supérette / Mini-market sans nom,Supérette / Mini-market,Formel,Supérette / Mini-market sans nom,31.9182538,-8.0238371,icons/convenience.png,OSM
Marrakech-Safi,Restaurant sans nom,Restaurant,Formel,Restaurant sans nom,31.4870923,-8.6548429,icons/restaurant.png,OSM
Marrakech-Safi,Riad Larrouss,Restaurant,Formel,Riad Larrouss,31.634787,-7.9934301,icons/restaurant.png,OSM
Marrakech-Safi,Le Grand Cafe,Café,Formel,Le Grand Cafe,31.6314845,-8.0166652,icons/cafe.png,OSM
Marrakech-Safi,ماكدونالدز,Restaurant,Formel,ماكدونالدز,31.6308828,-8.0172066,icons/restaurant.png,OSM
Marrakech-Safi,KFC,Restaurant,Formel,KFC,31.630997,-8.0172591,icons/restaurant.png,OSM
Marrakech-Safi,Café ElFarass,Café,Formel,Café ElFarass,32.2823884,-9.2277963,icons/cafe.png,OSM
Marrakech-Safi,Widady,Restaurant,Formel,Widady,32.2813998,-9.2290135,icons/restaurant.png,OSM
Marrakech-Safi,snack saada wydadi,Restaurant,Formel,snack saada wydadi,32.2813409,-9.2290993,icons/restaurant.png,OSM
Marrakech-Safi,Pharmacie Ibn Tofail صيدلية ابن طفيل,Parapharmacie,Formel,Safi,32.2826011,-9.2278187,icons/pharmacy.png,OSM
Marrakech-Safi,Supérette / Mini-market sans nom,Supérette / Mini-market,Formel,Supérette / Mini-market sans nom,32.2821983,-9.2280225,icons/convenience.png,OSM
Marrakech-Safi,Café sans nom,Café,Formel,Café sans nom,32.283608,-9.2258412,icons/cafe.png,OSM
Marrakech-Safi,Café sans nom,Café,Formel,Café sans nom,32.283359,-9.2249526,icons/cafe.png,OSM
Marrakech-Safi,Pharmacie Nabil صيدلية نبيل,Parapharmacie,Formel,Safi,32.2853034,-9.2277756,icons/pharmacy.png,OSM
Marrakech-Safi,Zenith,Café,Formel,Zenith,32.2946736,-9.2332854,icons/cafe.png,OSM
Marrakech-Safi,Café sans nom,Café,Formel,Café sans nom,32.2829905,-9.2274953,icons/cafe.png,OSM
Marrakech-Safi,Parapharmacie sans nom,Parapharmacie,Formel,Parapharmacie sans nom,32.2831119,-9.2248346,icons/pharmacy.png,OSM
Marrakech-Safi,Hanout Cucua Cula,Supérette / Mini-market,Formel,Hanout Cucua Cula,31.5003448,-9.7563849,icons/convenience.png,OSM
Marrakech-Safi,Dar Yacout,Restaurant,Formel,"derb Sidi Ahmed Soussi, Marrakech",31.6365673,-7.9934804,icons/restaurant.png,OSM
Marrakech-Safi,Amandine,Boutique de confiserie,Informel,Amandine,31.6340116,-8.0152102,icons/confectionery.png,OSM
Marrakech-Safi,Arborescens,Café,Formel,Arborescens,31.7600535,-7.976987,icons/cafe.png,OSM
Marrakech-Safi,Cafe Amalou,Café,Formel,Cafe Amalou,31.6355948,-8.0171016,icons/cafe.png,OSM
Marrakech-Safi,Les Printemps,Restaurant,Formel,Les Printemps,31.6344129,-8.0154962,icons/restaurant.png,OSM
Marrakech-Safi,Boulengerie Patisserie Imouzzar,Boulangerie,Formel,Boulengerie Patisserie Imouzzar,31.6326541,-8.0160305,icons/bakery.png,OSM
Marrakech-Safi,Épicerie sans nom,Épicerie,Informel,Épicerie sans nom,31.633277,-8.0148569,icons/greengrocer.png,OSM
Marrakech-Safi,Supérette / Mini-market sans nom,Supérette / Mini-market,Formel,Supérette / Mini-market sans nom,31.6333967,-8.01488,icons/convenience.png,OSM
Marrakech-Safi,Pharmacie Palacio صيدلية بلاسيو,Parapharmacie,Formel,"Rue Mohammed El Bekal, Marrakech",31.6334989,-8.0151196,icons/pharmacy.png,OSM
Marrakech-Safi,Restaurant sans nom,Restaurant,Formel,Restaurant sans nom,31.6337749,-8.014941,icons/restaurant.png,OSM
Marrakech-Safi,Pharmacie Abdelkrim El Khattabi صيدلية عبد الكريم الخطابي,Parapharmacie,Formel,"Boulevard Mohammed Abdelkaraim el Khattabi, Marrakech",31.635834,-8.017145,icons/pharmacy.png,OSM
Marrakech-Safi,عند يوسف,Restaurant,Formel,عند يوسف,31.5139997,-9.7705657,icons/restaurant.png,OSM
Marrakech-Safi,Chez Brahim,Restaurant,Formel,Derb Dabachi,31.6269928,-7.9860251,icons/restaurant.png,OSM
Marrakech-Safi,Mazel Cafe,Restaurant,Formel,Mazel Cafe,31.6196593,-7.9850195,icons/restaurant.png,OSM
Marrakech-Safi,Nespresso,Café,Formel,Nespresso,31.6350123,-8.0122926,icons/cafe.png,OSM
Marrakech-Safi,L'Unik,Restaurant,Formel,L'Unik,31.6327694,-8.007332,icons/restaurant.png,OSM
Marrakech-Safi,Supérette / Mini-market sans nom,Supérette / Mini-market,Formel,Supérette / Mini-market sans nom,31.6322294,-8.0055207,icons/convenience.png,OSM
Marrakech-Safi,Restaurant sans nom,Restaurant,Formel,Restaurant sans nom,31.6319109,-8.0055045,icons/restaurant.png,OSM
Marrakech-Safi,KFC,Restaurant,Formel,Avenue Hassan II,31.6318069,-8.0080838,icons/restaurant.png,OSM
Marrakech-Safi,Pharmacie Al Yamama صيدلية اليمامة,Parapharmacie,Formel,Essaouira الصويرة,31.5199895,-9.7512349,icons/pharmacy.png,OSM
Marrakech-Safi,Fish restaurant,Restaurant,Formel,Fish restaurant,31.6223154,-7.9716497,icons/restaurant.png,OSM
Marrakech-Safi,Alimentation Générale,Supérette / Mini-market,Formel,Alimentation Générale,31.6564063,-8.0130733,icons/convenience.png,OSM
Marrakech-Safi,Asmak,Restaurant,Formel,Asmak,31.6487341,-8.0073171,icons/restaurant.png,OSM
Marrakech-Safi,Gano,Café,Formel,Gano,31.6487444,-8.0071611,icons/cafe.png,OSM
Marrakech-Safi,Le Bon Goût,Café,Formel,Le Bon Goût,31.6487073,-8.0092977,icons/cafe.png,OSM
Marrakech-Safi,Le Vôtre,Boulangerie,Formel,Le Vôtre,31.6489531,-8.0076331,icons/bakery.png,OSM
Marrakech-Safi,Pharmacie Mouzdalifa صيدلية المزدلفة,Parapharmacie,Formel,"Boulevard Al Mouzdalifa, Marrakech",31.6487421,-8.0091537,icons/pharmacy.png,OSM
Marrakech-Safi,Café Pizza Radimi,Café,Formel,Café Pizza Radimi,31.6412859,-8.0004693,icons/cafe.png,OSM
Marrakech-Safi,Café Snack Mandarine,Café,Formel,Café Snack Mandarine,31.6440528,-8.0006516,icons/cafe.png,OSM
Marrakech-Safi,Red Garden,Café,Formel,Red Garden,31.6404662,-8.0010398,icons/cafe.png,OSM
Marrakech-Safi,Acimatrite,Supérette / Mini-market,Formel,Acimatrite,31.6388456,-8.0202439,icons/convenience.png,OSM
Marrakech-Safi,Chez Casanova,Restaurant,Formel,Chez Casanova,31.6376232,-8.008926,icons/restaurant.png,OSM
Marrakech-Safi,Extrablatt,Café,Formel,Extrablatt,31.6236387,-8.0030371,icons/cafe.png,OSM
Marrakech-Safi,La Flamme,Café,Formel,La Flamme,31.6380489,-8.0184065,icons/cafe.png,OSM
Marrakech-Safi,Pharmacie Hay Semlalia صيدلية حي السملالية,Parapharmacie,Formel,Marrakech,31.6465449,-8.0135084,icons/pharmacy.png,OSM
Marrakech-Safi,Rolls Café,Café,Formel,Rolls Café,31.6370392,-8.0198103,icons/cafe.png,OSM
Marrakech-Safi,Suite Marabella Marrakech,Restaurant,Formel,Suite Marabella Marrakech,31.6220842,-8.0005243,icons/restaurant.png,OSM
Marrakech-Safi,mawazine,Café,Formel,marrakech,31.6409583,-8.0458053,icons/cafe.png,OSM
Marrakech-Safi,Rahba Kedima,Café,Formel,Rahba kedima,31.6288161,-7.9870485,icons/cafe.png,OSM
Marrakech-Safi,restaurant du domaine de l'arganeraie,Restaurant,Formel,restaurant du domaine de l'arganeraie,31.4377176,-9.7432645,icons/restaurant.png,OSM
Marrakech-Safi,Red Planet,Café,Formel,Red Planet,31.6655863,-8.0094128,icons/cafe.png,OSM
Marrakech-Safi,Malysia,Café,Formel,Malysia,31.6645841,-8.0090051,icons/cafe.png,OSM
Marrakech-Safi,Kiosque sans nom,Kiosque,Informel,Kiosque sans nom,31.0321682,-7.8879382,icons/kiosk.png,OSM
Marrakech-Safi,Café sans nom,Café,Formel,Café sans nom,31.0848888,-7.9233389,icons/cafe.png,OSM
Marrakech-Safi,Café Pied de Toubkal,Café,Formel,Café Pied de Toubkal,31.0864241,-7.9174341,icons/cafe.png,OSM
Marrakech-Safi,Moon Roof,Café,Formel,Moon Roof,31.634846,-8.0187369,icons/cafe.png,OSM
Marrakech-Safi,La crêperie de Marrakech,Restaurant,Formel,La crêperie de Marrakech,31.639919,-8.0209129,icons/restaurant.png,OSM
Marrakech-Safi,Pizza Hut,Restaurant,Formel,Pizza Hut,31.6380104,-8.0209129,icons/restaurant.png,OSM
Marrakech-Safi,Wok to Walk,Restaurant,Formel,Wok to Walk,31.6350732,-8.0113011,icons/restaurant.png,OSM
Marrakech-Safi,Domino,Restaurant,Formel,Domino,31.6350298,-8.0112529,icons/restaurant.png,OSM
Marrakech-Safi,Gino,Restaurant,Formel,Gino,31.6349453,-8.0111685,icons/restaurant.png,OSM
Marrakech-Safi,Family Pizza,Restaurant,Formel,Family Pizza,31.6583647,-8.0050904,icons/restaurant.png,OSM
Marrakech-Safi,L'Amanguier,Café,Formel,L'Amanguier,31.6585141,-8.0056435,icons/cafe.png,OSM
Marrakech-Safi,Supérette / Mini-market sans nom,Supérette / Mini-market,Formel,Supérette / Mini-market sans nom,31.659106,-8.0049869,icons/convenience.png,OSM
Marrakech-Safi,Supérette / Mini-market sans nom,Supérette / Mini-market,Formel,Supérette / Mini-market sans nom,31.6598296,-8.0047255,icons/convenience.png,OSM
Marrakech-Safi,Supérette / Mini-market sans nom,Supérette / Mini-market,Formel,Supérette / Mini-market sans nom,31.6583151,-8.0039083,icons/convenience.png,OSM
Marrakech-Safi,Supérette / Mini-market sans nom,Supérette / Mini-market,Formel,Supérette / Mini-market sans nom,31.6588573,-8.0027199,icons/convenience.png,OSM
Marrakech-Safi,City Grill,Restaurant,Formel,City Grill,31.6579091,-8.0047423,icons/restaurant.png,OSM
Marrakech-Safi,Supérette / Mini-market sans nom,Supérette / Mini-market,Formel,Supérette / Mini-market sans nom,31.6271273,-7.9854539,icons/convenience.png,OSM
Marrakech-Safi,Méchoui Quessabine,Café,Formel,Marrakech Medina,31.6271351,-7.9869882,icons/cafe.png,OSM
Marrakech-Safi,Makiyato,Café,Formel,Makiyato,31.6490308,-8.0096066,icons/cafe.png,OSM
Marrakech-Safi,Neoboroca Cafe,Restaurant,Formel,Neoboroca Cafe,31.6491244,-8.0130265,icons/restaurant.png,OSM
Marrakech-Safi,Majorelle Cafe,Café,Formel,Majorelle Cafe,31.6485262,-8.013748,icons/cafe.png,OSM
Marrakech-Safi,Tipico,Restaurant,Formel,Tipico,31.6484554,-8.01363,icons/restaurant.png,OSM
Marrakech-Safi,Cuit a Huit,Restaurant,Formel,Cuit a Huit,31.647864,-8.0141074,icons/restaurant.png,OSM
Marrakech-Safi,Cafe Perla,Café,Formel,Cafe Perla,31.6558941,-8.0210892,icons/cafe.png,OSM
Marrakech-Safi,Yakht Resto,Restaurant,Formel,Yakht Resto,31.6548439,-8.0183694,icons/restaurant.png,OSM
Marrakech-Safi,Chicago,Restaurant,Formel,Chicago,31.6543886,-8.0184484,icons/restaurant.png,OSM
Marrakech-Safi,Palmy Cafe,Café,Formel,Palmy Cafe,31.6552412,-8.0180234,icons/cafe.png,OSM
Marrakech-Safi,Cafe Salyass,Café,Formel,Cafe Salyass,31.6529822,-8.0173004,icons/cafe.png,OSM
Marrakech-Safi,McHappy,Restaurant,Formel,McHappy,31.6530758,-8.0171797,icons/restaurant.png,OSM
Marrakech-Safi,Lino,Restaurant,Formel,Lino,31.653158,-8.0171019,icons/restaurant.png,OSM
Marrakech-Safi,504 Cafe & Restaurant,Restaurant,Formel,504 Cafe & Restaurant,31.6530324,-8.0169329,icons/restaurant.png,OSM
Marrakech-Safi,Taxi,Restaurant,Formel,Taxi,31.6510323,-8.0154094,icons/restaurant.png,OSM
Marrakech-Safi,Ailmentation Generale,Supérette / Mini-market,Formel,Ailmentation Generale,31.6543978,-8.0195534,icons/convenience.png,OSM
Marrakech-Safi,Pharmacie La Fountaine صيدلية النافورة,Parapharmacie,Formel,"Route de Safi, Marrakech",31.6545722,-8.0197836,icons/pharmacy.png,OSM
Marrakech-Safi,Friend's Place,Restaurant,Formel,Friend's Place,31.6552425,-8.0216429,icons/restaurant.png,OSM
Marrakech-Safi,Krusti,Boulangerie,Formel,Krusti,31.6402437,-8.0261158,icons/bakery.png,OSM
Marrakech-Safi,Niagara Pizza,Restaurant,Formel,Niagara Pizza,31.6396913,-8.0207467,icons/restaurant.png,OSM
Marrakech-Safi,Chami,Restaurant,Formel,Chami,31.6297761,-8.0050031,icons/restaurant.png,OSM
Marrakech-Safi,Istanbul,Restaurant,Formel,Istanbul,31.6298546,-8.0049496,icons/restaurant.png,OSM
Marrakech-Safi,Pharmacie Issafarnes صيدلية إسفارن,Parapharmacie,Formel,"Route de Targa, Marrakech",31.6474711,-8.0480489,icons/pharmacy.png,OSM
Marrakech-Safi,Café Lynx,Café,Formel,Café Lynx,31.657886,-8.0052091,icons/cafe.png,OSM
Marrakech-Safi,Diamanda Café,Café,Formel,Diamanda Café,31.6576975,-8.0030676,icons/cafe.png,OSM
Marrakech-Safi,Green Palm,Café,Formel,Green Palm,31.6580492,-8.0053214,icons/cafe.png,OSM
Marrakech-Safi,Le Bellaria,Café,Formel,Le Bellaria,31.6572213,-8.0047894,icons/cafe.png,OSM
Marrakech-Safi,Le Cristal,Café,Formel,Le Cristal,31.6544527,-8.0030611,icons/cafe.png,OSM
Marrakech-Safi,Pharmacie Alistiklal صيدلية الإستقلال,Parapharmacie,Formel,"Avenue 18 Novembre, Marrakech",31.6535339,-8.0084674,icons/pharmacy.png,OSM
Marrakech-Safi,Pharmacie Assif صيدلية أسيف,Parapharmacie,Formel,"Boulevard Allal El Fassi, Marrakech",31.6555646,-8.0031478,icons/pharmacy.png,OSM
Marrakech-Safi,Café Zaitouna,Café,Formel,Café Zaitouna,31.5480242,-8.7586593,icons/cafe.png,OSM
Marrakech-Safi,Pharmacie Populaire,Parapharmacie,Formel,Pharmacie Populaire,31.580749,-9.0165271,icons/pharmacy.png,OSM
Marrakech-Safi,Pharmacie Sidi El Moktar,Parapharmacie,Formel,Pharmacie Sidi El Moktar,31.5801418,-9.0145193,icons/pharmacy.png,OSM
Marrakech-Safi,psi sage,Restaurant,Formel,Avenue Allal El Fassi,31.6665831,-8.0108179,icons/restaurant.png,OSM
Marrakech-Safi,Café Amina,Café,Formel,Café Amina,31.6590576,-7.9960846,icons/cafe.png,OSM
Marrakech-Safi,Pharmacie La Victoire صيدلية النصر,Parapharmacie,Formel,"Avenue Daoudiate, Marrakech",31.6592991,-7.9970209,icons/pharmacy.png,OSM
Marrakech-Safi,Le Pain Quotidien,Boulangerie,Formel,Le Pain Quotidien,31.6494791,-8.0006708,icons/bakery.png,OSM
Marrakech-Safi,Le Spécial,Restaurant,Formel,Le Spécial,31.6519715,-7.9975877,icons/restaurant.png,OSM
Marrakech-Safi,Pharmacie Ariha صيدلية أريحا,Parapharmacie,Formel,"Boulevard Ariha, Marrakech",31.6503251,-7.9894099,icons/pharmacy.png,OSM
Marrakech-Safi,Bianco Ice,Café,Formel,Bianco Ice,31.5863676,-7.9879495,icons/cafe.png,OSM
Marrakech-Safi,Café Nour Assila,Café,Formel,Café Nour Assila,31.5974416,-8.0223508,icons/cafe.png,OSM
Marrakech-Safi,Café CTM,Café,Formel,Café CTM,31.6262639,-8.0204377,icons/cafe.png,OSM
Marrakech-Safi,Pharmacie L'Orchidée صيدلية الأوركيد,Parapharmacie,Formel,"Rue Abou Bakr Seddik, Marrakech",31.6260972,-8.0201238,icons/pharmacy.png,OSM
Marrakech-Safi,Le Café du Théâtre,Café,Formel,Le Café du Théâtre,31.6297802,-8.0162877,icons/cafe.png,OSM
Marrakech-Safi,Pharmacie Kaadoud صيدلية القعدود,Parapharmacie,Formel,"Rue Ibn Qodama, Marrakech",31.6452847,-8.0103641,icons/pharmacy.png,OSM
Marrakech-Safi,Café sans nom,Café,Formel,Café sans nom,31.6321306,-8.0162501,icons/cafe.png,OSM
Marrakech-Safi,Atlas Targe Club Restaurant,Restaurant,Formel,Atlas Targe Club Restaurant,31.6643865,-8.0658204,icons/restaurant.png,OSM
Marrakech-Safi,Assounfou,Restaurant,Formel,Assounfou,32.4983295,-7.9076335,icons/restaurant.png,OSM
Marrakech-Safi,Super Marche,Supermarché,Formel,Super Marche,32.4985018,-7.9075289,icons/supermarket.png,OSM
Marrakech-Safi,Palais Chahrmane,Restaurant,Formel,Rue Fandak,31.6197255,-7.9865193,icons/restaurant.png,OSM
Marrakech-Safi,Villa Flora,Restaurant,Formel,"Derb Azzouz, Marrakech",31.6297793,-7.9900772,icons/restaurant.png,OSM
Marrakech-Safi,La Villa des Orangers,Restaurant,Formel,"Rue Sidi Mimoun, Marrakech مراكش",31.6203219,-7.9917418,icons/restaurant.png,OSM
Marrakech-Safi,Arkech,Restaurant,Formel,Arkech,31.6237788,-8.0031206,icons/restaurant.png,OSM
Marrakech-Safi,Pharmacie Les Jardins de la Mamounia صيدلية حدائق المامونية,Parapharmacie,Formel,"Avenue Houman El Fetouaki, Marrakech ⵎⵕⵕⴰⴽⵯⵛ مراكش",31.6218621,-7.9950507,icons/pharmacy.png,OSM
Marrakech-Safi,Olivia Mar,Café,Formel,Olivia Mar,31.6335828,-8.0042473,icons/cafe.png,OSM
Marrakech-Safi,Pharmacie des Sciences صيدلية العلوم,Parapharmacie,Formel,"Avenue Prince Moulay Abdullah, Marrakech",31.6495958,-8.0141088,icons/pharmacy.png,OSM
Marrakech-Safi,Best Place,Restaurant,Formel,Best Place,31.6511379,-8.0200129,icons/restaurant.png,OSM
Marrakech-Safi,Pharmacie Tropicana صيدلية تروبيكانا,Parapharmacie,Formel,Marrakech,31.6459837,-8.0164401,icons/pharmacy.png,OSM
Marrakech-Safi,Café Atlas,Café,Formel,Café Atlas,31.6357526,-8.0145211,icons/cafe.png,OSM
Marrakech-Safi,Café Emirates,Café,Formel,Café Emirates,31.6345677,-8.0168683,icons/cafe.png,OSM
Marrakech-Safi,Café Ibno Sina,Café,Formel,Café Ibno Sina,31.6385772,-8.0177807,icons/cafe.png,OSM
Marrakech-Safi,Chez Amhane,Restaurant,Formel,Chez Amhane,31.6385024,-8.0173327,icons/restaurant.png,OSM
Marrakech-Safi,Le Diamant Vert,Restaurant,Formel,Le Diamant Vert,31.644676,-8.0192518,icons/restaurant.png,OSM
Marrakech-Safi,Naima,Restaurant,Formel,Rue Azbezd,31.6300675,-7.9850795,icons/restaurant.png,OSM
Marrakech-Safi,Kasbah Cafe,Café,Formel,Boutouil Kasbah,31.6171249,-7.9895077,icons/cafe.png,OSM
Marrakech-Safi,Complexe Solaris,Restaurant,Formel,Complexe Solaris,31.634163,-8.010838,icons/restaurant.png,OSM
Marrakech-Safi,Elite,Restaurant,Formel,Elite,31.6335198,-8.0096381,icons/restaurant.png,OSM
Marrakech-Safi,Le gueliz,Restaurant,Formel,Le gueliz,31.63377,-8.010154,icons/restaurant.png,OSM
Marrakech-Safi,Il Mare إلماري,Restaurant,Formel,"Rue Yaman زنقة يمان, الصويرة",31.5149334,-9.7719452,icons/restaurant.png,OSM
Marrakech-Safi,La Rencontre,Restaurant,Formel,La Rencontre,31.5145289,-9.7719935,icons/restaurant.png,OSM
Marrakech-Safi,Laachour,Restaurant,Formel,Laachour,31.5118498,-9.7723587,icons/restaurant.png,OSM
Marrakech-Safi,Restaurant sans nom,Restaurant,Formel,Restaurant sans nom,31.5149341,-9.7675981,icons/restaurant.png,OSM
Marrakech-Safi,Pharmacie Al Abiad صيدلية الأبيض,Parapharmacie,Formel,Marrakech,31.6156341,-8.0691573,icons/pharmacy.png,OSM
Marrakech-Safi,Boulangerie Patisserie,Boulangerie,Formel,Boulangerie Patisserie,31.6185245,-8.0603743,icons/bakery.png,OSM
Marrakech-Safi,Fran Trab,Supérette / Mini-market,Formel,Fran Trab,31.620043,-8.0585352,icons/convenience.png,OSM
Marrakech-Safi,Boulangerie Patisserie,Boulangerie,Formel,Boulangerie Patisserie,31.6151975,-8.0688341,icons/bakery.png,OSM
Marrakech-Safi,Henna Cafe,Café,Formel,Arset Aouzal Souikat,31.631592,-7.9942543,icons/cafe.png,OSM
Marrakech-Safi,Jad Mahal,Restaurant,Formel,Marrakech,31.6220131,-8.0002174,icons/restaurant.png,OSM
Marrakech-Safi,Le Grand Salon,Restaurant,Formel,Le Grand Salon,31.6720075,-7.9288065,icons/restaurant.png,OSM
Marrakech-Safi,Le Foundouk,Restaurant,Formel,Rue Souk El Fassi,31.631923,-7.9848998,icons/restaurant.png,OSM
Marrakech-Safi,Fouquet's,Restaurant,Formel,Rue DJebel Alakhdar,31.628966,-7.9968979,icons/restaurant.png,OSM
Marrakech-Safi,Riad des Mers,Restaurant,Formel,"Derb Sidi Massoud, Marrakech",31.6376136,-7.9953947,icons/restaurant.png,OSM
Marrakech-Safi,Le Stylia,Restaurant,Formel,Rue El Ksour,31.6280385,-7.99123,icons/restaurant.png,OSM
Marrakech-Safi,Epicurien Marrakech,Restaurant,Formel,Rue Ibrahim El Mazini,31.621336,-8.0047475,icons/restaurant.png,OSM
Marrakech-Safi,Restaurant sans nom,Restaurant,Formel,Restaurant sans nom,31.6588518,-8.0229945,icons/restaurant.png,OSM
Marrakech-Safi,Les Jardins de la Medina Restaurant,Restaurant,Formel,Les Jardins de la Medina Restaurant,31.6119695,-7.987269,icons/restaurant.png,OSM
Marrakech-Safi,Le Studio,Restaurant,Formel,"Boulevard Moulay Rachid, Marrakech",31.6324665,-8.0111294,icons/restaurant.png,OSM
Marrakech-Safi,Bo&Zin,Restaurant,Formel,Route de l`Ourika,31.5737775,-7.9813622,icons/restaurant.png,OSM
Marrakech-Safi,Le Bistrot Loft,Restaurant,Formel,"Rue de la Liberté, Marrakech",31.6347751,-8.0129847,icons/restaurant.png,OSM
Marrakech-Safi,Le Tobsil,Restaurant,Formel,"Derb Moulay Abdellah Ben Hessein, Marrakech",31.6272423,-7.9928021,icons/restaurant.png,OSM
Marrakech-Safi,Le Zinc,Restaurant,Formel,"rue Principale, Marrakech",31.6691087,-8.0426274,icons/restaurant.png,OSM
Marrakech-Safi,La Villa Canaille,Restaurant,Formel,"Rue Ksar El Kebir, Marrakech",31.6215726,-8.0075473,icons/restaurant.png,OSM
Marrakech-Safi,Épicerie sans nom,Épicerie,Informel,Épicerie sans nom,31.631724,-8.0092494,icons/greengrocer.png,OSM
Marrakech-Safi,Café sans nom,Café,Formel,Café sans nom,31.9017658,-7.9422314,icons/cafe.png,OSM
Marrakech-Safi,Kechburger,Restaurant,Formel,Kechburger,31.641627,-8.0176066,icons/restaurant.png,OSM
Marrakech-Safi,Dar Marjana,Restaurant,Formel,Dar Marjana,31.631811,-7.9931581,icons/restaurant.png,OSM
Marrakech-Safi,Catanzaro,Restaurant,Formel,Catanzaro,31.6349003,-8.0104773,icons/restaurant.png,OSM
Marrakech-Safi,Jo's,Restaurant,Formel,Jo's,31.6337316,-8.0151322,icons/restaurant.png,OSM
Marrakech-Safi,Mamma Mia,Restaurant,Formel,Mamma Mia,31.6345916,-8.0131709,icons/restaurant.png,OSM
Marrakech-Safi,Winoo,Restaurant,Formel,Winoo,31.6324814,-8.0116256,icons/restaurant.png,OSM
Marrakech-Safi,Angsana Si Said,Restaurant,Formel,Angsana Si Said,31.6227127,-7.9838891,icons/restaurant.png,OSM
Marrakech-Safi,Souk el Maasi,Épicerie,Informel,Souk el Maasi,31.6289761,-7.9872974,icons/greengrocer.png,OSM
Marrakech-Safi,Le Salama,Restaurant,Formel,Le Salama,31.6262683,-7.9867501,icons/restaurant.png,OSM
Marrakech-Safi,Opera,Restaurant,Formel,Opera,31.5126265,-9.7718468,icons/restaurant.png,OSM
Marrakech-Safi,Pasta Baladin Bab Skala,Restaurant,Formel,Pasta Baladin Bab Skala,31.5146012,-9.772116,icons/restaurant.png,OSM
Marrakech-Safi,M'Riste Jouhar,Restaurant,Formel,M'Riste Jouhar,31.5138639,-9.7717895,icons/restaurant.png,OSM
Marrakech-Safi,La Licorne,Restaurant,Formel,La Licorne,31.5133409,-9.7724803,icons/restaurant.png,OSM
Marrakech-Safi,Imlil Snack Bar,Restaurant,Formel,Imlil Snack Bar,31.626188,-7.9917683,icons/restaurant.png,OSM
Marrakech-Safi,Le Sirocco,Restaurant,Formel,"Rue Ibn Choud, Essaouira",31.5134623,-9.7720267,icons/restaurant.png,OSM
Marrakech-Safi,Dar Tata,Restaurant,Formel,Dar Tata,31.514439,-9.7676614,icons/restaurant.png,OSM
Marrakech-Safi,Relais de Paris,Restaurant,Formel,Relais de Paris,31.6258677,-7.992162,icons/restaurant.png,OSM
Marrakech-Safi,Souk des maroquiniers,Épicerie,Informel,Souk des maroquiniers,31.6294598,-7.9873271,icons/greengrocer.png,OSM
Marrakech-Safi,Earth Cafe,Restaurant,Formel,Derb Nakous,31.6202259,-7.985379,icons/restaurant.png,OSM
Marrakech-Safi,Sicilia,Restaurant,Formel,Sicilia,31.5128748,-9.771672,icons/restaurant.png,OSM
Marrakech-Safi,Les Alizes,Restaurant,Formel,Les Alizes,31.513317,-9.7724777,icons/restaurant.png,OSM
Marrakech-Safi,Souq El Kessabine,Épicerie,Informel,Souq El Kessabine,31.6270836,-7.9867229,icons/greengrocer.png,OSM
Marrakech-Safi,Chez Aladin le Berbere,Restaurant,Formel,Chez Aladin le Berbere,31.5137421,-9.7708766,icons/restaurant.png,OSM
Marrakech-Safi,Palais Gharnata,Restaurant,Formel,"Derb El Arsa Riad Zitoun Jdid, Marrakech",31.6220875,-7.9831205,icons/restaurant.png,OSM
Marrakech-Safi,Le Patio,Restaurant,Formel,Le Patio,31.5130285,-9.7712263,icons/restaurant.png,OSM
Marrakech-Safi,Pepe Nero,Restaurant,Formel,"Derb Cherkaoui, Marrakech",31.6252725,-7.9839116,icons/restaurant.png,OSM
Marrakech-Safi,Les Jardins des Bala,Restaurant,Formel,Les Jardins des Bala,31.6259426,-7.9913994,icons/restaurant.png,OSM
Marrakech-Safi,Diaffa,Restaurant,Formel,"Rue Jebel Lakhdar, Marrakech",31.6271592,-7.9938419,icons/restaurant.png,OSM
Marrakech-Safi,La Trattoria,Restaurant,Formel,La Trattoria,31.3557476,-9.7989478,icons/restaurant.png,OSM
Marrakech-Safi,Restaurant sans nom,Restaurant,Formel,Restaurant sans nom,31.3558438,-9.7989331,icons/restaurant.png,OSM
Marrakech-Safi,Chez Iziki,Restaurant,Formel,Chez Iziki,31.3560488,-9.7987279,icons/restaurant.png,OSM
Marrakech-Safi,Restaurant sans nom,Restaurant,Formel,Restaurant sans nom,31.3541997,-9.7968378,icons/restaurant.png,OSM
Marrakech-Safi,Baihba café,Café,Formel,Baihba café,31.7811503,-9.5743645,icons/cafe.png,OSM
Marrakech-Safi,Ice Room,Café,Formel,Ice Room,31.6536749,-8.0215131,icons/cafe.png,OSM
Marrakech-Safi,Coin Mars,Café,Formel,Coin Mars,31.6541475,-8.0215828,icons/cafe.png,OSM
Marrakech-Safi,Musée,Café,Formel,Musée,31.655504,-8.031223,icons/cafe.png,OSM
Marrakech-Safi,Pescara,Restaurant,Formel,Pescara,31.6535031,-8.0318416,icons/restaurant.png,OSM
Marrakech-Safi,Supérette / Mini-market sans nom,Supérette / Mini-market,Formel,Supérette / Mini-market sans nom,31.6200521,-7.9860659,icons/convenience.png,OSM
Marrakech-Safi,Café sans nom,Café,Formel,Café sans nom,31.6204151,-7.9855906,icons/cafe.png,OSM
Marrakech-Safi,Café de France,Café,Formel,Café de France,31.5126976,-9.7718136,icons/cafe.png,OSM
Marrakech-Safi,Zahra's Grill Restaurant,Restaurant,Formel,"Amira Lalla Meriem, Essaouira الصويرة",31.4991129,-9.7617069,icons/restaurant.png,OSM
Marrakech-Safi,Café Requin Bleu,Café,Formel,Café Requin Bleu,32.2901933,-9.2212528,icons/cafe.png,OSM
Marrakech-Safi,Pharmacie Guerraoui صيدلية الكراوي,Parapharmacie,Formel,SAFI,32.2909111,-9.2219882,icons/pharmacy.png,OSM
Marrakech-Safi,Pharmacie Bine Lekchali صيدلية بين لقشالي,Parapharmacie,Formel,"Route de Targa, Marrakech",31.6411076,-8.0281311,icons/pharmacy.png,OSM
Marrakech-Safi,Pasta Delice,Restaurant,Formel,Rue Med el Bakkal,31.6415492,-8.0175662,icons/restaurant.png,OSM
Marrakech-Safi,Pharmacie Amouni,Parapharmacie,Formel,Pharmacie Amouni,32.2486351,-9.2517716,icons/pharmacy.png,OSM
Marrakech-Safi,Pharmacie Nassiha صيدلية النصيحة,Parapharmacie,Formel,Safi,32.2530295,-9.249509,icons/pharmacy.png,OSM
Marrakech-Safi,Pharmacie Chakir,Parapharmacie,Formel,Pharmacie Chakir,32.2554779,-9.2516072,icons/pharmacy.png,OSM
Marrakech-Safi,Pharmacie Sarah صيدلية سارة,Parapharmacie,Formel,Safi,32.25408,-9.2466322,icons/pharmacy.png,OSM
Marrakech-Safi,Pharmacie Al Hidaya صيدلية الهداية,Parapharmacie,Formel,SAFI,32.2564867,-9.2487633,icons/pharmacy.png,OSM
Marrakech-Safi,Pharmacie Safi صيدلية اسفي,Parapharmacie,Formel,Safi,32.2577664,-9.2523507,icons/pharmacy.png,OSM
Marrakech-Safi,Pharmacie Ezzohour صيدلية الزهور,Parapharmacie,Formel,Safi,32.2585585,-9.2495276,icons/pharmacy.png,OSM
Marrakech-Safi,Pharmacie Kolea صيدلية القليعة,Parapharmacie,Formel,Safi,32.2612278,-9.2517334,icons/pharmacy.png,OSM
Marrakech-Safi,Pharmacie Ibn Rochd صيدلية ابن رشد,Parapharmacie,Formel,Safi,32.2609823,-9.2487493,icons/pharmacy.png,OSM
Marrakech-Safi,Pharmacie Lamine,Parapharmacie,Formel,Pharmacie Lamine,32.2612822,-9.2448455,icons/pharmacy.png,OSM
Marrakech-Safi,Pharmacie Sidi Ouassel صيدلية سيدي واصل,Parapharmacie,Formel,Safi آسفي,32.2634469,-9.2470602,icons/pharmacy.png,OSM
Marrakech-Safi,Pharmacie Tazi صيدلية تازي,Parapharmacie,Formel,Safi آسفي,32.2649474,-9.2493945,icons/pharmacy.png,OSM
Marrakech-Safi,Pharmacie Al Hassania صيدلية الحسنية,Parapharmacie,Formel,Safi,32.2643124,-9.2444163,icons/pharmacy.png,OSM
Marrakech-Safi,Pharmacie Laarissa صيدلية العريصة,Parapharmacie,Formel,Safi,32.2644097,-9.239898,icons/pharmacy.png,OSM
Marrakech-Safi,Pharmacie Al Yousr صيدلية اليسر,Parapharmacie,Formel,Safi,32.2654373,-9.2370349,icons/pharmacy.png,OSM
Marrakech-Safi,Vis ta vie,Restaurant,Formel,Vis ta vie,31.6574986,-8.0042776,icons/restaurant.png,OSM
Marrakech-Safi,Ayaso Concept Store,Café,Formel,"Boulevard Mohammed Zerktouni, Marrakech",31.6352266,-8.0167363,icons/cafe.png,OSM
Marrakech-Safi,أكلات ادريس السريعة,Restaurant,Formel,"bin lamaasser bab lakhmiss, marrakech",31.6377259,-7.9882457,icons/restaurant.png,OSM
Marrakech-Safi,pharmacie sijilmassa صيدلية سجلماسة,Parapharmacie,Formel,pharmacie sijilmassa صيدلية سجلماسة,31.6383248,-7.9876618,icons/pharmacy.png,OSM
Marrakech-Safi,Miâara,Épicerie,Informel,Miâara,31.6193869,-7.9801803,icons/greengrocer.png,OSM
Marrakech-Safi,Restaurant sans nom,Restaurant,Formel,Restaurant sans nom,31.6498343,-7.9369256,icons/restaurant.png,OSM
Marrakech-Safi,Riad KaÏss,Restaurant,Formel,Riad KaÏss,31.6214429,-7.9855272,icons/restaurant.png,OSM
Marrakech-Safi,Pharmacie Mekka صيدلية مكة,Parapharmacie,Formel,Marrakech,31.671362,-8.0366529,icons/pharmacy.png,OSM
Marrakech-Safi,Café sans nom,Café,Formel,Café sans nom,31.1215171,-8.9339301,icons/cafe.png,OSM
Marrakech-Safi,Café sans nom,Café,Formel,Café sans nom,31.7313829,-8.0966566,icons/cafe.png,OSM
Marrakech-Safi,Le Grand Bleu – International cuisine,Restaurant,Formel,Le Grand Bleu – International cuisine,31.6864032,-7.9679195,icons/restaurant.png,OSM
Marrakech-Safi,La Brasserie,Restaurant,Formel,La Brasserie,31.6867599,-7.969729,icons/restaurant.png,OSM
Marrakech-Safi,Riad Omar Hotel restaurant,Restaurant,Formel,Riad Omar Hotel restaurant,31.6232457,-7.9897078,icons/restaurant.png,OSM
Marrakech-Safi,Guide De Montagne,Supermarché,Formel,Imlil,31.1365537,-7.9206134,icons/supermarket.png,OSM
Marrakech-Safi,Pharmacie Dar El Baroud,Parapharmacie,Formel,Pharmacie Dar El Baroud,31.6256559,-7.993974,icons/pharmacy.png,OSM
Marrakech-Safi,Restaurant sans nom,Restaurant,Formel,Restaurant sans nom,32.2622464,-9.2473309,icons/restaurant.png,OSM
Marrakech-Safi,café benaychour,Café,Formel,café benaychour,32.2621503,-9.2483074,icons/cafe.png,OSM
Marrakech-Safi,café ouazzani,Café,Formel,café ouazzani,32.2615857,-9.2483956,icons/cafe.png,OSM
Marrakech-Safi,Café sans nom,Café,Formel,Café sans nom,32.0385581,-9.3424999,icons/cafe.png,OSM
Marrakech-Safi,Café Amigos,Café,Formel,Café Amigos,32.0454917,-9.3405272,icons/cafe.png,OSM
Marrakech-Safi,Restaurant sans nom,Restaurant,Formel,Restaurant sans nom,32.0456031,-9.3396861,icons/restaurant.png,OSM
Marrakech-Safi,Restaurant sans nom,Restaurant,Formel,Restaurant sans nom,32.0463319,-9.3395689,icons/restaurant.png,OSM
Marrakech-Safi,Restaurant sans nom,Restaurant,Formel,Restaurant sans nom,32.0456804,-9.3388264,icons/restaurant.png,OSM
Marrakech-Safi,Café sans nom,Café,Formel,Café sans nom,32.2439168,-9.2610187,icons/cafe.png,OSM
Marrakech-Safi,el omari,Supermarché,Formel,el omari,32.2630429,-9.2477459,icons/supermarket.png,OSM
Marrakech-Safi,Café sans nom,Café,Formel,Café sans nom,32.2678371,-9.2545709,icons/cafe.png,OSM
Marrakech-Safi,Épicerie sans nom,Épicerie,Informel,Épicerie sans nom,32.0504402,-9.3401117,icons/greengrocer.png,OSM
Marrakech-Safi,Café sans nom,Café,Formel,Café sans nom,32.2617421,-9.2486064,icons/cafe.png,OSM
Marrakech-Safi,Boulangerie sans nom,Boulangerie,Formel,Boulangerie sans nom,32.2610991,-9.2472276,icons/bakery.png,OSM
Marrakech-Safi,Restaurant sans nom,Restaurant,Formel,Restaurant sans nom,32.2614279,-9.2462625,icons/restaurant.png,OSM
Marrakech-Safi,souk nsaa,Épicerie,Informel,souk nsaa,32.2646368,-9.2460631,icons/greengrocer.png,OSM
Marrakech-Safi,Restaurant sans nom,Restaurant,Formel,Restaurant sans nom,32.2549312,-9.2489724,icons/restaurant.png,OSM
Marrakech-Safi,Restaurant sans nom,Restaurant,Formel,Restaurant sans nom,32.2554605,-9.2517937,icons/restaurant.png,OSM
Marrakech-Safi,Café sans nom,Café,Formel,Café sans nom,32.2553052,-9.2521464,icons/cafe.png,OSM
Marrakech-Safi,Cafe Chez ZaZa,Restaurant,Formel,Cafe Chez ZaZa,31.627463,-7.9884092,icons/restaurant.png,OSM
Marrakech-Safi,Le Bol de Saigon,Restaurant,Formel,Le Bol de Saigon,31.6425384,-8.0188211,icons/restaurant.png,OSM
Marrakech-Safi,Le Colisee,Restaurant,Formel,Le Colisee,31.6360115,-8.0157672,icons/restaurant.png,OSM
Marrakech-Safi,Vita Nova,Restaurant,Formel,Vita Nova,31.6380956,-8.0135958,icons/restaurant.png,OSM
Marrakech-Safi,La Taverne,Restaurant,Formel,La Taverne,31.6355095,-8.0152299,icons/restaurant.png,OSM
Marrakech-Safi,Restaurant sans nom,Restaurant,Formel,Restaurant sans nom,31.6032701,-7.9514624,icons/restaurant.png,OSM
Marrakech-Safi,Café sans nom,Café,Formel,Café sans nom,31.6038213,-7.9509457,icons/cafe.png,OSM
Marrakech-Safi,Miftah Al Khayr مفتاح الخير,Parapharmacie,Formel,Miftah Al Khayr مفتاح الخير,32.3140263,-9.2295642,icons/pharmacy.png,OSM
Marrakech-Safi,Ksar Essaoussan,Restaurant,Formel,"Rue El Ksour, Derb El Messoudyenne",31.6281147,-7.9918345,icons/restaurant.png,OSM
Marrakech-Safi,Medina Saveurs,Restaurant,Formel,Medina Saveurs,31.6306685,-7.9864894,icons/restaurant.png,OSM
Marrakech-Safi,Café Fnaque Berbere,Restaurant,Formel,Café Fnaque Berbere,31.6281723,-7.9895846,icons/restaurant.png,OSM
Marrakech-Safi,Café sans nom,Café,Formel,Café sans nom,31.6273798,-7.9892789,icons/cafe.png,OSM
Marrakech-Safi,Cafe Le Bled,Café,Formel,Cafe Le Bled,31.625989,-7.9861836,icons/cafe.png,OSM
Marrakech-Safi,Bakchich Cafe,Café,Formel,Bakchich Cafe,31.6258908,-7.9861702,icons/cafe.png,OSM
Marrakech-Safi,Restaurant Le Glacier,Restaurant,Formel,Restaurant Le Glacier,31.5135109,-9.7707979,icons/restaurant.png,OSM
Marrakech-Safi,Relais Du Lac,Restaurant,Formel,Relais Du Lac,31.3421435,-8.1471843,icons/restaurant.png,OSM
Marrakech-Safi,Terre des étoiles,Restaurant,Formel,Terre des étoiles,31.4585993,-8.1943208,icons/restaurant.png,OSM
Marrakech-Safi,ماكدونالدز,Restaurant,Formel,ماكدونالدز,31.6342356,-8.0115064,icons/restaurant.png,OSM
Marrakech-Safi,Café Ouissemeln,Restaurant,Formel,Café Ouissemeln,31.0975761,-7.9129692,icons/restaurant.png,OSM
Marrakech-Safi,Boulangerie sans nom,Boulangerie,Formel,Boulangerie sans nom,31.6404648,-8.0183288,icons/bakery.png,OSM
Marrakech-Safi,Supérette / Mini-market sans nom,Supérette / Mini-market,Formel,Supérette / Mini-market sans nom,31.6243652,-8.2859556,icons/convenience.png,OSM
Marrakech-Safi,Restaurant sans nom,Restaurant,Formel,Restaurant sans nom,31.6265501,-8.2733674,icons/restaurant.png,OSM
Marrakech-Safi,Dar Essalam,Restaurant,Formel,Dar Essalam,31.6223645,-7.9864363,icons/restaurant.png,OSM
Marrakech-Safi,ParaPharmacie,Parapharmacie,Formel,ParaPharmacie,31.6168813,-7.9825002,icons/pharmacy.png,OSM
Marrakech-Safi,Marché légumes et fruits,Épicerie,Informel,Marché légumes et fruits,31.630222,-7.9859931,icons/greengrocer.png,OSM
Marrakech-Safi,Pharmacie Rihane صيدلية الريحان,Parapharmacie,Formel,Pharmacie Rihane صيدلية الريحان,32.2852352,-9.2187241,icons/pharmacy.png,OSM
Marrakech-Safi,La table du Palais,Restaurant,Formel,"Rue Sidi El Yamani, Marrakech",31.6297335,-7.9905069,icons/restaurant.png,OSM
Marrakech-Safi,Marjane,Supermarché,Formel,Marjane,31.629295,-8.0796306,icons/supermarket.png,OSM
Marrakech-Safi,Café Le Phénicien,Café,Formel,Café Le Phénicien,32.3066486,-9.2418054,icons/cafe.png,OSM
Marrakech-Safi,Ranch Bleu,Café,Formel,Ranch Bleu,32.0447639,-9.3402747,icons/cafe.png,OSM
Marrakech-Safi,Guerrab,Restaurant,Formel,Guerrab,31.6272127,-7.9878494,icons/restaurant.png,OSM
Marrakech-Safi,Supérette / Mini-market sans nom,Supérette / Mini-market,Formel,Supérette / Mini-market sans nom,31.6416104,-8.2846282,icons/convenience.png,OSM
Marrakech-Safi,Supérette / Mini-market sans nom,Supérette / Mini-market,Formel,Supérette / Mini-market sans nom,31.6420349,-8.2847911,icons/convenience.png,OSM
Marrakech-Safi,Café Bakshish,Restaurant,Formel,Café Bakshish,31.6290615,-7.9875634,icons/restaurant.png,OSM
Marrakech-Safi,Atay Cafe Food,Restaurant,Formel,Atay Cafe Food,31.6326246,-7.9884564,icons/restaurant.png,OSM
Marrakech-Safi,Roti D'or,Restaurant,Formel,Roti D'or,31.6267829,-7.9862666,icons/restaurant.png,OSM
Marrakech-Safi,La Mouette et les Dromadaires,Restaurant,Formel,La Mouette et les Dromadaires,31.361573,-9.8003984,icons/restaurant.png,OSM
Marrakech-Safi,mahfoud,Café,Formel,mahfoud,32.2350203,-7.954978,icons/cafe.png,OSM
Marrakech-Safi,ibn sina ابن سينا,Parapharmacie,Formel,ibn sina ابن سينا,32.2397569,-7.9533179,icons/pharmacy.png,OSM
Marrakech-Safi,Supérette / Mini-market sans nom,Supérette / Mini-market,Formel,Supérette / Mini-market sans nom,31.5466205,-7.5734137,icons/convenience.png,OSM
Marrakech-Safi,Restaurant Oued Ezzat,Restaurant,Formel,Restaurant Oued Ezzat,31.551178,-7.5824884,icons/restaurant.png,OSM
Marrakech-Safi,O'Tacos,Restaurant,Formel,O'Tacos,31.6295275,-7.981152,icons/restaurant.png,OSM
Marrakech-Safi,News,Café,Formel,Rue Abou Bakr Seddik,31.626824,-8.0157242,icons/cafe.png,OSM
Marrakech-Safi,Alkasba,Café,Formel,Alkasba,31.5484706,-8.7581225,icons/cafe.png,OSM
Marrakech-Safi,Amaia,Restaurant,Formel,Avenue Hassan II,31.6315541,-8.0118249,icons/restaurant.png,OSM
Marrakech-Safi,Café Clock,Restaurant,Formel,Derb Chtouka,31.6130285,-7.987289,icons/restaurant.png,OSM
Marrakech-Safi,Café Chamharouch,Café,Formel,Café Chamharouch,31.098675,-7.912833,icons/cafe.png,OSM
Marrakech-Safi,Katsura,Restaurant,Formel,Rue Oum Errabia,31.6309567,-8.004067,icons/restaurant.png,OSM
Marrakech-Safi,SafCity,Café,Formel,Avenue Moulay Ismail,32.2942668,-9.2290695,icons/cafe.png,OSM
Marrakech-Safi,Niagara,Café,Formel,Avenue Moulay Ismail,32.2943105,-9.2290534,icons/cafe.png,OSM
Marrakech-Safi,Pharmacie Plateau صيدلية بلاطو,Parapharmacie,Formel,"Avenue Moulay Ismail, Safi",32.2938486,-9.2294047,icons/pharmacy.png,OSM
Marrakech-Safi,La Place,Café,Formel,La Place,31.6317888,-8.0081451,icons/cafe.png,OSM
Marrakech-Safi,various restsurants,Restaurant,Formel,various restsurants,31.5881694,-8.0091691,icons/restaurant.png,OSM
Marrakech-Safi,Yan snack pizzeria,Restaurant,Formel,Rue Ibn Sahl,31.6291603,-8.0183063,icons/restaurant.png,OSM
Marrakech-Safi,L'Océan Vagabond,Restaurant,Formel,L'Océan Vagabond,31.4965536,-9.7633744,icons/restaurant.png,OSM
Marrakech-Safi,Supermarché sans nom,Supermarché,Formel,Supermarché sans nom,31.6470766,-7.9455618,icons/supermarket.png,OSM
Marrakech-Safi,Bahreya بحرية,Restaurant,Formel,Bahreya بحرية,31.6325547,-8.0118035,icons/restaurant.png,OSM
Marrakech-Safi,Bazaar Cafe,Café,Formel,Bazaar Cafe,31.6289131,-7.9911011,icons/cafe.png,OSM
Marrakech-Safi,Henna Art Cafe,Café,Formel,Henna Art Cafe,31.6237312,-7.9870832,icons/cafe.png,OSM
Marrakech-Safi,The Loft,Restaurant,Formel,The Loft,31.512435,-9.7712232,icons/restaurant.png,OSM
Marrakech-Safi,Cafe Chamharouch,Restaurant,Formel,Cafe Chamharouch,31.097801,-7.912766,icons/restaurant.png,OSM
Marrakech-Safi,Restaurant sans nom,Restaurant,Formel,Restaurant sans nom,31.6352528,-7.9913113,icons/restaurant.png,OSM
Marrakech-Safi,Dino Gelato italiano,Café,Formel,Dino Gelato italiano,31.6310802,-8.0059239,icons/cafe.png,OSM
Marrakech-Safi,Café La cloche,Café,Formel,Café La cloche,31.5090692,-9.7562407,icons/cafe.png,OSM
Marrakech-Safi,Café Cavalca مقهى المهاجر,Café,Formel,Café Cavalca مقهى المهاجر,31.6337839,-8.0442931,icons/cafe.png,OSM
Marrakech-Safi,L'Amiral,Restaurant,Formel,L'Amiral,31.504411,-9.7588066,icons/restaurant.png,OSM
Marrakech-Safi,Supermarché sans nom,Supermarché,Formel,Supermarché sans nom,31.6312341,-7.9887684,icons/supermarket.png,OSM
Marrakech-Safi,Restaurant sans nom,Restaurant,Formel,Boulevard Mohammed V,31.6315444,-8.0069639,icons/restaurant.png,OSM
Marrakech-Safi,Mega Loft,Café,Formel,Mega Loft,31.5145561,-9.772059,icons/cafe.png,OSM
Marrakech-Safi,Café Berbere,Café,Formel,Café Berbere,31.5135522,-9.7717723,icons/cafe.png,OSM
Marrakech-Safi,Latitude31,Restaurant,Formel,Latitude31,31.6350578,-7.9953547,icons/restaurant.png,OSM
Marrakech-Safi,Café sans nom,Café,Formel,Café sans nom,31.6239967,-7.9850032,icons/cafe.png,OSM
Marrakech-Safi,Restaurant sans nom,Restaurant,Formel,Restaurant sans nom,31.5119234,-9.7556905,icons/restaurant.png,OSM
Marrakech-Safi,Marjane مرجان,Supermarché,Formel,Marjane مرجان,32.298153,-9.215329,icons/supermarket.png,OSM
Marrakech-Safi,Jad jamal,Restaurant,Formel,Ibn Youssef,31.6314736,-7.9866198,icons/restaurant.png,OSM
Marrakech-Safi,TACO,Restaurant,Formel,"rue taib benhima, SAFI",32.2937918,-9.2336536,icons/restaurant.png,OSM
Marrakech-Safi,La cascade,Café,Formel,La cascade,32.2939984,-9.2332249,icons/cafe.png,OSM
Marrakech-Safi,Café Riyad,Café,Formel,Café Riyad,32.2937241,-9.2337222,icons/cafe.png,OSM
Marrakech-Safi,Tartine,Café,Formel,Tartine,32.2942138,-9.2333252,icons/cafe.png,OSM
Marrakech-Safi,Café Rihab,Café,Formel,"Avenue de la Liberté شارع الحرية, آسفي",32.2919004,-9.2324509,icons/cafe.png,OSM
Marrakech-Safi,Café Rihab مقهى الرحاب,Café,Formel,"Avenue de la Liberté شارع الحرية, SAFI",32.2934081,-9.2332457,icons/cafe.png,OSM
Marrakech-Safi,cafe restaurant Al Jazeera Asni,Café,Formel,203,31.2488868,-7.9805799,icons/cafe.png,OSM
Marrakech-Safi,Café sans nom,Café,Formel,Café sans nom,31.5115585,-9.7715807,icons/cafe.png,OSM
Marrakech-Safi,Restaurant sans nom,Restaurant,Formel,Restaurant sans nom,31.5115076,-9.7709078,icons/restaurant.png,OSM
Marrakech-Safi,Sweet Clock Literary Cafe,Café,Formel,Sweet Clock Literary Cafe,31.5124354,-9.76379,icons/cafe.png,OSM
Marrakech-Safi,Restaurant du Coeur,Restaurant,Formel,Restaurant du Coeur,31.5124118,-9.7711906,icons/restaurant.png,OSM
Marrakech-Safi,Dar Al Houma,Restaurant,Formel,Dar Al Houma,31.5125827,-9.7712085,icons/restaurant.png,OSM
Marrakech-Safi,porte de Marrakech adoha,Café,Formel,porte de Marrakech adoha,31.639185,-8.0756816,icons/cafe.png,OSM
Marrakech-Safi,Parapharmacie sans nom,Parapharmacie,Formel,Parapharmacie sans nom,31.597501,-8.0504639,icons/pharmacy.png,OSM
Marrakech-Safi,Restaurant Al Baraka,Restaurant,Formel,"Place Jamâa El Fna،, Marrakech",31.6259112,-7.9903183,icons/restaurant.png,OSM
Marrakech-Safi,Azyr,Restaurant,Formel,Azyr,31.6272777,-8.0170979,icons/restaurant.png,OSM
Marrakech-Safi,Pharmacie Bel Bakkar صيدلية بلبكار,Parapharmacie,Formel,Marrakech,31.6541669,-7.9889001,icons/pharmacy.png,OSM
Marrakech-Safi,Pharmacie Moutadamine صيدلية متضامن,Parapharmacie,Formel,Marrakech,31.654952,-7.9919882,icons/pharmacy.png,OSM
Marrakech-Safi,Arabis,Café,Formel,Arabis,31.6584379,-8.0025887,icons/cafe.png,OSM
Marrakech-Safi,Pharmacie Unité 4 صيدلية الوحدة,Parapharmacie,Formel,Marrakech,31.6564302,-7.9997439,icons/pharmacy.png,OSM
Marrakech-Safi,Pharmacie Kamilia صيدلي كاميليا,Parapharmacie,Formel,Marrakech,31.6534241,-8.0051403,icons/pharmacy.png,OSM
Marrakech-Safi,Vague bleue,Restaurant,Formel,Vague bleue,31.5131433,-9.7671637,icons/restaurant.png,OSM
Marrakech-Safi,Association féminine de bienfaisance El Khir,Restaurant,Formel,Association féminine de bienfaisance El Khir,31.5147963,-9.7644679,icons/restaurant.png,OSM
Marrakech-Safi,Cafe plus,Café,Formel,"Rue El Khemisset, Essaouira",31.5009305,-9.7564282,icons/cafe.png,OSM
Marrakech-Safi,Pharmacie Mouassine صيدلية مواسين,Parapharmacie,Formel,"Rue Sidi El Yamani, Marrakech",31.6293402,-7.9904177,icons/pharmacy.png,OSM
Marrakech-Safi,Bistro Laksour,Café,Formel,Bistro Laksour,31.6271103,-7.9932873,icons/cafe.png,OSM
Marrakech-Safi,Pharmacie Koutoubia صيدلية الكتبية,Parapharmacie,Formel,"Avenue Fatima Zohra, Marrakech",31.6274447,-7.9935913,icons/pharmacy.png,OSM
Marrakech-Safi,Boulangerie,Boulangerie,Formel,Boulangerie,31.713379,-8.0015153,icons/bakery.png,OSM
Marrakech-Safi,Souk du village,Épicerie,Informel,Souk du village,31.7110665,-8.0046089,icons/greengrocer.png,OSM
Marrakech-Safi,Supérette / Mini-market sans nom,Supérette / Mini-market,Formel,Supérette / Mini-market sans nom,31.5051741,-9.7631658,icons/convenience.png,OSM
Marrakech-Safi,Chez Krimo,Restaurant,Formel,Chez Krimo,31.5052779,-9.7631719,icons/restaurant.png,OSM
Marrakech-Safi,Gusto,Restaurant,Formel,Gusto,31.5044358,-9.7629326,icons/restaurant.png,OSM
Marrakech-Safi,Restaurant sans nom,Restaurant,Formel,Restaurant sans nom,31.5127612,-9.771452,icons/restaurant.png,OSM
Marrakech-Safi,Supérette / Mini-market sans nom,Supérette / Mini-market,Formel,Supérette / Mini-market sans nom,31.5128106,-9.7713038,icons/convenience.png,OSM
Marrakech-Safi,Chez Said,Restaurant,Formel,Chez Said,31.5128255,-9.7712877,icons/restaurant.png,OSM
Marrakech-Safi,Le Mogadorien,Restaurant,Formel,Le Mogadorien,31.5122981,-9.7710799,icons/restaurant.png,OSM
Marrakech-Safi,Restaurant sans nom,Restaurant,Formel,Avenue Dyour Saboun,31.635339,-7.9889649,icons/restaurant.png,OSM
Marrakech-Safi,Café sans nom,Café,Formel,Café sans nom,31.5266962,-8.7696372,icons/cafe.png,OSM
Marrakech-Safi,Restaurant Cafe Mogador,Restaurant,Formel,Restaurant Cafe Mogador,31.5050138,-9.7635436,icons/restaurant.png,OSM
Marrakech-Safi,L'Horloge,Restaurant,Formel,L'Horloge,31.5123175,-9.7708562,icons/restaurant.png,OSM
Marrakech-Safi,L'Horloge,Restaurant,Formel,L'Horloge,31.5117149,-9.7703554,icons/restaurant.png,OSM
Marrakech-Safi,Nomad,Restaurant,Formel,Derb Aarjane,31.6286777,-7.9874376,icons/restaurant.png,OSM
Marrakech-Safi,Kiosque sans nom,Kiosque,Informel,Kiosque sans nom,31.5107906,-9.7670511,icons/kiosk.png,OSM
Marrakech-Safi,Étoile,Café,Formel,Étoile,31.5041566,-9.7592994,icons/cafe.png,OSM
Marrakech-Safi,Restaurant sans nom,Restaurant,Formel,Restaurant sans nom,31.5050051,-9.7584559,icons/restaurant.png,OSM
Marrakech-Safi,Beach Hostel,Restaurant,Formel,Beach Hostel,31.5033334,-9.7627434,icons/restaurant.png,OSM
Marrakech-Safi,Platinium,Restaurant,Formel,Platinium,31.5058787,-9.7609557,icons/restaurant.png,OSM
Marrakech-Safi,Pause Cafe,Café,Formel,Pause Cafe,31.5058495,-9.7610845,icons/cafe.png,OSM
Marrakech-Safi,Casa Italia,Restaurant,Formel,Casa Italia,31.5056803,-9.7628641,icons/restaurant.png,OSM
Marrakech-Safi,Café sans nom,Café,Formel,Café sans nom,31.50579,-9.7613339,icons/cafe.png,OSM
Marrakech-Safi,Sahakfé ساحة كفي,Restaurant,Formel,Place Chefchaoueni,31.5123762,-9.7710035,icons/restaurant.png,OSM
Marrakech-Safi,Restaurant sans nom,Restaurant,Formel,Rue de Berrima,31.6173077,-7.9829561,icons/restaurant.png,OSM
Marrakech-Safi,Pharmacie Bouhaira صيدلية البحيرة,Parapharmacie,Formel,"Avenue Allal El Fassi شارع علال الفاسي, Essaouira الصويرة",31.5161079,-9.7569267,icons/pharmacy.png,OSM
Marrakech-Safi,Umia,Restaurant,Formel,Rue De La Skala,31.5134195,-9.7724858,icons/restaurant.png,OSM
Marrakech-Safi,India,Restaurant,Formel,Rue Tariq Bnou Ziad,31.6338422,-8.0094561,icons/restaurant.png,OSM
Marrakech-Safi,Café Rouge,Café,Formel,Café Rouge,31.6281405,-7.9910062,icons/cafe.png,OSM
Marrakech-Safi,Sidi Ydub,Restaurant,Formel,Sidi Ydub,31.627734,-7.9796759,icons/restaurant.png,OSM
Marrakech-Safi,Keltoum,Restaurant,Formel,rue Houmman,31.5129646,-9.7709217,icons/restaurant.png,OSM
Marrakech-Safi,Les Amis الأصدقاء,Restaurant,Formel,Les Amis الأصدقاء,31.6369492,-8.0013882,icons/restaurant.png,OSM
Marrakech-Safi,Restaurant sans nom,Restaurant,Formel,Restaurant sans nom,31.6379191,-7.9993843,icons/restaurant.png,OSM
Marrakech-Safi,Café sans nom,Café,Formel,Café sans nom,31.1358789,-7.9196092,icons/cafe.png,OSM
Marrakech-Safi,Café sans nom,Café,Formel,Café sans nom,31.1358826,-7.9189219,icons/cafe.png,OSM
Marrakech-Safi,Café Tizi,Café,Formel,Café Tizi,31.1483214,-7.8888132,icons/cafe.png,OSM
Marrakech-Safi,Café sans nom,Café,Formel,Café sans nom,31.0281438,-7.8815821,icons/cafe.png,OSM
Marrakech-Safi,Supermarché sans nom,Supermarché,Formel,Supermarché sans nom,31.5436464,-7.9723653,icons/supermarket.png,OSM
Marrakech-Safi,Café bonjour,Café,Formel,Café bonjour,31.5434703,-7.9723263,icons/cafe.png,OSM
Marrakech-Safi,Restaurant sans nom,Restaurant,Formel,Restaurant sans nom,31.376553,-7.8035936,icons/restaurant.png,OSM
Marrakech-Safi,Restaurant sans nom,Restaurant,Formel,Restaurant sans nom,31.2291935,-7.6690662,icons/restaurant.png,OSM
Marrakech-Safi,Chaabi Chic,Restaurant,Formel,Chaabi Chic,31.5154383,-9.7680251,icons/restaurant.png,OSM
Marrakech-Safi,Café sans nom,Café,Formel,Café sans nom,31.6230469,-7.9909503,icons/cafe.png,OSM
Marrakech-Safi,Le focus,Café,Formel,Le focus,31.6382703,-8.0065153,icons/cafe.png,OSM
Marrakech-Safi,Reda Fast Food,Restaurant,Formel,Reda Fast Food,31.6384913,-8.0058055,icons/restaurant.png,OSM
Marrakech-Safi,Dreamland,Restaurant,Formel,Dreamland,31.6378043,-8.010163,icons/restaurant.png,OSM
Marrakech-Safi,Soto,Restaurant,Formel,Soto,31.6363054,-8.0118316,icons/restaurant.png,OSM
Marrakech-Safi,Cafe Kif Kif,Café,Formel,Cafe Kif Kif,31.6252706,-7.9925003,icons/cafe.png,OSM
Marrakech-Safi,Riad dar Timtam,Restaurant,Formel,Riad dar Timtam,31.6284352,-7.9862501,icons/restaurant.png,OSM
Marrakech-Safi,Madresa art galerie,Café,Formel,Madresa art galerie,31.6316648,-7.9863843,icons/cafe.png,OSM
Marrakech-Safi,Restaurant sans nom,Restaurant,Formel,Restaurant sans nom,31.6349423,-7.9938415,icons/restaurant.png,OSM
Marrakech-Safi,Supermarché sans nom,Supermarché,Formel,Supermarché sans nom,31.6349405,-7.9942117,icons/supermarket.png,OSM
Marrakech-Safi,Supermarché sans nom,Supermarché,Formel,Supermarché sans nom,31.6367975,-7.9963042,icons/supermarket.png,OSM
Marrakech-Safi,Pharmacie Dar Al Bacha صيدلية دار الباشا,Parapharmacie,Formel,"Rue Dar El Bacha, Marrakech",31.6307609,-7.9934104,icons/pharmacy.png,OSM
Marrakech-Safi,Dar Tazi,Restaurant,Formel,"Rue de Fassis, Marrakech",31.6320699,-7.9841818,icons/restaurant.png,OSM
Marrakech-Safi,Dar Cherifa,Restaurant,Formel,Derb Chorfa Lakbir,31.629188,-7.9902862,icons/restaurant.png,OSM
Marrakech-Safi,Dar Zellij,Restaurant,Formel,Dar Zellij,31.6374464,-7.9922645,icons/restaurant.png,OSM
Marrakech-Safi,Épicerie sans nom,Épicerie,Informel,Épicerie sans nom,31.6279021,-7.9824414,icons/greengrocer.png,OSM
Marrakech-Safi,Épicerie sans nom,Épicerie,Informel,Épicerie sans nom,31.6303402,-7.9894774,icons/greengrocer.png,OSM
Marrakech-Safi,Café sans nom,Café,Formel,Café sans nom,31.6348893,-7.9939654,icons/cafe.png,OSM
Marrakech-Safi,Atri اتري,Restaurant,Formel,Atri اتري,31.1974582,-8.0484304,icons/restaurant.png,OSM
Marrakech-Safi,حي الوردة,Café,Formel,ابن جرير,32.2405494,-7.9622455,icons/cafe.png,OSM
Marrakech-Safi,Mokhito chicha,Boulangerie,Formel,Mokhito chicha,31.6310454,-8.0129802,icons/bakery.png,OSM
Marrakech-Safi,La Table de Marrakech,Restaurant,Formel,Rue Riad Zitoun El Jedid,31.620818,-7.9841361,icons/restaurant.png,OSM
Marrakech-Safi,Central Food,Restaurant,Formel,Central Food,31.6340804,-8.0110451,icons/restaurant.png,OSM
Marrakech-Safi,l'tachine,Restaurant,Formel,"Rue Badr / Av. des Nations Unies, Marrakech",31.6326366,-8.0064482,icons/restaurant.png,OSM
Marrakech-Safi,Eveil des Sens,Restaurant,Formel,"Rue Ibn Atya, Marrakesch",31.6321342,-8.0059735,icons/restaurant.png,OSM
Marrakech-Safi,Boulangerie sans nom,Boulangerie,Formel,Boulangerie sans nom,31.6322021,-8.0037868,icons/bakery.png,OSM
Marrakech-Safi,Supermarché sans nom,Supermarché,Formel,Supermarché sans nom,31.6321553,-8.0037922,icons/supermarket.png,OSM
Marrakech-Safi,Café sans nom,Café,Formel,Café sans nom,31.630958,-7.9904432,icons/cafe.png,OSM
Marrakech-Safi,Tagadirt Bour,Restaurant,Formel,Tagadirt Bour,31.1521448,-8.0971948,icons/restaurant.png,OSM
Marrakech-Safi,Delices et saveurs de mogador,Restaurant,Formel,Rue Boutouil,31.5153832,-9.7682026,icons/restaurant.png,OSM
Marrakech-Safi,Cuisine de terroir,Restaurant,Formel,Rue Kennaria,31.6255664,-7.9862179,icons/restaurant.png,OSM
Marrakech-Safi,شارع بمراكش,Café,Formel,شارع بمراكش,31.6263214,-8.0039195,icons/cafe.png,OSM
Marrakech-Safi,مراكش,Café,Formel,مراكش,31.627365,-7.9963371,icons/cafe.png,OSM
Marrakech-Safi,Restaurant sans nom,Restaurant,Formel,Rue Leopol Sedar Senghor,31.5054433,-9.7568424,icons/restaurant.png,OSM
Marrakech-Safi,Restaurant sans nom,Restaurant,Formel,Restaurant sans nom,31.6342595,-7.9907346,icons/restaurant.png,OSM
Marrakech-Safi,Chez Brixi,Restaurant,Formel,صوق جديد,31.5144998,-9.767608,icons/restaurant.png,OSM
Marrakech-Safi,Restaurant sans nom,Restaurant,Formel,Avenue du 2 Mars,31.5175261,-9.7592267,icons/restaurant.png,OSM
Marrakech-Safi,SushiStore,Restaurant,Formel,SushiStore,31.6285094,-8.0075125,icons/restaurant.png,OSM
Marrakech-Safi,Billy's Burger,Restaurant,Formel,Billy's Burger,31.6284865,-8.0074857,icons/restaurant.png,OSM
Marrakech-Safi,Nid D'cigogne,Restaurant,Formel,Nid D'cigogne,31.6167981,-7.989288,icons/restaurant.png,OSM
Marrakech-Safi,La Grillardière,Restaurant,Formel,La Grillardière,31.629072,-8.0067162,icons/restaurant.png,OSM
Marrakech-Safi,Mai Thai,Restaurant,Formel,Mai Thai,31.6247356,-8.0035592,icons/restaurant.png,OSM
Marrakech-Safi,Pâtisserie Al-Jawda,Café,Formel,Pâtisserie Al-Jawda,31.6344056,-8.0130765,icons/cafe.png,OSM
Marrakech-Safi,d'Orient et d'Ailleurs,Restaurant,Formel,Rue Touahen زنقة الطواحين,31.5146849,-9.7717909,icons/restaurant.png,OSM
Marrakech-Safi,Poissons,Restaurant,Formel,Poissons,31.6327675,-8.0117013,icons/restaurant.png,OSM
Marrakech-Safi,Plata Hai Boujemaa,Restaurant,Formel,Plata Hai Boujemaa,31.6383766,-8.015952,icons/restaurant.png,OSM
Marrakech-Safi,Azar,Restaurant,Formel,Rue Yougoslavie زنقة يوغوسلافيا,31.6316491,-8.0127854,icons/restaurant.png,OSM
Marrakech-Safi,Zeitoun Cafè,Café,Formel,Zeitoun Cafè,31.6267731,-7.9876733,icons/cafe.png,OSM
Marrakech-Safi,Le Cantine Des Gazelles,Café,Formel,Le Cantine Des Gazelles,31.6259263,-7.9862026,icons/cafe.png,OSM
Marrakech-Safi,Adwak,Restaurant,Formel,Rue de Tétouan,31.5129204,-9.7711223,icons/restaurant.png,OSM
Marrakech-Safi,Laayoune,Restaurant,Formel,Laayoune,31.5126513,-9.7711973,icons/restaurant.png,OSM
Marrakech-Safi,Miyame,Restaurant,Formel,Miyame,31.5160527,-9.7656499,icons/restaurant.png,OSM
Marrakech-Safi,Kui-Zin,Restaurant,Formel,"Rue Amsafah, Marrakech",31.6324404,-7.9885322,icons/restaurant.png,OSM
Marrakech-Safi,Repos Imintanout 210517,Restaurant,Formel,Repos Imintanout 210517,31.0251437,-9.0228991,icons/restaurant.png,OSM
Marrakech-Safi,Lo Sgarbo,Restaurant,Formel,Lo Sgarbo,31.5138262,-9.7707301,icons/restaurant.png,OSM
Marrakech-Safi,La Maison du Cinéma,Restaurant,Formel,La Maison du Cinéma,31.5138022,-9.7711961,icons/restaurant.png,OSM
Marrakech-Safi,L'or vert,Restaurant,Formel,L'or vert,31.5137676,-9.771234,icons/restaurant.png,OSM
Marrakech-Safi,restaurant alrabiaa مطعم الربيع,Café,Formel,restaurant alrabiaa مطعم الربيع,31.283324,-7.6995488,icons/cafe.png,OSM
Marrakech-Safi,Restaurant sans nom,Restaurant,Formel,Restaurant sans nom,31.6322134,-8.0115543,icons/restaurant.png,OSM
Marrakech-Safi,Shadma's,Restaurant,Formel,Shadma's,31.5136857,-9.7709277,icons/restaurant.png,OSM
Marrakech-Safi,Superbe pastilla,Restaurant,Formel,Superbe pastilla,31.5135037,-9.7675211,icons/restaurant.png,OSM
Marrakech-Safi,restaurant libanais,Restaurant,Formel,restaurant libanais,31.5116742,-9.7708654,icons/restaurant.png,OSM
Marrakech-Safi,The Coast,Restaurant,Formel,The Coast,31.5131939,-9.7704741,icons/restaurant.png,OSM
Marrakech-Safi,Café Restaurant Iziki,Restaurant,Formel,Café Restaurant Iziki,31.2815027,-7.6965523,icons/restaurant.png,OSM
Marrakech-Safi,الحجر الزاوية,Restaurant,Formel,الصويرة,31.5144603,-9.7716274,icons/restaurant.png,OSM
Marrakech-Safi,Pharmacie El Ghorfi صيدلية الغرفي,Parapharmacie,Formel,Marrakech,31.640221,-7.9886634,icons/pharmacy.png,OSM
Marrakech-Safi,Labachi,Restaurant,Formel,Labachi,31.6271132,-7.9871283,icons/restaurant.png,OSM
Marrakech-Safi,Boulangerie sans nom,Boulangerie,Formel,Hassan 2,31.6202528,-8.0131168,icons/bakery.png,OSM
Marrakech-Safi,Chez Yosseuf عند يوسف,Restaurant,Formel,Chez Yosseuf عند يوسف,31.5140431,-9.7706278,icons/restaurant.png,OSM
Marrakech-Safi,Oscar Progrès,Restaurant,Formel,Rue Bani Marine,31.6238326,-7.9897977,icons/restaurant.png,OSM
Marrakech-Safi,Restaurant sans nom,Restaurant,Formel,Restaurant sans nom,31.6321689,-7.9858588,icons/restaurant.png,OSM
Marrakech-Safi,Restaurant sans nom,Restaurant,Formel,Restaurant sans nom,31.6275471,-7.9815133,icons/restaurant.png,OSM
Marrakech-Safi,Supérette / Mini-market sans nom,Supérette / Mini-market,Formel,Supérette / Mini-market sans nom,31.6270273,-7.9801725,icons/convenience.png,OSM
Marrakech-Safi,Kiosque sans nom,Kiosque,Informel,Kiosque sans nom,31.1033863,-7.9701088,icons/kiosk.png,OSM
Marrakech-Safi,Bonna,Café,Formel,"Triq Bab Ghmat, Marrakech",31.624508,-7.9757675,icons/cafe.png,OSM
Marrakech-Safi,La Siréne,Restaurant,Formel,La Siréne,31.6366513,-8.0147879,icons/restaurant.png,OSM
Marrakech-Safi,Agdal,Restaurant,Formel,Agdal,31.6366413,-8.0152831,icons/restaurant.png,OSM
Marrakech-Safi,Le Petit Thai,Restaurant,Formel,Le Petit Thai,31.6364284,-8.0119782,icons/restaurant.png,OSM
Marrakech-Safi,Le Grand Dades,Café,Formel,Le Grand Dades,31.6370039,-8.0123757,icons/cafe.png,OSM
Marrakech-Safi,Cafe du Livre,Restaurant,Formel,Rue Tariq Bnou Ziad,31.6351547,-8.0106506,icons/restaurant.png,OSM
Marrakech-Safi,The Sandwich Factory,Restaurant,Formel,The Sandwich Factory,31.6359954,-8.0123469,icons/restaurant.png,OSM
Marrakech-Safi,Kiosque sans nom,Kiosque,Informel,Kiosque sans nom,31.6362228,-8.0147664,icons/kiosk.png,OSM
Marrakech-Safi,Supérette / Mini-market sans nom,Supérette / Mini-market,Formel,Supérette / Mini-market sans nom,31.2654471,-7.6813924,icons/convenience.png,OSM
Marrakech-Safi,Salon dr Toudra,Café,Formel,Salon dr Toudra,31.6186481,-7.99052,icons/cafe.png,OSM
Marrakech-Safi,Pharmacie malak,Parapharmacie,Formel,Pharmacie malak,31.5413139,-7.9711502,icons/pharmacy.png,OSM
Marrakech-Safi,Bab Espresso,Café,Formel,Bab Espresso,31.6175708,-7.9911309,icons/cafe.png,OSM
Marrakech-Safi,Cafe Restaurant Cherine,Restaurant,Formel,Cafe Restaurant Cherine,31.533511,-7.965692,icons/restaurant.png,OSM
Marrakech-Safi,Pharmacie El Mechouar صيدلية المشور,Parapharmacie,Formel,"Rue Oqba Ben Nafaa, Marrakech",31.6067832,-7.9885663,icons/pharmacy.png,OSM
Marrakech-Safi,Pharmacie Sidi Boutchich صيدلية سيدي بوتشيش,Parapharmacie,Formel,"Route Sidi Boudchich, Marrakech",31.6230845,-7.9810132,icons/pharmacy.png,OSM
Marrakech-Safi,Pharmacie radia lehbichat,Parapharmacie,Formel,Pharmacie radia lehbichat,31.5626676,-7.9787129,icons/pharmacy.png,OSM
Marrakech-Safi,Parapharmacie sans nom,Parapharmacie,Formel,Parapharmacie sans nom,31.4926434,-7.9180714,icons/pharmacy.png,OSM
Marrakech-Safi,Pharmacie Arset Lamaache صيدلية عرصة المعاش,Parapharmacie,Formel,"Rue Arset El Maach, Marrakech ⵎⵕⵕⴰⴽⵯⵛ مراكش",31.6189375,-7.988476,icons/pharmacy.png,OSM
Marrakech-Safi,Pharmacie oued issil,Parapharmacie,Formel,Pharmacie oued issil,31.4630274,-7.8672791,icons/pharmacy.png,OSM
Marrakech-Safi,Pharmacie Khalid Ben El Walid صيدلية خالد ابن الوليد,Parapharmacie,Formel,"Rue Al Imam El Jazouli, Marrakech",31.6539211,-7.9986407,icons/pharmacy.png,OSM
Marrakech-Safi,Café Le Jardin,Café,Formel,Café Le Jardin,32.301729,-9.2373076,icons/cafe.png,OSM
Marrakech-Safi,Pharmacie Ouazzani,Parapharmacie,Formel,Avenue Lafkih El Haskouri,32.3221617,-9.2258443,icons/pharmacy.png,OSM
Marrakech-Safi,Pharmacie Lourini صيدلية لوريني,Parapharmacie,Formel,"Avenue Lafkih El Haskouri, Safi",32.3181196,-9.2270144,icons/pharmacy.png,OSM
Marrakech-Safi,Pharmacie Al Qods صيدلية القدس,Parapharmacie,Formel,Safi,32.3016496,-9.23735,icons/pharmacy.png,OSM
Marrakech-Safi,Café Dourcas,Café,Formel,Avenue Lafkih El Haskouri,32.3222494,-9.2258164,icons/cafe.png,OSM
Marrakech-Safi,Addahabiya,Café,Formel,Addahabiya,32.2905668,-9.2396687,icons/cafe.png,OSM
Marrakech-Safi,Café Colibris,Café,Formel,Café Colibris,32.2905389,-9.2410521,icons/cafe.png,OSM
Marrakech-Safi,مقهى ستاديوم,Café,Formel,مقهى ستاديوم,32.2351601,-7.9554227,icons/cafe.png,OSM
Marrakech-Safi,Tacos de lyon,Restaurant,Formel,Route de Targa,31.6382088,-8.018667,icons/restaurant.png,OSM
Marrakech-Safi,Restaurant sans nom,Restaurant,Formel,Restaurant sans nom,31.6230215,-7.9903077,icons/restaurant.png,OSM
Marrakech-Safi,Mechoui Alley,Restaurant,Formel,Mechoui Alley,31.6270278,-7.9876932,icons/restaurant.png,OSM
Marrakech-Safi,Le Trou au Mur,Restaurant,Formel,"Derb Farnatchi, Marrakech",31.6320971,-7.9855182,icons/restaurant.png,OSM
Marrakech-Safi,"CP2 12,7 km RAVITO",Café,Formel,"CP2 12,7 km RAVITO",31.5484868,-9.6628999,icons/cafe.png,OSM
Marrakech-Safi,"La famille, Cantine au Jardin",Restaurant,Formel,Rue Riad Zitoun El Jedid,31.6228783,-7.9846187,icons/restaurant.png,OSM
Marrakech-Safi,Foodiz,Restaurant,Formel,Foodiz,31.6336369,-8.0101976,icons/restaurant.png,OSM
Marrakech-Safi,Café sans nom,Café,Formel,Café sans nom,31.193372,-8.052206,icons/cafe.png,OSM
Marrakech-Safi,Cafe Restaurant Dabachi,Restaurant,Formel,Cafe Restaurant Dabachi,31.6275236,-7.9840566,icons/restaurant.png,OSM
Marrakech-Safi,Delices Strouza,Restaurant,Formel,Delices Strouza,31.6334384,-8.0136846,icons/restaurant.png,OSM
Marrakech-Safi,Snacking Delyse,Restaurant,Formel,Snacking Delyse,31.6366979,-8.012379,icons/restaurant.png,OSM
Marrakech-Safi,Café sans nom,Café,Formel,Café sans nom,32.295689,-9.2412132,icons/cafe.png,OSM
Marrakech-Safi,Café sans nom,Café,Formel,Café sans nom,31.6391677,-8.0040488,icons/cafe.png,OSM
Marrakech-Safi,Café Snack Bab Agnaou,Restaurant,Formel,"rue Bab Agnaou, Marrakech",31.6229886,-7.9897603,icons/restaurant.png,OSM
Marrakech-Safi,مول بانيني,Restaurant,Formel,مول بانيني,32.2564753,-9.2516599,icons/restaurant.png,OSM
Marrakech-Safi,LA TABLE BY MADADA,Restaurant,Formel,LA TABLE BY MADADA,31.5116133,-9.7709453,icons/restaurant.png,OSM
Marrakech-Safi,مطعم الجبن,Restaurant,Formel,مطعم الجبن,31.5131183,-9.6998067,icons/restaurant.png,OSM
Marrakech-Safi,Black&Chich,Restaurant,Formel,Black&Chich,31.6232663,-7.9848375,icons/restaurant.png,OSM
Marrakech-Safi,Dar Atlas,Restaurant,Formel,Ait Souka Imlil,31.1395022,-7.9114203,icons/restaurant.png,OSM
Marrakech-Safi,Pharmacie Bab Doukkala صيدلية باب دكالة,Parapharmacie,Formel,Essaouira ⵚⵚⵡⵉⵕⴰ الصويرة,31.5159071,-9.7652952,icons/pharmacy.png,OSM
Marrakech-Safi,Boulangerie sans nom,Boulangerie,Formel,Boulangerie sans nom,31.5151764,-9.7668952,icons/bakery.png,OSM
Marrakech-Safi,Supérette / Mini-market sans nom,Supérette / Mini-market,Formel,Supérette / Mini-market sans nom,31.5007132,-9.7576799,icons/convenience.png,OSM
Marrakech-Safi,El Massira,Parapharmacie,Formel,El Massira,31.5159833,-9.7648725,icons/pharmacy.png,OSM
Marrakech-Safi,Merjam,Restaurant,Formel,Merjam,31.5150845,-9.7687827,icons/restaurant.png,OSM
Marrakech-Safi,Maison d'Art,Restaurant,Formel,Maison d'Art,31.5016776,-9.7581615,icons/restaurant.png,OSM
Marrakech-Safi,Fruits and vegetables,Supérette / Mini-market,Formel,Fruits and vegetables,31.5017738,-9.7581045,icons/convenience.png,OSM
Marrakech-Safi,Supérette / Mini-market sans nom,Supérette / Mini-market,Formel,Supérette / Mini-market sans nom,31.5014109,-9.7580029,icons/convenience.png,OSM
Marrakech-Safi,Pastisserie La Colombe Blanche,Boulangerie,Formel,Pastisserie La Colombe Blanche,31.5012552,-9.7580228,icons/bakery.png,OSM
Marrakech-Safi,Boulangerie sans nom,Boulangerie,Formel,Boulangerie sans nom,31.6236357,-7.9849536,icons/bakery.png,OSM
Marrakech-Safi,My Kawa,Café,Formel,"Rue Yves Saint Laurent, Marrakech",31.6411864,-8.0018479,icons/cafe.png,OSM
Marrakech-Safi,Café Restaurant Nzaha,Restaurant,Formel,Tahannaout تحناوت,31.3622322,-7.9468456,icons/restaurant.png,OSM
Marrakech-Safi,Café sans nom,Café,Formel,Café sans nom,31.053621,-7.6855829,icons/cafe.png,OSM
Marrakech-Safi,Épicerie sans nom,Épicerie,Informel,Épicerie sans nom,31.098946,-7.6077828,icons/greengrocer.png,OSM
Marrakech-Safi,Taverna Bolognese da Maurizio,Restaurant,Formel,Taverna Bolognese da Maurizio,31.514591,-9.7694461,icons/restaurant.png,OSM
Marrakech-Safi,Joe ice,Café,Formel,Joe ice,31.6692841,-8.0091678,icons/cafe.png,OSM
Marrakech-Safi,Cafe Atlas,Café,Formel,Cafe Atlas,31.5661429,-7.726779,icons/cafe.png,OSM
Marrakech-Safi,Restaurant Café Manal,Restaurant,Formel,Restaurant Café Manal,31.6261933,-8.0199193,icons/restaurant.png,OSM
Marrakech-Safi,Bim,Supermarché,Formel,Bim,31.6377663,-8.0189674,icons/supermarket.png,OSM
Marrakech-Safi,Kui-Zin,Café,Formel,Kui-Zin,31.632251,-7.9888024,icons/cafe.png,OSM
Marrakech-Safi,Carpi,Café,Formel,Carpi,31.6603478,-8.006455,icons/cafe.png,OSM
Marrakech-Safi,Épicerie sans nom,Épicerie,Informel,Épicerie sans nom,31.5147928,-9.7675324,icons/greengrocer.png,OSM
Marrakech-Safi,La cuisine de Mona,Restaurant,Formel,La cuisine de Mona,31.6395216,-8.0199162,icons/restaurant.png,OSM
Marrakech-Safi,Marchandis alimentaire محل مواد غدائية,Supermarché,Formel,Marchandis alimentaire محل مواد غدائية,32.308164,-9.2273253,icons/supermarket.png,OSM
Marrakech-Safi,Restaurant sans nom,Restaurant,Formel,Restaurant sans nom,31.6269407,-7.9862982,icons/restaurant.png,OSM
Marrakech-Safi,Parapharmacie sans nom,Parapharmacie,Formel,Parapharmacie sans nom,31.6275466,-7.9817375,icons/pharmacy.png,OSM
Marrakech-Safi,Pizzeria Jannat Medina,Restaurant,Formel,Pizzeria Jannat Medina,31.627549,-7.9818839,icons/restaurant.png,OSM
Marrakech-Safi,Kiosque sans nom,Kiosque,Informel,Kiosque sans nom,31.6277231,-7.9834128,icons/kiosk.png,OSM
Marrakech-Safi,Dar Touria,Restaurant,Formel,Dar Touria,31.6277559,-7.9834013,icons/restaurant.png,OSM
Marrakech-Safi,Kiosque sans nom,Kiosque,Informel,Kiosque sans nom,31.6298958,-7.9894187,icons/kiosk.png,OSM
Marrakech-Safi,Patisserie et Gateaux Al Quods,Boulangerie,Formel,Patisserie et Gateaux Al Quods,31.6276757,-7.9833549,icons/bakery.png,OSM
Marrakech-Safi,Supérette / Mini-market sans nom,Supérette / Mini-market,Formel,Supérette / Mini-market sans nom,31.5356126,-7.9971618,icons/convenience.png,OSM
Marrakech-Safi,Café sans nom,Café,Formel,Café sans nom,31.5360789,-7.9973924,icons/cafe.png,OSM
Marrakech-Safi,Parapharmacie sans nom,Parapharmacie,Formel,Parapharmacie sans nom,31.5358046,-7.9972583,icons/pharmacy.png,OSM
Marrakech-Safi,Kiosque sans nom,Kiosque,Informel,Kiosque sans nom,31.6260699,-7.9866239,icons/kiosk.png,OSM
Marrakech-Safi,Kiosque sans nom,Kiosque,Informel,Kiosque sans nom,31.6249592,-7.9897194,icons/kiosk.png,OSM
Marrakech-Safi,Parapharmacie sans nom,Parapharmacie,Formel,Parapharmacie sans nom,31.6248342,-7.9854263,icons/pharmacy.png,OSM
Marrakech-Safi,Cafe Snack Badouck,Restaurant,Formel,Cafe Snack Badouck,31.6261959,-7.9866357,icons/restaurant.png,OSM
Marrakech-Safi,Restaurant sans nom,Restaurant,Formel,Restaurant sans nom,31.2298305,-7.6687146,icons/restaurant.png,OSM
Marrakech-Safi,Kiosque sans nom,Kiosque,Informel,Kiosque sans nom,31.3058283,-7.734647,icons/kiosk.png,OSM
Marrakech-Safi,Parapharmacie sans nom,Parapharmacie,Formel,Parapharmacie sans nom,31.3800003,-7.8079361,icons/pharmacy.png,OSM
Marrakech-Safi,Parapharmacie sans nom,Parapharmacie,Formel,Parapharmacie sans nom,31.245159,-7.6679092,icons/pharmacy.png,OSM
Marrakech-Safi,Kiosque sans nom,Kiosque,Informel,Kiosque sans nom,31.2886353,-7.711412,icons/kiosk.png,OSM
Marrakech-Safi,Restaurant sans nom,Restaurant,Formel,Restaurant sans nom,31.5558488,-7.976017,icons/restaurant.png,OSM
Marrakech-Safi,Kiosque sans nom,Kiosque,Informel,Kiosque sans nom,31.2957247,-7.717598,icons/kiosk.png,OSM
Marrakech-Safi,Restaurant sans nom,Restaurant,Formel,Restaurant sans nom,31.3012536,-7.7223534,icons/restaurant.png,OSM
Marrakech-Safi,Kiosque sans nom,Kiosque,Informel,Kiosque sans nom,31.4305164,-7.8430505,icons/kiosk.png,OSM
Marrakech-Safi,Kiosque sans nom,Kiosque,Informel,Kiosque sans nom,31.3037598,-7.7231833,icons/kiosk.png,OSM
Marrakech-Safi,Najah,Parapharmacie,Formel,Najah,31.3765849,-7.8048324,icons/pharmacy.png,OSM
Marrakech-Safi,Kiosque sans nom,Kiosque,Informel,Kiosque sans nom,31.2916994,-7.712582,icons/kiosk.png,OSM
Marrakech-Safi,Restaurant sans nom,Restaurant,Formel,Restaurant sans nom,31.5883264,-7.9846565,icons/restaurant.png,OSM
Marrakech-Safi,La Terrasse Ben Youssef,Restaurant,Formel,Rue Riad Laarous,31.6327385,-7.9888481,icons/restaurant.png,OSM
Marrakech-Safi,عند حسن,Restaurant,Formel,Rue Mauritanie,31.6318726,-8.011507,icons/restaurant.png,OSM
Marrakech-Safi,Bistro La Comedie,Restaurant,Formel,Avenue Hassan II,31.6312148,-8.0119426,icons/restaurant.png,OSM
Marrakech-Safi,Regue Jamaa,Café,Formel,Regue Jamaa,31.6313934,-7.9963198,icons/cafe.png,OSM
Marrakech-Safi,Café Kessabine Medina,Restaurant,Formel,Café Kessabine Medina,31.6269053,-7.9869355,icons/restaurant.png,OSM
Marrakech-Safi,Café Kessabine,Restaurant,Formel,Café Kessabine,31.6271152,-7.9870872,icons/restaurant.png,OSM
Marrakech-Safi,Restaurant sans nom,Restaurant,Formel,Restaurant sans nom,31.4440701,-8.0815499,icons/restaurant.png,OSM
Marrakech-Safi,Café sans nom,Café,Formel,Café sans nom,31.4437772,-8.0816787,icons/cafe.png,OSM
Marrakech-Safi,Pharmacie Zohour صيدلية الزهور,Parapharmacie,Formel,"Route Bab Kechich, Marrakech",31.6428754,-7.9827121,icons/pharmacy.png,OSM
Marrakech-Safi,Chez Salah Grillades,Restaurant,Formel,Chez Salah Grillades,31.5040749,-9.7583241,icons/restaurant.png,OSM
Marrakech-Safi,News Café نيوز كافيه,Restaurant,Formel,Rue Abou Bakr Seddik,31.6268208,-8.0159257,icons/restaurant.png,OSM
Marrakech-Safi,Café Jour Et Nuit,Café,Formel,Café Jour Et Nuit,32.2938983,-9.2342023,icons/cafe.png,OSM
Marrakech-Safi,Pan choc et croissants 1dirham,Boulangerie,Formel,Pan choc et croissants 1dirham,31.514303,-9.7667858,icons/bakery.png,OSM
Marrakech-Safi,Cafe Mekhla,Café,Formel,Cafe Mekhla,31.5070924,-9.7573608,icons/cafe.png,OSM
Marrakech-Safi,Supérette / Mini-market sans nom,Supérette / Mini-market,Formel,Supérette / Mini-market sans nom,31.6302566,-7.9876854,icons/convenience.png,OSM
Marrakech-Safi,Tajine,Restaurant,Formel,Tajine,31.6272622,-7.99012,icons/restaurant.png,OSM
Marrakech-Safi,Café sans nom,Café,Formel,Café sans nom,31.6406328,-7.9993449,icons/cafe.png,OSM
Marrakech-Safi,Snack Amir,Restaurant,Formel,Snack Amir,31.623924,-7.9891654,icons/restaurant.png,OSM
Marrakech-Safi,Pharmacie Sidi Abbad صيدلية سيدي عباد,Parapharmacie,Formel,"Avenue 18 Novembre, Marrakech",31.6551714,-8.0112098,icons/pharmacy.png,OSM
Marrakech-Safi,Des Reve,Restaurant,Formel,Des Reve,31.5141409,-9.7698011,icons/restaurant.png,OSM
Marrakech-Safi,Épicerie sans nom,Épicerie,Informel,Épicerie sans nom,31.5161378,-9.7654577,icons/greengrocer.png,OSM
Marrakech-Safi,Restaurail,Restaurant,Formel,Restaurail,31.6297986,-8.0188424,icons/restaurant.png,OSM
Marrakech-Safi,Bali,Restaurant,Formel,Bali,31.6301185,-8.012529,icons/restaurant.png,OSM
Marrakech-Safi,Kiosque sans nom,Kiosque,Informel,Kiosque sans nom,31.5154025,-9.7682453,icons/kiosk.png,OSM
Marrakech-Safi,Taraa Essaouira,Café,Formel,Taraa Essaouira,31.5154752,-9.7681243,icons/cafe.png,OSM
Marrakech-Safi,Pharmacie Principale الصيدلية الرئيسية,Parapharmacie,Formel,Essaouira ⵚⵚⵡⵉⵕⴰ الصويرة,31.5151071,-9.7672153,icons/pharmacy.png,OSM
Marrakech-Safi,Restaurant sans nom,Restaurant,Formel,Restaurant sans nom,31.5140735,-9.7683565,icons/restaurant.png,OSM
Marrakech-Safi,Restaurant sans nom,Restaurant,Formel,Restaurant sans nom,31.5127822,-9.7699735,icons/restaurant.png,OSM
Marrakech-Safi,Kiosque sans nom,Kiosque,Informel,Kiosque sans nom,31.514975,-9.7688652,icons/kiosk.png,OSM
Marrakech-Safi,La Roche,Restaurant,Formel,La Roche,31.5154194,-9.768312,icons/restaurant.png,OSM
Marrakech-Safi,Cafe Armani,Café,Formel,Boulevard Mohammed Abdelkaraim el Khattabi,31.6342862,-8.0167861,icons/cafe.png,OSM
Marrakech-Safi,Le Comptoir du Pacha,Restaurant,Formel,"Arset Aouzal, Marrakech",31.6315007,-7.9942972,icons/restaurant.png,OSM
Marrakech-Safi,Restaurant sans nom,Restaurant,Formel,Restaurant sans nom,31.6245633,-7.9894524,icons/restaurant.png,OSM
Marrakech-Safi,Naranj Libanese,Restaurant,Formel,Rue Riad Zitoun El Jedid,31.6245374,-7.985213,icons/restaurant.png,OSM
Marrakech-Safi,Restaurant sans nom,Restaurant,Formel,Restaurant sans nom,31.624074,-7.9850545,icons/restaurant.png,OSM
Marrakech-Safi,Cafe Ezzahia,Café,Formel,Boulevard Mohammed Abdelkaraim el Khattabi,31.6400717,-8.0186516,icons/cafe.png,OSM
Marrakech-Safi,Ayman,Restaurant,Formel,Avenue 18 Novembre,31.6577297,-8.0157495,icons/restaurant.png,OSM
Marrakech-Safi,Pharmacie Santé et Bien Etre صيدلية الصحة و العافية,Parapharmacie,Formel,Marrakech ⵎⵕⵕⴰⴽⵯⵛ مراكش,31.6129554,-7.9969794,icons/pharmacy.png,OSM
Marrakech-Safi,Pharmacie Assouna صيدلية السنة,Parapharmacie,Formel,Marrakech ⵎⵕⵕⴰⴽⵯⵛ مراكش,31.5923788,-8.0348767,icons/pharmacy.png,OSM
Marrakech-Safi,Cafe Zaafrane,Café,Formel,Avenue M'Hamid,31.5968779,-8.0445825,icons/cafe.png,OSM
Marrakech-Safi,Pharmacie El Habib صيدلية الحبيب,Parapharmacie,Formel,Marrakech ⵎⵕⵕⴰⴽⵯⵛ مراكش,31.5895528,-8.0366757,icons/pharmacy.png,OSM
Marrakech-Safi,Café Yasser,Café,Formel,Café Yasser,31.5892185,-8.0558042,icons/cafe.png,OSM
Marrakech-Safi,Pharmacie Chaab صيدلية الشعب,Parapharmacie,Formel,Marrakech,31.5854306,-8.0599104,icons/pharmacy.png,OSM
Marrakech-Safi,Cafe Chellah,Café,Formel,Cafe Chellah,31.5847208,-8.0481693,icons/cafe.png,OSM
Marrakech-Safi,Pharmacie Imam Mouslim صيدلية الإمام مسلم,Parapharmacie,Formel,"Avenue Imam Mouslim, Marrakech",31.5936517,-8.0461708,icons/pharmacy.png,OSM
Marrakech-Safi,Neta Café,Café,Formel,Avenue Nakhil,31.5950365,-8.0402112,icons/cafe.png,OSM
Marrakech-Safi,Pharmacie Ibn Nafis صيدلية ابن النفيس,Parapharmacie,Formel,"Boulevard Mohammed Abdelkaraim el Khattabi, Marrakech",31.6436787,-8.0190122,icons/pharmacy.png,OSM
Marrakech-Safi,Dar Nejjarine,Restaurant,Formel,Dar Nejjarine,31.6221941,-7.9878179,icons/restaurant.png,OSM
Marrakech-Safi,Pharmacie Lamhamid صيدلية المحاميد,Parapharmacie,Formel,"Avenue Al Khalij, Marrakech ⵎⵕⵕⴰⴽⵯⵛ مراكش",31.5948888,-8.0321086,icons/pharmacy.png,OSM
Marrakech-Safi,Pharmacie Al Mounir صيدلية المنير,Parapharmacie,Formel,"Avenue Errassif, Marrakech ⵎⵕⵕⴰⴽⵯⵛ مراكش",31.5970014,-8.0313424,icons/pharmacy.png,OSM
Marrakech-Safi,Cafe Snack Ahmed,Café,Formel,Cafe Snack Ahmed,31.6384515,-8.0753622,icons/cafe.png,OSM
Marrakech-Safi,Pharmacie Al Firdaous صيدلية الفردوس,Parapharmacie,Formel,"Avenue Guemassa, Marrakech",31.5853881,-8.0452414,icons/pharmacy.png,OSM
Marrakech-Safi,Pharmacie El Mazani صيدلية المزاني,Parapharmacie,Formel,Marrakech ⵎⵕⵕⴰⴽⵯⵛ مراكش,31.5730622,-8.0561548,icons/pharmacy.png,OSM
Marrakech-Safi,Cafe Alhilal,Café,Formel,Cafe Alhilal,31.5764217,-8.0577716,icons/cafe.png,OSM
Marrakech-Safi,Cafe Galaxy مقهى غلكسي,Café,Formel,ابن جرير,32.2381235,-7.9592219,icons/cafe.png,OSM
Marrakech-Safi,Café Donor,Café,Formel,Avenue al Massira,32.2393871,-7.9555231,icons/cafe.png,OSM
Marrakech-Safi,Pharmacie la Place صيدلية الساحة,Parapharmacie,Formel,"Zanqat 9, Ben Guerir ابن جرير",32.2452209,-7.952125,icons/pharmacy.png,OSM
Marrakech-Safi,Café Saad,Café,Formel,Rue Salah Eddine al Ayoubi,32.2399815,-7.9494426,icons/cafe.png,OSM
Marrakech-Safi,Café Yabine,Café,Formel,Avenue al Massira,32.2394087,-7.955334,icons/cafe.png,OSM
Marrakech-Safi,Cafe Snack Casablanca,Café,Formel,N9,32.2393474,-7.9586653,icons/cafe.png,OSM
Marrakech-Safi,Pharmacie Al Moustachfa صيدلية المستشفى,Parapharmacie,Formel,Marrakech ⵎⵕⵕⴰⴽⵯⵛ مراكش,31.5709742,-7.9826956,icons/pharmacy.png,OSM
Marrakech-Safi,Restaurant sans nom,Restaurant,Formel,Restaurant sans nom,31.622221,-7.9877593,icons/restaurant.png,OSM
Marrakech-Safi,Pharmacie Salam صيدلية السلام,Parapharmacie,Formel,"Avenue El Idrissi, Marrakech",31.6379925,-8.0437316,icons/pharmacy.png,OSM
Marrakech-Safi,Pharmacie Badir صيدلية بادير,Parapharmacie,Formel,Marrakech ⵎⵕⵕⴰⴽⵯⵛ مراكش,31.6831794,-8.0665028,icons/pharmacy.png,OSM
Marrakech-Safi,Cafe Restaurant Racine,Café,Formel,Rue Ibn Atya,31.6318713,-8.0038561,icons/cafe.png,OSM
Marrakech-Safi,Pharmacie Mansoura صيدلية منصورة,Parapharmacie,Formel,"Rue Khalid Ben El Oualid, Marrakech",31.6317554,-8.0034846,icons/pharmacy.png,OSM
Marrakech-Safi,Salad Box,Restaurant,Formel,Rue Imam Chaffii,31.6276062,-8.0070423,icons/restaurant.png,OSM
Marrakech-Safi,Pharmacie Noujoud صيدلية نجود,Parapharmacie,Formel,"Route de Safi, Marrakech",31.6569689,-8.0222289,icons/pharmacy.png,OSM
Marrakech-Safi,Pharmacie Ezzaytoune صيدلية الزيتون,Parapharmacie,Formel,Marrakech,31.6393512,-8.039656,icons/pharmacy.png,OSM
Marrakech-Safi,Pharmacie Les Orangers صيدلية لزورانجي,Parapharmacie,Formel,Marrakech,31.6516002,-8.0475956,icons/pharmacy.png,OSM
Marrakech-Safi,Parapharmacie,Parapharmacie,Formel,Parapharmacie,31.652459,-8.050869,icons/pharmacy.png,OSM
Marrakech-Safi,Pharmacie Atlas Targa صيدلية أطلس تارغا,Parapharmacie,Formel,"Route de Targa, Marrakech",31.6506768,-8.0588548,icons/pharmacy.png,OSM
Marrakech-Safi,Pharmacie Hay Al Karam,Parapharmacie,Formel,P2008,31.6807803,-8.0504224,icons/pharmacy.png,OSM
Marrakech-Safi,Pharmacie Bab Asfi,Parapharmacie,Formel,Pharmacie Bab Asfi,31.6889195,-8.0748493,icons/pharmacy.png,OSM
Marrakech-Safi,Pharmacie Souk Laawad صيدلية سوق لعواد,Parapharmacie,Formel,Marrakech,31.6822487,-8.0591747,icons/pharmacy.png,OSM
Marrakech-Safi,Pharmacie Bab Mansour صيدلية باب منصور,Parapharmacie,Formel,Marrakech ⵎⵕⵕⴰⴽⵯⵛ مراكش,31.6869393,-8.0701928,icons/pharmacy.png,OSM
Marrakech-Safi,Pharmacie Akioud صيدلية أكيوض,Parapharmacie,Formel,Marrakech,31.653001,-8.0259174,icons/pharmacy.png,OSM
Marrakech-Safi,Pharmacie Hamza صيدلية حمزة,Parapharmacie,Formel,Marrakech,31.6597545,-8.0540991,icons/pharmacy.png,OSM
Marrakech-Safi,Pharmacie Premium صيدلية برميوم,Parapharmacie,Formel,Marrakech,31.6506906,-8.0413138,icons/pharmacy.png,OSM
Marrakech-Safi,Pharmacie El Harti صيدلية الحارثي,Parapharmacie,Formel,"Rue Yakoub El Marini, Marrakech",31.6310229,-8.0080899,icons/pharmacy.png,OSM
Marrakech-Safi,Restaurant Orgnaza,Restaurant,Formel,Rue Moulay el Hassan,31.6279659,-8.0064878,icons/restaurant.png,OSM
Marrakech-Safi,Pharmacie Et Laboratoire La Libérte صيدلية و مختبر الحرية,Parapharmacie,Formel,"Rue Moulay el Hassan, Marrakech",31.6294385,-8.003822,icons/pharmacy.png,OSM
Marrakech-Safi,Pharmacie L'Hivernage صيدلية الشتاء,Parapharmacie,Formel,"Rue Cadi Ayad, Marrakech",31.6299735,-8.0130738,icons/pharmacy.png,OSM
Marrakech-Safi,Le Marrakech,Restaurant,Formel,Le Marrakech,31.5121979,-9.7720695,icons/restaurant.png,OSM
Marrakech-Safi,Café sans nom,Café,Formel,Café sans nom,31.5130171,-9.7671175,icons/cafe.png,OSM
Marrakech-Safi,Parapharmacie sans nom,Parapharmacie,Formel,Parapharmacie sans nom,31.6301481,-7.9581946,icons/pharmacy.png,OSM
Marrakech-Safi,Pharmacie Fekhara صيدلية فخارة,Parapharmacie,Formel,Marrakech,31.6377995,-7.9790568,icons/pharmacy.png,OSM
Marrakech-Safi,Pharmacie Tikida صيدلية تكيدا,Parapharmacie,Formel,"Route de Fes, Marrakech",31.645998,-7.9785674,icons/pharmacy.png,OSM
Marrakech-Safi,Pharmacie Les Jardins d'Agdal صيدلية حدائق أكدال,Parapharmacie,Formel,"Avenue Tassiltante, Marrakech ⵎⵕⵕⴰⴽⵯⵛ مراكش",31.6070196,-7.9724714,icons/pharmacy.png,OSM
Marrakech-Safi,Cafe Retaurant Aymane,Café,Formel,Avenue du 11 Janvier,31.6412991,-7.9967058,icons/cafe.png,OSM
Marrakech-Safi,Pharmacie Derb El Gabs صيدلية درب الكبص,Parapharmacie,Formel,Marrakech,31.6102189,-7.963463,icons/pharmacy.png,OSM
Marrakech-Safi,Pharmacie El Oued صيدلية الواد,Parapharmacie,Formel,"Avenue El Oued, Marrakech",31.6132418,-7.9588872,icons/pharmacy.png,OSM
Marrakech-Safi,Pharmacie Ali صيدلية علي,Parapharmacie,Formel,Marrakech,31.6134627,-7.9615834,icons/pharmacy.png,OSM
Marrakech-Safi,Pharmacie Al Baraka صيدلية البركة,Parapharmacie,Formel,"Avenue Houman Al Fatouaki, Marrakech",31.6151528,-7.9641545,icons/pharmacy.png,OSM
Marrakech-Safi,Pharmacie Bastoun صيدلية باستون,Parapharmacie,Formel,"Avenue Ibn Al Haitam, Marrakech",31.6071905,-7.9605784,icons/pharmacy.png,OSM
Marrakech-Safi,Pharmacie Tichka صيدلية تيشكا,Parapharmacie,Formel,"Avenue Al Barada, Marrakech",31.6097839,-7.9605872,icons/pharmacy.png,OSM
Marrakech-Safi,Pharmacie Berradi III صيدلية برادي 3,Parapharmacie,Formel,"Rue Moujahid, Marrakech ⵎⵕⵕⴰⴽⵯⵛ مراكش",31.6229327,-8.0695334,icons/pharmacy.png,OSM
Marrakech-Safi,Pharmacie Iziki صيدلية إزيكي,Parapharmacie,Formel,"Avenue Essaouira, Marrakech ⵎⵕⵕⴰⴽⵯⵛ مراكش",31.6276699,-8.0651675,icons/pharmacy.png,OSM
Marrakech-Safi,Pharmacie Le Printemps صيدلية الربيع,Parapharmacie,Formel,"Avenue Essaouira طريق الصويرة, Marrakech",31.6276111,-8.0616557,icons/pharmacy.png,OSM
Marrakech-Safi,Pharmacie Bouziane صيدلية بوزيان,Parapharmacie,Formel,Marrakech,31.621682,-8.0518225,icons/pharmacy.png,OSM
Marrakech-Safi,Pharmacie Al Ahd Al Jadid صيدلية العهد الجديد,Parapharmacie,Formel,"Rue Chajarat Ettoffah, Marrakech",31.6160246,-8.0584527,icons/pharmacy.png,OSM
Marrakech-Safi,Pharmacie Al Manar صيدلية المنار,Parapharmacie,Formel,"Rue al Iraq, Marrakech",31.6216863,-8.0281359,icons/pharmacy.png,OSM
Marrakech-Safi,Pharmacie De La Base صيدلية القاعدة,Parapharmacie,Formel,"Rue al Ikhaa, Marrakech",31.6240034,-8.0303594,icons/pharmacy.png,OSM
Marrakech-Safi,Pharmacie Ain Mezouar صيدلية عين مزوار,Parapharmacie,Formel,"Rue el Hamdaniyine, Marrakech",31.6249495,-8.0355367,icons/pharmacy.png,OSM
Marrakech-Safi,ACHKID AWI,Boulangerie,Formel,ACHKID AWI,31.5874897,-8.0492087,icons/bakery.png,OSM
Marrakech-Safi,Hamdame,Café,Formel,Hamdame,31.5876155,-8.0492852,icons/cafe.png,OSM
Marrakech-Safi,Khawater,Café,Formel,Khawater,31.587447,-8.0489365,icons/cafe.png,OSM
Marrakech-Safi,Al Andalous,Café,Formel,Al Andalous,31.5879679,-8.0496392,icons/cafe.png,OSM
Marrakech-Safi,Inzal,Café,Formel,Inzal,31.5871716,-8.0488212,icons/cafe.png,OSM
Marrakech-Safi,Marzouga,Café,Formel,Marzouga,31.5871716,-8.0490518,icons/cafe.png,OSM
Marrakech-Safi,Boulangerie sans nom,Boulangerie,Formel,Boulangerie sans nom,31.5873133,-8.0491699,icons/bakery.png,OSM
Marrakech-Safi,Rayhane Snack & Pizzeria,Restaurant,Formel,Rayhane Snack & Pizzeria,31.587415,-8.0448596,icons/restaurant.png,OSM
Marrakech-Safi,ARWA,Café,Formel,ARWA,31.5866473,-8.0444599,icons/cafe.png,OSM
Marrakech-Safi,Snack Oussama,Restaurant,Formel,Snack Oussama,31.5904869,-8.0460102,icons/restaurant.png,OSM
Marrakech-Safi,Kiosque sans nom,Kiosque,Informel,Kiosque sans nom,31.5902584,-8.0596305,icons/kiosk.png,OSM
Marrakech-Safi,Parapharmacie sans nom,Parapharmacie,Formel,Parapharmacie sans nom,31.5892429,-8.0529205,icons/pharmacy.png,OSM
Marrakech-Safi,Riad Almhamid,Café,Formel,Riad Almhamid,31.5902265,-8.0526429,icons/cafe.png,OSM
Marrakech-Safi,Majiland,Café,Formel,Majiland,31.5900677,-8.0504958,icons/cafe.png,OSM
Marrakech-Safi,Cafe Valentino,Café,Formel,Cafe Valentino,31.5895102,-8.0501525,icons/cafe.png,OSM
Marrakech-Safi,Pharmacie Addaoui صيدلية الضاوي,Parapharmacie,Formel,Marrakech,31.5907859,-8.0589342,icons/pharmacy.png,OSM
Marrakech-Safi,Marché,Supermarché,Formel,Marché,31.5967789,-8.0469687,icons/supermarket.png,OSM
Marrakech-Safi,Bim,Supermarché,Formel,Bim,31.5805536,-8.0541094,icons/supermarket.png,OSM
Marrakech-Safi,CAFE INWA,Café,Formel,CAFE INWA,31.5775693,-8.0546726,icons/cafe.png,OSM
Marrakech-Safi,Bim,Supermarché,Formel,Bim,31.5874457,-8.0419842,icons/supermarket.png,OSM
Marrakech-Safi,KIMONO,Café,Formel,KIMONO,31.5883912,-8.0495971,icons/cafe.png,OSM
Marrakech-Safi,Snack Doha,Restaurant,Formel,Snack Doha,31.5879685,-8.0498278,icons/restaurant.png,OSM
Marrakech-Safi,Myah Bay,Restaurant,Formel,Myah Bay,31.6006806,-8.0173027,icons/restaurant.png,OSM
Marrakech-Safi,Le Comptoir de Charlotte,Café,Formel,Le Comptoir de Charlotte,31.6320906,-8.0162449,icons/cafe.png,OSM
Marrakech-Safi,Parapharmacie sans nom,Parapharmacie,Formel,Parapharmacie sans nom,31.5659733,-7.7291216,icons/pharmacy.png,OSM
Marrakech-Safi,CosaMia,Restaurant,Formel,CosaMia,31.6409811,-8.0150729,icons/restaurant.png,OSM
Marrakech-Safi,Elmtaai,Restaurant,Formel,Elmtaai,31.4926782,-7.9177642,icons/restaurant.png,OSM
Marrakech-Safi,Restaurant sans nom,Restaurant,Formel,Restaurant sans nom,32.3002498,-9.2391255,icons/restaurant.png,OSM
Marrakech-Safi,Sandwicherie Pizzeria YACINE,Restaurant,Formel,"Targa Sidi Mbarek, Marrakech",31.63696,-8.0430154,icons/restaurant.png,OSM
Marrakech-Safi,Tara Cafe,Restaurant,Formel,Rue Boutouil,31.5154054,-9.7681698,icons/restaurant.png,OSM
Marrakech-Safi,les saveurs de ma mére,Restaurant,Formel,les saveurs de ma mére,31.5143151,-9.7694518,icons/restaurant.png,OSM
Marrakech-Safi,L'atelier,Café,Formel,L'atelier,31.5111456,-9.7704895,icons/cafe.png,OSM
Marrakech-Safi,Lotus Club Marrakech,Restaurant,Formel,Rue Ahmed Chaouqi,31.624715,-8.0044537,icons/restaurant.png,OSM
Marrakech-Safi,Restaurant sans nom,Restaurant,Formel,Restaurant sans nom,31.6307949,-7.9870581,icons/restaurant.png,OSM
Marrakech-Safi,Kiosque sans nom,Kiosque,Informel,Kiosque sans nom,31.6241884,-7.99467,icons/kiosk.png,OSM
Marrakech-Safi,Restaurant sans nom,Restaurant,Formel,Restaurant sans nom,31.6348276,-7.9911272,icons/restaurant.png,OSM
Marrakech-Safi,Restaurant sans nom,Restaurant,Formel,Restaurant sans nom,31.6251535,-7.9923876,icons/restaurant.png,OSM
Marrakech-Safi,Caravane Cafe,Café,Formel,Caravane Cafe,31.5133033,-9.768719,icons/cafe.png,OSM
Marrakech-Safi,Restaurant sans nom,Restaurant,Formel,Kaat Benahid,31.6306241,-7.9862296,icons/restaurant.png,OSM
Marrakech-Safi,Café Dar Touareg,Café,Formel,Rue Tougma,31.6195135,-7.9861978,icons/cafe.png,OSM
Marrakech-Safi,Restaurant sans nom,Restaurant,Formel,Restaurant sans nom,31.635162,-8.015502,icons/restaurant.png,OSM
Marrakech-Safi,Dar Anika,Restaurant,Formel,Dar Anika,31.6205064,-7.9858588,icons/restaurant.png,OSM
Marrakech-Safi,Restaurant sans nom,Restaurant,Formel,Boulevard el Mansour Eddahbi,31.6336801,-8.0124917,icons/restaurant.png,OSM
Marrakech-Safi,Restaurant sans nom,Restaurant,Formel,Restaurant sans nom,31.623416,-7.9900065,icons/restaurant.png,OSM
Marrakech-Safi,Fouad Snack,Restaurant,Formel,Fouad Snack,31.6361523,-7.9865791,icons/restaurant.png,OSM
Marrakech-Safi,Restaurant Mimoun,Restaurant,Formel,Restaurant Mimoun,31.6232845,-7.9867068,icons/restaurant.png,OSM
Marrakech-Safi,Restaurant sans nom,Restaurant,Formel,Restaurant sans nom,31.6166669,-7.9821087,icons/restaurant.png,OSM
Marrakech-Safi,زلفسترو,Restaurant,Formel,الصويرة,31.5142608,-9.7717398,icons/restaurant.png,OSM
Marrakech-Safi,مبشور فوود عند علي شيكسبير,Restaurant,Formel,Avenue Ibn Toumert,31.6290101,-8.0462267,icons/restaurant.png,OSM
Marrakech-Safi,Café entre les vallées,Café,Formel,Café entre les vallées,31.1510813,-7.8601071,icons/cafe.png,OSM
Marrakech-Safi,Chez Omar,Restaurant,Formel,Chez Omar,31.5135473,-9.76815,icons/restaurant.png,OSM
Marrakech-Safi,Restaurant sans nom,Restaurant,Formel,Restaurant sans nom,31.1917885,-8.0543601,icons/restaurant.png,OSM
Marrakech-Safi,Pattiserie,Café,Formel,Pattiserie,32.2913064,-9.2428478,icons/cafe.png,OSM
Marrakech-Safi,La Table de la Kasbah,Restaurant,Formel,derb el hajra,31.6173944,-7.990067,icons/restaurant.png,OSM
Marrakech-Safi,Restaurant sans nom,Restaurant,Formel,Restaurant sans nom,31.496836,-9.7632855,icons/restaurant.png,OSM
Marrakech-Safi,Maazouz,Café,Formel,Maazouz,31.6289367,-7.9866373,icons/cafe.png,OSM
Marrakech-Safi,Los hermanos,Café,Formel,Los hermanos,31.6302836,-7.9858512,icons/cafe.png,OSM
Marrakech-Safi,Chez Lamine Hadj,Restaurant,Formel,Chez Lamine Hadj,31.6269724,-7.987707,icons/restaurant.png,OSM
Marrakech-Safi,Snap Food,Restaurant,Formel,Snap Food,31.5017947,-9.7577511,icons/restaurant.png,OSM
Marrakech-Safi,Supermarché sans nom,Supermarché,Formel,Supermarché sans nom,31.6434731,-7.9883473,icons/supermarket.png,OSM
Marrakech-Safi,Restaurant sans nom,Restaurant,Formel,Restaurant sans nom,31.6274041,-7.9846585,icons/restaurant.png,OSM
Marrakech-Safi,مقهى الحرباء,Café,Formel,"زنقة الطواحين, الصويرة",31.5149612,-9.7714605,icons/cafe.png,OSM
Marrakech-Safi,Restaurant sans nom,Restaurant,Formel,Bab Agnou,31.617604,-7.9898773,icons/restaurant.png,OSM
Marrakech-Safi,El Bahriya,Restaurant,Formel,Boulevard Moulay Rachid,31.6325485,-8.011723,icons/restaurant.png,OSM
Marrakech-Safi,Café Tara,Restaurant,Formel,Taraa,31.5155014,-9.7681239,icons/restaurant.png,OSM
Marrakech-Safi,Chez Miloud,Restaurant,Formel,Avenue De L'Istiqlal,31.5138284,-9.7686731,icons/restaurant.png,OSM
Marrakech-Safi,Café sans nom,Café,Formel,Café sans nom,31.5738929,-8.9589878,icons/cafe.png,OSM
Marrakech-Safi,Djelabar,Restaurant,Formel,Djelabar,31.6291276,-8.0052925,icons/restaurant.png,OSM
Marrakech-Safi,Koulchi Zine - Rooftop Restaurant,Restaurant,Formel,Riad Zitoun Lakdim رياض الزيتون القديم,31.6217997,-7.9862192,icons/restaurant.png,OSM
Marrakech-Safi,L'atelier des Saveurs,Restaurant,Formel,L'atelier des Saveurs,31.632008,-7.9924978,icons/restaurant.png,OSM
Marrakech-Safi,Boulangerie sans nom,Boulangerie,Formel,Boulangerie sans nom,31.636018,-7.9837233,icons/bakery.png,OSM
Marrakech-Safi,Bombay Halal,Restaurant,Formel,Rue Ibn Zaidoun,31.6397515,-8.0160334,icons/restaurant.png,OSM
Marrakech-Safi,Côté Crêpes,Restaurant,Formel,Côté Crêpes,31.5041759,-9.7558299,icons/restaurant.png,OSM
Marrakech-Safi,Cheap Grilled Sardines,Restaurant,Formel,Cheap Grilled Sardines,31.5139479,-9.7678368,icons/restaurant.png,OSM
Marrakech-Safi,Restaurante Vegetariano Local,Restaurant,Formel,Rue de Tétouan,31.5126262,-9.7707927,icons/restaurant.png,OSM
Marrakech-Safi,Street food,Café,Formel,Street food,31.5164782,-9.759838,icons/cafe.png,OSM
Marrakech-Safi,Hotel cafe restaurant Azilal,Restaurant,Formel,Douar Aagaour Setti-Fadma - Ourika,31.2287085,-7.6700973,icons/restaurant.png,OSM
Marrakech-Safi,Laiterie Yacoute,Café,Formel,Derb Fahal Al Zaqriti درب فحل الزقريتي,31.6261982,-7.9910347,icons/cafe.png,OSM
Marrakech-Safi,Mazagan,Restaurant,Formel,Mazagan,31.5508106,-8.8141546,icons/restaurant.png,OSM
Marrakech-Safi,Dar Pastilla,Restaurant,Formel,Dar Pastilla,31.6260548,-7.9866615,icons/restaurant.png,OSM
Marrakech-Safi,Restaurant sans nom,Restaurant,Formel,Restaurant sans nom,31.5115202,-9.7689811,icons/restaurant.png,OSM
Marrakech-Safi,Falafel,Restaurant,Formel,Falafel,31.6305986,-7.9863879,icons/restaurant.png,OSM
Marrakech-Safi,Baromètre Marrakech,Restaurant,Formel,Rue Moulay Ali,31.6370832,-8.0140387,icons/restaurant.png,OSM
Marrakech-Safi,Restaurant sans nom,Restaurant,Formel,Rue Mohammed el Bekal,31.6409091,-8.0173079,icons/restaurant.png,OSM
Marrakech-Safi,patachou,Boulangerie,Formel,patachou,31.504543,-9.7554937,icons/bakery.png,OSM
Marrakech-Safi,Restaurant sans nom,Restaurant,Formel,Restaurant sans nom,31.579898,-8.0272918,icons/restaurant.png,OSM
Marrakech-Safi,Restaurant sans nom,Restaurant,Formel,Restaurant sans nom,31.6376961,-8.0132507,icons/restaurant.png,OSM
Marrakech-Safi,patesserie Chef driss,Café,Formel,patesserie Chef driss,31.5127191,-9.7716206,icons/cafe.png,OSM
Marrakech-Safi,Café sans nom,Café,Formel,Café sans nom,31.623055,-7.9897151,icons/cafe.png,OSM
Marrakech-Safi,Restaurant sans nom,Restaurant,Formel,Restaurant sans nom,31.6293568,-8.0081043,icons/restaurant.png,OSM
Marrakech-Safi,Restaurant sans nom,Restaurant,Formel,Restaurant sans nom,31.6301821,-8.0078565,icons/restaurant.png,OSM
Marrakech-Safi,la rose du sud,Restaurant,Formel,la rose du sud,31.5140026,-9.7709516,icons/restaurant.png,OSM
Marrakech-Safi,O'Bleu Mogador,Restaurant,Formel,O'Bleu Mogador,31.5134688,-9.7666276,icons/restaurant.png,OSM
Marrakech-Safi,Table de la Medina,Restaurant,Formel,Table de la Medina,31.631959,-7.9890249,icons/restaurant.png,OSM
Marrakech-Safi,Le Jardins de Guéliz,Restaurant,Formel,Le Jardins de Guéliz,31.6311393,-8.0086003,icons/restaurant.png,OSM
Marrakech-Safi,Libzar,Restaurant,Formel,Rue Moulay Ali,31.6376087,-8.0133305,icons/restaurant.png,OSM
Marrakech-Safi,Babouche Café,Restaurant,Formel,Rue Des Banques,31.6262881,-7.9868538,icons/restaurant.png,OSM
Marrakech-Safi,Kafe Merstan,Café,Formel,Souk Chaaria,31.6306165,-7.9862588,icons/cafe.png,OSM
Marrakech-Safi,Porte du monde,Restaurant,Formel,Rue Riad Zitoun El Jedid,31.6241525,-7.9850907,icons/restaurant.png,OSM
Marrakech-Safi,Chez Abdelhay,Restaurant,Formel,Chez Abdelhay,31.6321524,-7.9878536,icons/restaurant.png,OSM
Marrakech-Safi,Supermarché sans nom,Supermarché,Formel,Supermarché sans nom,31.6285959,-7.9894914,icons/supermarket.png,OSM
Marrakech-Safi,Le Warner,Restaurant,Formel,"Rue Yakoub el Marini, Marrakech",31.6298659,-8.0055242,icons/restaurant.png,OSM
Marrakech-Safi,La Maison Berbere,Restaurant,Formel,La Maison Berbere,31.6325066,-7.9890059,icons/restaurant.png,OSM
Marrakech-Safi,Le Relais de Marrakech,Restaurant,Formel,Le Relais de Marrakech,31.7070225,-7.989551,icons/restaurant.png,OSM
Marrakech-Safi,Supermarché sans nom,Supermarché,Formel,Supermarché sans nom,31.6405958,-7.9993516,icons/supermarket.png,OSM
Marrakech-Safi,Carrefour Market,Supermarché,Formel,Avenue Yakoub el Mansour,31.640579,-7.9994473,icons/supermarket.png,OSM
Marrakech-Safi,Carrefour,Supermarché,Formel,Carrefour,31.6501915,-8.0590801,icons/supermarket.png,OSM
Marrakech-Safi,Restaurant sans nom,Restaurant,Formel,Restaurant sans nom,31.5099168,-9.7743325,icons/restaurant.png,OSM
Marrakech-Safi,Mandala Society,Café,Formel,"Avenue de L'Istiqlal, Essaouira",31.5134601,-9.7690345,icons/cafe.png,OSM
Marrakech-Safi,Café sans nom,Café,Formel,Café sans nom,31.6532792,-8.0083787,icons/cafe.png,OSM
Marrakech-Safi,Restaurant sans nom,Restaurant,Formel,Restaurant sans nom,31.6338136,-8.0041205,icons/restaurant.png,OSM
Marrakech-Safi,Snack La Place,Restaurant,Formel,Snack La Place,31.6262209,-7.988433,icons/restaurant.png,OSM
Marrakech-Safi,Sinatra,Restaurant,Formel,Sinatra,31.6341373,-8.0137132,icons/restaurant.png,OSM
Marrakech-Safi,Snack Abderrahim,Restaurant,Formel,Snack Abderrahim,31.6326612,-8.0148724,icons/restaurant.png,OSM
Marrakech-Safi,Lounge Le Maestro,Restaurant,Formel,Lounge Le Maestro,31.6349273,-8.0139884,icons/restaurant.png,OSM
Marrakech-Safi,Restaurant sans nom,Restaurant,Formel,Restaurant sans nom,31.6272956,-7.9884904,icons/restaurant.png,OSM
Marrakech-Safi,Good coffee,Café,Formel,Good coffee,31.5076414,-9.7608879,icons/cafe.png,OSM
Marrakech-Safi,Chinguitti Fiber,Café,Formel,Chinguitti Fiber,31.6289997,-7.9868885,icons/cafe.png,OSM
Marrakech-Safi,Restaurant sans nom,Restaurant,Formel,Restaurant sans nom,31.6338709,-7.9913618,icons/restaurant.png,OSM
Marrakech-Safi,Restaurant sans nom,Restaurant,Formel,Restaurant sans nom,31.5209525,-9.633721,icons/restaurant.png,OSM
Marrakech-Safi,Pharmacie Ezzahraoui صيدلية الزهراوي,Parapharmacie,Formel,Marrakech,31.6388374,-8.0362589,icons/pharmacy.png,OSM
Marrakech-Safi,Local Tajine 20dr,Café,Formel,Local Tajine 20dr,31.6200876,-7.9896833,icons/cafe.png,OSM
Marrakech-Safi,Restaurant sans nom,Restaurant,Formel,Restaurant sans nom,31.6243263,-7.9888705,icons/restaurant.png,OSM
Marrakech-Safi,Restaurant sans nom,Restaurant,Formel,Restaurant sans nom,31.6335219,-7.9902149,icons/restaurant.png,OSM
Marrakech-Safi,Markthalle,Supérette / Mini-market,Formel,Markthalle,31.620205,-7.9868837,icons/convenience.png,OSM
Marrakech-Safi,Bloom Coffee,Café,Formel,Bloom Coffee,31.6729586,-8.0350812,icons/cafe.png,OSM
Marrakech-Safi,Roti Shop Marrakech,Restaurant,Formel,Roti Shop Marrakech,31.6762731,-8.0196907,icons/restaurant.png,OSM
Marrakech-Safi,Restaurant sans nom,Restaurant,Formel,Restaurant sans nom,31.626647,-8.0267826,icons/restaurant.png,OSM
Marrakech-Safi,Saladbox Semlalia,Restaurant,Formel,Saladbox Semlalia,31.6433859,-8.0187036,icons/restaurant.png,OSM
Marrakech-Safi,Ostrich Cafe,Café,Formel,Ostrich Cafe,31.6170519,-7.9890004,icons/cafe.png,OSM
Marrakech-Safi,Restaurant Ksar El Hamra,Restaurant,Formel,Restaurant Ksar El Hamra,31.622832,-7.9857005,icons/restaurant.png,OSM
Marrakech-Safi,Restaurant sans nom,Restaurant,Formel,Restaurant sans nom,31.6231883,-7.9890326,icons/restaurant.png,OSM
Marrakech-Safi,Souk Ableuh,Épicerie,Informel,Souk Ableuh,31.6270286,-7.9878047,icons/greengrocer.png,OSM
Marrakech-Safi,Exotic Bai,Restaurant,Formel,Exotic Bai,31.6335048,-7.9894545,icons/restaurant.png,OSM
Marrakech-Safi,Chez Rachid,Restaurant,Formel,Chez Rachid,31.6326565,-7.9876544,icons/restaurant.png,OSM
Marrakech-Safi,Relais de Paris & Lounge Marrakech,Restaurant,Formel,"Boulevard Mohamed VI, Marrakech ⵎⵕⵕⴰⴽⵯⵛ مراكش",31.5783005,-7.9828023,icons/restaurant.png,OSM
Marrakech-Safi,Caverne d'Ali Baba,Restaurant,Formel,Caverne d'Ali Baba,31.5134225,-9.7690766,icons/restaurant.png,OSM
Marrakech-Safi,Pastilla,Boulangerie,Formel,Pastilla,31.5129566,-9.7708617,icons/bakery.png,OSM
Marrakech-Safi,Baguette+,Boulangerie,Formel,Baguette+,31.5140707,-9.7670195,icons/bakery.png,OSM
Marrakech-Safi,Restaurant Seafood,Restaurant,Formel,Youseff Al Fassi,31.5113854,-9.7707682,icons/restaurant.png,OSM
Marrakech-Safi,Assalam,Parapharmacie,Formel,Assalam,31.5795119,-9.0137514,icons/pharmacy.png,OSM
Marrakech-Safi,Abi assibaa,Parapharmacie,Formel,Abi assibaa,31.5803406,-9.0158474,icons/pharmacy.png,OSM
Marrakech-Safi,Salma & kaltoum,Restaurant,Formel,Salma & kaltoum,31.5144693,-9.7685225,icons/restaurant.png,OSM
Marrakech-Safi,Casa José,Restaurant,Formel,Casa José,31.6305819,-8.0082107,icons/restaurant.png,OSM
Marrakech-Safi,Café sans nom,Café,Formel,Café sans nom,31.2213212,-7.6715146,icons/cafe.png,OSM
Marrakech-Safi,le petit cornichon,Restaurant,Formel,le petit cornichon,31.6377248,-8.0130445,icons/restaurant.png,OSM
Marrakech-Safi,Spicy,Restaurant,Formel,Spicy,31.6377005,-8.0163861,icons/restaurant.png,OSM
Marrakech-Safi,bazar gourmand,Restaurant,Formel,bazar gourmand,31.6348566,-8.0126639,icons/restaurant.png,OSM
Marrakech-Safi,Restaurant sans nom,Restaurant,Formel,Restaurant sans nom,31.6342962,-8.0099975,icons/restaurant.png,OSM
Marrakech-Safi,Dauphin resto,Restaurant,Formel,Dauphin resto,31.3562158,-9.7977687,icons/restaurant.png,OSM
Marrakech-Safi,Supérette / Mini-market sans nom,Supérette / Mini-market,Formel,Supérette / Mini-market sans nom,31.353903,-9.7961063,icons/convenience.png,OSM
Marrakech-Safi,Supérette / Mini-market sans nom,Supérette / Mini-market,Formel,Supérette / Mini-market sans nom,31.3538655,-9.7967205,icons/convenience.png,OSM
Marrakech-Safi,Pharmacie La Sakala صيدلية السقالة,Parapharmacie,Formel,Essaouira الصويرة,31.5219615,-9.7543919,icons/pharmacy.png,OSM
Marrakech-Safi,Supérette / Mini-market sans nom,Supérette / Mini-market,Formel,Supérette / Mini-market sans nom,31.3559222,-9.7989108,icons/convenience.png,OSM
Marrakech-Safi,café restaurant Teranga,Restaurant,Formel,Chrib Atay شريب أتاي,31.5138684,-9.7709761,icons/restaurant.png,OSM
Marrakech-Safi,Le corail At Latifa,Restaurant,Formel,Chrib Atay شريب أتاي,31.5137654,-9.77102,icons/restaurant.png,OSM
Marrakech-Safi,VERSACE Restaurant & Lounge,Restaurant,Formel,"Avenue du 7eme Art, marrakech",31.5936706,-7.9887779,icons/restaurant.png,OSM
Marrakech-Safi,دار الطاجين,Restaurant,Formel,دار الطاجين,31.657651,-8.0160651,icons/restaurant.png,OSM
Marrakech-Safi,Restaurant sans nom,Restaurant,Formel,Restaurant sans nom,31.6238852,-7.9871183,icons/restaurant.png,OSM
Marrakech-Safi,salon de thé - glaces,Café,Formel,salon de thé - glaces,31.4957194,-9.7524389,icons/cafe.png,OSM
Marrakech-Safi,Yoo Healthy Restaurant,Restaurant,Formel,Yoo Healthy Restaurant,31.5130465,-9.7716519,icons/restaurant.png,OSM
Marrakech-Safi,Chez Ahmed عند أحمد,Restaurant,Formel,Chez Ahmed عند أحمد,31.5143954,-9.7678491,icons/restaurant.png,OSM
Marrakech-Safi,Safra de Gueliz,Restaurant,Formel,Safra de Gueliz,31.6306826,-8.0082164,icons/restaurant.png,OSM
Marrakech-Safi,Restaurant sans nom,Restaurant,Formel,Restaurant sans nom,31.5123205,-9.7711104,icons/restaurant.png,OSM
Marrakech-Safi,Supérette / Mini-market sans nom,Supérette / Mini-market,Formel,Supérette / Mini-market sans nom,31.6327595,-7.9873267,icons/convenience.png,OSM
Marrakech-Safi,Restaurant sans nom,Restaurant,Formel,Restaurant sans nom,31.6303772,-8.0059907,icons/restaurant.png,OSM
Marrakech-Safi,Trees little Birds,Restaurant,Formel,Trees little Birds,31.5150603,-9.768794,icons/restaurant.png,OSM
Marrakech-Safi,Snac Elbahria,Restaurant,Formel,Snac Elbahria,31.6325055,-8.0117092,icons/restaurant.png,OSM
Marrakech-Safi,Pharmacie Bab Fteuh صيدلية باب فتوح,Parapharmacie,Formel,Marrakech ⵎⵕⵕⴰⴽⵯⵛ مراكش,31.6273414,-7.9893007,icons/pharmacy.png,OSM
Marrakech-Safi,Abdou Taguenza,Restaurant,Formel,Abdou Taguenza,31.3542634,-9.7968409,icons/restaurant.png,OSM
Marrakech-Safi,Restaurant sans nom,Restaurant,Formel,Restaurant sans nom,31.6306236,-7.9948593,icons/restaurant.png,OSM
Marrakech-Safi,Café sans nom,Café,Formel,Café sans nom,31.5579377,-8.7236658,icons/cafe.png,OSM
Marrakech-Safi,Café sans nom,Café,Formel,Café sans nom,31.6331467,-8.0044547,icons/cafe.png,OSM
Marrakech-Safi,KABANA ROOFTOP FOOD & COCKTAILS,Restaurant,Formel,Rue Fatima Zahra,31.6353404,-8.0649224,icons/restaurant.png,OSM
Marrakech-Safi,Café sans nom,Café,Formel,Café sans nom,32.0460982,-9.3365397,icons/cafe.png,OSM
Marrakech-Safi,Dar Chef,Restaurant,Formel,Route Kennaria Dbchi,31.6254683,-7.9861714,icons/restaurant.png,OSM
Marrakech-Safi,Le Samovar,Café,Formel,Passage Prince Moulay Rachid,31.6251823,-7.9887164,icons/cafe.png,OSM
Marrakech-Safi,Boulangerie sans nom,Boulangerie,Formel,Rue Hassania,31.634998,-8.0081073,icons/bakery.png,OSM
Marrakech-Safi,Boulangerie sans nom,Boulangerie,Formel,Boulangerie sans nom,31.6246018,-7.9853709,icons/bakery.png,OSM
Marrakech-Safi,Carrefour,Supermarché,Formel,Carrefour,31.6290769,-8.0029904,icons/supermarket.png,OSM
Marrakech-Safi,Broc The Kasbah,Restaurant,Formel,Rue Riad Laarous,31.6340021,-7.9907756,icons/restaurant.png,OSM
Marrakech-Safi,Restaurant sans nom,Restaurant,Formel,Restaurant sans nom,31.5149412,-9.7690008,icons/restaurant.png,OSM
Marrakech-Safi,Supérette / Mini-market sans nom,Supérette / Mini-market,Formel,Supérette / Mini-market sans nom,31.6245276,-7.9836282,icons/convenience.png,OSM
Marrakech-Safi,Supérette / Mini-market sans nom,Supérette / Mini-market,Formel,Supérette / Mini-market sans nom,31.623906,-7.9833728,icons/convenience.png,OSM
Marrakech-Safi,AWRIRRTE,Restaurant,Formel,Rue d’Oujda,31.5148701,-9.7691243,icons/restaurant.png,OSM
Marrakech-Safi,Café sans nom,Café,Formel,Café sans nom,31.5044603,-9.7554343,icons/cafe.png,OSM
Marrakech-Safi,Café sans nom,Café,Formel,Café sans nom,31.6307318,-7.9866499,icons/cafe.png,OSM
Marrakech-Safi,Restaurant sans nom,Restaurant,Formel,Derb el Hamam Issebtyine,31.6315262,-7.9828184,icons/restaurant.png,OSM
Marrakech-Safi,Café sans nom,Café,Formel,Café sans nom,31.5154029,-9.7706771,icons/cafe.png,OSM
Marrakech-Safi,Restaurant sans nom,Restaurant,Formel,Restaurant sans nom,31.6244495,-7.9873157,icons/restaurant.png,OSM
Marrakech-Safi,Restaurant Falafil,Restaurant,Formel,Restaurant Falafil,31.6308462,-7.9867265,icons/restaurant.png,OSM
Marrakech-Safi,Restaurant sans nom,Restaurant,Formel,Boulevard Moulay Rachid,31.6325585,-8.0119563,icons/restaurant.png,OSM
Marrakech-Safi,Restaurant Mythe,Restaurant,Formel,Restaurant Mythe,31.6271837,-7.9876473,icons/restaurant.png,OSM
Marrakech-Safi,Le Saadi,Restaurant,Formel,Le Saadi,31.6222402,-8.0043179,icons/restaurant.png,OSM
Marrakech-Safi,Les Terrasses du Lac Marrakech,Restaurant,Formel,Lac De Lalla Takarkoust,31.3392793,-8.1519214,icons/restaurant.png,OSM
Marrakech-Safi,La bonne adresse,Restaurant,Formel,La bonne adresse,31.6402251,-8.0017427,icons/restaurant.png,OSM
Marrakech-Safi,Burger King,Restaurant,Formel,Burger King,31.6181422,-8.0095104,icons/restaurant.png,OSM
Marrakech-Safi,Le 165 café,Café,Formel,Le 165 café,31.6345641,-8.0121478,icons/cafe.png,OSM
Marrakech-Safi,Pharmacie Al Atlas صيدلية الأطلس,Parapharmacie,Formel,"Rue Loubnane, Marrakech",31.6349944,-8.0095608,icons/pharmacy.png,OSM
Marrakech-Safi,Parapharmacie sans nom,Parapharmacie,Formel,Parapharmacie sans nom,31.5787057,-7.804084,icons/pharmacy.png,OSM
Marrakech-Safi,Boulangerie sans nom,Boulangerie,Formel,Boulangerie sans nom,31.617342,-7.9895453,icons/bakery.png,OSM
Marrakech-Safi,Restaurant sans nom,Restaurant,Formel,Restaurant sans nom,31.5838376,-7.8764684,icons/restaurant.png,OSM
Marrakech-Safi,Supérette / Mini-market sans nom,Supérette / Mini-market,Formel,Supérette / Mini-market sans nom,31.6371598,-8.0211004,icons/convenience.png,OSM
Marrakech-Safi,Restaurant sans nom,Restaurant,Formel,Restaurant sans nom,31.6175499,-8.009942,icons/restaurant.png,OSM
Marrakech-Safi,Restaurant sans nom,Restaurant,Formel,Restaurant sans nom,31.6136104,-7.9878039,icons/restaurant.png,OSM
Marrakech-Safi,Café sans nom,Café,Formel,Café sans nom,31.6271836,-7.9888676,icons/cafe.png,OSM
Marrakech-Safi,Restaurant sans nom,Restaurant,Formel,Restaurant sans nom,31.6203906,-7.9845787,icons/restaurant.png,OSM
Marrakech-Safi,Amoud,Boulangerie,Formel,Amoud,31.6528401,-8.0197106,icons/bakery.png,OSM
Marrakech-Safi,Kiosque sans nom,Kiosque,Informel,Kiosque sans nom,31.1238695,-7.9511553,icons/kiosk.png,OSM
Marrakech-Safi,Exotic Bali,Restaurant,Formel,Derb Chentouf,31.6336166,-7.9891467,icons/restaurant.png,OSM
Marrakech-Safi,Restaurant sans nom,Restaurant,Formel,Restaurant sans nom,31.6310044,-8.0055562,icons/restaurant.png,OSM
Marrakech-Safi,Khmissa,Restaurant,Formel,Khmissa,31.5137487,-9.7714346,icons/restaurant.png,OSM
Marrakech-Safi,Sayef,Restaurant,Formel,Sayef,31.5129673,-9.7692409,icons/restaurant.png,OSM
Marrakech-Safi,Restaurant sans nom,Restaurant,Formel,Restaurant sans nom,31.6205636,-7.9925654,icons/restaurant.png,OSM
Marrakech-Safi,Brahim Ouinzal,Supérette / Mini-market,Formel,Brahim Ouinzal,31.3768199,-7.8054639,icons/convenience.png,OSM
Marrakech-Safi,Imouzzer café,Café,Formel,Imouzzer café,31.3770712,-7.8049211,icons/cafe.png,OSM
Marrakech-Safi,Big souk every MONDAY ALL DAY LONG,Épicerie,Informel,Big souk every MONDAY ALL DAY LONG,31.3753853,-7.7789534,icons/greengrocer.png,OSM
Marrakech-Safi,Bakery,Boulangerie,Formel,Bakery,31.3767877,-7.8051645,icons/bakery.png,OSM
Marrakech-Safi,Fruits and veggies good price,Supérette / Mini-market,Formel,Fruits and veggies good price,31.3768282,-7.8052341,icons/convenience.png,OSM
Marrakech-Safi,Fruits and veggies ORGANIC,Supérette / Mini-market,Formel,Fruits and veggies ORGANIC,31.3765392,-7.8047583,icons/convenience.png,OSM
Marrakech-Safi,Dat L'hssira,Restaurant,Formel,Dat L'hssira,31.6312402,-7.9827191,icons/restaurant.png,OSM
Marrakech-Safi,Pharmacy (speak English well and understand your needs),Parapharmacie,Formel,Pharmacy (speak English well and understand your needs),31.3735968,-7.7949265,icons/pharmacy.png,OSM
Marrakech-Safi,House and body care (great hammam gloves),Supérette / Mini-market,Formel,House and body care (great hammam gloves),31.372972,-7.7974814,icons/convenience.png,OSM
Marrakech-Safi,Resto Suisse (seating and take away),Restaurant,Formel,Resto Suisse (seating and take away),31.3711347,-7.7981448,icons/restaurant.png,OSM
Marrakech-Safi,Mamouchthka restaurant (very good French and english speaking) DIVINE FOOD + VIEW,Restaurant,Formel,Mamouchthka restaurant (very good French and english speaking) DIVINE FOOD + VIEW,31.3669227,-7.7957421,icons/restaurant.png,OSM
Marrakech-Safi,Restaurant sans nom,Restaurant,Formel,Rue Riad Zitoun El Jedid,31.6243747,-7.9853096,icons/restaurant.png,OSM
Marrakech-Safi,Restaurant sans nom,Restaurant,Formel,Restaurant sans nom,31.6301435,-7.9894245,icons/restaurant.png,OSM
Marrakech-Safi,Exotic Bali,Restaurant,Formel,Rue Badr,31.631894,-8.0064152,icons/restaurant.png,OSM
Marrakech-Safi,Cafe Restaurant Ard Salam,Restaurant,Formel,Cafe Restaurant Ard Salam,31.5502333,-7.5815964,icons/restaurant.png,OSM
Marrakech-Safi,Supérette / Mini-market sans nom,Supérette / Mini-market,Formel,Supérette / Mini-market sans nom,31.5676637,-7.7345346,icons/convenience.png,OSM
Marrakech-Safi,Café sans nom,Café,Formel,Café sans nom,31.5711716,-7.7584653,icons/cafe.png,OSM
Marrakech-Safi,Café sans nom,Café,Formel,Café sans nom,31.5767874,-7.8183952,icons/cafe.png,OSM
Marrakech-Safi,Café sans nom,Café,Formel,Café sans nom,31.5853348,-7.8853236,icons/cafe.png,OSM
Marrakech-Safi,Restaurant sans nom,Restaurant,Formel,Restaurant sans nom,31.5766114,-7.8137228,icons/restaurant.png,OSM
Marrakech-Safi,Parapharmacie sans nom,Parapharmacie,Formel,Parapharmacie sans nom,31.576616,-7.8140393,icons/pharmacy.png,OSM
Marrakech-Safi,Restaurant sans nom,Restaurant,Formel,Restaurant sans nom,31.5765131,-7.8127827,icons/restaurant.png,OSM
Marrakech-Safi,Restaurant sans nom,Restaurant,Formel,Restaurant sans nom,31.5542954,-7.6763491,icons/restaurant.png,OSM
Marrakech-Safi,Restaurant sans nom,Restaurant,Formel,Restaurant sans nom,31.5540092,-7.6795882,icons/restaurant.png,OSM
Marrakech-Safi,Restaurant sans nom,Restaurant,Formel,Restaurant sans nom,31.5559257,-7.6854569,icons/restaurant.png,OSM
Marrakech-Safi,Supérette / Mini-market sans nom,Supérette / Mini-market,Formel,Supérette / Mini-market sans nom,31.5589575,-7.6902379,icons/convenience.png,OSM
Marrakech-Safi,Aya,Café,Formel,Aya,31.5594786,-7.6904646,icons/cafe.png,OSM
Marrakech-Safi,Supérette / Mini-market sans nom,Supérette / Mini-market,Formel,Supérette / Mini-market sans nom,31.5626416,-7.7057116,icons/convenience.png,OSM
Marrakech-Safi,Café sans nom,Café,Formel,Café sans nom,31.5665976,-7.7294599,icons/cafe.png,OSM
Marrakech-Safi,Supermarché sans nom,Supermarché,Formel,Supermarché sans nom,31.6261988,-7.9912163,icons/supermarket.png,OSM
Marrakech-Safi,Supermarché sans nom,Supermarché,Formel,Supermarché sans nom,31.6205476,-7.9837913,icons/supermarket.png,OSM
Marrakech-Safi,Parapharmacie sans nom,Parapharmacie,Formel,Parapharmacie sans nom,31.6242805,-7.9850981,icons/pharmacy.png,OSM
Marrakech-Safi,Supermarché sans nom,Supermarché,Formel,Supermarché sans nom,31.450414,-9.7337709,icons/supermarket.png,OSM
Marrakech-Safi,مطعم مقهى تزربت,Restaurant,Formel,مطعم مقهى تزربت,31.1750417,-8.083464,icons/restaurant.png,OSM
Marrakech-Safi,Herbalist,Parapharmacie,Formel,Herbalist,31.6328144,-7.9831368,icons/pharmacy.png,OSM
Marrakech-Safi,Café sans nom,Café,Formel,Café sans nom,31.497103,-9.7631482,icons/cafe.png,OSM
Marrakech-Safi,Chez Ben Driss,Restaurant,Formel,Chez Ben Driss,31.625492,-7.9877985,icons/restaurant.png,OSM
Marrakech-Safi,Patosserie Marrocain,Boulangerie,Formel,Patosserie Marrocain,31.627259,-7.9852421,icons/bakery.png,OSM
Marrakech-Safi,Café sans nom,Café,Formel,Café sans nom,31.5722453,-8.0708799,icons/cafe.png,OSM
Marrakech-Safi,صيدلية نزالة العظم,Parapharmacie,Formel,نزالة العظم,32.097959,-7.9517653,icons/pharmacy.png,OSM
Marrakech-Safi,مقهى حمو,Café,Formel,نزالة العظم,32.0996673,-7.9526793,icons/cafe.png,OSM
Marrakech-Safi,مقهى ومطعم سليم,Café,Formel,نزالة العظم,32.0991358,-7.9526826,icons/cafe.png,OSM
Marrakech-Safi,دار الحصيرة,Restaurant,Formel,Rue Tachenbacht,31.6315072,-7.9827201,icons/restaurant.png,OSM
Marrakech-Safi,Restaurant sans nom,Restaurant,Formel,"Kissariat Ben Khaled R’Mila, Rue Lalla Fatima Zahra",31.6259383,-7.9928622,icons/restaurant.png,OSM
Marrakech-Safi,Café sans nom,Café,Formel,Route Sidi Abelaziz,31.6315206,-7.9925609,icons/cafe.png,OSM
Marrakech-Safi,La muraille de l'Ourika,Restaurant,Formel,La muraille de l'Ourika,31.3668517,-7.7942029,icons/restaurant.png,OSM
Marrakech-Safi,سوق الثلاثاء,Supermarché,Formel,سوق الثلاثاء,31.2197734,-8.2329194,icons/supermarket.png,OSM
Marrakech-Safi,Restaurant sans nom,Restaurant,Formel,Boulevard Mohammed VI شارع محمد السادس,31.6388935,-8.0218763,icons/restaurant.png,OSM
Marrakech-Safi,Pharmacie Al Farah صيدلية الفرح,Parapharmacie,Formel,Ait Ourir ⴰⵢⵜ ⵓⵔⵉⵔ آيت ورير,31.5674128,-7.6504314,icons/pharmacy.png,OSM
Marrakech-Safi,Pharmacie Al Jabal صيدلية الجبل,Parapharmacie,Formel,Ait Ourir ⴰⵢⵜ ⵓⵔⵉⵔ آيت ورير,31.5715078,-7.6532356,icons/pharmacy.png,OSM
Marrakech-Safi,Pharmacie Annour صيدلية النور,Parapharmacie,Formel,Ait Ourir ⴰⵢⵜ ⵓⵔⵉⵔ آيت ورير,31.5641014,-7.6491345,icons/pharmacy.png,OSM
Marrakech-Safi,Pharmacie Hay Amahane صيدلية حي أمهان,Parapharmacie,Formel,Ait Ourir ⴰⵢⵜ ⵓⵔⵉⵔ آيت ورير,31.5567099,-7.6566672,icons/pharmacy.png,OSM
Marrakech-Safi,Pharmacie Rihab صيدلية رحاب,Parapharmacie,Formel,Ait Ourir ⴰⵢⵜ ⵓⵔⵉⵔ آيت ورير,31.5532679,-7.6721518,icons/pharmacy.png,OSM
Marrakech-Safi,Pharmacie Abidar صيدلية أبيضار,Parapharmacie,Formel,Ait Ourir ⴰⵢⵜ ⵓⵔⵉⵔ آيت ورير,31.5700484,-7.6727897,icons/pharmacy.png,OSM
Marrakech-Safi,Pharmacie Ait Ourir صيدلية أيت ورير,Parapharmacie,Formel,Ait Ourir ⴰⵢⵜ ⵓⵔⵉⵔ آيت ورير,31.5647384,-7.6618144,icons/pharmacy.png,OSM
Marrakech-Safi,Pharmacie Naciri صيدلية الناصري,Parapharmacie,Formel,Ait Ourir ⴰⵢⵜ ⵓⵔⵉⵔ آيت ورير,31.564017,-7.6636746,icons/pharmacy.png,OSM
Marrakech-Safi,Pharmacie Chichaoua صيدلية شيشاوة,Parapharmacie,Formel,Chichaoua ⵛⵉⵛⴰⵡⴰ شيشاوة,31.5462926,-8.7583542,icons/pharmacy.png,OSM
Marrakech-Safi,Pharmacie Mallorca صيدلية مايوركا,Parapharmacie,Formel,Chichaoua,31.5438782,-8.7660485,icons/pharmacy.png,OSM
Marrakech-Safi,Pharmacie Karima صيدلية كريمة,Parapharmacie,Formel,Chichaoua ⵛⵉⵛⴰⵡⴰ شيشاوة,31.5482662,-8.7484709,icons/pharmacy.png,OSM
Marrakech-Safi,Pharmacie Chifaa صيدلية الشفاء,Parapharmacie,Formel,Chichaoua,31.5469482,-8.7633745,icons/pharmacy.png,OSM
Marrakech-Safi,Pharmacie Ouled Brahim صيدلية اولاد ابراهيم,Parapharmacie,Formel,Chichaoua,31.5466816,-8.7653636,icons/pharmacy.png,OSM
Marrakech-Safi,Pharmacie La Cité Administrative صيدلية الحي الاداري,Parapharmacie,Formel,Chichaoua,31.5400405,-8.7676785,icons/pharmacy.png,OSM
Marrakech-Safi,Pharmacie El Massira صيدلية المسيرة,Parapharmacie,Formel,Chichaoua,31.5414889,-8.7673634,icons/pharmacy.png,OSM
Marrakech-Safi,Pharmacie Kessouba صيدلية كسوبة,Parapharmacie,Formel,Chichaoua ⵛⵉⵛⴰⵡⴰ شيشاوة,31.531432,-8.767418,icons/pharmacy.png,OSM
Marrakech-Safi,Pharmacie Abou Bakr Essiddik صيدلية أبو بكر الصديق,Parapharmacie,Formel,Chichaoua,31.5362181,-8.7690416,icons/pharmacy.png,OSM
Marrakech-Safi,La Grande Pharmacie الصيدلية الكبرى,Parapharmacie,Formel,Chichaoua ⵛⵉⵛⴰⵡⴰ شيشاوة,31.5322863,-8.7705936,icons/pharmacy.png,OSM
Marrakech-Safi,Pharmacie Lebtanten صيدلية لبتانتن,Parapharmacie,Formel,Chichaoua ⵛⵉⵛⴰⵡⴰ شيشاوة,31.5339634,-8.7657644,icons/pharmacy.png,OSM
Marrakech-Safi,Pharmacie Ibn Rochd صيدلية ابن رشد,Parapharmacie,Formel,Imintanoute,31.1764321,-8.8488286,icons/pharmacy.png,OSM
Marrakech-Safi,Pharmacie Le Progrès صيدلية التقدم,Parapharmacie,Formel,Imintanoute ⵉⵎⵉ ⵏ ⵜⴰⵏⵓⵜ إيمنتانوت,31.1735466,-8.85115,icons/pharmacy.png,OSM
Marrakech-Safi,Pharmacie Centrale الصيدلية المركزية,Parapharmacie,Formel,"Avenue Mohamed V, Imintanoute ⵉⵎⵉ ⵏ ⵜⴰⵏⵓⵜ إيمنتانوت",31.1732318,-8.8491033,icons/pharmacy.png,OSM
Marrakech-Safi,La Grande Pharmacie الصيدلية الكبرى,Parapharmacie,Formel,"Avenue Hassan II, Imintanoute",31.1745911,-8.8489958,icons/pharmacy.png,OSM
Marrakech-Safi,Pharmacie Assafar صيدلية أسفار,Parapharmacie,Formel,"Avenue Mohamed V, Imintanoute ⵉⵎⵉ ⵏ ⵜⴰⵏⵓⵜ إيمنتانوت",31.1727817,-8.8479483,icons/pharmacy.png,OSM
Marrakech-Safi,Pharmacie Azlef صيدلية أزلف,Parapharmacie,Formel,Essaouira,31.505743,-9.7583099,icons/pharmacy.png,OSM
Marrakech-Safi,Pharmacie Erraounak صيدلية الرونق,Parapharmacie,Formel,Essaouira,31.4994725,-9.7533725,icons/pharmacy.png,OSM
Marrakech-Safi,Pharmacie Al Moustakbal صيدلية المستقبل,Parapharmacie,Formel,Essaouira,31.4986081,-9.7568228,icons/pharmacy.png,OSM
Marrakech-Safi,Pharmacie Essaouira,Parapharmacie,Formel,Essaouira,31.5032293,-9.757175,icons/pharmacy.png,OSM
Marrakech-Safi,Pharmacie Al Borj,Parapharmacie,Formel,Essaouira,31.5030414,-9.7588374,icons/pharmacy.png,OSM
Marrakech-Safi,Pharmacie Hizam Al Akhdar صيدلية الحزام الأخضر,Parapharmacie,Formel,Essaouira,31.5040498,-9.7543868,icons/pharmacy.png,OSM
Marrakech-Safi,Pharmacie Sidi Magdoul صيدلية سيدي مكدول,Parapharmacie,Formel,Essaouira,31.5089598,-9.7578162,icons/pharmacy.png,OSM
Marrakech-Safi,Pharmacie Populaire الصيدلية الشعبية,Parapharmacie,Formel,Essaouira,31.5074891,-9.7609797,icons/pharmacy.png,OSM
Marrakech-Safi,Pharmacie Chifa صيدلية الشفاء,Parapharmacie,Formel,Essaouira,31.5133596,-9.7550656,icons/pharmacy.png,OSM
Marrakech-Safi,Pharmacie Al Afaq صيدلية الأفاق,Parapharmacie,Formel,Essaouira,31.5086457,-9.7571031,icons/pharmacy.png,OSM
Marrakech-Safi,Pharmacie Tafoukt Al Koubra صيدلية تافوكت الكبرى,Parapharmacie,Formel,Essaouira,31.5163387,-9.7528888,icons/pharmacy.png,OSM
Marrakech-Safi,Pharmacie Najib صيدلية نجيب,Parapharmacie,Formel,Essaouira,31.5113287,-9.759934,icons/pharmacy.png,OSM
Marrakech-Safi,Pharmacie Koutoubia صيدلية كتبية,Parapharmacie,Formel,Essaouira,31.5118156,-9.7575245,icons/pharmacy.png,OSM
Marrakech-Safi,Pharmacie La Gare صيدلية المحطة,Parapharmacie,Formel,Essaouira الصويرة,31.5161531,-9.7601048,icons/pharmacy.png,OSM
Marrakech-Safi,Pharmacie Smimou صيدلية سميمو,Parapharmacie,Formel,Essaouira ⵚⵚⵡⵉⵕⴰ الصويرة,31.5150638,-9.764448,icons/pharmacy.png,OSM
Marrakech-Safi,Pharmacie Mogador صيدلية موكادور,Parapharmacie,Formel,Essaouira الصويرة,31.5166647,-9.7624538,icons/pharmacy.png,OSM
Marrakech-Safi,Pharmacie El Massira صيدلية المسيرة,Parapharmacie,Formel,Essaouira ⵚⵚⵡⵉⵕⴰ الصويرة,31.5142935,-9.7637187,icons/pharmacy.png,OSM
Marrakech-Safi,Pharmacie Mallah Kdim صيدلية ملاح قديم,Parapharmacie,Formel,Essaouira الصويرة,31.5145768,-9.7694615,icons/pharmacy.png,OSM
Marrakech-Safi,Pharmacie Les Dunes صيدلية التلال,Parapharmacie,Formel,"Avenue El Aqaba, Essaouira",31.5141168,-9.7586436,icons/pharmacy.png,OSM
Marrakech-Safi,Pharmacie Ibn Sina صيدلية ابن سينا,Parapharmacie,Formel,Essaouira الصويرة,31.5195945,-9.75607,icons/pharmacy.png,OSM
Marrakech-Safi,Pharmacie Al Haddadah صيدلية الحدادة,Parapharmacie,Formel,Essaouira ⵚⵚⵡⵉⵕⴰ الصويرة,31.5135619,-9.7690238,icons/pharmacy.png,OSM
Marrakech-Safi,Pharmacie Palmier صيدلية النخيل,Parapharmacie,Formel,Safi,32.2484527,-9.2566127,icons/pharmacy.png,OSM
Marrakech-Safi,Pharmacie Amouni صيدلية أموني,Parapharmacie,Formel,Safi,32.2495921,-9.251352,icons/pharmacy.png,OSM
Marrakech-Safi,Pharmacie Driouchat صيدلية دريوشات,Parapharmacie,Formel,Safi,32.2468905,-9.2424334,icons/pharmacy.png,OSM
Marrakech-Safi,Pharmacie Idrissi صيدلية الادريسي,Parapharmacie,Formel,Safi,32.2589075,-9.2463613,icons/pharmacy.png,OSM
Marrakech-Safi,Pharmacie Chakir صيدلية شاكر,Parapharmacie,Formel,Safi,32.2550502,-9.2520299,icons/pharmacy.png,OSM
Marrakech-Safi,Pharmacie Kaouki صيدلية كاوكي,Parapharmacie,Formel,Safi,32.2509604,-9.2549984,icons/pharmacy.png,OSM
Marrakech-Safi,Pharmacie Al Moatassim صيدلية المعتصم,Parapharmacie,Formel,Safi,32.256603,-9.2428529,icons/pharmacy.png,OSM
Marrakech-Safi,Pharmacie El Corse صيدلية الكورس,Parapharmacie,Formel,Safi,32.2719143,-9.2458486,icons/pharmacy.png,OSM
Marrakech-Safi,Pharmacie Corse صيدلية كورسكا,Parapharmacie,Formel,SAFI,32.2735626,-9.2422474,icons/pharmacy.png,OSM
Marrakech-Safi,Pharmacie Ezzaouia صيدلية الزاوية,Parapharmacie,Formel,Safi,32.2664321,-9.246431,icons/pharmacy.png,OSM
Marrakech-Safi,Pharmacie El Bayar صيدلية البيار,Parapharmacie,Formel,Safi آسفي,32.2700616,-9.2484611,icons/pharmacy.png,OSM
Marrakech-Safi,Pharmacie Taib Abdellah صيدلية طيب عبد الله,Parapharmacie,Formel,SAFI,32.2752872,-9.2432424,icons/pharmacy.png,OSM
Marrakech-Safi,Pharmacie Arrahma صيدلية الرحمة,Parapharmacie,Formel,Safi,32.2692932,-9.2357681,icons/pharmacy.png,OSM
Marrakech-Safi,Pharmacie Bazi صيدلية البازي,Parapharmacie,Formel,Safi,32.2722475,-9.2344709,icons/pharmacy.png,OSM
Marrakech-Safi,Pharmacie Populaire الصيدلية الشعبية,Parapharmacie,Formel,SAFI,32.2742652,-9.2453894,icons/pharmacy.png,OSM
Marrakech-Safi,Pharmacie Ourida صيدلية وريدة,Parapharmacie,Formel,Safi آسفي,32.2778462,-9.2422196,icons/pharmacy.png,OSM
Marrakech-Safi,Pharmacie El Matar صيدلية المطار,Parapharmacie,Formel,SAFI,32.2686197,-9.2401931,icons/pharmacy.png,OSM
Marrakech-Safi,Pharmacie Zamzam صيدلية زمزم,Parapharmacie,Formel,Safi,32.2718326,-9.2306067,icons/pharmacy.png,OSM
Marrakech-Safi,Pharmacie Abid صيدلية عابد,Parapharmacie,Formel,Safi,32.2690933,-9.2435663,icons/pharmacy.png,OSM
Marrakech-Safi,Pharmacie Housni صيدلية حسني,Parapharmacie,Formel,Safi,32.2696336,-9.2329584,icons/pharmacy.png,OSM
Marrakech-Safi,Pharmacie Galinos صيدلية كالينوس,Parapharmacie,Formel,SAFI,32.2705762,-9.2390679,icons/pharmacy.png,OSM
Marrakech-Safi,Pharmacie Hay Mohammadi صيدلية حي المحمدي,Parapharmacie,Formel,Safi,32.2760237,-9.2282417,icons/pharmacy.png,OSM
Marrakech-Safi,Pharmacie Les Orchidées صيدلية ليزوركيدي,Parapharmacie,Formel,Safi,32.2782992,-9.2386882,icons/pharmacy.png,OSM
Marrakech-Safi,Pharmacie Skalli صيدلية الصقلي,Parapharmacie,Formel,Safi,32.278078,-9.2319193,icons/pharmacy.png,OSM
Marrakech-Safi,Pharmacie Balamissa صيدلية بلميسا,Parapharmacie,Formel,Safi,32.2798412,-9.2290859,icons/pharmacy.png,OSM
Marrakech-Safi,Pharmacie Sania Zine El Abidine صيدلية سانيا زين العابدين,Parapharmacie,Formel,Safi,32.2812675,-9.2309742,icons/pharmacy.png,OSM
Marrakech-Safi,Pharmacie Al Osra صيدلية الأسرة,Parapharmacie,Formel,Safi,32.2766515,-9.2236312,icons/pharmacy.png,OSM
Marrakech-Safi,Pharmacie Khalil صيدلية خليل,Parapharmacie,Formel,Safi,32.2804632,-9.2348266,icons/pharmacy.png,OSM
Marrakech-Safi,Pharmacie Al Khair صيدلية الخير,Parapharmacie,Formel,Imintanoute,31.1753226,-8.8532883,icons/pharmacy.png,OSM
Marrakech-Safi,Pharmacie Jrifat صيدلية جريفات,Parapharmacie,Formel,Safi,32.2853216,-9.2220562,icons/pharmacy.png,OSM
Marrakech-Safi,Pharmacie Oumnia صيدلية أومنية,Parapharmacie,Formel,Safi,32.2881997,-9.2231405,icons/pharmacy.png,OSM
Marrakech-Safi,Pharmacie Al Oum صيدلية الأم,Parapharmacie,Formel,Safi,32.286989,-9.2201971,icons/pharmacy.png,OSM
Marrakech-Safi,Pharmacie Al Wiam صيدلية الوئام,Parapharmacie,Formel,Safi,32.286894,-9.2159779,icons/pharmacy.png,OSM
Marrakech-Safi,Pharmacie Hanan صيدلية حنان,Parapharmacie,Formel,Safi,32.2873798,-9.2294538,icons/pharmacy.png,OSM
Marrakech-Safi,Pharmacie Hansali صيدلية حنصالي,Parapharmacie,Formel,Safi,32.2901154,-9.2261953,icons/pharmacy.png,OSM
Marrakech-Safi,Pharmacie Annabi صيدلية النبي,Parapharmacie,Formel,Safi,32.2837891,-9.2315774,icons/pharmacy.png,OSM
Marrakech-Safi,Pharmacie La Médina صيدلية المدينة,Parapharmacie,Formel,Safi,32.2860642,-9.2296841,icons/pharmacy.png,OSM
Marrakech-Safi,Pharmacie Attadamoun صيدلية التضامن,Parapharmacie,Formel,Safi,32.2827168,-9.2426893,icons/pharmacy.png,OSM
Marrakech-Safi,Pharmacie Wafa صيدلية وفاء,Parapharmacie,Formel,Safi,32.2874178,-9.225684,icons/pharmacy.png,OSM
Marrakech-Safi,Pharmacie Imam Malik صيدلية امام مالك,Parapharmacie,Formel,Safi,32.2846075,-9.2371768,icons/pharmacy.png,OSM
Marrakech-Safi,Pharmacie Familiale الصيدلية العائلية,Parapharmacie,Formel,Safi,32.2834914,-9.2394466,icons/pharmacy.png,OSM
Marrakech-Safi,Pharmacie Fatima صيدلية فاطمة,Parapharmacie,Formel,Safi آسفي,32.2791829,-9.2450826,icons/pharmacy.png,OSM
Marrakech-Safi,Pharmacie Centrale الصيدلية المركزية,Parapharmacie,Formel,Safi,32.2857231,-9.2422753,icons/pharmacy.png,OSM
Marrakech-Safi,Pharmacie Socrate صيدلية سقراط,Parapharmacie,Formel,Safi,32.2876506,-9.2125595,icons/pharmacy.png,OSM
Marrakech-Safi,Pharmacie Mirabelle صيدلية ميرابل,Parapharmacie,Formel,Safi,32.2861648,-9.2392415,icons/pharmacy.png,OSM
Marrakech-Safi,Pharmacie La Santé صيدلية الصحة,Parapharmacie,Formel,Safi,32.2914422,-9.2368711,icons/pharmacy.png,OSM
Marrakech-Safi,Pharmacie Abda صيدلية عبدة,Parapharmacie,Formel,Safi,32.2903439,-9.2403158,icons/pharmacy.png,OSM
Marrakech-Safi,Pharmacie Pasteur صيدلية باستور,Parapharmacie,Formel,Safi,32.2893008,-9.2343718,icons/pharmacy.png,OSM
Marrakech-Safi,Pharmacie Les Jasmins صيدلية الياسمين,Parapharmacie,Formel,Safi,32.2925924,-9.2395131,icons/pharmacy.png,OSM
Marrakech-Safi,Pharmacie La Liberté صيدلية الحرية,Parapharmacie,Formel,Safi,32.2909552,-9.2314797,icons/pharmacy.png,OSM
Marrakech-Safi,Pharmacie Mouslih صيدلية مصلح,Parapharmacie,Formel,Safi,32.2855676,-9.2090895,icons/pharmacy.png,OSM
Marrakech-Safi,Pharmacie Sentir صيدلية سنتير,Parapharmacie,Formel,آسفي,32.2987336,-9.2227092,icons/pharmacy.png,OSM
Marrakech-Safi,Pharmacie Al Hanae صيدلية الهناء,Parapharmacie,Formel,Safi آسفي,32.2930314,-9.2015948,icons/pharmacy.png,OSM
Marrakech-Safi,Pharmacie Kariat Chems صيدلية قرية شمس,Parapharmacie,Formel,Safi,32.2866482,-9.2026014,icons/pharmacy.png,OSM
Marrakech-Safi,Pharmacie Nouvelle الصيدلية الجديدة,Parapharmacie,Formel,Safi آسفي,32.2961205,-9.2433793,icons/pharmacy.png,OSM
Marrakech-Safi,Pharmacie Al Hayat صيدلية الحياة,Parapharmacie,Formel,Safi,32.2913713,-9.2104439,icons/pharmacy.png,OSM
Marrakech-Safi,Pharmacie Al Imane صيدلية الايمان,Parapharmacie,Formel,Safi,32.2981257,-9.219299,icons/pharmacy.png,OSM
Marrakech-Safi,Pharmacie Mimosa صيدلية ميموزا,Parapharmacie,Formel,Safi,32.2939826,-9.2220604,icons/pharmacy.png,OSM
Marrakech-Safi,Pharmacie Sandali صيدلية صاندالي,Parapharmacie,Formel,Safi,32.2971712,-9.2213552,icons/pharmacy.png,OSM
Marrakech-Safi,Pharmacie Chems صيدلية شمس,Parapharmacie,Formel,Safi,32.290663,-9.2176604,icons/pharmacy.png,OSM
Marrakech-Safi,Pharmacie Jaafar صيدلية جعفر,Parapharmacie,Formel,Ben Guerir ⴱⴰⵏⴳⵔⵉⵔ ابن جرير,32.2279488,-7.9502983,icons/pharmacy.png,OSM
Marrakech-Safi,Pharmacie Hay Moulay Rachid صيدلية حي مولاي رشيد,Parapharmacie,Formel,Ben Guerir ⴱⴰⵏⴳⵔⵉⵔ ابن جرير,32.2146102,-7.9276742,icons/pharmacy.png,OSM
Marrakech-Safi,Pharmacie Nidale صيدلية نضال,Parapharmacie,Formel,Safi,32.2880593,-9.207114,icons/pharmacy.png,OSM
Marrakech-Safi,Pharmacie Ejjennane صيدلية إجنان,Parapharmacie,Formel,"Rue Doukkala, Safi",32.3074684,-9.2376579,icons/pharmacy.png,OSM
Marrakech-Safi,Pharmacie Naim صيدلية نعيم,Parapharmacie,Formel,Safi,32.2946573,-9.2212938,icons/pharmacy.png,OSM
Marrakech-Safi,Pharmacie Moulay صيدلية مولاي,Parapharmacie,Formel,Safi,32.3000205,-9.2252991,icons/pharmacy.png,OSM
Marrakech-Safi,Pharmacie Al Nasr صيدلية النصر,Parapharmacie,Formel,SAFI,32.2933905,-9.2187619,icons/pharmacy.png,OSM
Marrakech-Safi,Pharmacie El Wifak صيدلية الوفاق,Parapharmacie,Formel,Safi,32.2952337,-9.2276527,icons/pharmacy.png,OSM
Marrakech-Safi,Pharmacie Route Marrakech صيدلية طريق مراكش,Parapharmacie,Formel,Safi,32.2980027,-9.2070673,icons/pharmacy.png,OSM
Marrakech-Safi,Pharmacie Ennasr صيدلية النصر,Parapharmacie,Formel,Benguerir ⴱⴰⵏⴳⵔⵉⵔ بن گرير,32.2224072,-7.9406393,icons/pharmacy.png,OSM
Marrakech-Safi,Pharmacie El Houda صيدلية الهدى,Parapharmacie,Formel,Safi,32.2870188,-9.235742,icons/pharmacy.png,OSM
Marrakech-Safi,Pharmacie Arrazi صيدلية الرازي,Parapharmacie,Formel,SAFI,32.293218,-9.2336688,icons/pharmacy.png,OSM
Marrakech-Safi,Pharmacie Erriad صيدلية الرياض,Parapharmacie,Formel,Ben Guerir ابن جرير,32.2285054,-7.9469974,icons/pharmacy.png,OSM
Marrakech-Safi,Pharmacie Karim صيدلية كريم,Parapharmacie,Formel,Safi,32.3115489,-9.228892,icons/pharmacy.png,OSM
Marrakech-Safi,Pharmacie La Marine صيدلية لامارين,Parapharmacie,Formel,Safi,32.307277,-9.2377579,icons/pharmacy.png,OSM
Marrakech-Safi,Pharmacie El Hayat صيدلية الحياة,Parapharmacie,Formel,Ben Guerir ⴱⴰⵏⴳⵔⵉⵔ ابن جرير,32.228175,-7.9378261,icons/pharmacy.png,OSM
Marrakech-Safi,Pharmacie Jnane El Kheir صيدلية جنان الخير,Parapharmacie,Formel,Ben Guerir ⴱⴰⵏⴳⵔⵉⵔ ابن جرير,32.2383112,-7.9416374,icons/pharmacy.png,OSM
Marrakech-Safi,Grande Pharmacie Française الصيدلية الفرنسية الكبرى,Parapharmacie,Formel,Safi آسفي,32.2965194,-9.2438119,icons/pharmacy.png,OSM
Marrakech-Safi,Pharmacie Amal Safi صيدلية أمل اسفي,Parapharmacie,Formel,SAFI آسفي,32.2934569,-9.2433388,icons/pharmacy.png,OSM
Marrakech-Safi,Pharmacie Chater صيدلية الشاطر,Parapharmacie,Formel,Ben Guerir ⴱⴰⵏⴳⵔⵉⵔ ابن جرير,32.2310257,-7.9494958,icons/pharmacy.png,OSM
Marrakech-Safi,Pharmacie Ghalia صيدلية الغالية,Parapharmacie,Formel,SAFI آسفي,32.2944046,-9.2412116,icons/pharmacy.png,OSM
Marrakech-Safi,Pharmacie Hadri صيدلية هضمي,Parapharmacie,Formel,SAFI,32.2952761,-9.2320162,icons/pharmacy.png,OSM
Marrakech-Safi,Pharmacie Sidi Abdelkrim صيدلية سيدي عبد الكريم,Parapharmacie,Formel,Safi,32.3125055,-9.2214608,icons/pharmacy.png,OSM
Marrakech-Safi,Pharmacie Hay Riad صيدلية حي الرياض,Parapharmacie,Formel,Ben Guerir ابن جرير,32.2314798,-7.9459574,icons/pharmacy.png,OSM
Marrakech-Safi,Pharmacie Biada صيدلية بياضة,Parapharmacie,Formel,Safi,32.3052015,-9.2338043,icons/pharmacy.png,OSM
Marrakech-Safi,Pharmacie Ibn Nafis صيدلية ابن النفيس,Parapharmacie,Formel,Safi,32.3078817,-9.2276982,icons/pharmacy.png,OSM
Marrakech-Safi,Pharmacie Al Yassamine صيدلية الياسمين,Parapharmacie,Formel,Ben Guerir ⴱⴰⵏⴳⵔⵉⵔ ابن جرير,32.2363149,-7.9392237,icons/pharmacy.png,OSM
Marrakech-Safi,Pharmacie Achbar صيدلية أشبال,Parapharmacie,Formel,Safi,32.3044261,-9.2366333,icons/pharmacy.png,OSM
Marrakech-Safi,Pharmacie Ibn El Kaym صيدلية ابن القيم,Parapharmacie,Formel,Safi,32.313187,-9.2321842,icons/pharmacy.png,OSM
Marrakech-Safi,Pharmacie Miftah Lkhair صيدلية مفتاح الخير,Parapharmacie,Formel,Safi,32.3140939,-9.2294819,icons/pharmacy.png,OSM
Marrakech-Safi,Pharmacie Al Hilal صيدلية الهلال,Parapharmacie,Formel,Ben Guerir ابن جرير,32.2311346,-7.939257,icons/pharmacy.png,OSM
Marrakech-Safi,Pharmacie l'Orient صيدلية المشرق,Parapharmacie,Formel,Ben Guerir ابن جرير,32.2293361,-7.9422394,icons/pharmacy.png,OSM
Marrakech-Safi,Pharmacie Safia صيدلية صافية,Parapharmacie,Formel,Safi,32.3234785,-9.2296081,icons/pharmacy.png,OSM
Marrakech-Safi,Pharmacie Grand Atlas صيدلية الأطلس الكبير,Parapharmacie,Formel,Safi آسفي,32.3139104,-9.2266978,icons/pharmacy.png,OSM
Marrakech-Safi,Pharmacie Tensift صيدلية تنسيفت,Parapharmacie,Formel,Safi آسفي,32.3172489,-9.2241464,icons/pharmacy.png,OSM
Marrakech-Safi,Pharmacie Ijennane صيدلية اجنان,Parapharmacie,Formel,Safi,32.3233218,-9.2324902,icons/pharmacy.png,OSM
Marrakech-Safi,Pharmacie Charif Lioui صيدلية شريف ليوي,Parapharmacie,Formel,Safi,32.3096192,-9.2251939,icons/pharmacy.png,OSM
Marrakech-Safi,Pharmacie El Amrani صيدلية العمراني,Parapharmacie,Formel,Safi,32.3237114,-9.2364924,icons/pharmacy.png,OSM
Marrakech-Safi,Pharmacie Afriquia صيدلية افريقيا,Parapharmacie,Formel,Ben Guerir ابن جرير,32.2450641,-7.9475506,icons/pharmacy.png,OSM
Marrakech-Safi,Pharmacie Cheguit صيدلية شنكيط,Parapharmacie,Formel,Safi,32.3129328,-9.2240395,icons/pharmacy.png,OSM
Marrakech-Safi,Pharmacie Temry صيدلية تمري,Parapharmacie,Formel,Safi آسفي,32.3205976,-9.2372294,icons/pharmacy.png,OSM
Marrakech-Safi,Pharmacie Attae صيدلية عطاء,Parapharmacie,Formel,Safi,32.3182398,-9.2296965,icons/pharmacy.png,OSM
Marrakech-Safi,Pharmacie Ouakib صيدلية واكيب,Parapharmacie,Formel,Ben Guerir ابن جرير,32.2403861,-7.9462195,icons/pharmacy.png,OSM
Marrakech-Safi,Pharmacie Lafraidi صيدلية لفرايدي,Parapharmacie,Formel,Safi,32.3206339,-9.2283245,icons/pharmacy.png,OSM
Marrakech-Safi,Pharmacie Khawarizmi صيدلية خوارزمي,Parapharmacie,Formel,Safi,32.3095474,-9.2142792,icons/pharmacy.png,OSM
Marrakech-Safi,Pharmacie Meftah Arraha صيدلية مفتاح الراحة,Parapharmacie,Formel,Safi,32.304544,-9.2101129,icons/pharmacy.png,OSM
Marrakech-Safi,Pharmacie Lemkhoudem صيدلية لمخودم,Parapharmacie,Formel,Safi آسفي,32.3267386,-9.223819,icons/pharmacy.png,OSM
Marrakech-Safi,Pharmacie Al Hamd صيدلية الحمد,Parapharmacie,Formel,Safi,32.3067743,-9.2127286,icons/pharmacy.png,OSM
Marrakech-Safi,Pharmacie Sakhraoui صيدلية السخراوي,Parapharmacie,Formel,Safi,32.3039471,-9.213744,icons/pharmacy.png,OSM
Marrakech-Safi,Pharmacie Al Falah صيدلية الفلاح,Parapharmacie,Formel,Ben Guerir ⴱⴰⵏⴳⵔⵉⵔ ابن جرير,32.2459046,-7.942888,icons/pharmacy.png,OSM
Marrakech-Safi,Pharmacie Sidi Bouzid صيدلية سيدي بوزيد,Parapharmacie,Formel,Safi آسفي,32.3213144,-9.2530496,icons/pharmacy.png,OSM
Marrakech-Safi,Pharmacie Ridari صيدلية رضاري,Parapharmacie,Formel,Safi,32.3258408,-9.2340296,icons/pharmacy.png,OSM
Marrakech-Safi,Pharmacie Al Wahda صيدلية الوحدة,Parapharmacie,Formel,"Avenue Prince Moulay Abdellah, ابن جرير",32.2415706,-7.9532658,icons/pharmacy.png,OSM
Marrakech-Safi,Pharmacie Al Masjid صيدلية المسجد,Parapharmacie,Formel,"Avenue Mohamed V, Ben Guerir ⴱⴰⵏⴳⵔⵉⵔ ابن جرير",32.2373048,-7.9587308,icons/pharmacy.png,OSM
Marrakech-Safi,Pharmacie Rahma صيدلية رحمة,Parapharmacie,Formel,Ben Guerir ابن جرير,32.2430109,-7.9483996,icons/pharmacy.png,OSM
Marrakech-Safi,Pharmacie Al Farabi صيدلية الفرابي,Parapharmacie,Formel,Ben Guerir ابن جرير,32.2412403,-7.9511944,icons/pharmacy.png,OSM
Marrakech-Safi,Pharmacie Hay Almajd 2 صيدلية حي المجد,Parapharmacie,Formel,Ben Guerir ⴱⴰⵏⴳⵔⵉⵔ ابن جرير,32.2480004,-7.945221,icons/pharmacy.png,OSM
Marrakech-Safi,Pharmacie Benguerir صيدلية بنجرير,Parapharmacie,Formel,Ben Guerir ابن جرير,32.235207,-7.9567681,icons/pharmacy.png,OSM
Marrakech-Safi,Pharmacie Salam صيدلية سلام,Parapharmacie,Formel,"Avenue Mohamed VI, Ben Guerir ابن جرير",32.2349623,-7.9542895,icons/pharmacy.png,OSM
Marrakech-Safi,Pharmacie Jawhara صيدلية جوهرة,Parapharmacie,Formel,"Avenue Mohamed VI, Ben Guerir ابن جرير",32.234885,-7.9546886,icons/pharmacy.png,OSM
Marrakech-Safi,Pharmacie Hay Al Farah صيدلية حي الفرح,Parapharmacie,Formel,Ben Guerir ابن جرير,32.2364792,-7.9522474,icons/pharmacy.png,OSM
Marrakech-Safi,Grande Pharmacie الصيدلية الكبرى,Parapharmacie,Formel,Ben Guerir ابن جرير,32.2466665,-7.9552111,icons/pharmacy.png,OSM
Marrakech-Safi,Pharmacie Nabih El Ouadi صيدلية نبيه الوادي,Parapharmacie,Formel,Benguerir,32.2295812,-7.9552431,icons/pharmacy.png,OSM
Marrakech-Safi,Pharmacie Oum Achraf صيدلية أم أشرف,Parapharmacie,Formel,Benguerir,32.2350004,-7.9486958,icons/pharmacy.png,OSM
Marrakech-Safi,Pharmacie El Farah صيدلية الفرح,Parapharmacie,Formel,Ben Guerir ابن جرير,32.2409105,-7.9567023,icons/pharmacy.png,OSM
Marrakech-Safi,Pharmacie Al Warda صيدلية الوردة,Parapharmacie,Formel,"Avenue Princesse Lalla Maryem شارع الأميرة للا مريم, Ben Guerir ابن جرير",32.2404225,-7.9612229,icons/pharmacy.png,OSM
Marrakech-Safi,Pharmacie Hay Ennour صيدلية حي النور,Parapharmacie,Formel,Ben Guerir ⴱⴰⵏⴳⵔⵉⵔ ابن جرير,32.2376195,-7.957016,icons/pharmacy.png,OSM
Marrakech-Safi,Pharmacie Abouab El Kheir صيدلية أبواب الخير,Parapharmacie,Formel,Benguerir,32.2366948,-7.9444594,icons/pharmacy.png,OSM
Marrakech-Safi,Pharmacie Amine صيدلية أمين,Parapharmacie,Formel,Ben Guerir ⴱⴰⵏⴳⵔⵉⵔ ابن جرير,32.2388315,-7.958789,icons/pharmacy.png,OSM
Marrakech-Safi,Pharmacie Hay Essaada صيدلية حي السعادة,Parapharmacie,Formel,Echemmaia الشماعية,32.0749202,-8.6303306,icons/pharmacy.png,OSM
Marrakech-Safi,Pharmacie Henider صيدلية هنيدر,Parapharmacie,Formel,Echemmaia ⵛⵎⴰⵄⵉⵢⴰ الشماعية,32.0758357,-8.6266957,icons/pharmacy.png,OSM
Marrakech-Safi,Pharmacie Souk Zima صيدلية سوق زيما,Parapharmacie,Formel,Chemaia,32.0773451,-8.6318294,icons/pharmacy.png,OSM
Marrakech-Safi,Pharmacie Chemaia صيدلية الشماعية,Parapharmacie,Formel,Echemmaia,32.0819364,-8.6248746,icons/pharmacy.png,OSM
Marrakech-Safi,Pharmacie Sidi Bouaalam صيدلية سيدي بوعلام,Parapharmacie,Formel,Echemmaia ⵛⵎⴰⵄⵉⵢⴰ الشماعية,32.0777056,-8.6266072,icons/pharmacy.png,OSM
Marrakech-Safi,Pharmacie Essalam صيدلية السلام,Parapharmacie,Formel,Echemmaia ⵛⵎⴰⵄⵉⵢⴰ الشماعية,32.0790365,-8.6285653,icons/pharmacy.png,OSM
Marrakech-Safi,Pharmacie Al Farabi صيدلية الفرابي,Parapharmacie,Formel,"Avenue John Kennedy, Safi",32.2869186,-9.2325394,icons/pharmacy.png,OSM
Marrakech-Safi,Pharmacie Anas صيدلية أنس,Parapharmacie,Formel,Safi,32.2806898,-9.2390287,icons/pharmacy.png,OSM
Marrakech-Safi,Pharmacie Ahmar صيدلية أحمر,Parapharmacie,Formel,Echemmaia,32.0823818,-8.625985,icons/pharmacy.png,OSM
Marrakech-Safi,Pharmacie Avicenne صيدلية ابن سينا,Parapharmacie,Formel,"Avenue Sidi Ouassel, Safi آسفي",32.2895026,-9.2425816,icons/pharmacy.png,OSM
Marrakech-Safi,Pharmacie Dakhla صيدلية الداخلة,Parapharmacie,Formel,Youssoufia ⵢⵓⵙⴼⵉⵢⴰ اليوسفية,32.2330557,-8.5366846,icons/pharmacy.png,OSM
Marrakech-Safi,Pharmacie Farah صيدلية فرح,Parapharmacie,Formel,"Avenue Abdessalam Mjid, Safi",32.2891181,-9.2197803,icons/pharmacy.png,OSM
Marrakech-Safi,Pharmacie Al Amal صيدلية الأمل,Parapharmacie,Formel,Youssoufia ⵢⵓⵙⴼⵉⵢⴰ اليوسفية,32.2353451,-8.5328651,icons/pharmacy.png,OSM
Marrakech-Safi,Pharmacie Saada Rhazri صيدلية السعادة عازري,Parapharmacie,Formel,Youssoufia,32.2361437,-8.5360301,icons/pharmacy.png,OSM
Marrakech-Safi,Pharmacie Annour صيدلية النور,Parapharmacie,Formel,Youssoufia ⵢⵓⵙⴼⵉⵢⴰ اليوسفية,32.237092,-8.5326451,icons/pharmacy.png,OSM
Marrakech-Safi,Pharmacie Moderne الصيدلية الحديثة,Parapharmacie,Formel,Youssoufia,32.2415859,-8.5371963,icons/pharmacy.png,OSM
Marrakech-Safi,Pharmacie Al Ouma صيدلية الأمة,Parapharmacie,Formel,Youssoufia ⵢⵓⵙⴼⵉⵢⴰ اليوسفية,32.2458394,-8.5341124,icons/pharmacy.png,OSM
Marrakech-Safi,Pharmacie Ibn Sina صيدلية ابن سينا,Parapharmacie,Formel,Youssoufia,32.239898,-8.5422871,icons/pharmacy.png,OSM
Marrakech-Safi,Pharmacie Inas صيدلية ايناس,Parapharmacie,Formel,Youssoufia,32.2427264,-8.5403043,icons/pharmacy.png,OSM
Marrakech-Safi,Pharmacie Al Qods صيدلية القدس,Parapharmacie,Formel,YOUSSOUFIA,32.2538836,-8.5358955,icons/pharmacy.png,OSM
Marrakech-Safi,Pharmacie Ahmar صيدلية أحمر,Parapharmacie,Formel,Youssoufia,32.2418627,-8.5354636,icons/pharmacy.png,OSM
Marrakech-Safi,Pharmacie Minicipalité صيدلية البلدية,Parapharmacie,Formel,YOUSSOUFIA,32.2446437,-8.5345939,icons/pharmacy.png,OSM
Marrakech-Safi,Pharmacie Louis Gentil صيدلية لويس جونتي,Parapharmacie,Formel,Youssoufia,32.246148,-8.5283145,icons/pharmacy.png,OSM
Marrakech-Safi,Pharmacie Zaid صيدلية زيد,Parapharmacie,Formel,Youssoufia ⵢⵓⵙⴼⵉⵢⴰ اليوسفية,32.2484544,-8.5234343,icons/pharmacy.png,OSM
Marrakech-Safi,Pharmacie Kachkat صيدلية كاشكاط,Parapharmacie,Formel,Youssoufia ⵢⵓⵙⴼⵉⵢⴰ اليوسفية,32.2458067,-8.5332465,icons/pharmacy.png,OSM
Marrakech-Safi,Pharmacie Orphelinat صيدلية الخيرية,Parapharmacie,Formel,Youssoufia ⵢⵓⵙⴼⵉⵢⴰ اليوسفية,32.2446004,-8.5317972,icons/pharmacy.png,OSM
Marrakech-Safi,Pharmacie Dokkali صيدلية دكالي,Parapharmacie,Formel,Youssoufia,32.2566127,-8.5291738,icons/pharmacy.png,OSM
Marrakech-Safi,Pharmacie Moatamid Ibn Abbad صيدلية المعتمد بن عباد,Parapharmacie,Formel,Youssoufia,32.2426258,-8.5421335,icons/pharmacy.png,OSM
Marrakech-Safi,Pharmacie Zaytouna صيدلية زيتونة,Parapharmacie,Formel,Youssoufia ⵢⵓⵙⴼⵉⵢⴰ اليوسفية,32.2491676,-8.539346,icons/pharmacy.png,OSM
Marrakech-Safi,Pharmacie Najmi صيدلية نجمي,Parapharmacie,Formel,YOUSSOUFIA,32.2515064,-8.5342218,icons/pharmacy.png,OSM
Marrakech-Safi,Pharmacie Chefchaouni صيدلية الشفشاوني,Parapharmacie,Formel,Youssoufia,32.2552809,-8.5336693,icons/pharmacy.png,OSM
Marrakech-Safi,Pharmacie Zainab صيدلية زينب,Parapharmacie,Formel,Youssoufia ⵢⵓⵙⴼⵉⵢⴰ اليوسفية,32.2602303,-8.5235158,icons/pharmacy.png,OSM
Marrakech-Safi,Pharmacie Lahdir صيدلية لهضير,Parapharmacie,Formel,Youssoufia,32.2489358,-8.532388,icons/pharmacy.png,OSM
Marrakech-Safi,Pharmacie Du Souk صيدلية السوق,Parapharmacie,Formel,Youssoufia,32.239991,-8.5379535,icons/pharmacy.png,OSM
Marrakech-Safi,Pharmacie de l'Hôpital صيدلية المستشفى,Parapharmacie,Formel,"Avenue John Kennedy, Safi",32.2892361,-9.2374423,icons/pharmacy.png,OSM
Marrakech-Safi,Pharmacie Taoufik صيدلية توفيق,Parapharmacie,Formel,Echemmaia,32.0801425,-8.625871,icons/pharmacy.png,OSM
Marrakech-Safi,Pharmacie La marche Verte صيدلية المسيرة الخضراء,Parapharmacie,Formel,"Avenue La Marche Verte, Echemmaia",32.0811162,-8.6238571,icons/pharmacy.png,OSM
Marrakech-Safi,Pharmacie El Kheir صيدلية الخير,Parapharmacie,Formel,Sebt Gzoula ⵙⴰⴱⵜ ⴳⴰⵣⵓⵍⴰ سبت گزولة,32.1079615,-9.0834304,icons/pharmacy.png,OSM
Marrakech-Safi,Pharmacie Douha صيدلية الدوحة,Parapharmacie,Formel,Sebt Gzoula ⵙⴰⴱⵜ ⴳⴰⵣⵓⵍⴰ سبت گزولة,32.107131,-9.083239,icons/pharmacy.png,OSM
Marrakech-Safi,Pharmacie Sebt صيدلية سبت,Parapharmacie,Formel,Sebt Gzoula ⵙⴰⴱⵜ ⴳⴰⵣⵓⵍⴰ سبت گزولة,32.1045332,-9.0867523,icons/pharmacy.png,OSM
Marrakech-Safi,Pharmacie Joulane صيدلية الجولان,Parapharmacie,Formel,Sebt Gzoula ⵙⴰⴱⵜ ⴳⴰⵣⵓⵍⴰ سبت گزولة,32.1102344,-9.0842205,icons/pharmacy.png,OSM
Marrakech-Safi,Pharmacie Al Amal صيدلية الأمال,Parapharmacie,Formel,Sebt Gzoula,32.1121389,-9.082697,icons/pharmacy.png,OSM
Marrakech-Safi,Pharmacie Rhamna صيدلية رحامنة,Parapharmacie,Formel,Skhour Rhamna,32.4785631,-7.9171255,icons/pharmacy.png,OSM
Marrakech-Safi,Pharmacie Mabchour صيدلية مبشور,Parapharmacie,Formel,Skhour Rhamna,32.4765204,-7.9169569,icons/pharmacy.png,OSM
Marrakech-Safi,Pharmacie Jnan Slimane صيدلية جنان سليمان,Parapharmacie,Formel,Marrakech ⵎⵕⵕⴰⴽⵯⵛ مراكش,31.5750694,-8.0613534,icons/pharmacy.png,OSM
Marrakech-Safi,Pharmacie Bab Assalam صيدلية باب السلام,Parapharmacie,Formel,Marrakech ⵎⵕⵕⴰⴽⵯⵛ مراكش,31.5739845,-8.0623771,icons/pharmacy.png,OSM
Marrakech-Safi,Pharmacie Oudghiri صيدلية الودغيري,Parapharmacie,Formel,Marrakech,31.5797725,-8.0543781,icons/pharmacy.png,OSM
Marrakech-Safi,Pharmacie Essajda صيدلية السجدة,Parapharmacie,Formel,Marrakech ⵎⵕⵕⴰⴽⵯⵛ مراكش,31.575099,-8.0559343,icons/pharmacy.png,OSM
Marrakech-Safi,Pharmacie Wahab صيدلية وهاب,Parapharmacie,Formel,"Avenue Guemassa, Marrakech ⵎⵕⵕⴰⴽⵯⵛ مراكش",31.5789321,-8.0575357,icons/pharmacy.png,OSM
Marrakech-Safi,Pharmacie Abraj El Koutoubia صيدلية أبراج الكتبية,Parapharmacie,Formel,Marrakech ⵎⵕⵕⴰⴽⵯⵛ مراكش,31.5764072,-8.0606894,icons/pharmacy.png,OSM
Marrakech-Safi,Pharmacie Le Croissant Vert صيدلية الهلال الأخضر,Parapharmacie,Formel,Marrakech ⵎⵕⵕⴰⴽⵯⵛ مراكش,31.5798894,-8.0609568,icons/pharmacy.png,OSM
Marrakech-Safi,Pharmacie Hay Al Bahja صيدلية حي البهجة,Parapharmacie,Formel,Marrakech,31.5645564,-8.0779626,icons/pharmacy.png,OSM
Marrakech-Safi,Pharmacie Abwab Lamhamid صيدلية أبواب لمحاميد,Parapharmacie,Formel,Marrakech ⵎⵕⵕⴰⴽⵯⵛ مراكش,31.5708934,-8.0718611,icons/pharmacy.png,OSM
Marrakech-Safi,Pharmacie Berradi Centrale صيدلية برادي المركزية,Parapharmacie,Formel,Marrakech,31.584577,-8.0557391,icons/pharmacy.png,OSM
Marrakech-Safi,Pharmacie Benouhoud صيدلية بنوهود,Parapharmacie,Formel,Marrakech ⵎⵕⵕⴰⴽⵯⵛ مراكش,31.5737218,-8.0684727,icons/pharmacy.png,OSM
Marrakech-Safi,Pharmacie Arraha Chkili صيدلية الراحة الشكيلي,Parapharmacie,Formel,"Avenue Guemassa, Marrakech",31.5839249,-8.0484817,icons/pharmacy.png,OSM
Marrakech-Safi,Pharmacie Nassim صيدلية نسيم,Parapharmacie,Formel,Marrakech,31.5822361,-8.0533653,icons/pharmacy.png,OSM
Marrakech-Safi,Pharmacie Oscar صيدلية أوسكار,Parapharmacie,Formel,Marrakech,31.5850176,-8.0520612,icons/pharmacy.png,OSM
Marrakech-Safi,Pharmacie Al Majd صيدلية المجد,Parapharmacie,Formel,"Avenue El Ouaha شارع الواحة, Marrakech",31.589295,-8.0524423,icons/pharmacy.png,OSM
Marrakech-Safi,Pharmacie Urgence صيدلية المستعجلات,Parapharmacie,Formel,Marrakech ⵎⵕⵕⴰⴽⵯⵛ مراكش,31.5872533,-8.0493067,icons/pharmacy.png,OSM
Marrakech-Safi,Pharmacie Kezibri صيدلية قزيبري,Parapharmacie,Formel,Marrakech,31.596332,-8.0596893,icons/pharmacy.png,OSM
Marrakech-Safi,Pharmacie Rania صيدلية رانيا,Parapharmacie,Formel,Marrakech ⵎⵕⵕⴰⴽⵯⵛ مراكش,31.5900764,-8.0624818,icons/pharmacy.png,OSM
Marrakech-Safi,Pharmacie Ouirgane صيدلية ويركان,Parapharmacie,Formel,Marrakech,31.5931765,-8.0508109,icons/pharmacy.png,OSM
Marrakech-Safi,Pharmacie El Housna صيدلية الحسنى,Parapharmacie,Formel,Marrakech,31.5922271,-8.0534202,icons/pharmacy.png,OSM
Marrakech-Safi,Pharmacie Ibn Sina صيدلية ابن سينا,Parapharmacie,Formel,Marrakech,31.6012652,-8.0554626,icons/pharmacy.png,OSM
Marrakech-Safi,Pharmacie Noun Oualkalam صيدلية نون و القلم,Parapharmacie,Formel,Marrakech,31.6009541,-8.0545602,icons/pharmacy.png,OSM
Marrakech-Safi,Pharmacie Les Résidences Nouha صيدلية إقامات نهى,Parapharmacie,Formel,"Avenue Sijilmassa, Marrakech",31.6038397,-8.0515899,icons/pharmacy.png,OSM
Marrakech-Safi,Pharmacie Adrar صيدلية أدرار,Parapharmacie,Formel,"Avenue Al Mokhtar Soussi, Marrakech",31.5992462,-8.0523038,icons/pharmacy.png,OSM
Marrakech-Safi,Pharmacie Hay Zakariaa صيدلية حي زكرياء,Parapharmacie,Formel,Marrakech,31.5979103,-8.0553251,icons/pharmacy.png,OSM
Marrakech-Safi,Pharmacie Al Imane صيدلية الإيمان,Parapharmacie,Formel,"Avenue Al Orouba, Marrakech",31.5999167,-8.0464078,icons/pharmacy.png,OSM
Marrakech-Safi,Pharmacie Simou صيدلية سيمو,Parapharmacie,Formel,"Avenue Al Mokhtar Soussi, Marrakech",31.600799,-8.0497764,icons/pharmacy.png,OSM
Marrakech-Safi,Pharmacie Fath Al Andalous صيدلية فتح الأندلس,Parapharmacie,Formel,Marrakech,31.5951172,-8.0558646,icons/pharmacy.png,OSM
Marrakech-Safi,Pharmacie Laarif صيدلية لعريف,Parapharmacie,Formel,"Avenue Guelmim شارع كلميم, Avenue Al Mokhtar Soussi",31.5964238,-8.0527792,icons/pharmacy.png,OSM
Marrakech-Safi,Pharmacie Al Ousra صيدلية الأسرة,Parapharmacie,Formel,Marrakech ⵎⵕⵕⴰⴽⵯⵛ مراكش,31.5893153,-8.0396545,icons/pharmacy.png,OSM
Marrakech-Safi,Pharmacie Ighly صيدلية إغلي,Parapharmacie,Formel,"Avenue Riddani, Marrakech ⵎⵕⵕⴰⴽⵯⵛ مراكش",31.5878275,-8.0418871,icons/pharmacy.png,OSM
Marrakech-Safi,Pharmacie Raja صيدلية الرجاء,Parapharmacie,Formel,Marrakech,31.5976381,-8.0470227,icons/pharmacy.png,OSM
Marrakech-Safi,Pharmacie Zahra Azzohor صيدلية زهرة الزهور,Parapharmacie,Formel,Marrakech ⵎⵕⵕⴰⴽⵯⵛ مراكش,31.5988971,-8.043104,icons/pharmacy.png,OSM
Marrakech-Safi,Pharmacie Annahda صيدلية النهضة,Parapharmacie,Formel,"Avenue M'Hamid, Marrakech",31.5970748,-8.0435993,icons/pharmacy.png,OSM
Marrakech-Safi,Pharmacie Ibn Zohr صيدلية ابن زهر,Parapharmacie,Formel,Marrakech ⵎⵕⵕⴰⴽⵯⵛ مراكش,31.6003671,-8.0329125,icons/pharmacy.png,OSM
Marrakech-Safi,Pharmacie Masjid Nahda صيدلية مسجد النهضة,Parapharmacie,Formel,Marrakech,31.6014089,-8.0378945,icons/pharmacy.png,OSM
Marrakech-Safi,Pharmacie Al Akwas صيدلية الأقواس,Parapharmacie,Formel,Marrakech,31.5981715,-8.0338547,icons/pharmacy.png,OSM
Marrakech-Safi,Pharmacie Saada 5 صيدلية السعادة,Parapharmacie,Formel,"Avenue El Ouaha شارع الواحة, Marrakech",31.5902817,-8.0489984,icons/pharmacy.png,OSM
Marrakech-Safi,Pharmacie Toukram صيدلية تكرم,Parapharmacie,Formel,"Avenue Imam Mouslim, Marrakech",31.5901816,-8.0457931,icons/pharmacy.png,OSM
Marrakech-Safi,Pharmacie Assafae صيدلية الصفاء,Parapharmacie,Formel,"Avenue Al Khalij, Marrakech ⵎⵕⵕⴰⴽⵯⵛ مراكش",31.5922771,-8.0385072,icons/pharmacy.png,OSM
Marrakech-Safi,Pharmacie Nakhil M'Hamid صيدلية نخيل المحاميد,Parapharmacie,Formel,"Avenue Nakhil شارع النخيل, Marrakech ⵎⵕⵕⴰⴽⵯⵛ مراكش",31.5945035,-8.0418551,icons/pharmacy.png,OSM
Marrakech-Safi,Pharmacie Al Badre صيدلية البدر,Parapharmacie,Formel,"Avenue Al Khalij, Marrakech ⵎⵕⵕⴰⴽⵯⵛ مراكش",31.5918409,-8.0419904,icons/pharmacy.png,OSM
Marrakech-Safi,Pharmacie Lina صيدلية لينة,Parapharmacie,Formel,Marrakech ⵎⵕⵕⴰⴽⵯⵛ مراكش,31.5965232,-8.0391624,icons/pharmacy.png,OSM
Marrakech-Safi,Grande Pharmacie M'Hamid الصيدلية الكبرى المحاميد,Parapharmacie,Formel,"Avenue Al Hijaz, Marrakech",31.5965801,-8.0350969,icons/pharmacy.png,OSM
Marrakech-Safi,Pharmacie Al Matar صيدلية المطار,Parapharmacie,Formel,"Avenue Guemassa, Marrakech ⵎⵕⵕⴰⴽⵯⵛ مراكش",31.5924724,-8.031882,icons/pharmacy.png,OSM
Marrakech-Safi,Pharmacie Miftah Al Atlas صيدلية مفتاح الأطلس,Parapharmacie,Formel,Marrakech,31.5861113,-8.0312374,icons/pharmacy.png,OSM
Marrakech-Safi,Pharmacie Skalli صيدلية الصقلي,Parapharmacie,Formel,"Avenue El Hanna, Marrakech ⵎⵕⵕⴰⴽⵯⵛ مراكش",31.5951819,-8.0290308,icons/pharmacy.png,OSM
Marrakech-Safi,Pharmacie Hopital Régional صيدلية المستشفى الجامعي,Parapharmacie,Formel,Marrakech ⵎⵕⵕⴰⴽⵯⵛ مراكش,31.5881484,-8.0285595,icons/pharmacy.png,OSM
Marrakech-Safi,Pharmacie Qortoba صيدلية قرطبة,Parapharmacie,Formel,Marrakech,31.5919487,-8.0270787,icons/pharmacy.png,OSM
Marrakech-Safi,Pharmacie Principale Chrifia الصيدلية الرئيسية الشريفية,Parapharmacie,Formel,Marrakech,31.5872981,-8.0239658,icons/pharmacy.png,OSM
Marrakech-Safi,Pharmacie Oualili صيدلية وليلي,Parapharmacie,Formel,Marrakech ⵎⵕⵕⴰⴽⵯⵛ مراكش,31.5910531,-8.0246644,icons/pharmacy.png,OSM
Marrakech-Safi,Pharmacie Jardin Hay Chrifia صيدلية حدائق الشريفية,Parapharmacie,Formel,"Rue des écoles, Marrakech",31.5895537,-8.0218567,icons/pharmacy.png,OSM
Marrakech-Safi,Pharmacie Bouakaz صيدلية بوعكاز,Parapharmacie,Formel,Marrakech,31.5952927,-8.0230089,icons/pharmacy.png,OSM
Marrakech-Safi,Pharmacie Salma صيدلية سلمى,Parapharmacie,Formel,Marrakech ⵎⵕⵕⴰⴽⵯⵛ مراكش,31.5945653,-8.0188833,icons/pharmacy.png,OSM
Marrakech-Safi,Pharmacie Al Hamd صيدلية الحمد,Parapharmacie,Formel,Marrakech ⵎⵕⵕⴰⴽⵯⵛ مراكش,31.5944487,-8.0263045,icons/pharmacy.png,OSM
Marrakech-Safi,Pharmacie Al Manal صيدلية المنال,Parapharmacie,Formel,Marrakech ⵎⵕⵕⴰⴽⵯⵛ مراكش,31.5974734,-8.0206438,icons/pharmacy.png,OSM
Marrakech-Safi,Pharmacie Kabbadj صيدلية القباج,Parapharmacie,Formel,Marrakech ⵎⵕⵕⴰⴽⵯⵛ مراكش,31.5924249,-8.0218114,icons/pharmacy.png,OSM
Marrakech-Safi,Pharmacie Marwa Nour صيدلية مروة نور,Parapharmacie,Formel,Tamansourt,31.7476415,-8.1157879,icons/pharmacy.png,OSM
Marrakech-Safi,Pharmacie Madina Jadida صيدلية المدينة الجديدة,Parapharmacie,Formel,Tamansourt,31.7509633,-8.1149297,icons/pharmacy.png,OSM
Marrakech-Safi,Pharmacie Essakri صيدلية الصقري,Parapharmacie,Formel,Tamansourt,31.7491209,-8.1004932,icons/pharmacy.png,OSM
Marrakech-Safi,Pharmacie Harbil صيدلية حربيل,Parapharmacie,Formel,Tamansourt,31.7606876,-8.1157457,icons/pharmacy.png,OSM
Marrakech-Safi,Pharmacie Filal صيدلية فلال,Parapharmacie,Formel,Tamansourt,31.7665132,-8.1074522,icons/pharmacy.png,OSM
Marrakech-Safi,Pharmacie Amina صيدلية أمينة,Parapharmacie,Formel,Tamansourt,31.7659189,-8.1112747,icons/pharmacy.png,OSM
Marrakech-Safi,Pharmacie Chorouk صيدلية شروق,Parapharmacie,Formel,Tamansourt,31.7435742,-8.122786,icons/pharmacy.png,OSM
Marrakech-Safi,Pharmacie Jamila صيدلية جميلة,Parapharmacie,Formel,Tamansourt,31.7633491,-8.1125107,icons/pharmacy.png,OSM
Marrakech-Safi,Pharmacie Al Abbassia صيدلية العباسية,Parapharmacie,Formel,Tamansourt,31.746194,-8.1112934,icons/pharmacy.png,OSM
Marrakech-Safi,Pharmacie Jardin Yassmine صيدلية حديقة الياسمين,Parapharmacie,Formel,Tamansourt,31.750476,-8.1202837,icons/pharmacy.png,OSM
Marrakech-Safi,Pharmacie Tamensourt صيدلية تمنصورت,Parapharmacie,Formel,Tamansourt,31.7516625,-8.1064877,icons/pharmacy.png,OSM
Marrakech-Safi,Pharmacie Riad Attakadoum صيدلية رياض التقدم,Parapharmacie,Formel,Tamansourt,31.7678739,-8.0985169,icons/pharmacy.png,OSM
Marrakech-Safi,Pharmacie Al Hanaa صيدلية الهناء,Parapharmacie,Formel,Marrakech ⵎⵕⵕⴰⴽⵯⵛ مراكش,31.5744677,-7.9828115,icons/pharmacy.png,OSM
Marrakech-Safi,Pharmacie Koukou صيدلية كوكو,Parapharmacie,Formel,Marrakech ⵎⵕⵕⴰⴽⵯⵛ مراكش,31.5747975,-7.9679645,icons/pharmacy.png,OSM
Marrakech-Safi,Pharmacie Taha Yassine صيدلية طه يس,Parapharmacie,Formel,Marrakech ⵎⵕⵕⴰⴽⵯⵛ مراكش,31.5744373,-7.9639323,icons/pharmacy.png,OSM
Marrakech-Safi,Pharmacie Dalal صيدلية دلال,Parapharmacie,Formel,Marrakech,31.5703863,-7.9628919,icons/pharmacy.png,OSM
Marrakech-Safi,Pharmacie Al Mazar صيدلية المزار,Parapharmacie,Formel,"Rue Oqba Ben Nafaa, Marrakech",31.5928873,-7.9860777,icons/pharmacy.png,OSM
Marrakech-Safi,Pharmacie Aya صيدلية اَية,Parapharmacie,Formel,"Avenue Al Adarissa, Marrakech",31.5945755,-7.9638132,icons/pharmacy.png,OSM
Marrakech-Safi,Pharmacie Hay El Jadid صيدلية الحي الجديد,Parapharmacie,Formel,Marrakech,31.5947618,-7.9603063,icons/pharmacy.png,OSM
Marrakech-Safi,Pharmacie Wahat Sidi Youssef صيدلية واحة سيدي يوسف,Parapharmacie,Formel,"Avenue Al Mariniyine, Marrakech",31.5994672,-7.9608071,icons/pharmacy.png,OSM
Marrakech-Safi,Pharmacie El kheir صيدلية الخير,Parapharmacie,Formel,Marrakech,31.5979843,-7.957198,icons/pharmacy.png,OSM
Marrakech-Safi,Pharmacie la Palestine صيدلية فلسطين,Parapharmacie,Formel,Marrakech ⵎⵕⵕⴰⴽⵯⵛ مراكش,31.6021953,-7.9692486,icons/pharmacy.png,OSM
Marrakech-Safi,Pharmacie Jbilet صيدلية الجبيلات,Parapharmacie,Formel,"Rue Al Khoukha, Marrakech ⵎⵕⵕⴰⴽⵯⵛ مراكش",31.6028393,-7.965915,icons/pharmacy.png,OSM
Marrakech-Safi,Pharmacie Hadji صيدلية حاجي,Parapharmacie,Formel,"Rue Imam Chafii, Marrakech",31.6057094,-7.9583399,icons/pharmacy.png,OSM
Marrakech-Safi,Pharmacie Tensift صيدلية تانسيفت,Parapharmacie,Formel,Marrakech,31.6049546,-7.9632764,icons/pharmacy.png,OSM
Marrakech-Safi,Pharmacie Riad صيدلية رياض,Parapharmacie,Formel,Marrakech ⵎⵕⵕⴰⴽⵯⵛ مراكش,31.604032,-7.9714257,icons/pharmacy.png,OSM
Marrakech-Safi,Pharmacie Nassir صيدلية ناصر,Parapharmacie,Formel,"طريق الضريح, Marrakech",31.6099004,-7.9576564,icons/pharmacy.png,OSM
Marrakech-Safi,Pharmacie Du Complexe صيدلية المركب,Parapharmacie,Formel,"Avenue Fatima Al Fihria, Marrakech ⵎⵕⵕⴰⴽⵯⵛ مراكش",31.6073853,-7.9695712,icons/pharmacy.png,OSM
Marrakech-Safi,Pharmacie Al Farabi صيدلية الفرابي,Parapharmacie,Formel,"Avenue As-Saquia, Marrakech ⵎⵕⵕⴰⴽⵯⵛ مراكش",31.6083248,-7.966259,icons/pharmacy.png,OSM
Marrakech-Safi,Pharmacie Jnane صيدلية جنان,Parapharmacie,Formel,Marrakech ⵎⵕⵕⴰⴽⵯⵛ مراكش,31.609758,-7.9708549,icons/pharmacy.png,OSM
Marrakech-Safi,Pharmacie Al Madariss صيدلية المدارس,Parapharmacie,Formel,"Avenue Al Madariss, Marrakech ⵎⵕⵕⴰⴽⵯⵛ مراكش",31.6107807,-7.9681023,icons/pharmacy.png,OSM
Marrakech-Safi,Pharmacie Ibn Khaldoun صيدلية ابن خلدون,Parapharmacie,Formel,"Avenue El Houria, Marrakech ⵎⵕⵕⴰⴽⵯⵛ مراكش",31.6130191,-7.9725498,icons/pharmacy.png,OSM
Marrakech-Safi,Pharmacie Sidi Youssef صيدلية سيدي يوسف,Parapharmacie,Formel,"Avenue Al Madariss, Marrakech ⵎⵕⵕⴰⴽⵯⵛ مراكش",31.6161842,-7.9705276,icons/pharmacy.png,OSM
Marrakech-Safi,Pharmacie Al Mssalla صيدلية المصلى,Parapharmacie,Formel,"Avenue Al Madariss, Marrakech ⵎⵕⵕⴰⴽⵯⵛ مراكش",31.6135253,-7.9693822,icons/pharmacy.png,OSM
Marrakech-Safi,Pharmacie Derb Al Makina صيدلية درب الماكينة,Parapharmacie,Formel,Marrakech ⵎⵕⵕⴰⴽⵯⵛ مراكش,31.6151294,-7.9678121,icons/pharmacy.png,OSM
Marrakech-Safi,Pharmacie du Golf صيدلية الكولف,Parapharmacie,Formel,"Route Darih, Marrakech",31.6227802,-7.971606,icons/pharmacy.png,OSM
Marrakech-Safi,Pharmacie Houman Al Fatouaki صيدلية حمان الفطواكي,Parapharmacie,Formel,"Avenue Houman Al Fatouaki, Marrakech ⵎⵕⵕⴰⴽⵯⵛ مراكش",31.6208724,-7.9703436,icons/pharmacy.png,OSM
Marrakech-Safi,Pharmacie Baghdad صيدلية بغداد,Parapharmacie,Formel,"طريق الضريح, Marrakech",31.6210808,-7.9681155,icons/pharmacy.png,OSM
Marrakech-Safi,Pharmacie Idrissi صيدلية إدريسي,Parapharmacie,Formel,"Avenue Homane Al Fatouaki, Marrakech ⵎⵕⵕⴰⴽⵯⵛ مراكش",31.6186649,-7.9699335,icons/pharmacy.png,OSM
Marrakech-Safi,Pharmacie Hind صيدلية هند,Parapharmacie,Formel,"Rue de Bab Hmar, Marrakech ⵎⵕⵕⴰⴽⵯⵛ مراكش",31.6146223,-7.9769635,icons/pharmacy.png,OSM
Marrakech-Safi,Pharmacie Sidi Youssef Ben Ali صيدلية سيدي يوسف بن علي,Parapharmacie,Formel,"Derb Agouram درب اڭرام, Marrakech",31.6144868,-7.9642887,icons/pharmacy.png,OSM
Marrakech-Safi,Pharmacie Ibn Tachfine صيدلية ابن تاشفين,Parapharmacie,Formel,"Avenue Msalla, Marrakech",31.6125708,-7.9649568,icons/pharmacy.png,OSM
Marrakech-Safi,Pharmacie El Mansour Eddahbi صيدلية المنصور الذهبي,Parapharmacie,Formel,"Rue de Berrima, Marrakech ⵎⵕⵕⴰⴽⵯⵛ مراكش",31.6151207,-7.979734,icons/pharmacy.png,OSM
Marrakech-Safi,Al Khalil صيدلية الخليل,Parapharmacie,Formel,"Tariq Makhzen, Marrakech ⵎⵕⵕⴰⴽⵯⵛ مراكش",31.6132322,-7.9868341,icons/pharmacy.png,OSM
Marrakech-Safi,Pharmacie Saadiens صيدلية السعديين,Parapharmacie,Formel,"Rue de la Kasbah, Marrakech ⵎⵕⵕⴰⴽⵯⵛ مراكش",31.6168888,-7.9893335,icons/pharmacy.png,OSM
Marrakech-Safi,Pharmacie Mamounia صيدلية المامونية,Parapharmacie,Formel,"Rue Lalla Rkia, Marrakech ⵎⵕⵕⴰⴽⵯⵛ مراكش",31.6198585,-7.9907455,icons/pharmacy.png,OSM
Marrakech-Safi,Pharmacie Al Badii صيدلية البديع,Parapharmacie,Formel,"Rue de Berrima, Marrakech ⵎⵕⵕⴰⴽⵯⵛ مراكش",31.6167353,-7.9815264,icons/pharmacy.png,OSM
Marrakech-Safi,Pharmacie Jnane El Afia صيدلية جنان العافية,Parapharmacie,Formel,"Taoualat El Miâra, Marrakech ⵎⵕⵕⴰⴽⵯⵛ مراكش",31.6203307,-7.9804821,icons/pharmacy.png,OSM
Marrakech-Safi,Pharmacie Arafat صيدلية عرفات,Parapharmacie,Formel,Marrakech ⵎⵕⵕⴰⴽⵯⵛ مراكش,31.6247339,-8.0719908,icons/pharmacy.png,OSM
Marrakech-Safi,Pharmacie Fakhara صيدلية فخارة,Parapharmacie,Formel,"Avenue Essaouira طريق الصويرة, Marrakech ⵎⵕⵕⴰⴽⵯⵛ مراكش",31.6281073,-8.0915033,icons/pharmacy.png,OSM
Marrakech-Safi,Pharmacie La Famille صيدلية الأسرة,Parapharmacie,Formel,Marrakech,31.6132656,-8.0486328,icons/pharmacy.png,OSM
Marrakech-Safi,Pharmacie Al Ikhlass صيدلية الإخلاص,Parapharmacie,Formel,Marrakech,31.6166461,-8.0541346,icons/pharmacy.png,OSM
Marrakech-Safi,Pharmacie Vidal صيدلية فيدال,Parapharmacie,Formel,Marrakech,31.613547,-8.055466,icons/pharmacy.png,OSM
Marrakech-Safi,Pharmacie Soufiane صيدلية سفيان,Parapharmacie,Formel,"Avenue du Rhin, Marrakech",31.6177906,-8.0486138,icons/pharmacy.png,OSM
Marrakech-Safi,Pharmacie Al Hilal صيدلية الهلال,Parapharmacie,Formel,Marrakech,31.6178995,-8.0559198,icons/pharmacy.png,OSM
Marrakech-Safi,Pharmacie Hay Tachfin صيدلية حي تاشفين,Parapharmacie,Formel,Marrakech,31.6204715,-8.0450685,icons/pharmacy.png,OSM
Marrakech-Safi,Pharmacie Le Laurier صيدلية لوريي,Parapharmacie,Formel,"Avenue Mohammadia, Marrakech",31.622047,-8.0486222,icons/pharmacy.png,OSM
Marrakech-Safi,Pharmacie Yassine صيدلية ياسين,Parapharmacie,Formel,Marrakech,31.6214204,-8.0565406,icons/pharmacy.png,OSM
Marrakech-Safi,Pharmacie Karam صيدلية كرم,Parapharmacie,Formel,"Rue Chajarat El Filine, Marrakech",31.6152208,-8.0625566,icons/pharmacy.png,OSM
Marrakech-Safi,Pharmacie Socoma صيدلية صوكوما,Parapharmacie,Formel,"Avenue Laayoune, Marrakech",31.6189672,-8.0584233,icons/pharmacy.png,OSM
Marrakech-Safi,Pharmacie Ennour صيدلية النور,Parapharmacie,Formel,"Rue Chajarat Azzaytoun, Marrakech",31.6183967,-8.0658078,icons/pharmacy.png,OSM
Marrakech-Safi,Pharmacie Jasmin صيدلية الياسمين,Parapharmacie,Formel,Marrakech,31.6176531,-8.0615606,icons/pharmacy.png,OSM
Marrakech-Safi,Pharmacie Oumaima صيدلية أميمة,Parapharmacie,Formel,"Rue Zoubair Ben El Awam زنقة الزبير بن العوام, Marrakech",31.6163088,-8.0654691,icons/pharmacy.png,OSM
Marrakech-Safi,Pharmacie Al Manfalouti صيدلية المنفلوطي,Parapharmacie,Formel,"Avenue Al Manfalouti شارع المنفلوطي, Marrakech",31.6186521,-8.0685937,icons/pharmacy.png,OSM
Marrakech-Safi,Pharmacie Askadjour صيدلية أسكجور,Parapharmacie,Formel,Marrakech,31.6203126,-8.0629547,icons/pharmacy.png,OSM
Marrakech-Safi,Pharmacie Soudri صيدلية سودري,Parapharmacie,Formel,Marrakech ⵎⵕⵕⴰⴽⵯⵛ مراكش,31.6207977,-8.0683185,icons/pharmacy.png,OSM
Marrakech-Safi,Pharmacie Sahara صيدلية الصحراء,Parapharmacie,Formel,Marrakech,31.6218938,-8.0659925,icons/pharmacy.png,OSM
Marrakech-Safi,Pharmacie du Conseil صيدلية النصيحة,Parapharmacie,Formel,"Avenue Al Madrassa, Marrakech",31.6234599,-8.0630557,icons/pharmacy.png,OSM
Marrakech-Safi,Pharmacie Ettaoufik صيدلية التوفيق,Parapharmacie,Formel,Marrakech,31.6212559,-8.0600398,icons/pharmacy.png,OSM
Marrakech-Safi,Pharmacie Salah Eddine El Ayyoubi صيدلية صلاح الدين الأيوبي,Parapharmacie,Formel,"Avenue Al Madrassa, Marrakech ⵎⵕⵕⴰⴽⵯⵛ مراكش",31.62601,-8.0680436,icons/pharmacy.png,OSM
Marrakech-Safi,Pharmacie Amaddah صيدلية أمداح,Parapharmacie,Formel,"Avenue Belouardi, Marrakech",31.6251994,-8.0614376,icons/pharmacy.png,OSM
Marrakech-Safi,Pharmacie Laayoune صيدلية لعيون,Parapharmacie,Formel,"Avenue Laayoune, Marrakech",31.6235683,-8.0584045,icons/pharmacy.png,OSM
Marrakech-Safi,Pharmacie Addoha صيدلية الضحى,Parapharmacie,Formel,Marrakech,31.6214006,-8.058035,icons/pharmacy.png,OSM
Marrakech-Safi,Pharmacie El Basri صيدلية البصري,Parapharmacie,Formel,"Rue Agadir, Marrakech",31.6270807,-8.0548968,icons/pharmacy.png,OSM
Marrakech-Safi,Pharmacie Targa صيدلي تارغا,Parapharmacie,Formel,"Avenue Essaouira طريق الصويرة, Marrakech",31.627216,-8.0431423,icons/pharmacy.png,OSM
Marrakech-Safi,Pharmacie Azli صيدلية أزلي,Parapharmacie,Formel,Marrakech,31.6239616,-8.0531258,icons/pharmacy.png,OSM
Marrakech-Safi,Pharmacie Saada صيدلية السعادة,Parapharmacie,Formel,"Rue El Amaouiyine, Marrakech",31.6270247,-8.0377175,icons/pharmacy.png,OSM
Marrakech-Safi,Pharmacie Avenue Hassan II صيدلية شارع الحسن الثاني,Parapharmacie,Formel,"Avenue Hassan II شارع الحسن الثاني, Marrakech",31.6273076,-8.0249167,icons/pharmacy.png,OSM
Marrakech-Safi,Pharmacie El Quitar صيدلية القطار,Parapharmacie,Formel,"Avenue Hassan II شارع الحسن الثاني, Marrakech",31.6289011,-8.0192076,icons/pharmacy.png,OSM
Marrakech-Safi,Pharmacie Du Consulat صيدلية القنصلية,Parapharmacie,Formel,"Rue Abou Bakr Seddik, Marrakech",31.6267677,-8.0168208,icons/pharmacy.png,OSM
Marrakech-Safi,Pharmacie Sheraton صيدلية شيراتون,Parapharmacie,Formel,Marrakech,31.6199021,-8.0104364,icons/pharmacy.png,OSM
Marrakech-Safi,Pharmacie Rahimi صيدلية رحيمي,Parapharmacie,Formel,"Route de la Piscine, Marrakech",31.6201298,-8.0132087,icons/pharmacy.png,OSM
Marrakech-Safi,Pharmacie Natura صيدلية الطبيعة,Parapharmacie,Formel,"Avenue El Qadissia, Marrakech",31.623557,-8.0035288,icons/pharmacy.png,OSM
Marrakech-Safi,Pharmacie L'Opera صيدلية الأوبرا,Parapharmacie,Formel,"Boulevard Mohammed VI شارع محمد السادس, Marrakech",31.6252915,-8.0124341,icons/pharmacy.png,OSM
Marrakech-Safi,Pharmacie Bab Jdid صيدلية باب جديد,Parapharmacie,Formel,"Avenue de Paris, Marrakech",31.6259653,-8.0018529,icons/pharmacy.png,OSM
Marrakech-Safi,Pharmacie Du Kawkab صيدلية الكوكب,Parapharmacie,Formel,"Rue Moulay El Hassan, Marrakesh",31.6274941,-8.0072783,icons/pharmacy.png,OSM
Marrakech-Safi,Pharmacie Eddafali صيدلية الدفالي,Parapharmacie,Formel,"Rue de l'Iman Ali, Marrakech",31.6294995,-8.0060742,icons/pharmacy.png,OSM
Marrakech-Safi,Pharmacie l'Unité صيدلية الوحدة,Parapharmacie,Formel,"Avenue des Nations Unies شارع الأمم المتحدة, Marrakech",31.6328186,-8.0057356,icons/pharmacy.png,OSM
Marrakech-Safi,Pharmacie Al Ahbass صيدلية الأحباس,Parapharmacie,Formel,Marrakech,31.6335968,-8.0016328,icons/pharmacy.png,OSM
Marrakech-Safi,Pharmacie El Hara صيدلية الحارة,Parapharmacie,Formel,"Avenue Al Mallakh, Marrakech",31.6322575,-8.0007156,icons/pharmacy.png,OSM
Marrakech-Safi,Pharmacie de La Médina صيدلية المدينة,Parapharmacie,Formel,"Avenue Houman El Fetouaki, Marrakech",31.6223617,-7.9893235,icons/pharmacy.png,OSM
Marrakech-Safi,Pharmacie Bahia Homeo صيدلية الباهية هوميو,Parapharmacie,Formel,"Avenue Houman El Fetouaki, Marrakech",31.6203318,-7.9860294,icons/pharmacy.png,OSM
Marrakech-Safi,Pharmacie Riad Zitoun صيدلية رياض الزيتون,Parapharmacie,Formel,"Rue Riad Zitoun El Jedid, Marrakech",31.6219904,-7.9841738,icons/pharmacy.png,OSM
Marrakech-Safi,Pharmacie Maghreb صيدلية المغرب,Parapharmacie,Formel,"Rue Ibn Khaldoun, Marrakech ⵎⵕⵕⴰⴽⵯⵛ مراكش",31.6236874,-7.9916947,icons/pharmacy.png,OSM
Marrakech-Safi,Pharmacie Derb Dabachi صيدلية ررب ضبشي,Parapharmacie,Formel,"Rue Biadine, Marrakech",31.6271092,-7.9855954,icons/pharmacy.png,OSM
Marrakech-Safi,Pharmacie Kennaria صيدلية كنارية,Parapharmacie,Formel,Marrakech,31.6256229,-7.9856652,icons/pharmacy.png,OSM
Marrakech-Safi,Pharmacie Bab Aghmat صيدلية باب أغمات,Parapharmacie,Formel,"Triq Bab Ghmat, Marrakech",31.6252877,-7.9766715,icons/pharmacy.png,OSM
Marrakech-Safi,Pharmacie El Amal صيدلية الأمل,Parapharmacie,Formel,"Derb Sidi Boulabada, Marrakech",31.6276795,-7.9831991,icons/pharmacy.png,OSM
Marrakech-Safi,Pharmacie Douar Graoua صيدلية دوار كراوة,Parapharmacie,Formel,"Trik Tikhizrit, Marrakech",31.6254721,-7.9829115,icons/pharmacy.png,OSM
Marrakech-Safi,Pharmacie El Boussekri صيدلية البوسكري,Parapharmacie,Formel,"Rue El Cadi Ayad, Marrakech",31.6272292,-7.9731177,icons/pharmacy.png,OSM
Marrakech-Safi,Pharmacie Bab Aylan صيدلية باب أيلان,Parapharmacie,Formel,"Triq Bab Aylan, Marrakech",31.629584,-7.9749193,icons/pharmacy.png,OSM
Marrakech-Safi,Pharmacie Sidi Ayoub صيدلي سيدي أيوب,Parapharmacie,Formel,Marrakech,31.6281703,-7.9787502,icons/pharmacy.png,OSM
Marrakech-Safi,Pharmacie Azzahraa صيدلية الزهراء,Parapharmacie,Formel,"Rahba Kedima Square, Marrakech",31.6290112,-7.9869143,icons/pharmacy.png,OSM
Marrakech-Safi,Pharmacie Lalla Aouda Saadia صيدلية لالة عودة السعدية,Parapharmacie,Formel,"Rue Rachida, Marrakech",31.6314302,-7.9790223,icons/pharmacy.png,OSM
Marrakech-Safi,Pharmacie Ben Saleh صيدلية بن صالح,Parapharmacie,Formel,"Rue Azbezd, Marrakech",31.6297933,-7.9830681,icons/pharmacy.png,OSM
Marrakech-Safi,Pharmacie Bab Debagh صيدلية باب الدباغ,Parapharmacie,Formel,"Rue Houria, Marrakech",31.633586,-7.9825338,icons/pharmacy.png,OSM
Marrakech-Safi,Pharmacie Tabhirte صيدلية تابحيرت,Parapharmacie,Formel,"Chariâa Sidi Fekhar, Marrakech",31.6340419,-7.9814812,icons/pharmacy.png,OSM
Marrakech-Safi,Pharmacie El Moukef صيدلية الموقف,Parapharmacie,Formel,"Route Bab Lakhmiss, Marrakech",31.6348519,-7.9834371,icons/pharmacy.png,OSM
Marrakech-Safi,Pharmacie Chater صيدلية الشاطر,Parapharmacie,Formel,"Derb Slima, Marrakech",31.6333163,-7.9851825,icons/pharmacy.png,OSM
Marrakech-Safi,Pharmacie Arrahma صيدلية الرحمة,Parapharmacie,Formel,"Avenue Dyour Saboun, Marrakech",31.6342899,-7.9879576,icons/pharmacy.png,OSM
Marrakech-Safi,Pharmacie Riad Laarouss صيدلية رياض العروس,Parapharmacie,Formel,"Rue El Gza, Marrakech",31.6350135,-7.9942735,icons/pharmacy.png,OSM
Marrakech-Safi,Pharmacie Marrakech صيدلية مراكش,Parapharmacie,Formel,"Rue Bab Doukkala, Marrakech",31.633899,-7.9987136,icons/pharmacy.png,OSM
Marrakech-Safi,Pharmacie Bab Doukkala صيدلية باب دكالة,Parapharmacie,Formel,"Rue Boutouil, Marrakech",31.635877,-7.9975382,icons/pharmacy.png,OSM
Marrakech-Safi,Pharmacie Kechich صيدلية كشيش,Parapharmacie,Formel,"Route Bab el Khemis, Marrakech",31.6389059,-7.9850143,icons/pharmacy.png,OSM
Marrakech-Safi,Pharmacie La Mosquée صيدلية المسجد,Parapharmacie,Formel,"Avenue Fatima Zohra, Marrakech",31.630934,-7.9961617,icons/pharmacy.png,OSM
Marrakech-Safi,Pharmacie Arset Ihiri صيدلية عرصة إهيري,Parapharmacie,Formel,"Derb Sidi Massoud, Marrakech",31.6375418,-7.9952744,icons/pharmacy.png,OSM
Marrakech-Safi,Pharmacie Jabha صيدلية الجبهة,Parapharmacie,Formel,Marrakech,31.6411163,-7.9858899,icons/pharmacy.png,OSM
Marrakech-Safi,Pharmacie Zaouia Abbasia صيدلية الزاوية العباسية,Parapharmacie,Formel,"Derb El Arsa, Marrakech",31.6400179,-7.9915972,icons/pharmacy.png,OSM
Marrakech-Safi,Pharmacie Bab Lekhmiss صيدلية باب الخميس,Parapharmacie,Formel,Marrakech,31.6432375,-7.9890725,icons/pharmacy.png,OSM
Marrakech-Safi,Pharmacie Morakkab Souk Lekhmis صيدلية مركب سوق الخميس,Parapharmacie,Formel,Marrakech,31.6419573,-7.9862319,icons/pharmacy.png,OSM
Marrakech-Safi,Pharmacie Al Qaria Siahiya صيدلية القرية السياحية,Parapharmacie,Formel,Marrakech,31.6397548,-7.9796476,icons/pharmacy.png,OSM
Marrakech-Safi,Pharmacie Al Antaki صيدلية الأنطاكي,Parapharmacie,Formel,"Chariaa Antaki, Marrakech",31.6362457,-7.9851924,icons/pharmacy.png,OSM
Marrakech-Safi,Pharmacie Al Kawtar صيدلية الكوثر,Parapharmacie,Formel,Marrakech,31.6352986,-7.9765795,icons/pharmacy.png,OSM
Marrakech-Safi,Pharmacie El Imame Ali صيدلي الإمام علي,Parapharmacie,Formel,Marrakech,31.6486115,-7.979973,icons/pharmacy.png,OSM
Marrakech-Safi,Pharmacie El Hamidi صيدلية الحميدي,Parapharmacie,Formel,Marrakech,31.6451705,-7.9850595,icons/pharmacy.png,OSM
Marrakech-Safi,Pharmacie Ain Itti صيدلية عين إطي,Parapharmacie,Formel,Marrakech,31.6484334,-7.9829258,icons/pharmacy.png,OSM
Marrakech-Safi,Pharmacie Borj Ennakhil صيدلية برج النخيل,Parapharmacie,Formel,"Djnan Abiad, Marrakech",31.6486658,-7.9630905,icons/pharmacy.png,OSM
Marrakech-Safi,Pharmacie Guennoune صيدلية كنون,Parapharmacie,Formel,Marrakech,31.6639524,-7.9856643,icons/pharmacy.png,OSM
Marrakech-Safi,Pharmacie Dar Tounsi صيدلية دار التونسي,Parapharmacie,Formel,Marrakech,31.648825,-7.9517422,icons/pharmacy.png,OSM
Marrakech-Safi,Pharmacie M'Hamdia صيدلية المحمدية,Parapharmacie,Formel,Marrakech,31.6471224,-7.9020994,icons/pharmacy.png,OSM
Marrakech-Safi,Pharmacie Ben Bouzid صيدلية بن بوزيد,Parapharmacie,Formel,Marrakech,31.5918354,-7.876424,icons/pharmacy.png,OSM
Marrakech-Safi,Pharmacie Al Amana صيدلية الأمانة,Parapharmacie,Formel,Marrakech ⵎⵕⵕⴰⴽⵯⵛ مراكش,31.6343858,-7.9205112,icons/pharmacy.png,OSM
Marrakech-Safi,Pharmacie Massi صيدلية ماسي,Parapharmacie,Formel,Marrakech,31.6254759,-7.9651033,icons/pharmacy.png,OSM
Marrakech-Safi,Pharmacie M'Hamdia Sabaa صيدلية المحمدية السابعة,Parapharmacie,Formel,Marrakech,31.6333541,-7.8934788,icons/pharmacy.png,OSM
Marrakech-Safi,Pharmacie Tallaght صيدلية تلاغت,Parapharmacie,Formel,Marrakech,31.6251449,-7.93494,icons/pharmacy.png,OSM
Marrakech-Safi,Pharmacie Ben Yaich صيدلية اعيش,Parapharmacie,Formel,Marrakech,31.6476355,-8.1180106,icons/pharmacy.png,OSM
Marrakech-Safi,Pharmacie Rahali صيدلية الرحالي,Parapharmacie,Formel,Marrakech,31.6486091,-8.1222769,icons/pharmacy.png,OSM
Marrakech-Safi,Pharmacie Diar Zitoune صيدلية ديار الزيتون,Parapharmacie,Formel,Marrakech,31.6385219,-8.1091375,icons/pharmacy.png,OSM
Marrakech-Safi,Pharmacie Lalla Habiba صيدلية لالة حبيبة,Parapharmacie,Formel,Marrakech,31.6440398,-8.1127099,icons/pharmacy.png,OSM
Marrakech-Safi,Pharmacie Al Ghofrane صيدلية الغفران,Parapharmacie,Formel,Marrakech,31.6403511,-8.10592,icons/pharmacy.png,OSM
Marrakech-Safi,Pharmacie Abwab El Afak صيدلية الاَفاق,Parapharmacie,Formel,"Route de Souihla, Marrakech",31.6406045,-8.1003181,icons/pharmacy.png,OSM
Marrakech-Safi,Pharmacie Mahaj Essalam صيدلية محج السلام,Parapharmacie,Formel,Marrakech,31.6353125,-8.094395,icons/pharmacy.png,OSM
Marrakech-Safi,Pharmacie Anniama صيدلية النعمة,Parapharmacie,Formel,Marrakech,31.6360728,-8.0995049,icons/pharmacy.png,OSM
Marrakech-Safi,Pharmacie Essaada Marjane صيدلية السعادة مرجان,Parapharmacie,Formel,Marrakech,31.6354572,-8.0943873,icons/pharmacy.png,OSM
Marrakech-Safi,Pharmacie Marjane Massira صيدلية مرجان المسيرة,Parapharmacie,Formel,Marrakech ⵎⵕⵕⴰⴽⵯⵛ مراكش,31.6298137,-8.0794547,icons/pharmacy.png,OSM
Marrakech-Safi,Pharmacie Sami صيدلية سامي,Parapharmacie,Formel,Marrakech,31.6321105,-8.0952032,icons/pharmacy.png,OSM
Marrakech-Safi,Pharmacie de la Nation صيدلي الأمة,Parapharmacie,Formel,Marrakech ⵎⵕⵕⴰⴽⵯⵛ مراكش,31.6333189,-8.075738,icons/pharmacy.png,OSM
Marrakech-Safi,Pharmacie Abwab Al Khair صيدلية أبواب الخير,Parapharmacie,Formel,Marrakech ⵎⵕⵕⴰⴽⵯⵛ مراكش,31.6380079,-8.0784014,icons/pharmacy.png,OSM
Marrakech-Safi,Pharmacie Al Aksa صيدلية العكسة,Parapharmacie,Formel,Marrakech ⵎⵕⵕⴰⴽⵯⵛ مراكش,31.6360784,-8.0757549,icons/pharmacy.png,OSM
Marrakech-Safi,Pharmacie El Massira صيدلية المسيرة,Parapharmacie,Formel,Marrakech ⵎⵕⵕⴰⴽⵯⵛ مراكش,31.6373864,-8.0799311,icons/pharmacy.png,OSM
Marrakech-Safi,Pharmacie Jenane Faiza صيدلية جنان فايزة,Parapharmacie,Formel,Marrakech ⵎⵕⵕⴰⴽⵯⵛ مراكش,31.6390042,-8.082103,icons/pharmacy.png,OSM
Marrakech-Safi,Pharmacie Abwab Addoha صيدلية أبواب الضحى,Parapharmacie,Formel,Marrakech ⵎⵕⵕⴰⴽⵯⵛ مراكش,31.6363622,-8.0723482,icons/pharmacy.png,OSM
Marrakech-Safi,Pharmacie Ben Allal صيدلية بن علال,Parapharmacie,Formel,Marrakech ⵎⵕⵕⴰⴽⵯⵛ مراكش,31.642353,-8.0755484,icons/pharmacy.png,OSM
Marrakech-Safi,Pharmacie Bichara صيدلية بشارة,Parapharmacie,Formel,Marrakech ⵎⵕⵕⴰⴽⵯⵛ مراكش,31.6477185,-8.0803131,icons/pharmacy.png,OSM
Marrakech-Safi,Pharmacie Al Haramaine صيدلية الحرمين,Parapharmacie,Formel,Marrakech ⵎⵕⵕⴰⴽⵯⵛ مراكش,31.6483963,-8.0748276,icons/pharmacy.png,OSM
Marrakech-Safi,Pharmacie Les Portes de Marrakech صيدلية أبواب مراكش,Parapharmacie,Formel,"Route de Souihla, Marrakech ⵎⵕⵕⴰⴽⵯⵛ مراكش",31.6395279,-8.0775474,icons/pharmacy.png,OSM
Marrakech-Safi,Pharmacie Prestige Targa صيدلية بريستيج تارغا,Parapharmacie,Formel,Marrakech,31.666047,-8.0569348,icons/pharmacy.png,OSM
Marrakech-Safi,Pharmacie Borj Targa صيدلية برج تارغا,Parapharmacie,Formel,"Route de Targa, Marrakech",31.6520927,-8.061695,icons/pharmacy.png,OSM
Marrakech-Safi,Pharmacie Sebou صيدلية سبو,Parapharmacie,Formel,Marrakech ⵎⵕⵕⴰⴽⵯⵛ مراكش,31.6474178,-8.0655064,icons/pharmacy.png,OSM
Marrakech-Safi,Pharmacie Al Khabir صيدلية الخبير,Parapharmacie,Formel,"Avenue El Moutanabi, Marrakech ⵎⵕⵕⴰⴽⵯⵛ مراكش",31.6458199,-8.0669075,icons/pharmacy.png,OSM
Marrakech-Safi,Pharmacie Al Azhar صيدلية الأزهر,Parapharmacie,Formel,"Rue Rifa Ibn Machrouh, Marrakech ⵎⵕⵕⴰⴽⵯⵛ مراكش",31.6423972,-8.0669988,icons/pharmacy.png,OSM
Marrakech-Safi,Pharmacie Oum Rabii صيدلية أم الربيع,Parapharmacie,Formel,"Rue Rifa Ibn Machrouh, Marrakech",31.6422246,-8.0632518,icons/pharmacy.png,OSM
Marrakech-Safi,Pharmacie Kenza صيدلية كنزة,Parapharmacie,Formel,Marrakech ⵎⵕⵕⴰⴽⵯⵛ مراكش,31.640323,-8.0654533,icons/pharmacy.png,OSM
Marrakech-Safi,Pharmacie El Amane صيدلية الأمان,Parapharmacie,Formel,Marrakech ⵎⵕⵕⴰⴽⵯⵛ مراكش,31.6458854,-8.0630226,icons/pharmacy.png,OSM
Marrakech-Safi,Pharmacie La Perle Rouge صيدلية الجوهرة الحمراء,Parapharmacie,Formel,Marrakech ⵎⵕⵕⴰⴽⵯⵛ مراكش,31.6442504,-8.0647053,icons/pharmacy.png,OSM
Marrakech-Safi,Pharmacie El Massmoudi صيدلية المصمودي,Parapharmacie,Formel,"Rue Saadiennes, Marrakech",31.6558375,-8.0550308,icons/pharmacy.png,OSM
Marrakech-Safi,Pharmacie Tilila صيدلية تليلا,Parapharmacie,Formel,Marrakech,31.6617498,-8.0570413,icons/pharmacy.png,OSM
Marrakech-Safi,Pharmacie Daou صيدلية الضو,Parapharmacie,Formel,Marrakech,31.6568055,-8.0535983,icons/pharmacy.png,OSM
Marrakech-Safi,Pharmacie Souihla صيدلية السويهلة,Parapharmacie,Formel,"Route de Targa, Marrakech",31.6490524,-8.052712,icons/pharmacy.png,OSM
Marrakech-Safi,Pharmacie Al Inara صيدلية الإنارة,Parapharmacie,Formel,Marrakech,31.6409181,-8.0531112,icons/pharmacy.png,OSM
Marrakech-Safi,Pharmacie Hay Machou صيدلية حي ماشو,Parapharmacie,Formel,Marrakech,31.6409648,-8.0560278,icons/pharmacy.png,OSM
Marrakech-Safi,Pharmacie Fadila صيدلية فضيلة,Parapharmacie,Formel,Marrakech,31.638079,-8.0482553,icons/pharmacy.png,OSM
Marrakech-Safi,Pharmacie Sofia صيدلية صوفيا,Parapharmacie,Formel,Marrakech,31.6402111,-8.0454672,icons/pharmacy.png,OSM
Marrakech-Safi,Pharmacie Sidi Mbarek صيدلية سيدي مبارك,Parapharmacie,Formel,Marrakech,31.6345902,-8.0413904,icons/pharmacy.png,OSM
Marrakech-Safi,Pharmacie Petersbourg صيدلية بترسبورغ,Parapharmacie,Formel,Marrakech ⵎⵕⵕⴰⴽⵯⵛ مراكش,31.6335286,-8.0705662,icons/pharmacy.png,OSM
Marrakech-Safi,Pharmacie Fadil صيدلية فضيل,Parapharmacie,Formel,Marrakech ⵎⵕⵕⴰⴽⵯⵛ مراكش,31.6354785,-8.0678271,icons/pharmacy.png,OSM
Marrakech-Safi,Pharmacie Asseha صيدلية الصحة,Parapharmacie,Formel,"Avenue Essaouira طريق الصويرة, Marrakech ⵎⵕⵕⴰⴽⵯⵛ مراكش",31.6286293,-8.0693622,icons/pharmacy.png,OSM
Marrakech-Safi,Pharmacie Hay Hassani صيدلية الحي الحسني,Parapharmacie,Formel,Marrakech ⵎⵕⵕⴰⴽⵯⵛ مراكش,31.6322979,-8.0672924,icons/pharmacy.png,OSM
Marrakech-Safi,Pharmacie Radi صيدلية الراضي,Parapharmacie,Formel,Marrakech ⵎⵕⵕⴰⴽⵯⵛ مراكش,31.6355285,-8.0640906,icons/pharmacy.png,OSM
Marrakech-Safi,Pharmacie Al Fath صيدلية الفتح,Parapharmacie,Formel,Marrakech ⵎⵕⵕⴰⴽⵯⵛ مراكش,31.6296557,-8.0667794,icons/pharmacy.png,OSM
Marrakech-Safi,Pharmacie Moulay Driss صيدلية مولاي ادريس,Parapharmacie,Formel,"Avenue Al Aqsa, Marrakech ⵎⵕⵕⴰⴽⵯⵛ مراكش",31.6331957,-8.0638562,icons/pharmacy.png,OSM
Marrakech-Safi,Pharmacie Ibn Al Aouam صيدلية ابن العوام,Parapharmacie,Formel,Marrakech,31.6284431,-8.0590802,icons/pharmacy.png,OSM
Marrakech-Safi,Pharmacie Bilal صيدلية بلال,Parapharmacie,Formel,"Rue El Jaouz, Marrakech ⵎⵕⵕⴰⴽⵯⵛ مراكش",31.6404888,-8.0665314,icons/pharmacy.png,OSM
Marrakech-Safi,Pharmacie Al Haouz صيدلية الحوز,Parapharmacie,Formel,"Avenue Hassan II, Marrakech",31.6301703,-8.0622889,icons/pharmacy.png,OSM
Marrakech-Safi,Pharmacie Chifaa صيدلية الشفاء,Parapharmacie,Formel,Marrakech,31.6320987,-8.058556,icons/pharmacy.png,OSM
Marrakech-Safi,Pharmacie et Laboratoire Belkhayat صيدلية و مختبر بلخياط,Parapharmacie,Formel,"Avenue Al Kantara, Marrakech",31.6344441,-8.0613368,icons/pharmacy.png,OSM
Marrakech-Safi,Pharmacie Lahmadi صيدلية لحمادي,Parapharmacie,Formel,"Route de Souihla, Marrakech",31.6383314,-8.0588928,icons/pharmacy.png,OSM
Marrakech-Safi,Pharmacie Al Wafa صيدلية الوفاء,Parapharmacie,Formel,Marrakech,31.6288209,-8.0522316,icons/pharmacy.png,OSM
Marrakech-Safi,Pharmacie Zerktouni صيدلية الزرقطوني,Parapharmacie,Formel,"Rue Al Achjare, Marrakech",31.6303149,-8.0549459,icons/pharmacy.png,OSM
Marrakech-Safi,Pharmacie Al Bouchra صيدلية البشرى,Parapharmacie,Formel,Marrakech,31.631976,-8.053261,icons/pharmacy.png,OSM
Marrakech-Safi,Pharmacie Douar El Askar صيدلية دوار العسكر,Parapharmacie,Formel,"Avenue Ibn Toumert شارع ابن تومرت, Marrakech",31.6298342,-8.048402,icons/pharmacy.png,OSM
Marrakech-Safi,Pharmacie Al Andalous صيدلية الأندلس,Parapharmacie,Formel,Marrakech,31.6327006,-8.056231,icons/pharmacy.png,OSM
Marrakech-Safi,Pharmacie Al Bahja صيدلية البهجة,Parapharmacie,Formel,"Avenue Al Midani, Marrakech",31.6331328,-8.0449001,icons/pharmacy.png,OSM
Marrakech-Safi,Pharmacie Ibn Bitar صيدلية ابن البيطار,Parapharmacie,Formel,"Avenue Hassan El Ouazzani, Marrakech",31.6318622,-8.0504302,icons/pharmacy.png,OSM
Marrakech-Safi,Pharmacie et Laboratoire Le Pont صيدلية و مختبر القنطرة,Parapharmacie,Formel,Marrakech,31.6348784,-8.0579421,icons/pharmacy.png,OSM
Marrakech-Safi,Pharmacie Al Massira صيدلية المسيرة,Parapharmacie,Formel,"Rue Essanabile, Marrakech",31.6374704,-8.0526009,icons/pharmacy.png,OSM
Marrakech-Safi,Pharmacie Belkaziz صيدلية بلقزيز,Parapharmacie,Formel,"Route de Souihla, Marrakech",31.6351291,-8.0461326,icons/pharmacy.png,OSM
Marrakech-Safi,Pharmacie Lahrach صيدلية لحرش,Parapharmacie,Formel,Marrakech,31.6347248,-8.0531288,icons/pharmacy.png,OSM
Marrakech-Safi,Pharmacie Al Houda صيدلية الهدى,Parapharmacie,Formel,"Rue Bakou, Marrakech",31.6353035,-8.0495524,icons/pharmacy.png,OSM
Marrakech-Safi,Pharmacie Castor صيدلية كاستور,Parapharmacie,Formel,Marrakech,31.6296419,-8.0448538,icons/pharmacy.png,OSM
Marrakech-Safi,Pharmacie Ibn Toumert صيدلية ابن تومرت,Parapharmacie,Formel,"Avenue Essaouira طريق الصويرة, Marrakech",31.6279068,-8.0460961,icons/pharmacy.png,OSM
Marrakech-Safi,Pharmacie Al Manzeh صيدلية المنزه,Parapharmacie,Formel,Marrakech,31.630266,-8.0420185,icons/pharmacy.png,OSM
Marrakech-Safi,Pharmacie Larbaa صيدلية الأربعاء,Parapharmacie,Formel,"Rue Abdellah Ben Yassine, Marrakech",31.6302085,-8.036747,icons/pharmacy.png,OSM
Marrakech-Safi,Pharmacie Al Wéd صيدلية الود,Parapharmacie,Formel,"Rue El Mouqaouma, Marrakech",31.630807,-8.0275876,icons/pharmacy.png,OSM
Marrakech-Safi,Pharmacie Moukawama صيدلية المقاومة,Parapharmacie,Formel,"Rue El Mouqaouma, Marrakech",31.6336315,-8.0290497,icons/pharmacy.png,OSM
Marrakech-Safi,Pharmacie l'Hopital Militaire صيدلية المستشفى العسكري,Parapharmacie,Formel,"Boulevard Mohammed VI شارع محمد السادس, Marrakech",31.6365989,-8.0199602,icons/pharmacy.png,OSM
Marrakech-Safi,Pharmacie Victor Hugo صيدلية فيكتور هوغو,Parapharmacie,Formel,"Route de Targa, Marrakech",31.6402347,-8.0252843,icons/pharmacy.png,OSM
Marrakech-Safi,Pharmacie Dar Al Halib صيدلية دار الحليب,Parapharmacie,Formel,Marrakech,31.6357762,-8.0353783,icons/pharmacy.png,OSM
Marrakech-Safi,Pharmacie Jabal Gueliz صيدلية جبل كليز,Parapharmacie,Formel,Marrakech,31.6428934,-8.0398186,icons/pharmacy.png,OSM
Marrakech-Safi,Pharmacie Anoual صيدلية أنوال,Parapharmacie,Formel,"Boulevard Mohammed Abdelkaraim el Khattabi, Marrakech",31.6328476,-8.0164038,icons/pharmacy.png,OSM
Marrakech-Safi,Pharmacie Paris صيدلية باريس,Parapharmacie,Formel,"Boulevard Mohammed V شارع محمد الخامس, Marrakech",31.6351437,-8.0131617,icons/pharmacy.png,OSM
Marrakech-Safi,Pharmacie Centrale الصيدلية المركزية,Parapharmacie,Formel,"Rue de la Liberté شارع الحرية, Marrakech",31.6351483,-8.0125684,icons/pharmacy.png,OSM
Marrakech-Safi,Pharmacie de Gueliz صيدلية جيليز,Parapharmacie,Formel,"Boulevard Moulay Rachid شارع مولاي رشيد, Marrakech",31.6327419,-8.0126076,icons/pharmacy.png,OSM
Marrakech-Safi,Pharmacie Moderne الصيدلية المعاصرة,Parapharmacie,Formel,"Rue Mohammed El Bekal, Marrakech",31.6366585,-8.0161065,icons/pharmacy.png,OSM
Marrakech-Safi,Pharmacie Avicenne صيدلية ابن سينا,Parapharmacie,Formel,"Boulevard Mohammed Abdelkaraim el Khattabi, Marrakech",31.6386217,-8.0178562,icons/pharmacy.png,OSM
Marrakech-Safi,Pharmacie Ibn Toufail صيدلية ابن طفيل,Parapharmacie,Formel,"Rue Ibn Zaidoun, Marrakech",31.6403848,-8.0155732,icons/pharmacy.png,OSM
Marrakech-Safi,Pharmacie Ibn Rochd صيدلية ابن رشد,Parapharmacie,Formel,"Rue Ibn Aicha, Marrakech",31.6380865,-8.0133879,icons/pharmacy.png,OSM
Marrakech-Safi,Pharmacie Al Filali صيدلية الفيلالي,Parapharmacie,Formel,"Rue Khalid Ben El Oualid, Marrakech",31.634877,-8.0044092,icons/pharmacy.png,OSM
Marrakech-Safi,Pharmacie Hani صيدلية هاني,Parapharmacie,Formel,"Rue Sourya, Marrakech",31.6362315,-8.0069473,icons/pharmacy.png,OSM
Marrakech-Safi,Pharmacie Al Mahatta صيدلية المحطة,Parapharmacie,Formel,"Avenue Moulay Abdellah, Marrakech",31.6360131,-8.0009299,icons/pharmacy.png,OSM
Marrakech-Safi,Pharmacie Fleming صيدلية فليمينك,Parapharmacie,Formel,Marrakech,31.6416548,-8.0092007,icons/pharmacy.png,OSM
Marrakech-Safi,Pharmacie Dar Talib صيدلية دار الطالب,Parapharmacie,Formel,"Rue Erraouda, Marrakech",31.643505,-8.0120974,icons/pharmacy.png,OSM
Marrakech-Safi,Pharmacie Al Moustachfa صيدلية المستشفى,Parapharmacie,Formel,"Rue Rahlal Ben Ahmed, Marrakech",31.6416243,-8.0180264,icons/pharmacy.png,OSM
Marrakech-Safi,Pharmacie Al Maarifa صيدلية المعرفة,Parapharmacie,Formel,"Avenue Prince Moulay Abdullah, Marrakech",31.6473549,-8.0124545,icons/pharmacy.png,OSM
Marrakech-Safi,Pharmacie Sup De Co صيدلية سوب دو كو,Parapharmacie,Formel,"Avenue Prince Moulay Abdullah, Marrakech",31.651761,-8.0168063,icons/pharmacy.png,OSM
Marrakech-Safi,Pharmacie Volubilis صيدلية وليلي,Parapharmacie,Formel,"Boulevard Mohammed Abdelkaraim el Khattabi, Marrakech",31.6514256,-8.0197911,icons/pharmacy.png,OSM
Marrakech-Safi,Pharmacie et Laboratoire Du Petit Marché صيدلية و مختبر السوق الصغير,Parapharmacie,Formel,"Rue Capitaine Ben Ali Belhaj, Marrakech",31.6396459,-8.0207808,icons/pharmacy.png,OSM
Marrakech-Safi,Pharmacie Bassatine Gueliz صيدلية بساتين كليز,Parapharmacie,Formel,Marrakech,31.6478209,-8.0357845,icons/pharmacy.png,OSM
Marrakech-Safi,Pharmacie Les Portes de Gueliz أبواب صيدلية كليز,Parapharmacie,Formel,Marrakech,31.6491388,-8.0385605,icons/pharmacy.png,OSM
Marrakech-Safi,La Grande Pharmacie Attawhid صيدلية التوحيد الكبرى,Parapharmacie,Formel,Marrakech,31.6521415,-8.0365209,icons/pharmacy.png,OSM
Marrakech-Safi,Pharmacie Hay El Koudia صيدلية حي الكدية,Parapharmacie,Formel,Marrakech,31.6507639,-8.024245,icons/pharmacy.png,OSM
Marrakech-Safi,Pharmacie Ibn Atia صيدلية ابن عطية,Parapharmacie,Formel,Marrakech,31.6524034,-8.0309839,icons/pharmacy.png,OSM
Marrakech-Safi,Pharmacie Sanae صيدلية سناء,Parapharmacie,Formel,Marrakech,31.6570324,-8.0264444,icons/pharmacy.png,OSM
Marrakech-Safi,Pharmacie Galien صيدلية غاليان,Parapharmacie,Formel,Marrakech,31.6536356,-8.021385,icons/pharmacy.png,OSM
Marrakech-Safi,Pharmacie Les Vergers صيدلية البساتين,Parapharmacie,Formel,Marrakech,31.6543053,-8.0289268,icons/pharmacy.png,OSM
Marrakech-Safi,Pharmacie Hay Mabrouka صيدلية حي مبروكة,Parapharmacie,Formel,"Avenue Acharaf, Marrakech",31.6563813,-8.0327389,icons/pharmacy.png,OSM
Marrakech-Safi,Pharmacie Les Cyprès صيدلية السرو,Parapharmacie,Formel,Marrakech,31.6551164,-8.0357647,icons/pharmacy.png,OSM
Marrakech-Safi,Pharmacie Targa Palmier صيدلية نخيل تارغا,Parapharmacie,Formel,Marrakech,31.6477485,-8.0426762,icons/pharmacy.png,OSM
Marrakech-Safi,Pharmacie Najd صيدلية نجد,Parapharmacie,Formel,"Avenue Acharaf, Marrakech",31.6596651,-8.0320627,icons/pharmacy.png,OSM
Marrakech-Safi,Pharmacie Sidi Ghanem صيدلية سيدي غانم,Parapharmacie,Formel,"Rue Sidi Ghanem, Marrakech",31.6688288,-8.0392719,icons/pharmacy.png,OSM
Marrakech-Safi,Pharmacie Jawhar صيدلية جوهر,Parapharmacie,Formel,Marrakech,31.6613159,-8.0442608,icons/pharmacy.png,OSM
Marrakech-Safi,Pharmacie Al Balsam صيدلية البلسم,Parapharmacie,Formel,Marrakech,31.6719225,-8.0456449,icons/pharmacy.png,OSM
Marrakech-Safi,Pharmacie Haj Boubker صيدلية الحاج بوبكر,Parapharmacie,Formel,Marrakech,31.6668244,-8.0426641,icons/pharmacy.png,OSM
Marrakech-Safi,Pharmacie Hay Sinai صيدلية الحي الصناعي,Parapharmacie,Formel,"Rue Principale, Marrakech",31.66984,-8.0427509,icons/pharmacy.png,OSM
Marrakech-Safi,Pharmacie Bismillah صيدلية بسم الله,Parapharmacie,Formel,"Rue Principale, Marrakech",31.6742309,-8.0470268,icons/pharmacy.png,OSM
Marrakech-Safi,Pharmacie Belkaid صيدلية بلقايد,Parapharmacie,Formel,Marrakech,31.6742913,-8.0556331,icons/pharmacy.png,OSM
Marrakech-Safi,Pharmacie Chaouf صيدلية شعوف,Parapharmacie,Formel,Marrakech,31.6785847,-8.0595572,icons/pharmacy.png,OSM
Marrakech-Safi,Pharmacie Riad Saada صيدلية رياض السعادة,Parapharmacie,Formel,Marrakech,31.6798579,-8.0548401,icons/pharmacy.png,OSM
Marrakech-Safi,Pharmacie La Gare Routière صيدلية المحطة الطرقية,Parapharmacie,Formel,Marrakech ⵎⵕⵕⴰⴽⵯⵛ مراكش,31.6841886,-8.0759923,icons/pharmacy.png,OSM
Marrakech-Safi,Pharmacie Douae صيدلية دعاء,Parapharmacie,Formel,Marrakech ⵎⵕⵕⴰⴽⵯⵛ مراكش,31.6858927,-8.0734114,icons/pharmacy.png,OSM
Marrakech-Safi,Pharmacie Mamoun صيدلية المامون,Parapharmacie,Formel,Marrakech ⵎⵕⵕⴰⴽⵯⵛ مراكش,31.6839362,-8.0737874,icons/pharmacy.png,OSM
Marrakech-Safi,Pharmacie Jebli صيدلية جبلي,Parapharmacie,Formel,Marrakech ⵎⵕⵕⴰⴽⵯⵛ مراكش,31.6835282,-8.0699612,icons/pharmacy.png,OSM
Marrakech-Safi,Pharmacie Dakar صيدلية دكار,Parapharmacie,Formel,Marrakech ⵎⵕⵕⴰⴽⵯⵛ مراكش,31.6859302,-8.0665008,icons/pharmacy.png,OSM
Marrakech-Safi,Pharmacie Les Trois Palmiers صيدلية النخلات الثلاث,Parapharmacie,Formel,Marrakech ⵎⵕⵕⴰⴽⵯⵛ مراكش,31.6849123,-8.0640178,icons/pharmacy.png,OSM
Marrakech-Safi,Pharmacie Al Farj صيدلية الفجر,Parapharmacie,Formel,Marrakech ⵎⵕⵕⴰⴽⵯⵛ مراكش,31.6896231,-8.0690391,icons/pharmacy.png,OSM
Marrakech-Safi,Pharmacie et Laboratoire Nakhil صيدلية و مختبر النخيل,Parapharmacie,Formel,"Avenue Yacoub El Mansour, Marrakech",31.6379648,-8.0093512,icons/pharmacy.png,OSM
Marrakech-Safi,Pharmacie Majorelle صيدلية ماجوريل,Parapharmacie,Formel,"Boulevard Allal El Fassi, Marrakech",31.6402247,-7.9997537,icons/pharmacy.png,OSM
Marrakech-Safi,Pharmacie 11 Janvier صيدلية 11 يناير,Parapharmacie,Formel,"Avenue du 11 Janvier شارع 11 يناير, Marrakech",31.6410406,-7.9968308,icons/pharmacy.png,OSM
Marrakech-Safi,Pharmacie Daoudiat صيدلية الداوديات,Parapharmacie,Formel,"Boulevard Allal El Fassi, Marrakech",31.6431575,-8.0000418,icons/pharmacy.png,OSM
Marrakech-Safi,Pharmacie Al Qods صيدلية القدس,Parapharmacie,Formel,"Boulevard Allal El Fassi, Marrakech",31.647291,-8.0004644,icons/pharmacy.png,OSM
Marrakech-Safi,Pharmacie Masjid Daoudiate صيدلية مسجد الداوديات,Parapharmacie,Formel,Marrakech,31.6498026,-7.9930251,icons/pharmacy.png,OSM
Marrakech-Safi,Pharmacie Mohammadia صيدلية المحمدية,Parapharmacie,Formel,"Avenue Palestine شارع فلسطين, Marrakech",31.6493959,-7.9972179,icons/pharmacy.png,OSM
Marrakech-Safi,Pharmacie Chair El Hamraa صيدلية شاعر الحمراء,Parapharmacie,Formel,"Boulevard Abou Oubeida Al Jarah, Marrakech",31.6464142,-7.9923936,icons/pharmacy.png,OSM
Marrakech-Safi,Pharmacie Razi صيدلية الرازي,Parapharmacie,Formel,Marrakech,31.6527748,-7.9935289,icons/pharmacy.png,OSM
Marrakech-Safi,Pharmacie Salle Couverte صيدلية القاعة المغطاة,Parapharmacie,Formel,"Rue Abderahmane Ibn Aouf, Marrakech",31.64773,-7.9946862,icons/pharmacy.png,OSM
Marrakech-Safi,Pharmacie C.H.U صيدلية المستشفى الجامعي,Parapharmacie,Formel,"Avenue Ibn Sina شارع ابن سينا, Marrakech",31.6573723,-7.9905237,icons/pharmacy.png,OSM
Marrakech-Safi,Pharmacie Chatebi صيدلية الشاطبي,Parapharmacie,Formel,"Avenue Achatibi, Marrakech",31.6573724,-7.9873005,icons/pharmacy.png,OSM
Marrakech-Safi,Pharmacie Bennouna صيدلية بنونة,Parapharmacie,Formel,Marrakech,31.6594257,-7.9886009,icons/pharmacy.png,OSM
Marrakech-Safi,Pharmacie Mamar An-Nakhil صيدلية ممر النخيل,Parapharmacie,Formel,Marrakech,31.6614772,-7.9873945,icons/pharmacy.png,OSM
Marrakech-Safi,Pharmacie Chahrazad صيدلية شهرزاد,Parapharmacie,Formel,"Avenue Ibn Jabran, Marrakech",31.6558011,-7.9964695,icons/pharmacy.png,OSM
Marrakech-Safi,Pharmacie Des Narcisses صيدلية النرجس,Parapharmacie,Formel,"Boulevard Allal El Fassi, Marrakech",31.6524346,-8.0011819,icons/pharmacy.png,OSM
Marrakech-Safi,Pharmacie Zahia صيدلية الزاهية,Parapharmacie,Formel,Marrakech,31.6417185,-8.0049964,icons/pharmacy.png,OSM
Marrakech-Safi,Pharmacie de L'Université صيدلية الجامعة,Parapharmacie,Formel,"Avenue Prince Moulay Abdullah, Marrakech",31.642593,-8.0071721,icons/pharmacy.png,OSM
Marrakech-Safi,Pharmacie Al Irfane صيدلية العرفان,Parapharmacie,Formel,Marrakech,31.6447784,-8.0033554,icons/pharmacy.png,OSM
Marrakech-Safi,Pharmacie Rouidate صيدلية الرويضات,Parapharmacie,Formel,"Avenue Achjar, Marrakech",31.6467471,-8.0045728,icons/pharmacy.png,OSM
Marrakech-Safi,Pharmacie Mimosa صيدلية ميموزا,Parapharmacie,Formel,"Avenue Achjar, Marrakech",31.644571,-8.0080261,icons/pharmacy.png,OSM
Marrakech-Safi,Pharmacie Awatif صيدلية عواطف,Parapharmacie,Formel,Marrakech,31.6521252,-8.0096695,icons/pharmacy.png,OSM
Marrakech-Safi,Pharmacie Attaiba صيدلية الطيبة,Parapharmacie,Formel,Marrakech,31.6501785,-8.0120876,icons/pharmacy.png,OSM
Marrakech-Safi,Pharmacie Sidi Ouaggag صيدلية سيدي وكاك,Parapharmacie,Formel,Marrakech,31.6541297,-8.0135605,icons/pharmacy.png,OSM
Marrakech-Safi,Café Tafana,Restaurant,Formel,Café Tafana,31.0962234,-9.821425,icons/restaurant.png,OSM
Marrakech-Safi,Supérette / Mini-market sans nom,Supérette / Mini-market,Formel,Supérette / Mini-market sans nom,31.0964043,-9.8214931,icons/convenience.png,OSM
Marrakech-Safi,Boulangerie sans nom,Boulangerie,Formel,Boulangerie sans nom,31.0954555,-9.8208729,icons/bakery.png,OSM
Marrakech-Safi,Pharmacie du Soleil صيدلية الشمس,Parapharmacie,Formel,Marrakech,31.6543072,-8.0162844,icons/pharmacy.png,OSM
Marrakech-Safi,Pharmacie Cadi Ayyad صيدلية القاضي عياض,Parapharmacie,Formel,Marrakech,31.6571624,-8.0160435,icons/pharmacy.png,OSM
Marrakech-Safi,Aftasse,Restaurant,Formel,Aftasse,31.0959718,-9.8212534,icons/restaurant.png,OSM
Marrakech-Safi,Supérette / Mini-market sans nom,Supérette / Mini-market,Formel,Supérette / Mini-market sans nom,31.095937,-9.8211903,icons/convenience.png,OSM
Marrakech-Safi,Pharmacie Halima Saadia صيدلية حليمة السعدية,Parapharmacie,Formel,"Rue Halima Saadia, Marrakech",31.6647362,-8.0142052,icons/pharmacy.png,OSM
Marrakech-Safi,Pharmacie Ismailia صيدلية الإسماعيلية,Parapharmacie,Formel,Marrakech,31.6558106,-8.0069965,icons/pharmacy.png,OSM
Marrakech-Safi,Pharmacie Jawhara صيدلية جوهرة,Parapharmacie,Formel,"Rue Ichbilia, Marrakech",31.6572463,-8.0129625,icons/pharmacy.png,OSM
Marrakech-Safi,Pharmacie Mogador صيدلية موكادور,Parapharmacie,Formel,Marrakech,31.6593783,-8.0087889,icons/pharmacy.png,OSM
Marrakech-Safi,Pharmacie Des Mines صيدلية المناجم,Parapharmacie,Formel,Marrakech,31.6621942,-8.0115633,icons/pharmacy.png,OSM
Marrakech-Safi,Pharmacie Issil صيدلية إسيل,Parapharmacie,Formel,"Rue Abbes Ibn Abdel Motalib, Marrakech",31.6597853,-8.0114697,icons/pharmacy.png,OSM
Marrakech-Safi,Pharmacie Amerchich صيدلية أمرشيش,Parapharmacie,Formel,Marrakech,31.6587756,-8.0005419,icons/pharmacy.png,OSM
Marrakech-Safi,Pharmacie Zineb صيدلية زينب,Parapharmacie,Formel,"Avenue Daoudiate, Marrakech",31.6591664,-7.9928567,icons/pharmacy.png,OSM
Marrakech-Safi,Pharmacie Badr Eddaoui صيدلية بدر الضاوي,Parapharmacie,Formel,Marrakech,31.6604072,-7.9954581,icons/pharmacy.png,OSM
Marrakech-Safi,Pharmacie Maniss صيدلية منيس,Parapharmacie,Formel,"Avenue Daoudiate, Marrakech",31.6580404,-8.0033238,icons/pharmacy.png,OSM
Marrakech-Safi,Pharmacie Al Ihssane صيدلية الإحسان,Parapharmacie,Formel,"Avenue Ibn Sina شارع ابن سينا, Marrakech",31.662572,-7.993474,icons/pharmacy.png,OSM
Marrakech-Safi,Pharmacie Al Imam Malek صيدلية الإمام مالك,Parapharmacie,Formel,"Boulevard Allal El Fassi, Marrakech",31.6597927,-8.0058819,icons/pharmacy.png,OSM
Marrakech-Safi,Pharmacie La Cité Universitaire صيدلية الحي الجامعي,Parapharmacie,Formel,Marrakech,31.6631898,-8.000884,icons/pharmacy.png,OSM
Marrakech-Safi,Pharmacie Illy صيدلية إلي,Parapharmacie,Formel,"Rue Jamiate Ben Youssef, Marrakech",31.6621095,-8.0050586,icons/pharmacy.png,OSM
Marrakech-Safi,Pharmacie Hokok Al Insane صيدلية حقوق الإنسان,Parapharmacie,Formel,"Boulevard Al Kouliyate, Marrakech",31.6650648,-7.9976081,icons/pharmacy.png,OSM
Marrakech-Safi,Pharmacie Al Boustane صيدلية البستان,Parapharmacie,Formel,"Boulevard Allal El Fassi, Marrakech",31.6624028,-8.0075965,icons/pharmacy.png,OSM
Marrakech-Safi,Pharmacie Allal El Fassi صيدلية علال الفاسي,Parapharmacie,Formel,"Boulevard Allal El Fassi, Marrakech",31.6650446,-8.0091853,icons/pharmacy.png,OSM
Marrakech-Safi,Pharmacie Lkssour صيدلية القصور,Parapharmacie,Formel,"Avenue Errazi, Marrakech",31.6668371,-8.0081249,icons/pharmacy.png,OSM
Marrakech-Safi,Pharmacie Al Wifak صيدلية الوفاق,Parapharmacie,Formel,"Avenue Errazi, Marrakech",31.669674,-8.0069585,icons/pharmacy.png,OSM
Marrakech-Safi,Pharmacie Chama صيدلية شامة,Parapharmacie,Formel,Marrakech,31.6678142,-8.0024993,icons/pharmacy.png,OSM
Marrakech-Safi,Pharmacie Hopital Mohamed VI صيدلية مستشفى محمد السادس,Parapharmacie,Formel,"Avenue Ibn Sina شارع ابن سينا, Marrakech",31.6657771,-7.9949076,icons/pharmacy.png,OSM
Marrakech-Safi,Pharmacie Ben Youssef صيدلية بن يوسف,Parapharmacie,Formel,Marrakech,31.680683,-8.0014453,icons/pharmacy.png,OSM
Marrakech-Safi,Pharmacie Jnane Awrad صيدلية جنان أوراد,Parapharmacie,Formel,Marrakech,31.659513,-8.0210779,icons/pharmacy.png,OSM
Marrakech-Safi,Pharmacie Marjane صيدلية مرجان,Parapharmacie,Formel,"Boulevard Allal El Fassi, Marrakech",31.6682533,-8.0129073,icons/pharmacy.png,OSM
Marrakech-Safi,Pharmacie Plaza صيدلية بلازا,Parapharmacie,Formel,Marrakech,31.663987,-8.0152564,icons/pharmacy.png,OSM
Marrakech-Safi,Pharmacie Route Safi صيدلية طريق اًسفي,Parapharmacie,Formel,"Route Safi, Marrakech",31.6634051,-8.0303925,icons/pharmacy.png,OSM
Marrakech-Safi,Pharmacie Acharaf صيدلية الشرف,Parapharmacie,Formel,Marrakech,31.6685368,-8.0227666,icons/pharmacy.png,OSM
Marrakech-Safi,Pharmacie Asoraya صيدلية الثريا,Parapharmacie,Formel,Marrakech,31.6715232,-8.0225463,icons/pharmacy.png,OSM
Marrakech-Safi,Pharmacie Hay Assanaoubar صيدلية حي الصنوبر,Parapharmacie,Formel,Marrakech,31.6675436,-8.0264905,icons/pharmacy.png,OSM
Marrakech-Safi,Pharmacie Benzouine صيدلية بنزوين,Parapharmacie,Formel,Marrakech,31.6723353,-8.0262145,icons/pharmacy.png,OSM
Marrakech-Safi,Pharmacie Al Yousr صيدلية اليسر,Parapharmacie,Formel,Marrakech,31.6718875,-8.0200907,icons/pharmacy.png,OSM
Marrakech-Safi,Pharmacie Dyour Marjane صيدلية ديور مرجان,Parapharmacie,Formel,Marrakech,31.6717789,-8.0106032,icons/pharmacy.png,OSM
Marrakech-Safi,La Résidence Café,Café,Formel,La Résidence Café,31.6748571,-8.0196348,icons/cafe.png,OSM
Marrakech-Safi,Pharmacie Dar Saada صيدلية دار السعادة,Parapharmacie,Formel,Marrakech,31.6747173,-8.0166794,icons/pharmacy.png,OSM
Marrakech-Safi,Pharmacie Cité Yasmine صيدلية حي ياسمين,Parapharmacie,Formel,Marrakech,31.6778021,-8.0069562,icons/pharmacy.png,OSM
Marrakech-Safi,Pharmacie Asafar صيدلية أسفار,Parapharmacie,Formel,Marrakech,31.6724519,-8.0137136,icons/pharmacy.png,OSM
Marrakech-Safi,Pharmacie Nakhil Saada صيدلية نخيل السعادة,Parapharmacie,Formel,Marrakech,31.674404,-8.0104541,icons/pharmacy.png,OSM
Marrakech-Safi,Pharmacie Hôtel Wazo صيدلية فندق وازو,Parapharmacie,Formel,"Boulevard Mohammed Abdelkaraim el Khattabi, Marrakech",31.6763605,-8.0024149,icons/pharmacy.png,OSM
Marrakech-Safi,Pharmacie Nouarat Marjane صيدلية نوارة مرجان,Parapharmacie,Formel,Marrakech,31.6771905,-8.0118754,icons/pharmacy.png,OSM
Marrakech-Safi,Pharmacie Espace Santé صيدلية فضاء الصحة,Parapharmacie,Formel,"Boulevard Allal El Fassi, Marrakech",31.6752438,-8.0278894,icons/pharmacy.png,OSM
Marrakech-Safi,Pharmacie Jnanate صيدلية جنانات,Parapharmacie,Formel,Marrakech,31.6711978,-8.0306147,icons/pharmacy.png,OSM
Marrakech-Safi,Pharmacie Al Izdihar صيدلية الإزدهار,Parapharmacie,Formel,Marrakech,31.6664672,-8.0316825,icons/pharmacy.png,OSM
Marrakech-Safi,Pharmacie Salima صيدلية سليمة,Parapharmacie,Formel,Marrakech,31.6781894,-8.0276134,icons/pharmacy.png,OSM
Marrakech-Safi,Pharmacie Bab Marrakech صيدلية باب مراكش,Parapharmacie,Formel,Marrakech,31.6766292,-8.024748,icons/pharmacy.png,OSM
Marrakech-Safi,Pharmacie Al Fadl صيدلية الفضل,Parapharmacie,Formel,Marrakech,31.6793796,-8.0221031,icons/pharmacy.png,OSM
Marrakech-Safi,Pharmacie Al Abawayn صيدلية الأبوين,Parapharmacie,Formel,Marrakech,31.6792942,-8.0248549,icons/pharmacy.png,OSM
Marrakech-Safi,Pharmacie Sraghna صيدلية سراغنة,Parapharmacie,Formel,Marrakech,31.6790308,-8.0145349,icons/pharmacy.png,OSM
Marrakech-Safi,Pharmacie Mamoune صيدلية مامون,Parapharmacie,Formel,Marrakech,31.6784869,-8.0176396,icons/pharmacy.png,OSM
Marrakech-Safi,Pharmacie Al Massar صيدلية المسار,Parapharmacie,Formel,Marrakech,31.6716551,-8.0402657,icons/pharmacy.png,OSM
Marrakech-Safi,Pharmacie Marché de Gros صيدلية سوق الجملة,Parapharmacie,Formel,Marrakech,31.6759935,-8.0332853,icons/pharmacy.png,OSM
Marrakech-Safi,Pharmacie Rayyane صيدلية الريان,Parapharmacie,Formel,Marrakech,31.6744997,-8.0402437,icons/pharmacy.png,OSM
Marrakech-Safi,Pharmacie Nazik صيدلية نازك,Parapharmacie,Formel,Marrakech,31.6766629,-8.0416173,icons/pharmacy.png,OSM
Marrakech-Safi,Pharmacie Majda صيدلية ماجدة,Parapharmacie,Formel,Marrakech,31.6797795,-8.0463029,icons/pharmacy.png,OSM
Marrakech-Safi,L'Opéra,Café,Formel,L'Opéra,31.6258296,-8.0126608,icons/cafe.png,OSM
Marrakech-Safi,L'Mida,Restaurant,Formel,"Rahba Lakdima, Marrakech",31.6292152,-7.986435,icons/restaurant.png,OSM
Marrakech-Safi,Carrefour market,Supermarché,Formel,Carrefour market,31.6488652,-8.0096125,icons/supermarket.png,OSM
Marrakech-Safi,Twins,Café,Formel,Twins,31.6554668,-8.017912,icons/cafe.png,OSM
Marrakech-Safi,الجوهرة,Café,Formel,الجوهرة,31.6555163,-8.017901,icons/cafe.png,OSM
Marrakech-Safi,أمين,Café,Formel,أمين,31.6523876,-8.0164806,icons/cafe.png,OSM
Marrakech-Safi,Café sans nom,Café,Formel,Café sans nom,31.5787037,-7.8015768,icons/cafe.png,OSM
Marrakech-Safi,boulangerie & patisserie OUKAIMDEN,Café,Formel,"Avenue Sidi Mohamed Ben Abdellah, SAFI",32.2936092,-9.2347085,icons/cafe.png,OSM
Marrakech-Safi,METOU,Restaurant,Formel,METOU,31.6400919,-8.0202364,icons/restaurant.png,OSM
Marrakech-Safi,Rosa Blanca,Restaurant,Formel,Rosa Blanca,31.5053111,-9.7630949,icons/restaurant.png,OSM
Marrakech-Safi,Restaurant sans nom,Restaurant,Formel,Rue Yakoub El Marini,31.630702,-8.0071088,icons/restaurant.png,OSM
Marrakech-Safi,PAUL,Boulangerie,Formel,PAUL,31.618767,-8.0095318,icons/bakery.png,OSM
Marrakech-Safi,Supérette / Mini-market sans nom,Supérette / Mini-market,Formel,Supérette / Mini-market sans nom,31.0864174,-9.8102244,icons/convenience.png,OSM
Marrakech-Safi,Epicerie Brahim,Supermarché,Formel,"Rue El Koutoubia شارع الكتبية, Safi",32.3211446,-9.2298864,icons/supermarket.png,OSM
Marrakech-Safi,Cafe Alyassamine,Café,Formel,Cafe Alyassamine,32.3210051,-9.2302843,icons/cafe.png,OSM
Marrakech-Safi,Chez Momo,Restaurant,Formel,Chez Momo,31.3559426,-9.7987673,icons/restaurant.png,OSM
Marrakech-Safi,Restaurant la Grotte Essaouira,Restaurant,Formel,Restaurant la Grotte Essaouira,31.3555143,-9.7985548,icons/restaurant.png,OSM
Marrakech-Safi,Restaurant Aftass,Restaurant,Formel,Restaurant Aftass,31.3533561,-9.7965943,icons/restaurant.png,OSM
Marrakech-Safi,AL VENT,Restaurant,Formel,AL VENT,31.3534501,-9.796603,icons/restaurant.png,OSM
Marrakech-Safi,La Poterne,Café,Formel,La Poterne,31.6301102,-7.9977488,icons/cafe.png,OSM
Marrakech-Safi,Supérette / Mini-market sans nom,Supérette / Mini-market,Formel,Supérette / Mini-market sans nom,32.114728,-9.0773195,icons/convenience.png,OSM
Marrakech-Safi,Café sans nom,Café,Formel,Café sans nom,32.2752052,-7.9536098,icons/cafe.png,OSM
Marrakech-Safi,Restaurant sans nom,Restaurant,Formel,Restaurant sans nom,31.6268331,-7.9870132,icons/restaurant.png,OSM
Marrakech-Safi,la paillote,Restaurant,Formel,la paillote,31.5790726,-8.0154678,icons/restaurant.png,OSM
Marrakech-Safi,Épicerie sans nom,Épicerie,Informel,Épicerie sans nom,32.3260646,-9.2342225,icons/greengrocer.png,OSM
Marrakech-Safi,Café sans nom,Café,Formel,Café sans nom,32.3546377,-9.1471348,icons/cafe.png,OSM
Marrakech-Safi,Café Mzoughen,Café,Formel,Café Mzoughen,32.324998,-9.2318534,icons/cafe.png,OSM
Marrakech-Safi,Supérette / Mini-market sans nom,Supérette / Mini-market,Formel,Supérette / Mini-market sans nom,32.3545893,-9.146602,icons/convenience.png,OSM
Marrakech-Safi,Café Ocean,Restaurant,Formel,Café Ocean,32.3231877,-9.2588771,icons/restaurant.png,OSM
Marrakech-Safi,Café sans nom,Café,Formel,Café sans nom,31.0000458,-9.6795244,icons/cafe.png,OSM
Marrakech-Safi,Supérette / Mini-market sans nom,Supérette / Mini-market,Formel,Supérette / Mini-market sans nom,31.5774768,-9.5367548,icons/convenience.png,OSM
Marrakech-Safi,Supérette / Mini-market sans nom,Supérette / Mini-market,Formel,Supérette / Mini-market sans nom,31.5779032,-9.5370965,icons/convenience.png,OSM
Marrakech-Safi,Café sans nom,Café,Formel,Café sans nom,31.5773842,-9.5367547,icons/cafe.png,OSM
Marrakech-Safi,Café Hicham,Café,Formel,Café Hicham,31.5776842,-9.5366859,icons/cafe.png,OSM
Marrakech-Safi,Épicerie sans nom,Épicerie,Informel,Épicerie sans nom,31.5786583,-9.5368205,icons/greengrocer.png,OSM
Marrakech-Safi,Cafe & Restaurant Essalam,Restaurant,Formel,Cafe & Restaurant Essalam,31.5322724,-9.5492585,icons/restaurant.png,OSM
Marrakech-Safi,Épicerie sans nom,Épicerie,Informel,Épicerie sans nom,31.5323031,-9.5490942,icons/greengrocer.png,OSM
Marrakech-Safi,La Terrazza,Café,Formel,La Terrazza,31.5326397,-9.5491569,icons/cafe.png,OSM
Marrakech-Safi,Supérette / Mini-market sans nom,Supérette / Mini-market,Formel,Supérette / Mini-market sans nom,31.4475578,-9.7308448,icons/convenience.png,OSM
Marrakech-Safi,Snack Saada,Restaurant,Formel,Snack Saada,31.5323262,-9.5489809,icons/restaurant.png,OSM
Marrakech-Safi,Restaurant sans nom,Restaurant,Formel,Restaurant sans nom,31.4474725,-9.7308238,icons/restaurant.png,OSM
Marrakech-Safi,Pharmacie Ounagha,Parapharmacie,Formel,Pharmacie Ounagha,31.532575,-9.5494399,icons/pharmacy.png,OSM
Marrakech-Safi,Café sans nom,Café,Formel,Café sans nom,31.447235,-9.7307584,icons/cafe.png,OSM
Marrakech-Safi,Viavia,Café,Formel,Viavia,31.6201264,-7.9865925,icons/cafe.png,OSM
Marrakech-Safi,مول السفنج,Café,Formel,مول السفنج,31.6201471,-7.9856748,icons/cafe.png,OSM
Marrakech-Safi,Terrasse des palais,Restaurant,Formel,Terrasse des palais,31.6203602,-7.9851472,icons/restaurant.png,OSM
Marrakech-Safi,Monquotidien,Boulangerie,Formel,Monquotidien,31.6356198,-8.0144411,icons/bakery.png,OSM
Marrakech-Safi,Kabsa,Café,Formel,Kabsa,31.6661688,-8.0104285,icons/cafe.png,OSM
Marrakech-Safi,Restaurant sans nom,Restaurant,Formel,Restaurant sans nom,31.637285,-8.0142105,icons/restaurant.png,OSM
Marrakech-Safi,Restaurant sans nom,Restaurant,Formel,Restaurant sans nom,31.6306094,-8.0114185,icons/restaurant.png,OSM
Marrakech-Safi,La Tolérance,Restaurant,Formel,La Tolérance,31.5132733,-9.7705842,icons/restaurant.png,OSM
Marrakech-Safi,Chez Hassan,Boutique de confiserie,Informel,Rue Riad Laarous,31.6332279,-7.9897757,icons/confectionery.png,OSM
Marrakech-Safi,L'empreinte,Café,Formel,"Avenue Essaouira طريق الصويرة, Marrakech",31.6278151,-8.0420879,icons/cafe.png,OSM
Marrakech-Safi,La maison du pain,Boulangerie,Formel,La maison du pain,31.667733,-8.0414292,icons/bakery.png,OSM
Marrakech-Safi,Food Medkori,Restaurant,Formel,Food Medkori,31.9874952,-9.3284041,icons/restaurant.png,OSM
Marrakech-Safi,Parapharmacie sans nom,Parapharmacie,Formel,Parapharmacie sans nom,31.9873948,-9.3283662,icons/pharmacy.png,OSM
Marrakech-Safi,Restaurant sans nom,Restaurant,Formel,Restaurant sans nom,31.8694931,-9.4493723,icons/restaurant.png,OSM
Marrakech-Safi,Café sans nom,Café,Formel,Café sans nom,31.8694706,-9.4493311,icons/cafe.png,OSM
Marrakech-Safi,Restaurante des Arcades,Restaurant,Formel,Restaurante des Arcades,31.5129462,-9.7697165,icons/restaurant.png,OSM
Marrakech-Safi,Restaurant Baghdad,Restaurant,Formel,Restaurant Baghdad,31.515193,-9.7666581,icons/restaurant.png,OSM
Marrakech-Safi,Snack Attack,Restaurant,Formel,Snack Attack,31.5140815,-9.7634501,icons/restaurant.png,OSM
Marrakech-Safi,Patisserie La Jeunesse,Boulangerie,Formel,Patisserie La Jeunesse,31.5134438,-9.7690579,icons/bakery.png,OSM
Marrakech-Safi,Mehdi Boulangerie et Patisserie,Boulangerie,Formel,Marrakech,31.6315631,-7.9931854,icons/bakery.png,OSM
Marrakech-Safi,Café sans nom,Café,Formel,Café sans nom,31.6315941,-7.9945858,icons/cafe.png,OSM
Marrakech-Safi,Yamani Food,Restaurant,Formel,Derb Dabachi,31.6269914,-7.9861421,icons/restaurant.png,OSM
Marrakech-Safi,Lotus Privilege,Restaurant,Formel,Derb Sidi Ben Hamdouche,31.6333765,-7.9921178,icons/restaurant.png,OSM
Marrakech-Safi,Restaurant Café Charkaoui,Restaurant,Formel,Restaurant Café Charkaoui,31.6204903,-7.9852027,icons/restaurant.png,OSM
Marrakech-Safi,Restaurant sans nom,Restaurant,Formel,Avenue Hassan II شارع الحسن الثاني,31.6311479,-8.0119588,icons/restaurant.png,OSM
Marrakech-Safi,Restaurant sans nom,Restaurant,Formel,Boulevard Mohammed VI شارع محمد السادس,31.631578,-8.0168271,icons/restaurant.png,OSM
Marrakech-Safi,Restaurant sans nom,Restaurant,Formel,Restaurant sans nom,31.8189598,-7.5063619,icons/restaurant.png,OSM
Marrakech-Safi,Restaurant sans nom,Restaurant,Formel,Restaurant sans nom,31.1380575,-7.9109159,icons/restaurant.png,OSM
Marrakech-Safi,Ayaso,Restaurant,Formel,Ayaso,31.628849,-7.9869686,icons/restaurant.png,OSM
Marrakech-Safi,Supérette / Mini-market sans nom,Supérette / Mini-market,Formel,Supérette / Mini-market sans nom,31.4172308,-7.6880577,icons/convenience.png,OSM
Marrakech-Safi,Supérette / Mini-market sans nom,Supérette / Mini-market,Formel,Supérette / Mini-market sans nom,31.4335232,-7.6421067,icons/convenience.png,OSM
Marrakech-Safi,Supérette / Mini-market sans nom,Supérette / Mini-market,Formel,Supérette / Mini-market sans nom,31.4622106,-7.6086139,icons/convenience.png,OSM
Marrakech-Safi,Supérette / Mini-market sans nom,Supérette / Mini-market,Formel,Supérette / Mini-market sans nom,31.1075635,-8.1339748,icons/convenience.png,OSM
Marrakech-Safi,Restaurant sans nom,Restaurant,Formel,Restaurant sans nom,31.6332222,-7.9920436,icons/restaurant.png,OSM
Marrakech-Safi,Cafe mustapha,Café,Formel,Cafe mustapha,32.2412648,-7.9569573,icons/cafe.png,OSM
Marrakech-Safi,Kartell Kollektiv,Café,Formel,Rue halab,31.6363854,-8.0095791,icons/cafe.png,OSM
Marrakech-Safi,Restaurant sans nom,Restaurant,Formel,Restaurant sans nom,31.62001,-7.9852058,icons/restaurant.png,OSM
Marrakech-Safi,Pikala Café,Café,Formel,Pikala Café,31.6315592,-7.9950005,icons/cafe.png,OSM
Marrakech-Safi,Black Pan Pizzaria,Restaurant,Formel,Black Pan Pizzaria,31.637265,-8.007473,icons/restaurant.png,OSM
Marrakech-Safi,Eat Me Kech,Restaurant,Formel,Eat Me Kech,31.635335,-8.0093466,icons/restaurant.png,OSM
Marrakech-Safi,Restaurant sans nom,Restaurant,Formel,Restaurant sans nom,31.6413735,-7.9968218,icons/restaurant.png,OSM
Marrakech-Safi,Parapharmacie sans nom,Parapharmacie,Formel,Parapharmacie sans nom,31.5559995,-7.6855705,icons/pharmacy.png,OSM
Marrakech-Safi,Parapharmacie sans nom,Parapharmacie,Formel,Parapharmacie sans nom,31.5656061,-7.7258144,icons/pharmacy.png,OSM
Marrakech-Safi,Kiosque sans nom,Kiosque,Informel,Kiosque sans nom,31.6336727,-8.0038192,icons/kiosk.png,OSM
Marrakech-Safi,Parapharmacie sans nom,Parapharmacie,Formel,Parapharmacie sans nom,31.5472871,-7.636079,icons/pharmacy.png,OSM
Marrakech-Safi,Boulangerie et Patisserie Fatah,Boulangerie,Formel,Boulangerie et Patisserie Fatah,31.6374845,-8.0101793,icons/bakery.png,OSM
Marrakech-Safi,Borjel Baraka,Restaurant,Formel,Borjel Baraka,31.5601009,-7.6932847,icons/restaurant.png,OSM
Marrakech-Safi,Café sans nom,Café,Formel,Café sans nom,31.6297718,-7.9961653,icons/cafe.png,OSM
Marrakech-Safi,Café sans nom,Café,Formel,Café sans nom,31.6066419,-7.9723953,icons/cafe.png,OSM
Marrakech-Safi,Supérette / Mini-market sans nom,Supérette / Mini-market,Formel,Supérette / Mini-market sans nom,31.5780448,-7.806443,icons/convenience.png,OSM
Marrakech-Safi,Sitis,Supérette / Mini-market,Formel,"Avenue Yacoub El Mansour, Marrakech",31.6388873,-8.005,icons/convenience.png,OSM
Marrakech-Safi,Supérette / Mini-market sans nom,Supérette / Mini-market,Formel,Supérette / Mini-market sans nom,31.5772067,-7.8337857,icons/convenience.png,OSM
Marrakech-Safi,Parapharmacie sans nom,Parapharmacie,Formel,Parapharmacie sans nom,31.5767502,-7.8180923,icons/pharmacy.png,OSM
Marrakech-Safi,Restaurant sans nom,Restaurant,Formel,Restaurant sans nom,31.6338268,-8.0082043,icons/restaurant.png,OSM
Marrakech-Safi,Vape Shop Amsterdam,Kiosque,Informel,Vape Shop Amsterdam,31.6362012,-8.010637,icons/kiosk.png,OSM
Marrakech-Safi,Green Midi,Restaurant,Formel,Green Midi,31.6336853,-8.0100341,icons/restaurant.png,OSM
Marrakech-Safi,Le Tire Bouchon,Restaurant,Formel,Le Tire Bouchon,31.6350384,-8.009895,icons/restaurant.png,OSM
Marrakech-Safi,Restaurant sans nom,Restaurant,Formel,Restaurant sans nom,31.6357375,-8.0114916,icons/restaurant.png,OSM
Marrakech-Safi,Le Lab Gourmana,Restaurant,Formel,Le Lab Gourmana,31.6360427,-8.0100738,icons/restaurant.png,OSM
Marrakech-Safi,Cafe de la Place,Café,Formel,Cafe de la Place,31.6344455,-8.0130032,icons/cafe.png,OSM
Marrakech-Safi,La Table Espagnole,Restaurant,Formel,La Table Espagnole,31.6360792,-8.0109562,icons/restaurant.png,OSM
Marrakech-Safi,Salon de Patisserie Belkabir,Boulangerie,Formel,Salon de Patisserie Belkabir,31.6356008,-8.0117746,icons/bakery.png,OSM
Marrakech-Safi,Alfadle,Café,Formel,Alfadle,31.6377633,-8.0104454,icons/cafe.png,OSM
Marrakech-Safi,Poka,Restaurant,Formel,Poka,31.63246,-8.0037937,icons/restaurant.png,OSM
Marrakech-Safi,Snack Amira,Restaurant,Formel,Snack Amira,31.6343533,-8.0043061,icons/restaurant.png,OSM
Marrakech-Safi,Cafe Warda,Café,Formel,Cafe Warda,31.638841,-8.0061333,icons/cafe.png,OSM
Marrakech-Safi,% Arabica,Café,Formel,M Avenue,31.6223956,-8.0169065,icons/cafe.png,OSM
Marrakech-Safi,Cafe La Place,Café,Formel,Cafe La Place,31.5795432,-9.0124822,icons/cafe.png,OSM
Marrakech-Safi,Le Kilim,Restaurant,Formel,Sis 36 angle rue la liberté et rue Tarik Ibnou Ziad N° 3 rez-de-chaussée,31.6356415,-8.0111946,icons/restaurant.png,OSM
Marrakech-Safi,Restaurant Bismillah,Restaurant,Formel,Restaurant Bismillah,31.5143694,-9.7697622,icons/restaurant.png,OSM
Marrakech-Safi,Casa Vera,Restaurant,Formel,Casa Vera,31.5119753,-9.7718069,icons/restaurant.png,OSM
Marrakech-Safi,Taros,Restaurant,Formel,"Place Moulay Hassan درب عبدالله بن ياسين, Essaouira الصويرة",31.5122421,-9.7721515,icons/restaurant.png,OSM
Marrakech-Safi,Restaurant sans nom,Restaurant,Formel,Restaurant sans nom,31.5143428,-9.7722615,icons/restaurant.png,OSM
Marrakech-Safi,Pizzeria Bab Doukkala,Restaurant,Formel,Pizzeria Bab Doukkala,31.633588,-7.9986264,icons/restaurant.png,OSM
Marrakech-Safi,Local Fried Fish and Chipa,Restaurant,Formel,Local Fried Fish and Chipa,31.6204341,-7.9909789,icons/restaurant.png,OSM
Marrakech-Safi,Restaurant sans nom,Restaurant,Formel,"12 Rue Laalouj, Essaouira 44000, Marruecos",31.5137024,-9.771154,icons/restaurant.png,OSM
Marrakech-Safi,شيلو كافيه و مطعم,Restaurant,Formel,شيلو كافيه و مطعم,31.6347044,-8.0097612,icons/restaurant.png,OSM
Marrakech-Safi,Café Naples,Café,Formel,Café Naples,31.5149979,-9.7618631,icons/cafe.png,OSM
Marrakech-Safi,La Coupole,Restaurant,Formel,Ave. Mohammd V,31.5051299,-9.7635581,icons/restaurant.png,OSM
Marrakech-Safi,Restaurant sans nom,Restaurant,Formel,Restaurant sans nom,31.5809999,-8.4927272,icons/restaurant.png,OSM
Marrakech-Safi,Supérette / Mini-market sans nom,Supérette / Mini-market,Formel,Supérette / Mini-market sans nom,31.6241265,-7.9888812,icons/convenience.png,OSM
Marrakech-Safi,local Fried Fish,Restaurant,Formel,local Fried Fish,31.5156822,-9.7648429,icons/restaurant.png,OSM
Marrakech-Safi,Boulangerie sans nom,Boulangerie,Formel,Boulangerie sans nom,31.6377427,-8.0215359,icons/bakery.png,OSM
Marrakech-Safi,Restaurant sans nom,Restaurant,Formel,Restaurant sans nom,31.6453659,-7.9766355,icons/restaurant.png,OSM
Marrakech-Safi,NEW ERA,Parapharmacie,Formel,NEW ERA,31.6388741,-8.0092363,icons/pharmacy.png,OSM
Marrakech-Safi,Mon quotidien,Boulangerie,Formel,Mon quotidien,31.6479571,-8.0033104,icons/bakery.png,OSM
Marrakech-Safi,Le Mart,Restaurant,Formel,Le Mart,31.6311294,-7.9884288,icons/restaurant.png,OSM
Marrakech-Safi,Mega Loft,Restaurant,Formel,Mega Loft,31.5132815,-9.7694758,icons/restaurant.png,OSM
Marrakech-Safi,Medina Sky,Restaurant,Formel,Medina Sky,31.6284578,-7.9915536,icons/restaurant.png,OSM
Marrakech-Safi,Dar L'Hssira,Restaurant,Formel,Dar L'Hssira,31.6309407,-7.9825062,icons/restaurant.png,OSM
Marrakech-Safi,Supérette / Mini-market sans nom,Supérette / Mini-market,Formel,Supérette / Mini-market sans nom,31.6355411,-7.7023038,icons/convenience.png,OSM
Marrakech-Safi,Parapharmacie sans nom,Parapharmacie,Formel,Parapharmacie sans nom,31.6395465,-7.7905364,icons/pharmacy.png,OSM
Marrakech-Safi,Supérette / Mini-market sans nom,Supérette / Mini-market,Formel,Supérette / Mini-market sans nom,31.6404496,-7.8184193,icons/convenience.png,OSM
Marrakech-Safi,Supérette / Mini-market sans nom,Supérette / Mini-market,Formel,Supérette / Mini-market sans nom,31.6255599,-7.9647553,icons/convenience.png,OSM
Marrakech-Safi,Restaurant sans nom,Restaurant,Formel,Restaurant sans nom,31.5016253,-9.7583943,icons/restaurant.png,OSM
Marrakech-Safi,Café sans nom,Café,Formel,طريق أوريكا,31.5744932,-7.9817982,icons/cafe.png,OSM
Marrakech-Safi,Kiosque sans nom,Kiosque,Informel,Kiosque sans nom,31.6190728,-7.9893129,icons/kiosk.png,OSM
Marrakech-Safi,Cesina Snack,Restaurant,Formel,Cesina Snack,31.6202377,-7.9856786,icons/restaurant.png,OSM
Marrakech-Safi,Café sans nom,Café,Formel,Café sans nom,31.5148483,-9.7689843,icons/cafe.png,OSM
Marrakech-Safi,Marrakchia,Restaurant,Formel,"Rue Azbezd, Marrakech Medina",31.630239,-7.9855424,icons/restaurant.png,OSM
Marrakech-Safi,Café le pont,Café,Formel,Café le pont,31.6337194,-8.0580822,icons/cafe.png,OSM
Marrakech-Safi,Mercato all'aperto,Épicerie,Informel,Mercato all'aperto,31.5237522,-9.7532911,icons/greengrocer.png,OSM
Marrakech-Safi,Café Essaouira,Café,Formel,Café Essaouira,31.5159302,-9.7591899,icons/cafe.png,OSM
Marrakech-Safi,PATTIZ,Restaurant,Formel,"residence Saida, rue Av. 4ème D.M.M., Marrakech 40010",31.6411015,-8.0276096,icons/restaurant.png,OSM
Marrakech-Safi,Supérette / Mini-market sans nom,Supérette / Mini-market,Formel,Supérette / Mini-market sans nom,31.5508048,-8.8140826,icons/convenience.png,OSM
Marrakech-Safi,Zeitoun Restaurant,Restaurant,Formel,Zeitoun Restaurant,31.630447,-8.0049618,icons/restaurant.png,OSM
Marrakech-Safi,Showtime coffee Shop,Café,Formel,Boulevard Al Mouzdalifa,31.6492018,-8.0118665,icons/cafe.png,OSM
Marrakech-Safi,Restaurant sans nom,Restaurant,Formel,Restaurant sans nom,31.7043578,-8.0195479,icons/restaurant.png,OSM
Marrakech-Safi,Supermarché sans nom,Supermarché,Formel,Supermarché sans nom,31.5923383,-7.9860686,icons/supermarket.png,OSM
Marrakech-Safi,Chez RABIYR,Supérette / Mini-market,Formel,Chez RABIYR,31.6331653,-7.9979676,icons/convenience.png,OSM
Marrakech-Safi,Foundounk Gargaa,Café,Formel,Rue Koutoubia,31.6260935,-7.99105,icons/cafe.png,OSM
Marrakech-Safi,Restaurant sans nom,Restaurant,Formel,Rue El Ksour,31.6275773,-7.991812,icons/restaurant.png,OSM
Marrakech-Safi,Supérette / Mini-market sans nom,Supérette / Mini-market,Formel,Supérette / Mini-market sans nom,31.1244769,-7.9201622,icons/convenience.png,OSM
Marrakech-Safi,Café grand atlas asni,Café,Formel,Café grand atlas asni,31.2475193,-7.9816343,icons/cafe.png,OSM
Marrakech-Safi,Boulangerie Pâtisserie Asni,Boulangerie,Formel,Boulangerie Pâtisserie Asni,31.2494293,-7.979729,icons/bakery.png,OSM
Marrakech-Safi,Ajiaire tagines,Restaurant,Formel,Ajiaire tagines,31.2502967,-7.9783993,icons/restaurant.png,OSM
Marrakech-Safi,CAFE RESTAURANT AWRIK,Restaurant,Formel,CAFE RESTAURANT AWRIK,31.2503706,-7.9783316,icons/restaurant.png,OSM
Marrakech-Safi,Pharmacie Asni.,Parapharmacie,Formel,Pharmacie Asni.,31.2508017,-7.9783269,icons/pharmacy.png,OSM
Marrakech-Safi,Toubkal Pizzeria,Restaurant,Formel,Toubkal Pizzeria,31.2508796,-7.9782627,icons/restaurant.png,OSM
Marrakech-Safi,Supérette / Mini-market sans nom,Supérette / Mini-market,Formel,Supérette / Mini-market sans nom,31.2510044,-7.9776848,icons/convenience.png,OSM
Marrakech-Safi,Mamá Africa,Restaurant,Formel,Rue Oum Errabia زنقة أم الربيع,31.6307961,-8.0040734,icons/restaurant.png,OSM
Marrakech-Safi,Arabico,Restaurant,Formel,Arabico,31.5131769,-9.7694634,icons/restaurant.png,OSM
Marrakech-Safi,Restaurant sans nom,Restaurant,Formel,Restaurant sans nom,31.1358693,-7.9200485,icons/restaurant.png,OSM
Marrakech-Safi,Restaurant sans nom,Restaurant,Formel,Restaurant sans nom,31.1367206,-7.9173602,icons/restaurant.png,OSM
Marrakech-Safi,Cafe Boutouil,Café,Formel,Cafe Boutouil,31.6354261,-7.9977612,icons/cafe.png,OSM
Marrakech-Safi,So Quickly,Restaurant,Formel,So Quickly,31.6362307,-7.9973515,icons/restaurant.png,OSM
Marrakech-Safi,Mimid,Restaurant,Formel,Mimid,31.6361922,-7.9972771,icons/restaurant.png,OSM
Marrakech-Safi,Restaurant sans nom,Restaurant,Formel,Restaurant sans nom,31.6207648,-7.9841237,icons/restaurant.png,OSM
Marrakech-Safi,Café sans nom,Café,Formel,Café sans nom,31.6166749,-7.988943,icons/cafe.png,OSM
Marrakech-Safi,Restaurant sans nom,Restaurant,Formel,Restaurant sans nom,31.6249764,-7.9888386,icons/restaurant.png,OSM
Marrakech-Safi,Tawont n'Tkhssa,Café,Formel,Tawont n'Tkhssa,31.105825,-7.9180758,icons/cafe.png,OSM
Marrakech-Safi,Place Al Moussala,Parapharmacie,Formel,Place Al Moussala,31.3699428,-7.797166,icons/pharmacy.png,OSM
Marrakech-Safi,Kiosque sans nom,Kiosque,Informel,Kiosque sans nom,31.1405907,-7.957429,icons/kiosk.png,OSM
Marrakech-Safi,Kiosque sans nom,Kiosque,Informel,Kiosque sans nom,31.0872693,-7.9668884,icons/kiosk.png,OSM
Marrakech-Safi,Kiosque sans nom,Kiosque,Informel,Kiosque sans nom,31.0848214,-7.923326,icons/kiosk.png,OSM
Marrakech-Safi,Kiosque sans nom,Kiosque,Informel,Kiosque sans nom,31.0316825,-7.8888049,icons/kiosk.png,OSM
Marrakech-Safi,Kiosque sans nom,Kiosque,Informel,Kiosque sans nom,31.0173244,-7.8612866,icons/kiosk.png,OSM
Marrakech-Safi,Café Restaurant Hadj Belaid,Restaurant,Formel,Café Restaurant Hadj Belaid,31.0173155,-7.8614022,icons/restaurant.png,OSM
Marrakech-Safi,Café Restaurant Bab Toubkal,Restaurant,Formel,Café Restaurant Bab Toubkal,31.1279782,-7.9193675,icons/restaurant.png,OSM
Marrakech-Safi,Café sans nom,Café,Formel,Café sans nom,31.6267572,-7.9878447,icons/cafe.png,OSM
Marrakech-Safi,Calypso Medina,Restaurant,Formel,كرنيش آسفي,32.2926452,-9.2452191,icons/restaurant.png,OSM
Marrakech-Safi,Spuntini Dabashi,Restaurant,Formel,Spuntini Dabashi,31.6276444,-7.9821744,icons/restaurant.png,OSM
Marrakech-Safi,Restaurant sans nom,Restaurant,Formel,Taoulat ben Saleh,31.62906,-7.98318,icons/restaurant.png,OSM
Marrakech-Safi,Restaurant sans nom,Restaurant,Formel,Restaurant sans nom,31.633429,-7.998314,icons/restaurant.png,OSM
Marrakech-Safi,MBeach,Restaurant,Formel,"Boulevard Mohammed V شارع محمد الخامس, Essaouira الصويرة",31.507844,-9.7662173,icons/restaurant.png,OSM
Marrakech-Safi,PickNick Cafè Essaouira,Restaurant,Formel,"Youssef Al Fassi زنقة يوسف الفاسي, Essaouira",31.5116472,-9.7708716,icons/restaurant.png,OSM
Marrakech-Safi,Cafe le jardin,Café,Formel,Cafe le jardin,31.2255917,-8.2431949,icons/cafe.png,OSM
Marrakech-Safi,Pharmacie Al AMAL,Parapharmacie,Formel,Pharmacie Al AMAL,31.2254243,-8.2414812,icons/pharmacy.png,OSM
Marrakech-Safi,PHARMACIE AMIZMIZ CENTRE,Parapharmacie,Formel,PHARMACIE AMIZMIZ CENTRE,31.2167837,-8.232957,icons/pharmacy.png,OSM
Marrakech-Safi,Alla N'Mzagheni,Restaurant,Formel,Alla N'Mzagheni,31.024857,-8.1213551,icons/restaurant.png,OSM
Marrakech-Safi,Supermarché sans nom,Supermarché,Formel,Supermarché sans nom,31.3073986,-9.6760312,icons/supermarket.png,OSM
Marrakech-Safi,Snack Al-Masjid,Restaurant,Formel,Snack Al-Masjid,31.6741477,-8.0560515,icons/restaurant.png,OSM
Marrakech-Safi,Supérette / Mini-market sans nom,Supérette / Mini-market,Formel,Supérette / Mini-market sans nom,31.6743476,-8.0558391,icons/convenience.png,OSM
Marrakech-Safi,Supérette / Mini-market sans nom,Supérette / Mini-market,Formel,Supérette / Mini-market sans nom,31.671045,-8.0549447,icons/convenience.png,OSM
Marrakech-Safi,Supérette / Mini-market sans nom,Supérette / Mini-market,Formel,Supérette / Mini-market sans nom,31.6710592,-8.0555526,icons/convenience.png,OSM
Marrakech-Safi,Supérette / Mini-market sans nom,Supérette / Mini-market,Formel,Supérette / Mini-market sans nom,31.6710323,-8.0544016,icons/convenience.png,OSM
Marrakech-Safi,Restaurant sans nom,Restaurant,Formel,Restaurant sans nom,31.6206186,-7.9865501,icons/restaurant.png,OSM
Marrakech-Safi,Supermarché sans nom,Supermarché,Formel,Supermarché sans nom,31.2596549,-8.5064293,icons/supermarket.png,OSM
Marrakech-Safi,Bismillah B.V,Restaurant,Formel,Bismillah B.V,31.5085266,-8.5177998,icons/restaurant.png,OSM
Marrakech-Safi,Supérette / Mini-market sans nom,Supérette / Mini-market,Formel,Supérette / Mini-market sans nom,31.6703095,-8.0631686,icons/convenience.png,OSM
Marrakech-Safi,Café sans nom,Café,Formel,Café sans nom,31.6707562,-8.0614766,icons/cafe.png,OSM
Marrakech-Safi,Supérette Salma,Supérette / Mini-market,Formel,Supérette Salma,31.6703557,-8.0633188,icons/convenience.png,OSM
Marrakech-Safi,Supérette / Mini-market sans nom,Supérette / Mini-market,Formel,Supérette / Mini-market sans nom,31.6737435,-8.067421,icons/convenience.png,OSM
Marrakech-Safi,Restaurant sans nom,Restaurant,Formel,Restaurant sans nom,31.6708661,-8.0617678,icons/restaurant.png,OSM
Marrakech-Safi,Parapharmacie sans nom,Parapharmacie,Formel,Parapharmacie sans nom,31.6696732,-8.0633494,icons/pharmacy.png,OSM
Marrakech-Safi,Parapharmacie sans nom,Parapharmacie,Formel,Parapharmacie sans nom,31.6732588,-8.0528701,icons/pharmacy.png,OSM
Marrakech-Safi,Parapharmacie sans nom,Parapharmacie,Formel,Parapharmacie sans nom,31.6734865,-8.0671701,icons/pharmacy.png,OSM
Marrakech-Safi,Supérette / Mini-market sans nom,Supérette / Mini-market,Formel,Supérette / Mini-market sans nom,31.6749974,-8.0568275,icons/convenience.png,OSM
Marrakech-Safi,Café sans nom,Café,Formel,Café sans nom,31.6730646,-8.0522384,icons/cafe.png,OSM
Marrakech-Safi,Supérette / Mini-market sans nom,Supérette / Mini-market,Formel,Supérette / Mini-market sans nom,31.6747441,-8.0578068,icons/convenience.png,OSM
Marrakech-Safi,PARC EZZAOUAK,Restaurant,Formel,PARC EZZAOUAK,31.5023492,-7.8594193,icons/restaurant.png,OSM
Marrakech-Safi,Café sans nom,Café,Formel,Café sans nom,31.3729271,-8.0077114,icons/cafe.png,OSM
Marrakech-Safi,Supermarché sans nom,Supermarché,Formel,Supermarché sans nom,31.3772323,-8.0147281,icons/supermarket.png,OSM
Marrakech-Safi,Restaurant sans nom,Restaurant,Formel,Restaurant sans nom,31.3684751,-8.0184617,icons/restaurant.png,OSM
Marrakech-Safi,Café sans nom,Café,Formel,Café sans nom,31.3676872,-8.0179682,icons/cafe.png,OSM
Marrakech-Safi,Café sans nom,Café,Formel,Café sans nom,31.513932,-9.7699376,icons/cafe.png,OSM
Marrakech-Safi,hanut,Supérette / Mini-market,Formel,hanut,31.6358962,-8.0234519,icons/convenience.png,OSM
Marrakech-Safi,Hanut,Supérette / Mini-market,Formel,Hanut,31.6369074,-8.0236764,icons/convenience.png,OSM
Marrakech-Safi,Dahdah,Restaurant,Formel,Dahdah,31.6376515,-8.0240048,icons/restaurant.png,OSM
Marrakech-Safi,Tabati,Supérette / Mini-market,Formel,Tabati,31.6375584,-8.0242932,icons/convenience.png,OSM
Marrakech-Safi,najib,Restaurant,Formel,najib,31.637489,-8.0223879,icons/restaurant.png,OSM
Marrakech-Safi,caffeteria,Restaurant,Formel,caffeteria,31.6445441,-8.0212371,icons/restaurant.png,OSM
Marrakech-Safi,Le vrai jus,Restaurant,Formel,Le vrai jus,31.6310044,-7.9962183,icons/restaurant.png,OSM
Marrakech-Safi,Hicham,Restaurant,Formel,Hicham,31.630135,-7.9953221,icons/restaurant.png,OSM
Marrakech-Safi,Cafe Populaire,Café,Formel,Cafe Populaire,31.6342382,-7.9908486,icons/cafe.png,OSM
Marrakech-Safi,Coin D'or,Restaurant,Formel,Coin D'or,31.6342066,-7.9907249,icons/restaurant.png,OSM
Marrakech-Safi,La Casa,Restaurant,Formel,La Casa,31.5139157,-9.7699204,icons/restaurant.png,OSM
Marrakech-Safi,Zaytouna,Restaurant,Formel,Zaytouna,31.5140671,-9.7708976,icons/restaurant.png,OSM
Marrakech-Safi,Tajines and more,Restaurant,Formel,Tajines and more,31.5139202,-9.7678731,icons/restaurant.png,OSM
Marrakech-Safi,snack mogador,Restaurant,Formel,snack mogador,31.5139714,-9.7684553,icons/restaurant.png,OSM
Marrakech-Safi,snack mimouna,Restaurant,Formel,snack mimouna,31.5134754,-9.7690071,icons/restaurant.png,OSM
Marrakech-Safi,Restaurant sans nom,Restaurant,Formel,Restaurant sans nom,31.5134925,-9.7689974,icons/restaurant.png,OSM
Marrakech-Safi,Mogador Nights,Restaurant,Formel,Mogador Nights,31.5134598,-9.769091,icons/restaurant.png,OSM
Marrakech-Safi,Les 4 Saisons de Magador,Restaurant,Formel,Les 4 Saisons de Magador,31.513126,-9.7695171,icons/restaurant.png,OSM
Marrakech-Safi,Pumpkin,Café,Formel,Pumpkin,31.5133014,-9.769309,icons/cafe.png,OSM
Marrakech-Safi,Zerda Mogador,Restaurant,Formel,Zerda Mogador,31.5137629,-9.7700859,icons/restaurant.png,OSM
Marrakech-Safi,Parapharmacie sans nom,Parapharmacie,Formel,Parapharmacie sans nom,31.5122099,-9.7671345,icons/pharmacy.png,OSM
Marrakech-Safi,Café sans nom,Café,Formel,Café sans nom,31.5141938,-9.7669194,icons/cafe.png,OSM
Marrakech-Safi,Restaurant sans nom,Restaurant,Formel,Restaurant sans nom,31.5123854,-9.7675885,icons/restaurant.png,OSM
Marrakech-Safi,Supérette / Mini-market sans nom,Supérette / Mini-market,Formel,Supérette / Mini-market sans nom,31.5120505,-9.76633,icons/convenience.png,OSM
Marrakech-Safi,La Smala,Restaurant,Formel,La Smala,31.5140966,-9.7722794,icons/restaurant.png,OSM
Marrakech-Safi,Café sans nom,Café,Formel,Café sans nom,31.5141271,-9.7722503,icons/cafe.png,OSM
Marrakech-Safi,Restaurant La Licorne,Restaurant,Formel,Restaurant La Licorne,31.5144253,-9.7722272,icons/restaurant.png,OSM
Marrakech-Safi,Supérette / Mini-market sans nom,Supérette / Mini-market,Formel,Supérette / Mini-market sans nom,31.5151792,-9.7673479,icons/convenience.png,OSM
Marrakech-Safi,Café sans nom,Café,Formel,Café sans nom,31.5155318,-9.7683054,icons/cafe.png,OSM
Marrakech-Safi,Moga Style,Café,Formel,Moga Style,31.5105834,-9.7658329,icons/cafe.png,OSM
Marrakech-Safi,Restaurant sans nom,Restaurant,Formel,Restaurant sans nom,31.5051978,-9.7635663,icons/restaurant.png,OSM
Marrakech-Safi,Supermarché sans nom,Supermarché,Formel,Supermarché sans nom,31.5038513,-9.758377,icons/supermarket.png,OSM
Marrakech-Safi,Café sans nom,Café,Formel,Café sans nom,31.5040005,-9.7578615,icons/cafe.png,OSM
Marrakech-Safi,Dar Ayour,Restaurant,Formel,Dar Ayour,31.5126287,-9.7725941,icons/restaurant.png,OSM
Marrakech-Safi,Supermarché sans nom,Supermarché,Formel,Supermarché sans nom,31.5952096,-8.0282859,icons/supermarket.png,OSM
Marrakech-Safi,Restaurant sans nom,Restaurant,Formel,Restaurant sans nom,31.5942727,-8.0297717,icons/restaurant.png,OSM
Marrakech-Safi,Restaurant sans nom,Restaurant,Formel,Restaurant sans nom,31.5933936,-8.0307385,icons/restaurant.png,OSM
Marrakech-Safi,Café sans nom,Café,Formel,Café sans nom,31.5940501,-8.0335541,icons/cafe.png,OSM
Marrakech-Safi,Supermarché sans nom,Supermarché,Formel,Supermarché sans nom,31.5896002,-8.033803,icons/supermarket.png,OSM
Marrakech-Safi,Supérette / Mini-market sans nom,Supérette / Mini-market,Formel,Supérette / Mini-market sans nom,31.5882315,-8.0338809,icons/convenience.png,OSM
Marrakech-Safi,Boulangerie sans nom,Boulangerie,Formel,Boulangerie sans nom,31.5882091,-8.0337262,icons/bakery.png,OSM
Marrakech-Safi,Café sans nom,Café,Formel,Café sans nom,31.5947461,-8.0290025,icons/cafe.png,OSM
Marrakech-Safi,Boulangerie sans nom,Boulangerie,Formel,Boulangerie sans nom,31.5956055,-8.0339533,icons/bakery.png,OSM
Marrakech-Safi,Café sans nom,Café,Formel,Café sans nom,31.5952016,-8.0341453,icons/cafe.png,OSM
Marrakech-Safi,Restaurant sans nom,Restaurant,Formel,Restaurant sans nom,31.5926635,-8.0326215,icons/restaurant.png,OSM
Marrakech-Safi,Café sans nom,Café,Formel,Café sans nom,31.59228,-8.032387,icons/cafe.png,OSM
Marrakech-Safi,Café sans nom,Café,Formel,Café sans nom,31.591863,-8.0331309,icons/cafe.png,OSM
Marrakech-Safi,Café sans nom,Café,Formel,Café sans nom,31.591649,-8.0336011,icons/cafe.png,OSM
Marrakech-Safi,Supérette / Mini-market sans nom,Supérette / Mini-market,Formel,Supérette / Mini-market sans nom,31.5920731,-8.0327195,icons/convenience.png,OSM
Marrakech-Safi,Restaurant sans nom,Restaurant,Formel,Restaurant sans nom,31.5913107,-8.0342827,icons/restaurant.png,OSM
Marrakech-Safi,Supérette / Mini-market sans nom,Supérette / Mini-market,Formel,Supérette / Mini-market sans nom,31.5894125,-8.0336491,icons/convenience.png,OSM
Marrakech-Safi,Café sans nom,Café,Formel,Café sans nom,31.594075,-8.0298535,icons/cafe.png,OSM
Marrakech-Safi,Parapharmacie sans nom,Parapharmacie,Formel,Parapharmacie sans nom,31.5881505,-8.0334861,icons/pharmacy.png,OSM
Marrakech-Safi,Restaurant sans nom,Restaurant,Formel,Restaurant sans nom,31.5966387,-8.0352859,icons/restaurant.png,OSM
Marrakech-Safi,Café sans nom,Café,Formel,Café sans nom,31.5936601,-8.0331611,icons/cafe.png,OSM
Marrakech-Safi,Boulangerie sans nom,Boulangerie,Formel,Boulangerie sans nom,31.5953273,-8.0349832,icons/bakery.png,OSM
Marrakech-Safi,Restaurant sans nom,Restaurant,Formel,Restaurant sans nom,31.5960155,-8.0349445,icons/restaurant.png,OSM
Marrakech-Safi,Restaurant sans nom,Restaurant,Formel,Restaurant sans nom,31.5958118,-8.0414433,icons/restaurant.png,OSM
Marrakech-Safi,Café sans nom,Café,Formel,Café sans nom,31.5956711,-8.0418081,icons/cafe.png,OSM
Marrakech-Safi,Boulangerie sans nom,Boulangerie,Formel,Boulangerie sans nom,31.5933658,-8.0329614,icons/bakery.png,OSM
Marrakech-Safi,Boulangerie sans nom,Boulangerie,Formel,Boulangerie sans nom,31.5944193,-8.0337022,icons/bakery.png,OSM
Marrakech-Safi,Café sans nom,Café,Formel,Café sans nom,31.5975532,-8.0360651,icons/cafe.png,OSM
Marrakech-Safi,Restaurant sans nom,Restaurant,Formel,Restaurant sans nom,31.5973507,-8.0367231,icons/restaurant.png,OSM
Marrakech-Safi,Café sans nom,Café,Formel,Café sans nom,31.5970897,-8.0374564,icons/cafe.png,OSM
Marrakech-Safi,Café sans nom,Café,Formel,Café sans nom,31.5965576,-8.039476,icons/cafe.png,OSM
Marrakech-Safi,Café sans nom,Café,Formel,Café sans nom,31.5966376,-8.0402381,icons/cafe.png,OSM
Marrakech-Safi,Supérette / Mini-market sans nom,Supérette / Mini-market,Formel,Supérette / Mini-market sans nom,31.5962791,-8.0400742,icons/convenience.png,OSM
Marrakech-Safi,Café sans nom,Café,Formel,Café sans nom,31.5960299,-8.0407586,icons/cafe.png,OSM
Marrakech-Safi,Restaurant sans nom,Restaurant,Formel,Restaurant sans nom,31.5944305,-8.033859,icons/restaurant.png,OSM
Marrakech-Safi,Restaurant sans nom,Restaurant,Formel,Restaurant sans nom,31.5953216,-8.0342862,icons/restaurant.png,OSM
Marrakech-Safi,Supérette / Mini-market sans nom,Supérette / Mini-market,Formel,Supérette / Mini-market sans nom,31.5964948,-8.035178,icons/convenience.png,OSM
Marrakech-Safi,Café sans nom,Café,Formel,Café sans nom,31.597047,-8.0355413,icons/cafe.png,OSM
Marrakech-Safi,Restaurant sans nom,Restaurant,Formel,Restaurant sans nom,31.5965796,-8.0394458,icons/restaurant.png,OSM
Marrakech-Safi,Café sans nom,Café,Formel,Café sans nom,31.5932666,-8.0439233,icons/cafe.png,OSM
Marrakech-Safi,Café sans nom,Café,Formel,Café sans nom,31.5920162,-8.0487152,icons/cafe.png,OSM
Marrakech-Safi,Restaurant sans nom,Restaurant,Formel,Restaurant sans nom,31.5915478,-8.0500523,icons/restaurant.png,OSM
Marrakech-Safi,Restaurant sans nom,Restaurant,Formel,Restaurant sans nom,31.5894849,-8.0558795,icons/restaurant.png,OSM
Marrakech-Safi,Café sans nom,Café,Formel,Café sans nom,31.5927143,-8.0545723,icons/cafe.png,OSM
Marrakech-Safi,Supérette / Mini-market sans nom,Supérette / Mini-market,Formel,Supérette / Mini-market sans nom,31.5934084,-8.0531277,icons/convenience.png,OSM
Marrakech-Safi,Boulangerie sans nom,Boulangerie,Formel,Boulangerie sans nom,31.5936931,-8.052527,icons/bakery.png,OSM
Marrakech-Safi,Café sans nom,Café,Formel,Café sans nom,31.5937433,-8.0520008,icons/cafe.png,OSM
Marrakech-Safi,Restaurant sans nom,Restaurant,Formel,Restaurant sans nom,31.5939166,-8.0517722,icons/restaurant.png,OSM
Marrakech-Safi,Café sans nom,Café,Formel,Café sans nom,31.5943625,-8.0509416,icons/cafe.png,OSM
Marrakech-Safi,Restaurant sans nom,Restaurant,Formel,Restaurant sans nom,31.5949942,-8.050458,icons/restaurant.png,OSM
Marrakech-Safi,Café sans nom,Café,Formel,Café sans nom,31.5954071,-8.050001,icons/cafe.png,OSM
Marrakech-Safi,Supérette / Mini-market sans nom,Supérette / Mini-market,Formel,Supérette / Mini-market sans nom,31.5956605,-8.0494369,icons/convenience.png,OSM
Marrakech-Safi,Café sans nom,Café,Formel,Café sans nom,31.5956553,-8.0481309,icons/cafe.png,OSM
Marrakech-Safi,Supérette / Mini-market sans nom,Supérette / Mini-market,Formel,Supérette / Mini-market sans nom,31.5957543,-8.0471034,icons/convenience.png,OSM
Marrakech-Safi,Restaurant sans nom,Restaurant,Formel,Restaurant sans nom,31.5956704,-8.047086,icons/restaurant.png,OSM
Marrakech-Safi,Café sans nom,Café,Formel,Café sans nom,31.5961127,-8.0467213,icons/cafe.png,OSM
Marrakech-Safi,Restaurant sans nom,Restaurant,Formel,Restaurant sans nom,31.5965535,-8.0453582,icons/restaurant.png,OSM
Marrakech-Safi,Café sans nom,Café,Formel,Café sans nom,31.5968666,-8.0450712,icons/cafe.png,OSM
Marrakech-Safi,Boulangerie sans nom,Boulangerie,Formel,Boulangerie sans nom,31.5968046,-8.0447747,icons/bakery.png,OSM
Marrakech-Safi,Restaurant sans nom,Restaurant,Formel,Restaurant sans nom,31.5967198,-8.0444279,icons/restaurant.png,OSM
Marrakech-Safi,Supérette / Mini-market sans nom,Supérette / Mini-market,Formel,Supérette / Mini-market sans nom,31.5969778,-8.0438008,icons/convenience.png,OSM
Marrakech-Safi,Boulangerie sans nom,Boulangerie,Formel,Boulangerie sans nom,31.5977119,-8.038179,icons/bakery.png,OSM
Marrakech-Safi,Restaurant sans nom,Restaurant,Formel,Restaurant sans nom,31.5982587,-8.0336052,icons/restaurant.png,OSM
Marrakech-Safi,Café sans nom,Café,Formel,Café sans nom,31.5974361,-8.0283875,icons/cafe.png,OSM
Marrakech-Safi,Supérette / Mini-market sans nom,Supérette / Mini-market,Formel,Supérette / Mini-market sans nom,31.5973499,-8.0286461,icons/convenience.png,OSM
Marrakech-Safi,Restaurant sans nom,Restaurant,Formel,Restaurant sans nom,31.5961885,-8.0311822,icons/restaurant.png,OSM
Marrakech-Safi,Restaurant sans nom,Restaurant,Formel,Restaurant sans nom,31.5960936,-8.0318486,icons/restaurant.png,OSM
Marrakech-Safi,Boulangerie sans nom,Boulangerie,Formel,Boulangerie sans nom,31.596913,-8.0336241,icons/bakery.png,OSM
Marrakech-Safi,Supérette / Mini-market sans nom,Supérette / Mini-market,Formel,Supérette / Mini-market sans nom,31.5956189,-8.0339235,icons/convenience.png,OSM
Marrakech-Safi,Boulangerie sans nom,Boulangerie,Formel,Boulangerie sans nom,31.5962248,-8.0326403,icons/bakery.png,OSM
Marrakech-Safi,Café sans nom,Café,Formel,Café sans nom,31.5969516,-8.0311755,icons/cafe.png,OSM
Marrakech-Safi,Supérette / Mini-market sans nom,Supérette / Mini-market,Formel,Supérette / Mini-market sans nom,31.595578,-8.0305816,icons/convenience.png,OSM
Marrakech-Safi,Café sans nom,Café,Formel,Café sans nom,31.5935935,-8.0446722,icons/cafe.png,OSM
Marrakech-Safi,Café sans nom,Café,Formel,Café sans nom,31.5926568,-8.0466356,icons/cafe.png,OSM
Marrakech-Safi,Café sans nom,Café,Formel,Café sans nom,31.5906779,-8.0514774,icons/cafe.png,OSM
Marrakech-Safi,Parapharmacie sans nom,Parapharmacie,Formel,Parapharmacie sans nom,31.5952628,-8.0498699,icons/pharmacy.png,OSM
Marrakech-Safi,Café sans nom,Café,Formel,Café sans nom,31.5960987,-8.0479572,icons/cafe.png,OSM
Marrakech-Safi,Supérette / Mini-market sans nom,Supérette / Mini-market,Formel,Supérette / Mini-market sans nom,31.5967353,-8.0448548,icons/convenience.png,OSM
Marrakech-Safi,Restaurant sans nom,Restaurant,Formel,Restaurant sans nom,31.5973375,-8.0408894,icons/restaurant.png,OSM
Marrakech-Safi,Café sans nom,Café,Formel,Café sans nom,31.5977253,-8.0366972,icons/cafe.png,OSM
Marrakech-Safi,Supérette / Mini-market sans nom,Supérette / Mini-market,Formel,Supérette / Mini-market sans nom,31.5976826,-8.0359916,icons/convenience.png,OSM
Marrakech-Safi,Café sans nom,Café,Formel,Café sans nom,31.5979008,-8.0325791,icons/cafe.png,OSM
Marrakech-Safi,Supérette / Mini-market sans nom,Supérette / Mini-market,Formel,Supérette / Mini-market sans nom,31.5976359,-8.0340464,icons/convenience.png,OSM
Marrakech-Safi,Café sans nom,Café,Formel,Café sans nom,31.5927858,-8.0319278,icons/cafe.png,OSM
Marrakech-Safi,Café sans nom,Café,Formel,Café sans nom,31.5939654,-8.0420527,icons/cafe.png,OSM
Marrakech-Safi,Café sans nom,Café,Formel,Café sans nom,31.5935197,-8.0432513,icons/cafe.png,OSM
Marrakech-Safi,Café sans nom,Café,Formel,Café sans nom,31.5935091,-8.0528539,icons/cafe.png,OSM
Marrakech-Safi,Supérette / Mini-market sans nom,Supérette / Mini-market,Formel,Supérette / Mini-market sans nom,31.595035,-8.0508083,icons/convenience.png,OSM
Marrakech-Safi,Café sans nom,Café,Formel,Café sans nom,31.5963753,-8.0455758,icons/cafe.png,OSM
Marrakech-Safi,Café sans nom,Café,Formel,Café sans nom,31.59794,-8.0332146,icons/cafe.png,OSM
Marrakech-Safi,Boulangerie sans nom,Boulangerie,Formel,Boulangerie sans nom,31.595688,-8.0328214,icons/bakery.png,OSM
Marrakech-Safi,Supérette / Mini-market sans nom,Supérette / Mini-market,Formel,Supérette / Mini-market sans nom,31.5967516,-8.0333897,icons/convenience.png,OSM
Marrakech-Safi,Boulangerie sans nom,Boulangerie,Formel,Boulangerie sans nom,31.5977176,-8.0342699,icons/bakery.png,OSM
Marrakech-Safi,Restaurant sans nom,Restaurant,Formel,Restaurant sans nom,31.5947319,-8.030138,icons/restaurant.png,OSM
Marrakech-Safi,Restaurant sans nom,Restaurant,Formel,Restaurant sans nom,31.5962678,-8.0467727,icons/restaurant.png,OSM
Marrakech-Safi,Café sans nom,Café,Formel,Café sans nom,31.5977171,-8.0380241,icons/cafe.png,OSM
Marrakech-Safi,Supérette / Mini-market sans nom,Supérette / Mini-market,Formel,Supérette / Mini-market sans nom,31.5959917,-8.0329879,icons/convenience.png,OSM
Marrakech-Safi,Café sans nom,Café,Formel,Café sans nom,31.5952112,-8.0506644,icons/cafe.png,OSM
Marrakech-Safi,Boulangerie sans nom,Boulangerie,Formel,Boulangerie sans nom,31.5969252,-8.044107,icons/bakery.png,OSM
Marrakech-Safi,Café sans nom,Café,Formel,Café sans nom,31.597867,-8.0297847,icons/cafe.png,OSM
Marrakech-Safi,Café sans nom,Café,Formel,Café sans nom,31.5965213,-8.0310033,icons/cafe.png,OSM
Marrakech-Safi,Boulangerie sans nom,Boulangerie,Formel,Boulangerie sans nom,31.5969902,-8.0312111,icons/bakery.png,OSM
Marrakech-Safi,Restaurant sans nom,Restaurant,Formel,Restaurant sans nom,31.5955497,-8.0307005,icons/restaurant.png,OSM
Marrakech-Safi,Boulangerie sans nom,Boulangerie,Formel,Boulangerie sans nom,31.5948956,-8.0302251,icons/bakery.png,OSM
Marrakech-Safi,Épicerie sans nom,Épicerie,Informel,Épicerie sans nom,31.5978891,-8.0341611,icons/greengrocer.png,OSM
Marrakech-Safi,Snap Food,Restaurant,Formel,Snap Food,31.5091655,-9.7580566,icons/restaurant.png,OSM
Marrakech-Safi,Matto,Restaurant,Formel,Matto,31.5091068,-9.7581116,icons/restaurant.png,OSM
Marrakech-Safi,Restaurant sans nom,Restaurant,Formel,Restaurant sans nom,31.6201874,-7.9856625,icons/restaurant.png,OSM
Marrakech-Safi,sandwiches served,Restaurant,Formel,sandwiches served,31.0719507,-8.1384911,icons/restaurant.png,OSM
Marrakech-Safi,HOT MEAL SERVED,Restaurant,Formel,HOT MEAL SERVED,31.0206517,-8.0918176,icons/restaurant.png,OSM
Marrakech-Safi,Restaurant sans nom,Restaurant,Formel,Restaurant sans nom,31.0628221,-8.1391967,icons/restaurant.png,OSM
Marrakech-Safi,Restaurant sans nom,Restaurant,Formel,Restaurant sans nom,31.0177938,-8.0985575,icons/restaurant.png,OSM
Marrakech-Safi,Hot Meals Served,Restaurant,Formel,Hot Meals Served,31.0219287,-8.1058609,icons/restaurant.png,OSM
Marrakech-Safi,Tajgalt,Restaurant,Formel,Tajgalt,31.0147195,-8.0973415,icons/restaurant.png,OSM
Marrakech-Safi,312 sandwiches,Restaurant,Formel,312 sandwiches,31.0152556,-8.097464,icons/restaurant.png,OSM
Marrakech-Safi,Complexe Ecologique Rhamna,Restaurant,Formel,"Avenue Mohamed V, Skhour Rhamna صخور الرحامنة",32.4816921,-7.9188837,icons/restaurant.png,OSM
Marrakech-Safi,Le petit Marche,Supermarché,Formel,"Rue Khalid Ben El Oualid, Marrakech",31.6317085,-8.0029925,icons/supermarket.png,OSM
Marrakech-Safi,Abdessamad,Restaurant,Formel,Abdessamad,31.506244,-9.7564704,icons/restaurant.png,OSM
Marrakech-Safi,Restaurant sans nom,Restaurant,Formel,Restaurant sans nom,31.1444935,-7.854168,icons/restaurant.png,OSM
Marrakech-Safi,Boulangerie sans nom,Boulangerie,Formel,Boulangerie sans nom,31.5026079,-9.7574402,icons/bakery.png,OSM
Marrakech-Safi,Lecheria,Restaurant,Formel,Lecheria,31.4997503,-9.7534223,icons/restaurant.png,OSM
Marrakech-Safi,Boulangerie sans nom,Boulangerie,Formel,Boulangerie sans nom,31.5006265,-9.7564615,icons/bakery.png,OSM
Marrakech-Safi,Pause Coffee,Café,Formel,Pause Coffee,31.5017175,-9.7584596,icons/cafe.png,OSM
Marrakech-Safi,Grillade,Restaurant,Formel,Grillade,31.5076201,-9.7567412,icons/restaurant.png,OSM
Marrakech-Safi,Restaurant sans nom,Restaurant,Formel,Restaurant sans nom,31.5051172,-9.7558699,icons/restaurant.png,OSM
Marrakech-Safi,Café sans nom,Café,Formel,Café sans nom,31.507022,-9.7574387,icons/cafe.png,OSM
Marrakech-Safi,Petit déjeuner,Restaurant,Formel,Petit déjeuner,31.5013743,-9.7583327,icons/restaurant.png,OSM
Marrakech-Safi,San Burza,Restaurant,Formel,San Burza,31.5063727,-9.7580457,icons/restaurant.png,OSM
Marrakech-Safi,Supérette / Mini-market sans nom,Supérette / Mini-market,Formel,Supérette / Mini-market sans nom,31.4996988,-9.7535066,icons/convenience.png,OSM
Marrakech-Safi,Café,Café,Formel,Café,31.5802586,-9.0126147,icons/cafe.png,OSM
Marrakech-Safi,Supérette / Mini-market sans nom,Supérette / Mini-market,Formel,Supérette / Mini-market sans nom,31.4992629,-9.757198,icons/convenience.png,OSM
Marrakech-Safi,Grillade,Restaurant,Formel,Grillade,31.6554601,-8.0163345,icons/restaurant.png,OSM
Marrakech-Safi,Paname Lounge Marrakech,Restaurant,Formel,"Rue Yougoslavie زنقة يوغوسلافيا, Marrakech",31.6329886,-8.0135755,icons/restaurant.png,OSM
Marrakech-Safi,Café sans nom,Café,Formel,Café sans nom,31.6318198,-8.0055047,icons/cafe.png,OSM
Marrakech-Safi,Pensee,Café,Formel,Pensee,31.6314757,-8.005394,icons/cafe.png,OSM
Marrakech-Safi,Café sans nom,Café,Formel,Café sans nom,31.6246596,-7.9897866,icons/cafe.png,OSM
Marrakech-Safi,Supérette / Mini-market sans nom,Supérette / Mini-market,Formel,Supérette / Mini-market sans nom,31.6311861,-8.0038243,icons/convenience.png,OSM
Marrakech-Safi,Restaurant sans nom,Restaurant,Formel,Restaurant sans nom,31.6268155,-7.9896513,icons/restaurant.png,OSM
Marrakech-Safi,Riat Yantiri,Restaurant,Formel,Riat Yantiri,31.5038203,-9.7566237,icons/restaurant.png,OSM
Marrakech-Safi,wzanifood,Restaurant,Formel,"Avenue Ennasr شارع النصر, Safi",32.3175365,-9.2286801,icons/restaurant.png,OSM
Marrakech-Safi,Boutique de confiserie sans nom,Boutique de confiserie,Informel,Boutique de confiserie sans nom,31.6406513,-8.0184245,icons/confectionery.png,OSM
Marrakech-Safi,Restaurant sans nom,Restaurant,Formel,Avenue Yacoub El Mansour,31.6408889,-7.9997309,icons/restaurant.png,OSM
Marrakech-Safi,Lamama Essaouira,Restaurant,Formel,"Place Chrib Atay, 15-16, Rue Laalouj, Essaouira, Marokko",31.5139245,-9.770553,icons/restaurant.png,OSM
Marrakech-Safi,Marjorel Market,Supérette / Mini-market,Formel,Marjorel Market,31.6395258,-7.9996468,icons/convenience.png,OSM
Marrakech-Safi,Restaurant sans nom,Restaurant,Formel,Rue Riad Zitoun El Jedid,31.6229256,-7.9851515,icons/restaurant.png,OSM
Marrakech-Safi,Restaurant sans nom,Restaurant,Formel,Rue des Banques,31.6260637,-7.9867691,icons/restaurant.png,OSM
Marrakech-Safi,Restaurant sans nom,Restaurant,Formel,Derb Jdid,31.6274283,-7.9841347,icons/restaurant.png,OSM
Marrakech-Safi,Restaurant sans nom,Restaurant,Formel,Rue des Banques,31.625773,-7.9862408,icons/restaurant.png,OSM
Marrakech-Safi,Restaurant sans nom,Restaurant,Formel,Rue Dar El Bacha,31.6314655,-7.9901691,icons/restaurant.png,OSM
Marrakech-Safi,Restaurant sans nom,Restaurant,Formel,Boulevard El Mansour Eddahbi,31.6340749,-8.0145815,icons/restaurant.png,OSM
Marrakech-Safi,Baba Pizza,Restaurant,Formel,"57 Rue Mouatamid Ibn Abaad, Marrakech",31.6315526,-8.0071371,icons/restaurant.png,OSM
Marrakech-Safi,Manzil,Restaurant,Formel,"Rue Ibn Atya, Marrakesch",31.6321313,-8.0048346,icons/restaurant.png,OSM
Marrakech-Safi,"Rivayat, The Oberoi, Marakkech",Restaurant,Formel,"Rivayat, The Oberoi, Marakkech",31.6114787,-7.8960451,icons/restaurant.png,OSM
Marrakech-Safi,KASER LOUBNANE MARRAKECH,Café,Formel,"Avenue Yacoub El Mansour, Marrakech",31.6388446,-8.0051458,icons/cafe.png,OSM
Marrakech-Safi,Soul Food,Restaurant,Formel,Soul Food,31.6323042,-7.9885668,icons/restaurant.png,OSM
Marrakech-Safi,Café Elena,Café,Formel,Café Elena,31.6393325,-8.0723457,icons/cafe.png,OSM
Marrakech-Safi,Gouzwine,Boulangerie,Formel,Gouzwine,31.6394604,-8.0723427,icons/bakery.png,OSM
Marrakech-Safi,Le Slimana,Restaurant,Formel,Le Slimana,31.6311251,-7.9853577,icons/restaurant.png,OSM
Marrakech-Safi,Argan Garden Marrakech,Restaurant,Formel,"Rue d'amezmiz, Marrakech",31.5664638,-8.0108352,icons/restaurant.png,OSM
Marrakech-Safi,Les Etoiles de Toubkal,Restaurant,Formel,Les Etoiles de Toubkal,31.1369011,-7.9207488,icons/restaurant.png,OSM
Marrakech-Safi,Azaghar,Restaurant,Formel,Azaghar,31.3716191,-7.7980311,icons/restaurant.png,OSM
Marrakech-Safi,Chez Latifa,Restaurant,Formel,Essaouira الصويرة,31.5127545,-9.7668746,icons/restaurant.png,OSM
Marrakech-Safi,La Campana,Restaurant,Formel,La Campana,31.516987,-9.7651774,icons/restaurant.png,OSM
Marrakech-Safi,Tiznit,Restaurant,Formel,"Place Jamaâ Lefna, Marrakech Medina",31.6271153,-7.9879667,icons/restaurant.png,OSM
Marrakech-Safi,Pharmacie Al Fath 8,Parapharmacie,Formel,Pharmacie Al Fath 8,31.4529934,-9.7410509,icons/pharmacy.png,OSM
Marrakech-Safi,Épicerie sans nom,Épicerie,Informel,Épicerie sans nom,31.5324371,-9.5508501,icons/greengrocer.png,OSM
Marrakech-Safi,Épicerie sans nom,Épicerie,Informel,Épicerie sans nom,31.5322794,-9.5484294,icons/greengrocer.png,OSM
Marrakech-Safi,Restaurant Tajine Beldy,Restaurant,Formel,Restaurant Tajine Beldy,31.5282305,-9.600412,icons/restaurant.png,OSM
Marrakech-Safi,Épicerie sans nom,Épicerie,Informel,Épicerie sans nom,31.5328349,-9.54864,icons/greengrocer.png,OSM
Marrakech-Safi,Patisserie Riad,Boulangerie,Formel,Patisserie Riad,31.6339581,-7.9910758,icons/bakery.png,OSM
Marrakech-Safi,Pharmacie dar bakka,Parapharmacie,Formel,Pharmacie dar bakka,31.6608071,-7.8011617,icons/pharmacy.png,OSM
Marrakech-Safi,Pharmacie alber,Parapharmacie,Formel,Pharmacie alber,31.5147056,-7.8463761,icons/pharmacy.png,OSM
Marrakech-Safi,Menara Food,Restaurant,Formel,Menara Food,31.6165431,-7.9891614,icons/restaurant.png,OSM
Marrakech-Safi,Kiosque sans nom,Kiosque,Informel,Kiosque sans nom,31.616386,-7.9890736,icons/kiosk.png,OSM
Marrakech-Safi,Restaurant sans nom,Restaurant,Formel,Restaurant sans nom,31.6164355,-7.988983,icons/restaurant.png,OSM
Marrakech-Safi,Supérette / Mini-market sans nom,Supérette / Mini-market,Formel,Supérette / Mini-market sans nom,31.6166047,-7.988837,icons/convenience.png,OSM
Marrakech-Safi,Pharmacie wael,Parapharmacie,Formel,Pharmacie wael,31.8934794,-7.942583,icons/pharmacy.png,OSM
Marrakech-Safi,Cafe Jardin,Café,Formel,Marrakech,31.655168,-8.0306288,icons/cafe.png,OSM
Marrakech-Safi,Pharmacie de Progres,Parapharmacie,Formel,Pharmacie de Progres,31.6253007,-7.9886645,icons/pharmacy.png,OSM
Marrakech-Safi,Supérette / Mini-market sans nom,Supérette / Mini-market,Formel,Supérette / Mini-market sans nom,31.6354134,-8.0074516,icons/convenience.png,OSM
Marrakech-Safi,Chez Omar,Restaurant,Formel,Chez Omar,31.6269831,-7.9861669,icons/restaurant.png,OSM
Marrakech-Safi,M Bacha,Restaurant,Formel,Derb Dekkak,31.6318241,-7.9967886,icons/restaurant.png,OSM
Marrakech-Safi,Azhar La Grande Epicerie,Supérette / Mini-market,Formel,Azhar La Grande Epicerie,31.612452,-7.9970869,icons/convenience.png,OSM
Marrakech-Safi,Carrefour Market,Supermarché,Formel,Carrefour Market,31.6180668,-8.0092373,icons/supermarket.png,OSM
Marrakech-Safi,Dabachi Chez Cherif,Restaurant,Formel,"Derb Dabachi, Marrakech",31.6273429,-7.9851708,icons/restaurant.png,OSM
Marrakech-Safi,Storytelling Cafe,Restaurant,Formel,"Rue du Souk des Fassis, Marrakech",31.6318575,-7.9849065,icons/restaurant.png,OSM
Marrakech-Safi,Starbucks,Café,Formel,Starbucks,31.6304481,-8.0170707,icons/cafe.png,OSM
Marrakech-Safi,Villa Aaron,Restaurant,Formel,Villa Aaron,31.6196463,-7.9896527,icons/restaurant.png,OSM
Marrakech-Safi,Le Grand Bazar Marrakech,Restaurant,Formel,Le Grand Bazar Marrakech,31.6268758,-7.9869834,icons/restaurant.png,OSM
Marrakech-Safi,La Pergola rooftop jazz bar,Restaurant,Formel,Derb Chaabane,31.6244209,-7.9869115,icons/restaurant.png,OSM
Marrakech-Safi,BİM,Supérette / Mini-market,Formel,BİM,31.6455077,-7.9791224,icons/convenience.png,OSM
Marrakech-Safi,BİM,Supérette / Mini-market,Formel,BİM,31.6419076,-8.0096064,icons/convenience.png,OSM
Marrakech-Safi,La main de Fatima,Restaurant,Formel,La main de Fatima,31.6190685,-7.9868005,icons/restaurant.png,OSM
Marrakech-Safi,Jijo Mazel,Café,Formel,10,31.6273781,-7.9934635,icons/cafe.png,OSM
Marrakech-Safi,L'arôme des Alizés,Restaurant,Formel,L'arôme des Alizés,31.5044455,-9.7575577,icons/restaurant.png,OSM
Marrakech-Safi,Flouka,Restaurant,Formel,Flouka,31.3416308,-8.1471865,icons/restaurant.png,OSM
Marrakech-Safi,Café Mouassine,Café,Formel,Café Mouassine,31.6290267,-7.9894903,icons/cafe.png,OSM
Marrakech-Safi,Chez Mariama Berbère,Restaurant,Formel,Chez Mariama Berbère,31.6326435,-7.9889899,icons/restaurant.png,OSM
Marrakech-Safi,Sḧawarma,Restaurant,Formel,Sḧawarma,31.6275557,-7.9843778,icons/restaurant.png,OSM
Marrakech-Safi,Restaurant sans nom,Restaurant,Formel,Restaurant sans nom,31.6314004,-7.9890373,icons/restaurant.png,OSM
Marrakech-Safi,Chez Ali,Restaurant,Formel,Chez Ali,31.6196099,-7.9849929,icons/restaurant.png,OSM
Marrakech-Safi,L'îlot Châtain,Café,Formel,L'îlot Châtain,32.3230101,-9.2585818,icons/cafe.png,OSM
Marrakech-Safi,Mama terrasse,Café,Formel,Mama terrasse,31.6330275,-7.9894985,icons/cafe.png,OSM
Marrakech-Safi,Le Jardin Ben Youssef,Restaurant,Formel,Le Jardin Ben Youssef,31.6328318,-7.9887404,icons/restaurant.png,OSM
Marrakech-Safi,BOSCO Seafood Restaurant,Restaurant,Formel,BOSCO Seafood Restaurant,31.503292,-9.7565803,icons/restaurant.png,OSM
Marrakech-Safi,Yazel,Restaurant,Formel,Yazel,31.6310214,-7.9893989,icons/restaurant.png,OSM
Marrakech-Safi,Espace Ghali,Restaurant,Formel,Espace Ghali,31.5632673,-7.6577213,icons/restaurant.png,OSM
Marrakech-Safi,Kasbah Beldi,Restaurant,Formel,Kasbah Beldi,31.3160734,-8.1414475,icons/restaurant.png,OSM
Marrakech-Safi,Pizza Amore Italiano,Restaurant,Formel,Pizza Amore Italiano,31.5924594,-7.9868231,icons/restaurant.png,OSM
Marrakech-Safi,Café sans nom,Café,Formel,Café sans nom,31.5746745,-8.0582328,icons/cafe.png,OSM
Marrakech-Safi,Milano,Café,Formel,Milano,31.546601,-8.7651208,icons/cafe.png,OSM
Marrakech-Safi,La Terrasse Du Marché,Café,Formel,La Terrasse Du Marché,31.6199027,-7.9856433,icons/cafe.png,OSM
Marrakech-Safi,Kech Badi,Restaurant,Formel,Rue de Berrima,31.6197835,-7.9850495,icons/restaurant.png,OSM
Marrakech-Safi,Le Fondouk By Dar l'Oussia,Restaurant,Formel,Mohamed Ben Massoud,31.5112997,-9.7703138,icons/restaurant.png,OSM
Marrakech-Safi,KSOU,Restaurant,Formel,KSOU,31.5120349,-9.7705966,icons/restaurant.png,OSM
Marrakech-Safi,La Fontaine des épices,Restaurant,Formel,131,31.6311057,-7.989435,icons/restaurant.png,OSM
Marrakech-Safi,Aassila Coffee,Café,Formel,"Rue Sidi Boulabada, Marrakesh 40000, Marocco",31.6275931,-7.9816022,icons/cafe.png,OSM
Marrakech-Safi,Le P'ti Bistrot,Restaurant,Formel,"lot Azlef, Essaouira الصويرة",31.5045802,-9.755124,icons/restaurant.png,OSM
Marrakech-Safi,دار دار,Restaurant,Formel,Riad Zitoun Lakdim رياض الزيتون القديم,31.6222767,-7.9864208,icons/restaurant.png,OSM
Marrakech-Safi,Mabrouka,Restaurant,Formel,Rue Bani Marine,31.6240284,-7.9897085,icons/restaurant.png,OSM
Marrakech-Safi,Herboristerie Bendriss,Parapharmacie,Formel,Qaâat Bennahid,31.6306644,-7.9859952,icons/pharmacy.png,OSM
Marrakech-Safi,"Marrakech, Azalai urban souk",Restaurant,Formel,Boulevard El Mansour Eddahbi,31.6334188,-8.0121946,icons/restaurant.png,OSM
Marrakech-Safi,Restaurant sans nom,Restaurant,Formel,Restaurant sans nom,32.2956769,-9.2441952,icons/restaurant.png,OSM
Marrakech-Safi,Snack moulid,Restaurant,Formel,Snack moulid,31.1361927,-7.9201421,icons/restaurant.png,OSM
Marrakech-Safi,Snack la Plage,Restaurant,Formel,Snack la Plage,31.505412,-9.7633306,icons/restaurant.png,OSM
Marrakech-Safi,Café Almasraf,Restaurant,Formel,Café Almasraf,31.6187996,-7.9894959,icons/restaurant.png,OSM
Marrakech-Safi,ENJOY YOUR MEAL VEGGIE LOVERS - Restaurant Végétarien Médina Marrakech,Restaurant,Formel,Route Kennaria Dbchi,31.6258143,-7.9861975,icons/restaurant.png,OSM
Marrakech-Safi,MK Rooftop Marrakech,Restaurant,Formel,"Derb Sebaai, Marrakesh",31.6274372,-7.9921963,icons/restaurant.png,OSM
Marrakech-Safi,MALAH,Restaurant,Formel,MALAH,31.6197918,-7.9846662,icons/restaurant.png,OSM
Marrakech-Safi,Manzah l'koutoubiap,Restaurant,Formel,"Rue Fatima Zahra, Marrakech",31.625349,-7.9927789,icons/restaurant.png,OSM
Marrakech-Safi,Restaurant sans nom,Restaurant,Formel,Restaurant sans nom,31.6254969,-7.9926568,icons/restaurant.png,OSM
Marrakech-Safi,Kabana,Restaurant,Formel,Kabana,31.6261357,-7.9929493,icons/restaurant.png,OSM
Marrakech-Safi,Shawarma Laffah,Restaurant,Formel,Shawarma Laffah,31.6268184,-7.9934156,icons/restaurant.png,OSM
Marrakech-Safi,La table de la Koutoubia,Café,Formel,La table de la Koutoubia,31.6255171,-7.9934505,icons/cafe.png,OSM
Marrakech-Safi,Restaurante Portofino,Restaurant,Formel,Boulevard Mohammed V,31.6253221,-7.9932723,icons/restaurant.png,OSM
Marrakech-Safi,Le Markech Terrasse,Café,Formel,Boulevard Mohammed V,31.6252899,-7.9932072,icons/cafe.png,OSM
Marrakech-Safi,Sky Venisia,Restaurant,Formel,Boulevard Mohammed V,31.6252708,-7.9931587,icons/restaurant.png,OSM
Marrakech-Safi,Droguerie Zarktouni,Parapharmacie,Formel,Droguerie Zarktouni,31.6254762,-7.9928953,icons/pharmacy.png,OSM
Marrakech-Safi,Chez Omar,Café,Formel,Chez Omar,31.6252041,-7.9926974,icons/cafe.png,OSM
Marrakech-Safi,Café Koutoubia,Café,Formel,Café Koutoubia,31.625158,-7.9926614,icons/cafe.png,OSM
Marrakech-Safi,Restaurant sans nom,Restaurant,Formel,Restaurant sans nom,31.6280345,-8.0626548,icons/restaurant.png,OSM
Marrakech-Safi,The Ancient House Grill,Café,Formel,The Ancient House Grill,31.6225815,-7.9913725,icons/cafe.png,OSM
Marrakech-Safi,Café Roxe,Café,Formel,Café Roxe,31.6224841,-7.9901599,icons/cafe.png,OSM
Marrakech-Safi,Cafe Imzzane,Café,Formel,Cafe Imzzane,31.6228374,-7.9902172,icons/cafe.png,OSM
Marrakech-Safi,Cafe Ennaser,Café,Formel,Cafe Ennaser,31.6230487,-7.9900174,icons/cafe.png,OSM
Marrakech-Safi,Kiosque sans nom,Kiosque,Informel,Kiosque sans nom,31.6231958,-7.9900941,icons/kiosk.png,OSM
Marrakech-Safi,Cafe Iceberg,Café,Formel,Cafe Iceberg,31.623336,-7.9902088,icons/cafe.png,OSM
Marrakech-Safi,Daily break,Supérette / Mini-market,Formel,Daily break,31.9194435,-8.0252235,icons/convenience.png,OSM
Marrakech-Safi,Circle K,Restaurant,Formel,Circle K,31.9189937,-8.0253053,icons/restaurant.png,OSM
Marrakech-Safi,Burger King,Restaurant,Formel,Burger King,31.9192667,-8.0254916,icons/restaurant.png,OSM
Marrakech-Safi,McDonald's,Restaurant,Formel,McDonald's,31.6092729,-7.9960381,icons/restaurant.png,OSM
Marrakech-Safi,Carrefour,Supermarché,Formel,Carrefour,31.6048303,-8.0001812,icons/supermarket.png,OSM
Marrakech-Safi,Kasbah adalussiya,Restaurant,Formel,Kasbah adalussiya,31.6182058,-7.9894789,icons/restaurant.png,OSM
Marrakech-Safi,Restaurant sans nom,Restaurant,Formel,Restaurant sans nom,31.6210003,-7.989647,icons/restaurant.png,OSM
Marrakech-Safi,Snack ourika,Restaurant,Formel,Snack ourika,31.6199551,-7.9896698,icons/restaurant.png,OSM
Marrakech-Safi,Chez Bahia,Restaurant,Formel,Chez Bahia,31.6248052,-7.9874498,icons/restaurant.png,OSM
Marrakech-Safi,Azalai urban souk,Restaurant,Formel,Azalai urban souk,31.6334641,-8.012585,icons/restaurant.png,OSM
Marrakech-Safi,Boulangerie sans nom,Boulangerie,Formel,Boulangerie sans nom,31.6147422,-7.9883512,icons/bakery.png,OSM
Marrakech-Safi,6eme,Restaurant,Formel,6eme,31.6055124,-7.9995451,icons/restaurant.png,OSM
Marrakech-Safi,Sushi 6eme,Restaurant,Formel,Sushi 6eme,31.6054393,-7.9992983,icons/restaurant.png,OSM
Marrakech-Safi,Café sans nom,Café,Formel,Café sans nom,31.6153808,-7.9867598,icons/cafe.png,OSM
Marrakech-Safi,Café sans nom,Café,Formel,Café sans nom,31.6128489,-7.9884935,icons/cafe.png,OSM
Marrakech-Safi,Supérette / Mini-market sans nom,Supérette / Mini-market,Formel,Supérette / Mini-market sans nom,31.6150199,-7.9865719,icons/convenience.png,OSM
Marrakech-Safi,Supérette / Mini-market sans nom,Supérette / Mini-market,Formel,Supérette / Mini-market sans nom,31.6129727,-7.9881172,icons/convenience.png,OSM
Marrakech-Safi,Parapharmacie sans nom,Parapharmacie,Formel,Parapharmacie sans nom,31.6153546,-7.986851,icons/pharmacy.png,OSM
Marrakech-Safi,Supérette / Mini-market sans nom,Supérette / Mini-market,Formel,Supérette / Mini-market sans nom,31.6156986,-7.9870507,icons/convenience.png,OSM
Marrakech-Safi,BCK,Restaurant,Formel,BCK,31.6331329,-7.9973587,icons/restaurant.png,OSM
Marrakech-Safi,Les frères kasbah,Restaurant,Formel,Les frères kasbah,31.6188178,-7.9893766,icons/restaurant.png,OSM
Marrakech-Safi,La terrasse du jardin,Restaurant,Formel,La terrasse du jardin,31.636063,-7.9967623,icons/restaurant.png,OSM
Marrakech-Safi,La place verte,Café,Formel,La place verte,31.6333138,-8.0003227,icons/cafe.png,OSM
Marrakech-Safi,El Gza,Restaurant,Formel,El Gza,31.6352485,-7.9950953,icons/restaurant.png,OSM
Marrakech-Safi,Café sans nom,Café,Formel,Café sans nom,31.6336931,-8.0004607,icons/cafe.png,OSM
Marrakech-Safi,El Bahia,Restaurant,Formel,El Bahia,31.6217998,-7.9895724,icons/restaurant.png,OSM
Marrakech-Safi,Parapharmacie sans nom,Parapharmacie,Formel,Parapharmacie sans nom,31.6996834,-7.9839963,icons/pharmacy.png,OSM
Marrakech-Safi,Marjane Menara,Supermarché,Formel,Boulevard Abdelkrim Al Khattabi,31.6679944,-8.0132112,icons/supermarket.png,OSM
Marrakech-Safi,Bijouterie Ouadia,Épicerie,Informel,Bijouterie Ouadia,31.6205874,-7.9848553,icons/greengrocer.png,OSM
Marrakech-Safi,Atacadão,Supermarché,Formel,Atacadão,31.6469178,-7.9452704,icons/supermarket.png,OSM
Marrakech-Safi,Café Oasis,Restaurant,Formel,Café Oasis,31.4958699,-9.7548763,icons/restaurant.png,OSM
Marrakech-Safi,Mogador,Supermarché,Formel,Mogador,31.5055329,-9.7631575,icons/supermarket.png,OSM
Marrakech-Safi,Cote Plage,Restaurant,Formel,Cote Plage,31.507934,-9.7661161,icons/restaurant.png,OSM
Marrakech-Safi,L`Ocean,Supermarché,Formel,L`Ocean,31.4990449,-9.7566681,icons/supermarket.png,OSM
Marrakech-Safi,Restaurant de la Baie,Restaurant,Formel,Restaurant de la Baie,31.5070076,-9.7651031,icons/restaurant.png,OSM
Marrakech-Safi,Fanatic,Café,Formel,Fanatic,31.5066658,-9.7646525,icons/cafe.png,OSM
Marrakech-Safi,"fotocopies,papers",Supérette / Mini-market,Formel,"fotocopies,papers",31.5029123,-9.7618196,icons/convenience.png,OSM
Marrakech-Safi,marche cite,Supérette / Mini-market,Formel,marche cite,32.2934796,-9.2325408,icons/convenience.png,OSM
Marrakech-Safi,souk azib darey,Supérette / Mini-market,Formel,souk azib darey,32.2919888,-9.2199193,icons/convenience.png,OSM
Marrakech-Safi,souk biyada,Supérette / Mini-market,Formel,souk biyada,32.3058753,-9.2355477,icons/convenience.png,OSM
Marrakech-Safi,Supérette / Mini-market sans nom,Supérette / Mini-market,Formel,Supérette / Mini-market sans nom,32.3130411,-9.2250641,icons/convenience.png,OSM
Marrakech-Safi,saniya,Supérette / Mini-market,Formel,saniya,32.281073,-9.2324103,icons/convenience.png,OSM
Marrakech-Safi,Projet Label Vie à Safi,Supermarché,Formel,Projet Label Vie à Safi,32.2930416,-9.2346244,icons/supermarket.png,OSM
Marrakech-Safi,iconomat OCP,Supermarché,Formel,iconomat OCP,32.293474,-9.2308225,icons/supermarket.png,OSM
Marrakech-Safi,sewayekat jrayefate,Supérette / Mini-market,Formel,sewayekat jrayefate,32.2858343,-9.2233411,icons/convenience.png,OSM
Marrakech-Safi,سوق حد حرارة الأسبوعي,Épicerie,Informel,سوق حد حرارة الأسبوعي,32.4390297,-9.1330841,icons/greengrocer.png,OSM
Marrakech-Safi,Souk Hebdomadaire Sebt Gzoula,Épicerie,Informel,Souk Hebdomadaire Sebt Gzoula,32.1115713,-9.085558,icons/greengrocer.png,OSM
Marrakech-Safi,Souk Jedid صوق جديد,Épicerie,Informel,Souk Jedid صوق جديد,31.5143256,-9.7680106,icons/greengrocer.png,OSM
Marrakech-Safi,Pizza Hut,Restaurant,Formel,Boulevard Mohammed Abdelkaraim el Khattabi,31.6685159,-8.0107062,icons/restaurant.png,OSM
Marrakech-Safi,Tito's,Restaurant,Formel,Boulevard Allal el Fassi,31.6680913,-8.0112599,icons/restaurant.png,OSM
Marrakech-Safi,Épicerie sans nom,Épicerie,Informel,Épicerie sans nom,32.2996012,-9.240747,icons/greengrocer.png,OSM
Marrakech-Safi,Afriquia أفريقيا,Supérette / Mini-market,Formel,Afriquia أفريقيا,31.5071143,-9.7610181,icons/convenience.png,OSM
Marrakech-Safi,les 1001 nuits,Restaurant,Formel,les 1001 nuits,31.6509019,-7.9797984,icons/restaurant.png,OSM
Marrakech-Safi,Asswak Assalam,Supermarché,Formel,Asswak Assalam,31.6274795,-8.0241882,icons/supermarket.png,OSM
Marrakech-Safi,Oliveri,Café,Formel,Oliveri,31.634519,-8.0109671,icons/cafe.png,OSM
Marrakech-Safi,Avocat,Café,Formel,"rue ibn battouta, safi",32.2954441,-9.2280465,icons/cafe.png,OSM
Marrakech-Safi,Marché de gros aux légumes et fruits de Marrakech,Épicerie,Informel,Marché de gros aux légumes et fruits de Marrakech,31.6785911,-8.0327681,icons/greengrocer.png,OSM
Marrakech-Safi,Lakhmiss Jdid,Épicerie,Informel,Lakhmiss Jdid,31.9778587,-9.3456679,icons/greengrocer.png,OSM
Marrakech-Safi,Souk Ejdid,Épicerie,Informel,Souk Ejdid,32.1189311,-9.0762599,icons/greengrocer.png,OSM
Marrakech-Safi,Souk Labhayem,Épicerie,Informel,Souk Labhayem,32.4379208,-9.1348407,icons/greengrocer.png,OSM
Marrakech-Safi,Ancien Souk Tlat,Épicerie,Informel,Ancien Souk Tlat,32.2573725,-8.9783203,icons/greengrocer.png,OSM
Marrakech-Safi,Nouveau Souk Tlat Hebdomadaire,Épicerie,Informel,Nouveau Souk Tlat Hebdomadaire,32.2546745,-8.9736468,icons/greengrocer.png,OSM
Marrakech-Safi,Épicerie sans nom,Épicerie,Informel,Épicerie sans nom,32.2697046,-9.2465565,icons/greengrocer.png,OSM
Marrakech-Safi,Épicerie sans nom,Épicerie,Informel,Épicerie sans nom,31.9094445,-7.9475469,icons/greengrocer.png,OSM
Marrakech-Safi,Restaurant sans nom,Restaurant,Formel,Restaurant sans nom,31.6387108,-8.0161871,icons/restaurant.png,OSM
Marrakech-Safi,Little Italy Marrakech,Restaurant,Formel,"Rue Mohammed El Bekal, Marrakech",31.6392994,-8.0166022,icons/restaurant.png,OSM
Marrakech-Safi,Association Amal - Women Training Center and Moroccan Restaurant,Restaurant,Formel,Association Amal - Women Training Center and Moroccan Restaurant,31.6390715,-8.0137562,icons/restaurant.png,OSM
Marrakech-Safi,Berber Market,Épicerie,Informel,Berber Market,31.3149141,-7.7476934,icons/greengrocer.png,OSM
Marrakech-Safi,Restaurant sans nom,Restaurant,Formel,Restaurant sans nom,31.3088324,-7.941469,icons/restaurant.png,OSM
Marrakech-Safi,محل تسوق,Épicerie,Informel,ابن جرير,32.2467209,-7.9565822,icons/greengrocer.png,OSM
Marrakech-Safi,Épicerie sans nom,Épicerie,Informel,Épicerie sans nom,31.8580985,-8.1776004,icons/greengrocer.png,OSM
Marrakech-Safi,Nikki Beach – Beach Club,Restaurant,Formel,Nikki Beach – Beach Club,31.687491,-7.9777499,icons/restaurant.png,OSM
Marrakech-Safi,Karmoussa,Restaurant,Formel,Karmoussa,31.686744,-7.9650355,icons/restaurant.png,OSM
Marrakech-Safi,Le Jardin,Restaurant,Formel,Le Jardin,31.671221,-7.9850067,icons/restaurant.png,OSM
Marrakech-Safi,Pasta Cosy – Italian cuisine,Restaurant,Formel,Pasta Cosy – Italian cuisine,31.684445,-7.9677491,icons/restaurant.png,OSM
Marrakech-Safi,La Pergola,Restaurant,Formel,La Pergola,31.6737284,-7.9874478,icons/restaurant.png,OSM
Marrakech-Safi,Marche Central,Épicerie,Informel,Marche Central,31.6336467,-8.0065815,icons/greengrocer.png,OSM
Marrakech-Safi,Restaurant sans nom,Restaurant,Formel,Restaurant sans nom,31.6788058,-7.9743771,icons/restaurant.png,OSM
Marrakech-Safi,Restaurant sans nom,Restaurant,Formel,Restaurant sans nom,31.6816308,-7.9751646,icons/restaurant.png,OSM
Marrakech-Safi,Restaurant sans nom,Restaurant,Formel,Restaurant sans nom,31.6807155,-7.9756531,icons/restaurant.png,OSM
Marrakech-Safi,Épicerie sans nom,Épicerie,Informel,Épicerie sans nom,32.2616508,-9.2496862,icons/greengrocer.png,OSM
Marrakech-Safi,Restaurant sans nom,Restaurant,Formel,Restaurant sans nom,31.4540339,-9.7420572,icons/restaurant.png,OSM
Marrakech-Safi,Acima Massira,Supermarché,Formel,Acima Massira,31.6392525,-8.0599241,icons/supermarket.png,OSM
Marrakech-Safi,Épicerie sans nom,Épicerie,Informel,Épicerie sans nom,31.6081023,-7.9636104,icons/greengrocer.png,OSM
Marrakech-Safi,Le Coq Hardi Hotel,Restaurant,Formel,"Route Marrakesh-Ouarzazate, Aït Ourir",31.546342,-7.6464638,icons/restaurant.png,OSM
Marrakech-Safi,Restaurant Menzah Ait Ourir,Restaurant,Formel,Restaurant Menzah Ait Ourir,31.5460822,-7.6465887,icons/restaurant.png,OSM
Marrakech-Safi,Souk Tnine Ourika,Épicerie,Informel,Souk Tnine Ourika,31.3754641,-7.7786775,icons/greengrocer.png,OSM
Marrakech-Safi,Café sans nom,Café,Formel,Café sans nom,31.4013233,-7.8264766,icons/cafe.png,OSM
Marrakech-Safi,Épicerie sans nom,Épicerie,Informel,آسفي,32.298551,-9.2431551,icons/greengrocer.png,OSM
Marrakech-Safi,Restaurant Jayoud,Restaurant,Formel,Restaurant Jayoud,31.0967573,-9.821933,icons/restaurant.png,OSM
Marrakech-Safi,Dar Ouzguita,Restaurant,Formel,Dar Ouzguita,31.3520817,-8.1309444,icons/restaurant.png,OSM
Marrakech-Safi,Cafe Sahrij,Café,Formel,Cafe Sahrij,31.6309278,-7.9898306,icons/cafe.png,OSM
Marrakech-Safi,Restaurant sans nom,Restaurant,Formel,Restaurant sans nom,31.2812464,-7.9604012,icons/restaurant.png,OSM
Marrakech-Safi,Asni Souk,Épicerie,Informel,Asni Souk,31.2490405,-7.9784657,icons/greengrocer.png,OSM
Marrakech-Safi,Boulangerie sans nom,Boulangerie,Formel,Boulangerie sans nom,31.2494457,-7.9820005,icons/bakery.png,OSM
Marrakech-Safi,Azguer,Restaurant,Formel,Azguer,31.0983822,-7.6148664,icons/restaurant.png,OSM
Marrakech-Safi,marjane supermarket,Supermarché,Formel,marjane supermarket,32.2973754,-9.2155964,icons/supermarket.png,OSM
Marrakech-Safi,Épicerie sans nom,Épicerie,Informel,Épicerie sans nom,31.5144484,-9.7681539,icons/greengrocer.png,OSM
Marrakech-Safi,McDonald's,Restaurant,Formel,Boulevard Mohammed Abdelkaraim el Khattabi,31.6550891,-8.0192964,icons/restaurant.png,OSM
Marrakech-Safi,Épicerie sans nom,Épicerie,Informel,Épicerie sans nom,32.4869787,-8.3773102,icons/greengrocer.png,OSM
Marrakech-Safi,Carrefour,Supermarché,Formel,Carrefour,31.4957252,-9.7520643,icons/supermarket.png,OSM
Marrakech-Safi,Souk de Tahannaout,Épicerie,Informel,Souk de Tahannaout,31.3621024,-7.9266666,icons/greengrocer.png,OSM
Marrakech-Safi,Café Jnane Zaytoun,Café,Formel,Café Jnane Zaytoun,31.3704003,-7.9476702,icons/cafe.png,OSM
Marrakech-Safi,Kinderdorf Dar Bouidar,Restaurant,Formel,Kinderdorf Dar Bouidar,31.3634081,-7.9776862,icons/restaurant.png,OSM
Marrakech-Safi,Épicerie sans nom,Épicerie,Informel,Épicerie sans nom,32.050725,-9.340626,icons/greengrocer.png,OSM
Marrakech-Safi,Supérette / Mini-market sans nom,Supérette / Mini-market,Formel,Supérette / Mini-market sans nom,31.5477002,-7.6408958,icons/convenience.png,OSM
Marrakech-Safi,Cafe Atlas,Café,Formel,Cafe Atlas,31.547313,-7.6366714,icons/cafe.png,OSM
Marrakech-Safi,Supérette / Mini-market sans nom,Supérette / Mini-market,Formel,Supérette / Mini-market sans nom,31.629574,-7.9945066,icons/convenience.png,OSM
Marrakech-Safi,BIM Stores,Supermarché,Formel,Ramila avenue Fatima Ezzahra,31.6280302,-7.9939146,icons/supermarket.png,OSM
Marrakech-Safi,Chez Yassine,Restaurant,Formel,Avenue Fatima Zohra,31.6283693,-7.9940195,icons/restaurant.png,OSM
Marrakech-Safi,Restaurant sans nom,Restaurant,Formel,Restaurant sans nom,31.6287732,-7.9938861,icons/restaurant.png,OSM
Marrakech-Safi,Souk sebt,Épicerie,Informel,Souk sebt,31.6452105,-7.8557824,icons/greengrocer.png,OSM
Marrakech-Safi,Épicerie sans nom,Épicerie,Informel,Épicerie sans nom,31.5802284,-9.5385284,icons/greengrocer.png,OSM
Marrakech-Safi,السوق الأسبوعي الخميس,Épicerie,Informel,نزالة العظم,32.0973526,-7.9504865,icons/greengrocer.png,OSM
Marrakech-Safi,Aswak Assalam,Supermarché,Formel,Aswak Assalam,31.5245584,-9.7541636,icons/supermarket.png,OSM
Marrakech-Safi,KFC,Restaurant,Formel,KFC,31.623959,-7.9911796,icons/restaurant.png,OSM
Marrakech-Safi,Restaurant sans nom,Restaurant,Formel,Restaurant sans nom,31.623827,-7.9916281,icons/restaurant.png,OSM
Marrakech-Safi,O'Tacos,Restaurant,Formel,O'Tacos,31.6238473,-7.9915386,icons/restaurant.png,OSM
Marrakech-Safi,Mido,Restaurant,Formel,Mido,31.6238832,-7.9914356,icons/restaurant.png,OSM
Marrakech-Safi,Restaurant sans nom,Restaurant,Formel,Restaurant sans nom,31.6224793,-7.990404,icons/restaurant.png,OSM
Marrakech-Safi,Immim,Restaurant,Formel,Immim,31.6224846,-7.990762,icons/restaurant.png,OSM
Marrakech-Safi,Igloo,Café,Formel,Igloo,31.6227854,-7.9901561,icons/cafe.png,OSM
Marrakech-Safi,Restaurant UM6P,Restaurant,Formel,Benguerir ⴱⴰⵏⴳⵔⵉⵔ بن گرير,32.2180577,-7.9371848,icons/restaurant.png,OSM
Marrakech-Safi,Our guests,Café,Formel,Our guests,31.3310587,-9.7931485,icons/cafe.png,OSM
Marrakech-Safi,Restaurant sans nom,Restaurant,Formel,Restaurant sans nom,31.4955042,-9.7613575,icons/restaurant.png,OSM
Marrakech-Safi,Posto Gosto,Restaurant,Formel,Ben Guerir ابن جرير,32.2300554,-7.9391407,icons/restaurant.png,OSM
Marrakech-Safi,Épicerie sans nom,Épicerie,Informel,Épicerie sans nom,32.2199036,-7.8858764,icons/greengrocer.png,OSM
Marrakech-Safi,Food Market,Épicerie,Informel,Food Market,31.5630231,-7.6662606,icons/greengrocer.png,OSM
Marrakech-Safi,hysushi,Restaurant,Formel,"Rue el Imam Malik,, Marrakech",31.6343522,-8.007632,icons/restaurant.png,OSM
Marrakech-Safi,Restaurant sans nom,Restaurant,Formel,Restaurant sans nom,31.1567933,-7.9232492,icons/restaurant.png,OSM
Marrakech-Safi,Épicerie sans nom,Épicerie,Informel,Épicerie sans nom,32.0699403,-7.683889,icons/greengrocer.png,OSM
Marrakech-Safi,Marché au gros au poisson,Épicerie,Informel,Marché au gros au poisson,31.5902122,-8.0308415,icons/greengrocer.png,OSM
Marrakech-Safi,Coopérative Adrar,Épicerie,Informel,Coopérative Adrar,31.2370443,-8.2360728,icons/greengrocer.png,OSM
Marrakech-Safi,Parapharmacie sans nom,Parapharmacie,Formel,Parapharmacie sans nom,31.2254391,-8.2414504,icons/pharmacy.png,OSM
Marrakech-Safi,Restaurant sans nom,Restaurant,Formel,Restaurant sans nom,31.2265038,-8.2401147,icons/restaurant.png,OSM
Marrakech-Safi,Restaurant sans nom,Restaurant,Formel,Restaurant sans nom,31.170407,-8.9091477,icons/restaurant.png,OSM
Marrakech-Safi,Restaurant sans nom,Restaurant,Formel,Restaurant sans nom,31.3555712,-8.5029865,icons/restaurant.png,OSM
Marrakech-Safi,BİM,Supermarché,Formel,BİM,31.6188117,-7.9890444,icons/supermarket.png,OSM
Marrakech-Safi,Épicerie sans nom,Épicerie,Informel,Épicerie sans nom,31.2906056,-8.5870702,icons/greengrocer.png,OSM
Marrakech-Safi,Pharmacie Aquaparc,Parapharmacie,Formel,Pharmacie Aquaparc,31.4837634,-7.9001782,icons/pharmacy.png,OSM
Marrakech-Safi,Terrasse La Medersa,Restaurant,Formel,Terrasse La Medersa,31.6320864,-7.9859653,icons/restaurant.png,OSM
Marrakech-Safi,Restaurant sans nom,Restaurant,Formel,Restaurant sans nom,31.5788262,-7.984165,icons/restaurant.png,OSM
Marrakech-Safi,Tavlin,Restaurant,Formel,Tavlin,31.6307009,-7.9863051,icons/restaurant.png,OSM
Marrakech-Safi,Chouaid Azouy,Café,Formel,Chouaid Azouy,31.5522295,-7.9082725,icons/cafe.png,OSM
Marrakech-Safi,Supermarché sans nom,Supermarché,Formel,Supermarché sans nom,31.3771498,-8.017303,icons/supermarket.png,OSM
Marrakech-Safi,Café amir,Café,Formel,Café amir,31.4191438,-7.9520459,icons/cafe.png,OSM
Marrakech-Safi,مطعم المأكولات المغربية,Restaurant,Formel,مطعم المأكولات المغربية,31.6235302,-7.9816264,icons/restaurant.png,OSM
Marrakech-Safi,Souk de Tameslouht,Épicerie,Informel,Souk de Tameslouht,31.49764,-8.0998115,icons/greengrocer.png,OSM
Marrakech-Safi,Cafe Nakhil Loudaya,Café,Formel,Cafe Nakhil Loudaya,31.6288711,-8.2578185,icons/cafe.png,OSM
Marrakech-Safi,Abderrahim-pizza,Restaurant,Formel,Abderrahim-pizza,31.3644435,-7.9321445,icons/restaurant.png,OSM
Marrakech-Safi,Pharmacie Arset Banni صيدلية عرصة باني,Parapharmacie,Formel,"Rue El Cadi Ayad, Marrakech",31.624204,-7.9745418,icons/pharmacy.png,OSM
Marrakech-Safi,Pharmacie Elyamani صيدلية اليماني,Parapharmacie,Formel,Tamensourt,31.7642002,-8.1013635,icons/pharmacy.png,OSM
Marrakech-Safi,Carrefour Market,Supermarché,Formel,Carrefour Market,31.6353046,-8.0112659,icons/supermarket.png,OSM
Marrakech-Safi,Domino's,Restaurant,Formel,Domino's,31.6351366,-8.0109632,icons/restaurant.png,OSM
Marrakech-Safi,Burger King,Restaurant,Formel,Burger King,31.6348358,-8.0108937,icons/restaurant.png,OSM
Marrakech-Safi,Cappucino Café & Restaurant,Café,Formel,"Sidi Bouzid, Safi آسفي",32.3228356,-9.2582315,icons/cafe.png,OSM
Marrakech-Safi,Orangeraie,Restaurant,Formel,Orangeraie,31.5790761,-7.9843618,icons/restaurant.png,OSM
Marrakech-Safi,Épicerie sans nom,Épicerie,Informel,Épicerie sans nom,31.6325737,-8.1663752,icons/greengrocer.png,OSM
Marrakech-Safi,Épicerie sans nom,Épicerie,Informel,Épicerie sans nom,31.6316505,-8.1632377,icons/greengrocer.png,OSM
Marrakech-Safi,Souk Loudaya,Épicerie,Informel,Souk Loudaya,31.6350738,-8.2510257,icons/greengrocer.png,OSM
Marrakech-Safi,Café sans nom,Café,Formel,Café sans nom,31.3721369,-9.6790254,icons/cafe.png,OSM
Marrakech-Safi,Plaça de Jemaa El Fna,Épicerie,Informel,Marrakech ⵎⵕⵕⴰⴽⵛ مراكش,31.6249443,-7.9884135,icons/greengrocer.png,OSM
