Zone,Nom,Catégorie,Statut,Adresse,Latitude,Longitude,Image,Source
Fès-Meknès,Marjane,Supermarché,Formel,Meknès ⴰⵎⴽⵏⴰⵙ مكناس,33.8544972,-5.5809736,icons/supermarket.png,OSM
Fès-Meknès,Cafe Jnane Albadia,Restaurant,Formel,Cafe Jnane Albadia,33.9442935,-5.5680171,icons/restaurant.png,OSM
Fès-Meknès,Supermarché sans nom,Supermarché,Formel,Taza تازة,34.2256209,-4.0061987,icons/supermarket.png,OSM
Fès-Meknès,Restaurant sans nom,Restaurant,Formel,Restaurant sans nom,34.1459863,-4.0105932,icons/restaurant.png,OSM
Fès-Meknès,Restaurant sans nom,Restaurant,Formel,Restaurant sans nom,33.9652412,-5.0320592,icons/restaurant.png,OSM
Fès-Meknès,Restaurant sans nom,Restaurant,Formel,Restaurant sans nom,33.8554713,-4.8654251,icons/restaurant.png,OSM
Fès-Meknès,Supérette / Mini-market sans nom,Supérette / Mini-market,Formel,Supérette / Mini-market sans nom,33.65246,-5.0061702,icons/convenience.png,OSM
Fès-Meknès,sidi slimane,Café,Formel,av bir-anzarane,34.0714166,-5.5528482,icons/cafe.png,OSM
Fès-Meknès,Restaurant sans nom,Restaurant,Formel,Restaurant sans nom,33.895121,-5.562173,icons/restaurant.png,OSM
Fès-Meknès,Restaurant sans nom,Restaurant,Formel,Restaurant sans nom,33.4568329,-5.2386639,icons/restaurant.png,OSM
Fès-Meknès,Chez Rachid,Restaurant,Formel,Chez Rachid,34.0617191,-4.9835992,icons/restaurant.png,OSM
Fès-Meknès,Cafe & Boucherie Assalama,Restaurant,Formel,Cafe & Boucherie Assalama,34.4519184,-5.5068193,icons/restaurant.png,OSM
Fès-Meknès,Pharmacie Bounoua صيدلية بونوا,Parapharmacie,Formel,"Avenue Bir Anzarene شارع بئر أنزران, Meknès ⴰⵎⴽⵏⴰⵙ مكناس",33.8923247,-5.547768,icons/pharmacy.png,OSM
Fès-Meknès,Restaurant sans nom,Restaurant,Formel,Restaurant sans nom,33.7445004,-5.4768867,icons/restaurant.png,OSM
Fès-Meknès,Restaurant sans nom,Restaurant,Formel,Restaurant sans nom,33.4337601,-5.2047914,icons/restaurant.png,OSM
Fès-Meknès,Parapharmacie sans nom,Parapharmacie,Formel,Parapharmacie sans nom,34.4940638,-5.5119143,icons/pharmacy.png,OSM
Fès-Meknès,Riad el Borj,Restaurant,Formel,Riad el Borj,33.0108408,-5.6327033,icons/restaurant.png,OSM
Fès-Meknès,Pharmacie Al Watanya الصيدلية الوطنية,Parapharmacie,Formel,Meknès ⴰⵎⴽⵏⴰⵙ مكناس,33.8930667,-5.5562267,icons/pharmacy.png,OSM
Fès-Meknès,Pharmacie Chifaa,Parapharmacie,Formel,Pharmacie Chifaa,33.7596908,-5.4852995,icons/pharmacy.png,OSM
Fès-Meknès,Pharmacie Zouhair صيدلية زهير,Parapharmacie,Formel,Azrou ⴰⵣⵔⵓ أزرو,33.4386614,-5.2118456,icons/pharmacy.png,OSM
Fès-Meknès,Pharmacie Ousadden صيدلية أوسادن,Parapharmacie,Formel,Azrou أزرو,33.4417744,-5.2260459,icons/pharmacy.png,OSM
Fès-Meknès,Café sans nom,Café,Formel,Café sans nom,34.0604663,-4.9725795,icons/cafe.png,OSM
Fès-Meknès,Restaurant sans nom,Restaurant,Formel,Restaurant sans nom,33.3664957,-5.1505268,icons/restaurant.png,OSM
Fès-Meknès,Kessaria,Épicerie,Informel,Kessaria,34.0650207,-4.9743144,icons/greengrocer.png,OSM
Fès-Meknès,Café Ahl Fès,Café,Formel,Café Ahl Fès,34.0574046,-5.0312894,icons/cafe.png,OSM
Fès-Meknès,Café sans nom,Café,Formel,Café sans nom,34.3397783,-5.787488,icons/cafe.png,OSM
Fès-Meknès,Foody,Café,Formel,Foody,33.893644,-5.5661097,icons/cafe.png,OSM
Fès-Meknès,Scorpion du desert,Café,Formel,Scorpion du desert,34.0622496,-4.9821416,icons/cafe.png,OSM
Fès-Meknès,Boulangerie sans nom,Boulangerie,Formel,Boulangerie sans nom,33.8808924,-5.5799437,icons/bakery.png,OSM
Fès-Meknès,Restaurants,Restaurant,Formel,Restaurants,33.5393091,-5.1057721,icons/restaurant.png,OSM
Fès-Meknès,Chez Said,Restaurant,Formel,Chez Said,33.5261354,-5.1163997,icons/restaurant.png,OSM
Fès-Meknès,AUI Shop,Supérette / Mini-market,Formel,AUI Shop,33.5391234,-5.1062583,icons/convenience.png,OSM
Fès-Meknès,Cafeteria Newrest,Café,Formel,Cafeteria Newrest,33.5392749,-5.1060704,icons/cafe.png,OSM
Fès-Meknès,Restaurant Al-Akhawayn,Restaurant,Formel,Restaurant Al-Akhawayn,33.5256644,-5.1158846,icons/restaurant.png,OSM
Fès-Meknès,Boulangerie sans nom,Boulangerie,Formel,Boulangerie sans nom,33.525927,-5.1156773,icons/bakery.png,OSM
Fès-Meknès,Restaurant Chez Amal,Restaurant,Formel,Restaurant Chez Amal,33.5257643,-5.1161257,icons/restaurant.png,OSM
Fès-Meknès,Restaurant sans nom,Restaurant,Formel,Restaurant sans nom,33.5259343,-5.1158567,icons/restaurant.png,OSM
Fès-Meknès,Chicken Restaurant,Restaurant,Formel,Chicken Restaurant,33.5260765,-5.1156509,icons/restaurant.png,OSM
Fès-Meknès,Boulangerie sans nom,Boulangerie,Formel,Boulangerie sans nom,33.5293162,-5.1071559,icons/bakery.png,OSM
Fès-Meknès,La Paix,Restaurant,Formel,La Paix,33.528589,-5.1070631,icons/restaurant.png,OSM
Fès-Meknès,Café sans nom,Café,Formel,Café sans nom,34.447407,-5.5069253,icons/cafe.png,OSM
Fès-Meknès,Café El Waha,Café,Formel,rue Lalla Asmaa,34.0439607,-5.0039229,icons/cafe.png,OSM
Fès-Meknès,Café sans nom,Café,Formel,Café sans nom,34.2255137,-5.4757052,icons/cafe.png,OSM
Fès-Meknès,Café sans nom,Café,Formel,Café sans nom,34.052065,-5.2320168,icons/cafe.png,OSM
Fès-Meknès,Café sans nom,Café,Formel,Café sans nom,34.2230964,-4.0074694,icons/cafe.png,OSM
Fès-Meknès,Café Dghoughi,Café,Formel,Taza تازة,34.2258577,-4.007845,icons/cafe.png,OSM
Fès-Meknès,Restaurant sans nom,Restaurant,Formel,Restaurant sans nom,34.2233094,-4.0082475,icons/restaurant.png,OSM
Fès-Meknès,Les Deux Rives,Restaurant,Formel,Les Deux Rives,34.2237502,-4.0084014,icons/restaurant.png,OSM
Fès-Meknès,Café sans nom,Café,Formel,Café sans nom,34.2231898,-4.0079667,icons/cafe.png,OSM
Fès-Meknès,Snack Chez Amigos,Restaurant,Formel,Snack Chez Amigos,34.2234543,-4.0076748,icons/restaurant.png,OSM
Fès-Meknès,Patisserie Al-Ahram,Café,Formel,Patisserie Al-Ahram,34.22129,-4.0068587,icons/cafe.png,OSM
Fès-Meknès,Café sans nom,Café,Formel,Café sans nom,34.2235243,-4.00843,icons/cafe.png,OSM
Fès-Meknès,Café sans nom,Café,Formel,Café sans nom,34.2221514,-4.0080022,icons/cafe.png,OSM
Fès-Meknès,La laiterie centrale,Restaurant,Formel,La laiterie centrale,34.2231066,-4.0077896,icons/restaurant.png,OSM
Fès-Meknès,Café sans nom,Café,Formel,Café sans nom,34.2226254,-4.0089524,icons/cafe.png,OSM
Fès-Meknès,Cyber,Café,Formel,Cyber,34.2236716,-4.0084538,icons/cafe.png,OSM
Fès-Meknès,Forest,Restaurant,Formel,Forest,33.5290442,-5.1073719,icons/restaurant.png,OSM
Fès-Meknès,Restaurant Annour - Chez Hassan,Restaurant,Formel,Restaurant Annour - Chez Hassan,33.4370124,-5.2210309,icons/restaurant.png,OSM
Fès-Meknès,Supérette / Mini-market sans nom,Supérette / Mini-market,Formel,Supérette / Mini-market sans nom,34.1052567,-4.4535564,icons/convenience.png,OSM
Fès-Meknès,Supérette / Mini-market sans nom,Supérette / Mini-market,Formel,Supérette / Mini-market sans nom,34.1062783,-4.454742,icons/convenience.png,OSM
Fès-Meknès,Supérette / Mini-market sans nom,Supérette / Mini-market,Formel,Supérette / Mini-market sans nom,34.2850577,-4.6610859,icons/convenience.png,OSM
Fès-Meknès,Café sans nom,Café,Formel,Café sans nom,34.2863902,-4.6637382,icons/cafe.png,OSM
Fès-Meknès,Parapharmacie sans nom,Parapharmacie,Formel,Parapharmacie sans nom,34.2864909,-4.6631478,icons/pharmacy.png,OSM
Fès-Meknès,Café sans nom,Café,Formel,Café sans nom,34.2867417,-4.6632354,icons/cafe.png,OSM
Fès-Meknès,Supermarché Ait El Kadi Said,Supermarché,Formel,Jordani,34.0449051,-5.0046161,icons/supermarket.png,OSM
Fès-Meknès,Supérette / Mini-market sans nom,Supérette / Mini-market,Formel,Supérette / Mini-market sans nom,34.0455008,-5.0036719,icons/convenience.png,OSM
Fès-Meknès,McDonald's ماكدونالدز,Restaurant,Formel,فاس,34.0443717,-4.9960062,icons/restaurant.png,OSM
Fès-Meknès,La Renaissance,Café,Formel,La Renaissance,34.0380331,-4.9979805,icons/cafe.png,OSM
Fès-Meknès,Pharmacie Centrale الصيدلية المركزية,Parapharmacie,Formel,"Boulevard Mohamed V, Fès",34.036761,-4.9978456,icons/pharmacy.png,OSM
Fès-Meknès,Kirawane,Café,Formel,Kirawane,34.0440652,-5.0004026,icons/cafe.png,OSM
Fès-Meknès,Supérette / Mini-market sans nom,Supérette / Mini-market,Formel,Supérette / Mini-market sans nom,33.8329256,-5.567795,icons/convenience.png,OSM
Fès-Meknès,Aire de service Meknes,Café,Formel,Aire de service Meknes,33.8318207,-5.5711745,icons/cafe.png,OSM
Fès-Meknès,Supérette / Mini-market sans nom,Supérette / Mini-market,Formel,Supérette / Mini-market sans nom,33.8318967,-5.5711303,icons/convenience.png,OSM
Fès-Meknès,Aire de service Meknes,Restaurant,Formel,Aire de service Meknes,33.8327875,-5.5680257,icons/restaurant.png,OSM
Fès-Meknès,Épicerie sans nom,Épicerie,Informel,Épicerie sans nom,34.0292175,-4.9951313,icons/greengrocer.png,OSM
Fès-Meknès,Carrefour Market Label'Vie,Supermarché,Formel,Fès,34.0221396,-4.9976204,icons/supermarket.png,OSM
Fès-Meknès,Souk Ain hijaj,Épicerie,Informel,Fez,34.0256154,-4.9725203,icons/greengrocer.png,OSM
Fès-Meknès,Cafe Victorine,Café,Formel,Cafe Victorine,34.0351562,-4.9989564,icons/cafe.png,OSM
Fès-Meknès,Restaurant sans nom,Restaurant,Formel,Restaurant sans nom,34.0708601,-5.5523391,icons/restaurant.png,OSM
Fès-Meknès,Restaurant sans nom,Restaurant,Formel,Restaurant sans nom,34.1491844,-5.466061,icons/restaurant.png,OSM
Fès-Meknès,Café Clock,Restaurant,Formel,"Derb Magana, derb magana talaa kbira medina fes",34.0625611,-4.9832263,icons/restaurant.png,OSM
Fès-Meknès,L'Italien,Restaurant,Formel,"Av Omar Ibn Al Khattab شارع عمر ابن الخطاب, Fès فاس",34.0370687,-5.0139956,icons/restaurant.png,OSM
Fès-Meknès,Pizza Hut,Restaurant,Formel,Pizza Hut,33.8961331,-5.5547744,icons/restaurant.png,OSM
Fès-Meknès,Les Trois Boules d'Or,Restaurant,Formel,Les Trois Boules d'Or,34.0549965,-5.5211648,icons/restaurant.png,OSM
Fès-Meknès,Mezzanine,Restaurant,Formel,fes medina,34.0597569,-4.9884032,icons/restaurant.png,OSM
Fès-Meknès,Qaat Smen قاعة السمن,Épicerie,Informel,Fes Médina,34.0648647,-4.9806243,icons/greengrocer.png,OSM
Fès-Meknès,Souk el Henna,Épicerie,Informel,Fès,34.0654854,-4.9750793,icons/greengrocer.png,OSM
Fès-Meknès,Palais de Fès,Restaurant,Formel,fez medina,34.059973,-4.9719488,icons/restaurant.png,OSM
Fès-Meknès,Restaurant vesuvio,Restaurant,Formel,avenue des far 9 rue abi hayane taouhidi,34.0402405,-5.0077057,icons/restaurant.png,OSM
Fès-Meknès,Don Vitto,Restaurant,Formel,Don Vitto,34.0413429,-5.0072336,icons/restaurant.png,OSM
Fès-Meknès,Tannerie Ain Azliten,Épicerie,Informel,Fes Médina ain zleten,34.0656009,-4.9804437,icons/greengrocer.png,OSM
Fès-Meknès,Pharmacie Sakhra صيدلية الصخرة,Parapharmacie,Formel,Azrou ⴰⵣⵔⵓ أزرو,33.435806,-5.2202958,icons/pharmacy.png,OSM
Fès-Meknès,Restaurant sans nom,Restaurant,Formel,Restaurant sans nom,34.0666182,-4.9733978,icons/restaurant.png,OSM
Fès-Meknès,Café sans nom,Café,Formel,Café sans nom,34.0473145,-5.0055963,icons/cafe.png,OSM
Fès-Meknès,Pharmacie Filali صيدلية فيلالي,Parapharmacie,Formel,"AV Obaida ibn El Jarrah, Fès",34.0400364,-5.0057261,icons/pharmacy.png,OSM
Fès-Meknès,Carrefour كارفور,Supermarché,Formel,فاس,34.0471687,-4.9861108,icons/supermarket.png,OSM
Fès-Meknès,Burger King,Restaurant,Formel,Burger King,34.04576,-4.9945966,icons/restaurant.png,OSM
Fès-Meknès,Café sans nom,Café,Formel,Café sans nom,34.0572001,-5.5183326,icons/cafe.png,OSM
Fès-Meknès,Paris 2,Café,Formel,Paris 2,33.8598387,-5.5491096,icons/cafe.png,OSM
Fès-Meknès,Marché central,Épicerie,Informel,Marché central,33.9000955,-5.5508996,icons/greengrocer.png,OSM
Fès-Meknès,Le Relais de Paris,Restaurant,Formel,Oqba -Ibn Nafia,33.9037749,-5.5573463,icons/restaurant.png,OSM
Fès-Meknès,Cafe piscine,Café,Formel,Cafe piscine,34.3671688,-5.2091696,icons/cafe.png,OSM
Fès-Meknès,Supermarché sans nom,Supermarché,Formel,Supermarché sans nom,34.3665361,-5.20863,icons/supermarket.png,OSM
Fès-Meknès,Hanut,Supermarché,Formel,Hanut,34.3651544,-5.2107283,icons/supermarket.png,OSM
Fès-Meknès,Hanut,Supermarché,Formel,Hanut,34.3645588,-5.2106049,icons/supermarket.png,OSM
Fès-Meknès,Hanut,Supermarché,Formel,Hanut,34.3643924,-5.2095172,icons/supermarket.png,OSM
Fès-Meknès,Pâtisserie,Restaurant,Formel,Pâtisserie,34.3641952,-5.2112383,icons/restaurant.png,OSM
Fès-Meknès,Cafe Rotana,Café,Formel,Cafe Rotana,34.3683259,-5.2119156,icons/cafe.png,OSM
Fès-Meknès,Boucher,Restaurant,Formel,Boucher,34.3688794,-5.2117949,icons/restaurant.png,OSM
Fès-Meknès,Hanut,Supermarché,Formel,Hanut,34.3690789,-5.2119089,icons/supermarket.png,OSM
Fès-Meknès,Café sans nom,Café,Formel,Café sans nom,34.3685336,-5.2123404,icons/cafe.png,OSM
Fès-Meknès,stand de nouvelles,Kiosque,Informel,stand de nouvelles,34.3692648,-5.2122602,icons/kiosk.png,OSM
Fès-Meknès,Hanut,Supermarché,Formel,Hanut,34.36939,-5.2124961,icons/supermarket.png,OSM
Fès-Meknès,Hanut,Supermarché,Formel,Hanut,34.3685834,-5.2124383,icons/supermarket.png,OSM
Fès-Meknès,pharmacie,Supermarché,Formel,pharmacie,34.3686864,-5.2127776,icons/supermarket.png,OSM
Fès-Meknès,Hanut,Supermarché,Formel,Hanut,34.3566599,-5.2132336,icons/supermarket.png,OSM
Fès-Meknès,Restaurant sans nom,Restaurant,Formel,Restaurant sans nom,34.105195,-4.4537125,icons/restaurant.png,OSM
Fès-Meknès,Café sans nom,Café,Formel,Café sans nom,34.106492,-4.4548819,icons/cafe.png,OSM
Fès-Meknès,Restaurant sans nom,Restaurant,Formel,Restaurant sans nom,34.1063232,-4.4549999,icons/restaurant.png,OSM
Fès-Meknès,Café sans nom,Café,Formel,Café sans nom,34.1053282,-4.4537768,icons/cafe.png,OSM
Fès-Meknès,Aire de service Fes,Café,Formel,Aire de service Fes,33.9380324,-4.8985246,icons/cafe.png,OSM
Fès-Meknès,Restaurant sans nom,Restaurant,Formel,Restaurant sans nom,33.9364346,-4.8973391,icons/restaurant.png,OSM
Fès-Meknès,Supérette / Mini-market sans nom,Supérette / Mini-market,Formel,Supérette / Mini-market sans nom,33.9378635,-4.8986201,icons/convenience.png,OSM
Fès-Meknès,Restaurant sans nom,Restaurant,Formel,Restaurant sans nom,33.9379122,-4.8984335,icons/restaurant.png,OSM
Fès-Meknès,Supérette / Mini-market sans nom,Supérette / Mini-market,Formel,Supérette / Mini-market sans nom,33.936666,-4.8973284,icons/convenience.png,OSM
Fès-Meknès,Aire de service Fes,Café,Formel,Aire de service Fes,33.936537,-4.8974196,icons/cafe.png,OSM
Fès-Meknès,Cafe Jazirat Laila,Café,Formel,Cafe Jazirat Laila,34.0158041,-4.9701262,icons/cafe.png,OSM
Fès-Meknès,Platene,Restaurant,Formel,IFRANE,33.5258853,-5.1161498,icons/restaurant.png,OSM
Fès-Meknès,Pizza Hut,Restaurant,Formel,Pizza Hut,34.0450785,-4.9951537,icons/restaurant.png,OSM
Fès-Meknès,Épicerie sans nom,Épicerie,Informel,Épicerie sans nom,34.317895,-5.448873,icons/greengrocer.png,OSM
Fès-Meknès,La Maison Bleue,Restaurant,Formel,2 Place de L’Istiqlal,34.060642,-4.9818415,icons/restaurant.png,OSM
Fès-Meknès,marché de fruits et légumes,Épicerie,Informel,marché de fruits et légumes,33.8842093,-5.5771472,icons/greengrocer.png,OSM
Fès-Meknès,Café Ain safia,Café,Formel,Café Ain safia,33.8956712,-5.5568456,icons/cafe.png,OSM
Fès-Meknès,Épicerie sans nom,Épicerie,Informel,Épicerie sans nom,34.4961929,-5.4909328,icons/greengrocer.png,OSM
Fès-Meknès,Souk hebdo Mardi,Épicerie,Informel,Souk hebdo Mardi,33.3637362,-4.7297229,icons/greengrocer.png,OSM
Fès-Meknès,Épicerie sans nom,Épicerie,Informel,Épicerie sans nom,33.3642479,-4.730566,icons/greengrocer.png,OSM
Fès-Meknès,Pharmacie 2 Octobre صيدلية 2 أكتوبر,Parapharmacie,Formel,Boulemane بولمان,33.3678536,-4.7297178,icons/pharmacy.png,OSM
Fès-Meknès,Pharmacie Boulemane صيدلية بولمان,Parapharmacie,Formel,Boulemane بولمان,33.3659988,-4.7327166,icons/pharmacy.png,OSM
Fès-Meknès,Pharmacie Al Masjid صيدلية المسجد,Parapharmacie,Formel,El Hajeb الحاجب,33.693455,-5.3682214,icons/pharmacy.png,OSM
Fès-Meknès,Café sans nom,Café,Formel,Café sans nom,33.6882833,-5.3704071,icons/cafe.png,OSM
Fès-Meknès,café restaurant salle des fêtes ain khadem,Restaurant,Formel,café restaurant salle des fêtes ain khadem,33.6882788,-5.3707128,icons/restaurant.png,OSM
Fès-Meknès,Restaurant sans nom,Restaurant,Formel,Restaurant sans nom,33.6907293,-5.3904056,icons/restaurant.png,OSM
Fès-Meknès,Ksar Ayam Zamane,Café,Formel,Ksar Ayam Zamane,33.8677232,-5.5391267,icons/cafe.png,OSM
Fès-Meknès,Florence,Café,Formel,Florence,33.8631844,-5.576434,icons/cafe.png,OSM
Fès-Meknès,Rosalinda,Café,Formel,Rosalinda,33.8630594,-5.5769492,icons/cafe.png,OSM
Fès-Meknès,Rizana,Café,Formel,Rizana,33.8657303,-5.5762943,icons/cafe.png,OSM
Fès-Meknès,Pharmacie de la gare routière,Parapharmacie,Formel,Pharmacie de la gare routière,33.8915973,-5.5761883,icons/pharmacy.png,OSM
Fès-Meknès,Pharmacie Riad Salam صيدلية رياض السلام,Parapharmacie,Formel,Meknès,33.8861691,-5.5785565,icons/pharmacy.png,OSM
Fès-Meknès,Pharmacie Diour Salam صيدلية ديور السلام,Parapharmacie,Formel,Meknès,33.8846509,-5.5737053,icons/pharmacy.png,OSM
Fès-Meknès,Pharmacie Saada صيدلية السعادة,Parapharmacie,Formel,"Avenue Abdelkrim Al Khattabi شارع عبد الكريم الخطابي, Meknès ⴰⵎⴽⵏⴰⵙ مكناس",33.8820011,-5.5682182,icons/pharmacy.png,OSM
Fès-Meknès,Pharmacie Moulay Meliana صيدلية مولاي مليانة,Parapharmacie,Formel,Meknès,33.8840155,-5.5704707,icons/pharmacy.png,OSM
Fès-Meknès,Pharmacie Annasr صيدلية النصر,Parapharmacie,Formel,"Avenue Annasr شارع النصر, Meknès",33.8871508,-5.5762359,icons/pharmacy.png,OSM
Fès-Meknès,Pharmacie Ibn Rochd صيدلية بن رشد,Parapharmacie,Formel,Meknès,33.8819386,-5.5731861,icons/pharmacy.png,OSM
Fès-Meknès,Pharmacie Faris صيدلية فارس,Parapharmacie,Formel,Meknès,33.8895217,-5.5760072,icons/pharmacy.png,OSM
Fès-Meknès,bab elkhmiss,Café,Formel,bab elkhmiss,33.8905575,-5.5768498,icons/cafe.png,OSM
Fès-Meknès,Amina,Café,Formel,Amina,33.1572954,-5.565972,icons/cafe.png,OSM
Fès-Meknès,Parapharmacie sans nom,Parapharmacie,Formel,Parapharmacie sans nom,33.1669913,-5.5657319,icons/pharmacy.png,OSM
Fès-Meknès,Salon de Thé,Café,Formel,Salon de Thé,33.1695729,-5.5656321,icons/cafe.png,OSM
Fès-Meknès,Chamonix شاموني,Restaurant,Formel,إفران,33.5286179,-5.106321,icons/restaurant.png,OSM
Fès-Meknès,Le Master,Restaurant,Formel,Le Master,33.5286896,-5.107342,icons/restaurant.png,OSM
Fès-Meknès,Parapharmacie sans nom,Parapharmacie,Formel,Parapharmacie sans nom,33.5290758,-5.1072297,icons/pharmacy.png,OSM
Fès-Meknès,Akhawain,Supermarché,Formel,Akhawain,33.5289475,-5.107446,icons/supermarket.png,OSM
Fès-Meknès,Pharmacie Zahir صيدلية زاهير,Parapharmacie,Formel,"Hay Sidi Said, Lotissement Salam II, Extension 322, hay essalm 2, Meknès ⴰⵎⴽⵏⴰⵙ مكناس",33.8966302,-5.58734,icons/pharmacy.png,OSM
Fès-Meknès,Boule de Neige,Café,Formel,Boule de Neige,33.8993198,-5.5504492,icons/cafe.png,OSM
Fès-Meknès,Pharmacie Nouvelle الصيدلية الجديدة,Parapharmacie,Formel,"Avenue Hassan II شارع الحسن الثاني, Meknès",33.8991592,-5.5516749,icons/pharmacy.png,OSM
Fès-Meknès,L'as d Lys,Restaurant,Formel,"Rue de Ghana, Meknès",33.899194,-5.5502301,icons/restaurant.png,OSM
Fès-Meknès,Boulangerie sans nom,Boulangerie,Formel,Boulangerie sans nom,33.8955661,-5.5863665,icons/bakery.png,OSM
Fès-Meknès,Café sans nom,Café,Formel,Café sans nom,33.895578,-5.5869426,icons/cafe.png,OSM
Fès-Meknès,Café sans nom,Café,Formel,Café sans nom,33.896128,-5.5857327,icons/cafe.png,OSM
Fès-Meknès,Supérette / Mini-market sans nom,Supérette / Mini-market,Formel,Supérette / Mini-market sans nom,33.8960703,-5.5859148,icons/convenience.png,OSM
Fès-Meknès,Supérette / Mini-market sans nom,Supérette / Mini-market,Formel,Supérette / Mini-market sans nom,33.8964426,-5.586625,icons/convenience.png,OSM
Fès-Meknès,alwifak,Boulangerie,Formel,alwifak,33.8962017,-5.5800442,icons/bakery.png,OSM
Fès-Meknès,Café sans nom,Café,Formel,Café sans nom,33.8938631,-5.5829285,icons/cafe.png,OSM
Fès-Meknès,Supérette / Mini-market sans nom,Supérette / Mini-market,Formel,Supérette / Mini-market sans nom,33.8952783,-5.5875091,icons/convenience.png,OSM
Fès-Meknès,Supérette / Mini-market sans nom,Supérette / Mini-market,Formel,Supérette / Mini-market sans nom,33.8968252,-5.5878553,icons/convenience.png,OSM
Fès-Meknès,Pharmacie Hay Assalam صيدلية حي السلام,Parapharmacie,Formel,Meknès ⴰⵎⴽⵏⴰⵙ مكناس,33.8967791,-5.5831585,icons/pharmacy.png,OSM
Fès-Meknès,Boulangerie sans nom,Boulangerie,Formel,Boulangerie sans nom,33.8946589,-5.5828926,icons/bakery.png,OSM
Fès-Meknès,Supérette / Mini-market sans nom,Supérette / Mini-market,Formel,Supérette / Mini-market sans nom,33.8945112,-5.5829025,icons/convenience.png,OSM
Fès-Meknès,Pharmacie Injad صيدلية إنجاد,Parapharmacie,Formel,Meknès ⴰⵎⴽⵏⴰⵙ مكناس,33.894869,-5.5852147,icons/pharmacy.png,OSM
Fès-Meknès,Restaurant Nejjarine,Restaurant,Formel,Fes Médina 9 rue dermani nejjarine,34.0649167,-4.9760475,icons/restaurant.png,OSM
Fès-Meknès,abla,Café,Formel,abla,33.892233,-5.5758169,icons/cafe.png,OSM
Fès-Meknès,قهوة مي عيشة,Café,Formel,قهوة مي عيشة,33.8874577,-5.5766267,icons/cafe.png,OSM
Fès-Meknès,Boulangerie sans nom,Boulangerie,Formel,Boulangerie sans nom,33.8886805,-5.5707087,icons/bakery.png,OSM
Fès-Meknès,Café sans nom,Café,Formel,Café sans nom,33.8901116,-5.5947586,icons/cafe.png,OSM
Fès-Meknès,Boulangerie sans nom,Boulangerie,Formel,Boulangerie sans nom,33.8824061,-5.568864,icons/bakery.png,OSM
Fès-Meknès,Pharmacie Chorfas صيدلية الشرفاء,Parapharmacie,Formel,"Avenue Annasr شارع النصر, Meknès",33.8893735,-5.5791684,icons/pharmacy.png,OSM
Fès-Meknès,Café sans nom,Café,Formel,Café sans nom,33.8930923,-5.5645287,icons/cafe.png,OSM
Fès-Meknès,Pharmacie Cheikh El Kamel صيدلية الشيخ الكامل,Parapharmacie,Formel,Meknès,33.8973294,-5.5705045,icons/pharmacy.png,OSM
Fès-Meknès,Pharmacie Bab Rha صيدلية باب الرحى,Parapharmacie,Formel,Meknès ⴰⵎⴽⵏⴰⵙ مكناس,33.8915047,-5.5685459,icons/pharmacy.png,OSM
Fès-Meknès,Café Memory,Café,Formel,Avenue My Rachid Route de Sefrou Zohor 2 Lotis Iraki,34.0090671,-4.9791671,icons/cafe.png,OSM
Fès-Meknès,Pharmacie Rond Point Caméra صيدلية مدار كاميرا,Parapharmacie,Formel,"Avenue Mohammed V شارع محمد الخامس, Meknès ⴰⵎⴽⵏⴰⵙ مكناس",33.9003709,-5.5485678,icons/pharmacy.png,OSM
Fès-Meknès,Pharmacie Bab Khemis صيدلية باب الخميس,Parapharmacie,Formel,"Avenue Meknès شارع مكناس, Meknès",33.8906799,-5.5717236,icons/pharmacy.png,OSM
Fès-Meknès,Pharmacie de l'Atlas صيدلية الأطلس,Parapharmacie,Formel,"Avenue Abdelkrim Al Khattabi شارع عبد الكريم الخطابي, Meknès ⴰⵎⴽⵏⴰⵙ مكناس",33.8796088,-5.5640693,icons/pharmacy.png,OSM
Fès-Meknès,Pharmacie la Liberté صيدلية الحرية,Parapharmacie,Formel,"Avenue Abdellah Chefchaouni, Meknès ⴰⵎⴽⵏⴰⵙ مكناس",33.8853868,-5.5650738,icons/pharmacy.png,OSM
Fès-Meknès,Café Al Massae مقهى المساء,Café,Formel,Café Al Massae مقهى المساء,33.8613664,-5.5473164,icons/cafe.png,OSM
Fès-Meknès,Pharmacie Rcif صيدلية الرصيف,Parapharmacie,Formel,Fès,34.0607842,-4.9730652,icons/pharmacy.png,OSM
Fès-Meknès,Mecafe,Café,Formel,AZROU,33.4358334,-5.2200754,icons/cafe.png,OSM
Fès-Meknès,Restaurant Bilal,Restaurant,Formel,"Place Mohamed 5, Azrou ⴰⵣⵔⵓ أزرو",33.4356182,-5.2209815,icons/restaurant.png,OSM
Fès-Meknès,Café sans nom,Café,Formel,Café sans nom,33.759774,-5.4854268,icons/cafe.png,OSM
Fès-Meknès,Cafe de Pyramides,Café,Formel,Cafe de Pyramides,33.7594728,-5.4857769,icons/cafe.png,OSM
Fès-Meknès,Moulay Driss,Parapharmacie,Formel,Moulay Driss,34.0567743,-5.5228185,icons/pharmacy.png,OSM
Fès-Meknès,La VillaMek,Café,Formel,La VillaMek,33.8700598,-5.5800649,icons/cafe.png,OSM
Fès-Meknès,Ayour,Boulangerie,Formel,Ayour,33.8860345,-5.5782992,icons/bakery.png,OSM
Fès-Meknès,Restaurant Sekaya,Restaurant,Formel,Fes Médina,34.0643266,-4.9769673,icons/restaurant.png,OSM
Fès-Meknès,Café Berlin,Café,Formel,Café Berlin,33.9591152,-4.9929529,icons/cafe.png,OSM
Fès-Meknès,Restaurant sans nom,Restaurant,Formel,Restaurant sans nom,33.9591041,-4.9930615,icons/restaurant.png,OSM
Fès-Meknès,Pharmacie Al Afaq صيدلية الاًفاق,Parapharmacie,Formel,Meknès,33.8822274,-5.5761549,icons/pharmacy.png,OSM
Fès-Meknès,Café Salah,Café,Formel,Lot Fadwa BenSouda,34.017961,-5.0531319,icons/cafe.png,OSM
Fès-Meknès,Shahryar cafe,Café,Formel,Meknès,33.8989629,-5.5495651,icons/cafe.png,OSM
Fès-Meknès,Gambrinus,Restaurant,Formel,Meknès,33.9002718,-5.5504311,icons/restaurant.png,OSM
Fès-Meknès,Dar Tajine,Restaurant,Formel,"Derb Elghorba, Fez",34.0637333,-4.9759902,icons/restaurant.png,OSM
Fès-Meknès,مقشدة حي للا سكينة,Restaurant,Formel,Rue lalla soukaina,34.0189745,-5.025826,icons/restaurant.png,OSM
Fès-Meknès,Dias,Café,Formel,Dias,34.0187561,-5.0262161,icons/cafe.png,OSM
Fès-Meknès,Pharmacie Jamaa Soussi صيدلية جامع السوسي,Parapharmacie,Formel,Meknès,33.8804526,-5.5772401,icons/pharmacy.png,OSM
Fès-Meknès,Boulangerie sans nom,Boulangerie,Formel,Boulangerie sans nom,34.0627067,-4.9788471,icons/bakery.png,OSM
Fès-Meknès,le refuge,Café,Formel,Boulevard des F.A.R شارع الجيش الملكي,33.8987821,-5.514552,icons/cafe.png,OSM
Fès-Meknès,Pharmacie Ibn Sina صيدلية ابن سينا,Parapharmacie,Formel,"Avenue Rahal El Meskini, Meknès",33.8764963,-5.5664648,icons/pharmacy.png,OSM
Fès-Meknès,Pharmacie Riad Meknès صيدلية رياض مكناس,Parapharmacie,Formel,Meknès,33.8885918,-5.57312,icons/pharmacy.png,OSM
Fès-Meknès,Zohra,Restaurant,Formel,Zohra,34.0667605,-4.9730227,icons/restaurant.png,OSM
Fès-Meknès,Riad Andalib,Restaurant,Formel,fez medina,34.0605412,-4.972282,icons/restaurant.png,OSM
Fès-Meknès,café le chalet,Café,Formel,café le chalet,33.6862324,-5.3701298,icons/cafe.png,OSM
Fès-Meknès,café sésame,Café,Formel,café sésame,33.6932384,-5.3725857,icons/cafe.png,OSM
Fès-Meknès,Laiterie Ben hayoun,Café,Formel,Laiterie Ben hayoun,34.0108497,-4.9769303,icons/cafe.png,OSM
Fès-Meknès,Café Seqaya مقهى السقاية,Café,Formel,Café Seqaya مقهى السقاية,33.8219365,-4.8357512,icons/cafe.png,OSM
Fès-Meknès,Phoenix Cafe,Café,Formel,Phoenix Cafe,33.8962842,-5.5458638,icons/cafe.png,OSM
Fès-Meknès,Pharmacie L'Habitat صيدلية لابيطا,Parapharmacie,Formel,Sefrou ⵚⴼⵕⵓ صفرو,33.8323172,-4.837027,icons/pharmacy.png,OSM
Fès-Meknès,Café sans nom,Café,Formel,Café sans nom,34.2595111,-5.9241234,icons/cafe.png,OSM
Fès-Meknès,Supérette / Mini-market sans nom,Supérette / Mini-market,Formel,Supérette / Mini-market sans nom,34.2589983,-5.9204535,icons/convenience.png,OSM
Fès-Meknès,Pharmacie Du Gharb صيدلية الغرب,Parapharmacie,Formel,"Avenue Hassan II, Sidi Slimane ⵙⵉⴷⵉ ⵙⵍⵉⵎⴰⵏ سيدي سليمان",34.2599362,-5.9261144,icons/pharmacy.png,OSM
Fès-Meknès,Café sans nom,Café,Formel,Café sans nom,34.2648082,-5.9400186,icons/cafe.png,OSM
Fès-Meknès,Supérette / Mini-market sans nom,Supérette / Mini-market,Formel,Supérette / Mini-market sans nom,34.2590149,-5.8700431,icons/convenience.png,OSM
Fès-Meknès,Café Badr,Café,Formel,Café Badr,34.2595344,-5.9220263,icons/cafe.png,OSM
Fès-Meknès,Carrefour Market,Supermarché,Formel,Carrefour Market,34.2597497,-5.9219913,icons/supermarket.png,OSM
Fès-Meknès,Café sans nom,Café,Formel,Café sans nom,34.2595069,-5.9235512,icons/cafe.png,OSM
Fès-Meknès,Café El Watiq,Café,Formel,Café El Watiq,34.258836,-5.92172,icons/cafe.png,OSM
Fès-Meknès,café habib,Café,Formel,"735F+VRQ, Av. Hassan II, Sidi Slimane 14200, Maroc, Sidi Slimane",34.259751,-5.9222383,icons/cafe.png,OSM
Fès-Meknès,Bahat Al Istiraha,Café,Formel,Bahat Al Istiraha,34.2677541,-5.9718992,icons/cafe.png,OSM
Fès-Meknès,Marjane,Supermarché,Formel,Marjane,34.2618302,-5.9150836,icons/supermarket.png,OSM
Fès-Meknès,Café J. Maamoura,Café,Formel,Café J. Maamoura,34.2593794,-5.9236693,icons/cafe.png,OSM
Fès-Meknès,Pharmacie Lamrini صيدلية لمريني,Parapharmacie,Formel,"Avenue Hassan II, Sidi Slimane",34.2597583,-5.9223338,icons/pharmacy.png,OSM
Fès-Meknès,Supérette / Mini-market sans nom,Supérette / Mini-market,Formel,Supérette / Mini-market sans nom,34.2560195,-5.8643949,icons/convenience.png,OSM
Fès-Meknès,RH,Café,Formel,"735P+MH8, Sidi Slimane 14200, Maroc, Sidi Slimane",34.2598345,-5.9240915,icons/cafe.png,OSM
Fès-Meknès,Supérette / Mini-market sans nom,Supérette / Mini-market,Formel,Supérette / Mini-market sans nom,34.2590361,-5.9228913,icons/convenience.png,OSM
Fès-Meknès,Café sans nom,Café,Formel,Café sans nom,34.2590204,-5.921718,icons/cafe.png,OSM
Fès-Meknès,Bim,Supermarché,Formel,Bim,34.2629419,-5.9377024,icons/supermarket.png,OSM
Fès-Meknès,Supérette / Mini-market sans nom,Supérette / Mini-market,Formel,Supérette / Mini-market sans nom,34.2549253,-5.8639869,icons/convenience.png,OSM
Fès-Meknès,Café Didi,Café,Formel,Café Didi,34.2593836,-5.9107442,icons/cafe.png,OSM
Fès-Meknès,Café Rabab,Café,Formel,Café Rabab,34.2595033,-5.9227852,icons/cafe.png,OSM
Fès-Meknès,Café sans nom,Café,Formel,Café sans nom,34.2597287,-5.9278568,icons/cafe.png,OSM
Fès-Meknès,Café Veronica,Café,Formel,Café Veronica,33.8778949,-5.5609933,icons/cafe.png,OSM
Fès-Meknès,mimi,Café,Formel,mimi,33.8721984,-5.5766143,icons/cafe.png,OSM
Fès-Meknès,Pharmacie Zitoune صيدلية الزيتون,Parapharmacie,Formel,Meknès,33.8665647,-5.5524892,icons/pharmacy.png,OSM
Fès-Meknès,Zitouna الزيتونة,Café,Formel,Zitouna الزيتونة,33.7541793,-5.4835631,icons/cafe.png,OSM
Fès-Meknès,Supérette / Mini-market sans nom,Supérette / Mini-market,Formel,Supérette / Mini-market sans nom,34.4949806,-4.1503894,icons/convenience.png,OSM
Fès-Meknès,Épicerie Ghazal ⵜⴰⵃⴰⵏⵓⵜ ⵏ ⵖⴰⵣⴰⵍ بقالة غزال,Supérette / Mini-market,Formel,Épicerie Ghazal ⵜⴰⵃⴰⵏⵓⵜ ⵏ ⵖⴰⵣⴰⵍ بقالة غزال,33.5228618,-5.1213488,icons/convenience.png,OSM
Fès-Meknès,Café la Première Tasse,Café,Formel,Café la Première Tasse,34.0187237,-5.0494001,icons/cafe.png,OSM
Fès-Meknès,Café Annakhil,Café,Formel,Café Annakhil,33.7553524,-5.4840066,icons/cafe.png,OSM
Fès-Meknès,Cafe Opera,Boutique de confiserie,Informel,Avenue Mohammed V شارع محمد الخامس,33.9001072,-5.5479587,icons/confectionery.png,OSM
Fès-Meknès,Pharmacie Dior Jdad صيدلية ديور جداد,Parapharmacie,Formel,Meknès ⴰⵎⴽⵏⴰⵙ مكناس,33.8777404,-5.56055,icons/pharmacy.png,OSM
Fès-Meknès,Supérette / Mini-market sans nom,Supérette / Mini-market,Formel,Supérette / Mini-market sans nom,33.8570938,-5.5461892,icons/convenience.png,OSM
Fès-Meknès,farming chawni,Supermarché,Formel,farming chawni,33.7639367,-5.1293141,icons/supermarket.png,OSM
Fès-Meknès,cafe agdal مقهى أكدال,Café,Formel,cafe agdal مقهى أكدال,34.2592592,-5.913531,icons/cafe.png,OSM
Fès-Meknès,Cafe Moderne,Café,Formel,Cafe Moderne,33.8701071,-5.5592302,icons/cafe.png,OSM
Fès-Meknès,Supérette / Mini-market sans nom,Supérette / Mini-market,Formel,Supérette / Mini-market sans nom,33.8707383,-5.559622,icons/convenience.png,OSM
Fès-Meknès,BIM,Supérette / Mini-market,Formel,شارع عبد الكريم الخطابي,33.8708059,-5.5597117,icons/convenience.png,OSM
Fès-Meknès,Cafe La Perle du Meknes,Café,Formel,Cafe La Perle du Meknes,33.8704754,-5.5596855,icons/cafe.png,OSM
Fès-Meknès,Cafe Sibi,Café,Formel,Cafe Sibi,33.8697516,-5.5583871,icons/cafe.png,OSM
Fès-Meknès,"jaafer Iraqi, Asto جعفر العراقي,اسطو",Café,Formel,Rahal el meskini,33.8725637,-5.5619971,icons/cafe.png,OSM
Fès-Meknès,Chez Thami Restaurant,Restaurant,Formel,Chez Thami Restaurant,34.0616477,-4.9835522,icons/restaurant.png,OSM
Fès-Meknès,SELECT,Café,Formel,Avenue Allal Ben Abdellah شارع علال بن عبدالله,33.8999438,-5.548616,icons/cafe.png,OSM
Fès-Meknès,Chez Yazid,Café,Formel,Chez Yazid,34.0085165,-5.0278912,icons/cafe.png,OSM
Fès-Meknès,Café arrahma مقهى الرحمة,Café,Formel,Café arrahma مقهى الرحمة,34.0100338,-5.028054,icons/cafe.png,OSM
Fès-Meknès,Café Diamant de Amazon مقهى جوهرة الامازون,Café,Formel,Café Diamant de Amazon مقهى جوهرة الامازون,34.0082076,-5.0284889,icons/cafe.png,OSM
Fès-Meknès,Café paris مقهى باريس,Café,Formel,Café paris مقهى باريس,34.0080211,-5.0289725,icons/cafe.png,OSM
Fès-Meknès,Café my way مقهى ماي واي,Café,Formel,Café my way مقهى ماي واي,34.0078061,-5.0292899,icons/cafe.png,OSM
Fès-Meknès,Paul,Café,Formel,avenue allal benabdelah fes,34.0312118,-5.0087176,icons/cafe.png,OSM
Fès-Meknès,بيم,Supermarché,Formel,بيم,33.8913716,-5.5803651,icons/supermarket.png,OSM
Fès-Meknès,Pizzeria doigts d or بيزيريا الأصابع الدهبية,Restaurant,Formel,Pizzeria doigts d or بيزيريا الأصابع الدهبية,34.0062199,-4.9877735,icons/restaurant.png,OSM
Fès-Meknès,Kim Taki كيم طاكي,Restaurant,Formel,Kim Taki كيم طاكي,34.0184159,-4.9856684,icons/restaurant.png,OSM
Fès-Meknès,Café Vertona,Café,Formel,Café Vertona,34.0112049,-5.0228099,icons/cafe.png,OSM
Fès-Meknès,Riad Les Oudayas,Restaurant,Formel,"Rue el-Hamia, Fès",34.059842,-4.9781765,icons/restaurant.png,OSM
Fès-Meknès,Thami's restaurant,Restaurant,Formel,Thami's restaurant,34.0618008,-4.9832742,icons/restaurant.png,OSM
Fès-Meknès,Café Megador مقهى ميغاضور,Café,Formel,Café Megador مقهى ميغاضور,34.0069009,-5.0097547,icons/cafe.png,OSM
Fès-Meknès,Marché de légumes سوق خضراوات,Épicerie,Informel,Marché de légumes سوق خضراوات,34.0059674,-5.0085249,icons/greengrocer.png,OSM
Fès-Meknès,Café isly مقهى إسلي,Café,Formel,Café isly مقهى إسلي,33.8301796,-4.8315996,icons/cafe.png,OSM
Fès-Meknès,Pharmacie Slaoui صيدلية السلاوي,Parapharmacie,Formel,Sefrou,33.830207,-4.8314638,icons/pharmacy.png,OSM
Fès-Meknès,Pharmacie Errazi صيدلية الرازي,Parapharmacie,Formel,Sefrou ⵚⴼⵕⵓ صفرو,33.8328329,-4.8342858,icons/pharmacy.png,OSM
Fès-Meknès,Pharmacie et Laboratoire Bab Lamqam صيدلية و مختبر باب المقام,Parapharmacie,Formel,Sefrou ⵚⴼⵕⵓ صفرو,33.8313315,-4.8385051,icons/pharmacy.png,OSM
Fès-Meknès,Saint Louis,Café,Formel,Saint Louis,33.8952497,-5.5439693,icons/cafe.png,OSM
Fès-Meknès,Cafè les frère مقهى الاخوان,Café,Formel,Cafè les frère مقهى الاخوان,33.8921404,-5.5006104,icons/cafe.png,OSM
Fès-Meknès,Restaurant sans nom,Restaurant,Formel,Restaurant sans nom,33.8941524,-5.5655323,icons/restaurant.png,OSM
Fès-Meknès,Mimed's Club,Café,Formel,Avenue Nehrou شارع نهرو,33.8941368,-5.5404857,icons/cafe.png,OSM
Fès-Meknès,Restaurant sans nom,Restaurant,Formel,Restaurant sans nom,33.2950001,-5.4912515,icons/restaurant.png,OSM
Fès-Meknès,Restaurant Nagham cafe مقهى نغم,Restaurant,Formel,Place de Bab Boujloud,34.0613271,-4.9837951,icons/restaurant.png,OSM
Fès-Meknès,مقهى رامي امي,Café,Formel,مقهى رامي امي,34.0048669,-5.0451777,icons/cafe.png,OSM
Fès-Meknès,Dar Sabrina,Restaurant,Formel,Dar Sabrina,33.9022436,-5.5484292,icons/restaurant.png,OSM
Fès-Meknès,Al jazira الجزيرة,Restaurant,Formel,Al jazira الجزيرة,33.8740789,-5.5587126,icons/restaurant.png,OSM
Fès-Meknès,Supérette / Mini-market sans nom,Supérette / Mini-market,Formel,Supérette / Mini-market sans nom,34.0081716,-5.0302963,icons/convenience.png,OSM
Fès-Meknès,Pharmacie Irchad صيدلية إرشاد,Parapharmacie,Formel,"HAY AL WIFAQ RTE AIN SMAEN, Fès",34.0091704,-5.0299565,icons/pharmacy.png,OSM
Fès-Meknès,Supérette / Mini-market sans nom,Supérette / Mini-market,Formel,Supérette / Mini-market sans nom,34.0091735,-5.0300185,icons/convenience.png,OSM
Fès-Meknès,Cafe arij مقهى اريج,Café,Formel,Cafe arij مقهى اريج,33.9043109,-5.478784,icons/cafe.png,OSM
Fès-Meknès,Collier de la colombe طوق الحمامة,Restaurant,Formel,Collier de la colombe طوق الحمامة,33.8937899,-5.5605254,icons/restaurant.png,OSM
Fès-Meknès,Cafe barbados,Café,Formel,Cafe barbados,34.0079089,-4.9687312,icons/cafe.png,OSM
Fès-Meknès,Café Challenger,Café,Formel,Avenue My Rachid Route de Sefrou Zohor 2 Rue Barbados,34.0079646,-4.9782702,icons/cafe.png,OSM
Fès-Meknès,snack zamzam سناك زمزم,Café,Formel,snack zamzam سناك زمزم,34.0095845,-5.0256847,icons/cafe.png,OSM
Fès-Meknès,Restaurant Palais Terrab,Restaurant,Formel,Restaurant Palais Terrab,33.9020787,-5.5401168,icons/restaurant.png,OSM
Fès-Meknès,Café sans nom,Café,Formel,Café sans nom,34.0478827,-4.9961116,icons/cafe.png,OSM
Fès-Meknès,Great Wall of China Restaurant,Restaurant,Formel,Rue d'Arabie Saoudite,34.0411223,-5.0017159,icons/restaurant.png,OSM
Fès-Meknès,Hirae,Restaurant,Formel,Hirae,33.8974276,-5.5458864,icons/restaurant.png,OSM
Fès-Meknès,la Marguerite,Café,Formel,la Marguerite,33.8969902,-5.5475586,icons/cafe.png,OSM
Fès-Meknès,Blanco بلانكو,Café,Formel,Blanco بلانكو,34.0017439,-5.0106601,icons/cafe.png,OSM
Fès-Meknès,Pharmacie Basmati صيدلية بسمتي,Parapharmacie,Formel,"1227, HAY JDID- ZOUAGHA, Fès",34.0165709,-5.0335195,icons/pharmacy.png,OSM
Fès-Meknès,Zagora,Restaurant,Formel,5 BVD Mohamed V FES,34.0347608,-4.9969181,icons/restaurant.png,OSM
Fès-Meknès,Pharmacie Lablida صيدلية البليدة,Parapharmacie,Formel,"شوارة, Fès ⴼⴰⵙ فاس",34.0665469,-4.9713274,icons/pharmacy.png,OSM
Fès-Meknès,Restaurant ahl Fès مطعم أهل فاس,Restaurant,Formel,Fès,34.0613559,-5.0089846,icons/restaurant.png,OSM
Fès-Meknès,Café dima zen مقهى ديما زين,Café,Formel,Café dima zen مقهى ديما زين,34.0151976,-5.0207031,icons/cafe.png,OSM
Fès-Meknès,Pharmacie la Tulipe صيدلية لاتوليب,Parapharmacie,Formel,"طريق عين السمن Route Aïn Smenقامة بسم الله طريق عين السمن, Fès",34.0155439,-5.0204776,icons/pharmacy.png,OSM
Fès-Meknès,Cafe 5/5,Café,Formel,Avenue lalla Hasnae,34.045231,-4.9977661,icons/cafe.png,OSM
Fès-Meknès,Sabah,Café,Formel,Sabah,34.0465571,-4.9975204,icons/cafe.png,OSM
Fès-Meknès,Alimentation général,Supérette / Mini-market,Formel,Alimentation général,34.0443255,-4.9976618,icons/convenience.png,OSM
Fès-Meknès,Cafe mouritanie مقهى موريطانيا,Café,Formel,Cafe mouritanie مقهى موريطانيا,34.0436457,-4.9982275,icons/cafe.png,OSM
Fès-Meknès,Kiosque,Kiosque,Informel,Kiosque,34.0397409,-5.0012561,icons/kiosk.png,OSM
Fès-Meknès,Pharmacie de la Liberté صيدلية الحرية,Parapharmacie,Formel,"Place de la Résistance, Fès",34.0452085,-4.9969331,icons/pharmacy.png,OSM
Fès-Meknès,Café florance,Café,Formel,Avenue Hassan II,34.0426163,-4.9990291,icons/cafe.png,OSM
Fès-Meknès,Cafe lafiat,Café,Formel,Cafe lafiat,34.0443527,-4.9976522,icons/cafe.png,OSM
Fès-Meknès,Café Monte Carlo,Café,Formel,Avenue Hassan II,34.0433216,-4.9984497,icons/cafe.png,OSM
Fès-Meknès,Café Leonardos,Café,Formel,Café Leonardos,34.0449192,-4.9980087,icons/cafe.png,OSM
Fès-Meknès,Café Brasilia مقهى برازيليا Café Brasilia,Café,Formel,Avenue Hassan II,34.0446464,-4.9974143,icons/cafe.png,OSM
Fès-Meknès,Cass-croute,Restaurant,Formel,Avenue lalla Hasnae,34.0450971,-4.997662,icons/restaurant.png,OSM
Fès-Meknès,Casse-croute,Restaurant,Formel,rue Algerie,34.0397039,-5.0015857,icons/restaurant.png,OSM
Fès-Meknès,Cafe zagzouti مقهى الزكزوتي,Café,Formel,Avenue Hassan II,34.0440292,-4.9979382,icons/cafe.png,OSM
Fès-Meknès,Patisserie Boulangerie rosana,Boulangerie,Formel,Avenue Hassan II,34.0419845,-4.9994981,icons/bakery.png,OSM
Fès-Meknès,Café Riad,Café,Formel,Avenue Hassan II,34.0392789,-5.0016567,icons/cafe.png,OSM
Fès-Meknès,Supérette / Mini-market sans nom,Supérette / Mini-market,Formel,Supérette / Mini-market sans nom,34.0449253,-4.9981406,icons/convenience.png,OSM
Fès-Meknès,Café Belle Amore,Café,Formel,Avenue Hassan II,34.0387934,-5.002073,icons/cafe.png,OSM
Fès-Meknès,Pharmacie les Palmiers صيدلية النخيل,Parapharmacie,Formel,"Avenue Hassan II, Fés",34.0394593,-5.0015078,icons/pharmacy.png,OSM
Fès-Meknès,Pharmacie de France صيدلية فرنسا,Parapharmacie,Formel,"Avenue Hassan II, Fès",34.0429619,-4.9987649,icons/pharmacy.png,OSM
Fès-Meknès,Cafe Ampire,Café,Formel,Avenue Hassan II,34.0443037,-4.9976921,icons/cafe.png,OSM
Fès-Meknès,Café Regency,Café,Formel,Avenue Hassan II,34.0390636,-5.0018347,icons/cafe.png,OSM
Fès-Meknès,Café les palmier,Café,Formel,Avenue Hassan II,34.0395472,-5.0014278,icons/cafe.png,OSM
Fès-Meknès,Pharmacie l'Amitié صيدلية الصداقة,Parapharmacie,Formel,"RUE MED FASSI 221 HAY ADARISSA, Fés",34.014454,-5.0096513,icons/pharmacy.png,OSM
Fès-Meknès,Pharmacie Bouslikhane صيدلية بوسليخن,Parapharmacie,Formel,"LOT AL WIFAK AIN SMEN, Fés",34.0094085,-5.0261096,icons/pharmacy.png,OSM
Fès-Meknès,Pharmacie Acima صيدلية أسيما,Parapharmacie,Formel,"CENTRE COMMERCIAL ACIMA, Fès",34.0296079,-5.0105717,icons/pharmacy.png,OSM
Fès-Meknès,Restaurant sans nom,Restaurant,Formel,Avenue Hassan II,34.0436142,-4.9982609,icons/restaurant.png,OSM
Fès-Meknès,Café le pole,Café,Formel,Avenue Hassan II,34.0410661,-5.0002523,icons/cafe.png,OSM
Fès-Meknès,Café sans nom,Café,Formel,Avenue Hassan II,34.0406075,-5.000627,icons/cafe.png,OSM
Fès-Meknès,Tcheken international,Café,Formel,Avenue Hassan II,34.0389358,-5.0019766,icons/cafe.png,OSM
Fès-Meknès,Supérette / Mini-market sans nom,Supérette / Mini-market,Formel,Rue d'Arabie Saoudite,34.0411885,-5.0013425,icons/convenience.png,OSM
Fès-Meknès,Café sans nom,Café,Formel,Avenue Hassan II,34.0432273,-4.9985463,icons/cafe.png,OSM
Fès-Meknès,Café jawhara,Café,Formel,Rue d'Arabie Saoudite,34.0410556,-5.0011874,icons/cafe.png,OSM
Fès-Meknès,Café la fontaine مقهى الخصة,Café,Formel,Avenue Hassan II,34.0448807,-4.9973031,icons/cafe.png,OSM
Fès-Meknès,Cafe la suite,Café,Formel,lott hamza rte imouzzer fez,33.9932116,-4.9945937,icons/cafe.png,OSM
Fès-Meknès,Café Monza,Café,Formel,Avenue Moussa Ben Noussair,34.0590307,-5.0262732,icons/cafe.png,OSM
Fès-Meknès,Café Cinq Cinq,Café,Formel,rue N° 6,34.0550295,-5.0263432,icons/cafe.png,OSM
Fès-Meknès,Café Etoile El Hadika,Café,Formel,Café Etoile El Hadika,34.0580032,-5.0306155,icons/cafe.png,OSM
Fès-Meknès,ESTONIA,Café,Formel,ESTONIA,34.0062046,-4.9677366,icons/cafe.png,OSM
Fès-Meknès,Cafe miroire,Café,Formel,Avenue Allal Ben Abdallah,34.0339184,-5.004895,icons/cafe.png,OSM
Fès-Meknès,Café maki,Café,Formel,Avenue Allal Ben Abdallah,34.0337979,-5.0050427,icons/cafe.png,OSM
Fès-Meknès,Cafe Michael,Café,Formel,Cafe Michael,34.0443094,-4.9986524,icons/cafe.png,OSM
Fès-Meknès,Aroma espresso,Café,Formel,Avenue Hassan II,34.043054,-4.997697,icons/cafe.png,OSM
Fès-Meknès,Casse-croute,Café,Formel,Avenue Hassan II,34.0428409,-4.9978614,icons/cafe.png,OSM
Fès-Meknès,Café Dina مقهى دينا,Café,Formel,"Avenue Allal Ben Abdallah, Fès",34.0332688,-5.0054344,icons/cafe.png,OSM
Fès-Meknès,Café odragao,Café,Formel,Avenue Hassan II شارع الحسن الثاني,34.0427376,-4.9979552,icons/cafe.png,OSM
Fès-Meknès,Café Floria,Café,Formel,Avenue Hassan II,34.0425332,-4.9980943,icons/cafe.png,OSM
Fès-Meknès,Cafe nouvelles etoiles,Café,Formel,Cafe nouvelles etoiles,34.0439325,-4.9988189,icons/cafe.png,OSM
Fès-Meknès,Cafe Tunis,Café,Formel,Cafe Tunis,34.0439451,-4.9988415,icons/cafe.png,OSM
Fès-Meknès,Laitie,Restaurant,Formel,Laitie,34.0435541,-4.9984693,icons/restaurant.png,OSM
Fès-Meknès,Snack Lahcen,Restaurant,Formel,Rue Mohamed Jabli,34.0423845,-4.9979351,icons/restaurant.png,OSM
Fès-Meknès,Supermarché sans nom,Supermarché,Formel,Supermarché sans nom,34.0422706,-4.9976803,icons/supermarket.png,OSM
Fès-Meknès,Grillade soufiane,Restaurant,Formel,Grillade soufiane,34.044,-4.9992723,icons/restaurant.png,OSM
Fès-Meknès,Café La Menthe,Café,Formel,Rue Mohamed Jabli,34.0410249,-4.9977605,icons/cafe.png,OSM
Fès-Meknès,Cafe Le Carlton,Café,Formel,"Avenue Allal Ben Abdallah, Fès",34.0315349,-5.0073374,icons/cafe.png,OSM
Fès-Meknès,Héritier allal salmi,Restaurant,Formel,Héritier allal salmi,34.0437803,-4.9990633,icons/restaurant.png,OSM
Fès-Meknès,Pâtisserie mabrouka,Boulangerie,Formel,Rue Lakhdar Ghilane,34.0431279,-4.9972511,icons/bakery.png,OSM
Fès-Meknès,café Al Madar,Café,Formel,café Al Madar,34.0156436,-4.9745274,icons/cafe.png,OSM
Fès-Meknès,Pharmacie Echadli صيدلية الشادلي,Parapharmacie,Formel,"lotiss anbra S3 45fin rte ain smen fes, Fès",34.0078033,-5.0322131,icons/pharmacy.png,OSM
Fès-Meknès,alimentation général,Supérette / Mini-market,Formel,alimentation général,34.0433934,-4.9995648,icons/convenience.png,OSM
Fès-Meknès,Pharmacie Allal Ben Abdellah صيدلية علال بن عبد الله,Parapharmacie,Formel,"Avenue Allal Ben Abdallah, Fès",34.033564,-5.0069404,icons/pharmacy.png,OSM
Fès-Meknès,Café cocktail dream,Café,Formel,Avenue Allal Ben Abdallah,34.0341955,-5.005428,icons/cafe.png,OSM
Fès-Meknès,N k,Épicerie,Informel,Rue Lakhdar Ghilane,34.0421101,-4.9969644,icons/greengrocer.png,OSM
Fès-Meknès,Zahrat Fès,Café,Formel,Zahrat Fès,34.0434132,-4.9993329,icons/cafe.png,OSM
Fès-Meknès,Consult,Épicerie,Informel,Rue Lakhdar Ghilane,34.042126,-4.9971927,icons/greengrocer.png,OSM
Fès-Meknès,CTL,Épicerie,Informel,Rue Lakhdar Ghilane,34.042128,-4.9970841,icons/greengrocer.png,OSM
Fès-Meknès,Restaurant sans nom,Restaurant,Formel,Restaurant sans nom,33.8861356,-5.5692203,icons/restaurant.png,OSM
Fès-Meknès,Pharmacie du Maroc صيدلية المغرب,Parapharmacie,Formel,"BATHA, Fès",34.0604344,-4.9817913,icons/pharmacy.png,OSM
Fès-Meknès,Pharmacie la Criée صيدلية المزاد,Parapharmacie,Formel,"11 QUARTIER AL AMANE BENSOUDA, Fès",34.0005071,-5.0434417,icons/pharmacy.png,OSM
Fès-Meknès,Café Floria,Café,Formel,Rue Mohamed Jabli,34.0420127,-4.9988027,icons/cafe.png,OSM
Fès-Meknès,Bah jallon,Restaurant,Formel,Bah jallon,34.0429454,-5.000189,icons/restaurant.png,OSM
Fès-Meknès,Cafe les Ambassadeurs,Café,Formel,Cafe les Ambassadeurs,34.0427008,-5.0001182,icons/cafe.png,OSM
Fès-Meknès,Boutique de confiserie sans nom,Boutique de confiserie,Informel,Boutique de confiserie sans nom,34.0429059,-5.0001695,icons/confectionery.png,OSM
Fès-Meknès,Café Aswan,Café,Formel,"Avenue Allal Ben Abdallah, Fès",34.0351038,-5.0047198,icons/cafe.png,OSM
Fès-Meknès,Café la breva,Café,Formel,Avenue Allal Ben Abdallah,34.0353511,-5.0044977,icons/cafe.png,OSM
Fès-Meknès,Cafe naamane abyad,Café,Formel,Cafe naamane abyad,34.0432756,-5.0001109,icons/cafe.png,OSM
Fès-Meknès,Epicier et Tabac Rihanna chop,Supérette / Mini-market,Formel,Rue Lalla Amina,34.0356125,-5.0048562,icons/convenience.png,OSM
Fès-Meknès,Para pharmacie,Parapharmacie,Formel,Rue du 16 Novembre,34.0415005,-4.9974061,icons/pharmacy.png,OSM
Fès-Meknès,Grillade Lexssous,Restaurant,Formel,Rue du 16 Novembre,34.040901,-4.9974671,icons/restaurant.png,OSM
Fès-Meknès,Café Manara,Café,Formel,Rue Lakhdar Ghilane,34.0421379,-4.9974071,icons/cafe.png,OSM
Fès-Meknès,APM,Épicerie,Informel,Rue du 16 Novembre,34.041558,-4.9974184,icons/greengrocer.png,OSM
Fès-Meknès,Cremerie,Boutique de confiserie,Informel,Rue du 16 Novembre,34.041801,-4.9975081,icons/confectionery.png,OSM
Fès-Meknès,Snak Lahcen,Restaurant,Formel,Rue Mohamed Jabli,34.0416245,-4.9982745,icons/restaurant.png,OSM
Fès-Meknès,Fitraco,Épicerie,Informel,Rue Hassan Zegriti,34.0406254,-4.9975137,icons/greengrocer.png,OSM
Fès-Meknès,Crémier tajeddin,Café,Formel,Crémier tajeddin,34.0432825,-5.0004344,icons/cafe.png,OSM
Fès-Meknès,Epicier بقال,Supérette / Mini-market,Formel,Epicier بقال,34.0432668,-5.0004473,icons/convenience.png,OSM
Fès-Meknès,Supérette / Mini-market sans nom,Supérette / Mini-market,Formel,Supérette / Mini-market sans nom,34.0432336,-5.0004809,icons/convenience.png,OSM
Fès-Meknès,Cafe italie,Café,Formel,Cafe italie,34.0429991,-5.0004823,icons/cafe.png,OSM
Fès-Meknès,Casse croûte,Restaurant,Formel,Rue Hassan Zegriti,34.0404226,-4.9974698,icons/restaurant.png,OSM
Fès-Meknès,Café L'instant Asiatique,Café,Formel,Rue Lalla Amina,34.0354916,-5.0087281,icons/cafe.png,OSM
Fès-Meknès,Café-Restaurant Alessio,Restaurant,Formel,Rue Hassan Zegriti,34.0404283,-4.9972993,icons/restaurant.png,OSM
Fès-Meknès,Épicier,Épicerie,Informel,Rue Hassan Zegriti,34.040368,-4.9970809,icons/greengrocer.png,OSM
Fès-Meknès,Snack fich,Restaurant,Formel,Snack fich,34.0427808,-5.000837,icons/restaurant.png,OSM
Fès-Meknès,Cremerie,Café,Formel,Rue Hassan Zegriti,34.0403604,-4.9972962,icons/cafe.png,OSM
Fès-Meknès,Café Smart,Café,Formel,Rue du 16 Novembre,34.0403475,-4.9974028,icons/cafe.png,OSM
Fès-Meknès,Cafe Petite croute,Café,Formel,Cafe Petite croute,34.0426117,-5.0008014,icons/cafe.png,OSM
Fès-Meknès,Crémerie,Café,Formel,Crémerie,34.039384,-4.9988043,icons/cafe.png,OSM
Fès-Meknès,Café marignan,Café,Formel,Café marignan,34.0390921,-4.9987257,icons/cafe.png,OSM
Fès-Meknès,Épicier,Supérette / Mini-market,Formel,Rue du 16 Novembre,34.0399526,-4.9974242,icons/convenience.png,OSM
Fès-Meknès,Café sans nom,Café,Formel,Café sans nom,34.0391952,-4.9992276,icons/cafe.png,OSM
Fès-Meknès,Café oumnia,Café,Formel,Rue du 16 Novembre,34.0394189,-4.9973289,icons/cafe.png,OSM
Fès-Meknès,Ste Bouyachtat,Épicerie,Informel,Avenue Abdallah Chefchaouni,34.03974,-4.9970202,icons/greengrocer.png,OSM
Fès-Meknès,Casse croûte,Restaurant,Formel,Avenue Abdallah Chefchaouni,34.0398918,-4.9969305,icons/restaurant.png,OSM
Fès-Meknès,Crémier figuguia,Café,Formel,Crémier figuguia,34.042774,-4.9996772,icons/cafe.png,OSM
Fès-Meknès,mamounia,Café,Formel,mamounia,34.0395235,-4.9998228,icons/cafe.png,OSM
Fès-Meknès,Restant zakaria,Restaurant,Formel,Restant zakaria,34.0393687,-4.9996003,icons/restaurant.png,OSM
Fès-Meknès,Epicier بقال,Supérette / Mini-market,Formel,jamil ben maamar,34.0348625,-5.0076827,icons/convenience.png,OSM
Fès-Meknès,Resto Mexico,Café,Formel,rue Lalla Malika,34.0349032,-5.0077786,icons/cafe.png,OSM
Fès-Meknès,Eurent Comptable,Épicerie,Informel,Avenue Abdallah Chefchaouni,34.0398599,-4.9969583,icons/greengrocer.png,OSM
Fès-Meknès,Café Volubilis,Café,Formel,Avenue Abdallah Chefchaouni,34.0405583,-4.9966283,icons/cafe.png,OSM
Fès-Meknès,Café Mirador,Café,Formel,Avenue Abdallah Chefchaouni,34.0410919,-4.9966819,icons/cafe.png,OSM
Fès-Meknès,Cafe ahlan,Café,Formel,Cafe ahlan,34.0425468,-5.0015311,icons/cafe.png,OSM
Fès-Meknès,Café Espace FreeTime,Café,Formel,Avenue Abdallah Chefchaouni,34.0412349,-4.9966835,icons/cafe.png,OSM
Fès-Meknès,Alimentation général,Supérette / Mini-market,Formel,Alimentation général,34.0424893,-5.0014314,icons/convenience.png,OSM
Fès-Meknès,Épicier,Épicerie,Informel,Avenue Abdallah Chefchaouni,34.0417724,-4.9967038,icons/greengrocer.png,OSM
Fès-Meknès,Tipico Pizza,Café,Formel,rue Lalla Nezha,34.036744,-5.006388,icons/cafe.png,OSM
Fès-Meknès,Café Rock'nrrou,Café,Formel,rue Abi Chouaib Doukali,34.0368112,-5.0064871,icons/cafe.png,OSM
Fès-Meknès,Café restaurant du centre,Café,Formel,Café restaurant du centre,34.0388238,-4.998544,icons/cafe.png,OSM
Fès-Meknès,Épicier et Tabac,Supérette / Mini-market,Formel,rue Abi Chouaib Doukali,34.0371933,-5.0072539,icons/convenience.png,OSM
Fès-Meknès,Pharmacie Bahja صيدلية البهجة,Parapharmacie,Formel,"Boulevard Mohammed 5, Fès",34.0389152,-4.9986734,icons/pharmacy.png,OSM
Fès-Meknès,Épicier Et Tabac,Supérette / Mini-market,Formel,rue Lalla Nezha,34.036674,-5.0064224,icons/convenience.png,OSM
Fès-Meknès,Pharmacie de la Santé صيدلية الصحة,Parapharmacie,Formel,"Avenue Ismailia, Fès",34.0128456,-4.9854532,icons/pharmacy.png,OSM
Fès-Meknès,Pharmacie Idrissi صيدلية الإدريسي,Parapharmacie,Formel,"DEBUT HAY SAADA RTE AIN CHKEF, Fès",34.0267254,-5.0034341,icons/pharmacy.png,OSM
Fès-Meknès,Café la villa مقهى لافيلا,Café,Formel,Café la villa مقهى لافيلا,34.0261821,-5.0141193,icons/cafe.png,OSM
Fès-Meknès,La piscope,Restaurant,Formel,La piscope,34.0399333,-5.005807,icons/restaurant.png,OSM
Fès-Meknès,Pharmacie Debbagh صيدلية الدباغ,Parapharmacie,Formel,"Avenue OUBEIDA IBN JARRAH, Fès",34.0428163,-5.0038728,icons/pharmacy.png,OSM
Fès-Meknès,Café sans nom,Café,Formel,Avenue Abdallah Chefchaouni,34.0421387,-4.9967521,icons/cafe.png,OSM
Fès-Meknès,La villa,Café,Formel,La villa,34.0261672,-5.0140931,icons/cafe.png,OSM
Fès-Meknès,La Grilladière,Restaurant,Formel,"rue Lalla Aicha, 12 avenue moulay el kamal fez",34.0350959,-5.0090408,icons/restaurant.png,OSM
Fès-Meknès,Epicier بقال,Supérette / Mini-market,Formel,rue Abi Bakr Znaybar,34.0377608,-5.0062527,icons/convenience.png,OSM
Fès-Meknès,Café Istamboul,Café,Formel,Avenue Abdallah Chefchaouni,34.0422816,-4.9967407,icons/cafe.png,OSM
Fès-Meknès,Cofirad,Épicerie,Informel,Avenue Abdallah Chefchaouni,34.0423418,-4.9967616,icons/greengrocer.png,OSM
Fès-Meknès,Café al khattabi,Café,Formel,Café al khattabi,34.0384065,-4.9984672,icons/cafe.png,OSM
Fès-Meknès,Cafe restaurant Florence,Café,Formel,Cafe restaurant Florence,34.0418755,-5.0008142,icons/cafe.png,OSM
Fès-Meknès,Kiosque sans nom,Kiosque,Informel,Kiosque sans nom,34.0442728,-4.9968972,icons/kiosk.png,OSM
Fès-Meknès,Café baby alhara,Café,Formel,Avenue Abdallah Chefchaouni,34.0428191,-4.9965793,icons/cafe.png,OSM
Fès-Meknès,Café Palace,Café,Formel,Avenue Abdallah Chefchaouni,34.0430405,-4.9966058,icons/cafe.png,OSM
Fès-Meknès,Epicier tabac journaux,Kiosque,Informel,Epicier tabac journaux,34.04207,-5.001128,icons/kiosk.png,OSM
Fès-Meknès,Crouta saada,Restaurant,Formel,Crouta saada,34.0382853,-4.9987745,icons/restaurant.png,OSM
Fès-Meknès,Pharmacie et Laboratoire Al Amrani صيدلية و مختبر العمراني,Parapharmacie,Formel,"Avenue Lalla Meryem شارع للا مريم, Fès",34.0421156,-5.001262,icons/pharmacy.png,OSM
Fès-Meknès,Restaut moncif,Restaurant,Formel,Restaut moncif,34.0383167,-4.999223,icons/restaurant.png,OSM
Fès-Meknès,Bismillah,Restaurant,Formel,Bismillah,34.0385292,-4.9993,icons/restaurant.png,OSM
Fès-Meknès,Cafe la concorde,Café,Formel,Cafe la concorde,34.0421776,-5.0013265,icons/cafe.png,OSM
Fès-Meknès,Restaurant Adwak fes,Restaurant,Formel,Restaurant Adwak fes,34.0421617,-5.0012958,icons/restaurant.png,OSM
Fès-Meknès,Snak royal,Restaurant,Formel,Snak royal,34.0421864,-5.0013466,icons/restaurant.png,OSM
Fès-Meknès,Épicerie tabac,Supérette / Mini-market,Formel,Épicerie tabac,34.0385145,-4.9993414,icons/convenience.png,OSM
Fès-Meknès,Restaurant snack chichen_Maroc,Restaurant,Formel,Restaurant snack chichen_Maroc,34.0421683,-5.0013089,icons/restaurant.png,OSM
Fès-Meknès,Le Rocoin,Café,Formel,"IBN ROCHD, Fès",34.0347518,-5.0091162,icons/cafe.png,OSM
Fès-Meknès,Café,Café,Formel,rue Lalla Aicha,34.034841,-5.008877,icons/cafe.png,OSM
Fès-Meknès,Cafe wislane,Café,Formel,Cafe wislane,34.0424832,-5.0018799,icons/cafe.png,OSM
Fès-Meknès,Crémier Nice,Restaurant,Formel,Crémier Nice,34.0425251,-5.0019306,icons/restaurant.png,OSM
Fès-Meknès,Cafe la foire,Café,Formel,Cafe la foire,34.0425517,-5.0019834,icons/cafe.png,OSM
Fès-Meknès,Café O'Square,Café,Formel,rue Lalla Aicha,34.0343059,-5.008818,icons/cafe.png,OSM
Fès-Meknès,Dar Sidi Idir,Restaurant,Formel,Fes Médina,34.0649813,-4.9765344,icons/restaurant.png,OSM
Fès-Meknès,Patisserie Rosalie,Café,Formel,Avenue du Prince Heritier,34.0378885,-5.0073052,icons/cafe.png,OSM
Fès-Meknès,Épicier,Supérette / Mini-market,Formel,Avenue Abdallah Chefchaouni,34.0408995,-4.9964282,icons/convenience.png,OSM
Fès-Meknès,Dar Dmana Delices,Boulangerie,Formel,"rue Abi Chouaib Doukali, Fès",34.0367126,-5.0076598,icons/bakery.png,OSM
Fès-Meknès,Pharmacie Moulay El Kamel صيدلية مولاي الكامل,Parapharmacie,Formel,"Avenue du Prince Heritier champs de course, Fès",34.0365542,-5.0084996,icons/pharmacy.png,OSM
Fès-Meknès,Café jnan arraha,Café,Formel,Avenue Abdallah Chefchaouni,34.0406348,-4.9964246,icons/cafe.png,OSM
Fès-Meknès,Restaurant sans nom,Restaurant,Formel,IBN BADISS,34.0357144,-5.0079062,icons/restaurant.png,OSM
Fès-Meknès,Cremerie,Café,Formel,Avenue Abdallah Chefchaouni,34.0405185,-4.9964198,icons/cafe.png,OSM
Fès-Meknès,Epicier بقال,Supérette / Mini-market,Formel,Avenue du Prince Heritier,34.0324509,-5.012576,icons/convenience.png,OSM
Fès-Meknès,Pharmacie Mimousa صيدلية ميموزة,Parapharmacie,Formel,"20 AV . Prince Heritier, Fès فاس",34.0326314,-5.0123203,icons/pharmacy.png,OSM
Fès-Meknès,Snack al jawda,Restaurant,Formel,Snack al jawda,34.0392375,-5.000093,icons/restaurant.png,OSM
Fès-Meknès,Le bistro,Café,Formel,Le bistro,34.0393357,-4.9999877,icons/cafe.png,OSM
Fès-Meknès,Kiosque,Kiosque,Informel,Kiosque,34.0419744,-5.0005041,icons/kiosk.png,OSM
Fès-Meknès,Snak syrnos,Restaurant,Formel,Snak syrnos,34.0385466,-4.9994587,icons/restaurant.png,OSM
Fès-Meknès,La comédie,Café,Formel,La comédie,34.0416577,-5.0022764,icons/cafe.png,OSM
Fès-Meknès,Café syrnos,Café,Formel,Café syrnos,34.0383338,-4.9992051,icons/cafe.png,OSM
Fès-Meknès,Mini market bio,Supérette / Mini-market,Formel,Mini market bio,34.0382222,-4.9995962,icons/convenience.png,OSM
Fès-Meknès,Laiterie adoik fes,Café,Formel,"Rue du Soudan زنقة السودان, Fès",34.0426511,-5.0014557,icons/cafe.png,OSM
Fès-Meknès,Ahram cafe,Café,Formel,Ahram cafe,34.0427022,-5.0014201,icons/cafe.png,OSM
Fès-Meknès,Café Coin d'artiste,Café,Formel,Rue Allal Loudiyi,34.0408374,-4.9978285,icons/cafe.png,OSM
Fès-Meknès,La table du chef,Café,Formel,La table du chef,34.0386351,-5.003755,icons/cafe.png,OSM
Fès-Meknès,Casse croûte,Restaurant,Formel,Casse croûte,34.0391354,-5.003896,icons/restaurant.png,OSM
Fès-Meknès,La noce sarl,Restaurant,Formel,Rue Jarir,34.0312815,-5.0059746,icons/restaurant.png,OSM
Fès-Meknès,Malongo,Café,Formel,Rue Jarir,34.0310797,-5.0058099,icons/cafe.png,OSM
Fès-Meknès,L'as palace,Café,Formel,L'as palace,34.0416387,-5.0036772,icons/cafe.png,OSM
Fès-Meknès,Crémier cocktail,Café,Formel,Crémier cocktail,34.0421702,-5.0036035,icons/cafe.png,OSM
Fès-Meknès,Cafe Universal,Café,Formel,Ibno Batouta,34.0308564,-5.0054075,icons/cafe.png,OSM
Fès-Meknès,Pharmacie Zemmouri صيدلية الزموري,Parapharmacie,Formel,"RESIDENCE NAKHLA RTE AIN SMEN, Fès",34.0185021,-5.0190467,icons/pharmacy.png,OSM
Fès-Meknès,Snack Lmeghraoui,Restaurant,Formel,Snack Lmeghraoui,33.7337157,-5.009754,icons/restaurant.png,OSM
Fès-Meknès,Makhbaza Dmnati,Boulangerie,Formel,Makhbaza Dmnati,33.7350095,-5.0091182,icons/bakery.png,OSM
Fès-Meknès,Hanut Ain Sultan,Supérette / Mini-market,Formel,Hanut Ain Sultan,33.7224199,-5.0047631,icons/convenience.png,OSM
Fès-Meknès,Epicier بقال,Supérette / Mini-market,Formel,ibno badis,34.0362705,-5.0085745,icons/convenience.png,OSM
Fès-Meknès,Restaurant SUN REMO,Restaurant,Formel,Rue Jarir,34.0318516,-5.0057828,icons/restaurant.png,OSM
Fès-Meknès,Epicier بقال,Supérette / Mini-market,Formel,Rue Jarir,34.0315536,-5.0056726,icons/convenience.png,OSM
Fès-Meknès,Supérette / Mini-market sans nom,Supérette / Mini-market,Formel,Boulevard Abus Houriya,34.0174292,-4.9899363,icons/convenience.png,OSM
Fès-Meknès,Epicier بقال,Supérette / Mini-market,Formel,Rue Jarir,34.031868,-5.0047409,icons/convenience.png,OSM
Fès-Meknès,Maroc terroir Bio,Supermarché,Formel,Avenue Abdelali Benchekroun,34.0406817,-4.9979776,icons/supermarket.png,OSM
Fès-Meknès,Café club snac,Café,Formel,Rue Ahmed Chaouki,34.0304368,-5.0045863,icons/cafe.png,OSM
Fès-Meknès,MB Restaurant Lounge,Restaurant,Formel,Rue Ahmed Chaouki,34.0320367,-5.004426,icons/restaurant.png,OSM
Fès-Meknès,Pharmacie et Laboratoire El Karaouyine صيدلية و مختبر القرويين,Parapharmacie,Formel,"Bourmana derb kristiani, Fès",34.0210364,-4.9929013,icons/pharmacy.png,OSM
Fès-Meknès,Restaurant kai Tai,Restaurant,Formel,Rue Ahmed Chaouki,34.0323426,-5.0042876,icons/restaurant.png,OSM
Fès-Meknès,Café Himalaya,Café,Formel,Avenue Egypte,34.0440331,-5.0032491,icons/cafe.png,OSM
Fès-Meknès,Supermarché sans nom,Supermarché,Formel,Supermarché sans nom,34.0382784,-5.0002848,icons/supermarket.png,OSM
Fès-Meknès,Restaurant adil,Restaurant,Formel,Restaurant adil,34.0386419,-5.000554,icons/restaurant.png,OSM
Fès-Meknès,Café Agdal,Café,Formel,rue Lalla Asmaa,34.0439295,-5.0035938,icons/cafe.png,OSM
Fès-Meknès,Café Zalagh,Café,Formel,rue Lalla Asmaa,34.044141,-5.0037003,icons/cafe.png,OSM
Fès-Meknès,Le jazzy,Restaurant,Formel,Le jazzy,34.0379127,-5.0010026,icons/restaurant.png,OSM
Fès-Meknès,Restaurant La cheminée,Restaurant,Formel,rue Lalla Asmaa,34.0445027,-5.0038537,icons/restaurant.png,OSM
Fès-Meknès,Atlas Escale,Restaurant,Formel,Atlas Escale,33.7153722,-5.0114838,icons/restaurant.png,OSM
Fès-Meknès,Laitiere,Café,Formel,khalid ibn walid,34.0219601,-4.9937672,icons/cafe.png,OSM
Fès-Meknès,Restaurant Aladino,Restaurant,Formel,rue Lalla Asmaa,34.0446279,-5.0039264,icons/restaurant.png,OSM
Fès-Meknès,Pharmacie Jnane Fès صيدلية جنان فاس,Parapharmacie,Formel,"rue Akhtal ibn battouta, Fés",34.0304772,-5.0051309,icons/pharmacy.png,OSM
Fès-Meknès,Talent Mohammed et cts Epicier,Supérette / Mini-market,Formel,rue Lalla Asmaa,34.0448118,-5.0042528,icons/convenience.png,OSM
Fès-Meknès,M M Patisserie,Boulangerie,Formel,M M Patisserie,34.030796,-5.0077589,icons/bakery.png,OSM
Fès-Meknès,Pharmacie Oudghiri صيدلية الودغيري,Parapharmacie,Formel,"Rue Al Baroudi, Fès",34.030867,-5.0078186,icons/pharmacy.png,OSM
Fès-Meknès,Café Bilez,Café,Formel,hay kods,34.0308749,-5.00791,icons/cafe.png,OSM
Fès-Meknès,Café Sahara,Café,Formel,rue Lalla Asmaa,34.0438505,-5.0038734,icons/cafe.png,OSM
Fès-Meknès,Boulangerie Pâtisserie El Waha,Boulangerie,Formel,rue Lalla Asmaa,34.0439025,-5.0039015,icons/bakery.png,OSM
Fès-Meknès,Crémerie Khayrat,Café,Formel,rue Lalla Asmaa,34.0435284,-5.0036476,icons/cafe.png,OSM
Fès-Meknès,Café Cortoba,Café,Formel,rue Lalla Asmaa,34.0434654,-5.0036256,icons/cafe.png,OSM
Fès-Meknès,Café Opera,Café,Formel,rue Lalla Asmaa,34.0456027,-5.004732,icons/cafe.png,OSM
Fès-Meknès,Snack el Amal,Restaurant,Formel,rue Lalla Asmaa,34.045438,-5.0045732,icons/restaurant.png,OSM
Fès-Meknès,Supérette / Mini-market sans nom,Supérette / Mini-market,Formel,Supérette / Mini-market sans nom,34.0454771,-5.0045926,icons/convenience.png,OSM
Fès-Meknès,Café Walima,Café,Formel,rue Lalla Asmaa,34.0452766,-5.0044932,icons/cafe.png,OSM
Fès-Meknès,Café Friouato,Café,Formel,rue Lalla Asmaa,34.0449301,-5.0043258,icons/cafe.png,OSM
Fès-Meknès,Snack Said,Restaurant,Formel,rue Lalla Asmaa,34.0447645,-5.0042284,icons/restaurant.png,OSM
Fès-Meknès,Clubs Cafe Snack,Café,Formel,khalil matran,34.0318491,-5.0066733,icons/cafe.png,OSM
Fès-Meknès,Epicier بقال,Supérette / Mini-market,Formel,Rue Farazdak,34.0328457,-5.0051347,icons/convenience.png,OSM
Fès-Meknès,Divels Coffee pool,Café,Formel,Divels Coffee pool,34.0381983,-4.9991673,icons/cafe.png,OSM
Fès-Meknès,Zanzibar café,Café,Formel,Zanzibar café,34.0383862,-4.9984143,icons/cafe.png,OSM
Fès-Meknès,Café Ghizlane,Café,Formel,Avenue des Sports,34.0454854,-5.0039863,icons/cafe.png,OSM
Fès-Meknès,Restaurant sans nom,Restaurant,Formel,Avenue des Sports,34.0453708,-5.0039426,icons/restaurant.png,OSM
Fès-Meknès,Café Al Karam,Café,Formel,Avenue des Sports,34.0461862,-5.0030898,icons/cafe.png,OSM
Fès-Meknès,Café Coin Serein,Café,Formel,Avenue des Sports,34.0462661,-5.0027606,icons/cafe.png,OSM
Fès-Meknès,Café Atalis,Café,Formel,Avenue des Sports,34.0460456,-5.0033723,icons/cafe.png,OSM
Fès-Meknès,Cafe zahrat al jabal,Café,Formel,Cafe zahrat al jabal,34.0382171,-5.0052128,icons/cafe.png,OSM
Fès-Meknès,Café Ghizlane,Café,Formel,Avenue des Sports,34.045925,-5.0040192,icons/cafe.png,OSM
Fès-Meknès,Snack Cuisine Marocaine,Restaurant,Formel,Avenue des Sports,34.0459461,-5.0039564,icons/restaurant.png,OSM
Fès-Meknès,Bleu Babel,Café,Formel,Bleu Babel,34.0391259,-5.0068976,icons/cafe.png,OSM
Fès-Meknès,Supérette / Mini-market sans nom,Supérette / Mini-market,Formel,billal,34.0203793,-4.9936064,icons/convenience.png,OSM
Fès-Meknès,Café Central Parc مقهى الحديقة المركزية,Café,Formel,Avenue Abdallah Chefchaouni,34.038635,-4.9971388,icons/cafe.png,OSM
Fès-Meknès,De marisco,Restaurant,Formel,De marisco,34.0373099,-4.998025,icons/restaurant.png,OSM
Fès-Meknès,Supérette / Mini-market sans nom,Supérette / Mini-market,Formel,Supérette / Mini-market sans nom,34.0327832,-5.0050202,icons/convenience.png,OSM
Fès-Meknès,Pizzeria fassi food,Restaurant,Formel,Pizzeria fassi food,34.0373512,-4.9980398,icons/restaurant.png,OSM
Fès-Meknès,Épicerie tabac,Supérette / Mini-market,Formel,Épicerie tabac,34.0372518,-4.9979982,icons/convenience.png,OSM
Fès-Meknès,Café Palmiras,Café,Formel,Avenue Mohamed es Saoui,34.0383209,-4.9957469,icons/cafe.png,OSM
Fès-Meknès,Cremerie Malibu fruit,Café,Formel,Avenue Mohamed es Saoui,34.0383249,-4.995632,icons/cafe.png,OSM
Fès-Meknès,Pharmacie Assalama صيدلية السلامة,Parapharmacie,Formel,"Rue Jordani, Fès",34.0451989,-5.0029903,icons/pharmacy.png,OSM
Fès-Meknès,El Mansouri Mbarek Épicerie,Supérette / Mini-market,Formel,Rue des Etats-Unis,34.0453058,-5.0035387,icons/convenience.png,OSM
Fès-Meknès,Driss Machrouh et Nadia Zakri,Restaurant,Formel,Rue des Etats-Unis,34.0453942,-5.0035778,icons/restaurant.png,OSM
Fès-Meknès,Café sans nom,Café,Formel,Café sans nom,33.8979581,-5.580137,icons/cafe.png,OSM
Fès-Meknès,Supérette / Mini-market sans nom,Supérette / Mini-market,Formel,Rue Mohamed Jabli,34.0414292,-4.9978884,icons/convenience.png,OSM
Fès-Meknès,marché du grain رحبة الزرع,Épicerie,Informel,marché du grain رحبة الزرع,33.8948029,-5.5771797,icons/greengrocer.png,OSM
Fès-Meknès,fruits et légumes,Épicerie,Informel,fruits et légumes,33.894603,-5.5780813,icons/greengrocer.png,OSM
Fès-Meknès,Ahmed Moufakkir,Restaurant,Formel,rue Lalla Asmaa,34.044292,-5.0040164,icons/restaurant.png,OSM
Fès-Meknès,Cafe l'Avenue,Café,Formel,Cafe l'Avenue,34.0402927,-5.0090923,icons/cafe.png,OSM
Fès-Meknès,Anbra,Restaurant,Formel,rte imouzer,34.0198204,-4.9963124,icons/restaurant.png,OSM
Fès-Meknès,Pharmacie Route d'Immouzer صيدلية طريق إيموزار,Parapharmacie,Formel,"Avenue Roi Houssaine, Fès",34.0196299,-4.9959536,icons/pharmacy.png,OSM
Fès-Meknès,Café Happiness,Café,Formel,Avenue Lalla Hasnae,34.0456343,-5.0030196,icons/cafe.png,OSM
Fès-Meknès,Jus de Fruits Verginia,Café,Formel,Avenue Obaida Bnou El Jarrah,34.0423564,-5.0038167,icons/cafe.png,OSM
Fès-Meknès,Jus de fruits Copa Cabana,Café,Formel,Obaida Bnou El Jarrah,34.0422696,-5.0039198,icons/cafe.png,OSM
Fès-Meknès,Crémerie Palais,Café,Formel,Obaida Bnou El Jarrah,34.0421727,-5.0040229,icons/cafe.png,OSM
Fès-Meknès,El Houria Cocktail,Café,Formel,Obaida Bnou El Jarrah,34.0421387,-5.0040608,icons/cafe.png,OSM
Fès-Meknès,Cocktail Taiba,Café,Formel,Oubaida bnou el Jarrah,34.0420232,-5.0041727,icons/cafe.png,OSM
Fès-Meknès,Crémerie Hawaï,Café,Formel,Obaida Bnou El Jarrah,34.0419589,-5.0042313,icons/cafe.png,OSM
Fès-Meknès,Café Glacier Lydia,Café,Formel,Résidence El Houria,34.0415182,-5.0041945,icons/cafe.png,OSM
Fès-Meknès,Café Mamouchka,Café,Formel,Obaida Bnou El Jarrah,34.0415889,-5.0045642,icons/cafe.png,OSM
Fès-Meknès,Supérette / Mini-market sans nom,Supérette / Mini-market,Formel,Supérette / Mini-market sans nom,34.0396371,-5.009035,icons/convenience.png,OSM
Fès-Meknès,Pharmacie Balsam صيدلية بلسم,Parapharmacie,Formel,Meknès,33.8544211,-5.5278611,icons/pharmacy.png,OSM
Fès-Meknès,Pharmacie de Service صيدلية المصلحة,Parapharmacie,Formel,"Avenue Zitoune, Meknès",33.8665319,-5.5394188,icons/pharmacy.png,OSM
Fès-Meknès,Supérette / Mini-market sans nom,Supérette / Mini-market,Formel,Supérette / Mini-market sans nom,34.0397809,-5.0099411,icons/convenience.png,OSM
Fès-Meknès,Supérette / Mini-market sans nom,Supérette / Mini-market,Formel,Supérette / Mini-market sans nom,34.0387398,-5.0077748,icons/convenience.png,OSM
Fès-Meknès,Café Misbah,Café,Formel,Obaida Bnou El Jarrah,34.0421006,-5.0044182,icons/cafe.png,OSM
Fès-Meknès,Supérette / Mini-market sans nom,Supérette / Mini-market,Formel,Supérette / Mini-market sans nom,34.0263134,-4.9947952,icons/convenience.png,OSM
Fès-Meknès,Épicier Ait Bella Mohammed,Supérette / Mini-market,Formel,Obaida Bnou El Jarrah,34.0420284,-5.0044746,icons/convenience.png,OSM
Fès-Meknès,Restaurant Le Consul,Restaurant,Formel,Obaida Bnou El Jarrah,34.0418726,-5.0045915,icons/restaurant.png,OSM
Fès-Meknès,Café restaurant Le paname palace,Café,Formel,Avenue Mohamed es Saoui,34.0384378,-4.995229,icons/cafe.png,OSM
Fès-Meknès,Parapharmacie,Parapharmacie,Formel,"Avenue Lissan-Edine Ibn Al-Khatib, Fès",34.02563,-4.9954797,icons/pharmacy.png,OSM
Fès-Meknès,Pharmacie de l'Hôpital صيدلية المستشفى,Parapharmacie,Formel,"Rue Mohammed Diouri زنقة محمد الديوري, Fès",34.0392486,-4.9936096,icons/pharmacy.png,OSM
Fès-Meknès,Épicier Moderne Slimani,Supérette / Mini-market,Formel,Obaida Bnou El Jarrah,34.0414375,-5.0049523,icons/convenience.png,OSM
Fès-Meknès,Légumier et Epicier Hjira,Épicerie,Informel,Obaida Bnou El Jarrah,34.0413192,-5.0050305,icons/greengrocer.png,OSM
Fès-Meknès,restaurant Aladino,Restaurant,Formel,restaurant Aladino,33.8963161,-5.5545521,icons/restaurant.png,OSM
Fès-Meknès,Légumier Zriuki,Épicerie,Informel,Obaida Bnou El Jarrah,34.0411812,-5.0051343,icons/greengrocer.png,OSM
Fès-Meknès,Café L'Empereur,Café,Formel,Avenue Mohamed es Saoui,34.0403405,-4.9941212,icons/cafe.png,OSM
Fès-Meknès,Restaurant Rico's Sandwich,Restaurant,Formel,Obaida Bnou El Jarrah,34.0409938,-5.0052404,icons/restaurant.png,OSM
Fès-Meknès,Épicier Mikou,Supérette / Mini-market,Formel,Obaida Bnou El Jarrah,34.0410756,-5.0052303,icons/convenience.png,OSM
Fès-Meknès,Rincon,Restaurant,Formel,Rincon,34.0402767,-5.0094237,icons/restaurant.png,OSM
Fès-Meknès,Épicier Dalaa,Supérette / Mini-market,Formel,Obaida Bnou El Jarrah,34.0404073,-5.0057047,icons/convenience.png,OSM
Fès-Meknès,Cafe Cesar,Café,Formel,Cafe Cesar,34.040224,-5.009455,icons/cafe.png,OSM
Fès-Meknès,Cafe amaklne,Café,Formel,Cafe amaklne,34.040194,-5.0094728,icons/cafe.png,OSM
Fès-Meknès,Restaurant Luigi,Restaurant,Formel,6 rue hassine ibn tabite fés,34.0389485,-5.0099257,icons/restaurant.png,OSM
Fès-Meknès,Café Sbens,Café,Formel,Rue Mohammed Diouri,34.0416608,-4.9951,icons/cafe.png,OSM
Fès-Meknès,Supérette / Mini-market sans nom,Supérette / Mini-market,Formel,Supérette / Mini-market sans nom,34.0264904,-4.9955214,icons/convenience.png,OSM
Fès-Meknès,Ogriola,Restaurant,Formel,Boulevard Moulay Hicham,34.0265102,-4.9954322,icons/restaurant.png,OSM
Fès-Meknès,Cafe la lune,Café,Formel,Cafe la lune,34.0386756,-5.0096806,icons/cafe.png,OSM
Fès-Meknès,Deutsch Cuisines,Restaurant,Formel,Deutsch Cuisines,34.0387811,-5.0103233,icons/restaurant.png,OSM
Fès-Meknès,Café  Bar Dalila,Café,Formel,Boulevard Mohammed V شارع محمد الخامس,34.0395525,-4.9988846,icons/cafe.png,OSM
Fès-Meknès,Café Étoile de Fes,Café,Formel,Rue Mohammed Diouri,34.0412302,-4.9947278,icons/cafe.png,OSM
Fès-Meknès,Gelateria Roma,Café,Formel,Gelateria Roma,34.038694,-5.0099066,icons/cafe.png,OSM
Fès-Meknès,Restaurant Caminitto,Restaurant,Formel,Obaida Bnou El Jarrah,34.0401337,-5.0056571,icons/restaurant.png,OSM
Fès-Meknès,Supérette,Supérette / Mini-market,Formel,Supérette,34.0407849,-4.9952089,icons/convenience.png,OSM
Fès-Meknès,Supérette / Mini-market sans nom,Supérette / Mini-market,Formel,Supérette / Mini-market sans nom,34.0403238,-4.995158,icons/convenience.png,OSM
Fès-Meknès,Chickandy,Restaurant,Formel,Obaida Bnou El Jarrah,34.0398823,-5.0058558,icons/restaurant.png,OSM
Fès-Meknès,Café Jawharat,Café,Formel,Rue Mohammed Diouri,34.0404816,-4.9950993,icons/cafe.png,OSM
Fès-Meknès,Pizza Midway,Restaurant,Formel,Obaida Bnou El Jarrah,34.0398383,-5.0058847,icons/restaurant.png,OSM
Fès-Meknès,Les Pêcheurs,Restaurant,Formel,Obaida Bnou El Jarrah,34.0397745,-5.0059311,icons/restaurant.png,OSM
Fès-Meknès,Café Flamingo,Café,Formel,Obaida Bnou El Jarrah,34.0395141,-5.0062636,icons/cafe.png,OSM
Fès-Meknès,Kiosque,Kiosque,Informel,Kiosque,34.0436766,-4.9962866,icons/kiosk.png,OSM
Fès-Meknès,Kiosque,Kiosque,Informel,Avenue Abdallah Chefchaouni,34.0440898,-4.9967302,icons/kiosk.png,OSM
Fès-Meknès,Épicier Otekni Houcine,Supérette / Mini-market,Formel,Av. Abi Bakr Essedik,34.040746,-5.0080495,icons/convenience.png,OSM
Fès-Meknès,Café Buenas,Café,Formel,Av. Abi Bakr Essedik,34.0408806,-5.0079454,icons/cafe.png,OSM
Fès-Meknès,Épicier Nadifi Abdellah,Supérette / Mini-market,Formel,Av. Abi Bakr Essedik,34.041465,-5.0072748,icons/convenience.png,OSM
Fès-Meknès,Café Salmane,Café,Formel,Av. Abi Bakr Essedik,34.0415729,-5.0071801,icons/cafe.png,OSM
Fès-Meknès,Four Abdelouahed Sadouk,Boulangerie,Formel,Av. Abi Bakr Essedik,34.0416547,-5.0071106,icons/bakery.png,OSM
Fès-Meknès,Supérette / Mini-market sans nom,Supérette / Mini-market,Formel,Supérette / Mini-market sans nom,34.0396033,-5.010476,icons/convenience.png,OSM
Fès-Meknès,Epicerie et Tabac,Supérette / Mini-market,Formel,Rue Lalla Amina,34.0353524,-5.0062422,icons/convenience.png,OSM
Fès-Meknès,Café Oued Dahab,Café,Formel,Av. Abi Bakr Essedik,34.0419497,-5.0069859,icons/cafe.png,OSM
Fès-Meknès,Café sans nom,Café,Formel,Avenue Abdelali Benchekroun,34.0408722,-4.9983233,icons/cafe.png,OSM
Fès-Meknès,Café Top Town,Café,Formel,Av. Abi Bakr Essedik,34.0425172,-5.0065474,icons/cafe.png,OSM
Fès-Meknès,Laitiere Alej Aadimatik,Café,Formel,Av. Abi Bakr Essedik,34.0426279,-5.0064511,icons/cafe.png,OSM
Fès-Meknès,Café Sémiramis Tachi Mohammed,Café,Formel,Av. Abi Bakr Essedik,34.0435219,-5.0057069,icons/cafe.png,OSM
Fès-Meknès,Laitiere Lamkadem Mbarek,Café,Formel,Av. Abi Bakr Essedik,34.0441785,-5.0055512,icons/cafe.png,OSM
Fès-Meknès,Restaurant Économique Nachit Massaoud,Restaurant,Formel,Av. Abi Bakr Essedik,34.0449853,-5.0053801,icons/restaurant.png,OSM
Fès-Meknès,Hassani Mustapha et Driss,Restaurant,Formel,Av. Abi Bakr Essedik,34.0447566,-5.0054348,icons/restaurant.png,OSM
Fès-Meknès,Snack Fath Driss Dabir,Restaurant,Formel,Av. Abi Bakr Essedik,34.0450552,-5.0053825,icons/restaurant.png,OSM
Fès-Meknès,Laitiere Khayrate,Café,Formel,Av. Abi Bakr Essedik,34.0454422,-5.0053043,icons/cafe.png,OSM
Fès-Meknès,Café Jaouda,Café,Formel,Av. Abi Bakr Essedik,34.0452924,-5.0053474,icons/cafe.png,OSM
Fès-Meknès,Pharmacie Abou Ali صيدلية أبو علي,Parapharmacie,Formel,Meknès ⴰⵎⴽⵏⴰⵙ مكناس,33.88043,-5.581542,icons/pharmacy.png,OSM
Fès-Meknès,Pharmacie Safae صيدلية صفاء,Parapharmacie,Formel,Meknès,33.878929,-5.5743548,icons/pharmacy.png,OSM
Fès-Meknès,Agora café,Café,Formel,Boulevard Moulay Rachid,34.0195846,-4.9871055,icons/cafe.png,OSM
Fès-Meknès,Épicier El Mokadem Mbarek,Supérette / Mini-market,Formel,Av. Abi Bakr Essedik,34.0439595,-5.0057989,icons/convenience.png,OSM
Fès-Meknès,Snack Hayani,Restaurant,Formel,Av. Abi Bakr Essedik,34.0436981,-5.0059184,icons/restaurant.png,OSM
Fès-Meknès,Crémerie al ikram,Café,Formel,Crémerie al ikram,34.0346122,-4.9975675,icons/cafe.png,OSM
Fès-Meknès,Casse croûte,Restaurant,Formel,Avenue Abdelali Benchekroun,34.0402976,-4.9980312,icons/restaurant.png,OSM
Fès-Meknès,Crémerie Classico,Café,Formel,Av. Abi Bakr Essedik,34.0413347,-5.0078308,icons/cafe.png,OSM
Fès-Meknès,Snack chehiwat Amine,Restaurant,Formel,Avenue Abdelali Benchekroun,34.0398148,-4.9981881,icons/restaurant.png,OSM
Fès-Meknès,Supérette / Mini-market sans nom,Supérette / Mini-market,Formel,Supérette / Mini-market sans nom,34.0397973,-4.9982552,icons/convenience.png,OSM
Fès-Meknès,Crémerie Faissal,Café,Formel,Av. Abi Bakr Essedik,34.040593,-5.0083755,icons/cafe.png,OSM
Fès-Meknès,Café Nil,Café,Formel,Av. Abi Bakr Essedik,34.0403211,-5.0085876,icons/cafe.png,OSM
Fès-Meknès,Boulangerie Pâtisserie Chhiouate Fes,Boulangerie,Formel,Av. Abi Bakr Essedik,34.0403816,-5.0085481,icons/bakery.png,OSM
Fès-Meknès,Pharmacie Moulay Driss صيدلية مولاي ادريس,Parapharmacie,Formel,"lot kenza chapm course, Fès",34.0336413,-5.0189835,icons/pharmacy.png,OSM
Fès-Meknès,Restaurant wong,Restaurant,Formel,"Av Omar Ibn Al Khattab, lotissement kenza champs de courses fez",34.0338111,-5.0185804,icons/restaurant.png,OSM
Fès-Meknès,Cremerie Lahcica,Café,Formel,Av Omar Ibn Al Khattab,34.0322702,-5.021166,icons/cafe.png,OSM
Fès-Meknès,Café Rajae,Café,Formel,Av Omar Ibn Al Khattab,34.0318148,-5.0218106,icons/cafe.png,OSM
Fès-Meknès,Supérette / Mini-market sans nom,Supérette / Mini-market,Formel,Supérette / Mini-market sans nom,34.0300409,-5.0227752,icons/convenience.png,OSM
Fès-Meknès,Supérette / Mini-market sans nom,Supérette / Mini-market,Formel,Supérette / Mini-market sans nom,34.0322129,-5.021267,icons/convenience.png,OSM
Fès-Meknès,Restaurant Taslit,Restaurant,Formel,Av Omar Ibn Al Khattab,34.0331428,-5.0193414,icons/restaurant.png,OSM
Fès-Meknès,Cremerie le Palais,Café,Formel,Av Omar Ibn Al Khattab,34.0318985,-5.0216927,icons/cafe.png,OSM
Fès-Meknès,Pharmacie le Palais صيدلية القصر,Parapharmacie,Formel,"HAY TARIK A COTE PALAIS SANABIL, Fès",34.0307431,-5.0229027,icons/pharmacy.png,OSM
Fès-Meknès,Cremerie Venerdie,Café,Formel,Av Omar Ibn Al Khattab,34.0296347,-5.0228106,icons/cafe.png,OSM
Fès-Meknès,Hjira hamza grillade,Restaurant,Formel,Hjira hamza grillade,34.0424883,-5.0020395,icons/restaurant.png,OSM
Fès-Meknès,Supérette / Mini-market sans nom,Supérette / Mini-market,Formel,Supérette / Mini-market sans nom,34.0424513,-5.0019911,icons/convenience.png,OSM
Fès-Meknès,Supérette / Mini-market sans nom,Supérette / Mini-market,Formel,Supérette / Mini-market sans nom,34.0332462,-5.0195152,icons/convenience.png,OSM
Fès-Meknès,Venizia restaurant,Café,Formel,Venizia restaurant,34.0422072,-5.0013872,icons/cafe.png,OSM
Fès-Meknès,Supérette / Mini-market sans nom,Supérette / Mini-market,Formel,Supérette / Mini-market sans nom,34.0292063,-5.023728,icons/convenience.png,OSM
Fès-Meknès,Café Miami,Café,Formel,Tarik 1 Rte Ben Souda,34.0290389,-5.0241749,icons/cafe.png,OSM
Fès-Meknès,Snack casse croûte,Restaurant,Formel,Avenue Abdelali Benchekroun,34.039791,-4.9980553,icons/restaurant.png,OSM
Fès-Meknès,Casse croute,Restaurant,Formel,Tarik 1 Rte Bensouda,34.0284677,-5.0252317,icons/restaurant.png,OSM
Fès-Meknès,Casse croûte Oliverdi,Restaurant,Formel,Avenue Abdelali Benchekroun,34.0391701,-4.9981933,icons/restaurant.png,OSM
Fès-Meknès,Laitière,Café,Formel,Avenue Abdelali Benchekroun,34.0390914,-4.9984439,icons/cafe.png,OSM
Fès-Meknès,Café L' Alliance,Café,Formel,Tarik 1 Rte Bensouda,34.0283412,-5.0254385,icons/cafe.png,OSM
Fès-Meknès,Café Caraibi,Café,Formel,Tarik 1 Rte Bensouda,34.0282637,-5.025535,icons/cafe.png,OSM
Fès-Meknès,Patisserie Venezia,Boulangerie,Formel,Tarik 2 ROUTE BENDAOUDE,34.0288719,-5.0243381,icons/bakery.png,OSM
Fès-Meknès,Supérette / Mini-market sans nom,Supérette / Mini-market,Formel,Supérette / Mini-market sans nom,34.0289379,-5.0242291,icons/convenience.png,OSM
Fès-Meknès,Casse croute,Restaurant,Formel,Tarik 2 ROUTE BENDAOUDE,34.0290312,-5.023983,icons/restaurant.png,OSM
Fès-Meknès,Cremerie Bismillah,Café,Formel,Tarik 2 ROUTE BENDAOUDE,34.0290589,-5.0238301,icons/cafe.png,OSM
Fès-Meknès,Café marhaba,Café,Formel,Café marhaba,34.0396976,-4.9987508,icons/cafe.png,OSM
Fès-Meknès,Café Le Myrthe,Café,Formel,Jordani,34.0447693,-5.0043645,icons/cafe.png,OSM
Fès-Meknès,Crémerie lhaj thami,Café,Formel,Crémerie lhaj thami,34.039296,-4.9985922,icons/cafe.png,OSM
Fès-Meknès,Café Stella,Café,Formel,Jordani,34.0446021,-5.0048658,icons/cafe.png,OSM
Fès-Meknès,Supérette / Mini-market sans nom,Supérette / Mini-market,Formel,Supérette / Mini-market sans nom,34.0445716,-5.0051759,icons/convenience.png,OSM
Fès-Meknès,Snack économique Taleb El Hajar et El Hachmi Alouane,Restaurant,Formel,Jordani,34.0445338,-5.0052728,icons/restaurant.png,OSM
Fès-Meknès,Café Iceberg Berg,Café,Formel,Café Iceberg Berg,34.0387117,-5.0037316,icons/cafe.png,OSM
Fès-Meknès,Café bouquet,Café,Formel,Café bouquet,34.0393193,-5.0039147,icons/cafe.png,OSM
Fès-Meknès,Miami dolphin,Boulangerie,Formel,Avenue Mohammed V شارع محمد الخامس,33.899505,-5.5463656,icons/bakery.png,OSM
Fès-Meknès,Bazar,Épicerie,Informel,Avenue Abdallah Chefchaouni,34.0383253,-4.9977876,icons/greengrocer.png,OSM
Fès-Meknès,Restaurant sans nom,Restaurant,Formel,Avenue Abdallah Chefchaouni,34.0382962,-4.9977956,icons/restaurant.png,OSM
Fès-Meknès,Café sans nom,Café,Formel,AIT FRIGOU,33.3839936,-4.829802,icons/cafe.png,OSM
Fès-Meknès,Café Yassmine مقهى ياسمين,Café,Formel,Café Yassmine مقهى ياسمين,34.0237598,-5.0059838,icons/cafe.png,OSM
Fès-Meknès,Café Zahrat Tghat,Café,Formel,Café Zahrat Tghat,34.0515537,-5.0356274,icons/cafe.png,OSM
Fès-Meknès,Café Regina,Café,Formel,Café Regina,34.0518687,-5.0357371,icons/cafe.png,OSM
Fès-Meknès,Oum Al Kheir,Boutique de confiserie,Informel,Oum Al Kheir,34.0576283,-5.0260334,icons/confectionery.png,OSM
Fès-Meknès,Café Cybelle Palace,Café,Formel,Café Cybelle Palace,34.053883,-5.0262709,icons/cafe.png,OSM
Fès-Meknès,Al Hadika,Boutique de confiserie,Informel,Al Hadika,34.0565748,-5.0297395,icons/confectionery.png,OSM
Fès-Meknès,Bouanane بوعنان,Café,Formel,Bouanane بوعنان,34.0247923,-5.0045267,icons/cafe.png,OSM
Fès-Meknès,Snack restaurant XIII,Restaurant,Formel,Snack restaurant XIII,34.0248474,-5.0046557,icons/restaurant.png,OSM
Fès-Meknès,Pharmacie Nouzha صيدلية النزهة,Parapharmacie,Formel,"Route Ain Chkef, Fés",34.0117154,-5.0108792,icons/pharmacy.png,OSM
Fès-Meknès,Journal tabac,Kiosque,Informel,Journal tabac,34.0383881,-4.998201,icons/kiosk.png,OSM
Fès-Meknès,Café glory,Café,Formel,Café glory,34.0384796,-4.9977428,icons/cafe.png,OSM
Fès-Meknès,Relax pub,Restaurant,Formel,Avenue Mohamed es Saoui,34.0376819,-4.9989486,icons/restaurant.png,OSM
Fès-Meknès,Legumier,Épicerie,Informel,Med Abdelaziz Lhbabi,34.0291004,-5.0240971,icons/greengrocer.png,OSM
Fès-Meknès,V fruit sec,Épicerie,Informel,Med Abdelaziz Lhbabi,34.0291418,-5.0241062,icons/greengrocer.png,OSM
Fès-Meknès,Café Amiga,Café,Formel,Café Amiga,34.0413747,-5.0025106,icons/cafe.png,OSM
Fès-Meknès,Café Tour D' argent ave,Café,Formel,Avenue Mohamed es Saoui,34.037604,-4.9993597,icons/cafe.png,OSM
Fès-Meknès,V. Olives,Épicerie,Informel,Med Abdelaziz Lhbabi,34.029754,-5.0241399,icons/greengrocer.png,OSM
Fès-Meknès,Supérette / Mini-market sans nom,Supérette / Mini-market,Formel,Supérette / Mini-market sans nom,34.0300024,-5.0241342,icons/convenience.png,OSM
Fès-Meknès,V. Tabac et journaux,Kiosque,Informel,Avenue Mohamed es Saoui,34.0374616,-5.0003183,icons/kiosk.png,OSM
Fès-Meknès,Legumier,Épicerie,Informel,Med Abdelaziz Lhbabi,34.030471,-5.0241146,icons/greengrocer.png,OSM
Fès-Meknès,Supérette / Mini-market sans nom,Supérette / Mini-market,Formel,Supérette / Mini-market sans nom,34.0391604,-4.9985524,icons/convenience.png,OSM
Fès-Meknès,Pâtisserie la renaissance,Café,Formel,Pâtisserie la renaissance,34.0390809,-4.998529,icons/cafe.png,OSM
Fès-Meknès,Pharmacie El Fath صيدلية الفتح,Parapharmacie,Formel,"Avenue Mohamed Es Slaoui, Fès",34.0374402,-5.0003795,icons/pharmacy.png,OSM
Fès-Meknès,Pharmacie la Croix Verte صيدلية لاكروا فيرت,Parapharmacie,Formel,"Boulevard Mohammed V شارع محمد الخامس, BV MOHAMED 5",34.0385288,-4.9981613,icons/pharmacy.png,OSM
Fès-Meknès,Cafe la momie,Café,Formel,Cafe la momie,34.0398004,-5.0075077,icons/cafe.png,OSM
Fès-Meknès,Restaurant Pizzeria la Mamia,Restaurant,Formel,Restaurant Pizzeria la Mamia,34.0425193,-5.0002556,icons/restaurant.png,OSM
Fès-Meknès,Casse croute,Restaurant,Formel,Casse croute,34.0427485,-4.9996346,icons/restaurant.png,OSM
Fès-Meknès,Supérette / Mini-market sans nom,Supérette / Mini-market,Formel,Supérette / Mini-market sans nom,34.0403069,-5.0110112,icons/convenience.png,OSM
Fès-Meknès,Cafe soussi,Café,Formel,Cafe soussi,34.043275,-4.9994468,icons/cafe.png,OSM
Fès-Meknès,Café Reda,Café,Formel,Café Reda,34.013439,-4.9712301,icons/cafe.png,OSM
Fès-Meknès,Palamera,Restaurant,Formel,Palamera,34.013479,-4.9711299,icons/restaurant.png,OSM
Fès-Meknès,Pharmacie Marjane صيدلية مرجان,Parapharmacie,Formel,"SUPER MARCHE MARJANE, Fès",34.0492382,-5.0355052,icons/pharmacy.png,OSM
Fès-Meknès,Perfecto,Café,Formel,Perfecto,34.0494421,-5.0350459,icons/cafe.png,OSM
Fès-Meknès,Fassia Home Made,Boulangerie,Formel,Avenue Abi Naïm,34.0432909,-5.0046219,icons/bakery.png,OSM
Fès-Meknès,Épicier Brahim El Mokadem 1,Supérette / Mini-market,Formel,Avenue Abi Naïm,34.0435308,-5.005091,icons/convenience.png,OSM
Fès-Meknès,Chez Abdessamad,Épicerie,Informel,Avenue Abi Naïm,34.0436158,-5.0049768,icons/greengrocer.png,OSM
Fès-Meknès,Épicier Abdelhadi Ben Hassan,Supérette / Mini-market,Formel,Avenue Abi Naïm,34.0433682,-5.0047617,icons/convenience.png,OSM
Fès-Meknès,Casse-croûte et Café Trio's,Restaurant,Formel,Avenue Abi Naïm,34.0436302,-5.0052826,icons/restaurant.png,OSM
Fès-Meknès,Snack Anass Tazi 1,Restaurant,Formel,Avenue Abi Naïm,34.043752,-5.0052812,icons/restaurant.png,OSM
Fès-Meknès,Café Lixus,Café,Formel,Abou Obaida Bnou El Jarrah,34.0426913,-5.0039766,icons/cafe.png,OSM
Fès-Meknès,Pâtisserie La Girondine Rajae El Youbi,Boulangerie,Formel,Avenue Abi Naïm,34.0435695,-5.0051462,icons/bakery.png,OSM
Fès-Meknès,Pharmacie Al Ichrak صيدلية الإشراق,Parapharmacie,Formel,"367 AHMED BALAFEJ ADARISSA, Fès",34.0167606,-5.0109578,icons/pharmacy.png,OSM
Fès-Meknès,Snack Rosa,Restaurant,Formel,Med Abdelaziz Lhbabi,34.0312484,-5.0240486,icons/restaurant.png,OSM
Fès-Meknès,Café le votre,Café,Formel,Café le votre,34.03764,-4.9977703,icons/cafe.png,OSM
Fès-Meknès,Café saiss,Café,Formel,Café saiss,34.0374653,-4.9977373,icons/cafe.png,OSM
Fès-Meknès,Cafe abir palace,Café,Formel,Cafe abir palace,34.0399117,-5.0083587,icons/cafe.png,OSM
Fès-Meknès,Pharmacie Al Mernissi صيدلية المرنيسي,Parapharmacie,Formel,"Champs de Cours Dokkarat, Fès",34.0392401,-5.0129692,icons/pharmacy.png,OSM
Fès-Meknès,Laitiere Nour,Café,Formel,Bnou Kayim,34.0437905,-5.0040733,icons/cafe.png,OSM
Fès-Meknès,Épicier Takoua Asri El Mustapha,Supérette / Mini-market,Formel,Rue Ibn Qayyim,34.0435817,-5.0048048,icons/convenience.png,OSM
Fès-Meknès,Café Al khozama,Café,Formel,Avenue Mohamed es Saoui,34.037296,-4.9991565,icons/cafe.png,OSM
Fès-Meknès,Pharmacie Masjid Ataqwa صيدلية مسجد التقوى,Parapharmacie,Formel,"RUE AL AMIR RTE AYN CHKEF, Fès",34.0194622,-5.0056751,icons/pharmacy.png,OSM
Fès-Meknès,Sandwich,Restaurant,Formel,Med Abdelaziz Lhbabi,34.0328818,-5.0246905,icons/restaurant.png,OSM
Fès-Meknès,Supérette / Mini-market sans nom,Supérette / Mini-market,Formel,Supérette / Mini-market sans nom,34.0325344,-5.0240167,icons/convenience.png,OSM
Fès-Meknès,Boulangerie patisserie,Boulangerie,Formel,Med Abdelaziz Lhbabi,34.0327202,-5.0244862,icons/bakery.png,OSM
Fès-Meknès,Pharmacie Sounni صيدلية السني,Parapharmacie,Formel,"ERAC HAY AL ADARISSA, Fès",34.0182594,-5.0079836,icons/pharmacy.png,OSM
Fès-Meknès,Sandwich Marseille,Restaurant,Formel,Med Abdelaziz Lhbabi,34.0323969,-5.0240158,icons/restaurant.png,OSM
Fès-Meknès,Crémerie,Restaurant,Formel,Crémerie,34.0360983,-4.9975355,icons/restaurant.png,OSM
Fès-Meknès,Café Peacock,Café,Formel,Avenue Mohamed es Saoui,34.0375014,-4.9987254,icons/cafe.png,OSM
Fès-Meknès,Supérette / Mini-market sans nom,Supérette / Mini-market,Formel,Supérette / Mini-market sans nom,34.0328538,-5.0247782,icons/convenience.png,OSM
Fès-Meknès,Café kods,Café,Formel,Med Abdelaziz Lhbabi,34.0329617,-5.025012,icons/cafe.png,OSM
Fès-Meknès,Cremerie,Café,Formel,Med Abdelaziz Lhbabi,34.0329051,-5.0248987,icons/cafe.png,OSM
Fès-Meknès,Patisserie,Boulangerie,Formel,Med Abdelaziz Lhbabi,34.0325693,-5.0241622,icons/bakery.png,OSM
Fès-Meknès,Pharmacie Bennani صيدلية بناني,Parapharmacie,Formel,"HAY TARIK I, Fès",34.032488,-5.02417,icons/pharmacy.png,OSM
Fès-Meknès,Café Aji,Café,Formel,Café Aji,34.0391408,-5.0090695,icons/cafe.png,OSM
Fès-Meknès,Café de refuge club,Café,Formel,Avenue Mohamed es Saoui,34.0375266,-4.9985236,icons/cafe.png,OSM
Fès-Meknès,Café Le Panaché Lahlou Nabil Abdelfattah,Café,Formel,Av. Abi Hanifa,34.0424477,-5.0045305,icons/cafe.png,OSM
Fès-Meknès,Épicier Rami Hassan,Supérette / Mini-market,Formel,Av. Abi Hanifa,34.0429236,-5.0054012,icons/convenience.png,OSM
Fès-Meknès,Pharmacie Arrachad صيدلية الرشاد,Parapharmacie,Formel,"Hay Griyou Zouagha Haute, Fès",34.0156004,-5.026931,icons/pharmacy.png,OSM
Fès-Meknès,Pharmacie Farah صيدلية فرح,Parapharmacie,Formel,"Avenue Ibn Al Atir شارع ابن الأثير, Fès",34.0221038,-5.0122016,icons/pharmacy.png,OSM
Fès-Meknès,Pharmacie Belbacha صيدلية بالباشة,Parapharmacie,Formel,Fès,34.0304648,-5.013688,icons/pharmacy.png,OSM
Fès-Meknès,Pharmacie Moulay Slimane صيدلية مولاي سليمان,Parapharmacie,Formel,"RUE SAIN LOUIS RTE AIN CHKAEF, Fès",34.029394,-5.0005704,icons/pharmacy.png,OSM
Fès-Meknès,Pharmacie la Station صيدلية المحطة,Parapharmacie,Formel,Fès,34.0094418,-5.0456351,icons/pharmacy.png,OSM
Fès-Meknès,Pharmacie Azzahraouayn صيدلية الزهراويين,Parapharmacie,Formel,"1 BAB atlas lot N 41 zouagha, Fès",34.0247453,-5.0407415,icons/pharmacy.png,OSM
Fès-Meknès,V. Oeufs,Supermarché,Formel,Med Abdelaziz Lhbabi,34.0320041,-5.0241018,icons/supermarket.png,OSM
Fès-Meknès,Café Yasmine,Café,Formel,Med Abdelaziz Lhbabi,34.0319619,-5.024101,icons/cafe.png,OSM
Fès-Meknès,Patisserie Ilyas,Boulangerie,Formel,Med Abdelaziz Lhbabi,34.0315734,-5.0241604,icons/bakery.png,OSM
Fès-Meknès,Supérette / Mini-market sans nom,Supérette / Mini-market,Formel,Supérette / Mini-market sans nom,34.031316,-5.0241339,icons/convenience.png,OSM
Fès-Meknès,Café California,Café,Formel,Avenue Mohamed es Saoui,34.0377124,-4.9972107,icons/cafe.png,OSM
Fès-Meknès,Laitière,Café,Formel,Med Abdelaziz Lhbabi,34.0298774,-5.0242046,icons/cafe.png,OSM
Fès-Meknès,V.binllet,Restaurant,Formel,Med Abdelaziz Lhbabi,34.0299005,-5.024211,icons/restaurant.png,OSM
Fès-Meknès,Café Golden Palace,Café,Formel,rue Imam Malik,34.0416917,-5.004958,icons/cafe.png,OSM
Fès-Meknès,Snack Bennani Abdelkarim,Restaurant,Formel,"rue Imam Malik, Fès",34.0417341,-5.0052085,icons/restaurant.png,OSM
Fès-Meknès,Epicerie Salam,Supérette / Mini-market,Formel,rue Imam Malik,34.0415454,-5.0049296,icons/convenience.png,OSM
Fès-Meknès,Pharmacie Imam Ali صيدلية الإمام علي,Parapharmacie,Formel,"rue Imam Malik, Fès",34.0423848,-5.006424,icons/pharmacy.png,OSM
Fès-Meknès,Pharmacie Touzani صيدلية التوزاني,Parapharmacie,Formel,"Rue Abdellah Guenoun, Fès",34.029135,-5.0265075,icons/pharmacy.png,OSM
Fès-Meknès,Café Le Menarit,Café,Formel,Rue Abdellah Guenoun,34.0282954,-5.0257634,icons/cafe.png,OSM
Fès-Meknès,Pharmacie Pavlov صيدلية بافلوف,Parapharmacie,Formel,"IMM 84 N 3 LOT .DALILA-ADDOHA-ZOUAGHA, Fès",34.0129982,-5.0401436,icons/pharmacy.png,OSM
Fès-Meknès,Café Zohour,Café,Formel,Avenue Karama Zohour 1,34.0141524,-4.9861593,icons/cafe.png,OSM
Fès-Meknès,Pharmacie Bab Ftouh صيدلية باب فتوح,Parapharmacie,Formel,"BAB FTOUH, Fès",34.0608412,-4.9664226,icons/pharmacy.png,OSM
Fès-Meknès,Zagora,Restaurant,Formel,Zagora,34.0347081,-4.9973585,icons/restaurant.png,OSM
Fès-Meknès,Pharmacie Al Ouafae صيدلية الوفاء,Parapharmacie,Formel,"LOT 394 NARJISS LOT OUAFAE RTE SEFROU, Fès",34.0112189,-4.9763526,icons/pharmacy.png,OSM
Fès-Meknès,Kiosque moussaoui,Kiosque,Informel,Kiosque moussaoui,34.0403506,-4.9991519,icons/kiosk.png,OSM
Fès-Meknès,Cristal,Café,Formel,Cristal,34.0376006,-4.9981428,icons/cafe.png,OSM
Fès-Meknès,Pharmacie Naima Lahlou صيدلية نعيمة لحلو,Parapharmacie,Formel,Fès,34.0570103,-4.9905245,icons/pharmacy.png,OSM
Fès-Meknès,Pharmacie Ben Debbab صيدلية بن دباب,Parapharmacie,Formel,"ROND POINT KARAOUINE BEN DEBBAB, Fès",34.0638765,-4.9943906,icons/pharmacy.png,OSM
Fès-Meknès,Café Elysée,Café,Formel,Avenue Mohamed es Saoui,34.0379021,-4.9961526,icons/cafe.png,OSM
Fès-Meknès,Pharmacie Lwdaya صيدلية لوداية,Parapharmacie,Formel,Fès ⴼⴰⵙ فاس,34.0697582,-5.0120009,icons/pharmacy.png,OSM
Fès-Meknès,Pharmacie Arrajae صيدلية الرجاء,Parapharmacie,Formel,"N 1 RUE MERJA ZOUAGHA, Fès",34.03271,-5.047852,icons/pharmacy.png,OSM
Fès-Meknès,Pharmacie Bouzoubaa صيدلية بوزوبع,Parapharmacie,Formel,Fès,34.0206795,-5.0270395,icons/pharmacy.png,OSM
Fès-Meknès,Café Borj Al Arab,Café,Formel,rue Ahmed Amine,34.0417064,-5.0065037,icons/cafe.png,OSM
Fès-Meknès,Restaurant Chez Ismail Spécialité Poissons,Restaurant,Formel,rue Ahmed Amine,34.0415643,-5.0064381,icons/restaurant.png,OSM
Fès-Meknès,Supérette / Mini-market sans nom,Supérette / Mini-market,Formel,Supérette / Mini-market sans nom,34.0409811,-5.0053745,icons/convenience.png,OSM
Fès-Meknès,Epicerie Bouzid Erradi,Supérette / Mini-market,Formel,Avenue Iman Ali,34.0397651,-5.004716,icons/convenience.png,OSM
Fès-Meknès,Snack Belamlih Kamal 11,Restaurant,Formel,Avenue Iman Ali,34.0398145,-5.0048456,icons/restaurant.png,OSM
Fès-Meknès,Snack Al Akhawayne,Restaurant,Formel,Avenue Iman Ali,34.0400416,-5.0052555,icons/restaurant.png,OSM
Fès-Meknès,Pharmacie El Malhi صيدلية الملحي,Parapharmacie,Formel,"HAY TARIK 1 RUE 3, Fès فاس",34.0356746,-5.0245247,icons/pharmacy.png,OSM
Fès-Meknès,Pharmacie El Wardi صيدلية الوردي,Parapharmacie,Formel,"hay oued fes, Fès",34.0551533,-5.0329316,icons/pharmacy.png,OSM
Fès-Meknès,Pharmacie Al Mawada صيدلية المودة,Parapharmacie,Formel,"Boulevard Karaouine, Fés",34.0067267,-5.0165884,icons/pharmacy.png,OSM
Fès-Meknès,Pharmacie Sahb El Ward صيدلية سهب الورد,Parapharmacie,Formel,"5 sehb el ward hors bab ftouh, Fès",34.0543407,-4.9532305,icons/pharmacy.png,OSM
Fès-Meknès,Café Restaurant,Café,Formel,Avenue Mohamed es Saoui,34.0380728,-4.9954282,icons/cafe.png,OSM
Fès-Meknès,Pharmacie Al Ghassani صيدلية الغساني,Parapharmacie,Formel,"DHAR MEHRAZ BAB EL GHOUL, Fès",34.0403695,-4.9898563,icons/pharmacy.png,OSM
Fès-Meknès,Snak intamealim,Restaurant,Formel,Avenue Mohamed es Saoui,34.03822,-4.9949382,icons/restaurant.png,OSM
Fès-Meknès,Café palmira,Café,Formel,Avenue Mohamed es Saoui,34.0382498,-4.9948758,icons/cafe.png,OSM
Fès-Meknès,Café d'ors,Café,Formel,Avenue Mohamed es Saoui,34.038928,-4.9936644,icons/cafe.png,OSM
Fès-Meknès,Pharmacie L'IRIS صيدلية الاغيس,Parapharmacie,Formel,"19 RUE BIZERT RTE D'IMMOUZER, fés",34.0213738,-4.9984577,icons/pharmacy.png,OSM
Fès-Meknès,La noblesse fassi,Café,Formel,La noblesse fassi,34.0343632,-4.9973989,icons/cafe.png,OSM
Fès-Meknès,Pharmacie Ziat صيدلية الزيات,Parapharmacie,Formel,"DREB ZIAT BATHA, Fès",34.0576478,-4.9769857,icons/pharmacy.png,OSM
Fès-Meknès,Supérette / Mini-market sans nom,Supérette / Mini-market,Formel,Supérette / Mini-market sans nom,34.0308734,-5.0266129,icons/convenience.png,OSM
Fès-Meknès,Supérette / Mini-market sans nom,Supérette / Mini-market,Formel,Supérette / Mini-market sans nom,34.0303795,-5.0268486,icons/convenience.png,OSM
Fès-Meknès,L'immigré,Restaurant,Formel,L'immigré,34.0343439,-4.997289,icons/restaurant.png,OSM
Fès-Meknès,Pharmacie Saiss صيدلية سايس,Parapharmacie,Formel,"14 RUE 1 BLOC PAM BENSOUDA, Fès",34.0326792,-4.9969956,icons/pharmacy.png,OSM
Fès-Meknès,Supérette / Mini-market sans nom,Supérette / Mini-market,Formel,Supérette / Mini-market sans nom,34.0290901,-5.025064,icons/convenience.png,OSM
Fès-Meknès,Supérette / Mini-market sans nom,Supérette / Mini-market,Formel,Supérette / Mini-market sans nom,34.0292965,-5.0258345,icons/convenience.png,OSM
Fès-Meknès,Pharmacie Nahid صيدلية ناهيد,Parapharmacie,Formel,"HAY MSELLAH, Fés",34.0633492,-5.0083871,icons/pharmacy.png,OSM
Fès-Meknès,Supérette / Mini-market sans nom,Supérette / Mini-market,Formel,Supérette / Mini-market sans nom,34.0390611,-4.9933686,icons/convenience.png,OSM
Fès-Meknès,Autrement Chez Soi,Restaurant,Formel,Avenue Iman Ali,34.0406525,-5.0061129,icons/restaurant.png,OSM
Fès-Meknès,Supérette / Mini-market sans nom,Supérette / Mini-market,Formel,Supérette / Mini-market sans nom,34.0426395,-5.0101968,icons/convenience.png,OSM
Fès-Meknès,Epicerie Nait Ali Mohammed,Supérette / Mini-market,Formel,Avenue Iman Ali,34.0405301,-5.0059041,icons/convenience.png,OSM
Fès-Meknès,Laitiere Maiji Abdelaziz,Café,Formel,Avenue Iman Ali,34.0398545,-5.0049032,icons/cafe.png,OSM
Fès-Meknès,Supérette / Mini-market sans nom,Supérette / Mini-market,Formel,Supérette / Mini-market sans nom,34.0296966,-5.025753,icons/convenience.png,OSM
Fès-Meknès,Supérette / Mini-market sans nom,Supérette / Mini-market,Formel,Supérette / Mini-market sans nom,34.0296916,-5.0246584,icons/convenience.png,OSM
Fès-Meknès,Café pâtisserie,Café,Formel,Rue Cuny,34.0369032,-4.9970755,icons/cafe.png,OSM
Fès-Meknès,Snak New Quick,Restaurant,Formel,Snak New Quick,34.03682,-4.9970709,icons/restaurant.png,OSM
Fès-Meknès,Boulangerie,Boulangerie,Formel,El Mehdi Mniai,34.0308182,-5.0260977,icons/bakery.png,OSM
Fès-Meknès,Café Ramsisse palace,Café,Formel,Café Ramsisse palace,34.0377793,-5.0000599,icons/cafe.png,OSM
Fès-Meknès,Cremerie,Café,Formel,Rue Cuny,34.0364678,-4.9969531,icons/cafe.png,OSM
Fès-Meknès,Epicerie Lahlou,Supérette / Mini-market,Formel,Epicerie Lahlou,34.0442304,-4.9987097,icons/convenience.png,OSM
Fès-Meknès,The Ruined Garden,Restaurant,Formel,Derb Idrissi,34.0620951,-4.9774646,icons/restaurant.png,OSM
Fès-Meknès,Pharmacie El Attar صيدلية العطار,Parapharmacie,Formel,"HAY ALMOUADAFINE DOUKARAT, Fès",34.0420078,-5.0172347,icons/pharmacy.png,OSM
Fès-Meknès,Pharmacie Amine صيدلية أمين,Parapharmacie,Formel,"32 TRIK JDIDA RCIF, Fès",34.0584106,-4.972887,icons/pharmacy.png,OSM
Fès-Meknès,Pharmacie Arssat Zitoun صيدلية عرصة الزيتون,Parapharmacie,Formel,Fès,33.9916405,-5.042749,icons/pharmacy.png,OSM
Fès-Meknès,Pharmacie Saidi صيدلية سعيدي,Parapharmacie,Formel,"178 Olivrie secT 27 Zouagha haut, Fès",33.9942988,-5.0401468,icons/pharmacy.png,OSM
Fès-Meknès,Pharmacie Niama صيدلية نعمة,Parapharmacie,Formel,Fès,33.9977066,-5.0480324,icons/pharmacy.png,OSM
Fès-Meknès,Café Les Poettes,Café,Formel,place Maghreb Arabe,34.0428292,-5.0122784,icons/cafe.png,OSM
Fès-Meknès,Café El Yamama,Café,Formel,Avenue Iman Ali,34.042983,-5.0119563,icons/cafe.png,OSM
Fès-Meknès,Café Top Snooker,Café,Formel,Avenue Iman Ali,34.0430364,-5.0116027,icons/cafe.png,OSM
Fès-Meknès,Pharmacie El Mouahidine صيدلية الموحدين,Parapharmacie,Formel,"Avenue des Almohades شارع الموحدين, Fès",34.0427102,-5.0123896,icons/pharmacy.png,OSM
Fès-Meknès,Café Escale Fes,Café,Formel,place Maghreb Arabe,34.0428271,-5.0121667,icons/cafe.png,OSM
Fès-Meknès,Café Top Classico,Café,Formel,place Maghreb Arabe,34.0429052,-5.0120855,icons/cafe.png,OSM
Fès-Meknès,Supérette / Mini-market sans nom,Supérette / Mini-market,Formel,Supérette / Mini-market sans nom,34.0343511,-5.0264172,icons/convenience.png,OSM
Fès-Meknès,Supérette / Mini-market sans nom,Supérette / Mini-market,Formel,Supérette / Mini-market sans nom,34.0318934,-5.0264253,icons/convenience.png,OSM
Fès-Meknès,Four,Boulangerie,Formel,Med Lharak,34.0317252,-5.0266238,icons/bakery.png,OSM
Fès-Meknès,Pharmacie la Bonté صيدلية الطيبة,Parapharmacie,Formel,"HAY TARIK 2, Fès",34.0337314,-5.0268101,icons/pharmacy.png,OSM
Fès-Meknès,Supérette / Mini-market sans nom,Supérette / Mini-market,Formel,Supérette / Mini-market sans nom,34.0366489,-4.9988519,icons/convenience.png,OSM
Fès-Meknès,Supérette / Mini-market sans nom,Supérette / Mini-market,Formel,Supérette / Mini-market sans nom,34.0331772,-5.0271009,icons/convenience.png,OSM
Fès-Meknès,Restaurant ahrame,Restaurant,Formel,Restaurant ahrame,34.0368001,-4.9990779,icons/restaurant.png,OSM
Fès-Meknès,Delice chicken,Restaurant,Formel,Delice chicken,34.0369307,-4.9992715,icons/restaurant.png,OSM
Fès-Meknès,Café mimousa,Café,Formel,Café mimousa,34.0404007,-5.0086914,icons/cafe.png,OSM
Fès-Meknès,Pharmacie Chifae صيدلية الشفاء,Parapharmacie,Formel,"Avenue des Far route de meknes, Fès",34.0404482,-5.0087851,icons/pharmacy.png,OSM
Fès-Meknès,Boulangerie univers,Boulangerie,Formel,Boulangerie univers,34.0405448,-5.0089769,icons/bakery.png,OSM
Fès-Meknès,Café univers,Café,Formel,Café univers,34.0406135,-5.0090885,icons/cafe.png,OSM
Fès-Meknès,Café flamingo,Café,Formel,Café flamingo,34.0410132,-5.0104144,icons/cafe.png,OSM
Fès-Meknès,Supérette / Mini-market sans nom,Supérette / Mini-market,Formel,Supérette / Mini-market sans nom,34.0422075,-5.0092478,icons/convenience.png,OSM
Fès-Meknès,Café Diwane Palace,Café,Formel,Avenue Iman Ali,34.042593,-5.0102946,icons/cafe.png,OSM
Fès-Meknès,Café El Bacha Palace,Café,Formel,Avenue Iman Ali,34.0419356,-5.0085809,icons/cafe.png,OSM
Fès-Meknès,Supérette / Mini-market sans nom,Supérette / Mini-market,Formel,Supérette / Mini-market sans nom,34.0347474,-5.0260923,icons/convenience.png,OSM
Fès-Meknès,Snak khadija,Restaurant,Formel,HYPODRAME,34.0352338,-5.025651,icons/restaurant.png,OSM
Fès-Meknès,Pharmacie des FAR صيدلية الجيش الملكي,Parapharmacie,Formel,"Avenue des Forces Armées Royales شارع الجيش الملكي, Fès",34.0407699,-5.0166336,icons/pharmacy.png,OSM
Fès-Meknès,Supérette / Mini-market sans nom,Supérette / Mini-market,Formel,Supérette / Mini-market sans nom,34.0309232,-5.0248612,icons/convenience.png,OSM
Fès-Meknès,Café Perlatino,Café,Formel,Abi Hamid Ghazali,34.0390071,-5.0045711,icons/cafe.png,OSM
Fès-Meknès,Crémerie Sweet Palace,Café,Formel,Abi Hamid Ghazali,34.0391869,-5.0044196,icons/cafe.png,OSM
Fès-Meknès,Café Iris,Café,Formel,Abi Hamid Ghazali,34.0385877,-5.0048722,icons/cafe.png,OSM
Fès-Meknès,Snack Restaurant Puerto Rico,Restaurant,Formel,Abi Hamid Ghazali,34.0389262,-5.0044524,icons/restaurant.png,OSM
Fès-Meknès,Laitiere Souad,Café,Formel,Abi Hamid Ghazali,34.0391017,-5.0043197,icons/cafe.png,OSM
Fès-Meknès,Monalisa,Café,Formel,Monalisa,34.0370846,-4.9996455,icons/cafe.png,OSM
Fès-Meknès,Supérette / Mini-market sans nom,Supérette / Mini-market,Formel,Supérette / Mini-market sans nom,34.0328009,-5.026035,icons/convenience.png,OSM
Fès-Meknès,Café Napolitan,Café,Formel,Abi Hamid Ghazali,34.0392073,-5.0042399,icons/cafe.png,OSM
Fès-Meknès,Four Pa Omar Dami M'hamed,Boulangerie,Formel,Abi Hamid Ghazali,34.0393206,-5.004126,icons/bakery.png,OSM
Fès-Meknès,Crémerie Belvédère,Café,Formel,Crémerie Belvédère,34.0401062,-5.018962,icons/cafe.png,OSM
Fès-Meknès,Café valida,Café,Formel,Café valida,34.0409926,-5.0110723,icons/cafe.png,OSM
Fès-Meknès,Boulangerie,Boulangerie,Formel,Boulangerie,34.0409701,-5.0111588,icons/bakery.png,OSM
Fès-Meknès,Supérette / Mini-market sans nom,Supérette / Mini-market,Formel,Supérette / Mini-market sans nom,34.0338385,-4.9957564,icons/convenience.png,OSM
Fès-Meknès,Snack Mima House,Restaurant,Formel,Abdelkarim Benjelloun,34.0391101,-5.0048326,icons/restaurant.png,OSM
Fès-Meknès,Pharmacie Doukkarat صيدلية الدكارات,Parapharmacie,Formel,"ROUTE DE MEKNES, Avenue des Forces Armées Royales شارع الجيش الملكي, Fès فاس",34.0393502,-5.0217359,icons/pharmacy.png,OSM
Fès-Meknès,Café Le Parrain,Café,Formel,Abdelkarim Benjelloun,34.0392409,-5.0050692,icons/cafe.png,OSM
Fès-Meknès,Le Coin de Bonheur,Restaurant,Formel,Abdelkarim Benjelloun,34.0394777,-5.0054341,icons/restaurant.png,OSM
Fès-Meknès,Café Babylon,Café,Formel,Abdelkarim Benjelloun,34.0395633,-5.0055677,icons/cafe.png,OSM
Fès-Meknès,Restaurant Sanslezard,Restaurant,Formel,Abdelkarim Benjelloun,34.0395972,-5.005654,icons/restaurant.png,OSM
Fès-Meknès,Les quatre coins,Restaurant,Formel,Les quatre coins,34.0367749,-4.9988664,icons/restaurant.png,OSM
Fès-Meknès,Poulet rôtis,Restaurant,Formel,Poulet rôtis,34.0368063,-4.9987817,icons/restaurant.png,OSM
Fès-Meknès,Snack Kamo Sushi,Restaurant,Formel,Abdelkarim Benjelloun,34.0397179,-5.0058759,icons/restaurant.png,OSM
Fès-Meknès,Café et Salle des Jeux Seven Lamsaffer,Café,Formel,Abdelkarim Benjelloun,34.0389519,-5.0048556,icons/cafe.png,OSM
Fès-Meknès,Cremerie Cactus,Café,Formel,Med El Jay,34.0320098,-5.0237978,icons/cafe.png,OSM
Fès-Meknès,Supérette / Mini-market sans nom,Supérette / Mini-market,Formel,Supérette / Mini-market sans nom,34.0318745,-5.0254159,icons/convenience.png,OSM
Fès-Meknès,Café sarakosta,Café,Formel,Med Ljay,34.0319509,-5.0240032,icons/cafe.png,OSM
Fès-Meknès,Pharmacie Sidi Said صيدلية سيدي سعيد,Parapharmacie,Formel,Meknès ⴰⵎⴽⵏⴰⵙ مكناس,33.8935053,-5.5829801,icons/pharmacy.png,OSM
Fès-Meknès,Fez Café,Café,Formel,Fez Café,34.0614133,-4.9787162,icons/cafe.png,OSM
Fès-Meknès,Supérette / Mini-market sans nom,Supérette / Mini-market,Formel,Supérette / Mini-market sans nom,34.0334517,-5.024364,icons/convenience.png,OSM
Fès-Meknès,Les Deux Magots,Café,Formel,Rue Omar Al Mokhtar,34.0361799,-4.996802,icons/cafe.png,OSM
Fès-Meknès,Supérette / Mini-market sans nom,Supérette / Mini-market,Formel,Supérette / Mini-market sans nom,34.0285034,-5.0241343,icons/convenience.png,OSM
Fès-Meknès,Supérette / Mini-market sans nom,Supérette / Mini-market,Formel,Supérette / Mini-market sans nom,34.0267864,-5.0240956,icons/convenience.png,OSM
Fès-Meknès,Supérette / Mini-market sans nom,Supérette / Mini-market,Formel,Supérette / Mini-market sans nom,34.0372736,-4.9969678,icons/convenience.png,OSM
Fès-Meknès,Supérette / Mini-market sans nom,Supérette / Mini-market,Formel,Supérette / Mini-market sans nom,34.0271937,-5.0241062,icons/convenience.png,OSM
Fès-Meknès,Pharmacie Route de Meknès صيدلية طريق مكناس,Parapharmacie,Formel,"lot karim amrani doukarat, Fès",34.0395245,-5.0272749,icons/pharmacy.png,OSM
Fès-Meknès,Cafe safia,Café,Formel,Cafe safia,34.04011,-5.0298903,icons/cafe.png,OSM
Fès-Meknès,Crémerie le coin lyaakoubi,Café,Formel,Crémerie le coin lyaakoubi,34.0400889,-5.0292796,icons/cafe.png,OSM
Fès-Meknès,Cafe Epie D'or,Café,Formel,Cafe Epie D'or,34.040216,-5.0296563,icons/cafe.png,OSM
Fès-Meknès,Supérette / Mini-market sans nom,Supérette / Mini-market,Formel,Supérette / Mini-market sans nom,34.0398909,-5.0308659,icons/convenience.png,OSM
Fès-Meknès,Casse croûte fatima hamani,Restaurant,Formel,Casse croûte fatima hamani,34.0398795,-5.0309729,icons/restaurant.png,OSM
Fès-Meknès,Cafe tabiaa,Café,Formel,Cafe tabiaa,34.0398404,-5.0311247,icons/cafe.png,OSM
Fès-Meknès,Crémerie jalila,Café,Formel,Crémerie jalila,34.0398277,-5.0311811,icons/cafe.png,OSM
Fès-Meknès,Cafe quadissiya,Café,Formel,Cafe quadissiya,34.0396732,-5.032113,icons/cafe.png,OSM
Fès-Meknès,Pharmacie Tazi صيدلية التازي,Parapharmacie,Formel,"RTE MEKNES LOTISS LAHBABI N 11 FES, Fès",34.0397879,-5.0313486,icons/pharmacy.png,OSM
Fès-Meknès,Grand Alaise,Restaurant,Formel,Wassel Ibn Ataa,34.0398902,-5.007188,icons/restaurant.png,OSM
Fès-Meknès,Café Visa,Café,Formel,Hassan El Basri,34.0410741,-5.0088535,icons/cafe.png,OSM
Fès-Meknès,Café Cup Sud,Café,Formel,Rue Moujahid El Ayachi ex Pierre Loti,34.0370998,-4.9973832,icons/cafe.png,OSM
Fès-Meknès,Epicerie Bijou,Supérette / Mini-market,Formel,Rue Moujahid El Ayachi ex Pierre Loti,34.0371708,-4.9975173,icons/convenience.png,OSM
Fès-Meknès,Pharmacie Tarik صيدلية طارق,Parapharmacie,Formel,"86 HAY TARIK 2 RTE BENSOUDA FES, Fès",34.0281108,-5.0239044,icons/pharmacy.png,OSM
Fès-Meknès,Restaurant Marrakech,Restaurant,Formel,Rue Omar Al Mokhtar,34.0360073,-4.9972231,icons/restaurant.png,OSM
Fès-Meknès,Pharmacie Ait Skattou صيدلية ايت سقاطو,Parapharmacie,Formel,"AIT SKATTO HAY SAADA, Fès",34.0260824,-5.0012035,icons/pharmacy.png,OSM
Fès-Meknès,Café Rotterdam,Café,Formel,Hassan El Basri,34.0416389,-5.0083045,icons/cafe.png,OSM
Fès-Meknès,Crémerie,Café,Formel,Hassan El Basri,34.041561,-5.00838,icons/cafe.png,OSM
Fès-Meknès,maison moi anan,Restaurant,Formel,Fes Médina,34.0644898,-4.9785742,icons/restaurant.png,OSM
Fès-Meknès,Cremerie Moulay Driss,Café,Formel,Av Omar Ibn Al Khattab,34.0265054,-5.021592,icons/cafe.png,OSM
Fès-Meknès,Pharmacie Benjelloun صيدلية بنجلون,Parapharmacie,Formel,"HAY TARIK, Fès",34.0268021,-5.0219356,icons/pharmacy.png,OSM
Fès-Meknès,Café Le kitch,Café,Formel,Av Omar Ibn Al Khattab,34.0279663,-5.0226283,icons/cafe.png,OSM
Fès-Meknès,Casse-croute,Restaurant,Formel,Av Omar Ibn Al Khattab,34.028187,-5.0226527,icons/restaurant.png,OSM
Fès-Meknès,Supérette / Mini-market sans nom,Supérette / Mini-market,Formel,Supérette / Mini-market sans nom,34.0284712,-5.0227354,icons/convenience.png,OSM
Fès-Meknès,Café Kawtar,Café,Formel,Rue Omar Al Mokhtar,34.0363111,-4.9962918,icons/cafe.png,OSM
Fès-Meknès,Café Istoria,Café,Formel,Rue Omar Al Mokhtar,34.036355,-4.9960678,icons/cafe.png,OSM
Fès-Meknès,Laitiere El Anouar Loudiyi Anouar,Café,Formel,Oussama Bnou Zayd,34.0416417,-5.0107563,icons/cafe.png,OSM
Fès-Meknès,Epicerie Ait Yahya Mohammed,Supérette / Mini-market,Formel,Oussama Bnou Zayd,34.0416593,-5.01009,icons/convenience.png,OSM
Fès-Meknès,Snack Zahouani Rachid,Restaurant,Formel,Oussama Bnou Zayd,34.0416278,-5.0102179,icons/restaurant.png,OSM
Fès-Meknès,Epicerie didouche,Supérette / Mini-market,Formel,Epicerie didouche,34.0394325,-5.0269835,icons/convenience.png,OSM
Fès-Meknès,Pâtisserie Min Fadli Allah,Boulangerie,Formel,Oussama Bnou Zayd,34.0416306,-5.0102741,icons/bakery.png,OSM
Fès-Meknès,Légumier Amzini Mohammed,Épicerie,Informel,Oussama Bnou Zayd,34.0417447,-5.0132018,icons/greengrocer.png,OSM
Fès-Meknès,Epicerie sabar,Supérette / Mini-market,Formel,Epicerie sabar,34.0387551,-5.0283131,icons/convenience.png,OSM
Fès-Meknès,Supérette / Mini-market sans nom,Supérette / Mini-market,Formel,Supérette / Mini-market sans nom,34.0345579,-4.9967013,icons/convenience.png,OSM
Fès-Meknès,Epicerie ouaquer,Supérette / Mini-market,Formel,Epicerie ouaquer,34.0390889,-5.0271056,icons/convenience.png,OSM
Fès-Meknès,Epicerie chaquir,Supérette / Mini-market,Formel,Epicerie chaquir,34.0392165,-5.0289852,icons/convenience.png,OSM
Fès-Meknès,Laitiere Slaoui Berrada Rajae,Café,Formel,Oussama Bnou Zayd,34.0418634,-5.0104078,icons/cafe.png,OSM
Fès-Meknès,Epicerie sakhi,Supérette / Mini-market,Formel,Epicerie sakhi,34.038774,-5.0289985,icons/convenience.png,OSM
Fès-Meknès,Epicerie charquaoui,Supérette / Mini-market,Formel,Epicerie charquaoui,34.0385725,-5.0282579,icons/convenience.png,OSM
Fès-Meknès,Epicerie à aadouze,Supérette / Mini-market,Formel,Epicerie à aadouze,34.0390525,-5.0289909,icons/convenience.png,OSM
Fès-Meknès,Epicerie lakcemi,Supérette / Mini-market,Formel,Epicerie lakcemi,34.0394229,-5.0285288,icons/convenience.png,OSM
Fès-Meknès,Epicerie bel mrabet,Supérette / Mini-market,Formel,Epicerie bel mrabet,34.0389252,-5.0289957,icons/convenience.png,OSM
Fès-Meknès,Epicerie arjan,Supérette / Mini-market,Formel,Epicerie arjan,34.0395431,-5.0289336,icons/convenience.png,OSM
Fès-Meknès,Fruit secs,Épicerie,Informel,Fruit secs,34.0396069,-5.0289181,icons/greengrocer.png,OSM
Fès-Meknès,Laitier et gâteau anoir,Café,Formel,Laitier et gâteau anoir,34.0399514,-5.0289089,icons/cafe.png,OSM
Fès-Meknès,Crémier saida,Café,Formel,Crémier saida,34.03984,-5.0289059,icons/cafe.png,OSM
Fès-Meknès,Cremerie,Café,Formel,Laklak Tarik 2,34.026626,-5.0244181,icons/cafe.png,OSM
Fès-Meknès,Laitiere Maroua Ben Addou Idrissi Rachid,Café,Formel,Oussama Bnou Zayd,34.0417109,-5.0120375,icons/cafe.png,OSM
Fès-Meknès,Casse croûte youssefi,Restaurant,Formel,Casse croûte youssefi,34.0398778,-5.0292691,icons/restaurant.png,OSM
Fès-Meknès,Crémier errabie,Café,Formel,Crémier errabie,34.0395927,-5.0292698,icons/cafe.png,OSM
Fès-Meknès,Cafe Galacya,Café,Formel,Cafe Galacya,34.0394807,-5.0292672,icons/cafe.png,OSM
Fès-Meknès,Crémier el arjane,Café,Formel,Crémier el arjane,34.0392815,-5.0292472,icons/cafe.png,OSM
Fès-Meknès,Snak Fast Medina,Restaurant,Formel,Rue Patrice Lumumba,34.0343057,-4.9971764,icons/restaurant.png,OSM
Fès-Meknès,Parapharmacie sans nom,Parapharmacie,Formel,Parapharmacie sans nom,34.2648038,-5.9405135,icons/pharmacy.png,OSM
Fès-Meknès,Restaurant sans nom,Restaurant,Formel,"27 Rchem Laayoune, Palace Rcif Fes",34.0616041,-4.9742541,icons/restaurant.png,OSM
Fès-Meknès,Crémerie El Mourtaoui Fouad,Café,Formel,Oussama Bnou Zayd,34.0417274,-5.0118601,icons/cafe.png,OSM
Fès-Meknès,Epicerie Ait Yahya Lahcen,Supérette / Mini-market,Formel,Oussama Bnou Zayd,34.0418553,-5.0103554,icons/convenience.png,OSM
Fès-Meknès,Supérette / Mini-market sans nom,Supérette / Mini-market,Formel,Supérette / Mini-market sans nom,34.0416541,-5.011881,icons/convenience.png,OSM
Fès-Meknès,Pharmacie Lalla Soukaina صيدلية للاسكينة,Parapharmacie,Formel,"Rue lalla soukaina, Fès",34.0183664,-5.026767,icons/pharmacy.png,OSM
Fès-Meknès,Supérette / Mini-market sans nom,Supérette / Mini-market,Formel,Supérette / Mini-market sans nom,34.0338273,-5.0236095,icons/convenience.png,OSM
Fès-Meknès,Supérette / Mini-market sans nom,Supérette / Mini-market,Formel,Supérette / Mini-market sans nom,34.033452,-5.0234331,icons/convenience.png,OSM
Fès-Meknès,Pharmacie la Lavande صيدلية الخزامى,Parapharmacie,Formel,"Rue 2 Hay Rajae Tarik 1, Fès",34.0335369,-5.022362,icons/pharmacy.png,OSM
Fès-Meknès,Thé habibi café,Café,Formel,Thé habibi café,34.035945,-4.9999386,icons/cafe.png,OSM
Fès-Meknès,Supérette / Mini-market sans nom,Supérette / Mini-market,Formel,Supérette / Mini-market sans nom,34.0350526,-5.023573,icons/convenience.png,OSM
Fès-Meknès,Laitière Zouhir,Café,Formel,Tarik 3,34.0349342,-5.0236548,icons/cafe.png,OSM
Fès-Meknès,Supérette / Mini-market sans nom,Supérette / Mini-market,Formel,Supérette / Mini-market sans nom,34.0361428,-5.0241196,icons/convenience.png,OSM
Fès-Meknès,Cremerie,Café,Formel,Tarik 3,34.0351878,-5.0233942,icons/cafe.png,OSM
Fès-Meknès,Café,Café,Formel,Café,34.0367491,-4.9986361,icons/cafe.png,OSM
Fès-Meknès,Supérette / Mini-market sans nom,Supérette / Mini-market,Formel,Supérette / Mini-market sans nom,34.0362808,-4.995965,icons/convenience.png,OSM
Fès-Meknès,Vittorto,Restaurant,Formel,Vittorto,34.0368407,-4.9983015,icons/restaurant.png,OSM
Fès-Meknès,Café hamza,Café,Formel,Café hamza,34.0368956,-4.9981746,icons/cafe.png,OSM
Fès-Meknès,Laitière,Café,Formel,Rue 2 TARIK 1,34.0358471,-5.0245259,icons/cafe.png,OSM
Fès-Meknès,Supérette / Mini-market sans nom,Supérette / Mini-market,Formel,Supérette / Mini-market sans nom,34.0357849,-5.0245856,icons/convenience.png,OSM
Fès-Meknès,Crémerie la famille,Café,Formel,Crémerie la famille,34.0369611,-4.9979964,icons/cafe.png,OSM
Fès-Meknès,Boulangerie,Boulangerie,Formel,Rue 3 Tarik 1,34.0357171,-5.024639,icons/bakery.png,OSM
Fès-Meknès,Nile Nine,Café,Formel,Rue Med Benjelloum,34.0333783,-4.9946673,icons/cafe.png,OSM
Fès-Meknès,Café anoual,Café,Formel,Café anoual,34.0354903,-4.997884,icons/cafe.png,OSM
Fès-Meknès,Supérette / Mini-market sans nom,Supérette / Mini-market,Formel,Supérette / Mini-market sans nom,34.0395517,-5.0315069,icons/convenience.png,OSM
Fès-Meknès,Café Rania,Café,Formel,Café Rania,34.0397849,-5.031794,icons/cafe.png,OSM
Fès-Meknès,Epicerie bounou,Supérette / Mini-market,Formel,Epicerie bounou,34.0395113,-5.0318467,icons/convenience.png,OSM
Fès-Meknès,Epicerie arjane,Supérette / Mini-market,Formel,Epicerie arjane,34.0395449,-5.0298181,icons/convenience.png,OSM
Fès-Meknès,Boulangerie Bouchra,Boulangerie,Formel,Boulangerie Bouchra,34.0393317,-5.0316899,icons/bakery.png,OSM
Fès-Meknès,Café Lario,Café,Formel,Route Aïn Smen طريق عين السمن,34.0071974,-5.033094,icons/cafe.png,OSM
Fès-Meknès,Supérette / Mini-market sans nom,Supérette / Mini-market,Formel,Supérette / Mini-market sans nom,34.0417521,-5.0133518,icons/convenience.png,OSM
Fès-Meknès,Café Agdal,Café,Formel,Iyass Ibn Mouaouiya,34.0415178,-5.0133364,icons/cafe.png,OSM
Fès-Meknès,Snack Home Food,Restaurant,Formel,Iyass Ibn Mouaouiya,34.0414121,-5.013401,icons/restaurant.png,OSM
Fès-Meknès,Epicerie Miami,Supérette / Mini-market,Formel,Iyass Ibn Mouaouiya,34.0414105,-5.0121299,icons/convenience.png,OSM
Fès-Meknès,Café Petit Nid,Café,Formel,Abi Daoud,34.0420773,-5.011777,icons/cafe.png,OSM
Fès-Meknès,Crémerie My Driss Idrissi Ketouni,Café,Formel,Abi Daoud,34.042332,-5.0118397,icons/cafe.png,OSM
Fès-Meknès,Café Brini Hassan,Café,Formel,Abi Daoud,34.0424162,-5.0118698,icons/cafe.png,OSM
Fès-Meknès,Pâtisserie Jaouhara Hajji Hassan,Boulangerie,Formel,Oussama Bnou Zayd,34.0417928,-5.0131207,icons/bakery.png,OSM
Fès-Meknès,Boulangerie sans nom,Boulangerie,Formel,Rue 3 Tarik 1,34.0355177,-5.0248551,icons/bakery.png,OSM
Fès-Meknès,Café Inside,Café,Formel,Rue Patrice Lumumba,34.0352249,-4.9948044,icons/cafe.png,OSM
Fès-Meknès,Boulangerie Chez Eric,Boulangerie,Formel,Rue Patrice Lumumba,34.0352912,-4.99462,icons/bakery.png,OSM
Fès-Meknès,Café La Coupole Amakrane Amrou et Mohammed,Café,Formel,Avenue des Almohades,34.0420728,-5.0130409,icons/cafe.png,OSM
Fès-Meknès,Café De Paris Oukili Karti Rachid,Café,Formel,Avenue des Almohades,34.0423233,-5.0127791,icons/cafe.png,OSM
Fès-Meknès,Supérette / Mini-market sans nom,Supérette / Mini-market,Formel,Supérette / Mini-market sans nom,34.0338322,-4.9950702,icons/convenience.png,OSM
Fès-Meknès,Supérette / Mini-market sans nom,Supérette / Mini-market,Formel,Supérette / Mini-market sans nom,34.0436667,-5.0117274,icons/convenience.png,OSM
Fès-Meknès,Restaurant Économique,Restaurant,Formel,Avenue des Almohades,34.043884,-5.0114995,icons/restaurant.png,OSM
Fès-Meknès,Pharmacie de l'Académie صيدلية الأكاديمية,Parapharmacie,Formel,Meknès,33.8740575,-5.559003,icons/pharmacy.png,OSM
Fès-Meknès,Café la rosie,Café,Formel,Café la rosie,34.0359718,-5.0290472,icons/cafe.png,OSM
Fès-Meknès,Vente des légumes,Épicerie,Informel,Vente des légumes,34.035975,-5.0289781,icons/greengrocer.png,OSM
Fès-Meknès,Supérette / Mini-market sans nom,Supérette / Mini-market,Formel,Supérette / Mini-market sans nom,34.0360176,-5.0285822,icons/convenience.png,OSM
Fès-Meknès,Epicerie dakhouch,Supérette / Mini-market,Formel,Epicerie dakhouch,34.0356675,-5.0285748,icons/convenience.png,OSM
Fès-Meknès,Supérette / Mini-market sans nom,Supérette / Mini-market,Formel,Supérette / Mini-market sans nom,34.0390712,-5.0321192,icons/convenience.png,OSM
Fès-Meknès,Cremerie El ihssan,Café,Formel,Avenue Saint Louis,34.0263873,-5.0044176,icons/cafe.png,OSM
Fès-Meknès,Laiterie anouar,Café,Formel,Laiterie anouar,34.0353854,-4.9989549,icons/cafe.png,OSM
Fès-Meknès,Supérette / Mini-market sans nom,Supérette / Mini-market,Formel,Supérette / Mini-market sans nom,34.0353102,-4.9988442,icons/convenience.png,OSM
Fès-Meknès,Myrtys,Restaurant,Formel,Myrtys,34.0354319,-4.9989191,icons/restaurant.png,OSM
Fès-Meknès,IZMIR,Café,Formel,Avenue des Almohades,34.0444549,-5.0100303,icons/cafe.png,OSM
Fès-Meknès,Café El Mondo,Café,Formel,Avenue des Almohades,34.0445312,-5.0097029,icons/cafe.png,OSM
Fès-Meknès,Epicerie bouderrka,Supérette / Mini-market,Formel,Epicerie bouderrka,34.0365202,-5.0283988,icons/convenience.png,OSM
Fès-Meknès,Laiterie,Café,Formel,Laiterie,34.0366338,-5.0282737,icons/cafe.png,OSM
Fès-Meknès,Epicerie ouedir,Supérette / Mini-market,Formel,Epicerie ouedir,34.0367385,-5.0281699,icons/convenience.png,OSM
Fès-Meknès,Epicerie azhari,Supérette / Mini-market,Formel,Epicerie azhari,34.036753,-5.0275552,icons/convenience.png,OSM
Fès-Meknès,Epicerie bouchouiha,Supérette / Mini-market,Formel,Epicerie bouchouiha,34.036963,-5.0279794,icons/convenience.png,OSM
Fès-Meknès,Supérette / Mini-market sans nom,Supérette / Mini-market,Formel,Supérette / Mini-market sans nom,34.0357607,-4.9955856,icons/convenience.png,OSM
Fès-Meknès,Café la Girand,Café,Formel,Rue Abdelaziz Boutaled,34.0352874,-4.9954069,icons/cafe.png,OSM
Fès-Meknès,Café Nzala Forever,Café,Formel,Rue Abdelaziz Boutaled,34.0364202,-4.9957061,icons/cafe.png,OSM
Fès-Meknès,Épicier bader,Supérette / Mini-market,Formel,Rue Abdelaziz Boutaled,34.0343095,-4.9946973,icons/convenience.png,OSM
Fès-Meknès,Snak,Restaurant,Formel,Rue Abdelaziz Boutaled,34.0342086,-4.9945929,icons/restaurant.png,OSM
Fès-Meknès,L'unica لونيكا,Café,Formel,L'unica لونيكا,33.9996794,-5.0129618,icons/cafe.png,OSM
Fès-Meknès,Panaché,Café,Formel,Rue Abdelaziz Boutaled,34.0339797,-4.9940514,icons/cafe.png,OSM
Fès-Meknès,Supérette / Mini-market sans nom,Supérette / Mini-market,Formel,Supérette / Mini-market sans nom,34.0341305,-4.9943005,icons/convenience.png,OSM
Fès-Meknès,Café Calèche d'or,Café,Formel,Rue Omar Al Mokhtar,34.0364628,-4.9955661,icons/cafe.png,OSM
Fès-Meknès,Supérette / Mini-market sans nom,Supérette / Mini-market,Formel,Supérette / Mini-market sans nom,34.0247187,-5.0053922,icons/convenience.png,OSM
Fès-Meknès,Pharmacie du Passage صيدلية المسار,Parapharmacie,Formel,"Rue Abdelaziz Boutaleb, Fès",34.0359013,-4.9953162,icons/pharmacy.png,OSM
Fès-Meknès,Café Maria Palace,Café,Formel,Rue Abdelaziz Boutaled,34.0361592,-4.995502,icons/cafe.png,OSM
Fès-Meknès,Café Sabah,Café,Formel,Avenue Saint Louis,34.024626,-5.0054423,icons/cafe.png,OSM
Fès-Meknès,Café Riad,Café,Formel,Route Aïn Chkef طريق عين شقف,34.024469,-5.0055423,icons/cafe.png,OSM
Fès-Meknès,Café Étoile,Café,Formel,Avenue des Almohades,34.045534,-5.0052198,icons/cafe.png,OSM
Fès-Meknès,Snack Zoya,Restaurant,Formel,Avenue des Almohades,34.0455593,-5.0051193,icons/restaurant.png,OSM
Fès-Meknès,Crémerie Les Voyageurs,Café,Formel,Avenue des Almohades,34.0455813,-5.0049739,icons/cafe.png,OSM
Fès-Meknès,Café sans nom,Café,Formel,Café sans nom,34.0418525,-5.0082818,icons/cafe.png,OSM
Fès-Meknès,Café sans nom,Café,Formel,Café sans nom,34.0427583,-5.0001482,icons/cafe.png,OSM
Fès-Meknès,Snack Bello,Restaurant,Formel,Avenue Saint Louis,34.0242719,-5.0056639,icons/restaurant.png,OSM
Fès-Meknès,Pharmacie Boutouil صيدلية بوطويل,Parapharmacie,Formel,"Fes eljadid, Fès ⴼⴰⵙ فاس",34.0560401,-4.9870892,icons/pharmacy.png,OSM
Fès-Meknès,Pharmacie Populaire الصيدلية الشعبية,Parapharmacie,Formel,"28 BAB JIAF FES JDID, Fès ⴼⴰⵙ فاس",34.0539632,-4.9893255,icons/pharmacy.png,OSM
Fès-Meknès,Pharmacie Louajriyeine صيدلية الوجريين,Parapharmacie,Formel,"33 DERB JAMAA NOUVEL MELLAH, Fès ⴼⴰⵙ فاس",34.0522071,-4.9901683,icons/pharmacy.png,OSM
Fès-Meknès,Laborieuse,Café,Formel,Laborieuse,34.0319374,-4.9943358,icons/cafe.png,OSM
Fès-Meknès,Café Yasmine,Café,Formel,Avenue Saint Louis,34.023893,-5.0058763,icons/cafe.png,OSM
Fès-Meknès,Casse_croute,Restaurant,Formel,Avenue Saint Louis,34.0237994,-5.0059406,icons/restaurant.png,OSM
Fès-Meknès,Restaurant omar,Restaurant,Formel,Restaurant omar,34.0315253,-4.9940725,icons/restaurant.png,OSM
Fès-Meknès,Sandwich hassan,Restaurant,Formel,Sandwich hassan,34.0314994,-4.9940287,icons/restaurant.png,OSM
Fès-Meknès,Restaurant sans nom,Restaurant,Formel,Restaurant sans nom,34.0312858,-4.9938779,icons/restaurant.png,OSM
Fès-Meknès,Supérette / Mini-market sans nom,Supérette / Mini-market,Formel,Supérette / Mini-market sans nom,34.0362454,-4.9944177,icons/convenience.png,OSM
Fès-Meknès,Snack la place,Restaurant,Formel,Snack la place,34.0309999,-4.9937079,icons/restaurant.png,OSM
Fès-Meknès,Restaurant sans nom,Restaurant,Formel,Avenue Saint Louis,34.0235378,-5.006088,icons/restaurant.png,OSM
Fès-Meknès,Café essalam,Café,Formel,Café essalam,34.0307165,-4.9935258,icons/cafe.png,OSM
Fès-Meknès,Epicerie El Khayrte,Supérette / Mini-market,Formel,Avenue Saint Louis,34.0231361,-5.0063311,icons/convenience.png,OSM
Fès-Meknès,Supérette / Mini-market sans nom,Supérette / Mini-market,Formel,Supérette / Mini-market sans nom,34.0369541,-4.9942384,icons/convenience.png,OSM
Fès-Meknès,Supérette / Mini-market sans nom,Supérette / Mini-market,Formel,Supérette / Mini-market sans nom,34.0227028,-5.0065848,icons/convenience.png,OSM
Fès-Meknès,Cafe odyssee,Café,Formel,Cafe odyssee,34.0359461,-5.000954,icons/cafe.png,OSM
Fès-Meknès,Café Teatros,Café,Formel,Rue Omar Al Idrissi,34.0381351,-4.9932627,icons/cafe.png,OSM
Fès-Meknès,Café Venizia Ice,Café,Formel,Rue Omar Al Idrissi,34.0387856,-4.9933699,icons/cafe.png,OSM
Fès-Meknès,Supérette / Mini-market sans nom,Supérette / Mini-market,Formel,Supérette / Mini-market sans nom,34.0372834,-4.9932525,icons/convenience.png,OSM
Fès-Meknès,Supérette / Mini-market sans nom,Supérette / Mini-market,Formel,Supérette / Mini-market sans nom,34.0367749,-4.9937645,icons/convenience.png,OSM
Fès-Meknès,Café Google,Café,Formel,Bld Dhar Marez,34.0327858,-4.9923296,icons/cafe.png,OSM
Fès-Meknès,Supérette / Mini-market sans nom,Supérette / Mini-market,Formel,Supérette / Mini-market sans nom,34.032661,-4.9922813,icons/convenience.png,OSM
Fès-Meknès,Supérette / Mini-market sans nom,Supérette / Mini-market,Formel,Supérette / Mini-market sans nom,34.0296852,-4.9930575,icons/convenience.png,OSM
Fès-Meknès,Snack oued dahab,Restaurant,Formel,Snack oued dahab,34.029494,-4.9929646,icons/restaurant.png,OSM
Fès-Meknès,Supérette / Mini-market sans nom,Supérette / Mini-market,Formel,Supérette / Mini-market sans nom,34.0333614,-4.9927154,icons/convenience.png,OSM
Fès-Meknès,Café Verre D'or,Café,Formel,Avenue Saint Louis,34.0220199,-5.0069744,icons/cafe.png,OSM
Fès-Meknès,Café Star Essaada,Café,Formel,Avenue Saint Louis,34.0218721,-5.0070437,icons/cafe.png,OSM
Fès-Meknès,Pharmacie Ravin صيدلية الرافان,Parapharmacie,Formel,"Rue Omar Al Idrissi, Fès",34.0345554,-4.9938759,icons/pharmacy.png,OSM
Fès-Meknès,Pharmacie Adarissa صيدلية أدارسة,Parapharmacie,Formel,"HAY SAADA RTE AIN CHQEF, Fès",34.0215149,-5.0070833,icons/pharmacy.png,OSM
Fès-Meknès,Café Menzah,Café,Formel,Avenue Saint Louis,34.021232,-5.0070358,icons/cafe.png,OSM
Fès-Meknès,Epicerie des étudiants Africains,Supérette / Mini-market,Formel,Rue Omar Al Idrissi,34.0348195,-4.9940028,icons/convenience.png,OSM
Fès-Meknès,Supérette / Mini-market sans nom,Supérette / Mini-market,Formel,Supérette / Mini-market sans nom,34.0346822,-4.9939214,icons/convenience.png,OSM
Fès-Meknès,Café Ritz,Café,Formel,Bv Otmane ben affane,34.0442789,-5.0062104,icons/cafe.png,OSM
Fès-Meknès,Casse-croûte Kotbi Khadija,Restaurant,Formel,Bv Otmane ben affane,34.0444352,-5.0058076,icons/restaurant.png,OSM
Fès-Meknès,Café Reda,Café,Formel,Bv Otmane ben affane,34.0438937,-5.0071174,icons/cafe.png,OSM
Fès-Meknès,Rocan Bleu,Café,Formel,Rue Hassan Dkhissi,34.0330033,-4.9940723,icons/cafe.png,OSM
Fès-Meknès,Étoile de l'Atlas,Café,Formel,Rue Hassan Dkhissi,34.0330335,-4.9937077,icons/cafe.png,OSM
Fès-Meknès,Café Brawn,Café,Formel,Avenue Saint Louis,34.0199377,-5.0067704,icons/cafe.png,OSM
Fès-Meknès,Casse-croute,Restaurant,Formel,Avenue Saint Louis,34.019229,-5.0066561,icons/restaurant.png,OSM
Fès-Meknès,Supérette / Mini-market sans nom,Supérette / Mini-market,Formel,Avenue Saint Louis,34.0188613,-5.0065644,icons/convenience.png,OSM
Fès-Meknès,Cremerie Ibno Batouta,Café,Formel,Avenue Saint Louis,34.0183881,-5.006599,icons/cafe.png,OSM
Fès-Meknès,Café Abitjanise,Café,Formel,Avenue Saint Louis,34.0182842,-5.0066198,icons/cafe.png,OSM
Fès-Meknès,Grego delice,Café,Formel,Grego delice,34.0302435,-4.9928215,icons/cafe.png,OSM
Fès-Meknès,Supérette / Mini-market sans nom,Supérette / Mini-market,Formel,Supérette / Mini-market sans nom,34.0329323,-4.9931286,icons/convenience.png,OSM
Fès-Meknès,Café Lavida,Café,Formel,Avenue Saint Louis,34.0180564,-5.0067678,icons/cafe.png,OSM
Fès-Meknès,Café gruzni,Café,Formel,Café gruzni,34.0309129,-4.9933283,icons/cafe.png,OSM
Fès-Meknès,Café shiran palace,Café,Formel,Café shiran palace,34.0311761,-4.9934173,icons/cafe.png,OSM
Fès-Meknès,Laiterie ennour,Café,Formel,Laiterie ennour,34.0317071,-4.9938117,icons/cafe.png,OSM
Fès-Meknès,Restaurant sans nom,Restaurant,Formel,Av Saint Louis,34.0158942,-5.0073067,icons/restaurant.png,OSM
Fès-Meknès,Café Mozart,Café,Formel,Av Saint Louis,34.0151392,-5.0074262,icons/cafe.png,OSM
Fès-Meknès,L' Arc de Triomphe,Café,Formel,Av Saint Louis,34.0147573,-5.0076021,icons/cafe.png,OSM
Fès-Meknès,Supérette / Mini-market sans nom,Supérette / Mini-market,Formel,Supérette / Mini-market sans nom,34.0143016,-5.0077354,icons/convenience.png,OSM
Fès-Meknès,Supérette / Mini-market sans nom,Supérette / Mini-market,Formel,Supérette / Mini-market sans nom,34.0435881,-5.0066485,icons/convenience.png,OSM
Fès-Meknès,Snack Moukhtar Alassam,Restaurant,Formel,Av. Abi Hanifa,34.0438116,-5.0069488,icons/restaurant.png,OSM
Fès-Meknès,Café La Nation,Café,Formel,Bv Otmane ben affane,34.0434746,-5.0081162,icons/cafe.png,OSM
Fès-Meknès,V. Des Olives,Épicerie,Informel,Av. Abi Hanifa,34.0435312,-5.0065779,icons/greengrocer.png,OSM
Fès-Meknès,Laitiere Ghizlane,Café,Formel,Av. Abi Hanifa,34.0434853,-5.0065158,icons/cafe.png,OSM
Fès-Meknès,Epicerie Charghine,Supérette / Mini-market,Formel,Bv Otmane ben affane,34.0435313,-5.0079834,icons/convenience.png,OSM
Fès-Meknès,Supérette / Mini-market sans nom,Supérette / Mini-market,Formel,Supérette / Mini-market sans nom,34.0432051,-5.0088069,icons/convenience.png,OSM
Fès-Meknès,Kiosque Bennani Abdelali,Kiosque,Informel,Bv Otmane ben affane,34.0429878,-5.0089893,icons/kiosk.png,OSM
Fès-Meknès,Les Canarier,Café,Formel,Av Saint Louis,34.0146557,-5.0073042,icons/cafe.png,OSM
Fès-Meknès,Laitière,Café,Formel,Bld Dhar Marez,34.0320899,-4.9936086,icons/cafe.png,OSM
Fès-Meknès,Supérette / Mini-market sans nom,Supérette / Mini-market,Formel,Supérette / Mini-market sans nom,34.0157403,-5.0070485,icons/convenience.png,OSM
Fès-Meknès,Pharmacie Yassine صيدلية ياسين,Parapharmacie,Formel,"Av Saint Louis RTE AIN CHKEF, Fès",34.0158487,-5.0070187,icons/pharmacy.png,OSM
Fès-Meknès,Café La Montana,Café,Formel,Av Saint Louis,34.0160266,-5.0069831,icons/cafe.png,OSM
Fès-Meknès,Café sans nom,Café,Formel,Café sans nom,33.4420811,-5.2247234,icons/cafe.png,OSM
Fès-Meknès,Café New Balima,Café,Formel,Bld Dhar Marez,34.0322739,-4.9921065,icons/cafe.png,OSM
Fès-Meknès,Kiosque sans nom,Kiosque,Informel,Bld Dhar Marez,34.0323787,-4.9914358,icons/kiosk.png,OSM
Fès-Meknès,Café la belle vie,Café,Formel,Route des champs,34.0327248,-4.9906636,icons/cafe.png,OSM
Fès-Meknès,Café Noumidia,Café,Formel,Route des champs,34.0330341,-4.9904606,icons/cafe.png,OSM
Fès-Meknès,Pharmacie Dhar El Mehraz صيدلية ظهر المهراز,Parapharmacie,Formel,Fès,34.0369664,-4.9896306,icons/pharmacy.png,OSM
Fès-Meknès,Supérette / Mini-market sans nom,Supérette / Mini-market,Formel,Supérette / Mini-market sans nom,34.016829,-5.0068083,icons/convenience.png,OSM
Fès-Meknès,Cremerie El Mahi,Café,Formel,Av Saint Louis,34.0171063,-5.006713,icons/cafe.png,OSM
Fès-Meknès,Café chatie,Café,Formel,Café chatie,34.0285008,-4.9933338,icons/cafe.png,OSM
Fès-Meknès,Supérette / Mini-market sans nom,Supérette / Mini-market,Formel,Supérette / Mini-market sans nom,34.0173936,-5.0066202,icons/convenience.png,OSM
Fès-Meknès,Café Zarhoune,Café,Formel,Route des champs,34.0353461,-4.9906236,icons/cafe.png,OSM
Fès-Meknès,Supérette / Mini-market sans nom,Supérette / Mini-market,Formel,Route des champs,34.0341849,-4.9904337,icons/convenience.png,OSM
Fès-Meknès,Pharmacie Jnane El Berdai صيدلية جنان البردعي,Parapharmacie,Formel,Fès ⴼⴰⵙ فاس,34.0349848,-5.0558381,icons/pharmacy.png,OSM
Fès-Meknès,Snak Lido,Restaurant,Formel,Route des champs,34.0340056,-4.9907273,icons/restaurant.png,OSM
Fès-Meknès,Ville venisia,Café,Formel,Ville venisia,34.0334301,-5.0550508,icons/cafe.png,OSM
Fès-Meknès,Pioche icecram,Café,Formel,Avenue Saint Louis,34.0180636,-5.0065044,icons/cafe.png,OSM
Fès-Meknès,Snack La Vie,Restaurant,Formel,Avenue Saint Louis,34.018308,-5.0064284,icons/restaurant.png,OSM
Fès-Meknès,Marbella Palace,Café,Formel,Avenue Saint Louis,34.0181847,-5.0064844,icons/cafe.png,OSM
Fès-Meknès,Café Espace Minissa,Café,Formel,Route des champs,34.0334718,-4.9907238,icons/cafe.png,OSM
Fès-Meknès,Snack Idrissi,Restaurant,Formel,Route des champs,34.0333861,-4.9907132,icons/restaurant.png,OSM
Fès-Meknès,Supérette / Mini-market sans nom,Supérette / Mini-market,Formel,Supérette / Mini-market sans nom,34.0194784,-5.0064632,icons/convenience.png,OSM
Fès-Meknès,Yang Tse,Restaurant,Formel,Imam chafai,34.0449574,-5.0067072,icons/restaurant.png,OSM
Fès-Meknès,Café Festina Palace,Café,Formel,Imam chafai,34.0450712,-5.0067543,icons/cafe.png,OSM
Fès-Meknès,Pharmacie de la Gare صيدلية المحطة,Parapharmacie,Formel,"Imam chafai, Fès",34.0448431,-5.0066483,icons/pharmacy.png,OSM
Fès-Meknès,Epicerie Idamir Tayeb,Supérette / Mini-market,Formel,Imam chafai,34.0447329,-5.0065942,icons/convenience.png,OSM
Fès-Meknès,Pharmacie Hay El Anbra صيدلية حي العنبرة,Parapharmacie,Formel,"38 AV IBN LKHATIB DERB EL WARD FES, Fès",34.0100955,-5.0352723,icons/pharmacy.png,OSM
Fès-Meknès,Pharmacie Saadi صيدلية السعدي,Parapharmacie,Formel,"715 LOTT ALKARAOUINE AIN CHEKEF, Fès",34.0047517,-5.0137715,icons/pharmacy.png,OSM
Fès-Meknès,Pharmacie Ain Amir صيدلية عين عمير,Parapharmacie,Formel,"3 Rue anas route ain chkef fes, 37 rue el flaha hay hassani rte ain chekaf, Fès",34.0026816,-5.004085,icons/pharmacy.png,OSM
Fès-Meknès,Snack Vinezia,Restaurant,Formel,Bld Dhar Marez,34.0324494,-4.9919947,icons/restaurant.png,OSM
Fès-Meknès,Café Tahiti,Café,Formel,Bld Dhar Marez,34.0329371,-4.9907664,icons/cafe.png,OSM
Fès-Meknès,Café Bendrom,Café,Formel,Bld Dhar Marez,34.0323312,-4.9931113,icons/cafe.png,OSM
Fès-Meknès,Pharmacie Boulevard du Joulane صيدلية شارع الجولان,Parapharmacie,Formel,"Rue M'diq, Fès",34.0314245,-4.9925868,icons/pharmacy.png,OSM
Fès-Meknès,V. fruits sec,Épicerie,Informel,Avenue Saint Louis,34.0199229,-5.0065595,icons/greengrocer.png,OSM
Fès-Meknès,Laitière,Café,Formel,Avenue Saint Louis,34.0200582,-5.0065601,icons/cafe.png,OSM
Fès-Meknès,Café Ocean,Café,Formel,Avenue Saint Louis,34.0206128,-5.0066578,icons/cafe.png,OSM
Fès-Meknès,Boulangerie sans nom,Boulangerie,Formel,Avenue Saint Louis,34.0199866,-5.0065497,icons/bakery.png,OSM
Fès-Meknès,Cremerie Rayan,Café,Formel,Avenue Saint Louis,34.0207342,-5.006691,icons/cafe.png,OSM
Fès-Meknès,Olivier,Épicerie,Informel,Avenue Saint Louis,34.0211252,-5.0068299,icons/greengrocer.png,OSM
Fès-Meknès,Café sans nom,Café,Formel,Avenue Saint Louis,34.0222365,-5.0065979,icons/cafe.png,OSM
Fès-Meknès,Café Sky Club,Café,Formel,Avenue Saint Louis,34.0223365,-5.006553,icons/cafe.png,OSM
Fès-Meknès,H.E.C.F,Boulangerie,Formel,Avenue Saint Louis,34.022293,-5.0065609,icons/bakery.png,OSM
Fès-Meknès,Snack Eltaj,Restaurant,Formel,Rue Tanger,34.0301475,-4.9920214,icons/restaurant.png,OSM
Fès-Meknès,Café Lily à pol,Café,Formel,Rue Tanger,34.0302774,-4.9920845,icons/cafe.png,OSM
Fès-Meknès,Laitière lido,Café,Formel,Bld Dhar Marez,34.0341282,-4.9902516,icons/cafe.png,OSM
Fès-Meknès,Boulangerie Oranais,Boulangerie,Formel,Bld Dhar Marez,34.0342726,-4.9900384,icons/bakery.png,OSM
Fès-Meknès,Légumier,Épicerie,Informel,Bld Dhar Marez,34.0344453,-4.9897939,icons/greengrocer.png,OSM
Fès-Meknès,Pharmacie Ville Nouvelle صيدلية المدينة الجديدة,Parapharmacie,Formel,"placE DE LA MARCHE VERTE, Avenue des Forces Armées Royales شارع الجيش الملكي, Fès",34.0343137,-4.9980042,icons/pharmacy.png,OSM
Fès-Meknès,Supérette / Mini-market sans nom,Supérette / Mini-market,Formel,Supérette / Mini-market sans nom,34.0346692,-4.9888873,icons/convenience.png,OSM
Fès-Meknès,Café Diamand Saada,Café,Formel,Avenue Saint Louis,34.0228658,-5.0061404,icons/cafe.png,OSM
Fès-Meknès,Café Gloria,Café,Formel,Avenue Saint Louis,34.0230918,-5.006038,icons/cafe.png,OSM
Fès-Meknès,Kiosque sans nom,Kiosque,Informel,Route Aïn Chkef طريق عين شقف,34.0233982,-5.005849,icons/kiosk.png,OSM
Fès-Meknès,Restaurant sans nom,Restaurant,Formel,Avenue Saint Louis,34.0239527,-5.0055568,icons/restaurant.png,OSM
Fès-Meknès,Cafe Arabica,Café,Formel,Avenue Saint Louis,34.0240448,-5.0054924,icons/cafe.png,OSM
Fès-Meknès,Legumier,Épicerie,Informel,Avenue Saint Louis,34.0237063,-5.0056999,icons/greengrocer.png,OSM
Fès-Meknès,Pharmacie du Boulevard صيدلية الشارع,Parapharmacie,Formel,"Avenue Abdallah Chefchaouni, Fès",34.0408528,-4.9966699,icons/pharmacy.png,OSM
Fès-Meknès,Cremerie Florida,Café,Formel,Avenue Saint Louis,34.0258297,-5.0045038,icons/cafe.png,OSM
Fès-Meknès,Crémier senhaji moumen,Café,Formel,Crémier senhaji moumen,34.0341886,-4.9977865,icons/cafe.png,OSM
Fès-Meknès,Epicerie Goumghar,Supérette / Mini-market,Formel,Epicerie Goumghar,34.0341434,-4.9976836,icons/convenience.png,OSM
Fès-Meknès,Café Mitropoul,Café,Formel,Avenue Ibn Al Haytam,34.0333172,-4.989569,icons/cafe.png,OSM
Fès-Meknès,Café Athene,Café,Formel,Avenue Saint Louis,34.0264159,-5.0040131,icons/cafe.png,OSM
Fès-Meknès,Pharmacie Mariam صيدلية مريم,Parapharmacie,Formel,Fès,33.9940124,-5.0477063,icons/pharmacy.png,OSM
Fès-Meknès,Légumier,Épicerie,Informel,Avenue Ibn Al Haytam,34.0335648,-4.99014,icons/greengrocer.png,OSM
Fès-Meknès,Hazer baba,Café,Formel,Hazer baba,34.0326789,-4.9953019,icons/cafe.png,OSM
Fès-Meknès,Adouak Asaada,Boulangerie,Formel,Avenue Saint Louis,34.026664,-5.0036201,icons/bakery.png,OSM
Fès-Meknès,Casse_croute,Restaurant,Formel,Avenue Saint Louis,34.0266158,-5.0037132,icons/restaurant.png,OSM
Fès-Meknès,Kessaria,Épicerie,Informel,Kessaria,34.0619228,-4.9833845,icons/greengrocer.png,OSM
Fès-Meknès,Berber cafe on roof terrace,Café,Formel,Berber cafe on roof terrace,34.0643538,-4.9736784,icons/cafe.png,OSM
Fès-Meknès,Café sans nom,Café,Formel,Café sans nom,34.0659947,-4.9723838,icons/cafe.png,OSM
Fès-Meknès,Pharmacie Oum Al Banine صيدلية أم البنين,Parapharmacie,Formel,"Boulevard Ahmed Mekouar, Fès",34.0586789,-4.9795617,icons/pharmacy.png,OSM
Fès-Meknès,Café cremerie L'esperance,Café,Formel,Avenue Saint Louis,34.0302643,-4.9993856,icons/cafe.png,OSM
Fès-Meknès,Saida Kharraz Pâtisserie Ghazala,Boulangerie,Formel,Ibn Hajar,34.0433491,-5.0090551,icons/bakery.png,OSM
Fès-Meknès,Laitiere El Karam Bahij M'hamed,Café,Formel,Ibn Hajar,34.0432557,-5.0090194,icons/cafe.png,OSM
Fès-Meknès,Casse-croûte El Karam Bahij Taoufik,Restaurant,Formel,Ibn Hajar,34.0431867,-5.0089914,icons/restaurant.png,OSM
Fès-Meknès,Café Calabria,Café,Formel,Ibn Hajar,34.0439259,-5.0093179,icons/cafe.png,OSM
Fès-Meknès,Café Bonjour,Café,Formel,Bld Dhar Marez,34.0337421,-4.9890867,icons/cafe.png,OSM
Fès-Meknès,Cafe Le Melting pot,Café,Formel,Avenue Saint Louis,34.0306734,-4.9989577,icons/cafe.png,OSM
Fès-Meknès,Restaurant Los Pescadores,Restaurant,Formel,"Avenue Saint Louis, Fès",34.030758,-4.9988678,icons/restaurant.png,OSM
Fès-Meknès,Pharmacie Sebti صيدلية السبتي,Parapharmacie,Formel,"rue Benzakour Pres Clinique ryad, Fès",34.0323548,-5.0002925,icons/pharmacy.png,OSM
Fès-Meknès,Café Aviation,Café,Formel,Bld Dhar Marez,34.0344857,-4.9889182,icons/cafe.png,OSM
Fès-Meknès,Epicier بقال,Supérette / Mini-market,Formel,Rue Ibn Hazm,34.0429699,-5.0105717,icons/convenience.png,OSM
Fès-Meknès,Café La Boussole,Café,Formel,Ibn Hazm,34.0427345,-5.0105666,icons/cafe.png,OSM
Fès-Meknès,Supérette / Mini-market sans nom,Supérette / Mini-market,Formel,Supérette / Mini-market sans nom,34.0258269,-5.0049977,icons/convenience.png,OSM
Fès-Meknès,V. Fruit Sec,Épicerie,Informel,Med Gharrnite,34.0252659,-5.0053466,icons/greengrocer.png,OSM
Fès-Meknès,Sandwich El Saada,Restaurant,Formel,Med Ghrrit,34.0250462,-5.0054765,icons/restaurant.png,OSM
Fès-Meknès,Supérette / Mini-market sans nom,Supérette / Mini-market,Formel,Supérette / Mini-market sans nom,34.0244579,-5.0058347,icons/convenience.png,OSM
Fès-Meknès,Pharmacie la Commune صيدلية الجماعة الجديدة,Parapharmacie,Formel,Fès ⴼⴰⵙ فاس,34.0333816,-5.0153706,icons/pharmacy.png,OSM
Fès-Meknès,Café El Manara Vert,Café,Formel,Bld Dhar Marez,34.0342888,-4.989102,icons/cafe.png,OSM
Fès-Meknès,Snack Maamoura,Restaurant,Formel,Snack Maamoura,33.8914336,-5.5743837,icons/restaurant.png,OSM
Fès-Meknès,Restaurant sans nom,Restaurant,Formel,Restaurant sans nom,34.031678,-4.9943723,icons/restaurant.png,OSM
Fès-Meknès,Ba kekki,Restaurant,Formel,Ba kekki,34.031707,-4.9945242,icons/restaurant.png,OSM
Fès-Meknès,Laiterie marmoucha,Café,Formel,Laiterie marmoucha,34.0315269,-4.9944674,icons/cafe.png,OSM
Fès-Meknès,Boulangerie la kbiri,Boulangerie,Formel,Boulangerie la kbiri,34.0314519,-4.9944597,icons/bakery.png,OSM
Fès-Meknès,Café Adam,Café,Formel,Café Adam,34.0281507,-4.9933925,icons/cafe.png,OSM
Fès-Meknès,Snack,Restaurant,Formel,Snack,34.0284309,-4.9938557,icons/restaurant.png,OSM
Fès-Meknès,Supérette / Mini-market sans nom,Supérette / Mini-market,Formel,Supérette / Mini-market sans nom,34.0284015,-4.9941719,icons/convenience.png,OSM
Fès-Meknès,Laiterie,Café,Formel,Laiterie,34.0284156,-4.994019,icons/cafe.png,OSM
Fès-Meknès,Café drugstore,Café,Formel,Bld Dhar Marez,34.0301691,-4.983606,icons/cafe.png,OSM
Fès-Meknès,Supérette / Mini-market sans nom,Supérette / Mini-market,Formel,Supérette / Mini-market sans nom,34.0254898,-5.0057681,icons/convenience.png,OSM
Fès-Meknès,Hui-Huang,Restaurant,Formel,Rue 17,34.0241163,-5.0067886,icons/restaurant.png,OSM
Fès-Meknès,Supérette / Mini-market sans nom,Supérette / Mini-market,Formel,Supérette / Mini-market sans nom,34.0292385,-4.981655,icons/convenience.png,OSM
Fès-Meknès,Pharmacie Youssra صيدلية يسرى,Parapharmacie,Formel,"801 bd ibn el haytem q sidi brahim, Fès",34.0293711,-4.9818124,icons/pharmacy.png,OSM
Fès-Meknès,Supérette / Mini-market sans nom,Supérette / Mini-market,Formel,Supérette / Mini-market sans nom,34.0238196,-5.006538,icons/convenience.png,OSM
Fès-Meknès,Café Les Fleurs,Café,Formel,Avenue Ibn Al Haytam,34.0294868,-4.9820621,icons/cafe.png,OSM
Fès-Meknès,Crémerie,Café,Formel,Crémerie,34.030551,-4.9939547,icons/cafe.png,OSM
Fès-Meknès,Cremerie,Café,Formel,rue Iben baja,34.0290313,-4.9775188,icons/cafe.png,OSM
Fès-Meknès,Supérette / Mini-market sans nom,Supérette / Mini-market,Formel,Supérette / Mini-market sans nom,34.0314202,-4.9951693,icons/convenience.png,OSM
Fès-Meknès,Café la tasse,Café,Formel,Café la tasse,34.0313442,-4.9951702,icons/cafe.png,OSM
Fès-Meknès,Restaurant Pam Pam,Restaurant,Formel,Avenue Ibn Al Atir,34.0218837,-5.0102799,icons/restaurant.png,OSM
Fès-Meknès,Café Best Time,Café,Formel,Avenue Ibn Al Atir,34.0221574,-5.0114696,icons/cafe.png,OSM
Fès-Meknès,Café La Capsule Sbai Regragui Mounia,Café,Formel,Avenue Ibn Al Atir,34.0214871,-5.0078429,icons/cafe.png,OSM
Fès-Meknès,Crémerie Andalous,Café,Formel,Avenue Ibn Al Atir,34.0218218,-5.0100114,icons/cafe.png,OSM
Fès-Meknès,Café Salcido,Café,Formel,Avenue Ibn Al Atir,34.0221416,-5.011595,icons/cafe.png,OSM
Fès-Meknès,Café Nantes,Café,Formel,Avenue Ibn Al Atir,34.0218954,-5.0105503,icons/cafe.png,OSM
Fès-Meknès,Café Aquario,Café,Formel,Avenue Ibn Al Atir,34.0221697,-5.0117336,icons/cafe.png,OSM
Fès-Meknès,Café najm,Café,Formel,Café najm,34.0308625,-4.995053,icons/cafe.png,OSM
Fès-Meknès,Supérette / Mini-market sans nom,Supérette / Mini-market,Formel,Supérette / Mini-market sans nom,34.0306874,-4.9950485,icons/convenience.png,OSM
Fès-Meknès,Salem Ahmed,Restaurant,Formel,Avenue Ibn Al Atir,34.0214163,-5.007495,icons/restaurant.png,OSM
Fès-Meknès,Laitiere Moutaouakkil Driss,Café,Formel,Avenue Ibn Al Atir,34.0216691,-5.0088075,icons/cafe.png,OSM
Fès-Meknès,Café Krouna,Café,Formel,Avenue Ibn Al Atir,34.0217376,-5.0095702,icons/cafe.png,OSM
Fès-Meknès,Café Al Hawdaj,Café,Formel,Avenue Ibn Al Atir,34.0217965,-5.0098044,icons/cafe.png,OSM
Fès-Meknès,Café French Club 2,Café,Formel,Avenue Ibn Al Atir,34.0213766,-5.0073772,icons/cafe.png,OSM
Fès-Meknès,Café New Relax,Café,Formel,Avenue Ibn Al Atir,34.0224736,-5.0124358,icons/cafe.png,OSM
Fès-Meknès,Supérette / Mini-market sans nom,Supérette / Mini-market,Formel,Supérette / Mini-market sans nom,34.0225295,-5.0125649,icons/convenience.png,OSM
Fès-Meknès,Café Dambloise,Café,Formel,Avenue Ibn Al Atir,34.0226522,-5.0129034,icons/cafe.png,OSM
Fès-Meknès,Café sans nom,Café,Formel,Café sans nom,34.0284689,-4.9945484,icons/cafe.png,OSM
Fès-Meknès,Restaurant Le Plaisir,Restaurant,Formel,Avenue Ibn Al Atir,34.0226019,-5.012789,icons/restaurant.png,OSM
Fès-Meknès,Pizza let si Go,Restaurant,Formel,Pizza let si Go,34.0278678,-4.9942915,icons/restaurant.png,OSM
Fès-Meknès,Café Cappella,Café,Formel,Avenue Al Ghassani,34.0441374,-4.9880426,icons/cafe.png,OSM
Fès-Meknès,Pharmacie Ilyas صيدلية إلياس,Parapharmacie,Formel,"LOTSS BAB Lghoul dhar Lmahraz A5 FES, Fès",34.0451274,-4.9876615,icons/pharmacy.png,OSM
Fès-Meknès,Supérette / Mini-market sans nom,Supérette / Mini-market,Formel,Supérette / Mini-market sans nom,34.0426635,-4.9863639,icons/convenience.png,OSM
Fès-Meknès,Cremerie,Café,Formel,Avenue Al Ghassani,34.0427964,-4.9864725,icons/cafe.png,OSM
Fès-Meknès,Pharmacie Bab Alghoul صيدلية باب الغول,Parapharmacie,Formel,"Avenue Mohamed Ben Arbi Alaoui شارع محمد السلاوي, Fès",34.0413437,-4.986712,icons/pharmacy.png,OSM
Fès-Meknès,Café Aya,Café,Formel,Avenue Mohamed Ben Arbi Alaoui,34.0401451,-4.9901502,icons/cafe.png,OSM
Fès-Meknès,Laitière El Massira,Café,Formel,Avenue Al Ghassani,34.0425691,-4.9863287,icons/cafe.png,OSM
Fès-Meknès,Cremerie Abir,Café,Formel,Avenue Mohamed Ben Arbi Alaoui,34.0404919,-4.9891168,icons/cafe.png,OSM
Fès-Meknès,Café la Brisa,Café,Formel,Rue Tanger,34.0291654,-4.9914864,icons/cafe.png,OSM
Fès-Meknès,Snak fes food,Restaurant,Formel,Snak fes food,34.0351459,-4.9984952,icons/restaurant.png,OSM
Fès-Meknès,Café haitam,Café,Formel,Café haitam,34.0282605,-4.9942023,icons/cafe.png,OSM
Fès-Meknès,Almajd,Restaurant,Formel,Rue 21,34.0235626,-5.0061412,icons/restaurant.png,OSM
Fès-Meknès,Supérette / Mini-market sans nom,Supérette / Mini-market,Formel,Supérette / Mini-market sans nom,34.0244716,-5.0066412,icons/convenience.png,OSM
Fès-Meknès,Épicerie raison food,Supérette / Mini-market,Formel,Épicerie raison food,34.0298304,-4.9945996,icons/convenience.png,OSM
Fès-Meknès,Épicerie azrar,Supérette / Mini-market,Formel,Épicerie azrar,34.0299953,-4.9946585,icons/convenience.png,OSM
Fès-Meknès,Cremerie,Café,Formel,Bld Dhar Marez,34.0276303,-4.9893657,icons/cafe.png,OSM
Fès-Meknès,Supérette / Mini-market sans nom,Supérette / Mini-market,Formel,Supérette / Mini-market sans nom,34.0283356,-4.989872,icons/convenience.png,OSM
Fès-Meknès,Supérette / Mini-market sans nom,Supérette / Mini-market,Formel,Supérette / Mini-market sans nom,34.0274231,-4.9887219,icons/convenience.png,OSM
Fès-Meknès,Pharmacie Marhaba صيدلية مرحبا,Parapharmacie,Formel,"HAY NAJAH SIDI BRAHIM RUE 2 N 98, Fès",34.0269793,-4.9880236,icons/pharmacy.png,OSM
Fès-Meknès,Supérette / Mini-market sans nom,Supérette / Mini-market,Formel,Supérette / Mini-market sans nom,34.0230656,-5.007084,icons/convenience.png,OSM
Fès-Meknès,Café Al Andalous,Café,Formel,rue Midelt,34.026815,-4.9869917,icons/cafe.png,OSM
Fès-Meknès,Supérette / Mini-market sans nom,Supérette / Mini-market,Formel,Supérette / Mini-market sans nom,34.026892,-4.9872491,icons/convenience.png,OSM
Fès-Meknès,Laitière zahrae,Café,Formel,Bld Dhar Marez,34.0267691,-4.9874536,icons/cafe.png,OSM
Fès-Meknès,Laitière alkheir,Café,Formel,Bld Dhar Marez,34.0264145,-4.9867704,icons/cafe.png,OSM
Fès-Meknès,Supérette / Mini-market sans nom,Supérette / Mini-market,Formel,Supérette / Mini-market sans nom,34.0251068,-4.9857372,icons/convenience.png,OSM
Fès-Meknès,Pharmacie Bahia صيدلية باهية,Parapharmacie,Formel,"Av MIDELT SIDI BRAHIM, Fès",34.0248246,-4.9854877,icons/pharmacy.png,OSM
Fès-Meknès,Supérette / Mini-market sans nom,Supérette / Mini-market,Formel,Supérette / Mini-market sans nom,34.0246311,-4.9852992,icons/convenience.png,OSM
Fès-Meknès,Sandwich Benmaseoud,Restaurant,Formel,Avenue Ouahrane,34.0246523,-4.9853306,icons/restaurant.png,OSM
Fès-Meknès,Laitiere Khayr Allah,Restaurant,Formel,Avenue Ibn Al Atir,34.0242396,-5.0165516,icons/restaurant.png,OSM
Fès-Meknès,Pharmacie Shimi صيدلية السحيمي,Parapharmacie,Formel,Meknès,33.8644802,-5.5421088,icons/pharmacy.png,OSM
Fès-Meknès,Pharmacie Pasteur صيدلية باستور,Parapharmacie,Formel,"Avenue Bir Anzarene شارع بئر أنزران, Meknès",33.8874997,-5.5415543,icons/pharmacy.png,OSM
Fès-Meknès,Pharmacie la Clinique صيدلية المصحة,Parapharmacie,Formel,"Avenue Bir Anzarene شارع بئر أنزران, Meknès",33.8897756,-5.5450361,icons/pharmacy.png,OSM
Fès-Meknès,Café Images L'astree,Café,Formel,Bld Dhar Marez,34.026927,-4.988727,icons/cafe.png,OSM
Fès-Meknès,Supérette / Mini-market sans nom,Supérette / Mini-market,Formel,Supérette / Mini-market sans nom,34.0254039,-4.9876226,icons/convenience.png,OSM
Fès-Meknès,Supérette / Mini-market sans nom,Supérette / Mini-market,Formel,Supérette / Mini-market sans nom,34.0229725,-4.9880121,icons/convenience.png,OSM
Fès-Meknès,Pharmacie Boughafer صيدلية بوغافر,Parapharmacie,Formel,"29 Rue Boughafer Narjis A, Fès",34.0222771,-4.9859761,icons/pharmacy.png,OSM
Fès-Meknès,Boulangerie el jawhara,Boulangerie,Formel,Boulevard Moulay Rachid,34.0217586,-4.9861653,icons/bakery.png,OSM
Fès-Meknès,Supérette / Mini-market sans nom,Supérette / Mini-market,Formel,Supérette / Mini-market sans nom,34.0218705,-4.9860275,icons/convenience.png,OSM
Fès-Meknès,Black Ice Cafe,Restaurant,Formel,Black Ice Cafe,34.0333274,-4.9971708,icons/restaurant.png,OSM
Fès-Meknès,Pharmacie Al Farabi صيدلية الفرابي,Parapharmacie,Formel,"LOTT HAJOUI DEKARAT, Fès فاس",34.0369228,-5.0206543,icons/pharmacy.png,OSM
Fès-Meknès,KFC,Restaurant,Formel,KFC,33.8967492,-5.5540119,icons/restaurant.png,OSM
Fès-Meknès,Crémerie Ziad,Café,Formel,Avenue Ibn Al Atir,34.024886,-5.0181391,icons/cafe.png,OSM
Fès-Meknès,Café Le Barron,Café,Formel,Avenue Ibn Al Atir,34.0219114,-5.0116899,icons/cafe.png,OSM
Fès-Meknès,Snack L' Escalope,Restaurant,Formel,Avenue Ibn Al Atir,34.0218518,-5.0112861,icons/restaurant.png,OSM
Fès-Meknès,Supérette / Mini-market sans nom,Supérette / Mini-market,Formel,Supérette / Mini-market sans nom,34.0247825,-5.017936,icons/convenience.png,OSM
Fès-Meknès,Pharmacie Zakaria صيدلية زكرياء,Parapharmacie,Formel,"Avenue Ibn Al Atir, Fès",34.0248226,-5.0180415,icons/pharmacy.png,OSM
Fès-Meknès,Supérette / Mini-market sans nom,Supérette / Mini-market,Formel,Supérette / Mini-market sans nom,34.0256467,-5.0196258,icons/convenience.png,OSM
Fès-Meknès,Alimentation générale et Fruits Secs,Épicerie,Informel,Avenue Ibn Al Atir,34.0257446,-5.0198023,icons/greengrocer.png,OSM
Fès-Meknès,Estrella,Boulangerie,Formel,Avenue Ibn Al Atir,34.0247778,-5.0184297,icons/bakery.png,OSM
Fès-Meknès,Café El Khalil,Café,Formel,Avenue Ibn Al Atir,34.0225858,-5.013459,icons/cafe.png,OSM
Fès-Meknès,Fassinova,Restaurant,Formel,Avenue Ibn Al Atir,34.0253723,-5.019115,icons/restaurant.png,OSM
Fès-Meknès,Café Malaika Hsinou Abdelilah,Café,Formel,Avenue Ibn Al Atir,34.0254312,-5.0192149,icons/cafe.png,OSM
Fès-Meknès,Café Chourafa,Café,Formel,Avenue Ibn Al Atir,34.0245012,-5.0178403,icons/cafe.png,OSM
Fès-Meknès,Café Normandie,Café,Formel,Avenue Ibn Al Atir,34.0242022,-5.0172092,icons/cafe.png,OSM
Fès-Meknès,Café sans nom,Café,Formel,Avenue Ibn Al Atir,34.0257061,-5.0197491,icons/cafe.png,OSM
Fès-Meknès,Pharmacie Chaymae صيدلية شيماء,Parapharmacie,Formel,Fès ⴼⴰⵙ فاس,34.0324461,-5.0585174,icons/pharmacy.png,OSM
Fès-Meknès,Café pyramisa,Café,Formel,Boulevard Moulay Rachid,34.0213768,-4.9826156,icons/cafe.png,OSM
Fès-Meknès,Supérette / Mini-market sans nom,Supérette / Mini-market,Formel,Supérette / Mini-market sans nom,34.0212121,-4.9828712,icons/convenience.png,OSM
Fès-Meknès,Pharmacie Ibn Haitam صيدلية بن الهيثم,Parapharmacie,Formel,"104 BV KAIRAOUANE NARJISS FES, Fès",34.0211705,-4.9830509,icons/pharmacy.png,OSM
Fès-Meknès,Cafe Baydir,Café,Formel,Boulevard Moulay Rachid,34.0210126,-4.9833401,icons/cafe.png,OSM
Fès-Meknès,Supérette / Mini-market sans nom,Supérette / Mini-market,Formel,Supérette / Mini-market sans nom,34.0204131,-4.9845366,icons/convenience.png,OSM
Fès-Meknès,Café El Karam,Café,Formel,Avenue Al Karama,34.020356,-4.9846849,icons/cafe.png,OSM
Fès-Meknès,Le 33,Café,Formel,Avenue Al Karama,34.0202119,-4.9849924,icons/cafe.png,OSM
Fès-Meknès,Pharmacie La Famille صيدلية العائلة,Parapharmacie,Formel,Meknès,33.8569858,-5.5408526,icons/pharmacy.png,OSM
Fès-Meknès,Café Adnane مقهى عدنان,Café,Formel,Café Adnane مقهى عدنان,33.9107955,-5.4907666,icons/cafe.png,OSM
Fès-Meknès,Cremerie,Café,Formel,Rue Ibn khilkan,34.0232309,-5.006433,icons/cafe.png,OSM
Fès-Meknès,Légumier,Épicerie,Informel,Rue Ibn Khilkan,34.0232028,-5.0063604,icons/greengrocer.png,OSM
Fès-Meknès,Le Go,Café,Formel,Le Go,33.919239,-5.4824472,icons/cafe.png,OSM
Fès-Meknès,Pharmacie Al Osra صيدلية الأسرة,Parapharmacie,Formel,Meknès,33.9186885,-5.4837168,icons/pharmacy.png,OSM
Fès-Meknès,Pharmacie Squalli صيدلية الصقلي,Parapharmacie,Formel,Meknès,33.857988,-5.5549754,icons/pharmacy.png,OSM
Fès-Meknès,أحد,Boulangerie,Formel,أحد,33.8574949,-5.5548024,icons/bakery.png,OSM
Fès-Meknès,Café Ibn Khaldoun مقهى ابن خلدون,Café,Formel,Café Ibn Khaldoun مقهى ابن خلدون,33.892302,-5.5380535,icons/cafe.png,OSM
Fès-Meknès,مقهى الوداية,Café,Formel,مقهى الوداية,33.8592763,-5.5529152,icons/cafe.png,OSM
Fès-Meknès,Pharmacie Principale الصيدلية الرئيسية,Parapharmacie,Formel,"Avenue Abdelkrim Al Khattabi شارع عبد الكريم الخطابي, Meknès",33.86997,-5.5550911,icons/pharmacy.png,OSM
Fès-Meknès,Pharmacie Avenue des FAR صيدلية شارع الجيش الملكي,Parapharmacie,Formel,"Boulevard des F.A.R شارع الجيش الملكي, Meknès",33.8946655,-5.5499772,icons/pharmacy.png,OSM
Fès-Meknès,Pharmacie de l'Université صيدلية الجامعة,Parapharmacie,Formel,"79 BIS HAY CHOUHADAE SIDI BRAHIM, Meknès",33.8687658,-5.5490291,icons/pharmacy.png,OSM
Fès-Meknès,Cremerie Aziza,Café,Formel,Avenue Al Karama,34.0206119,-4.9871954,icons/cafe.png,OSM
Fès-Meknès,Cremerie El firdaws,Café,Formel,Boulevard Moulay Rachid,34.0228174,-4.9885013,icons/cafe.png,OSM
Fès-Meknès,Supérette / Mini-market sans nom,Supérette / Mini-market,Formel,Supérette / Mini-market sans nom,34.0231303,-4.9886933,icons/convenience.png,OSM
Fès-Meknès,Supérette / Mini-market sans nom,Supérette / Mini-market,Formel,Supérette / Mini-market sans nom,34.0235062,-4.988917,icons/convenience.png,OSM
Fès-Meknès,Café la musée,Café,Formel,Boulevard Moulay Rachid,34.0234514,-4.9888861,icons/cafe.png,OSM
Fès-Meknès,Boulangerie el houcine,Boulangerie,Formel,Boulangerie el houcine,34.0305822,-4.9948196,icons/bakery.png,OSM
Fès-Meknès,Laiterie atlas,Café,Formel,Laiterie atlas,34.0307942,-4.9948339,icons/cafe.png,OSM
Fès-Meknès,"Au P""tit Snack",Restaurant,Formel,Bno Abi Zaraa,34.0227158,-5.0067746,icons/restaurant.png,OSM
Fès-Meknès,Laiterie alami,Café,Formel,Laiterie alami,34.0309877,-4.9948614,icons/cafe.png,OSM
Fès-Meknès,Pharmacie La Baraka صيدلية البركة,Parapharmacie,Formel,Meknès,33.857687,-5.5355748,icons/pharmacy.png,OSM
Fès-Meknès,Supérette / Mini-market sans nom,Supérette / Mini-market,Formel,Supérette / Mini-market sans nom,34.0207444,-5.0055289,icons/convenience.png,OSM
Fès-Meknès,Bousbata Mohammed Sghir et Driss Mahfoud El Khalfaoui,Café,Formel,Avenue Ibn Al Atir,34.0205848,-5.0047198,icons/cafe.png,OSM
Fès-Meknès,مقهى,Café,Formel,مقهى,33.858701,-5.5299584,icons/cafe.png,OSM
Fès-Meknès,Pharmacie Mabrouka صيدلية مبروكة,Parapharmacie,Formel,"27 LOTT MABROUKA HAY BELKHAYAT, Meknès ⴰⵎⴽⵏⴰⵙ مكناس",33.8546631,-5.5422107,icons/pharmacy.png,OSM
Fès-Meknès,Café Madrid Palace مقهى مدريد بلاس,Café,Formel,Café Madrid Palace مقهى مدريد بلاس,33.857396,-5.5367176,icons/cafe.png,OSM
Fès-Meknès,مقهى البندقية,Café,Formel,مقهى البندقية,33.858132,-5.5355675,icons/cafe.png,OSM
Fès-Meknès,مقهى الملتقى,Café,Formel,مقهى الملتقى,33.8615615,-5.5324577,icons/cafe.png,OSM
Fès-Meknès,Mondial Café,Café,Formel,Mondial Café,33.861065,-5.5316317,icons/cafe.png,OSM
Fès-Meknès,Pharmacie Sijilmassa صيدلية سجلماسة,Parapharmacie,Formel,Meknès,33.8592257,-5.5303016,icons/pharmacy.png,OSM
Fès-Meknès,Dragées Bennis,Boutique de confiserie,Informel,Avenue Ibn Al Atir,34.0208622,-5.0063083,icons/confectionery.png,OSM
Fès-Meknès,Tipico Pizza Fahmi Amine,Restaurant,Formel,Avenue Ibn Al Atir,34.0205369,-5.0045143,icons/restaurant.png,OSM
Fès-Meknès,Casse-croûte Laamiri Abdelouahed,Restaurant,Formel,Avenue Ibn Al Atir,34.0207596,-5.0056597,icons/restaurant.png,OSM
Fès-Meknès,Laitiere Ibn Al Atir,Café,Formel,Avenue Ibn Al Atir,34.0201947,-5.003306,icons/cafe.png,OSM
Fès-Meknès,مقهى أرينا,Café,Formel,مقهى أرينا,33.856705,-5.5284637,icons/cafe.png,OSM
Fès-Meknès,Café Titrite مقهى النجمة,Café,Formel,Café Titrite مقهى النجمة,33.858048,-5.5355793,icons/cafe.png,OSM
Fès-Meknès,مقهى,Café,Formel,مقهى,33.860275,-5.5348728,icons/cafe.png,OSM
Fès-Meknès,مقهى,Café,Formel,مقهى,33.859784,-5.5351424,icons/cafe.png,OSM
Fès-Meknès,مقهى شروق الشمس,Café,Formel,مقهى شروق الشمس,33.859702,-5.5351667,icons/cafe.png,OSM
Fès-Meknès,Pharmacie Al Anouar صيدلية الأنوار,Parapharmacie,Formel,Meknès,33.860505,-5.5346736,icons/pharmacy.png,OSM
Fès-Meknès,مقهى,Café,Formel,مقهى,33.860431,-5.5309849,icons/cafe.png,OSM
Fès-Meknès,مقهى العصافير,Café,Formel,مقهى العصافير,33.860163,-5.5307667,icons/cafe.png,OSM
Fès-Meknès,مقهى,Café,Formel,مقهى,33.857558,-5.5293911,icons/cafe.png,OSM
Fès-Meknès,Pharmacie Moulay Ali Cherif صيدلية مولاي علي الشريف,Parapharmacie,Formel,Meknès ⴰⵎⴽⵏⴰⵙ مكناس,33.8568459,-5.5291029,icons/pharmacy.png,OSM
Fès-Meknès,النخيل,Boulangerie,Formel,النخيل,33.856788,-5.5290289,icons/bakery.png,OSM
Fès-Meknès,مقهى,Café,Formel,مقهى,33.854445,-5.541262,icons/cafe.png,OSM
Fès-Meknès,Café Younes مقهى يونس,Café,Formel,Café Younes مقهى يونس,33.854796,-5.5420729,icons/cafe.png,OSM
Fès-Meknès,Café Le 64,Café,Formel,Avenue Ibn Al Atir,34.0202153,-5.0030353,icons/cafe.png,OSM
Fès-Meknès,Cafe la coste,Café,Formel,Boulevard Moulay Rachid,34.0249557,-4.9897999,icons/cafe.png,OSM
Fès-Meknès,Épicerie el fakia,Supérette / Mini-market,Formel,Épicerie el fakia,34.031177,-4.9948795,icons/convenience.png,OSM
Fès-Meknès,Provision fassia,Boutique de confiserie,Informel,Provision fassia,34.0312481,-4.9948843,icons/confectionery.png,OSM
Fès-Meknès,Laiterie el fassia,Café,Formel,Laiterie el fassia,34.0314328,-4.9949014,icons/cafe.png,OSM
Fès-Meknès,Laiterie moulay driss,Café,Formel,Laiterie moulay driss,34.0314963,-4.9949081,icons/cafe.png,OSM
Fès-Meknès,حانوت,Supérette / Mini-market,Formel,حانوت,33.8616572,-5.5323195,icons/convenience.png,OSM
Fès-Meknès,حانوت,Supérette / Mini-market,Formel,حانوت,33.858705,-5.5353019,icons/convenience.png,OSM
Fès-Meknès,حانوت,Supérette / Mini-market,Formel,حانوت,33.860844,-5.5345199,icons/convenience.png,OSM
Fès-Meknès,حانوت,Supérette / Mini-market,Formel,حانوت,33.858385,-5.5298456,icons/convenience.png,OSM
Fès-Meknès,Souq al Had,Épicerie,Informel,Souq al Had,34.2100088,-4.0218694,icons/greengrocer.png,OSM
Fès-Meknès,حانوت,Supérette / Mini-market,Formel,حانوت,33.857064,-5.5291533,icons/convenience.png,OSM
Fès-Meknès,Laitiere El Amrani,Café,Formel,Rue Khalil,34.0220899,-5.0137551,icons/cafe.png,OSM
Fès-Meknès,Kiosque Coca-Cola,Supérette / Mini-market,Formel,Avenue Ibn Al Atir,34.0214941,-5.0097122,icons/convenience.png,OSM
Fès-Meknès,Pharmacie Ayachi صيدلية العياشي,Parapharmacie,Formel,Meknès,33.867619,-5.5455112,icons/pharmacy.png,OSM
Fès-Meknès,Pharmacie Zouine صيدلية الزوين,Parapharmacie,Formel,"Rue Ahmed ben Driss Mellouli, Meknès",33.8665333,-5.5482972,icons/pharmacy.png,OSM
Fès-Meknès,Café El Ansary مقهى الأنصاري,Café,Formel,Café El Ansary مقهى الأنصاري,33.859362,-5.5450433,icons/cafe.png,OSM
Fès-Meknès,Café sans nom,Café,Formel,Rue 46,34.0228889,-5.0074096,icons/cafe.png,OSM
Fès-Meknès,Cafe Aliona,Café,Formel,Cafe Aliona,34.0382454,-5.004994,icons/cafe.png,OSM
Fès-Meknès,Supérette / Mini-market sans nom,Supérette / Mini-market,Formel,Supérette / Mini-market sans nom,34.0217964,-5.0070743,icons/convenience.png,OSM
Fès-Meknès,Supérette / Mini-market sans nom,Supérette / Mini-market,Formel,Supérette / Mini-market sans nom,34.0218607,-5.0078045,icons/convenience.png,OSM
Fès-Meknès,Royal Dragée,Boutique de confiserie,Informel,Rue El Ouakidi,34.0232662,-5.0084256,icons/confectionery.png,OSM
Fès-Meknès,Supérette / Mini-market sans nom,Supérette / Mini-market,Formel,Supérette / Mini-market sans nom,34.0223449,-5.0087913,icons/convenience.png,OSM
Fès-Meknès,Supérette / Mini-market sans nom,Supérette / Mini-market,Formel,Supérette / Mini-market sans nom,34.0205567,-5.0132599,icons/convenience.png,OSM
Fès-Meknès,Café Sandriyo,Café,Formel,Rue Abdelkadir Fassi,34.0201093,-5.0119608,icons/cafe.png,OSM
Fès-Meknès,Crémerie Al Baraka,Café,Formel,Mosquée Al Baraka Adarissa,34.0198121,-5.0143963,icons/cafe.png,OSM
Fès-Meknès,Supérette / Mini-market sans nom,Supérette / Mini-market,Formel,Supérette / Mini-market sans nom,34.0197739,-5.0142455,icons/convenience.png,OSM
Fès-Meknès,Supérette / Mini-market sans nom,Supérette / Mini-market,Formel,Supérette / Mini-market sans nom,34.0197284,-5.014801,icons/convenience.png,OSM
Fès-Meknès,Restaurant Escale,Restaurant,Formel,Haj Mustapha Lahlou Adarissa,34.0196632,-5.0144306,icons/restaurant.png,OSM
Fès-Meknès,Pharmacie El Azhar صيدلية الأزهر,Parapharmacie,Formel,"Haj Mustapha Lahlou Adarissa 2, Fès",34.0191682,-5.0126464,icons/pharmacy.png,OSM
Fès-Meknès,Supérette / Mini-market sans nom,Supérette / Mini-market,Formel,Supérette / Mini-market sans nom,34.0210316,-5.0144716,icons/convenience.png,OSM
Fès-Meknès,Laitiere El Farah,Café,Formel,Rue Volubilis,34.0215754,-5.0136889,icons/cafe.png,OSM
Fès-Meknès,Boulangerie Pâtisserie Al Anaka,Boulangerie,Formel,Haj Mustapha Lahlou,34.0198118,-5.0150585,icons/bakery.png,OSM
Fès-Meknès,Crémerie La Petite Perle,Café,Formel,Haj Mustapha Lahlou Adarissa,34.0195515,-5.013975,icons/cafe.png,OSM
Fès-Meknès,Café La Vana Bouhlal Bouchta,Café,Formel,Rue Khalil,34.0210136,-5.0145425,icons/cafe.png,OSM
Fès-Meknès,Supérette / Mini-market sans nom,Supérette / Mini-market,Formel,Supérette / Mini-market sans nom,34.0215725,-5.0135763,icons/convenience.png,OSM
Fès-Meknès,Café Coral Fes,Café,Formel,Rue Ariha,34.0207955,-5.0140095,icons/cafe.png,OSM
Fès-Meknès,Café Get Set,Café,Formel,Rue Abdelkadir Fassi,34.0199145,-5.0115226,icons/cafe.png,OSM
Fès-Meknès,Boulangerie Pâtisserie Al Baraka,Boulangerie,Formel,Mosquée Al Baraka Adarissa,34.0201866,-5.0142395,icons/bakery.png,OSM
Fès-Meknès,Crémerie Ennaim,Café,Formel,Haj Mustapha Lahlou Adarissa,34.0194478,-5.0140095,icons/cafe.png,OSM
Fès-Meknès,Laitiere Abou Al Karam,Café,Formel,Mosquée Al Baraka Adarissa,34.0201219,-5.0142825,icons/cafe.png,OSM
Fès-Meknès,Supérette / Mini-market sans nom,Supérette / Mini-market,Formel,Supérette / Mini-market sans nom,34.025804,-5.0068,icons/convenience.png,OSM
Fès-Meknès,Cremerie Al Akhawayne,Café,Formel,Av Tabari,34.0256686,-5.006873,icons/cafe.png,OSM
Fès-Meknès,Legumier,Épicerie,Informel,Av Tabari,34.0260145,-5.0067388,icons/greengrocer.png,OSM
Fès-Meknès,Café Nourat,Café,Formel,Route Aïn Smen,34.018005,-5.0194868,icons/cafe.png,OSM
Fès-Meknès,Supérette / Mini-market sans nom,Supérette / Mini-market,Formel,Supérette / Mini-market sans nom,34.0188508,-5.0186613,icons/convenience.png,OSM
Fès-Meknès,Cinema cafe,Restaurant,Formel,Rue Sidi El Khiyat,34.060114,-4.9813138,icons/restaurant.png,OSM
Fès-Meknès,Pharmacie Amal صيدلية أمل,Parapharmacie,Formel,EL HAJEB,33.685753,-5.3705802,icons/pharmacy.png,OSM
Fès-Meknès,Pharmacie El Menzeh صيدلية المنزه,Parapharmacie,Formel,Pharmacie El Menzeh صيدلية المنزه,33.7582918,-5.4851059,icons/pharmacy.png,OSM
Fès-Meknès,Pharmacie Acima صيدلية أسيما,Parapharmacie,Formel,"Avenue Zitoune, Meknès",33.8606512,-5.5488115,icons/pharmacy.png,OSM
Fès-Meknès,Café مقهى,Café,Formel,Café مقهى,33.893929,-5.5587798,icons/cafe.png,OSM
Fès-Meknès,Pharmacie Centrale الصيدلية المركزية,Parapharmacie,Formel,"Avenue Mohammed V شارع محمد الخامس, Meknès ⴰⵎⴽⵏⴰⵙ مكناس",33.8994507,-5.5467403,icons/pharmacy.png,OSM
Fès-Meknès,Pharmacie Touarga صيدلية تواركة,Parapharmacie,Formel,Meknès,33.874088,-5.5627752,icons/pharmacy.png,OSM
Fès-Meknès,Pharmacie Al Amal صيدلية الأمل,Parapharmacie,Formel,Meknès ⴰⵎⴽⵏⴰⵙ مكناس,33.892461,-5.5591006,icons/pharmacy.png,OSM
Fès-Meknès,Café Imailia مقهى الإسماعيلية,Café,Formel,Café Imailia مقهى الإسماعيلية,33.8936686,-5.5583129,icons/cafe.png,OSM
Fès-Meknès,Pharmacie de la Santé صيدلية الصحة,Parapharmacie,Formel,"Avenue Allal Ben Abdellah شارع علال بن عبدالله, Meknès",33.8966929,-5.5456661,icons/pharmacy.png,OSM
Fès-Meknès,Pharmacie Place d'Armes صيدلية ساحة السلاح,Parapharmacie,Formel,"Zenkat Ibn Khaldoun, Meknès",33.8932233,-5.538719,icons/pharmacy.png,OSM
Fès-Meknès,Pharmacie Badr صيدلية بدر,Parapharmacie,Formel,"Avenue Khalid Ibn Oualid, Meknès",33.9022611,-5.5210486,icons/pharmacy.png,OSM
Fès-Meknès,Restaurant Paradise Moumou,Restaurant,Formel,Restaurant Paradise Moumou,34.2143999,-4.0091792,icons/restaurant.png,OSM
Fès-Meknès,Restaurant Ramsis مطعم رمسيس,Restaurant,Formel,"Avenue Sidi Mohamed شارع سيدي محمد, Taza تازة",34.2231098,-4.0114181,icons/restaurant.png,OSM
Fès-Meknès,Café مقهى,Café,Formel,Café مقهى,33.8791766,-5.5626629,icons/cafe.png,OSM
Fès-Meknès,Pharmacie Kortoba صيدلية قرطبة,Parapharmacie,Formel,Meknès,33.8617708,-5.5459011,icons/pharmacy.png,OSM
Fès-Meknès,Pharmacie Ibn Al Hassan صيدلية ابن الحسن,Parapharmacie,Formel,"AIN KADDOUS A COTE DU PRISON, Fès ⴼⴰⵙ فاس",34.0605169,-5.0049131,icons/pharmacy.png,OSM
Fès-Meknès,مقهى,Café,Formel,مقهى,33.8629535,-5.5341898,icons/cafe.png,OSM
Fès-Meknès,Pharmacie Oued Eddahab صيدلية واد الذهب,Parapharmacie,Formel,Meknès,33.8625831,-5.5369066,icons/pharmacy.png,OSM
Fès-Meknès,Pharmacie Moulay Hachem صيدلية مولاي هاشم,Parapharmacie,Formel,"Avenue Bir Anzarene شارع بئر أنزران, Meknès",33.8638968,-5.5343875,icons/pharmacy.png,OSM
Fès-Meknès,Épicerie sans nom,Épicerie,Informel,Épicerie sans nom,34.0563735,-5.5231295,icons/greengrocer.png,OSM
Fès-Meknès,Cremerie Kings & Youngs,Café,Formel,Cremerie Kings & Youngs,34.0162375,-5.006245,icons/cafe.png,OSM
Fès-Meknès,Laiterie Adrouji,Café,Formel,Laiterie Adrouji,34.0165756,-5.0059415,icons/cafe.png,OSM
Fès-Meknès,Epicier Abeldi,Supérette / Mini-market,Formel,Epicier Abeldi,34.0166912,-5.0058512,icons/convenience.png,OSM
Fès-Meknès,Cafe classico,Café,Formel,Cafe classico,34.0174465,-5.0051761,icons/cafe.png,OSM
Fès-Meknès,Del Man Cafe,Café,Formel,Del Man Cafe,34.0164148,-5.0058648,icons/cafe.png,OSM
Fès-Meknès,Patisserie Lala Fatima,Boutique de confiserie,Informel,Patisserie Lala Fatima,34.0170596,-5.0053362,icons/confectionery.png,OSM
Fès-Meknès,KMB Snack,Restaurant,Formel,KMB Snack,34.0171721,-5.0052073,icons/restaurant.png,OSM
Fès-Meknès,Snack Carla D'or,Restaurant,Formel,Snack Carla D'or,34.017319,-5.0050782,icons/restaurant.png,OSM
Fès-Meknès,Cafe Touiti,Café,Formel,Cafe Touiti,34.0177713,-5.0047154,icons/cafe.png,OSM
Fès-Meknès,Pharmacie Faculté des Lettres صيدلية كلية الآداب,Parapharmacie,Formel,"Avenue Bir Anzarene شارع بئر أنزران, Meknès",33.8697602,-5.5386175,icons/pharmacy.png,OSM
Fès-Meknès,Véranda,Café,Formel,Véranda,33.8757581,-5.5337566,icons/cafe.png,OSM
Fès-Meknès,Supérette / Mini-market sans nom,Supérette / Mini-market,Formel,Supérette / Mini-market sans nom,34.0176264,-5.0050346,icons/convenience.png,OSM
Fès-Meknès,Vente de Légumes,Épicerie,Informel,Vente de Légumes,34.0177446,-5.0049276,icons/greengrocer.png,OSM
Fès-Meknès,Cafe DVD,Café,Formel,Cafe DVD,34.0183111,-5.0043301,icons/cafe.png,OSM
Fès-Meknès,Supérette / Mini-market sans nom,Supérette / Mini-market,Formel,Supérette / Mini-market sans nom,34.0188007,-5.0040768,icons/convenience.png,OSM
Fès-Meknès,Parapharmacie Ibn lkhatib,Parapharmacie,Formel,hay ain haroun rue 202 N 34 fes,34.019185,-5.0037386,icons/pharmacy.png,OSM
Fès-Meknès,Manhattan,Café,Formel,Manhattan,34.0205417,-5.0025755,icons/cafe.png,OSM
Fès-Meknès,Pharmacie Iraqi Karima صيدلية عراقي كريمة,Parapharmacie,Formel,"AV IBN ALKHATEB RTE AIN CHKEF, Avenue Lissan-Edine Ibn Al-Khatib شارع لسان الدين ابن الخطيب, Fès",34.0206327,-5.0025925,icons/pharmacy.png,OSM
Fès-Meknès,Epicier Seyar,Supérette / Mini-market,Formel,Epicier Seyar,34.0195908,-5.0033978,icons/convenience.png,OSM
Fès-Meknès,Oberoi,Café,Formel,Oberoi,34.0200422,-5.0030377,icons/cafe.png,OSM
Fès-Meknès,Ste Atlantico Fish,Restaurant,Formel,Ste Atlantico Fish,34.019495,-5.0034765,icons/restaurant.png,OSM
Fès-Meknès,Laitiere Badr,Café,Formel,Route Aïn Smen,34.0217969,-5.0174232,icons/cafe.png,OSM
Fès-Meknès,Olympia,Café,Formel,Olympia,33.8987519,-5.5475576,icons/cafe.png,OSM
Fès-Meknès,Pharmacie Al Ambra  صيدلية العنبرة,Parapharmacie,Formel,"38 bd El khatib derb el ward fes, Avenue Lissan-Edine Ibn Al-Khatib شارع لسان الدين ابن الخطيب, Fès",34.0227833,-4.9995074,icons/pharmacy.png,OSM
Fès-Meknès,Pharmacie Al Irfane صيدلية العرفان,Parapharmacie,Formel,"DERB EL WARD, Avenue Lissan-Edine Ibn Al-Khatib شارع لسان الدين ابن الخطيب, Fès",34.0175081,-5.0048856,icons/pharmacy.png,OSM
Fès-Meknès,Grillade Bensouda مشوار بن سودة,Restaurant,Formel,Grillade Bensouda مشوار بن سودة,34.0137583,-5.05064,icons/restaurant.png,OSM
Fès-Meknès,Supérette / Mini-market sans nom,Supérette / Mini-market,Formel,Supérette / Mini-market sans nom,34.0227202,-5.0257567,icons/convenience.png,OSM
Fès-Meknès,Café Abdou,Café,Formel,Mohammed 6 Hay Badr,34.0234871,-5.0266262,icons/cafe.png,OSM
Fès-Meknès,Crémerie La Buvette,Café,Formel,Avenue Mohammed VI,34.0238728,-5.026706,icons/cafe.png,OSM
Fès-Meknès,Pharmacie Amal Achifae صيدلية أمل الشفاء,Parapharmacie,Formel,"113 LOTT CHAMS BENSOUDA FES ZOUAGHA, Fès",34.0303207,-5.0546196,icons/pharmacy.png,OSM
Fès-Meknès,Café Barbecue House,Café,Formel,Route Aïn Smen,34.0236174,-5.0162036,icons/cafe.png,OSM
Fès-Meknès,Café Lina Nova,Café,Formel,Mohammed 6 Route Ain Smen,34.018525,-5.0205552,icons/cafe.png,OSM
Fès-Meknès,Supérette / Mini-market sans nom,Supérette / Mini-market,Formel,Supérette / Mini-market sans nom,34.0189146,-5.0200188,icons/convenience.png,OSM
Fès-Meknès,Café Champs-Elysées,Café,Formel,Route Aïn Smen,34.0196486,-5.0182642,icons/cafe.png,OSM
Fès-Meknès,Café Luxor,Café,Formel,Route Aïn Smen,34.0196834,-5.0180017,icons/cafe.png,OSM
Fès-Meknès,Pharmacie Badr صيدلية بدر,Parapharmacie,Formel,"CITé Adarissa ang route Ain smen, Fès",34.0215987,-5.0167602,icons/pharmacy.png,OSM
Fès-Meknès,Café Arabesc Ahl Fes,Café,Formel,Mohammed 6 Hay Badr,34.0197253,-5.0229323,icons/cafe.png,OSM
Fès-Meknès,Café Half Moon,Café,Formel,Route Aïn Smen,34.0195881,-5.0184454,icons/cafe.png,OSM
Fès-Meknès,Crémerie Société Gzira,Café,Formel,Route Aïn Smen,34.0235112,-5.0162578,icons/cafe.png,OSM
Fès-Meknès,Supérette / Mini-market sans nom,Supérette / Mini-market,Formel,Supérette / Mini-market sans nom,34.0212355,-5.0172822,icons/convenience.png,OSM
Fès-Meknès,Laitiere Senhaji Mohammed,Café,Formel,Route Aïn Smen,34.0225572,-5.0164304,icons/cafe.png,OSM
Fès-Meknès,Boulangerie Pâtisserie Levizir Louizi Rachid,Boulangerie,Formel,Place Ba Hnini,34.0237798,-5.0154527,icons/bakery.png,OSM
Fès-Meknès,Gusto Justo,Restaurant,Formel,Mohammed 6 Route Ain Smen,34.0182295,-5.0200559,icons/restaurant.png,OSM
Fès-Meknès,Tacos De Fes,Restaurant,Formel,Mohammed 6 Route Ain Smen,34.0191492,-5.0203755,icons/restaurant.png,OSM
Fès-Meknès,Pharmacie Azzahrae صيدلية الزهراء,Parapharmacie,Formel,"Mohammed 6 Hay Lala soukaina fes, Fès",34.0202531,-5.0235395,icons/pharmacy.png,OSM
Fès-Meknès,Tacos Naoufal Benhaddou,Restaurant,Formel,Route Ain Smen Hay Badr,34.0198759,-5.018767,icons/restaurant.png,OSM
Fès-Meknès,Café Veroca,Café,Formel,Mohammed El Fassi Hay Adarissa,34.017466,-5.0167367,icons/cafe.png,OSM
Fès-Meknès,Snack L'Habib Alaoui Balghiti,Restaurant,Formel,route Ain Smen Hay Badr,34.0198359,-5.0183744,icons/restaurant.png,OSM
Fès-Meknès,Pharmacie Agdal صيدلية أكدال,Parapharmacie,Formel,"Route Ain Smen Hay Badr, Fès",34.0214796,-5.0205636,icons/pharmacy.png,OSM
Fès-Meknès,Supérette / Mini-market sans nom,Supérette / Mini-market,Formel,Supérette / Mini-market sans nom,34.0199964,-5.0190264,icons/convenience.png,OSM
Fès-Meknès,Café Lool Pool,Café,Formel,Rue Chaouki,34.016731,-5.0165294,icons/cafe.png,OSM
Fès-Meknès,Café Destinia,Café,Formel,Mohammed 6 Hay Badr,34.0204229,-5.0239841,icons/cafe.png,OSM
Fès-Meknès,Café Palmiras,Café,Formel,Mohammed 6 Hay Badr,34.0218838,-5.0254999,icons/cafe.png,OSM
Fès-Meknès,Supérette / Mini-market sans nom,Supérette / Mini-market,Formel,Supérette / Mini-market sans nom,34.0145881,-5.0103313,icons/convenience.png,OSM
Fès-Meknès,Café Room 147,Café,Formel,Mohammed El Fassi Hay Adarissa,34.0173654,-5.0168168,icons/cafe.png,OSM
Fès-Meknès,Restaurant Costa Serena,Restaurant,Formel,Route Ain Smen Hay Badr Face Mosquée Badr,34.0235415,-5.0205108,icons/restaurant.png,OSM
Fès-Meknès,Pâtisserie Costa Serena,Boulangerie,Formel,Route Ain Smen Hay Badr Face Mosquée Badr,34.0234923,-5.0203727,icons/bakery.png,OSM
Fès-Meknès,Café La Brise Rouen,Café,Formel,Route Ain Smen Hay Badr Face Mosquée Badr,34.0234154,-5.02018,icons/cafe.png,OSM
Fès-Meknès,Hazerg Brahim Epicier,Supérette / Mini-market,Formel,Route Ain Smen Hay Badr Face Mosquée Badr,34.0233475,-5.0200134,icons/convenience.png,OSM
Fès-Meknès,Pharmacie Labaraka صيدلية البركة,Parapharmacie,Formel,"Omar Ibn Abdeljalil Hay Adarissa, Fès",34.0189521,-5.0152133,icons/pharmacy.png,OSM
Fès-Meknès,Café & You Club,Café,Formel,Omar Ibn Abdeljalil Hay Adarissa Lotis Firdaous,34.0187376,-5.0144825,icons/cafe.png,OSM
Fès-Meknès,Ait Lamaalem Mohammed Epicier,Supérette / Mini-market,Formel,Omar Ibn Abdeljalil Hay Adarissa,34.0184882,-5.0134775,icons/convenience.png,OSM
Fès-Meknès,Ait Mouh Lahcen Epicier,Supérette / Mini-market,Formel,Route Ain Smen Hay Badr Rue Thami Harouchi,34.0225889,-5.021735,icons/convenience.png,OSM
Fès-Meknès,Crémerie 33 Michigan,Café,Formel,Omar Ibn Abdeljalil Hay Adarissa,34.018309,-5.0131048,icons/cafe.png,OSM
Fès-Meknès,Café Costa Serena Société Nor Concept,Café,Formel,Route Ain Smen Hay Badr,34.0236187,-5.0206773,icons/cafe.png,OSM
Fès-Meknès,Pharmacie Ennassiri صيدلية الناصري,Parapharmacie,Formel,"Route Ain Smen Hay Badr, Fès",34.0233883,-5.0210753,icons/pharmacy.png,OSM
Fès-Meknès,Hazerg Iaaz Epicier,Supérette / Mini-market,Formel,Route Ain Smen Hay Badr Rue Thami Harouchi,34.0223257,-5.021519,icons/convenience.png,OSM
Fès-Meknès,Supérette / Mini-market sans nom,Supérette / Mini-market,Formel,Supérette / Mini-market sans nom,34.0181926,-5.0128539,icons/convenience.png,OSM
Fès-Meknès,Veronica,Café,Formel,شارع عبد الكريم الخطابي,33.8780507,-5.5613115,icons/cafe.png,OSM
Fès-Meknès,Lina ice,Café,Formel,Avenue Yacoub Al Mansour,33.9013474,-5.5411434,icons/cafe.png,OSM
Fès-Meknès,Pharmacie Omari صيدلية عماري,Parapharmacie,Formel,"HAY SAADA, Fès",34.0268791,-5.0063514,icons/pharmacy.png,OSM
Fès-Meknès,Snack Restaurant Vietnamien,Restaurant,Formel,Tabari,34.0265365,-5.006559,icons/restaurant.png,OSM
Fès-Meknès,Casse_croute,Restaurant,Formel,Tabari,34.0258397,-5.0069502,icons/restaurant.png,OSM
Fès-Meknès,Café sans nom,Café,Formel,Tabari,34.0257938,-5.0069659,icons/cafe.png,OSM
Fès-Meknès,Vente des legumes,Épicerie,Informel,Etabari,34.0251794,-5.0073011,icons/greengrocer.png,OSM
Fès-Meknès,Casse_croute,Restaurant,Formel,Rue N°5,34.0263233,-5.0071683,icons/restaurant.png,OSM
Fès-Meknès,epicerie,Supérette / Mini-market,Formel,Rue N° 5,34.026565,-5.008141,icons/convenience.png,OSM
Fès-Meknès,Pharmacie Demnati صيدلية الدمناتي,Parapharmacie,Formel,"HAY Gryou bloc B_N 27 FES, 9 HAY GRIOU ZOUAGHA, Fès",34.0207935,-5.0303522,icons/pharmacy.png,OSM
Fès-Meknès,Café Bismillah,Café,Formel,Rue 65,34.0218506,-5.0093076,icons/cafe.png,OSM
Fès-Meknès,Cafe Nour,Café,Formel,Rue 65,34.0231197,-5.009089,icons/cafe.png,OSM
Fès-Meknès,Pharmacie Platanes صيدلية السيجان,Parapharmacie,Formel,Fès,34.0043523,-5.00755,icons/pharmacy.png,OSM
Fès-Meknès,Restaurant Bouanania,Restaurant,Formel,"Rue Talaâ Kbira الطالعة الكبيرة, Fes Médina",34.0619008,-4.9839297,icons/restaurant.png,OSM
Fès-Meknès,Pharmacie de l'Atlas صيدلية الأطلس,Parapharmacie,Formel,"place de Atlass, Fès",34.0318989,-4.9948294,icons/pharmacy.png,OSM
Fès-Meknès,Café Atlas,Café,Formel,Café Atlas,34.0319699,-4.994993,icons/cafe.png,OSM
Fès-Meknès,Snack lahlou,Restaurant,Formel,Snack lahlou,34.0326279,-4.9952232,icons/restaurant.png,OSM
Fès-Meknès,Laiterie ghazala,Café,Formel,Laiterie ghazala,34.0323998,-4.995215,icons/cafe.png,OSM
Fès-Meknès,Café Rex,Café,Formel,Café Rex,34.0323108,-4.9952288,icons/cafe.png,OSM
Fès-Meknès,Snack el madina,Restaurant,Formel,Snack el madina,34.032236,-4.995205,icons/restaurant.png,OSM
Fès-Meknès,Kiosque sans nom,Kiosque,Informel,Kiosque sans nom,34.0322119,-4.9949768,icons/kiosk.png,OSM
Fès-Meknès,Snack abdou,Restaurant,Formel,Snack abdou,34.0328106,-4.996538,icons/restaurant.png,OSM
Fès-Meknès,Vent fruit sec,Épicerie,Informel,Vent fruit sec,34.0178498,-5.0058884,icons/greengrocer.png,OSM
Fès-Meknès,Big chef pizza,Restaurant,Formel,Big chef pizza,34.0175813,-5.0054743,icons/restaurant.png,OSM
Fès-Meknès,Fragola,Restaurant,Formel,Fragola,34.0177605,-5.0055449,icons/restaurant.png,OSM
Fès-Meknès,Délices,Restaurant,Formel,Délices,34.0180548,-5.0060308,icons/restaurant.png,OSM
Fès-Meknès,Fes Para,Parapharmacie,Formel,Rue 65,34.0272923,-5.0086689,icons/pharmacy.png,OSM
Fès-Meknès,Para Iraqi,Parapharmacie,Formel,Rue 65,34.0277934,-5.0093962,icons/pharmacy.png,OSM
Fès-Meknès,Epicier بقال,Supérette / Mini-market,Formel,Rue 65,34.0254053,-5.0089023,icons/convenience.png,OSM
Fès-Meknès,Epicier بقال,Supérette / Mini-market,Formel,Rue 65,34.0247705,-5.0090093,icons/convenience.png,OSM
Fès-Meknès,Fougasse,Boulangerie,Formel,Rue 65,34.0242101,-5.009065,icons/bakery.png,OSM
Fès-Meknès,Epicier بقال,Supérette / Mini-market,Formel,Rue 65,34.0240212,-5.0090879,icons/convenience.png,OSM
Fès-Meknès,Pharmacie Afifa صيدلية عفيفة,Parapharmacie,Formel,"HAY SAADA RESIDENCE NOUR, Fès",34.0234473,-5.0091718,icons/pharmacy.png,OSM
Fès-Meknès,Epicier et tabac,Supérette / Mini-market,Formel,Rue 65,34.0236539,-5.0091291,icons/convenience.png,OSM
Fès-Meknès,Epicier بقال,Supérette / Mini-market,Formel,Rue 65,34.0231383,-5.009203,icons/convenience.png,OSM
Fès-Meknès,Marjane Fès II,Supermarché,Formel,Marjane Fès II,33.9856729,-4.999559,icons/supermarket.png,OSM
Fès-Meknès,L'escalade,Boulangerie,Formel,L'escalade,33.4356095,-5.2211677,icons/bakery.png,OSM
Fès-Meknès,Prince Café Pâtisserie,Café,Formel,Prince Café Pâtisserie,33.4415942,-5.2263609,icons/cafe.png,OSM
Fès-Meknès,Épicier,Supérette / Mini-market,Formel,Route Ain Chkef,34.0146496,-5.0007825,icons/convenience.png,OSM
Fès-Meknès,Cremerie champ de fruit,Café,Formel,Route Ain Chkef,34.0146191,-5.000925,icons/cafe.png,OSM
Fès-Meknès,Snak Lille,Restaurant,Formel,Avenue Ibn Al Atir,34.0145767,-5.0011091,icons/restaurant.png,OSM
Fès-Meknès,Legumier,Épicerie,Informel,Hay Nour,34.0237005,-5.0096182,icons/greengrocer.png,OSM
Fès-Meknès,Epicier بقال,Supérette / Mini-market,Formel,Hay Nour,34.0239186,-5.0105698,icons/convenience.png,OSM
Fès-Meknès,Pharmacie Ifrane صيدلية إفران,Parapharmacie,Formel,"Lot QODS route Immouzer, Fès",34.0144858,-5.0015964,icons/pharmacy.png,OSM
Fès-Meknès,Café la calise,Café,Formel,avenue mohamed El Fassi,34.0143698,-5.0017964,icons/cafe.png,OSM
Fès-Meknès,Cremerie Salade de fruits Zouine,Café,Formel,Route Ain Chkef,34.0144804,-5.0014743,icons/cafe.png,OSM
Fès-Meknès,Supérette / Mini-market sans nom,Supérette / Mini-market,Formel,Supérette / Mini-market sans nom,34.0144735,-5.0015115,icons/convenience.png,OSM
Fès-Meknès,Café Oscar,Café,Formel,Route Ain Chkef,34.0143185,-5.0019589,icons/cafe.png,OSM
Fès-Meknès,Café Vip,Café,Formel,Route Ain Chkef,34.0142782,-5.0021354,icons/cafe.png,OSM
Fès-Meknès,Le tarbouche,Restaurant,Formel,"Rue Talaâ Kbira الطالعة الكبيرة, Fes Médina",34.0639245,-4.9809009,icons/restaurant.png,OSM
Fès-Meknès,Café al fakhir,Café,Formel,Café al fakhir,34.0329203,-4.9968123,icons/cafe.png,OSM
Fès-Meknès,Crémerie argana,Café,Formel,Crémerie argana,34.0330506,-4.9963343,icons/cafe.png,OSM
Fès-Meknès,Vente Du Pain,Boulangerie,Formel,Hay Nour,34.0229335,-5.0093563,icons/bakery.png,OSM
Fès-Meknès,Snack Atlas,Restaurant,Formel,Snack Atlas,34.0324356,-4.995353,icons/restaurant.png,OSM
Fès-Meknès,Snack omar,Restaurant,Formel,Snack omar,34.0322668,-4.996524,icons/restaurant.png,OSM
Fès-Meknès,Café marcana palace,Café,Formel,Café marcana palace,34.0323006,-4.9962692,icons/cafe.png,OSM
Fès-Meknès,l'Omega 3 لوميكا,Café,Formel,Fès فاس,34.025281,-5.0329079,icons/cafe.png,OSM
Fès-Meknès,Taco tac,Restaurant,Formel,Taco tac,34.0142659,-5.0027169,icons/restaurant.png,OSM
Fès-Meknès,Cremerie,Café,Formel,Route Ain Chkef,34.013929,-5.0073552,icons/cafe.png,OSM
Fès-Meknès,Para saada,Parapharmacie,Formel,Hay Nour,34.0228165,-5.009449,icons/pharmacy.png,OSM
Fès-Meknès,Epicier بقال,Supérette / Mini-market,Formel,Hay Nour,34.0227162,-5.009276,icons/convenience.png,OSM
Fès-Meknès,Café le stendhal,Café,Formel,Route Ain Chkef,34.0141233,-5.0064103,icons/cafe.png,OSM
Fès-Meknès,Para Medicos,Parapharmacie,Formel,Route Ain Chkef,34.0164825,-5.0013164,icons/pharmacy.png,OSM
Fès-Meknès,Supérette / Mini-market sans nom,Supérette / Mini-market,Formel,Supérette / Mini-market sans nom,34.0146731,-5.0020228,icons/convenience.png,OSM
Fès-Meknès,Borj el hout,Restaurant,Formel,Borj el hout,34.032175,-4.9953819,icons/restaurant.png,OSM
Fès-Meknès,Café orientale,Café,Formel,Café orientale,34.03216,-4.9954583,icons/cafe.png,OSM
Fès-Meknès,Grillade diko,Restaurant,Formel,Grillade diko,34.0320869,-4.9957808,icons/restaurant.png,OSM
Fès-Meknès,Supérette / Mini-market sans nom,Supérette / Mini-market,Formel,Supérette / Mini-market sans nom,34.0320561,-4.9958566,icons/convenience.png,OSM
Fès-Meknès,Restaurant belmaki,Restaurant,Formel,Restaurant belmaki,34.0319276,-4.9964627,icons/restaurant.png,OSM
Fès-Meknès,Restaurant le 300,Restaurant,Formel,Restaurant le 300,34.0321486,-4.9955107,icons/restaurant.png,OSM
Fès-Meknès,Restaurant debbagh,Restaurant,Formel,Restaurant debbagh,34.0321066,-4.9957098,icons/restaurant.png,OSM
Fès-Meknès,Epicier بقال,Supérette / Mini-market,Formel,Hay Nour,34.0227747,-5.010122,icons/convenience.png,OSM
Fès-Meknès,Casse_croute,Restaurant,Formel,Hay Nour,34.0222188,-5.0105321,icons/restaurant.png,OSM
Fès-Meknès,Café Normandie,Café,Formel,Route Ain Chkef,34.014222,-5.0026106,icons/cafe.png,OSM
Fès-Meknès,Laiterie mohamed taha,Café,Formel,Laiterie mohamed taha,34.0317338,-4.9953353,icons/cafe.png,OSM
Fès-Meknès,Vendeur de légumes,Épicerie,Informel,Vendeur de légumes,34.0317401,-4.9952785,icons/greengrocer.png,OSM
Fès-Meknès,Kiosque épicerie,Kiosque,Informel,Kiosque épicerie,34.031879,-4.9952655,icons/kiosk.png,OSM
Fès-Meknès,Restaurant slaoui,Restaurant,Formel,Restaurant slaoui,34.0317239,-4.9955902,icons/restaurant.png,OSM
Fès-Meknès,Epicier بقال,Supérette / Mini-market,Formel,Hay Nour,34.0221675,-5.0105417,icons/convenience.png,OSM
Fès-Meknès,Café voyageurs,Café,Formel,Café voyageurs,34.0310769,-4.9967167,icons/cafe.png,OSM
Fès-Meknès,Épicerie tabac,Supérette / Mini-market,Formel,Épicerie tabac,34.0327683,-4.9968692,icons/convenience.png,OSM
Fès-Meknès,Café Zahra errabie,Café,Formel,Café Zahra errabie,34.0315592,-4.99678,icons/cafe.png,OSM
Fès-Meknès,Café sans nom,Café,Formel,Café sans nom,34.0314127,-4.9967581,icons/cafe.png,OSM
Fès-Meknès,Produits agricoles,Épicerie,Informel,Produits agricoles,34.0308598,-4.9963723,icons/greengrocer.png,OSM
Fès-Meknès,Supérette / Mini-market sans nom,Supérette / Mini-market,Formel,Supérette / Mini-market sans nom,34.0307894,-4.9955099,icons/convenience.png,OSM
Fès-Meknès,Epicier baraka,Supérette / Mini-market,Formel,Epicier baraka,34.0195355,-5.0008707,icons/convenience.png,OSM
Fès-Meknès,Cremerie allidin,Café,Formel,Cremerie allidin,34.0196359,-5.0009172,icons/cafe.png,OSM
Fès-Meknès,Pharmacie Al Korachi صيدلية القرشي,Parapharmacie,Formel,"AV IBN KHALDOUN HAY ALAZHAR, Fès",34.0191247,-5.0016602,icons/pharmacy.png,OSM
Fès-Meknès,Epicier zammouri,Supérette / Mini-market,Formel,Epicier zammouri,34.0177769,-5.0029394,icons/convenience.png,OSM
Fès-Meknès,Epicier jaafar,Supérette / Mini-market,Formel,Epicier jaafar,34.0191481,-5.001764,icons/convenience.png,OSM
Fès-Meknès,Epicier elyoubi,Supérette / Mini-market,Formel,Epicier elyoubi,34.017824,-5.002154,icons/convenience.png,OSM
Fès-Meknès,Pharmacie Jabri صيدلية جابري,Parapharmacie,Formel,"avenue ibn lkhatteb, Fès",34.0158774,-5.0043792,icons/pharmacy.png,OSM
Fès-Meknès,Cremerie Bismillah,Café,Formel,Hay Nour,34.0224197,-5.0114791,icons/cafe.png,OSM
Fès-Meknès,Epicier L'oulidi,Supérette / Mini-market,Formel,Epicier L'oulidi,34.0171879,-5.0032028,icons/convenience.png,OSM
Fès-Meknès,Epicier bihi,Supérette / Mini-market,Formel,Epicier bihi,34.0189308,-5.0032105,icons/convenience.png,OSM
Fès-Meknès,Epicier ait malek,Supérette / Mini-market,Formel,Epicier ait malek,34.0146084,-5.003188,icons/convenience.png,OSM
Fès-Meknès,Epicier salhi,Supérette / Mini-market,Formel,Epicier salhi,34.0151641,-5.0041788,icons/convenience.png,OSM
Fès-Meknès,Epicier bouledden,Supérette / Mini-market,Formel,Epicier bouledden,34.0145729,-5.0044019,icons/convenience.png,OSM
Fès-Meknès,Pâtisserie Ennaim,Boulangerie,Formel,Omar Ibn Abdeljalil,34.0181995,-5.0135577,icons/bakery.png,OSM
Fès-Meknès,Laitiere Saiss Adarissa,Café,Formel,Omar Ibn Abdeljalil Hay Adarissa,34.0181413,-5.0134414,icons/cafe.png,OSM
Fès-Meknès,Ait Idir Larbi Epicier,Supérette / Mini-market,Formel,Omar Ibn Abdeljalil Hay Adarissa,34.0180633,-5.0132702,icons/convenience.png,OSM
Fès-Meknès,Café L' Apostrophe,Café,Formel,Route d'Immouzzer,34.0295291,-4.9980283,icons/cafe.png,OSM
Fès-Meknès,Café Dalia,Café,Formel,Hay Adarissa 1 Immb 16,34.0188288,-5.0093477,icons/cafe.png,OSM
Fès-Meknès,Cafè-Boulangerie Romaissa,Boulangerie,Formel,"Rue du Soudan زنقة السودان, Fès",34.0437272,-5.0006245,icons/bakery.png,OSM
Fès-Meknès,Supérette / Mini-market sans nom,Supérette / Mini-market,Formel,Hay Nour,34.0241112,-5.0112317,icons/convenience.png,OSM
Fès-Meknès,Epicier بقال,Supérette / Mini-market,Formel,Hay Raha,34.0251821,-5.0111139,icons/convenience.png,OSM
Fès-Meknès,Café Espace Vert,Café,Formel,Hay Raha,34.0247652,-5.0119886,icons/cafe.png,OSM
Fès-Meknès,Epicier بقال,Supérette / Mini-market,Formel,Hay Raha,34.0249041,-5.0128185,icons/convenience.png,OSM
Fès-Meknès,Pharmacie L'Opera صيدلية الأوبرا,Parapharmacie,Formel,"LOT 94 MAGAZINE AIT SKATTO, Fès",34.0288781,-4.9951509,icons/pharmacy.png,OSM
Fès-Meknès,Supérette / Mini-market sans nom,Supérette / Mini-market,Formel,Supérette / Mini-market sans nom,34.0287009,-4.995096,icons/convenience.png,OSM
Fès-Meknès,Chez Hamid,Café,Formel,Chez Hamid,34.0288375,-4.9949803,icons/cafe.png,OSM
Fès-Meknès,Café Pâtisserie Restaurant L' Ambra,Café,Formel,Avenue Roi Houssaine Route d ' Immouzzer,34.0205052,-4.9960228,icons/cafe.png,OSM
Fès-Meknès,Pharmacie Erriad صيدلية الرياض,Parapharmacie,Formel,Fès,34.0244919,-5.0126568,icons/pharmacy.png,OSM
Fès-Meknès,Epicier بقال,Supérette / Mini-market,Formel,Hay Raha,34.0240824,-5.0128179,icons/convenience.png,OSM
Fès-Meknès,Laitière,Café,Formel,Hay Raha,34.0235397,-5.0130275,icons/cafe.png,OSM
Fès-Meknès,Epicier بقال,Supérette / Mini-market,Formel,Hay Raha,34.0236642,-5.0129682,icons/convenience.png,OSM
Fès-Meknès,Pharmacie Mekouar صيدلية مكوار,Parapharmacie,Formel,"Avenue Roi Houssaine Route d ' Immouzzer Resi Riad, Fès",34.0309569,-4.9981453,icons/pharmacy.png,OSM
Fès-Meknès,Café Adan,Café,Formel,Avenue Roi Houssaine Rue Ibn Hani,34.0288502,-4.9991501,icons/cafe.png,OSM
Fès-Meknès,Chocotine,Boutique de confiserie,Informel,Avenue Roi Houssaine Route d ' Immouzzer Resi Nezha,34.0241986,-4.9976008,icons/confectionery.png,OSM
Fès-Meknès,Snack mouhcine,Restaurant,Formel,Snack mouhcine,34.0289796,-4.9954521,icons/restaurant.png,OSM
Fès-Meknès,Restaurant Lounge Andalous,Restaurant,Formel,"Avenue Roi Houssaine Route d ' Immouzzer, 34 Route d'mouzzer fes",34.0210876,-4.9968308,icons/restaurant.png,OSM
Fès-Meknès,Epicier بقال,Supérette / Mini-market,Formel,Hay Riad,34.0261481,-5.0110104,icons/convenience.png,OSM
Fès-Meknès,L' Ami,Restaurant,Formel,Avenue Roi Houssaine Route d ' Immouzzer près du Café Adan,34.028785,-4.9989417,icons/restaurant.png,OSM
Fès-Meknès,Domino's,Restaurant,Formel,Domino's,34.0456794,-4.9952002,icons/restaurant.png,OSM
Fès-Meknès,Laitière,Café,Formel,Jabal Tar,34.026837,-5.0098969,icons/cafe.png,OSM
Fès-Meknès,Epicier بقال,Supérette / Mini-market,Formel,Jabal Tar,34.0267797,-5.0096729,icons/convenience.png,OSM
Fès-Meknès,Pharmacie Pasteur صيدلية باستور,Parapharmacie,Formel,"HAY SALAM BOURKAYEZ, Fès",34.0271122,-5.009844,icons/pharmacy.png,OSM
Fès-Meknès,Epicier بقال,Supérette / Mini-market,Formel,Rue Aljaziras HAY salam,34.0269055,-5.010643,icons/convenience.png,OSM
Fès-Meknès,Epicier بقال,Supérette / Mini-market,Formel,Rharnata Hay Salam,34.0273733,-5.0108673,icons/convenience.png,OSM
Fès-Meknès,Boulangerie,Boulangerie,Formel,Rue soussane,34.0211557,-5.0044973,icons/bakery.png,OSM
Fès-Meknès,Epicier بقال,Supérette / Mini-market,Formel,Saoussan Hay Zaza,34.0212742,-5.0044413,icons/convenience.png,OSM
Fès-Meknès,Cremerie,Café,Formel,Rue Philippine Hay Zaza,34.023029,-5.0056843,icons/cafe.png,OSM
Fès-Meknès,Epicier بقال,Supérette / Mini-market,Formel,Rue Philippine Hay Zaza,34.023086,-5.0054008,icons/convenience.png,OSM
Fès-Meknès,Epicier بقال,Supérette / Mini-market,Formel,Rue Zitoue,34.0232554,-5.0045549,icons/convenience.png,OSM
Fès-Meknès,Café Pane vero,Café,Formel,Hay Zaza,34.0255399,-5.0038378,icons/cafe.png,OSM
Fès-Meknès,Café et Restaurant Dix - 30,Café,Formel,Avenue My Hicham Route d ' Immouzzer,34.0267134,-4.9955681,icons/cafe.png,OSM
Fès-Meknès,Pharmacie Arrazi صيدلية الرازي,Parapharmacie,Formel,"Boulevard Moulay Hicham, Fès",34.0260606,-4.9976251,icons/pharmacy.png,OSM
Fès-Meknès,Pâtisserie La Fougasse,Boulangerie,Formel,Avenue My Hicham Route d ' Immouzzer,34.0264668,-4.9954316,icons/bakery.png,OSM
Fès-Meknès,Café Santa Rosa,Café,Formel,Avenue My Hicham et Avenue Lissaneddine Ibn Khatib Route d ' Immouzzer,34.0266725,-4.9945839,icons/cafe.png,OSM
Fès-Meknès,Supermarché Ahlan,Supermarché,Formel,Avenue My Hicham Route d ' Immouzzer,34.0261205,-4.9973604,icons/supermarket.png,OSM
Fès-Meknès,Café Victoria,Café,Formel,Avenue Ibn Khatib Atlas Route de Sefrou,34.028206,-4.9925125,icons/cafe.png,OSM
Fès-Meknès,Café Pasta,Café,Formel,Avenue Ibn Khatib Atlas Route de Sefrou,34.0277695,-4.9930159,icons/cafe.png,OSM
Fès-Meknès,Epicier بقال,Supérette / Mini-market,Formel,Abi Jaafar Ibno Atiya,34.0263608,-5.0039441,icons/convenience.png,OSM
Fès-Meknès,Laitière Meryem,Café,Formel,Abi Jaafar Ibno Atiya,34.0262965,-5.0040281,icons/cafe.png,OSM
Fès-Meknès,Epicier بقال,Supérette / Mini-market,Formel,Abi Jaafar Ibno Atiya,34.0256247,-5.0033271,icons/convenience.png,OSM
Fès-Meknès,Cremerie,Café,Formel,Abdellah Aziz Fechtali,34.0262715,-5.0036462,icons/cafe.png,OSM
Fès-Meknès,Outshy Sandwich Club,Restaurant,Formel,Avenue Ibn Khatib Route d ' Immouzzer,34.0263059,-4.9946297,icons/restaurant.png,OSM
Fès-Meknès,Epicier بقال,Supérette / Mini-market,Formel,Abdelaziz Fechtali,34.0265502,-5.0032101,icons/convenience.png,OSM
Fès-Meknès,Cremerie Aberahim,Café,Formel,Abdelaziz Fechtali,34.0269526,-5.0026699,icons/cafe.png,OSM
Fès-Meknès,Agoumi Abdelilah Épicier,Supérette / Mini-market,Formel,Avenue Ibn Khatib Route d ' Immouzzer,34.0257946,-4.9952786,icons/convenience.png,OSM
Fès-Meknès,Dar Benkirane,Supermarché,Formel,Avenue Ibn Khatib Route d ' Immouzzer Resi Étoiles,34.0249471,-4.9962782,icons/supermarket.png,OSM
Fès-Meknès,Café Flamme Rouge,Café,Formel,Avenue Ibn Khatib Route d ' Immouzzer Resi Étoiles,34.0248589,-4.996368,icons/cafe.png,OSM
Fès-Meknès,Supermarché BIM,Supermarché,Formel,Avenue Ibn Khatib Route d ' Immouzzer,34.0245012,-4.9968181,icons/supermarket.png,OSM
Fès-Meknès,Parapharmacie sans nom,Parapharmacie,Formel,Parapharmacie sans nom,33.7332275,-5.009721,icons/pharmacy.png,OSM
Fès-Meknès,Parapharmacie sans nom,Parapharmacie,Formel,Parapharmacie sans nom,33.7323651,-5.0092432,icons/pharmacy.png,OSM
Fès-Meknès,Parapharmacie sans nom,Parapharmacie,Formel,Parapharmacie sans nom,33.7314997,-5.0082841,icons/pharmacy.png,OSM
Fès-Meknès,Parapharmacie sans nom,Parapharmacie,Formel,Parapharmacie sans nom,33.729553,-5.0122442,icons/pharmacy.png,OSM
Fès-Meknès,Parapharmacie sans nom,Parapharmacie,Formel,Parapharmacie sans nom,33.7333029,-5.0122088,icons/pharmacy.png,OSM
Fès-Meknès,Pharmacie Allaou Ichou,Parapharmacie,Formel,Imouzzer Kandar ⵉⵎⵓⵣⵣⴰⵔ ⴽⵏⴷⵕ إيموزار كندر,33.7256879,-5.01307,icons/pharmacy.png,OSM
Fès-Meknès,Epicier بقال,Supérette / Mini-market,Formel,Rue Soulaymane El Mouwahidi,34.0255101,-5.0016325,icons/convenience.png,OSM
Fès-Meknès,Café Pronto,Café,Formel,Ait Skatou,34.026278,-5.0004703,icons/cafe.png,OSM
Fès-Meknès,La Table Libanaise,Restaurant,Formel,Ait Skatou,34.0262049,-5.0002774,icons/restaurant.png,OSM
Fès-Meknès,Cremerie Makour,Café,Formel,Ait Skatou,34.0260602,-4.9990322,icons/cafe.png,OSM
Fès-Meknès,Crémerie Sbai Sassi Saad,Café,Formel,Avenue Khalid Ibn Oualid Hay Bouramana,34.0218134,-4.9936821,icons/cafe.png,OSM
Fès-Meknès,Rami Mohamed Épicier A,Supérette / Mini-market,Formel,Avenue Khalid Ibn Oualid Hay Bouramana,34.0217546,-4.9936623,icons/convenience.png,OSM
Fès-Meknès,Para Comptoire,Parapharmacie,Formel,Ait Skatou,34.0261142,-4.99872,icons/pharmacy.png,OSM
Fès-Meknès,La Tulipe,Café,Formel,Ait Skatou,34.026125,-4.9986788,icons/cafe.png,OSM
Fès-Meknès,Epicier بقال,Supérette / Mini-market,Formel,Ait Skatou,34.0260256,-4.998834,icons/convenience.png,OSM
Fès-Meknès,Le Salaj,Restaurant,Formel,"Derb Salaj, Fès",34.0605711,-4.9811934,icons/restaurant.png,OSM
Fès-Meknès,Café le Bon Coin,Café,Formel,Avenue Moulay Youssef,34.0460235,-4.9967595,icons/cafe.png,OSM
Fès-Meknès,Supérette / Mini-market sans nom,Supérette / Mini-market,Formel,Supérette / Mini-market sans nom,34.0459875,-4.996774,icons/convenience.png,OSM
Fès-Meknès,Café la jeunesse,Café,Formel,Avenue Moulay Youssef,34.0458566,-4.9968059,icons/cafe.png,OSM
Fès-Meknès,Supérette / Mini-market sans nom,Supérette / Mini-market,Formel,Supérette / Mini-market sans nom,34.0458104,-4.9977334,icons/convenience.png,OSM
Fès-Meknès,Superette Syjilmassa,Supermarché,Formel,Route Ain Chkaf,34.0130814,-5.0078926,icons/supermarket.png,OSM
Fès-Meknès,Café L'Ariva,Café,Formel,Route Ain Chkef,34.0123677,-5.008149,icons/cafe.png,OSM
Fès-Meknès,Poisson L' Ariva,Restaurant,Formel,Route Ain Chkaf,34.0122349,-5.0081951,icons/restaurant.png,OSM
Fès-Meknès,Palma Palace,Café,Formel,Route Ain Chkaf,34.0099816,-5.0090247,icons/cafe.png,OSM
Fès-Meknès,Epicier بقال,Supérette / Mini-market,Formel,Route Ain Chkaf,34.0092077,-5.0093539,icons/convenience.png,OSM
Fès-Meknès,Épicerie + télé boutique,Supérette / Mini-market,Formel,Avenue lalla Hasnae,34.0449233,-4.998121,icons/convenience.png,OSM
Fès-Meknès,Amghar Driss Épicier,Supérette / Mini-market,Formel,Avenue My Rachid Route de Sefrou Narjis A Resi Al Baraka 2,34.0177517,-4.985177,icons/convenience.png,OSM
Fès-Meknès,Pharmacie Conseil صيدلية النصيحة,Parapharmacie,Formel,"Route de Sefrou Lotis Ouafae 1, Fès",34.0132374,-4.9815705,icons/pharmacy.png,OSM
Fès-Meknès,Supermarché BIM,Supermarché,Formel,Avenue My Rachid Route de Sefrou Narjis A,34.0182945,-4.9855961,icons/supermarket.png,OSM
Fès-Meknès,Café Andalousia,Café,Formel,Avenue My Rachid Route de Sefrou Narjis A Resi Al Baraka,34.0173305,-4.9849187,icons/cafe.png,OSM
Fès-Meknès,Arizona Pizzeria,Restaurant,Formel,Avenue My Rachid Route de Sefrou Narjis A Lotis Amine,34.0137506,-4.9820299,icons/restaurant.png,OSM
Fès-Meknès,Crémerie,Café,Formel,Avenue My Rachid Route de Sefrou Narjis A Resi Al Baraka 5,34.016632,-4.9843017,icons/cafe.png,OSM
Fès-Meknès,Carrefour Market,Supermarché,Formel,Fez فاس‎,34.0015593,-5.0105851,icons/supermarket.png,OSM
Fès-Meknès,Cremerie,Café,Formel,Avenue lalla Hasnae,34.0449274,-4.9979735,icons/cafe.png,OSM
Fès-Meknès,Café villa nouva,Café,Formel,Avenue Hassan II,34.0447317,-4.9973407,icons/cafe.png,OSM
Fès-Meknès,Epicier بقال,Supérette / Mini-market,Formel,Route Ain Chkaf,34.0009147,-5.0103006,icons/convenience.png,OSM
Fès-Meknès,L'original,Restaurant,Formel,Avenue Hassan II شارع الحسن الثاني,34.0438991,-4.9980456,icons/restaurant.png,OSM
Fès-Meknès,مقشدة الريف,Restaurant,Formel,Avenue My Rachid Route de Sefrou Lotis Ouafae 1,34.0118513,-4.9805389,icons/restaurant.png,OSM
Fès-Meknès,Café TopKapi,Café,Formel,Avenue My Rachid Route de Sefrou Lotis Ouafae 1,34.0111625,-4.9799708,icons/cafe.png,OSM
Fès-Meknès,Café Le Paris,Café,Formel,Avenue Hassan II,34.0431638,-4.9986013,icons/cafe.png,OSM
Fès-Meknès,Épicier,Supérette / Mini-market,Formel,Avenue Hassan II,34.0407465,-5.0004967,icons/convenience.png,OSM
Fès-Meknès,Cremerie Hawaï,Café,Formel,Avenue Hassan II,34.0408027,-5.0004564,icons/cafe.png,OSM
Fès-Meknès,Café L' Aciana,Café,Formel,Route Ain Chkaf,33.9982721,-5.0107273,icons/cafe.png,OSM
Fès-Meknès,Epicier بقال,Supérette / Mini-market,Formel,Route Ain Chkaf,33.9985489,-5.0110353,icons/convenience.png,OSM
Fès-Meknès,Epicier بقال,Supérette / Mini-market,Formel,Route Ain Chkaf,33.9979625,-5.0112582,icons/convenience.png,OSM
Fès-Meknès,Café avenda palace,Café,Formel,Café avenda palace,34.0105471,-4.9795492,icons/cafe.png,OSM
Fès-Meknès,Pharmacie Al Ihssane,Parapharmacie,Formel,"6 LOTT ALOUAFAE AVENUE MY RACHID RTE SEFFROU FES, 6 LOTISS EL WAFA BD MY RACHID RTE SEFROU FEZ, Fès",34.0101598,-4.9792405,icons/pharmacy.png,OSM
Fès-Meknès,Café mixe,Café,Formel,Café mixe,34.0104608,-4.9794754,icons/cafe.png,OSM
Fès-Meknès,Crémerie Al jazira,Café,Formel,Crémerie Al jazira,34.0092225,-4.9786352,icons/cafe.png,OSM
Fès-Meknès,Café la Gamme,Café,Formel,Avenue Hassan II,34.0386817,-5.0022922,icons/cafe.png,OSM
Fès-Meknès,Café Alanya,Café,Formel,Café Alanya,34.0093657,-4.9787698,icons/cafe.png,OSM
Fès-Meknès,Café villa nova,Café,Formel,Café villa nova,34.0091465,-4.9785603,icons/cafe.png,OSM
Fès-Meknès,Pescado,Restaurant,Formel,Route Ain Chkaf,34.0017992,-5.0103986,icons/restaurant.png,OSM
Fès-Meknès,Le Narval,Restaurant,Formel,Route Ain Chkaf,34.0017124,-5.0101245,icons/restaurant.png,OSM
Fès-Meknès,Café Al Momayaza,Café,Formel,Route Ain Chkaf,34.0015077,-5.0094249,icons/cafe.png,OSM
Fès-Meknès,Restaurant sans nom,Restaurant,Formel,Route Ain Chkaf,34.0016803,-5.0099873,icons/restaurant.png,OSM
Fès-Meknès,Cremerie jus Blanco,Café,Formel,Route Ain Chkaf,34.0016567,-5.0098923,icons/cafe.png,OSM
Fès-Meknès,Epicier بقال,Supérette / Mini-market,Formel,Route Ain Chkaf,34.0009432,-5.0067697,icons/convenience.png,OSM
Fès-Meknès,Café San claire,Café,Formel,Route Ain Chkaf,34.0004489,-5.0079965,icons/cafe.png,OSM
Fès-Meknès,Pharmacie El Karam صيدلية الكرم,Parapharmacie,Formel,"DHAR LKHMISS L'HABITAT, Fés",34.0698093,-4.9870605,icons/pharmacy.png,OSM
Fès-Meknès,Cass-croute assimate Dajaj,Restaurant,Formel,Rue d'Arabie Saoudite,34.0398312,-5.0018269,icons/restaurant.png,OSM
Fès-Meknès,Pharmacie Blanco صيدلية بلانكو,Parapharmacie,Formel,"Ridicule Yasmine rte Ain chqef, Fès",33.9992559,-5.0091302,icons/pharmacy.png,OSM
Fès-Meknès,Cremerie Yahya Asfour,Café,Formel,Riad Yasmine,33.9991435,-5.0092539,icons/cafe.png,OSM
Fès-Meknès,Casse croûte Nakhil,Restaurant,Formel,Rue d'Arabie Saoudite,34.0398013,-5.0017545,icons/restaurant.png,OSM
Fès-Meknès,Supérette / Mini-market sans nom,Supérette / Mini-market,Formel,Supérette / Mini-market sans nom,34.0398561,-5.001878,icons/convenience.png,OSM
Fès-Meknès,Vente Du Pain,Boulangerie,Formel,Riad Yasmine,33.9984114,-5.0096237,icons/bakery.png,OSM
Fès-Meknès,Epicier بقال,Supérette / Mini-market,Formel,Riad Yasmine,33.9982853,-5.0096278,icons/convenience.png,OSM
Fès-Meknès,Café Mikki Rikki,Café,Formel,Fadilla 3,33.9992032,-5.0079394,icons/cafe.png,OSM
Fès-Meknès,Boulangerie,Boulangerie,Formel,Boulangerie,34.0189562,-4.9839422,icons/bakery.png,OSM
Fès-Meknès,Cremerie Dahbi,Café,Formel,Fadilla 3,33.9995973,-5.0071111,icons/cafe.png,OSM
Fès-Meknès,Pharmacie El Majd صيدلية المجد,Parapharmacie,Formel,"BVD. KARAOUIN HAY NARJISS, Avenue Karouyine شارع القرويين, Fès",34.0177335,-4.980803,icons/pharmacy.png,OSM
Fès-Meknès,Café espace dream,Café,Formel,Café espace dream,34.0172552,-4.9798936,icons/cafe.png,OSM
Fès-Meknès,Snack mardilla,Restaurant,Formel,Snack mardilla,34.0170513,-4.979175,icons/restaurant.png,OSM
Fès-Meknès,Snack Moncef,Restaurant,Formel,Snack Moncef,34.0169309,-4.9789507,icons/restaurant.png,OSM
Fès-Meknès,Café frankfort,Café,Formel,Café frankfort,34.0168668,-4.9788499,icons/cafe.png,OSM
Fès-Meknès,Snack,Restaurant,Formel,Snack,34.0168359,-4.978776,icons/restaurant.png,OSM
Fès-Meknès,Café las palmas,Café,Formel,Café las palmas,34.0166721,-4.9782707,icons/cafe.png,OSM
Fès-Meknès,Droguerie أجزاخانة,Épicerie,Informel,Droguerie أجزاخانة,34.0106202,-4.9796091,icons/greengrocer.png,OSM
Fès-Meknès,Café galaxi,Café,Formel,Café galaxi,34.0090202,-4.978418,icons/cafe.png,OSM
Fès-Meknès,Epicier بقال,Supérette / Mini-market,Formel,Fadila3,33.9989656,-5.0056134,icons/convenience.png,OSM
Fès-Meknès,Cremerie florence,Café,Formel,Rue d'Arabie Saoudite,34.0412617,-5.0010436,icons/cafe.png,OSM
Fès-Meknès,Café topkapi,Café,Formel,Café topkapi,34.0160678,-4.9765666,icons/cafe.png,OSM
Fès-Meknès,Epicier بقال,Supérette / Mini-market,Formel,Fadila3,34.0000789,-5.0054732,icons/convenience.png,OSM
Fès-Meknès,Café espace artista,Café,Formel,Café espace artista,34.0158413,-4.9761059,icons/cafe.png,OSM
Fès-Meknès,Café Milanino,Café,Formel,Fadila 3,34.0004279,-5.0053139,icons/cafe.png,OSM
Fès-Meknès,Café Fath,Café,Formel,Route Ain Chkef,34.0000829,-5.0046563,icons/cafe.png,OSM
Fès-Meknès,Restaurant fiesta,Restaurant,Formel,Restaurant fiesta,34.0150451,-4.9757537,icons/restaurant.png,OSM
Fès-Meknès,Café fiesta,Café,Formel,Café fiesta,34.01499,-4.9756559,icons/cafe.png,OSM
Fès-Meknès,Café l'incontro,Café,Formel,Café l'incontro,34.0151971,-4.975945,icons/cafe.png,OSM
Fès-Meknès,Pharmacie Al Ahbab صيدلية الأحباب,Parapharmacie,Formel,"254 Lot fadela 3 rte Ain chkef, Fès",33.9992501,-5.004313,icons/pharmacy.png,OSM
Fès-Meknès,Snack delice,Restaurant,Formel,Snack delice,34.0150926,-4.9748132,icons/restaurant.png,OSM
Fès-Meknès,Restaurant al jazira,Restaurant,Formel,Restaurant al jazira,34.0151613,-4.9747362,icons/restaurant.png,OSM
Fès-Meknès,Restaurant Picasso,Restaurant,Formel,Restaurant Picasso,34.0152458,-4.9746177,icons/restaurant.png,OSM
Fès-Meknès,Snack Disney,Restaurant,Formel,Snack Disney,34.0165266,-4.9778591,icons/restaurant.png,OSM
Fès-Meknès,Snack la place,Restaurant,Formel,Snack la place,34.014481,-4.9726783,icons/restaurant.png,OSM
Fès-Meknès,Supérette / Mini-market sans nom,Supérette / Mini-market,Formel,Supérette / Mini-market sans nom,34.0144497,-4.9724555,icons/convenience.png,OSM
Fès-Meknès,Pharmacie Taiba صيدلية طيبة,Parapharmacie,Formel,"Route Ain Chkef, Fès",34.001416,-5.0066556,icons/pharmacy.png,OSM
Fès-Meknès,Patisserie Adwak Marocaine,Boulangerie,Formel,Route Ain Chkef,34.0012042,-5.005915,icons/bakery.png,OSM
Fès-Meknès,Café sans nom,Café,Formel,Café sans nom,34.0144205,-4.9720712,icons/cafe.png,OSM
Fès-Meknès,Pharmacie Ibn Khaldoun صيدلية ابن خلدون,Parapharmacie,Formel,"narjiss bvd karaouine, Avenue Karouyine شارع القرويين, Fés",34.0144522,-4.9717966,icons/pharmacy.png,OSM
Fès-Meknès,Cremerie Pourquoi pas,Café,Formel,Route Ain Chkef,34.0024644,-5.0080498,icons/cafe.png,OSM
Fès-Meknès,Crémerie salam,Café,Formel,Crémerie salam,34.0144403,-4.9723723,icons/cafe.png,OSM
Fès-Meknès,Café Pollak,Café,Formel,Café Pollak,34.0144461,-4.9709397,icons/cafe.png,OSM
Fès-Meknès,Cremerie Zahrat et Al Madaen,Café,Formel,Route Ain Chkef,34.0026643,-5.0083741,icons/cafe.png,OSM
Fès-Meknès,Café Riad Yasmine,Café,Formel,Route Ain Chkef,34.0024735,-5.0082893,icons/cafe.png,OSM
Fès-Meknès,Tradi Maison Fès,Boulangerie,Formel,"Zahrat al madain Route Ain Chkef, Fès",34.0026677,-5.0080413,icons/bakery.png,OSM
Fès-Meknès,Supérette / Mini-market sans nom,Supérette / Mini-market,Formel,Supérette / Mini-market sans nom,34.0144196,-4.964364,icons/convenience.png,OSM
Fès-Meknès,Laiterie imane,Café,Formel,Laiterie imane,34.014426,-4.964463,icons/cafe.png,OSM
Fès-Meknès,Café,Café,Formel,Café,34.0145486,-4.969416,icons/cafe.png,OSM
Fès-Meknès,Café casanova,Café,Formel,Café casanova,34.0145434,-4.9688867,icons/cafe.png,OSM
Fès-Meknès,Café Ayoub,Café,Formel,Café Ayoub,34.0145658,-4.9700912,icons/cafe.png,OSM
Fès-Meknès,Epicier بقال,Supérette / Mini-market,Formel,Fadila3,33.9981559,-5.0051614,icons/convenience.png,OSM
Fès-Meknès,Epicier بقال,Supérette / Mini-market,Formel,Fadila3,33.998774,-5.0043836,icons/convenience.png,OSM
Fès-Meknès,Epicier بقال,Supérette / Mini-market,Formel,Route Ain Chkaf,34.0026589,-5.0085495,icons/convenience.png,OSM
Fès-Meknès,Epicier بقال,Supérette / Mini-market,Formel,Route Ain Chkaf,34.0034683,-5.0072889,icons/convenience.png,OSM
Fès-Meknès,Crémerie Argana,Café,Formel,Avenue My Rachid Route de Sefrou Zohor 1 près du Complexe Social des Aveugles,34.0149114,-4.9835116,icons/cafe.png,OSM
Fès-Meknès,Pizza Pasta,Restaurant,Formel,Avenue My Rachid Route de Sefrou Zohor 1,34.0121037,-4.9813166,icons/restaurant.png,OSM
Fès-Meknès,Café Basma,Café,Formel,Avenue My Rachid Route de Sefrou Zohor 1 Rue Boulivia,34.0117539,-4.9810307,icons/cafe.png,OSM
Fès-Meknès,Café El Manar,Café,Formel,Avenue My Rachid Route de Sefrou Zohor 1 Rue Chili,34.0108306,-4.980328,icons/cafe.png,OSM
Fès-Meknès,Café Somatra,Café,Formel,Avenue My Rachid Route de Sefrou Zohor 2 Lotis Laila,34.0077459,-4.978071,icons/cafe.png,OSM
Fès-Meknès,Société Café,Café,Formel,Avenue Karama et Avenue Abi Horaira Zohor 1,34.0179105,-4.9859624,icons/cafe.png,OSM
Fès-Meknès,Café Top Marveille,Café,Formel,Avenue My Rachid Route de Sefrou Zohor 1,34.017739,-4.9855905,icons/cafe.png,OSM
Fès-Meknès,Primo Snack,Restaurant,Formel,Avenue My Rachid Route de Sefrou Zohor 1 près du Complexe Social des Aveugles,34.0145313,-4.9832399,icons/restaurant.png,OSM
Fès-Meknès,Snack,Restaurant,Formel,Avenue My Rachid Route de Sefrou Zohor 1 près du Complexe Social des Aveugles,34.0143075,-4.9830704,icons/restaurant.png,OSM
Fès-Meknès,Café Sidney,Café,Formel,Avenue My Rachid Route de Sefrou Lotis Hicham Zohor 1,34.0131325,-4.9821465,icons/cafe.png,OSM
Fès-Meknès,Café Belhaj,Café,Formel,Avenue My Rachid Route de Sefrou Zohor 1,34.0128955,-4.9819537,icons/cafe.png,OSM
Fès-Meknès,Café Rosaleda,Café,Formel,Avenue My Rachid Route de Sefrou Zohor 1 Resi Beau séjour,34.0110722,-4.9805001,icons/cafe.png,OSM
Fès-Meknès,Snack Al Aila Aziz Boukir,Restaurant,Formel,Avenue My Rachid Route de Sefrou Zohor 1,34.0106204,-4.9801866,icons/restaurant.png,OSM
Fès-Meknès,Café Conporcini,Café,Formel,Avenue My Rachid Route de Sefrou Zohor 1,34.0103619,-4.9799922,icons/cafe.png,OSM
Fès-Meknès,Café Nakhlate,Café,Formel,Avenue My Rachid Route de Sefrou Zohor 2 Lotis Iraki,34.0092134,-4.9792737,icons/cafe.png,OSM
Fès-Meknès,Café La grille,Café,Formel,Avenue My Rachid Route de Sefrou Zohor 2 Lotis Iraki,34.0091298,-4.9792125,icons/cafe.png,OSM
Fès-Meknès,Café Qatar,Café,Formel,Avenue My Rachid Route de Sefrou Lotis Hicham Zohor 1,34.0134149,-4.9823579,icons/cafe.png,OSM
Fès-Meknès,Café Genova,Café,Formel,Avenue My Rachid Route de Sefrou Zohor 1,34.0128208,-4.9818994,icons/cafe.png,OSM
Fès-Meknès,Café El Fadl,Café,Formel,Avenue My Rachid Route de Sefrou Zohor 1,34.0127083,-4.9818101,icons/cafe.png,OSM
Fès-Meknès,Crémerie Saiss,Café,Formel,Avenue My Rachid Route de Sefrou Zohor 1 Resi Mehdi 3,34.0119782,-4.9812266,icons/cafe.png,OSM
Fès-Meknès,Pharmacie C.H.U Hassan II صيدلية الحسن الثاني,Parapharmacie,Formel,"Avenue My Rachid Route de Sefrou Zohor 2 Lotis Laila, Fès",34.0076473,-4.9779753,icons/pharmacy.png,OSM
Fès-Meknès,Café la Perla,Café,Formel,Café la Perla,34.0145981,-4.9709311,icons/cafe.png,OSM
Fès-Meknès,Café Reda,Café,Formel,Café Reda,34.0146143,-4.9712325,icons/cafe.png,OSM
Fès-Meknès,Parapharmacie Taha,Parapharmacie,Formel,Route Ain Chkef,34.0043557,-5.0073949,icons/pharmacy.png,OSM
Fès-Meknès,Crémerie Vego,Café,Formel,Crémerie Vego,34.0146125,-4.9713529,icons/cafe.png,OSM
Fès-Meknès,Crémerie,Café,Formel,Crémerie,34.0146136,-4.972152,icons/cafe.png,OSM
Fès-Meknès,Epicier بقال,Supérette / Mini-market,Formel,Route Ain Chkef,34.0044733,-5.0074414,icons/convenience.png,OSM
Fès-Meknès,Café sans nom,Café,Formel,Route Ain Chkef,34.005307,-5.0080054,icons/cafe.png,OSM
Fès-Meknès,laitiere,Café,Formel,Route Ain Chkef,34.0052874,-5.008201,icons/cafe.png,OSM
Fès-Meknès,Epicier بقال,Supérette / Mini-market,Formel,Route Ain Chkef,34.0048678,-5.0077669,icons/convenience.png,OSM
Fès-Meknès,Epicier بقال,Supérette / Mini-market,Formel,Route Ain Chkef,34.003764,-5.0082236,icons/convenience.png,OSM
Fès-Meknès,Café Ithri,Café,Formel,Café Ithri,34.0147988,-4.9730616,icons/cafe.png,OSM
Fès-Meknès,Café Mantequilla,Café,Formel,Route Ain Chkef,34.0039355,-5.0090642,icons/cafe.png,OSM
Fès-Meknès,Café et Hôtel Narjis,Café,Formel,Avenue My Rachid Route de Sefrou Lotis Hicham Zohor 1,34.013199,-4.9822057,icons/cafe.png,OSM
Fès-Meknès,Epicier بقال,Supérette / Mini-market,Formel,Route Ain Chkef,34.0066376,-5.0077694,icons/convenience.png,OSM
Fès-Meknès,Crémerie El Fath,Café,Formel,Crémerie El Fath,34.0161885,-4.9765162,icons/cafe.png,OSM
Fès-Meknès,Cremerie Abou Amira,Café,Formel,Route Ain Chkef,34.0065329,-5.0078068,icons/cafe.png,OSM
Fès-Meknès,Pâtisserie Douk Rafie,Boulangerie,Formel,Route Ain Chkef,34.0065735,-5.0077927,icons/bakery.png,OSM
Fès-Meknès,Vente Produits d'Alimentations,Supermarché,Formel,Route Ain Chkef,34.0061963,-5.008184,icons/supermarket.png,OSM
Fès-Meknès,Pharmacie Al Inaya صيدلية العناية,Parapharmacie,Formel,"narjiss rte de sefrou, Avenue Karouyine شارع القرويين, Fès",34.0166064,-4.9775556,icons/pharmacy.png,OSM
Fès-Meknès,Parapharmacie La Vedette,Parapharmacie,Formel,Parapharmacie La Vedette,34.0166342,-4.9776831,icons/pharmacy.png,OSM
Fès-Meknès,Café Caraibi Palace,Café,Formel,Route Ain Chkef,34.0061028,-5.0082133,icons/cafe.png,OSM
Fès-Meknès,Café Hoda,Café,Formel,Café Hoda,34.0175332,-4.9798922,icons/cafe.png,OSM
Fès-Meknès,Snack Damascus,Restaurant,Formel,Snack Damascus,34.0176294,-4.9801894,icons/restaurant.png,OSM
Fès-Meknès,Café oualid,Café,Formel,Café oualid,34.0179027,-4.9808644,icons/cafe.png,OSM
Fès-Meknès,Café Dublin palace,Café,Formel,Café Dublin palace,34.0181293,-4.9813397,icons/cafe.png,OSM
Fès-Meknès,Café manhatan,Café,Formel,Café manhatan,34.0188709,-4.9831769,icons/cafe.png,OSM
Fès-Meknès,Vente Alimentation Général,Supérette / Mini-market,Formel,Route Ain Chkef,34.0065403,-5.0080627,icons/convenience.png,OSM
Fès-Meknès,Vente Fruits Sec,Épicerie,Informel,Route Ain Chkef,34.006607,-5.0080323,icons/greengrocer.png,OSM
Fès-Meknès,Pharmacie Al Ikhwa صيدلية الإخوة,Parapharmacie,Formel,"Route Ain Chkef, Fès",34.0069752,-5.0085257,icons/pharmacy.png,OSM
Fès-Meknès,Vente Alimentation Général,Supérette / Mini-market,Formel,Route Ain Chkef,34.0069892,-5.0086887,icons/convenience.png,OSM
Fès-Meknès,Café l'orientale,Café,Formel,Café l'orientale,34.0191227,-4.983799,icons/cafe.png,OSM
Fès-Meknès,Super Distribution,Supermarché,Formel,Avenue My Rachid Route de Sefrou Lotis Salam Resi Doae,34.0062187,-4.9769986,icons/supermarket.png,OSM
Fès-Meknès,Café Billadi,Café,Formel,Route Ain Chkef,34.0065415,-5.0053223,icons/cafe.png,OSM
Fès-Meknès,Pharmacie Haoudi صيدلية هاودي,Parapharmacie,Formel,"467 A Lotissement NARJIS, Avenue Karouyine شارع القرويين, Fès",34.0196338,-4.9851537,icons/pharmacy.png,OSM
Fès-Meknès,Pharmacie Najmi صيدلية نجمي,Parapharmacie,Formel,"Hay anas rte ain chkef, Fès",34.0067506,-5.0053672,icons/pharmacy.png,OSM
Fès-Meknès,Pharmacie La Victoire صيدلية النصر,Parapharmacie,Formel,"Avenue Abi Horaira Zohor 1, Fès",34.0178887,-4.9862395,icons/pharmacy.png,OSM
Fès-Meknès,Snack Momo,Restaurant,Formel,Avenue Abi Horaira Zohor 1,34.0178219,-4.9865163,icons/restaurant.png,OSM
Fès-Meknès,Restaurant La Rose,Restaurant,Formel,Avenue Abi Horaira Zohor 1,34.0175475,-4.9877056,icons/restaurant.png,OSM
Fès-Meknès,Snack Ghlimi,Restaurant,Formel,Avenue Abi Horaira Zohor 1,34.0175327,-4.98777,icons/restaurant.png,OSM
Fès-Meknès,Café Kortoba,Café,Formel,Avenue Abi Horaira Zohor 1,34.0176115,-4.9874284,icons/cafe.png,OSM
Fès-Meknès,Café La Paix,Café,Formel,Avenue Abi Horaira Zohor 1,34.0175876,-4.9875321,icons/cafe.png,OSM
Fès-Meknès,Snack Amigon,Restaurant,Formel,Avenue Abi Horaira Zohor 1,34.0175066,-4.9878828,icons/restaurant.png,OSM
Fès-Meknès,Snack Bimbirim,Restaurant,Formel,Avenue Abi Horaira Zohor 1,34.0174811,-4.9879933,icons/restaurant.png,OSM
Fès-Meknès,Snack El Baraka,Restaurant,Formel,Avenue Abi Horaira Zohor 1,34.0174599,-4.9880855,icons/restaurant.png,OSM
Fès-Meknès,Boulangerie Al moustakbal,Boulangerie,Formel,Route Ain Chkef,34.0051196,-5.0057358,icons/bakery.png,OSM
Fès-Meknès,Café Belfort,Café,Formel,Route Ain Chkef,34.0045917,-5.0042921,icons/cafe.png,OSM
Fès-Meknès,Cremerie Al Khir,Café,Formel,Route Ain Chkef,34.0039067,-5.0032658,icons/cafe.png,OSM
Fès-Meknès,Plast Food,Restaurant,Formel,Plast Food,34.0037954,-5.0032737,icons/restaurant.png,OSM
Fès-Meknès,Café Ice Square,Café,Formel,Route Ain Chkef,34.004059,-5.0032938,icons/cafe.png,OSM
Fès-Meknès,Café La Terrasse,Café,Formel,Route Ain Chkef,34.0041952,-5.0033014,icons/cafe.png,OSM
Fès-Meknès,Pharmacie Fatima Ezzahra صيدلية فاطمة الزهراء,Parapharmacie,Formel,"2 LOT TOURIA ANAS 3, Fès",34.0046872,-5.0014405,icons/pharmacy.png,OSM
Fès-Meknès,Epicier بقال,Supérette / Mini-market,Formel,Route Ain Chkef,34.0046087,-5.0016543,icons/convenience.png,OSM
Fès-Meknès,Café Sanabil,Café,Formel,Café Sanabil,34.0339245,-5.0172209,icons/cafe.png,OSM
Fès-Meknès,Addouz Ali Épicier,Supérette / Mini-market,Formel,Avenue Abi Horaira Zohor 1,34.0174344,-4.9881957,icons/convenience.png,OSM
Fès-Meknès,Café La Caserne,Café,Formel,Avenue Abi Horaira Zohor 1,34.0172846,-4.9888452,icons/cafe.png,OSM
Fès-Meknès,Épicier,Supérette / Mini-market,Formel,Avenue Abi Horaira Zohor 1,34.0172654,-4.9889282,icons/convenience.png,OSM
Fès-Meknès,Pharmacie El Houda صيدلية الهدى,Parapharmacie,Formel,"Avenue Abi Horaira Zohor 1, Fès",34.0171254,-4.9894159,icons/pharmacy.png,OSM
Fès-Meknès,Café Artiistico,Café,Formel,Avenue Abi Horaira Zohor 1,34.0171009,-4.9896414,icons/cafe.png,OSM
Fès-Meknès,Café Sais Palas,Café,Formel,Route Ain Chkef,34.0044453,-5.0035458,icons/cafe.png,OSM
Fès-Meknès,Laiterie el Fath,Café,Formel,Laiterie el Fath,34.0169457,-4.9814987,icons/cafe.png,OSM
Fès-Meknès,Crémerie ghaita,Café,Formel,Crémerie ghaita,34.0167821,-4.981513,icons/cafe.png,OSM
Fès-Meknès,Boulangerie Dahmani,Boulangerie,Formel,Route Ain Chkef,34.0099394,-5.0056802,icons/bakery.png,OSM
Fès-Meknès,Epicier بقال,Supérette / Mini-market,Formel,Route Ain Chkef,34.0096272,-5.0056298,icons/convenience.png,OSM
Fès-Meknès,Laiterie Anasse,Café,Formel,Laiterie Anasse,34.0172017,-4.9814853,icons/cafe.png,OSM
Fès-Meknès,Pharmacie Bakkali صيدلية البقالي,Parapharmacie,Formel,"Route Ain Chkef, Fès",34.0103035,-5.0057817,icons/pharmacy.png,OSM
Fès-Meknès,Laiterie,Café,Formel,Laiterie,34.0174552,-4.9814497,icons/cafe.png,OSM
Fès-Meknès,Snack la Ribera,Restaurant,Formel,Snack la Ribera,34.0177124,-4.981429,icons/restaurant.png,OSM
Fès-Meknès,Café Ramses,Café,Formel,Café Ramses,34.0198528,-4.9812328,icons/cafe.png,OSM
Fès-Meknès,Café Malak,Café,Formel,Avenue Karama Zohour 1,34.0172508,-4.9859516,icons/cafe.png,OSM
Fès-Meknès,Société Dizig Épicier en demi - gros,Supermarché,Formel,Avenue Karama Zohour 1,34.0173626,-4.9859453,icons/supermarket.png,OSM
Fès-Meknès,Café Hataba,Café,Formel,Avenue Karama Zohour 1,34.0176338,-4.9859135,icons/cafe.png,OSM
Fès-Meknès,"Pâtisserie, Boulangerie et Grillade Al Karama",Boulangerie,Formel,Avenue Karama Zohour 1,34.0153531,-4.9860894,icons/bakery.png,OSM
Fès-Meknès,Epicier بقال,Supérette / Mini-market,Formel,Route Imouzer,34.0090991,-5.0033978,icons/convenience.png,OSM
Fès-Meknès,Café Williams,Café,Formel,Café Williams,34.0185833,-4.9815382,icons/cafe.png,OSM
Fès-Meknès,Café quattro,Café,Formel,Café quattro,34.0184338,-4.9815436,icons/cafe.png,OSM
Fès-Meknès,Café Hongkong,Café,Formel,Café Hongkong,34.0187496,-4.9815699,icons/cafe.png,OSM
Fès-Meknès,Pharmacie Florida صيدلية فلوريدا,Parapharmacie,Formel,"Hay Anass 3, Fès",34.0076467,-5.0031474,icons/pharmacy.png,OSM
Fès-Meknès,Pharmacie Mont Fleuri صيدلية الجبل,Parapharmacie,Formel,"Avenue Karama Zohour 1, Fès",34.0152601,-4.9860772,icons/pharmacy.png,OSM
Fès-Meknès,Parapharmacie Al Karama,Parapharmacie,Formel,Avenue Karama Kissariat Al Omarae Zohour 1,34.0150398,-4.9861184,icons/pharmacy.png,OSM
Fès-Meknès,Boulangerie,Boulangerie,Formel,Boulangerie,34.0183289,-4.9815368,icons/bakery.png,OSM
Fès-Meknès,Café Biladi,Café,Formel,Avenue Karama Rue Konakri Zohour 1,34.0144486,-4.9861323,icons/cafe.png,OSM
Fès-Meknès,Café Moya,Café,Formel,Café Moya,34.0167359,-4.9817109,icons/cafe.png,OSM
Fès-Meknès,Epicier بقال,Supérette / Mini-market,Formel,Route Imouzer,34.0043619,-5.0001664,icons/convenience.png,OSM
Fès-Meknès,Pharmacie Al Yousr صيدلية اليسر,Parapharmacie,Formel,"Complexe Salalam rte immouzer, Fès",34.012366,-5.0027424,icons/pharmacy.png,OSM
Fès-Meknès,Café,Café,Formel,Route Imouzer,34.0123861,-5.003173,icons/cafe.png,OSM
Fès-Meknès,Epicier بقال,Supérette / Mini-market,Formel,Route Imouzer,34.0128049,-5.0025447,icons/convenience.png,OSM
Fès-Meknès,Restaurant Bavi,Restaurant,Formel,Route Imouzer,34.0128351,-5.0026744,icons/restaurant.png,OSM
Fès-Meknès,Café Hally,Café,Formel,Avenue Karama Zohour 1,34.0140671,-4.9861677,icons/cafe.png,OSM
Fès-Meknès,Poly Cafés,Café,Formel,Avenue Karama Zohour 1,34.0135088,-4.986298,icons/cafe.png,OSM
Fès-Meknès,Café Samar Leider,Café,Formel,Ain Amir,34.0095308,-5.0034395,icons/cafe.png,OSM
Fès-Meknès,Café Rihab,Café,Formel,Café Rihab,33.0346612,-4.075744,icons/cafe.png,OSM
Fès-Meknès,Epicier بقال,Supérette / Mini-market,Formel,Route Imouzer,34.0073733,-5.0031978,icons/convenience.png,OSM
Fès-Meknès,Café Angola,Café,Formel,Café Angola,34.0150408,-4.9820112,icons/cafe.png,OSM
Fès-Meknès,Café parce halab,Café,Formel,Café parce halab,34.019455,-4.9812417,icons/cafe.png,OSM
Fès-Meknès,Café l'îlot leila,Café,Formel,Café l'îlot leila,34.0157235,-4.9702722,icons/cafe.png,OSM
Fès-Meknès,Café Arraidia,Café,Formel,Café Arraidia,34.0160671,-4.9702987,icons/cafe.png,OSM
Fès-Meknès,Restaurant Katana Suchi,Restaurant,Formel,Route Imouzer,34.0130023,-5.0026782,icons/restaurant.png,OSM
Fès-Meknès,Café Mallorca,Café,Formel,Café Mallorca,34.0151679,-4.9703474,icons/cafe.png,OSM
Fès-Meknès,Café Atlantice Palace,Café,Formel,Café Atlantice Palace,34.016192,-4.9702663,icons/cafe.png,OSM
Fès-Meknès,Café najmat El Jabal,Café,Formel,Café najmat El Jabal,34.0169107,-4.9702504,icons/cafe.png,OSM
Fès-Meknès,Café Al Magharib,Café,Formel,Café Al Magharib,34.0182702,-4.9701891,icons/cafe.png,OSM
Fès-Meknès,Café Al Macharik,Café,Formel,Café Al Macharik,34.0188261,-4.9702057,icons/cafe.png,OSM
Fès-Meknès,Café Espace Rahma,Café,Formel,Café Espace Rahma,34.0168614,-4.9705971,icons/cafe.png,OSM
Fès-Meknès,Crémerie Anouar,Café,Formel,Crémerie Anouar,34.0167153,-4.9705968,icons/cafe.png,OSM
Fès-Meknès,Café Rihab fes,Café,Formel,Café Rihab fes,34.0159935,-4.9706051,icons/cafe.png,OSM
Fès-Meknès,Crémerie oued dahab,Café,Formel,Crémerie oued dahab,34.0161247,-4.9705941,icons/cafe.png,OSM
Fès-Meknès,Café Mouzar,Café,Formel,Café Mouzar,34.0154496,-4.9706799,icons/cafe.png,OSM
Fès-Meknès,Café Tamarix Palace,Café,Formel,Café Tamarix Palace,34.0148021,-4.9707188,icons/cafe.png,OSM
Fès-Meknès,Épicerie sans nom,Épicerie,Informel,Épicerie sans nom,33.8273875,-4.8372028,icons/greengrocer.png,OSM
Fès-Meknès,Snack El wafae,Restaurant,Formel,Snack El wafae,34.0096459,-4.9783211,icons/restaurant.png,OSM
Fès-Meknès,Café jibal Rif,Café,Formel,Café jibal Rif,34.0097528,-4.9781409,icons/cafe.png,OSM
Fès-Meknès,Café festival,Café,Formel,Café festival,34.0098394,-4.978015,icons/cafe.png,OSM
Fès-Meknès,Café Oxford,Café,Formel,Mohammed El Fassi,34.0139084,-5.0021891,icons/cafe.png,OSM
Fès-Meknès,Café La Ruche,Café,Formel,Mohammed El Fassi,34.0138886,-5.002345,icons/cafe.png,OSM
Fès-Meknès,Cremerie Ouzoud,Café,Formel,Mohammed El Fassi,34.0140406,-5.0016257,icons/cafe.png,OSM
Fès-Meknès,Café Eglo Palace,Café,Formel,Café Eglo Palace,34.0111934,-4.9754327,icons/cafe.png,OSM
Fès-Meknès,Laiterie Manal,Café,Formel,Laiterie Manal,34.0119774,-4.9738446,icons/cafe.png,OSM
Fès-Meknès,Snack Katia,Restaurant,Formel,Snack Katia,34.0124853,-4.9729332,icons/restaurant.png,OSM
Fès-Meknès,Café Arcobaleno,Café,Formel,Café Arcobaleno,34.0126495,-4.9726688,icons/cafe.png,OSM
Fès-Meknès,Café Kenza,Café,Formel,Café Kenza,34.013318,-4.9714129,icons/cafe.png,OSM
Fès-Meknès,Café Al Maghribia,Café,Formel,Café Al Maghribia,34.0137734,-4.9706619,icons/cafe.png,OSM
Fès-Meknès,Café Uranus,Café,Formel,Café Uranus,34.0128861,-4.9723089,icons/cafe.png,OSM
Fès-Meknès,Rabti Khalid Pizza Royale,Restaurant,Formel,Avenue Karama Zohour 1,34.0114874,-4.9884505,icons/restaurant.png,OSM
Fès-Meknès,Café Youssef,Café,Formel,Avenue Karama Zohour 1,34.0111472,-4.9893115,icons/cafe.png,OSM
Fès-Meknès,Maaich Mohamed Légumier,Épicerie,Informel,Avenue Karama Rue Manrouvia Zohour 1,34.0129504,-4.986489,icons/greengrocer.png,OSM
Fès-Meknès,Café 23 Taibi Mohamed,Café,Formel,Avenue Karama Zohour 1,34.0115642,-4.9881521,icons/cafe.png,OSM
Fès-Meknès,Société Para Medshop,Parapharmacie,Formel,Avenue Karama Zohour 1,34.011503,-4.9883936,icons/pharmacy.png,OSM
Fès-Meknès,Akrari Khadija Épicier,Supérette / Mini-market,Formel,Avenue Karama Zohour 1,34.0114646,-4.9885654,icons/convenience.png,OSM
Fès-Meknès,Pharmacie Al Fadila صيدلية الفضيلة,Parapharmacie,Formel,"Avenue Karama Zohour 1, Fès",34.0114188,-4.988769,icons/pharmacy.png,OSM
Fès-Meknès,Café Rayane,Café,Formel,Avenue Karama Zohour 1,34.0112486,-4.9894179,icons/cafe.png,OSM
Fès-Meknès,Snack Abdou Bekkali,Restaurant,Formel,Avenue Karama Zohour 1,34.0111693,-4.9892054,icons/restaurant.png,OSM
Fès-Meknès,Café Vibel Karama,Café,Formel,Avenue Karama et Avenue Oran Zohour 1,34.0111983,-4.9890711,icons/cafe.png,OSM
Fès-Meknès,Outiss Mohamed Benlahcen Épicier,Supérette / Mini-market,Formel,Avenue Karama Zohour 1,34.0126749,-4.9865013,icons/convenience.png,OSM
Fès-Meknès,Chaoui Abdellah Épicier,Supérette / Mini-market,Formel,Avenue Karama Zohour 1,34.0128237,-4.9864002,icons/convenience.png,OSM
Fès-Meknès,Café Saada,Café,Formel,Avenue Karama Zohour 1,34.0129788,-4.9863361,icons/cafe.png,OSM
Fès-Meknès,Banou Ahmed Épicier,Supérette / Mini-market,Formel,Avenue Karama Zohour 1,34.0125967,-4.9865824,icons/convenience.png,OSM
Fès-Meknès,Café Berlin Palace,Café,Formel,Café Berlin Palace,34.0141861,-4.9708533,icons/cafe.png,OSM
Fès-Meknès,Snack El Wifaq,Restaurant,Formel,Snack El Wifaq,34.0139505,-4.971237,icons/restaurant.png,OSM
Fès-Meknès,Crémerie Al moultaka,Café,Formel,Crémerie Al moultaka,34.0139859,-4.9711742,icons/cafe.png,OSM
Fès-Meknès,Crémerie Ilasse,Café,Formel,Crémerie Ilasse,34.0130908,-4.9727736,icons/cafe.png,OSM
Fès-Meknès,Fromagerie Cafeteria,Café,Formel,Route du parc Fes-Shore,34.0073242,-4.9657905,icons/cafe.png,OSM
Fès-Meknès,Cremerie Tropicana,Café,Formel,Boulevard Moulay Rachid,34.0219117,-4.9884733,icons/cafe.png,OSM
Fès-Meknès,Café Aroma,Café,Formel,Boulevard Moulay Rachid,34.0213239,-4.9881596,icons/cafe.png,OSM
Fès-Meknès,Café Grandi,Café,Formel,Lot Mamounia Route de Sefrou,34.0177579,-4.9883604,icons/cafe.png,OSM
Fès-Meknès,Café Park des Princes,Café,Formel,Lot Mamounia Route de Sefrou,34.0177397,-4.9879134,icons/cafe.png,OSM
Fès-Meknès,Café lamnara,Café,Formel,Lotis Mamounia Route de Sefrou,34.0180711,-4.9875929,icons/cafe.png,OSM
Fès-Meknès,Syrnos chez Hafid,Restaurant,Formel,BVD Moulay Rchid,34.0188937,-4.9865149,icons/restaurant.png,OSM
Fès-Meknès,Snack ( local Fermé ),Restaurant,Formel,BVD Abi Hourayra,34.0177719,-4.9876535,icons/restaurant.png,OSM
Fès-Meknès,Café Big Ben,Café,Formel,BVD Moulay Rchid,34.0183869,-4.9861286,icons/cafe.png,OSM
Fès-Meknès,Pharmacie Ryad صيدلية الرياض,Parapharmacie,Formel,"Avenue Ibn Khatteb acces bouremana, Fès",34.0265672,-4.9935021,icons/pharmacy.png,OSM
Fès-Meknès,Laiterie Ben Zakour,Café,Formel,Boulevard Moulay Rachid,34.0224007,-4.9888785,icons/cafe.png,OSM
Fès-Meknès,Cremerie Mamounia,Café,Formel,Lot Mamounia Route de Sefrou,34.01761,-4.9886254,icons/cafe.png,OSM
Fès-Meknès,La Famille,Restaurant,Formel,Boulevard Moulay Rachid شارع مولاي رشيد,34.018314,-4.986081,icons/restaurant.png,OSM
Fès-Meknès,Laitière,Café,Formel,Abi Hourayra,34.0177512,-4.9877441,icons/cafe.png,OSM
Fès-Meknès,Pharmacie Ghizlane صيدلية غزلان,Parapharmacie,Formel,"RTE DE SEFROULOTISS OUAFAE N 342 FES, Fés",34.0057403,-4.9687656,icons/pharmacy.png,OSM
Fès-Meknès,Cremerie Morrella Palace,Café,Formel,BVD Moulay Rchid,34.0189457,-4.9867472,icons/cafe.png,OSM
Fès-Meknès,Café Titanic,Café,Formel,"Boulevard Moulay Rachid, Fès",34.0244397,-4.9899129,icons/cafe.png,OSM
Fès-Meknès,Pharmacie l'Entente صيدلية الإتفاق,Parapharmacie,Formel,"160 LOTTI ERAC HAY WIFAK RTE AIN SMEN, Fès",34.0242974,-4.9897763,icons/pharmacy.png,OSM
Fès-Meknès,Pharmacie Route de Sefrou صيدلية طريق صفرو,Parapharmacie,Formel,"Boulevard Moulay Rachid, Fès",34.0212182,-4.9879182,icons/pharmacy.png,OSM
Fès-Meknès,Café Roncalé,Café,Formel,Lot Mamounia Route de Sefrou,34.0182832,-4.9878738,icons/cafe.png,OSM
Fès-Meknès,Cremerie Al Azhar,Café,Formel,Lot Mamounia Route de Sefrou,34.0177531,-4.9879005,icons/cafe.png,OSM
Fès-Meknès,Restaurant YAJLAHI( Yallah Naklou),Restaurant,Formel,Lot Mamounia Route de Sefrou,34.0185264,-4.9871526,icons/restaurant.png,OSM
Fès-Meknès,Picolina,Restaurant,Formel,Lot Mamounia Route de Sefrou,34.0185797,-4.9871011,icons/restaurant.png,OSM
Fès-Meknès,Snack Nassim,Restaurant,Formel,Route du parc Fes-Shore,34.0086018,-4.9632662,icons/restaurant.png,OSM
Fès-Meknès,Pharmacie Faculté de Médecine صيدلية كلية الطب,Parapharmacie,Formel,"hay elamal rte de sefrou, Fès فاس",34.0076423,-4.9652236,icons/pharmacy.png,OSM
Fès-Meknès,Epicier بقال,Supérette / Mini-market,Formel,Route du parc Fes-Shore,34.0079418,-4.9646708,icons/convenience.png,OSM
Fès-Meknès,Café Armor,Café,Formel,Route du parc Fes-Shore,34.0075178,-4.9654467,icons/cafe.png,OSM
Fès-Meknès,Bellina,Café,Formel,Route du parc Fes-Shore,34.0086628,-4.9631371,icons/cafe.png,OSM
Fès-Meknès,Issam,Café,Formel,Route du parc Fes-Shore,34.0087414,-4.9629514,icons/cafe.png,OSM
Fès-Meknès,Café Essalam,Café,Formel,Café Essalam,34.0112652,-4.9762639,icons/cafe.png,OSM
Fès-Meknès,Café l'Odéon,Café,Formel,Café l'Odéon,34.0125053,-4.9739387,icons/cafe.png,OSM
Fès-Meknès,Snack Abderazak,Restaurant,Formel,Route du parc Fes-Shore,34.0090933,-4.9622252,icons/restaurant.png,OSM
Fès-Meknès,Pâtisserie El ouazzani,Boutique de confiserie,Informel,Pâtisserie El ouazzani,34.0108018,-4.9769968,icons/confectionery.png,OSM
Fès-Meknès,Café Cap Vert,Café,Formel,Café Cap Vert,34.0109124,-4.9768436,icons/cafe.png,OSM
Fès-Meknès,Pharmacie Fès Shore صيدلية فاس شور,Parapharmacie,Formel,"Route du parc Fes-Shore, Fès فاس",34.0093643,-4.9616705,icons/pharmacy.png,OSM
Fès-Meknès,Snack Driss (fermé ),Restaurant,Formel,Snack Driss (fermé ),34.0105614,-4.9774602,icons/restaurant.png,OSM
Fès-Meknès,Café Jawhara,Café,Formel,Café Jawhara,34.010131,-4.9782126,icons/cafe.png,OSM
Fès-Meknès,Crémerie,Café,Formel,Crémerie,34.0098781,-4.9787123,icons/cafe.png,OSM
Fès-Meknès,Cremerie premo,Café,Formel,Route du parc Fes-Shore,34.0094374,-4.9615865,icons/cafe.png,OSM
Fès-Meknès,Snack Bismillah,Restaurant,Formel,BVD Israe,34.0104785,-4.9638062,icons/restaurant.png,OSM
Fès-Meknès,Café Kawtar,Café,Formel,BVD Israe,34.0127557,-4.9656219,icons/cafe.png,OSM
Fès-Meknès,Pharmacie Nour El Houda صيدلية نور الهدى,Parapharmacie,Formel,"BVD Israe, Fès",34.0129244,-4.965755,icons/pharmacy.png,OSM
Fès-Meknès,Café Le Soft,Café,Formel,BVD Israe,34.0110129,-4.9645422,icons/cafe.png,OSM
Fès-Meknès,Cremerie Israe,Café,Formel,BVD Israe,34.0103763,-4.9637211,icons/cafe.png,OSM
Fès-Meknès,Café Moon,Café,Formel,Av Omar Ibn Al Khattab,34.0367806,-5.0142885,icons/cafe.png,OSM
Fès-Meknès,Laiterie El Jawda,Café,Formel,Laiterie El Jawda,34.0133992,-4.980995,icons/cafe.png,OSM
Fès-Meknès,FOOD FACTORY,Restaurant,Formel,Av Omar Ibn Al Khattab,34.0366646,-5.014995,icons/restaurant.png,OSM
Fès-Meknès,Supérette / Mini-market sans nom,Supérette / Mini-market,Formel,Supérette / Mini-market sans nom,34.0132636,-4.9794477,icons/convenience.png,OSM
Fès-Meknès,Café Alfa Trône,Café,Formel,Café Alfa Trône,34.0128903,-4.97593,icons/cafe.png,OSM
Fès-Meknès,SNAK TAC'S,Restaurant,Formel,Champs de Cours,34.0370556,-5.0153437,icons/restaurant.png,OSM
Fès-Meknès,Cremerie Adwak Mandar Jamil,Café,Formel,Champs de Cours,34.0372722,-5.0156826,icons/cafe.png,OSM
Fès-Meknès,Cafe White,Café,Formel,Champs de Cours,34.0369861,-5.0154052,icons/cafe.png,OSM
Fès-Meknès,Green Apple,Café,Formel,Champs de Cours,34.0372194,-5.0156367,icons/cafe.png,OSM
Fès-Meknès,Pharmacie Champs de Courses صيدلية ملعب الخيل,Parapharmacie,Formel,"champs de Cours, Fès فاس",34.036918,-5.0152573,icons/pharmacy.png,OSM
Fès-Meknès,Patisserie Champs de cours,Boulangerie,Formel,Champs de Cours,34.037776,-5.0161136,icons/bakery.png,OSM
Fès-Meknès,Café pasta Blanca,Café,Formel,Café pasta Blanca,34.0128425,-4.9753016,icons/cafe.png,OSM
Fès-Meknès,Café,Café,Formel,Café,34.0127971,-4.9738945,icons/cafe.png,OSM
Fès-Meknès,Restaurant Dichcom,Restaurant,Formel,Restaurant Dichcom,34.0128018,-4.9741522,icons/restaurant.png,OSM
Fès-Meknès,Pâtisserie Jaouda,Boulangerie,Formel,Avenue Karama Zohour 1,34.0133378,-4.9861363,icons/bakery.png,OSM
Fès-Meknès,Zine Driss Laitière,Café,Formel,Avenue Karama Zohour 1,34.0144393,-4.9859812,icons/cafe.png,OSM
Fès-Meknès,Boulangerie et pâtisserie Awal Yeder,Boulangerie,Formel,Avenue Karama Zohour 1,34.0177017,-4.9857253,icons/bakery.png,OSM
Fès-Meknès,Lamghari Lahcen V . Des Beignets,Restaurant,Formel,Avenue Karama Zohour 1,34.0143246,-4.9860185,icons/restaurant.png,OSM
Fès-Meknès,Crémerie Lokmane,Café,Formel,Avenue Karama Zohour 1,34.0132983,-4.9861536,icons/cafe.png,OSM
Fès-Meknès,Boulangerie et pâtisserie Bahja,Boulangerie,Formel,Avenue Karama Zohour 1,34.0134565,-4.9860929,icons/bakery.png,OSM
Fès-Meknès,Café Anass Ahmadoun Ahmed,Café,Formel,Avenue Karama Zohour 1,34.0153779,-4.9859328,icons/cafe.png,OSM
Fès-Meknès,Hamzi Fatima Crémerie,Restaurant,Formel,Avenue Al Manama Zohour 1,34.015167,-4.9862109,icons/restaurant.png,OSM
Fès-Meknès,O'POULET,Restaurant,Formel,rue Lalla Aicha,34.0387276,-5.0120205,icons/restaurant.png,OSM
Fès-Meknès,Restaurant La Pause,Restaurant,Formel,rue Lalla Aicha,34.0391178,-5.0124051,icons/restaurant.png,OSM
Fès-Meknès,Café Isly,Café,Formel,Avenue Al Manama Zohour 1,34.0151782,-4.9872936,icons/cafe.png,OSM
Fès-Meknès,Fhilou Mohamed Épicier,Supérette / Mini-market,Formel,Avenue Al Manama Zohour 1,34.0151658,-4.9876199,icons/convenience.png,OSM
Fès-Meknès,Les Maître Du Cababes,Restaurant,Formel,rue Lalla Aicha,34.0385803,-5.0118878,icons/restaurant.png,OSM
Fès-Meknès,Wakamé,Restaurant,Formel,Av Omar Ibn Al Khattab,34.0372715,-5.0129682,icons/restaurant.png,OSM
Fès-Meknès,Guennoune El Hassania Crémerie Andalousie,Café,Formel,Avenue Al Manama Zohour 1,34.0146938,-4.9896802,icons/cafe.png,OSM
Fès-Meknès,Société Mahalkom Épicier Superette,Supérette / Mini-market,Formel,Avenue Al Manama Zohour 1,34.0148752,-4.9889473,icons/convenience.png,OSM
Fès-Meknès,Café Ennasre El Machouahi Omar,Café,Formel,Avenue Al Manama Zohour 1,34.0148462,-4.9895706,icons/cafe.png,OSM
Fès-Meknès,El Maghrani Abdellah Crémerie Al Ikhlass,Café,Formel,Avenue Al Manama Zohour 1,34.0147658,-4.9899089,icons/cafe.png,OSM
Fès-Meknès,Café Firdaous Alaoui et Taoufik,Café,Formel,Avenue Al Manama Zohour 1,34.0145595,-4.9902232,icons/cafe.png,OSM
Fès-Meknès,Pharmacie Firdaous صيدلية الفردوس,Parapharmacie,Formel,"Avenue Al Manama Zohour 1, Fès",34.0146357,-4.9897963,icons/pharmacy.png,OSM
Fès-Meknès,Café Al Arabe,Café,Formel,Al Madina Mounawara,34.0084656,-4.9643727,icons/cafe.png,OSM
Fès-Meknès,Le Brisk,Restaurant,Formel,rue Lalla Aicha,34.0375453,-5.0110545,icons/restaurant.png,OSM
Fès-Meknès,Café Varizi,Café,Formel,Al Madina Mounawara,34.0082475,-4.9642202,icons/cafe.png,OSM
Fès-Meknès,Café Oualili,Café,Formel,Av Israe,34.0102704,-4.9639459,icons/cafe.png,OSM
Fès-Meknès,Café Davinci,Café,Formel,Av Madina Mounawara,34.0086602,-4.9645103,icons/cafe.png,OSM
Fès-Meknès,Café morena,Café,Formel,Café morena,34.0131864,-4.9775555,icons/cafe.png,OSM
Fès-Meknès,Pizzeria Davinci,Restaurant,Formel,Al Madina Mounawara,34.0087779,-4.9645983,icons/restaurant.png,OSM
Fès-Meknès,Restaurant,Restaurant,Formel,Al Madina Mounawara,34.008966,-4.9647471,icons/restaurant.png,OSM
Fès-Meknès,Snack Rotana,Restaurant,Formel,Al Madina Mounawara,34.0090467,-4.9648076,icons/restaurant.png,OSM
Fès-Meknès,Pizzeria Kos Taco 's,Restaurant,Formel,Al Madina Mounawara,34.0091223,-4.9648603,icons/restaurant.png,OSM
Fès-Meknès,Café Hind Star,Café,Formel,Café Hind Star,34.0135583,-4.9802603,icons/cafe.png,OSM
Fès-Meknès,Café Espana,Café,Formel,Café Espana,34.0135988,-4.9805903,icons/cafe.png,OSM
Fès-Meknès,Snack Marhaba,Restaurant,Formel,Al Madina Mounawara,34.0095573,-4.9651939,icons/restaurant.png,OSM
Fès-Meknès,Café Bleu Water,Café,Formel,Café Bleu Water,34.0137488,-4.9814712,icons/cafe.png,OSM
Fès-Meknès,Café L'Avenir,Café,Formel,Avenue Al Manama Zohour 1,34.0154467,-4.9903212,icons/cafe.png,OSM
Fès-Meknès,Café Al Ahrame,Café,Formel,Café Al Ahrame,34.0137534,-4.9816774,icons/cafe.png,OSM
Fès-Meknès,Epicier بقال,Supérette / Mini-market,Formel,Al Madina Mounawara,34.0099014,-4.9653939,icons/convenience.png,OSM
Fès-Meknès,Snack Wahran,Restaurant,Formel,Avenue Oran Zohour 1,34.0145941,-4.9900397,icons/restaurant.png,OSM
Fès-Meknès,Café Azzouhour 2,Café,Formel,Al Madina Mounawara,34.0102074,-4.9655853,icons/cafe.png,OSM
Fès-Meknès,Pharmacie de l'Hôpital Universitaire صيدلية المستشفى الجامعي,Parapharmacie,Formel,"Al Madina Mounawara, Fès ⴼⴰⵙ فاس",34.0106557,-4.9657329,icons/pharmacy.png,OSM
Fès-Meknès,Café Chada,Café,Formel,Al Madina Mounawara,34.0107856,-4.9659769,icons/cafe.png,OSM
Fès-Meknès,Casse croute,Restaurant,Formel,AL MADINA MOUNAWARA,34.0110285,-4.9661509,icons/restaurant.png,OSM
Fès-Meknès,Café Afriquia,Café,Formel,Al Madina Mounawara,34.0112714,-4.9663183,icons/cafe.png,OSM
Fès-Meknès,Crémerie Nakhil,Café,Formel,Crémerie Nakhil,34.0070982,-4.9683729,icons/cafe.png,OSM
Fès-Meknès,Dia Market,Supermarché,Formel,Dia Market,34.0071558,-4.9684214,icons/supermarket.png,OSM
Fès-Meknès,Café Avicenne,Café,Formel,Café Avicenne,34.0081211,-4.96907,icons/cafe.png,OSM
Fès-Meknès,Café Arrachidia,Café,Formel,Avenue Oran Rue Ouatouat Zohour 1,34.0136519,-4.9899015,icons/cafe.png,OSM
Fès-Meknès,Casa Mia,Café,Formel,Avenue Égypte Resi El Ouafae,34.0464074,-5.0016926,icons/cafe.png,OSM
Fès-Meknès,Boulangerie Avicenne,Boulangerie,Formel,Boulangerie Avicenne,34.0081958,-4.9691384,icons/bakery.png,OSM
Fès-Meknès,Parapharmacie Wissam,Parapharmacie,Formel,Avenue Oran Zohour 1,34.0134414,-4.9898179,icons/pharmacy.png,OSM
Fès-Meknès,Café Soleil Palace,Café,Formel,Café Soleil Palace,34.008682,-4.9694788,icons/cafe.png,OSM
Fès-Meknès,Crémerie Chorouk,Café,Formel,Crémerie Chorouk,34.0092895,-4.9698939,icons/cafe.png,OSM
Fès-Meknès,Pharmacie Ibn Hazm صيدلية بن حزم,Parapharmacie,Formel,"A C0Té FAC DE MEDCINE, Fès",34.0091231,-4.9695833,icons/pharmacy.png,OSM
Fès-Meknès,Epicier بقال,Supérette / Mini-market,Formel,Al Madina Mounawara,34.0114998,-4.9664937,icons/convenience.png,OSM
Fès-Meknès,Café Morolia,Café,Formel,Al Madina Mounawara,34.0115771,-4.9665504,icons/cafe.png,OSM
Fès-Meknès,Café La Tulipe Noir,Café,Formel,Al Madina Mounawara,34.0120046,-4.9669492,icons/cafe.png,OSM
Fès-Meknès,Laiterie Al Ikhlass,Café,Formel,Laiterie Al Ikhlass,34.0099278,-4.9703984,icons/cafe.png,OSM
Fès-Meknès,Cremerie Al Amal,Café,Formel,Al Madina Mounawara,34.0114434,-4.9664547,icons/cafe.png,OSM
Fès-Meknès,Café Amsterdam,Café,Formel,Avenue Oran Zohour 1,34.0109244,-4.9885022,icons/cafe.png,OSM
Fès-Meknès,Laitière Bismi Allah,Café,Formel,Avenue Oran Zohour 1,34.0106551,-4.9884112,icons/cafe.png,OSM
Fès-Meknès,Café Monté Carlo,Café,Formel,Al Madina Mounawara,34.0121846,-4.9673459,icons/cafe.png,OSM
Fès-Meknès,Café Kasr Al Omda,Café,Formel,Al Madina Mounawara,34.0120477,-4.9672641,icons/cafe.png,OSM
Fès-Meknès,Café Adam,Café,Formel,Café Adam,34.0117088,-4.9706038,icons/cafe.png,OSM
Fès-Meknès,Café Goya Palace,Café,Formel,Avenue Oran Zohour 1,34.010434,-4.9883159,icons/cafe.png,OSM
Fès-Meknès,Vente Des Legumes,Épicerie,Informel,Al Madina Mounawara,34.0113188,-4.9667169,icons/greengrocer.png,OSM
Fès-Meknès,Epicier بقال,Supérette / Mini-market,Formel,Al Madina Mounawara,34.0103244,-4.9660373,icons/convenience.png,OSM
Fès-Meknès,Patisserie Sbai,Boulangerie,Formel,Al Madina Mounawara,34.0114216,-4.9667872,icons/bakery.png,OSM
Fès-Meknès,Café,Café,Formel,Café,34.0127799,-4.9704704,icons/cafe.png,OSM
Fès-Meknès,Café Lazaro,Café,Formel,Café Lazaro,34.0129566,-4.9704441,icons/cafe.png,OSM
Fès-Meknès,Café Etoile de Saiss,Café,Formel,Avenue Oran Zohour 1,34.0084811,-4.9875411,icons/cafe.png,OSM
Fès-Meknès,Restaurant kaoutar,Restaurant,Formel,Restaurant kaoutar,34.0138327,-4.9704003,icons/restaurant.png,OSM
Fès-Meknès,Café Pronto,Café,Formel,Café Pronto,34.0137658,-4.9704094,icons/cafe.png,OSM
Fès-Meknès,Restaurant Goût Dilices,Restaurant,Formel,Restaurant Goût Dilices,34.0138989,-4.9703967,icons/restaurant.png,OSM
Fès-Meknès,Cremerie,Café,Formel,Av Al Madina Mounawara,34.0097454,-4.9655968,icons/cafe.png,OSM
Fès-Meknès,Café Le Pont,Café,Formel,Al Madina Mounawara,34.0095352,-4.9654532,icons/cafe.png,OSM
Fès-Meknès,Café Al Hamrae,Café,Formel,Av Al Madina Mounawara,34.0092914,-4.9652431,icons/cafe.png,OSM
Fès-Meknès,Café Cavailon,Café,Formel,Av Al Madina Mounawara,34.0089083,-4.9650028,icons/cafe.png,OSM
Fès-Meknès,Snack Marchika,Café,Formel,Al Madina Mounawara,34.0099449,-4.9657668,icons/cafe.png,OSM
Fès-Meknès,Café Chanae,Café,Formel,Café Chanae,34.0129567,-4.9706609,icons/cafe.png,OSM
Fès-Meknès,Café florancia,Café,Formel,Café florancia,34.0110309,-4.9707944,icons/cafe.png,OSM
Fès-Meknès,Café,Café,Formel,Café,34.0104645,-4.9708471,icons/cafe.png,OSM
Fès-Meknès,Snack El Hamd,Restaurant,Formel,Snack El Hamd,34.0084528,-4.9695689,icons/restaurant.png,OSM
Fès-Meknès,Marina Fish,Restaurant,Formel,Marina Fish,34.0078526,-4.9690824,icons/restaurant.png,OSM
Fès-Meknès,Pizzeria Fast Ford,Restaurant,Formel,Pizzeria Fast Ford,34.008096,-4.9692901,icons/restaurant.png,OSM
Fès-Meknès,Bleu Piscado,Restaurant,Formel,Bleu Piscado,34.0066198,-4.9681513,icons/restaurant.png,OSM
Fès-Meknès,Café Mozart,Café,Formel,angle Madina Mounawara Et Av Riad,34.0129606,-4.9673778,icons/cafe.png,OSM
Fès-Meknès,Café Pavillon Blanc,Café,Formel,Hay Amal,34.0089118,-4.9674496,icons/cafe.png,OSM
Fès-Meknès,Café Capanina,Café,Formel,Hay Amal,34.0105629,-4.966515,icons/cafe.png,OSM
Fès-Meknès,Café Miarage,Café,Formel,Hay Amal,34.0105653,-4.9669297,icons/cafe.png,OSM
Fès-Meknès,Cremerie Nabil,Café,Formel,Hay Amal,34.0106365,-4.9663524,icons/cafe.png,OSM
Fès-Meknès,Cremerie,Café,Formel,Av Miarage Hay Amal,34.0110829,-4.9654783,icons/cafe.png,OSM
Fès-Meknès,Café El Omda,Café,Formel,Av Miarage Hay Amal,34.0112256,-4.9655878,icons/cafe.png,OSM
Fès-Meknès,Pharmacie Yasmine صيدلية ياسمين,Parapharmacie,Formel,"BVD D'oran mont fleuri 2, Fès",34.0102284,-4.9880887,icons/pharmacy.png,OSM
Fès-Meknès,Para Pharmacie Hicham Moubtassim,Parapharmacie,Formel,Avenue Oran Zohour 1,34.0078598,-4.9873326,icons/pharmacy.png,OSM
Fès-Meknès,Café Roterdam Akrouch Said,Café,Formel,Avenue Oran Zohour 1,34.0075214,-4.9871442,icons/cafe.png,OSM
Fès-Meknès,Café Ahlam,Café,Formel,Avenue Oran Zohour 1,34.0076313,-4.9872245,icons/cafe.png,OSM
Fès-Meknès,Café Ajdir,Café,Formel,Avenue Oran Zohour 1,34.008049,-4.9875996,icons/cafe.png,OSM
Fès-Meknès,Supérette / Mini-market sans nom,Supérette / Mini-market,Formel,Supérette / Mini-market sans nom,34.0656593,-5.0013241,icons/convenience.png,OSM
Fès-Meknès,Fruits and more,Épicerie,Informel,Fruits and more,34.0658923,-5.0013898,icons/greengrocer.png,OSM
Fès-Meknès,Laiterie Ayoub,Café,Formel,Laiterie Ayoub,34.0128858,-4.9716991,icons/cafe.png,OSM
Fès-Meknès,Tasty Pizza,Restaurant,Formel,Tasty Pizza,34.0127557,-4.9697349,icons/restaurant.png,OSM
Fès-Meknès,Pharmacie Ben Cheikh صيدلية ابن الشيخ,Parapharmacie,Formel,"haY AL AMAL RTE DE SEFROU, Fés",34.0127576,-4.9700355,icons/pharmacy.png,OSM
Fès-Meknès,Café Marmara Palace,Café,Formel,Café Marmara Palace,34.0127644,-4.9696274,icons/cafe.png,OSM
Fès-Meknès,Laiterie Azami,Café,Formel,Laiterie Azami,34.012764,-4.9689862,icons/cafe.png,OSM
Fès-Meknès,Laiterie La famille,Café,Formel,Lot Wafae Route Sidi Hrazem,34.0089091,-4.9660817,icons/cafe.png,OSM
Fès-Meknès,Cremerie Jaouda,Café,Formel,Hay Amal,34.0107983,-4.9670909,icons/cafe.png,OSM
Fès-Meknès,Snack Bilax,Restaurant,Formel,Snack Bilax,34.012838,-4.9683812,icons/restaurant.png,OSM
Fès-Meknès,Restaurant slassi,Restaurant,Formel,Restaurant slassi,34.0128462,-4.9685687,icons/restaurant.png,OSM
Fès-Meknès,Cremerie La Nature,Café,Formel,Lot Wafae,34.0088229,-4.9680572,icons/cafe.png,OSM
Fès-Meknès,Boulangerie El Boujmai,Boulangerie,Formel,Boulangerie El Boujmai,34.0129208,-4.970055,icons/bakery.png,OSM
Fès-Meknès,Epicier بقال,Supérette / Mini-market,Formel,Hay Amal,34.009993,-4.9673978,icons/convenience.png,OSM
Fès-Meknès,Café Napoli,Café,Formel,Café Napoli,34.0129305,-4.9702136,icons/cafe.png,OSM
Fès-Meknès,Café Amory,Café,Formel,Café Amory,34.0129898,-4.9713627,icons/cafe.png,OSM
Fès-Meknès,Café Orchidée,Café,Formel,Av Méditerranéen,34.0158315,-4.9642665,icons/cafe.png,OSM
Fès-Meknès,Patisserie SOLARO,Boulangerie,Formel,Av Méditerranéen,34.015667,-4.9647904,icons/bakery.png,OSM
Fès-Meknès,Café SOLARO,Café,Formel,Av Méditerranéen,34.0156692,-4.9649188,icons/cafe.png,OSM
Fès-Meknès,Café Bella Rosa,Café,Formel,Av Méditerranéen,34.0156531,-4.9645663,icons/cafe.png,OSM
Fès-Meknès,Café Bleu Iris,Café,Formel,Café Bleu Iris,34.0070716,-4.9725005,icons/cafe.png,OSM
Fès-Meknès,Café Star Pool,Café,Formel,Café Star Pool,34.0060576,-4.9744323,icons/cafe.png,OSM
Fès-Meknès,Pharmacie Al Wassila صيدلية الوسيلة,Parapharmacie,Formel,"LOTISS EL WAFA RTE DE SEFROU FES, 200 ROUTE DE SEFROU LOTTI WAFAE FEZ, Fès",34.0063267,-4.9737192,icons/pharmacy.png,OSM
Fès-Meknès,Café ti Amo,Café,Formel,Café ti Amo,34.0067903,-4.9730218,icons/cafe.png,OSM
Fès-Meknès,Pizzeria Amine,Restaurant,Formel,Pizzeria Amine,34.0070676,-4.9700869,icons/restaurant.png,OSM
Fès-Meknès,Café Fox,Café,Formel,Café Fox,34.006861,-4.9701686,icons/cafe.png,OSM
Fès-Meknès,Laiterie Amjad,Café,Formel,Av Méditerranéen,34.0157038,-4.9658857,icons/cafe.png,OSM
Fès-Meknès,Café Marhaba,Café,Formel,Av Méditerranéen,34.0157144,-4.9660282,icons/cafe.png,OSM
Fès-Meknès,Cafe fes,Café,Formel,Av Méditerranéen,34.0158558,-4.9654891,icons/cafe.png,OSM
Fès-Meknès,Cremerie,Café,Formel,Av Méditerranéen,34.0158049,-4.9648225,icons/cafe.png,OSM
Fès-Meknès,Epicier بقال,Supérette / Mini-market,Formel,Av Méditerranéen,34.0157978,-4.9645107,icons/convenience.png,OSM
Fès-Meknès,Café Hadil,Café,Formel,Av Bahamas Hay Riad,34.0178434,-4.9649393,icons/cafe.png,OSM
Fès-Meknès,Café Hamza,Café,Formel,Av Bahae Hay Riad,34.0159785,-4.965955,icons/cafe.png,OSM
Fès-Meknès,Café La Sejour,Café,Formel,Av Bahae Hay Riad,34.0157241,-4.966102,icons/cafe.png,OSM
Fès-Meknès,Laiterie Al Ihssan,Café,Formel,Av Bahae Hay Narjis,34.0143626,-4.9669632,icons/cafe.png,OSM
Fès-Meknès,Café Parc des Princes,Café,Formel,Av Riad Narjis C,34.0134882,-4.9674332,icons/cafe.png,OSM
Fès-Meknès,Epicier بقال,Supérette / Mini-market,Formel,Av Riad Narjis C,34.0136168,-4.9673741,icons/convenience.png,OSM
Fès-Meknès,Epicier en gros,Supérette / Mini-market,Formel,Av Riad Narjis C,34.0137148,-4.9673437,icons/convenience.png,OSM
Fès-Meknès,Café Tchaw Tchaw,Café,Formel,Av Ocean Pacifique,34.0169137,-4.9639005,icons/cafe.png,OSM
Fès-Meknès,Laiterie Al Adwak,Café,Formel,Av Ocean Pacifique Hay Riad,34.0158229,-4.963326,icons/cafe.png,OSM
Fès-Meknès,Laiterie,Café,Formel,Av OCEAN PACIFIQUE HAY RIAD,34.0154337,-4.9628338,icons/cafe.png,OSM
Fès-Meknès,Epicier بقال,Supérette / Mini-market,Formel,Hay Wafae Route De Sefrou,34.0085741,-4.9677067,icons/convenience.png,OSM
Fès-Meknès,Pharmacie Al Fajr صيدلية الفجر,Parapharmacie,Formel,"Av Ocean Pacifique Hay Riad, Fès ⴼⴰⵙ فاس",34.0154938,-4.9630375,icons/pharmacy.png,OSM
Fès-Meknès,Café Riad Fes,Café,Formel,Av Ocean Pacifique Hay Riad,34.0153186,-4.9629501,icons/cafe.png,OSM
Fès-Meknès,Laiterie,Café,Formel,Av Taef Lot Ouafae,34.0073044,-4.9666735,icons/cafe.png,OSM
Fès-Meknès,Restaurant Food & Outlaws,Restaurant,Formel,Av Taef Lot Wafae,34.0077744,-4.9668214,icons/restaurant.png,OSM
Fès-Meknès,Casse_croute,Restaurant,Formel,Av Taef Lot Ouafae,34.0079784,-4.9671599,icons/restaurant.png,OSM
Fès-Meknès,Café Touta Boudine Khlafa,Café,Formel,Avenue Oran Zohour 1,34.010669,-4.9888947,icons/cafe.png,OSM
Fès-Meknès,Laitière Beyrouth,Café,Formel,Avenue Beyrouth Zohour 1,34.0071848,-4.9868824,icons/cafe.png,OSM
Fès-Meknès,Café Nouria,Café,Formel,Avenue Beyrouth Zohour 1,34.0072619,-4.9865137,icons/cafe.png,OSM
Fès-Meknès,Krimech Hamid Légumier,Épicerie,Informel,Avenue Beyrouth Zohour 2,34.0074464,-4.9849656,icons/greengrocer.png,OSM
Fès-Meknès,Pharmacie Beyrout صيدلية بيروت,Parapharmacie,Formel,"139 av bayrout mont fleuri 1, Fès",34.0078871,-4.984039,icons/pharmacy.png,OSM
Fès-Meknès,Boucherie et Snack Dindiniou,Restaurant,Formel,Avenue Beyrouth Zohour 2,34.0080848,-4.982382,icons/restaurant.png,OSM
Fès-Meknès,Café Al Arabia,Café,Formel,Avenue Beyrouth Lotis Mekouar Zohour 2,34.0083093,-4.9816129,icons/cafe.png,OSM
Fès-Meknès,Pâtisserie Beyrouth,Boulangerie,Formel,Avenue Beyrouth Zohour 1,34.0088286,-4.9808162,icons/bakery.png,OSM
Fès-Meknès,Pharmacie Lahbabi صيدلية لحبابي,Parapharmacie,Formel,"BV BAYROUT Résidence Rawd Azhar Mont fleuri, Fès",34.0044736,-4.9892319,icons/pharmacy.png,OSM
Fès-Meknès,Café L ' Époque,Café,Formel,Avenue Beyrouth et Avenue Chenguit Lotis Zarbaoui Zohour 1,34.0068044,-4.9877237,icons/cafe.png,OSM
Fès-Meknès,Assara Said Épicier et V . Des Poulets,Supérette / Mini-market,Formel,Avenue Beyrouth Zohour 1,34.0081269,-4.9832181,icons/convenience.png,OSM
Fès-Meknès,Café Omario El Ghaouat Thami,Café,Formel,Avenue Oran Zohour 1,34.0081821,-4.9876323,icons/cafe.png,OSM
Fès-Meknès,Café La Casilla,Café,Formel,Avenue Beyrouth Lotis Zarbaoui Zohour 1,34.0069383,-4.9871844,icons/cafe.png,OSM
Fès-Meknès,Asrare Sellam Épicier,Supérette / Mini-market,Formel,Avenue Beyrouth Zohour 2,34.0074156,-4.9850611,icons/convenience.png,OSM
Fès-Meknès,Café Bord,Café,Formel,Avenue Beyrouth Zohour 1,34.0079312,-4.9839117,icons/cafe.png,OSM
Fès-Meknès,Jebbour Abderrazzak Épicier en demi-gros,Supérette / Mini-market,Formel,Avenue Beyrouth Zohour 2,34.008036,-4.9825955,icons/convenience.png,OSM
Fès-Meknès,Restaurant Bismillah,Restaurant,Formel,Avenue Beyrouth Zohour 1,34.009347,-4.9798287,icons/restaurant.png,OSM
Fès-Meknès,Café Verona Amrani Abdeslam,Café,Formel,Avenue Beyrouth Lotis Rizkia Zohour 2,34.0073093,-4.9854738,icons/cafe.png,OSM
Fès-Meknès,Crémerie fadlouAllah,Café,Formel,Crémerie fadlouAllah,34.0126454,-4.9801772,icons/cafe.png,OSM
Fès-Meknès,Pâtisserie boutouba,Boutique de confiserie,Informel,Pâtisserie boutouba,34.0124748,-4.9800648,icons/confectionery.png,OSM
Fès-Meknès,Supérette / Mini-market sans nom,Supérette / Mini-market,Formel,Supérette / Mini-market sans nom,33.6283217,-4.9625852,icons/convenience.png,OSM
Fès-Meknès,Patisserie Al Macharik,Boulangerie,Formel,Av Anawal Narjis D,34.018795,-4.969877,icons/bakery.png,OSM
Fès-Meknès,Café Najmat Anarjis,Café,Formel,Av Anawal Narjis D,34.0187443,-4.9695999,icons/cafe.png,OSM
Fès-Meknès,Casse_croute,Restaurant,Formel,Av Anawal Narjis D,34.0187235,-4.9694324,icons/restaurant.png,OSM
Fès-Meknès,Supérette / Mini-market sans nom,Supérette / Mini-market,Formel,Av Anawal Narjis D,34.0185982,-4.9689954,icons/convenience.png,OSM
Fès-Meknès,Laiterie,Café,Formel,Av Anawal Narjis D,34.0184952,-4.9685469,icons/cafe.png,OSM
Fès-Meknès,Cremerie Rahma,Café,Formel,Av Anawal Narjis D,34.0182721,-4.9677697,icons/cafe.png,OSM
Fès-Meknès,Pharmacie le Docteur صيدلية الدكتور,Parapharmacie,Formel,"Av Anawal Narjis D, Fès ⴼⴰⵙ فاس",34.018087,-4.9665089,icons/pharmacy.png,OSM
Fès-Meknès,Café Jabal Habri,Café,Formel,Av Anawal Narjis D,34.0180767,-4.9669641,icons/cafe.png,OSM
Fès-Meknès,Cafe yaya,Café,Formel,Lotis Riad,34.0179913,-4.9641409,icons/cafe.png,OSM
Fès-Meknès,Café Maghrébia Zohour,Café,Formel,Avenue Urbain Resi Mekouar Zohour 2,34.0082087,-4.9813173,icons/cafe.png,OSM
Fès-Meknès,Snack Zaki,Restaurant,Formel,Avenue Beyrouth Lotis Iraki Zohour 2,34.0090801,-4.9797814,icons/restaurant.png,OSM
Fès-Meknès,Crémerie Al Ouatania,Café,Formel,Avenue Urbain Resi Mekouar Zohour 2,34.0081144,-4.9814029,icons/cafe.png,OSM
Fès-Meknès,Laitière Marimar,Café,Formel,Avenue Beyrouth Zohour 2,34.0091488,-4.9795793,icons/cafe.png,OSM
Fès-Meknès,Café Hanovre,Café,Formel,Avenue Urbain Lotis Mekouar Zohour 2,34.0079715,-4.98155,icons/cafe.png,OSM
Fès-Meknès,Laitière Al Baraka,Café,Formel,Avenue Urbain Près du Café Argana Zohour 2,34.0081019,-4.9818374,icons/cafe.png,OSM
Fès-Meknès,Café Kimadou,Café,Formel,Avenue Beyrouth Zohour 2,34.0087189,-4.9804475,icons/cafe.png,OSM
Fès-Meknès,Cafe Atlantique Garden,Café,Formel,Av Ocean Atlantique,34.0179196,-4.9620785,icons/cafe.png,OSM
Fès-Meknès,Café sans nom,Café,Formel,Fès,34.0577243,-4.9900275,icons/cafe.png,OSM
Fès-Meknès,Snack Picapo,Restaurant,Formel,Avenue Beyrouth Rue Bou Ali Zohour 2,34.0078335,-4.9824575,icons/restaurant.png,OSM
Fès-Meknès,Café Cesar,Café,Formel,Avenue Urbain Lotis Mekouar Zohour 2,34.0076693,-4.982335,icons/cafe.png,OSM
Fès-Meknès,Café Argana,Café,Formel,Avenue Urbain Lotis Mekouar Zohour 2,34.0078297,-4.982158,icons/cafe.png,OSM
Fès-Meknès,Café le région,Café,Formel,Café le région,34.0146756,-4.973237,icons/cafe.png,OSM
Fès-Meknès,Café Aminchi,Café,Formel,Café Aminchi,34.0146217,-4.9731198,icons/cafe.png,OSM
Fès-Meknès,Café volpera,Café,Formel,Café volpera,34.0148727,-4.9768982,icons/cafe.png,OSM
Fès-Meknès,Café l'orientale,Café,Formel,Café l'orientale,34.0136465,-4.9787934,icons/cafe.png,OSM
Fès-Meknès,Laiterie walid,Café,Formel,Laiterie walid,34.0139638,-4.9782147,icons/cafe.png,OSM
Fès-Meknès,Pharmacie Mourchid صيدلية مرشد,Parapharmacie,Formel,"bvd Attadhia Narjiss, Fès",34.0133949,-4.9784725,icons/pharmacy.png,OSM
Fès-Meknès,Café Royal,Café,Formel,Café Royal,34.0184547,-4.9761747,icons/cafe.png,OSM
Fès-Meknès,Boulangerie Ben Ali,Boulangerie,Formel,Boulangerie Ben Ali,34.0171726,-4.9776284,icons/bakery.png,OSM
Fès-Meknès,Café Ben Ali,Café,Formel,Café Ben Ali,34.0170851,-4.9776992,icons/cafe.png,OSM
Fès-Meknès,Crémerie,Café,Formel,Crémerie,34.0163335,-4.9781678,icons/cafe.png,OSM
Fès-Meknès,Laiterie Najmate Al Jabal,Café,Formel,Av Rahma Narjis,34.0168984,-4.9699435,icons/cafe.png,OSM
Fès-Meknès,Café Riad,Café,Formel,Av Rahma Narjis,34.0168791,-4.9689861,icons/cafe.png,OSM
Fès-Meknès,Café champs Elysees,Café,Formel,Café champs Elysees,34.0170236,-4.9779727,icons/cafe.png,OSM
Fès-Meknès,Pharmacie Complexe Sportif صيدلية المركب الرياضي,Parapharmacie,Formel,"Av Rahma Narjis, Fès ⴼⴰⵙ فاس",34.0171017,-4.9699202,icons/pharmacy.png,OSM
Fès-Meknès,Patisserie Achahada,Boulangerie,Formel,Av Atawab Narjis,34.0152899,-4.9682464,icons/bakery.png,OSM
Fès-Meknès,Laiterie Bismillah,Café,Formel,Av Atawab Narjis,34.0147992,-4.9680178,icons/cafe.png,OSM
Fès-Meknès,Café Nachit,Café,Formel,Café Nachit,34.018225,-4.9767646,icons/cafe.png,OSM
Fès-Meknès,Cremerie Bismillah,Café,Formel,Av La Belle vue Narjis C,34.0160331,-4.9693601,icons/cafe.png,OSM
Fès-Meknès,Cafe Kounouz,Café,Formel,Av La Belle vue Narjis C,34.0160529,-4.9696245,icons/cafe.png,OSM
Fès-Meknès,Local Fermé,Café,Formel,Av Takadom Awint Al Hajaj,34.0208252,-4.9698292,icons/cafe.png,OSM
Fès-Meknès,Café Le Lac Vert,Café,Formel,Av Takadom Awint Al Hajaj,34.0208614,-4.9702192,icons/cafe.png,OSM
Fès-Meknès,Café Les Merrinedds,Café,Formel,Av Takadom Awint Al Hajaj,34.0209083,-4.9702506,icons/cafe.png,OSM
Fès-Meknès,Café Yasmine,Café,Formel,Av Takadom Awint Al Hajaj,34.0207757,-4.9701831,icons/cafe.png,OSM
Fès-Meknès,Café Al Quods,Café,Formel,Av Takadom Awint Al Hajaj,34.0210351,-4.9703061,icons/cafe.png,OSM
Fès-Meknès,Café Bouzidi,Café,Formel,Av Takadom Awint Al Hajaj,34.0210875,-4.970336,icons/cafe.png,OSM
Fès-Meknès,Café Granada,Café,Formel,Av Takadom Awint Al Hajaj,34.021897,-4.9708257,icons/cafe.png,OSM
Fès-Meknès,Café L 'Aret,Café,Formel,Av Takadom Awint Al Hajaj,34.0211461,-4.9703657,icons/cafe.png,OSM
Fès-Meknès,Café Douae,Café,Formel,Av Takadom Awint Al Hajaj,34.0212512,-4.9704161,icons/cafe.png,OSM
Fès-Meknès,Snack,Restaurant,Formel,Av Takadom Awint Al Hajaj,34.0213347,-4.9704551,icons/restaurant.png,OSM
Fès-Meknès,Café Rida,Café,Formel,Av Takadom Awint Al Hajaj,34.0214759,-4.9705447,icons/cafe.png,OSM
Fès-Meknès,Pharmacie Lina صيدلية لينة,Parapharmacie,Formel,"BVD AL MAJD NARJISS RTE SEFROU, Avenue Al Majd, Fès",34.0166758,-4.9745419,icons/pharmacy.png,OSM
Fès-Meknès,Cremerie Salam,Café,Formel,Av Takadom Awint Al Hajaj,34.0217553,-4.9707335,icons/cafe.png,OSM
Fès-Meknès,Crémerie,Café,Formel,Crémerie,34.0158853,-4.9766262,icons/cafe.png,OSM
Fès-Meknès,Café Rha,Café,Formel,Av Takadom Awint Al Hajaj,34.0202805,-4.9698122,icons/cafe.png,OSM
Fès-Meknès,Café,Café,Formel,Café,34.0170712,-4.9795266,icons/cafe.png,OSM
Fès-Meknès,Café azourz,Café,Formel,Café azourz,34.018636,-4.9779554,icons/cafe.png,OSM
Fès-Meknès,Café dolce cappuccino,Café,Formel,Café dolce cappuccino,34.0193592,-4.9770593,icons/cafe.png,OSM
Fès-Meknès,Crémerie Al Ossra,Café,Formel,Crémerie Al Ossra,34.0187974,-4.9780693,icons/cafe.png,OSM
Fès-Meknès,Café Secouk,Café,Formel,Av Takadom Awint Al Hajaj,34.021416,-4.970254,icons/cafe.png,OSM
Fès-Meknès,Café Sara Line,Café,Formel,Café Sara Line,34.0183552,-4.9786384,icons/cafe.png,OSM
Fès-Meknès,Café Assila Palace,Café,Formel,Café Assila Palace,34.0174739,-4.9793878,icons/cafe.png,OSM
Fès-Meknès,Café Istanbul,Café,Formel,Café Istanbul,34.0171159,-4.9796995,icons/cafe.png,OSM
Fès-Meknès,Snack,Restaurant,Formel,Snack,34.0169825,-4.9797102,icons/restaurant.png,OSM
Fès-Meknès,Café Oualid,Café,Formel,Av Takadom Awint Al Hajaj,34.0217919,-4.970463,icons/cafe.png,OSM
Fès-Meknès,Café Baghdad,Café,Formel,Av Takadom Awint Al Hajaj,34.0218735,-4.9705286,icons/cafe.png,OSM
Fès-Meknès,Boulangerie yasmine,Boulangerie,Formel,Boulangerie yasmine,34.0153751,-4.9784519,icons/bakery.png,OSM
Fès-Meknès,Cremerie,Café,Formel,Hay Drissi,34.0249884,-4.972323,icons/cafe.png,OSM
Fès-Meknès,Café,Café,Formel,Hay Drissi,34.025072,-4.9723926,icons/cafe.png,OSM
Fès-Meknès,Local Fermé,Restaurant,Formel,Hay Drissi,34.0251331,-4.972453,icons/restaurant.png,OSM
Fès-Meknès,Pharmacie Azzouzi صيدلية عزوزي,Parapharmacie,Formel,"47 LOTISS WAHDA NARJISS B, Avenue Al Wahda, Fès",34.0153241,-4.9795386,icons/pharmacy.png,OSM
Fès-Meknès,Café Bougtout,Café,Formel,Av Safae Lot Merrinedds,34.0221086,-4.9712183,icons/cafe.png,OSM
Fès-Meknès,Snack Salam,Restaurant,Formel,Av Sekkat Awint Al Hajaj,34.0219586,-4.9715278,icons/restaurant.png,OSM
Fès-Meknès,Café Nacer,Café,Formel,Av Sedk Lirak,34.0217748,-4.9723057,icons/cafe.png,OSM
Fès-Meknès,Cremerie,Café,Formel,Av Sedk Hay Hassani,34.022278,-4.9712698,icons/cafe.png,OSM
Fès-Meknès,Café Le Centre,Café,Formel,Av Takadom Awint Al Hajaj,34.02071,-4.9701324,icons/cafe.png,OSM
Fès-Meknès,Café Bréda,Café,Formel,Av El Kerrawan Lot Merrinedds,34.0204822,-4.9705374,icons/cafe.png,OSM
Fès-Meknès,Café Madrid,Café,Formel,Av Kerrawan Lot Merrinedds,34.0203206,-4.9708836,icons/cafe.png,OSM
Fès-Meknès,Café Jamil,Café,Formel,Café Jamil,34.0195538,-4.9771814,icons/cafe.png,OSM
Fès-Meknès,Café Manhatan,Café,Formel,Café Manhatan,34.0192104,-4.9768511,icons/cafe.png,OSM
Fès-Meknès,Café Miami,Café,Formel,Café Miami,34.0190431,-4.9767442,icons/cafe.png,OSM
Fès-Meknès,Cremerie Wissam,Café,Formel,Av Kerrawan Quods 2,34.0191854,-4.9726968,icons/cafe.png,OSM
Fès-Meknès,Café 21,Café,Formel,Café 21,34.0169678,-4.9732871,icons/cafe.png,OSM
Fès-Meknès,Boulangerie Boutaib,Boulangerie,Formel,Boulangerie Boutaib,34.0169784,-4.9728106,icons/bakery.png,OSM
Fès-Meknès,Boulangerie,Boulangerie,Formel,Boulangerie,34.017083,-4.970835,icons/bakery.png,OSM
Fès-Meknès,Laiterie,Café,Formel,Hay Drissi Complexe Udicatif Bouamama,34.0251567,-4.9724825,icons/cafe.png,OSM
Fès-Meknès,Café Almerya,Café,Formel,Avenue Soussa Zohour 2,34.0074184,-4.9826283,icons/cafe.png,OSM
Fès-Meknès,Crémerie Fares Abdelkader,Café,Formel,Avenue Urbain Rue My Yaakoub et Rue Zouagha Zohour 2,34.0069191,-4.9840492,icons/cafe.png,OSM
Fès-Meknès,Boulangerie pâtisserie La Meringuette,Boulangerie,Formel,Avenue Soussa Zagoura Zohour 2,34.004744,-4.9853905,icons/bakery.png,OSM
Fès-Meknès,Café Pom Pidou,Café,Formel,Avenue Soussa Resi Chams Zohour 2 Route d ' Imouzzer,34.0032062,-4.9887718,icons/cafe.png,OSM
Fès-Meknès,Café Trèfle d'Or,Café,Formel,Avenue Soussa Resi Chams Zohour 2 Route d ' Imouzzer,34.0031223,-4.9890067,icons/cafe.png,OSM
Fès-Meknès,Café Lavita,Café,Formel,Avenue Soussa Resi Rahma Zohour 2,34.0036291,-4.9864887,icons/cafe.png,OSM
Fès-Meknès,Snack JE T ACOS ' T,Restaurant,Formel,Avenue Soussa Resi Rahma Lotis Hajar Zohour 2,34.0037469,-4.9862175,icons/restaurant.png,OSM
Fès-Meknès,Bouayad Abdelghani Épicier,Supérette / Mini-market,Formel,Avenue Soussa Resi Rahma Lotis Hajar Zohour 2,34.003714,-4.9863033,icons/convenience.png,OSM
Fès-Meknès,Café Sultana,Café,Formel,Avenue Soussa Resi Maggouna Zohour 2,34.0050436,-4.9850207,icons/cafe.png,OSM
Fès-Meknès,Café Gioia,Café,Formel,Avenue Soussa Rue Zouagha Lotis Lazrak Zohour 2,34.0070991,-4.9832136,icons/cafe.png,OSM
Fès-Meknès,Crémerie Ait Moussa Driss,Café,Formel,Avenue Soussa Resi Rahma Zohour 2,34.0035861,-4.9866032,icons/cafe.png,OSM
Fès-Meknès,Café Imarate El Kossor,Café,Formel,Avenue Soussa Lotis Lazrak Zohour 2,34.0077284,-4.9817807,icons/cafe.png,OSM
Fès-Meknès,Pharmacie Yousfi صيدلية يوسفي,Parapharmacie,Formel,"LOT LAZRAK MONT FLEURI 2, Fès",34.0057858,-4.9834357,icons/pharmacy.png,OSM
Fès-Meknès,Café Riad Kortoba,Café,Formel,Avenue Soussa Resi Gourma Zohour 2,34.0039901,-4.9864812,icons/cafe.png,OSM
Fès-Meknès,Benaissa Mohamed Crémerie Salam,Café,Formel,Avenue Soussa Zohour 2 Route d ' Imouzzer,34.0032249,-4.988645,icons/cafe.png,OSM
Fès-Meknès,Lgajamet Mohamed Épicier,Supérette / Mini-market,Formel,Avenue Soussa Resi Zagoura Zohour 2,34.0048413,-4.9852528,icons/convenience.png,OSM
Fès-Meknès,Snack Saad,Restaurant,Formel,Avenue Soussa Mosquée Saad Bnou Abi Ouakkass,34.0045916,-4.984779,icons/restaurant.png,OSM
Fès-Meknès,Palais de Poulets,Restaurant,Formel,Avenue Soussa Mosquée Saad Bnou Abi Ouakkass Zohour 2,34.0043092,-4.9851979,icons/restaurant.png,OSM
Fès-Meknès,Lamghari Lahcen Légumier,Épicerie,Informel,Avenue Soussa Mosquée Saad Bnou Abi Ouakkass Zohour 2,34.0044254,-4.98515,icons/greengrocer.png,OSM
Fès-Meknès,Sghir Abdelmalek Alimentation Générale Tafilalet,Supermarché,Formel,Avenue Soussa Mosquée Saad Bnou Abi Ouakkass Zohour 2,34.0044845,-4.9850436,icons/supermarket.png,OSM
Fès-Meknès,Saghiri Abdelkarim Épicier,Supérette / Mini-market,Formel,Avenue Soussa Mosquée Saad Bnou Abi Ouakkass Zohour 2,34.0046219,-4.984666,icons/convenience.png,OSM
Fès-Meknès,Laitière Khayrat,Café,Formel,Avenue Soussa Rue Dayat Oua Zohour 2,34.0041288,-4.9848346,icons/cafe.png,OSM
Fès-Meknès,Café Paloma,Café,Formel,Café Paloma,34.019577,-4.9856708,icons/cafe.png,OSM
Fès-Meknès,Café Room Kandinsky,Café,Formel,Café Room Kandinsky,34.0193937,-4.9859832,icons/cafe.png,OSM
Fès-Meknès,Café Malizia,Café,Formel,Café Malizia,34.0200278,-4.9847364,icons/cafe.png,OSM
Fès-Meknès,Crémerie El kiraouan,Café,Formel,Crémerie El kiraouan,34.0200916,-4.9843437,icons/cafe.png,OSM
Fès-Meknès,Café Azarina,Café,Formel,Café Azarina,34.0202082,-4.9842324,icons/cafe.png,OSM
Fès-Meknès,Café le bon coin,Café,Formel,Café le bon coin,34.0204451,-4.9836862,icons/cafe.png,OSM
Fès-Meknès,Café complexe sportif,Café,Formel,Café complexe sportif,34.0201887,-4.9810971,icons/cafe.png,OSM
Fès-Meknès,Cremerie Kods,Café,Formel,Av Kairaouan kods,34.0194577,-4.9722244,icons/cafe.png,OSM
Fès-Meknès,Café Al Azizia,Café,Formel,Av Kairaouan kods,34.0196167,-4.9719316,icons/cafe.png,OSM
Fès-Meknès,Café Bahia,Café,Formel,Av Kairaouan kods,34.0201115,-4.9709743,icons/cafe.png,OSM
Fès-Meknès,Snack,Restaurant,Formel,Av Kairaouan Kods,34.0201371,-4.9709182,icons/restaurant.png,OSM
Fès-Meknès,Pharmacie Sidi Brahim صيدلية سيدي ابراهيم,Parapharmacie,Formel,"HAY EL QODS 2 BLOC 13 ERAC SIDI BRAHIM FES, Fès",34.0201153,-4.9703139,icons/pharmacy.png,OSM
Fès-Meknès,Pharmacie Noureddine صيدلية نور الدين,Parapharmacie,Formel,"Awint Al Hajaj Bloc A4, Fès ⴼⴰⵙ فاس",34.0200563,-4.9641712,icons/pharmacy.png,OSM
Fès-Meknès,Café Chabab,Café,Formel,Awint Al Hajaj Bloc A5,34.0206563,-4.9689605,icons/cafe.png,OSM
Fès-Meknès,Laiterie,Café,Formel,Hay Kods,34.0198816,-4.9708069,icons/cafe.png,OSM
Fès-Meknès,Café Goura Palace,Café,Formel,Café Goura Palace,34.0202046,-4.9790651,icons/cafe.png,OSM
Fès-Meknès,Laiterie,Café,Formel,Laiterie,34.0202033,-4.9784572,icons/cafe.png,OSM
Fès-Meknès,Café salah Eddine,Café,Formel,Café salah Eddine,34.0201967,-4.9782451,icons/cafe.png,OSM
Fès-Meknès,Snack Rahma,Restaurant,Formel,Hay Qods 2,34.0191268,-4.9704529,icons/restaurant.png,OSM
Fès-Meknès,Laiterie chourafae,Café,Formel,Laiterie chourafae,34.0202371,-4.9780021,icons/cafe.png,OSM
Fès-Meknès,Café Stylia,Café,Formel,Café Stylia,34.0201613,-4.9748076,icons/cafe.png,OSM
Fès-Meknès,Boulangerie Salage,Boulangerie,Formel,Boulangerie Salage,34.0196837,-4.9744938,icons/bakery.png,OSM
Fès-Meknès,Café Étoiles Salam,Café,Formel,Hay Hassani Erac,34.0223482,-4.9714064,icons/cafe.png,OSM
Fès-Meknès,Café Zara Goza,Café,Formel,Café Zara Goza,34.0195959,-4.9742147,icons/cafe.png,OSM
Fès-Meknès,Pharmacie du Quartier Industriel صيدلية الحي الصناعي,Parapharmacie,Formel,"HAY SIDI BRAHIM BLOC 18 N 6 ERAC FES, Fès ⴼⴰⵙ فاس",34.0222491,-4.9714568,icons/pharmacy.png,OSM
Fès-Meknès,Fez Lounge,Restaurant,Formel,Fes Médina,34.0649655,-4.9769649,icons/restaurant.png,OSM
Fès-Meknès,Boulangerie,Boulangerie,Formel,Boulangerie,34.0192503,-4.9765432,icons/bakery.png,OSM
Fès-Meknès,Pharmacie Talbi صيدلية طالبي,Parapharmacie,Formel,"10 BD ARRAHMA, NARJISS, Avenue Errahma, Fès ⴼⴰⵙ فاس",34.0193429,-4.9765996,icons/pharmacy.png,OSM
Fès-Meknès,Laiterie Arabia,Café,Formel,Laiterie Arabia,34.019383,-4.9732897,icons/cafe.png,OSM
Fès-Meknès,Café toufiq,Café,Formel,Café toufiq,34.0198806,-4.9743753,icons/cafe.png,OSM
Fès-Meknès,Café Palma,Café,Formel,Café Palma,34.0199958,-4.9746021,icons/cafe.png,OSM
Fès-Meknès,Café Zahrat Khalig,Café,Formel,Avenue Koufa Lotis Salam Zohour 2,34.0025134,-4.9786621,icons/cafe.png,OSM
Fès-Meknès,Café Happy Day,Café,Formel,Avenue Soussa Zohour 2,34.0046409,-4.980914,icons/cafe.png,OSM
Fès-Meknès,Café Marjane,Café,Formel,Avenue Port - Saïd Zohour 2,34.0048093,-4.9845086,icons/cafe.png,OSM
Fès-Meknès,Bouyahyaoui Driss Olives Bladi,Épicerie,Informel,Avenue Port - Saïd Zohour 2,34.005809,-4.984698,icons/greengrocer.png,OSM
Fès-Meknès,Café Mauritania,Café,Formel,Avenue Port - Saïd Zohour 2,34.0058839,-4.9846711,icons/cafe.png,OSM
Fès-Meknès,Snack Cousin,Restaurant,Formel,Avenue Port - Saïd Zohour 2,34.0073089,-4.9843951,icons/restaurant.png,OSM
Fès-Meknès,Société Pâtisserie Café Carrefour,Café,Formel,Avenue Koufa Zohour 2 Face Arrondissement Saiss,34.0044165,-4.978439,icons/cafe.png,OSM
Fès-Meknès,Café Mon Pays,Café,Formel,Avenue Soussa Lotis N : 3 Zohour 2,34.00454,-4.9844375,icons/cafe.png,OSM
Fès-Meknès,Café Stop In,Café,Formel,Avenue Koufa Zohour 2,34.0057598,-4.9779406,icons/cafe.png,OSM
Fès-Meknès,Cremerie Al Badre,Café,Formel,Avenue Koufa Zohour 2,34.0050123,-4.9782428,icons/cafe.png,OSM
Fès-Meknès,Café Coin Bleu,Café,Formel,Avenue Koufa Zohour 2,34.0042248,-4.9783962,icons/cafe.png,OSM
Fès-Meknès,Pharmacie Al Ikhlasse صيدلية الإخلاص,Parapharmacie,Formel,"Avenue Koufa Zohour 2, Fès",34.0041222,-4.978387,icons/pharmacy.png,OSM
Fès-Meknès,Sami M'Hamed Épicier,Supérette / Mini-market,Formel,Avenue Koufa Zohour,34.0039935,-4.9784625,icons/convenience.png,OSM
Fès-Meknès,Café Dirbi,Café,Formel,Avenue Koufa Zohour 2,34.0035788,-4.9785714,icons/cafe.png,OSM
Fès-Meknès,Cremerie Al Akhaouayne,Café,Formel,Avenue Soussa Rue Rass Tbouda Lotis Hajar Zohour 2,34.0043685,-4.9798902,icons/cafe.png,OSM
Fès-Meknès,Jdidi Mohamed Épicier,Supérette / Mini-market,Formel,Avenue Soussa Lotis Hajar Zohour 2,34.0044079,-4.9803721,icons/convenience.png,OSM
Fès-Meknès,Café Hyperion,Café,Formel,Avenue Soussa Zohour 2,34.0046381,-4.9823399,icons/cafe.png,OSM
Fès-Meknès,Avenue Port-Saïd Épicier,Supérette / Mini-market,Formel,Avenue Port - Saïd Rue Majar Zohour 2,34.0050106,-4.9841984,icons/convenience.png,OSM
Fès-Meknès,Pharmacie Zohour صيدلية الزهور,Parapharmacie,Formel,"Zohour 2, Fès",34.0044491,-4.9828381,icons/pharmacy.png,OSM
Fès-Meknès,Cremerie Rif,Café,Formel,Avenue Soussa Zohour 2,34.0045264,-4.9838638,icons/cafe.png,OSM
Fès-Meknès,Benali M'Hamed Épicier,Supérette / Mini-market,Formel,Avenue Koufa Zohour 2,34.0018583,-4.979106,icons/convenience.png,OSM
Fès-Meknès,Pharmacie Al Akhawayn صيدلية الأخوين,Parapharmacie,Formel,"Avenue Ismailia Mont fleuri2, Fès",34.0074565,-4.9804051,icons/pharmacy.png,OSM
Fès-Meknès,Café brazil,Café,Formel,Café brazil,34.0203985,-4.9748614,icons/cafe.png,OSM
Fès-Meknès,Boulangerie Al Haramayne,Boulangerie,Formel,Boulangerie Al Haramayne,34.0203007,-4.9748547,icons/bakery.png,OSM
Fès-Meknès,Laiterie Milano,Café,Formel,Laiterie Milano,34.0205006,-4.9748365,icons/cafe.png,OSM
Fès-Meknès,Café Milano,Café,Formel,Café Milano,34.0207103,-4.9747937,icons/cafe.png,OSM
Fès-Meknès,Crémerie,Café,Formel,Crémerie,34.020787,-4.9748244,icons/cafe.png,OSM
Fès-Meknès,Café Kartaje,Café,Formel,Café Kartaje,34.0222688,-4.9749806,icons/cafe.png,OSM
Fès-Meknès,Pharmacie Hay El Hassani صيدلية حي الحساني,Parapharmacie,Formel,"HAY EI HASSANI BLOC 4 ERAC SIDI BRAHIM, Fès ⴼⴰⵙ فاس",34.0209771,-4.9744947,icons/pharmacy.png,OSM
Fès-Meknès,Café Chaab,Café,Formel,Café Chaab,34.0218093,-4.9750124,icons/cafe.png,OSM
Fès-Meknès,Café Nassim,Café,Formel,Café Nassim,34.0204338,-4.9757867,icons/cafe.png,OSM
Fès-Meknès,Café El Azhar,Café,Formel,Café El Azhar,34.0203943,-4.9783402,icons/cafe.png,OSM
Fès-Meknès,Restaurant + boucherie,Restaurant,Formel,Restaurant + boucherie,34.0204186,-4.9769232,icons/restaurant.png,OSM
Fès-Meknès,Café El Kadissia,Café,Formel,Café El Kadissia,34.0203762,-4.9788719,icons/cafe.png,OSM
Fès-Meknès,Pharmacie Narjiss صيدلية النرجس,Parapharmacie,Formel,"anCIEN L'ERAC SIDI BRAHIM, Fès",34.0206094,-4.9788651,icons/pharmacy.png,OSM
Fès-Meknès,Café Atlanta,Café,Formel,Café Atlanta,34.0203753,-4.9797637,icons/cafe.png,OSM
Fès-Meknès,Boulangerie Hajar,Boulangerie,Formel,Avenue Ismailia Rue Bhalil Zohour 2,34.0076724,-4.981071,icons/bakery.png,OSM
Fès-Meknès,Pharmacie Ismailia صيدلية الإسماعيلية,Parapharmacie,Formel,"Avenue Ismailia Lotis Lahlou Zohour 1, Fès",34.0109079,-4.9831621,icons/pharmacy.png,OSM
Fès-Meknès,Laitière Paris,Café,Formel,Avenue Ismailia Zohour 1,34.0117305,-4.9837547,icons/cafe.png,OSM
Fès-Meknès,El Filali Allach Jamal Cremerie,Café,Formel,Avenue Ismailia Zohour 1,34.0118568,-4.9838392,icons/cafe.png,OSM
Fès-Meknès,Épicier,Supérette / Mini-market,Formel,Avenue Ismailia Lotis Lahlou Zohour 1,34.0108568,-4.9830924,icons/convenience.png,OSM
Fès-Meknès,Café El Fath,Café,Formel,Avenue Ismailia Resid Mellouki Zohour 1,34.011252,-4.9834454,icons/cafe.png,OSM
Fès-Meknès,Crémerie,Café,Formel,Crémerie,34.0205523,-4.9742085,icons/cafe.png,OSM
Fès-Meknès,Café Express,Café,Formel,Café Express,34.0202681,-4.974307,icons/cafe.png,OSM
Fès-Meknès,Crémerie,Café,Formel,Crémerie,34.0197166,-4.9737699,icons/cafe.png,OSM
Fès-Meknès,Café,Café,Formel,Café,34.0199911,-4.9737878,icons/cafe.png,OSM
Fès-Meknès,Café walid,Café,Formel,Café walid,34.0205173,-4.9736413,icons/cafe.png,OSM
Fès-Meknès,Sandwich Nouh,Restaurant,Formel,Sandwich Nouh,34.0210606,-4.9744547,icons/restaurant.png,OSM
Fès-Meknès,Restaurant Chaab,Restaurant,Formel,Restaurant Chaab,34.0210585,-4.9744008,icons/restaurant.png,OSM
Fès-Meknès,Café,Café,Formel,Café,34.0210485,-4.9742103,icons/cafe.png,OSM
Fès-Meknès,Café Al Amal,Café,Formel,Café Al Amal,34.0210541,-4.9743298,icons/cafe.png,OSM
Fès-Meknès,Café Nezar,Café,Formel,Café Nezar,34.0210462,-4.974119,icons/cafe.png,OSM
Fès-Meknès,Laiterie Tazi,Café,Formel,Laiterie Tazi,34.0210474,-4.9739819,icons/cafe.png,OSM
Fès-Meknès,Café orica,Café,Formel,Café orica,34.0210261,-4.9737122,icons/cafe.png,OSM
Fès-Meknès,Pâtisserie Nejma,Boutique de confiserie,Informel,Pâtisserie Nejma,34.0195394,-4.9731626,icons/confectionery.png,OSM
Fès-Meknès,Crémerie El wafae,Café,Formel,Crémerie El wafae,34.019976,-4.9735158,icons/cafe.png,OSM
Fès-Meknès,Café Mondial,Café,Formel,Café Mondial,34.0202091,-4.9735601,icons/cafe.png,OSM
Fès-Meknès,Snack,Restaurant,Formel,Snack,34.0207041,-4.9735114,icons/restaurant.png,OSM
Fès-Meknès,Pharmacie Cotef صيدلية كوطيف,Parapharmacie,Formel,"N 12 L'ERAC SIDI BRAHIM, Fès",34.0227418,-4.9779877,icons/pharmacy.png,OSM
Fès-Meknès,Café Mouhajirine,Café,Formel,Café Mouhajirine,34.0226409,-4.9788659,icons/cafe.png,OSM
Fès-Meknès,Café Licorne,Café,Formel,Avenue Mouscou Zohour 1,34.0089946,-4.9849506,icons/cafe.png,OSM
Fès-Meknès,Pharmacie Saoussane صيدلية سوسن,Parapharmacie,Formel,"Avenue Benzert, Fès",34.002518,-4.9877202,icons/pharmacy.png,OSM
Fès-Meknès,Cremerie Al Ikhlasse,Café,Formel,Avenue Benzert Lotis Laila Zohour 2,34.0025974,-4.9877782,icons/cafe.png,OSM
Fès-Meknès,Boulangerie Ghazouani,Boulangerie,Formel,Avenue Benzert Lotis Laila Zohour 2,34.0028562,-4.9879213,icons/bakery.png,OSM
Fès-Meknès,Snack F - Quick,Restaurant,Formel,Avenue Chenguit Rue Sbae Ayoune Lotis Ouaha Zohour 2,34.0045822,-4.9872361,icons/restaurant.png,OSM
Fès-Meknès,Épicier,Supérette / Mini-market,Formel,Avenue Chenguit Zohour 2,34.0048993,-4.9869613,icons/convenience.png,OSM
Fès-Meknès,Pharmacie La Famille صيدلية العائلة,Parapharmacie,Formel,"Avenue Chenguit Zohour 2, Fès",34.0050682,-4.9869764,icons/pharmacy.png,OSM
Fès-Meknès,Café Venise,Café,Formel,Avenue Ismailia Zohour 1,34.0127154,-4.9851243,icons/cafe.png,OSM
Fès-Meknès,Bentaleb Mohamed Épicier,Supérette / Mini-market,Formel,Avenue Benzert Lotis Laila Zohour 2,34.0017443,-4.9871474,icons/convenience.png,OSM
Fès-Meknès,Boughannou Aziz Snack,Restaurant,Formel,Avenue Chenguit Lotis Ouaha Zohour 2,34.0047858,-4.9871616,icons/restaurant.png,OSM
Fès-Meknès,Naji Soukaina Épicier,Supérette / Mini-market,Formel,Avenue Ismailia Zohour 1,34.0129255,-4.9857102,icons/convenience.png,OSM
Fès-Meknès,Benhamza Khamiss Pizza et Tacos,Restaurant,Formel,Avenue Chenguit Zohour 2,34.0044673,-4.9870217,icons/restaurant.png,OSM
Fès-Meknès,Café Espace,Café,Formel,Avenue Chenguit Zohour 2,34.0047872,-4.9869185,icons/cafe.png,OSM
Fès-Meknès,Pâtisserie Mohamed Amine,Boulangerie,Formel,Avenue Chenguit Zohour 2,34.0052881,-4.9873489,icons/bakery.png,OSM
Fès-Meknès,Ait Youssef Abdellah Épicier,Supérette / Mini-market,Formel,Avenue Soussa Zohour 2,34.0046197,-4.9839969,icons/convenience.png,OSM
Fès-Meknès,Café Auris,Café,Formel,Café Auris,34.0251853,-4.9766687,icons/cafe.png,OSM
Fès-Meknès,Café,Café,Formel,Café,34.0210249,-4.9783372,icons/cafe.png,OSM
Fès-Meknès,L'Empreinte d'Ifrane,Restaurant,Formel,L'Empreinte d'Ifrane,33.5293418,-5.1075016,icons/restaurant.png,OSM
Fès-Meknès,Bonsai Sushi Bar,Restaurant,Formel,Bonsai Sushi Bar,33.528921,-5.1098057,icons/restaurant.png,OSM
Fès-Meknès,Hani Cook,Restaurant,Formel,Hani Cook,33.5291345,-5.1097351,icons/restaurant.png,OSM
Fès-Meknès,Café Ifrane Znaki Othmane,Café,Formel,Avenue Chenguit Zohour 2,34.005528,-4.9874487,icons/cafe.png,OSM
Fès-Meknès,Ababou Hassan Café,Café,Formel,Route de Sefrou Route N : 320 Zohour 2,33.9957978,-4.9853102,icons/cafe.png,OSM
Fès-Meknès,Pharmacie Hameda Benchekroun صيدلية حميدة بنشقرون,Parapharmacie,Formel,"llah Route d ' Imouzzer Rue Bab Mansour, Fès",34.0086636,-4.993274,icons/pharmacy.png,OSM
Fès-Meknès,Pharmacie La Suite صيدلية لاسويط,Parapharmacie,Formel,"85lotiss Riad Nakhil route Immouzzer Fes, Fès",33.9939304,-4.9905295,icons/pharmacy.png,OSM
Fès-Meknès,Café Reda Palace,Café,Formel,Lot Fadwa BenSouda,34.018387,-5.052652,icons/cafe.png,OSM
Fès-Meknès,Cremerie Ghaza,Café,Formel,Lot Fadwa BenSouda,34.0184981,-5.0526884,icons/cafe.png,OSM
Fès-Meknès,Café Mounir,Café,Formel,Lot Fadwa BenSouda,34.0187297,-5.0527755,icons/cafe.png,OSM
Fès-Meknès,Cremerie Om Al Kora,Café,Formel,Lot Fadwa BenSouda,34.0190304,-5.0528637,icons/cafe.png,OSM
Fès-Meknès,Casse_croute,Restaurant,Formel,Lot Fadwa BenSouda,34.0191012,-5.0528957,icons/restaurant.png,OSM
Fès-Meknès,Café L ' Arbre,Café,Formel,Lot Fadwa BenSouda,34.0192777,-5.0529574,icons/cafe.png,OSM
Fès-Meknès,Café Dubai,Café,Formel,Lot Yassamine Bensouda,34.0205081,-5.0533979,icons/cafe.png,OSM
Fès-Meknès,Casse_croute,Restaurant,Formel,Lot Yassamine Bensouda,34.0203204,-5.0533541,icons/restaurant.png,OSM
Fès-Meknès,Pharmacie Makro صيدلية ماكرو,Parapharmacie,Formel,"LAHOUCINE BADR, 3 lotti N 15 cartier bensouda, Fès",34.0201123,-5.0532944,icons/pharmacy.png,OSM
Fès-Meknès,La Grande Pharmacie الصيدلية الكبرى,Parapharmacie,Formel,"BENSOUDA EN FACE DE ATACADAO, Fès",34.0239277,-5.0555968,icons/pharmacy.png,OSM
Fès-Meknès,Café CELLINI,Café,Formel,Bensouda près de Atacadaw,34.0234721,-5.0548105,icons/cafe.png,OSM
Fès-Meknès,Café Mas Glas,Café,Formel,Lot Janat Zaytoun Bensouda,34.0241085,-5.055077,icons/cafe.png,OSM
Fès-Meknès,Café olivera,Café,Formel,Café olivera,34.0223015,-5.0549571,icons/cafe.png,OSM
Fès-Meknès,Cremerie,Café,Formel,Lot Janat Zaytoun Bensouda,34.0236755,-5.0548817,icons/cafe.png,OSM
Fès-Meknès,Cremerie,Restaurant,Formel,Lot Ofok Bensouda,34.0242567,-5.0551347,icons/restaurant.png,OSM
Fès-Meknès,Café Everest,Café,Formel,Café Everest,34.0192969,-5.0535743,icons/cafe.png,OSM
Fès-Meknès,Café Verto,Café,Formel,Café Verto,34.0181165,-5.0530739,icons/cafe.png,OSM
Fès-Meknès,Laiterie,Café,Formel,Lot Ofok Bensouda,34.0243885,-5.0551794,icons/cafe.png,OSM
Fès-Meknès,Café Bab Allah,Café,Formel,Café Bab Allah,34.0177303,-5.0535971,icons/cafe.png,OSM
Fès-Meknès,Café Achariqa,Café,Formel,Café Achariqa,34.0177308,-5.0543439,icons/cafe.png,OSM
Fès-Meknès,Cremerie,Café,Formel,Lot Fadwa BenSouda j,34.0182608,-5.0518633,icons/cafe.png,OSM
Fès-Meknès,Café jolipee,Café,Formel,Lot Fadwa BenSouda,34.0182288,-5.0519736,icons/cafe.png,OSM
Fès-Meknès,Café Sarayouss,Café,Formel,Lot Fadwa BenSouda,34.0181743,-5.0522123,icons/cafe.png,OSM
Fès-Meknès,Café Zomorrod,Café,Formel,Café Zomorrod,34.0177086,-5.0536974,icons/cafe.png,OSM
Fès-Meknès,Boulanger Verto,Boulangerie,Formel,Boulanger Verto,34.0182437,-5.0531082,icons/bakery.png,OSM
Fès-Meknès,Café Nahda,Café,Formel,Lot Fadwa BenSouda,34.0189919,-5.0528536,icons/cafe.png,OSM
Fès-Meknès,Pharmacie El Boutahri صيدلي البوطهري,Parapharmacie,Formel,"lotissement hawae jamil Masjid 1 RTE RAS Lmae Bensouda, lotti hawae jamil Masjid 1 rte ras l ma, Fès",34.0182077,-5.0574499,icons/pharmacy.png,OSM
Fès-Meknès,Cafe,Café,Formel,Lot Fadwa BenSouda,34.0183395,-5.0516125,icons/cafe.png,OSM
Fès-Meknès,Café Beflore,Café,Formel,Lot Fadwa BenSouda,34.0183612,-5.0515044,icons/cafe.png,OSM
Fès-Meknès,Cremerie Fadwa,Café,Formel,Lot Fadwa BenSouda,34.0183761,-5.0514094,icons/cafe.png,OSM
Fès-Meknès,Laiterie Abdelkbir,Café,Formel,Lot Fadwa BenSouda,34.0184791,-5.0510037,icons/cafe.png,OSM
Fès-Meknès,Café Opera Local Fermé,Café,Formel,Lot Fadwa BenSouda,34.0184993,-5.0509193,icons/cafe.png,OSM
Fès-Meknès,Cremerie El Baraka,Café,Formel,Lot Fadwa BenSouda,34.0185383,-5.0507498,icons/cafe.png,OSM
Fès-Meknès,Cremerie,Café,Formel,Lot Fadwa BenSouda,34.0185202,-5.050819,icons/cafe.png,OSM
Fès-Meknès,Café Aljazira,Café,Formel,Lot Fadwa BenSouda,34.0185647,-5.0506045,icons/cafe.png,OSM
Fès-Meknès,Café CLASSICO,Café,Formel,Lot Fadwa 2 Bensouda,34.019595,-5.0523239,icons/cafe.png,OSM
Fès-Meknès,FES CAFÉ 44,Café,Formel,Lot Fadwa 2 BenSouda,34.0195239,-5.0520383,icons/cafe.png,OSM
Fès-Meknès,Pharmacie Assafwa صيدلية الصفوة,Parapharmacie,Formel,"N 24 LOT LAALEJ BENSOUDA, Fès",34.0215063,-5.0490094,icons/pharmacy.png,OSM
Fès-Meknès,Cremerie Manal,Café,Formel,Lot Nadia Ouad Fes,34.0214401,-5.0493826,icons/cafe.png,OSM
Fès-Meknès,Epicier بقال,Supérette / Mini-market,Formel,Lot Nina Ouad fes,34.02213,-5.0487466,icons/convenience.png,OSM
Fès-Meknès,Cremerie Quods,Café,Formel,Lot Champs 4 Ouad fes,34.0222509,-5.0488017,icons/cafe.png,OSM
Fès-Meknès,Café Sacre Coin,Café,Formel,Lot Laalaj Oud Fes,34.0208006,-5.0484108,icons/cafe.png,OSM
Fès-Meknès,Boulangerie et pâtisserie ALSACE,Boulangerie,Formel,jnane Zaraa Ouad fes,34.0226995,-5.0477613,icons/bakery.png,OSM
Fès-Meknès,Café Mint Garden,Café,Formel,Lot Lina Ouad Fes,34.0226751,-5.0488449,icons/cafe.png,OSM
Fès-Meknès,Pharmacie El Hijazi صيدلية الحجازي,Parapharmacie,Formel,"17 Lotiss Hatim Bensoudza, Fès",34.0202864,-5.0462911,icons/pharmacy.png,OSM
Fès-Meknès,Café Sais,Café,Formel,Café Sais,34.015533,-5.0514447,icons/cafe.png,OSM
Fès-Meknès,Café tighouza,Café,Formel,Café tighouza,34.0154038,-5.0513666,icons/cafe.png,OSM
Fès-Meknès,Café Taliouine,Café,Formel,Café Taliouine,34.0151989,-5.0512301,icons/cafe.png,OSM
Fès-Meknès,Restaurant Taliouine,Restaurant,Formel,Restaurant Taliouine,34.0151294,-5.0511594,icons/restaurant.png,OSM
Fès-Meknès,Boulangerie Ahram,Boulangerie,Formel,Lot Jad Bensouda,34.0237786,-5.0537981,icons/bakery.png,OSM
Fès-Meknès,Cremerie jazira,Café,Formel,Cremerie jazira,34.0150176,-5.0510631,icons/cafe.png,OSM
Fès-Meknès,Pharmacie Sandra صيدلية ساندرا,Parapharmacie,Formel,"Lot Mssafer Bensouda, Fès",34.0242119,-5.0506962,icons/pharmacy.png,OSM
Fès-Meknès,Café Anouar,Café,Formel,Café Anouar,34.0150023,-5.0510219,icons/cafe.png,OSM
Fès-Meknès,Restaurant de nord,Restaurant,Formel,Restaurant de nord,34.0149842,-5.0509846,icons/restaurant.png,OSM
Fès-Meknès,Café Sultana,Café,Formel,Lot Hanae Oued Fes,34.0248176,-5.0465631,icons/cafe.png,OSM
Fès-Meknès,Snack Akhaouayene,Restaurant,Formel,Snack Akhaouayene,34.0148974,-5.0510815,icons/restaurant.png,OSM
Fès-Meknès,Café Mahdia,Café,Formel,Café Mahdia,34.0149402,-5.0509893,icons/cafe.png,OSM
Fès-Meknès,Café Rayaska,Café,Formel,Lot Moulay Driss Oued Fes,34.0269537,-5.0464045,icons/cafe.png,OSM
Fès-Meknès,Café Jaouahir,Café,Formel,Lot Moulay Driss Oued Fes,34.027241,-5.0461171,icons/cafe.png,OSM
Fès-Meknès,Laiterie Bismillah,Café,Formel,Lot Moulay Driss Oued Fes,34.0273061,-5.046302,icons/cafe.png,OSM
Fès-Meknès,Café Noujoum,Café,Formel,Lot Moulay Driss Oued Fes,34.0274013,-5.0462248,icons/cafe.png,OSM
Fès-Meknès,Pharmacie Zouagha Bas صيدلية الزواغة السفلى,Parapharmacie,Formel,"Lot Moulay Driss hay el marja, Fès",34.0277814,-5.0462297,icons/pharmacy.png,OSM
Fès-Meknès,Café Fatima Palace,Café,Formel,Lot Moulay Driss Oued Fes,34.0279373,-5.0453719,icons/cafe.png,OSM
Fès-Meknès,Cremerie Najma,Café,Formel,Hay Sidi Boudhar Ouad fes,34.0241686,-5.0460713,icons/cafe.png,OSM
Fès-Meknès,Cremerie Nour,Café,Formel,Lot Firdaous Bensouda,34.0214633,-5.0531626,icons/cafe.png,OSM
Fès-Meknès,Cremerie Sweet Palace,Café,Formel,Lot Moulay Driss Oued Fes,34.028358,-5.0442738,icons/cafe.png,OSM
Fès-Meknès,Café YOURS,Café,Formel,Lot Moulay Driss Oued Fes,34.0285214,-5.0438085,icons/cafe.png,OSM
Fès-Meknès,Cremerie,Café,Formel,Lot Moulay Driss Oued Fes,34.0297051,-5.0444597,icons/cafe.png,OSM
Fès-Meknès,Café Les Amis,Café,Formel,Marwa Ouad Fes,34.0305961,-5.0460594,icons/cafe.png,OSM
Fès-Meknès,Café Nejma,Café,Formel,Café Nejma,34.0182967,-5.0505744,icons/cafe.png,OSM
Fès-Meknès,Cremerie,Café,Formel,Marwa Ouad fes,34.0311201,-5.0468306,icons/cafe.png,OSM
Fès-Meknès,Café flionce,Café,Formel,Café flionce,34.0179261,-5.0520385,icons/cafe.png,OSM
Fès-Meknès,Café Nidal,Café,Formel,Café Nidal,34.0178198,-5.0523037,icons/cafe.png,OSM
Fès-Meknès,Cafe CALIFORNIA,Café,Formel,Lot Youssef Ouad Fes,34.0238619,-5.0427487,icons/cafe.png,OSM
Fès-Meknès,Café Original,Café,Formel,Lot Youssef Ouad Fes,34.0245848,-5.0405908,icons/cafe.png,OSM
Fès-Meknès,Cremerie Les amis,Café,Formel,Cremerie Les amis,34.0175842,-5.0523505,icons/cafe.png,OSM
Fès-Meknès,Laiterie daouk Rafie,Café,Formel,Laiterie daouk Rafie,34.0174277,-5.0522584,icons/cafe.png,OSM
Fès-Meknès,Cremerie Al khir,Café,Formel,Lot Anis Ouad fes,34.024948,-5.0403282,icons/cafe.png,OSM
Fès-Meknès,Cremerie laymouna,Café,Formel,Cremerie laymouna,34.0173128,-5.0522413,icons/cafe.png,OSM
Fès-Meknès,Café L'atomium,Café,Formel,Café L'atomium,34.0163057,-5.0516093,icons/cafe.png,OSM
Fès-Meknès,Café Saad,Café,Formel,Lot Anis Ouad fes,34.0259323,-5.0407234,icons/cafe.png,OSM
Fès-Meknès,Pharmacie Al Hamd صيدلية الحمد,Parapharmacie,Formel,"HAY LMARJA RTE ZOUAGHA FES, Fès",34.0274386,-5.0413497,icons/pharmacy.png,OSM
Fès-Meknès,Café Nakhla,Café,Formel,Hay Sidi Boudhar Marja,34.0260451,-5.0470174,icons/cafe.png,OSM
Fès-Meknès,Restaurant El Bahja,Restaurant,Formel,Restaurant El Bahja,34.0159736,-5.0513203,icons/restaurant.png,OSM
Fès-Meknès,Pharmacie El Qods صيدلية القدس,Parapharmacie,Formel,"RUE CENTRAL N 1BENSOUDA, Fès",34.0156066,-5.0510426,icons/pharmacy.png,OSM
Fès-Meknès,Café El Kods,Café,Formel,Café El Kods,34.0153252,-5.0509027,icons/cafe.png,OSM
Fès-Meknès,Pharmacie L'Avenir صيدلية المستقبل,Parapharmacie,Formel,"122 LOTTI TAOUFIK AL MARJAT, Fès",34.0303541,-5.0410357,icons/pharmacy.png,OSM
Fès-Meknès,Café Menara,Café,Formel,Café Menara,34.0151524,-5.0507324,icons/cafe.png,OSM
Fès-Meknès,Café chabab,Café,Formel,Café chabab,34.0150418,-5.0506657,icons/cafe.png,OSM
Fès-Meknès,Café La Roche,Café,Formel,Lot Taoufik Marja,34.0316112,-5.0437902,icons/cafe.png,OSM
Fès-Meknès,Café Ouazane,Café,Formel,Lot Taoufik Marja,34.0322463,-5.0439967,icons/cafe.png,OSM
Fès-Meknès,Cremerie Al Baraka,Café,Formel,Lot Taoufik Marja,34.0324781,-5.0440981,icons/cafe.png,OSM
Fès-Meknès,Cremerie Marwane,Café,Formel,Rue 22 Marja,34.0328628,-5.0442511,icons/cafe.png,OSM
Fès-Meknès,Café Yasmine,Café,Formel,Rue 22 MARJA,34.0329224,-5.04428,icons/cafe.png,OSM
Fès-Meknès,Café Jane,Café,Formel,Lot Ahlan Marja,34.0324636,-5.0436952,icons/cafe.png,OSM
Fès-Meknès,Café Saada,Café,Formel,Café Saada,34.0140395,-5.0499869,icons/cafe.png,OSM
Fès-Meknès,Snack,Restaurant,Formel,Snack,34.0135367,-5.0495457,icons/restaurant.png,OSM
Fès-Meknès,Café baghdad,Café,Formel,Café baghdad,34.0134442,-5.0494424,icons/cafe.png,OSM
Fès-Meknès,Café Paris,Café,Formel,Café Paris,34.0133883,-5.0493915,icons/cafe.png,OSM
Fès-Meknès,Café,Café,Formel,Rue 15 MARJA,34.0327191,-5.0449037,icons/cafe.png,OSM
Fès-Meknès,Pharmacie Al Marja صيدلية المرجة,Parapharmacie,Formel,"Rue 27 Marja, Fès",34.0312285,-5.0446229,icons/pharmacy.png,OSM
Fès-Meknès,Café Al Sakina,Café,Formel,Lot Bouanania marja,34.0309353,-5.0476964,icons/cafe.png,OSM
Fès-Meknès,Cremerie Jaouda Local Ferme,Café,Formel,Lot Sadaka Marja,34.0306439,-5.0489775,icons/cafe.png,OSM
Fès-Meknès,Café Star Light,Café,Formel,Marja,34.0314082,-5.0509276,icons/cafe.png,OSM
Fès-Meknès,Pharmacie Attaakhi صيدلية التآخي,Parapharmacie,Formel,"Lot Star Sakane marja, Fès",34.031626,-5.051411,icons/pharmacy.png,OSM
Fès-Meknès,Cremerie La Famille,Café,Formel,Lot Star Sakane,34.0318626,-5.051154,icons/cafe.png,OSM
Fès-Meknès,Café wiam,Café,Formel,Lot Star sakane,34.031952,-5.0511927,icons/cafe.png,OSM
Fès-Meknès,Café Malizia,Café,Formel,Rue 24 Marja,34.0322686,-5.0480092,icons/cafe.png,OSM
Fès-Meknès,Café Riad Fes,Café,Formel,Marja Ouad fes,34.0351625,-5.0483724,icons/cafe.png,OSM
Fès-Meknès,Cremerie,Café,Formel,Marja Ouad fes,34.032779,-5.047797,icons/cafe.png,OSM
Fès-Meknès,Cremerie Ahl fes,Café,Formel,Marja Ouad fes,34.0330909,-5.0469236,icons/cafe.png,OSM
Fès-Meknès,Laiterie les Amis,Café,Formel,Marja Ouad fes,34.0329898,-5.0466796,icons/cafe.png,OSM
Fès-Meknès,Café Amine,Café,Formel,Lot Marja Ouad fes,34.0356368,-5.0487143,icons/cafe.png,OSM
Fès-Meknès,Snack,Restaurant,Formel,Snack,34.0141268,-5.0510263,icons/restaurant.png,OSM
Fès-Meknès,Café,Café,Formel,Marja Ouad fes,34.035885,-5.0489898,icons/cafe.png,OSM
Fès-Meknès,Laiterie Ikhlas,Café,Formel,Marja Ouad fes,34.0364376,-5.0493483,icons/cafe.png,OSM
Fès-Meknès,Pharmacie Arreda صيدلية الرضا,Parapharmacie,Formel,"ZOUAGHA RTE BENSOUDA, Fès",34.0365448,-5.0494287,icons/pharmacy.png,OSM
Fès-Meknès,Café GTR,Café,Formel,Café GTR,34.0169275,-5.0505956,icons/cafe.png,OSM
Fès-Meknès,Snack Mik Mak,Restaurant,Formel,Snack Mik Mak,34.0162453,-5.0504206,icons/restaurant.png,OSM
Fès-Meknès,Cremerie Zakaria,Café,Formel,"Marja Ouad fes, Sebaâ Rouadi ⵙⴱⴰⵄ ⵔⵡⴰⴷⵉ سباع روادي",34.0376883,-5.0496934,icons/cafe.png,OSM
Fès-Meknès,Café Bouquet d ' Or El Hirari Mohamed,Café,Formel,Route d ' Ain Chkef Lotis Asmae,34.0054542,-5.0104499,icons/cafe.png,OSM
Fès-Meknès,Café Garden Babel Atmoun Mohamed et Ahmed,Café,Formel,Route d ' Ain Chkef Lotis Karaouiyine,34.0025762,-5.0111177,icons/cafe.png,OSM
Fès-Meknès,Pharmacie Sefrioui صيدلية الصفريوي,Parapharmacie,Formel,"Route d ' Ain Chkef, Fès",34.0088152,-5.0097849,icons/pharmacy.png,OSM
Fès-Meknès,Pharmacie Diamant Vert صيدلية الجوهرة الخضراء,Parapharmacie,Formel,"Route d ' Ain Chkef Lotis Karaouiyine, Fès",34.0009245,-5.0120511,icons/pharmacy.png,OSM
Fès-Meknès,Café Diamant Princesse Belhaji Ahmed,Café,Formel,Route d ' Ain Chkef Resi Nouzha Lotis Nouzha,34.0135007,-5.0083019,icons/cafe.png,OSM
Fès-Meknès,Grillade Tazia Bourbah Fatiha,Restaurant,Formel,Route d ' Ain Chkef Resi Nouzha Lotis Nouzha,34.0134004,-5.0083325,icons/restaurant.png,OSM
Fès-Meknès,Café Alicante Achkak Rachid pour Société Aksel Maroc,Café,Formel,Route d ' Ain Chkef Resi Nouzha Lotis Nouzha,34.01328,-5.008361,icons/cafe.png,OSM
Fès-Meknès,Café Amigo,Café,Formel,Marja Ouad fes,34.0425654,-5.04983,icons/cafe.png,OSM
Fès-Meknès,Café Quods,Café,Formel,Marja Ouad fes,34.0403785,-5.0498985,icons/cafe.png,OSM
Fès-Meknès,Crémerie Stitou,Café,Formel,Marja Ouad fes,34.0397261,-5.0498795,icons/cafe.png,OSM
Fès-Meknès,Pharmacie Ouad El Jawahir صيدلية واد الجواهر,Parapharmacie,Formel,"4 RUE 15 BLOC D HAY OUED FEZ MARJA, Fès",34.0388197,-5.0507853,icons/pharmacy.png,OSM
Fès-Meknès,Café FIRDAOUS,Café,Formel,Marja Ouad fes,34.0356067,-5.0490937,icons/cafe.png,OSM
Fès-Meknès,Boulangerie TOM,Boulangerie,Formel,Marja Ouad fes,34.0346994,-5.0487576,icons/bakery.png,OSM
Fès-Meknès,Café Nil,Café,Formel,Café Nil,34.0163691,-5.0501577,icons/cafe.png,OSM
Fès-Meknès,Café Bahri,Café,Formel,Marja Hay Sahra,34.0241146,-5.0391947,icons/cafe.png,OSM
Fès-Meknès,Cremerie Bacha,Café,Formel,Marja Ouad fes,34.0353055,-5.0469849,icons/cafe.png,OSM
Fès-Meknès,Cremerie,Café,Formel,Marja Ouad fes,34.0368299,-5.0478046,icons/cafe.png,OSM
Fès-Meknès,Café Ouad Jawahir,Café,Formel,Marja Ouad fes,34.0407184,-5.0479814,icons/cafe.png,OSM
Fès-Meknès,Café Brahim Saidi,Café,Formel,Marja Ouad fes,34.0411065,-5.0477678,icons/cafe.png,OSM
Fès-Meknès,Café Salam,Café,Formel,Café Salam,34.0161865,-5.0505688,icons/cafe.png,OSM
Fès-Meknès,Snack,Restaurant,Formel,Riad Zouhour Marja Ouad fes,34.0369602,-5.0444213,icons/restaurant.png,OSM
Fès-Meknès,Café Al Yacout,Café,Formel,Marja Ouad fes,34.0357841,-5.0437757,icons/cafe.png,OSM
Fès-Meknès,Pharmacie Wafi صيدلية الوافي,Parapharmacie,Formel,"Riad Zouhour Marja Ouad, Fès",34.036935,-5.0441143,icons/pharmacy.png,OSM
Fès-Meknès,Pâtisserie,Boutique de confiserie,Informel,Pâtisserie,34.0159154,-5.0507934,icons/confectionery.png,OSM
Fès-Meknès,Café sadaka,Café,Formel,Café sadaka,34.0159449,-5.0507046,icons/cafe.png,OSM
Fès-Meknès,Café,Café,Formel,Marja Ouad fes,34.03477,-5.0437375,icons/cafe.png,OSM
Fès-Meknès,Pharmacie Espace Santé صيدلية فضاء الصحة,Parapharmacie,Formel,"235 LOTTI EZZOHOR HAY EL MARJA, Fès",34.0341382,-5.0436688,icons/pharmacy.png,OSM
Fès-Meknès,Crémerie,Café,Formel,Hay Mikou Marja Ouad fes,34.0373468,-5.0392558,icons/cafe.png,OSM
Fès-Meknès,Cremerie,Café,Formel,Hay Mikou Marja Ouad fes,34.0367692,-5.0390825,icons/cafe.png,OSM
Fès-Meknès,Cremerie,Café,Formel,Hay Mikou Marja Ouad,34.0359845,-5.0389337,icons/cafe.png,OSM
Fès-Meknès,Pharmacie Haj Bensalem صيدلية الحاج بنسالم,Parapharmacie,Formel,"Hay Mikou Marja Ouad, Fès",34.0351489,-5.038962,icons/pharmacy.png,OSM
Fès-Meknès,Cafe Le Rameau,Café,Formel,Hay Tazi Marja Ouad fes,34.0388146,-5.0369283,icons/cafe.png,OSM
Fès-Meknès,Café,Café,Formel,Café,34.0161898,-5.0502522,icons/cafe.png,OSM
Fès-Meknès,Café Panorama,Café,Formel,Hay Tazi Marja Ouad fes,34.0379491,-5.0361012,icons/cafe.png,OSM
Fès-Meknès,Pharmacie Italia صيدلية إيطاليا,Parapharmacie,Formel,"Hay Tazi Marja Ouad, Fès",34.0401158,-5.0349723,icons/pharmacy.png,OSM
Fès-Meknès,patisserie Nakhla,Boulangerie,Formel,Hay Tazi Marja Ouad,34.0386229,-5.0355761,icons/bakery.png,OSM
Fès-Meknès,Société Pati - Sweet,Boulangerie,Formel,Route d ' Ain Chkef Lotis Laila Asmae,34.0060536,-5.0103906,icons/bakery.png,OSM
Fès-Meknès,Café moscou 131 lotis asmae Rte Ain chkef,Café,Formel,Café moscou 131 lotis asmae Rte Ain chkef,34.0062379,-5.0103526,icons/cafe.png,OSM
Fès-Meknès,Café Amazone,Café,Formel,Hay Mikou Marja Ouad fes,34.0377451,-5.0405857,icons/cafe.png,OSM
Fès-Meknès,Pharmacie Al Najoua صيدلية النجوى,Parapharmacie,Formel,"1 RUE 9 HAY MIKOU MERJA FEZ, Fès",34.0375903,-5.0406043,icons/pharmacy.png,OSM
Fès-Meknès,Café Génova Palace,Café,Formel,Hay Sidi Hadil Zouaghat,34.0199685,-5.0407732,icons/cafe.png,OSM
Fès-Meknès,Pharmacie El Iraki صيدلية العراقي,Parapharmacie,Formel,"RUE 3 BENSOUDA, Fès",34.0147038,-5.0486606,icons/pharmacy.png,OSM
Fès-Meknès,Café,Café,Formel,Café,34.0154422,-5.0473115,icons/cafe.png,OSM
Fès-Meknès,Café Mamounia,Café,Formel,Hay Sidi Hadi Zouaghat,34.0208957,-5.0397974,icons/cafe.png,OSM
Fès-Meknès,Café BAMEAU,Café,Formel,Hay Sidi Hadi Zouaghat,34.0210804,-5.0394534,icons/cafe.png,OSM
Fès-Meknès,Pharmacie Al Oumma صيدلية الأمة,Parapharmacie,Formel,"61B ROUTE BENSOUDA ZOUAGHA, Fès",34.0233281,-5.0375648,icons/pharmacy.png,OSM
Fès-Meknès,Café Jnane Andalous,Café,Formel,Zouaghat Haut,34.0238454,-5.0370759,icons/cafe.png,OSM
Fès-Meknès,Laiterie,Café,Formel,Zouaghat Haut Bloc D,34.0246615,-5.0359992,icons/cafe.png,OSM
Fès-Meknès,Café sans nom,Café,Formel,"طريق بنسودة, فاس",34.0248722,-5.035662,icons/cafe.png,OSM
Fès-Meknès,Café Kaabouch,Café,Formel,Zouaghat Haut Bloc D,34.0253022,-5.035034,icons/cafe.png,OSM
Fès-Meknès,Café Rixi,Café,Formel,Café Rixi,34.015874,-5.0486479,icons/cafe.png,OSM
Fès-Meknès,Café Anass,Café,Formel,Zouaghat Haut,34.0255015,-5.0345672,icons/cafe.png,OSM
Fès-Meknès,Cremerie El karam,Café,Formel,Cremerie El karam,34.0134766,-5.0490298,icons/cafe.png,OSM
Fès-Meknès,Café La Famillia,Café,Formel,Zouaghat Haut,34.0257581,-5.0338056,icons/cafe.png,OSM
Fès-Meknès,Supérette / Mini-market sans nom,Supérette / Mini-market,Formel,Zouaghat Haut,34.0258594,-5.0343064,icons/convenience.png,OSM
Fès-Meknès,Café Chabab,Café,Formel,Zouaghat Haut,34.0256693,-5.0347428,icons/cafe.png,OSM
Fès-Meknès,Café Oumayma,Café,Formel,Sidi Hadi Zouaghat Haut,34.0212237,-5.037615,icons/cafe.png,OSM
Fès-Meknès,Café Jnane Zouaghat,Café,Formel,Lot Mabrouka Zouaghat Haut,34.0234031,-5.0368379,icons/cafe.png,OSM
Fès-Meknès,Laiterie,Café,Formel,Zouaghat Haut,34.0230837,-5.0370325,icons/cafe.png,OSM
Fès-Meknès,Café sans nom,Café,Formel,"زواغة طريق بنسودة, فاس",34.0236579,-5.0365804,icons/cafe.png,OSM
Fès-Meknès,Laiterie,Café,Formel,Zouaghat Haut,34.0238302,-5.0364483,icons/cafe.png,OSM
Fès-Meknès,Adwak Arafie,Restaurant,Formel,Zouaghat Haut,34.0237745,-5.0365057,icons/restaurant.png,OSM
Fès-Meknès,Café Cleopatra,Café,Formel,Zouaghat Haut,34.0238777,-5.0364002,icons/cafe.png,OSM
Fès-Meknès,Snack Al Akhawayne,Restaurant,Formel,Zouaghat Haut,34.0243654,-5.0358137,icons/restaurant.png,OSM
Fès-Meknès,Café Siham,Café,Formel,Zouaghat Haut,34.024511,-5.0356514,icons/cafe.png,OSM
Fès-Meknès,Café Najah,Café,Formel,Zouaghat Haut,34.0244373,-5.0357402,icons/cafe.png,OSM
Fès-Meknès,Café De France,Café,Formel,Zouaghat Haut,34.0244771,-5.0356906,icons/cafe.png,OSM
Fès-Meknès,Snack,Restaurant,Formel,Zouaghat Haut,34.024765,-5.0352589,icons/restaurant.png,OSM
Fès-Meknès,Pharmacie Zouagha صيدلية الزواغة,Parapharmacie,Formel,"ZOUAGHAT RTE BENSOUDA, Fès",34.0247648,-5.0351104,icons/pharmacy.png,OSM
Fès-Meknès,Cremerie,Café,Formel,Zouaghat Haut,34.0251205,-5.0346791,icons/cafe.png,OSM
Fès-Meknès,Café Wahran,Café,Formel,Zouaghat Haut,34.025184,-5.0345666,icons/cafe.png,OSM
Fès-Meknès,Société Café Nas Fes,Café,Formel,Route d ' Ain Chkef Lotis Karaouiyine,34.0045698,-5.0122283,icons/cafe.png,OSM
Fès-Meknès,El Yaagoubi El Hassan Café Karaouiyine,Café,Formel,Route d 'Ain Chkef Lotis Karaouiyine,34.0014841,-5.012878,icons/cafe.png,OSM
Fès-Meknès,Café Lazari Atlati Abderrahim et Atlati Otmane,Café,Formel,Route d 'Ain Chkef Lotis Karaouiyine,34.0021351,-5.0116643,icons/cafe.png,OSM
Fès-Meknès,Café Savini,Café,Formel,Route d 'Ain Chkef Lotis Karaouiyine,34.0027117,-5.0142416,icons/cafe.png,OSM
Fès-Meknès,Er -- radi Adil Café Gusto,Café,Formel,Route d 'Ain Chkef Lotis Asmae,34.0051972,-5.0108417,icons/cafe.png,OSM
Fès-Meknès,Mahdaoui Mohamed Cremerie bisous lahlotis Karaouiyine,Café,Formel,Route d 'Ain Chkef Lotis Karaouiyine,34.0048458,-5.0125067,icons/cafe.png,OSM
Fès-Meknès,Cremerie mosquée Karaouiyine 9,Café,Formel,Cremerie mosquée Karaouiyine 9,34.004779,-5.0135813,icons/cafe.png,OSM
Fès-Meknès,Café Alaska Malki Hassan,Café,Formel,Rue 14,34.0068457,-5.0104857,icons/cafe.png,OSM
Fès-Meknès,El Marbah Houcine Laitière Karaouiyine,Café,Formel,Route d 'Ain Chkef Lotis Karaouiyine,34.0013667,-5.0122641,icons/cafe.png,OSM
Fès-Meknès,Qarqabi Youness Café Alloo,Café,Formel,Route d 'Ain Chkef Lotis Asmae,34.0052264,-5.0106753,icons/cafe.png,OSM
Fès-Meknès,Rhandour Mohamed Cremerie,Café,Formel,Route d 'Ain Chkef Lotis Karaouiyine,34.0048136,-5.0126649,icons/cafe.png,OSM
Fès-Meknès,Café Nizar Kartaf Najib et Kartaf Yassine,Café,Formel,Route d ' Ain Chkef Lotis Asmae,34.0065928,-5.011705,icons/cafe.png,OSM
Fès-Meknès,Cremerie Oméga,Café,Formel,Zouaghat Haut,34.0252206,-5.0329432,icons/cafe.png,OSM
Fès-Meknès,Café Pam,Café,Formel,Café Pam,34.0165487,-5.0555507,icons/cafe.png,OSM
Fès-Meknès,Snack,Restaurant,Formel,Snack,34.0167351,-5.0542779,icons/restaurant.png,OSM
Fès-Meknès,Café Salam,Café,Formel,Zouaghat Haut Hay Fath,34.0235675,-5.0320103,icons/cafe.png,OSM
Fès-Meknès,Café tafilalte,Café,Formel,Café tafilalte,34.0167944,-5.0541344,icons/cafe.png,OSM
Fès-Meknès,Café fassih,Café,Formel,Café fassih,34.0168555,-5.0539699,icons/cafe.png,OSM
Fès-Meknès,Café maghrib Arabi,Café,Formel,Café maghrib Arabi,34.0169331,-5.0537972,icons/cafe.png,OSM
Fès-Meknès,Café Najm,Café,Formel,Café Najm,34.0169893,-5.0536452,icons/cafe.png,OSM
Fès-Meknès,Snack,Restaurant,Formel,Snack,34.0171002,-5.0533327,icons/restaurant.png,OSM
Fès-Meknès,Café La Rose Des Sables,Café,Formel,Zouaghat Haut Hay Fath,34.0233384,-5.0319111,icons/cafe.png,OSM
Fès-Meknès,Crémerie,Café,Formel,Zouaghat Haut Hay Fath,34.023083,-5.0318159,icons/cafe.png,OSM
Fès-Meknès,Café Espace Word,Café,Formel,Zouaghat Haut Hay Fath,34.0229044,-5.0317526,icons/cafe.png,OSM
Fès-Meknès,Café Skay Club,Café,Formel,Zoyagha Hay Fath,34.0222789,-5.0317477,icons/cafe.png,OSM
Fès-Meknès,Café Marzouk,Café,Formel,Zouaghat Haut Hay Fath,34.0220756,-5.0313938,icons/cafe.png,OSM
Fès-Meknès,Supérette / Mini-market sans nom,Supérette / Mini-market,Formel,Zouaghat Haut Hay Fath,34.0220083,-5.0310718,icons/convenience.png,OSM
Fès-Meknès,Café Basma,Café,Formel,Zouaghat Haut Hay Fath,34.0215455,-5.0308753,icons/cafe.png,OSM
Fès-Meknès,Salle de Jeux,Café,Formel,Zouaghat Haut Hay Fath,34.0216477,-5.0309318,icons/cafe.png,OSM
Fès-Meknès,Café Espace Hajar,Café,Formel,Zouaghat Haut Hay Fath,34.0216035,-5.0306197,icons/cafe.png,OSM
Fès-Meknès,Café Amity Palace,Café,Formel,Zouaghat Haut Hay Fath,34.0218426,-5.030751,icons/cafe.png,OSM
Fès-Meknès,CAFÉ Gambara,Café,Formel,Zouaghat Haut Hay Fath,34.0222408,-5.0308601,icons/cafe.png,OSM
Fès-Meknès,Pharmacie Bensouda صيدلية بن سودة,Parapharmacie,Formel,"3 hay Msallah fes, Fès",34.0170139,-5.0531777,icons/pharmacy.png,OSM
Fès-Meknès,Cafe Lyncha,Café,Formel,BVD MOHAMMED 6 ZOUAGHAT,34.0250503,-5.0280998,icons/cafe.png,OSM
Fès-Meknès,Pharmacie Av Med VI صيدلية شارع محمد السادس,Parapharmacie,Formel,"BVD MOHAMMED 6 ZOUAGHAT, Fès",34.0263639,-5.028244,icons/pharmacy.png,OSM
Fès-Meknès,Cremerie,Café,Formel,BVD MOHAMMED 6 ZOUAGHAT,34.0250027,-5.0282716,icons/cafe.png,OSM
Fès-Meknès,Café Amamousta Aamamou Mohamed,Café,Formel,Route d ' Ain Chkef Lotis Karaouiyine,34.0064022,-5.0128817,icons/cafe.png,OSM
Fès-Meknès,Restaurant Papa Fish,Restaurant,Formel,Route d 'Ain Chkef Lotis Asmae face École Anoual,34.0061586,-5.0103758,icons/restaurant.png,OSM
Fès-Meknès,Café Pablo مقهى بابلو,Café,Formel,"Rue 14 زنقة, Fez فاس‎",34.0069169,-5.0111995,icons/cafe.png,OSM
Fès-Meknès,Snack Bateau Lux,Restaurant,Formel,Route d 'Ain Chkef Lotis Zahrat Madaine,34.007316,-5.0106952,icons/restaurant.png,OSM
Fès-Meknès,Société Café Flaminki SARL,Café,Formel,Route d 'Ain Chkef Lotis Zahrat Madaine 3,34.0075113,-5.0132914,icons/cafe.png,OSM
Fès-Meknès,Supermarché Ifoulki Hassouni Abdellah,Supermarché,Formel,Route d ' Ain Chkef Lotis Asmae,34.0059391,-5.0110038,icons/supermarket.png,OSM
Fès-Meknès,Ezzahid Serghini Boulangerie Le Bristol,Boulangerie,Formel,Route d Ain Chkef Lotis Asmae,34.0058094,-5.0106331,icons/bakery.png,OSM
Fès-Meknès,Société El Aarej SARL- AU,Supérette / Mini-market,Formel,Route d ' Ain Chkef Lotis Karaouiyine,34.005414,-5.0122897,icons/convenience.png,OSM
Fès-Meknès,El Azzouzi Mohamed Jamal Cremerie,Café,Formel,Route d ' Ain Chkef Lotis Zahrat Madaine,34.0069531,-5.0110576,icons/cafe.png,OSM
Fès-Meknès,Lamsieh Mohamed Cremerie,Café,Formel,Route d 'Ain Chkef Lotis Zahrat Madaine,34.0073751,-5.0109577,icons/cafe.png,OSM
Fès-Meknès,Café La Team El Kharroubi Chafik,Café,Formel,Route d ' Ain Chkef Lotis Riad Zeytoune,34.0074861,-5.0108656,icons/cafe.png,OSM
Fès-Meknès,El Moutawafik Maria Cremerie,Café,Formel,Route d 'Ain Chkef Lotis Riad Zeytoune,34.0096115,-5.0132971,icons/cafe.png,OSM
Fès-Meknès,Janati Idrissi Fatima Cremerie,Café,Formel,Route d ' Ain Chkef Lotis Zahrat Madaine,34.0072273,-5.01079,icons/cafe.png,OSM
Fès-Meknès,Café Marjana,Café,Formel,AV MOHAMMED 6 ZOUAGHAT HAUT,34.0232945,-5.0276005,icons/cafe.png,OSM
Fès-Meknès,Douzi Touria Pâtisserie Salé Sucré,Boulangerie,Formel,Route d 'Ain Chkef Lotis Karaouiyine,34.0053489,-5.0147632,icons/bakery.png,OSM
Fès-Meknès,CO -- T -- Café Tlamsani Mekkaoui Adil et El Mardi Mohamed,Café,Formel,Route d ' Ain Chkef Lotis Karaouiyine,34.0077359,-5.0146895,icons/cafe.png,OSM
Fès-Meknès,Cafe La Tulipe,Café,Formel,AV MOHAMMED 6 ZOUAGHAT HAUT,34.0179548,-5.0206025,icons/cafe.png,OSM
Fès-Meknès,Pizzeria Marco Polo,Restaurant,Formel,AV MOHAMMED 6 ZOUAGHAT HAUT,34.0176841,-5.0200168,icons/restaurant.png,OSM
Fès-Meknès,Cremerie ( Local Fermé ),Café,Formel,AV MOHAMMED 6 ZOUAGHAT HAUT,34.0178088,-5.020269,icons/cafe.png,OSM
Fès-Meknès,Laiterie,Café,Formel,AV MOHAMMED 6 ZOUAGHAT HAUT,34.0178937,-5.0204506,icons/cafe.png,OSM
Fès-Meknès,Cremerie Hiba Local Fermé,Café,Formel,AV MOHAMMED 6 ZOUAGHAT HAUT,34.0176107,-5.019886,icons/cafe.png,OSM
Fès-Meknès,Snack,Restaurant,Formel,AV MOHAMMED 6 ZOUAGHAT HAUT,34.0175724,-5.0198242,icons/restaurant.png,OSM
Fès-Meknès,Café Espace Palace,Café,Formel,AV Mohammed 6 Zouaghat Haut,34.0175315,-5.0197552,icons/cafe.png,OSM
Fès-Meknès,Cremerie Yassmine,Café,Formel,Route Aïn Smen,34.0170268,-5.0198304,icons/cafe.png,OSM
Fès-Meknès,Café Brechia ( Local Fermé ),Café,Formel,Route Aïn Smen,34.0160503,-5.0202335,icons/cafe.png,OSM
Fès-Meknès,Boulangerie Pâtisserie Lakhlifi,Boulangerie,Formel,Route Aïn Smen,34.0154082,-5.0206641,icons/bakery.png,OSM
Fès-Meknès,Laiterie Bismillah,Café,Formel,Route Aïn Smen,34.0147927,-5.0210109,icons/cafe.png,OSM
Fès-Meknès,Boulangerie Bismillah,Boulangerie,Formel,Route Aïn Smen,34.0146424,-5.0213016,icons/bakery.png,OSM
Fès-Meknès,Café Dima Zen,Café,Formel,Route Aïn Smen,34.0144694,-5.0211559,icons/cafe.png,OSM
Fès-Meknès,Snack Local Fermé,Restaurant,Formel,BVD MOHAMMED 6 ZOUAGHAT HAUT,34.017551,-5.0197543,icons/restaurant.png,OSM
Fès-Meknès,Boulangerie et Pâtisserie Aressala Rifai Tayek,Boulangerie,Formel,Route d Ain Chkef Lotis Karaouiyine,34.0080016,-5.0165925,icons/bakery.png,OSM
Fès-Meknès,Pharmacie des Sciences صيدلية العلوم,Parapharmacie,Formel,"347 LOT QUARAOUIYINE RTE AIN CHEKAF, Fès",34.0104753,-5.0176469,icons/pharmacy.png,OSM
Fès-Meknès,Café Essalam,Café,Formel,Route d Ain Chkef Lotis Karaouiyine Angle Rue 1 et Rue 2,34.0100834,-5.0159237,icons/cafe.png,OSM
Fès-Meknès,ain azliten tannery,Supermarché,Formel,Fes Médina,34.0657822,-4.9789212,icons/supermarket.png,OSM
Fès-Meknès,Pharmacie Sekkat صيدلية السقاط,Parapharmacie,Formel,"hay nakhil rte bain smen, Fès",34.0125631,-5.0227221,icons/pharmacy.png,OSM
Fès-Meknès,Pharmacie Al Wahda صيدلية الوحدة,Parapharmacie,Formel,"bd Abou houraira mont fleuri 1 FES, Fès",34.0132168,-5.0514716,icons/pharmacy.png,OSM
Fès-Meknès,Patisserie Ouifak,Boulangerie,Formel,Route Aïn Smen,34.0099769,-5.0252314,icons/bakery.png,OSM
Fès-Meknès,Café Daytona Palace,Café,Formel,Route Aïn Smen,34.0101805,-5.0248729,icons/cafe.png,OSM
Fès-Meknès,Café Zohria,Café,Formel,Route Aïn Smen,34.0099036,-5.0253722,icons/cafe.png,OSM
Fès-Meknès,Cremerie Ziad,Café,Formel,Route Aïn Smen,34.0097149,-5.0256949,icons/cafe.png,OSM
Fès-Meknès,Café Acassia,Café,Formel,Route Aïn Smen,34.009473,-5.0259744,icons/cafe.png,OSM
Fès-Meknès,Café chourafa,Café,Formel,Café chourafa,34.0160139,-5.0557559,icons/cafe.png,OSM
Fès-Meknès,Café El Akhaouayene,Café,Formel,Café El Akhaouayene,34.0150672,-5.0569684,icons/cafe.png,OSM
Fès-Meknès,Café El jazira,Café,Formel,Café El jazira,34.0156975,-5.0557346,icons/cafe.png,OSM
Fès-Meknès,Cremerie,Café,Formel,Route Aïn Smen,34.0110623,-5.0224006,icons/cafe.png,OSM
Fès-Meknès,Café El waha,Café,Formel,Café El waha,34.0141415,-5.0600974,icons/cafe.png,OSM
Fès-Meknès,Café Mabrouka,Café,Formel,Café Mabrouka,34.0183588,-5.061915,icons/cafe.png,OSM
Fès-Meknès,Café Amis Rami,Café,Formel,Café Amis Rami,34.0048667,-5.0449859,icons/cafe.png,OSM
Fès-Meknès,Pharmacie Kandoussi صيدلية القندوسي,Parapharmacie,Formel,"132 Lotiss farah bensouda fes, Fès",34.0037878,-5.0446424,icons/pharmacy.png,OSM
Fès-Meknès,Café B T G,Café,Formel,Route Aïn Smen,34.009349,-5.0292899,icons/cafe.png,OSM
Fès-Meknès,Laiterie,Café,Formel,Route Aïn Smen,34.009571,-5.0289231,icons/cafe.png,OSM
Fès-Meknès,Café Dounia,Café,Formel,Route Aïn Smen,34.0096678,-5.0287887,icons/cafe.png,OSM
Fès-Meknès,Café Baghdad,Café,Formel,Route Aïn Smen,34.0097441,-5.0286591,icons/cafe.png,OSM
Fès-Meknès,Café Planto,Café,Formel,Route Aïn Smen,34.0094859,-5.0290612,icons/cafe.png,OSM
Fès-Meknès,Café Sant Flour,Café,Formel,Route Aïn Smen,34.0101219,-5.0304225,icons/cafe.png,OSM
Fès-Meknès,Café mountada El Amane,Café,Formel,Café mountada El Amane,34.0002819,-5.0433531,icons/cafe.png,OSM
Fès-Meknès,Snack Lotfi,Restaurant,Formel,Route Aïn Smen,34.0097105,-5.0269338,icons/restaurant.png,OSM
Fès-Meknès,Crémerie Zouzou,Café,Formel,Route Aïn Smen,34.0101897,-5.0255797,icons/cafe.png,OSM
Fès-Meknès,Crémerie,Café,Formel,Route Aïn Smen,34.0097106,-5.0263988,icons/cafe.png,OSM
Fès-Meknès,Café Polarya,Café,Formel,Route Aïn Smen,34.0097205,-5.0261352,icons/cafe.png,OSM
Fès-Meknès,Snack,Restaurant,Formel,Route Aïn Smen,34.0104322,-5.0251682,icons/restaurant.png,OSM
Fès-Meknès,Café Aljazira,Café,Formel,Route Aïn Smen,34.0122459,-5.0257116,icons/cafe.png,OSM
Fès-Meknès,Café RAYANE,Café,Formel,Route Aïn Smen,34.0119536,-5.025359,icons/cafe.png,OSM
Fès-Meknès,Café,Café,Formel,Café,34.0053501,-5.0514554,icons/cafe.png,OSM
Fès-Meknès,Café Al Fath,Café,Formel,Route Aïn Smen,34.0122585,-5.0263293,icons/cafe.png,OSM
Fès-Meknès,Pharmacie Ain Smen صيدلية عين السمن,Parapharmacie,Formel,"HAY AL WEFAK BLOC N 172 FEZ, Fès",34.0120186,-5.0262209,icons/pharmacy.png,OSM
Fès-Meknès,Laiterie,Café,Formel,Route Aïn Smen,34.0098888,-5.0262504,icons/cafe.png,OSM
Fès-Meknès,Café oued Dahab,Café,Formel,Café oued Dahab,34.0149197,-5.0536313,icons/cafe.png,OSM
Fès-Meknès,Café Saoudi,Café,Formel,Café Saoudi,34.0144784,-5.0551177,icons/cafe.png,OSM
Fès-Meknès,Café,Café,Formel,Café,34.0146916,-5.0544075,icons/cafe.png,OSM
Fès-Meknès,Pharmacie Errachidia صيدلية الراشدية,Parapharmacie,Formel,"LOT ARRACHIDIA RTE AIN CHEKEF, Fès",34.015282,-5.0136845,icons/pharmacy.png,OSM
Fès-Meknès,Cremerie Al Karam,Café,Formel,Arset Zitoune 1 Doha,33.9901115,-5.0422598,icons/cafe.png,OSM
Fès-Meknès,Snack El Khayrate,Restaurant,Formel,Lotis Moustakbal Hay Massira,33.9958354,-5.0524891,icons/restaurant.png,OSM
Fès-Meknès,Cremerie et Restaurant Tizirt,Café,Formel,Arset Zitoune Doha,33.9902195,-5.0409044,icons/cafe.png,OSM
Fès-Meknès,Café Al Akhawyn,Café,Formel,Arset Zitoune 1 Doha,33.9906791,-5.0438868,icons/cafe.png,OSM
Fès-Meknès,Café Oliveraie,Café,Formel,Arset Zitoune 1 Doha G H 1,33.9913247,-5.0438808,icons/cafe.png,OSM
Fès-Meknès,Café Jnane Palace,Café,Formel,Avenue Mohamed Fassi Lotis Rachidia,34.0149411,-5.0126176,icons/cafe.png,OSM
Fès-Meknès,Café Sol y Sombra,Café,Formel,Fez فاس‎,34.0130812,-5.0102067,icons/cafe.png,OSM
Fès-Meknès,Hiba Laiterie,Café,Formel,Arset Zitoune Doha,33.9901419,-5.0417332,icons/cafe.png,OSM
Fès-Meknès,Café Ines Day Day Abdelaziz,Café,Formel,Arset Zitoune Doha G H 01,33.9932573,-5.0412001,icons/cafe.png,OSM
Fès-Meknès,Café Parista,Café,Formel,Lotis El Aman Hay Massira,33.9950122,-5.0463865,icons/cafe.png,OSM
Fès-Meknès,Café Cesar,Café,Formel,Route d Ain Chkef Lotis Nouzha 2,34.0134155,-5.0095106,icons/cafe.png,OSM
Fès-Meknès,Café Cristale Palace,Café,Formel,Arset Zitoune Zouagha,33.9902629,-5.040759,icons/cafe.png,OSM
Fès-Meknès,Cremerie Doha,Café,Formel,Arset Zitoune Doha,33.9901621,-5.0413902,icons/cafe.png,OSM
Fès-Meknès,Café El Mountazah,Café,Formel,Arset Zitoune 1 Doha G H 15,33.9911506,-5.0442934,icons/cafe.png,OSM
Fès-Meknès,Café El Arsa,Café,Formel,Arset Zitoune Doha,33.99161,-5.0444842,icons/cafe.png,OSM
Fès-Meknès,Café Alyana,Café,Formel,Arset Zitoune Doha G H 35,33.9897542,-5.042582,icons/cafe.png,OSM
Fès-Meknès,Café Marouan,Café,Formel,Café Marouan,34.0129325,-5.0575113,icons/cafe.png,OSM
Fès-Meknès,Café Taoufik,Café,Formel,Café Taoufik,34.0158056,-5.062451,icons/cafe.png,OSM
Fès-Meknès,Café La Gazelle,Café,Formel,Hay Tazi Marja Ouad fes,34.0389629,-5.0363002,icons/cafe.png,OSM
Fès-Meknès,Laiterie Arida,Café,Formel,Route Aïn Smen,34.0102807,-5.027987,icons/cafe.png,OSM
Fès-Meknès,Dar Nia,Restaurant,Formel,"derb Aïn-el-Fouki, 8",33.8936773,-5.5592527,icons/restaurant.png,OSM
Fès-Meknès,Le Riad,Restaurant,Formel,Ksar Chaacha,33.8929573,-5.5601733,icons/restaurant.png,OSM
Fès-Meknès,Café Les Amis,Café,Formel,Route Aïn Smen,34.01242,-5.0277454,icons/cafe.png,OSM
Fès-Meknès,Snack,Restaurant,Formel,Route Aïn Smen,34.0125043,-5.0277628,icons/restaurant.png,OSM
Fès-Meknès,Laiterie,Café,Formel,Route Aïn Smen,34.0125347,-5.0277945,icons/cafe.png,OSM
Fès-Meknès,Patisserie Wadie,Boulangerie,Formel,Route Aïn Smen,34.0130142,-5.0279893,icons/bakery.png,OSM
Fès-Meknès,Café Al Ahram,Café,Formel,Route Aïn Smen,34.0140428,-5.0272855,icons/cafe.png,OSM
Fès-Meknès,Cremerie,Café,Formel,Route Ain Chkef,33.9983408,-5.0045836,icons/cafe.png,OSM
Fès-Meknès,Patisserie,Boulangerie,Formel,Route Aïn Smen طريق عين السمن,34.0106928,-5.028205,icons/bakery.png,OSM
Fès-Meknès,Pharmacie Al Wissal صيدلية الوصال,Parapharmacie,Formel,"PROJET WIAM RESIDENCE ZAHRAE HAY NASSIM FES, Fès ⴼⴰⵙ فاس",33.9952412,-5.0560575,icons/pharmacy.png,OSM
Fès-Meknès,Café Rapidou,Café,Formel,Café Rapidou,33.9951011,-5.0562567,icons/cafe.png,OSM
Fès-Meknès,Café Rabie,Café,Formel,Route Aïn Smen طريق عين السمن,34.0120968,-5.028312,icons/cafe.png,OSM
Fès-Meknès,Cremerie Ain Assal,Café,Formel,Route Aïn Smen طريق عين السمن,34.0135925,-5.0286015,icons/cafe.png,OSM
Fès-Meknès,Pharmacie Al Kaoutar صيدلية الكوثر,Parapharmacie,Formel,"210 BLOC A HAY WIFAK RTE AIN SMEN, Fès",34.0136031,-5.0293645,icons/pharmacy.png,OSM
Fès-Meknès,Laiterie,Café,Formel,Route Aïn Smen طريق عين السمن,34.0121556,-5.028385,icons/cafe.png,OSM
Fès-Meknès,Patisserie,Boulangerie,Formel,Route Aïn Smen طريق عين السمن,34.0125597,-5.0282911,icons/bakery.png,OSM
Fès-Meknès,Crémerie,Café,Formel,Route Aïn Smen طريق عين السمن,34.01359,-5.0282008,icons/cafe.png,OSM
Fès-Meknès,Cremerie,Café,Formel,Route Aïn Smen طريق عين السمن,34.0137574,-5.028902,icons/cafe.png,OSM
Fès-Meknès,Café,Café,Formel,Route Aïn Smen طريق عين السمن,34.0136788,-5.0282776,icons/cafe.png,OSM
Fès-Meknès,Patisserie Boulangerie Al Ouifak,Boulangerie,Formel,Route Aïn Smen طريق عين السمن,34.0101653,-5.0312631,icons/bakery.png,OSM
Fès-Meknès,Café La Liberté,Café,Formel,Café La Liberté,33.9940646,-5.0594439,icons/cafe.png,OSM
Fès-Meknès,Café Charq,Café,Formel,Café Charq,33.9940405,-5.0594746,icons/cafe.png,OSM
Fès-Meknès,Café Nassim Errif,Café,Formel,Café Nassim Errif,33.9940302,-5.0596276,icons/cafe.png,OSM
Fès-Meknès,Café Nacer,Café,Formel,Route Aïn Smen طريق عين السمن,34.0138099,-5.0251552,icons/cafe.png,OSM
Fès-Meknès,Parapharmacie Lina,Parapharmacie,Formel,Route Aïn Smen طريق عين السمن,34.0136532,-5.024974,icons/pharmacy.png,OSM
Fès-Meknès,Café Azami,Café,Formel,Café Azami,33.9944537,-5.0596596,icons/cafe.png,OSM
Fès-Meknès,Café Savana Palace مقهى سافانا بالاس,Café,Formel,Hay Griyou Zouaghat Haut,34.0157503,-5.0270933,icons/cafe.png,OSM
Fès-Meknès,Boulanger bismi Allah,Boulangerie,Formel,Boulanger bismi Allah,33.9947029,-5.0597578,icons/bakery.png,OSM
Fès-Meknès,Café Nasse Fès,Café,Formel,Café Nasse Fès,33.9952773,-5.0600043,icons/cafe.png,OSM
Fès-Meknès,Café coursica,Café,Formel,Café coursica,33.9968164,-5.0608561,icons/cafe.png,OSM
Fès-Meknès,Pharmacie Nassim صيدلية النسيم,Parapharmacie,Formel,Fs,33.9966238,-5.0607799,icons/pharmacy.png,OSM
Fès-Meknès,Cremerie Nassim,Café,Formel,Cremerie Nassim,33.9963773,-5.0606846,icons/cafe.png,OSM
Fès-Meknès,Snack,Restaurant,Formel,Snack,33.9959752,-5.0604935,icons/restaurant.png,OSM
Fès-Meknès,Laiterie Bismillah,Café,Formel,Hay Griyou Zouagha Haute,34.0154663,-5.0268576,icons/cafe.png,OSM
Fès-Meknès,Pharmacie Al Abaouayne صيدلية الأبوين,Parapharmacie,Formel,Fès ⴼⴰⵙ فاس,33.9944371,-5.0625071,icons/pharmacy.png,OSM
Fès-Meknès,Café salam (fermé),Café,Formel,Café salam (fermé),33.9949753,-5.0613998,icons/cafe.png,OSM
Fès-Meknès,Café Al watania(fermé),Café,Formel,Café Al watania(fermé),33.9950833,-5.0609648,icons/cafe.png,OSM
Fès-Meknès,Café Raha,Café,Formel,Café Raha,33.9951798,-5.0606351,icons/cafe.png,OSM
Fès-Meknès,Café bismi Allah,Café,Formel,Café bismi Allah,33.9955139,-5.0596325,icons/cafe.png,OSM
Fès-Meknès,Café Al Amane,Café,Formel,Hay Griyou Zouagha Haute,34.0158303,-5.0272998,icons/cafe.png,OSM
Fès-Meknès,Laiterie Hiba mina Allah,Café,Formel,Hay Griyou Zouagha Haute,34.0158886,-5.0273757,icons/cafe.png,OSM
Fès-Meknès,Café,Café,Formel,Café,33.995561,-5.0595319,icons/cafe.png,OSM
Fès-Meknès,Café Intelak,Café,Formel,Hay Griyou Zouagha Haute,34.0164654,-5.02734,icons/cafe.png,OSM
Fès-Meknès,Laiterie,Café,Formel,Hay Griyou Zouagha Haute,34.0169023,-5.0274871,icons/cafe.png,OSM
Fès-Meknès,Café zahrae,Café,Formel,Café zahrae,33.9965807,-5.0571318,icons/cafe.png,OSM
Fès-Meknès,Café seressete,Café,Formel,Café seressete,33.9971395,-5.0554339,icons/cafe.png,OSM
Fès-Meknès,Café Al Abawayne Didi Youssef,Café,Formel,Lotis Moustakbal Hay Massira,33.9957678,-5.0525771,icons/cafe.png,OSM
Fès-Meknès,Café Al Ikhwa Enndif Abderrazzak,Café,Formel,Lotis Moustakbal Hay Massira,33.994705,-5.0570813,icons/cafe.png,OSM
Fès-Meknès,Café Abou Dabi Samouh El Khammar,Café,Formel,Lotis Moustakbal Hay Massira,33.9959849,-5.0529992,icons/cafe.png,OSM
Fès-Meknès,Café Jad Mustapha El Azzouzi,Café,Formel,Lotis Moustakbal Hay Massira,33.9956645,-5.0540352,icons/cafe.png,OSM
Fès-Meknès,Cremerie Al Moustakbal El Alami Ben Hmamou,Café,Formel,Lotis Moustakbal Hay Massira,33.9956346,-5.0541177,icons/cafe.png,OSM
Fès-Meknès,Cremerie Chakkouma Tabai Ahmed,Café,Formel,Lotis Moustakbal Hay Massira,33.9955832,-5.054316,icons/cafe.png,OSM
Fès-Meknès,Café Panoramic El Akkazi Mohamed,Café,Formel,Hay Nassim Bloc 6 Lotis B,33.9942218,-5.0586172,icons/cafe.png,OSM
Fès-Meknès,El Idrissi Hmida Boulangerie Khouloud,Boulangerie,Formel,Lotis Moustakbal Hay Massira,33.9956166,-5.0542139,icons/bakery.png,OSM
Fès-Meknès,Ben Yahya Abdelhamid Pâtisserie et Boulangerie Ben Yahya,Boulangerie,Formel,Lotis Moustakbal Hay Massira,33.9945522,-5.0575788,icons/bakery.png,OSM
Fès-Meknès,Café SALENA,Café,Formel,"Avenue Zitoune, Meknès ⴰⵎⴽⵏⴰⵙ مكناس",33.8587594,-5.5776203,icons/cafe.png,OSM
Fès-Meknès,Café sans nom,Café,Formel,Café sans nom,33.9977767,-5.0538521,icons/cafe.png,OSM
Fès-Meknès,Café luna(fermé),Café,Formel,Café luna(fermé),33.9977286,-5.054028,icons/cafe.png,OSM
Fès-Meknès,Café Classico,Café,Formel,Café Classico,33.9970796,-5.0560216,icons/cafe.png,OSM
Fès-Meknès,Café (cheche),Café,Formel,Café (cheche),33.9971626,-5.0557535,icons/cafe.png,OSM
Fès-Meknès,Café hay Nassim,Café,Formel,Café hay Nassim,33.9960445,-5.0598679,icons/cafe.png,OSM
Fès-Meknès,Café Ikhriy,Café,Formel,Hay Griyou Zouagha Haute,34.0174008,-5.0287657,icons/cafe.png,OSM
Fès-Meknès,Café golden Rose,Café,Formel,Café golden Rose,33.9976444,-5.0581787,icons/cafe.png,OSM
Fès-Meknès,Boulanger,Boulangerie,Formel,Boulanger,33.9958304,-5.0574074,icons/bakery.png,OSM
Fès-Meknès,Pharmacie Fahmi صيدلية فهمي,Parapharmacie,Formel,"Hay Griyou Zouagha Haute, Fès",34.0170581,-5.0296466,icons/pharmacy.png,OSM
Fès-Meknès,Café Roma,Café,Formel,Lotis Basma Hay Massira,33.9928564,-5.0623448,icons/cafe.png,OSM
Fès-Meknès,Ramroumi Mohamed Épicier,Supérette / Mini-market,Formel,Hay Nassim Bloc E 3,33.9936256,-5.0604886,icons/convenience.png,OSM
Fès-Meknès,Café Malaysia,Café,Formel,Lotis Basma Hay Massira,33.9935208,-5.0625415,icons/cafe.png,OSM
Fès-Meknès,Café Berkane,Café,Formel,Lotis Al omrane Hay Massira,33.9944474,-5.0629731,icons/cafe.png,OSM
Fès-Meknès,Café ICHBILIA,Café,Formel,Hay Griyou Zouagha Haute,34.0162282,-5.0305475,icons/cafe.png,OSM
Fès-Meknès,Pharmacie Ayoub صيدلية أيوب سيد الهادي,Parapharmacie,Formel,"Hay Griyou Zouagha Haute, Fès",34.0153361,-5.031363,icons/pharmacy.png,OSM
Fès-Meknès,Café AL FATH,Café,Formel,Hay Griyou Zouagha Haute,34.0161773,-5.0305675,icons/cafe.png,OSM
Fès-Meknès,Café les frères,Café,Formel,Café les frères,33.9958839,-5.0548502,icons/cafe.png,OSM
Fès-Meknès,Café Miramas,Café,Formel,Hay Griyou Zouagha Haute,34.0140806,-5.030338,icons/cafe.png,OSM
Fès-Meknès,Café Yasmine,Café,Formel,Café Yasmine,33.9980745,-5.0534536,icons/cafe.png,OSM
Fès-Meknès,Café Abramo,Café,Formel,Lotis Basma Hay Massira,33.9922627,-5.0619583,icons/cafe.png,OSM
Fès-Meknès,Café Ghita,Café,Formel,Hay Jadid Zouagha Haute,34.0164996,-5.0310175,icons/cafe.png,OSM
Fès-Meknès,Café Angad,Café,Formel,Lotis Basma Hay Massira,33.9919972,-5.0618487,icons/cafe.png,OSM
Fès-Meknès,Snack,Restaurant,Formel,Hay Griyou Zouagha Haute,34.016609,-5.031243,icons/restaurant.png,OSM
Fès-Meknès,Café Ghandour,Café,Formel,Hay Griyou Zouagha Haute,34.0167691,-5.0314948,icons/cafe.png,OSM
Fès-Meknès,Patisserie,Boulangerie,Formel,Hay Jadid Zouagha Haute,34.0173643,-5.0324064,icons/bakery.png,OSM
Fès-Meknès,Cremerie,Café,Formel,Hay Jadid Zouagha Haute,34.0182685,-5.0333727,icons/cafe.png,OSM
Fès-Meknès,Café El Yassamine,Café,Formel,Hay Jadid Zouagha Haute,34.0179775,-5.0335692,icons/cafe.png,OSM
Fès-Meknès,Accessoires Harim Soltane,Café,Formel,Hay Jadid Zouagha Haute,34.0171751,-5.0332209,icons/cafe.png,OSM
Fès-Meknès,Local Fermé,Café,Formel,Hay Jadid Zouagha Haute,34.0169753,-5.0331491,icons/cafe.png,OSM
Fès-Meknès,Cremerie,Café,Formel,Hay Griyou Zouagha Haute,34.0143819,-5.0306912,icons/cafe.png,OSM
Fès-Meknès,Café Abdelali,Café,Formel,Hay Massira Bloc A,33.9918855,-5.0613701,icons/cafe.png,OSM
Fès-Meknès,Café Najmat,Café,Formel,Hay Jadid Zouagha Haute,34.0164216,-5.0328135,icons/cafe.png,OSM
Fès-Meknès,Café Dalya,Café,Formel,Café Dalya,33.9996403,-5.0541271,icons/cafe.png,OSM
Fès-Meknès,Café Al Basma,Café,Formel,Lotis Basma Hay Massira Rue 15,33.9917211,-5.0626029,icons/cafe.png,OSM
Fès-Meknès,Snack,Restaurant,Formel,Snack,33.9992297,-5.0554084,icons/restaurant.png,OSM
Fès-Meknès,Laiterie,Café,Formel,Hay Jdid Zouagha Haute,34.0180011,-5.0334433,icons/cafe.png,OSM
Fès-Meknès,Snack Bismillah,Restaurant,Formel,Hay Jadid Zouagha Haute,34.0181257,-5.0336276,icons/restaurant.png,OSM
Fès-Meknès,Café Amal,Café,Formel,Hay Jadid Zouagha Haute,34.0180157,-5.0335853,icons/cafe.png,OSM
Fès-Meknès,Laiterie Snack,Café,Formel,Hay Jadid Zouagha Haute,34.018349,-5.0337239,icons/cafe.png,OSM
Fès-Meknès,Café,Café,Formel,Hay Jadid Zouagha Haute,34.0185143,-5.033813,icons/cafe.png,OSM
Fès-Meknès,Épicier,Supérette / Mini-market,Formel,Lotis Massira C2,33.9912365,-5.0624857,icons/convenience.png,OSM
Fès-Meknès,Zouine Sellam Épicier,Supérette / Mini-market,Formel,Lotis Massira C2,33.9913184,-5.0621777,icons/convenience.png,OSM
Fès-Meknès,Café jawhara khadrae,Café,Formel,Lotis Massira C 2,33.9912377,-5.0614929,icons/cafe.png,OSM
Fès-Meknès,Restaurant Amana,Restaurant,Formel,Hay Jadid Zouagha Haute,34.0186462,-5.033883,icons/restaurant.png,OSM
Fès-Meknès,Cafe Mouhcine,Café,Formel,Hay Jadid Zouagha Haute,34.0187241,-5.0339264,icons/cafe.png,OSM
Fès-Meknès,Cremerie Bouadel,Café,Formel,Hay Jadid Zouagha Haute,34.0189443,-5.0341746,icons/cafe.png,OSM
Fès-Meknès,Café Rida,Café,Formel,Hay Jadid Zouagha Haute,34.0188861,-5.0341154,icons/cafe.png,OSM
Fès-Meknès,Café Ibiza Plaza,Café,Formel,Avenue des Forces Armées Royales,34.0406323,-5.0148016,icons/cafe.png,OSM
Fès-Meknès,Nassiri Saad Snack Laaz,Restaurant,Formel,Hay Nassim Lotis Massira Resid 6 A,33.993841,-5.059297,icons/restaurant.png,OSM
Fès-Meknès,Café Pizzeria La Belle Ville,Café,Formel,Route Ain Chkef,34.0132124,-5.0033944,icons/cafe.png,OSM
Fès-Meknès,Café Nice,Café,Formel,Hay Riad Sais,34.013902,-4.9619885,icons/cafe.png,OSM
Fès-Meknès,Patisserie,Boulangerie,Formel,Hay Jadid Zouagha Haute,34.017509,-5.0332086,icons/bakery.png,OSM
Fès-Meknès,Patisserie (Chabakia),Boulangerie,Formel,Hay Jadid Zouagha Haute,34.0172546,-5.0330908,icons/bakery.png,OSM
Fès-Meknès,Laiterie Azhar,Café,Formel,Hay Jadid Zouagha Haute,34.017024,-5.0329741,icons/cafe.png,OSM
Fès-Meknès,Pharmacie Basma,Parapharmacie,Formel,Hay Jadid Zouagha Haute,34.0173431,-5.0331285,icons/pharmacy.png,OSM
Fès-Meknès,Chihab El Iyachi Cremerie,Café,Formel,Lotis Massira C 2,33.9911875,-5.06114,icons/cafe.png,OSM
Fès-Meknès,Café El Mardi,Café,Formel,Hay Jadid Zouagha Haute,34.014834,-5.0329556,icons/cafe.png,OSM
Fès-Meknès,Laiterie,Café,Formel,Hay Jadid Zouagha Haute,34.0145059,-5.0333721,icons/cafe.png,OSM
Fès-Meknès,Café Joe Verson,Café,Formel,Zouaghat Haut,34.0144299,-5.0335882,icons/cafe.png,OSM
Fès-Meknès,Café Havana,Café,Formel,Café Havana,33.9984629,-5.0583155,icons/cafe.png,OSM
Fès-Meknès,Chelghami Lahcen Cremerie,Café,Formel,Lotis Massira C2,33.9910188,-5.0599691,icons/cafe.png,OSM
Fès-Meknès,Pharmacie Annamae صيدلية النماء,Parapharmacie,Formel,Fès,33.9986675,-5.0577644,icons/pharmacy.png,OSM
Fès-Meknès,Café Al Akhawayn,Café,Formel,Hay Jadid Zouagha Haute,34.0152219,-5.0336454,icons/cafe.png,OSM
Fès-Meknès,Épicier,Supérette / Mini-market,Formel,Lotis Massira C2,33.9909821,-5.0597046,icons/convenience.png,OSM
Fès-Meknès,Café Annamae,Café,Formel,Café Annamae,33.9987485,-5.0575146,icons/cafe.png,OSM
Fès-Meknès,Cafe AL FATH,Café,Formel,Hay Jadid Zouagha Haute,34.0162311,-5.0350549,icons/cafe.png,OSM
Fès-Meknès,Café Al Houda,Café,Formel,Hay Jadid Zouagha Haute,34.0177053,-5.0351541,icons/cafe.png,OSM
Fès-Meknès,Café Milano,Café,Formel,Lot Mabrouka Zouagha Haute,34.0210268,-5.0354819,icons/cafe.png,OSM
Fès-Meknès,Pharmacie la Ferraille صيدلية لافيراي,Parapharmacie,Formel,Fès,33.999834,-5.0540763,icons/pharmacy.png,OSM
Fès-Meknès,Café sans nom,Café,Formel,Lotis Moustakbal Hay Massira,33.9945179,-5.0569661,icons/cafe.png,OSM
Fès-Meknès,Ocafe,Café,Formel,Ocafe,33.9000809,-5.5438578,icons/cafe.png,OSM
Fès-Meknès,Pharmacie le Coin صيدلية الركن,Parapharmacie,Formel,"Hay Jdid Zouagha Haute, Fès",34.012893,-5.0331652,icons/pharmacy.png,OSM
Fès-Meknès,Café Place D'Or,Café,Formel,Lot Mabrouka Zouagha Haute,34.0219446,-5.0359854,icons/cafe.png,OSM
Fès-Meknès,Café Tazi,Café,Formel,Rue Sanabil Zouagha Haute,34.0234319,-5.0366524,icons/cafe.png,OSM
Fès-Meknès,Cremerie Tazi,Café,Formel,BVD Sanabil Zouagha Haute,34.0233094,-5.0365779,icons/cafe.png,OSM
Fès-Meknès,Café sans nom,Café,Formel,BVD Sanabil Zouagha Haute,34.022936,-5.0363803,icons/cafe.png,OSM
Fès-Meknès,Epicier en gros,Supérette / Mini-market,Formel,BVD Sanabil Zouagha Haute,34.0231157,-5.0364633,icons/convenience.png,OSM
Fès-Meknès,Café Sanabil,Café,Formel,BVD Sanabil Zouagha Haute,34.0228263,-5.0363439,icons/cafe.png,OSM
Fès-Meknès,Parapharmacie Zouagha Bensouda,Parapharmacie,Formel,"BVD Sanabil Zouagha Haute, فاس",34.022703,-5.0362795,icons/pharmacy.png,OSM
Fès-Meknès,Salle de jeux,Café,Formel,BVD Zouagha Haute,34.0222421,-5.0360033,icons/cafe.png,OSM
Fès-Meknès,Café Zouhour,Café,Formel,BVD Sanabil Zouagha Haute,34.0219348,-5.0358139,icons/cafe.png,OSM
Fès-Meknès,Café Les Amis,Café,Formel,BVD Sanabil Zouagha Haute,34.0217222,-5.0356909,icons/cafe.png,OSM
Fès-Meknès,Pizza Al Madina Mounawara,Restaurant,Formel,BVD Sanabil Zouagha Haute,34.0214125,-5.0354966,icons/restaurant.png,OSM
Fès-Meknès,Café Panorama,Café,Formel,BVD Sanabil Zouagha Haute,34.0210613,-5.0353073,icons/cafe.png,OSM
Fès-Meknès,Pharmacie Sanabil صيدلية السنابل,Parapharmacie,Formel,"BVD Sanabil Zouagha Haute, Fès",34.021261,-5.03528,icons/pharmacy.png,OSM
Fès-Meknès,Patisserie Ayoub,Boulangerie,Formel,BVD Sanabil Zouagha Haute,34.0211536,-5.0353661,icons/bakery.png,OSM
Fès-Meknès,Laiterie,Café,Formel,BVD Sanabil Zouagha Haute,34.0210266,-5.0352871,icons/cafe.png,OSM
Fès-Meknès,Café Al Jaziras,Café,Formel,BVD Sanabil Zouagha Haute,34.0200112,-5.0348145,icons/cafe.png,OSM
Fès-Meknès,Laiterie,Café,Formel,BVD Sanabil Zouagha Haute,34.0199854,-5.0348083,icons/cafe.png,OSM
Fès-Meknès,Café Istanboul,Café,Formel,BVD Sanabil Zouagha Haute,34.0197137,-5.0347202,icons/cafe.png,OSM
Fès-Meknès,Café Sinizia,Café,Formel,BVD Sanabil Zouagha Haute,34.0193071,-5.0343124,icons/cafe.png,OSM
Fès-Meknès,Laiterie,Café,Formel,BVD Sanabil Zouagha Haute,34.0194308,-5.0344194,icons/cafe.png,OSM
Fès-Meknès,Café Essarai,Café,Formel,BVD Sanabil Zouagha Haute,34.0191616,-5.0341323,icons/cafe.png,OSM
Fès-Meknès,Epicier بقال,Supérette / Mini-market,Formel,Bloc C Zouagha Haute,34.0190084,-5.0339489,icons/convenience.png,OSM
Fès-Meknès,Café Salam,Café,Formel,Bloc C Zouagha Haute,34.018821,-5.0337506,icons/cafe.png,OSM
Fès-Meknès,Café Jaouhate Zouagha,Café,Formel,Bloc C Zouagha Haute,34.0187626,-5.033703,icons/cafe.png,OSM
Fès-Meknès,Cremerie,Café,Formel,Bloc C Zouagha Haute,34.0189306,-5.0338557,icons/cafe.png,OSM
Fès-Meknès,Epicier بقال,Supérette / Mini-market,Formel,Bloc C Zouagha Haute,34.0182551,-5.0332049,icons/convenience.png,OSM
Fès-Meknès,Café Narjissia,Café,Formel,Bloc C Zouagha Haute,34.0177941,-5.0322936,icons/cafe.png,OSM
Fès-Meknès,Epicier et Tabac,Supérette / Mini-market,Formel,Lot Mabrouka Zouagha Haute,34.0173951,-5.0320968,icons/convenience.png,OSM
Fès-Meknès,Epicier بقال,Supérette / Mini-market,Formel,Lot Mabrouka Zouagha Haute,34.0170755,-5.031685,icons/convenience.png,OSM
Fès-Meknès,Café Marjanat,Café,Formel,Bloc C Zouagha Haute fes,34.0205992,-5.0350483,icons/cafe.png,OSM
Fès-Meknès,Patisserie,Boulangerie,Formel,Hay Griyou Zouagha Haute,34.0171366,-5.0299181,icons/bakery.png,OSM
Fès-Meknès,Epicier بقال,Supérette / Mini-market,Formel,Hay Griyou Zouagha Haute,34.0173445,-5.0292405,icons/convenience.png,OSM
Fès-Meknès,Laiterie,Café,Formel,Hay Griyou Zouagha Haute,34.0174024,-5.0290931,icons/cafe.png,OSM
Fès-Meknès,Vente du Pain,Boulangerie,Formel,Hay Griyou Zouagha Haute,34.0174486,-5.0289601,icons/bakery.png,OSM
Fès-Meknès,Café Venezia,Café,Formel,Hay Griyou Zouagha Haute,34.0174943,-5.0288259,icons/cafe.png,OSM
Fès-Meknès,Epicier بقال,Supérette / Mini-market,Formel,Hay Griyou Zouagha Haute,34.0176507,-5.0283416,icons/convenience.png,OSM
Fès-Meknès,Laiterie,Café,Formel,Hay Griyou Zouagha Haute,34.0176905,-5.0282346,icons/cafe.png,OSM
Fès-Meknès,Café Lacassa,Café,Formel,Hay Griyou Zouagha Haute,34.0177199,-5.0281072,icons/cafe.png,OSM
Fès-Meknès,Café Rif,Café,Formel,Hay Griyou Zouagha Haute,34.0178126,-5.0278114,icons/cafe.png,OSM
Fès-Meknès,Laiterie Azhar,Café,Formel,Zouagha Haute,34.0179871,-5.0274486,icons/cafe.png,OSM
Fès-Meknès,Café Al Fath,Café,Formel,Rue lalla soukaina,34.0182648,-5.0268627,icons/cafe.png,OSM
Fès-Meknès,Epicier بقال,Supérette / Mini-market,Formel,Hay Griyou Zouagha Haute,34.0181045,-5.0271732,icons/convenience.png,OSM
Fès-Meknès,Cremerie,Café,Formel,Rue lalla soukaina,34.0182777,-5.0268368,icons/cafe.png,OSM
Fès-Meknès,Laiterie,Café,Formel,Rue lalla soukaina,34.0188656,-5.0260431,icons/cafe.png,OSM
Fès-Meknès,Café Manar,Café,Formel,Lotis Nassim Hay Massira G 5,33.9922483,-5.0595123,icons/cafe.png,OSM
Fès-Meknès,Cremerie Atlas,Café,Formel,Mosquée Massira,33.9919243,-5.0589703,icons/cafe.png,OSM
Fès-Meknès,Bismillah,Restaurant,Formel,Mosquée Massira,33.9919927,-5.0589516,icons/restaurant.png,OSM
Fès-Meknès,Laitière El Baraka,Café,Formel,Lotis Nassim Hay Massira Bloc D 1,33.9933074,-5.0592567,icons/cafe.png,OSM
Fès-Meknès,Chtioui Aziz Laitière Salam,Café,Formel,Lotis Nassim Hay Massira Bloc B 2,33.9931006,-5.0589806,icons/cafe.png,OSM
Fès-Meknès,Ahmed Épicier,Supérette / Mini-market,Formel,Lotis Nassim Hay Massira Bloc CA 3,33.9935748,-5.0591856,icons/convenience.png,OSM
Fès-Meknès,Café Khayrazad,Café,Formel,Hay Massira Rue 10,33.9906391,-5.0574679,icons/cafe.png,OSM
Fès-Meknès,Épicier,Supérette / Mini-market,Formel,Hay Massira C 2 Bensouda,33.9905928,-5.0571651,icons/convenience.png,OSM
Fès-Meknès,Afroukh Mohamed Café,Café,Formel,Lotis Moustakbal Hay Massira C 2,33.9911963,-5.058108,icons/cafe.png,OSM
Fès-Meknès,Café Jaouharat El Moustakbal,Café,Formel,Lotis Moustakbal Hay Massira,33.9921063,-5.0525657,icons/cafe.png,OSM
Fès-Meknès,Café Kilimanjaro,Café,Formel,Hay Massira C 2,33.9916977,-5.0588343,icons/cafe.png,OSM
Fès-Meknès,Boulangerie et Pâtisserie Massira,Boulangerie,Formel,Hay Massira C 2 Près de Mosquée Massira,33.9918226,-5.0592674,icons/bakery.png,OSM
Fès-Meknès,Épicier,Supérette / Mini-market,Formel,Lotis Nassim Hay Massira Immb D 6,33.9939281,-5.0595533,icons/convenience.png,OSM
Fès-Meknès,Café Texas,Café,Formel,Hay Massira C2 Bensouda,33.9906242,-5.0573615,icons/cafe.png,OSM
Fès-Meknès,Café Fadae El Moustakbal,Café,Formel,Lotis Moustakbal Hay Massira,33.992837,-5.0506387,icons/cafe.png,OSM
Fès-Meknès,Café Reda Mkassi Youssef,Café,Formel,Hay Massira C 2,33.9915086,-5.0590072,icons/cafe.png,OSM
Fès-Meknès,Nassiri Saad Laitière Laaz,Café,Formel,Lotis Nassim Hay Massira Bloc A 1,33.9933723,-5.0591015,icons/cafe.png,OSM
Fès-Meknès,Café Bouvardia,Café,Formel,Lotis Nassim Hay Massira,33.9932174,-5.0590335,icons/cafe.png,OSM
Fès-Meknès,Café Saa Saida,Café,Formel,Lotis Nassim Hay Massira Bloc B 3,33.9931439,-5.0589979,icons/cafe.png,OSM
Fès-Meknès,Café El Mkassi,Café,Formel,C 2 Lotis Massira,33.9912801,-5.0585608,icons/cafe.png,OSM
Fès-Meknès,Café Hawd Jamil,Café,Formel,Hay Massira C 2,33.9914218,-5.0586213,icons/cafe.png,OSM
Fès-Meknès,Café Murcia Boughaba Mohamed et Boughaba Karim,Café,Formel,Lotis Nassim Hay Massira Immb 3 et 5,33.9937176,-5.0594677,icons/cafe.png,OSM
Fès-Meknès,Snack Arrahma,Restaurant,Formel,Lotis Nassim Hay Massira Immb D 6,33.9938603,-5.0595178,icons/restaurant.png,OSM
Fès-Meknès,Café sans nom,Café,Formel,Lotis Nassim Hay Massira Bloc B 1,33.9930306,-5.0589384,icons/cafe.png,OSM
Fès-Meknès,Café El Firdaous,Café,Formel,Hay Massira C 2,33.9915527,-5.058857,icons/cafe.png,OSM
Fès-Meknès,Café Akouas Fes,Café,Formel,Lotis Nassim Hay Massira Bloc 6,33.9924091,-5.0574679,icons/cafe.png,OSM
Fès-Meknès,Snack Zouheir,Restaurant,Formel,Lotis Nassim Hay Massira Immb A 5,33.9937302,-5.0592489,icons/restaurant.png,OSM
Fès-Meknès,Café IGMIR,Café,Formel,Café IGMIR,34.0540961,-4.9894895,icons/cafe.png,OSM
Fès-Meknès,Alla oui,Café,Formel,Alla oui,34.0578787,-4.9907795,icons/cafe.png,OSM
Fès-Meknès,Dar Le 44,Café,Formel,Dar Le 44,34.063194,-4.9828671,icons/cafe.png,OSM
Fès-Meknès,cafe ART COFFEE,Café,Formel,Rue Lalla Amina,34.035495,-5.0086064,icons/cafe.png,OSM
Fès-Meknès,Café De molen,Café,Formel,Avenue Allal Ben Abdallah شارع علال بن عبد الله,34.0355086,-5.0044196,icons/cafe.png,OSM
Fès-Meknès,Café Delices,Café,Formel,Avenue Allal Ben Abdallah شارع علال بن عبد الله,34.0341211,-5.0054922,icons/cafe.png,OSM
Fès-Meknès,Café El Alami,Café,Formel,Avenue Mohammed VI,34.0235373,-5.0277328,icons/cafe.png,OSM
Fès-Meknès,Epicier بقال,Supérette / Mini-market,Formel,Lot Khadija Zouagha Haute,34.023105,-5.0292214,icons/convenience.png,OSM
Fès-Meknès,Pharmacie Dar Es-Salam صيدلية دار السلام,Parapharmacie,Formel,"Lot Mhamdia Zouagha Haute, Fès",34.0232632,-5.0287799,icons/pharmacy.png,OSM
Fès-Meknès,Restaurant sans nom,Restaurant,Formel,Lot Khadija Zouagha Haute,34.0231902,-5.0289608,icons/restaurant.png,OSM
Fès-Meknès,Café Marssillia ( Local Fermé ),Café,Formel,Hay Fath Zouagha Haute,34.0207085,-5.0305214,icons/cafe.png,OSM
Fès-Meknès,Parapharmacie Al Fath,Parapharmacie,Formel,Hay Fath Zouagha Haute,34.0220159,-5.0315994,icons/pharmacy.png,OSM
Fès-Meknès,Laiterie Amal,Café,Formel,Bloc B Zouagha Haute,34.0216106,-5.0328774,icons/cafe.png,OSM
Fès-Meknès,Snack Al Fath,Restaurant,Formel,Hay Fath Zouagha Haute,34.0230196,-5.0288297,icons/restaurant.png,OSM
Fès-Meknès,Cremerie Al Fath,Café,Formel,Lot Al Fath Zouagha Haute,34.02264,-5.0321241,icons/cafe.png,OSM
Fès-Meknès,Pharmacie Addoha صيدلية الضحى,Parapharmacie,Formel,"Bloc B Zouagha Haute, Fès فاس",34.0237733,-5.0322943,icons/pharmacy.png,OSM
Fès-Meknès,Restaurant sans nom,Restaurant,Formel,Bloc B Zouagha Haute,34.0243312,-5.0354319,icons/restaurant.png,OSM
Fès-Meknès,Patisserie Nour,Boulangerie,Formel,Bloc B Zouagha Haute,34.0242738,-5.0353909,icons/bakery.png,OSM
Fès-Meknès,Epicier et tabac,Supérette / Mini-market,Formel,Bloc B Zouagha 6,34.0243259,-5.035311,icons/convenience.png,OSM
Fès-Meknès,Parapharmacie Fadae Aceha,Parapharmacie,Formel,Bloc B Zouagha Haute,34.0240907,-5.0352197,icons/pharmacy.png,OSM
Fès-Meknès,Epicier بقال,Supérette / Mini-market,Formel,Bloc B Zouagha Haute,34.0237448,-5.0344551,icons/convenience.png,OSM
Fès-Meknès,Café Al Jaouabir,Café,Formel,Hay Jdid Zouagha Haute,34.019046,-5.0359959,icons/cafe.png,OSM
Fès-Meknès,Laiterie,Café,Formel,Hay Griyou Zouagha Haute,34.0191347,-5.0374919,icons/cafe.png,OSM
Fès-Meknès,Pharmacie Oum El Koura صيدلية أم القرى,Parapharmacie,Formel,"Hay Jdid Zouagha Haute, Fès",34.0184753,-5.0364946,icons/pharmacy.png,OSM
Fès-Meknès,Café Agdal,Café,Formel,Hay Sidi Lhadi Zouagha Haute,34.0204183,-5.038157,icons/cafe.png,OSM
Fès-Meknès,Café Essalam,Café,Formel,Sidi Lhadi Zouagha Haute,34.0216787,-5.0372633,icons/cafe.png,OSM
Fès-Meknès,Laiterie Les Amis,Café,Formel,Hay Sidi Lhadi Zouagha Haute,34.0217453,-5.0372957,icons/cafe.png,OSM
Fès-Meknès,Café Fassi Pool,Café,Formel,Hay Sidi Lhadi Zouagha Houte,34.0218571,-5.0373769,icons/cafe.png,OSM
Fès-Meknès,Café Raha,Café,Formel,Hay Sidi Lhadi Zouagha Haute,34.0219767,-5.0374578,icons/cafe.png,OSM
Fès-Meknès,Café Ikhwane Belhsane,Café,Formel,Lotis Moustakbal Hay Massira,33.9918403,-5.0558971,icons/cafe.png,OSM
Fès-Meknès,Café Alouane,Café,Formel,Lotis Moustakbal Hay Massira,33.9917225,-5.0559212,icons/cafe.png,OSM
Fès-Meknès,Café Al Houria,Café,Formel,Lotis Moustakbal Hay Massira,33.9915585,-5.0559362,icons/cafe.png,OSM
Fès-Meknès,Café sans nom,Café,Formel,Lotis Arset Zitoune Doha G H 2,33.9882342,-5.0417371,icons/cafe.png,OSM
Fès-Meknès,Cremerie,Café,Formel,Hay Sidi Lhadi Zouagha Haute,34.021335,-5.0376059,icons/cafe.png,OSM
Fès-Meknès,Pharmacie Al Farouk صيدلية الفاروق,Parapharmacie,Formel,"Hay Sidi Lhadi Zouagha Haute, Fès",34.0203423,-5.0385293,icons/pharmacy.png,OSM
Fès-Meknès,Café Astouria,Café,Formel,Hay Sidi Lhadi Zouagha Haute,34.0190529,-5.0401475,icons/cafe.png,OSM
Fès-Meknès,Café Facandia,Café,Formel,Hay Griyou Zouagha Haute,34.0187094,-5.0413565,icons/cafe.png,OSM
Fès-Meknès,Pharmacie Sidi El Hadi صيدلية سيدي الهادي,Parapharmacie,Formel,"Hay Sidi El Hadi, Fès",34.0183742,-5.0407606,icons/pharmacy.png,OSM
Fès-Meknès,Cremerie Al Karam,Café,Formel,Hay Sidi Lhadi Zouagha Haute,34.0176433,-5.0406527,icons/cafe.png,OSM
Fès-Meknès,Epicier بقال,Supérette / Mini-market,Formel,Lot Adouha Zouagha Haute,34.0141439,-5.0438026,icons/convenience.png,OSM
Fès-Meknès,Cremerie Adouha,Café,Formel,Lot Doha Zouagha Haute,34.0141017,-5.0439842,icons/cafe.png,OSM
Fès-Meknès,Café,Café,Formel,Lot Adouha Zouagha Haute,34.0142179,-5.0435916,icons/cafe.png,OSM
Fès-Meknès,Pharmacie Al Khattabi صيدلية الخطابي,Parapharmacie,Formel,"Lot Adouha Zouagha Haute, Fès",34.0139363,-5.0434335,icons/pharmacy.png,OSM
Fès-Meknès,Laiterie,Café,Formel,Lot Adouha Zouagha Haute,34.0140461,-5.0432886,icons/cafe.png,OSM
Fès-Meknès,Cremerie,Café,Formel,Lot Adouha Zouagha Haute,34.0142859,-5.0433889,icons/cafe.png,OSM
Fès-Meknès,Pharmacie des Roches صيدلية الصخور,Parapharmacie,Formel,Fès,33.9948567,-5.0078415,icons/pharmacy.png,OSM
Fès-Meknès,Legumier,Épicerie,Informel,Rue lalla soukaina,34.0188097,-5.0261377,icons/greengrocer.png,OSM
Fès-Meknès,Pharmacie badr,Parapharmacie,Formel,Pharmacie badr,34.219909,-5.7067688,icons/pharmacy.png,OSM
Fès-Meknès,Boutique de confiserie sans nom,Boutique de confiserie,Informel,Boutique de confiserie sans nom,34.0241287,-5.0157961,icons/confectionery.png,OSM
Fès-Meknès,Epicier بقال,Supérette / Mini-market,Formel,Route Aïn Smen طريق عين السمن,34.0070753,-5.0325963,icons/convenience.png,OSM
Fès-Meknès,Café Coin Ambra,Café,Formel,Lot Ambra Zouagha Haute,34.0086413,-5.0336239,icons/cafe.png,OSM
Fès-Meknès,Cremerie El Jaouhara,Café,Formel,Lot Ambra Zouagha Haute,34.0082249,-5.03306,icons/cafe.png,OSM
Fès-Meknès,Snack Hbib Alah,Restaurant,Formel,Hay Jdid Zouagha Haute,34.0154522,-5.0360822,icons/restaurant.png,OSM
Fès-Meknès,Epicier بقال,Supérette / Mini-market,Formel,Lot Ambra Zouagha Haute,34.014897,-5.0366731,icons/convenience.png,OSM
Fès-Meknès,Café Rifi,Café,Formel,Lot Ambra Zouagha Haute,34.0147032,-5.0365517,icons/cafe.png,OSM
Fès-Meknès,Laiterie Quods,Café,Formel,Lot Ambra Zouagha Haute,34.0149975,-5.0367052,icons/cafe.png,OSM
Fès-Meknès,Café Al Hadath,Café,Formel,Lot Ambra Zouagha Haute,34.0149691,-5.0369228,icons/cafe.png,OSM
Fès-Meknès,Cremerie Yassmine,Café,Formel,Hay Jdid Zouagha Haute,34.0149033,-5.0353164,icons/cafe.png,OSM
Fès-Meknès,Café Arco Blanco,Café,Formel,Lot Ambra Zouagha Haute,34.0127202,-5.0375215,icons/cafe.png,OSM
Fès-Meknès,Café Manarat Sais,Café,Formel,Lot Adouha Zouagha Haute,34.0118891,-5.0403395,icons/cafe.png,OSM
Fès-Meknès,Cremerie,Café,Formel,Lot Adouha Zouagha Haute,34.0128756,-5.0408473,icons/cafe.png,OSM
Fès-Meknès,Café,Café,Formel,Lot Adouha Zouagha Haute,34.0142743,-5.0409535,icons/cafe.png,OSM
Fès-Meknès,Cremerie Salam,Café,Formel,Lot Adouha Zouagha Haute,34.0154433,-5.0415411,icons/cafe.png,OSM
Fès-Meknès,Local Fermé,Café,Formel,Lot Adouha Zouagha Haute,34.0148607,-5.0420236,icons/cafe.png,OSM
Fès-Meknès,Café Monde Alfirdaous,Café,Formel,Lot Adouha Zouagha Haute,34.0122658,-5.0432127,icons/cafe.png,OSM
Fès-Meknès,Café Terminé,Café,Formel,Lot Ambra Zouagha Haute,34.0099503,-5.0362125,icons/cafe.png,OSM
Fès-Meknès,Epicier بقال,Supérette / Mini-market,Formel,Lot Adouha Zouagha Haute,34.012318,-5.0430151,icons/convenience.png,OSM
Fès-Meknès,Crémerie,Café,Formel,Lot Adouha Zouagha Haute,34.0128665,-5.0400915,icons/cafe.png,OSM
Fès-Meknès,Pharmacie Sagha صيدلية الصاغة,Parapharmacie,Formel,Fès,34.066239,-4.9748059,icons/pharmacy.png,OSM
Fès-Meknès,Cremerie,Café,Formel,Lot Adouha Zouagha Haute,34.0143756,-5.0416782,icons/cafe.png,OSM
Fès-Meknès,Epicier بقال,Supérette / Mini-market,Formel,Lot Adouha Zouagha Haute,34.0144148,-5.0417991,icons/convenience.png,OSM
Fès-Meknès,Restaurant el khmissa,Restaurant,Formel,Fes Médina talaa el kbira,34.0635582,-4.9816949,icons/restaurant.png,OSM
Fès-Meknès,Café barcelona,Café,Formel,"Rue Talaâ Kbira الطالعة الكبيرة, Fes Médina",34.0633263,-4.9816885,icons/cafe.png,OSM
Fès-Meknès,Pavilon des Idrissides,Café,Formel,Place El-Hedim,33.8930713,-5.5646934,icons/cafe.png,OSM
Fès-Meknès,San Gusto,Restaurant,Formel,talaa el kbira derb ben salem,34.0626939,-4.9826801,icons/restaurant.png,OSM
Fès-Meknès,Restaurant de famille maimonid,Restaurant,Formel,talaa el kbira derb molay abdelmalek,34.0626767,-4.9830369,icons/restaurant.png,OSM
Fès-Meknès,Café fassi,Café,Formel,"Rue Talâa Saghira, Fes Médina",34.0617159,-4.9834077,icons/cafe.png,OSM
Fès-Meknès,Restaurant Guenoune Chez Said,Restaurant,Formel,"Rue Talâa Saghira, Fes Médina",34.0617543,-4.9836251,icons/restaurant.png,OSM
Fès-Meknès,Buoayad,Restaurant,Formel,"Bab Boujloud باب بوجلود, Fes Médina",34.0617635,-4.9837456,icons/restaurant.png,OSM
Fès-Meknès,Kasbah de Fes,Restaurant,Formel,"Rue Serrajine, Fes Médina",34.0618907,-4.9837753,icons/restaurant.png,OSM
Fès-Meknès,Jawharaz Bab Boujloud,Café,Formel,Fes Médina boujloud,34.0617059,-4.9839501,icons/cafe.png,OSM
Fès-Meknès,Chez Hakim,Restaurant,Formel,"Rue El Barid, Fes Médina",34.0614156,-4.9829525,icons/restaurant.png,OSM
Fès-Meknès,Restaurant Mezzanine,Restaurant,Formel,fes medina derb bab boujloud,34.060845,-4.9843387,icons/restaurant.png,OSM
Fès-Meknès,Restaurant Terrace,Restaurant,Formel,Fes Médina bab boujloud,34.0613693,-4.9840345,icons/restaurant.png,OSM
Fès-Meknès,Café sans nom,Café,Formel,Café sans nom,34.0640911,-4.9769579,icons/cafe.png,OSM
Fès-Meknès,Café restaurant El Kimissa,Restaurant,Formel,Café restaurant El Kimissa,34.0636552,-4.9814343,icons/restaurant.png,OSM
Fès-Meknès,Chicken 20 dirhams,Restaurant,Formel,Chicken 20 dirhams,33.8991665,-5.5481918,icons/restaurant.png,OSM
Fès-Meknès,Café Toni Club,Café,Formel,rue al7adika,34.0571057,-5.0269683,icons/cafe.png,OSM
Fès-Meknès,Restaurant africain Kibunu مطعم أفريقي,Restaurant,Formel,Avenue Miaarage Narjiss Al Amal,34.0105196,-4.9666097,icons/restaurant.png,OSM
Fès-Meknès,Café Yakout,Café,Formel,Route Aïn Smen طريق عين السمن,34.0097586,-5.0278287,icons/cafe.png,OSM
Fès-Meknès,Cremerie Mou,Café,Formel,Route Aïn Smen طريق عين السمن,34.0097373,-5.0271438,icons/cafe.png,OSM
Fès-Meknès,Café OMI,Café,Formel,Lot Ambra 2 Zouagha Haute,34.0096029,-5.0353205,icons/cafe.png,OSM
Fès-Meknès,Snack,Restaurant,Formel,Lot Adouha Zouagha Haute,34.0126276,-5.0433264,icons/restaurant.png,OSM
Fès-Meknès,Café Sahara,Café,Formel,AV Bassatin Bloc C Zouagha Haute,34.0230632,-5.0364307,icons/cafe.png,OSM
Fès-Meknès,Café Habib Allah,Café,Formel,Hay Jdid Zouagha Haute,34.0129809,-5.033253,icons/cafe.png,OSM
Fès-Meknès,Café Le Six,Café,Formel,Boulevard Mohamed VI,34.0184284,-5.0214017,icons/cafe.png,OSM
Fès-Meknès,le 44,Restaurant,Formel,derb ben salem talaa kbira fes medina,34.0628664,-4.9829268,icons/restaurant.png,OSM
Fès-Meknès,Café Yassmin,Café,Formel,Boulevard des Merinides,34.0700342,-4.9690878,icons/cafe.png,OSM
Fès-Meknès,Café Étoile Medina,Café,Formel,Boulevard des Merinides,34.0703904,-4.9691065,icons/cafe.png,OSM
Fès-Meknès,Café Zina,Café,Formel,Boulevard des Merinides,34.0704869,-4.9690961,icons/cafe.png,OSM
Fès-Meknès,Café Levule,Café,Formel,Boulevard des Merinides,34.0707847,-4.9690501,icons/cafe.png,OSM
Fès-Meknès,Café BILAL,Café,Formel,Boulevard des Merinides,34.0711664,-4.9686057,icons/cafe.png,OSM
Fès-Meknès,Café El Fath,Café,Formel,Boulevard des Merinides,34.0708559,-4.9682017,icons/cafe.png,OSM
Fès-Meknès,Café ZALAGH,Café,Formel,Boulevard des Merinides,34.0706594,-4.9678611,icons/cafe.png,OSM
Fès-Meknès,Café AMBRA PALACE,Café,Formel,Boulevard des Merinides,34.0704886,-4.9671719,icons/cafe.png,OSM
Fès-Meknès,Café El MANZAH,Café,Formel,Boulevard des Merinides,34.0703549,-4.9669609,icons/cafe.png,OSM
Fès-Meknès,Café OPERA,Café,Formel,Boulevard des Merinides,34.0702763,-4.9668008,icons/cafe.png,OSM
Fès-Meknès,Cremerie,Café,Formel,Boulevard des Merinides,34.0700481,-4.9664289,icons/cafe.png,OSM
Fès-Meknès,Café DAKHLA,Café,Formel,Boulevard des Merinides,34.0699778,-4.966296,icons/cafe.png,OSM
Fès-Meknès,Snack,Restaurant,Formel,Boulevard des Merinides,34.0698673,-4.9661221,icons/restaurant.png,OSM
Fès-Meknès,Restaurant sans nom,Restaurant,Formel,Restaurant sans nom,34.0292367,-5.005087,icons/restaurant.png,OSM
Fès-Meknès,Café kaoutar riad laymoune,Café,Formel,Café kaoutar riad laymoune,34.0547518,-5.0420258,icons/cafe.png,OSM
Fès-Meknès,Café Rosa,Café,Formel,Café Rosa,34.0517779,-5.0438305,icons/cafe.png,OSM
Fès-Meknès,Café roma termini,Café,Formel,Café roma termini,34.0532718,-5.0404832,icons/cafe.png,OSM
Fès-Meknès,Pharmacie Chifae Arrahmane صيدلية شفاء الرحمان,Parapharmacie,Formel,Fès,34.0516802,-5.0433317,icons/pharmacy.png,OSM
Fès-Meknès,Café riyad El mountazah,Café,Formel,Café riyad El mountazah,34.0520258,-5.0414868,icons/cafe.png,OSM
Fès-Meknès,Cremerie riyad laymoune,Café,Formel,Cremerie riyad laymoune,34.0518514,-5.0434184,icons/cafe.png,OSM
Fès-Meknès,Café Jad,Café,Formel,Café Jad,34.0562809,-5.0370729,icons/cafe.png,OSM
Fès-Meknès,Café Houriat Al Bahr,Café,Formel,Café Houriat Al Bahr,34.0583149,-5.0377019,icons/cafe.png,OSM
Fès-Meknès,Café Bab Tghate,Café,Formel,Café Bab Tghate,34.0588752,-5.0379685,icons/cafe.png,OSM
Fès-Meknès,Café hammioui,Café,Formel,Café hammioui,34.0593473,-5.038864,icons/cafe.png,OSM
Fès-Meknès,Le Numéro 7,Restaurant,Formel,7 zkak rouah fés medina,34.0653719,-4.9778196,icons/restaurant.png,OSM
Fès-Meknès,Café Tarchane,Café,Formel,Café Tarchane,34.0594649,-5.0390665,icons/cafe.png,OSM
Fès-Meknès,Café Fatyou,Café,Formel,Café Fatyou,34.0595949,-5.0393559,icons/cafe.png,OSM
Fès-Meknès,Cafe El Karama,Café,Formel,Boulevard des Merinides,34.0684266,-4.9654041,icons/cafe.png,OSM
Fès-Meknès,Café FARAJ,Café,Formel,Boulevard des Merinides,34.0682857,-4.9654371,icons/cafe.png,OSM
Fès-Meknès,Café L'espoire Palace,Café,Formel,Café L'espoire Palace,34.0529726,-5.0371235,icons/cafe.png,OSM
Fès-Meknès,Café La Belle Vie,Café,Formel,Café La Belle Vie,34.0531049,-5.0371692,icons/cafe.png,OSM
Fès-Meknès,Café Badr,Café,Formel,Boulevard des Merinides,34.0681608,-4.9654438,icons/cafe.png,OSM
Fès-Meknès,Café Fidélité,Café,Formel,Boulevard des Merinides,34.0680498,-4.9654541,icons/cafe.png,OSM
Fès-Meknès,Laiterie,Café,Formel,Boulevard des Merinides,34.0679267,-4.965473,icons/cafe.png,OSM
Fès-Meknès,Café El Boughaz,Café,Formel,Boulevard des Merinides,34.0673612,-4.9656459,icons/cafe.png,OSM
Fès-Meknès,Café Errabie,Café,Formel,Boulevard des Merinides,34.0675406,-4.9656058,icons/cafe.png,OSM
Fès-Meknès,Café Anoual,Café,Formel,Boulevard des Merinides,34.0671984,-4.9656615,icons/cafe.png,OSM
Fès-Meknès,Café Atlanta,Café,Formel,Boulevard des Merinides,34.066993,-4.9654045,icons/cafe.png,OSM
Fès-Meknès,Laiterie Al Jaouda,Café,Formel,Boulevard des Merinides,34.066935,-4.9653196,icons/cafe.png,OSM
Fès-Meknès,Café Tidighine,Café,Formel,Café Tidighine,34.0568647,-5.043594,icons/cafe.png,OSM
Fès-Meknès,Café Disney,Café,Formel,Boulevard des Merinides,34.0668821,-4.9652506,icons/cafe.png,OSM
Fès-Meknès,Café Marrakech,Café,Formel,Boulevard des Merinides,34.0668289,-4.9648611,icons/cafe.png,OSM
Fès-Meknès,Café Camelia,Café,Formel,Boulevard des Merinides,34.0668536,-4.964671,icons/cafe.png,OSM
Fès-Meknès,Snack,Café,Formel,Boulevard des Merinides,34.0668675,-4.9646199,icons/cafe.png,OSM
Fès-Meknès,Café Sindibad,Café,Formel,Boulevard des Merinides,34.067342,-4.9639281,icons/cafe.png,OSM
Fès-Meknès,Laiterie,Café,Formel,Boulevard des Merinides,34.0674095,-4.9636609,icons/cafe.png,OSM
Fès-Meknès,Café Tourat,Café,Formel,Boulevard des Merinides,34.0674071,-4.9634308,icons/cafe.png,OSM
Fès-Meknès,Café Titanic,Café,Formel,Café Titanic,34.0570907,-5.032493,icons/cafe.png,OSM
Fès-Meknès,Snack Ciao Ciao,Restaurant,Formel,Snack Ciao Ciao,34.0573765,-5.0315447,icons/restaurant.png,OSM
Fès-Meknès,Cafe Santa Marina,Café,Formel,Boulevard des Merinides,34.067375,-4.9632613,icons/cafe.png,OSM
Fès-Meknès,Café VALSUGANA,Café,Formel,Boulevard des Merinides,34.0673121,-4.9630787,icons/cafe.png,OSM
Fès-Meknès,Café Medina Palace,Café,Formel,Boulevard des Merinides,34.0672792,-4.9629313,icons/cafe.png,OSM
Fès-Meknès,Cremerie Chabab,Café,Formel,jnane Benkiran jnanate,34.0669755,-4.9615232,icons/cafe.png,OSM
Fès-Meknès,Cremerie,Café,Formel,jnane Benkiran jnanate,34.0671922,-4.9612996,icons/cafe.png,OSM
Fès-Meknès,Café Atlantes,Café,Formel,Café Atlantes,34.0582163,-5.028816,icons/cafe.png,OSM
Fès-Meknès,Café Retaje,Café,Formel,Café Retaje,34.0591787,-5.0256045,icons/cafe.png,OSM
Fès-Meknès,Café Valerosa,Café,Formel,Café Valerosa,34.0594765,-5.0242604,icons/cafe.png,OSM
Fès-Meknès,Pharmacie Jardin de Tghath صيدلية حديقة تغاث,Parapharmacie,Formel,"Avenue Moussa Ben Noussair, Fès",34.0595306,-5.0238346,icons/pharmacy.png,OSM
Fès-Meknès,Café Omega( fermé),Café,Formel,Café Omega( fermé),34.0593799,-5.0247733,icons/cafe.png,OSM
Fès-Meknès,Café Mos (en cour),Café,Formel,Café Mos (en cour),34.0592081,-5.025535,icons/cafe.png,OSM
Fès-Meknès,Café Tawn Haouse( en cour),Café,Formel,Café Tawn Haouse( en cour),34.0594169,-5.0245294,icons/cafe.png,OSM
Fès-Meknès,Café Hadaik chaimae(fermé),Café,Formel,Café Hadaik chaimae(fermé),34.0592291,-5.025489,icons/cafe.png,OSM
Fès-Meknès,Café Charam Cheikh,Café,Formel,Café Charam Cheikh,34.0600624,-5.0219123,icons/cafe.png,OSM
Fès-Meknès,Café La Marche verte,Café,Formel,Café La Marche verte,34.0600839,-5.0216804,icons/cafe.png,OSM
Fès-Meknès,Café Ala Vesta,Café,Formel,Café Ala Vesta,34.0598901,-5.0215705,icons/cafe.png,OSM
Fès-Meknès,Restaurant Capital de Poulet,Restaurant,Formel,Restaurant Capital de Poulet,34.0581359,-5.0209326,icons/restaurant.png,OSM
Fès-Meknès,Café News Times,Café,Formel,Café News Times,34.0603173,-5.0221979,icons/cafe.png,OSM
Fès-Meknès,Café Blue Heaven,Café,Formel,Café Blue Heaven,34.0602548,-5.0224501,icons/cafe.png,OSM
Fès-Meknès,Café Lourosa,Café,Formel,Café Lourosa,34.0599524,-5.0236308,icons/cafe.png,OSM
Fès-Meknès,Café Alizeo,Café,Formel,Café Alizeo,34.0599141,-5.023743,icons/cafe.png,OSM
Fès-Meknès,Café Roma Palace,Café,Formel,Café Roma Palace,34.0598522,-5.023974,icons/cafe.png,OSM
Fès-Meknès,Café Toufah,Café,Formel,Lot Najah Babil Khokha,34.0632433,-4.9597545,icons/cafe.png,OSM
Fès-Meknès,Café LaColoma Blanca,Café,Formel,Café LaColoma Blanca,34.0598062,-5.0241259,icons/cafe.png,OSM
Fès-Meknès,Café Mesk Lil,Café,Formel,Café Mesk Lil,34.0594289,-5.0257781,icons/cafe.png,OSM
Fès-Meknès,Café Assonaa,Café,Formel,Lot Najah Babil khokha,34.0634605,-4.9601026,icons/cafe.png,OSM
Fès-Meknès,Café Royal,Café,Formel,Bab Khoukha,34.0634055,-4.9599725,icons/cafe.png,OSM
Fès-Meknès,Café Lausane,Café,Formel,Café Lausane,34.0579826,-5.0310333,icons/cafe.png,OSM
Fès-Meknès,Café Najah,Café,Formel,Lot Najah Babil Khokha,34.0635843,-4.9603874,icons/cafe.png,OSM
Fès-Meknès,Café Quods,Café,Formel,Lot Najah Babil Khokha,34.0635185,-4.9602452,icons/cafe.png,OSM
Fès-Meknès,Snack Rapide,Restaurant,Formel,Snack Rapide,34.057811,-5.0313547,icons/restaurant.png,OSM
Fès-Meknès,Café Marina,Café,Formel,Café Marina,34.0572689,-5.0329657,icons/cafe.png,OSM
Fès-Meknès,Snack Sirnos,Restaurant,Formel,Snack Sirnos,34.0575392,-5.0320457,icons/restaurant.png,OSM
Fès-Meknès,Café Opera,Café,Formel,Café Opera,34.0574459,-5.0324123,icons/cafe.png,OSM
Fès-Meknès,Café Oued Sebou,Café,Formel,Lot Najah Bab Khokha,34.0636775,-4.9605908,icons/cafe.png,OSM
Fès-Meknès,Snack Bab Madina,Restaurant,Formel,Bab Khoukha,34.0637143,-4.960709,icons/restaurant.png,OSM
Fès-Meknès,Snack TonTon,Restaurant,Formel,Snack TonTon,34.057079,-5.0336066,icons/restaurant.png,OSM
Fès-Meknès,Café Riad,Café,Formel,Lot Najah Bab Khokha,34.0637542,-4.9607979,icons/cafe.png,OSM
Fès-Meknès,Café Planet( fermé),Café,Formel,Café Planet( fermé),34.0571606,-5.0333572,icons/cafe.png,OSM
Fès-Meknès,Snack Abdenour,Restaurant,Formel,Lot Najah Bab Khokha,34.0637967,-4.9609221,icons/restaurant.png,OSM
Fès-Meknès,Café Arriadia,Café,Formel,Lot Najah Bab Khokha,34.0638316,-4.9610215,icons/cafe.png,OSM
Fès-Meknès,Café Al Akhaouine,Café,Formel,Café Al Akhaouine,34.0567138,-5.0350243,icons/cafe.png,OSM
Fès-Meknès,Café kordouba,Café,Formel,Café kordouba,34.0565878,-5.0355965,icons/cafe.png,OSM
Fès-Meknès,Café Baraka Al Salam,Café,Formel,Lot Najah Bab Khokha,34.0638672,-4.9610985,icons/cafe.png,OSM
Fès-Meknès,Café Najah,Café,Formel,Lot Najah Bab Khokha,34.0639044,-4.9611878,icons/cafe.png,OSM
Fès-Meknès,Café Al Akhawayn,Café,Formel,Lot Najah Bab Khokha,34.0639581,-4.9612851,icons/cafe.png,OSM
Fès-Meknès,Café Zhour,Café,Formel,Bab Khoukha,34.0640214,-4.9615822,icons/cafe.png,OSM
Fès-Meknès,Café Lamrani,Café,Formel,Bab Khoukha,34.0640022,-4.9614752,icons/cafe.png,OSM
Fès-Meknès,Café Ouahda,Café,Formel,Bab Khoukha,34.0640812,-4.9616948,icons/cafe.png,OSM
Fès-Meknès,L'épi,Restaurant,Formel,"Boulevard Amir Moulay Abdallah, Meknès",33.902031,-5.5471435,icons/restaurant.png,OSM
Fès-Meknès,Café la Riva de fes,Café,Formel,Boulevard des Merinides,34.0692993,-4.9655467,icons/cafe.png,OSM
Fès-Meknès,Pharmacie Errachid صيدلية الرشيد,Parapharmacie,Formel,Fès ⴼⴰⵙ فاس,34.0704938,-4.9996766,icons/pharmacy.png,OSM
Fès-Meknès,Café L'escapade,Café,Formel,Café L'escapade,34.0598464,-5.0228134,icons/cafe.png,OSM
Fès-Meknès,Pharmacie Al Imam Mouslim صيدلية الإمام مسلم,Parapharmacie,Formel,Fès ⴼⴰⵙ فاس,34.0670337,-5.0108801,icons/pharmacy.png,OSM
Fès-Meknès,Café La vie Palaces,Café,Formel,Café La vie Palaces,34.0575164,-5.025768,icons/cafe.png,OSM
Fès-Meknès,Cremerie Ennoure,Café,Formel,Cremerie Ennoure,34.0578415,-5.023852,icons/cafe.png,OSM
Fès-Meknès,Café Havane Palace,Café,Formel,Café Havane Palace,34.0565181,-5.0321057,icons/cafe.png,OSM
Fès-Meknès,Café Espace El Andalous,Café,Formel,Café Espace El Andalous,34.0559783,-5.0340119,icons/cafe.png,OSM
Fès-Meknès,Café La Fontaine,Café,Formel,Café La Fontaine,34.0560404,-5.0320663,icons/cafe.png,OSM
Fès-Meknès,Cremerie El Manare,Café,Formel,Cremerie El Manare,34.0561472,-5.0303629,icons/cafe.png,OSM
Fès-Meknès,Café Jawad,Café,Formel,Café Jawad,34.0565178,-5.0299483,icons/cafe.png,OSM
Fès-Meknès,Snack Fast-food,Restaurant,Formel,Snack Fast-food,34.0567818,-5.0287471,icons/restaurant.png,OSM
Fès-Meknès,Snack Amrani,Restaurant,Formel,Snack Amrani,34.0575949,-5.0243514,icons/restaurant.png,OSM
Fès-Meknès,Café Lilya,Café,Formel,Café Lilya,34.0572236,-5.0258163,icons/cafe.png,OSM
Fès-Meknès,Café Paradis Rolaxe,Café,Formel,Café Paradis Rolaxe,34.0544425,-5.0264298,icons/cafe.png,OSM
Fès-Meknès,Café Andalous,Café,Formel,jnane Benkirane Jnanate,34.0669155,-4.9607704,icons/cafe.png,OSM
Fès-Meknès,Crémerie,Café,Formel,jnane Chami Jnanate,34.0655548,-4.9596563,icons/cafe.png,OSM
Fès-Meknès,Café Palestine,Café,Formel,jnane Souissri Sidi Boujida,34.0681297,-4.9634051,icons/cafe.png,OSM
Fès-Meknès,Crémerie Brichi,Café,Formel,jnane Chami jnanate,34.066016,-4.9587754,icons/cafe.png,OSM
Fès-Meknès,Crémerie,Café,Formel,Jnane Souni jnanate,34.0664671,-4.9587147,icons/cafe.png,OSM
Fès-Meknès,Café Lamnara,Café,Formel,Café Lamnara,34.0565348,-5.0359319,icons/cafe.png,OSM
Fès-Meknès,La parisienne,Café,Formel,La parisienne,34.0549212,-5.0266354,icons/cafe.png,OSM
Fès-Meknès,Cremerie Abla,Café,Formel,Cremerie Abla,34.0545137,-5.0275899,icons/cafe.png,OSM
Fès-Meknès,Café figuras,Café,Formel,Café figuras,34.0550891,-5.0286419,icons/cafe.png,OSM
Fès-Meknès,Café 1-2-3,Café,Formel,Café 1-2-3,34.0551988,-5.028657,icons/cafe.png,OSM
Fès-Meknès,Restaurant Miami(en cours),Restaurant,Formel,Restaurant Miami(en cours),34.055968,-5.0286258,icons/restaurant.png,OSM
Fès-Meknès,Café Talha,Café,Formel,Café Talha,34.0548037,-5.0310382,icons/cafe.png,OSM
Fès-Meknès,Café Ajial,Café,Formel,Café Ajial,34.0545986,-5.031075,icons/cafe.png,OSM
Fès-Meknès,Café Jnane Tghate,Café,Formel,Café Jnane Tghate,34.054654,-5.0323917,icons/cafe.png,OSM
Fès-Meknès,Café jbale Tghate,Café,Formel,Café jbale Tghate,34.0549066,-5.0325007,icons/cafe.png,OSM
Fès-Meknès,Café Nada,Café,Formel,Café Nada,34.0544216,-5.0326426,icons/cafe.png,OSM
Fès-Meknès,Restaurant Aarif,Restaurant,Formel,Restaurant Aarif,34.0540745,-5.0330428,icons/restaurant.png,OSM
Fès-Meknès,Café La Paix,Café,Formel,Café La Paix,34.054186,-5.0330116,icons/cafe.png,OSM
Fès-Meknès,Snack Filali,Restaurant,Formel,Snack Filali,34.054692,-5.0336825,icons/restaurant.png,OSM
Fès-Meknès,Café Bismi Allah,Café,Formel,Café Bismi Allah,34.0576125,-5.0345718,icons/cafe.png,OSM
Fès-Meknès,Café Molokha,Café,Formel,Café Molokha,34.0576403,-5.0344208,icons/cafe.png,OSM
Fès-Meknès,Café Ziyad,Café,Formel,Café Ziyad,34.0578342,-5.0349416,icons/cafe.png,OSM
Fès-Meknès,Café (cheche),Café,Formel,Café (cheche),34.0587317,-5.0360047,icons/cafe.png,OSM
Fès-Meknès,Café Islam,Café,Formel,Café Islam,34.0586334,-5.0320626,icons/cafe.png,OSM
Fès-Meknès,Café La Legend,Café,Formel,Café La Legend,34.0594771,-5.0346892,icons/cafe.png,OSM
Fès-Meknès,Café Opera,Café,Formel,Café Opera,34.0601903,-5.0257675,icons/cafe.png,OSM
Fès-Meknès,Café Azzhar,Café,Formel,jnane Souni jnanate,34.0669281,-4.9582953,icons/cafe.png,OSM
Fès-Meknès,Cremerie El Jawda,Café,Formel,Cremerie El Jawda,34.0607347,-5.0254128,icons/cafe.png,OSM
Fès-Meknès,Pharmacie Dar Dmana صيدلية دار الضمانة,Parapharmacie,Formel,"Bab Khoukha, Fès ⴼⴰⵙ فاس",34.0650353,-4.9574981,icons/pharmacy.png,OSM
Fès-Meknès,Café LA VITAL,Café,Formel,Jnane Serraj Jnanate,34.0658894,-4.9566819,icons/cafe.png,OSM
Fès-Meknès,Snack Tghat,Restaurant,Formel,Snack Tghat,34.0568448,-5.0319878,icons/restaurant.png,OSM
Fès-Meknès,Cremerie Aya,Café,Formel,Cremerie Aya,34.0592211,-5.0366951,icons/cafe.png,OSM
Fès-Meknès,Café Hamiche,Café,Formel,Café Hamiche,34.0593124,-5.0361645,icons/cafe.png,OSM
Fès-Meknès,Avinida,Restaurant,Formel,Avenue Mohammed VI,33.8575133,-5.5784328,icons/restaurant.png,OSM
Fès-Meknès,Barcelona,Café,Formel,Avenue Mohammed VI,33.8651351,-5.5763394,icons/cafe.png,OSM
Fès-Meknès,Restaurant marhaba,Restaurant,Formel,Restaurant marhaba,33.8985613,-5.545818,icons/restaurant.png,OSM
Fès-Meknès,Pharmacie Israe صيدلية إسراء,Parapharmacie,Formel,"Avenue Saadiyine, Meknès",33.8925579,-5.5288401,icons/pharmacy.png,OSM
Fès-Meknès,Pharmacie Iraqi صيدلية العراقي,Parapharmacie,Formel,"Avenue Saadiyine, Meknès",33.8932828,-5.5211554,icons/pharmacy.png,OSM
Fès-Meknès,Black Iris,Restaurant,Formel,Avenue Mohammed VI,33.8636557,-5.5767021,icons/restaurant.png,OSM
Fès-Meknès,Café,Café,Formel,Jnane Moulay Smail,34.0642222,-4.9575871,icons/cafe.png,OSM
Fès-Meknès,Cafe Brother,Café,Formel,Zenkat 6,33.8847598,-5.5775329,icons/cafe.png,OSM
Fès-Meknès,Pharmacie Al Youmne صيدلية اليمن,Parapharmacie,Formel,Fès,34.0092557,-5.0413397,icons/pharmacy.png,OSM
Fès-Meknès,Café al Akhawayne,Restaurant,Formel,Café al Akhawayne,33.8881721,-5.499258,icons/restaurant.png,OSM
Fès-Meknès,Café Najid,Café,Formel,Café Najid,34.0683638,-4.9855593,icons/cafe.png,OSM
Fès-Meknès,Café Laaroussi,Café,Formel,Café Laaroussi,34.0684916,-4.985885,icons/cafe.png,OSM
Fès-Meknès,Café Bismillah,Café,Formel,Café Bismillah,34.0685089,-4.9858035,icons/cafe.png,OSM
Fès-Meknès,Café Al Fouroussia,Café,Formel,Café Al Fouroussia,34.0684253,-4.9861117,icons/cafe.png,OSM
Fès-Meknès,Café Corsica,Café,Formel,Café Corsica,34.068515,-4.9862672,icons/cafe.png,OSM
Fès-Meknès,Café Borj Fès,Café,Formel,Café Borj Fès,34.0683772,-4.9862744,icons/cafe.png,OSM
Fès-Meknès,Café,Café,Formel,Café,34.0682475,-4.9861697,icons/cafe.png,OSM
Fès-Meknès,Snack Bismillah,Restaurant,Formel,Snack Bismillah,34.0682067,-4.9861511,icons/restaurant.png,OSM
Fès-Meknès,Café El Borje,Café,Formel,Café El Borje,34.068055,-4.9861155,icons/cafe.png,OSM
Fès-Meknès,Café Kaoutar,Café,Formel,Café Kaoutar,34.0678557,-4.9874136,icons/cafe.png,OSM
Fès-Meknès,Café Roma,Café,Formel,Café Roma,34.0678615,-4.9875583,icons/cafe.png,OSM
Fès-Meknès,Café Zohour,Café,Formel,Café Zohour,34.0680499,-4.9889374,icons/cafe.png,OSM
Fès-Meknès,Café Tazaka,Café,Formel,Café Tazaka,34.0680783,-4.9890604,icons/cafe.png,OSM
Fès-Meknès,Café Istanbul,Café,Formel,Café Istanbul,34.0681001,-4.9893148,icons/cafe.png,OSM
Fès-Meknès,Café Mrjane,Café,Formel,Café Mrjane,34.0681404,-4.9894877,icons/cafe.png,OSM
Fès-Meknès,Café Barça,Café,Formel,Café Barça,34.0679314,-4.9893565,icons/cafe.png,OSM
Fès-Meknès,Café Zakariae,Café,Formel,Café Zakariae,34.0678866,-4.9891258,icons/cafe.png,OSM
Fès-Meknès,Café Benzakour,Café,Formel,Café Benzakour,34.0679442,-4.9895081,icons/cafe.png,OSM
Fès-Meknès,Café Khansae,Café,Formel,Café Khansae,34.0677636,-4.9875289,icons/cafe.png,OSM
Fès-Meknès,Café Amine,Café,Formel,Café Amine,34.0677827,-4.9876678,icons/cafe.png,OSM
Fès-Meknès,Café Alaoui,Café,Formel,Bvd Jane Oyad Sidi Boujida,34.0695086,-4.9691367,icons/cafe.png,OSM
Fès-Meknès,Champs al assil,Café,Formel,Champs al assil,34.069639,-4.9691263,icons/cafe.png,OSM
Fès-Meknès,Cafe Bassatine,Café,Formel,Cafe Bassatine,34.0665829,-4.9620981,icons/cafe.png,OSM
Fès-Meknès,Cafe Bagdadia,Café,Formel,Cafe Bagdadia,34.0660558,-4.9622411,icons/cafe.png,OSM
Fès-Meknès,Cafe colador,Café,Formel,Cafe colador,34.0659057,-4.962257,icons/cafe.png,OSM
Fès-Meknès,Crémerie nayla,Café,Formel,Crémerie nayla,34.0652953,-4.9623157,icons/cafe.png,OSM
Fès-Meknès,Café taouam,Café,Formel,Café taouam,34.0671355,-4.9674574,icons/cafe.png,OSM
Fès-Meknès,Café Al joulan,Café,Formel,Café Al joulan,34.0664792,-4.9671615,icons/cafe.png,OSM
Fès-Meknès,Café athena,Café,Formel,Café athena,34.0661008,-4.9673765,icons/cafe.png,OSM
Fès-Meknès,Cremerie morial,Café,Formel,Cremerie morial,34.0651603,-4.966445,icons/cafe.png,OSM
Fès-Meknès,Café alina,Café,Formel,Café alina,34.0614459,-4.9521505,icons/cafe.png,OSM
Fès-Meknès,Café elle barakka,Café,Formel,Café elle barakka,34.0614077,-4.9516588,icons/cafe.png,OSM
Fès-Meknès,Café saad,Café,Formel,Café saad,34.0617476,-4.9511355,icons/cafe.png,OSM
Fès-Meknès,Crémerie bismi allah,Café,Formel,Crémerie bismi allah,34.0639322,-4.9534882,icons/cafe.png,OSM
Fès-Meknès,Crémerie salam,Café,Formel,Crémerie salam,34.064176,-4.9535569,icons/cafe.png,OSM
Fès-Meknès,Café amori mio,Café,Formel,Café amori mio,34.0644385,-4.9536786,icons/cafe.png,OSM
Fès-Meknès,Café les amis,Café,Formel,Café les amis,34.0642409,-4.9528936,icons/cafe.png,OSM
Fès-Meknès,Café molay Ali charif,Café,Formel,Café molay Ali charif,34.0647285,-4.9545448,icons/cafe.png,OSM
Fès-Meknès,Crémerie jaouuhar,Café,Formel,Crémerie jaouuhar,34.0454357,-4.9552113,icons/cafe.png,OSM
Fès-Meknès,Cafe ifrane,Café,Formel,Cafe ifrane,34.0468009,-4.9574717,icons/cafe.png,OSM
Fès-Meknès,Casse croute el fath,Restaurant,Formel,Casse croute el fath,34.0469072,-4.9578365,icons/restaurant.png,OSM
Fès-Meknès,Casse croute al fath,Café,Formel,Casse croute al fath,34.048128,-4.9579373,icons/cafe.png,OSM
Fès-Meknès,Café billale,Café,Formel,Café billale,34.0522167,-4.9607491,icons/cafe.png,OSM
Fès-Meknès,Café essalam,Café,Formel,Café essalam,34.0533166,-4.9624759,icons/cafe.png,OSM
Fès-Meknès,Café omnia,Café,Formel,Café omnia,34.059638,-4.9565778,icons/cafe.png,OSM
Fès-Meknès,Cremerie el Akhawayain,Café,Formel,Cremerie el Akhawayain,34.058887,-4.9547499,icons/cafe.png,OSM
Fès-Meknès,Café brikh,Café,Formel,Café brikh,34.0577055,-4.9550226,icons/cafe.png,OSM
Fès-Meknès,Café salam,Café,Formel,Café salam,34.0577313,-4.9549084,icons/cafe.png,OSM
Fès-Meknès,Café bahassan,Café,Formel,Café bahassan,34.057232,-4.9559562,icons/cafe.png,OSM
Fès-Meknès,Café jabal annour,Café,Formel,Café jabal annour,34.0569643,-4.9554639,icons/cafe.png,OSM
Fès-Meknès,Café hanane,Café,Formel,Café hanane,34.0684424,-4.9657089,icons/cafe.png,OSM
Fès-Meknès,Café 5 etoile,Café,Formel,Café 5 etoile,34.069465,-4.9655802,icons/cafe.png,OSM
Fès-Meknès,Cafe REDA,Café,Formel,Boulevard des Merinides,34.0699138,-4.9661528,icons/cafe.png,OSM
Fès-Meknès,Casse croute hachmi,Restaurant,Formel,Casse croute hachmi,34.0666259,-4.9648056,icons/restaurant.png,OSM
Fès-Meknès,Café nakhla,Café,Formel,Café nakhla,34.0685989,-4.9656858,icons/cafe.png,OSM
Fès-Meknès,Café nour almanar,Café,Formel,Café nour almanar,34.0685149,-4.9656907,icons/cafe.png,OSM
Fès-Meknès,Café ben nasser,Café,Formel,Café ben nasser,34.0632406,-4.9526305,icons/cafe.png,OSM
Fès-Meknès,Café raha,Café,Formel,Café raha,34.0690762,-4.9655828,icons/cafe.png,OSM
Fès-Meknès,Café houssima,Café,Formel,Café houssima,34.069179,-4.9655587,icons/cafe.png,OSM
Fès-Meknès,Café al jaouhara,Café,Formel,Café al jaouhara,34.0698293,-4.9658821,icons/cafe.png,OSM
Fès-Meknès,Casse croute hireche,Restaurant,Formel,Casse croute hireche,34.0666416,-4.9650713,icons/restaurant.png,OSM
Fès-Meknès,Café amal,Café,Formel,Café amal,34.0703428,-4.9664345,icons/cafe.png,OSM
Fès-Meknès,Cafe al faracha,Café,Formel,Cafe al faracha,34.0656343,-4.9622834,icons/cafe.png,OSM
Fès-Meknès,Crémerie magribe de fes,Café,Formel,Crémerie magribe de fes,34.0659132,-4.9674591,icons/cafe.png,OSM
Fès-Meknès,Café nassime,Café,Formel,Café nassime,34.0617487,-4.9528177,icons/cafe.png,OSM
Fès-Meknès,Café palace,Café,Formel,Café palace,34.0641005,-4.9535945,icons/cafe.png,OSM
Fès-Meknès,Cafe fakharine,Café,Formel,Cafe fakharine,34.0467418,-4.9572866,icons/cafe.png,OSM
Fès-Meknès,Cafe borj anour,Café,Formel,Cafe borj anour,34.0468532,-4.9576238,icons/cafe.png,OSM
Fès-Meknès,Café car essalam,Café,Formel,Café car essalam,34.0496481,-4.960859,icons/cafe.png,OSM
Fès-Meknès,Cafe berlin,Café,Formel,Cafe berlin,34.0535236,-4.9591835,icons/cafe.png,OSM
Fès-Meknès,Café khlifi,Café,Formel,Café khlifi,34.0702088,-4.9662577,icons/cafe.png,OSM
Fès-Meknès,Crémerie real,Café,Formel,Crémerie real,34.0539189,-4.9614897,icons/cafe.png,OSM
Fès-Meknès,Cafe marina,Café,Formel,Cafe marina,34.0515527,-4.9614805,icons/cafe.png,OSM
Fès-Meknès,Café italy,Café,Formel,Café italy,34.0530093,-4.9611425,icons/cafe.png,OSM
Fès-Meknès,Café hossam,Café,Formel,Café hossam,34.0590816,-4.9554828,icons/cafe.png,OSM
Fès-Meknès,Café venisia,Café,Formel,Café venisia,34.0700735,-4.9659834,icons/cafe.png,OSM
Fès-Meknès,Café ressala,Café,Formel,Café ressala,34.0483625,-4.9579328,icons/cafe.png,OSM
Fès-Meknès,Casse croûte akhaouaine,Restaurant,Formel,Casse croûte akhaouaine,34.0489122,-4.9583105,icons/restaurant.png,OSM
Fès-Meknès,Café ben makhloufe,Café,Formel,Café ben makhloufe,34.0490745,-4.9611346,icons/cafe.png,OSM
Fès-Meknès,Café les amis,Café,Formel,Café les amis,34.0495102,-4.9607941,icons/cafe.png,OSM
Fès-Meknès,Café dar issalam,Café,Formel,Café dar issalam,34.050104,-4.9607514,icons/cafe.png,OSM
Fès-Meknès,Cafe okri,Café,Formel,Cafe okri,34.050405,-4.9613967,icons/cafe.png,OSM
Fès-Meknès,Café el fath,Café,Formel,Café el fath,34.0523583,-4.9607201,icons/cafe.png,OSM
Fès-Meknès,Café vert,Café,Formel,Café vert,34.0527718,-4.9610203,icons/cafe.png,OSM
Fès-Meknès,Litière pour Alfa nour,Café,Formel,Litière pour Alfa nour,34.0534101,-4.9614639,icons/cafe.png,OSM
Fès-Meknès,Café fleurs des palmiers,Café,Formel,Café fleurs des palmiers,34.0535336,-4.9616325,icons/cafe.png,OSM
Fès-Meknès,Café saad,Café,Formel,Café saad,34.0536031,-4.9619234,icons/cafe.png,OSM
Fès-Meknès,Istambol,Café,Formel,Istambol,34.0531343,-4.9594682,icons/cafe.png,OSM
Fès-Meknès,Cremerie med maghrnaoui,Café,Formel,Cremerie med maghrnaoui,34.0532877,-4.9594164,icons/cafe.png,OSM
Fès-Meknès,Cafe les amis,Café,Formel,Cafe les amis,34.0535315,-4.9594782,icons/cafe.png,OSM
Fès-Meknès,Cafe qabbali,Café,Formel,Cafe qabbali,34.054624,-4.9591364,icons/cafe.png,OSM
Fès-Meknès,Cafe Upper palace,Café,Formel,Cafe Upper palace,34.0595554,-4.9580254,icons/cafe.png,OSM
Fès-Meknès,Café panorama,Café,Formel,Café panorama,34.0592676,-4.9561731,icons/cafe.png,OSM
Fès-Meknès,Café Barj,Café,Formel,Café Barj,34.0591838,-4.9558237,icons/cafe.png,OSM
Fès-Meknès,Café yassin,Café,Formel,Café yassin,34.0589482,-4.9544933,icons/cafe.png,OSM
Fès-Meknès,Crémerie abdellkhalek,Café,Formel,Crémerie abdellkhalek,34.0592053,-4.9567727,icons/cafe.png,OSM
Fès-Meknès,Cafe rotana,Café,Formel,Cafe rotana,34.0586876,-4.9560163,icons/cafe.png,OSM
Fès-Meknès,Cafe mokhless,Café,Formel,Cafe mokhless,34.0572852,-4.9551486,icons/cafe.png,OSM
Fès-Meknès,Cafe régala eamda,Café,Formel,Cafe régala eamda,34.0574903,-4.9551684,icons/cafe.png,OSM
Fès-Meknès,Café el fath,Café,Formel,Café el fath,34.0576148,-4.9550873,icons/cafe.png,OSM
Fès-Meknès,Crémerie,Café,Formel,Crémerie,34.057858,-4.9547901,icons/cafe.png,OSM
Fès-Meknès,Café kamra,Café,Formel,Café kamra,34.0573632,-4.9555783,icons/cafe.png,OSM
Fès-Meknès,Café jaouhar,Café,Formel,Café jaouhar,34.066671,-4.9646467,icons/cafe.png,OSM
Fès-Meknès,Asmak medina jbilou,Restaurant,Formel,Asmak medina jbilou,34.0666827,-4.9645822,icons/restaurant.png,OSM
Fès-Meknès,Casse croute zoumet cts,Restaurant,Formel,Casse croute zoumet cts,34.0667175,-4.965269,icons/restaurant.png,OSM
Fès-Meknès,Crémerie multaka,Café,Formel,Crémerie multaka,34.066634,-4.9647586,icons/cafe.png,OSM
Fès-Meknès,Snack jbllou et kouidy,Restaurant,Formel,Snack jbllou et kouidy,34.0667261,-4.9644916,icons/restaurant.png,OSM
Fès-Meknès,Café loubna,Café,Formel,Café loubna,34.0667701,-4.964435,icons/cafe.png,OSM
Fès-Meknès,Café Drem,Café,Formel,Café Drem,34.0671918,-4.9634905,icons/cafe.png,OSM
Fès-Meknès,Café Roma,Café,Formel,Café Roma,34.0671621,-4.9631075,icons/cafe.png,OSM
Fès-Meknès,Café oued el makhazin,Café,Formel,Café oued el makhazin,34.0670597,-4.962682,icons/cafe.png,OSM
Fès-Meknès,Crémerie Bella roma,Café,Formel,Crémerie Bella roma,34.0668712,-4.9624866,icons/cafe.png,OSM
Fès-Meknès,Crémerie nahla,Café,Formel,Crémerie nahla,34.0661977,-4.9622258,icons/cafe.png,OSM
Fès-Meknès,Cafe tanga,Café,Formel,Cafe tanga,34.0654006,-4.9623171,icons/cafe.png,OSM
Fès-Meknès,Cafe aboussaad,Café,Formel,Cafe aboussaad,34.0651637,-4.9623595,icons/cafe.png,OSM
Fès-Meknès,Café al founoune,Café,Formel,Café al founoune,34.0650148,-4.9624158,icons/cafe.png,OSM
Fès-Meknès,Cafe yassamine,Café,Formel,Cafe yassamine,34.0634231,-4.9551678,icons/cafe.png,OSM
Fès-Meknès,Cafe nasma,Café,Formel,Cafe nasma,34.0460615,-4.9564801,icons/cafe.png,OSM
Fès-Meknès,Cafe selayman,Café,Formel,Cafe selayman,34.0463703,-4.9568248,icons/cafe.png,OSM
Fès-Meknès,Café al fath,Café,Formel,Café al fath,34.0477054,-4.9581964,icons/cafe.png,OSM
Fès-Meknès,Café al arrabia,Café,Formel,Café al arrabia,34.0479309,-4.9580703,icons/cafe.png,OSM
Fès-Meknès,Cremerie jouhara,Café,Formel,Cremerie jouhara,34.0527573,-4.9597104,icons/cafe.png,OSM
Fès-Meknès,Cafe zhour,Café,Formel,Cafe zhour,34.0534009,-4.9592967,icons/cafe.png,OSM
Fès-Meknès,Cafe jnane el ouard,Café,Formel,Cafe jnane el ouard,34.0594704,-4.9564404,icons/cafe.png,OSM
Fès-Meknès,Cafe brichia,Café,Formel,Cafe brichia,34.0590367,-4.9567272,icons/cafe.png,OSM
Fès-Meknès,Cafe al lkarm,Café,Formel,Cafe al lkarm,34.0594521,-4.9566845,icons/cafe.png,OSM
Fès-Meknès,Café bab allah,Café,Formel,Café bab allah,34.0607902,-4.9508827,icons/cafe.png,OSM
Fès-Meknès,Crémerie,Café,Formel,jnane Serraj Jnanate,34.0665276,-4.9560819,icons/cafe.png,OSM
Fès-Meknès,Pharmacie Volubilis صيدلية وليلي,Parapharmacie,Formel,"Rue Abi Tayeb Al Motanabbi, Fès",34.0347847,-5.0003661,icons/pharmacy.png,OSM
Fès-Meknès,Café Noria,Restaurant,Formel,Café Noria,34.0581233,-4.9897208,icons/restaurant.png,OSM
Fès-Meknès,Café Panorama,Café,Formel,Café Panorama,34.0640598,-4.9944368,icons/cafe.png,OSM
Fès-Meknès,Café El Hader,Café,Formel,Café El Hader,34.0640488,-4.9946164,icons/cafe.png,OSM
Fès-Meknès,Café Karaouyene,Café,Formel,Café Karaouyene,34.0636614,-4.9953328,icons/cafe.png,OSM
Fès-Meknès,Restaurant Akhawayn,Restaurant,Formel,Restaurant Akhawayn,34.0636688,-4.9951205,icons/restaurant.png,OSM
Fès-Meknès,Café Al Rayan,Café,Formel,Café Al Rayan,34.0640087,-4.9968034,icons/cafe.png,OSM
Fès-Meknès,Café Sultan,Café,Formel,Café Sultan,34.0637329,-4.9959835,icons/cafe.png,OSM
Fès-Meknès,Café Hamza,Café,Formel,Café Hamza,34.0654313,-4.9990466,icons/cafe.png,OSM
Fès-Meknès,Café Rif,Café,Formel,Café Rif,34.0653117,-4.9990888,icons/cafe.png,OSM
Fès-Meknès,Café Nizar,Café,Formel,Café Nizar,34.0655475,-4.9989894,icons/cafe.png,OSM
Fès-Meknès,Café Chachi,Café,Formel,Café Chachi,34.066618,-4.9983052,icons/cafe.png,OSM
Fès-Meknès,Café Benbrahim,Café,Formel,Café Benbrahim,34.0661407,-4.9987049,icons/cafe.png,OSM
Fès-Meknès,Café El Fath,Café,Formel,Café El Fath,34.0662399,-4.9979797,icons/cafe.png,OSM
Fès-Meknès,Epicier بقال,Supérette / Mini-market,Formel,Hay Zaza,34.0268605,-5.0019255,icons/convenience.png,OSM
Fès-Meknès,Café louizate,Café,Formel,Café louizate,34.0535941,-4.961279,icons/cafe.png,OSM
Fès-Meknès,Casse croute Bismillah,Café,Formel,Casse croute Bismillah,34.0535797,-4.9612221,icons/cafe.png,OSM
Fès-Meknès,Café al farah,Café,Formel,Café al farah,34.059381,-4.9563273,icons/cafe.png,OSM
Fès-Meknès,Café Al Moultaqa,Café,Formel,Café Al Moultaqa,34.0672021,-4.998196,icons/cafe.png,OSM
Fès-Meknès,Café Youssera,Café,Formel,Café Youssera,34.0659294,-4.9989671,icons/cafe.png,OSM
Fès-Meknès,Snack Bismillah,Restaurant,Formel,Snack Bismillah,34.0655836,-4.9991638,icons/restaurant.png,OSM
Fès-Meknès,Café Hamza (fermé),Café,Formel,Café Hamza (fermé),34.0654875,-4.9991998,icons/cafe.png,OSM
Fès-Meknès,Café Jalal,Café,Formel,Café Jalal,34.0653726,-4.9992787,icons/cafe.png,OSM
Fès-Meknès,Café El Ghazala,Café,Formel,Café El Ghazala,34.0655724,-4.9999753,icons/cafe.png,OSM
Fès-Meknès,Café jawad,Café,Formel,Café jawad,34.0666224,-4.9994596,icons/cafe.png,OSM
Fès-Meknès,Café raha,Café,Formel,Café raha,34.0521313,-4.9612234,icons/cafe.png,OSM
Fès-Meknès,Café adwae fes,Café,Formel,Café adwae fes,34.0496785,-4.9652657,icons/cafe.png,OSM
Fès-Meknès,Les fruits de mer,Restaurant,Formel,Les fruits de mer,34.0495367,-4.9651674,icons/restaurant.png,OSM
Fès-Meknès,Café el bourj chamali,Café,Formel,Café el bourj chamali,34.0491124,-4.9646185,icons/cafe.png,OSM
Fès-Meknès,Cafe attadamen,Café,Formel,Cafe attadamen,34.0489109,-4.9621708,icons/cafe.png,OSM
Fès-Meknès,Cafe,Café,Formel,Cafe,34.0482654,-4.9620378,icons/cafe.png,OSM
Fès-Meknès,Cremerie najari,Café,Formel,Cremerie najari,34.04801,-4.9572896,icons/cafe.png,OSM
Fès-Meknès,Café ranya,Café,Formel,Café ranya,34.0479436,-4.957025,icons/cafe.png,OSM
Fès-Meknès,Café chaoune,Café,Formel,Café chaoune,34.0491681,-4.9579516,icons/cafe.png,OSM
Fès-Meknès,Cafe la suit palace,Café,Formel,Cafe la suit palace,34.0493681,-4.9579305,icons/cafe.png,OSM
Fès-Meknès,Cafe,Café,Formel,Cafe,34.0498447,-4.9581,icons/cafe.png,OSM
Fès-Meknès,Café taha,Café,Formel,Café taha,34.0517895,-4.95785,icons/cafe.png,OSM
Fès-Meknès,Café storia,Café,Formel,Café storia,34.0502594,-4.9579769,icons/cafe.png,OSM
Fès-Meknès,Café sefian,Café,Formel,Café sefian,34.0520621,-4.9577832,icons/cafe.png,OSM
Fès-Meknès,Café Rotana,Café,Formel,Café Rotana,34.0509166,-4.9574332,icons/cafe.png,OSM
Fès-Meknès,Café Amine,Café,Formel,Sahb El Ouard,34.0579494,-4.9517938,icons/cafe.png,OSM
Fès-Meknès,Café sabrin,Café,Formel,Café sabrin,34.0511935,-4.9571564,icons/cafe.png,OSM
Fès-Meknès,Café Baraka,Café,Formel,Sahb El Ouard,34.0574784,-4.9518729,icons/cafe.png,OSM
Fès-Meknès,Café Ilyas,Café,Formel,Sahb El Ouard,34.0573628,-4.9516377,icons/cafe.png,OSM
Fès-Meknès,Café Rayan,Café,Formel,Sahb El Ourd,34.05762,-4.9513085,icons/cafe.png,OSM
Fès-Meknès,Crémerie,Café,Formel,Sahb El Ouard,34.0569948,-4.9509959,icons/cafe.png,OSM
Fès-Meknès,Cremerie Al Akhawayne,Café,Formel,Sahb El Ouard,34.0569439,-4.9509242,icons/cafe.png,OSM
Fès-Meknès,Café Al Mahaba,Café,Formel,Sahb El Ouard,34.0566666,-4.9505091,icons/cafe.png,OSM
Fès-Meknès,Café Raha,Café,Formel,Sahb El Ouard,34.0562469,-4.9499359,icons/cafe.png,OSM
Fès-Meknès,Café Laurida,Café,Formel,Sahb El Ouard,34.0564941,-4.9495762,icons/cafe.png,OSM
Fès-Meknès,Cafe saada,Café,Formel,Cafe saada,34.0525694,-4.9563679,icons/cafe.png,OSM
Fès-Meknès,Cafe alghazala,Café,Formel,Cafe alghazala,34.0533766,-4.9562699,icons/cafe.png,OSM
Fès-Meknès,Café farah,Café,Formel,Café farah,34.051863,-4.9567153,icons/cafe.png,OSM
Fès-Meknès,Café Simo Rayan,Café,Formel,Sahb Ouard,34.0554045,-4.9493052,icons/cafe.png,OSM
Fès-Meknès,Cafe arbi jarda,Café,Formel,Cafe arbi jarda,34.0536718,-4.9566587,icons/cafe.png,OSM
Fès-Meknès,Café Les Amis,Café,Formel,Sahb El Ouard,34.0565755,-4.9513954,icons/cafe.png,OSM
Fès-Meknès,Café Bergamo,Café,Formel,Sahb El Ouard,34.0567334,-4.9513237,icons/cafe.png,OSM
Fès-Meknès,Café Tidghine,Café,Formel,Sahb El Ouard,34.0566185,-4.9513081,icons/cafe.png,OSM
Fès-Meknès,Café Nacer,Café,Formel,Sahb El Ouard,34.0564733,-4.9519276,icons/cafe.png,OSM
Fès-Meknès,Cafe hillal,Café,Formel,Cafe hillal,34.055189,-4.958369,icons/cafe.png,OSM
Fès-Meknès,Café EL fath,Café,Formel,Sahb El Ouard,34.0573733,-4.9532997,icons/cafe.png,OSM
Fès-Meknès,Cafe andalous,Café,Formel,Cafe andalous,34.0555781,-4.9590446,icons/cafe.png,OSM
Fès-Meknès,Cafe hermal,Café,Formel,Cafe hermal,34.0558214,-4.9598543,icons/cafe.png,OSM
Fès-Meknès,Cafe fawzia,Café,Formel,Cafe fawzia,34.0552753,-4.9594223,icons/cafe.png,OSM
Fès-Meknès,Cafe maghriib el yaem,Café,Formel,Cafe maghriib el yaem,34.0565657,-4.9607007,icons/cafe.png,OSM
Fès-Meknès,Café Mouhcine,Café,Formel,Café Mouhcine,34.0685268,-4.9943655,icons/cafe.png,OSM
Fès-Meknès,Café Zalaghe,Café,Formel,Café Zalaghe,34.0688933,-4.9944951,icons/cafe.png,OSM
Fès-Meknès,Café Otmane,Café,Formel,Café Otmane,34.0694929,-4.9946206,icons/cafe.png,OSM
Fès-Meknès,Café El Founoune,Café,Formel,Café El Founoune,34.0691533,-4.9944844,icons/cafe.png,OSM
Fès-Meknès,Café Mabrouka,Café,Formel,Sahb El Ouard,34.0563751,-4.9542065,icons/cafe.png,OSM
Fès-Meknès,Café Jazira,Café,Formel,Café Jazira,34.067975,-5.0014656,icons/cafe.png,OSM
Fès-Meknès,Café Manzah Fès,Café,Formel,Café Manzah Fès,34.0681497,-5.0015407,icons/cafe.png,OSM
Fès-Meknès,Café,Café,Formel,Sahb El Ouard,34.0559212,-4.9539947,icons/cafe.png,OSM
Fès-Meknès,Café Maghrib Arabi,Café,Formel,Café Maghrib Arabi,34.0706474,-5.0022515,icons/cafe.png,OSM
Fès-Meknès,Café Ahlam,Café,Formel,Sahb El Ouard,34.0557784,-4.9539602,icons/cafe.png,OSM
Fès-Meknès,Café Chami,Café,Formel,Café Chami,34.0683978,-5.0016086,icons/cafe.png,OSM
Fès-Meknès,Café Saada,Café,Formel,Café Saada,34.0707423,-5.0022812,icons/cafe.png,OSM
Fès-Meknès,Crémerie,Café,Formel,sahb El Ouard,34.0547598,-4.9540331,icons/cafe.png,OSM
Fès-Meknès,Café NASSIM,Café,Formel,Bled Tazi Sahb El Ouard,34.0546111,-4.9539125,icons/cafe.png,OSM
Fès-Meknès,Café Maissae,Café,Formel,Café Maissae,34.0708085,-5.0023033,icons/cafe.png,OSM
Fès-Meknès,Café Al Akhawayn,Café,Formel,Sahb El Ouard,34.0554254,-4.9543009,icons/cafe.png,OSM
Fès-Meknès,ملثقى الالوان,Café,Formel,Sahb El Ouard,34.0545008,-4.9538087,icons/cafe.png,OSM
Fès-Meknès,Café Cordoba,Café,Formel,Café Cordoba,34.0708915,-5.0023265,icons/cafe.png,OSM
Fès-Meknès,Café Ezzahir,Café,Formel,Bled Tazi Sahb El Ourd,34.0542303,-4.9535797,icons/cafe.png,OSM
Fès-Meknès,Café Chourouk Chams,Café,Formel,Café Chourouk Chams,34.0709424,-5.00235,icons/cafe.png,OSM
Fès-Meknès,Café Rif El Jadida,Café,Formel,Café Rif El Jadida,34.0713393,-5.0024628,icons/cafe.png,OSM
Fès-Meknès,Café,Café,Formel,Sahb El Ouard,34.0542971,-4.9532933,icons/cafe.png,OSM
Fès-Meknès,Café Rihame,Café,Formel,Café Rihame,34.0714686,-5.0024995,icons/cafe.png,OSM
Fès-Meknès,Crémerie Titanic,Café,Formel,Sahb El Ouard,34.0533714,-4.9521692,icons/cafe.png,OSM
Fès-Meknès,Café RBIGUI,Café,Formel,Sahb El Ouard,34.0533489,-4.9523689,icons/cafe.png,OSM
Fès-Meknès,Café,Café,Formel,Sahb El Ouard,34.0532191,-4.9522539,icons/cafe.png,OSM
Fès-Meknès,Crémerie,Café,Formel,Sahb El Ouard,34.0530076,-4.9517773,icons/cafe.png,OSM
Fès-Meknès,Café Farih,Café,Formel,Sahb El Ouard,34.0526167,-4.951359,icons/cafe.png,OSM
Fès-Meknès,Café Mustapha,Café,Formel,Café Mustapha,34.0694962,-5.0020797,icons/cafe.png,OSM
Fès-Meknès,Café Doha,Café,Formel,Café Doha,34.0684297,-5.0019804,icons/cafe.png,OSM
Fès-Meknès,Café Boushaba,Café,Formel,Café Boushaba,34.0685082,-5.0023909,icons/cafe.png,OSM
Fès-Meknès,Laiterie Al Hay,Café,Formel,Sahb El Ouard,34.0570044,-4.9544758,icons/cafe.png,OSM
Fès-Meknès,Café Sami,Café,Formel,Café Sami,34.0686688,-5.0018532,icons/cafe.png,OSM
Fès-Meknès,Café Rabie,Café,Formel,Café Rabie,34.0685086,-5.0018127,icons/cafe.png,OSM
Fès-Meknès,Grillade Tanjaoui,Restaurant,Formel,Grillade Tanjaoui,34.0652703,-4.9996027,icons/restaurant.png,OSM
Fès-Meknès,Crémerie fadae fes,Café,Formel,Crémerie fadae fes,34.060886,-4.9617005,icons/cafe.png,OSM
Fès-Meknès,Crémerie fadae fes,Café,Formel,Crémerie fadae fes,34.0607958,-4.9612068,icons/cafe.png,OSM
Fès-Meknès,Snack El Jazira,Restaurant,Formel,Snack El Jazira,34.0658882,-5.0011149,icons/restaurant.png,OSM
Fès-Meknès,Café Meryamti Bekkali Hamid,Café,Formel,Hay Tghat Face Bain Riad,34.0589309,-5.0210584,icons/cafe.png,OSM
Fès-Meknès,Café Tghate,Café,Formel,Hay Tghat Face Bain Riad,34.0595034,-5.0212769,icons/cafe.png,OSM
Fès-Meknès,Café Zalagh Palace Senhaji Mohamed et Senhaji Sellam,Café,Formel,Avenue Moussa Bnou Noussair Lotis Dayaa,34.0609327,-5.0172673,icons/cafe.png,OSM
Fès-Meknès,Café Alaska,Café,Formel,Lotissement Jbel Tghat 1,34.0590389,-5.0198154,icons/cafe.png,OSM
Fès-Meknès,Snack Faissal Krimi,Restaurant,Formel,Lotissement Moulay Amine Resid 19,34.0616214,-5.0146197,icons/restaurant.png,OSM
Fès-Meknès,Café Noura,Café,Formel,Lotissement My Hafid Hay El Mohammadi,34.0614,-5.0139697,icons/cafe.png,OSM
Fès-Meknès,Café Blanca Ice Bahjaoui Younes,Café,Formel,Lotissement Jad,34.0593057,-5.0121235,icons/cafe.png,OSM
Fès-Meknès,Café Golf,Café,Formel,Hay Taj Ain Kadous,34.058888,-5.0112547,icons/cafe.png,OSM
Fès-Meknès,Café La grotte Des Pigeons Saidi Fatiha,Café,Formel,Mosquée Tajmoueti Hay Salam,34.0612914,-5.0133117,icons/cafe.png,OSM
Fès-Meknès,Cremerie Amine Soufiane Dahbi,Café,Formel,Avenue Moussa Bnou Noussair Hay Salam,34.0620783,-5.0149929,icons/cafe.png,OSM
Fès-Meknès,Café Faouzi,Café,Formel,Hay Tghat Face Mosquée Rahma,34.058645,-5.0209214,icons/cafe.png,OSM
Fès-Meknès,Café Al Foroussia Hamdane Ben Ziad,Café,Formel,HAY Tghat Face Mosquée El Kaoutar,34.0601639,-5.0214555,icons/cafe.png,OSM
Fès-Meknès,Cremerie Al Habaib Maghraoui Naima,Café,Formel,Lotissement Jad,34.059102,-5.0124529,icons/cafe.png,OSM
Fès-Meknès,Café Ouslou Azir Abderrahmane,Café,Formel,Hay Salam Ain Kadouss Rue 8,34.061918,-5.0135492,icons/cafe.png,OSM
Fès-Meknès,Mansouri Rabia Cremerie Al Ikhwa,Café,Formel,Avenue Moussa Bnou Noussair Hay Tghat,34.0604299,-5.0203523,icons/cafe.png,OSM
Fès-Meknès,Café Dali,Café,Formel,Avenue Moussa Bnou Noussair Lotis Jbel Tghat 2 Hay Tghat,34.0607123,-5.0191043,icons/cafe.png,OSM
Fès-Meknès,Café Arij Palace,Café,Formel,Lotissement Jbel Tghat 1,34.0595266,-5.0177905,icons/cafe.png,OSM
Fès-Meknès,Cremerie Toulito,Café,Formel,Hay My Hafid Avenue Okbat Bnou Nafie,34.0607775,-5.0133714,icons/cafe.png,OSM
Fès-Meknès,Café Samar El Ouanjli Abdessamad,Café,Formel,Hay Taj Ain Kadouss,34.0592074,-5.0109834,icons/cafe.png,OSM
Fès-Meknès,Café Nesma Chouaref Noureddine,Café,Formel,Avenue Moussa Bnou Noussair Hay Salam,34.0621072,-5.0141237,icons/cafe.png,OSM
Fès-Meknès,Café Citta Alta Khaifallah Zakariae,Café,Formel,Lotissement Jbel Tghat 2 Hay Tghat,34.0607282,-5.0207146,icons/cafe.png,OSM
Fès-Meknès,Restaurant Capitale du Poisson,Restaurant,Formel,Lotissement Jbel Tghat 1 Hay Tghat,34.0586946,-5.0207786,icons/restaurant.png,OSM
Fès-Meknès,Café,Café,Formel,Lotissement My El Amine Hay Mahammed,34.0605829,-5.0131743,icons/cafe.png,OSM
Fès-Meknès,Café Rahma Zouyten Najima,Café,Formel,Lotissement Jbel Tghat 1,34.0596572,-5.0174295,icons/cafe.png,OSM
Fès-Meknès,Azoukane Khalid Laitiere,Café,Formel,Avenue Moussa Bnou Noussair Hay Salam,34.0620828,-5.0148117,icons/cafe.png,OSM
Fès-Meknès,Kiosque Meknassi Salim Adiba,Café,Formel,Lotissement My Hafid Pres du Cafe Les Invités,34.0604904,-5.0132807,icons/cafe.png,OSM
Fès-Meknès,Café Les Roses Héritiers Batata Ahmed,Café,Formel,Hay Salam Ain Kadouss Avenue Moussa Bnou Noussair,34.0620368,-5.0139386,icons/cafe.png,OSM
Fès-Meknès,Café Moudhila,Café,Formel,Lotissement Jad Oued Fes,34.0591642,-5.0120093,icons/cafe.png,OSM
Fès-Meknès,Café De Football,Café,Formel,Sahrij Gnaoua,34.0511668,-4.9497394,icons/cafe.png,OSM
Fès-Meknès,Café Achraf,Café,Formel,Sahb El Ouard,34.0505825,-4.9500541,icons/cafe.png,OSM
Fès-Meknès,Café Real,Café,Formel,Café Real,34.0665743,-5.0027031,icons/cafe.png,OSM
Fès-Meknès,Crémerie ES-ESAADI,Café,Formel,Sahb Ouard,34.0503111,-4.9501129,icons/cafe.png,OSM
Fès-Meknès,Café Ouiam,Café,Formel,Bled Drissi Sahb El Ouard,34.04997,-4.9501511,icons/cafe.png,OSM
Fès-Meknès,Café Al Basma,Café,Formel,Bled Drissi Sahb El Ouard,34.0501966,-4.9477749,icons/cafe.png,OSM
Fès-Meknès,Café Kawtar,Café,Formel,Café Kawtar,34.0667329,-5.0030519,icons/cafe.png,OSM
Fès-Meknès,Crémerie,Café,Formel,Bled Drissi Sahb El Ouard,34.0493052,-4.9479495,icons/cafe.png,OSM
Fès-Meknès,Café Dahab,Café,Formel,Café Dahab,34.0669792,-5.0041303,icons/cafe.png,OSM
Fès-Meknès,Cremerie Bismillah,Café,Formel,Cremerie Bismillah,34.0670596,-5.0043771,icons/cafe.png,OSM
Fès-Meknès,Cremerie Sanaoubar,Café,Formel,Cremerie Sanaoubar,34.067203,-5.0047548,icons/cafe.png,OSM
Fès-Meknès,Café Al Amal,Café,Formel,Hay Al Amal Sahb El Ouard,34.0479563,-4.9524697,icons/cafe.png,OSM
Fès-Meknès,Café Zohour El Hadaik,Café,Formel,Café Zohour El Hadaik,34.0684639,-5.0073813,icons/cafe.png,OSM
Fès-Meknès,Café El Faracha,Café,Formel,Café El Faracha,34.0683594,-5.0077602,icons/cafe.png,OSM
Fès-Meknès,Cremerie,Café,Formel,Cremerie,34.0687932,-5.0079735,icons/cafe.png,OSM
Fès-Meknès,Café sans nom,Café,Formel,Fez فاس‎,34.0688547,-5.008643,icons/cafe.png,OSM
Fès-Meknès,Café Prine,Café,Formel,Café Prine,34.0690151,-5.0084576,icons/cafe.png,OSM
Fès-Meknès,Café El Mahir,Café,Formel,Café El Mahir,34.0694464,-5.0087632,icons/cafe.png,OSM
Fès-Meknès,Café Adam مقهى آدم,Café,Formel,Fez فاس‎,34.0703121,-5.0079448,icons/cafe.png,OSM
Fès-Meknès,Café Yassamin,Café,Formel,Café Yassamin,34.0702222,-5.0040352,icons/cafe.png,OSM
Fès-Meknès,Cremerie Beranzaran,Café,Formel,Bled Skalia Sahb El Ouard,34.049612,-4.9520291,icons/cafe.png,OSM
Fès-Meknès,Kiosque Cremerie Sbai Mohamed,Café,Formel,Avenue Kiraouane Hay Lamsalla Ain Kadouss,34.0644961,-5.002195,icons/cafe.png,OSM
Fès-Meknès,Café Reda Hani Fatima et Darif Malika,Café,Formel,Avenue Kiraouane Hay Lamsalla Ain Kadouss,34.0643973,-5.0024303,icons/cafe.png,OSM
Fès-Meknès,Laitière Kliyoubatra Benakkadou Rachid,Café,Formel,Avenue Kiraouane Hay Lamsalla Ain Kadouss,34.0647416,-5.0014895,icons/cafe.png,OSM
Fès-Meknès,Café Amoiaj Ali Aloulouch,Café,Formel,Avenue Kiraouane Hay Lamsalla Ain Kadouss,34.0643011,-5.0027515,icons/cafe.png,OSM
Fès-Meknès,Café Al Amal,Café,Formel,Avenue Kiraouane Hay Lamsalla Ain Kadouss,34.0646805,-5.001637,icons/cafe.png,OSM
Fès-Meknès,Laitière Min Fadli Allah Chaouri Abdellah,Café,Formel,Avenue Kiraouane Hay Lamsalla Ain Kadouss,34.0647801,-5.0013528,icons/cafe.png,OSM
Fès-Meknès,Café Chalalat Ouzoud Bzioui Abdelaziz,Café,Formel,Avenue Kiraouane place BenDebbab,34.0651601,-5.0008546,icons/cafe.png,OSM
Fès-Meknès,Café Al Anwar Anwar Mansoura,Café,Formel,Avenue Oqba ben Nafia Hay Lamsalla Ain Kadouss,34.064819,-5.0012157,icons/cafe.png,OSM
Fès-Meknès,Café Amine,Café,Formel,Café Amine,34.0665109,-5.0046769,icons/cafe.png,OSM
Fès-Meknès,Snack Bismillah,Restaurant,Formel,Snack Bismillah,34.0666165,-5.0056976,icons/restaurant.png,OSM
Fès-Meknès,Cremerie Souhaile,Café,Formel,Cremerie Souhaile,34.0670615,-5.0070932,icons/cafe.png,OSM
Fès-Meknès,Café janat,Café,Formel,Café janat,34.0665776,-5.008865,icons/cafe.png,OSM
Fès-Meknès,Café Kanza,Café,Formel,Café Kanza,34.0664338,-5.0098443,icons/cafe.png,OSM
Fès-Meknès,Café Wissal Benayad Charafa,Café,Formel,Hay Mabrouka Ain Haroun Rue 202 Rue Yaakoub El Mansour,34.0662286,-5.0025632,icons/cafe.png,OSM
Fès-Meknès,Laitière Saidi Rachid,Café,Formel,Avenue Kiraouane Hay Lamsalla Ain Kadouss,34.0628157,-5.0074726,icons/cafe.png,OSM
Fès-Meknès,Restaurant Ahl Fes Kyad Driss et Masrar Mohamed,Restaurant,Formel,Hay Ahl Fes Ain Kadouss Rue 204,34.0610965,-5.009496,icons/restaurant.png,OSM
Fès-Meknès,Café Achaab,Café,Formel,Hay Karima Ain Haroun Rue 256 Rue Yaakoub El Mansour,34.0661417,-5.0024476,icons/cafe.png,OSM
Fès-Meknès,Café El Amal Sbai Mohamed,Café,Formel,Avenue Kiraouane Hay Lamsalla Ain Kadouss,34.0627931,-5.007547,icons/cafe.png,OSM
Fès-Meknès,Café Mirador Lakhlifi Mohamed,Café,Formel,Hay Ahel Fes Ain Kadouss Rue 251 Bis,34.0601584,-5.007506,icons/cafe.png,OSM
Fès-Meknès,Café Nouama Bouzhar Nouama,Café,Formel,Avenue Kiraouane Hay Lamsalla Ain Kadouss,34.0627639,-5.0076134,icons/cafe.png,OSM
Fès-Meknès,Café Douae Zouini Fatima Zohra,Café,Formel,Avenue Kiraouane Hay Lamsalla Ain Kadouss Lotis Chaaba,34.0625632,-5.0082213,icons/cafe.png,OSM
Fès-Meknès,Snack Said Bahouh,Restaurant,Formel,Hay Ain Kadouss Rue 206,34.0604472,-5.0097523,icons/restaurant.png,OSM
Fès-Meknès,Café Nouzha,Café,Formel,Hay Ain Haroun Immb Tazi Rue 201 et 202,34.0654998,-5.0010078,icons/cafe.png,OSM
Fès-Meknès,Cremerie La Jeunesse Kara Abdellah,Café,Formel,Hay Mabrouka Ain Haroun Rue 202,34.0659307,-5.0019979,icons/cafe.png,OSM
Fès-Meknès,Café Bergamo Bouzekri Idrissi Barnoussi,Café,Formel,Hay Saida Ain Haroun Rue 256 Rue Yaakoub El Mansour,34.0661426,-5.0026791,icons/cafe.png,OSM
Fès-Meknès,Café Narjis Bousecsou Mohamed,Café,Formel,Hay Zineb Ain Haroun Rue 202,34.0664207,-5.0090729,icons/cafe.png,OSM
Fès-Meknès,Café Touhfa Atif Mohamed et Moussaid Khalid,Café,Formel,Avenue Kiraouane Hay Lamsalla Ain Kadouss,34.0626874,-5.0078351,icons/cafe.png,OSM
Fès-Meknès,Bassin Mohamed Rachid Snack,Restaurant,Formel,Hay Ain Kadouss Rue 204,34.0595967,-5.0080198,icons/restaurant.png,OSM
Fès-Meknès,Café Diyae Lafdili Driss et Lafdili Mohamed,Café,Formel,Avenue Kiraouane Hay Lamsalla Ain Kadouss,34.0626421,-5.0079698,icons/cafe.png,OSM
Fès-Meknès,Café Salam Hertiers El Biaali Mohamed,Café,Formel,Hay Zineb Ain Haroun Rue 214,34.0662148,-5.007722,icons/cafe.png,OSM
Fès-Meknès,Laitière Kharrouba Mohamed,Café,Formel,Avenue Kiraouane Hay Lamsalla Ain Kadouss Lotis Chaaba,34.0625943,-5.0081143,icons/cafe.png,OSM
Fès-Meknès,Café Bensadouk Essadouki Slimani Redouane,Café,Formel,Avenue Kiraouane Hay Kambata Ain Kadouss,34.062319,-5.0077803,icons/cafe.png,OSM
Fès-Meknès,Snack Hayani Maslouhi Abdellah,Restaurant,Formel,Hay Ain Kadouss Rue 207,34.0602303,-5.0085311,icons/restaurant.png,OSM
Fès-Meknès,Café Maghreb Arabi Boussouf Hammouch,Café,Formel,Hay Ain Kadouss Rue 204,34.0604097,-5.0083719,icons/cafe.png,OSM
Fès-Meknès,Snack Daouk Rafie Ennali Mustapha,Restaurant,Formel,Hay Ain Kadouss Rue 206,34.0605698,-5.0095204,icons/restaurant.png,OSM
Fès-Meknès,Café L' horizon,Café,Formel,Avenue Kiraouane Hay Lamsalla Ain Kadouss,34.06271,-5.0077412,icons/cafe.png,OSM
Fès-Meknès,Café Mabrouka Kernis Said,Café,Formel,Hay Ain Haroun Hay Mabrouka Rue 202,34.065609,-5.0011973,icons/cafe.png,OSM
Fès-Meknès,Café Hamza Dico Bassim Mohamed Rachid,Café,Formel,Avenue Kiraouane Hay Kambata Ain Kadouss,34.0623797,-5.0075395,icons/cafe.png,OSM
Fès-Meknès,Café Black House,Café,Formel,Hay Saida Ain Haroun Dayaa,34.0642031,-5.0179031,icons/cafe.png,OSM
Fès-Meknès,Café Azhar El Maslouhi Abdellah,Café,Formel,Hay Ahel Fes Ain Kadouss Rue 204,34.0603593,-5.0086307,icons/cafe.png,OSM
Fès-Meknès,Café Globo El Janati Abdelhak,Café,Formel,Lotissement Dayaa,34.0622388,-5.0196898,icons/cafe.png,OSM
Fès-Meknès,Snack Akka,Restaurant,Formel,Hay Mabrouka Ain Haroun Rue 202,34.066043,-5.0022265,icons/restaurant.png,OSM
Fès-Meknès,Café El Kharif Slimi Laaziza,Café,Formel,Hay Zineb Lotis 214 Ain Haroun,34.0666248,-5.0076146,icons/cafe.png,OSM
Fès-Meknès,Chicken Palace Eddiaz Mohamed,Restaurant,Formel,Hay Ain Kadouss Rue 204,34.0605369,-5.0088059,icons/restaurant.png,OSM
Fès-Meknès,Café El Mariniyine Jalal Mohamed Toufik et Jalal Imad,Café,Formel,Avenue Kiraouane Hay Lamsalla Ain Kadouss,34.062981,-5.0069649,icons/cafe.png,OSM
Fès-Meknès,Café Anoual El Azzouzi Hammouch,Café,Formel,Avenue Kiraouane Hay Lamsalla Ain Kadouss,34.0628846,-5.0072608,icons/cafe.png,OSM
Fès-Meknès,Snack El Ghali Mhamdi,Restaurant,Formel,Avenue Kiraouane Hay Lamsalla Ain Kadouss,34.0629254,-5.0071696,icons/restaurant.png,OSM
Fès-Meknès,Café Imouzzer Loukili Driss,Café,Formel,Avenue Kiraouane Hay Lamsalla Ain Kadouss,34.063118,-5.0065905,icons/cafe.png,OSM
Fès-Meknès,Café Sahli Mohamed,Café,Formel,Hay El Moufarrih N : 52 Rue 209 Ain Haroun,34.0645686,-5.0041425,icons/cafe.png,OSM
Fès-Meknès,Cremerie Osmane Abdelati,Café,Formel,Avenue Tarik Bnou Ziad Hay El Moufarrih Ain Haroun,34.0652198,-5.0043926,icons/cafe.png,OSM
Fès-Meknès,Café Fatine Alami Fouzia,Café,Formel,Avenue Tarek Bnou Ziad Hay El Moufarraih Rue 210 Ain Haroun,34.0658609,-5.0043653,icons/cafe.png,OSM
Fès-Meknès,Café Hadika Laghrissi Lahsen,Café,Formel,Hay El Moufarrih Rue 8 Ain Haroun,34.06513,-5.0033913,icons/cafe.png,OSM
Fès-Meknès,Cremerie Essabahi Hassan,Café,Formel,Hay El Moufarraih Rue 209 Ain Haroun,34.0648922,-5.0040341,icons/cafe.png,OSM
Fès-Meknès,Café Al Moudir,Café,Formel,Avenue Tarek Bnou Ziad Hay El Moufarraih Rue 210 Ain Haroun,34.0656818,-5.0042683,icons/cafe.png,OSM
Fès-Meknès,Café Yanboue Bourakkadi Smail,Café,Formel,Avenue Tarek Bnou Ziad Hay El Moufarraih Rue 210 Ain Haroun,34.0650629,-5.0048715,icons/cafe.png,OSM
Fès-Meknès,Café El Mountazah Ait El Jid El Hassan,Café,Formel,Avenue Tarek Bnou Ziad Rue 210 Hay Lamsalla Ain Haroun,34.0638629,-5.0087245,icons/cafe.png,OSM
Fès-Meknès,Cremerie El Youssefi Ennabih Rachid,Café,Formel,Avenue Tarek Bnou Ziad Rue 210 et Rue 208 Hay Lamsalla Ain Kadouss,34.0638973,-5.0085092,icons/cafe.png,OSM
Fès-Meknès,Kiosque Café et Tabac Abd Idamer,Café,Formel,Place 11Janvier Ben Debbab,34.0646357,-5.000446,icons/cafe.png,OSM
Fès-Meknès,Kiosque Cremerie Mountazah,Café,Formel,Pres de La Pharmacie Bnou El Hassan et Arrondissement Mariniyine Ain Kadouss,34.0601273,-5.0046947,icons/cafe.png,OSM
Fès-Meknès,Snack El Hayani Driouech Ahmed et El Mahzoume Rabia,Restaurant,Formel,Avenue Mourabitine N : 1 Face Palais Royal Ain Kadousd,34.0586917,-5.0037361,icons/restaurant.png,OSM
Fès-Meknès,Cafe mabrouka مقهى مبروكة,Café,Formel,Rue 1 زنقة,33.854335,-5.5277515,icons/cafe.png,OSM
Fès-Meknès,Palais Medina,Restaurant,Formel,Palais Medina,34.0590107,-4.9724176,icons/restaurant.png,OSM
Fès-Meknès,Café sans nom,Café,Formel,Café sans nom,33.5285884,-5.1073713,icons/cafe.png,OSM
Fès-Meknès,Restaurant Trésors مطعم كنوز,Restaurant,Formel,Restaurant Trésors مطعم كنوز,33.8954544,-5.5661849,icons/restaurant.png,OSM
Fès-Meknès,Four à pain فرن الخبز,Boulangerie,Formel,Four à pain فرن الخبز,33.8958092,-5.5653681,icons/bakery.png,OSM
Fès-Meknès,Bristol,Café,Formel,Bristol,34.0291991,-5.0428727,icons/cafe.png,OSM
Fès-Meknès,Station Fes,Restaurant,Formel,Station Fes,34.0475355,-5.0051733,icons/restaurant.png,OSM
Fès-Meknès,Café sans nom,Café,Formel,Café sans nom,34.0291113,-5.0429167,icons/cafe.png,OSM
Fès-Meknès,Bakery Shop,Boulangerie,Formel,Bakery Shop,33.8958253,-5.5681818,icons/bakery.png,OSM
Fès-Meknès,LA GARE,Café,Formel,LA GARE,34.2310806,-4.008029,icons/cafe.png,OSM
Fès-Meknès,cafè pyramide,Café,Formel,cafè pyramide,34.2309854,-4.010711,icons/cafe.png,OSM
Fès-Meknès,café al ghazala,Café,Formel,café al ghazala,34.2304848,-4.0087496,icons/cafe.png,OSM
Fès-Meknès,Torche,Café,Formel,Torche,33.6856016,-5.3744924,icons/cafe.png,OSM
Fès-Meknès,Café Cap d'Or,Café,Formel,Route Aïn Smen,34.0097048,-5.0265007,icons/cafe.png,OSM
Fès-Meknès,Café Molina,Café,Formel,Route Aïn Smen طريق عين السمن,34.0121743,-5.0261447,icons/cafe.png,OSM
Fès-Meknès,Café L'heure du café,Café,Formel,Route Aïn Smen طريق عين السمن,34.0131063,-5.024419,icons/cafe.png,OSM
Fès-Meknès,Café Cap de l'Eau,Café,Formel,Rue lalla soukaina,34.018021,-5.027401,icons/cafe.png,OSM
Fès-Meknès,Café Roma,Café,Formel,AV Sanabil Zouagha Haute,34.0225493,-5.036128,icons/cafe.png,OSM
Fès-Meknès,Café,Café,Formel,HAY Jdid Zouagha Haute,34.0171063,-5.0349499,icons/cafe.png,OSM
Fès-Meknès,"Poterie BELLAMLIH sarl ""BELPOT""",Supérette / Mini-market,Formel,"Poterie BELLAMLIH sarl ""BELPOT""",33.9221954,-5.5658455,icons/convenience.png,OSM
Fès-Meknès,adil grillade,Restaurant,Formel,adil grillade,34.0389317,-5.0003359,icons/restaurant.png,OSM
Fès-Meknès,patisserie l espoir مخبزة الامل,Boutique de confiserie,Informel,patisserie l espoir مخبزة الامل,34.0597662,-5.0341143,icons/confectionery.png,OSM
Fès-Meknès,Snack el baraka,Restaurant,Formel,Snack el baraka,33.895205,-5.5623121,icons/restaurant.png,OSM
Fès-Meknès,Made in M,Restaurant,Formel,"Rue Talaâ Kbira الطالعة الكبيرة, Fes Médina",34.0632822,-4.9817285,icons/restaurant.png,OSM
Fès-Meknès,Cattefour Market Route Sefrou,Supérette / Mini-market,Formel,Fès,34.030025,-4.9931128,icons/convenience.png,OSM
Fès-Meknès,Carrefour,Supermarché,Formel,Fès,34.0460568,-4.9945148,icons/supermarket.png,OSM
Fès-Meknès,Dar ryad Sefrou,Restaurant,Formel,Dar ryad Sefrou,33.8280903,-4.8421203,icons/restaurant.png,OSM
Fès-Meknès,Le kiosk,Restaurant,Formel,Le kiosk,34.0354057,-5.0101733,icons/restaurant.png,OSM
Fès-Meknès,Ben Yamna,Restaurant,Formel,Ben Yamna,34.0668767,-4.9715665,icons/restaurant.png,OSM
Fès-Meknès,El Forno,Restaurant,Formel,El Forno,34.0633479,-4.9817679,icons/restaurant.png,OSM
Fès-Meknès,Restaurant sans nom,Restaurant,Formel,Restaurant sans nom,34.0644121,-4.9790433,icons/restaurant.png,OSM
Fès-Meknès,Restaurant Baraka,Restaurant,Formel,rue My Abdellah ben Ahmed,33.8959864,-5.5652083,icons/restaurant.png,OSM
Fès-Meknès,Café up doun,Café,Formel,Café up doun,34.037353,-5.0224,icons/cafe.png,OSM
Fès-Meknès,Café ISEO,Café,Formel,Café ISEO,34.0379758,-5.02241,icons/cafe.png,OSM
Fès-Meknès,Café Al jadawil,Café,Formel,Café Al jadawil,34.0381323,-5.0224023,icons/cafe.png,OSM
Fès-Meknès,Nacho mama,Restaurant,Formel,Nacho mama,34.0643429,-4.9794083,icons/restaurant.png,OSM
Fès-Meknès,Le Peroke Cafe Restaurant,Restaurant,Formel,"derb Agoual sefli Rue Talâa Saghira, Fes Médina",34.0617289,-4.981042,icons/restaurant.png,OSM
Fès-Meknès,Restaurant sans nom,Restaurant,Formel,Restaurant sans nom,33.5255142,-5.1159529,icons/restaurant.png,OSM
Fès-Meknès,مقهى بلير,Café,Formel,Avenue Omar Ibn Al Khattab شارع عمر ابن الخطاب,34.0374107,-5.0134117,icons/cafe.png,OSM
Fès-Meknès,Restaurante muy bueno.,Restaurant,Formel,Restaurante muy bueno.,33.9652301,-5.0319336,icons/restaurant.png,OSM
Fès-Meknès,Restaurant Aisha,Restaurant,Formel,"Derb Lachkar Kbabine, Meknès",33.8965753,-5.5657051,icons/restaurant.png,OSM
Fès-Meknès,Le Coin des Artistes,Restaurant,Formel,"32, Rue Isisco, Place de la Casbah, Derb Mernissi, Fès",34.060956,-4.9832393,icons/restaurant.png,OSM
Fès-Meknès,Café Maamoura Salon de té,Café,Formel,Place Batha,34.06011,-4.9817591,icons/cafe.png,OSM
Fès-Meknès,Café AFAF,Café,Formel,Avenue Batha,34.0595771,-4.9818023,icons/cafe.png,OSM
Fès-Meknès,Café sans nom,Café,Formel,Café sans nom,33.8951464,-5.5661323,icons/cafe.png,OSM
Fès-Meknès,Sadik Food,Restaurant,Formel,"Avenue Mohammed VI شارع محمد السادس, Meknès ⴰⵎⴽⵏⴰⵙ مكناس",33.8607819,-5.5774057,icons/restaurant.png,OSM
Fès-Meknès,Snack primo,Restaurant,Formel,Snack primo,34.0541281,-4.9897069,icons/restaurant.png,OSM
Fès-Meknès,Café sans nom,Café,Formel,Café sans nom,34.0595526,-4.9818371,icons/cafe.png,OSM
Fès-Meknès,Restaurant sans nom,Restaurant,Formel,Restaurant sans nom,33.8784647,-5.5618509,icons/restaurant.png,OSM
Fès-Meknès,l'agora cafe,Café,Formel,l'agora cafe,33.8988575,-5.5521738,icons/cafe.png,OSM
Fès-Meknès,Restaurant sans nom,Restaurant,Formel,Restaurant sans nom,33.8931042,-5.5644056,icons/restaurant.png,OSM
Fès-Meknès,Encanto,Café,Formel,Encanto,34.0605221,-4.98183,icons/cafe.png,OSM
Fès-Meknès,Pharmacie la Ville Ancienne صيدلية المدينة القديمة,Parapharmacie,Formel,Meknès,33.8973751,-5.5656767,icons/pharmacy.png,OSM
Fès-Meknès,Miami's Food,Restaurant,Formel,Miami's Food,33.8936974,-5.5634309,icons/restaurant.png,OSM
Fès-Meknès,Restaurant sans nom,Restaurant,Formel,Restaurant sans nom,34.0572924,-5.5243816,icons/restaurant.png,OSM
Fès-Meknès,Pharmacie El Haboul صيدلية الهابول,Parapharmacie,Formel,"Rue Sidi Hammouch, Meknès",33.8976684,-5.5629971,icons/pharmacy.png,OSM
Fès-Meknès,Supermarché sans nom,Supermarché,Formel,Supermarché sans nom,33.8952978,-5.5622442,icons/supermarket.png,OSM
Fès-Meknès,Pharmacie Hamria صيدلية الحمرية,Parapharmacie,Formel,"Zankat Ferhat Hachehad, Meknès مكناس",33.9000913,-5.5555244,icons/pharmacy.png,OSM
Fès-Meknès,Café Restaurant Mrani,Restaurant,Formel,Café Restaurant Mrani,33.2340786,-5.0582077,icons/restaurant.png,OSM
Fès-Meknès,Cafe Restaurant Oum Arabiaa,Restaurant,Formel,Cafe Restaurant Oum Arabiaa,33.233421,-5.0581409,icons/restaurant.png,OSM
Fès-Meknès,Berrada Family Restaurant,Restaurant,Formel,Berrada Family Restaurant,34.066292,-4.9748846,icons/restaurant.png,OSM
Fès-Meknès,Café Abdollah,Café,Formel,Café Abdollah,34.0635284,-4.9781422,icons/cafe.png,OSM
Fès-Meknès,Restaurant sans nom,Restaurant,Formel,Restaurant sans nom,33.8408073,-4.9841815,icons/restaurant.png,OSM
Fès-Meknès,Restaurant sans nom,Restaurant,Formel,Restaurant sans nom,33.8962306,-4.9844443,icons/restaurant.png,OSM
Fès-Meknès,Agadir مخبزة أكادير,Boulangerie,Formel,Agadir مخبزة أكادير,33.901595,-5.541901,icons/bakery.png,OSM
Fès-Meknès,Restaurant sans nom,Restaurant,Formel,Restaurant sans nom,34.0593446,-4.9802428,icons/restaurant.png,OSM
Fès-Meknès,Pharmacie Setti Messaouda صيدلية ستي مسعودة,Parapharmacie,Formel,Sefrou ⵚⴼⵕⵓ صفرو,33.8313983,-4.8351288,icons/pharmacy.png,OSM
Fès-Meknès,ES027,Supérette / Mini-market,Formel,Toulal,33.9053617,-5.6028255,icons/convenience.png,OSM
Fès-Meknès,Vegetable seller,Épicerie,Informel,Vegetable seller,33.8970898,-5.546184,icons/greengrocer.png,OSM
Fès-Meknès,Café de l'aviation,Café,Formel,Avenue Idriss II شارع إدريس الثاني,33.8964489,-5.5455935,icons/cafe.png,OSM
Fès-Meknès,la villa cafe,Café,Formel,la villa cafe,33.896905,-5.5465233,icons/cafe.png,OSM
Fès-Meknès,Amazigh Cafe,Café,Formel,Amazigh Cafe,33.8968527,-5.5466037,icons/cafe.png,OSM
Fès-Meknès,Cafe Lavasa,Café,Formel,Cafe Lavasa,33.8969629,-5.5464227,icons/cafe.png,OSM
Fès-Meknès,cafe vienna,Café,Formel,cafe vienna,33.8968378,-5.5463185,icons/cafe.png,OSM
Fès-Meknès,salamanca cafe,Café,Formel,salamanca cafe,33.8973555,-5.5514955,icons/cafe.png,OSM
Fès-Meknès,Café california,Café,Formel,"Avenue Idriss II شارع إدريس الثاني, Meknès",33.8963938,-5.5463143,icons/cafe.png,OSM
Fès-Meknès,Café Montréal,Café,Formel,"Avenue Idriss II شارع إدريس الثاني, Meknès",33.8966512,-5.5474649,icons/cafe.png,OSM
Fès-Meknès,café bouayadi,Café,Formel,café bouayadi,33.8967078,-5.5477087,icons/cafe.png,OSM
Fès-Meknès,Café Dimachq,Café,Formel,"Avenue Idriss II شارع إدريس الثاني, Meknès",33.8970563,-5.5490761,icons/cafe.png,OSM
Fès-Meknès,Café de la paix,Café,Formel,Café de la paix,33.8972359,-5.5461094,icons/cafe.png,OSM
Fès-Meknès,Bisara,Restaurant,Formel,Bisara,33.8967456,-5.5464426,icons/restaurant.png,OSM
Fès-Meknès,cafe ghazala,Café,Formel,cafe ghazala,33.8960556,-5.5464251,icons/cafe.png,OSM
Fès-Meknès,Café la famille,Café,Formel,Café la famille,34.0254978,-5.0441779,icons/cafe.png,OSM
Fès-Meknès,alimentation général,Supérette / Mini-market,Formel,alimentation général,33.8959148,-5.5477557,icons/convenience.png,OSM
Fès-Meknès,Pharmacie la Belle Vue صيدلية المنظر الجميل,Parapharmacie,Formel,"زنقة المنصور الذهبي, Meknès مكناس",33.9010346,-5.5545764,icons/pharmacy.png,OSM
Fès-Meknès,Cafe Galaxy,Café,Formel,Cafe Galaxy,33.9013286,-5.5549692,icons/cafe.png,OSM
Fès-Meknès,cafe shop,Café,Formel,Meknès,33.9027694,-5.5561705,icons/cafe.png,OSM
Fès-Meknès,Pharmacie Remmal صيدلية الرمال,Parapharmacie,Formel,Meknès,33.9043623,-5.5617007,icons/pharmacy.png,OSM
Fès-Meknès,Fastfood,Restaurant,Formel,Fastfood,33.6854938,-5.3708067,icons/restaurant.png,OSM
Fès-Meknès,La Fontaine,Boulangerie,Formel,La Fontaine,33.6854464,-5.3712994,icons/bakery.png,OSM
Fès-Meknès,Café,Café,Formel,Café,33.6853992,-5.3709017,icons/cafe.png,OSM
Fès-Meknès,Newspapers,Kiosque,Informel,Newspapers,33.8987277,-5.5537041,icons/kiosk.png,OSM
Fès-Meknès,Florence,Café,Formel,Florence,33.8993659,-5.5501015,icons/cafe.png,OSM
Fès-Meknès,baco's cafe,Café,Formel,baco's cafe,33.8992199,-5.5479715,icons/cafe.png,OSM
Fès-Meknès,florida cafe,Café,Formel,florida cafe,33.8963232,-5.5461122,icons/cafe.png,OSM
Fès-Meknès,La Maison Du Blé,Café,Formel,Meknès,33.8992907,-5.5522283,icons/cafe.png,OSM
Fès-Meknès,cafe shop,Café,Formel,cafe shop,33.8987836,-5.5516553,icons/cafe.png,OSM
Fès-Meknès,cafe shop,Café,Formel,cafe shop,33.8994025,-5.5511634,icons/cafe.png,OSM
Fès-Meknès,Beethoven,Café,Formel,Beethoven,33.5289815,-5.1098598,icons/cafe.png,OSM
Fès-Meknès,Café Omnia,Café,Formel,Café Omnia,33.8977033,-5.5465628,icons/cafe.png,OSM
Fès-Meknès,café Restaurant Al Akhawayne,Restaurant,Formel,café Restaurant Al Akhawayne,33.1586367,-5.566027,icons/restaurant.png,OSM
Fès-Meknès,Café Restaurant Salma,Café,Formel,Café Restaurant Salma,33.8911424,-5.5634227,icons/cafe.png,OSM
Fès-Meknès,Ben Lemlih,Restaurant,Formel,Ben Lemlih,34.0624935,-4.982647,icons/restaurant.png,OSM
Fès-Meknès,Restaurant sans nom,Restaurant,Formel,Restaurant sans nom,34.0632933,-4.9730327,icons/restaurant.png,OSM
Fès-Meknès,Palais Des Glaces,Café,Formel,Meknès,33.8974559,-5.5510935,icons/cafe.png,OSM
Fès-Meknès,Restaurant sans nom,Restaurant,Formel,Restaurant sans nom,34.4481874,-5.5082318,icons/restaurant.png,OSM
Fès-Meknès,Mécafé,Restaurant,Formel,Place R'cif ساحة الرصيف,34.0622009,-4.9726314,icons/restaurant.png,OSM
Fès-Meknès,Supermarché sans nom,Supermarché,Formel,Rue Oussama Bnou Zayd,34.0416535,-5.0108509,icons/supermarket.png,OSM
Fès-Meknès,Barcelo,Café,Formel,Barcelo,33.8285347,-4.8298215,icons/cafe.png,OSM
Fès-Meknès,Supermarché sans nom,Supermarché,Formel,Supermarché sans nom,33.9541588,-4.994138,icons/supermarket.png,OSM
Fès-Meknès,Supérette / Mini-market sans nom,Supérette / Mini-market,Formel,Supérette / Mini-market sans nom,33.6294454,-4.9632809,icons/convenience.png,OSM
Fès-Meknès,Supérette / Mini-market sans nom,Supérette / Mini-market,Formel,Supérette / Mini-market sans nom,33.589695,-4.9731345,icons/convenience.png,OSM
Fès-Meknès,Restaurant sans nom,Restaurant,Formel,Avenue Mahmoud Al Aqqad,34.0273598,-5.0127925,icons/restaurant.png,OSM
Fès-Meknès,Restaurant sans nom,Restaurant,Formel,Restaurant sans nom,34.063412,-4.9787354,icons/restaurant.png,OSM
Fès-Meknès,Youssef,Restaurant,Formel,Youssef,34.2303445,-4.0090017,icons/restaurant.png,OSM
Fès-Meknès,Time 2,Restaurant,Formel,Time 2,34.2135177,-4.0108246,icons/restaurant.png,OSM
Fès-Meknès,Pharmacie Al Fadila صيدلية الفضيلة,Parapharmacie,Formel,Ifrane ⵉⴼⵔⴰⵏ إفران,33.5367903,-5.1174693,icons/pharmacy.png,OSM
Fès-Meknès,Café Aswane,Café,Formel,مكناس,33.8974623,-5.5316066,icons/cafe.png,OSM
Fès-Meknès,Pizza Hut Ain Chkef,Restaurant,Formel,Pizza Hut Ain Chkef,34.0009688,-5.0114691,icons/restaurant.png,OSM
Fès-Meknès,Restaurant sans nom,Restaurant,Formel,Restaurant sans nom,34.0651623,-4.9772703,icons/restaurant.png,OSM
Fès-Meknès,NAHDA PALACE,Café,Formel,NAHDA PALACE,34.2279819,-4.0235768,icons/cafe.png,OSM
Fès-Meknès,Aeratina,Café,Formel,"Boulevard des F.A.R شارع الجيش الملكي, Meknès",33.8968715,-5.5405569,icons/cafe.png,OSM
Fès-Meknès,Cafe Everest,Café,Formel,"Avenue Yacoub Al Mansour شارع يعقوب المنصور, Meknès",33.8991489,-5.5385399,icons/cafe.png,OSM
Fès-Meknès,Le coq magique,Restaurant,Formel,Le coq magique,33.8976894,-5.5454052,icons/restaurant.png,OSM
Fès-Meknès,Club House La Fayette,Restaurant,Formel,Club House La Fayette,33.9005756,-5.5449124,icons/restaurant.png,OSM
Fès-Meknès,grocery,Supérette / Mini-market,Formel,grocery,33.9029839,-5.5563653,icons/convenience.png,OSM
Fès-Meknès,Cafe Toubkal,Café,Formel,Meknès,33.896591,-5.5440216,icons/cafe.png,OSM
Fès-Meknès,Miramar,Café,Formel,Meknès,33.8991245,-5.550198,icons/cafe.png,OSM
Fès-Meknès,cafe shop,Café,Formel,Meknès,33.8990137,-5.5493515,icons/cafe.png,OSM
Fès-Meknès,Pharmacie Al Khassa صيدلية الخصة,Parapharmacie,Formel,"Rue Safi, Meknès",33.8975448,-5.5516694,icons/pharmacy.png,OSM
Fès-Meknès,صيدلية محمد الخامس,Parapharmacie,Formel,"Rue Sultan Moulay Rachid, Meknès",33.9034292,-5.5390563,icons/pharmacy.png,OSM
Fès-Meknès,Café al khalil,Café,Formel,"شارع الوحدة الافريقية, Meknès",33.89758,-5.5506009,icons/cafe.png,OSM
Fès-Meknès,Husseini Palace,Restaurant,Formel,Meknès,33.8987584,-5.5508433,icons/restaurant.png,OSM
Fès-Meknès,Mamounia Restaurant,Restaurant,Formel,Meknès,33.8988016,-5.5506866,icons/restaurant.png,OSM
Fès-Meknès,le Chef,Restaurant,Formel,Meknès,33.9005621,-5.5499057,icons/restaurant.png,OSM
Fès-Meknès,Mauritania Azlav,Café,Formel,Meknès,33.9003615,-5.549255,icons/cafe.png,OSM
Fès-Meknès,Le Dauphin,Café,Formel,Meknès,33.9005277,-5.5490099,icons/cafe.png,OSM
Fès-Meknès,Boulangerie Pâtisserie National,Café,Formel,Meknès,33.9005248,-5.549507,icons/cafe.png,OSM
Fès-Meknès,Amigo Burger,Restaurant,Formel,Meknès,33.8996549,-5.5507782,icons/restaurant.png,OSM
Fès-Meknès,Bella Médina,Café,Formel,Meknès,33.8994156,-5.5495139,icons/cafe.png,OSM
Fès-Meknès,Traiteur and Restaurant Milano,Restaurant,Formel,"Avenue Hassan II شارع الحسن الثاني, Meknès",33.899296,-5.5513202,icons/restaurant.png,OSM
Fès-Meknès,Carrefour Market,Supermarché,Formel,Meknès,33.9023429,-5.5463983,icons/supermarket.png,OSM
Fès-Meknès,Cafe 13,Café,Formel,Cafe 13,33.905636,-5.5465628,icons/cafe.png,OSM
Fès-Meknès,Cheap local shawerma,Restaurant,Formel,Cheap local shawerma,34.0624103,-4.976862,icons/restaurant.png,OSM
Fès-Meknès,Restaurant sans nom,Restaurant,Formel,Restaurant sans nom,34.0631407,-4.9720958,icons/restaurant.png,OSM
Fès-Meknès,Restaurant sans nom,Restaurant,Formel,Restaurant sans nom,34.0624004,-4.9726498,icons/restaurant.png,OSM
Fès-Meknès,Dar Tresor,Restaurant,Formel,Dar Tresor,34.0580855,-4.9770973,icons/restaurant.png,OSM
Fès-Meknès,Restaurant sans nom,Restaurant,Formel,Restaurant sans nom,34.0606898,-4.9733499,icons/restaurant.png,OSM
Fès-Meknès,Restaurant sans nom,Restaurant,Formel,Rue de Beyrouth,33.8981172,-5.547038,icons/restaurant.png,OSM
Fès-Meknès,Al Oud,Restaurant,Formel,Rue Talaâ Kbira الطالعة الكبيرة,34.0633692,-4.9817541,icons/restaurant.png,OSM
Fès-Meknès,Veggie Pause,Restaurant,Formel,"Rue El Barid, Fes Médina",34.0612723,-4.9829266,icons/restaurant.png,OSM
Fès-Meknès,Pharmacie Al Amane صيدلية الأمان,Parapharmacie,Formel,Meknès,33.8950345,-5.5018431,icons/pharmacy.png,OSM
Fès-Meknès,Pharmacie El Bassatine صيدلية البساتين,Parapharmacie,Formel,Meknès,33.8932285,-5.5038071,icons/pharmacy.png,OSM
Fès-Meknès,Pharmacie Al Qods صبدلية القدس,Parapharmacie,Formel,Meknès,33.8967707,-5.5064893,icons/pharmacy.png,OSM
Fès-Meknès,Pharmacie Yasmina صيدلية ياسمينة,Parapharmacie,Formel,Meknès,33.8969791,-5.5031373,icons/pharmacy.png,OSM
Fès-Meknès,Classico,Café,Formel,Classico,34.0650004,-4.9776223,icons/cafe.png,OSM
Fès-Meknès,Restaurant sans nom,Restaurant,Formel,Restaurant sans nom,33.8792347,-5.5627396,icons/restaurant.png,OSM
Fès-Meknès,Café sans nom,Café,Formel,Café sans nom,33.8687461,-5.5601756,icons/cafe.png,OSM
Fès-Meknès,Restaurant sans nom,Restaurant,Formel,Restaurant sans nom,34.0590808,-5.5179412,icons/restaurant.png,OSM
Fès-Meknès,Pharmacie Azzouhour صيدلية الزهور,Parapharmacie,Formel,Meknès,33.8841046,-5.4992485,icons/pharmacy.png,OSM
Fès-Meknès,Pharmacie Plaisance صيدلية السرور,Parapharmacie,Formel,Meknès ⴰⵎⴽⵏⴰⵙ مكناس,33.9012001,-5.5032079,icons/pharmacy.png,OSM
Fès-Meknès,Pharmacie Achouhadaa صيدلية الشهداء,Parapharmacie,Formel,Meknès,33.8844602,-5.5058506,icons/pharmacy.png,OSM
Fès-Meknès,Pharmacie Dar Achifae صيدلي دار الشفاء,Parapharmacie,Formel,Meknès,33.8831181,-5.5029383,icons/pharmacy.png,OSM
Fès-Meknès,Pharmacie O.L.M صيدلية الحي العسكري,Parapharmacie,Formel,Meknès,33.8898712,-5.5039345,icons/pharmacy.png,OSM
Fès-Meknès,Pharmacie 15 Mars صيدلية 15 مارس,Parapharmacie,Formel,Meknès ⴰⵎⴽⵏⴰⵙ مكناس,33.884792,-5.494247,icons/pharmacy.png,OSM
Fès-Meknès,Pharmacie Hopital Militaire صيدلية المستشفى الجامعي,Parapharmacie,Formel,Meknès,33.8895354,-5.5130278,icons/pharmacy.png,OSM
Fès-Meknès,Pharmacie Boughaleb صيدلية بوغالب,Parapharmacie,Formel,Meknès ⴰⵎⴽⵏⴰⵙ مكناس,33.8919295,-5.5004681,icons/pharmacy.png,OSM
Fès-Meknès,Pharmacie Al Mouna صيدلية المنى,Parapharmacie,Formel,Meknès,33.8902353,-5.5161167,icons/pharmacy.png,OSM
Fès-Meknès,Pharmacie Oum El Ghait صيدلية أم الغيث,Parapharmacie,Formel,Meknès,33.8881912,-5.4998354,icons/pharmacy.png,OSM
Fès-Meknès,Pharmacie Youness صيدلية يونس,Parapharmacie,Formel,Meknès ⴰⵎⴽⵏⴰⵙ مكناس,33.8868438,-5.4974886,icons/pharmacy.png,OSM
Fès-Meknès,Pharmacie Ibn Nafis صيدلية إبن النفيس,Parapharmacie,Formel,Meknès,33.894141,-5.507452,icons/pharmacy.png,OSM
Fès-Meknès,Pharmacie Essaadiyine صيدلية السعدييين,Parapharmacie,Formel,Meknès,33.8906018,-5.5251897,icons/pharmacy.png,OSM
Fès-Meknès,Pharmacie Chams صيدلية الشمس,Parapharmacie,Formel,"Avenue Saadiyine, Meknès",33.8932979,-5.5173656,icons/pharmacy.png,OSM
Fès-Meknès,Pharmacie Ain Slougui صيدلية عين السلوقي,Parapharmacie,Formel,Meknès,33.8917207,-5.5061904,icons/pharmacy.png,OSM
Fès-Meknès,Pharmacie Mekka صيدلية مكة,Parapharmacie,Formel,Meknès,33.891225,-5.5191875,icons/pharmacy.png,OSM
Fès-Meknès,Pharmacie In Yansorkom Allah صيدلية ان ينصركم الله,Parapharmacie,Formel,Meknès ⴰⵎⴽⵏⴰⵙ مكناس,33.8955407,-5.4992075,icons/pharmacy.png,OSM
Fès-Meknès,Pharmacie Al Ikhlasse صيدلية الإخلاص,Parapharmacie,Formel,Meknès ⴰⵎⴽⵏⴰⵙ مكناس,33.8903317,-5.4985103,icons/pharmacy.png,OSM
Fès-Meknès,Pharmacie Jawharat Al Bassatine صيدلية جوهرة البساتين,Parapharmacie,Formel,Meknès ⴰⵎⴽⵏⴰⵙ مكناس,33.88042,-5.4951141,icons/pharmacy.png,OSM
Fès-Meknès,Pharmacie Bismillah صيدلية بسم الله,Parapharmacie,Formel,"Avenue Saadiyine, Meknès",33.8923816,-5.5107958,icons/pharmacy.png,OSM
Fès-Meknès,Pharmacie Hayati صيدلية حياتي,Parapharmacie,Formel,Meknès,33.8892021,-5.5077668,icons/pharmacy.png,OSM
Fès-Meknès,Pharmacie Anass صيدلية أناس,Parapharmacie,Formel,Meknès,33.8875944,-5.503027,icons/pharmacy.png,OSM
Fès-Meknès,مقهى الإدريسي,Café,Formel,مقهى الإدريسي,34.0154108,-5.046685,icons/cafe.png,OSM
Fès-Meknès,Cafe wissam,Café,Formel,Meknès,33.8942943,-5.5604283,icons/cafe.png,OSM
Fès-Meknès,Restaurant sans nom,Restaurant,Formel,Boulevard Ahmed Ben Mohamed,34.0603512,-4.9725261,icons/restaurant.png,OSM
Fès-Meknès,Restaurant sans nom,Restaurant,Formel,Restaurant sans nom,34.053889,-4.9888917,icons/restaurant.png,OSM
Fès-Meknès,Supermarché sans nom,Supermarché,Formel,Supermarché sans nom,34.0538789,-4.9888428,icons/supermarket.png,OSM
Fès-Meknès,Café sans nom,Café,Formel,Café sans nom,34.0539423,-4.9888872,icons/cafe.png,OSM
Fès-Meknès,Restaurant sans nom,Restaurant,Formel,Restaurant sans nom,34.0619235,-4.9728781,icons/restaurant.png,OSM
Fès-Meknès,restaurant hanafi,Restaurant,Formel,restaurant hanafi,34.0621301,-4.9830908,icons/restaurant.png,OSM
Fès-Meknès,Snack Ba Taib,Restaurant,Formel,Snack Ba Taib,33.8954146,-5.5650033,icons/restaurant.png,OSM
Fès-Meknès,Fezvacationtours,Restaurant,Formel,Dhar richa,34.0704816,-4.9832938,icons/restaurant.png,OSM
Fès-Meknès,Restaurant sans nom,Restaurant,Formel,Restaurant sans nom,33.2917492,-5.4906941,icons/restaurant.png,OSM
Fès-Meknès,Gloria,Café,Formel,Gloria,34.2254146,-5.7115089,icons/cafe.png,OSM
Fès-Meknès,Pharmacie Riad Chafi صيدلية رياض الشافي,Parapharmacie,Formel,"Avenue Naoual, Fès",34.0164626,-4.9599062,icons/pharmacy.png,OSM
Fès-Meknès,Pause Cafe,Café,Formel,Meknès,33.9001413,-5.5739325,icons/cafe.png,OSM
Fès-Meknès,Pharmacie de l'Hôtel de Ville صيدلية القصر البلدي,Parapharmacie,Formel,"Rue de Paris, Meknès",33.8976017,-5.547799,icons/pharmacy.png,OSM
Fès-Meknès,Pharmacie des Urgences صيدلية المستعجلات,Parapharmacie,Formel,Meknès,33.9022043,-5.5445518,icons/pharmacy.png,OSM
Fès-Meknès,Cafe Arabica,Café,Formel,"شارع الحسن الاول, Meknès",33.9018541,-5.5416975,icons/cafe.png,OSM
Fès-Meknès,Restaurant Latino,Restaurant,Formel,"Avenue Yacoub Al Mansour شارع يعقوب المنصور, Meknès",33.9007147,-5.5400002,icons/restaurant.png,OSM
Fès-Meknès,Lina Ice,Café,Formel,"Avenue Yacoub Al Mansour شارع يعقوب المنصور, Meknès",33.8996915,-5.5390657,icons/cafe.png,OSM
Fès-Meknès,Cafe Misbah,Café,Formel,"Boulevard des F.A.R شارع الجيش الملكي, Meknès",33.8977647,-5.5387273,icons/cafe.png,OSM
Fès-Meknès,La Daurade,Restaurant,Formel,Meknès,33.8986751,-5.5368323,icons/restaurant.png,OSM
Fès-Meknès,Allo Pizza,Restaurant,Formel,Meknès,33.8998381,-5.5367942,icons/restaurant.png,OSM
Fès-Meknès,Charlo,Restaurant,Formel,"Boulevard Amir Moulay Abdallah شارع الأمير مولاي عبد الله, Meknès",33.9016567,-5.5494924,icons/restaurant.png,OSM
Fès-Meknès,Cafe La Cloche,Café,Formel,Meknès,33.9027516,-5.547042,icons/cafe.png,OSM
Fès-Meknès,Yummy,Restaurant,Formel,Yummy,33.4413705,-5.226023,icons/restaurant.png,OSM
Fès-Meknès,Café Smile,Café,Formel,Café Smile,34.0632123,-4.9818682,icons/cafe.png,OSM
Fès-Meknès,VOSS CAFE,Restaurant,Formel,"Rue 15, Fès",34.0040878,-5.0160571,icons/restaurant.png,OSM
Fès-Meknès,مشواة دادة,Restaurant,Formel,Avenue Mohammed V شارع محمد الخامس,33.9002563,-5.5467551,icons/restaurant.png,OSM
Fès-Meknès,allostore,Supermarché,Formel,"حي الأمال باب سيفر فاس, Fès",34.0698119,-5.008803,icons/supermarket.png,OSM
Fès-Meknès,متجر السعديين للمواد الغذائية,Supérette / Mini-market,Formel,Avenue Saadiyine,33.8932318,-5.5217761,icons/convenience.png,OSM
Fès-Meknès,Shama Market,Épicerie,Informel,"Boulevard des F.A.R شارع الجيش الملكي, Meknès ⴰⵎⴽⵏⴰⵙ مكناس",33.8994324,-5.5189266,icons/greengrocer.png,OSM
Fès-Meknès,Pharmacie Mamounia صيدلية المامونية,Parapharmacie,Formel,"Boulevard des F.A.R شارع الجيش الملكي, Meknès ⴰⵎⴽⵏⴰⵙ مكناس",33.8993354,-5.5227433,icons/pharmacy.png,OSM
Fès-Meknès,Urban rouge,Boulangerie,Formel,"Boulevard des F.A.R شارع الجيش الملكي, Meknès ⴰⵎⴽⵏⴰⵙ مكناس",33.8992042,-5.5270002,icons/bakery.png,OSM
Fès-Meknès,Pharmacie Ibn Khaldoun صيدلية بن خلدون,Parapharmacie,Formel,"Boulevard des F.A.R شارع الجيش الملكي, Meknès ⴰⵎⴽⵏⴰⵙ مكناس",33.8984297,-5.5297934,icons/pharmacy.png,OSM
Fès-Meknès,Big Boy,Restaurant,Formel,"Boulevard des F.A.R شارع الجيش الملكي, Meknès ⴰⵎⴽⵏⴰⵙ مكناس",33.8980956,-5.5333072,icons/restaurant.png,OSM
Fès-Meknès,Pharmacie Al Masjid صيدلية المسجد,Parapharmacie,Formel,"Boulevard des F.A.R شارع الجيش الملكي, Meknès ⴰⵎⴽⵏⴰⵙ مكناس",33.8979014,-5.5355239,icons/pharmacy.png,OSM
Fès-Meknès,Cafe charkia,Café,Formel,Cafe charkia,33.8941748,-5.5569306,icons/cafe.png,OSM
Fès-Meknès,Duplex,Café,Formel,Duplex,33.8937377,-5.5562998,icons/cafe.png,OSM
Fès-Meknès,النجمة البيضاء,Café,Formel,Avenue Saadiyine,33.89346,-5.518538,icons/cafe.png,OSM
Fès-Meknès,Supérette / Mini-market sans nom,Supérette / Mini-market,Formel,Avenue Saadiyine,33.8935131,-5.5171392,icons/convenience.png,OSM
Fès-Meknès,Café sans nom,Café,Formel,Café sans nom,34.0023219,-5.0120621,icons/cafe.png,OSM
Fès-Meknès,قصر رحاب,Café,Formel,Boulevard des F.A.R شارع الجيش الملكي,33.901646,-5.5030467,icons/cafe.png,OSM
Fès-Meknès,قصر المنزه,Café,Formel,Boulevard des F.A.R شارع الجيش الملكي,33.9001474,-5.5053224,icons/cafe.png,OSM
Fès-Meknès,L' Artisan Kebab,Restaurant,Formel,L' Artisan Kebab,33.8591822,-5.5751577,icons/restaurant.png,OSM
Fès-Meknès,Le gouffre,Café,Formel,Le gouffre,34.2175756,-4.0053818,icons/cafe.png,OSM
Fès-Meknès,Café du jour,Café,Formel,Café du jour,34.0227201,-5.0402496,icons/cafe.png,OSM
Fès-Meknès,Pharmacie La Gare صيدلية المحطة,Parapharmacie,Formel,Missour,33.042908,-4.003711,icons/pharmacy.png,OSM
Fès-Meknès,Pharmacie Oum Errabia صيدلية أم الربيع,Parapharmacie,Formel,"Avenue Mohamed V, MRIRT",33.1602441,-5.5664611,icons/pharmacy.png,OSM
Fès-Meknès,Pharmacie M'rirt صيدلية مريرت,Parapharmacie,Formel,"Avenue Mohamed V, M'rirt ⵎⵔⵉⵔⵜ مريرت",33.16803,-5.5657866,icons/pharmacy.png,OSM
Fès-Meknès,Pharmacie Centrale De L'Atlas صيدلية الأطلس المركزية,Parapharmacie,Formel,"Avenue Mohamed V, M'rirt ⵎⵔⵉⵔⵜ مريرت",33.1695788,-5.5659439,icons/pharmacy.png,OSM
Fès-Meknès,Pharmacie Al Masjid صيدلية المسجد,Parapharmacie,Formel,M'rirt,33.1688983,-5.5684933,icons/pharmacy.png,OSM
Fès-Meknès,Pharmacie Souk Lakhmiss صيدلية سوق الخميس,Parapharmacie,Formel,M'rirt ⵎⵔⵉⵔⵜ مريرت,33.1744899,-5.5642326,icons/pharmacy.png,OSM
Fès-Meknès,Pharmacie El Ayoubi صيدلية الأيوبي,Parapharmacie,Formel,"Avenue Mohamed V, M'rirt ⵎⵔⵉⵔⵜ مريرت",33.164615,-5.566248,icons/pharmacy.png,OSM
Fès-Meknès,Pharmacie Ait Sgougou صيدلية أيت سغوغو,Parapharmacie,Formel,M'rirt ⵎⵔⵉⵔⵜ مريرت,33.1629049,-5.5700332,icons/pharmacy.png,OSM
Fès-Meknès,Pharmacie Nouvelle الصيدلية الجديدة,Parapharmacie,Formel,"Avenue Mohamed V, M'rirt",33.1561604,-5.566058,icons/pharmacy.png,OSM
Fès-Meknès,Pharmacie El Basatine صيدلية البساتين,Parapharmacie,Formel,M'rirt ⵎⵔⵉⵔⵜ مريرت,33.1658583,-5.5697536,icons/pharmacy.png,OSM
Fès-Meknès,Pharmacie de l’Hôpital صيدلية المستشفى,Parapharmacie,Formel,M'rirt ⵎⵔⵉⵔⵜ مريرت,33.1622396,-5.5621486,icons/pharmacy.png,OSM
Fès-Meknès,Pharmacie Al Bouchra صيدلية البشرى,Parapharmacie,Formel,Azrou ⴰⵣⵔⵓ أزرو,33.4309537,-5.2280042,icons/pharmacy.png,OSM
Fès-Meknès,Pharmacie Hanan صيدلية حنان,Parapharmacie,Formel,Azrou ⴰⵣⵔⵓ أزرو,33.4317179,-5.2237962,icons/pharmacy.png,OSM
Fès-Meknès,Pharmacie Rachad صيدلية رشاد,Parapharmacie,Formel,Azrou ⴰⵣⵔⵓ أزرو,33.4302926,-5.2263468,icons/pharmacy.png,OSM
Fès-Meknès,Pharmacie Centrale الصيدلية المركزية,Parapharmacie,Formel,Azrou ⴰⵣⵔⵓ أزرو,33.4330817,-5.2232744,icons/pharmacy.png,OSM
Fès-Meknès,Pharmacie Moyen Atlas صيدلية الأطلس المتوسط,Parapharmacie,Formel,Azrou ⴰⵣⵔⵓ أزرو,33.4380977,-5.2214376,icons/pharmacy.png,OSM
Fès-Meknès,Pharmacie Akchmir صيدلية أقشمير,Parapharmacie,Formel,Azrou ⴰⵣⵔⵓ أزرو,33.4380086,-5.2231061,icons/pharmacy.png,OSM
Fès-Meknès,Pharmacie Assaada صيدلية السعادة,Parapharmacie,Formel,Azrou أزرو,33.4380659,-5.2266777,icons/pharmacy.png,OSM
Fès-Meknès,Pharmacie Al Arabi صيدلية العربي,Parapharmacie,Formel,Azrou ⴰⵣⵔⵓ أزرو,33.4395474,-5.2243742,icons/pharmacy.png,OSM
Fès-Meknès,Pharmacie Arz صيدلية الأرز,Parapharmacie,Formel,Azrou أزرو,33.4422662,-5.2286382,icons/pharmacy.png,OSM
Fès-Meknès,Pharmacie Merchich صيدلية مرشيش,Parapharmacie,Formel,Azrou ⴰⵣⵔⵓ أزرو,33.4482429,-5.2258117,icons/pharmacy.png,OSM
Fès-Meknès,Pharmacie Yousra صيدلية يسرى,Parapharmacie,Formel,Azrou ⴰⵣⵔⵓ أزرو,33.4454033,-5.2202834,icons/pharmacy.png,OSM
Fès-Meknès,Pharmacie Sanawbar صيدلية الصنوبر,Parapharmacie,Formel,Azrou ⴰⵣⵔⵓ أزرو,33.4499676,-5.2221602,icons/pharmacy.png,OSM
Fès-Meknès,Pharmacie Al Amraoui صيدلية العمراوي,Parapharmacie,Formel,Azrou أزرو,33.4459931,-5.2294191,icons/pharmacy.png,OSM
Fès-Meknès,Pharmacie Ibn Sina صيدلية ابن سينا,Parapharmacie,Formel,Azrou أزرو,33.4456602,-5.2258797,icons/pharmacy.png,OSM
Fès-Meknès,Pharmacie Marina صيدلية مارينا,Parapharmacie,Formel,Azrou أزرو,33.4467675,-5.2227049,icons/pharmacy.png,OSM
Fès-Meknès,Pharmacie Palmier صيدلية النخيل,Parapharmacie,Formel,Azrou أزرو,33.4491523,-5.2297949,icons/pharmacy.png,OSM
Fès-Meknès,Pharmacie Ain Aghbal صيدلية عين أغبال,Parapharmacie,Formel,Azrou ⴰⵣⵔⵓ أزرو,33.4478467,-5.219486,icons/pharmacy.png,OSM
Fès-Meknès,Pharmacie El Ihssane صيدلية الاحسان,Parapharmacie,Formel,Azrou ⴰⵣⵔⵓ أزرو,33.4525789,-5.2241936,icons/pharmacy.png,OSM
Fès-Meknès,Pharmacie Ahadaf صيدلية أحداف,Parapharmacie,Formel,Azrou ⴰⵣⵔⵓ أزرو,33.4433819,-5.2246834,icons/pharmacy.png,OSM
Fès-Meknès,Pharmacie Takouine صيدلية التكوين,Parapharmacie,Formel,Azrou أزرو,33.4515195,-5.2286994,icons/pharmacy.png,OSM
Fès-Meknès,Pharmacie Sara صيدلية سارة,Parapharmacie,Formel,Azrou ⴰⵣⵔⵓ أزرو,33.4548128,-5.22655,icons/pharmacy.png,OSM
Fès-Meknès,Pharmacie Ramis صيدلية رامييس,Parapharmacie,Formel,Azrou ⴰⵣⵔⵓ أزرو,33.4528555,-5.2208752,icons/pharmacy.png,OSM
Fès-Meknès,Pharmacie Adam صيدلية اَدم,Parapharmacie,Formel,Azrou ⴰⵣⵔⵓ أزرو,33.4475886,-5.2323047,icons/pharmacy.png,OSM
Fès-Meknès,Pharmacie Dispensaire صيدلية المستوصف,Parapharmacie,Formel,Ifrane,33.5197176,-5.1193816,icons/pharmacy.png,OSM
Fès-Meknès,Pharmacie Des Iris صيدلية سوسن,Parapharmacie,Formel,IFRANE,33.5258284,-5.1164239,icons/pharmacy.png,OSM
Fès-Meknès,Pharmacie Hiba صيدلية هبة,Parapharmacie,Formel,Ifrane,33.5426192,-5.1192732,icons/pharmacy.png,OSM
Fès-Meknès,Pharmacie Vitelle صيدلية فيتال,Parapharmacie,Formel,Ifrane,33.5408866,-5.1188462,icons/pharmacy.png,OSM
Fès-Meknès,Pharmacie Bel Yazid صيدلية بليازيد,Parapharmacie,Formel,Ifrane,33.5218121,-5.1193055,icons/pharmacy.png,OSM
Fès-Meknès,Pharmacie Michlifen صيدلية ميشليفن,Parapharmacie,Formel,Ifrane ⵉⴼⵔⴰⵏ إفران,33.5291013,-5.1069944,icons/pharmacy.png,OSM
Fès-Meknès,Pharmacie Assalam صيدلية السلام,Parapharmacie,Formel,Ifrane,33.5208532,-5.120729,icons/pharmacy.png,OSM
Fès-Meknès,Pharmacie Al Fath Essaoudi صيدلية الفتح السعودي,Parapharmacie,Formel,"Avenue Hassan 2 شارع الحسن الثاني, Azrou ⴰⵣⵔⵓ أزرو",33.444158,-5.2281667,icons/pharmacy.png,OSM
Fès-Meknès,Pharmacie Oum Rayan صيدلية أم ريان,Parapharmacie,Formel,Azrou ⴰⵣⵔⵓ أزرو,33.4423969,-5.2354294,icons/pharmacy.png,OSM
Fès-Meknès,Pharmacie Bowling صيدلية البولينغ,Parapharmacie,Formel,"Avenue Marche Verte, Ifrane إفران",33.5290447,-5.1099345,icons/pharmacy.png,OSM
Fès-Meknès,Pharmacie Al Omran صيدلية العمران,Parapharmacie,Formel,El Hajeb الحاجب,33.6692061,-5.371487,icons/pharmacy.png,OSM
Fès-Meknès,Pharmacie Hôpital Provincial صيدلية المستشفى الاقليمي,Parapharmacie,Formel,El Hajeb الحاجب,33.6790033,-5.3760801,icons/pharmacy.png,OSM
Fès-Meknès,Pharmacie Yakouta صيدلية ياقوتة,Parapharmacie,Formel,El Hajeb الحاجب,33.6813049,-5.3733742,icons/pharmacy.png,OSM
Fès-Meknès,Pharmacie Annour صيدلية النور,Parapharmacie,Formel,El Hajeb الحاجب,33.6800885,-5.3727159,icons/pharmacy.png,OSM
Fès-Meknès,Pharmacie El Yassmine صيدلية الياسمين,Parapharmacie,Formel,El Hajeb الحاجب,33.6851231,-5.3769419,icons/pharmacy.png,OSM
Fès-Meknès,Pharmacie El Hajeb صيدلية الحاجب,Parapharmacie,Formel,El Hajeb ⵍⵃⴰⵊⴱ الحاجب,33.6907681,-5.3727032,icons/pharmacy.png,OSM
Fès-Meknès,Pharmacie Biranzarane صيدلية بيرانزاران,Parapharmacie,Formel,El Hajeb الحاجب,33.6936175,-5.3696039,icons/pharmacy.png,OSM
Fès-Meknès,Pharmacie Belfkih صيدلية بلفقيه,Parapharmacie,Formel,El Hajeb الحاجب,33.6950925,-5.3657068,icons/pharmacy.png,OSM
Fès-Meknès,Pharmacie Populaire الصيدلية الشعبية,Parapharmacie,Formel,El Hajeb الحاجب,33.6929516,-5.3674743,icons/pharmacy.png,OSM
Fès-Meknès,Pharmacie Dar Al Mamouniya صيدلية دار المامونية,Parapharmacie,Formel,El Hajeb الحاجب,33.6915448,-5.369036,icons/pharmacy.png,OSM
Fès-Meknès,Pharmacie Nouvelle الصيدلية الجديدة,Parapharmacie,Formel,El Hajeb ⵍⵃⴰⵊⴱ الحاجب,33.6914884,-5.3704751,icons/pharmacy.png,OSM
Fès-Meknès,Pharmacie Al Atlas صيدلية الأطلس,Parapharmacie,Formel,El Hajeb الحاجب,33.6925221,-5.3691812,icons/pharmacy.png,OSM
Fès-Meknès,Pharmacie Ain Khadem صيدلية عين خادم,Parapharmacie,Formel,El Hajeb الحاجب,33.6938902,-5.3743329,icons/pharmacy.png,OSM
Fès-Meknès,Pharmacie Conseil صيدلية النصيحة,Parapharmacie,Formel,El Hajeb الحاجب,33.6979067,-5.3663126,icons/pharmacy.png,OSM
Fès-Meknès,Pharmacie Imane صيدلية ايمان,Parapharmacie,Formel,Sefrou ⵚⴼⵕⵓ صفرو,33.8251628,-4.8180792,icons/pharmacy.png,OSM
Fès-Meknès,Pharmacie Du Stade صيدلية الملعب,Parapharmacie,Formel,Sefrou,33.8223701,-4.8328579,icons/pharmacy.png,OSM
Fès-Meknès,Pharmacie Zghari صيدلية زغاري,Parapharmacie,Formel,Sefrou ⵚⴼⵕⵓ صفرو,33.8243181,-4.8247475,icons/pharmacy.png,OSM
Fès-Meknès,Pharmacie Al Masjid صيدلية المسجد,Parapharmacie,Formel,Sefrou,33.8203488,-4.832048,icons/pharmacy.png,OSM
Fès-Meknès,Pharmacie Zahrat Al Jabal صيدلية زهرة الجبل,Parapharmacie,Formel,Sefrou ⵚⴼⵕⵓ صفرو,33.8176214,-4.8288786,icons/pharmacy.png,OSM
Fès-Meknès,Pharmacie Laaouini صيدلية العويني,Parapharmacie,Formel,Sefrou,33.8254802,-4.8218266,icons/pharmacy.png,OSM
Fès-Meknès,Pharmacie Pasteur صيدلية باستور,Parapharmacie,Formel,Sefrou,33.8282589,-4.8322908,icons/pharmacy.png,OSM
Fès-Meknès,Pharmacie Zalagh صيدلية زالاغ,Parapharmacie,Formel,Sefrou ⵚⴼⵕⵓ صفرو,33.8283236,-4.8205683,icons/pharmacy.png,OSM
Fès-Meknès,Pharmacie Hay Bouderham صيدلية حي بودرهم,Parapharmacie,Formel,Sefrou ⵚⴼⵕⵓ صفرو,33.8257658,-4.8130166,icons/pharmacy.png,OSM
Fès-Meknès,Pharmacie Sidi Boumdien صيدلية بومدين,Parapharmacie,Formel,Sefrou ⵚⴼⵕⵓ صفرو,33.8270217,-4.8264957,icons/pharmacy.png,OSM
Fès-Meknès,Pharmacie Les Cérises صيدلية الكرز,Parapharmacie,Formel,Sefrou ⵚⴼⵕⵓ صفرو,33.8264484,-4.8312035,icons/pharmacy.png,OSM
Fès-Meknès,Pharmacie Ben Seffar صيدلية بن صفار,Parapharmacie,Formel,Sefrou,33.8314144,-4.8264371,icons/pharmacy.png,OSM
Fès-Meknès,Pharmacie El Osra صيدلية الأسرة,Parapharmacie,Formel,Sefrou,33.8332664,-4.8288446,icons/pharmacy.png,OSM
Fès-Meknès,Pharmacie Slaoui Al Jadida صيدلية سلاوي الجديدة,Parapharmacie,Formel,Sefrou ⵚⴼⵕⵓ صفرو,33.8338924,-4.8360216,icons/pharmacy.png,OSM
Fès-Meknès,Pharmacie Assalam صيدلية السلام,Parapharmacie,Formel,Sefrou,33.8296319,-4.828748,icons/pharmacy.png,OSM
Fès-Meknès,Pharmacie Les Cascades صيدلية الشلالات,Parapharmacie,Formel,Sefrou,33.8370429,-4.8257509,icons/pharmacy.png,OSM
Fès-Meknès,Pharmacie Arrachad صيدلية الرشاد,Parapharmacie,Formel,Sefrou,33.8383635,-4.8225343,icons/pharmacy.png,OSM
Fès-Meknès,Pharmacie Centrale الصيدلية المركزية,Parapharmacie,Formel,Sefrou,33.8280992,-4.8374662,icons/pharmacy.png,OSM
Fès-Meknès,Pharmacie Hay Chabbak صيدلية حي الشباك,Parapharmacie,Formel,Sefrou ⵚⴼⵕⵓ صفرو,33.8299922,-4.8383002,icons/pharmacy.png,OSM
Fès-Meknès,Pharmacie La Province صيدلية العمالة,Parapharmacie,Formel,Sefrou,33.8270109,-4.8398992,icons/pharmacy.png,OSM
Fès-Meknès,Pharmacie Avicenne صيدلية ابن سينا,Parapharmacie,Formel,Sefrou,33.8250863,-4.8365434,icons/pharmacy.png,OSM
Fès-Meknès,Pharmacie Sidi Ahmed Tadli صيدلية سيدي احمد تادلي,Parapharmacie,Formel,Sefrou ⵚⴼⵕⵓ صفرو,33.8322462,-4.842931,icons/pharmacy.png,OSM
Fès-Meknès,Pharmacie Taza صيدلية تازة,Parapharmacie,Formel,Taza,34.2033198,-4.0160214,icons/pharmacy.png,OSM
Fès-Meknès,Pharmacie Al Wifaq صيدلية الوفاق,Parapharmacie,Formel,Taza تازة,34.2002362,-4.0104609,icons/pharmacy.png,OSM
Fès-Meknès,Pharmacie Bab Zitouna صيدلية باب الزيتونة,Parapharmacie,Formel,Taza,34.2080822,-4.0199038,icons/pharmacy.png,OSM
Fès-Meknès,Pharmacie Bab Rih صيدلية باب الريح,Parapharmacie,Formel,Taza,34.211542,-4.0199452,icons/pharmacy.png,OSM
Fès-Meknès,Pharmacie Jamaa Lakbir صيدلية المسجد الكبير,Parapharmacie,Formel,Taza,34.211792,-4.0176826,icons/pharmacy.png,OSM
Fès-Meknès,Pharmacie El Moaskar صيدلية المعسكر,Parapharmacie,Formel,"Avenue du 11 Janvier شارع 11 يناير, Taza",34.2188916,-4.0176291,icons/pharmacy.png,OSM
Fès-Meknès,Pharmacie El Fath صيدلية الفتح,Parapharmacie,Formel,"Avenue du 11 Janvier شارع 11 يناير, Taza",34.2139772,-4.0139717,icons/pharmacy.png,OSM
Fès-Meknès,Pharmacie Imam Malik صيدلية الإمام مالك,Parapharmacie,Formel,"Avenue du 11 Janvier شارع 11 يناير, Taza",34.2185086,-4.0142911,icons/pharmacy.png,OSM
Fès-Meknès,Pharmacie Aharrach صيدلية أحراش,Parapharmacie,Formel,"Place Moulay Hassan, TAZA",34.2095349,-4.0152044,icons/pharmacy.png,OSM
Fès-Meknès,Pharmacie El Koucha صيدلية الكوشة,Parapharmacie,Formel,Taza,34.2166871,-4.0166013,icons/pharmacy.png,OSM
Fès-Meknès,Pharmacie Al Masbah صيدلية المسبح,Parapharmacie,Formel,"Avenue Ibn Khaldoun شارع ابن خلدون, Taza تازة",34.2083475,-4.0041779,icons/pharmacy.png,OSM
Fès-Meknès,Pharmacie Friouato صيدلية إفريواطو,Parapharmacie,Formel,"Rue Admam, Taza تازة",34.2109737,-4.0075349,icons/pharmacy.png,OSM
Fès-Meknès,Pharmacie Al Maarid صيدلية المعرض,Parapharmacie,Formel,"Avenue Ibn Khaldoun شارع ابن خلدون, Taza تازة",34.2120442,-4.0030838,icons/pharmacy.png,OSM
Fès-Meknès,Pharmacie Essaada صيدلية السعادة,Parapharmacie,Formel,"Avenue Bab Bouidir, Taza تازة",34.2139227,-4.0008089,icons/pharmacy.png,OSM
Fès-Meknès,Pharmacie de l'Hopital صيدلية المستشفى,Parapharmacie,Formel,Taza تازة,34.2146306,-4.0045113,icons/pharmacy.png,OSM
Fès-Meknès,Pharmacie Victoria صيدلية فيكتوريا,Parapharmacie,Formel,"Boulevard Allal El Fassi, Taza تازة",34.2135245,-4.0106228,icons/pharmacy.png,OSM
Fès-Meknès,Pharmacie Taza El Jadida صيدلية تازة الجديدة,Parapharmacie,Formel,Taza,34.2174266,-4.00959,icons/pharmacy.png,OSM
Fès-Meknès,Pharmacie Ourida صيدلية وريدة,Parapharmacie,Formel,taza تازة,34.2187315,-4.0053679,icons/pharmacy.png,OSM
Fès-Meknès,Pharmacie Lbaladiya صيدلية البلدية,Parapharmacie,Formel,Taza,34.2173669,-4.0085466,icons/pharmacy.png,OSM
Fès-Meknès,Pharmacie Ennasr صيدلية النصر,Parapharmacie,Formel,"Avenue Allal Ben Abdallah شارع علال بن عبد الله, taza تازة",34.2207059,-4.0063538,icons/pharmacy.png,OSM
Fès-Meknès,Pharmacie Al Gaada صيدلية الكعدة,Parapharmacie,Formel,Taza تازة,34.2209393,-4.0000301,icons/pharmacy.png,OSM
Fès-Meknès,Pharmacie Bit Ghoulem صيدلية بيت غلام,Parapharmacie,Formel,Taza تازة,34.2245552,-4.0019967,icons/pharmacy.png,OSM
Fès-Meknès,Pharmacie Al Amal صيدلية الأمل,Parapharmacie,Formel,Taza تازة,34.2214899,-4.0033283,icons/pharmacy.png,OSM
Fès-Meknès,Pharmacie Hind صيدلية هند,Parapharmacie,Formel,"Avenue Moulay Abdellah, Taza تازة",34.227648,-4.0006146,icons/pharmacy.png,OSM
Fès-Meknès,Pharmacie Ibn Haitem صيدلية ابن الهيثم,Parapharmacie,Formel,"Avenue Hassan II شارع الحسن الثاني, Taza",34.2280462,-4.0054406,icons/pharmacy.png,OSM
Fès-Meknès,Pharmacie Al Wahda صيدلية الوحدة,Parapharmacie,Formel,"Avenue Sidi Mohamed, Taza",34.225579,-4.0109951,icons/pharmacy.png,OSM
Fès-Meknès,Pharmacie Reida صيدلية رضا,Parapharmacie,Formel,"Avenue Sidi Mohamed, Taza",34.2284635,-4.0106574,icons/pharmacy.png,OSM
Fès-Meknès,Pharmacie Bin Jradi صيدلية بين جرادي,Parapharmacie,Formel,Taza,34.2284445,-4.0083011,icons/pharmacy.png,OSM
Fès-Meknès,Pharmacie Centrale الصيدلية المركزية,Parapharmacie,Formel,"Place de L'Indépendance, taza تازة",34.2222102,-4.0081508,icons/pharmacy.png,OSM
Fès-Meknès,Pharmacie Ibn Baja صيدلية ابن باجا,Parapharmacie,Formel,"Avenue Hassan II شارع الحسن الثاني, taza تازة",34.2239837,-4.0089727,icons/pharmacy.png,OSM
Fès-Meknès,Pharmacie Douar Ayad صيدلية دوار عياد,Parapharmacie,Formel,Taza,34.2274335,-4.0230165,icons/pharmacy.png,OSM
Fès-Meknès,Pharmacie Nahda صيدلية النهضة,Parapharmacie,Formel,Ph PNH,34.2295592,-4.0219404,icons/pharmacy.png,OSM
Fès-Meknès,Pharmacie Palestine صيدلية فلسطين,Parapharmacie,Formel,Taza,34.2288107,-4.0260673,icons/pharmacy.png,OSM
Fès-Meknès,Pharmacie Mohamed Yassine صيدلية محمد ياسين,Parapharmacie,Formel,Taza تازة,34.2290842,-4.0365857,icons/pharmacy.png,OSM
Fès-Meknès,Pharmacie Al Bahra صيدلية البحرة,Parapharmacie,Formel,Taza,34.2325617,-4.0287097,icons/pharmacy.png,OSM
Fès-Meknès,Pharmacie Merras صيدلية مراس,Parapharmacie,Formel,"Avenue Bir Anzaren, Taza تازة",34.2334927,-4.0220492,icons/pharmacy.png,OSM
Fès-Meknès,Pharmacie Achchaq صيدلية عشاق,Parapharmacie,Formel,"Avenue Bir Anzaren, Taza",34.2325992,-4.0171631,icons/pharmacy.png,OSM
Fès-Meknès,Pharmacie El Massaudia صيدلية المسعودية,Parapharmacie,Formel,"Rue Sebou, Taza",34.2317064,-4.0175068,icons/pharmacy.png,OSM
Fès-Meknès,Pharmacie Al Mourabitine صيدلية المرابطين,Parapharmacie,Formel,"Boulevard Bin Al Kifane, Taza",34.2297256,-4.016927,icons/pharmacy.png,OSM
Fès-Meknès,Pharmacie des Allaouites صيدلية العلويين,Parapharmacie,Formel,Taza,34.2289757,-4.014262,icons/pharmacy.png,OSM
Fès-Meknès,Pharmacie Al Masjid صيدلية المسجد,Parapharmacie,Formel,"Avenue Bir Anzaren, Taza",34.2316814,-4.0130191,icons/pharmacy.png,OSM
Fès-Meknès,Pharmacie Chifae صيدلية الشفاء,Parapharmacie,Formel,"Avenue Mohammed V شارع محمد الخامس, Taza تازة",34.2261139,-4.0056661,icons/pharmacy.png,OSM
Fès-Meknès,Pharmacie Ibn Rochd صيدلية ابن رشد,Parapharmacie,Formel,"Rue Sultan Abou Lhassan, Taza تازة",34.2238221,-4.0071766,icons/pharmacy.png,OSM
Fès-Meknès,Pharmacie Lamnii صيدلية لمنيعي,Parapharmacie,Formel,SIDI-KACEM,34.2171856,-5.7103892,icons/pharmacy.png,OSM
Fès-Meknès,Pharmacie Azghar صيدلية أزغار,Parapharmacie,Formel,Sidi Kacem,34.2152582,-5.7148705,icons/pharmacy.png,OSM
Fès-Meknès,Pharmacie Al Fath صيدلية الفتح,Parapharmacie,Formel,"Rue Rabat, SIDI-KACEM",34.2184749,-5.7108966,icons/pharmacy.png,OSM
Fès-Meknès,Pharmacie Chrarda صيدلية الشراردة,Parapharmacie,Formel,"Avenue Hassan II, Sidi Kacem ⵙⵉⴷⵉ ⵇⴰⵙⴰⵎ سيدي قاسم",34.2203164,-5.7088723,icons/pharmacy.png,OSM
Fès-Meknès,Pharmacie Bir Anzarane صيدلية بئر أنزران,Parapharmacie,Formel,"Avenue Bir Anzarane, Sidi Kacem ⵙⵉⴷⵉ ⵇⴰⵙⴰⵎ سيدي قاسم",34.2226316,-5.7111642,icons/pharmacy.png,OSM
Fès-Meknès,Pharmacie La Nouvelle الصيدلية الجديدة,Parapharmacie,Formel,"Rue 22 زنقة, Sidi Kacem",34.2225834,-5.7088217,icons/pharmacy.png,OSM
Fès-Meknès,Pharmacie Al Gharb صيدلية الغرب,Parapharmacie,Formel,Sidi Kacem,34.2224494,-5.7069471,icons/pharmacy.png,OSM
Fès-Meknès,Pharmacie Al Qods صيدلية القدس,Parapharmacie,Formel,Sidi Kacem ⵙⵉⴷⵉ ⵇⴰⵙⴰⵎ سيدي قاسم,34.2229613,-5.7198817,icons/pharmacy.png,OSM
Fès-Meknès,Pharmacie Ennasr صيدلية النصر,Parapharmacie,Formel,"El Qods, Sidi Kacem ⵙⵉⴷⵉ ⵇⴰⵙⴰⵎ سيدي قاسم",34.2242629,-5.7163382,icons/pharmacy.png,OSM
Fès-Meknès,Pharmacie Lmadani صيدلية لمدني,Parapharmacie,Formel,Sidi Kacem ⵙⵉⴷⵉ ⵇⴰⵙⴰⵎ سيدي قاسم,34.2303689,-5.7271158,icons/pharmacy.png,OSM
Fès-Meknès,Pharmacie La Clinique صيدلية المصحة,Parapharmacie,Formel,Sidi Kacem ⵙⵉⴷⵉ ⵇⴰⵙⴰⵎ سيدي قاسم,34.2312471,-5.7228641,icons/pharmacy.png,OSM
Fès-Meknès,Pharmacie Afca صيدلية أفكا,Parapharmacie,Formel,Sidi Kacem,34.2270204,-5.7194902,icons/pharmacy.png,OSM
Fès-Meknès,Pharmacie Yasmina صيدلية ياسمينة,Parapharmacie,Formel,Sidi Kacem ⵙⵉⴷⵉ ⵇⴰⵙⴰⵎ سيدي قاسم,34.2277307,-5.7229105,icons/pharmacy.png,OSM
Fès-Meknès,Pharmacie Jawhara صيدلية جوهرة,Parapharmacie,Formel,Sidi Kacem ⵙⵉⴷⵉ ⵇⴰⵙⴰⵎ سيدي قاسم,34.2334544,-5.7307717,icons/pharmacy.png,OSM
Fès-Meknès,Pharmacie Al Hakim صيدلية الحكيم,Parapharmacie,Formel,Sidi Kacem ⵙⵉⴷⵉ ⵇⴰⵙⴰⵎ سيدي قاسم,34.2356842,-5.7320749,icons/pharmacy.png,OSM
Fès-Meknès,Pharmacie Zirara صيدلية زيرارة,Parapharmacie,Formel,Sidi Kacem ⵙⵉⴷⵉ ⵇⴰⵙⴰⵎ سيدي قاسم,34.2410099,-5.7414921,icons/pharmacy.png,OSM
Fès-Meknès,Pharmacie Al Khawarizmi صيدلية الخوارزمي,Parapharmacie,Formel,Sidi Kacem,34.2231898,-5.7048807,icons/pharmacy.png,OSM
Fès-Meknès,Pharmacie Ibn Rochd صيدلية بن رشد,Parapharmacie,Formel,Sidi Kacem,34.2244259,-5.7060413,icons/pharmacy.png,OSM
Fès-Meknès,Pharmacie Belmjdoub صيدلية بلمجدوب,Parapharmacie,Formel,Sidi Kacem ⵙⵉⴷⵉ ⵇⴰⵙⴰⵎ سيدي قاسم,34.224314,-5.7109202,icons/pharmacy.png,OSM
Fès-Meknès,Pharmacie A'Ryad صيدلية الرياض,Parapharmacie,Formel,Sidi Kacem ⵙⵉⴷⵉ ⵇⴰⵙⴰⵎ سيدي قاسم,34.2365572,-5.7285617,icons/pharmacy.png,OSM
Fès-Meknès,Pharmacie Saad صيدلية سعد,Parapharmacie,Formel,"Avenue Bir Anzarane, Sidi Kacem ⵙⵉⴷⵉ ⵇⴰⵙⴰⵎ سيدي قاسم",34.2329645,-5.7066067,icons/pharmacy.png,OSM
Fès-Meknès,Pharmacie Al Bouchra صيدلية البشرى,Parapharmacie,Formel,Sidi Kacem ⵙⵉⴷⵉ ⵇⴰⵙⴰⵎ سيدي قاسم,34.2325567,-5.7118703,icons/pharmacy.png,OSM
Fès-Meknès,Pharmacie Ezzahra صيدلية الزهراء,Parapharmacie,Formel,Sidi Kacem ⵙⵉⴷⵉ ⵇⴰⵙⴰⵎ سيدي قاسم,34.2302505,-5.7078634,icons/pharmacy.png,OSM
Fès-Meknès,Pharmacie Oued Eddahab صيدلية وادي الذهب,Parapharmacie,Formel,"Avenue Allal Ben Abdellah, Sidi Kacem ⵙⵉⴷⵉ ⵇⴰⵙⴰⵎ سيدي قاسم",34.226861,-5.7104886,icons/pharmacy.png,OSM
Fès-Meknès,Pharmacie Al Maghreb Al Arabi صيدلية المغرب العربي,Parapharmacie,Formel,"Boulevard Mohamed V شارع محمد الخامس, Sidi Kacem ⵙⵉⴷⵉ ⵇⴰⵙⴰⵎ سيدي قاسم",34.2255696,-5.7125965,icons/pharmacy.png,OSM
Fès-Meknès,Pharmacie La Santé صيدلية الصحة,Parapharmacie,Formel,Sidi Slimane ⵙⵉⴷⵉ ⵙⵍⵉⵎⴰⵏ سيدي سليمان,34.2511369,-5.920911,icons/pharmacy.png,OSM
Fès-Meknès,Pharmacie Chifaa صيدلية الشفاء,Parapharmacie,Formel,Sidi Slimane ⵙⵉⴷⵉ ⵙⵍⵉⵎⴰⵏ سيدي سليمان,34.2512093,-5.9293961,icons/pharmacy.png,OSM
Fès-Meknès,Pharmacie Menara صيدلية المنارة,Parapharmacie,Formel,Sidi Slimane ⵙⵉⴷⵉ ⵙⵍⵉⵎⴰⵏ سيدي سليمان,34.2527079,-5.9169915,icons/pharmacy.png,OSM
Fès-Meknès,Pharmacie El Mohammedia صيدلية المحمدية,Parapharmacie,Formel,Sidi Slimane ⵙⵉⴷⵉ ⵙⵍⵉⵎⴰⵏ سيدي سليمان,34.2544771,-5.9088475,icons/pharmacy.png,OSM
Fès-Meknès,Pharmacie Riad صيدلية الرياض,Parapharmacie,Formel,Sidi Slimane,34.2535819,-5.9131698,icons/pharmacy.png,OSM
Fès-Meknès,Pharmacie Maein صيدلية معين,Parapharmacie,Formel,Sidi Slimane ⵙⵉⴷⵉ ⵙⵍⵉⵎⴰⵏ سيدي سليمان,34.2557664,-5.9049333,icons/pharmacy.png,OSM
Fès-Meknès,Pharmacie Nour صيدلية نور,Parapharmacie,Formel,Sidi Slimane ⵙⵉⴷⵉ ⵙⵍⵉⵎⴰⵏ سيدي سليمان,34.2573458,-5.9105356,icons/pharmacy.png,OSM
Fès-Meknès,Pharmacie Bismi Llah صيدلية بسم الله,Parapharmacie,Formel,Sidi Slimane ⵙⵉⴷⵉ ⵙⵍⵉⵎⴰⵏ سيدي سليمان,34.2584373,-5.9148003,icons/pharmacy.png,OSM
Fès-Meknès,Pharmacie Jalal صيدلية جلال,Parapharmacie,Formel,Sidi Slimane,34.2590402,-5.9182947,icons/pharmacy.png,OSM
Fès-Meknès,Pharmacie Saih صيدلية السايح,Parapharmacie,Formel,"Avenue Hassan II, Sidi Slimane",34.2593841,-5.920786,icons/pharmacy.png,OSM
Fès-Meknès,Pharmacie Ennasr صيدلية النصر,Parapharmacie,Formel,Sidi Slimane,34.2577224,-5.9284133,icons/pharmacy.png,OSM
Fès-Meknès,Pharmacie Des Orangers Des Goumareyenes صيدلية الليمون الغماريين,Parapharmacie,Formel,"Avenue Mohamed V, Sidi Slimane",34.2569564,-5.9311579,icons/pharmacy.png,OSM
Fès-Meknès,Pharmacie Ibn Sina صيدلية ابن سينا,Parapharmacie,Formel,Sidi Slimane,34.2592699,-5.9243981,icons/pharmacy.png,OSM
Fès-Meknès,Pharmacie Essalam صيدلية السلام,Parapharmacie,Formel,Sidi Slimane,34.2577864,-5.9255332,icons/pharmacy.png,OSM
Fès-Meknès,Pharmacie Al Masjid صيدلية المسجد,Parapharmacie,Formel,Sidi Slimane,34.2543679,-5.923932,icons/pharmacy.png,OSM
Fès-Meknès,Pharmacie La Clinique صيدلية المصحة,Parapharmacie,Formel,Sidi Slimane,34.2554893,-5.9182958,icons/pharmacy.png,OSM
Fès-Meknès,Pharmacie El Mansouri صيدلية المنصوري,Parapharmacie,Formel,"Avenue Mohamed V, Sidi Slimane",34.2663506,-5.9254007,icons/pharmacy.png,OSM
Fès-Meknès,Pharmacie El Houda صيدلية الهدى,Parapharmacie,Formel,Sidi Slimane,34.2564646,-5.9220886,icons/pharmacy.png,OSM
Fès-Meknès,Pharmacie Assafaa صيدلية الصفاء,Parapharmacie,Formel,Sidi Slimane,34.2540121,-5.9197721,icons/pharmacy.png,OSM
Fès-Meknès,Pharmacie Populaire الصيدلية الشعبية,Parapharmacie,Formel,"Avenue Istiqlal, Sidi Slimane",34.2622822,-5.9262334,icons/pharmacy.png,OSM
Fès-Meknès,Pharmacie la Résistance صيدلية المقاومة,Parapharmacie,Formel,"Avenue Al Moukaouama, Sidi Slimane",34.2673508,-5.920548,icons/pharmacy.png,OSM
Fès-Meknès,Pharmacie l'Hopital صيدلية المستشفى,Parapharmacie,Formel,"Avenue Al Moukaouama, Sidi Slimane ⵙⵉⴷⵉ ⵙⵍⵉⵎⴰⵏ سيدي سليمان",34.2672795,-5.9234458,icons/pharmacy.png,OSM
Fès-Meknès,Pharmacie Karima صيدلية كريمة,Parapharmacie,Formel,Sidi Slimane,34.261281,-5.9143657,icons/pharmacy.png,OSM
Fès-Meknès,Pharmacie Al Marjane صيدلية المرجان,Parapharmacie,Formel,Sidi Slimane ⵙⵉⴷⵉ ⵙⵍⵉⵎⴰⵏ سيدي سليمان,34.2647314,-5.9149458,icons/pharmacy.png,OSM
Fès-Meknès,Pharmacie Jbirat صيدلية جبيرات,Parapharmacie,Formel,Sidi Slimane ⵙⵉⴷⵉ ⵙⵍⵉⵎⴰⵏ سيدي سليمان,34.2635624,-5.9422486,icons/pharmacy.png,OSM
Fès-Meknès,Pharmacie Yassine صيدلية ياسين,Parapharmacie,Formel,"Avenue Al Moukaouama, Sidi Slimane ⵙⵉⴷⵉ ⵙⵍⵉⵎⴰⵏ سيدي سليمان",34.269301,-5.9367478,icons/pharmacy.png,OSM
Fès-Meknès,Pharmacie Sidi Slimane صيدلية سيدي سليمان,Parapharmacie,Formel,Sidi Slimane ⵙⵉⴷⵉ ⵙⵍⵉⵎⴰⵏ سيدي سليمان,34.2538874,-5.9276788,icons/pharmacy.png,OSM
Fès-Meknès,Pharmacie Errahma صيدلية الرحمة,Parapharmacie,Formel,Sidi Slimane,34.2590768,-5.9350318,icons/pharmacy.png,OSM
Fès-Meknès,Pharmacie Al Hay Al Jadid صيدلية الحي الجديد,Parapharmacie,Formel,"Avenue Zerktouni, Sidi Slimane ⵙⵉⴷⵉ ⵙⵍⵉⵎⴰⵏ سيدي سليمان",34.2572469,-5.9476026,icons/pharmacy.png,OSM
Fès-Meknès,Pharmacie Al Masjid صيدلية المسجد,Parapharmacie,Formel,Sabaa Aiyoun,33.9030427,-5.3742757,icons/pharmacy.png,OSM
Fès-Meknès,Pharmacie Al Hayat صيدلية الحياة,Parapharmacie,Formel,"Avenue Mohamed V, Sabaa Aiyoun ⵙⴱⵄ ⵄⵢⵓⵏ سبع عيون",33.9036233,-5.3786653,icons/pharmacy.png,OSM
Fès-Meknès,Pharmacie L'Hopital صيدلية المستشفى,Parapharmacie,Formel,"Rue Laayoune, Sabaa Aiyoun ⵙⴱⵄ ⵄⵢⵓⵏ سبع عيون",33.9039504,-5.3754977,icons/pharmacy.png,OSM
Fès-Meknès,Pharmacie El Gharbi صيدلية الغربي,Parapharmacie,Formel,Ain Taoujdate ⵄⵉⵏ ⵜⴰⵡⵊⵟⴰⵜ عين تاوجدات,33.9304981,-5.2225089,icons/pharmacy.png,OSM
Fès-Meknès,Pharmacie Fadl Llah صيدلية فضل الله,Parapharmacie,Formel,Ain Taoujdate ⵄⵉⵏ ⵜⴰⵡⵊⵟⴰⵜ عين تاوجدات,33.9349343,-5.2161951,icons/pharmacy.png,OSM
Fès-Meknès,Pharmacie Ben Zaid صيدلية بن زايد,Parapharmacie,Formel,"Avenue Mohamed V, Ain Taoujdate ⵄⵉⵏ ⵜⴰⵡⵊⵟⴰⵜ عين تاوجدات",33.9387712,-5.2154424,icons/pharmacy.png,OSM
Fès-Meknès,Pharmacie Al Masjid صيدلية المسجد,Parapharmacie,Formel,Ain Taoujdate ⵄⵉⵏ ⵜⴰⵡⵊⵟⴰⵜ عين تاوجدات,33.939244,-5.2102944,icons/pharmacy.png,OSM
Fès-Meknès,Pharmacie Ain Taoujdate صيدلية عين تاوجدات,Parapharmacie,Formel,"Avenue Moulay Rachid, Ain Taoujdate ⵄⵉⵏ ⵜⴰⵡⵊⵟⴰⵜ عين تاوجدات",33.9390815,-5.2087673,icons/pharmacy.png,OSM
Fès-Meknès,Pharmacie Oulhaj صيدلية والحاج,Parapharmacie,Formel,"Avenue Moulay Rachid, Ain Taoujdate ⵄⵉⵏ ⵜⴰⵡⵊⵟⴰⵜ عين تاوجدات",33.9401174,-5.209155,icons/pharmacy.png,OSM
Fès-Meknès,Pharmacie Moulay Youssef صيدلية مولاي يوسف,Parapharmacie,Formel,Ain Taoujdate ⵄⵉⵏ ⵜⴰⵡⵊⵟⴰⵜ عين تاوجدات,33.9417896,-5.207817,icons/pharmacy.png,OSM
Fès-Meknès,Pharmacie Aïcha صيدلية عائشة,Parapharmacie,Formel,Ain Taoujdate ⵄⵉⵏ ⵜⴰⵡⵊⵟⴰⵜ عين تاوجدات,33.9383079,-5.2062066,icons/pharmacy.png,OSM
Fès-Meknès,Pharmacie Nouvelle الصيدلية الجديدة,Parapharmacie,Formel,Ain Taoujdate,33.941922,-5.2054445,icons/pharmacy.png,OSM
Fès-Meknès,Pharmacie Bismillah Achafi صيدلية بسم الله الشافي,Parapharmacie,Formel,Ain Taoujdate ⵄⵉⵏ ⵜⴰⵡⵊⵟⴰⵜ عين تاوجدات,33.9442984,-5.2060074,icons/pharmacy.png,OSM
Fès-Meknès,Pharmacie Walili صيدلة وليلي,Parapharmacie,Formel,Ain Taoujdate ⵄⵉⵏ ⵜⴰⵡⵊⵟⴰⵜ عين تاوجدات,33.9426914,-5.2130578,icons/pharmacy.png,OSM
Fès-Meknès,Pharmacie Riad Salam صيدلية رياض السلام,Parapharmacie,Formel,Ain Taoujdate ⵄⵉⵏ ⵜⴰⵡⵊⵟⴰⵜ عين تاوجدات,33.9447589,-5.2173323,icons/pharmacy.png,OSM
Fès-Meknès,Pharmacie Assakina 5 صيدلية الساكنة,Parapharmacie,Formel,Meknès,33.9015538,-5.5968389,icons/pharmacy.png,OSM
Fès-Meknès,Pharmacie Nouvelle Habbouna الصيدلية الجديدة حبونة,Parapharmacie,Formel,Sefrou ⵚⴼⵕⵓ صفرو,33.8252695,-4.8338452,icons/pharmacy.png,OSM
Fès-Meknès,Pharmacie Mhirez صيدلية امهيرز,Parapharmacie,Formel,Sefrou ⵚⴼⵕⵓ صفرو,33.8355756,-4.8327067,icons/pharmacy.png,OSM
Fès-Meknès,Pharmacie Handichi صيدلية حنديشي,Parapharmacie,Formel,El Hajeb الحاجب,33.6974749,-5.3705821,icons/pharmacy.png,OSM
Fès-Meknès,Milano,Café,Formel,fez,34.0328407,-5.0438722,icons/cafe.png,OSM
Fès-Meknès,Pharmacie Addoha 2 Ouislan صيدلية الضحى 2 ويسلان,Parapharmacie,Formel,Meknès,33.9283241,-5.5045252,icons/pharmacy.png,OSM
Fès-Meknès,Pharmacie Dkhissa Ouislane صيدلية الدخيسة ويسلان,Parapharmacie,Formel,Mèknes,33.9297257,-5.5009142,icons/pharmacy.png,OSM
Fès-Meknès,Pharmacie Abi Lkassem Zahraoui صيدلية أبو القاسم الزهراوي,Parapharmacie,Formel,Mèknes,33.9219511,-5.496464,icons/pharmacy.png,OSM
Fès-Meknès,Pharmacie Ennour صيدلية النور,Parapharmacie,Formel,Meknès,33.9226826,-5.4906012,icons/pharmacy.png,OSM
Fès-Meknès,Pharmacie Abdelkarim El Khattabi صيدلية عبد الكريم الخطابي,Parapharmacie,Formel,Mèknes,33.9239891,-5.4939572,icons/pharmacy.png,OSM
Fès-Meknès,Pharmacie El Wahda صيدلية الوحدة,Parapharmacie,Formel,Meknès,33.9204638,-5.4927069,icons/pharmacy.png,OSM
Fès-Meknès,Pharmacie Arz de l'Atlas صيدلية أرز الأطلس,Parapharmacie,Formel,Meknès,33.9207684,-5.4882957,icons/pharmacy.png,OSM
Fès-Meknès,Pharmacie Al Madina صيدلية المدينة,Parapharmacie,Formel,Meknès,33.91878,-5.4951946,icons/pharmacy.png,OSM
Fès-Meknès,Pharmacie Al Hay صيدلية الحي,Parapharmacie,Formel,"Rue Fés, Meknès",33.918675,-5.4903307,icons/pharmacy.png,OSM
Fès-Meknès,Pharmacie Rhazzali صيدلية الغزالي,Parapharmacie,Formel,"Rue Ceuta, Meknès",33.9150185,-5.4884659,icons/pharmacy.png,OSM
Fès-Meknès,Pharmacie Al Majd صيدلية المجد,Parapharmacie,Formel,Meknès,33.9171712,-5.4930455,icons/pharmacy.png,OSM
Fès-Meknès,Pharmacie Allal Ibn Abdellah صيدلية علال بن عبد الله,Parapharmacie,Formel,Meknès,33.9148627,-5.4910059,icons/pharmacy.png,OSM
Fès-Meknès,Pharmacie Riad Assiha صيدلية رياض الصحة,Parapharmacie,Formel,"Avenue Al Massira, Meknès",33.9158484,-5.4833762,icons/pharmacy.png,OSM
Fès-Meknès,Pharmacie Wad Al Makhazin صيدلية واد المخازن,Parapharmacie,Formel,Meknès,33.9140816,-5.4797325,icons/pharmacy.png,OSM
Fès-Meknès,Pharmacie Espace Santé صيدلية الفضاء الصحي,Parapharmacie,Formel,"Avenue Al Massira, Meknès",33.9133715,-5.4862529,icons/pharmacy.png,OSM
Fès-Meknès,Pharmacie La Farge صيدلية لافارج,Parapharmacie,Formel,Meknès,33.9093907,-5.491021,icons/pharmacy.png,OSM
Fès-Meknès,Pharmacie Ouislane صيدلية ويسلان,Parapharmacie,Formel,"Avenue El Massira, Meknès",33.9111574,-5.4896254,icons/pharmacy.png,OSM
Fès-Meknès,Pharmacie Al Hikma صيدلية الحكمة,Parapharmacie,Formel,"Rue Nador, Meknès",33.9125694,-5.4834932,icons/pharmacy.png,OSM
Fès-Meknès,Pharmacie Zerktouni صيدلية الزرقطوني,Parapharmacie,Formel,Meknès,33.9116474,-5.4805784,icons/pharmacy.png,OSM
Fès-Meknès,Pharmacie Hay Ennasr صيدلية حي النصر,Parapharmacie,Formel,Meknès,33.9090346,-5.4784002,icons/pharmacy.png,OSM
Fès-Meknès,Pharmacie Al Hamd صيدلية الحمد,Parapharmacie,Formel,"Rue Agadir, Meknès",33.9098985,-5.484577,icons/pharmacy.png,OSM
Fès-Meknès,Pharmacie Gibraltar صيدلية جبل طارق,Parapharmacie,Formel,"Rue Casablanca, Meknès",33.9081557,-5.4875294,icons/pharmacy.png,OSM
Fès-Meknès,Pharmacie Al Izdihar صيدلية الإزدهار,Parapharmacie,Formel,Meknès,33.9062177,-5.4827118,icons/pharmacy.png,OSM
Fès-Meknès,Pharmacie Al Boustane صيدلية البستان,Parapharmacie,Formel,Meknès,33.9024876,-5.4874732,icons/pharmacy.png,OSM
Fès-Meknès,Pharmacie Solfami صيدلية سولفامي,Parapharmacie,Formel,Meknès,33.9036469,-5.4844426,icons/pharmacy.png,OSM
Fès-Meknès,Pharmacie Riad Ouisslane صيدلية رياض ويسلان,Parapharmacie,Formel,Meknès,33.9059594,-5.4784575,icons/pharmacy.png,OSM
Fès-Meknès,Pharmacie Al Moustawsaf صيدلية المستوصف,Parapharmacie,Formel,Meknès,33.9012886,-5.4822966,icons/pharmacy.png,OSM
Fès-Meknès,Pharmacie Ridouane صيدلية الرضوان,Parapharmacie,Formel,Meknès,33.9033836,-5.4795336,icons/pharmacy.png,OSM
Fès-Meknès,Pharmacie Addoha صيدلية الضحى,Parapharmacie,Formel,Meknès,33.8984168,-5.4739634,icons/pharmacy.png,OSM
Fès-Meknès,Pharmacie Arrahma صيدلية الرحمة,Parapharmacie,Formel,Meknès,33.8972157,-5.4708765,icons/pharmacy.png,OSM
Fès-Meknès,Pharmacie Ryad Al Omrane صيدلية رياض العمران,Parapharmacie,Formel,Meknès,33.9064066,-5.4709871,icons/pharmacy.png,OSM
Fès-Meknès,Pharmacie Asrar Assiha صيدلية أسرار الصحة,Parapharmacie,Formel,Meknès,33.9035319,-5.4701466,icons/pharmacy.png,OSM
Fès-Meknès,Pharmacie Al Mahaj صيدلية المحج,Parapharmacie,Formel,Meknès,33.9015365,-5.4667511,icons/pharmacy.png,OSM
Fès-Meknès,Pharmacie les Orangers صيدلية الليمون,Parapharmacie,Formel,Meknès,33.9037357,-5.5168436,icons/pharmacy.png,OSM
Fès-Meknès,Pharmacie Route de Fès صيدلية طريق فاس,Parapharmacie,Formel,"Boulevard des F.A.R شارع الجيش الملكي, Meknès ⴰⵎⴽⵏⴰⵙ مكناس",33.8995176,-5.5185191,icons/pharmacy.png,OSM
Fès-Meknès,Pharmacie Al Massira صيدلية المسيرة,Parapharmacie,Formel,"Avenue Khalid Ibn Oualid, Meknès",33.9004571,-5.5153944,icons/pharmacy.png,OSM
Fès-Meknès,Pharmacie Naourrase صيدلية النورس,Parapharmacie,Formel,"Rue Dawha, Meknès ⴰⵎⴽⵏⴰⵙ مكناس",33.910882,-5.5264087,icons/pharmacy.png,OSM
Fès-Meknès,Pharmacie Chari3 Sekka صيدلي شارع السكة,Parapharmacie,Formel,Meknès ⴰⵎⴽⵏⴰⵙ مكناس,33.9123732,-5.5298407,icons/pharmacy.png,OSM
Fès-Meknès,Pharmacie Arrahmane صيدلية الرحمان,Parapharmacie,Formel,Meknès ⴰⵎⴽⵏⴰⵙ مكناس,33.9099506,-5.5338636,icons/pharmacy.png,OSM
Fès-Meknès,Pharmacie Al Ismailia صيدلية الإسماعيلية,Parapharmacie,Formel,Meknès ⴰⵎⴽⵏⴰⵙ مكناس,33.9085845,-5.5319222,icons/pharmacy.png,OSM
Fès-Meknès,Pharmacie Sidi Massoud صيدلية سيدي مسعود,Parapharmacie,Formel,Meknès,33.9076538,-5.5257847,icons/pharmacy.png,OSM
Fès-Meknès,Pharmacie Aya صيدلية اًية,Parapharmacie,Formel,Meknès ⴰⵎⴽⵏⴰⵙ مكناس,33.9073942,-5.5231895,icons/pharmacy.png,OSM
Fès-Meknès,Pharmacie l'Hacienda صيدلية هاسيندا,Parapharmacie,Formel,"Rue Dawha, Meknès",33.905901,-5.5206236,icons/pharmacy.png,OSM
Fès-Meknès,Pharmacie El Bayrouni صيدلية البيروني,Parapharmacie,Formel,"Rue Ibn Sina زنقة ابن سينا, Meknès ⴰⵎⴽⵏⴰⵙ مكناس",33.9062711,-5.5323723,icons/pharmacy.png,OSM
Fès-Meknès,Pharmacie El Menzeh صيدلية المنزه,Parapharmacie,Formel,"Avenue Allal El Fassi شارع علال الفاسي, Meknès",33.9050914,-5.529578,icons/pharmacy.png,OSM
Fès-Meknès,Pharmacie Belair صيدلية بلير,Parapharmacie,Formel,"Avenue Allal El Fassi شارع علال الفاسي, Meknès",33.9024467,-5.5321327,icons/pharmacy.png,OSM
Fès-Meknès,Pharmacie Volubilis صيدلية وليلي,Parapharmacie,Formel,"Boulevard des F.A.R شارع الجيش الملكي, Meknès ⴰⵎⴽⵏⴰⵙ مكناس",33.8998387,-5.5261767,icons/pharmacy.png,OSM
Fès-Meknès,Pharmacie Grande Gare صيدلية المحطة الكبيرة,Parapharmacie,Formel,"Rue Ibn Sina زنقة ابن سينا, Meknès ⴰⵎⴽⵏⴰⵙ مكناس",33.8995553,-5.5326192,icons/pharmacy.png,OSM
Fès-Meknès,Pharmacie Al Hanane صيدلية الحنان,Parapharmacie,Formel,Meknès,33.9054484,-5.5420253,icons/pharmacy.png,OSM
Fès-Meknès,Pharmacie Hassan Premier صيدلية الحسن الأول,Parapharmacie,Formel,"شارع الحسن الاول, Meknès ⴰⵎⴽⵏⴰⵙ مكناس",33.9003938,-5.534788,icons/pharmacy.png,OSM
Fès-Meknès,صيدلية عين الشبيك,Parapharmacie,Formel,Meknès,33.9071824,-5.5384993,icons/pharmacy.png,OSM
Fès-Meknès,Pharmacie Moulay Ismail صيدلية مولاي اسماعيل,Parapharmacie,Formel,"شارع الحسن الاول, Meknès",33.9014517,-5.5386436,icons/pharmacy.png,OSM
Fès-Meknès,Pharmacie Al Manar صيدلية المنار,Parapharmacie,Formel,Meknès,33.9081173,-5.5427133,icons/pharmacy.png,OSM
Fès-Meknès,Pharmacie Ibn Baja صيدلية ابن باجة,Parapharmacie,Formel,Meknès ⴰⵎⴽⵏⴰⵙ مكناس,33.909969,-5.540247,icons/pharmacy.png,OSM
Fès-Meknès,Pharmacie la Référence صيدلية المرجع,Parapharmacie,Formel,Meknès,33.9086457,-5.5512971,icons/pharmacy.png,OSM
Fès-Meknès,ISSAM DADA Locksmith,Supermarché,Formel,"Lot Lyaakoubi B.M.O, Meknès",33.9081248,-5.5284932,icons/supermarket.png,OSM
Fès-Meknès,Pharmacie Moderne الصيدلية العصرية,Parapharmacie,Formel,"Boulevard des F.A.R شارع الجيش الملكي, Meknès ⴰⵎⴽⵏⴰⵙ مكناس",33.8969419,-5.5425436,icons/pharmacy.png,OSM
Fès-Meknès,Café sans nom,Café,Formel,Café sans nom,34.0262405,-5.0420029,icons/cafe.png,OSM
Fès-Meknès,Pharmacie l'Hopital صيدلية المستشفى,Parapharmacie,Formel,"Rue Tlemcen, Meknès",33.9003004,-5.5421911,icons/pharmacy.png,OSM
Fès-Meknès,Pharmacie Salima صيدلية سليمة,Parapharmacie,Formel,"Rue Ouakaât Zellaka, Meknès",33.8992929,-5.543481,icons/pharmacy.png,OSM
Fès-Meknès,Pharmacie Annahla صيدلية النحلة,Parapharmacie,Formel,"Avenue Yacoub Al Mansour شارع يعقوب المنصور, Meknès",33.8995335,-5.5388513,icons/pharmacy.png,OSM
Fès-Meknès,مقهى العلام,Café,Formel,مقهى العلام,33.9406096,-5.2205448,icons/cafe.png,OSM
Fès-Meknès,Pharmacie L'Oum صيدلية الأم,Parapharmacie,Formel,Meknès ⴰⵎⴽⵏⴰⵙ مكناس,33.904406,-5.5561406,icons/pharmacy.png,OSM
Fès-Meknès,Pharmacie Al Firdaous صيدلية الفردوس,Parapharmacie,Formel,"شارع يوغوسلافيا, Meknès",33.907593,-5.5568519,icons/pharmacy.png,OSM
Fès-Meknès,Pharmacie Al Irfane صيدلية العرفان,Parapharmacie,Formel,Meknès,33.9070138,-5.5588313,icons/pharmacy.png,OSM
Fès-Meknès,Pharmacie Sidi Baba صيدلية سيدي بابا,Parapharmacie,Formel,Meknès ⴰⵎⴽⵏⴰⵙ مكناس,33.9116074,-5.5777386,icons/pharmacy.png,OSM
Fès-Meknès,Pharmacie Nassim صيدلية نسيم,Parapharmacie,Formel,Meknès ⴰⵎⴽⵏⴰⵙ مكناس,33.9112893,-5.5808006,icons/pharmacy.png,OSM
Fès-Meknès,Pharmacie le Conseil صيدلية النصيحة,Parapharmacie,Formel,Meknès ⴰⵎⴽⵏⴰⵙ مكناس,33.9086128,-5.5794529,icons/pharmacy.png,OSM
Fès-Meknès,Pharmacie Abderrahman Ben Zidane صيدلية عبد الرحمن بن زيدان,Parapharmacie,Formel,Meknès ⴰⵎⴽⵏⴰⵙ مكناس,33.9074423,-5.5753725,icons/pharmacy.png,OSM
Fès-Meknès,Pharmacie Rajae صيدلية رجاء,Parapharmacie,Formel,Meknès ⴰⵎⴽⵏⴰⵙ مكناس,33.9052369,-5.5766296,icons/pharmacy.png,OSM
Fès-Meknès,Pharmacie Annamoudajia الصيدلية النموذجية,Parapharmacie,Formel,Meknès ⴰⵎⴽⵏⴰⵙ مكناس,33.9044481,-5.5808972,icons/pharmacy.png,OSM
Fès-Meknès,Pharmacie Oujah Arousse صيدلية وجه عروس,Parapharmacie,Formel,Meknès ⴰⵎⴽⵏⴰⵙ مكناس,33.9035328,-5.5775678,icons/pharmacy.png,OSM
Fès-Meknès,Pharmacie Andalousie صيدلية الأندلس,Parapharmacie,Formel,Meknès ⴰⵎⴽⵏⴰⵙ مكناس,33.9039513,-5.5738025,icons/pharmacy.png,OSM
Fès-Meknès,Pharmacie Al Inaya صيدلية العناية,Parapharmacie,Formel,Meknès,33.8993417,-5.5756853,icons/pharmacy.png,OSM
Fès-Meknès,Pharmacie Al Ihssane صيدلية الإحسان,Parapharmacie,Formel,Meknès ⴰⵎⴽⵏⴰⵙ مكناس,33.901669,-5.5761241,icons/pharmacy.png,OSM
Fès-Meknès,Pharmacie du Quartier صيدلي الحي,Parapharmacie,Formel,"Zenkat 2, Meknès ⴰⵎⴽⵏⴰⵙ مكناس",33.9021311,-5.5819698,icons/pharmacy.png,OSM
Fès-Meknès,Pharmacie Zerhounia صيدلية الزرهونية,Parapharmacie,Formel,Meknès ⴰⵎⴽⵏⴰⵙ مكناس,33.8996067,-5.5790695,icons/pharmacy.png,OSM
Fès-Meknès,Pharmacie Hibat Allah صيدلية هبة الله,Parapharmacie,Formel,Meknès ⴰⵎⴽⵏⴰⵙ مكناس,33.8936395,-5.587797,icons/pharmacy.png,OSM
Fès-Meknès,Pharmacie Al Wifak صيدلية الوفاق,Parapharmacie,Formel,Meknès,33.8966217,-5.58049,icons/pharmacy.png,OSM
Fès-Meknès,Pharmacie Louali صيدلية الوالي,Parapharmacie,Formel,Meknès,33.8932158,-5.5799516,icons/pharmacy.png,OSM
Fès-Meknès,Pharmacie Toulal صيدلية التولال,Parapharmacie,Formel,Meknès ⴰⵎⴽⵏⴰⵙ مكناس,33.8859027,-5.5976791,icons/pharmacy.png,OSM
Fès-Meknès,Pharmacie Assal صيدلية عسال,Parapharmacie,Formel,Meknès,33.898209,-5.5950056,icons/pharmacy.png,OSM
Fès-Meknès,Pharmacie Bahajji صيدلية باحجي,Parapharmacie,Formel,Meknès مكناس,33.8903573,-5.5948114,icons/pharmacy.png,OSM
Fès-Meknès,Pharmacie Riad Toulal صيدلية رياض تولال,Parapharmacie,Formel,Meknès,33.8960002,-5.5985156,icons/pharmacy.png,OSM
Fès-Meknès,Pharmacie Azzahra صيدلية الزهراء,Parapharmacie,Formel,Meknès ⴰⵎⴽⵏⴰⵙ مكناس,33.8863249,-5.5925877,icons/pharmacy.png,OSM
Fès-Meknès,Pharmacie Laghribi صيدلية لغريبي,Parapharmacie,Formel,"Avenue 1, Meknès ⴰⵎⴽⵏⴰⵙ مكناس",33.8821131,-5.5970979,icons/pharmacy.png,OSM
Fès-Meknès,Pharmacie Le Croissant صيدلية الهلال,Parapharmacie,Formel,"Avenue 1, Meknès ⴰⵎⴽⵏⴰⵙ مكناس",33.8836453,-5.5943071,icons/pharmacy.png,OSM
Fès-Meknès,Pharmacie Sevilla صيدلية اشبيلية,Parapharmacie,Formel,Meknès ⴰⵎⴽⵏⴰⵙ مكناس,33.8838971,-5.6003,icons/pharmacy.png,OSM
Fès-Meknès,Pharmacie Borj Machkouk صيدلية البرج المشقوق,Parapharmacie,Formel,"Rue 16 زنقة, Meknès",33.8840913,-5.5780946,icons/pharmacy.png,OSM
Fès-Meknès,Pharmacie Kamelia صيدلية كاميليا,Parapharmacie,Formel,Meknès,33.8763431,-5.5771213,icons/pharmacy.png,OSM
Fès-Meknès,Pharmacie Ibn Hazm صيدلية بن الحزم,Parapharmacie,Formel,Meknès,33.8725184,-5.5847378,icons/pharmacy.png,OSM
Fès-Meknès,Pharmacie l'Océan صيدلية المحيط,Parapharmacie,Formel,Meknès,33.8728265,-5.5787371,icons/pharmacy.png,OSM
Fès-Meknès,Pharmacie Route Sefita صيدلية طريق سيفيطا,Parapharmacie,Formel,Meknès,33.8721387,-5.5757509,icons/pharmacy.png,OSM
Fès-Meknès,Pharmacie les Parents صيدلية الأبوين,Parapharmacie,Formel,"Avenue Mohammed VI شارع محمد السادس, Meknès",33.8686417,-5.5765127,icons/pharmacy.png,OSM
Fès-Meknès,Pharmacie Zitouna صيدلية الزيتونة,Parapharmacie,Formel,Meknès,33.8677104,-5.5812712,icons/pharmacy.png,OSM
Fès-Meknès,Pharmacie Chahdia صيدلية الشهدية,Parapharmacie,Formel,Meknès ⴰⵎⴽⵏⴰⵙ مكناس,33.8687003,-5.5898639,icons/pharmacy.png,OSM
Fès-Meknès,Pharmacie Sbaii صيدلية السباعي,Parapharmacie,Formel,Meknès,33.8679475,-5.5848182,icons/pharmacy.png,OSM
Fès-Meknès,Pharmacie Saadi صيدلية السعدي,Parapharmacie,Formel,Meknès ⴰⵎⴽⵏⴰⵙ مكناس,33.8652705,-5.5901606,icons/pharmacy.png,OSM
Fès-Meknès,Pharmacie Al Mansouri صيدلية المنصوري,Parapharmacie,Formel,Meknès ⴰⵎⴽⵏⴰⵙ مكناس,33.86685,-5.5869983,icons/pharmacy.png,OSM
Fès-Meknès,Pharmacie Al Mansour Marjane صيدلية المنصور مرجان,Parapharmacie,Formel,Meknès,33.8648427,-5.5829477,icons/pharmacy.png,OSM
Fès-Meknès,Pharmacie Al Jawarih صيدلية الجوارح,Parapharmacie,Formel,Meknès ⴰⵎⴽⵏⴰⵙ مكناس,33.8617386,-5.5852446,icons/pharmacy.png,OSM
Fès-Meknès,Pharmacie Nabil صيدلية نبيل,Parapharmacie,Formel,Meknès ⴰⵎⴽⵏⴰⵙ مكناس,33.865855,-5.5768643,icons/pharmacy.png,OSM
Fès-Meknès,Pharmacie Attadamoune صيدلية التضامن,Parapharmacie,Formel,Meknès ⴰⵎⴽⵏⴰⵙ مكناس,33.8640593,-5.5797487,icons/pharmacy.png,OSM
Fès-Meknès,Pharmacie Granada صيدلية غرناطة,Parapharmacie,Formel,Meknès ⴰⵎⴽⵏⴰⵙ مكناس,33.8619146,-5.5786473,icons/pharmacy.png,OSM
Fès-Meknès,Pharmacie Tazi صيدلية التازي,Parapharmacie,Formel,Meknès,33.8599582,-5.5817403,icons/pharmacy.png,OSM
Fès-Meknès,Pharmacie Oufquir صيدلية أوفقير,Parapharmacie,Formel,Meknès ⴰⵎⴽⵏⴰⵙ مكناس,33.8528824,-5.5850207,icons/pharmacy.png,OSM
Fès-Meknès,Pharmacie Dalia صيدلية الدالية,Parapharmacie,Formel,Meknès ⴰⵎⴽⵏⴰⵙ مكناس,33.8560893,-5.588122,icons/pharmacy.png,OSM
Fès-Meknès,Pharmacie Manazil Al Ismailia صيدلية منازل الإسماعيلية,Parapharmacie,Formel,Meknès ⴰⵎⴽⵏⴰⵙ مكناس,33.8508928,-5.591414,icons/pharmacy.png,OSM
Fès-Meknès,Pharmacie Ryad صيدلية الرياض,Parapharmacie,Formel,"Boulevard El Kods, Meknès",33.8877151,-5.5701109,icons/pharmacy.png,OSM
Fès-Meknès,Pharmacie Bab Berdaine صيدلية باب البردعين,Parapharmacie,Formel,Meknès,33.9002698,-5.5675674,icons/pharmacy.png,OSM
Fès-Meknès,Pharmacie Nejjarine صيدلية النجارين,Parapharmacie,Formel,Meknès,33.895382,-5.5692,icons/pharmacy.png,OSM
Fès-Meknès,Pharmacie Kobbat Essouk صيدلية قبة السوق,Parapharmacie,Formel,"Rue Kobbat Souk, Meknès مكناس",33.8950411,-5.5654722,icons/pharmacy.png,OSM
Fès-Meknès,Pharmacie Al Fath صيدلية الفتح,Parapharmacie,Formel,"Avenue Sekkakine السكاكين, Meknès ⴰⵎⴽⵏⴰⵙ مكناس",33.893165,-5.5668529,icons/pharmacy.png,OSM
Fès-Meknès,Pharmacie du Progrès صيدلية التقدم,Parapharmacie,Formel,Meknès ⴰⵎⴽⵏⴰⵙ مكناس,33.8937831,-5.56347,icons/pharmacy.png,OSM
Fès-Meknès,Pharmacie Rouamzine صيدلية روامزين,Parapharmacie,Formel,"Avenue Rwamzil, Meknès ⴰⵎⴽⵏⴰⵙ مكناس",33.8943465,-5.5605202,icons/pharmacy.png,OSM
Fès-Meknès,Pharmacie Dar Lakbira صيدلي الدار الكبيرة,Parapharmacie,Formel,Meknès ⴰⵎⴽⵏⴰⵙ مكناس,33.8905796,-5.5619735,icons/pharmacy.png,OSM
Fès-Meknès,Pharmacie El Darih صيدلية الضريح,Parapharmacie,Formel,Meknès ⴰⵎⴽⵏⴰⵙ مكناس,33.8914108,-5.563479,icons/pharmacy.png,OSM
Fès-Meknès,Pharmacie Al Ahram صيدلية الأهرام,Parapharmacie,Formel,Meknès ⴰⵎⴽⵏⴰⵙ مكناس,33.8884155,-5.5548771,icons/pharmacy.png,OSM
Fès-Meknès,Pharmacie du Mechouar صيدلية المشور,Parapharmacie,Formel,Meknès ⴰⵎⴽⵏⴰⵙ مكناس,33.8848175,-5.5518128,icons/pharmacy.png,OSM
Fès-Meknès,Pharmacie Agdal صيدلية أكدال,Parapharmacie,Formel,Meknès,33.8805673,-5.5445898,icons/pharmacy.png,OSM
Fès-Meknès,Pharmacie Asmae صيدلية أسماء,Parapharmacie,Formel,Meknès,33.8781199,-5.5444711,icons/pharmacy.png,OSM
Fès-Meknès,Pharmacie Lahlimi صيدلية لحليمي,Parapharmacie,Formel,Meknès,33.8800133,-5.548042,icons/pharmacy.png,OSM
Fès-Meknès,Pharmacie Marmoucha صيدلية مرموشة,Parapharmacie,Formel,Meknès ⴰⵎⴽⵏⴰⵙ مكناس,33.8568646,-5.5323636,icons/pharmacy.png,OSM
Fès-Meknès,Pharmacie Al Baridiya صيدلية البريدية,Parapharmacie,Formel,Meknès ⴰⵎⴽⵏⴰⵙ مكناس,33.8563205,-5.5493557,icons/pharmacy.png,OSM
Fès-Meknès,Pharmacie Sidi Bouzekri صيدلية سيدي بوزكري,Parapharmacie,Formel,"rue Chouaib Doukkali, Meknès",33.8662952,-5.5369727,icons/pharmacy.png,OSM
Fès-Meknès,Pharmacie Kenza صيدلية كنزة,Parapharmacie,Formel,Meknès ⴰⵎⴽⵏⴰⵙ مكناس,33.8500029,-5.5623937,icons/pharmacy.png,OSM
Fès-Meknès,Pharmacie Al Moatamid Ibn Abbad صيدلية المعتمد بن عباد,Parapharmacie,Formel,Meknès ⴰⵎⴽⵏⴰⵙ مكناس,33.8456659,-5.5574062,icons/pharmacy.png,OSM
Fès-Meknès,Pharmacie Ryad Al Ismailia صيدلية رياض الإسماعيلية,Parapharmacie,Formel,Meknès ⴰⵎⴽⵏⴰⵙ مكناس,33.8565627,-5.5681238,icons/pharmacy.png,OSM
Fès-Meknès,Pharmacie Prestige صيدلية بريستيج,Parapharmacie,Formel,Meknès ⴰⵎⴽⵏⴰⵙ مكناس,33.854095,-5.5633706,icons/pharmacy.png,OSM
Fès-Meknès,Pharmacie Anassi صيدلية آناسي,Parapharmacie,Formel,"Avenue Zitoune, Meknès",33.8587934,-5.5643397,icons/pharmacy.png,OSM
Fès-Meknès,Pharmacie Nada صيدلية ندى,Parapharmacie,Formel,Meknès ⴰⵎⴽⵏⴰⵙ مكناس,33.8538109,-5.5670246,icons/pharmacy.png,OSM
Fès-Meknès,Pharmacie Atlas Asseha صيدلية أطلس الصحة,Parapharmacie,Formel,Meknès,33.8571202,-5.5607857,icons/pharmacy.png,OSM
Fès-Meknès,Pharmacie Ibtissamat Ennaim صيدلية إبتسامات النعيم,Parapharmacie,Formel,Meknès ⴰⵎⴽⵏⴰⵙ مكناس,33.8521894,-5.5606289,icons/pharmacy.png,OSM
Fès-Meknès,Pharmacie les Nobles صيدلية النبلاء,Parapharmacie,Formel,"Avenue Zitoune, Meknès",33.8591021,-5.5581191,icons/pharmacy.png,OSM
Fès-Meknès,Pharmacie Rabha صيدلية رابحة,Parapharmacie,Formel,"Avenue Zitoune, Meknès",33.859292,-5.5520153,icons/pharmacy.png,OSM
Fès-Meknès,Pharmacie Tahama صيدلية تهامة,Parapharmacie,Formel,Meknès ⴰⵎⴽⵏⴰⵙ مكناس,33.8515803,-5.5538908,icons/pharmacy.png,OSM
Fès-Meknès,Pharmacie Naim صيدلية نعيم,Parapharmacie,Formel,Meknès ⴰⵎⴽⵏⴰⵙ مكناس,33.8512579,-5.5573025,icons/pharmacy.png,OSM
Fès-Meknès,Pharmacie Narjis صيدلية النرجس,Parapharmacie,Formel,Meknès ⴰⵎⴽⵏⴰⵙ مكناس,33.8541301,-5.5563126,icons/pharmacy.png,OSM
Fès-Meknès,Pharmacie Hay Laaouija صيدلية حي العويجة,Parapharmacie,Formel,Meknès,33.8666631,-5.5605651,icons/pharmacy.png,OSM
Fès-Meknès,Pharmacie Chracher صيدلية الشراشر,Parapharmacie,Formel,Meknès,33.8636985,-5.5483332,icons/pharmacy.png,OSM
Fès-Meknès,Pharmacie Meziane صيدلية مزيان,Parapharmacie,Formel,Meknès,33.8691663,-5.5517328,icons/pharmacy.png,OSM
Fès-Meknès,Pharmacie Bab Kbich صيدلية باب كبيش,Parapharmacie,Formel,"Rue Zair, Meknès",33.8633928,-5.5516018,icons/pharmacy.png,OSM
Fès-Meknès,Pharmacie Palais Al Mansour صيدلية قصر المنصور,Parapharmacie,Formel,Meknès,33.8691684,-5.5589181,icons/pharmacy.png,OSM
Fès-Meknès,Pharmacie Chaouia صيدلية الشاوية,Parapharmacie,Formel,Meknès,33.8671598,-5.5550965,icons/pharmacy.png,OSM
Fès-Meknès,Pharmacie Meknès صيدلية مكناس,Parapharmacie,Formel,Meknès,33.8782026,-5.5700455,icons/pharmacy.png,OSM
Fès-Meknès,Pharmacie Al Farabi صيدلية الفرابي,Parapharmacie,Formel,Meknès,33.8741322,-5.5653916,icons/pharmacy.png,OSM
Fès-Meknès,Pharmacie Nisrine صيدلية نسرين,Parapharmacie,Formel,Meknès,33.8777865,-5.5640694,icons/pharmacy.png,OSM
Fès-Meknès,Pharmacie Annajat صيدلية النجاة,Parapharmacie,Formel,Meknès,33.8720197,-5.5695681,icons/pharmacy.png,OSM
Fès-Meknès,Pharmacie Riad Al Andalous صيدلية رياض الأندلس,Parapharmacie,Formel,Meknès,33.8749911,-5.5703325,icons/pharmacy.png,OSM
Fès-Meknès,Pharmacie Florance صيدلية فلورانس,Parapharmacie,Formel,Meknès ⴰⵎⴽⵏⴰⵙ مكناس,33.8642095,-5.575224,icons/pharmacy.png,OSM
Fès-Meknès,Pharmacie Seif Eddine صيدلية سيف الدين,Parapharmacie,Formel,Meknès,33.867221,-5.5708929,icons/pharmacy.png,OSM
Fès-Meknès,Pharmacie Ibn Tofail صيدلية بن طفيل,Parapharmacie,Formel,Meknès,33.8654771,-5.5645754,icons/pharmacy.png,OSM
Fès-Meknès,Pharmacie Ikamate Lamsalla صيدلية إقامة لمصلى,Parapharmacie,Formel,Meknès,33.8686624,-5.5651379,icons/pharmacy.png,OSM
Fès-Meknès,Pharmacie El Kettani صيدلية الكتاني,Parapharmacie,Formel,Meknès,33.8640055,-5.5617841,icons/pharmacy.png,OSM
Fès-Meknès,Pharmacie Riad Zitoune صيدلية رياض الزيتون,Parapharmacie,Formel,Meknès ⴰⵎⴽⵏⴰⵙ مكناس,33.8625575,-5.5661372,icons/pharmacy.png,OSM
Fès-Meknès,Pharmacie Al Yassamine صيدلية الياسمين,Parapharmacie,Formel,Meknès,33.859398,-5.5688041,icons/pharmacy.png,OSM
Fès-Meknès,Pharmacie Lahbib صيدلية الحبيب,Parapharmacie,Formel,Meknès,33.8632178,-5.5716703,icons/pharmacy.png,OSM
Fès-Meknès,Pharmacie Al Azhar صيدلية الأزهر,Parapharmacie,Formel,Meknès,33.8612459,-5.5624559,icons/pharmacy.png,OSM
Fès-Meknès,Pharmacie Loukmane صيدلية لقمان,Parapharmacie,Formel,Meknès,33.8557034,-5.5071928,icons/pharmacy.png,OSM
Fès-Meknès,Pharmacie Yassine صيدلية ياسين,Parapharmacie,Formel,Meknès,33.8536752,-5.5132003,icons/pharmacy.png,OSM
Fès-Meknès,Pharmacie Al Inara صيدلية الإنارة,Parapharmacie,Formel,Meknès ⴰⵎⴽⵏⴰⵙ مكناس,33.8515851,-5.5213417,icons/pharmacy.png,OSM
Fès-Meknès,Pharmacie Oussama صيدلية أسامة,Parapharmacie,Formel,Meknès,33.8560157,-5.5162137,icons/pharmacy.png,OSM
Fès-Meknès,Pharmacie Ezzahwa صيدلية الزهوة,Parapharmacie,Formel,Meknès,33.8712689,-5.5325639,icons/pharmacy.png,OSM
Fès-Meknès,Pharmacie Al Andalous صيدلية الأندلس,Parapharmacie,Formel,Meknès,33.8735931,-5.5348954,icons/pharmacy.png,OSM
Fès-Meknès,Pharmacie Al Wassila صيدلية الوسيلة,Parapharmacie,Formel,Meknès,33.8949777,-5.5471547,icons/pharmacy.png,OSM
Fès-Meknès,Pharmacie la Rosée صيدلية الندى,Parapharmacie,Formel,"Zenkat Abou Ali Ben Rahhal, Meknès",33.8948573,-5.5435941,icons/pharmacy.png,OSM
Fès-Meknès,Pharmacie de Bretagne صيدلية بروطان,Parapharmacie,Formel,"Rue Bendongh زنقة باندونغ, Meknès ⴰⵎⴽⵏⴰⵙ مكناس",33.8939887,-5.5409613,icons/pharmacy.png,OSM
Fès-Meknès,Pharmacie de Paris صيدلية باريس,Parapharmacie,Formel,"Boulevard des F.A.R شارع الجيش الملكي, Meknès",33.8971669,-5.5393468,icons/pharmacy.png,OSM
Fès-Meknès,Pharmacie Rawnak صيدلية رونق,Parapharmacie,Formel,"Rue Jamal Eddine Alafghani, Meknès",33.8946997,-5.5362812,icons/pharmacy.png,OSM
Fès-Meknès,Pharmacie Layla صيدلية ليلى,Parapharmacie,Formel,Meknès,33.882764,-5.5035539,icons/pharmacy.png,OSM
Fès-Meknès,Pharmacie Aladdin صيدلية علاء الدين,Parapharmacie,Formel,"Route de Fès, Meknès",33.899292,-5.4810167,icons/pharmacy.png,OSM
Fès-Meknès,Pharmacie Cornette صيدلية كورنيط,Parapharmacie,Formel,"شارع الدكتور عبد الكريم الخطيب, Meknès",33.9043338,-5.5519073,icons/pharmacy.png,OSM
Fès-Meknès,Pharmacie la Gare Routière صيدلية المحطة الطرقية,Parapharmacie,Formel,Meknès,33.8911847,-5.5767928,icons/pharmacy.png,OSM
Fès-Meknès,Pharmacie Populaire الصيدلية الشعبية,Parapharmacie,Formel,Meknès,33.8933687,-5.5701055,icons/pharmacy.png,OSM
Fès-Meknès,Pharmacie Itri صيدلية إثري,Parapharmacie,Formel,"Avenue de la gare, Meknès ⴰⵎⴽⵏⴰⵙ مكناس",33.8968052,-5.531668,icons/pharmacy.png,OSM
Fès-Meknès,Pharmacie Hôpital Mohamed V صيدلية مستشفى محمد,Parapharmacie,Formel,"Avenue Zerktouni, Meknès",33.9041537,-5.5420273,icons/pharmacy.png,OSM
Fès-Meknès,Pharmacie Asmae صيدلية أسماء,Parapharmacie,Formel,"Avenue Rachad, Fès",34.0136448,-4.9752165,icons/pharmacy.png,OSM
Fès-Meknès,Pharmacie du Lido صيدلية الليدو,Parapharmacie,Formel,"Route des Champs شارع الجولان, Fès",34.0331265,-4.9904057,icons/pharmacy.png,OSM
Fès-Meknès,Pharmacie Saada صيدلية السعادة,Parapharmacie,Formel,"HAY SAADA RTE AIN CHQEF, Fès",34.0256245,-5.0048828,icons/pharmacy.png,OSM
Fès-Meknès,Pharmacie Gharnata صيدلية غرناطة,Parapharmacie,Formel,Fès,34.0357569,-5.0287686,icons/pharmacy.png,OSM
Fès-Meknès,مقهى المكتب,Café,Formel,مقهى المكتب,34.230287,-4.008805,icons/cafe.png,OSM
Fès-Meknès,مقهى الصخرة,Café,Formel,مقهى الصخرة,34.2307921,-4.00793,icons/cafe.png,OSM
Fès-Meknès,صيدلية المحطة,Parapharmacie,Formel,صيدلية المحطة,34.2306966,-4.0078732,icons/pharmacy.png,OSM
Fès-Meknès,BRIDGE CAFE,Café,Formel,Avenue Mohamed V شارع الحسن الثاني,33.6915617,-5.3702634,icons/cafe.png,OSM
Fès-Meknès,Pharmacie Berrada صيدلية برادة,Parapharmacie,Formel,Fès,34.0591521,-5.0138627,icons/pharmacy.png,OSM
Fès-Meknès,Pharmacie Averroès صيدلية ابن رشد,Parapharmacie,Formel,"Ibn Hajar, Fès",34.0433492,-5.0091946,icons/pharmacy.png,OSM
Fès-Meknès,Café Ronzalina,Café,Formel,Café Ronzalina,33.8840361,-5.6004207,icons/cafe.png,OSM
Fès-Meknès,Pharmacie Attouraya صيدلية الثريا,Parapharmacie,Formel,Fès ⴼⴰⵙ فاس,34.0695594,-4.9955712,icons/pharmacy.png,OSM
Fès-Meknès,Pharmacie Hay Belkhayat صيدلية حي بلخياط,Parapharmacie,Formel,Fès,34.0686025,-5.001806,icons/pharmacy.png,OSM
Fès-Meknès,Pharmacie Al Mamalik صيدلية الممالك,Parapharmacie,Formel,Fès,34.0658698,-4.9968004,icons/pharmacy.png,OSM
Fès-Meknès,Pharmacie le Remède صيدلية الدواء,Parapharmacie,Formel,Fès ⴼⴰⵙ فاس,34.0588845,-5.0111457,icons/pharmacy.png,OSM
Fès-Meknès,Pharmacie Ain Kadouss صيدلية عين قادوس,Parapharmacie,Formel,Fès,34.0598898,-5.008256,icons/pharmacy.png,OSM
Fès-Meknès,Pharmacie Benkirane صيدلية بنكيران,Parapharmacie,Formel,Fès,34.0596226,-5.0169477,icons/pharmacy.png,OSM
Fès-Meknès,Pharmacie El Ghazi صيدلية الغازي,Parapharmacie,Formel,Fès,34.0567516,-5.0152941,icons/pharmacy.png,OSM
Fès-Meknès,Pharmacie Jbel Tghat صيدلية جبل ثغات,Parapharmacie,Formel,Fès,34.0577633,-5.0212595,icons/pharmacy.png,OSM
Fès-Meknès,Pharmacie Faiza صيدلية فايزة,Parapharmacie,Formel,Fès فاس,34.0566911,-5.0303904,icons/pharmacy.png,OSM
Fès-Meknès,Pharmacie Salah صيدلية صلاح,Parapharmacie,Formel,Fès,34.0554449,-5.0256744,icons/pharmacy.png,OSM
Fès-Meknès,Pharmacie Reda صيدلية رضا,Parapharmacie,Formel,Fès,34.0571553,-5.0267418,icons/pharmacy.png,OSM
Fès-Meknès,Pharmacie Al Imane صيدلية الإيمان,Parapharmacie,Formel,Fès,34.0523514,-5.0344778,icons/pharmacy.png,OSM
Fès-Meknès,Pharmacie Al Falah صيدلية الفلاح,Parapharmacie,Formel,Fès فاس,34.0550044,-5.0287002,icons/pharmacy.png,OSM
Fès-Meknès,Pharmacie Ain Haroun صيدلية عين هارون,Parapharmacie,Formel,Fès,34.066531,-5.0073181,icons/pharmacy.png,OSM
Fès-Meknès,Pharmacie Ibn Al Khatib صيدلية بن الخطيب,Parapharmacie,Formel,Fès,34.0665259,-5.0035026,icons/pharmacy.png,OSM
Fès-Meknès,Pharmacie Agadir صيدلية أكادير,Parapharmacie,Formel,Fès,34.063744,-5.009789,icons/pharmacy.png,OSM
Fès-Meknès,Pharmacie Saida صيدلية سعيدة,Parapharmacie,Formel,Fès,34.0651564,-5.0162463,icons/pharmacy.png,OSM
Fès-Meknès,Pharmacie Es-Salam صيدلية السلام,Parapharmacie,Formel,"Avenue Oqba Ben Nafia, Fès",34.0610614,-5.0123122,icons/pharmacy.png,OSM
Fès-Meknès,Pharmacie Ibn Sina صيدلية ابن سينا,Parapharmacie,Formel,Fès,34.0634415,-5.0054342,icons/pharmacy.png,OSM
Fès-Meknès,Pharmacie Dayaa صيدلية الضيعة,Parapharmacie,Formel,Fès,34.0627967,-5.0181666,icons/pharmacy.png,OSM
Fès-Meknès,Pharmacie Hay Laalou صيدلية حي لعلو,Parapharmacie,Formel,Fès,34.0651138,-5.0121204,icons/pharmacy.png,OSM
Fès-Meknès,Pharmacie Al Imam Malik صيدلية الإمام مالك,Parapharmacie,Formel,Fès,34.0622255,-5.0215687,icons/pharmacy.png,OSM
Fès-Meknès,Pharmacie Al Marwa صيدلية المروى,Parapharmacie,Formel,Fès,34.0602017,-5.0285858,icons/pharmacy.png,OSM
Fès-Meknès,Pharmacie Al Hilal صيدلية الهلال,Parapharmacie,Formel,Fès ⴼⴰⵙ فاس,34.0611772,-5.0330511,icons/pharmacy.png,OSM
Fès-Meknès,Pharmacie Soundous صيدلية السندس,Parapharmacie,Formel,Fès,34.0593037,-5.0364883,icons/pharmacy.png,OSM
Fès-Meknès,Pharmacie El Boukhari صيدلية البخاري,Parapharmacie,Formel,Fès,34.0567425,-5.0352601,icons/pharmacy.png,OSM
Fès-Meknès,Pharmacie Mounia صيدلية مونية,Parapharmacie,Formel,Fès ⴼⴰⵙ فاس,34.058589,-5.0397344,icons/pharmacy.png,OSM
Fès-Meknès,Pharmacie Youssef Ben Tachafine صيدلية يوسف تاشفين,Parapharmacie,Formel,Fès,34.0549853,-5.0415456,icons/pharmacy.png,OSM
Fès-Meknès,Pharmacie Lhoumadi صيدلية لحومادي,Parapharmacie,Formel,Fès,34.0511596,-5.0393854,icons/pharmacy.png,OSM
Fès-Meknès,Pharmacie Maalal صيدلية معلال,Parapharmacie,Formel,Fès ⴼⴰⵙ فاس,34.0531852,-5.0380269,icons/pharmacy.png,OSM
Fès-Meknès,Pharmacie Hasnaoui صيدلية الحسناوي,Parapharmacie,Formel,Fès ⴼⴰⵙ فاس,34.0587131,-5.0454574,icons/pharmacy.png,OSM
Fès-Meknès,Pharmacie Dr Obtel صيدلية د.أوبتيل,Parapharmacie,Formel,Fès ⴼⴰⵙ فاس,34.05283,-5.048599,icons/pharmacy.png,OSM
Fès-Meknès,Pharmacie El Mountazah صيدلية المنتزه,Parapharmacie,Formel,Fès,34.0558711,-5.0446871,icons/pharmacy.png,OSM
Fès-Meknès,Pharmacie Nasma صيدلية نسمة,Parapharmacie,Formel,Fès ⴼⴰⵙ فاس,34.0453606,-4.9541227,icons/pharmacy.png,OSM
Fès-Meknès,Pharmacie Al Hanae صيدلية الهناء,Parapharmacie,Formel,Fès,34.0488103,-4.9606574,icons/pharmacy.png,OSM
Fès-Meknès,Pharmacie Bled Tahiriyine صيدلية بلاد الطاهريين,Parapharmacie,Formel,Fès,34.0474135,-4.9562404,icons/pharmacy.png,OSM
Fès-Meknès,Pharmacie Al Makkiya صيدلية المكية,Parapharmacie,Formel,Fès,34.0507379,-4.9572886,icons/pharmacy.png,OSM
Fès-Meknès,Pharmacie Driss صيدلية إدريس,Parapharmacie,Formel,Fès,34.0501087,-4.9644643,icons/pharmacy.png,OSM
Fès-Meknès,Pharmacie Wisslane صيدلية ويسلان,Parapharmacie,Formel,Fès,34.0581225,-4.9520117,icons/pharmacy.png,OSM
Fès-Meknès,Pharmacie El Louizatt صيدلية اللويزات,Parapharmacie,Formel,Fès,34.0593227,-4.9564327,icons/pharmacy.png,OSM
Fès-Meknès,Pharmacie M'sella صيدلية المصلى,Parapharmacie,Formel,Fès,34.0524925,-4.9608524,icons/pharmacy.png,OSM
Fès-Meknès,Pharmacie la Ménara صيدلية المنارة,Parapharmacie,Formel,Fès,34.0142987,-4.9681185,icons/pharmacy.png,OSM
Fès-Meknès,Pharmacie Kamal صيدلية كمال,Parapharmacie,Formel,Fès,34.0571051,-4.9544992,icons/pharmacy.png,OSM
Fès-Meknès,Pharmacie Al Walidin صيدلية الوالدين,Parapharmacie,Formel,Fès ⴼⴰⵙ فاس,34.0611174,-4.93784,icons/pharmacy.png,OSM
Fès-Meknès,Pharmacie Saguia Lhamra صيدلية الساقية الحمراء,Parapharmacie,Formel,Fès,34.0182531,-4.9723992,icons/pharmacy.png,OSM
Fès-Meknès,Pharmacie Aouinat El Hajjaj صيدلية عوينات الحجاج,Parapharmacie,Formel,Fès ⴼⴰⵙ فاس,34.0200745,-4.967283,icons/pharmacy.png,OSM
Fès-Meknès,Pharmacie El Alj صيدلية العلج,Parapharmacie,Formel,Fès ⴼⴰⵙ فاس,34.0199568,-4.9679916,icons/pharmacy.png,OSM
Fès-Meknès,Pharmacie Alae Arrahman صيدلية الرحمان,Parapharmacie,Formel,Fès ⴼⴰⵙ فاس,34.0178391,-4.9630909,icons/pharmacy.png,OSM
Fès-Meknès,Pharmacie Moulay Abdellah صيدلية مولاي عبد الله,Parapharmacie,Formel,"Avenue Derb Moulay Abdellah, Fès ⴼⴰⵙ فاس",34.0571831,-4.9933334,icons/pharmacy.png,OSM
Fès-Meknès,Pharmacie Bab Fès صيدلية باب فاس,Parapharmacie,Formel,Fès ⴼⴰⵙ فاس,34.0611947,-4.9418139,icons/pharmacy.png,OSM
Fès-Meknès,Pharmacie Moulay M'Barek صيدلية مولاي مبارك,Parapharmacie,Formel,Fès,34.0639385,-4.9543363,icons/pharmacy.png,OSM
Fès-Meknès,Pharmacie Ain Nokbi صيدلية عين النقبي,Parapharmacie,Formel,Fès,34.0617846,-4.9526825,icons/pharmacy.png,OSM
Fès-Meknès,Pharmacie El Kobba صيدلية القبة,Parapharmacie,Formel,Fès,34.0644193,-4.9527481,icons/pharmacy.png,OSM
Fès-Meknès,Pharmacie Jnane Kadiri صيدلية جنان القادري,Parapharmacie,Formel,Fès ⴼⴰⵙ فاس,34.067096,-4.955399,icons/pharmacy.png,OSM
Fès-Meknès,Pharmacie Al Andalous صيدلية الأندلس,Parapharmacie,Formel,"Boulevard des Merinides, Fès ⴼⴰⵙ فاس",34.0704308,-4.966285,icons/pharmacy.png,OSM
Fès-Meknès,Pharmacie Jnan Mekouar صيدلية جنان مكوار,Parapharmacie,Formel,Fès ⴼⴰⵙ فاس,34.0718486,-4.96295,icons/pharmacy.png,OSM
Fès-Meknès,Parc bella,Café,Formel,Parc bella,34.2317469,-4.0335879,icons/cafe.png,OSM
Fès-Meknès,Pharmacie Fatima Al Fihriya صيدلية فاطمة الفهرية,Parapharmacie,Formel,Fès,34.0560754,-4.9741905,icons/pharmacy.png,OSM
Fès-Meknès,Pharmacie Zkak Lahjar صيدلية زقاق الحجر,Parapharmacie,Formel,Fès,34.0633697,-4.9777072,icons/pharmacy.png,OSM
Fès-Meknès,Pharmacie Bab El Guissa صيدلية باب عجيسة,Parapharmacie,Formel,Fès,34.068623,-4.9757032,icons/pharmacy.png,OSM
Fès-Meknès,Pharmacie Oued Zhoun صيدلية واد الزحون,Parapharmacie,Formel,Fès ⴼⴰⵙ فاس,34.0685381,-4.9706313,icons/pharmacy.png,OSM
Fès-Meknès,Pharmacie Zarouk صيدلية زروق,Parapharmacie,Formel,Fès ⴼⴰⵙ فاس,34.0707225,-4.9689367,icons/pharmacy.png,OSM
Fès-Meknès,Pharmacie Hanane صيدلية حنان,Parapharmacie,Formel,Fès ⴼⴰⵙ فاس,34.0667619,-4.9635254,icons/pharmacy.png,OSM
Fès-Meknès,Pharmacie Jnan Drader صيدلية جنان الدرادر,Parapharmacie,Formel,Fès ⴼⴰⵙ فاس,34.0673755,-4.9698138,icons/pharmacy.png,OSM
Fès-Meknès,Pharmacie Sidi Boujida صيدلية سيدي بوجيدة,Parapharmacie,Formel,Fès ⴼⴰⵙ فاس,34.0667762,-4.9669479,icons/pharmacy.png,OSM
Fès-Meknès,Pharmacie Ibn Battouta صيدلية بن بطوطة,Parapharmacie,Formel,Fès ⴼⴰⵙ فاس,34.0656218,-4.9624823,icons/pharmacy.png,OSM
Fès-Meknès,Pharmacie Al Anouar صيدلية الأنوار,Parapharmacie,Formel,Fès ⴼⴰⵙ فاس,34.0637703,-4.9664302,icons/pharmacy.png,OSM
Fès-Meknès,Pharmacie Bab El Hamraa صيدلية باب الحمراء,Parapharmacie,Formel,Fès,34.0605946,-4.9688505,icons/pharmacy.png,OSM
Fès-Meknès,Pharmacie Lagzira صيدلية الجزيرة,Parapharmacie,Formel,Fès,34.0620445,-4.9716214,icons/pharmacy.png,OSM
Fès-Meknès,Pharmacie Tadlaoui صيدلية التدلاوي,Parapharmacie,Formel,Fès,34.0541841,-5.0183917,icons/pharmacy.png,OSM
Fès-Meknès,Pharmacie Bouramana صيدلية بورمانة,Parapharmacie,Formel,"Rue Khalid Ibn Walid, Fès",34.0225701,-4.9940671,icons/pharmacy.png,OSM
Fès-Meknès,Pharmacie de Paris صيدلية باريس,Parapharmacie,Formel,Fès,34.0103805,-4.9858207,icons/pharmacy.png,OSM
Fès-Meknès,Pharmacie Ibn Taymiya صيدلية بن تيمية,Parapharmacie,Formel,"Rocade Sud, Fès ⴼⴰⵙ فاس",33.9902509,-4.9908913,icons/pharmacy.png,OSM
Fès-Meknès,Pharmacie Slaoui صيدلية السلاوي,Parapharmacie,Formel,Fès,33.9979001,-4.9846357,icons/pharmacy.png,OSM
Fès-Meknès,Pharmacie Meliani صيدلية ملياني,Parapharmacie,Formel,Fès ⴼⴰⵙ فاس,33.9871216,-4.986228,icons/pharmacy.png,OSM
Fès-Meknès,Pharmacie Mouldwa صيدلية مولدوا,Parapharmacie,Formel,"Lots Sabaté 1 Zouhour, Fès ⴼⴰⵙ فاس",33.9841552,-4.9860443,icons/pharmacy.png,OSM
Fès-Meknès,Pharmacie El Kadiri صيدلية القادري,Parapharmacie,Formel,Fès ⴼⴰⵙ فاس,33.9921687,-4.9878437,icons/pharmacy.png,OSM
Fès-Meknès,Pharmacie Arrayhane صيدلية الريحان,Parapharmacie,Formel,Fès,33.9945831,-4.970386,icons/pharmacy.png,OSM
Fès-Meknès,Pharmacie Almaz صيدلية ألماز,Parapharmacie,Formel,Fès ⴼⴰⵙ فاس,33.9905847,-4.977379,icons/pharmacy.png,OSM
Fès-Meknès,Pharmacie l'Humanité صيدلية الإنسانية,Parapharmacie,Formel,Fès,33.9782135,-5.0264176,icons/pharmacy.png,OSM
Fès-Meknès,Pharmacie Faculté Echariaa صيدلية كلية الشريعة,Parapharmacie,Formel,Fès,33.9984657,-4.9750457,icons/pharmacy.png,OSM
Fès-Meknès,Pharmacie Jardins El Badie صيدلية حدائق البديع,Parapharmacie,Formel,Fès ⴼⴰⵙ فاس,33.9861055,-5.0122274,icons/pharmacy.png,OSM
Fès-Meknès,Pharmacie Diamant de Fès صيدلية جوهرة فاس,Parapharmacie,Formel,Fès ⴼⴰⵙ فاس,33.9943582,-4.9666565,icons/pharmacy.png,OSM
Fès-Meknès,Pharmacie Route Sidi Hrazem صيدلية طريق سيدي حرازم,Parapharmacie,Formel,Fès ⴼⴰⵙ فاس,34.010757,-4.9558975,icons/pharmacy.png,OSM
Fès-Meknès,Pharmacie Menzeh Saïss صيدلية منزه سايس,Parapharmacie,Formel,Fès ⴼⴰⵙ فاس,34.0075084,-4.9541278,icons/pharmacy.png,OSM
Fès-Meknès,Pharmacie Guard صيدلية كارد,Parapharmacie,Formel,Fès ⴼⴰⵙ فاس,34.0112352,-4.9739285,icons/pharmacy.png,OSM
Fès-Meknès,Pharmacie Ibno Tachefine صيدلية ابن تاشفين,Parapharmacie,Formel,"Rue Taiwan, Fès ⴼⴰⵙ فاس",34.0117766,-4.9722125,icons/pharmacy.png,OSM
Fès-Meknès,Pharmacie Essania صيدلية السانية,Parapharmacie,Formel,Fès فاس,34.0098741,-4.9609846,icons/pharmacy.png,OSM
Fès-Meknès,Pharmacie Bel Air صيدلية بلير,Parapharmacie,Formel,Fès ⴼⴰⵙ فاس,34.0126429,-4.9607711,icons/pharmacy.png,OSM
Fès-Meknès,Pharmacie Ryad Saiss صيدلية رياض سايس,Parapharmacie,Formel,Fès ⴼⴰⵙ فاس,34.0145582,-4.9616357,icons/pharmacy.png,OSM
Fès-Meknès,Pharmacie Hay Riyad صيدلية حي الرياض,Parapharmacie,Formel,Fès ⴼⴰⵙ فاس,34.0192846,-4.9605092,icons/pharmacy.png,OSM
Fès-Meknès,Pharmacie El Otmani صيدلية العثماني,Parapharmacie,Formel,Fès ⴼⴰⵙ فاس,34.0229583,-4.9649338,icons/pharmacy.png,OSM
Fès-Meknès,Pharmacie de l'Université صيدلية الجامعة,Parapharmacie,Formel,"Avenue Ibn Khatib زنقة شفشاون, Fès",34.033483,-4.9859151,icons/pharmacy.png,OSM
Fès-Meknès,Pharmacie Al Alia صيدلية العالية,Parapharmacie,Formel,"Boulevard Abu Houriya, Fès",34.0139018,-5.0059757,icons/pharmacy.png,OSM
Fès-Meknès,Pharmacie Masjid Arreda صيدلية مسجد الرضى,Parapharmacie,Formel,Fès,34.002482,-4.9982576,icons/pharmacy.png,OSM
Fès-Meknès,Pharmacie des 3 Sources صيدلية المنابع الثلاث,Parapharmacie,Formel,Fès,33.9967109,-4.9940193,icons/pharmacy.png,OSM
Fès-Meknès,Pharmacie Jamai صيدلية الجامعي,Parapharmacie,Formel,Fès,33.9952552,-5.003872,icons/pharmacy.png,OSM
Fès-Meknès,Pharmacie Rachidia 3 صيدلية الراشدية,Parapharmacie,Formel,Fès,34.0123275,-5.0141604,icons/pharmacy.png,OSM
Fès-Meknès,Pharmacie Al Alaoui صيدلية العلوي,Parapharmacie,Formel,Fès ⴼⴰⵙ فاس,33.9918236,-5.0052984,icons/pharmacy.png,OSM
Fès-Meknès,Pharmacie Riad El Yassamine صيدلية رياض الياسمين,Parapharmacie,Formel,Fès,33.9947174,-5.0112751,icons/pharmacy.png,OSM
Fès-Meknès,Pharmacie Steven صيدلية ستيفن,Parapharmacie,Formel,فاس,34.0258203,-5.0095409,icons/pharmacy.png,OSM
Fès-Meknès,Pharmacie Technologie صيدلية التكنولوجيا,Parapharmacie,Formel,Fès,34.0077585,-5.0138875,icons/pharmacy.png,OSM
Fès-Meknès,Pharmacie Socrate صيدلية سقراط,Parapharmacie,Formel,Fès,34.0039944,-5.0171304,icons/pharmacy.png,OSM
Fès-Meknès,Pharmacie Zahraoui صيدلية الزهراوي,Parapharmacie,Formel,Fès,34.001512,-5.0153503,icons/pharmacy.png,OSM
Fès-Meknès,Pharmacie Al Madina صيدلية المدينة,Parapharmacie,Formel,Fès,34.0032877,-5.0111208,icons/pharmacy.png,OSM
Fès-Meknès,Pharmacie Borj Ennakhil صيدلية برج النخيل,Parapharmacie,Formel,Fès,33.99852,-5.0160907,icons/pharmacy.png,OSM
Fès-Meknès,Pharmacie Zineb صيدلية زينب,Parapharmacie,Formel,Fès,33.9948475,-5.0175189,icons/pharmacy.png,OSM
Fès-Meknès,Pharmacie Ahel Fès صيدلية أهل فاس,Parapharmacie,Formel,Fès ⴼⴰⵙ فاس,33.9877828,-5.0407775,icons/pharmacy.png,OSM
Fès-Meknès,Pharmacie California صيدلية كاليفورنيا,Parapharmacie,Formel,Fès ⴼⴰⵙ فاس,33.9925945,-5.0205935,icons/pharmacy.png,OSM
Fès-Meknès,Pharmacie El Aziza صيدلية العزيزة,Parapharmacie,Formel,Fès ⴼⴰⵙ فاس,33.9938707,-5.0313473,icons/pharmacy.png,OSM
Fès-Meknès,Pharmacie Rihab صيدلية رحاب,Parapharmacie,Formel,Fès,34.0360636,-5.0051466,icons/pharmacy.png,OSM
Fès-Meknès,Pharmacie Bennouna صيدلية بنونة,Parapharmacie,Formel,Fès,34.0233152,-5.0237243,icons/pharmacy.png,OSM
Fès-Meknès,Pharmacie Aida صيدلية عايدة,Parapharmacie,Formel,Fès,34.0390484,-5.0183225,icons/pharmacy.png,OSM
Fès-Meknès,Pharmacie Ghrissi صيدلية غريسي,Parapharmacie,Formel,Fès,34.0161109,-5.0713247,icons/pharmacy.png,OSM
Fès-Meknès,Pharmacie Al Jawaher صيدلية الجواهر,Parapharmacie,Formel,Fès ⴼⴰⵙ فاس,34.0342938,-5.0613538,icons/pharmacy.png,OSM
Fès-Meknès,Pharmacie Route Ras Lma صيدلية طريق راس الما,Parapharmacie,Formel,Fès ⴼⴰⵙ فاس,34.0128948,-5.069146,icons/pharmacy.png,OSM
Fès-Meknès,Pharmacie Zahir صيدلية زاهر,Parapharmacie,Formel,Fès ⴼⴰⵙ فاس,34.021658,-5.0579744,icons/pharmacy.png,OSM
Fès-Meknès,Pharmacie Aicha صيدلية عائشة,Parapharmacie,Formel,Fès,34.0111367,-5.0650531,icons/pharmacy.png,OSM
Fès-Meknès,Pharmacie Ghita صيدلية غيثة,Parapharmacie,Formel,Fès,34.0120727,-5.0617496,icons/pharmacy.png,OSM
Fès-Meknès,Pharmacie Khawarizmi صيدلية الخوارزمي,Parapharmacie,Formel,Fès ⴼⴰⵙ فاس,34.0146727,-5.0618088,icons/pharmacy.png,OSM
Fès-Meknès,Pharmacie Assafae صيدلية الصفاء,Parapharmacie,Formel,Fès ⴼⴰⵙ فاس,33.9918935,-5.0656429,icons/pharmacy.png,OSM
Fès-Meknès,Pharmacie Dalia صيدلية الدالية,Parapharmacie,Formel,Fès ⴼⴰⵙ فاس,33.9932207,-5.0520318,icons/pharmacy.png,OSM
Fès-Meknès,Pharmacie Wisslane صيدلية ويسلان,Parapharmacie,Formel,Fès,34.0168098,-5.0494146,icons/pharmacy.png,OSM
Fès-Meknès,Pharmacie des Champs صيدلية الحقول,Parapharmacie,Formel,Fès,34.0361253,-5.0345556,icons/pharmacy.png,OSM
Fès-Meknès,Pharmacie Moussaoui صيدلية موساوي,Parapharmacie,Formel,Fès,34.0414705,-5.048577,icons/pharmacy.png,OSM
Fès-Meknès,Pharmacie Al Omnia صيدلية الأمنية,Parapharmacie,Formel,Fès,34.0272369,-5.0520034,icons/pharmacy.png,OSM
Fès-Meknès,Pharmacie Paraconfiance صيدلية باراكونفيونس,Parapharmacie,Formel,Fès,34.0226454,-5.0489759,icons/pharmacy.png,OSM
Fès-Meknès,Pharmacie Nellia صيدلية نيليا,Parapharmacie,Formel,Fès,34.0144488,-5.0362829,icons/pharmacy.png,OSM
Fès-Meknès,Pharmacie Belmhani صيدلية بلمهاني,Parapharmacie,Formel,Fès ⴼⴰⵙ فاس,34.0523606,-4.9924017,icons/pharmacy.png,OSM
Fès-Meknès,Pharmacie Tajmouati صيدلية تجموعتي,Parapharmacie,Formel,Fès,34.0117048,-5.0070681,icons/pharmacy.png,OSM
Fès-Meknès,Pharmacie El Borj صيدلية البرج,Parapharmacie,Formel,Fés,34.0686958,-4.9857424,icons/pharmacy.png,OSM
Fès-Meknès,Pharmacie Hay Benslimane صيدلية حي بنسليمان,Parapharmacie,Formel,Fès,34.0696287,-4.9864241,icons/pharmacy.png,OSM
Fès-Meknès,Pharmacie de Fès صيدلية فاس,Parapharmacie,Formel,Fès,34.06438,-5.0110997,icons/pharmacy.png,OSM
Fès-Meknès,Pharmacie Ouandou صيدلية واندو,Parapharmacie,Formel,"Avenue Youssef Ben Tachefine, Fès فاس",34.0572905,-5.0314442,icons/pharmacy.png,OSM
Fès-Meknès,Pharmacie Ziat صيدلية الزيات,Parapharmacie,Formel,Fès,34.0585728,-4.9791927,icons/pharmacy.png,OSM
Fès-Meknès,Snack Chinwi,Restaurant,Formel,Snack Chinwi,34.0209008,-5.0024148,icons/restaurant.png,OSM
Fès-Meknès,BİM,Supermarché,Formel,Rue Ibn Sina زنقة ابن سينا,33.9045572,-5.5319752,icons/supermarket.png,OSM
Fès-Meknès,Café Restaurant Bab Atlas,Restaurant,Formel,Café Restaurant Bab Atlas,33.6982326,-5.3634814,icons/restaurant.png,OSM
Fès-Meknès,pharmacie moulay ismail,Parapharmacie,Formel,pharmacie moulay ismail,33.9061302,-5.5464728,icons/pharmacy.png,OSM
Fès-Meknès,مقهى الجزيرة,Café,Formel,مقهى الجزيرة,34.2409475,-5.7435317,icons/cafe.png,OSM
Fès-Meknès,مقهى زينب,Café,Formel,مقهى زينب,34.241204,-5.742962,icons/cafe.png,OSM
Fès-Meknès,مقهى موريال,Café,Formel,مقهى موريال,34.2350178,-5.7298444,icons/cafe.png,OSM
Fès-Meknès,Cafe citta Italiano,Café,Formel,Cafe citta Italiano,34.2337416,-5.7281909,icons/cafe.png,OSM
Fès-Meknès,مقهى عبدو,Café,Formel,مقهى عبدو,34.232741,-5.7257592,icons/cafe.png,OSM
Fès-Meknès,panorama cafe,Café,Formel,panorama cafe,34.2325552,-5.7251581,icons/cafe.png,OSM
Fès-Meknès,مقهى ميلانو,Café,Formel,مقهى ميلانو,34.2289159,-5.7190142,icons/cafe.png,OSM
Fès-Meknès,سناك منتصر,Restaurant,Formel,سناك منتصر,34.2256823,-5.7206998,icons/restaurant.png,OSM
Fès-Meknès,مقهى حمزة,Café,Formel,مقهى حمزة,34.2308078,-5.7242053,icons/cafe.png,OSM
Fès-Meknès,مقهى المدينة,Café,Formel,مقهى المدينة,34.230948,-5.7254292,icons/cafe.png,OSM
Fès-Meknès,سناك هشام,Restaurant,Formel,سناك هشام,34.2315361,-5.7265201,icons/restaurant.png,OSM
Fès-Meknès,Alonso food,Restaurant,Formel,Alonso food,34.2300105,-5.7284089,icons/restaurant.png,OSM
Fès-Meknès,BİM,Supermarché,Formel,BİM,34.2283717,-5.7275175,icons/supermarket.png,OSM
Fès-Meknès,سوق,Épicerie,Informel,سوق,34.2281096,-5.7288988,icons/greengrocer.png,OSM
Fès-Meknès,Cafe no media,Café,Formel,Cafe no media,34.2274317,-5.7242857,icons/cafe.png,OSM
Fès-Meknès,سوق جوهرة,Épicerie,Informel,سوق جوهرة,34.2266157,-5.7223769,icons/greengrocer.png,OSM
Fès-Meknès,مقهى تيطانيك,Café,Formel,مقهى تيطانيك,34.2217175,-5.7005559,icons/cafe.png,OSM
Fès-Meknès,سناك اية,Restaurant,Formel,سناك اية,34.2154697,-5.7107025,icons/restaurant.png,OSM
Fès-Meknès,Cafe Zakaria,Café,Formel,Cafe Zakaria,34.2165429,-5.711053,icons/cafe.png,OSM
Fès-Meknès,كفتة رمضان,Restaurant,Formel,كفتة رمضان,34.2167273,-5.7111506,icons/restaurant.png,OSM
Fès-Meknès,السوق المحروق,Épicerie,Informel,السوق المحروق,34.2176666,-5.711301,icons/greengrocer.png,OSM
Fès-Meknès,مقهى النخيل,Café,Formel,مقهى النخيل,34.2177687,-5.7108785,icons/cafe.png,OSM
Fès-Meknès,مقهى الفتح,Café,Formel,مقهى الفتح,34.2176726,-5.7106283,icons/cafe.png,OSM
Fès-Meknès,شهرزاد,Café,Formel,شهرزاد,34.2178298,-5.7094328,icons/cafe.png,OSM
Fès-Meknès,Cafe badr,Café,Formel,Cafe badr,34.2197384,-5.7079792,icons/cafe.png,OSM
Fès-Meknès,مقهى الباهية,Café,Formel,مقهى الباهية,34.2195418,-5.7072643,icons/cafe.png,OSM
Fès-Meknès,Cafe blanco,Café,Formel,Cafe blanco,34.2172705,-5.7056738,icons/cafe.png,OSM
Fès-Meknès,Para,Parapharmacie,Formel,Para,34.2236899,-5.7047369,icons/pharmacy.png,OSM
Fès-Meknès,مطعم حافيظ,Restaurant,Formel,مطعم حافيظ,34.2226912,-5.7049795,icons/restaurant.png,OSM
Fès-Meknès,مقهى حافظ,Café,Formel,مقهى حافظ,34.2222991,-5.705443,icons/cafe.png,OSM
Fès-Meknès,مقهى نسيم,Café,Formel,مقهى نسيم,34.2229053,-5.7058726,icons/cafe.png,OSM
Fès-Meknès,مقهى المدينة,Café,Formel,مقهى المدينة,34.2215076,-5.7067861,icons/cafe.png,OSM
Fès-Meknès,مطعم عبد الحق,Restaurant,Formel,مطعم عبد الحق,34.2218284,-5.7069206,icons/restaurant.png,OSM
Fès-Meknès,مقهى سليمه,Café,Formel,مقهى سليمه,34.222427,-5.7068283,icons/cafe.png,OSM
Fès-Meknès,Cafe usk,Café,Formel,Cafe usk,34.2227434,-5.7073723,icons/cafe.png,OSM
Fès-Meknès,Allo diki restaurant,Restaurant,Formel,Allo diki restaurant,34.2233308,-5.707263,icons/restaurant.png,OSM
Fès-Meknès,Cafe cristal,Café,Formel,Cafe cristal,34.2250949,-5.7116941,icons/cafe.png,OSM
Fès-Meknès,مقهى ايمن,Café,Formel,مقهى ايمن,34.2287204,-5.7127051,icons/cafe.png,OSM
Fès-Meknès,مقهى الجمد,Café,Formel,مقهى الجمد,34.2273833,-5.7113811,icons/cafe.png,OSM
Fès-Meknès,صيدلية عين الضريف,Parapharmacie,Formel,صيدلية عين الضريف,34.2256939,-5.7097569,icons/pharmacy.png,OSM
Fès-Meknès,La Perla pool snooker,Café,Formel,La Perla pool snooker,34.2212617,-5.7067118,icons/cafe.png,OSM
Fès-Meknès,مقهى جوهرة,Café,Formel,مقهى جوهرة,34.2222754,-5.7080297,icons/cafe.png,OSM
Fès-Meknès,سوق الحفرة,Épicerie,Informel,سوق الحفرة,34.2225684,-5.7123762,icons/greengrocer.png,OSM
Fès-Meknès,السوق,Épicerie,Informel,السوق,34.2190905,-5.7130679,icons/greengrocer.png,OSM
Fès-Meknès,مطعم لؤلؤة الشمال,Restaurant,Formel,مطعم لؤلؤة الشمال,34.2193212,-5.7117321,icons/restaurant.png,OSM
Fès-Meknès,BİM,Supermarché,Formel,BİM,34.2196936,-5.7099387,icons/supermarket.png,OSM
Fès-Meknès,رواق السلامة,Épicerie,Informel,رواق السلامة,34.2174881,-5.7098628,icons/greengrocer.png,OSM
Fès-Meknès,Mini market,Épicerie,Informel,Mini market,34.2239183,-5.7064707,icons/greengrocer.png,OSM
Fès-Meknès,مقهى 10 رمضان,Café,Formel,مقهى 10 رمضان,34.2308518,-5.7124987,icons/cafe.png,OSM
Fès-Meknès,Cafe pristige,Café,Formel,Cafe pristige,34.2295579,-5.707901,icons/cafe.png,OSM
Fès-Meknès,Café Sina Ice,Café,Formel,Avenue Zitoune,33.8588996,-5.5724442,icons/cafe.png,OSM
Fès-Meknès,Café La Ruche,Café,Formel,Café La Ruche,33.8593056,-5.5539707,icons/cafe.png,OSM
Fès-Meknès,café Twin,Café,Formel,café Twin,33.8586803,-5.570943,icons/cafe.png,OSM
Fès-Meknès,Restaurant sans nom,Restaurant,Formel,Restaurant sans nom,34.4896567,-5.5139629,icons/restaurant.png,OSM
Fès-Meknès,Mom's Touch,Restaurant,Formel,Mom's Touch,34.0624068,-4.9825509,icons/restaurant.png,OSM
Fès-Meknès,Restaurant sans nom,Restaurant,Formel,Restaurant sans nom,33.8811461,-4.8729968,icons/restaurant.png,OSM
Fès-Meknès,ɜadil mol lahrira bab bojloul,Restaurant,Formel,ɜadil mol lahrira bab bojloul,34.0616842,-4.9832924,icons/restaurant.png,OSM
Fès-Meknès,Medina Cafe,Restaurant,Formel,Medina Cafe,34.0617889,-4.9842735,icons/restaurant.png,OSM
Fès-Meknès,Laglali,Restaurant,Formel,Laglali,34.0616866,-4.983585,icons/restaurant.png,OSM
Fès-Meknès,Pharmacie Nationale,Parapharmacie,Formel,Pharmacie Nationale,34.0626035,-4.9795049,icons/pharmacy.png,OSM
Fès-Meknès,HOTEL AIN LEUH,Restaurant,Formel,"Mahat Al Benzin, Sahat Abdel Wouhab",33.2898138,-5.3372079,icons/restaurant.png,OSM
Fès-Meknès,Kassr Annoujoum - Ducci Foundation,Restaurant,Formel,Rue Zrbtana,34.061574,-4.9802995,icons/restaurant.png,OSM
Fès-Meknès,صيدلية رابحة,Parapharmacie,Formel,صيدلية رابحة,33.8592796,-5.552029,icons/pharmacy.png,OSM
Fès-Meknès,Restaurant sans nom,Restaurant,Formel,Restaurant sans nom,34.0422024,-4.9986797,icons/restaurant.png,OSM
Fès-Meknès,Promenade palace,Café,Formel,Promenade palace,33.9004364,-5.5471005,icons/cafe.png,OSM
Fès-Meknès,Au bon coin,Restaurant,Formel,Au bon coin,33.8992563,-5.5455485,icons/restaurant.png,OSM
Fès-Meknès,Pharmacie Les Oliviers صيدلية الزيتون,Parapharmacie,Formel,Pharmacie Les Oliviers صيدلية الزيتون,33.9811459,-5.2419189,icons/pharmacy.png,OSM
Fès-Meknès,Pharmacie Ain Allah صيدلية عين الله,Parapharmacie,Formel,Pharmacie Ain Allah صيدلية عين الله,34.039993,-5.1414929,icons/pharmacy.png,OSM
Fès-Meknès,حانوت,Supérette / Mini-market,Formel,حانوت,34.0254572,-5.2736458,icons/convenience.png,OSM
Fès-Meknès,Pharmacie El Hakkour,Parapharmacie,Formel,Pharmacie El Hakkour,33.8575581,-5.583258,icons/pharmacy.png,OSM
Fès-Meknès,Riad Nejjarine,Restaurant,Formel,Riad Nejjarine,34.0665633,-4.9747267,icons/restaurant.png,OSM
Fès-Meknès,Pharmacie Cité Universitaire صيدلية الحي الجامعي,Parapharmacie,Formel,Pharmacie Cité Universitaire صيدلية الحي الجامعي,33.8562651,-5.5452185,icons/pharmacy.png,OSM
Fès-Meknès,Pharmacie Layane صيدلية ليان,Parapharmacie,Formel,Pharmacie Layane صيدلية ليان,33.8540675,-5.547342,icons/pharmacy.png,OSM
Fès-Meknès,Pharmacie Aswar Meknès صيدلية أسوار مكناس,Parapharmacie,Formel,Pharmacie Aswar Meknès صيدلية أسوار مكناس,33.8515527,-5.5694315,icons/pharmacy.png,OSM
Fès-Meknès,تغدية عامة,Supérette / Mini-market,Formel,تغدية عامة,33.8552632,-5.5624626,icons/convenience.png,OSM
Fès-Meknès,Pharmacie Timahdit صيدلية تيمحضيت,Parapharmacie,Formel,Pharmacie Timahdit صيدلية تيمحضيت,33.2359355,-5.0586222,icons/pharmacy.png,OSM
Fès-Meknès,Cafe Tifinar,Café,Formel,Cafe Tifinar,34.0612117,-4.9836473,icons/cafe.png,OSM
Fès-Meknès,Abdullahs shop,Supérette / Mini-market,Formel,Abdullahs shop,33.0378785,-5.3153792,icons/convenience.png,OSM
Fès-Meknès,Supérette / Mini-market sans nom,Supérette / Mini-market,Formel,Supérette / Mini-market sans nom,33.5175515,-4.5592526,icons/convenience.png,OSM
Fès-Meknès,Supérette / Mini-market sans nom,Supérette / Mini-market,Formel,Supérette / Mini-market sans nom,33.6636847,-4.4813691,icons/convenience.png,OSM
Fès-Meknès,Café sans nom,Café,Formel,Café sans nom,33.6815509,-4.4572711,icons/cafe.png,OSM
Fès-Meknès,Supérette / Mini-market sans nom,Supérette / Mini-market,Formel,Supérette / Mini-market sans nom,33.6815222,-4.4572274,icons/convenience.png,OSM
Fès-Meknès,Saids Cafe,Café,Formel,Saids Cafe,33.6775527,-4.4549646,icons/cafe.png,OSM
Fès-Meknès,Bonbons Bab Al-Madaniya Atef حلويا ت باب المدنية ءاطف,Restaurant,Formel,Bonbons Bab Al-Madaniya Atef حلويا ت باب المدنية ءاطف,34.0628957,-4.9788483,icons/restaurant.png,OSM
Fès-Meknès,Café Place Happy,Café,Formel,Café Place Happy,34.0146221,-4.9664884,icons/cafe.png,OSM
Fès-Meknès,Restaurant sans nom,Restaurant,Formel,Restaurant sans nom,34.2314612,-4.0088288,icons/restaurant.png,OSM
Fès-Meknès,Elhaqouni Grill,Restaurant,Formel,Elhaqouni Grill,34.0032439,-5.0137487,icons/restaurant.png,OSM
Fès-Meknès,Le patio bleu,Restaurant,Formel,Le patio bleu,34.0635399,-4.9743245,icons/restaurant.png,OSM
Fès-Meknès,Riad Selma,Restaurant,Formel,Riad Selma,33.8946439,-5.5655223,icons/restaurant.png,OSM
Fès-Meknès,Épicerie sans nom,Épicerie,Informel,Épicerie sans nom,34.0629393,-4.9821875,icons/greengrocer.png,OSM
Fès-Meknès,Garden Coffee,Restaurant,Formel,Garden Coffee,34.0599367,-4.9879766,icons/restaurant.png,OSM
Fès-Meknès,Restaurant sans nom,Restaurant,Formel,Restaurant sans nom,33.8953092,-5.5648959,icons/restaurant.png,OSM
Fès-Meknès,Café sans nom,Café,Formel,Café sans nom,33.8946915,-5.5623132,icons/cafe.png,OSM
Fès-Meknès,Café sans nom,Café,Formel,Café sans nom,33.8945463,-5.5609272,icons/cafe.png,OSM
Fès-Meknès,Dr Karmoude,Café,Formel,Dr Karmoude,34.4203853,-5.10936,icons/cafe.png,OSM
Fès-Meknès,Dr Krimide,Café,Formel,Dr Krimide,34.4250022,-5.0990484,icons/cafe.png,OSM
Fès-Meknès,Dar Hatim,Restaurant,Formel,Dar Hatim,34.0673793,-4.9738478,icons/restaurant.png,OSM
Fès-Meknès,Snack Bismillah,Restaurant,Formel,Snack Bismillah,34.4496344,-5.5091238,icons/restaurant.png,OSM
Fès-Meknès,Café Station Kuir,Café,Formel,Café Station Kuir,34.449711,-5.5093728,icons/cafe.png,OSM
Fès-Meknès,Al Mandar,Restaurant,Formel,Al Mandar,34.0599458,-4.9723676,icons/restaurant.png,OSM
Fès-Meknès,Fondouk Bazaar,Restaurant,Formel,Rue Talaâ Kbira الطالعة الكبيرة,34.0655656,-4.980453,icons/restaurant.png,OSM
Fès-Meknès,Fondouk Bazaar,Restaurant,Formel,Fondouk Bazaar,34.0643529,-4.9795588,icons/restaurant.png,OSM
Fès-Meknès,Restaurant sans nom,Restaurant,Formel,Restaurant sans nom,34.0594008,-4.979006,icons/restaurant.png,OSM
Fès-Meknès,Restaurant sans nom,Restaurant,Formel,Derb Mokri,34.0580743,-4.9770698,icons/restaurant.png,OSM
Fès-Meknès,Restaurant sans nom,Restaurant,Formel,Restaurant sans nom,33.5289595,-5.1091227,icons/restaurant.png,OSM
Fès-Meknès,Restaurant sans nom,Restaurant,Formel,Restaurant sans nom,33.4483346,-5.2316601,icons/restaurant.png,OSM
Fès-Meknès,Cafe Marhaba,Café,Formel,Cafe Marhaba,33.6803927,-5.3725845,icons/cafe.png,OSM
Fès-Meknès,El toro,Café,Formel,El toro,33.8960553,-5.547597,icons/cafe.png,OSM
Fès-Meknès,Carrefour Market,Supermarché,Formel,Carrefour Market,33.892961,-5.5754214,icons/supermarket.png,OSM
Fès-Meknès,Le palais des goûts,Restaurant,Formel,Le palais des goûts,34.2244861,-4.0069623,icons/restaurant.png,OSM
Fès-Meknès,Café sans nom,Café,Formel,Café sans nom,34.262504,-5.9145816,icons/cafe.png,OSM
Fès-Meknès,Palais Ismailia,Restaurant,Formel,Palais Ismailia,33.890208,-5.5643343,icons/restaurant.png,OSM
Fès-Meknès,Two Brothers Restaurant,Restaurant,Formel,Two Brothers Restaurant,34.0282307,-4.9985789,icons/restaurant.png,OSM
Fès-Meknès,Ras Elma,Restaurant,Formel,Ras Elma,34.146645,-4.0104882,icons/restaurant.png,OSM
Fès-Meknès,Palais Lahlou,Restaurant,Formel,Palais Lahlou,34.0650997,-4.9770402,icons/restaurant.png,OSM
Fès-Meknès,Palais des fêtes,Restaurant,Formel,Palais des fêtes,34.069845,-4.4560281,icons/restaurant.png,OSM
Fès-Meknès,Restaurant sans nom,Restaurant,Formel,Restaurant sans nom,34.0611993,-4.9827447,icons/restaurant.png,OSM
Fès-Meknès,Café andro,Café,Formel,Café andro,33.8939588,-5.566144,icons/cafe.png,OSM
Fès-Meknès,Café sans nom,Café,Formel,Café sans nom,34.0554969,-5.5230028,icons/cafe.png,OSM
Fès-Meknès,Restaurant sans nom,Restaurant,Formel,Restaurant sans nom,33.8913407,-5.5634296,icons/restaurant.png,OSM
Fès-Meknès,Bamboo Kitchen,Café,Formel,Bamboo Kitchen,34.0614855,-4.9840685,icons/cafe.png,OSM
Fès-Meknès,BRAHIM,Supérette / Mini-market,Formel,BRAHIM,33.8847593,-5.5753143,icons/convenience.png,OSM
Fès-Meknès,Restaurant sans nom,Restaurant,Formel,"zkak lN 14 ZKAK LAHJAR, Rue Talaa Sghira, Fès 30110",34.0633922,-4.9782156,icons/restaurant.png,OSM
Fès-Meknès,مقهى بلادي,Café,Formel,مقهى بلادي,33.893245,-5.555776,icons/cafe.png,OSM
Fès-Meknès,Café sans nom,Café,Formel,Café sans nom,34.0611583,-4.9835878,icons/cafe.png,OSM
Fès-Meknès,BIM,Supermarché,Formel,BIM,33.8939056,-5.5363908,icons/supermarket.png,OSM
Fès-Meknès,مركب البركة,Café,Formel,مركب البركة,33.8932228,-5.455606,icons/cafe.png,OSM
Fès-Meknès,Sweet Time,Restaurant,Formel,"Route Aïn Chkef طريق عين شقف, Fès",34.0016913,-5.0127272,icons/restaurant.png,OSM
Fès-Meknès,les Jardins des oliviers,Parapharmacie,Formel,les Jardins des oliviers,33.8456039,-5.5510678,icons/pharmacy.png,OSM
Fès-Meknès,سويقة مرجان السكنى,Épicerie,Informel,سويقة مرجان السكنى,33.863884,-5.5680661,icons/greengrocer.png,OSM
Fès-Meknès,علاء الدين,Café,Formel,علاء الدين,33.8981934,-5.4792099,icons/cafe.png,OSM
Fès-Meknès,معيقدات با مبارك,Restaurant,Formel,معيقدات با مبارك,33.8985748,-5.5514922,icons/restaurant.png,OSM
Fès-Meknès,الحلويات العصرية,Boutique de confiserie,Informel,الحلويات العصرية,33.8986359,-5.5520802,icons/confectionery.png,OSM
Fès-Meknès,Nghma wa tay,Restaurant,Formel,Nghma wa tay,34.0623021,-4.9800313,icons/restaurant.png,OSM
Fès-Meknès,Salah restaurant,Restaurant,Formel,Salah restaurant,34.0664188,-4.975036,icons/restaurant.png,OSM
Fès-Meknès,Restaurant dar khabya,Restaurant,Formel,Rue Talâa Saghira,34.0643994,-4.9766949,icons/restaurant.png,OSM
Fès-Meknès,Bistrot des saveurs,Restaurant,Formel,Bistrot des saveurs,34.0355211,-5.0014096,icons/restaurant.png,OSM
Fès-Meknès,سوق,Épicerie,Informel,سوق,33.9022734,-5.4781772,icons/greengrocer.png,OSM
Fès-Meknès,مقهى دبي,Café,Formel,مقهى دبي,33.9177704,-5.491816,icons/cafe.png,OSM
Fès-Meknès,مقهى البستان,Café,Formel,مقهى البستان,33.9023056,-5.4907489,icons/cafe.png,OSM
Fès-Meknès,مقهى الرياض,Café,Formel,مقهى الرياض,33.9051247,-5.4834251,icons/cafe.png,OSM
Fès-Meknès,مقهى عثمان,Café,Formel,مقهى عثمان,33.9192009,-5.4852958,icons/cafe.png,OSM
Fès-Meknès,Cafe top Holland,Café,Formel,Cafe top Holland,33.9293175,-5.5023341,icons/cafe.png,OSM
Fès-Meknès,Cafe timazray,Café,Formel,Cafe timazray,33.931736,-5.4964218,icons/cafe.png,OSM
Fès-Meknès,مقهى طنجة,Café,Formel,مقهى طنجة,33.901001,-5.457994,icons/cafe.png,OSM
Fès-Meknès,مقهى المرام,Café,Formel,مقهى المرام,33.9080696,-5.4835811,icons/cafe.png,OSM
Fès-Meknès,مقهى البيروني,Café,Formel,مقهى البيروني,33.9107056,-5.4818821,icons/cafe.png,OSM
Fès-Meknès,مقهى النهار,Café,Formel,مقهى النهار,33.9051857,-5.485043,icons/cafe.png,OSM
Fès-Meknès,مقهى الأندلس,Café,Formel,مقهى الأندلس,33.9285202,-5.5082059,icons/cafe.png,OSM
Fès-Meknès,مقهى الصباح,Café,Formel,مقهى الصباح,33.9080658,-5.4839339,icons/cafe.png,OSM
Fès-Meknès,مقهى,Café,Formel,مقهى,33.9133148,-5.490994,icons/cafe.png,OSM
Fès-Meknès,مقهى الكلاسيكو,Café,Formel,مقهى الكلاسيكو,33.9084244,-5.4891009,icons/cafe.png,OSM
Fès-Meknès,مقهى أنس,Café,Formel,مقهى أنس,33.9192162,-5.4863091,icons/cafe.png,OSM
Fès-Meknès,مخبزة الهدى,Boulangerie,Formel,مخبزة الهدى,33.9083633,-5.4839969,icons/bakery.png,OSM
Fès-Meknès,مقهى ليلى,Café,Formel,مقهى ليلى,33.9287834,-5.504353,icons/cafe.png,OSM
Fès-Meknès,مقهى الرياض,Café,Formel,مقهى الرياض,33.9166641,-5.4832258,icons/cafe.png,OSM
Fès-Meknès,Cafe tafogalt,Café,Formel,Cafe tafogalt,33.9297447,-5.499166,icons/cafe.png,OSM
Fès-Meknès,مقهى المغرب العربي,Café,Formel,مقهى المغرب العربي,33.9121056,-5.483182,icons/cafe.png,OSM
Fès-Meknès,مقهى الشوكة,Café,Formel,مقهى الشوكة,33.9134064,-5.4914041,icons/cafe.png,OSM
Fès-Meknès,Cafe La cadem,Café,Formel,Cafe La cadem,33.9130974,-5.491519,icons/cafe.png,OSM
Fès-Meknès,مقهى ميلانو,Café,Formel,مقهى ميلانو,33.9190598,-5.4921231,icons/cafe.png,OSM
Fès-Meknès,BIM,Supermarché,Formel,BIM,33.9142838,-5.4889078,icons/supermarket.png,OSM
Fès-Meknès,Bim,Supermarché,Formel,Bim,33.9057121,-5.4790039,icons/supermarket.png,OSM
Fès-Meknès,مقهى عين الزواوقة,Café,Formel,مقهى عين الزواوقة,33.9454803,-5.5707598,icons/cafe.png,OSM
Fès-Meknès,Restaurant sans nom,Restaurant,Formel,Restaurant sans nom,34.213655,-4.0185821,icons/restaurant.png,OSM
Fès-Meknès,Restaurant des Jeunes,Restaurant,Formel,Restaurant des Jeunes,34.0617508,-4.9838357,icons/restaurant.png,OSM
Fès-Meknès,Café Paris,Café,Formel,Café Paris,34.064149,-4.9632065,icons/cafe.png,OSM
Fès-Meknès,La Palma,Café,Formel,La Palma,34.061778,-4.9839287,icons/cafe.png,OSM
Fès-Meknès,Cafe FM,Café,Formel,Cafe FM,34.0632749,-4.9661013,icons/cafe.png,OSM
Fès-Meknès,Alimentation Générale,Supérette / Mini-market,Formel,Alimentation Générale,34.0615405,-4.9839927,icons/convenience.png,OSM
Fès-Meknès,Snack,Restaurant,Formel,Snack,34.0617736,-4.9834767,icons/restaurant.png,OSM
Fès-Meknès,Restaurant sans nom,Restaurant,Formel,Restaurant sans nom,34.0617943,-4.9836541,icons/restaurant.png,OSM
Fès-Meknès,Kan Zamane,Restaurant,Formel,Kan Zamane,34.0616002,-4.9834853,icons/restaurant.png,OSM
Fès-Meknès,Fnara,Restaurant,Formel,Fnara,34.0641189,-4.9784331,icons/restaurant.png,OSM
Fès-Meknès,Blue Gate,Café,Formel,Blue Gate,34.062076,-4.9816124,icons/cafe.png,OSM
Fès-Meknès,Nassmat Bladi,Restaurant,Formel,Nassmat Bladi,34.0627906,-4.9790416,icons/restaurant.png,OSM
Fès-Meknès,La Cave,Restaurant,Formel,La Cave,34.0643908,-4.9785584,icons/restaurant.png,OSM
Fès-Meknès,Boujloud,Restaurant,Formel,Boujloud,34.0628804,-4.9822492,icons/restaurant.png,OSM
Fès-Meknès,Café sans nom,Café,Formel,Café sans nom,34.0634627,-4.9745476,icons/cafe.png,OSM
Fès-Meknès,Mouda palace,Restaurant,Formel,Mouda palace,34.0618097,-4.9809868,icons/restaurant.png,OSM
Fès-Meknès,Pharmacie Nour,Parapharmacie,Formel,Pharmacie Nour,34.0529333,-4.9921724,icons/pharmacy.png,OSM
Fès-Meknès,Café sans nom,Café,Formel,Café sans nom,34.0673649,-4.9727861,icons/cafe.png,OSM
Fès-Meknès,Adam,Café,Formel,Adam,34.0671248,-4.9735044,icons/cafe.png,OSM
Fès-Meknès,Café sans nom,Café,Formel,Café sans nom,34.0648565,-4.9780294,icons/cafe.png,OSM
Fès-Meknès,سوق إيموزار مرموشة - Imouzzer Marmoucha Market,Épicerie,Informel,Imouzzer Marmoucha ⵉⵎⵓⵣⵣⴰⵔ ⵎⵕⵎⵓⵛⴰ إموزار مرموشة,33.4705282,-4.2956353,icons/greengrocer.png,OSM
Fès-Meknès,2 October Cafe - مقهى 2 أكتوبر,Café,Formel,"Imouzzer Marmouch, City center - إيموزار مرموشة، مركز المدينة, Imouzzer Marmoucha إموزار مرموشة",33.4701364,-4.297568,icons/cafe.png,OSM
Fès-Meknès,Disney,Restaurant,Formel,"Rue El Barid, Fès ⴼⴰⵙ فاس",34.0614773,-4.9830426,icons/restaurant.png,OSM
Fès-Meknès,Restaurant sans nom,Restaurant,Formel,Restaurant sans nom,33.8279778,-4.8520283,icons/restaurant.png,OSM
Fès-Meknès,Café sans nom,Café,Formel,Café sans nom,34.0090508,-4.9666349,icons/cafe.png,OSM
Fès-Meknès,Café sans nom,Café,Formel,Café sans nom,34.0029137,-4.9745341,icons/cafe.png,OSM
Fès-Meknès,coffee shop - مقهى تاومات,Café,Formel,Imouzzer Marmoucha إموزار مرموشة,33.4678152,-4.3014085,icons/cafe.png,OSM
Fès-Meknès,مقهى المنصوري,Café,Formel,مقهى المنصوري,34.4269316,-4.5918447,icons/cafe.png,OSM
Fès-Meknès,BARISTA,Café,Formel,"Lotissement marjane, Sidi Slimane 14200, Maroc, Sidi Slimane ⵙⵉⴷⵉ ⵙⵍⵉⵎⴰⵏ سيدي سليمان",34.264673,-5.9142265,icons/cafe.png,OSM
Fès-Meknès,سوق بوفكران,Épicerie,Informel,سوق بوفكران,33.7574272,-5.486866,icons/greengrocer.png,OSM
Fès-Meknès,سناك حي لالة سكينة,Restaurant,Formel,سناك حي لالة سكينة,34.0188806,-5.0260471,icons/restaurant.png,OSM
Fès-Meknès,Pharmacy Zenith,Parapharmacie,Formel,Pharmacy Zenith,33.8953629,-5.5280628,icons/pharmacy.png,OSM
Fès-Meknès,Pharmacy Pierre Curie,Parapharmacie,Formel,Pharmacy Pierre Curie,33.8930206,-5.533638,icons/pharmacy.png,OSM
Fès-Meknès,Restaurant sans nom,Restaurant,Formel,Restaurant sans nom,34.0149287,-5.562294,icons/restaurant.png,OSM
Fès-Meknès,Cafe Achouhadae - مقهى الشهداء,Café,Formel,Imouzzer Marmoucha إموزار مرموشة,33.4704246,-4.2960904,icons/cafe.png,OSM
Fès-Meknès,Pharmacy Imouzzer Marmoucha - صيدلية إيموزار مرموشة,Parapharmacie,Formel,Imouzzer Marmoucha إموزار مرموشة,33.4703932,-4.2966111,icons/pharmacy.png,OSM
Fès-Meknès,Raas El Ain Cafe - مقهى رأس العين,Café,Formel,"Imouzzer Marmouch, City center - إيموزار مرموشة، مركز المدينة, Imouzzer Marmoucha إموزار مرموشة",33.4702724,-4.2969827,icons/cafe.png,OSM
Fès-Meknès,Cafe Charchoura - مقهى الشرشورة,Café,Formel,Imouzzer Marmoucha إموزار مرموشة,33.4715782,-4.2945622,icons/cafe.png,OSM
Fès-Meknès,Bismillah Restaurant - مطعم ومجزرة بإسم الله,Restaurant,Formel,Bismillah Restaurant - مطعم ومجزرة بإسم الله,33.4706708,-4.2955838,icons/restaurant.png,OSM
Fès-Meknès,Parapharmacie sans nom,Parapharmacie,Formel,Parapharmacie sans nom,34.0216146,-5.5504051,icons/pharmacy.png,OSM
Fès-Meknès,Restaurant sans nom,Restaurant,Formel,Restaurant sans nom,34.0204538,-5.5491483,icons/restaurant.png,OSM
Fès-Meknès,Boulangerie sans nom,Boulangerie,Formel,Avenue Hassan II شارع الحسن الثاني,33.8997757,-5.5497572,icons/bakery.png,OSM
Fès-Meknès,coffee shop - مقهى,Café,Formel,coffee shop - مقهى,33.4680575,-4.3024394,icons/cafe.png,OSM
Fès-Meknès,Rif,Café,Formel,Rif,34.0560931,-5.5230081,icons/cafe.png,OSM
Fès-Meknès,Café Marhaba,Café,Formel,Café Marhaba,34.0557237,-5.5229711,icons/cafe.png,OSM
Fès-Meknès,Café Belabasse,Café,Formel,Café Belabasse,34.0557217,-5.5231902,icons/cafe.png,OSM
Fès-Meknès,Café Cascade,Café,Formel,Café Cascade,34.0572837,-5.5238561,icons/cafe.png,OSM
Fès-Meknès,Walili,Parapharmacie,Formel,Walili,34.0570083,-5.5213959,icons/pharmacy.png,OSM
Fès-Meknès,Café Bennani,Café,Formel,Café Bennani,34.0570532,-5.5206911,icons/cafe.png,OSM
Fès-Meknès,Café Chorouk,Café,Formel,Café Chorouk,34.057269,-5.5198201,icons/cafe.png,OSM
Fès-Meknès,Café Taha,Café,Formel,Café Taha,34.0570772,-5.5242414,icons/cafe.png,OSM
Fès-Meknès,Café sans nom,Café,Formel,Café sans nom,34.0566387,-5.5235806,icons/cafe.png,OSM
Fès-Meknès,Chez Hohhoud,Restaurant,Formel,Chez Hohhoud,34.0556487,-5.5232965,icons/restaurant.png,OSM
Fès-Meknès,Zerhoune,Restaurant,Formel,Zerhoune,34.0553065,-5.5242707,icons/restaurant.png,OSM
Fès-Meknès,Nia,Parapharmacie,Formel,Nia,34.0552883,-5.5240642,icons/pharmacy.png,OSM
Fès-Meknès,Supermarché sans nom,Supermarché,Formel,Supermarché sans nom,33.8919367,-5.5038833,icons/supermarket.png,OSM
Fès-Meknès,Café Machehoui,Café,Formel,Café Machehoui,34.0556282,-5.5228647,icons/cafe.png,OSM
Fès-Meknès,Pharmacie du Centre,Parapharmacie,Formel,Pharmacie du Centre,34.05554,-5.5228774,icons/pharmacy.png,OSM
Fès-Meknès,Parapharmacie sans nom,Parapharmacie,Formel,Parapharmacie sans nom,34.4602703,-4.8728241,icons/pharmacy.png,OSM
Fès-Meknès,Café sans nom,Café,Formel,Café sans nom,34.4611548,-4.8727677,icons/cafe.png,OSM
Fès-Meknès,Restaurant sans nom,Restaurant,Formel,Restaurant sans nom,34.4603557,-4.8722095,icons/restaurant.png,OSM
Fès-Meknès,Parapharmacie sans nom,Parapharmacie,Formel,Parapharmacie sans nom,34.4625825,-4.8725606,icons/pharmacy.png,OSM
Fès-Meknès,Pharmacie BELMADANI صيدلية بلمدني,Parapharmacie,Formel,"DIAR AL MADINA, Meknès ⴰⵎⴽⵏⴰⵙ مكناس",33.8549241,-5.5915698,icons/pharmacy.png,OSM
Fès-Meknès,CAFE NOUR,Café,Formel,CAFE NOUR,33.7296901,-5.0121661,icons/cafe.png,OSM
Fès-Meknès,La Swet,Café,Formel,La Swet,33.8286117,-4.8301369,icons/cafe.png,OSM
Fès-Meknès,كافي دوفاس,Café,Formel,كافي دوفاس,33.8990707,-5.5324569,icons/cafe.png,OSM
Fès-Meknès,Au Comptoir Des Gourmets,Café,Formel,Au Comptoir Des Gourmets,33.8985863,-5.5324469,icons/cafe.png,OSM
Fès-Meknès,Café sans nom,Café,Formel,Café sans nom,33.321479,-4.1803171,icons/cafe.png,OSM
Fès-Meknès,O bon choix,Restaurant,Formel,O bon choix,33.0434007,-4.001121,icons/restaurant.png,OSM
Fès-Meknès,Supérette / Mini-market sans nom,Supérette / Mini-market,Formel,Supérette / Mini-market sans nom,34.0579493,-4.9738447,icons/convenience.png,OSM
Fès-Meknès,صيدلية رياض أناسي,Parapharmacie,Formel,صيدلية رياض أناسي,33.8523546,-5.5788403,icons/pharmacy.png,OSM
Fès-Meknès,صيدلية السرور,Parapharmacie,Formel,صيدلية السرور,33.8493337,-5.5745731,icons/pharmacy.png,OSM
Fès-Meknès,Grillé Jawehara,Restaurant,Formel,Grillé Jawehara,34.1623206,-4.320483,icons/restaurant.png,OSM
Fès-Meknès,محلبة وحلويات باب منصور,Boulangerie,Formel,محلبة وحلويات باب منصور,33.4351881,-5.2202874,icons/bakery.png,OSM
Fès-Meknès,Restaurant Rif,Restaurant,Formel,Restaurant Rif,33.4352757,-5.2219198,icons/restaurant.png,OSM
Fès-Meknès,Snack la forêt,Restaurant,Formel,Snack la forêt,33.4352411,-5.2220191,icons/restaurant.png,OSM
Fès-Meknès,Vanilla boulangerie,Boulangerie,Formel,Vanilla boulangerie,33.4329536,-5.2225485,icons/bakery.png,OSM
Fès-Meknès,Le Sapin,Restaurant,Formel,Le Sapin,33.4407519,-5.2256132,icons/restaurant.png,OSM
Fès-Meknès,Carrefour,Supermarché,Formel,Carrefour,33.4464775,-5.2302693,icons/supermarket.png,OSM
Fès-Meknès,Boulangerie sans nom,Boulangerie,Formel,Boulangerie sans nom,33.4471819,-5.2303203,icons/bakery.png,OSM
Fès-Meknès,Café sans nom,Café,Formel,Café sans nom,33.447267,-5.2302608,icons/cafe.png,OSM
Fès-Meknès,Marjane,Supermarché,Formel,Marjane,33.6747675,-5.3726582,icons/supermarket.png,OSM
Fès-Meknès,Parapharmacie sans nom,Parapharmacie,Formel,Parapharmacie sans nom,33.8193016,-5.5124412,icons/pharmacy.png,OSM
Fès-Meknès,السويقة د احداف,Épicerie,Informel,السويقة د احداف,33.442147,-5.2256606,icons/greengrocer.png,OSM
Fès-Meknès,Restaurant sans nom,Restaurant,Formel,Restaurant sans nom,33.4404953,-5.2260131,icons/restaurant.png,OSM
Fès-Meknès,Restaurant Al Madina,Restaurant,Formel,Restaurant Al Madina,33.4431251,-5.227848,icons/restaurant.png,OSM
Fès-Meknès,Café Bruxelle,Café,Formel,Café Bruxelle,34.0088932,-4.9775446,icons/cafe.png,OSM
Fès-Meknès,Café Nevada,Café,Formel,Café Nevada,34.0107609,-4.9797015,icons/cafe.png,OSM
Fès-Meknès,Café al aahde el jadid,Café,Formel,Café al aahde el jadid,34.0116028,-4.9803655,icons/cafe.png,OSM
Fès-Meknès,متجر المواد الغذائية الريف,Supermarché,Formel,متجر المواد الغذائية الريف,34.0117687,-4.9804759,icons/supermarket.png,OSM
Fès-Meknès,cafe admiral palace,Café,Formel,cafe admiral palace,33.8612595,-5.5692849,icons/cafe.png,OSM
Fès-Meknès,لالة معقودة,Restaurant,Formel,لالة معقودة,33.8602638,-5.5695691,icons/restaurant.png,OSM
Fès-Meknès,Estrella cafe,Café,Formel,Estrella cafe,33.8598404,-5.5694809,icons/cafe.png,OSM
Fès-Meknès,McDonald's,Restaurant,Formel,McDonald's,33.8558693,-5.5813012,icons/restaurant.png,OSM
Fès-Meknès,Para Masjid Iran,Parapharmacie,Formel,Para Masjid Iran,33.9003487,-5.5340729,icons/pharmacy.png,OSM
Fès-Meknès,TGV PIZZA,Restaurant,Formel,TGV PIZZA,33.8978806,-5.53163,icons/restaurant.png,OSM
Fès-Meknès,Mawan,Café,Formel,Mawan,33.9676028,-4.9984072,icons/cafe.png,OSM
Fès-Meknès,Villa Panorama,Café,Formel,Villa Panorama,33.9325135,-5.0075885,icons/cafe.png,OSM
Fès-Meknès,Marché De Lundi Maghraoua,Épicerie,Informel,Marché De Lundi Maghraoua,33.9319832,-4.0415776,icons/greengrocer.png,OSM
Fès-Meknès,Café chantoufa,Café,Formel,Oued Rommane واد الرمان,34.1046289,-5.7014517,icons/cafe.png,OSM
Fès-Meknès,Dar lalla khadra,Restaurant,Formel,Rue Sidi Ahmed Ben Khadra,33.8991181,-5.5658562,icons/restaurant.png,OSM
Fès-Meknès,Restaurant sans nom,Restaurant,Formel,Restaurant sans nom,34.0621207,-4.9850819,icons/restaurant.png,OSM
Fès-Meknès,Broceliande,Restaurant,Formel,"Rue El Barid, Fes Médina",34.0611878,-4.9828558,icons/restaurant.png,OSM
Fès-Meknès,Yalla Yalla Cafe,Restaurant,Formel,Yalla Yalla Cafe,34.0599086,-4.9723291,icons/restaurant.png,OSM
Fès-Meknès,Obelias,Boulangerie,Formel,Obelias,33.8995285,-5.51929,icons/bakery.png,OSM
Fès-Meknès,محسن البقال,Supermarché,Formel,محسن البقال,33.884819,-5.5013499,icons/supermarket.png,OSM
Fès-Meknès,Pharmacie Lakram,Parapharmacie,Formel,"Lot. Lakram, Ain Taoujdate",33.9576104,-5.2313796,icons/pharmacy.png,OSM
Fès-Meknès,Sunshine Restaurant Coffee,Restaurant,Formel,Sunshine Restaurant Coffee,34.0628761,-4.9818581,icons/restaurant.png,OSM
Fès-Meknès,Pain cake,Restaurant,Formel,Pain cake,33.8556252,-5.5660119,icons/restaurant.png,OSM
Fès-Meknès,Café delocci,Café,Formel,Café delocci,33.8621101,-5.5686998,icons/cafe.png,OSM
Fès-Meknès,Euro-Snack,Restaurant,Formel,Euro-Snack,33.8933834,-5.5410678,icons/restaurant.png,OSM
Fès-Meknès,Snack darna,Restaurant,Formel,Snack darna,33.9041023,-5.4831362,icons/restaurant.png,OSM
Fès-Meknès,Be wok,Restaurant,Formel,Be wok,33.8986168,-5.514432,icons/restaurant.png,OSM
Fès-Meknès,سناك حمادة,Restaurant,Formel,سناك حمادة,33.858963,-5.5609159,icons/restaurant.png,OSM
Fès-Meknès,La Dacha,Café,Formel,La Dacha,33.9002686,-5.5245118,icons/cafe.png,OSM
Fès-Meknès,Restaurant sans nom,Restaurant,Formel,Restaurant sans nom,34.0089496,-4.9805282,icons/restaurant.png,OSM
Fès-Meknès,Pharmacie El Fadilia صيدلية الفاضلية,Parapharmacie,Formel,Pharmacie El Fadilia صيدلية الفاضلية,33.8779373,-5.5787439,icons/pharmacy.png,OSM
Fès-Meknès,La Pausa,Restaurant,Formel,La Pausa,33.4500345,-5.2274495,icons/restaurant.png,OSM
Fès-Meknès,Vanitas,Café,Formel,Vanitas,33.900322,-5.5468588,icons/cafe.png,OSM
Fès-Meknès,Café et restaurant El Amal,Restaurant,Formel,Café et restaurant El Amal,33.7330102,-5.0093294,icons/restaurant.png,OSM
Fès-Meknès,Restaurant sans nom,Restaurant,Formel,Restaurant sans nom,33.7329118,-5.0093376,icons/restaurant.png,OSM
Fès-Meknès,سوق لالة الجميلة,Supermarché,Formel,سوق لالة الجميلة,33.8942702,-5.5699574,icons/supermarket.png,OSM
Fès-Meknès,L3chir Eat,Restaurant,Formel,L3chir Eat,33.8982277,-5.5329709,icons/restaurant.png,OSM
Fès-Meknès,مواد غذائية,Supermarché,Formel,مواد غذائية,33.8979988,-5.5323071,icons/supermarket.png,OSM
Fès-Meknès,Cafe beverly,Café,Formel,Cafe beverly,33.8948555,-5.5424638,icons/cafe.png,OSM
Fès-Meknès,Abdullah Thé & Café,Café,Formel,Abdullah Thé & Café,34.0643372,-4.9721294,icons/cafe.png,OSM
Fès-Meknès,Restaurant Palais Al firdaous,Restaurant,Formel,Restaurant Palais Al firdaous,34.06972,-4.9745092,icons/restaurant.png,OSM
Fès-Meknès,Les Remparts De Fès,Restaurant,Formel,Les Remparts De Fès,34.0692484,-4.9737543,icons/restaurant.png,OSM
Fès-Meknès,Café Terrasse Panoramique,Café,Formel,Café Terrasse Panoramique,34.0686787,-4.9726903,icons/cafe.png,OSM
Fès-Meknès,Café l’île verte,Café,Formel,Café l’île verte,34.0708753,-4.9693831,icons/cafe.png,OSM
Fès-Meknès,مقهى ماشاء الله,Café,Formel,مقهى ماشاء الله,34.071061,-4.9688777,icons/cafe.png,OSM
Fès-Meknès,Café sans nom,Café,Formel,Café sans nom,33.9845819,-4.6398949,icons/cafe.png,OSM
Fès-Meknès,Café sans nom,Café,Formel,Café sans nom,34.0188729,-4.7466006,icons/cafe.png,OSM
Fès-Meknès,Pharmacie ROUTE AIN CHKEF,Parapharmacie,Formel,"lot Riad yassamine, Fes",33.9976267,-5.011974,icons/pharmacy.png,OSM
Fès-Meknès,Boulangerie sans nom,Boulangerie,Formel,Boulangerie sans nom,33.165934,-5.56965,icons/bakery.png,OSM
Fès-Meknès,Boulangerie sans nom,Boulangerie,Formel,Boulangerie sans nom,33.1693477,-5.5694508,icons/bakery.png,OSM
Fès-Meknès,"Snack Flamingo, 29 Mar Rcif",Restaurant,Formel,"Snack Flamingo, 29 Mar Rcif",34.0619771,-4.9730632,icons/restaurant.png,OSM
Fès-Meknès,Barbecue Alarbi Fes,Restaurant,Formel,Barbecue Alarbi Fes,34.0619173,-4.983784,icons/restaurant.png,OSM
Fès-Meknès,La Morille Dar Diafa,Restaurant,Formel,Rue Ahmed Chaouki,34.0327472,-5.0055526,icons/restaurant.png,OSM
Fès-Meknès,Wedji resto,Restaurant,Formel,Wedji resto,34.0652542,-4.9769826,icons/restaurant.png,OSM
Fès-Meknès,Pharmacie Kassbah صيدلية القصبة,Parapharmacie,Formel,Avenue Lalla Khadra,33.8835258,-5.5485821,icons/pharmacy.png,OSM
Fès-Meknès,SID L3CHRA,Restaurant,Formel,SID L3CHRA,33.8836098,-5.5714941,icons/restaurant.png,OSM
Fès-Meknès,مقهى حسون,Café,Formel,مقهى حسون,33.8957634,-5.5687799,icons/cafe.png,OSM
Fès-Meknès,Cube Noir,Café,Formel,Cube Noir,33.8589249,-5.55199,icons/cafe.png,OSM
Fès-Meknès,Shahid food,Restaurant,Formel,Shahid food,33.8519173,-5.5429788,icons/restaurant.png,OSM
Fès-Meknès,صيدلية ميموزا,Parapharmacie,Formel,صيدلية ميموزا,33.8589134,-5.5431371,icons/pharmacy.png,OSM
Fès-Meknès,Bio-Kitchen | المطبخ الطبيعي,Restaurant,Formel,Bio-Kitchen | المطبخ الطبيعي,33.8225527,-4.3923701,icons/restaurant.png,OSM
Fès-Meknès,سوق فتح الزهر,Supermarché,Formel,"Hay Fath Zhar, meknes",33.8613427,-5.5589253,icons/supermarket.png,OSM
Fès-Meknès,Bomo Coffee,Café,Formel,"34.004917, -5.001516, fes",34.0049731,-5.0013975,icons/cafe.png,OSM
Fès-Meknès,Café Restaurant L'Escale,Restaurant,Formel,Café Restaurant L'Escale,33.1580736,-5.0672474,icons/restaurant.png,OSM
Fès-Meknès,Acima,Supermarché,Formel,Acima,34.0111048,-4.9808043,icons/supermarket.png,OSM
Fès-Meknès,Marjane مرجان,Supermarché,Formel,Fès,34.0494586,-5.0357233,icons/supermarket.png,OSM
Fès-Meknès,Marché,Épicerie,Informel,Marché,33.5262799,-5.1152954,icons/greengrocer.png,OSM
Fès-Meknès,vegetable souk,Épicerie,Informel,vegetable souk,33.8924587,-5.566308,icons/greengrocer.png,OSM
Fès-Meknès,Épicerie sans nom,Épicerie,Informel,Épicerie sans nom,34.0618225,-4.9854472,icons/greengrocer.png,OSM
Fès-Meknès,Épicerie sans nom,Épicerie,Informel,Épicerie sans nom,34.2092261,-4.014534,icons/greengrocer.png,OSM
Fès-Meknès,Café sans nom,Café,Formel,Café sans nom,34.2575883,-4.6237297,icons/cafe.png,OSM
Fès-Meknès,Épicerie sans nom,Épicerie,Informel,Épicerie sans nom,34.2890144,-4.6589699,icons/greengrocer.png,OSM
Fès-Meknès,Épicerie sans nom,Épicerie,Informel,Épicerie sans nom,34.286383,-4.658305,icons/greengrocer.png,OSM
Fès-Meknès,Acima,Supermarché,Formel,FEZ,34.0297305,-5.0108078,icons/supermarket.png,OSM
Fès-Meknès,Atacadão,Supermarché,Formel,fez,34.0224142,-5.0524333,icons/supermarket.png,OSM
Fès-Meknès,Marjane,Supermarché,Formel,Marjane,34.231809,-4.0088054,icons/supermarket.png,OSM
Fès-Meknès,Café Zahra,Café,Formel,Café Zahra,33.8942993,-5.562734,icons/cafe.png,OSM
Fès-Meknès,Auberge La Forestiere,Restaurant,Formel,Auberge La Forestiere,33.2286896,-5.0597576,icons/restaurant.png,OSM
Fès-Meknès,Cornette Palace,Restaurant,Formel,Cornette Palace,33.9052656,-5.5521547,icons/restaurant.png,OSM
Fès-Meknès,Souk al Had سوق الأحد,Épicerie,Informel,Souk al Had سوق الأحد,33.8612223,-5.5365054,icons/greengrocer.png,OSM
Fès-Meknès,Marché,Épicerie,Informel,Marché,33.8926159,-5.56613,icons/greengrocer.png,OSM
Fès-Meknès,La tulipe,Café,Formel,La tulipe,33.9003833,-5.5468275,icons/cafe.png,OSM
Fès-Meknès,café restaurant,Restaurant,Formel,café restaurant,33.6882744,-5.3706689,icons/restaurant.png,OSM
Fès-Meknès,Marché central,Supérette / Mini-market,Formel,Marché central,33.6908549,-5.3707267,icons/convenience.png,OSM
Fès-Meknès,Souika,Épicerie,Informel,Souika,33.6958158,-5.367949,icons/greengrocer.png,OSM
Fès-Meknès,marché Mellah,Épicerie,Informel,marché Mellah,33.8884045,-5.5709952,icons/greengrocer.png,OSM
Fès-Meknès,marché de poison,Épicerie,Informel,marché de poison,33.8929775,-5.5665103,icons/greengrocer.png,OSM
Fès-Meknès,Épicerie sans nom,Épicerie,Informel,Épicerie sans nom,33.9026396,-5.5782564,icons/greengrocer.png,OSM
Fès-Meknès,Economat enseignement مقتصدية رجال التعليم,Supermarché,Formel,Economat enseignement مقتصدية رجال التعليم,33.886914,-5.5687573,icons/supermarket.png,OSM
Fès-Meknès,Souk Al Bahij,Épicerie,Informel,Souk Al Bahij,34.0204532,-5.0084615,icons/greengrocer.png,OSM
Fès-Meknès,Carrefour,Supermarché,Formel,"Boulevard des F.A.R شارع الجيش الملكي, Meknès ⴰⵎⴽⵏⴰⵙ مكناس",33.8999728,-5.5043346,icons/supermarket.png,OSM
Fès-Meknès,ماكدونالدز,Restaurant,Formel,ماكدونالدز,33.8958675,-5.555201,icons/restaurant.png,OSM
Fès-Meknès,Épicerie sans nom,Épicerie,Informel,Épicerie sans nom,34.1018597,-4.2885355,icons/greengrocer.png,OSM
Fès-Meknès,Souhaila Café,Café,Formel,Souhaila Café,34.2215784,-5.709629,icons/cafe.png,OSM
Fès-Meknès,Atacadão,Supermarché,Formel,Atacadão,34.224634,-5.7160845,icons/supermarket.png,OSM
Fès-Meknès,Marchè Central,Épicerie,Informel,Marchè Central,33.7327918,-5.0096897,icons/greengrocer.png,OSM
Fès-Meknès,Café sans nom,Café,Formel,Café sans nom,34.0390784,-5.0226945,icons/cafe.png,OSM
Fès-Meknès,Supérette / Mini-market sans nom,Supérette / Mini-market,Formel,Supérette / Mini-market sans nom,34.039248,-5.0223521,icons/convenience.png,OSM
Fès-Meknès,Épicerie sans nom,Épicerie,Informel,Épicerie sans nom,34.0636386,-4.9743658,icons/greengrocer.png,OSM
Fès-Meknès,Marché Al Kasba,Épicerie,Informel,Marché Al Kasba,33.7343731,-5.0104719,icons/greengrocer.png,OSM
Fès-Meknès,Marché Central,Épicerie,Informel,Fès,34.0393998,-4.998342,icons/greengrocer.png,OSM
Fès-Meknès,Restaurant sans nom,Restaurant,Formel,Restaurant sans nom,33.547638,-5.1121922,icons/restaurant.png,OSM
Fès-Meknès,Souika de Zouagha سوق الخضار,Épicerie,Informel,فاس,34.0161374,-5.0363394,icons/greengrocer.png,OSM
Fès-Meknès,Épicerie sans nom,Épicerie,Informel,Épicerie sans nom,34.0191046,-5.0132561,icons/greengrocer.png,OSM
Fès-Meknès,Épicerie sans nom,Épicerie,Informel,Épicerie sans nom,34.0343828,-5.0246959,icons/greengrocer.png,OSM
Fès-Meknès,Kiosque sans nom,Kiosque,Informel,Kiosque sans nom,34.0356189,-5.0117173,icons/kiosk.png,OSM
Fès-Meknès,Kiosque sans nom,Kiosque,Informel,Kiosque sans nom,34.0344097,-5.0118928,icons/kiosk.png,OSM
Fès-Meknès,Kiosque sans nom,Kiosque,Informel,Kiosque sans nom,34.0354066,-5.0101725,icons/kiosk.png,OSM
Fès-Meknès,Kiosque,Kiosque,Informel,Kiosque,33.8307271,-4.8395237,icons/kiosk.png,OSM
Fès-Meknès,Café sans nom,Café,Formel,Café sans nom,33.8293839,-4.8353632,icons/cafe.png,OSM
Fès-Meknès,Café sans nom,Café,Formel,Café sans nom,33.8275924,-4.8382359,icons/cafe.png,OSM
Fès-Meknès,Café sans nom,Café,Formel,Café sans nom,33.8275579,-4.836079,icons/cafe.png,OSM
Fès-Meknès,Boulangerie sans nom,Boulangerie,Formel,Boulangerie sans nom,33.8321961,-4.8365652,icons/bakery.png,OSM
Fès-Meknès,Épicerie sans nom,Épicerie,Informel,Épicerie sans nom,34.0543006,-4.9896209,icons/greengrocer.png,OSM
Fès-Meknès,Épicerie sans nom,Épicerie,Informel,Épicerie sans nom,34.0618857,-4.9838631,icons/greengrocer.png,OSM
Fès-Meknès,Épicerie sans nom,Épicerie,Informel,Épicerie sans nom,34.0621169,-4.9849552,icons/greengrocer.png,OSM
Fès-Meknès,Épicerie sans nom,Épicerie,Informel,Épicerie sans nom,34.0569583,-4.9906724,icons/greengrocer.png,OSM
Fès-Meknès,Épicerie sans nom,Épicerie,Informel,Épicerie sans nom,34.0645788,-4.9741513,icons/greengrocer.png,OSM
Fès-Meknès,Second hand - renovation items,Épicerie,Informel,Second hand - renovation items,34.0661305,-4.9800539,icons/greengrocer.png,OSM
Fès-Meknès,Épicerie sans nom,Épicerie,Informel,Épicerie sans nom,34.0649861,-4.9743372,icons/greengrocer.png,OSM
Fès-Meknès,Épicerie sans nom,Épicerie,Informel,Épicerie sans nom,34.061863,-4.9732333,icons/greengrocer.png,OSM
Fès-Meknès,Supermarché sans nom,Supermarché,Formel,Supermarché sans nom,34.0220811,-4.9975981,icons/supermarket.png,OSM
Fès-Meknès,Épicerie sans nom,Épicerie,Informel,Épicerie sans nom,33.5371516,-5.1225246,icons/greengrocer.png,OSM
Fès-Meknès,Épicerie sans nom,Épicerie,Informel,Épicerie sans nom,33.1602932,-5.835529,icons/greengrocer.png,OSM
Fès-Meknès,Épicerie sans nom,Épicerie,Informel,Épicerie sans nom,33.174548,-5.5679499,icons/greengrocer.png,OSM
Fès-Meknès,Supérette / Mini-market sans nom,Supérette / Mini-market,Formel,P5006,34.0017833,-4.9748419,icons/convenience.png,OSM
Fès-Meknès,Burger King,Restaurant,Formel,"Boulevard des F.A.R, Meknès",33.8964472,-5.5420609,icons/restaurant.png,OSM
Fès-Meknès,Ara-Yhane Super Marche,Supérette / Mini-market,Formel,Avenue Annasr,33.8839883,-5.5725089,icons/convenience.png,OSM
Fès-Meknès,Darori Resto,Restaurant,Formel,"Derb Sayour, R'cif, Fez Medina",34.0625817,-4.9737294,icons/restaurant.png,OSM
Fès-Meknès,Carrefour,Supermarché,Formel,Carrefour,33.8921556,-5.5404378,icons/supermarket.png,OSM
Fès-Meknès,Cafe bella cita,Café,Formel,Meknès,33.9027205,-5.5619803,icons/cafe.png,OSM
Fès-Meknès,O'Night,Café,Formel,O'Night,33.9036476,-5.5615955,icons/cafe.png,OSM
Fès-Meknès,Closed Market,Épicerie,Informel,Closed Market,33.8917686,-5.5653515,icons/greengrocer.png,OSM
Fès-Meknès,Épicerie sans nom,Épicerie,Informel,Épicerie sans nom,33.8914922,-5.564878,icons/greengrocer.png,OSM
Fès-Meknès,Épicerie sans nom,Épicerie,Informel,Épicerie sans nom,33.8929419,-5.5668588,icons/greengrocer.png,OSM
Fès-Meknès,Épicerie sans nom,Épicerie,Informel,Épicerie sans nom,33.9275042,-5.224758,icons/greengrocer.png,OSM
Fès-Meknès,Atacadão,Supermarché,Formel,Atacadão,33.8512463,-5.5659216,icons/supermarket.png,OSM
Fès-Meknès,Kiosque sans nom,Kiosque,Informel,Kiosque sans nom,33.8926406,-5.5635421,icons/kiosk.png,OSM
Fès-Meknès,Kiosque sans nom,Kiosque,Informel,Kiosque sans nom,33.8934524,-5.5622787,icons/kiosk.png,OSM
Fès-Meknès,Marjane,Supermarché,Formel,Marjane,33.9020643,-5.5368345,icons/supermarket.png,OSM
Fès-Meknès,سوق الأثاث المستعملة,Épicerie,Informel,سوق الأثاث المستعملة,33.901115,-5.5365567,icons/greengrocer.png,OSM
Fès-Meknès,suck Ein Shbeek,Épicerie,Informel,suck Ein Shbeek,33.9060146,-5.5384489,icons/greengrocer.png,OSM
Fès-Meknès,مجزرة ومشواة واد الجديدة,Restaurant,Formel,مجزرة ومشواة واد الجديدة,33.8999306,-5.5451983,icons/restaurant.png,OSM
Fès-Meknès,Abdul Qader,Kiosque,Informel,Abdul Qader,33.9006198,-5.5447094,icons/kiosk.png,OSM
Fès-Meknès,Bird market,Épicerie,Informel,Bird market,33.8951798,-5.570525,icons/greengrocer.png,OSM
Fès-Meknès,Épicerie sans nom,Épicerie,Informel,Épicerie sans nom,34.0309652,-5.8001081,icons/greengrocer.png,OSM
Fès-Meknès,Épicerie sans nom,Épicerie,Informel,Épicerie sans nom,33.8953402,-5.5011716,icons/greengrocer.png,OSM
Fès-Meknès,Épicerie sans nom,Épicerie,Informel,Épicerie sans nom,33.8858409,-5.499081,icons/greengrocer.png,OSM
Fès-Meknès,Café sans nom,Café,Formel,Café sans nom,33.8948347,-5.55846,icons/cafe.png,OSM
Fès-Meknès,Épicerie sans nom,Épicerie,Informel,Épicerie sans nom,34.0559553,-4.9889935,icons/greengrocer.png,OSM
Fès-Meknès,Épicerie sans nom,Épicerie,Informel,Épicerie sans nom,34.0545408,-4.9885456,icons/greengrocer.png,OSM
Fès-Meknès,Épicerie sans nom,Épicerie,Informel,Épicerie sans nom,34.0622529,-4.9836254,icons/greengrocer.png,OSM
Fès-Meknès,Épicerie sans nom,Épicerie,Informel,Épicerie sans nom,34.0635434,-4.9817387,icons/greengrocer.png,OSM
Fès-Meknès,Épicerie sans nom,Épicerie,Informel,Épicerie sans nom,34.0645116,-4.9796066,icons/greengrocer.png,OSM
Fès-Meknès,Épicerie sans nom,Épicerie,Informel,Épicerie sans nom,34.0654983,-4.9795464,icons/greengrocer.png,OSM
Fès-Meknès,Épicerie sans nom,Épicerie,Informel,Épicerie sans nom,34.0652991,-4.9768273,icons/greengrocer.png,OSM
Fès-Meknès,Épicerie sans nom,Épicerie,Informel,Épicerie sans nom,34.0636824,-4.9734093,icons/greengrocer.png,OSM
Fès-Meknès,Épicerie sans nom,Épicerie,Informel,Épicerie sans nom,34.0658929,-4.9733028,icons/greengrocer.png,OSM
Fès-Meknès,Épicerie sans nom,Épicerie,Informel,Épicerie sans nom,34.0658095,-4.9719491,icons/greengrocer.png,OSM
Fès-Meknès,Épicerie sans nom,Épicerie,Informel,Épicerie sans nom,34.0655676,-4.9713188,icons/greengrocer.png,OSM
Fès-Meknès,Épicerie sans nom,Épicerie,Informel,Épicerie sans nom,34.0648168,-4.9713003,icons/greengrocer.png,OSM
Fès-Meknès,Épicerie sans nom,Épicerie,Informel,Épicerie sans nom,34.0641968,-4.9723146,icons/greengrocer.png,OSM
Fès-Meknès,Épicerie sans nom,Épicerie,Informel,Épicerie sans nom,34.0634902,-4.9717019,icons/greengrocer.png,OSM
Fès-Meknès,Épicerie sans nom,Épicerie,Informel,Épicerie sans nom,33.3039814,-5.3458186,icons/greengrocer.png,OSM
Fès-Meknès,Café sans nom,Café,Formel,Café sans nom,33.8956446,-5.5388059,icons/cafe.png,OSM
Fès-Meknès,سوق الثلاثاء الأسبوعي,Épicerie,Informel,سوق الثلاثاء الأسبوعي,33.4499599,-5.2153862,icons/greengrocer.png,OSM
Fès-Meknès,قيسارية باب جديد,Épicerie,Informel,قيسارية باب جديد,33.8958281,-5.5700511,icons/greengrocer.png,OSM
Fès-Meknès,سوق البرج,Épicerie,Informel,سوق البرج,33.9074607,-5.5268636,icons/greengrocer.png,OSM
Fès-Meknès,Forest Palace,Café,Formel,Forest Palace,33.8538679,-5.5677788,icons/cafe.png,OSM
Fès-Meknès,Épicerie sans nom,Épicerie,Informel,Épicerie sans nom,33.2256432,-5.0577242,icons/greengrocer.png,OSM
Fès-Meknès,Épicerie sans nom,Épicerie,Informel,Épicerie sans nom,34.269388,-5.9453511,icons/greengrocer.png,OSM
Fès-Meknès,Café sans nom,Café,Formel,Café sans nom,33.8947096,-5.5502122,icons/cafe.png,OSM
Fès-Meknès,cafè Laanbra,Café,Formel,cafè Laanbra,33.8957936,-5.5474542,icons/cafe.png,OSM
Fès-Meknès,cafeteria CCF,Restaurant,Formel,cafeteria CCF,33.8978371,-5.5543117,icons/restaurant.png,OSM
Fès-Meknès,Épicerie sans nom,Épicerie,Informel,Épicerie sans nom,33.8985083,-5.5723443,icons/greengrocer.png,OSM
Fès-Meknès,Golden Foot,Café,Formel,Golden Foot,33.8933736,-5.5325727,icons/cafe.png,OSM
Fès-Meknès,Épicerie sans nom,Épicerie,Informel,Épicerie sans nom,33.8968456,-5.5719831,icons/greengrocer.png,OSM
Fès-Meknès,Épicerie sans nom,Épicerie,Informel,Épicerie sans nom,33.9021734,-5.4783417,icons/greengrocer.png,OSM
Fès-Meknès,سوقويسلان,Épicerie,Informel,سوقويسلان,33.9087718,-5.4901387,icons/greengrocer.png,OSM
Fès-Meknès,سوق الوحدة,Épicerie,Informel,سوق الوحدة,33.9211103,-5.494298,icons/greengrocer.png,OSM
Fès-Meknès,سوق المثلث,Épicerie,Informel,سوق المثلث,33.9072765,-5.477345,icons/greengrocer.png,OSM
Fès-Meknès,سوق,Épicerie,Informel,سوق,33.9182052,-5.4866721,icons/greengrocer.png,OSM
Fès-Meknès,Cafe Inov,Café,Formel,Cafe Inov,33.8050063,-5.505998,icons/cafe.png,OSM
Fès-Meknès,Park Timizar,Café,Formel,Park Timizar,33.975656,-5.5825669,icons/cafe.png,OSM
Fès-Meknès,مقهى الاهرام,Café,Formel,مقهى الاهرام,33.9052098,-5.7268329,icons/cafe.png,OSM
Fès-Meknès,arhmouni kiosk,Kiosque,Informel,arhmouni kiosk,34.3180124,-4.7923148,icons/kiosk.png,OSM
Fès-Meknès,LaVilla,Boulangerie,Formel,LaVilla,33.9887623,-5.0136613,icons/bakery.png,OSM
Fès-Meknès,Épicerie sans nom,Épicerie,Informel,Épicerie sans nom,34.2218162,-4.0063278,icons/greengrocer.png,OSM
Fès-Meknès,Épicerie sans nom,Épicerie,Informel,Épicerie sans nom,34.0648955,-4.9727718,icons/greengrocer.png,OSM
Fès-Meknès,sheep skin tannery,Épicerie,Informel,sheep skin tannery,34.0645502,-4.97983,icons/greengrocer.png,OSM
Fès-Meknès,Fondouk Tazi,Épicerie,Informel,Fondouk Tazi,34.0640965,-4.9801507,icons/greengrocer.png,OSM
Fès-Meknès,Épicerie sans nom,Épicerie,Informel,Épicerie sans nom,34.0651874,-4.9749913,icons/greengrocer.png,OSM
Fès-Meknès,Riad,Épicerie,Informel,Riad,34.0555746,-4.9900183,icons/greengrocer.png,OSM
Fès-Meknès,Qaat Smen,Épicerie,Informel,Qaat Smen,34.0642389,-4.980516,icons/greengrocer.png,OSM
Fès-Meknès,Kessaria Sarrajine,Épicerie,Informel,Kessaria Sarrajine,34.0618345,-4.9834195,icons/greengrocer.png,OSM
Fès-Meknès,Épicerie sans nom,Épicerie,Informel,Épicerie sans nom,34.0648781,-4.9805761,icons/greengrocer.png,OSM
