Zone,Nom,Catégorie,Statut,Adresse,Latitude,Longitude,Image,Source
Béni Mellal-Khénifra,La Petite Gorge,Café,Formel,La Petite Gorge,31.5748382,-5.5834365,icons/cafe.png,OSM
Béni Mellal-Khénifra,Restaurant sans nom,Restaurant,Formel,Restaurant sans nom,31.6816034,-5.5330784,icons/restaurant.png,OSM
Béni Mellal-Khénifra,Berbère de la Montagne,Restaurant,Formel,Berbère de la Montagne,31.557878,-5.9095123,icons/restaurant.png,OSM
Béni Mellal-Khénifra,Parapharmacie sans nom,Parapharmacie,Formel,Parapharmacie sans nom,31.6962689,-5.8169484,icons/pharmacy.png,OSM
Béni Mellal-Khénifra,Pharmacie du Maroc صيدلية المغرب,Parapharmacie,Formel,"Avenue Mohamed V شارع الحسن الثاني, Tinghir",31.5063276,-5.5392384,icons/pharmacy.png,OSM
Béni Mellal-Khénifra,Café sans nom,Café,Formel,Café sans nom,31.508106,-5.5391008,icons/cafe.png,OSM
Béni Mellal-Khénifra,Restaurant sans nom,Restaurant,Formel,Restaurant sans nom,31.510647,-5.5384669,icons/restaurant.png,OSM
Béni Mellal-Khénifra,2 Mars,Café,Formel,2 Mars,32.9352106,-5.667755,icons/cafe.png,OSM
Béni Mellal-Khénifra,Café sans nom,Café,Formel,Café sans nom,32.9350609,-5.6677955,icons/cafe.png,OSM
Béni Mellal-Khénifra,Restaurant sans nom,Restaurant,Formel,Restaurant sans nom,33.4568329,-5.2386639,icons/restaurant.png,OSM
Béni Mellal-Khénifra,Le Soleil,Restaurant,Formel,Le Soleil,31.5477657,-5.589631,icons/restaurant.png,OSM
Béni Mellal-Khénifra,La Kasba,Restaurant,Formel,La Kasba,31.5232499,-5.5295443,icons/restaurant.png,OSM
Béni Mellal-Khénifra,Restaurant sans nom,Restaurant,Formel,Restaurant sans nom,33.4337601,-5.2047914,icons/restaurant.png,OSM
Béni Mellal-Khénifra,Hotel Le Vieux Chateau du Dades,Restaurant,Formel,Route R704,31.5233381,-5.9278167,icons/restaurant.png,OSM
Béni Mellal-Khénifra,Kasbah Omari,Restaurant,Formel,Kasbah Omari,31.5312377,-5.5523321,icons/restaurant.png,OSM
Béni Mellal-Khénifra,Riad el Borj,Restaurant,Formel,Riad el Borj,33.0108408,-5.6327033,icons/restaurant.png,OSM
Béni Mellal-Khénifra,Titrite,Restaurant,Formel,Titrite,32.97332,-5.661685,icons/restaurant.png,OSM
Béni Mellal-Khénifra,Pharmacie Zouhair صيدلية زهير,Parapharmacie,Formel,Azrou ⴰⵣⵔⵓ أزرو,33.4386614,-5.2118456,icons/pharmacy.png,OSM
Béni Mellal-Khénifra,Pharmacie Ousadden صيدلية أوسادن,Parapharmacie,Formel,Azrou أزرو,33.4417744,-5.2260459,icons/pharmacy.png,OSM
Béni Mellal-Khénifra,Atlas Berbere,Restaurant,Formel,Atlas Berbere,31.5231062,-5.9279514,icons/restaurant.png,OSM
Béni Mellal-Khénifra,Cafe Restaurant Riad,Restaurant,Formel,"Route N10, Tinejdad",31.5098234,-5.0313106,icons/restaurant.png,OSM
Béni Mellal-Khénifra,Terrasse Ferila,Restaurant,Formel,"Route N10, Tinejdad",31.5096082,-5.0321022,icons/restaurant.png,OSM
Béni Mellal-Khénifra,Zakar Charif,Restaurant,Formel,Zakar Charif,31.55779,-5.5805356,icons/restaurant.png,OSM
Béni Mellal-Khénifra,Atlas,Restaurant,Formel,Atlas,31.5531647,-5.5850104,icons/restaurant.png,OSM
Béni Mellal-Khénifra,Restaurant Auberg Afoud,Restaurant,Formel,Restaurant Auberg Afoud,32.0065955,-5.4862633,icons/restaurant.png,OSM
Béni Mellal-Khénifra,Auberge Ibrahim,Restaurant,Formel,Auberge Ibrahim,32.0122154,-5.487619,icons/restaurant.png,OSM
Béni Mellal-Khénifra,La Source du Dades,Restaurant,Formel,La Source du Dades,31.552595,-5.907519,icons/restaurant.png,OSM
Béni Mellal-Khénifra,Kasbah des Roches,Restaurant,Formel,Kasbah des Roches,31.5500739,-5.9096413,icons/restaurant.png,OSM
Béni Mellal-Khénifra,Bleu Afriqua,Restaurant,Formel,Bleu Afriqua,31.5301953,-5.9250925,icons/restaurant.png,OSM
Béni Mellal-Khénifra,Taghya,Restaurant,Formel,Taghya,31.550098,-5.9101471,icons/restaurant.png,OSM
Béni Mellal-Khénifra,Kasbah de Lucas,Restaurant,Formel,Kasbah de Lucas,31.538476,-5.9193904,icons/restaurant.png,OSM
Béni Mellal-Khénifra,La Gazelle du Dades,Restaurant,Formel,La Gazelle du Dades,31.5206441,-5.9300728,icons/restaurant.png,OSM
Béni Mellal-Khénifra,Tissa Drine,Restaurant,Formel,Tissa Drine,31.5214844,-5.9296,icons/restaurant.png,OSM
Béni Mellal-Khénifra,Auberge Chez Pierrette & Moha,Restaurant,Formel,Auberge Chez Pierrette & Moha,31.5155794,-5.9331229,icons/restaurant.png,OSM
Béni Mellal-Khénifra,Kasbah de la Valleé,Restaurant,Formel,Kasbah de la Valleé,31.5210362,-5.929812,icons/restaurant.png,OSM
Béni Mellal-Khénifra,Timzzillite,Restaurant,Formel,Timzzillite,31.5296761,-5.9252327,icons/restaurant.png,OSM
Béni Mellal-Khénifra,Supérette / Mini-market sans nom,Supérette / Mini-market,Formel,Supérette / Mini-market sans nom,31.5147692,-5.5381015,icons/convenience.png,OSM
Béni Mellal-Khénifra,Mriya,Restaurant,Formel,Mriya,31.5432627,-5.567713,icons/restaurant.png,OSM
Béni Mellal-Khénifra,Oueb Eddahab,Café,Formel,Oueb Eddahab,31.5162934,-5.015309,icons/cafe.png,OSM
Béni Mellal-Khénifra,Restaurant sans nom,Restaurant,Formel,Restaurant sans nom,33.3664957,-5.1505268,icons/restaurant.png,OSM
Béni Mellal-Khénifra,El Mabrouk,Restaurant,Formel,El Mabrouk,31.5297783,-5.5464634,icons/restaurant.png,OSM
Béni Mellal-Khénifra,Etoile des Gorges,Café,Formel,Etoile des Gorges,31.5832459,-5.5911998,icons/cafe.png,OSM
Béni Mellal-Khénifra,La Source Des Poissons Sacres,Restaurant,Formel,La Source Des Poissons Sacres,31.5544462,-5.5853331,icons/restaurant.png,OSM
Béni Mellal-Khénifra,Restaurant Annour - Chez Hassan,Restaurant,Formel,Restaurant Annour - Chez Hassan,33.4370124,-5.2210309,icons/restaurant.png,OSM
Béni Mellal-Khénifra,Tayri Cafe,Café,Formel,Tayri Cafe,31.7459698,-5.7998576,icons/cafe.png,OSM
Béni Mellal-Khénifra,Marjane,Supermarché,Formel,Marjane,32.3438577,-6.3605655,icons/supermarket.png,OSM
Béni Mellal-Khénifra,Parapharmacie sans nom,Parapharmacie,Formel,Parapharmacie sans nom,32.5929284,-6.2606942,icons/pharmacy.png,OSM
Béni Mellal-Khénifra,Pharmacie Rabai صيدلية ربعي,Parapharmacie,Formel,"Rue Al Horriat زنقة الحرية, Kasba Tadla",32.5938064,-6.2644391,icons/pharmacy.png,OSM
Béni Mellal-Khénifra,Parapharmacie sans nom,Parapharmacie,Formel,kasba tadla,32.5958434,-6.2613674,icons/pharmacy.png,OSM
Béni Mellal-Khénifra,Parapharmacie sans nom,Parapharmacie,Formel,"K. ibn Walid ش. خالد بن الوليد, kasba tadla",32.5975686,-6.2648541,icons/pharmacy.png,OSM
Béni Mellal-Khénifra,Cafe Oum Rbia أم الربيع,Café,Formel,Cafe Oum Rbia أم الربيع,32.5927431,-6.2603428,icons/cafe.png,OSM
Béni Mellal-Khénifra,Biladi,Café,Formel,Biladi,31.5092188,-5.0332655,icons/cafe.png,OSM
Béni Mellal-Khénifra,Chez Michele,Restaurant,Formel,Chez Michele,31.5260355,-5.5316622,icons/restaurant.png,OSM
Béni Mellal-Khénifra,El Massira,Café,Formel,El Massira,31.5073134,-5.0385129,icons/cafe.png,OSM
Béni Mellal-Khénifra,Fatima-Frederic,Restaurant,Formel,Fatima-Frederic,31.5049912,-5.046613,icons/restaurant.png,OSM
Béni Mellal-Khénifra,Imilchl إملشيل,Café,Formel,Imilchl إملشيل,31.5014668,-5.0590231,icons/cafe.png,OSM
Béni Mellal-Khénifra,Kasbah Dar Bassou,Restaurant,Formel,"Avenue Bir Anzarane, Tinghir",31.5155987,-5.5338376,icons/restaurant.png,OSM
Béni Mellal-Khénifra,Kasba,Restaurant,Formel,Kasba,31.5236395,-5.5294705,icons/restaurant.png,OSM
Béni Mellal-Khénifra,Tinejdad,Café,Formel,Tinejdad,31.5092517,-5.0331344,icons/cafe.png,OSM
Béni Mellal-Khénifra,Ait El Haj,Restaurant,Formel,Ait El Haj,31.6581343,-6.4209765,icons/restaurant.png,OSM
Béni Mellal-Khénifra,Marché hebdomadaire السوق الاسبوعي,Épicerie,Informel,Marché hebdomadaire السوق الاسبوعي,31.6595338,-6.4188871,icons/greengrocer.png,OSM
Béni Mellal-Khénifra,Saydalyat Llaili3,Parapharmacie,Formel,Saydalyat Llaili3,32.4754825,-6.7365821,icons/pharmacy.png,OSM
Béni Mellal-Khénifra,Saydalyat Dawar Jdid,Parapharmacie,Formel,Saydalyat Dawar Jdid,32.4765779,-6.7344685,icons/pharmacy.png,OSM
Béni Mellal-Khénifra,Souk Larbaa,Épicerie,Informel,Souk Larbaa,32.4924502,-6.7126748,icons/greengrocer.png,OSM
Béni Mellal-Khénifra,Ayt Aghnan,Boulangerie,Formel,Ayt Aghnan,32.4272724,-6.684495,icons/bakery.png,OSM
Béni Mellal-Khénifra,Afsou,Restaurant,Formel,Afsou,31.6739549,-5.5438061,icons/restaurant.png,OSM
Béni Mellal-Khénifra,Ait Atta,Restaurant,Formel,Ait Atta,31.6958585,-5.8193435,icons/restaurant.png,OSM
Béni Mellal-Khénifra,Al Karam,Restaurant,Formel,Al Karam,31.695997,-5.8189704,icons/restaurant.png,OSM
Béni Mellal-Khénifra,Amazigh,Restaurant,Formel,Amazigh,31.6801511,-5.5348015,icons/restaurant.png,OSM
Béni Mellal-Khénifra,Asaka,Restaurant,Formel,Asaka,31.7558206,-5.8079075,icons/restaurant.png,OSM
Béni Mellal-Khénifra,Auberge Les Amandiers Chez Sophie,Restaurant,Formel,Auberge Les Amandiers Chez Sophie,31.5112377,-5.9371403,icons/restaurant.png,OSM
Béni Mellal-Khénifra,Aunom De La Rose,Restaurant,Formel,Aunom De La Rose,31.5590855,-5.9085419,icons/restaurant.png,OSM
Béni Mellal-Khénifra,El Mansour,Restaurant,Formel,El Mansour,31.5835046,-5.5908986,icons/restaurant.png,OSM
Béni Mellal-Khénifra,El Warda,Restaurant,Formel,El Warda,31.6951864,-5.8200253,icons/restaurant.png,OSM
Béni Mellal-Khénifra,Etoile Dades,Restaurant,Formel,Etoile Dades,31.5628696,-5.9069764,icons/restaurant.png,OSM
Béni Mellal-Khénifra,Imilchil Salon De The,Café,Formel,Imilchil Salon De The,31.6948726,-5.8209873,icons/cafe.png,OSM
Béni Mellal-Khénifra,Kasbah Amazir,Restaurant,Formel,Kasbah Amazir,31.5563073,-5.5810768,icons/restaurant.png,OSM
Béni Mellal-Khénifra,Le Ciel Bleu,Restaurant,Formel,Le Ciel Bleu,31.5792164,-5.5865877,icons/restaurant.png,OSM
Béni Mellal-Khénifra,Le Lac,Restaurant,Formel,Le Lac,31.5537824,-5.58526,icons/restaurant.png,OSM
Béni Mellal-Khénifra,Boulangerie sans nom,Boulangerie,Formel,Boulangerie sans nom,31.5099818,-5.9387381,icons/bakery.png,OSM
Béni Mellal-Khénifra,Café sans nom,Café,Formel,Café sans nom,31.5100515,-5.9384029,icons/cafe.png,OSM
Béni Mellal-Khénifra,Riad des Vieilles Charrues,Restaurant,Formel,Riad des Vieilles Charrues,31.5015164,-5.9460224,icons/restaurant.png,OSM
Béni Mellal-Khénifra,Super Marche,Supérette / Mini-market,Formel,Super Marche,31.5100537,-5.9386184,icons/convenience.png,OSM
Béni Mellal-Khénifra,Tafouyt,Restaurant,Formel,Tafouyt,31.6796251,-5.5341719,icons/restaurant.png,OSM
Béni Mellal-Khénifra,Tamda,Restaurant,Formel,Tamda,31.6718114,-5.548092,icons/restaurant.png,OSM
Béni Mellal-Khénifra,Épicerie sans nom,Épicerie,Informel,Épicerie sans nom,31.5191733,-5.5289442,icons/greengrocer.png,OSM
Béni Mellal-Khénifra,Cafe Restaurant,Café,Formel,Cafe Restaurant,31.5052422,-5.0459112,icons/cafe.png,OSM
Béni Mellal-Khénifra,Pharmacie Sakhra صيدلية الصخرة,Parapharmacie,Formel,Azrou ⴰⵣⵔⵓ أزرو,33.435806,-5.2202958,icons/pharmacy.png,OSM
Béni Mellal-Khénifra,Restaurant sans nom,Restaurant,Formel,Restaurant sans nom,31.5207258,-5.5313915,icons/restaurant.png,OSM
Béni Mellal-Khénifra,Izdar n souk,Épicerie,Informel,Izdar n souk,31.5192736,-5.5294923,icons/greengrocer.png,OSM
Béni Mellal-Khénifra,Souq,Épicerie,Informel,Souq,31.5005912,-5.5406958,icons/greengrocer.png,OSM
Béni Mellal-Khénifra,Supérette / Mini-market sans nom,Supérette / Mini-market,Formel,Supérette / Mini-market sans nom,32.0089412,-5.4900401,icons/convenience.png,OSM
Béni Mellal-Khénifra,Supérette / Mini-market sans nom,Supérette / Mini-market,Formel,Supérette / Mini-market sans nom,32.3123549,-5.6507306,icons/convenience.png,OSM
Béni Mellal-Khénifra,Café sans nom,Café,Formel,Café sans nom,32.3124135,-5.6504112,icons/cafe.png,OSM
Béni Mellal-Khénifra,Dar Oudar,Restaurant,Formel,Dar Oudar,31.5369194,-7.4970506,icons/restaurant.png,OSM
Béni Mellal-Khénifra,Boulangerie sans nom,Boulangerie,Formel,Boulangerie sans nom,32.5655646,-6.0274772,icons/bakery.png,OSM
Béni Mellal-Khénifra,Supérette / Mini-market sans nom,Supérette / Mini-market,Formel,Supérette / Mini-market sans nom,32.5655849,-6.0277642,icons/convenience.png,OSM
Béni Mellal-Khénifra,Cafe with Wifi,Café,Formel,Cafe with Wifi,32.5657444,-6.027671,icons/cafe.png,OSM
Béni Mellal-Khénifra,Café sans nom,Café,Formel,Café sans nom,32.8934582,-6.6518659,icons/cafe.png,OSM
Béni Mellal-Khénifra,Café sans nom,Café,Formel,Café sans nom,33.1536542,-7.3843396,icons/cafe.png,OSM
Béni Mellal-Khénifra,Supérette / Mini-market sans nom,Supérette / Mini-market,Formel,Supérette / Mini-market sans nom,33.1537892,-7.3846347,icons/convenience.png,OSM
Béni Mellal-Khénifra,Jotyya Lebriq ( Marché populaire quartier Labriq ),Épicerie,Informel,Jotyya Lebriq ( Marché populaire quartier Labriq ),32.8862494,-6.9234053,icons/greengrocer.png,OSM
Béni Mellal-Khénifra,Marché Régional Hebdomadaire ( Dimanche ),Épicerie,Informel,Marché Régional Hebdomadaire ( Dimanche ),32.8978056,-6.9180569,icons/greengrocer.png,OSM
Béni Mellal-Khénifra,les Cafes Martin,Café,Formel,"Rue Senhaja, Tighir",31.5174311,-5.5357373,icons/cafe.png,OSM
Béni Mellal-Khénifra,Chez Ahmed,Restaurant,Formel,Chez Ahmed,31.5545838,-5.5849273,icons/restaurant.png,OSM
Béni Mellal-Khénifra,Épicerie sans nom,Épicerie,Informel,Épicerie sans nom,32.0056928,-7.1306659,icons/greengrocer.png,OSM
Béni Mellal-Khénifra,Supérette / Mini-market sans nom,Supérette / Mini-market,Formel,Supérette / Mini-market sans nom,32.8251008,-6.5191526,icons/convenience.png,OSM
Béni Mellal-Khénifra,Café sans nom,Café,Formel,Café sans nom,32.8262368,-6.5206331,icons/cafe.png,OSM
Béni Mellal-Khénifra,Restaurant sans nom,Restaurant,Formel,Restaurant sans nom,32.8251757,-6.5188302,icons/restaurant.png,OSM
Béni Mellal-Khénifra,Supérette / Mini-market sans nom,Supérette / Mini-market,Formel,Supérette / Mini-market sans nom,32.8261376,-6.5212554,icons/convenience.png,OSM
Béni Mellal-Khénifra,Café sans nom,Café,Formel,Café sans nom,32.8249656,-6.5188629,icons/cafe.png,OSM
Béni Mellal-Khénifra,Restaurant sans nom,Restaurant,Formel,Restaurant sans nom,32.8262368,-6.5208906,icons/restaurant.png,OSM
Béni Mellal-Khénifra,Cafe Restaurant,Café,Formel,Cafe Restaurant,32.0219211,-6.7258395,icons/cafe.png,OSM
Béni Mellal-Khénifra,Restaurant sans nom,Restaurant,Formel,Restaurant sans nom,32.2906628,-6.4352354,icons/restaurant.png,OSM
Béni Mellal-Khénifra,Café sans nom,Café,Formel,Café sans nom,32.2905358,-6.4355465,icons/cafe.png,OSM
Béni Mellal-Khénifra,Amina,Café,Formel,Amina,33.1572954,-5.565972,icons/cafe.png,OSM
Béni Mellal-Khénifra,Parapharmacie sans nom,Parapharmacie,Formel,Parapharmacie sans nom,33.1669913,-5.5657319,icons/pharmacy.png,OSM
Béni Mellal-Khénifra,Salon de Thé,Café,Formel,Salon de Thé,33.1695729,-5.5656321,icons/cafe.png,OSM
Béni Mellal-Khénifra,Cafe Dubai,Café,Formel,Cafe Dubai,32.1535472,-7.2011686,icons/cafe.png,OSM
Béni Mellal-Khénifra,Restaurant sans nom,Restaurant,Formel,Restaurant sans nom,32.6436268,-5.9149084,icons/restaurant.png,OSM
Béni Mellal-Khénifra,Anna Jah tagine chiken,Restaurant,Formel,Anna Jah tagine chiken,32.6434207,-5.9154645,icons/restaurant.png,OSM
Béni Mellal-Khénifra,Cafe Atlas,Restaurant,Formel,Cafe Atlas,32.2160568,-6.7848238,icons/restaurant.png,OSM
Béni Mellal-Khénifra,Cafe Chatilla,Restaurant,Formel,Cafe Chatilla,32.64359,-5.9146233,icons/restaurant.png,OSM
Béni Mellal-Khénifra,Imouzzer Tagine,Restaurant,Formel,Imouzzer Tagine,32.6435093,-5.9153072,icons/restaurant.png,OSM
Béni Mellal-Khénifra,Marjane,Supermarché,Formel,Marjane,32.3301389,-6.3666335,icons/supermarket.png,OSM
Béni Mellal-Khénifra,Les Amis,Restaurant,Formel,Les Amis,31.5102449,-5.938639,icons/restaurant.png,OSM
Béni Mellal-Khénifra,Café sans nom,Café,Formel,Café sans nom,32.9513088,-6.954704,icons/cafe.png,OSM
Béni Mellal-Khénifra,Café sans nom,Café,Formel,Café sans nom,32.9536585,-6.9549518,icons/cafe.png,OSM
Béni Mellal-Khénifra,Restaurant sans nom,Restaurant,Formel,Restaurant sans nom,32.9533182,-6.9548617,icons/restaurant.png,OSM
Béni Mellal-Khénifra,Restaurant sans nom,Restaurant,Formel,Restaurant sans nom,32.9516311,-6.9548167,icons/restaurant.png,OSM
Béni Mellal-Khénifra,Supérette / Mini-market sans nom,Supérette / Mini-market,Formel,Supérette / Mini-market sans nom,31.6079581,-6.7282441,icons/convenience.png,OSM
Béni Mellal-Khénifra,Pharmacie Birinzerane صيدلية بئر أنزران,Parapharmacie,Formel,"Avenue Bir Anzarane, Tighir",31.5186066,-5.5344797,icons/pharmacy.png,OSM
Béni Mellal-Khénifra,Vivalti,Café,Formel,Vivalti,31.5183499,-5.5353213,icons/cafe.png,OSM
Béni Mellal-Khénifra,Pharmacie Adrar صيدلية أدرار,Parapharmacie,Formel,"Avenue Bir Anzarane, Tinghir",31.5152814,-5.5340323,icons/pharmacy.png,OSM
Béni Mellal-Khénifra,LA Perla,Café,Formel,LA Perla,31.5182111,-5.5354416,icons/cafe.png,OSM
Béni Mellal-Khénifra,Pharmacie Ighir صيدلية إغير,Parapharmacie,Formel,"Avenue Mohamed V, Tighir",31.5166819,-5.5369327,icons/pharmacy.png,OSM
Béni Mellal-Khénifra,chez Michel,Café,Formel,chez Michel,31.5182986,-5.5350134,icons/cafe.png,OSM
Béni Mellal-Khénifra,Aswak Tinghir,Supermarché,Formel,Aswak Tinghir,31.5175443,-5.5360114,icons/supermarket.png,OSM
Béni Mellal-Khénifra,Agdal,Café,Formel,Agdal,31.5221697,-5.5305894,icons/cafe.png,OSM
Béni Mellal-Khénifra,Pharmacie Toudgha صيدلية تودغا,Parapharmacie,Formel,"Avenue Mohamed V شارع الحسن الثاني, Tinghir ⵜⵉⵏⵖⵉⵔ تنغير",31.5221187,-5.5306539,icons/pharmacy.png,OSM
Béni Mellal-Khénifra,Pharmacie Elfilaha صيدلية الفلاحة,Parapharmacie,Formel,Tinghir,31.509514,-5.5380676,icons/pharmacy.png,OSM
Béni Mellal-Khénifra,OMAR café,Café,Formel,OMAR café,31.5216178,-5.5316326,icons/cafe.png,OSM
Béni Mellal-Khénifra,chkokote,Café,Formel,chkokote,31.5215813,-5.5314449,icons/cafe.png,OSM
Béni Mellal-Khénifra,Mabrouka,Café,Formel,Mabrouka,31.5216567,-5.5312893,icons/cafe.png,OSM
Béni Mellal-Khénifra,Café sans nom,Café,Formel,Café sans nom,31.5218145,-5.531064,icons/cafe.png,OSM
Béni Mellal-Khénifra,Pharmacie Saghro صيدلية صاغرو,Parapharmacie,Formel,"Avenue Mohamed V, Tinghir ⵜⵉⵏⵖⵉⵔ تنغير",31.521386,-5.5317635,icons/pharmacy.png,OSM
Béni Mellal-Khénifra,Lina Palace,Café,Formel,Lina Palace,31.5055831,-5.5394214,icons/cafe.png,OSM
Béni Mellal-Khénifra,Oasis,Café,Formel,Tinerhir,31.5207588,-5.5329079,icons/cafe.png,OSM
Béni Mellal-Khénifra,café voyageurs,Café,Formel,café voyageurs,31.5200912,-5.532873,icons/cafe.png,OSM
Béni Mellal-Khénifra,al-Quds café مقهى أورشليم,Café,Formel,al-Quds café مقهى أورشليم,31.5211576,-5.5309699,icons/cafe.png,OSM
Béni Mellal-Khénifra,Mecafe,Café,Formel,AZROU,33.4358334,-5.2200754,icons/cafe.png,OSM
Béni Mellal-Khénifra,Restaurant Bilal,Restaurant,Formel,"Place Mohamed 5, Azrou ⴰⵣⵔⵓ أزرو",33.4356182,-5.2209815,icons/restaurant.png,OSM
Béni Mellal-Khénifra,Restaurant sans nom,Restaurant,Formel,Restaurant sans nom,32.4418423,-6.6911382,icons/restaurant.png,OSM
Béni Mellal-Khénifra,Café sans nom,Café,Formel,Café sans nom,32.4420424,-6.6911833,icons/cafe.png,OSM
Béni Mellal-Khénifra,Chez Mounir عند منير,Café,Formel,Chez Mounir عند منير,32.0141683,-6.719315,icons/cafe.png,OSM
Béni Mellal-Khénifra,Café Mehdi Ouled Si Mimoun,Café,Formel,Café Mehdi Ouled Si Mimoun,32.3802988,-6.4821016,icons/cafe.png,OSM
Béni Mellal-Khénifra,Café,Café,Formel,Café,32.2793012,-7.2078181,icons/cafe.png,OSM
Béni Mellal-Khénifra,Restaurant sans nom,Restaurant,Formel,Restaurant sans nom,31.5007928,-6.2647461,icons/restaurant.png,OSM
Béni Mellal-Khénifra,Supérette / Mini-market sans nom,Supérette / Mini-market,Formel,Supérette / Mini-market sans nom,32.1558589,-5.6310756,icons/convenience.png,OSM
Béni Mellal-Khénifra,Parapharmacie sans nom,Parapharmacie,Formel,Parapharmacie sans nom,32.1558822,-5.630918,icons/pharmacy.png,OSM
Béni Mellal-Khénifra,Pharmacie El Hansali صيدلية الحنصالي,Parapharmacie,Formel,"Avenue Ahmed El Hansali, Beni Mellal",32.3369152,-6.3507989,icons/pharmacy.png,OSM
Béni Mellal-Khénifra,La Petite Maison,Restaurant,Formel,La Petite Maison,32.3364746,-6.3516003,icons/restaurant.png,OSM
Béni Mellal-Khénifra,Focus,Café,Formel,"Résidence OUTMANE, Angle Avenue Hassan II et Avenue Mohammed V",32.3323603,-6.3629333,icons/cafe.png,OSM
Béni Mellal-Khénifra,Pharmacie Quartier Administratif صيدلية الحي الإداري,Parapharmacie,Formel,Béni Mellal,32.3300905,-6.3637257,icons/pharmacy.png,OSM
Béni Mellal-Khénifra,Pharmacie Bourra صيدلية بورا,Parapharmacie,Formel,"Avenue Mohammed V, Béni Mellal",32.3318733,-6.3642402,icons/pharmacy.png,OSM
Béni Mellal-Khénifra,MyPARA,Parapharmacie,Formel,"Rue 10 Quartier moderne, Béni Mellal",32.3332314,-6.3596207,icons/pharmacy.png,OSM
Béni Mellal-Khénifra,Café kassabah,Café,Formel,"Avenue Mohammed V, Béni Mellal",32.3333832,-6.3602376,icons/cafe.png,OSM
Béni Mellal-Khénifra,Pharmacie Zanane صيدلية زنان,Parapharmacie,Formel,"Avenue Mohammed V, Béni Mellal",32.3331857,-6.3607303,icons/pharmacy.png,OSM
Béni Mellal-Khénifra,Pharmacie Errazi صيدلية الرازي,Parapharmacie,Formel,"Avenue Hassan II, Béni Mellal",32.3318965,-6.3619824,icons/pharmacy.png,OSM
Béni Mellal-Khénifra,Café Cesar,Café,Formel,"Avenue Hassan II, Béni Mellal",32.3315339,-6.3618134,icons/cafe.png,OSM
Béni Mellal-Khénifra,Café des Roses,Café,Formel,"Avenue Hassan II, Beni Mellal",32.3355265,-6.3652932,icons/cafe.png,OSM
Béni Mellal-Khénifra,Café Charm Cheikh,Café,Formel,"Angle Avenue Ibn Khaldoun et Avenue El Farabi, Beni Mellal",32.3354118,-6.3662729,icons/cafe.png,OSM
Béni Mellal-Khénifra,Café Voltaire,Café,Formel,"Avenue Hassan II, Beni Mellal",32.3344996,-6.3644758,icons/cafe.png,OSM
Béni Mellal-Khénifra,Café Table d'or,Café,Formel,"Avenue Hassan II, Beni Mellal",32.3339321,-6.364059,icons/cafe.png,OSM
Béni Mellal-Khénifra,Café Bla Bla,Café,Formel,"Avenue Hassan II, Beni Mellal",32.3359017,-6.3672698,icons/cafe.png,OSM
Béni Mellal-Khénifra,Café Ahalina,Café,Formel,"Ibn Khaldoun, Beni Mellal",32.3361034,-6.368053,icons/cafe.png,OSM
Béni Mellal-Khénifra,Laiterie et Café Marina,Café,Formel,Avenue Ibn Khaldoun Ouled Hamdan,32.3362439,-6.3686404,icons/cafe.png,OSM
Béni Mellal-Khénifra,Café Major,Café,Formel,"Avenue Hassan II Quartier Al Ramz, Beni Mellal",32.3372677,-6.366557,icons/cafe.png,OSM
Béni Mellal-Khénifra,Café San Marina,Café,Formel,"Avenue Hassan II Lotissement NAIMA, Beni Mellal",32.3375436,-6.3663773,icons/cafe.png,OSM
Béni Mellal-Khénifra,Café Brichia,Café,Formel,"Lotissement Al HAMDANIA, Quartier AL RAMZ BENI MELLAL, Beni Mellal",32.3381011,-6.3667609,icons/cafe.png,OSM
Béni Mellal-Khénifra,Café AL RAMZ,Café,Formel,"Avenue HASSAN II, Beni Mellal",32.3383527,-6.3669817,icons/cafe.png,OSM
Béni Mellal-Khénifra,Café Al Fadila,Café,Formel,"Avenue Hassan II, Quartier AL RAMZ, Beni Mellal",32.3385,-6.3674994,icons/cafe.png,OSM
Béni Mellal-Khénifra,Café NEW DAY,Café,Formel,"Lotissement AL HAMDANIA Avenue HASSAN II, Beni Mellal",32.3383119,-6.3663836,icons/cafe.png,OSM
Béni Mellal-Khénifra,Café Silver,Café,Formel,"Bloc 5, angle Avenue CHABBI et Avenue MOTANABI, Beni Mellal",32.3357012,-6.3633035,icons/cafe.png,OSM
Béni Mellal-Khénifra,Café La belle vue,Café,Formel,"Avenue Hassan II, Béni Mellal",32.3313968,-6.3616558,icons/cafe.png,OSM
Béni Mellal-Khénifra,Pharmacie Tamagnounte صيدلية تمكنونت,Parapharmacie,Formel,"Avenue Tamagnounte, Béni Mellal",32.3325504,-6.3558387,icons/pharmacy.png,OSM
Béni Mellal-Khénifra,Ain Alassal,Boulangerie,Formel,"Avenue Tamagnounte, Béni Mellal",32.3329357,-6.3560941,icons/bakery.png,OSM
Béni Mellal-Khénifra,Café Annakhil,Café,Formel,"Avenue Tamagnounte, Béni Mellal",32.3332937,-6.3564025,icons/cafe.png,OSM
Béni Mellal-Khénifra,Pharmacie Salama,Parapharmacie,Formel,"Avenue Hassan II quartier al adarissa, Béni Mellal",32.3335868,-6.3638181,icons/pharmacy.png,OSM
Béni Mellal-Khénifra,Pharmacie Al Fath صيدلية الفتح,Parapharmacie,Formel,"Avenue Ibn Khaldoun شارع ابن خلدون, Béni Mellal",32.3354996,-6.3654671,icons/pharmacy.png,OSM
Béni Mellal-Khénifra,Pharmacie Day صيدلية داي,Parapharmacie,Formel,"Avenue hassan II Lotissement Naima, Béni mellal",32.3377594,-6.3665052,icons/pharmacy.png,OSM
Béni Mellal-Khénifra,CoPharmet,Parapharmacie,Formel,"Rue Boukraa, Quartier Moderne, Béni Mellal",32.3330033,-6.3571794,icons/pharmacy.png,OSM
Béni Mellal-Khénifra,Café Imilchil,Café,Formel,"Avenue Hassan II, Béni Mellal",32.330031,-6.3607642,icons/cafe.png,OSM
Béni Mellal-Khénifra,Café Abd Alkrim Alkhattabi,Café,Formel,"Avenue Abdelakrim Elkhattabi, Béni Mellal",32.3328843,-6.3564217,icons/cafe.png,OSM
Béni Mellal-Khénifra,Café Pizzeria Corridore,Café,Formel,"Avenue Abdelakrim Elkhattabi, Béni Mellal",32.3305228,-6.3593695,icons/cafe.png,OSM
Béni Mellal-Khénifra,Dounya Day,Café,Formel,"Avenue Mohammed V, Béni Mellal",32.3328175,-6.3618841,icons/cafe.png,OSM
Béni Mellal-Khénifra,Café Glassier alkhaima,Café,Formel,Avenue Mohammed V,32.3328855,-6.3617016,icons/cafe.png,OSM
Béni Mellal-Khénifra,Café Farhate,Café,Formel,Avenue Mohammed V,32.3341687,-6.3588691,icons/cafe.png,OSM
Béni Mellal-Khénifra,Café Ljolan,Café,Formel,"Avenue Mohammed V, Béni Mellal",32.3333133,-6.3613153,icons/cafe.png,OSM
Béni Mellal-Khénifra,Café Prada,Café,Formel,"Avenue Mohammed V, Béni Mellal",32.3332556,-6.3614887,icons/cafe.png,OSM
Béni Mellal-Khénifra,Café Loisis,Café,Formel,"Avenue Mohammed V, Béni Mellal",32.3332346,-6.3615553,icons/cafe.png,OSM
Béni Mellal-Khénifra,Magic Ice,Café,Formel,"Avenue Hassan II, Résidence BOUJAAFAR",32.3316347,-6.3622857,icons/cafe.png,OSM
Béni Mellal-Khénifra,Café Galaxy,Café,Formel,"Avenue Hassan II, Béni Mellal",32.3328977,-6.3625796,icons/cafe.png,OSM
Béni Mellal-Khénifra,CAfé Takadoust,Café,Formel,CAfé Takadoust,32.7404097,-5.5180694,icons/cafe.png,OSM
Béni Mellal-Khénifra,Café Essalam,Café,Formel,Café Essalam,32.7409128,-5.5185287,icons/cafe.png,OSM
Béni Mellal-Khénifra,Café Prairie,Café,Formel,Café Prairie,32.7409337,-5.5200237,icons/cafe.png,OSM
Béni Mellal-Khénifra,Pharmacie El Kebab,Parapharmacie,Formel,Pharmacie El Kebab,32.7413178,-5.5219046,icons/pharmacy.png,OSM
Béni Mellal-Khénifra,Pharmacie du Centre,Parapharmacie,Formel,Pharmacie du Centre,32.7408057,-5.5184322,icons/pharmacy.png,OSM
Béni Mellal-Khénifra,Café sans nom,Café,Formel,Café sans nom,32.7406455,-5.5181083,icons/cafe.png,OSM
Béni Mellal-Khénifra,Supermarché sans nom,Supermarché,Formel,Supermarché sans nom,32.7408756,-5.5177026,icons/supermarket.png,OSM
Béni Mellal-Khénifra,Café sans nom,Café,Formel,Café sans nom,32.7412039,-5.5196204,icons/cafe.png,OSM
Béni Mellal-Khénifra,Café tanout,Café,Formel,"quartier tanout avenue hassan II, azilal",31.9735336,-6.5644036,icons/cafe.png,OSM
Béni Mellal-Khénifra,Cafe talberjt,Café,Formel,"quartier tanout avenue hassan II, azilal",31.972169,-6.5645354,icons/cafe.png,OSM
Béni Mellal-Khénifra,Cafe gendarmerie royale,Café,Formel,"quartier administratif avenue hassan II, azilal",31.9698243,-6.5651932,icons/cafe.png,OSM
Béni Mellal-Khénifra,Café La Flamme,Café,Formel,"Chawki, Béni Mellal",32.3348943,-6.3610304,icons/cafe.png,OSM
Béni Mellal-Khénifra,Snack Beverly,Restaurant,Formel,"Avenue Hassan II Quartier al adarissa, Béni Mellal",32.3333726,-6.3636419,icons/restaurant.png,OSM
Béni Mellal-Khénifra,Restaurant DALAS Diner,Restaurant,Formel,"Chawki 1, Béni Mellal",32.3348269,-6.3612165,icons/restaurant.png,OSM
Béni Mellal-Khénifra,Snack El Bahja,Restaurant,Formel,"Chawki 1, Béni Mellal",32.3347785,-6.361389,icons/restaurant.png,OSM
Béni Mellal-Khénifra,SAFA Glace,Restaurant,Formel,"Chawki 2, Béni Mellal",32.3349734,-6.3615956,icons/restaurant.png,OSM
Béni Mellal-Khénifra,Snack Pic vite,Restaurant,Formel,"Avenue Ibn khaldoun ouled hamdane, Béni Mellal",32.3362009,-6.368502,icons/restaurant.png,OSM
Béni Mellal-Khénifra,Snack Ali,Restaurant,Formel,"Avenue AL motanabi quartier al wafa, Béni Mellal",32.3356627,-6.3633817,icons/restaurant.png,OSM
Béni Mellal-Khénifra,Snack Grillada,Restaurant,Formel,"A cote de café al worode avenue al motanabi, Béni Mellal",32.3363611,-6.3652104,icons/restaurant.png,OSM
Béni Mellal-Khénifra,Safa Snack,Restaurant,Formel,"Jabaliya 4, Béni Mellal",32.3345519,-6.3626443,icons/restaurant.png,OSM
Béni Mellal-Khénifra,Snack ITRAN,Restaurant,Formel,"Jabaliya 4, Béni Mellal",32.3347921,-6.3627543,icons/restaurant.png,OSM
Béni Mellal-Khénifra,Snack TAMAZIRT,Restaurant,Formel,"Jabaliya 4, Béni Mellal",32.3344419,-6.362765,icons/restaurant.png,OSM
Béni Mellal-Khénifra,Snack Asdikaa,Restaurant,Formel,"rue 4 quartier al wafa, Béni Mellal",32.3360222,-6.3642351,icons/restaurant.png,OSM
Béni Mellal-Khénifra,Para Pharmacie Ain Asserdoune,Parapharmacie,Formel,"bloc 2 , hay jabalya, Béni Mellal",32.3344429,-6.3632166,icons/pharmacy.png,OSM
Béni Mellal-Khénifra,Café Le petit Poin,Café,Formel,"Jabaliya, Bloc 2, Béni Mellal",32.3341349,-6.3632183,icons/cafe.png,OSM
Béni Mellal-Khénifra,Snack Khalifa,Restaurant,Formel,"Chawki 1, Béni Mellal",32.3339196,-6.3633739,icons/restaurant.png,OSM
Béni Mellal-Khénifra,Café LOUDAYA,Café,Formel,"Mimouna, Béni Mellal",32.3335547,-6.3618772,icons/cafe.png,OSM
Béni Mellal-Khénifra,Shwarma Anoual,Restaurant,Formel,"Rue Taif, Béni Mellal",32.3334436,-6.3624378,icons/restaurant.png,OSM
Béni Mellal-Khénifra,Pharmacie Hôpital صيدلية المستشفى,Parapharmacie,Formel,Azilal,31.9612056,-6.567524,icons/pharmacy.png,OSM
Béni Mellal-Khénifra,Café l'Agora,Café,Formel,"avenue hassan II, azilal",31.9616143,-6.5688598,icons/cafe.png,OSM
Béni Mellal-Khénifra,Café Amjad,Café,Formel,"avenue Hassan II, azilal",31.9618009,-6.5686666,icons/cafe.png,OSM
Béni Mellal-Khénifra,Café Arabica,Café,Formel,"avenue Hassan II, azilal",31.9609225,-6.5696,icons/cafe.png,OSM
Béni Mellal-Khénifra,Pharmacie Centrale الصيدلية المركزية,Parapharmacie,Formel,"Avenue Hassan II, Azilal ⴰⵣⵉⵍⴰⵍ أزيلال",31.9610263,-6.5699541,icons/pharmacy.png,OSM
Béni Mellal-Khénifra,Café Anmoun,Café,Formel,"avenue hassan II, azilal",31.9603354,-6.5702009,icons/cafe.png,OSM
Béni Mellal-Khénifra,Café Marjana,Café,Formel,"avenue Hassan II, azilal",31.9596345,-6.5714776,icons/cafe.png,OSM
Béni Mellal-Khénifra,Grande Pharmacie de l'Atlas صيدلية الأطلس الكبرى,Parapharmacie,Formel,"Avenue Hassan II, Azilal ⴰⵣⵉⵍⴰⵍ أزيلال",31.959122,-6.5713349,icons/pharmacy.png,OSM
Béni Mellal-Khénifra,restaurant ibno ziyad,Restaurant,Formel,"avenue Marrakech, azilal",31.9589154,-6.5723842,icons/restaurant.png,OSM
Béni Mellal-Khénifra,restaurant Roma,Restaurant,Formel,"avenue Marrakech, azilal",31.9589063,-6.572529,icons/restaurant.png,OSM
Béni Mellal-Khénifra,snack Lbahja,Restaurant,Formel,"avenue Marrakech, azilal",31.958301,-6.573441,icons/restaurant.png,OSM
Béni Mellal-Khénifra,Pharmacie El Fath صيدلية الفتح,Parapharmacie,Formel,"Avenue Hassan II, Azilal ⴰⵣⵉⵍⴰⵍ أزيلال",31.9556475,-6.5777046,icons/pharmacy.png,OSM
Béni Mellal-Khénifra,Café Cinéma,Café,Formel,"avenue Marrakech, azilal",31.9557977,-6.5784782,icons/cafe.png,OSM
Béni Mellal-Khénifra,Café Itrane,Café,Formel,"avenue Marrakech, azilal",31.9578435,-6.5746748,icons/cafe.png,OSM
Béni Mellal-Khénifra,Palace,Café,Formel,"avenue Marrakech, azilal",31.9562801,-6.5773731,icons/cafe.png,OSM
Béni Mellal-Khénifra,Pharmacie des Cliniques صيدلية المصحات,Parapharmacie,Formel,"Avenue Abdelkrim Elkhattabi, Béni Mellal",32.3308004,-6.3592024,icons/pharmacy.png,OSM
Béni Mellal-Khénifra,Snack MouLay,Restaurant,Formel,"Rue Taif, Béni Mellal",32.3335037,-6.3624686,icons/restaurant.png,OSM
Béni Mellal-Khénifra,Snack SAN SIRO,Restaurant,Formel,"Rue Taif, Béni Mellal",32.3335445,-6.3625169,icons/restaurant.png,OSM
Béni Mellal-Khénifra,Snack Bahri,Restaurant,Formel,"Rue Taif, Béni Mellal",32.3338511,-6.3627483,icons/restaurant.png,OSM
Béni Mellal-Khénifra,Café ESPANOLE,Café,Formel,Béni Mellal,32.3332992,-6.3629169,icons/cafe.png,OSM
Béni Mellal-Khénifra,Restaurant EZZERDA,Restaurant,Formel,"Hay Mimouna, Béni Mellal",32.3338103,-6.363089,icons/restaurant.png,OSM
Béni Mellal-Khénifra,Snack Azreg,Restaurant,Formel,"Rue Mimouna, Béni Mellal",32.3338715,-6.3631373,icons/restaurant.png,OSM
Béni Mellal-Khénifra,Tropic Jus,Restaurant,Formel,"Rue Jabaliya, Béni Mellal",32.3350515,-6.3638059,icons/restaurant.png,OSM
Béni Mellal-Khénifra,Café FRANCE,Café,Formel,"Avenue Hassan II, Béni Mellal",32.3350504,-6.3644905,icons/cafe.png,OSM
Béni Mellal-Khénifra,Snak Ayoub,Restaurant,Formel,"Avenue Abdelkrim Elkhattabi, Béni Mellal",32.3301093,-6.3598916,icons/restaurant.png,OSM
Béni Mellal-Khénifra,Café Boulzano,Café,Formel,"Avenue Mohammed V, Béni Mellal",32.3331985,-6.3616724,icons/cafe.png,OSM
Béni Mellal-Khénifra,Café L'ELYSEE,Café,Formel,"Avenue Mohammed V, Béni Mellal",32.333121,-6.3618948,icons/cafe.png,OSM
Béni Mellal-Khénifra,Café ALAYAM,Café,Formel,"Avenue Mohammed V, Béni Mellal",32.3330767,-6.3620246,icons/cafe.png,OSM
Béni Mellal-Khénifra,Café Verdor,Café,Formel,"Avenue Mohammed V, Béni Mellal",32.3331053,-6.3619615,icons/cafe.png,OSM
Béni Mellal-Khénifra,Café HALA SPACE,Café,Formel,"Avenue Mohammed V, Béni Mellal",32.3329218,-6.3624754,icons/cafe.png,OSM
Béni Mellal-Khénifra,Café Nejma,Café,Formel,"Avenue Mohammed V, Béni Mellal",32.3328671,-6.3626449,icons/cafe.png,OSM
Béni Mellal-Khénifra,Café ADOUNISE,Café,Formel,"Avenue Hassan II, Béni Mellal",32.3330207,-6.3630008,icons/cafe.png,OSM
Béni Mellal-Khénifra,Café AZAHR,Café,Formel,"Avenue Hassan II, Béni Mellal",32.3333058,-6.3632179,icons/cafe.png,OSM
Béni Mellal-Khénifra,Café IG BOOday,Café,Formel,"Avenue Hassan II, Béni Mellal",32.3335804,-6.3634358,icons/cafe.png,OSM
Béni Mellal-Khénifra,Snack Yassismae,Restaurant,Formel,"Avenue Moutanabi, Béni Mellal",32.3351597,-6.3643035,icons/restaurant.png,OSM
Béni Mellal-Khénifra,Snack ABLANA,Restaurant,Formel,"avenue Moutanabi, Béni Mellal",32.3351847,-6.3642281,icons/restaurant.png,OSM
Béni Mellal-Khénifra,Café Le Bon Coin,Café,Formel,"Avenue Hassan II, Béni Mellal",32.3342244,-6.363924,icons/cafe.png,OSM
Béni Mellal-Khénifra,Café CRISTAL COFEE,Café,Formel,"Avenue Hassan II, Béni Mellal",32.3343237,-6.3639899,icons/cafe.png,OSM
Béni Mellal-Khénifra,Café AL JAZIRA,Café,Formel,"Avenue Hassan II, Béni Mellal",32.3346339,-6.364225,icons/cafe.png,OSM
Béni Mellal-Khénifra,Café Epis d'Or,Café,Formel,"Avenue Hassan II, Béni Mellal",32.3349348,-6.3644681,icons/cafe.png,OSM
Béni Mellal-Khénifra,Café CN NOUR,Café,Formel,"avenue Moutanabi, Béni Mellal",32.3351335,-6.3643842,icons/cafe.png,OSM
Béni Mellal-Khénifra,Snack Sydney,Restaurant,Formel,"Avenue Hassan II, Béni Mellal",32.3336455,-6.3634789,icons/restaurant.png,OSM
Béni Mellal-Khénifra,Supérette / Mini-market sans nom,Supérette / Mini-market,Formel,Supérette / Mini-market sans nom,31.5186769,-5.5289599,icons/convenience.png,OSM
Béni Mellal-Khénifra,Boutique de confiserie sans nom,Boutique de confiserie,Informel,Boutique de confiserie sans nom,31.5193716,-5.5290862,icons/confectionery.png,OSM
Béni Mellal-Khénifra,Sté El Firdaous HP,Café,Formel,"Avenue Abdelkrim Elkhattabi, Béni Mellal",32.3304949,-6.3594062,icons/cafe.png,OSM
Béni Mellal-Khénifra,Marjane,Supermarché,Formel,Marjane,32.0520041,-7.3961322,icons/supermarket.png,OSM
Béni Mellal-Khénifra,Pharmacie Al Farage صيدلية الفرج,Parapharmacie,Formel,"rue rafah, Khouribga",32.8831429,-6.9349054,icons/pharmacy.png,OSM
Béni Mellal-Khénifra,فرن شعبي,Boulangerie,Formel,فرن شعبي,32.8803351,-6.9253573,icons/bakery.png,OSM
Béni Mellal-Khénifra,Yamna,Café,Formel,Yamna,32.6078289,-6.2801109,icons/cafe.png,OSM
Béni Mellal-Khénifra,Le Havre de Paix,Restaurant,Formel,Le Havre de Paix,32.0183255,-6.7242513,icons/restaurant.png,OSM
Béni Mellal-Khénifra,Restaurant sans nom,Restaurant,Formel,Restaurant sans nom,33.2950001,-5.4912515,icons/restaurant.png,OSM
Béni Mellal-Khénifra,Amalou أمالو,Restaurant,Formel,Amalou أمالو,32.0135277,-6.7176817,icons/restaurant.png,OSM
Béni Mellal-Khénifra,Bab Demnate,Restaurant,Formel,Bab Demnate,31.7895422,-7.0399381,icons/restaurant.png,OSM
Béni Mellal-Khénifra,Bèrbère البربر,Restaurant,Formel,Bèrbère البربر,32.0152918,-6.7209588,icons/restaurant.png,OSM
Béni Mellal-Khénifra,Superette Bab Demnate,Supérette / Mini-market,Formel,Superette Bab Demnate,31.7894148,-7.0399713,icons/convenience.png,OSM
Béni Mellal-Khénifra,Les Amis الأصدقاء,Restaurant,Formel,Les Amis الأصدقاء,32.0147228,-6.7207305,icons/restaurant.png,OSM
Béni Mellal-Khénifra,Espace Cascade Blanche مساحة الشلال الأبيض,Restaurant,Formel,Espace Cascade Blanche مساحة الشلال الأبيض,32.0147667,-6.719061,icons/restaurant.png,OSM
Béni Mellal-Khénifra,Cafe Prima,Café,Formel,Cafe Prima,31.9630086,-6.5682384,icons/cafe.png,OSM
Béni Mellal-Khénifra,Souk hebdomadaire,Épicerie,Informel,Souk hebdomadaire,31.9475423,-6.5921976,icons/greengrocer.png,OSM
Béni Mellal-Khénifra,Marjane,Supermarché,Formel,Marjane,32.343504,-6.3609538,icons/supermarket.png,OSM
Béni Mellal-Khénifra,Pharmacie Ibn Rochd صيدلية ابن رشد,Parapharmacie,Formel,Beni Mellal,32.3441312,-6.3620797,icons/pharmacy.png,OSM
Béni Mellal-Khénifra,chez jawad,Café,Formel,chez jawad,31.5257517,-5.5137944,icons/cafe.png,OSM
Béni Mellal-Khénifra,Café El Jouhara,Café,Formel,Café El Jouhara,33.0628227,-7.2411987,icons/cafe.png,OSM
Béni Mellal-Khénifra,COOP AGRO-ANIR,Supermarché,Formel,Ait Ouqabli ⴰⵢⵜ ⵓⵇⴱⵍⵉ آيت اوقبلي,32.3504609,-6.0111765,icons/supermarket.png,OSM
Béni Mellal-Khénifra,Carrefour,Supermarché,Formel,Carrefour,32.9443241,-5.6606484,icons/supermarket.png,OSM
Béni Mellal-Khénifra,Café sans nom,Café,Formel,Café sans nom,33.4420811,-5.2247234,icons/cafe.png,OSM
Béni Mellal-Khénifra,Boulangerie sans nom,Boulangerie,Formel,Boulangerie sans nom,31.5201776,-5.530401,icons/bakery.png,OSM
Béni Mellal-Khénifra,Café Talmest أت مسوق,Café,Formel,Café Talmest أت مسوق,31.7908056,-6.2220884,icons/cafe.png,OSM
Béni Mellal-Khénifra,Restaurant sans nom,Restaurant,Formel,Restaurant sans nom,31.5002413,-5.5427147,icons/restaurant.png,OSM
Béni Mellal-Khénifra,L'escalade,Boulangerie,Formel,L'escalade,33.4356095,-5.2211677,icons/bakery.png,OSM
Béni Mellal-Khénifra,Prince Café Pâtisserie,Café,Formel,Prince Café Pâtisserie,33.4415942,-5.2263609,icons/cafe.png,OSM
Béni Mellal-Khénifra,Café Maroma,Café,Formel,"Avenue du 20 Aout, Beni Mellal",32.3457064,-6.3496111,icons/cafe.png,OSM
Béni Mellal-Khénifra,Pharmacie de centre de M'semrir طيدلية مركز امسمرير,Parapharmacie,Formel,Pharmacie de centre de M'semrir طيدلية مركز امسمرير,31.6977334,-5.8167833,icons/pharmacy.png,OSM
Béni Mellal-Khénifra,Patisserie top qualité,Boulangerie,Formel,Patisserie top qualité,31.5148105,-5.5379744,icons/bakery.png,OSM
Béni Mellal-Khénifra,Supérette / Mini-market sans nom,Supérette / Mini-market,Formel,Supérette / Mini-market sans nom,31.567065,-5.8992854,icons/convenience.png,OSM
Béni Mellal-Khénifra,Supérette / Mini-market sans nom,Supérette / Mini-market,Formel,Supérette / Mini-market sans nom,31.5695639,-5.8981206,icons/convenience.png,OSM
Béni Mellal-Khénifra,Supérette / Mini-market sans nom,Supérette / Mini-market,Formel,Supérette / Mini-market sans nom,32.3248604,-5.2662438,icons/convenience.png,OSM
Béni Mellal-Khénifra,Supérette / Mini-market sans nom,Supérette / Mini-market,Formel,Supérette / Mini-market sans nom,32.1421016,-5.5762187,icons/convenience.png,OSM
Béni Mellal-Khénifra,Café Mawsim,Café,Formel,Café Mawsim,32.1028506,-5.5250555,icons/cafe.png,OSM
Béni Mellal-Khénifra,Superette,Supérette / Mini-market,Formel,Superette,31.5055659,-7.4663839,icons/convenience.png,OSM
Béni Mellal-Khénifra,Ouiskdou,Restaurant,Formel,Ouiskdou,31.5056878,-7.4664044,icons/restaurant.png,OSM
Béni Mellal-Khénifra,Café Milano,Restaurant,Formel,Café Milano,31.5061355,-5.0425895,icons/restaurant.png,OSM
Béni Mellal-Khénifra,Supérette / Mini-market sans nom,Supérette / Mini-market,Formel,Supérette / Mini-market sans nom,31.5004549,-5.0655526,icons/convenience.png,OSM
Béni Mellal-Khénifra,Supérette / Mini-market sans nom,Supérette / Mini-market,Formel,Supérette / Mini-market sans nom,31.5000336,-5.5428273,icons/convenience.png,OSM
Béni Mellal-Khénifra,Aijam Café,Restaurant,Formel,Aijam Café,31.507863,-5.5389658,icons/restaurant.png,OSM
Béni Mellal-Khénifra,Pattiserie Peigue,Boulangerie,Formel,Pattiserie Peigue,31.5146831,-5.5381324,icons/bakery.png,OSM
Béni Mellal-Khénifra,Supérette / Mini-market sans nom,Supérette / Mini-market,Formel,Supérette / Mini-market sans nom,31.6947017,-5.8213859,icons/convenience.png,OSM
Béni Mellal-Khénifra,مقهى حفيظ,Café,Formel,مقهى حفيظ,31.8333512,-7.3118062,icons/cafe.png,OSM
Béni Mellal-Khénifra,Porta Romana,Restaurant,Formel,Porta Romana,32.336808,-6.3728063,icons/restaurant.png,OSM
Béni Mellal-Khénifra,Restaurant sans nom,Restaurant,Formel,Restaurant sans nom,32.0161517,-6.7221627,icons/restaurant.png,OSM
Béni Mellal-Khénifra,Italiana,Restaurant,Formel,Italiana,32.3297978,-6.3760584,icons/restaurant.png,OSM
Béni Mellal-Khénifra,Supérette / Mini-market sans nom,Supérette / Mini-market,Formel,Supérette / Mini-market sans nom,31.6588641,-6.4374183,icons/convenience.png,OSM
Béni Mellal-Khénifra,Supérette / Mini-market sans nom,Supérette / Mini-market,Formel,Supérette / Mini-market sans nom,31.8357055,-6.1066706,icons/convenience.png,OSM
Béni Mellal-Khénifra,Supérette / Mini-market sans nom,Supérette / Mini-market,Formel,Supérette / Mini-market sans nom,31.8352813,-6.1068055,icons/convenience.png,OSM
Béni Mellal-Khénifra,Café sans nom,Café,Formel,Café sans nom,31.7239145,-6.9718782,icons/cafe.png,OSM
Béni Mellal-Khénifra,Kiosque sans nom,Kiosque,Informel,Kiosque sans nom,31.834385,-6.1057559,icons/kiosk.png,OSM
Béni Mellal-Khénifra,Restaurant sans nom,Restaurant,Formel,Restaurant sans nom,33.2199289,-7.4233634,icons/restaurant.png,OSM
Béni Mellal-Khénifra,Café sans nom,Café,Formel,Café sans nom,33.218412,-7.4237389,icons/cafe.png,OSM
Béni Mellal-Khénifra,Restaurant sans nom,Restaurant,Formel,Restaurant sans nom,33.2185916,-7.4236745,icons/restaurant.png,OSM
Béni Mellal-Khénifra,Café sans nom,Café,Formel,Café sans nom,33.2197719,-7.4234452,icons/cafe.png,OSM
Béni Mellal-Khénifra,Ushbi shop,Supermarché,Formel,Ushbi shop,31.5340367,-5.5350861,icons/supermarket.png,OSM
Béni Mellal-Khénifra,Hammu Kaddi,Supérette / Mini-market,Formel,Hammu Kaddi,31.5317779,-5.5294498,icons/convenience.png,OSM
Béni Mellal-Khénifra,Kaddi alla,Supérette / Mini-market,Formel,Kaddi alla,31.5320464,-5.5286685,icons/convenience.png,OSM
Béni Mellal-Khénifra,Cafe Restaurant Espace Olives,Restaurant,Formel,Cafe Restaurant Espace Olives,31.535603,-7.495983,icons/restaurant.png,OSM
Béni Mellal-Khénifra,Pharmacie du Souk صيدلية السوق,Parapharmacie,Formel,"Place de la résistance, Tinghir",31.5187625,-5.5290801,icons/pharmacy.png,OSM
Béni Mellal-Khénifra,Souk Lhad,Épicerie,Informel,Souk Lhad,31.8884338,-6.180493,icons/greengrocer.png,OSM
Béni Mellal-Khénifra,Souk -Market,Supérette / Mini-market,Formel,Souk -Market,32.2945578,-6.4315979,icons/convenience.png,OSM
Béni Mellal-Khénifra,EspaceOuzoud,Café,Formel,EspaceOuzoud,32.1389551,-7.0285407,icons/cafe.png,OSM
Béni Mellal-Khénifra,Chez Aziz,Restaurant,Formel,Chez Aziz,31.5194854,-5.5293575,icons/restaurant.png,OSM
Béni Mellal-Khénifra,Coffee House,Café,Formel,Coffee House,32.157293,-6.3598545,icons/cafe.png,OSM
Béni Mellal-Khénifra,Jouky,Boutique de confiserie,Informel,Jouky,32.648163,-5.909401,icons/confectionery.png,OSM
Béni Mellal-Khénifra,Coffee House,Café,Formel,Coffee House,32.6471961,-5.9088287,icons/cafe.png,OSM
Béni Mellal-Khénifra,علبة الشهية الطيبة,Restaurant,Formel,علبة الشهية الطيبة,32.0139112,-6.7206578,icons/restaurant.png,OSM
Béni Mellal-Khénifra,Restaurant sans nom,Restaurant,Formel,Restaurant sans nom,31.6464741,-7.4759733,icons/restaurant.png,OSM
Béni Mellal-Khénifra,Supérette / Mini-market sans nom,Supérette / Mini-market,Formel,Supérette / Mini-market sans nom,31.6465802,-7.4761455,icons/convenience.png,OSM
Béni Mellal-Khénifra,Café Restaurant Mrani,Restaurant,Formel,Café Restaurant Mrani,33.2340786,-5.0582077,icons/restaurant.png,OSM
Béni Mellal-Khénifra,Cafe Restaurant Oum Arabiaa,Restaurant,Formel,Cafe Restaurant Oum Arabiaa,33.233421,-5.0581409,icons/restaurant.png,OSM
Béni Mellal-Khénifra,Café sans nom,Café,Formel,Café sans nom,32.0300586,-6.2062011,icons/cafe.png,OSM
Béni Mellal-Khénifra,Café sans nom,Café,Formel,Café sans nom,31.9604401,-6.5702346,icons/cafe.png,OSM
Béni Mellal-Khénifra,café Restaurant Al Akhawayne,Restaurant,Formel,café Restaurant Al Akhawayne,33.1586367,-5.566027,icons/restaurant.png,OSM
Béni Mellal-Khénifra,Restaurant sans nom,Restaurant,Formel,Restaurant sans nom,31.5148897,-5.0165584,icons/restaurant.png,OSM
Béni Mellal-Khénifra,Café sans nom,Café,Formel,Café sans nom,31.5160257,-5.0160009,icons/cafe.png,OSM
Béni Mellal-Khénifra,Milkbar Elyasmina restaurant,Restaurant,Formel,Tinghir,31.5007237,-5.5429374,icons/restaurant.png,OSM
Béni Mellal-Khénifra,Café Central,Café,Formel,Café Central,31.5204517,-5.5316862,icons/cafe.png,OSM
Béni Mellal-Khénifra,Café sans nom,Café,Formel,Café sans nom,32.1560287,-5.6310463,icons/cafe.png,OSM
Béni Mellal-Khénifra,Café restaurant Inaghmissen,Restaurant,Formel,Café restaurant Inaghmissen,31.6576249,-6.4247747,icons/restaurant.png,OSM
Béni Mellal-Khénifra,Restaurant Inass,Restaurant,Formel,Restaurant Inass,31.5279927,-5.5454832,icons/restaurant.png,OSM
Béni Mellal-Khénifra,Café sans nom,Café,Formel,Café sans nom,31.5224056,-5.5107121,icons/cafe.png,OSM
Béni Mellal-Khénifra,Supérette / Mini-market sans nom,Supérette / Mini-market,Formel,Supérette / Mini-market sans nom,31.5788994,-5.5869062,icons/convenience.png,OSM
Béni Mellal-Khénifra,Parapharmacie sans nom,Parapharmacie,Formel,Parapharmacie sans nom,31.5032661,-5.0548561,icons/pharmacy.png,OSM
Béni Mellal-Khénifra,Kiosque sans nom,Kiosque,Informel,Kiosque sans nom,31.5786366,-5.587639,icons/kiosk.png,OSM
Béni Mellal-Khénifra,Pharmacie AlFarouq صيدلية الفاروق,Parapharmacie,Formel,Tinejdad تنجداد,31.5069151,-5.0399404,icons/pharmacy.png,OSM
Béni Mellal-Khénifra,Parapharmacie sans nom,Parapharmacie,Formel,Parapharmacie sans nom,31.5338707,-7.4876858,icons/pharmacy.png,OSM
Béni Mellal-Khénifra,Inass,Restaurant,Formel,Inass,31.5279538,-5.5457082,icons/restaurant.png,OSM
Béni Mellal-Khénifra,Barbecue Faisal,Restaurant,Formel,Barbecue Faisal,31.509108,-5.0324895,icons/restaurant.png,OSM
Béni Mellal-Khénifra,Hotel New Mars dades,Restaurant,Formel,Hotel New Mars dades,31.5693203,-5.8982396,icons/restaurant.png,OSM
Béni Mellal-Khénifra,Marché Hebdomadaire Ouled Said Le Oued السوق الأسبوعي لأولاد سعيد الوادي ⴰⵙⵉⵀⴰⵔ ⵏ ⵡⵍⴰⴷ ⵙⵄⵉⴷ ⵍⵡⴰⴷ,Épicerie,Informel,Marché Hebdomadaire Ouled Said Le Oued السوق الأسبوعي لأولاد سعيد الوادي ⴰⵙⵉⵀⴰⵔ ⵏ ⵡⵍⴰⴷ ⵙⵄⵉⴷ ⵍⵡⴰⴷ,32.5455845,-6.3738613,icons/greengrocer.png,OSM
Béni Mellal-Khénifra,Pharmacie Bin Louidan صيدلية بين الويدان,Parapharmacie,Formel,Beni Mellal ⴰⵢⵜ ⵎⵍⵍⴰⵍ بني ملال,32.3546338,-6.3632345,icons/pharmacy.png,OSM
Béni Mellal-Khénifra,مقهى إليز - القواسم.,Café,Formel,مقهى إليز - القواسم.,32.5007694,-6.6854419,icons/cafe.png,OSM
Béni Mellal-Khénifra,Restaurant Soufiane,Restaurant,Formel,Restaurant Soufiane,31.9655419,-6.5710986,icons/restaurant.png,OSM
Béni Mellal-Khénifra,Restaurant sans nom,Restaurant,Formel,Restaurant sans nom,33.2917492,-5.4906941,icons/restaurant.png,OSM
Béni Mellal-Khénifra,Restaurant sans nom,Restaurant,Formel,Restaurant sans nom,31.5337708,-7.488356,icons/restaurant.png,OSM
Béni Mellal-Khénifra,Café sans nom,Café,Formel,Café sans nom,31.5337121,-7.4878383,icons/cafe.png,OSM
Béni Mellal-Khénifra,Supérette / Mini-market sans nom,Supérette / Mini-market,Formel,Supérette / Mini-market sans nom,31.5338111,-7.4874079,icons/convenience.png,OSM
Béni Mellal-Khénifra,Restaurant sans nom,Restaurant,Formel,Restaurant sans nom,31.5306996,-7.4852769,icons/restaurant.png,OSM
Béni Mellal-Khénifra,Restaurant sans nom,Restaurant,Formel,Restaurant sans nom,31.5128404,-7.4727309,icons/restaurant.png,OSM
Béni Mellal-Khénifra,فضاء فاطمة,Café,Formel,فضاء فاطمة,32.3189366,-6.333808,icons/cafe.png,OSM
Béni Mellal-Khénifra,Yummy,Restaurant,Formel,Yummy,33.4413705,-5.226023,icons/restaurant.png,OSM
Béni Mellal-Khénifra,Pharmacie Oum Rbia ⵜⵉⵏⵉⵙⴰⴼⴰⵔⵏ ⵏ ⵓⵎ ⵕⴰⴱⵉⵖ صيدلية أم الربيع,Parapharmacie,Formel,Pharmacie Oum Rbia ⵜⵉⵏⵉⵙⴰⴼⴰⵔⵏ ⵏ ⵓⵎ ⵕⴰⴱⵉⵖ صيدلية أم الربيع,32.5463089,-6.3689247,icons/pharmacy.png,OSM
Béni Mellal-Khénifra,Parapharmacie sans nom,Parapharmacie,Formel,Parapharmacie sans nom,32.5443625,-6.366604,icons/pharmacy.png,OSM
Béni Mellal-Khénifra,Duamo Cafe,Café,Formel,Duamo Cafe,32.544618,-6.3685976,icons/cafe.png,OSM
Béni Mellal-Khénifra,Restaurant sans nom,Restaurant,Formel,Restaurant sans nom,32.1606752,-5.6297091,icons/restaurant.png,OSM
Béni Mellal-Khénifra,Pharmacie Les Gorges صيدلية ليكورج,Parapharmacie,Formel,Tinghir ⵜⵉⵏⵖⵉⵔ تنغير,31.5197322,-5.5320459,icons/pharmacy.png,OSM
Béni Mellal-Khénifra,Pharmacie Al Waffa صيدلية الوفاء,Parapharmacie,Formel,Tinghir ⵜⵉⵏⵖⵉⵔ تنغير,31.5207893,-5.5288936,icons/pharmacy.png,OSM
Béni Mellal-Khénifra,Pharmacie Tinghir صيدلية تنغير,Parapharmacie,Formel,Tinghir ⵜⵉⵏⵖⵉⵔ تنغير,31.5205391,-5.5305189,icons/pharmacy.png,OSM
Béni Mellal-Khénifra,Pharmacie Grand Atlas صيدلية الأطلس الكبير,Parapharmacie,Formel,"Avenue Mohamed V, Tinghir",31.5139197,-5.5388206,icons/pharmacy.png,OSM
Béni Mellal-Khénifra,Pharmacie Nafis صيدلية نفيس,Parapharmacie,Formel,"Avenue Mohamed V, Tinghir",31.5026196,-5.5408515,icons/pharmacy.png,OSM
Béni Mellal-Khénifra,Pharmacie Tawzzayte صيدلية توزايت,Parapharmacie,Formel,Tinghir,31.501192,-5.5333766,icons/pharmacy.png,OSM
Béni Mellal-Khénifra,Pharmacie Alyosr صيدلية اليسر,Parapharmacie,Formel,Tinghir,31.5077001,-5.5316006,icons/pharmacy.png,OSM
Béni Mellal-Khénifra,Pharmacie Assiha صيدلية الصحة,Parapharmacie,Formel,"Avenue Bir Anzarane, Tinghir",31.5105075,-5.5336071,icons/pharmacy.png,OSM
Béni Mellal-Khénifra,Pharmacie Almassira صيدلية المسيرة,Parapharmacie,Formel,Tinejdad تنجداد,31.5078621,-5.0367471,icons/pharmacy.png,OSM
Béni Mellal-Khénifra,Pharmacie Tinejdad صيدلية تنجداد,Parapharmacie,Formel,Tinejdad ⵜⵉⵏⵊⴷⴰⴷ تنجداد,31.5095196,-5.0322487,icons/pharmacy.png,OSM
Béni Mellal-Khénifra,Alimentation Général Chez Al Bouazaoui,Supermarché,Formel,Alimentation Général Chez Al Bouazaoui,32.8090893,-7.0614012,icons/supermarket.png,OSM
Béni Mellal-Khénifra,Pharmacie El Hana صيدلية الهناء,Parapharmacie,Formel,EL KELAA DES SRAGHNA,32.0602471,-7.408085,icons/pharmacy.png,OSM
Béni Mellal-Khénifra,Pharmacie Imlil صيدلية إمليل,Parapharmacie,Formel,Kalaat Es-Sraghna,32.0604323,-7.4058971,icons/pharmacy.png,OSM
Béni Mellal-Khénifra,Pharmacie Soukaina صيدلية سكينة,Parapharmacie,Formel,Kalaat Es-Sraghna,32.0610855,-7.41203,icons/pharmacy.png,OSM
Béni Mellal-Khénifra,Pharmacie El Idrissi صيدلية الإدريسي,Parapharmacie,Formel,Kalaat Es-Sraghna,32.0609363,-7.412118,icons/pharmacy.png,OSM
Béni Mellal-Khénifra,Pharmacie Tahra صيدلية طاهرة,Parapharmacie,Formel,Kalaat Es-Sraghna,32.0621552,-7.4106491,icons/pharmacy.png,OSM
Béni Mellal-Khénifra,Pharmacie Arrahman صيدلية الرحمان,Parapharmacie,Formel,Kalaat Es-Sraghna,32.0627509,-7.413815,icons/pharmacy.png,OSM
Béni Mellal-Khénifra,Pharmacie Azzohour صيدلية الزهور,Parapharmacie,Formel,Kalaat Es-Sraghna,32.0648629,-7.4165099,icons/pharmacy.png,OSM
Béni Mellal-Khénifra,Pharmacie Oussama صيدلية أسامة,Parapharmacie,Formel,El Kelâat Es-Sraghna ⵍⵇⵍⵄⴰ ⵏ ⵙⵕⴰⵖⵏⴰ قلعة السراغنة,32.0659841,-7.4101358,icons/pharmacy.png,OSM
Béni Mellal-Khénifra,Pharmacie Annakhla صيدلية النخلة,Parapharmacie,Formel,El Kelaat Es-Sraghna,32.0624415,-7.405805,icons/pharmacy.png,OSM
Béni Mellal-Khénifra,Pharmacie Al Andalouss صيدلية الأندلس,Parapharmacie,Formel,El Kelaat Es-Sraghna,32.0667304,-7.4062517,icons/pharmacy.png,OSM
Béni Mellal-Khénifra,Pharmacie Al Amal صيدلية الأمل,Parapharmacie,Formel,El Kelaat Es-Sraghna,32.0594295,-7.397598,icons/pharmacy.png,OSM
Béni Mellal-Khénifra,Pharmacie Nadia صيدلية نادية,Parapharmacie,Formel,El Kelaat Es-Sraghna,32.0627407,-7.400656,icons/pharmacy.png,OSM
Béni Mellal-Khénifra,Pharmacie Ainachi صيدلية العيناشي,Parapharmacie,Formel,El Kelaat Es-Sraghna,32.0560765,-7.3934994,icons/pharmacy.png,OSM
Béni Mellal-Khénifra,Pharmacie Louhmadi صيدلية لحمادي,Parapharmacie,Formel,El Kelaat Es-Sraghna,32.0552463,-7.3947146,icons/pharmacy.png,OSM
Béni Mellal-Khénifra,Pharmacie les Fleurs صيدلية الورود,Parapharmacie,Formel,El Kelâat Es-Sraghna ⵍⵇⵍⵄⴰ ⵏ ⵙⵕⴰⵖⵏⴰ قلعة السراغنة,32.0551848,-7.4002832,icons/pharmacy.png,OSM
Béni Mellal-Khénifra,Pharmacie Achifa صيدلية الشفاء,Parapharmacie,Formel,EL Kelaat Es-Sraghna,32.0539961,-7.4032246,icons/pharmacy.png,OSM
Béni Mellal-Khénifra,Pharmacie El Yasmine صيدلية الياسمين,Parapharmacie,Formel,El Kelâat Es-Sraghna ⵍⵇⵍⵄⴰ ⵏ ⵙⵕⴰⵖⵏⴰ قلعة السراغنة,32.063253,-7.3915194,icons/pharmacy.png,OSM
Béni Mellal-Khénifra,Pharmacie Centrale الصيدلية المركزية,Parapharmacie,Formel,El Kelâat Es-Sraghna ⵍⵇⵍⵄⴰ ⵏ ⵙⵕⴰⵖⵏⴰ قلعة السراغنة,32.0556245,-7.4075265,icons/pharmacy.png,OSM
Béni Mellal-Khénifra,Pharmacie Bouchra صيدلية بشرى,Parapharmacie,Formel,El Kelâat Es-Sraghna ⵍⵇⵍⵄⴰ ⵏ ⵙⵕⴰⵖⵏⴰ قلعة السراغنة,32.0617083,-7.3835944,icons/pharmacy.png,OSM
Béni Mellal-Khénifra,Pharmacie El Mourakkab صيدلية المركب,Parapharmacie,Formel,El Kelaat Es-Sraghna,32.0556923,-7.4098466,icons/pharmacy.png,OSM
Béni Mellal-Khénifra,Pharmacie Imam Malik صيدلية الإمام مالك,Parapharmacie,Formel,El Kelaat Es-Sraghna,32.0537334,-7.4090023,icons/pharmacy.png,OSM
Béni Mellal-Khénifra,Pharmacie Route Benguerir صيدلية طريق ابن جرير,Parapharmacie,Formel,El Kelaat Es-Sraghna,32.0544231,-7.4119951,icons/pharmacy.png,OSM
Béni Mellal-Khénifra,Pharmacie Hay Sinai صيدلية الحي الصناعي,Parapharmacie,Formel,El Kelâat Es-Sraghna ⵍⵇⵍⵄⴰ ⵏ ⵙⵕⴰⵖⵏⴰ قلعة السراغنة,32.0543727,-7.3859268,icons/pharmacy.png,OSM
Béni Mellal-Khénifra,Pharmacie Adel صيدلية عادل,Parapharmacie,Formel,"Avenue Mohamed V, El Kelâat Es-Sraghna ⵍⵇⵍⵄⴰ ⵏ ⵙⵕⴰⵖⵏⴰ قلعة السراغنة",32.0519802,-7.4077084,icons/pharmacy.png,OSM
Béni Mellal-Khénifra,Pharmacie Mahfoud صيدلية محفوظ,Parapharmacie,Formel,El Kelaat Es-Sraghna,32.0500874,-7.4058893,icons/pharmacy.png,OSM
Béni Mellal-Khénifra,Pharmacie Essalama صيدلية السلامة,Parapharmacie,Formel,"Avenue Abdelmoumen Ben Ali, El Kalaat Es-Sraghna",32.0482453,-7.4026089,icons/pharmacy.png,OSM
Béni Mellal-Khénifra,Pharmacie Khaless صيدلية خالص,Parapharmacie,Formel,El Kelaat Es-Sraghna,32.048292,-7.4080857,icons/pharmacy.png,OSM
Béni Mellal-Khénifra,Pharmacie Al Islah صيدلية الإصلاح,Parapharmacie,Formel,El Kelaat Es-Sraghna,32.0495701,-7.4075433,icons/pharmacy.png,OSM
Béni Mellal-Khénifra,Pharmacie Al Moustachfa صيدلية المستشفى,Parapharmacie,Formel,El Kelaat Es-Sraghna,32.0487013,-7.3982256,icons/pharmacy.png,OSM
Béni Mellal-Khénifra,Pharmacie Jnan Bakar صيدلية جنان بكار,Parapharmacie,Formel,El Kelaat Es-Sraghna,32.0471945,-7.3997279,icons/pharmacy.png,OSM
Béni Mellal-Khénifra,Pharmacie Majorelle صيدلية ماجوريل,Parapharmacie,Formel,El Kelaat Es-Sraghna,32.0454211,-7.3945433,icons/pharmacy.png,OSM
Béni Mellal-Khénifra,Pharmacie Masjid Nour صيدلية مسجد نور,Parapharmacie,Formel,El Kelâat Es-Sraghna ⵍⵇⵍⵄⴰ ⵏ ⵙⵕⴰⵖⵏⴰ قلعة السراغنة,32.0486845,-7.3939238,icons/pharmacy.png,OSM
Béni Mellal-Khénifra,Pharmacie El Attaouia صيدلية العطاوية,Parapharmacie,Formel,El Attaouia ⵍⵄⵟⵟⴰⵡⵢⵢⴰ العطاوية,31.8348013,-7.3103921,icons/pharmacy.png,OSM
Béni Mellal-Khénifra,Pharmacie Souk El Attaouia صيدلية سوق العطاوية,Parapharmacie,Formel,El Attaouia,31.8397237,-7.3135382,icons/pharmacy.png,OSM
Béni Mellal-Khénifra,Pharmacie Baddou صيدلية بادو,Parapharmacie,Formel,El Attaouia ⵍⵄⵟⵟⴰⵡⵢⵢⴰ العطاوية,31.8354732,-7.3120823,icons/pharmacy.png,OSM
Béni Mellal-Khénifra,Pharmacie Ben Moussa صيدلية بنموسى,Parapharmacie,Formel,El Attaouia,31.8345201,-7.3188812,icons/pharmacy.png,OSM
Béni Mellal-Khénifra,Pharmacie Saadia صيدلية السعدية,Parapharmacie,Formel,Laattaouia ⵍⵄⵟⵟⴰⵡⵢⵢⴰ العطاوية,31.8254344,-7.3102975,icons/pharmacy.png,OSM
Béni Mellal-Khénifra,Pharmacie Zitouna صيدلية الزيتونة,Parapharmacie,Formel,Laattaouia ⵍⵄⵟⵟⴰⵡⵢⵢⴰ العطاوية,31.8304447,-7.3116962,icons/pharmacy.png,OSM
Béni Mellal-Khénifra,Pharmacie El Baji صيدلية الباجي,Parapharmacie,Formel,Sidi Rahhal ⵙⵉⴷⵉ ⵕⵃⵃⴰⵍ سيدي رحال,31.6456568,-7.4707965,icons/pharmacy.png,OSM
Béni Mellal-Khénifra,Pharmacie Sidi Rahal صيدلية سيدي رحال,Parapharmacie,Formel,Sidi Rahhal سيدي رحال,31.6489745,-7.4714591,icons/pharmacy.png,OSM
Béni Mellal-Khénifra,Pharmacie Souk Lhed صيدلية سوق الأحد,Parapharmacie,Formel,Demnate,31.7337189,-7.016381,icons/pharmacy.png,OSM
Béni Mellal-Khénifra,Pharmacie Tizeght صيدلية تيزغت,Parapharmacie,Formel,Demnate,31.7336322,-7.0175306,icons/pharmacy.png,OSM
Béni Mellal-Khénifra,Pharmacie Demnate صيدلية دمنات,Parapharmacie,Formel,Demnate ⴷⵎⵏⴰⵜ دمنات,31.7321179,-7.0016464,icons/pharmacy.png,OSM
Béni Mellal-Khénifra,Pharmacie Azoukni صيدلية أزوكني,Parapharmacie,Formel,Demnate,31.7336186,-7.0136648,icons/pharmacy.png,OSM
Béni Mellal-Khénifra,Pharmacie Marrakech صيدلية مراكش,Parapharmacie,Formel,Demnate ⴷⵎⵏⴰⵜ دمنات,31.7322375,-7.0051385,icons/pharmacy.png,OSM
Béni Mellal-Khénifra,Pharmacie Mimouna صيدلية ميمونة,Parapharmacie,Formel,Demnate ⴷⵎⵏⴰⵜ دمنات,31.7314253,-7.0035949,icons/pharmacy.png,OSM
Béni Mellal-Khénifra,Pharmacie Imi Nifri صيدلية إمي نفري,Parapharmacie,Formel,Demnate ⴷⵎⵏⴰⵜ دمنات,31.7316217,-6.9996327,icons/pharmacy.png,OSM
Béni Mellal-Khénifra,Pharmacie Nouvelle الصيدلية الجديدة,Parapharmacie,Formel,"Avenue Mohamed V, Demnate ⴷⵎⵏⴰⵜ دمنات",31.733305,-7.0028757,icons/pharmacy.png,OSM
Béni Mellal-Khénifra,Pharmacie Ouzoud صيدلية أوزود,Parapharmacie,Formel,"Avenue Mohamed V, Demnate ⴷⵎⵏⴰⵜ دمنات",31.7341529,-7.004812,icons/pharmacy.png,OSM
Béni Mellal-Khénifra,Pharmacie Izlafen صيدلية إزلافن,Parapharmacie,Formel,Azilal ⴰⵣⵉⵍⴰⵍ أزيلال,31.9472537,-6.5855488,icons/pharmacy.png,OSM
Béni Mellal-Khénifra,Pharmacie de la Gare صيدلية المحطة,Parapharmacie,Formel,Azilal ⴰⵣⵉⵍⴰⵍ أزيلال,31.9517462,-6.5851194,icons/pharmacy.png,OSM
Béni Mellal-Khénifra,Pharmacie Tanoute صيدلية تانوت,Parapharmacie,Formel,Azilal ⴰⵣⵉⵍⴰⵍ أزيلال,31.97059,-6.5655113,icons/pharmacy.png,OSM
Béni Mellal-Khénifra,Pharmacie Anass صيدلية أنس,Parapharmacie,Formel,Azilal,31.9632751,-6.5676817,icons/pharmacy.png,OSM
Béni Mellal-Khénifra,Pharmacie Ouahda صيدلية الوحدة,Parapharmacie,Formel,Azilal ⴰⵣⵉⵍⴰⵍ أزيلال,31.9678707,-6.5697279,icons/pharmacy.png,OSM
Béni Mellal-Khénifra,Pharmacie Ben Allal صيدلية بن علال,Parapharmacie,Formel,"Avenue Hassan II, Azilal",31.9582457,-6.5736906,icons/pharmacy.png,OSM
Béni Mellal-Khénifra,Pharmacie Oumnia صيدلية أمنية,Parapharmacie,Formel,"Avenue Mohammed V شارع محمد الخامس, Beni Mellal",32.3247763,-6.3772576,icons/pharmacy.png,OSM
Béni Mellal-Khénifra,Pharmacie Riyad Salam صيدلية رياض السلام,Parapharmacie,Formel,Beni Mellal,32.3168973,-6.3823196,icons/pharmacy.png,OSM
Béni Mellal-Khénifra,Pharmacie Myriam صيدلية مريم,Parapharmacie,Formel,"Avenue Mohamed VI, Beni Mellal",32.3219247,-6.3821512,icons/pharmacy.png,OSM
Béni Mellal-Khénifra,Pharmacie Achorouk صيدلية الشروق,Parapharmacie,Formel,Beni Mellal,32.3192366,-6.3707215,icons/pharmacy.png,OSM
Béni Mellal-Khénifra,Pharmacie Tahri صيدلية طاهري,Parapharmacie,Formel,Beni Mellal,32.3232082,-6.3713076,icons/pharmacy.png,OSM
Béni Mellal-Khénifra,Pharmacie Raed صيدلية الرائد,Parapharmacie,Formel,Beni Mellal,32.3234642,-6.3674361,icons/pharmacy.png,OSM
Béni Mellal-Khénifra,Pharmacie Ourbia صيدلية أوربية,Parapharmacie,Formel,Beni Mellal,32.3169641,-6.3587898,icons/pharmacy.png,OSM
Béni Mellal-Khénifra,Pharmacie Aiyad صيدلية عياد,Parapharmacie,Formel,Beni Mellal,32.3246032,-6.3485419,icons/pharmacy.png,OSM
Béni Mellal-Khénifra,Pharmacie Jnane Taher صيدلية جنان الطاهر,Parapharmacie,Formel,Beni Mellal,32.324974,-6.3642228,icons/pharmacy.png,OSM
Béni Mellal-Khénifra,Pharmacie Zohour Atlas صيدلية زهور أطلس,Parapharmacie,Formel,Beni Mellal,32.3223438,-6.3587841,icons/pharmacy.png,OSM
Béni Mellal-Khénifra,Pharmacie D'chira صيدلية الدشيرة,Parapharmacie,Formel,"Avenue Achouhadae, Beni Mellal",32.3287043,-6.3540923,icons/pharmacy.png,OSM
Béni Mellal-Khénifra,Pharmacie Belle Vue صيدلية المنظر الجميل,Parapharmacie,Formel,"Avenue Al Qods شارع القدس, Béni Mellal",32.3276189,-6.360697,icons/pharmacy.png,OSM
Béni Mellal-Khénifra,Pharmacie Ram صيدلية رام,Parapharmacie,Formel,"Avenue Hassan II شارع الحسن الثاني, Beni Mellal",32.3264034,-6.3568071,icons/pharmacy.png,OSM
Béni Mellal-Khénifra,Pharmacie Zitoune صيدلية الزيتون,Parapharmacie,Formel,"Avenue Al Qods شارع القدس, Beni Mellal",32.327009,-6.3695917,icons/pharmacy.png,OSM
Béni Mellal-Khénifra,Pharmacie Bouachouch صيدلية بوعشوش,Parapharmacie,Formel,"Avenue Tamagnounte, Béni Mellal",32.3322295,-6.3552175,icons/pharmacy.png,OSM
Béni Mellal-Khénifra,Pharmacie Chifa صيدلية الشفاء,Parapharmacie,Formel,Beni Mellal,32.3308561,-6.3527242,icons/pharmacy.png,OSM
Béni Mellal-Khénifra,Pharmacie Sidi Abdelhalim صيدلية سيدي عبد الحليم,Parapharmacie,Formel,"Avenue du 9 Décembre, Beni Mellal",32.3346998,-6.3475913,icons/pharmacy.png,OSM
Béni Mellal-Khénifra,Pharmacie Beni Mellal صيدلية بني ملال,Parapharmacie,Formel,"Rue des Martyrs, Beni Mellal ⴰⵢⵜ ⵎⵍⵍⴰⵍ بني ملال",32.3336981,-6.3535899,icons/pharmacy.png,OSM
Béni Mellal-Khénifra,Pharmacie Ait Tisslit صيدلية أيت تسليت,Parapharmacie,Formel,Beni Mellal,32.3342741,-6.3501821,icons/pharmacy.png,OSM
Béni Mellal-Khénifra,Pharmacie de la Gare صيدلية المحطة,Parapharmacie,Formel,"Avenue Mohammed V شارع محمد الخامس, Beni Mellal",32.3368636,-6.3529048,icons/pharmacy.png,OSM
Béni Mellal-Khénifra,Pharmacie Du Maroc صيدلية المغرب,Parapharmacie,Formel,"Avenue Taha Hussein, Beni Mellal",32.3381502,-6.3495253,icons/pharmacy.png,OSM
Béni Mellal-Khénifra,Pharmacie Lycée Technique صيدلية الثانوية التقنية,Parapharmacie,Formel,Beni Mellal,32.3477734,-6.3402455,icons/pharmacy.png,OSM
Béni Mellal-Khénifra,Pharmacie Rmila صيدلي الرميلة,Parapharmacie,Formel,"Avenue du 9 Décembre, Beni Mellal",32.3360644,-6.3447692,icons/pharmacy.png,OSM
Béni Mellal-Khénifra,Pharmacie Addaouha صيدلية الدوحة,Parapharmacie,Formel,Beni Mellal,32.336337,-6.3379146,icons/pharmacy.png,OSM
Béni Mellal-Khénifra,Pharmacie Essoumaa صيدلية الصومعة,Parapharmacie,Formel,Beni Mellal,32.3336603,-6.3353532,icons/pharmacy.png,OSM
Béni Mellal-Khénifra,Pharmacie Ennaciria صيدلية الناصيرية,Parapharmacie,Formel,Beni Mellal,32.3439987,-6.3360687,icons/pharmacy.png,OSM
Béni Mellal-Khénifra,Pharmacie Dar Dbagh صيدلية دار الدباغ,Parapharmacie,Formel,"Avenue Nouakchott, Beni Mellal",32.3323781,-6.343164,icons/pharmacy.png,OSM
Béni Mellal-Khénifra,Pharmacie Al Massira 1 صيدلية المسيرة,Parapharmacie,Formel,Beni Mellal,32.3406834,-6.3359067,icons/pharmacy.png,OSM
Béni Mellal-Khénifra,Pharmacie Balsam صيدلية البلسم,Parapharmacie,Formel,"Avenue Mohammed V شارع محمد الخامس, Beni Mellal",32.341811,-6.3434107,icons/pharmacy.png,OSM
Béni Mellal-Khénifra,Pharmacie Populaire الصيدلية الشعبية,Parapharmacie,Formel,"Avenue Laayoune شارع العيون, Beni Mellal",32.340144,-6.35236,icons/pharmacy.png,OSM
Béni Mellal-Khénifra,Pharmacie Ibn Sina صيدلية ابن سينا,Parapharmacie,Formel,"Rue Bou Rkia, Beni Mellal",32.3382679,-6.3455074,icons/pharmacy.png,OSM
Béni Mellal-Khénifra,Pharmacie El Houda,Parapharmacie,Formel,Beni Mellal,32.3426959,-6.3501091,icons/pharmacy.png,OSM
Béni Mellal-Khénifra,Pharmacie El Amryate صيدلية العامريات,Parapharmacie,Formel,Beni Mellal,32.3402582,-6.3604204,icons/pharmacy.png,OSM
Béni Mellal-Khénifra,Pharmacie El Amal صيدلية الأمل,Parapharmacie,Formel,Beni Mellal,32.3386935,-6.3623713,icons/pharmacy.png,OSM
Béni Mellal-Khénifra,Pharmacie la Faculté صيدلية الكلية,Parapharmacie,Formel,"Avenue Ibn Khaldoun شارع ابن خلدون, Béni Mellal",32.3365241,-6.3710131,icons/pharmacy.png,OSM
Béni Mellal-Khénifra,Pharmacie Al Bouchra صيدلية البشرى,Parapharmacie,Formel,"Avenue des Forces Armées Royales, Beni Mellal",32.3508578,-6.3593174,icons/pharmacy.png,OSM
Béni Mellal-Khénifra,Pharmacie Mellalya صيدلية ملالية,Parapharmacie,Formel,Beni Mellal,32.3406718,-6.3748805,icons/pharmacy.png,OSM
Béni Mellal-Khénifra,Pharmacie Dahbi صيدلية الذهبي,Parapharmacie,Formel,"Avenue des Forces Armées Royales, Beni Mellal",32.3470775,-6.3586898,icons/pharmacy.png,OSM
Béni Mellal-Khénifra,Pharmacie Miral صيدلية ميرال,Parapharmacie,Formel,Beni Mellal,32.3440631,-6.3688497,icons/pharmacy.png,OSM
Béni Mellal-Khénifra,Pharmacie Laila Santé صيدلية ليلى,Parapharmacie,Formel,"Avenue Baghdad, Beni Mellal",32.3517771,-6.3556121,icons/pharmacy.png,OSM
Béni Mellal-Khénifra,Pharmacie Rachdaoui,Parapharmacie,Formel,Beni Mellal,32.3501497,-6.3458547,icons/pharmacy.png,OSM
Béni Mellal-Khénifra,Pharmacie les Martyrs صيدلية الشهداء,Parapharmacie,Formel,Beni Mellal,32.3506476,-6.3512681,icons/pharmacy.png,OSM
Béni Mellal-Khénifra,Pharmacie Al Massira 2 صيدلية المسيرة,Parapharmacie,Formel,"Avenue Baghdad, Beni Mellal ⴰⵢⵜ ⵎⵍⵍⴰⵍ بني ملال",32.3562964,-6.355546,icons/pharmacy.png,OSM
Béni Mellal-Khénifra,Pharmacie Bismi Allah صيدلية بسم الله,Parapharmacie,Formel,"Avenue de L'Armée Royale, Beni Mellal ⴰⵢⵜ ⵎⵍⵍⴰⵍ بني ملال",32.354899,-6.36069,icons/pharmacy.png,OSM
Béni Mellal-Khénifra,Pharmacie Aït Falha صيدلية آيت فالحة,Parapharmacie,Formel,Beni Mellal ⴰⵢⵜ ⵎⵍⵍⴰⵍ بني ملال,32.3521188,-6.3640472,icons/pharmacy.png,OSM
Béni Mellal-Khénifra,Pharmacie Chaimae صيدلية شيماء,Parapharmacie,Formel,Beni Mellal ⴰⵢⵜ ⵎⵍⵍⴰⵍ بني ملال,32.3248477,-6.3985837,icons/pharmacy.png,OSM
Béni Mellal-Khénifra,Pharmacie Ouled Ayad صيدلية أولاد عياد,Parapharmacie,Formel,"Avenue du 20 Août, Beni Mellal",32.3305243,-6.377284,icons/pharmacy.png,OSM
Béni Mellal-Khénifra,Pharmacie Ezzahraa صيدلية الزهراء,Parapharmacie,Formel,Beni Mellal,32.3339047,-6.3717701,icons/pharmacy.png,OSM
Béni Mellal-Khénifra,Pharmacie Cherkaoui صيدلية الشرقاوي,Parapharmacie,Formel,Beni Mellal ⴰⵢⵜ ⵎⵍⵍⴰⵍ بني ملال,32.3266905,-6.3950126,icons/pharmacy.png,OSM
Béni Mellal-Khénifra,Pharmacie Zakaria صيدلية زكرياء,Parapharmacie,Formel,"Avenue Mohamed VI, Beni Mellal",32.3295168,-6.3851694,icons/pharmacy.png,OSM
Béni Mellal-Khénifra,Pharmacie Shihab صيدلية شهاب,Parapharmacie,Formel,Beni Mellal,32.3323168,-6.3743557,icons/pharmacy.png,OSM
Béni Mellal-Khénifra,Pharmacie Adalia صيدلية الدالية,Parapharmacie,Formel,Beni Mellal,32.3487098,-6.3627301,icons/pharmacy.png,OSM
Béni Mellal-Khénifra,Pharmacie La Santé صيدلية الصحة,Parapharmacie,Formel,"Avenue Moutanabi, Béni Mellal",32.3359649,-6.3613073,icons/pharmacy.png,OSM
Béni Mellal-Khénifra,Pharmacie Rabat,Parapharmacie,Formel,"Avenue Ribat, Beni Mellal",32.3445945,-6.3490022,icons/pharmacy.png,OSM
Béni Mellal-Khénifra,Pharmacie Dar Talib صيدلية دار الطالب,Parapharmacie,Formel,"Avenue Ribat, Beni Mellal ⴰⵢⵜ ⵎⵍⵍⴰⵍ بني ملال",32.3452837,-6.3418008,icons/pharmacy.png,OSM
Béni Mellal-Khénifra,Pharmacie Les Orangers صيدلية الليمون,Parapharmacie,Formel,Beni Mellal,32.3271053,-6.3665727,icons/pharmacy.png,OSM
Béni Mellal-Khénifra,Pharmacie du Marché صيدلية المارشي,Parapharmacie,Formel,"Rue Marrakech زنقة مراكش, Beni Mellal ⴰⵢⵜ ⵎⵍⵍⴰⵍ بني ملال",32.3346269,-6.3550396,icons/pharmacy.png,OSM
Béni Mellal-Khénifra,Pharmacie Al Adarissa صيدلية الأدارسة,Parapharmacie,Formel,"Avenue El Farabi, Béni Mellal",32.3335099,-6.3672697,icons/pharmacy.png,OSM
Béni Mellal-Khénifra,Pharmacie Chakib صيدلية شكيب,Parapharmacie,Formel,"Avenue des Forces Armées Royales شارع الجيش الملكي, Beni Mellal",32.3410221,-6.3572812,icons/pharmacy.png,OSM
Béni Mellal-Khénifra,Pharmacie Nour صيدلية نور,Parapharmacie,Formel,"Avenue Hassan II, Beni Mellal",32.3408769,-6.3684902,icons/pharmacy.png,OSM
Béni Mellal-Khénifra,Pharmacie Ouled Hamdane N'Zala صيدلية اولاد حمدان النزالة,Parapharmacie,Formel,Beni Mellal,32.3392465,-6.3718512,icons/pharmacy.png,OSM
Béni Mellal-Khénifra,Pharmacie des FAR صيدلية الجيش الملكي,Parapharmacie,Formel,"Avenue des Forces Armées Royales شارع الجيش الملكي, Bèni Mellal",32.3439137,-6.3575982,icons/pharmacy.png,OSM
Béni Mellal-Khénifra,Pharmacie Centrale الصيدلية المركزية,Parapharmacie,Formel,"Avenue Mohammed V شارع محمد الخامس, Béni Mellal",32.3347334,-6.3573031,icons/pharmacy.png,OSM
Béni Mellal-Khénifra,Pharmacie Hay Redouane صيدلية حي الرضوان,Parapharmacie,Formel,Beni Mellal,32.3415579,-6.3635529,icons/pharmacy.png,OSM
Béni Mellal-Khénifra,Pharmacie de l'Hopital صيدلية المستشفى,Parapharmacie,Formel,kasba tadla,32.5882904,-6.2599298,icons/pharmacy.png,OSM
Béni Mellal-Khénifra,Pharmacie Dakhla صيدلية الداخلة,Parapharmacie,Formel,Kasba Tadla,32.5938733,-6.2576693,icons/pharmacy.png,OSM
Béni Mellal-Khénifra,Pharmacie Amine صيدلية أمين,Parapharmacie,Formel,Kasba Tadla,32.596844,-6.2730289,icons/pharmacy.png,OSM
Béni Mellal-Khénifra,Pharmacie Ait Omar صيدلية ايت عمر,Parapharmacie,Formel,Kasba Tadla,32.6037363,-6.2645643,icons/pharmacy.png,OSM
Béni Mellal-Khénifra,Pharmacie Al Amal صيدلية الأمل,Parapharmacie,Formel,Kasba Tadla,32.6059994,-6.2621518,icons/pharmacy.png,OSM
Béni Mellal-Khénifra,Pharmacie Ayoub صيدلية أيوب,Parapharmacie,Formel,Kasba Tadla,32.6073292,-6.273512,icons/pharmacy.png,OSM
Béni Mellal-Khénifra,Pharmacie Zaaouat صيدلية زعواط,Parapharmacie,Formel,Kasba Tadla,32.6038122,-6.2673631,icons/pharmacy.png,OSM
Béni Mellal-Khénifra,La Nouvelle Pharmacie الصيدلية الجديدة,Parapharmacie,Formel,"Boulevard Mohamed V ش. محمد خامس, Kasba Tadla",32.5965583,-6.2633588,icons/pharmacy.png,OSM
Béni Mellal-Khénifra,Pharmacie de la Gare صيدلية المحطة,Parapharmacie,Formel,"Boulevard 20 Août ش. 20 غشت, Kasba Tadla",32.5998553,-6.2670699,icons/pharmacy.png,OSM
Béni Mellal-Khénifra,Pharmacie Errachidia صيدلية الراشيدية,Parapharmacie,Formel,Kasba Tadla,32.6043394,-6.2740656,icons/pharmacy.png,OSM
Béni Mellal-Khénifra,Pharmacie Farah صيدلية فرح,Parapharmacie,Formel,Kasba Tadla,32.6030587,-6.2795317,icons/pharmacy.png,OSM
Béni Mellal-Khénifra,Pharmacie Miral صيدلية ميرال,Parapharmacie,Formel,Kasba Tadla ⵇⵚⴱⵜ ⵜⴰⴷⵍⴰ قصبة تادلة,32.6141487,-6.2628274,icons/pharmacy.png,OSM
Béni Mellal-Khénifra,Pharmacie 20 Aout صيدلية 20 غشت,Parapharmacie,Formel,Kasba Tadla ⵇⵚⴱⵜ ⵜⴰⴷⵍⴰ قصبة تادلة,32.605176,-6.2820524,icons/pharmacy.png,OSM
Béni Mellal-Khénifra,Pharmacie Souk Jdid صيدلية السوق الجديد,Parapharmacie,Formel,Fkih Ben Salah ⴼⵇⵉⵀ ⴱⵏ ⵚⴰⵍⵃ الفقيه بن صالح,32.4974178,-6.7107975,icons/pharmacy.png,OSM
Béni Mellal-Khénifra,Pharmacie Al Andalous صيدلية الأندلس,Parapharmacie,Formel,Fkih Ben Salah,32.4968359,-6.7068331,icons/pharmacy.png,OSM
Béni Mellal-Khénifra,Pharmacie Ait Radi صيدلية آيت الراضي,Parapharmacie,Formel,Fkih Ben Salah,32.4978809,-6.7020734,icons/pharmacy.png,OSM
Béni Mellal-Khénifra,Pharmcie Meskaoui صيدلية مسكاوي,Parapharmacie,Formel,Fkih Ben Salah,32.4991151,-6.7050366,icons/pharmacy.png,OSM
Béni Mellal-Khénifra,Pharmacie La Nouvelle الصيدلية الجديدة,Parapharmacie,Formel,"Avenue Atlas, Fkih Ben Salah",32.4988728,-6.7000495,icons/pharmacy.png,OSM
Béni Mellal-Khénifra,Pharmacie Btissam صيدلية ابتسام,Parapharmacie,Formel,"Avenue Allal Ben Abdellah, Fkih Ben Salah",32.4976461,-6.6975166,icons/pharmacy.png,OSM
Béni Mellal-Khénifra,Pharmacie Al Moujahid صيدلية المجاهد,Parapharmacie,Formel,Fkih Ben Salah,32.495994,-6.6952954,icons/pharmacy.png,OSM
Béni Mellal-Khénifra,Pharmacie Adoha صيدلي الضحى,Parapharmacie,Formel,Fkih Ben Salah,32.4935369,-6.697736,icons/pharmacy.png,OSM
Béni Mellal-Khénifra,Pharmacie Nazha 1 صيدلية نزهة,Parapharmacie,Formel,Fkih Ben Salah,32.4910064,-6.6914812,icons/pharmacy.png,OSM
Béni Mellal-Khénifra,Pharmacie Al Majd صيدلية المجد,Parapharmacie,Formel,"Avenue Hassan II, Fkih Ben Salah",32.4916698,-6.6877058,icons/pharmacy.png,OSM
Béni Mellal-Khénifra,Pharmacie La Gare صيدلية المحطة,Parapharmacie,Formel,"Avenue Hassan II, Fkih Ben Salah ⴼⵇⵉⵀ ⴱⵏ ⵚⴰⵍⵃ الفقيه بن صالح",32.494544,-6.6871905,icons/pharmacy.png,OSM
Béni Mellal-Khénifra,Pharmacie Imam Al Boukhari صيدلية الإمام البخاري,Parapharmacie,Formel,Fkih Ben Salah,32.4995865,-6.6782924,icons/pharmacy.png,OSM
Béni Mellal-Khénifra,Pharmacie Ouled Hdidou صيدلية اولاد حديدو,Parapharmacie,Formel,Fkih Ben Salah ⴼⵇⵉⵀ ⴱⵏ ⵚⴰⵍⵃ الفقيه بن صالح,32.4948479,-6.6857068,icons/pharmacy.png,OSM
Béni Mellal-Khénifra,Pharmacie Fkih Ben Salah صيدلية لفقيه بنصالح,Parapharmacie,Formel,"Avenue Hassan II, Fkih Ben Salah",32.49694,-6.6867873,icons/pharmacy.png,OSM
Béni Mellal-Khénifra,Pharmacie 2 Mars صيدلية 2 مارس,Parapharmacie,Formel,"Avenue 2 Mars, Fkih Ben Salah",32.5003081,-6.6827185,icons/pharmacy.png,OSM
Béni Mellal-Khénifra,Pharmacie Larmoud صيدلية لارمود,Parapharmacie,Formel,"Avenue Ghnim, Fkeh Ben Salah",32.4962382,-6.6810024,icons/pharmacy.png,OSM
Béni Mellal-Khénifra,Pharmacie Ibn Sina صيدلية ابن سينا,Parapharmacie,Formel,"Avenue Ghnim, Fkih Ben Salah",32.4993925,-6.6843842,icons/pharmacy.png,OSM
Béni Mellal-Khénifra,Pharmacie Nafidi صيدلية نفدي,Parapharmacie,Formel,Fkih Ben Salah,32.4986557,-6.6864223,icons/pharmacy.png,OSM
Béni Mellal-Khénifra,Pharmacie Tourabi صيدلية تورابي,Parapharmacie,Formel,"Avenue Al Massira, Fkih Ben Salah",32.50131,-6.6847428,icons/pharmacy.png,OSM
Béni Mellal-Khénifra,Pharmacie Populaire الصيدلية الشعبية,Parapharmacie,Formel,"Avenue Hassan II, Fkih Ben Salah",32.5021835,-6.6868638,icons/pharmacy.png,OSM
Béni Mellal-Khénifra,Pharmacie Al Farabi صيدلية الفرابي,Parapharmacie,Formel,"Rue Allal ben Abdallah, Fkih Ben Salah ⴼⵇⵉⵀ ⴱⵏ ⵚⴰⵍⵃ الفقيه بن صالح",32.5036979,-6.6875022,icons/pharmacy.png,OSM
Béni Mellal-Khénifra,Pharmacie Abou Ali صيدلية أبو علي,Parapharmacie,Formel,"Rue Allal ben Abdallah, Fkih Ben Salah",32.5018969,-6.6902708,icons/pharmacy.png,OSM
Béni Mellal-Khénifra,Pharmacie Al Amal صيدلية اﻷمل,Parapharmacie,Formel,"Rue Allal ben Abdallah, Fkih Ben Salah",32.5000214,-6.6932807,icons/pharmacy.png,OSM
Béni Mellal-Khénifra,Pharmacie El Modafar صيدلية المظفار,Parapharmacie,Formel,"Avenue Houmane Fetouaki, Fkih Ben Salah",32.4985869,-6.6908648,icons/pharmacy.png,OSM
Béni Mellal-Khénifra,Pharmacie Errahma صيدلية الرحمة,Parapharmacie,Formel,"Rue Mohamed El Qori, Fkih Ben Salah",32.4970431,-6.6931938,icons/pharmacy.png,OSM
Béni Mellal-Khénifra,Pharmacie Errajaa صيدلية الرجاء,Parapharmacie,Formel,"Rue Beni Mellal, Fkih Ben Salah",32.4959283,-6.6898981,icons/pharmacy.png,OSM
Béni Mellal-Khénifra,Pharmacie Abida صيدلية عبيدة,Parapharmacie,Formel,Fkih Ben Salah,32.5102847,-6.7005835,icons/pharmacy.png,OSM
Béni Mellal-Khénifra,Pharmacie Bir Anzarane صيدلية بئر أنزران,Parapharmacie,Formel,Fkih Ben Salah,32.5091881,-6.6972136,icons/pharmacy.png,OSM
Béni Mellal-Khénifra,Pharmacie Essaada صيدلية السعادة,Parapharmacie,Formel,Fkih Ben Salah,32.5063531,-6.7024786,icons/pharmacy.png,OSM
Béni Mellal-Khénifra,Pharmacie La Renaissance صيدلية النهضة,Parapharmacie,Formel,"Avenue Imam Malik, Fkih Ben Salah",32.5038778,-6.699565,icons/pharmacy.png,OSM
Béni Mellal-Khénifra,Pharmacie Abou Al Fadl صيدلية أبو الفضل,Parapharmacie,Formel,Fkih Ben Salah,32.5132715,-6.6985096,icons/pharmacy.png,OSM
Béni Mellal-Khénifra,Pharmacie de l'Hopital صيدلية المستشفى,Parapharmacie,Formel,Fkih Ben Salah,32.5058514,-6.6837123,icons/pharmacy.png,OSM
Béni Mellal-Khénifra,Pharmacie El Yassmine صيدلية الياسمين,Parapharmacie,Formel,Fkih Ben Salah,32.5075303,-6.6814443,icons/pharmacy.png,OSM
Béni Mellal-Khénifra,Pharmacie Marjane صيدلية مرجان,Parapharmacie,Formel,Fkih Ben Salah,32.5107496,-6.6807668,icons/pharmacy.png,OSM
Béni Mellal-Khénifra,Pharmacie Ifrane صيدلية إفران,Parapharmacie,Formel,Fkih Ben Salah,32.5109073,-6.6770924,icons/pharmacy.png,OSM
Béni Mellal-Khénifra,Pharmacie Pasteur صيدلية باستور,Parapharmacie,Formel,Fkih Ben Salah,32.5136272,-6.6748361,icons/pharmacy.png,OSM
Béni Mellal-Khénifra,Pharmacie Al Manar صيدلية المنار,Parapharmacie,Formel,Fkih Ben Salah,32.5077078,-6.6733812,icons/pharmacy.png,OSM
Béni Mellal-Khénifra,Pharmacie Bab Tlat صيدلية باب الثلاثاء,Parapharmacie,Formel,"Rue Bab Tlat, Fkih Ben Salah",32.5002278,-6.6896792,icons/pharmacy.png,OSM
Béni Mellal-Khénifra,Pharmacie El Kindi صيدلية الكندي,Parapharmacie,Formel,Fkih Ben Salah,32.504267,-6.6926508,icons/pharmacy.png,OSM
Béni Mellal-Khénifra,Pharmacie Zarktouni صيدلية الزرقطوني,Parapharmacie,Formel,Fkih Ben Salah,32.4996169,-6.6879055,icons/pharmacy.png,OSM
Béni Mellal-Khénifra,Pharmacie Beni Amir صيدلية بني عمير,Parapharmacie,Formel,Fkih Ben Salah,32.5002753,-6.6864353,icons/pharmacy.png,OSM
Béni Mellal-Khénifra,Pharmacie Al Chifaa صيدلية الشفاء,Parapharmacie,Formel,"Avenue Hassan II, Fkih Ben Salah ⴼⵇⵉⵀ ⴱⵏ ⵚⴰⵍⵃ الفقيه بن صالح",32.4889322,-6.6886706,icons/pharmacy.png,OSM
Béni Mellal-Khénifra,Pharmacie Sabil صيدلية سبيل,Parapharmacie,Formel,Fkih Ben Salah ⴼⵇⵉⵀ ⴱⵏ ⵚⴰⵍⵃ الفقيه بن صالح,32.4904933,-6.685399,icons/pharmacy.png,OSM
Béni Mellal-Khénifra,Pharmacie El Hansali صيدلية الحنصالي,Parapharmacie,Formel,"Rue El Hansali, Fkih Ben Salah ⴼⵇⵉⵀ ⴱⵏ ⵚⴰⵍⵃ الفقيه بن صالح",32.4979188,-6.6884744,icons/pharmacy.png,OSM
Béni Mellal-Khénifra,Pharmacie Quarante صيدلية كارنت,Parapharmacie,Formel,Fkih Ben Salah,32.5213165,-6.6718824,icons/pharmacy.png,OSM
Béni Mellal-Khénifra,Pharmacie Ibn Rochd صيدلية ابن رشد,Parapharmacie,Formel,Bejaad,32.7737593,-6.3837094,icons/pharmacy.png,OSM
Béni Mellal-Khénifra,Pharmacie Hassan 2 صيدلية حسن,Parapharmacie,Formel,Bejaad ابي الجعد,32.7706387,-6.3842633,icons/pharmacy.png,OSM
Béni Mellal-Khénifra,Pharmacie La Santé صيدلية الصحة,Parapharmacie,Formel,Bejaad,32.77123,-6.387243,icons/pharmacy.png,OSM
Béni Mellal-Khénifra,Pharmacie Derb Mimouna صيدلية درب ميمونة,Parapharmacie,Formel,Bejaad,32.772907,-6.38867,icons/pharmacy.png,OSM
Béni Mellal-Khénifra,Pharmacie Centrale الصيدلية المركزية,Parapharmacie,Formel,Bejaad ⴱⵊⵊⵄⴷ بجعد,32.7714521,-6.3946364,icons/pharmacy.png,OSM
Béni Mellal-Khénifra,Pharmacie Hamdi صيدلية حمدي,Parapharmacie,Formel,Bejaad ابي الجعد,32.775866,-6.3894726,icons/pharmacy.png,OSM
Béni Mellal-Khénifra,Pharmacie Ibn Sina صيدلية ابن سينا,Parapharmacie,Formel,Bejaad ⴱⵊⵊⵄⴷ بجعد,32.7729118,-6.3956814,icons/pharmacy.png,OSM
Béni Mellal-Khénifra,Pharmacie Arrabii صيدلية الربيع,Parapharmacie,Formel,Bejaad,32.7752453,-6.404485,icons/pharmacy.png,OSM
Béni Mellal-Khénifra,Pharmacie Chifa صيدلية الشفاء,Parapharmacie,Formel,Bejaad ابي الجعد,32.7708391,-6.3816362,icons/pharmacy.png,OSM
Béni Mellal-Khénifra,Pharmacie Laktater صيدلية القطاطر,Parapharmacie,Formel,Bejaad ابي الجعد,32.775198,-6.3977255,icons/pharmacy.png,OSM
Béni Mellal-Khénifra,La Grande Pharmacie الصيدلية الكبرى,Parapharmacie,Formel,Bejaad,32.7728126,-6.3925746,icons/pharmacy.png,OSM
Béni Mellal-Khénifra,Pharmacie Ibn Nafis صيدلية ابن النفيس,Parapharmacie,Formel,Bejaad ⴱⵊⵊⵄⴷ بجعد,32.7699864,-6.3930453,icons/pharmacy.png,OSM
Béni Mellal-Khénifra,Pharmacie Omar Ibn El Khattab صيدلية عمر ابن الخطاب,Parapharmacie,Formel,Bejaad,32.7780794,-6.4004279,icons/pharmacy.png,OSM
Béni Mellal-Khénifra,Pharmacie Al Moujahidine صيدلية المجاهدين,Parapharmacie,Formel,Bejaad ابي الجعد,32.7741655,-6.3907929,icons/pharmacy.png,OSM
Béni Mellal-Khénifra,Pharmacie Ard Al Khayr صيدلية أرض الخير,Parapharmacie,Formel,Bejaad,32.7749497,-6.3815127,icons/pharmacy.png,OSM
Béni Mellal-Khénifra,Pharmacie Al Qods صيدلية القدس,Parapharmacie,Formel,Bejaad,32.7672748,-6.396096,icons/pharmacy.png,OSM
Béni Mellal-Khénifra,Pharmacie Place Mohamed 5 صيدلية ساحة محمد الخامس,Parapharmacie,Formel,Bejaad ⴱⵊⵊⵄⴷ بجعد,32.769202,-6.3958545,icons/pharmacy.png,OSM
Béni Mellal-Khénifra,Pharmacie El Malki صيدلية المالكي,Parapharmacie,Formel,Bejaad ⴱⵊⵊⵄⴷ بجعد,32.77446,-6.3772933,icons/pharmacy.png,OSM
Béni Mellal-Khénifra,Pharmacie Lafridiyate صيدلية لفريديات,Parapharmacie,Formel,Bejaad,32.7689597,-6.3902529,icons/pharmacy.png,OSM
Béni Mellal-Khénifra,Pharmacie Tariq Meknes صيدلية طريق مكناس,Parapharmacie,Formel,Khenifra الخنيفرة,32.9558605,-5.6650109,icons/pharmacy.png,OSM
Béni Mellal-Khénifra,Pharmacie Ennajd صيدلية النجد,Parapharmacie,Formel,Khenifra الخنيفرة,32.9493911,-5.6597647,icons/pharmacy.png,OSM
Béni Mellal-Khénifra,Pharmacie Ibn Rochd صيدلية ابن رشد,Parapharmacie,Formel,Khenifra الخنيفرة,32.9476902,-5.6646747,icons/pharmacy.png,OSM
Béni Mellal-Khénifra,Pharmacie Khénifra صيدلية الخنيفرة,Parapharmacie,Formel,Khenifra الخنيفرة,32.9438866,-5.6482438,icons/pharmacy.png,OSM
Béni Mellal-Khénifra,Pharmacie El Amraoui صيدلية العمراوي,Parapharmacie,Formel,Khenifra الخنيفرة,32.9456378,-5.6621081,icons/pharmacy.png,OSM
Béni Mellal-Khénifra,Pharmacie Lascirie صيدلية لاسيري,Parapharmacie,Formel,Khenifra الخنيفرة,32.945205,-5.6568065,icons/pharmacy.png,OSM
Béni Mellal-Khénifra,Pharmacie El Nasr صيدلية النصر,Parapharmacie,Formel,"Avenue Amalou, Khenifra الخنيفرة",32.9407468,-5.6472683,icons/pharmacy.png,OSM
Béni Mellal-Khénifra,Pharmacie Amalou صيدلية أمالو,Parapharmacie,Formel,"Avenue Amalou, Khenifra الخنيفرة",32.9398286,-5.6499114,icons/pharmacy.png,OSM
Béni Mellal-Khénifra,Pharmacie El Habri صيدلية الهبري,Parapharmacie,Formel,"Avenue Amalou, Khenifra الخنيفرة",32.9386758,-5.6519625,icons/pharmacy.png,OSM
Béni Mellal-Khénifra,Pharmacie Le Cèdre صيدلية الأرز,Parapharmacie,Formel,"Avenue Amalou, Khenifra الخنيفرة",32.9383404,-5.6534616,icons/pharmacy.png,OSM
Béni Mellal-Khénifra,Pharmacie Al Massira صيدلية المسيرة,Parapharmacie,Formel,"Avenue Amalou, Khenifra الخنيفرة",32.9382954,-5.6547181,icons/pharmacy.png,OSM
Béni Mellal-Khénifra,Pharmacie Al Karaouiya صيدلية القروية,Parapharmacie,Formel,Khénifra,32.9392239,-5.659339,icons/pharmacy.png,OSM
Béni Mellal-Khénifra,Pharmacie Ibn Sina صيدلية ابن سينا,Parapharmacie,Formel,"Avenue Amalou, Khenifra الخنيفرة",32.9372741,-5.6590069,icons/pharmacy.png,OSM
Béni Mellal-Khénifra,Pharmacie Jabbour صيدلية جبور,Parapharmacie,Formel,"Avenue Amalou, Khenifra الخنيفرة",32.9378553,-5.6632577,icons/pharmacy.png,OSM
Béni Mellal-Khénifra,Pharmacie Aliaa صيدلية علياء,Parapharmacie,Formel,Khenifra الخنيفرة,32.9209391,-5.6628339,icons/pharmacy.png,OSM
Béni Mellal-Khénifra,Pharmacie Touhami صيدلية التهامي,Parapharmacie,Formel,Khénifra,32.9321676,-5.6651001,icons/pharmacy.png,OSM
Béni Mellal-Khénifra,Pharmacie Aguelmam Azegza صيدلية أغلمام أزكزا,Parapharmacie,Formel,Khénifra ⵅⵏⵉⴼⵕⴰ خنيفرة,32.9350966,-5.6676612,icons/pharmacy.png,OSM
Béni Mellal-Khénifra,Pharmacie El kours صيدلية الكورس,Parapharmacie,Formel,Khenifra الخنيفرة,32.9303967,-5.661117,icons/pharmacy.png,OSM
Béni Mellal-Khénifra,Pharmacie Hay Errahma صيدلية حي الرحمة,Parapharmacie,Formel,Khénifra,32.9239971,-5.6696272,icons/pharmacy.png,OSM
Béni Mellal-Khénifra,Pharmacie Achbarou صيدلية أشبارو,Parapharmacie,Formel,Khenifra الخنيفرة,32.9264753,-5.6670646,icons/pharmacy.png,OSM
Béni Mellal-Khénifra,Pharmacie La Gare صيدلية المحطة,Parapharmacie,Formel,Khenifra الخنيفرة,32.9302153,-5.6687732,icons/pharmacy.png,OSM
Béni Mellal-Khénifra,Pharmacie 8 mars صيدلية 8 مارس,Parapharmacie,Formel,Khénifra,32.9321576,-5.6688252,icons/pharmacy.png,OSM
Béni Mellal-Khénifra,Pharmacie Zayan صيدلية زيان,Parapharmacie,Formel,"Avenue Mohamed 5, Khénifra ⵅⵏⵉⴼⵕⴰ خنيفرة",32.9345999,-5.6713701,icons/pharmacy.png,OSM
Béni Mellal-Khénifra,Pharmacie Abouchane صيدلية أبو الشان,Parapharmacie,Formel,Khenifra الخنيفرة,32.939164,-5.6696004,icons/pharmacy.png,OSM
Béni Mellal-Khénifra,Pharmacie Atlas صيدلية أطلس,Parapharmacie,Formel,"Avenue Mohamed 5, Khenifra الخنيفرة",32.9361843,-5.6738082,icons/pharmacy.png,OSM
Béni Mellal-Khénifra,Pharmacie Oum Rabiee صيدلية أم الربيع,Parapharmacie,Formel,"Avenue Mohamed 5, Khenifra الخنيفرة",32.9382728,-5.6746518,icons/pharmacy.png,OSM
Béni Mellal-Khénifra,Pharmacie Laghrissi صيدلية لغريسي,Parapharmacie,Formel,"Avenue Mohamed 5, Khenifra الخنيفرة",32.9428803,-5.6770795,icons/pharmacy.png,OSM
Béni Mellal-Khénifra,Pharmacie Nouvelle الصيدلية الجديدة,Parapharmacie,Formel,"Avenue Mohamed 5, Khenifra الخنيفرة",32.9399501,-5.6757494,icons/pharmacy.png,OSM
Béni Mellal-Khénifra,Pharmacie Zohour صيدلية الزهور,Parapharmacie,Formel,Khenifra الخنيفرة,32.9435614,-5.6754507,icons/pharmacy.png,OSM
Béni Mellal-Khénifra,Pharmacie El Fath صيدلية الفتح,Parapharmacie,Formel,"Avenue Mohamed V, Khenifra الخنيفرة",32.9464255,-5.6805046,icons/pharmacy.png,OSM
Béni Mellal-Khénifra,Pharmacie Boufloucen صيدلية بوفلوسن,Parapharmacie,Formel,Khénifra,32.9459672,-5.6829572,icons/pharmacy.png,OSM
Béni Mellal-Khénifra,Pharmacie Assaka صيدلية أسكا,Parapharmacie,Formel,Khenifra الخنيفرة,32.946903,-5.676296,icons/pharmacy.png,OSM
Béni Mellal-Khénifra,Pharmacie Nour صيدلية نور,Parapharmacie,Formel,Khenifra الخنيفرة,32.9441572,-5.6693942,icons/pharmacy.png,OSM
Béni Mellal-Khénifra,Pharmacie des Cliniques صيدلية المصحات,Parapharmacie,Formel,Khenifra الخنيفرة,32.9349695,-5.6613909,icons/pharmacy.png,OSM
Béni Mellal-Khénifra,Pharmacie Avicenne صيدلية ابن سينا,Parapharmacie,Formel,OUED ZEM,32.853026,-6.5783109,icons/pharmacy.png,OSM
Béni Mellal-Khénifra,Pharmacie Al Balsam صيدلية البلسم,Parapharmacie,Formel,Oued Zem ⵡⴰⴷ ⵣⴰⵎ وادي زم,32.8466323,-6.5767257,icons/pharmacy.png,OSM
Béni Mellal-Khénifra,Pharmacie Oued Zem صيدلية واد زم,Parapharmacie,Formel,OUED ZEM,32.8544654,-6.5762772,icons/pharmacy.png,OSM
Béni Mellal-Khénifra,Pharmacie Badr صيدلية بدر,Parapharmacie,Formel,Oued Zem ⵡⴰⴷ ⵣⴰⵎ وادي زم,32.8485083,-6.579861,icons/pharmacy.png,OSM
Béni Mellal-Khénifra,Pharmacie Jerusalem صيدلية القدس,Parapharmacie,Formel,Oued Zem,32.8603242,-6.5749552,icons/pharmacy.png,OSM
Béni Mellal-Khénifra,Pharmacie Zidania صيدلية زيدانية,Parapharmacie,Formel,Oued Zem,32.8583279,-6.5823227,icons/pharmacy.png,OSM
Béni Mellal-Khénifra,Pharmacie Salah صيدلية صلاح,Parapharmacie,Formel,Oued Zem ⵡⴰⴷ ⵣⴰⵎ وادي زم,32.8537622,-6.5805975,icons/pharmacy.png,OSM
Béni Mellal-Khénifra,Pharmacie Al Wahda صيدلية الوحدة,Parapharmacie,Formel,Oued Zem,32.8591529,-6.5769821,icons/pharmacy.png,OSM
Béni Mellal-Khénifra,Pharmacie Annour صيدلية النور,Parapharmacie,Formel,Oued Zem,32.8560121,-6.5791653,icons/pharmacy.png,OSM
Béni Mellal-Khénifra,Pharmacie Chifaa صيدلية الشفاء,Parapharmacie,Formel,Oued Zem,32.8587352,-6.5739255,icons/pharmacy.png,OSM
Béni Mellal-Khénifra,Pharmacie Mahi صيدلية ماحي,Parapharmacie,Formel,Oued Zem,32.8598646,-6.5792592,icons/pharmacy.png,OSM
Béni Mellal-Khénifra,Pharmacie Lac صيدلية البحيرة,Parapharmacie,Formel,Oued Zem ⵡⴰⴷ ⵣⴰⵎ وادي زم,32.861126,-6.5695789,icons/pharmacy.png,OSM
Béni Mellal-Khénifra,Pharmacie 20 Août صيدلية 20 غشت,Parapharmacie,Formel,Oued Zem,32.8607542,-6.57324,icons/pharmacy.png,OSM
Béni Mellal-Khénifra,Pharmacie Oum El Qora صيدلية أم القرى,Parapharmacie,Formel,Khenifra الخنيفرة,32.9525428,-5.6647156,icons/pharmacy.png,OSM
Béni Mellal-Khénifra,Pharmacie Route Rabat صيدلية طريق الرباط,Parapharmacie,Formel,Oued Zem ⵡⴰⴷ ⵣⴰⵎ وادي زم,32.8719313,-6.5725387,icons/pharmacy.png,OSM
Béni Mellal-Khénifra,Pharmacie Mohamed V صيدلية محمد الخامس,Parapharmacie,Formel,Oued Zem ⵡⴰⴷ ⵣⴰⵎ وادي زم,32.8629609,-6.5686833,icons/pharmacy.png,OSM
Béni Mellal-Khénifra,Pharmacie Al Bochra صيدلية البشرى,Parapharmacie,Formel,Oued Zem ⵡⴰⴷ ⵣⴰⵎ وادي زم,32.8625267,-6.5682844,icons/pharmacy.png,OSM
Béni Mellal-Khénifra,Pharmacie Ibtissam صيدلية ابتسام,Parapharmacie,Formel,Oued Zem,32.8641548,-6.5737396,icons/pharmacy.png,OSM
Béni Mellal-Khénifra,Pharmacie Al Amal صيدلية الأمل,Parapharmacie,Formel,Oued Zem ⵡⴰⴷ ⵣⴰⵎ وادي زم,32.8634328,-6.5707002,icons/pharmacy.png,OSM
Béni Mellal-Khénifra,Pharmacie El Haj Taghi صيدلية الحاج التاغي,Parapharmacie,Formel,Oued Zem ⵡⴰⴷ ⵣⴰⵎ وادي زم,32.8627206,-6.572268,icons/pharmacy.png,OSM
Béni Mellal-Khénifra,Pharmacie Lakriaa صيدلية القريعة,Parapharmacie,Formel,"Rue Oued Dahab, Oued Zem",32.8626359,-6.5834931,icons/pharmacy.png,OSM
Béni Mellal-Khénifra,Pharmacie Hebron صيدلية الخليل,Parapharmacie,Formel,Oued Zem,32.8656129,-6.5821218,icons/pharmacy.png,OSM
Béni Mellal-Khénifra,Pharmacie Mekka صيدلية مكة,Parapharmacie,Formel,Oued Zem,32.8751777,-6.5701623,icons/pharmacy.png,OSM
Béni Mellal-Khénifra,Pharmacie Al Haddada صيدلية الحدادة,Parapharmacie,Formel,Oued Zem,32.8574515,-6.575483,icons/pharmacy.png,OSM
Béni Mellal-Khénifra,Pharmacie Al Massira صيدلية المسيرة,Parapharmacie,Formel,Oued Zem ⵡⴰⴷ ⵣⴰⵎ وادي زم,32.8653119,-6.5528392,icons/pharmacy.png,OSM
Béni Mellal-Khénifra,Pharmacie Ennasr صيدلية النصر,Parapharmacie,Formel,Oued Zem ⵡⴰⴷ ⵣⴰⵎ وادي زم,32.8633684,-6.5573463,icons/pharmacy.png,OSM
Béni Mellal-Khénifra,Pharmacie Al Hasnaa صيدلية الحسناء,Parapharmacie,Formel,Oued Zem,32.8602592,-6.5557584,icons/pharmacy.png,OSM
Béni Mellal-Khénifra,Pharmacie Hôpital صيدلية المستشفى,Parapharmacie,Formel,Oued Zem,32.8622,-6.5749869,icons/pharmacy.png,OSM
Béni Mellal-Khénifra,Pharmacie Noureddine صيدلية نور الدين,Parapharmacie,Formel,"Avenue Mohamed VI, Souk Sebt Oulad Nemma",32.2935736,-6.6983572,icons/pharmacy.png,OSM
Béni Mellal-Khénifra,Pharmacie El Markazia الصيدلية المركزية,Parapharmacie,Formel,Souk Sebt Oulad Nemma ⵙⵓⵇ ⵙⴱⵜ ⵡⵍⴰⴷ ⵏⵎⴰ سوق السبت أولاد النمة,32.2916961,-6.6952264,icons/pharmacy.png,OSM
Béni Mellal-Khénifra,Pharmacie Beni Moussa صيدلية بني موسى,Parapharmacie,Formel,"Avenue des FAR, Souk Sebt Oulad Nemma ⵙⵓⵇ ⵙⴱⵜ ⵡⵍⴰⴷ ⵏⵎⴰ سوق السبت أولاد النمة",32.2971426,-6.7021464,icons/pharmacy.png,OSM
Béni Mellal-Khénifra,Pharmacie Errachad صيدلية الرشاد,Parapharmacie,Formel,"Avenue Moulay Rachid, Souk Sebt Oulad Nemma",32.2951066,-6.6979328,icons/pharmacy.png,OSM
Béni Mellal-Khénifra,Pharmacie Souk Sebt صيدلية سوق السبت,Parapharmacie,Formel,"Avenue Hassan II, Souk Sebt Oulad Nemma ⵙⵓⵇ ⵙⴱⵜ ⵡⵍⴰⴷ ⵏⵎⴰ سوق السبت أولاد النمة",32.297981,-6.7001161,icons/pharmacy.png,OSM
Béni Mellal-Khénifra,Pharmacie Bir Anzarane صيدلية بئر أنزران,Parapharmacie,Formel,"Rue Bir Inzaran, Souk Sebt Oulad Nemma ⵙⵓⵇ ⵙⴱⵜ ⵡⵍⴰⴷ ⵏⵎⴰ سوق السبت أولاد النمة",32.2987627,-6.7025618,icons/pharmacy.png,OSM
Béni Mellal-Khénifra,Pharmacie Ouled Nemma صيدلية أولاد النمة,Parapharmacie,Formel,"Avenue des FAR, Souk Sebt Oulad Nemma ⵙⵓⵇ ⵙⴱⵜ ⵡⵍⴰⴷ ⵏⵎⴰ سوق السبت أولاد النمة",32.2992994,-6.7010937,icons/pharmacy.png,OSM
Béni Mellal-Khénifra,Pharmacie Bouaalam صيدلية بوعلام,Parapharmacie,Formel,"Avenue Hassan II, Souk Sebt Oulad Nemma ⵙⵓⵇ ⵙⴱⵜ ⵡⵍⴰⴷ ⵏⵎⴰ سوق السبت أولاد النمة",32.3021774,-6.7000233,icons/pharmacy.png,OSM
Béni Mellal-Khénifra,Pharmacie Mohammadan صيدلية محمدان,Parapharmacie,Formel,Souk Sebt Oulad Nemma ⵙⵓⵇ ⵙⴱⵜ ⵡⵍⴰⴷ ⵏⵎⴰ سوق السبت أولاد النمة,32.3031765,-6.695527,icons/pharmacy.png,OSM
Béni Mellal-Khénifra,Pharmacie Dakhla صيدلية الداخلة,Parapharmacie,Formel,Souk Sebt Oulad Nemma ⵙⵓⵇ ⵙⴱⵜ ⵡⵍⴰⴷ ⵏⵎⴰ سوق السبت أولاد النمة,32.2983141,-6.707216,icons/pharmacy.png,OSM
Béni Mellal-Khénifra,Pharmacie Al Mostakbal صيدلية المستقبل,Parapharmacie,Formel,Souk Sebt Oulad Nemma ⵙⵓⵇ ⵙⴱⵜ ⵡⵍⴰⴷ ⵏⵎⴰ سوق السبت أولاد النمة,32.2945922,-6.7084003,icons/pharmacy.png,OSM
Béni Mellal-Khénifra,Pharmacie El Raouajih صيدلية الرواجح,Parapharmacie,Formel,Souk Sebt Oulad Nemma,32.2995126,-6.7096766,icons/pharmacy.png,OSM
Béni Mellal-Khénifra,Pharmacie Hay El Yassamine صيدلية حي الياسمين,Parapharmacie,Formel,Souk Sebt Oulad Nemma ⵙⵓⵇ ⵙⴱⵜ ⵡⵍⴰⴷ ⵏⵎⴰ سوق السبت أولاد النمة,32.3038578,-6.7143747,icons/pharmacy.png,OSM
Béni Mellal-Khénifra,Pharmacie Farouk صيدلية فاروق,Parapharmacie,Formel,El Borouj ⵍⴱⵕⵓⵊ البروج,32.5032288,-7.1912465,icons/pharmacy.png,OSM
Béni Mellal-Khénifra,Pharmacie L'amitié صيدلية الصداقة,Parapharmacie,Formel,"Avenue Mohamed V, Souk Sebt Oulad Nemma ⵙⵓⵇ ⵙⴱⵜ ⵡⵍⴰⴷ ⵏⵎⴰ سوق السبت أولاد النمة",32.3002635,-6.7039653,icons/pharmacy.png,OSM
Béni Mellal-Khénifra,Pharmacie Oum Errabia صيدلية أم الربيع,Parapharmacie,Formel,"Avenue Mohamed V, MRIRT",33.1602441,-5.5664611,icons/pharmacy.png,OSM
Béni Mellal-Khénifra,Pharmacie M'rirt صيدلية مريرت,Parapharmacie,Formel,"Avenue Mohamed V, M'rirt ⵎⵔⵉⵔⵜ مريرت",33.16803,-5.5657866,icons/pharmacy.png,OSM
Béni Mellal-Khénifra,Pharmacie Al Fath صيدلية الفتح,Parapharmacie,Formel,El Borouj ⵍⴱⵕⵓⵊ البروج,32.5060133,-7.1935441,icons/pharmacy.png,OSM
Béni Mellal-Khénifra,Pharmacie Centrale De L'Atlas صيدلية الأطلس المركزية,Parapharmacie,Formel,"Avenue Mohamed V, M'rirt ⵎⵔⵉⵔⵜ مريرت",33.1695788,-5.5659439,icons/pharmacy.png,OSM
Béni Mellal-Khénifra,Pharmacie Al Masjid صيدلية المسجد,Parapharmacie,Formel,M'rirt,33.1688983,-5.5684933,icons/pharmacy.png,OSM
Béni Mellal-Khénifra,Pharmacie Souk Lakhmiss صيدلية سوق الخميس,Parapharmacie,Formel,M'rirt ⵎⵔⵉⵔⵜ مريرت,33.1744899,-5.5642326,icons/pharmacy.png,OSM
Béni Mellal-Khénifra,Pharmacie Hassan 1er صيدلية الحسن الاول,Parapharmacie,Formel,El Borouj,32.5040627,-7.1956567,icons/pharmacy.png,OSM
Béni Mellal-Khénifra,Pharmacie Sidi Nacer صيدلية سيدي ناصر,Parapharmacie,Formel,El Borouj ⵍⴱⵕⵓⵊ البروج,32.5048634,-7.1915836,icons/pharmacy.png,OSM
Béni Mellal-Khénifra,Pharmacie Beni Meskine صيدلية بني مسكين,Parapharmacie,Formel,El Borouj ⵍⴱⵕⵓⵊ البروج,32.5036884,-7.1927915,icons/pharmacy.png,OSM
Béni Mellal-Khénifra,Pharmacie Achifaa صيدلية الشفاء,Parapharmacie,Formel,El Borouj,32.5055585,-7.1953813,icons/pharmacy.png,OSM
Béni Mellal-Khénifra,Pharmacie El Ayoubi صيدلية الأيوبي,Parapharmacie,Formel,"Avenue Mohamed V, M'rirt ⵎⵔⵉⵔⵜ مريرت",33.164615,-5.566248,icons/pharmacy.png,OSM
Béni Mellal-Khénifra,Pharmacie Centrale الصيدلية المركزية,Parapharmacie,Formel,El Borouj ⵍⴱⵕⵓⵊ البروج,32.5045317,-7.1929769,icons/pharmacy.png,OSM
Béni Mellal-Khénifra,Pharmacie El Borouj صيدلية البروج,Parapharmacie,Formel,El Borouj ⵍⴱⵕⵓⵊ البروج,32.5062123,-7.1922183,icons/pharmacy.png,OSM
Béni Mellal-Khénifra,Pharmacie Ait Sgougou صيدلية أيت سغوغو,Parapharmacie,Formel,M'rirt ⵎⵔⵉⵔⵜ مريرت,33.1629049,-5.5700332,icons/pharmacy.png,OSM
Béni Mellal-Khénifra,Pharmacie Nouvelle الصيدلية الجديدة,Parapharmacie,Formel,"Avenue Mohamed V, M'rirt",33.1561604,-5.566058,icons/pharmacy.png,OSM
Béni Mellal-Khénifra,Pharmacie El Basatine صيدلية البساتين,Parapharmacie,Formel,M'rirt ⵎⵔⵉⵔⵜ مريرت,33.1658583,-5.5697536,icons/pharmacy.png,OSM
Béni Mellal-Khénifra,Pharmacie Abdelaziz صيدلية عبد العزيز,Parapharmacie,Formel,Khouribga,32.8514757,-6.8759579,icons/pharmacy.png,OSM
Béni Mellal-Khénifra,Pharmacie Makka صيدلية مكة,Parapharmacie,Formel,Khouribga ⵅⵯⵔⵉⴱⴳⴰ خريبكة,32.8632156,-6.9032585,icons/pharmacy.png,OSM
Béni Mellal-Khénifra,Pharmacie de l’Hôpital صيدلية المستشفى,Parapharmacie,Formel,M'rirt ⵎⵔⵉⵔⵜ مريرت,33.1622396,-5.5621486,icons/pharmacy.png,OSM
Béni Mellal-Khénifra,Pharmacie Faculté صيدلية الكلية,Parapharmacie,Formel,Khouribga,32.8659343,-6.9061813,icons/pharmacy.png,OSM
Béni Mellal-Khénifra,Pharmacie Al Marjane صيدلية المرجان,Parapharmacie,Formel,Khouribga,32.873962,-6.901222,icons/pharmacy.png,OSM
Béni Mellal-Khénifra,Pharmacie Achorouk صيدلية الشروق,Parapharmacie,Formel,Khouribga,32.8664203,-6.9013385,icons/pharmacy.png,OSM
Béni Mellal-Khénifra,Pharmacie Al Falah صيدلية الفلاح,Parapharmacie,Formel,Khouribga,32.8686099,-6.8989789,icons/pharmacy.png,OSM
Béni Mellal-Khénifra,Pharmacie Riyad Essaha صيدلية رياض الصحة,Parapharmacie,Formel,Khouribga,32.8671323,-6.9167253,icons/pharmacy.png,OSM
Béni Mellal-Khénifra,Pharmacie El Allaouin صيدلية العلويين,Parapharmacie,Formel,Khouribga,32.873532,-6.9123822,icons/pharmacy.png,OSM
Béni Mellal-Khénifra,Pharmacie Qadi Ayad صيدلية قاضي عياض,Parapharmacie,Formel,Khouribga,32.8684836,-6.9156064,icons/pharmacy.png,OSM
Béni Mellal-Khénifra,Pharmacie Guizlan صيدلية غزلان,Parapharmacie,Formel,Khouribga,32.873246,-6.9172781,icons/pharmacy.png,OSM
Béni Mellal-Khénifra,Pharmacie Al Mokawama صيدلية المقاومة,Parapharmacie,Formel,Oued Zem ⵡⴰⴷ ⵣⴰⵎ وادي زم,32.8514127,-6.5796077,icons/pharmacy.png,OSM
Béni Mellal-Khénifra,Pharmacie Noury Ihssane صيدلية نوري إحسان,Parapharmacie,Formel,Boujniba ⴱⵓⵊⵏⵉⴱⴰ بو جنيبة,32.9021916,-6.7817469,icons/pharmacy.png,OSM
Béni Mellal-Khénifra,Pharmacie Mosquée Badr صيدلية مسجد بدر,Parapharmacie,Formel,"Avenue Dakhla, Boujniba ⴱⵓⵊⵏⵉⴱⴰ بو جنيبة",32.8996485,-6.7751918,icons/pharmacy.png,OSM
Béni Mellal-Khénifra,Pharmacie Boujniba صيدلية بوجنيبة,Parapharmacie,Formel,"Avenue Mohamed V, Boujniba ⴱⵓⵊⵏⵉⴱⴰ بو جنيبة",32.8982514,-6.7791135,icons/pharmacy.png,OSM
Béni Mellal-Khénifra,Pharmacie Principale الصيدلية الرئيسية,Parapharmacie,Formel,Boujniba ⴱⵓⵊⵏⵉⴱⴰ بو جنيبة,32.8977106,-6.7759273,icons/pharmacy.png,OSM
Béni Mellal-Khénifra,Pharmacie Fatima Zahra صيدلية فاطمة الزهراء,Parapharmacie,Formel,"Avenue Mohamed V, Boujniba ⴱⵓⵊⵏⵉⴱⴰ بو جنيبة",32.8956758,-6.7757093,icons/pharmacy.png,OSM
Béni Mellal-Khénifra,Pharmacie Dyar Ismail صيدلية ديار إسماعيل,Parapharmacie,Formel,Mediouna,33.4536189,-7.4989284,icons/pharmacy.png,OSM
Béni Mellal-Khénifra,Pharmacie Akhawaine صيدلية أخوين,Parapharmacie,Formel,Khouribga,32.8757699,-6.9244209,icons/pharmacy.png,OSM
Béni Mellal-Khénifra,Pharmacie Baghdad صيدلية بغداد,Parapharmacie,Formel,Khouribga,32.8804956,-6.9234559,icons/pharmacy.png,OSM
Béni Mellal-Khénifra,Pharmacie la Liberté صيدلية الحرية,Parapharmacie,Formel,Khouribga,32.8754362,-6.8971327,icons/pharmacy.png,OSM
Béni Mellal-Khénifra,Pharmacie Anssam صيدلية أنسام,Parapharmacie,Formel,Khouribga ⵅⵯⵔⵉⴱⴳⴰ خريبكة,32.8701749,-6.9306562,icons/pharmacy.png,OSM
Béni Mellal-Khénifra,Pharmacie 21 Août صيدلية 21 غشت,Parapharmacie,Formel,Khouribga ⵅⵯⵔⵉⴱⴳⴰ خريبكة,32.8826763,-6.9159339,icons/pharmacy.png,OSM
Béni Mellal-Khénifra,Pharmacie Victoire صيدلية النصر,Parapharmacie,Formel,Khouribga,32.8907539,-6.9340279,icons/pharmacy.png,OSM
Béni Mellal-Khénifra,Pharmacie Al Masjid صيدلية المسجد,Parapharmacie,Formel,Khouribga,32.8753626,-6.9036656,icons/pharmacy.png,OSM
Béni Mellal-Khénifra,Pharmacie Jazi صيدلية جازي,Parapharmacie,Formel,Khouribga ⵅⵯⵔⵉⴱⴳⴰ خريبكة,32.8792736,-6.9303157,icons/pharmacy.png,OSM
Béni Mellal-Khénifra,Pharmacie Nour Arrahmane صيدلية نور الرحمان,Parapharmacie,Formel,Khouribga,32.8737033,-6.9346852,icons/pharmacy.png,OSM
Béni Mellal-Khénifra,Pharmacie Yasser صيدلية ياسر,Parapharmacie,Formel,Khouribga,32.8739392,-6.9308256,icons/pharmacy.png,OSM
Béni Mellal-Khénifra,Pharmacie Bilal صيدلية بلال,Parapharmacie,Formel,Khouribga,32.8763766,-6.9336978,icons/pharmacy.png,OSM
Béni Mellal-Khénifra,Pharmacie Marrakech صيدلية مراكش,Parapharmacie,Formel,Khouribga ⵅⵯⵔⵉⴱⴳⴰ خريبكة,32.8814213,-6.9140125,icons/pharmacy.png,OSM
Béni Mellal-Khénifra,Pharmacie Bab Khoukha صيدلية باب خوخة,Parapharmacie,Formel,Khouribga,32.8815336,-6.9232481,icons/pharmacy.png,OSM
Béni Mellal-Khénifra,Pharmacie Al Ghaz صيدلية الغاز,Parapharmacie,Formel,Khouribga,32.8802227,-6.8994703,icons/pharmacy.png,OSM
Béni Mellal-Khénifra,Pharmacie Village صيدلية القرية,Parapharmacie,Formel,Khouribga,32.8765125,-6.9082636,icons/pharmacy.png,OSM
Béni Mellal-Khénifra,Pharmacie Bioute صيدلية بيوت,Parapharmacie,Formel,KHOURIBGA,32.876487,-6.9000616,icons/pharmacy.png,OSM
Béni Mellal-Khénifra,Pharmacie Tariq صيدلية طارق,Parapharmacie,Formel,Khouribga,32.8827478,-6.9316345,icons/pharmacy.png,OSM
Béni Mellal-Khénifra,Pharmacie Al Ihssane صيدلية الاحسان,Parapharmacie,Formel,Khouribga,32.8872581,-6.935983,icons/pharmacy.png,OSM
Béni Mellal-Khénifra,Pharmacie Al Manar صيدلية المنار,Parapharmacie,Formel,Khouribga,32.8948723,-6.9290221,icons/pharmacy.png,OSM
Béni Mellal-Khénifra,Pharmacie Rafiq صيدلية رفيق,Parapharmacie,Formel,Khouribga,32.8955469,-6.9370167,icons/pharmacy.png,OSM
Béni Mellal-Khénifra,Pharmacie Fahmane صيدلية فهمان,Parapharmacie,Formel,Khouribga,32.8894472,-6.9359212,icons/pharmacy.png,OSM
Béni Mellal-Khénifra,Pharmacie El Imane صيدلية الايمان,Parapharmacie,Formel,Khouribga ⵅⵯⵔⵉⴱⴳⴰ خريبكة,32.893358,-6.9416404,icons/pharmacy.png,OSM
Béni Mellal-Khénifra,Pharmacie Rabbani صيدلية الرباني,Parapharmacie,Formel,Khouribga ⵅⵯⵔⵉⴱⴳⴰ خريبكة,32.89299,-6.9379437,icons/pharmacy.png,OSM
Béni Mellal-Khénifra,Pharmacie El Wafaa صيدلية الوفاء,Parapharmacie,Formel,Khouribga,32.8982687,-6.9368819,icons/pharmacy.png,OSM
Béni Mellal-Khénifra,Pharmacie Errahmane صيدلية الرحمان,Parapharmacie,Formel,Khouribga,32.8994574,-6.9308199,icons/pharmacy.png,OSM
Béni Mellal-Khénifra,Pharmacie Populaire صيدلية الشعب,Parapharmacie,Formel,Khouribga,32.8975989,-6.9331514,icons/pharmacy.png,OSM
Béni Mellal-Khénifra,Pharmacie Zellaka صيدلية ا الزلاقة,Parapharmacie,Formel,Khouribga,32.8907209,-6.9304266,icons/pharmacy.png,OSM
Béni Mellal-Khénifra,Pharmacie Aneflous صيدلية انفلوس,Parapharmacie,Formel,Khouribga,32.8976696,-6.9282918,icons/pharmacy.png,OSM
Béni Mellal-Khénifra,Pharmacie Assalam صيدلية السلام,Parapharmacie,Formel,Khouribga,32.8883098,-6.8935856,icons/pharmacy.png,OSM
Béni Mellal-Khénifra,Pharmacie Ibn Sina صيدلية ابن سينا,Parapharmacie,Formel,Khouribga,32.884964,-6.9290827,icons/pharmacy.png,OSM
Béni Mellal-Khénifra,Pharmacie Grand Maghreb صيدلية المغرب الكبير,Parapharmacie,Formel,Khouribga,32.8873925,-6.9279442,icons/pharmacy.png,OSM
Béni Mellal-Khénifra,Pharmacie Charkaoui صيدلية الشرقاوي,Parapharmacie,Formel,Khouribga,32.8854462,-6.9156823,icons/pharmacy.png,OSM
Béni Mellal-Khénifra,Pharmacie Phosphate صيدلية الفوسفاط,Parapharmacie,Formel,Khouribga,32.8844996,-6.9251906,icons/pharmacy.png,OSM
Béni Mellal-Khénifra,Pharmacie Roudani صيدلية الروداني,Parapharmacie,Formel,Khouribga,32.8839129,-6.9212835,icons/pharmacy.png,OSM
Béni Mellal-Khénifra,Pharmacie Chahbounia صيدلية شهبونية,Parapharmacie,Formel,Khouribga ⵅⵯⵔⵉⴱⴳⴰ خريبكة,32.8985373,-6.9032138,icons/pharmacy.png,OSM
Béni Mellal-Khénifra,Pharmacie Centrale الصيدلية المركزية,Parapharmacie,Formel,Khouribga,32.8844199,-6.9133502,icons/pharmacy.png,OSM
Béni Mellal-Khénifra,Pharmacie Nahda صيدلية النهضة,Parapharmacie,Formel,Khouribga,32.8854903,-6.9120525,icons/pharmacy.png,OSM
Béni Mellal-Khénifra,Pharmacie Grande Pharmacie,Parapharmacie,Formel,Khouribga,32.8844129,-6.9098107,icons/pharmacy.png,OSM
Béni Mellal-Khénifra,Pharmacie Ibn Tofail صيدلية ابن طفيل,Parapharmacie,Formel,Khouribga,32.8860122,-6.9008217,icons/pharmacy.png,OSM
Béni Mellal-Khénifra,Pharmacie El Massira صيدلية المسيرة,Parapharmacie,Formel,Khouribga,32.8874889,-6.8969171,icons/pharmacy.png,OSM
Béni Mellal-Khénifra,Pharmacie Ouled Abdoun صيدلية اولاد عبدون,Parapharmacie,Formel,Khouribga,32.9055929,-6.9240365,icons/pharmacy.png,OSM
Béni Mellal-Khénifra,Pharmacie Pasteur صيدلية باستور,Parapharmacie,Formel,Khouribga ⵅⵯⵔⵉⴱⴳⴰ خريبكة,32.8998414,-6.9156488,icons/pharmacy.png,OSM
Béni Mellal-Khénifra,Pharmacie Al Bassatine صيدلية البساتين,Parapharmacie,Formel,Khouribga ⵅⵯⵔⵉⴱⴳⴰ خريبكة,32.9038991,-6.9070396,icons/pharmacy.png,OSM
Béni Mellal-Khénifra,Pharmacie Hazim صيدلية حازم,Parapharmacie,Formel,Khouribga ⵅⵯⵔⵉⴱⴳⴰ خريبكة,32.8964624,-6.920839,icons/pharmacy.png,OSM
Béni Mellal-Khénifra,Pharmacie Wariri صيدلية وريري,Parapharmacie,Formel,Khouribga ⵅⵯⵔⵉⴱⴳⴰ خريبكة,32.9009634,-6.9112044,icons/pharmacy.png,OSM
Béni Mellal-Khénifra,Pharmacie Amtoun صيدلية أمتون,Parapharmacie,Formel,Khouribga,32.8882019,-6.9073428,icons/pharmacy.png,OSM
Béni Mellal-Khénifra,Pharmacie Moulay Youssef صيدلية مولاي يوسف,Parapharmacie,Formel,Khouribga,32.8874282,-6.9109272,icons/pharmacy.png,OSM
Béni Mellal-Khénifra,Pharmacie Résistance صيدلية المقاومة,Parapharmacie,Formel,Khouribga,32.8921083,-6.9202547,icons/pharmacy.png,OSM
Béni Mellal-Khénifra,Pharmacie Al Mostakbal صيدلية المستقبل,Parapharmacie,Formel,Khouribga ⵅⵯⵔⵉⴱⴳⴰ خريبكة,32.8987154,-6.9225582,icons/pharmacy.png,OSM
Béni Mellal-Khénifra,Pharmacie Hay Mabchour صيدلية حي مبشور,Parapharmacie,Formel,Khouribga ⵅⵯⵔⵉⴱⴳⴰ خريبكة,32.8943915,-6.9221199,icons/pharmacy.png,OSM
Béni Mellal-Khénifra,Pharmacie Annour صيدلية النور,Parapharmacie,Formel,Khouribga,32.8902022,-6.9049214,icons/pharmacy.png,OSM
Béni Mellal-Khénifra,Pharmacie Dakhla صيدلية الداخلة,Parapharmacie,Formel,Khouribga,32.8926656,-6.9076832,icons/pharmacy.png,OSM
Béni Mellal-Khénifra,Pharmacie Khouribga صيدلية خريبكة,Parapharmacie,Formel,Khouribga,32.8945479,-6.8986492,icons/pharmacy.png,OSM
Béni Mellal-Khénifra,Pharmacie Bouchra صيدلية بشرى,Parapharmacie,Formel,Khouribga,32.8940808,-6.9039584,icons/pharmacy.png,OSM
Béni Mellal-Khénifra,Pharmacie Hôpital صيدلية المستشفى,Parapharmacie,Formel,Khouribga,32.8912079,-6.9092619,icons/pharmacy.png,OSM
Béni Mellal-Khénifra,Pharmacie Yassmina صيدلية ياسمينة,Parapharmacie,Formel,Khouribga,32.8914296,-6.8941604,icons/pharmacy.png,OSM
Béni Mellal-Khénifra,Pharmacie Youssef Ben Tachfine صيدلية يوسف بن تاشفين,Parapharmacie,Formel,Khouribga,32.894378,-6.8949638,icons/pharmacy.png,OSM
Béni Mellal-Khénifra,Pharmacie Imam Malik صيدلية الامام مالك,Parapharmacie,Formel,Khouribga ⵅⵯⵔⵉⴱⴳⴰ خريبكة,32.8904688,-6.9180633,icons/pharmacy.png,OSM
Béni Mellal-Khénifra,Pharmacie Rochdi صيدلية رشدي,Parapharmacie,Formel,Khouribga,32.8921797,-6.89802,icons/pharmacy.png,OSM
Béni Mellal-Khénifra,Pharmacie Assouna صيدلية السنة,Parapharmacie,Formel,Khouribga ⵅⵯⵔⵉⴱⴳⴰ خريبكة,32.8770811,-6.9288784,icons/pharmacy.png,OSM
Béni Mellal-Khénifra,Pharmacie Khallouk صيدلية خلوق,Parapharmacie,Formel,Khouribga ⵅⵯⵔⵉⴱⴳⴰ خريبكة,32.9002677,-6.9186637,icons/pharmacy.png,OSM
Béni Mellal-Khénifra,Pharmacie Oum El Qora صيدلية أم القرى,Parapharmacie,Formel,Khouribga ⵅⵯⵔⵉⴱⴳⴰ خريبكة,32.8918877,-6.899863,icons/pharmacy.png,OSM
Béni Mellal-Khénifra,Pharmacie Ouardigha صيدلية ورديغة,Parapharmacie,Formel,Khouribga,32.8864803,-6.9322951,icons/pharmacy.png,OSM
Béni Mellal-Khénifra,Pharmacie Ryad صيدلية رياض,Parapharmacie,Formel,Khouribga,32.878631,-6.9255609,icons/pharmacy.png,OSM
Béni Mellal-Khénifra,Pharmacie Souissi صيدلية سويسي,Parapharmacie,Formel,Khouribga,32.8908687,-6.902262,icons/pharmacy.png,OSM
Béni Mellal-Khénifra,Pharmacie Tantawi صيدلية الطنطاوي,Parapharmacie,Formel,"Boulevard Mohammed VI, Khouribga ⵅⵯⵔⵉⴱⴳⴰ خريبكة",32.8900944,-6.9259075,icons/pharmacy.png,OSM
Béni Mellal-Khénifra,Pharmacie Rhases صيدلية الرازي,Parapharmacie,Formel,Khouribga ⵅⵯⵔⵉⴱⴳⴰ خريبكة,32.90232,-6.9042541,icons/pharmacy.png,OSM
Béni Mellal-Khénifra,Pharmacie Mokhtar Soussi صيدلية المختار السوسي,Parapharmacie,Formel,"Rue Mokhtar Souusi, Khouribga",32.8863498,-6.9050606,icons/pharmacy.png,OSM
Béni Mellal-Khénifra,Pharmacie Al Inbiat صيدلية الإنبعاث,Parapharmacie,Formel,"Avenue Belghazi, Khouribga",32.8744826,-6.9277723,icons/pharmacy.png,OSM
Béni Mellal-Khénifra,Pharmacie du Croissant صيدلية الهلال,Parapharmacie,Formel,"Rue Cadi Ayad, Khouribga",32.8904564,-6.9217286,icons/pharmacy.png,OSM
Béni Mellal-Khénifra,Pharmacie Ibn Rochd صيدلية ابن رشد,Parapharmacie,Formel,Khouribga ⵅⵯⵔⵉⴱⴳⴰ خريبكة,32.8924637,-6.9159149,icons/pharmacy.png,OSM
Béni Mellal-Khénifra,Pharmacie Ibnou Lhaytham صيدلية ابن الهيثم,Parapharmacie,Formel,Khouribga,32.8894719,-6.8993982,icons/pharmacy.png,OSM
Béni Mellal-Khénifra,Pharmacie Attakadum صيدلية التقدم,Parapharmacie,Formel,Khouribga ⵅⵯⵔⵉⴱⴳⴰ خريبكة,32.8920705,-6.9244132,icons/pharmacy.png,OSM
Béni Mellal-Khénifra,Pharmacie Al Bouchra صيدلية البشرى,Parapharmacie,Formel,Azrou ⴰⵣⵔⵓ أزرو,33.4309537,-5.2280042,icons/pharmacy.png,OSM
Béni Mellal-Khénifra,Pharmacie Hanan صيدلية حنان,Parapharmacie,Formel,Azrou ⴰⵣⵔⵓ أزرو,33.4317179,-5.2237962,icons/pharmacy.png,OSM
Béni Mellal-Khénifra,Pharmacie Rachad صيدلية رشاد,Parapharmacie,Formel,Azrou ⴰⵣⵔⵓ أزرو,33.4302926,-5.2263468,icons/pharmacy.png,OSM
Béni Mellal-Khénifra,Pharmacie Centrale الصيدلية المركزية,Parapharmacie,Formel,Azrou ⴰⵣⵔⵓ أزرو,33.4330817,-5.2232744,icons/pharmacy.png,OSM
Béni Mellal-Khénifra,Pharmacie Moyen Atlas صيدلية الأطلس المتوسط,Parapharmacie,Formel,Azrou ⴰⵣⵔⵓ أزرو,33.4380977,-5.2214376,icons/pharmacy.png,OSM
Béni Mellal-Khénifra,Pharmacie Akchmir صيدلية أقشمير,Parapharmacie,Formel,Azrou ⴰⵣⵔⵓ أزرو,33.4380086,-5.2231061,icons/pharmacy.png,OSM
Béni Mellal-Khénifra,Pharmacie Assaada صيدلية السعادة,Parapharmacie,Formel,Azrou أزرو,33.4380659,-5.2266777,icons/pharmacy.png,OSM
Béni Mellal-Khénifra,Pharmacie Al Arabi صيدلية العربي,Parapharmacie,Formel,Azrou ⴰⵣⵔⵓ أزرو,33.4395474,-5.2243742,icons/pharmacy.png,OSM
Béni Mellal-Khénifra,Pharmacie Arz صيدلية الأرز,Parapharmacie,Formel,Azrou أزرو,33.4422662,-5.2286382,icons/pharmacy.png,OSM
Béni Mellal-Khénifra,Pharmacie Merchich صيدلية مرشيش,Parapharmacie,Formel,Azrou ⴰⵣⵔⵓ أزرو,33.4482429,-5.2258117,icons/pharmacy.png,OSM
Béni Mellal-Khénifra,Pharmacie Yousra صيدلية يسرى,Parapharmacie,Formel,Azrou ⴰⵣⵔⵓ أزرو,33.4454033,-5.2202834,icons/pharmacy.png,OSM
Béni Mellal-Khénifra,Pharmacie Sanawbar صيدلية الصنوبر,Parapharmacie,Formel,Azrou ⴰⵣⵔⵓ أزرو,33.4499676,-5.2221602,icons/pharmacy.png,OSM
Béni Mellal-Khénifra,Pharmacie Al Amraoui صيدلية العمراوي,Parapharmacie,Formel,Azrou أزرو,33.4459931,-5.2294191,icons/pharmacy.png,OSM
Béni Mellal-Khénifra,Pharmacie Ibn Sina صيدلية ابن سينا,Parapharmacie,Formel,Azrou أزرو,33.4456602,-5.2258797,icons/pharmacy.png,OSM
Béni Mellal-Khénifra,Pharmacie Marina صيدلية مارينا,Parapharmacie,Formel,Azrou أزرو,33.4467675,-5.2227049,icons/pharmacy.png,OSM
Béni Mellal-Khénifra,Pharmacie Palmier صيدلية النخيل,Parapharmacie,Formel,Azrou أزرو,33.4491523,-5.2297949,icons/pharmacy.png,OSM
Béni Mellal-Khénifra,Pharmacie Ain Aghbal صيدلية عين أغبال,Parapharmacie,Formel,Azrou ⴰⵣⵔⵓ أزرو,33.4478467,-5.219486,icons/pharmacy.png,OSM
Béni Mellal-Khénifra,Pharmacie El Ihssane صيدلية الاحسان,Parapharmacie,Formel,Azrou ⴰⵣⵔⵓ أزرو,33.4525789,-5.2241936,icons/pharmacy.png,OSM
Béni Mellal-Khénifra,Pharmacie Ahadaf صيدلية أحداف,Parapharmacie,Formel,Azrou ⴰⵣⵔⵓ أزرو,33.4433819,-5.2246834,icons/pharmacy.png,OSM
Béni Mellal-Khénifra,Pharmacie Takouine صيدلية التكوين,Parapharmacie,Formel,Azrou أزرو,33.4515195,-5.2286994,icons/pharmacy.png,OSM
Béni Mellal-Khénifra,Pharmacie Sara صيدلية سارة,Parapharmacie,Formel,Azrou ⴰⵣⵔⵓ أزرو,33.4548128,-5.22655,icons/pharmacy.png,OSM
Béni Mellal-Khénifra,Pharmacie Ramis صيدلية رامييس,Parapharmacie,Formel,Azrou ⴰⵣⵔⵓ أزرو,33.4528555,-5.2208752,icons/pharmacy.png,OSM
Béni Mellal-Khénifra,Pharmacie Adam صيدلية اَدم,Parapharmacie,Formel,Azrou ⴰⵣⵔⵓ أزرو,33.4475886,-5.2323047,icons/pharmacy.png,OSM
Béni Mellal-Khénifra,Pharmacie Tourge صيدلية توغر,Parapharmacie,Formel,Oulmès ⵡⴰⵍⵎⴰⵙ ولماس,33.4248969,-6.0035339,icons/pharmacy.png,OSM
Béni Mellal-Khénifra,Pharmacie Adil صيدلية عادل,Parapharmacie,Formel,Oulmès ⵡⴰⵍⵎⴰⵙ ولماس,33.4256143,-6.0025282,icons/pharmacy.png,OSM
Béni Mellal-Khénifra,Pharmacie Dr Mohamed صيدلية دكتور محمد,Parapharmacie,Formel,Oulmès,33.4301177,-6.0002227,icons/pharmacy.png,OSM
Béni Mellal-Khénifra,Pharmacie Tarik Ibn Ziyad صيدلية طارق ابن زياد,Parapharmacie,Formel,Oulmès,33.4323085,-6.0029889,icons/pharmacy.png,OSM
Béni Mellal-Khénifra,Pharmacie Nour El Houda صيدلية نور الهدى,Parapharmacie,Formel,El Gara ⵍⴳⴰⵕⴰ الكارة,33.2723892,-7.2292949,icons/pharmacy.png,OSM
Béni Mellal-Khénifra,Pharmacie De l'Hopital صيدلية المستشفى,Parapharmacie,Formel,El Gara ⵍⴳⴰⵕⴰ الكارة,33.2811345,-7.2389013,icons/pharmacy.png,OSM
Béni Mellal-Khénifra,Pharmacie Al Fath Essaoudi صيدلية الفتح السعودي,Parapharmacie,Formel,"Avenue Hassan 2 شارع الحسن الثاني, Azrou ⴰⵣⵔⵓ أزرو",33.444158,-5.2281667,icons/pharmacy.png,OSM
Béni Mellal-Khénifra,Pharmacie Oum Rayan صيدلية أم ريان,Parapharmacie,Formel,Azrou ⴰⵣⵔⵓ أزرو,33.4423969,-5.2354294,icons/pharmacy.png,OSM
Béni Mellal-Khénifra,Pharmacie Oulmès صيدلية ولماس,Parapharmacie,Formel,Oulmès ⵡⴰⵍⵎⴰⵙ ولماس,33.4236037,-6.0039761,icons/pharmacy.png,OSM
Béni Mellal-Khénifra,Pharmacie Mouhcine صيدلية محسن,Parapharmacie,Formel,Khouribga,32.8860258,-6.9208103,icons/pharmacy.png,OSM
Béni Mellal-Khénifra,جودة زيت الزيتون والعسل الحر عند إسماعيل,Supermarché,Formel,"Rue ibn sina village ocp, Khouribga",32.8758194,-6.9096796,icons/supermarket.png,OSM
Béni Mellal-Khénifra,Pharmacie Al Andalous صيدلية الأندلس,Parapharmacie,Formel,"Avenue Bir Anzarane, Ben Ahmed",33.061902,-7.2449421,icons/pharmacy.png,OSM
Béni Mellal-Khénifra,Pharmacie Tamar صيدلية التمار,Parapharmacie,Formel,"Avenue Moulay Abdelaziz, Ben Ahmed",33.0619977,-7.2434945,icons/pharmacy.png,OSM
Béni Mellal-Khénifra,Pharmacie Bissmillah صيدلية بسم الله,Parapharmacie,Formel,"Avenue Moulay Ismail, Ben Ahmed",33.0629964,-7.242001,icons/pharmacy.png,OSM
Béni Mellal-Khénifra,Pharmacie Eddechra صيدلية الدشرة,Parapharmacie,Formel,"Avenue Ibn Tofail, Ben Ahmed",33.0626054,-7.2396329,icons/pharmacy.png,OSM
Béni Mellal-Khénifra,Pharmacie Mekka صيدلية مكة,Parapharmacie,Formel,Ben Ahmed,33.063915,-7.2468762,icons/pharmacy.png,OSM
Béni Mellal-Khénifra,Pharmacie M'Zab صيدلية مزاب,Parapharmacie,Formel,Ben Ahmed ⴱⵏ ⵃⵎⴷ بن أحمد,33.0653488,-7.2462735,icons/pharmacy.png,OSM
Béni Mellal-Khénifra,Pharmacie Yassine صيدلية ياسين,Parapharmacie,Formel,Ben Ahmed,33.063506,-7.2376658,icons/pharmacy.png,OSM
Béni Mellal-Khénifra,Pharmacie La Grande Mosquée صيدلية المسجد الأعظم,Parapharmacie,Formel,"Place de la Mosquée, Ben Ahmed بن أحمد",33.0642768,-7.2451336,icons/pharmacy.png,OSM
Béni Mellal-Khénifra,Pharmacie Sahih صيدلية صحيح,Parapharmacie,Formel,Ben Ahmed,33.0691169,-7.2423237,icons/pharmacy.png,OSM
Béni Mellal-Khénifra,Café Restaurant le grand Atlas,Restaurant,Formel,Café Restaurant le grand Atlas,32.5539275,-6.014011,icons/restaurant.png,OSM
Béni Mellal-Khénifra,Café sans nom,Café,Formel,Café sans nom,32.1551321,-5.630913,icons/cafe.png,OSM
Béni Mellal-Khénifra,Restaurant sans nom,Restaurant,Formel,Restaurant sans nom,32.1557194,-5.6311441,icons/restaurant.png,OSM
Béni Mellal-Khénifra,O2,Restaurant,Formel,O2,31.5059477,-5.0433499,icons/restaurant.png,OSM
Béni Mellal-Khénifra,Café Adam,Café,Formel,Café Adam,32.2751834,-6.4554822,icons/cafe.png,OSM
Béni Mellal-Khénifra,Supérette / Mini-market sans nom,Supérette / Mini-market,Formel,Supérette / Mini-market sans nom,32.2715489,-6.4570204,icons/convenience.png,OSM
Béni Mellal-Khénifra,Café sans nom,Café,Formel,Café sans nom,32.103718,-6.3268716,icons/cafe.png,OSM
Béni Mellal-Khénifra,Supérette / Mini-market sans nom,Supérette / Mini-market,Formel,Supérette / Mini-market sans nom,32.2071406,-6.4640976,icons/convenience.png,OSM
Béni Mellal-Khénifra,Supérette / Mini-market sans nom,Supérette / Mini-market,Formel,Supérette / Mini-market sans nom,32.208041,-6.4635153,icons/convenience.png,OSM
Béni Mellal-Khénifra,السوق الاسبوعي ايت بواولي,Épicerie,Informel,"مركز ايت بواولي, Ait Bou Oulli ⴰⵢⵜ ⴱⵓⵡⵍⵍⵉ آيت بو علي",31.6030348,-6.6040054,icons/greengrocer.png,OSM
Béni Mellal-Khénifra,Restaurant sans nom,Restaurant,Formel,Restaurant sans nom,32.9961488,-5.6517183,icons/restaurant.png,OSM
Béni Mellal-Khénifra,Restaurant sans nom,Restaurant,Formel,Restaurant sans nom,32.3313266,-6.3546885,icons/restaurant.png,OSM
Béni Mellal-Khénifra,Chez Mounir,Restaurant,Formel,Chez Mounir,32.0138698,-6.7198843,icons/restaurant.png,OSM
Béni Mellal-Khénifra,HOTEL AIN LEUH,Restaurant,Formel,"Mahat Al Benzin, Sahat Abdel Wouhab",33.2898138,-5.3372079,icons/restaurant.png,OSM
Béni Mellal-Khénifra,Gîte Imarin,Café,Formel,Dr  Agouti 22450 Ait Bougumez,31.637022,-6.4698627,icons/cafe.png,OSM
Béni Mellal-Khénifra,Café sans nom,Café,Formel,Café sans nom,32.0567231,-7.3925174,icons/cafe.png,OSM
Béni Mellal-Khénifra,Pharmacie Timahdit صيدلية تيمحضيت,Parapharmacie,Formel,Pharmacie Timahdit صيدلية تيمحضيت,33.2359355,-5.0586222,icons/pharmacy.png,OSM
Béni Mellal-Khénifra,nn,Restaurant,Formel,nn,31.7322155,-7.0003087,icons/restaurant.png,OSM
Béni Mellal-Khénifra,Café sans nom,Café,Formel,Café sans nom,32.7380877,-6.4155428,icons/cafe.png,OSM
Béni Mellal-Khénifra,Marché central,Épicerie,Informel,Ben Ahmed ⴱⵏ ⵃⵎⴷ بن أحمد,33.065519,-7.2439432,icons/greengrocer.png,OSM
Béni Mellal-Khénifra,Club Nacer Nawal Kenza,Café,Formel,Ben Ahmed ⴱⵏ ⵃⵎⴷ بن أحمد,33.0652981,-7.2448854,icons/cafe.png,OSM
Béni Mellal-Khénifra,Café Hicham,Café,Formel,Café Hicham,32.3121057,-5.6505252,icons/cafe.png,OSM
Béni Mellal-Khénifra,Yunes shop,Supérette / Mini-market,Formel,Yunes shop,32.5530995,-5.7311114,icons/convenience.png,OSM
Béni Mellal-Khénifra,Dris Shop,Supérette / Mini-market,Formel,Dris Shop,32.5530525,-5.7309902,icons/convenience.png,OSM
Béni Mellal-Khénifra,Café sans nom,Café,Formel,Café sans nom,32.9267969,-5.531156,icons/cafe.png,OSM
Béni Mellal-Khénifra,Abdullahs shop,Supérette / Mini-market,Formel,Abdullahs shop,33.0378785,-5.3153792,icons/convenience.png,OSM
Béni Mellal-Khénifra,Parapharmacie sans nom,Parapharmacie,Formel,Parapharmacie sans nom,31.530597,-7.4850202,icons/pharmacy.png,OSM
Béni Mellal-Khénifra,Riad Dadès Paradise,Restaurant,Formel,Riad Dadès Paradise,31.5027303,-5.9460356,icons/restaurant.png,OSM
Béni Mellal-Khénifra,Supérette / Mini-market sans nom,Supérette / Mini-market,Formel,Supérette / Mini-market sans nom,31.7878658,-6.0742897,icons/convenience.png,OSM
Béni Mellal-Khénifra,planet of pays,Restaurant,Formel,Gorges du Dades,31.5002191,-5.946418,icons/restaurant.png,OSM
Béni Mellal-Khénifra,Épicerie sans nom,Épicerie,Informel,Épicerie sans nom,31.5065979,-5.5391812,icons/greengrocer.png,OSM
Béni Mellal-Khénifra,Supérette / Mini-market sans nom,Supérette / Mini-market,Formel,Supérette / Mini-market sans nom,31.5956385,-6.9371434,icons/convenience.png,OSM
Béni Mellal-Khénifra,Supérette / Mini-market sans nom,Supérette / Mini-market,Formel,Supérette / Mini-market sans nom,31.657958,-7.0910579,icons/convenience.png,OSM
Béni Mellal-Khénifra,Supérette / Mini-market sans nom,Supérette / Mini-market,Formel,Supérette / Mini-market sans nom,31.6743662,-7.2659513,icons/convenience.png,OSM
Béni Mellal-Khénifra,Supérette / Mini-market sans nom,Supérette / Mini-market,Formel,Supérette / Mini-market sans nom,31.6457095,-7.4701466,icons/convenience.png,OSM
Béni Mellal-Khénifra,Supérette / Mini-market sans nom,Supérette / Mini-market,Formel,Supérette / Mini-market sans nom,32.0045835,-5.0336239,icons/convenience.png,OSM
Béni Mellal-Khénifra,Supérette / Mini-market sans nom,Supérette / Mini-market,Formel,Supérette / Mini-market sans nom,31.6457046,-7.4752624,icons/convenience.png,OSM
Béni Mellal-Khénifra,Restaurant sans nom,Restaurant,Formel,Restaurant sans nom,31.646388,-7.4726131,icons/restaurant.png,OSM
Béni Mellal-Khénifra,Supérette / Mini-market sans nom,Supérette / Mini-market,Formel,Supérette / Mini-market sans nom,31.6748387,-7.0792964,icons/convenience.png,OSM
Béni Mellal-Khénifra,Supérette / Mini-market sans nom,Supérette / Mini-market,Formel,Supérette / Mini-market sans nom,31.6717,-7.0813188,icons/convenience.png,OSM
Béni Mellal-Khénifra,Supérette / Mini-market sans nom,Supérette / Mini-market,Formel,Supérette / Mini-market sans nom,31.6578746,-7.0899126,icons/convenience.png,OSM
Béni Mellal-Khénifra,Supérette / Mini-market sans nom,Supérette / Mini-market,Formel,Supérette / Mini-market sans nom,31.6394015,-7.1627051,icons/convenience.png,OSM
Béni Mellal-Khénifra,Supérette / Mini-market sans nom,Supérette / Mini-market,Formel,Supérette / Mini-market sans nom,31.6464699,-7.171618,icons/convenience.png,OSM
Béni Mellal-Khénifra,Supérette / Mini-market sans nom,Supérette / Mini-market,Formel,Supérette / Mini-market sans nom,31.6470356,-7.1722336,icons/convenience.png,OSM
Béni Mellal-Khénifra,Supérette / Mini-market sans nom,Supérette / Mini-market,Formel,Supérette / Mini-market sans nom,31.6436693,-7.1908321,icons/convenience.png,OSM
Béni Mellal-Khénifra,Café sans nom,Café,Formel,Café sans nom,31.6763133,-7.2673179,icons/cafe.png,OSM
Béni Mellal-Khénifra,Cafe Assonfou,Café,Formel,Cafe Assonfou,31.8350997,-6.1065617,icons/cafe.png,OSM
Béni Mellal-Khénifra,Cafe Restaurant Boulangerie Atlas,Restaurant,Formel,Cafe Restaurant Boulangerie Atlas,31.8353155,-6.1071125,icons/restaurant.png,OSM
Béni Mellal-Khénifra,Pharmacie Tilouguite,Parapharmacie,Formel,Pharmacie Tilouguite,32.0302104,-6.2063287,icons/pharmacy.png,OSM
Béni Mellal-Khénifra,Épicerie sans nom,Épicerie,Informel,Épicerie sans nom,32.0644136,-5.9360986,icons/greengrocer.png,OSM
Béni Mellal-Khénifra,Restaurant sans nom,Restaurant,Formel,Restaurant sans nom,33.4483346,-5.2316601,icons/restaurant.png,OSM
Béni Mellal-Khénifra,Café Atlas,Café,Formel,Café Atlas,31.5879759,-6.480127,icons/cafe.png,OSM
Béni Mellal-Khénifra,Liverpool Cafe ⵜⴰⵏⵖⵍⵓⵙⵜ ⵏ ⵍⵉⵠⵔ ⵒⵒⵓⵍ مقهى ليڤرپول,Café,Formel,Liverpool Cafe ⵜⴰⵏⵖⵍⵓⵙⵜ ⵏ ⵍⵉⵠⵔ ⵒⵒⵓⵍ مقهى ليڤرپول,32.3435076,-6.369099,icons/cafe.png,OSM
Béni Mellal-Khénifra,Liverpool Cafe ⵍⵉⵠⵔⵒⵓⵍ ⴽⴰⴼⵉ ليڤرپول كافي,Café,Formel,Liverpool Cafe ⵍⵉⵠⵔⵒⵓⵍ ⴽⴰⴼⵉ ليڤرپول كافي,32.3435913,-6.3691199,icons/cafe.png,OSM
Béni Mellal-Khénifra,صيدلية,Parapharmacie,Formel,صيدلية,32.711839,-5.807297,icons/pharmacy.png,OSM
Béni Mellal-Khénifra,محل تجاري لبيع المواد الغذائية,Supermarché,Formel,محل تجاري لبيع المواد الغذائية,32.1258424,-6.4840973,icons/supermarket.png,OSM
Béni Mellal-Khénifra,Parapharmacie sans nom,Parapharmacie,Formel,Parapharmacie sans nom,32.0132322,-6.7146432,icons/pharmacy.png,OSM
Béni Mellal-Khénifra,سوق أكدال,Épicerie,Informel,سوق أكدال,32.0153918,-5.4842169,icons/greengrocer.png,OSM
Béni Mellal-Khénifra,Boulangerie sans nom,Boulangerie,Formel,Boulangerie sans nom,31.6605533,-6.4082872,icons/bakery.png,OSM
Béni Mellal-Khénifra,Épicerie sans nom,Épicerie,Informel,Épicerie sans nom,32.013207,-6.7153259,icons/greengrocer.png,OSM
Béni Mellal-Khénifra,Supérette / Mini-market sans nom,Supérette / Mini-market,Formel,Supérette / Mini-market sans nom,32.013219,-6.7149027,icons/convenience.png,OSM
Béni Mellal-Khénifra,Restaurant sans nom,Restaurant,Formel,Restaurant sans nom,32.013388,-6.714814,icons/restaurant.png,OSM
Béni Mellal-Khénifra,Kasr Ain Asserdoun,Restaurant,Formel,Kasr Ain Asserdoun,32.3238035,-6.3375893,icons/restaurant.png,OSM
Béni Mellal-Khénifra,Café sans nom,Café,Formel,Café sans nom,31.9518344,-6.5730731,icons/cafe.png,OSM
Béni Mellal-Khénifra,Casa Mia,Restaurant,Formel,Casa Mia,31.732967,-7.004752,icons/restaurant.png,OSM
Béni Mellal-Khénifra,Belle Vue,Restaurant,Formel,Belle Vue,31.9590001,-6.5713573,icons/restaurant.png,OSM
Béni Mellal-Khénifra,Supérette / Mini-market sans nom,Supérette / Mini-market,Formel,Supérette / Mini-market sans nom,31.5116311,-5.5375628,icons/convenience.png,OSM
Béni Mellal-Khénifra,Mini Market Ouaza,Supérette / Mini-market,Formel,Mini Market Ouaza,31.5175828,-5.5362878,icons/convenience.png,OSM
Béni Mellal-Khénifra,Supérette / Mini-market sans nom,Supérette / Mini-market,Formel,Supérette / Mini-market sans nom,31.5154419,-5.5374986,icons/convenience.png,OSM
Béni Mellal-Khénifra,café des jeunes,Café,Formel,café des jeunes,32.9196853,-5.7126102,icons/cafe.png,OSM
Béni Mellal-Khénifra,coffee de old,Café,Formel,coffee de old,32.9083424,-5.7043017,icons/cafe.png,OSM
Béni Mellal-Khénifra,souk ikhwan,Supermarché,Formel,souk ikhwan,32.9081743,-5.7043402,icons/supermarket.png,OSM
Béni Mellal-Khénifra,pharmacie Youssef,Parapharmacie,Formel,pharmacie Youssef,32.4040184,-6.235567,icons/pharmacy.png,OSM
Béni Mellal-Khénifra,Rania,Restaurant,Formel,Rania,32.9307774,-5.669051,icons/restaurant.png,OSM
Béni Mellal-Khénifra,Adrar,Restaurant,Formel,Adrar,32.9314071,-5.668764,icons/restaurant.png,OSM
Béni Mellal-Khénifra,Café sans nom,Café,Formel,Café sans nom,31.5904965,-5.5965952,icons/cafe.png,OSM
Béni Mellal-Khénifra,CAFE OUALID,Café,Formel,CAFE OUALID,32.2801049,-6.4612076,icons/cafe.png,OSM
Béni Mellal-Khénifra,محلبة وحلويات باب منصور,Boulangerie,Formel,محلبة وحلويات باب منصور,33.4351881,-5.2202874,icons/bakery.png,OSM
Béni Mellal-Khénifra,Restaurant Rif,Restaurant,Formel,Restaurant Rif,33.4352757,-5.2219198,icons/restaurant.png,OSM
Béni Mellal-Khénifra,Snack la forêt,Restaurant,Formel,Snack la forêt,33.4352411,-5.2220191,icons/restaurant.png,OSM
Béni Mellal-Khénifra,Vanilla boulangerie,Boulangerie,Formel,Vanilla boulangerie,33.4329536,-5.2225485,icons/bakery.png,OSM
Béni Mellal-Khénifra,Le Sapin,Restaurant,Formel,Le Sapin,33.4407519,-5.2256132,icons/restaurant.png,OSM
Béni Mellal-Khénifra,Carrefour,Supermarché,Formel,Carrefour,33.4464775,-5.2302693,icons/supermarket.png,OSM
Béni Mellal-Khénifra,Boulangerie sans nom,Boulangerie,Formel,Boulangerie sans nom,33.4471819,-5.2303203,icons/bakery.png,OSM
Béni Mellal-Khénifra,Café sans nom,Café,Formel,Café sans nom,33.447267,-5.2302608,icons/cafe.png,OSM
Béni Mellal-Khénifra,السويقة د احداف,Épicerie,Informel,السويقة د احداف,33.442147,-5.2256606,icons/greengrocer.png,OSM
Béni Mellal-Khénifra,Restaurant sans nom,Restaurant,Formel,Restaurant sans nom,33.4404953,-5.2260131,icons/restaurant.png,OSM
Béni Mellal-Khénifra,Restaurant Al Madina,Restaurant,Formel,Restaurant Al Madina,33.4431251,-5.227848,icons/restaurant.png,OSM
Béni Mellal-Khénifra,Café,Café,Formel,Café,32.0301519,-6.205922,icons/cafe.png,OSM
Béni Mellal-Khénifra,Mini market,Supérette / Mini-market,Formel,Mini market,31.905338,-6.0955755,icons/convenience.png,OSM
Béni Mellal-Khénifra,Tente Café,Café,Formel,Tente Café,31.6100661,-6.3823026,icons/cafe.png,OSM
Béni Mellal-Khénifra,Cafe Restaurant Ifrane,Café,Formel,Cafe Restaurant Ifrane,32.1028557,-5.5242763,icons/cafe.png,OSM
Béni Mellal-Khénifra,AFA Nuts,Supermarché,Formel,"zohour al atlas, Beni Mellal",32.3223204,-6.3589358,icons/supermarket.png,OSM
Béni Mellal-Khénifra,Dar Ait Barra Chez l’habitant,Restaurant,Formel,Dar Ait Barra Chez l’habitant,31.5407176,-5.563079,icons/restaurant.png,OSM
Béni Mellal-Khénifra,Boulangerie sans nom,Boulangerie,Formel,Ouzoud ⵓⵣⵓⴷ أوزود,32.0132198,-6.7147263,icons/bakery.png,OSM
Béni Mellal-Khénifra,Supérette / Mini-market sans nom,Supérette / Mini-market,Formel,Supérette / Mini-market sans nom,31.5154051,-5.5024417,icons/convenience.png,OSM
Béni Mellal-Khénifra,Dar Essalam,Restaurant,Formel,Dar Essalam,32.0142038,-6.7192204,icons/restaurant.png,OSM
Béni Mellal-Khénifra,Alimentation Generale,Supérette / Mini-market,Formel,Alimentation Generale,32.0142031,-6.7186538,icons/convenience.png,OSM
Béni Mellal-Khénifra,Pizzeria Bab Echallal,Restaurant,Formel,Pizzeria Bab Echallal,32.0142489,-6.7190652,icons/restaurant.png,OSM
Béni Mellal-Khénifra,Albergue,Restaurant,Formel,Albergue,31.8937674,-6.410225,icons/restaurant.png,OSM
Béni Mellal-Khénifra,Chez Azziz Couscous,Restaurant,Formel,Chez Azziz Couscous,32.9362679,-5.6715857,icons/restaurant.png,OSM
Béni Mellal-Khénifra,Café restaurant le Presitigia,Restaurant,Formel,Café restaurant le Presitigia,31.6963374,-5.8173409,icons/restaurant.png,OSM
Béni Mellal-Khénifra,Mohammed shop,Supérette / Mini-market,Formel,Mohammed shop,31.5493598,-6.8914499,icons/convenience.png,OSM
Béni Mellal-Khénifra,Café sans nom,Café,Formel,Café sans nom,32.4031125,-7.1589589,icons/cafe.png,OSM
Béni Mellal-Khénifra,La Pausa,Restaurant,Formel,La Pausa,33.4500345,-5.2274495,icons/restaurant.png,OSM
Béni Mellal-Khénifra,Café sans nom,Café,Formel,Café sans nom,32.7826111,-5.653821,icons/cafe.png,OSM
Béni Mellal-Khénifra,Restaurant sans nom,Restaurant,Formel,Restaurant sans nom,32.2381593,-6.1162817,icons/restaurant.png,OSM
Béni Mellal-Khénifra,Café sans nom,Café,Formel,Café sans nom,32.2383295,-6.1162676,icons/cafe.png,OSM
Béni Mellal-Khénifra,Épicerie sans nom,Épicerie,Informel,Épicerie sans nom,31.7905259,-6.2218445,icons/greengrocer.png,OSM
Béni Mellal-Khénifra,Épicerie sans nom,Épicerie,Informel,Épicerie sans nom,32.0131046,-6.7168589,icons/greengrocer.png,OSM
Béni Mellal-Khénifra,مخبزة دوهنا للخبز,Boulangerie,Formel,مخبزة دوهنا للخبز,32.1544283,-5.6342342,icons/bakery.png,OSM
Béni Mellal-Khénifra,Supérette / Mini-market sans nom,Supérette / Mini-market,Formel,Supérette / Mini-market sans nom,31.5001185,-6.265272,icons/convenience.png,OSM
Béni Mellal-Khénifra,Supérette / Mini-market sans nom,Supérette / Mini-market,Formel,Supérette / Mini-market sans nom,31.5009828,-6.2650773,icons/convenience.png,OSM
Béni Mellal-Khénifra,Boulangerie sans nom,Boulangerie,Formel,Boulangerie sans nom,33.165934,-5.56965,icons/bakery.png,OSM
Béni Mellal-Khénifra,Boulangerie sans nom,Boulangerie,Formel,Boulangerie sans nom,33.1693477,-5.5694508,icons/bakery.png,OSM
Béni Mellal-Khénifra,مقهى زاوية زهير,Café,Formel,مقهى زاوية زهير,32.9131409,-7.2668122,icons/cafe.png,OSM
Béni Mellal-Khénifra,Café Restaurant L'Escale,Restaurant,Formel,Café Restaurant L'Escale,33.1580736,-5.0672474,icons/restaurant.png,OSM
Béni Mellal-Khénifra,Les Amis,Restaurant,Formel,Les Amis,31.666828,-5.5522852,icons/restaurant.png,OSM
Béni Mellal-Khénifra,Dar Essalam,Restaurant,Formel,Dar Essalam,31.6678073,-5.5508914,icons/restaurant.png,OSM
Béni Mellal-Khénifra,Supermarché sans nom,Supermarché,Formel,kasba tadla,32.5928335,-6.2649679,icons/supermarket.png,OSM
Béni Mellal-Khénifra,Al Mansouri المنصوري,Café,Formel,Al Mansouri المنصوري,32.5845028,-6.2706557,icons/cafe.png,OSM
Béni Mellal-Khénifra,Supérette / Mini-market sans nom,Supérette / Mini-market,Formel,Mohammed VI محمد السادس,32.5966697,-6.2611668,icons/convenience.png,OSM
Béni Mellal-Khénifra,Afriquia أفريقيا,Supérette / Mini-market,Formel,Afriquia أفريقيا,32.5814565,-6.2636823,icons/convenience.png,OSM
Béni Mellal-Khénifra,Al Maddi آل ماضى,Supérette / Mini-market,Formel,Al Maddi آل ماضى,32.5821402,-6.2633661,icons/convenience.png,OSM
Béni Mellal-Khénifra,Café Souk,Café,Formel,Café Souk,32.6018295,-6.2747706,icons/cafe.png,OSM
Béni Mellal-Khénifra,Épicerie sans nom,Épicerie,Informel,Épicerie sans nom,32.5998156,-6.2737901,icons/greengrocer.png,OSM
Béni Mellal-Khénifra,Riad Agraw,Restaurant,Formel,Riad Agraw,31.5155344,-5.5347035,icons/restaurant.png,OSM
Béni Mellal-Khénifra,La Vallee des Pommes,Restaurant,Formel,La Vallee des Pommes,31.7011403,-5.812703,icons/restaurant.png,OSM
Béni Mellal-Khénifra,Épicerie sans nom,Épicerie,Informel,Épicerie sans nom,32.3549989,-6.6933201,icons/greengrocer.png,OSM
Béni Mellal-Khénifra,Épicerie sans nom,Épicerie,Informel,Épicerie sans nom,31.6952439,-5.818751,icons/greengrocer.png,OSM
Béni Mellal-Khénifra,Marché hebdomadaire السوق الأسبوعي,Épicerie,Informel,"شارع 20 غشت, kasba tadla",32.6032602,-6.2764606,icons/greengrocer.png,OSM
Béni Mellal-Khénifra,Auberge La Forestiere,Restaurant,Formel,Auberge La Forestiere,33.2286896,-5.0597576,icons/restaurant.png,OSM
Béni Mellal-Khénifra,Supermarché sans nom,Supermarché,Formel,Supermarché sans nom,32.3301821,-6.3670546,icons/supermarket.png,OSM
Béni Mellal-Khénifra,Cafe Al Masbah مقهى المسبح,Café,Formel,Cafe Al Masbah مقهى المسبح,32.595965,-6.2663877,icons/cafe.png,OSM
Béni Mellal-Khénifra,Café sans nom,Café,Formel,"شارع 20 غشت, kasba tadla",32.6013294,-6.2755053,icons/cafe.png,OSM
Béni Mellal-Khénifra,Parapharmacie sans nom,Parapharmacie,Formel,"ش. 20 غشت, kasba tadla",32.6013157,-6.275401,icons/pharmacy.png,OSM
Béni Mellal-Khénifra,Al mahatta Cafe مقهى المحطة,Café,Formel,"شارع 20 غشت, kasba tadla",32.6000413,-6.268071,icons/cafe.png,OSM
Béni Mellal-Khénifra,Rehab,Café,Formel,Rehab,32.3407264,-6.3445776,icons/cafe.png,OSM
Béni Mellal-Khénifra,Café sans nom,Café,Formel,"August 20 غشت, kasba tadla",32.6018065,-6.2776401,icons/cafe.png,OSM
Béni Mellal-Khénifra,Cafe Al afrah مقهى الافراح,Café,Formel,"Boulevard 20 Août ش. 20 غشت, kasba tadla",32.5999957,-6.2661473,icons/cafe.png,OSM
Béni Mellal-Khénifra,Épicerie sans nom,Épicerie,Informel,Épicerie sans nom,32.4709777,-5.2408291,icons/greengrocer.png,OSM
Béni Mellal-Khénifra,Marjane,Supermarché,Formel,Marjane,32.8872652,-6.9078332,icons/supermarket.png,OSM
Béni Mellal-Khénifra,Marche Couvert السوق المغطى,Épicerie,Informel,kasba tadla,32.5941386,-6.2611021,icons/greengrocer.png,OSM
Béni Mellal-Khénifra,Marché Hebdomadaire,Épicerie,Informel,Marché Hebdomadaire,32.4924163,-6.7119261,icons/greengrocer.png,OSM
Béni Mellal-Khénifra,Épicerie sans nom,Épicerie,Informel,Épicerie sans nom,33.1549447,-7.3880722,icons/greengrocer.png,OSM
Béni Mellal-Khénifra,Épicerie sans nom,Épicerie,Informel,Épicerie sans nom,33.1469238,-6.0780036,icons/greengrocer.png,OSM
Béni Mellal-Khénifra,kiosque,Kiosque,Informel,kiosque,31.5205644,-5.5327335,icons/kiosk.png,OSM
Béni Mellal-Khénifra,Tumert,Café,Formel,Tumert,31.5168558,-5.5362351,icons/cafe.png,OSM
Béni Mellal-Khénifra,Yasmina,Café,Formel,Yasmina,31.5166957,-5.536325,icons/cafe.png,OSM
Béni Mellal-Khénifra,Épicerie sans nom,Épicerie,Informel,Épicerie sans nom,32.7903905,-7.2092819,icons/greengrocer.png,OSM
Béni Mellal-Khénifra,Supermarché sans nom,Supermarché,Formel,Supermarché sans nom,32.051542,-7.3962093,icons/supermarket.png,OSM
Béni Mellal-Khénifra,Souk hebdomadaire jeudi,Épicerie,Informel,Souk hebdomadaire jeudi,31.7773763,-5.4546658,icons/greengrocer.png,OSM
Béni Mellal-Khénifra,McDonald's,Restaurant,Formel,McDonald's,32.8862473,-6.9075377,icons/restaurant.png,OSM
Béni Mellal-Khénifra,Épicerie sans nom,Épicerie,Informel,Épicerie sans nom,32.7896284,-5.6477157,icons/greengrocer.png,OSM
Béni Mellal-Khénifra,Épicerie sans nom,Épicerie,Informel,Épicerie sans nom,33.0667835,-7.2479636,icons/greengrocer.png,OSM
Béni Mellal-Khénifra,Épicerie sans nom,Épicerie,Informel,Épicerie sans nom,32.3339963,-6.3544513,icons/greengrocer.png,OSM
Béni Mellal-Khénifra,Épicerie sans nom,Épicerie,Informel,Épicerie sans nom,32.3352251,-6.3555899,icons/greengrocer.png,OSM
Béni Mellal-Khénifra,Carrefour Market,Supermarché,Formel,Carrefour Market,32.3316932,-6.3528677,icons/supermarket.png,OSM
Béni Mellal-Khénifra,Épicerie sans nom,Épicerie,Informel,Épicerie sans nom,33.1602932,-5.835529,icons/greengrocer.png,OSM
Béni Mellal-Khénifra,Épicerie sans nom,Épicerie,Informel,Épicerie sans nom,32.852795,-6.5764217,icons/greengrocer.png,OSM
Béni Mellal-Khénifra,Épicerie sans nom,Épicerie,Informel,Épicerie sans nom,32.9431283,-5.6450534,icons/greengrocer.png,OSM
Béni Mellal-Khénifra,Épicerie sans nom,Épicerie,Informel,Épicerie sans nom,33.174548,-5.5679499,icons/greengrocer.png,OSM
Béni Mellal-Khénifra,Épicerie sans nom,Épicerie,Informel,Épicerie sans nom,32.6756003,-5.2931107,icons/greengrocer.png,OSM
Béni Mellal-Khénifra,McDonald's,Restaurant,Formel,McDonald's,32.3304871,-6.3679417,icons/restaurant.png,OSM
Béni Mellal-Khénifra,Marjane,Supermarché,Formel,Marjane,32.5115617,-6.6810845,icons/supermarket.png,OSM
Béni Mellal-Khénifra,Nafora,Épicerie,Informel,Nafora,31.5206801,-5.5305728,icons/greengrocer.png,OSM
Béni Mellal-Khénifra,Épicerie sans nom,Épicerie,Informel,Épicerie sans nom,32.6333124,-5.9279197,icons/greengrocer.png,OSM
Béni Mellal-Khénifra,Supermarché sans nom,Supermarché,Formel,Supermarché sans nom,32.9440464,-5.66012,icons/supermarket.png,OSM
Béni Mellal-Khénifra,CAFE RESTAURANT JANNAT,Restaurant,Formel,"Avenue Mohamed V شارع الحسن الثاني, Tighir",31.5164519,-5.5365747,icons/restaurant.png,OSM
Béni Mellal-Khénifra,Épicerie sans nom,Épicerie,Informel,Épicerie sans nom,33.1884119,-6.6595169,icons/greengrocer.png,OSM
Béni Mellal-Khénifra,Épicerie sans nom,Épicerie,Informel,Épicerie sans nom,33.3039814,-5.3458186,icons/greengrocer.png,OSM
Béni Mellal-Khénifra,Épicerie sans nom,Épicerie,Informel,Épicerie sans nom,31.9471324,-6.5924945,icons/greengrocer.png,OSM
Béni Mellal-Khénifra,Épicerie sans nom,Épicerie,Informel,Épicerie sans nom,32.9925661,-7.1236574,icons/greengrocer.png,OSM
Béni Mellal-Khénifra,Épicerie sans nom,Épicerie,Informel,Épicerie sans nom,32.2977079,-6.9102542,icons/greengrocer.png,OSM
Béni Mellal-Khénifra,سوق الثلاثاء الأسبوعي,Épicerie,Informel,سوق الثلاثاء الأسبوعي,33.4499599,-5.2153862,icons/greengrocer.png,OSM
Béni Mellal-Khénifra,Épicerie sans nom,Épicerie,Informel,Épicerie sans nom,31.6491758,-7.4677575,icons/greengrocer.png,OSM
Béni Mellal-Khénifra,Épicerie sans nom,Épicerie,Informel,Épicerie sans nom,32.8533005,-6.9167379,icons/greengrocer.png,OSM
Béni Mellal-Khénifra,Épicerie sans nom,Épicerie,Informel,Épicerie sans nom,33.2256432,-5.0577242,icons/greengrocer.png,OSM
Béni Mellal-Khénifra,Épicerie sans nom,Épicerie,Informel,Épicerie sans nom,32.0013676,-6.7411335,icons/greengrocer.png,OSM
Béni Mellal-Khénifra,Al-Namodji Market,Épicerie,Informel,Al-Namodji Market,32.0601627,-7.4097307,icons/greengrocer.png,OSM
Béni Mellal-Khénifra,El Kelaa Market,Épicerie,Informel,El Kelaa Market,32.0491202,-7.4116251,icons/greengrocer.png,OSM
Béni Mellal-Khénifra,Kiosque sans nom,Kiosque,Informel,Kiosque sans nom,32.0544237,-7.4132385,icons/kiosk.png,OSM
Béni Mellal-Khénifra,Borj El Kelaa,Restaurant,Formel,Borj El Kelaa,32.0266749,-7.3954481,icons/restaurant.png,OSM
Béni Mellal-Khénifra,Oasis Café Restaurant,Restaurant,Formel,Oasis Café Restaurant,32.0286139,-7.3934353,icons/restaurant.png,OSM
Béni Mellal-Khénifra,مقهى بوشريط,Café,Formel,مقهى بوشريط,32.0295127,-7.3930752,icons/cafe.png,OSM
Béni Mellal-Khénifra,Café Snack,Café,Formel,Café Snack,32.0660549,-7.3754065,icons/cafe.png,OSM
Béni Mellal-Khénifra,Café sans nom,Café,Formel,Café sans nom,32.0628118,-7.3812733,icons/cafe.png,OSM
Béni Mellal-Khénifra,"Espace Zikar : Café, Restaurant",Restaurant,Formel,"Espace Zikar : Café, Restaurant",32.0327972,-7.4040948,icons/restaurant.png,OSM
Béni Mellal-Khénifra,Marché du dimanche,Épicerie,Informel,Marché du dimanche,31.8995625,-5.9741102,icons/greengrocer.png,OSM
Béni Mellal-Khénifra,Supérette / Mini-market sans nom,Supérette / Mini-market,Formel,Supérette / Mini-market sans nom,32.0066873,-6.7205746,icons/convenience.png,OSM
Béni Mellal-Khénifra,Carrefour,Supermarché,Formel,Khenifra الخنيفرة,32.9440464,-5.66012,icons/supermarket.png,OSM
Béni Mellal-Khénifra,Restaurant sans nom,Restaurant,Formel,Restaurant sans nom,32.9257391,-5.5489743,icons/restaurant.png,OSM
Béni Mellal-Khénifra,Lodge le Noyer,Restaurant,Formel,"Ait Ayoub, Ibalkaliwane, Tabant",31.6575077,-6.3973097,icons/restaurant.png,OSM
Béni Mellal-Khénifra,Épicerie sans nom,Épicerie,Informel,Épicerie sans nom,31.5002665,-5.5407137,icons/greengrocer.png,OSM
