Zone,Nom,Catégorie,Statut,Adresse,Latitude,Longitude,Image,Source
Rabat-Salé-Kénitra,Marjane,Supermarché,Formel,Marjane,33.9540447,-6.8534265,icons/supermarket.png,OSM
Rabat-Salé-Kénitra,Label'Vie Souissi,Supermarché,Formel,Label'Vie Souissi,33.9821138,-6.8287801,icons/supermarket.png,OSM
Rabat-Salé-Kénitra,McDonald's,Restaurant,Formel,McDonald's,33.9954233,-6.8473937,icons/restaurant.png,OSM
Rabat-Salé-Kénitra,Parapharmacie sans nom,Parapharmacie,Formel,Rue Maziata,33.9695454,-6.8643092,icons/pharmacy.png,OSM
Rabat-Salé-Kénitra,Pharmacie l'Hôpital Militaire صيدلية المستشفى العسكري,Parapharmacie,Formel,"Avenue Al Arz شارع الأرز, Rabat ⵔⴱⴰⵟ الرباط",33.9639919,-6.8701924,icons/pharmacy.png,OSM
Rabat-Salé-Kénitra,Pharmacie Misk صيدلية مسك,Parapharmacie,Formel,"Avenue Abderrahim Bouabid شارع عبد الرحيم بوعبيد, Rabat ⵔⴱⴰⵟ الرباط",33.9632595,-6.8729779,icons/pharmacy.png,OSM
Rabat-Salé-Kénitra,Pharmacie Ryad صيدلية الرياض,Parapharmacie,Formel,"Avenue Annakhil شارع النخيل, Rabat",33.9622649,-6.87713,icons/pharmacy.png,OSM
Rabat-Salé-Kénitra,Asswak Assalam,Supermarché,Formel,Asswak Assalam,33.9482419,-6.8695243,icons/supermarket.png,OSM
Rabat-Salé-Kénitra,Pharmacie Ibn Sina صيدلية ابن سينا,Parapharmacie,Formel,"Avenue Fal Ould Oumeir شارع فال ولد عمير, Rabat ⵔⴱⴰⵟ الرباط",33.9962816,-6.8481761,icons/pharmacy.png,OSM
Rabat-Salé-Kénitra,Pharmacie Moderne الصيدلية العصرية,Parapharmacie,Formel,Rabat,34.0002024,-6.8468272,icons/pharmacy.png,OSM
Rabat-Salé-Kénitra,Pizza Hut,Restaurant,Formel,"Avenue de France شارع فرنسا, Rabat ⵔⴱⴰⵟ الرباط",33.998388,-6.8455206,icons/restaurant.png,OSM
Rabat-Salé-Kénitra,Pizzaki,Restaurant,Formel,Pizzaki,33.9965988,-6.8504761,icons/restaurant.png,OSM
Rabat-Salé-Kénitra,Rotisserie Atlas,Restaurant,Formel,Rotisserie Atlas,33.9952254,-6.8502014,icons/restaurant.png,OSM
Rabat-Salé-Kénitra,La Pause Gourmande,Café,Formel,La Pause Gourmande,33.9956359,-6.8475119,icons/cafe.png,OSM
Rabat-Salé-Kénitra,Oukaimeden,Café,Formel,Oukaimeden,33.996395,-6.8478566,icons/cafe.png,OSM
Rabat-Salé-Kénitra,Pizza Hut,Restaurant,Formel,Pizza Hut,33.9531222,-6.8543921,icons/restaurant.png,OSM
Rabat-Salé-Kénitra,Pharmacie Marjane Hay Ryad صيدلية مرجان حي الرياض,Parapharmacie,Formel,"Rocade de Rabat الطريق السيار المداري الرباط, Rabat",33.9538628,-6.8525408,icons/pharmacy.png,OSM
Rabat-Salé-Kénitra,La Matelot,Restaurant,Formel,La Matelot,34.0276674,-6.8302289,icons/restaurant.png,OSM
Rabat-Salé-Kénitra,Restaurant sans nom,Restaurant,Formel,Restaurant sans nom,34.848339,-6.2165211,icons/restaurant.png,OSM
Rabat-Salé-Kénitra,Café Balima,Café,Formel,Café Balima,34.0181798,-6.8355016,icons/cafe.png,OSM
Rabat-Salé-Kénitra,Ty Potes,Restaurant,Formel,Rue Ghafsa,34.0172043,-6.8318751,icons/restaurant.png,OSM
Rabat-Salé-Kénitra,McDonald's,Restaurant,Formel,McDonald's,34.0173844,-6.8347226,icons/restaurant.png,OSM
Rabat-Salé-Kénitra,Nefertiti,Café,Formel,Rabat,34.0244046,-6.8309897,icons/cafe.png,OSM
Rabat-Salé-Kénitra,Coq Magic,Restaurant,Formel,Coq Magic,34.0202844,-6.8276726,icons/restaurant.png,OSM
Rabat-Salé-Kénitra,Pharmacie Benyahya صيدلية بنيحيى,Parapharmacie,Formel,"Avenue Hassan II شارع الحسن الثاني, Rabat",34.0059473,-6.856221,icons/pharmacy.png,OSM
Rabat-Salé-Kénitra,Supérette / Mini-market sans nom,Supérette / Mini-market,Formel,Supérette / Mini-market sans nom,34.2285068,-6.5809859,icons/convenience.png,OSM
Rabat-Salé-Kénitra,Supermarché de la Tour Hassan,Supérette / Mini-market,Formel,Supermarché de la Tour Hassan,34.0188393,-6.8299462,icons/convenience.png,OSM
Rabat-Salé-Kénitra,La Mamma,Restaurant,Formel,La Mamma,34.0184807,-6.8348346,icons/restaurant.png,OSM
Rabat-Salé-Kénitra,The Media Luna,Café,Formel,The Media Luna,34.0175803,-6.8328014,icons/cafe.png,OSM
Rabat-Salé-Kénitra,Le studio,Restaurant,Formel,Le studio,34.0160907,-6.8309051,icons/restaurant.png,OSM
Rabat-Salé-Kénitra,Dar Naji,Restaurant,Formel,Rue Jazirat Al Arab,34.0216395,-6.8418268,icons/restaurant.png,OSM
Rabat-Salé-Kénitra,Pizza Hut,Restaurant,Formel,Rabat ⵔⴱⴰⵟ الرباط,33.9735371,-6.8302849,icons/restaurant.png,OSM
Rabat-Salé-Kénitra,Supérette / Mini-market sans nom,Supérette / Mini-market,Formel,Supérette / Mini-market sans nom,33.9372462,-6.8142176,icons/convenience.png,OSM
Rabat-Salé-Kénitra,Épicerie sans nom,Épicerie,Informel,Épicerie sans nom,33.979623,-6.8212343,icons/greengrocer.png,OSM
Rabat-Salé-Kénitra,Supérette / Mini-market sans nom,Supérette / Mini-market,Formel,Supérette / Mini-market sans nom,33.94086,-6.8101836,icons/convenience.png,OSM
Rabat-Salé-Kénitra,Rachida's store,Supérette / Mini-market,Formel,Rachida's store,33.9621729,-6.8100205,icons/convenience.png,OSM
Rabat-Salé-Kénitra,Chez Aziz,Épicerie,Informel,Chez Aziz,33.9560463,-6.8687042,icons/greengrocer.png,OSM
Rabat-Salé-Kénitra,Aire de service M'Nasra,Restaurant,Formel,Aire de service M'Nasra,34.644684,-6.4077755,icons/restaurant.png,OSM
Rabat-Salé-Kénitra,Aire de service M'Nasra,Restaurant,Formel,Aire de service M'Nasra,34.6442242,-6.4060539,icons/restaurant.png,OSM
Rabat-Salé-Kénitra,Hotel Le Lagon,Restaurant,Formel,Hotel Le Lagon,34.8766177,-6.2920411,icons/restaurant.png,OSM
Rabat-Salé-Kénitra,Ihssane,Café,Formel,Ihssane,34.0687568,-6.7919518,icons/cafe.png,OSM
Rabat-Salé-Kénitra,Pharmacie Kounouz,Parapharmacie,Formel,Pharmacie Kounouz,33.9630866,-6.8666198,icons/pharmacy.png,OSM
Rabat-Salé-Kénitra,Supérette / Mini-market sans nom,Supérette / Mini-market,Formel,Supérette / Mini-market sans nom,33.7777019,-7.2327092,icons/convenience.png,OSM
Rabat-Salé-Kénitra,Supérette / Mini-market sans nom,Supérette / Mini-market,Formel,Supérette / Mini-market sans nom,33.7794207,-7.2334873,icons/convenience.png,OSM
Rabat-Salé-Kénitra,Café sans nom,Café,Formel,Café sans nom,33.9904215,-6.7365638,icons/cafe.png,OSM
Rabat-Salé-Kénitra,Carrefour Market,Supermarché,Formel,Carrefour Market,33.9961674,-6.7418478,icons/supermarket.png,OSM
Rabat-Salé-Kénitra,Marché Central,Supermarché,Formel,Marché Central,33.9993206,-6.744927,icons/supermarket.png,OSM
Rabat-Salé-Kénitra,Café sans nom,Café,Formel,Café sans nom,33.9872364,-6.739171,icons/cafe.png,OSM
Rabat-Salé-Kénitra,Café la Valée,Café,Formel,Café la Valée,33.9877782,-6.7389616,icons/cafe.png,OSM
Rabat-Salé-Kénitra,Supérette / Mini-market sans nom,Supérette / Mini-market,Formel,Supérette / Mini-market sans nom,33.9629145,-6.8609751,icons/convenience.png,OSM
Rabat-Salé-Kénitra,Boulangerie sans nom,Boulangerie,Formel,Boulangerie sans nom,33.9696221,-6.8642845,icons/bakery.png,OSM
Rabat-Salé-Kénitra,Paul,Boulangerie,Formel,"Mahaj Ryad, Rabat ⵔⴱⴰⵟ الرباط",33.9598787,-6.8680169,icons/bakery.png,OSM
Rabat-Salé-Kénitra,Épicerie sans nom,Épicerie,Informel,Épicerie sans nom,33.9629153,-6.86091,icons/greengrocer.png,OSM
Rabat-Salé-Kénitra,Pharmacie et Laboratoire Zitoune صيدلية و مختبر الزيتون,Parapharmacie,Formel,"Rue Al Karm زنقة الكرم, Rabat",33.962087,-6.8636699,icons/pharmacy.png,OSM
Rabat-Salé-Kénitra,Paul,Boulangerie,Formel,Paul,33.9895332,-6.8484932,icons/bakery.png,OSM
Rabat-Salé-Kénitra,Tajine wa Tanja,Restaurant,Formel,Tajine wa Tanja,34.0154111,-6.8373784,icons/restaurant.png,OSM
Rabat-Salé-Kénitra,Restaurant sans nom,Restaurant,Formel,Restaurant sans nom,34.0176115,-6.563386,icons/restaurant.png,OSM
Rabat-Salé-Kénitra,BIM,Supérette / Mini-market,Formel,BIM,34.0193452,-6.8231962,icons/convenience.png,OSM
Rabat-Salé-Kénitra,Café sans nom,Café,Formel,Café sans nom,33.8545577,-6.8559545,icons/cafe.png,OSM
Rabat-Salé-Kénitra,Parapharmacie sans nom,Parapharmacie,Formel,Parapharmacie sans nom,33.8547894,-6.856094,icons/pharmacy.png,OSM
Rabat-Salé-Kénitra,Restaurant sans nom,Restaurant,Formel,Restaurant sans nom,33.860046,-6.8566197,icons/restaurant.png,OSM
Rabat-Salé-Kénitra,Supérette / Mini-market sans nom,Supérette / Mini-market,Formel,Supérette / Mini-market sans nom,33.8562728,-6.8553671,icons/convenience.png,OSM
Rabat-Salé-Kénitra,Supérette / Mini-market sans nom,Supérette / Mini-market,Formel,Supérette / Mini-market sans nom,33.856039,-6.8547395,icons/convenience.png,OSM
Rabat-Salé-Kénitra,Supérette / Mini-market sans nom,Supérette / Mini-market,Formel,Supérette / Mini-market sans nom,33.9814147,-6.8577677,icons/convenience.png,OSM
Rabat-Salé-Kénitra,Supérette / Mini-market sans nom,Supérette / Mini-market,Formel,Supérette / Mini-market sans nom,33.9831095,-6.8505365,icons/convenience.png,OSM
Rabat-Salé-Kénitra,Café sans nom,Café,Formel,Café sans nom,33.981477,-6.8577141,icons/cafe.png,OSM
Rabat-Salé-Kénitra,Restaurant sans nom,Restaurant,Formel,Restaurant sans nom,33.983194,-6.8504024,icons/restaurant.png,OSM
Rabat-Salé-Kénitra,Eden Island Beach Club,Restaurant,Formel,Eden Island Beach Club,33.8272692,-7.1331552,icons/restaurant.png,OSM
Rabat-Salé-Kénitra,Restaurant sans nom,Restaurant,Formel,Restaurant sans nom,33.7961513,-7.2276487,icons/restaurant.png,OSM
Rabat-Salé-Kénitra,Aire de service Khemisset,Restaurant,Formel,Aire de service Khemisset,33.817634,-6.1032763,icons/restaurant.png,OSM
Rabat-Salé-Kénitra,Supérette / Mini-market sans nom,Supérette / Mini-market,Formel,Supérette / Mini-market sans nom,33.8175449,-6.1030295,icons/convenience.png,OSM
Rabat-Salé-Kénitra,Aire de service Khemisset,Café,Formel,Aire de service Khemisset,33.8172931,-6.1051583,icons/cafe.png,OSM
Rabat-Salé-Kénitra,Supérette / Mini-market sans nom,Supérette / Mini-market,Formel,Supérette / Mini-market sans nom,33.8171705,-6.1051645,icons/convenience.png,OSM
Rabat-Salé-Kénitra,Aire de service M'Nasra,Café,Formel,Aire de service M'Nasra,34.6436713,-6.4064162,icons/cafe.png,OSM
Rabat-Salé-Kénitra,Aire de service Kenitra,Café,Formel,Aire de service Kenitra,34.2306215,-6.5856093,icons/cafe.png,OSM
Rabat-Salé-Kénitra,Aire de service Kenitra,Restaurant,Formel,Aire de service Kenitra,34.2282575,-6.5808349,icons/restaurant.png,OSM
Rabat-Salé-Kénitra,Aire de service Moulay Bouselham,Restaurant,Formel,Aire de service Moulay Bouselham,34.8767609,-6.2148556,icons/restaurant.png,OSM
Rabat-Salé-Kénitra,Supérette / Mini-market sans nom,Supérette / Mini-market,Formel,Supérette / Mini-market sans nom,34.8768313,-6.2147858,icons/convenience.png,OSM
Rabat-Salé-Kénitra,Supérette / Mini-market sans nom,Supérette / Mini-market,Formel,Supérette / Mini-market sans nom,34.6448394,-6.4078131,icons/convenience.png,OSM
Rabat-Salé-Kénitra,Aire de service Kenitra,Café,Formel,Aire de service Kenitra,34.2286256,-6.5808618,icons/cafe.png,OSM
Rabat-Salé-Kénitra,Aire de service Bouznika,Café,Formel,Aire de service Bouznika,33.7796285,-7.2329583,icons/cafe.png,OSM
Rabat-Salé-Kénitra,Aire de service Bouznika,Restaurant,Formel,Aire de service Bouznika,33.7793826,-7.2336329,icons/restaurant.png,OSM
Rabat-Salé-Kénitra,Aire de service Bouznika,Café,Formel,Aire de service Bouznika,33.7776437,-7.232839,icons/cafe.png,OSM
Rabat-Salé-Kénitra,Barbecue,Restaurant,Formel,Barbecue,34.0013317,-6.8507005,icons/restaurant.png,OSM
Rabat-Salé-Kénitra,Carrefour Market,Supermarché,Formel,Avenue Ibn Sina,34.0023902,-6.8519558,icons/supermarket.png,OSM
Rabat-Salé-Kénitra,Yoka Sushi,Restaurant,Formel,Yoka Sushi,34.0007858,-6.8495432,icons/restaurant.png,OSM
Rabat-Salé-Kénitra,Café Liliane,Café,Formel,Café Liliane,33.9964516,-6.8466521,icons/cafe.png,OSM
Rabat-Salé-Kénitra,Le Bistrot du Pietri,Restaurant,Formel,Le Bistrot du Pietri,34.0162377,-6.8322852,icons/restaurant.png,OSM
Rabat-Salé-Kénitra,Carrefour,Supermarché,Formel,Carrefour,33.9297734,-6.9291911,icons/supermarket.png,OSM
Rabat-Salé-Kénitra,Pharmacie El Fath,Parapharmacie,Formel,Pharmacie El Fath,34.0480173,-6.7970992,icons/pharmacy.png,OSM
Rabat-Salé-Kénitra,Pharmacie Ayour صيدلية أيور,Parapharmacie,Formel,Mohammedia,33.7031453,-7.3895935,icons/pharmacy.png,OSM
Rabat-Salé-Kénitra,Tam,Restaurant,Formel,Tam,34.0186748,-6.8281181,icons/restaurant.png,OSM
Rabat-Salé-Kénitra,Casalino,Restaurant,Formel,Casalino,33.9334977,-6.9403585,icons/restaurant.png,OSM
Rabat-Salé-Kénitra,Supermarché sans nom,Supermarché,Formel,Supermarché sans nom,34.0057026,-6.8500199,icons/supermarket.png,OSM
Rabat-Salé-Kénitra,Carrefour Market,Supermarché,Formel,Carrefour Market,33.9621808,-6.8771284,icons/supermarket.png,OSM
Rabat-Salé-Kénitra,Épicerie sans nom,Épicerie,Informel,Épicerie sans nom,34.0001899,-6.8465045,icons/greengrocer.png,OSM
Rabat-Salé-Kénitra,Supérette / Mini-market sans nom,Supérette / Mini-market,Formel,Supérette / Mini-market sans nom,33.9933223,-6.8462512,icons/convenience.png,OSM
Rabat-Salé-Kénitra,Supérette / Mini-market sans nom,Supérette / Mini-market,Formel,Supérette / Mini-market sans nom,33.993987,-6.8466636,icons/convenience.png,OSM
Rabat-Salé-Kénitra,Café sans nom,Café,Formel,Café sans nom,33.9937046,-6.8468942,icons/cafe.png,OSM
Rabat-Salé-Kénitra,Tea Room & Co,Café,Formel,Tea Room & Co,33.9946417,-6.8470304,icons/cafe.png,OSM
Rabat-Salé-Kénitra,Taiyaki,Restaurant,Formel,Taiyaki,33.9944415,-6.8468964,icons/restaurant.png,OSM
Rabat-Salé-Kénitra,Épicerie sans nom,Épicerie,Informel,Épicerie sans nom,33.994675,-6.846883,icons/greengrocer.png,OSM
Rabat-Salé-Kénitra,Terra Luna,Restaurant,Formel,"Avenue Fal Ould Oumeir شارع فال ولد عمير, Rabat",33.9949533,-6.8471757,icons/restaurant.png,OSM
Rabat-Salé-Kénitra,Arthé,Restaurant,Formel,Arthé,33.995468,-6.84743,icons/restaurant.png,OSM
Rabat-Salé-Kénitra,Grillades Adil,Restaurant,Formel,Grillades Adil,33.9951946,-6.8476035,icons/restaurant.png,OSM
Rabat-Salé-Kénitra,KFC,Restaurant,Formel,Avenue Fal Ould Oumeir شارع فال ولد عمير,33.994844,-6.8474489,icons/restaurant.png,OSM
Rabat-Salé-Kénitra,Café sans nom,Café,Formel,Café sans nom,33.696202,-7.3878652,icons/cafe.png,OSM
Rabat-Salé-Kénitra,sirage,Boulangerie,Formel,sirage,33.696273,-7.387636,icons/bakery.png,OSM
Rabat-Salé-Kénitra,Boulangerie sans nom,Boulangerie,Formel,Boulangerie sans nom,33.6971685,-7.3890429,icons/bakery.png,OSM
Rabat-Salé-Kénitra,Restaurant sans nom,Restaurant,Formel,Restaurant sans nom,33.7086646,-7.4002009,icons/restaurant.png,OSM
Rabat-Salé-Kénitra,First Pizza,Restaurant,Formel,"Rue Oum Errabia زنقة أم الربيع, Rabat ⵔⴱⴰⵟ الرباط",33.996765,-6.8467668,icons/restaurant.png,OSM
Rabat-Salé-Kénitra,Dar Al Fawakih,Restaurant,Formel,Dar Al Fawakih,33.9967094,-6.8469626,icons/restaurant.png,OSM
Rabat-Salé-Kénitra,Caesar's,Restaurant,Formel,Caesar's,33.9969651,-6.8461633,icons/restaurant.png,OSM
Rabat-Salé-Kénitra,Picasso,Restaurant,Formel,Picasso,33.9966426,-6.8471479,icons/restaurant.png,OSM
Rabat-Salé-Kénitra,Ch'hiwates Bennani,Boulangerie,Formel,Avenue Atlas شارع الأطلس,33.9966994,-6.8461252,icons/bakery.png,OSM
Rabat-Salé-Kénitra,Brownies,Café,Formel,Avenue Atlas شارع الأطلس,33.9967539,-6.8459649,icons/cafe.png,OSM
Rabat-Salé-Kénitra,Mihad Market,Supérette / Mini-market,Formel,Mihad Market,33.9968266,-6.8457006,icons/convenience.png,OSM
Rabat-Salé-Kénitra,Schmid,Café,Formel,Schmid,33.9970852,-6.8457959,icons/cafe.png,OSM
Rabat-Salé-Kénitra,Poisson,Supermarché,Formel,Poisson,33.7074202,-7.3987715,icons/supermarket.png,OSM
Rabat-Salé-Kénitra,Café du Parc,Café,Formel,Café du Parc,33.7077907,-7.3964169,icons/cafe.png,OSM
Rabat-Salé-Kénitra,Essouiri,Restaurant,Formel,Essouiri,33.7082346,-7.3991763,icons/restaurant.png,OSM
Rabat-Salé-Kénitra,Boulangerie Amoud,Boulangerie,Formel,Avenue du Parc,33.7044365,-7.3945678,icons/bakery.png,OSM
Rabat-Salé-Kénitra,Supermarché EL Alia,Supermarché,Formel,Supermarché EL Alia,33.6896168,-7.3884825,icons/supermarket.png,OSM
Rabat-Salé-Kénitra,Boulangerie Kasbah,Boulangerie,Formel,Boulangerie Kasbah,33.6992164,-7.3889805,icons/bakery.png,OSM
Rabat-Salé-Kénitra,La cantine du marché,Restaurant,Formel,La cantine du marché,34.0004161,-6.8462628,icons/restaurant.png,OSM
Rabat-Salé-Kénitra,Supermarché Marjane,Supermarché,Formel,Supermarché Marjane,33.7077034,-7.3476433,icons/supermarket.png,OSM
Rabat-Salé-Kénitra,Pizza Hut,Restaurant,Formel,Pizza Hut,33.7079913,-7.3491848,icons/restaurant.png,OSM
Rabat-Salé-Kénitra,Aswak assalam,Supermarché,Formel,Aswak assalam,33.6882876,-7.4001937,icons/supermarket.png,OSM
Rabat-Salé-Kénitra,7ème art,Restaurant,Formel,7ème art,34.0200062,-6.8355982,icons/restaurant.png,OSM
Rabat-Salé-Kénitra,Café Les Deux Palmiers,Café,Formel,Café Les Deux Palmiers,34.0494553,-6.7982647,icons/cafe.png,OSM
Rabat-Salé-Kénitra,Chez Brahim,Supermarché,Formel,Chez Brahim,33.9315538,-6.9481251,icons/supermarket.png,OSM
Rabat-Salé-Kénitra,Café,Café,Formel,Café,33.6996806,-7.3898974,icons/cafe.png,OSM
Rabat-Salé-Kénitra,Pharmacie des Écoles صيدلية المدارس,Parapharmacie,Formel,"Rue Al Jaoutann, Rabat",33.9651542,-6.8668657,icons/pharmacy.png,OSM
Rabat-Salé-Kénitra,Café la Côte,Restaurant,Formel,Café la Côte,34.0470792,-6.8278929,icons/restaurant.png,OSM
Rabat-Salé-Kénitra,Café sans nom,Café,Formel,Café sans nom,34.8751493,-6.2136322,icons/cafe.png,OSM
Rabat-Salé-Kénitra,Restaurant sans nom,Restaurant,Formel,Restaurant sans nom,34.8752945,-6.2139326,icons/restaurant.png,OSM
Rabat-Salé-Kénitra,Cupidon,Café,Formel,Cupidon,34.0174456,-6.8247895,icons/cafe.png,OSM
Rabat-Salé-Kénitra,Carrefour Market,Supermarché,Formel,Carrefour Market,34.0211534,-6.8270419,icons/supermarket.png,OSM
Rabat-Salé-Kénitra,Café La Cartouche,Café,Formel,Café La Cartouche,34.021763,-6.8269137,icons/cafe.png,OSM
Rabat-Salé-Kénitra,Poisson Magic,Restaurant,Formel,Poisson Magic,34.0217199,-6.826974,icons/restaurant.png,OSM
Rabat-Salé-Kénitra,Shot Coffee,Café,Formel,Shot Coffee,34.0220168,-6.82679,icons/cafe.png,OSM
Rabat-Salé-Kénitra,Restaurant sans nom,Restaurant,Formel,Restaurant sans nom,34.0220879,-6.8266666,icons/restaurant.png,OSM
Rabat-Salé-Kénitra,Gallinicta,Restaurant,Formel,Gallinicta,34.0221324,-6.8265915,icons/restaurant.png,OSM
Rabat-Salé-Kénitra,Galette de neige,Café,Formel,Galette de neige,34.0217225,-6.8251726,icons/cafe.png,OSM
Rabat-Salé-Kénitra,Parapharmacie sans nom,Parapharmacie,Formel,Parapharmacie sans nom,34.0212412,-6.8265787,icons/pharmacy.png,OSM
Rabat-Salé-Kénitra,Pharmacie Centre Chèques Postaux صيدلية مركز الشيكات البريدية,Parapharmacie,Formel,"Avenue Moulay Ismail شارع مولاي اسماعيل, Rabat ⵔⴱⴰⵟ الرباط",34.0209889,-6.8267416,icons/pharmacy.png,OSM
Rabat-Salé-Kénitra,Pharmacie Chellah صيدلية شالة,Parapharmacie,Formel,"Avenue Chellah شارع شالة, Rabat",34.0217171,-6.8312237,icons/pharmacy.png,OSM
Rabat-Salé-Kénitra,Pharmacie du Théatre صيدلية المسرح,Parapharmacie,Formel,"Rue Al Marj زنقة المرج, Rabat",34.0195429,-6.8310709,icons/pharmacy.png,OSM
Rabat-Salé-Kénitra,Buggs Burger,Restaurant,Formel,Buggs Burger,34.0186426,-6.8308905,icons/restaurant.png,OSM
Rabat-Salé-Kénitra,Le p'tit resto,Restaurant,Formel,Le p'tit resto,34.018044,-6.8293215,icons/restaurant.png,OSM
Rabat-Salé-Kénitra,Pharmacie de la Tour Hassan صيدلية صومعة حسان,Parapharmacie,Formel,"Place de l'Unité Africaine ساحة الوحدة الإفريقية, Rabat",34.0178583,-6.8290641,icons/pharmacy.png,OSM
Rabat-Salé-Kénitra,mohammed V,Parapharmacie,Formel,MohammedV,34.0489348,-6.7994052,icons/pharmacy.png,OSM
Rabat-Salé-Kénitra,café Badr,Café,Formel,café Badr,34.0493456,-6.7995031,icons/cafe.png,OSM
Rabat-Salé-Kénitra,Pharmacie Mamounia,Parapharmacie,Formel,Avenue Othman BIbn Affane,34.0503377,-6.8005667,icons/pharmacy.png,OSM
Rabat-Salé-Kénitra,La Grande Pharmacie الصيدلية الكبرى,Parapharmacie,Formel,"Avenue Abou Faris Al Marini شارع أبو فارس المريني, Rabat",34.0163793,-6.8319284,icons/pharmacy.png,OSM
Rabat-Salé-Kénitra,Koutoubia,Restaurant,Formel,Koutoubia,34.0147067,-6.8307576,icons/restaurant.png,OSM
Rabat-Salé-Kénitra,Locamed,Supérette / Mini-market,Formel,Locamed,33.982564,-6.8288437,icons/convenience.png,OSM
Rabat-Salé-Kénitra,Restaurant sans nom,Restaurant,Formel,Restaurant sans nom,33.619133,-7.1885019,icons/restaurant.png,OSM
Rabat-Salé-Kénitra,Pharmacie Gharbia صيدلية الغربية,Parapharmacie,Formel,"Rue Karachi زنقة كالكوتا, Rabat",34.0273181,-6.8455781,icons/pharmacy.png,OSM
Rabat-Salé-Kénitra,Pharmacie Ibn Hajar صيدلية إبن حجر,Parapharmacie,Formel,"Rue Ibn Hajar, Rabat",34.0085482,-6.8511786,icons/pharmacy.png,OSM
Rabat-Salé-Kénitra,La Française,Boulangerie,Formel,La Française,34.0052917,-6.8473285,icons/bakery.png,OSM
Rabat-Salé-Kénitra,Café sans nom,Café,Formel,Café sans nom,33.9869485,-6.8700429,icons/cafe.png,OSM
Rabat-Salé-Kénitra,Nostalgia,Café,Formel,Rue Moulay Idriss,34.0198912,-6.8233916,icons/cafe.png,OSM
Rabat-Salé-Kénitra,Nejma,Café,Formel,Nejma,33.9610729,-6.8851102,icons/cafe.png,OSM
Rabat-Salé-Kénitra,Domino's,Restaurant,Formel,Rabat ⵔⴱⴰⵟ الرباط,33.9604394,-6.8680298,icons/restaurant.png,OSM
Rabat-Salé-Kénitra,O'Caprices,Café,Formel,O'Caprices,33.9601813,-6.8682658,icons/cafe.png,OSM
Rabat-Salé-Kénitra,Café des Oudayas,Café,Formel,Café des Oudayas,34.0305263,-6.8350809,icons/cafe.png,OSM
Rabat-Salé-Kénitra,La Passion,Café,Formel,La Passion,33.6117108,-7.4821246,icons/cafe.png,OSM
Rabat-Salé-Kénitra,Casa Bianca,Café,Formel,Casa Bianca,33.6144212,-7.4864283,icons/cafe.png,OSM
Rabat-Salé-Kénitra,Pharmacie Fath El Khair,Parapharmacie,Formel,Pharmacie Fath El Khair,33.6145513,-7.4871759,icons/pharmacy.png,OSM
Rabat-Salé-Kénitra,Golf Sud,Café,Formel,Golf Sud,33.6142458,-7.48762,icons/cafe.png,OSM
Rabat-Salé-Kénitra,Le Rital,Café,Formel,Le Rital,33.614251,-7.4876961,icons/cafe.png,OSM
Rabat-Salé-Kénitra,New Town,Café,Formel,New Town,33.6117795,-7.4808035,icons/cafe.png,OSM
Rabat-Salé-Kénitra,Pharmacie Kawnouka,Parapharmacie,Formel,Pharmacie Kawnouka,33.6116931,-7.480976,icons/pharmacy.png,OSM
Rabat-Salé-Kénitra,LPG,Café,Formel,LPG,33.9958045,-6.8475621,icons/cafe.png,OSM
Rabat-Salé-Kénitra,Pharmacie El Irfane صيدلية العرفان,Parapharmacie,Formel,"شارع علال الفاسي, Rabat",33.9818509,-6.864547,icons/pharmacy.png,OSM
Rabat-Salé-Kénitra,Pharmacie Ijtihad صيدلية الاجتهاد,Parapharmacie,Formel,"Rue Ijtihad, salé سلا",34.0685311,-6.7637243,icons/pharmacy.png,OSM
Rabat-Salé-Kénitra,Fennich,Boulangerie,Formel,Fennich,33.9901354,-6.8258274,icons/bakery.png,OSM
Rabat-Salé-Kénitra,Ouzoud,Restaurant,Formel,Ouzoud,34.0239239,-6.8307214,icons/restaurant.png,OSM
Rabat-Salé-Kénitra,Pharmacie des Oudayas صيدلية الأوداية,Parapharmacie,Formel,"Avenue Al Marsa شارع المرسى, Rabat",34.029522,-6.8358024,icons/pharmacy.png,OSM
Rabat-Salé-Kénitra,Boulangerie sans nom,Boulangerie,Formel,الرباط,34.0259158,-6.8318228,icons/bakery.png,OSM
Rabat-Salé-Kénitra,Cake Shop,Boulangerie,Formel,Cake Shop,34.0199082,-6.8268021,icons/bakery.png,OSM
Rabat-Salé-Kénitra,Pharmacie Assanaoubar صيدلية الصنوبر,Parapharmacie,Formel,"Avenue Assanaoubar شارع الصنوبر, Rabat",33.957923,-6.8794404,icons/pharmacy.png,OSM
Rabat-Salé-Kénitra,Esperanza,Restaurant,Formel,Esperanza,34.0163492,-6.8304817,icons/restaurant.png,OSM
Rabat-Salé-Kénitra,Sambuca,Café,Formel,Sambuca,34.0198064,-6.835457,icons/cafe.png,OSM
Rabat-Salé-Kénitra,La Rive,Restaurant,Formel,La Rive,34.0165031,-6.8302324,icons/restaurant.png,OSM
Rabat-Salé-Kénitra,Espace Ezzara,Restaurant,Formel,Espace Ezzara,34.0224715,-6.8314828,icons/restaurant.png,OSM
Rabat-Salé-Kénitra,Supérette / Mini-market sans nom,Supérette / Mini-market,Formel,Supérette / Mini-market sans nom,33.7147306,-7.3439001,icons/convenience.png,OSM
Rabat-Salé-Kénitra,Pharmacie Borj صيدلية البرج,Parapharmacie,Formel,"Avenue Addolb شارع الدلب, Rabat",33.9475044,-6.8736322,icons/pharmacy.png,OSM
Rabat-Salé-Kénitra,Rotisserie Hassan,Restaurant,Formel,Rotisserie Hassan,34.0202439,-6.8280303,icons/restaurant.png,OSM
Rabat-Salé-Kénitra,Chawermatti,Restaurant,Formel,Chawermatti,34.0208885,-6.8266483,icons/restaurant.png,OSM
Rabat-Salé-Kénitra,Café Al Altal,Café,Formel,Café Al Altal,34.0197676,-6.8263129,icons/cafe.png,OSM
Rabat-Salé-Kénitra,Supérette / Mini-market sans nom,Supérette / Mini-market,Formel,Supérette / Mini-market sans nom,34.0187354,-6.829257,icons/convenience.png,OSM
Rabat-Salé-Kénitra,Resto 3.0,Restaurant,Formel,Resto 3.0,34.0185999,-6.8281602,icons/restaurant.png,OSM
Rabat-Salé-Kénitra,Boulangerie Agadir,Boulangerie,Formel,Boulangerie Agadir,34.0202157,-6.8252873,icons/bakery.png,OSM
Rabat-Salé-Kénitra,Supérette / Mini-market sans nom,Supérette / Mini-market,Formel,Supérette / Mini-market sans nom,34.0195516,-6.8265773,icons/convenience.png,OSM
Rabat-Salé-Kénitra,La Rose des Sables,Restaurant,Formel,La Rose des Sables,33.9185621,-6.9675305,icons/restaurant.png,OSM
Rabat-Salé-Kénitra,Rose Marie,Restaurant,Formel,Rose Marie,33.8891129,-7.0141358,icons/restaurant.png,OSM
Rabat-Salé-Kénitra,Manar,Supermarché,Formel,Manar,33.9157973,-6.9715712,icons/supermarket.png,OSM
Rabat-Salé-Kénitra,Café sans nom,Café,Formel,Café sans nom,33.9156089,-6.9717114,icons/cafe.png,OSM
Rabat-Salé-Kénitra,Etoile de Mer,Café,Formel,Etoile de Mer,33.9161951,-6.972446,icons/cafe.png,OSM
Rabat-Salé-Kénitra,Oriental,Café,Formel,Oriental,33.9955129,-6.7417798,icons/cafe.png,OSM
Rabat-Salé-Kénitra,Chez vous,Café,Formel,Chez vous,33.9957209,-6.7381884,icons/cafe.png,OSM
Rabat-Salé-Kénitra,Bim,Supermarché,Formel,Bim,33.9997046,-6.7417371,icons/supermarket.png,OSM
Rabat-Salé-Kénitra,Viva,Café,Formel,Viva,33.9964825,-6.7371596,icons/cafe.png,OSM
Rabat-Salé-Kénitra,Palacio,Café,Formel,Palacio,33.9982484,-6.741218,icons/cafe.png,OSM
Rabat-Salé-Kénitra,Marsa,Café,Formel,Avenue Abderrahim Bouabid,34.0009875,-6.742819,icons/cafe.png,OSM
Rabat-Salé-Kénitra,café,Café,Formel,café,33.9937976,-6.7441393,icons/cafe.png,OSM
Rabat-Salé-Kénitra,Restaurant sans nom,Restaurant,Formel,Restaurant sans nom,33.9983402,-6.7408418,icons/restaurant.png,OSM
Rabat-Salé-Kénitra,Nakhil,Café,Formel,Nakhil,33.9962067,-6.7411621,icons/cafe.png,OSM
Rabat-Salé-Kénitra,café,Café,Formel,café,33.9976501,-6.7354108,icons/cafe.png,OSM
Rabat-Salé-Kénitra,Galilio,Café,Formel,Galilio,33.9953389,-6.741477,icons/cafe.png,OSM
Rabat-Salé-Kénitra,Supérette / Mini-market sans nom,Supérette / Mini-market,Formel,Supérette / Mini-market sans nom,34.0797017,-6.7907108,icons/convenience.png,OSM
Rabat-Salé-Kénitra,Café Pappas,Café,Formel,Café Pappas,34.0743681,-6.7949339,icons/cafe.png,OSM
Rabat-Salé-Kénitra,Salma Palace,Café,Formel,Salma Palace,34.0720559,-6.7956374,icons/cafe.png,OSM
Rabat-Salé-Kénitra,Oum,Café,Formel,Oum,33.9869943,-6.7390125,icons/cafe.png,OSM
Rabat-Salé-Kénitra,Al Abtal,Boulangerie,Formel,Al Abtal,33.9958643,-6.8486642,icons/bakery.png,OSM
Rabat-Salé-Kénitra,Café sans nom,Café,Formel,Café sans nom,34.0153296,-6.8389958,icons/cafe.png,OSM
Rabat-Salé-Kénitra,Villa Jnane,Café,Formel,Villa Jnane,34.0150348,-6.8395134,icons/cafe.png,OSM
Rabat-Salé-Kénitra,Kiosque sans nom,Kiosque,Informel,Kiosque sans nom,34.0222379,-6.8381205,icons/kiosk.png,OSM
Rabat-Salé-Kénitra,Pharmacie les Arcades صيدلية أركاد,Parapharmacie,Formel,"Avenue Pasteur شارع باستور, Rabat",34.0125082,-6.8425147,icons/pharmacy.png,OSM
Rabat-Salé-Kénitra,Pharmacie de Palma صيدلية بالما,Parapharmacie,Formel,"Avenue Moulay Abdellah, Témara تمارة",33.9342673,-6.9439595,icons/pharmacy.png,OSM
Rabat-Salé-Kénitra,Supérette / Mini-market sans nom,Supérette / Mini-market,Formel,Supérette / Mini-market sans nom,34.019993,-6.8306398,icons/convenience.png,OSM
Rabat-Salé-Kénitra,Sotto Sopra,Restaurant,Formel,Sotto Sopra,34.0197502,-6.8310487,icons/restaurant.png,OSM
Rabat-Salé-Kénitra,El Bahia,Restaurant,Formel,El Bahia,34.0225999,-6.837612,icons/restaurant.png,OSM
Rabat-Salé-Kénitra,Pizza Rica,Restaurant,Formel,Pizza Rica,34.0224029,-6.8383695,icons/restaurant.png,OSM
Rabat-Salé-Kénitra,Les artistes,Café,Formel,Les artistes,34.0149703,-6.8311637,icons/cafe.png,OSM
Rabat-Salé-Kénitra,Café sans nom,Café,Formel,Café sans nom,34.0140987,-6.8316078,icons/cafe.png,OSM
Rabat-Salé-Kénitra,Pharmacie de la Capitale صيدلية العاصمة,Parapharmacie,Formel,"Rue Moulay Abdalaziz زنقة مولاي عبد العزيز, Rabat ⵕⵕⴱⴰⵟ الرباط",34.0141694,-6.8313865,icons/pharmacy.png,OSM
Rabat-Salé-Kénitra,L'R du goût,Restaurant,Formel,L'R du goût,34.0144277,-6.8308211,icons/restaurant.png,OSM
Rabat-Salé-Kénitra,Supérette / Mini-market sans nom,Supérette / Mini-market,Formel,Supérette / Mini-market sans nom,34.0143856,-6.8306426,icons/convenience.png,OSM
Rabat-Salé-Kénitra,Supérette / Mini-market sans nom,Supérette / Mini-market,Formel,Supérette / Mini-market sans nom,34.0133965,-6.8302185,icons/convenience.png,OSM
Rabat-Salé-Kénitra,Pizzeria Al Forno,Restaurant,Formel,Pizzeria Al Forno,34.013475,-6.8304299,icons/restaurant.png,OSM
Rabat-Salé-Kénitra,Supérette / Mini-market sans nom,Supérette / Mini-market,Formel,Supérette / Mini-market sans nom,34.0137237,-6.8290015,icons/convenience.png,OSM
Rabat-Salé-Kénitra,Bab Essad,Restaurant,Formel,Bab Essad,34.0139406,-6.8279357,icons/restaurant.png,OSM
Rabat-Salé-Kénitra,BİM,Supermarché,Formel,BİM,34.0147107,-6.8284878,icons/supermarket.png,OSM
Rabat-Salé-Kénitra,Supérette / Mini-market sans nom,Supérette / Mini-market,Formel,Supérette / Mini-market sans nom,34.0149157,-6.8280389,icons/convenience.png,OSM
Rabat-Salé-Kénitra,Pharmacie Rhaouti صيدلية غوتي,Parapharmacie,Formel,"شارع علال الفاسي, Rabat ⵔⴱⴰⵟ الرباط",33.976008,-6.8699708,icons/pharmacy.png,OSM
Rabat-Salé-Kénitra,Café Etoile,Café,Formel,Café Etoile,34.0182313,-6.8336875,icons/cafe.png,OSM
Rabat-Salé-Kénitra,Dar Naji,Restaurant,Formel,Dar Naji,34.0023958,-6.8460529,icons/restaurant.png,OSM
Rabat-Salé-Kénitra,La Menara,Restaurant,Formel,Rue Er-Ryad,34.017855,-6.8293141,icons/restaurant.png,OSM
Rabat-Salé-Kénitra,Le Pisé,Café,Formel,Le Pisé,34.0179196,-6.829597,icons/cafe.png,OSM
Rabat-Salé-Kénitra,Yarilaz,Restaurant,Formel,Yarilaz,34.0154788,-6.8318743,icons/restaurant.png,OSM
Rabat-Salé-Kénitra,Dalia,Restaurant,Formel,Dalia,34.0159872,-6.8317492,icons/restaurant.png,OSM
Rabat-Salé-Kénitra,Pieea Vera,Restaurant,Formel,Pieea Vera,34.0168945,-6.832379,icons/restaurant.png,OSM
Rabat-Salé-Kénitra,Delicia Food,Restaurant,Formel,Delicia Food,34.0154289,-6.8319527,icons/restaurant.png,OSM
Rabat-Salé-Kénitra,Yana Dream,Café,Formel,Yana Dream,34.0160136,-6.8320345,icons/cafe.png,OSM
Rabat-Salé-Kénitra,Astoria,Café,Formel,Astoria,34.0168795,-6.8313391,icons/cafe.png,OSM
Rabat-Salé-Kénitra,L'abeille D'or,Café,Formel,L'abeille D'or,34.015551,-6.8317317,icons/cafe.png,OSM
Rabat-Salé-Kénitra,Alaa Snack,Restaurant,Formel,Alaa Snack,34.0161649,-6.8321613,icons/restaurant.png,OSM
Rabat-Salé-Kénitra,Café sans nom,Café,Formel,Café sans nom,34.0185206,-6.8302174,icons/cafe.png,OSM
Rabat-Salé-Kénitra,Carrion,Café,Formel,Carrion,34.0166517,-6.8303182,icons/cafe.png,OSM
Rabat-Salé-Kénitra,Madalena,Café,Formel,Rue Mohamed Jazouli,34.0189893,-6.8297028,icons/cafe.png,OSM
Rabat-Salé-Kénitra,Itry,Café,Formel,Itry,34.0174321,-6.8303044,icons/cafe.png,OSM
Rabat-Salé-Kénitra,Pietri Palace,Café,Formel,Pietri Palace,34.0165006,-6.8306178,icons/cafe.png,OSM
Rabat-Salé-Kénitra,Pharmacie Descartes صيدلية ديكارت,Parapharmacie,Formel,"Avenue des Nations Unies شارع الأمم المتحدة, Rabat",33.9914532,-6.8467235,icons/pharmacy.png,OSM
Rabat-Salé-Kénitra,Pharmacie Al Faraj صيدلية الفرج,Parapharmacie,Formel,"Rue Balafrej زنقة بلافريج, Rabat",34.0107326,-6.8564975,icons/pharmacy.png,OSM
Rabat-Salé-Kénitra,Côte à Côte,Restaurant,Formel,Côte à Côte,33.9951164,-6.8490244,icons/restaurant.png,OSM
Rabat-Salé-Kénitra,Pharmacie Ben Omar صيدلية بن عمر,Parapharmacie,Formel,"Avenue Chellah شارع شالة, Rabat ⵔⴱⴰⵟ الرباط",34.0154509,-6.8271485,icons/pharmacy.png,OSM
Rabat-Salé-Kénitra,La Sala,Café,Formel,La Sala,34.0163069,-6.8277492,icons/cafe.png,OSM
Rabat-Salé-Kénitra,Choumoue Al Farah,Café,Formel,Choumoue Al Farah,34.0205179,-6.8308732,icons/cafe.png,OSM
Rabat-Salé-Kénitra,Ahlen,Supermarché,Formel,Ahlen,34.0202727,-6.8298601,icons/supermarket.png,OSM
Rabat-Salé-Kénitra,Chantilly,Restaurant,Formel,Chantilly,34.0211643,-6.8315143,icons/restaurant.png,OSM
Rabat-Salé-Kénitra,Fresh Time,Restaurant,Formel,الرباط,34.0208645,-6.8315427,icons/restaurant.png,OSM
Rabat-Salé-Kénitra,Zerda,Restaurant,Formel,Avenue Patrice Lumumba,34.021025,-6.8315275,icons/restaurant.png,OSM
Rabat-Salé-Kénitra,Doha,Restaurant,Formel,Doha,34.0224143,-6.8314849,icons/restaurant.png,OSM
Rabat-Salé-Kénitra,Pesca del Mar,Restaurant,Formel,Pesca del Mar,34.0236439,-6.8324975,icons/restaurant.png,OSM
Rabat-Salé-Kénitra,San Marino,Café,Formel,San Marino,34.0214721,-6.8359527,icons/cafe.png,OSM
Rabat-Salé-Kénitra,L'empire,Café,Formel,الرباط,34.0211905,-6.8363555,icons/cafe.png,OSM
Rabat-Salé-Kénitra,Molina,Café,Formel,Molina,34.0212253,-6.8357782,icons/cafe.png,OSM
Rabat-Salé-Kénitra,Hollywood,Café,Formel,Hollywood,34.0212378,-6.835939,icons/cafe.png,OSM
Rabat-Salé-Kénitra,Snack Ghazaa,Restaurant,Formel,Snack Ghazaa,34.0207831,-6.836921,icons/restaurant.png,OSM
Rabat-Salé-Kénitra,Green Café,Café,Formel,Green Café,34.0209754,-6.8363512,icons/cafe.png,OSM
Rabat-Salé-Kénitra,Le Lingot D'or,Café,Formel,Le Lingot D'or,34.0209855,-6.8367366,icons/cafe.png,OSM
Rabat-Salé-Kénitra,Pharmacie Guedira صيدلية عبد الحكيم اكديرة,Parapharmacie,Formel,"Avenue Allal Ben Abdellah شارع علال بن عبد الله, Rabat ⵔⴱⴰⵟ الرباط",34.0215779,-6.8363628,icons/pharmacy.png,OSM
Rabat-Salé-Kénitra,La Fine Brioche,Café,Formel,La Fine Brioche,34.0208311,-6.8358382,icons/cafe.png,OSM
Rabat-Salé-Kénitra,Majestic,Café,Formel,Majestic,34.0207515,-6.8360641,icons/cafe.png,OSM
Rabat-Salé-Kénitra,Comedie,Café,Formel,Comedie,34.0203533,-6.8370087,icons/cafe.png,OSM
Rabat-Salé-Kénitra,La Scène,Café,Formel,La Scène,34.0200628,-6.8371762,icons/cafe.png,OSM
Rabat-Salé-Kénitra,Pharmacie la Renaissance صيدلية النهضة,Parapharmacie,Formel,"Avenue Mohamed V شارع محمد الخامس, Rabat",34.0203254,-6.8372771,icons/pharmacy.png,OSM
Rabat-Salé-Kénitra,Pharmacie Al Alfiya صيدلية الألفية,Parapharmacie,Formel,"Avenue de Michlifen شارع مشليفن, Rabat",33.993394,-6.8478351,icons/pharmacy.png,OSM
Rabat-Salé-Kénitra,% Arabica,Café,Formel,% Arabica,34.0163656,-6.82871,icons/cafe.png,OSM
Rabat-Salé-Kénitra,Doncof,Café,Formel,Doncof,34.0019876,-6.846073,icons/cafe.png,OSM
Rabat-Salé-Kénitra,Pharmacie Ibn Khattab صيدلية بن خطاب,Parapharmacie,Formel,"Avenue Omar Ibn Khattab شارع عمر بن الخطاب, Rabat ⵔⴱⴰⵟ الرباط",34.0023082,-6.8459085,icons/pharmacy.png,OSM
Rabat-Salé-Kénitra,Al Boustane,Café,Formel,Al Boustane,34.0020721,-6.8458893,icons/cafe.png,OSM
Rabat-Salé-Kénitra,Il Buon Gelato,Café,Formel,Il Buon Gelato,34.001741,-6.8457693,icons/cafe.png,OSM
Rabat-Salé-Kénitra,Gustie Sapori,Restaurant,Formel,Gustie Sapori,33.9997916,-6.8459747,icons/restaurant.png,OSM
Rabat-Salé-Kénitra,Le Saxo,Restaurant,Formel,Le Saxo,33.9996969,-6.8461436,icons/restaurant.png,OSM
Rabat-Salé-Kénitra,La Une,Café,Formel,La Une,34.0005106,-6.8465371,icons/cafe.png,OSM
Rabat-Salé-Kénitra,Pharmacie des Facultés صيدلية الكليات,Parapharmacie,Formel,"Avenue Omar Ibn Khattab شارع عمر بن الخطاب, Rabat",33.9994604,-6.8445409,icons/pharmacy.png,OSM
Rabat-Salé-Kénitra,Amoud,Boulangerie,Formel,"Avenue des Nations Unies شارع الأمم المتحدة, Rabat ⵔⴱⴰⵟ الرباط",33.9903906,-6.8475094,icons/bakery.png,OSM
Rabat-Salé-Kénitra,Pharmacie des Nations Unies صيدلية الأمم المتحدة,Parapharmacie,Formel,"Rue Jabal El Ayachi زنقة جبل العياشي, Rabat ⵔⴱⴰⵟ الرباط",33.9956587,-6.8455968,icons/pharmacy.png,OSM
Rabat-Salé-Kénitra,La Fournée,Café,Formel,La Fournée,33.9977822,-6.8485827,icons/cafe.png,OSM
Rabat-Salé-Kénitra,Oliveri,Café,Formel,Rabat ⵔⴱⴰⵟ الرباط,33.9976795,-6.8484955,icons/cafe.png,OSM
Rabat-Salé-Kénitra,Pharmacie l'Oasis صيدلية الواحة,Parapharmacie,Formel,"Avenue Oqba, Rabat",34.0101104,-6.8436866,icons/pharmacy.png,OSM
Rabat-Salé-Kénitra,Pharmacie Alam صيدلية علام,Parapharmacie,Formel,"Avenue Oqba, Rabat",34.0082884,-6.8445817,icons/pharmacy.png,OSM
Rabat-Salé-Kénitra,By Cap,Restaurant,Formel,By Cap,33.9901132,-6.8497583,icons/restaurant.png,OSM
Rabat-Salé-Kénitra,Corrida,Restaurant,Formel,Rabat,34.0227995,-6.8301512,icons/restaurant.png,OSM
Rabat-Salé-Kénitra,Pharmacie Dounia Soleil صيدلية دنيا الشمس,Parapharmacie,Formel,"Rue Casablanca زنقة الدار البيضاء, Rabat",34.0246476,-6.829974,icons/pharmacy.png,OSM
Rabat-Salé-Kénitra,La Rose Verte,Café,Formel,La Rose Verte,34.0243178,-6.8304731,icons/cafe.png,OSM
Rabat-Salé-Kénitra,Pharmacie de la Résistance صيدلية المقاومة,Parapharmacie,Formel,"Avenue Al Mouqaouama شارع المقاومة, Rabat",34.0229167,-6.8462022,icons/pharmacy.png,OSM
Rabat-Salé-Kénitra,Latium,Restaurant,Formel,Latium,33.9548026,-6.8652877,icons/restaurant.png,OSM
Rabat-Salé-Kénitra,Pharmacie Safiya صيدلية الصافية,Parapharmacie,Formel,"Avenue Annakhil شارع النخيل, Rabat",33.9552146,-6.8656761,icons/pharmacy.png,OSM
Rabat-Salé-Kénitra,Cofeeshop Company,Café,Formel,Cofeeshop Company,33.9558937,-6.8663755,icons/cafe.png,OSM
Rabat-Salé-Kénitra,Aya Rosa,Café,Formel,Aya Rosa,33.9556091,-6.8663063,icons/cafe.png,OSM
Rabat-Salé-Kénitra,La Cuchara,Restaurant,Formel,La Cuchara,33.955381,-6.8661613,icons/restaurant.png,OSM
Rabat-Salé-Kénitra,The Noodle House,Restaurant,Formel,The Noodle House,33.9555473,-6.8662305,icons/restaurant.png,OSM
Rabat-Salé-Kénitra,La Terrazza,Restaurant,Formel,La Terrazza,33.9535514,-6.8636956,icons/restaurant.png,OSM
Rabat-Salé-Kénitra,Zayyane,Restaurant,Formel,Zayyane,33.9560802,-6.8667069,icons/restaurant.png,OSM
Rabat-Salé-Kénitra,Le Saint Honore,Boulangerie,Formel,Le Saint Honore,33.9556594,-6.8663454,icons/bakery.png,OSM
Rabat-Salé-Kénitra,Starbucks,Café,Formel,Starbucks,33.9566443,-6.8676795,icons/cafe.png,OSM
Rabat-Salé-Kénitra,Pharmacie Amyris صيدلية أمرس,Parapharmacie,Formel,"Avenue Abderrahim Bouabid شارع عبد الرحيم بوعبيد, Rabat",33.966459,-6.8689394,icons/pharmacy.png,OSM
Rabat-Salé-Kénitra,Pharmacie Al Minbat صيدلية المنبت,Parapharmacie,Formel,"Avenue Mehdi Ben Barka, Rabat",33.9786059,-6.8368404,icons/pharmacy.png,OSM
Rabat-Salé-Kénitra,Mister Brochette,Restaurant,Formel,Mister Brochette,34.0203039,-6.8285313,icons/restaurant.png,OSM
Rabat-Salé-Kénitra,Fleming,Parapharmacie,Formel,Rue Sahel,33.947977,-6.8289978,icons/pharmacy.png,OSM
Rabat-Salé-Kénitra,Pharmacie des Zaers صيدلية زعير,Parapharmacie,Formel,"Avenue Mohammed VI شارع محمد السادس, Rabat ⵔⴱⴰⵟ الرباط",33.9820186,-6.8288893,icons/pharmacy.png,OSM
Rabat-Salé-Kénitra,Pharmacie Talha صيدلية طلحة,Parapharmacie,Formel,"Rue Bani Meskine زنقة بني مسكين, Rabat",33.952492,-6.829435,icons/pharmacy.png,OSM
Rabat-Salé-Kénitra,Dar Naji,Restaurant,Formel,Dar Naji,33.9855372,-6.8284958,icons/restaurant.png,OSM
Rabat-Salé-Kénitra,Pharmacie la Pinède صيدلية الصنوبر,Parapharmacie,Formel,"Avenue Mohammed VI شارع محمد السادس, Rabat ⵔⴱⴰⵟ الرباط",33.9854203,-6.828252,icons/pharmacy.png,OSM
Rabat-Salé-Kénitra,Pharmacie des Ministères d'Agdal صيدلية وزارات أكدال,Parapharmacie,Formel,"Rue Mohamed Bel Hassan Al Wazani زنقة محمد بلحسن الوزاني, Rabat",33.99536,-6.8556405,icons/pharmacy.png,OSM
Rabat-Salé-Kénitra,Pharmacie Ibn Tofail صيدلية ابن طفيل,Parapharmacie,Formel,"Avenue Assalam شارع السلام, Rabat",33.993735,-6.8720219,icons/pharmacy.png,OSM
Rabat-Salé-Kénitra,Pharmacie Essalam صيدلية السلام,Parapharmacie,Formel,"Avenue Assalam شارع السلام, Rabat",33.9985411,-6.8699254,icons/pharmacy.png,OSM
Rabat-Salé-Kénitra,Ya.Sin,Parapharmacie,Formel,Ya.Sin,33.9725938,-6.8201801,icons/pharmacy.png,OSM
Rabat-Salé-Kénitra,Tapamigo,Restaurant,Formel,"Avenue Ibn Batouta شارع ابن بطوطة, Rabat ⵕⵕⴱⴰⵟ الرباط",34.0083478,-6.8395114,icons/restaurant.png,OSM
Rabat-Salé-Kénitra,Restaurant sans nom,Restaurant,Formel,Restaurant sans nom,33.8681168,-7.0566164,icons/restaurant.png,OSM
Rabat-Salé-Kénitra,Café Du Littoral,Café,Formel,Café Du Littoral,33.9389851,-6.9384157,icons/cafe.png,OSM
Rabat-Salé-Kénitra,Doremi,Café,Formel,Doremi,33.9387798,-6.9386487,icons/cafe.png,OSM
Rabat-Salé-Kénitra,Red Wood,Café,Formel,Red Wood,33.9388967,-6.9385229,icons/cafe.png,OSM
Rabat-Salé-Kénitra,Harhoura Ice,Café,Formel,Harhoura Ice,33.93873,-6.9387155,icons/cafe.png,OSM
Rabat-Salé-Kénitra,Pharmacie C.H.U صيدلية المستشفى الجامعي,Parapharmacie,Formel,"Avenue Ibn Rochd شارع ابن رشد, Rabat",33.9877718,-6.8530394,icons/pharmacy.png,OSM
Rabat-Salé-Kénitra,Pharmacie L'Étoile صيدلية النجمة,Parapharmacie,Formel,"Rue Amir Abdelkader زنقة الأمير عبد القادر, Rabat",33.9900489,-6.8541423,icons/pharmacy.png,OSM
Rabat-Salé-Kénitra,LP,Café,Formel,LP,33.9357902,-6.9421207,icons/cafe.png,OSM
Rabat-Salé-Kénitra,Gloria,Café,Formel,Gloria,33.9355872,-6.942412,icons/cafe.png,OSM
Rabat-Salé-Kénitra,Why Not,Café,Formel,Why Not,33.9361936,-6.9414014,icons/cafe.png,OSM
Rabat-Salé-Kénitra,Sol Y Mar,Café,Formel,Sol Y Mar,33.9357415,-6.942247,icons/cafe.png,OSM
Rabat-Salé-Kénitra,Verona,Café,Formel,Verona,33.9352284,-6.9427852,icons/cafe.png,OSM
Rabat-Salé-Kénitra,Pharmacie Guyville Harhoura صيدلية غايفيل هرهورة,Parapharmacie,Formel,Témara تمارة,33.9361065,-6.9417122,icons/pharmacy.png,OSM
Rabat-Salé-Kénitra,La Falaise,Café,Formel,La Falaise,33.9356675,-6.9423354,icons/cafe.png,OSM
Rabat-Salé-Kénitra,La Fontaine Bleue,Café,Formel,La Fontaine Bleue,33.9349717,-6.9431574,icons/cafe.png,OSM
Rabat-Salé-Kénitra,Miami Light,Café,Formel,Miami Light,33.9948633,-6.8503589,icons/cafe.png,OSM
Rabat-Salé-Kénitra,Pharmacie Oqba صيدلية عقبة,Parapharmacie,Formel,"Avenue Oqba شارع عقبة, Rabat",34.0031697,-6.8496954,icons/pharmacy.png,OSM
Rabat-Salé-Kénitra,Pharmacie des Orangers صيدلية الليمون,Parapharmacie,Formel,Pharmacie des Orangers صيدلية الليمون,34.0527906,-6.7849912,icons/pharmacy.png,OSM
Rabat-Salé-Kénitra,Dar Morjana,Restaurant,Formel,"Avenue Atlas, Rabat",33.99673,-6.8460289,icons/restaurant.png,OSM
Rabat-Salé-Kénitra,Boulangerie sans nom,Boulangerie,Formel,Boulangerie sans nom,34.0184979,-6.8359006,icons/bakery.png,OSM
Rabat-Salé-Kénitra,Café sans nom,Café,Formel,Café sans nom,34.0445477,-6.8158858,icons/cafe.png,OSM
Rabat-Salé-Kénitra,Boulangerie Patisserie Abtal,Boulangerie,Formel,"Avenue Al Abtal, Rabat",34.0012204,-6.8476142,icons/bakery.png,OSM
Rabat-Salé-Kénitra,Carrefour Express,Supérette / Mini-market,Formel,Avenue Maghreb Arabe,34.0210221,-6.8423142,icons/convenience.png,OSM
Rabat-Salé-Kénitra,Tacos de Lyon,Restaurant,Formel,Avenue Maghreb Arabe,34.0200706,-6.8448274,icons/restaurant.png,OSM
Rabat-Salé-Kénitra,Boulangerie Patisserie Boumalek,Boulangerie,Formel,"Avenue Maghreb Arabe, Rabat",34.0203107,-6.8447871,icons/bakery.png,OSM
Rabat-Salé-Kénitra,Café Benhammou,Café,Formel,Avenue Maghreb Arabe,34.0202529,-6.8450339,icons/cafe.png,OSM
Rabat-Salé-Kénitra,Boumalek delice,Boulangerie,Formel,Avenue Al Mouqaouama,34.0209043,-6.8479012,icons/bakery.png,OSM
Rabat-Salé-Kénitra,Venezia Ice,Café,Formel,"Avenue de France شارع فرنسا, Rabat ⵔⴱⴰⵟ الرباط",33.9977697,-6.8481855,icons/cafe.png,OSM
Rabat-Salé-Kénitra,La Rive,Café,Formel,Avenue de France,33.9974489,-6.8482591,icons/cafe.png,OSM
Rabat-Salé-Kénitra,Bert's,Café,Formel,Bert's,33.9975563,-6.8479977,icons/cafe.png,OSM
Rabat-Salé-Kénitra,Terre de Glace,Café,Formel,Terre de Glace,34.0012609,-6.8499423,icons/cafe.png,OSM
Rabat-Salé-Kénitra,Café Badr,Café,Formel,Café Badr,34.0011897,-6.8499075,icons/cafe.png,OSM
Rabat-Salé-Kénitra,Café Kamaoufel,Café,Formel,Café Kamaoufel,34.001103,-6.8498646,icons/cafe.png,OSM
Rabat-Salé-Kénitra,Boubnina,Restaurant,Formel,Place Abou Bakr Asseddik,34.0001958,-6.8493844,icons/restaurant.png,OSM
Rabat-Salé-Kénitra,Pinchos,Restaurant,Formel,Pinchos,33.9954771,-6.850578,icons/restaurant.png,OSM
Rabat-Salé-Kénitra,Citirusta,Restaurant,Formel,Avenue Ibn Sina,34.0020281,-6.8518914,icons/restaurant.png,OSM
Rabat-Salé-Kénitra,Coq Magic,Restaurant,Formel,Avenue Oqba شارع عقبة,34.0022176,-6.8507341,icons/restaurant.png,OSM
Rabat-Salé-Kénitra,Goethe 2.0,Restaurant,Formel,Avenue Oqba شارع عقبة,34.0058019,-6.8466383,icons/restaurant.png,OSM
Rabat-Salé-Kénitra,Chez Ouazzani,Restaurant,Formel,Chez Ouazzani,34.0046502,-6.8470373,icons/restaurant.png,OSM
Rabat-Salé-Kénitra,Le Savarin,Café,Formel,Rue Tensift,33.9994358,-6.8465284,icons/cafe.png,OSM
Rabat-Salé-Kénitra,Pinchos,Restaurant,Formel,Avenue de France,33.9977447,-6.8483053,icons/restaurant.png,OSM
Rabat-Salé-Kénitra,Zen Garden,Café,Formel,زنقة ملوية Rue Melouya,33.9979001,-6.8480774,icons/cafe.png,OSM
Rabat-Salé-Kénitra,Le Rocher,Café,Formel,Le Rocher,33.9978536,-6.8478628,icons/cafe.png,OSM
Rabat-Salé-Kénitra,Dar Al Fawakih,Restaurant,Formel,Avenue Maghreb Arabe,34.0203191,-6.8438873,icons/restaurant.png,OSM
Rabat-Salé-Kénitra,Café Concorde,Café,Formel,Avenue Hassan II,34.0202724,-6.8425154,icons/cafe.png,OSM
Rabat-Salé-Kénitra,Le Grand Comptoir,Restaurant,Formel,Avenue Mohamed V,34.0190163,-6.8361497,icons/restaurant.png,OSM
Rabat-Salé-Kénitra,Café la Tourterelle,Café,Formel,Café la Tourterelle,34.0012726,-6.8480836,icons/cafe.png,OSM
Rabat-Salé-Kénitra,BIM,Supermarché,Formel,BIM,34.0001283,-6.8493428,icons/supermarket.png,OSM
Rabat-Salé-Kénitra,Sand'way,Restaurant,Formel,Avenue Oqba شارع عقبة,34.0026312,-6.8502535,icons/restaurant.png,OSM
Rabat-Salé-Kénitra,O'pizza,Restaurant,Formel,Avenue Oqba شارع عقبة,34.0026601,-6.8502213,icons/restaurant.png,OSM
Rabat-Salé-Kénitra,La Diva,Café,Formel,La Diva,34.0029614,-6.8496594,icons/cafe.png,OSM
Rabat-Salé-Kénitra,Salés Sucrés,Restaurant,Formel,Avenue Oqba شارع عقبة,34.0030126,-6.8497949,icons/restaurant.png,OSM
Rabat-Salé-Kénitra,La Graille,Restaurant,Formel,Avenue Oqba شارع عقبة,34.0028469,-6.8500014,icons/restaurant.png,OSM
Rabat-Salé-Kénitra,Casarina,Café,Formel,Avenue Oqba شارع عقبة,34.0041055,-6.8483331,icons/cafe.png,OSM
Rabat-Salé-Kénitra,La Tassa,Café,Formel,Avenue Oqba شارع عقبة,34.0037875,-6.8486979,icons/cafe.png,OSM
Rabat-Salé-Kénitra,Café de Paris,Café,Formel,Avenue Oqba شارع عقبة,34.0036785,-6.8488105,icons/cafe.png,OSM
Rabat-Salé-Kénitra,Le Bartoldi,Restaurant,Formel,Le Bartoldi,34.0034395,-6.8490975,icons/restaurant.png,OSM
Rabat-Salé-Kénitra,Café sans nom,Café,Formel,Café sans nom,34.0021409,-6.8519836,icons/cafe.png,OSM
Rabat-Salé-Kénitra,Chez Said,Supérette / Mini-market,Formel,Chez Said,34.0021365,-6.8520587,icons/convenience.png,OSM
Rabat-Salé-Kénitra,Casarina,Café,Formel,Rue Mohamed Diouri,34.2547511,-6.58157,icons/cafe.png,OSM
Rabat-Salé-Kénitra,El Tren,Café,Formel,El Tren,34.2546691,-6.581814,icons/cafe.png,OSM
Rabat-Salé-Kénitra,Supérette / Mini-market sans nom,Supérette / Mini-market,Formel,Supérette / Mini-market sans nom,34.0172002,-6.8266578,icons/convenience.png,OSM
Rabat-Salé-Kénitra,Italiano,Café,Formel,Italiano,33.6030907,-7.1134221,icons/cafe.png,OSM
Rabat-Salé-Kénitra,La Bonne Maison,Supérette / Mini-market,Formel,La Bonne Maison,34.0202505,-6.8281349,icons/convenience.png,OSM
Rabat-Salé-Kénitra,Zumbra Jus,Restaurant,Formel,Zumbra Jus,34.0206193,-6.8267618,icons/restaurant.png,OSM
Rabat-Salé-Kénitra,Café sans nom,Café,Formel,Café sans nom,34.0205737,-6.8267309,icons/cafe.png,OSM
Rabat-Salé-Kénitra,La couronne d'or,Boulangerie,Formel,La couronne d'or,34.0205359,-6.8266947,icons/bakery.png,OSM
Rabat-Salé-Kénitra,Restaurant - Rotisserie Aya,Restaurant,Formel,Restaurant - Rotisserie Aya,34.0196651,-6.8257908,icons/restaurant.png,OSM
Rabat-Salé-Kénitra,Addik Snack,Restaurant,Formel,Avenue Al Alaouiyine,34.01997,-6.8259498,icons/restaurant.png,OSM
Rabat-Salé-Kénitra,La passerelle,Restaurant,Formel,La passerelle,34.0202585,-6.8256246,icons/restaurant.png,OSM
Rabat-Salé-Kénitra,Supérette / Mini-market sans nom,Supérette / Mini-market,Formel,Supérette / Mini-market sans nom,34.0200279,-6.8237698,icons/convenience.png,OSM
Rabat-Salé-Kénitra,Happy Fish,Restaurant,Formel,Happy Fish,34.0207647,-6.824351,icons/restaurant.png,OSM
Rabat-Salé-Kénitra,Pharmacie et Laboratoire Les Almohades صيدلية و مختبر الموحدين,Parapharmacie,Formel,"Rue Zagora Hassan, Rabat الرباط",34.0206772,-6.8243041,icons/pharmacy.png,OSM
Rabat-Salé-Kénitra,Santo,Restaurant,Formel,Rue Zagora Hassan,34.0205304,-6.8242096,icons/restaurant.png,OSM
Rabat-Salé-Kénitra,Le Mare Nostrum,Restaurant,Formel,Le Mare Nostrum,34.018773,-6.8254374,icons/restaurant.png,OSM
Rabat-Salé-Kénitra,Supérette / Mini-market sans nom,Supérette / Mini-market,Formel,Supérette / Mini-market sans nom,34.018013,-6.8246044,icons/convenience.png,OSM
Rabat-Salé-Kénitra,Café sans nom,Café,Formel,Café sans nom,34.0182091,-6.8245361,icons/cafe.png,OSM
Rabat-Salé-Kénitra,Pâtisserie Al Yamama,Boulangerie,Formel,Pâtisserie Al Yamama,34.0183814,-6.8246671,icons/bakery.png,OSM
Rabat-Salé-Kénitra,Supérette / Mini-market sans nom,Supérette / Mini-market,Formel,Supérette / Mini-market sans nom,34.0189559,-6.8256063,icons/convenience.png,OSM
Rabat-Salé-Kénitra,Sens du goût,Supérette / Mini-market,Formel,Sens du goût,34.0192771,-6.8256076,icons/convenience.png,OSM
Rabat-Salé-Kénitra,Fabiola,Café,Formel,Fabiola,34.0174879,-6.8271151,icons/cafe.png,OSM
Rabat-Salé-Kénitra,Supérette / Mini-market sans nom,Supérette / Mini-market,Formel,Supérette / Mini-market sans nom,34.0218421,-6.8299632,icons/convenience.png,OSM
Rabat-Salé-Kénitra,Pharmacie l'Officine Moderne صيدلية المستوصف الحديث,Parapharmacie,Formel,"Avenue d'Alger شارع الجزائر, Rabat الرباط",34.0174608,-6.8258189,icons/pharmacy.png,OSM
Rabat-Salé-Kénitra,La Brasserie,Restaurant,Formel,La Brasserie,34.0175478,-6.8277983,icons/restaurant.png,OSM
Rabat-Salé-Kénitra,Supérette / Mini-market sans nom,Supérette / Mini-market,Formel,Supérette / Mini-market sans nom,34.0144764,-6.8289941,icons/convenience.png,OSM
Rabat-Salé-Kénitra,Lilas,Restaurant,Formel,Lilas,34.0004894,-6.8455279,icons/restaurant.png,OSM
Rabat-Salé-Kénitra,Pilippe Rey. Petit Bistro,Restaurant,Formel,Pilippe Rey. Petit Bistro,34.0206136,-6.8304944,icons/restaurant.png,OSM
Rabat-Salé-Kénitra,Épicerie sans nom,Épicerie,Informel,Épicerie sans nom,34.0213027,-6.8265028,icons/greengrocer.png,OSM
Rabat-Salé-Kénitra,Supérette / Mini-market sans nom,Supérette / Mini-market,Formel,Supérette / Mini-market sans nom,34.0214164,-6.8260537,icons/convenience.png,OSM
Rabat-Salé-Kénitra,BİM,Supermarché,Formel,BİM,34.0214688,-6.8261893,icons/supermarket.png,OSM
Rabat-Salé-Kénitra,Croquette,Restaurant,Formel,Croquette,34.0213371,-6.8262187,icons/restaurant.png,OSM
Rabat-Salé-Kénitra,Pharmacie Nassim Al Bahr صيدلية نسيم البحر,Parapharmacie,Formel,Témara تمارة,33.9274329,-6.9503182,icons/pharmacy.png,OSM
Rabat-Salé-Kénitra,Abha,Café,Formel,Abha,34.0245064,-6.8447902,icons/cafe.png,OSM
Rabat-Salé-Kénitra,Parfums,Kiosque,Informel,Parfums,34.0213321,-6.8275625,icons/kiosk.png,OSM
Rabat-Salé-Kénitra,Boumalek,Boulangerie,Formel,Boumalek,34.0207291,-6.8306774,icons/bakery.png,OSM
Rabat-Salé-Kénitra,Supérette / Mini-market sans nom,Supérette / Mini-market,Formel,Supérette / Mini-market sans nom,34.0212133,-6.8298525,icons/convenience.png,OSM
Rabat-Salé-Kénitra,saada food,Restaurant,Formel,saada food,34.0217639,-6.8313352,icons/restaurant.png,OSM
Rabat-Salé-Kénitra,exotic,Restaurant,Formel,Rabat,34.0215728,-6.8306308,icons/restaurant.png,OSM
Rabat-Salé-Kénitra,Perle Diamant,Café,Formel,Perle Diamant,34.0215612,-6.830985,icons/cafe.png,OSM
Rabat-Salé-Kénitra,Café Florida,Café,Formel,Café Florida,34.0215701,-6.8486008,icons/cafe.png,OSM
Rabat-Salé-Kénitra,Chiwates du terroir,Restaurant,Formel,Chiwates du terroir,34.0185128,-6.8260138,icons/restaurant.png,OSM
Rabat-Salé-Kénitra,Supérette / Mini-market sans nom,Supérette / Mini-market,Formel,Supérette / Mini-market sans nom,34.0212369,-6.8227514,icons/convenience.png,OSM
Rabat-Salé-Kénitra,Supérette / Mini-market sans nom,Supérette / Mini-market,Formel,Supérette / Mini-market sans nom,34.0214109,-6.824861,icons/convenience.png,OSM
Rabat-Salé-Kénitra,Supérette / Mini-market sans nom,Supérette / Mini-market,Formel,Supérette / Mini-market sans nom,34.0171899,-6.8257471,icons/convenience.png,OSM
Rabat-Salé-Kénitra,Brochettes,Restaurant,Formel,Brochettes,34.6894922,-6.004145,icons/restaurant.png,OSM
Rabat-Salé-Kénitra,Pharmacie Ibn Sina صيدلية ابن سينا,Parapharmacie,Formel,"Avenue Al Moukaouama, Souk El Arbaa ⵙⵓⵇ ⵍⴰⵔⴱⵄⴰ سوق الأربعاء",34.6894759,-6.0036313,icons/pharmacy.png,OSM
Rabat-Salé-Kénitra,Restaurant Riyad Al Hassan,Restaurant,Formel,Restaurant Riyad Al Hassan,34.016457,-6.8507726,icons/restaurant.png,OSM
Rabat-Salé-Kénitra,Café au coin de la perle,Café,Formel,Café au coin de la perle,34.0191799,-6.8478221,icons/cafe.png,OSM
Rabat-Salé-Kénitra,Supérette / Mini-market sans nom,Supérette / Mini-market,Formel,Supérette / Mini-market sans nom,34.0181756,-6.848721,icons/convenience.png,OSM
Rabat-Salé-Kénitra,Le Sablier,Café,Formel,Le Sablier,34.0182945,-6.8473313,icons/cafe.png,OSM
Rabat-Salé-Kénitra,Café sans nom,Café,Formel,Café sans nom,34.0175774,-6.8498388,icons/cafe.png,OSM
Rabat-Salé-Kénitra,Bim,Supermarché,Formel,Bim,33.6849709,-7.37293,icons/supermarket.png,OSM
Rabat-Salé-Kénitra,Bim,Supermarché,Formel,Bim,33.6927071,-7.3844652,icons/supermarket.png,OSM
Rabat-Salé-Kénitra,Loueloua,Boulangerie,Formel,Loueloua,33.6936722,-7.3780112,icons/bakery.png,OSM
Rabat-Salé-Kénitra,La vivelle,Café,Formel,La vivelle,33.69384,-7.3776269,icons/cafe.png,OSM
Rabat-Salé-Kénitra,Bim,Supermarché,Formel,Bim,33.6930466,-7.3801889,icons/supermarket.png,OSM
Rabat-Salé-Kénitra,DH Palace,Café,Formel,DH Palace,33.9340345,-6.942399,icons/cafe.png,OSM
Rabat-Salé-Kénitra,Alimentation Generale,Supérette / Mini-market,Formel,Alimentation Generale,33.9341592,-6.9426796,icons/convenience.png,OSM
Rabat-Salé-Kénitra,Konichiwa,Restaurant,Formel,Konichiwa,33.9343289,-6.9433331,icons/restaurant.png,OSM
Rabat-Salé-Kénitra,Pharmacie Le Littoral صيدلية الساحل,Parapharmacie,Formel,"Avenue Abdrrahim Bouabid, Témara تمارة",33.9297373,-6.9465894,icons/pharmacy.png,OSM
Rabat-Salé-Kénitra,Sabah Acham,Restaurant,Formel,Sabah Acham,33.9346194,-6.9431692,icons/restaurant.png,OSM
Rabat-Salé-Kénitra,Dunkin',Restaurant,Formel,Dunkin',33.9345965,-6.9430654,icons/restaurant.png,OSM
Rabat-Salé-Kénitra,Pizzeria Haliano,Restaurant,Formel,Pizzeria Haliano,33.9336337,-6.9416407,icons/restaurant.png,OSM
Rabat-Salé-Kénitra,Café Bruxelles,Café,Formel,Café Bruxelles,33.9335787,-6.9405963,icons/cafe.png,OSM
Rabat-Salé-Kénitra,Pharmacie Essaada صيدلية السعادة,Parapharmacie,Formel,"Avenue Mohamed VI, Témara تمارة",33.9335925,-6.940455,icons/pharmacy.png,OSM
Rabat-Salé-Kénitra,Papilino,Restaurant,Formel,Papilino,33.9333373,-6.9401595,icons/restaurant.png,OSM
Rabat-Salé-Kénitra,Café sans nom,Café,Formel,Café sans nom,33.9338934,-6.941671,icons/cafe.png,OSM
Rabat-Salé-Kénitra,Arrabie,Café,Formel,Arrabie,33.9331858,-6.9402353,icons/cafe.png,OSM
Rabat-Salé-Kénitra,Le Georges,Restaurant,Formel,Le Georges,34.0007034,-6.8459905,icons/restaurant.png,OSM
Rabat-Salé-Kénitra,Pharmacie Michlifen صيدلية مشليفن,Parapharmacie,Formel,"Avenue de Michlifen شارع مشليفن, Rabat",33.9946256,-6.8505065,icons/pharmacy.png,OSM
Rabat-Salé-Kénitra,Club nautique Sidi Abed,Restaurant,Formel,Club nautique Sidi Abed,33.9176006,-6.9758095,icons/restaurant.png,OSM
Rabat-Salé-Kénitra,Petit Val D'or,Café,Formel,Petit Val D'or,33.9006547,-6.9969906,icons/cafe.png,OSM
Rabat-Salé-Kénitra,label vie,Supermarché,Formel,label vie,33.6980362,-7.39079,icons/supermarket.png,OSM
Rabat-Salé-Kénitra,café les 4 saisons,Café,Formel,café les 4 saisons,33.6947441,-7.3908792,icons/cafe.png,OSM
Rabat-Salé-Kénitra,Pharmacie La Colline صيدلية لاكولين,Parapharmacie,Formel,Mohammedia,33.6950989,-7.372396,icons/pharmacy.png,OSM
Rabat-Salé-Kénitra,Supérette / Mini-market sans nom,Supérette / Mini-market,Formel,Supérette / Mini-market sans nom,34.0221246,-6.8281821,icons/convenience.png,OSM
Rabat-Salé-Kénitra,Pharmacie Ibn Sina صيدلية ابن سينا,Parapharmacie,Formel,Mohammedia,33.692378,-7.385159,icons/pharmacy.png,OSM
Rabat-Salé-Kénitra,kiosque,Kiosque,Informel,kiosque,33.7056367,-7.3930148,icons/kiosk.png,OSM
Rabat-Salé-Kénitra,café,Café,Formel,café,33.7043934,-7.3930613,icons/cafe.png,OSM
Rabat-Salé-Kénitra,café,Café,Formel,café,33.7054818,-7.39313,icons/cafe.png,OSM
Rabat-Salé-Kénitra,kiosque,Kiosque,Informel,kiosque,33.7097452,-7.3544638,icons/kiosk.png,OSM
Rabat-Salé-Kénitra,café,Café,Formel,café,33.6871214,-7.3419913,icons/cafe.png,OSM
Rabat-Salé-Kénitra,Parapharmacie sans nom,Parapharmacie,Formel,Parapharmacie sans nom,33.6878824,-7.3420845,icons/pharmacy.png,OSM
Rabat-Salé-Kénitra,épicerie,Supérette / Mini-market,Formel,épicerie,33.6848071,-7.339496,icons/convenience.png,OSM
Rabat-Salé-Kénitra,Acima,Supermarché,Formel,Acima,33.7036329,-7.3970484,icons/supermarket.png,OSM
Rabat-Salé-Kénitra,Supérette / Mini-market sans nom,Supérette / Mini-market,Formel,Supérette / Mini-market sans nom,34.0170609,-6.8506867,icons/convenience.png,OSM
Rabat-Salé-Kénitra,bim,Supermarché,Formel,bim,33.6997354,-7.3805154,icons/supermarket.png,OSM
Rabat-Salé-Kénitra,Parapharmacie sans nom,Parapharmacie,Formel,Parapharmacie sans nom,33.685479,-7.3431512,icons/pharmacy.png,OSM
Rabat-Salé-Kénitra,Supermarché,Supermarché,Formel,Supermarché,33.6854314,-7.3433859,icons/supermarket.png,OSM
Rabat-Salé-Kénitra,Café مقهى,Café,Formel,Café مقهى,33.6852486,-7.3412312,icons/cafe.png,OSM
Rabat-Salé-Kénitra,Café,Café,Formel,Café,33.7021724,-7.3919077,icons/cafe.png,OSM
Rabat-Salé-Kénitra,Pharmacie Pont Blondin صيدلية جسر بلوندان,Parapharmacie,Formel,Mohammédia المحمدية,33.719309,-7.3402685,icons/pharmacy.png,OSM
Rabat-Salé-Kénitra,Il Giardino الجيردينو,Restaurant,Formel,"Avenue Ahmed El Yazidi شارع أحمد اليزيدي, Rabat  الرباط",34.0156052,-6.8211928,icons/restaurant.png,OSM
Rabat-Salé-Kénitra,restaurant poissons,Restaurant,Formel,restaurant poissons,33.7111341,-7.3972843,icons/restaurant.png,OSM
Rabat-Salé-Kénitra,Restaurant du Port,Restaurant,Formel,Restaurant du Port,33.7092206,-7.3973521,icons/restaurant.png,OSM
Rabat-Salé-Kénitra,Restaurant Poisson,Restaurant,Formel,Restaurant Poisson,33.7084877,-7.3981282,icons/restaurant.png,OSM
Rabat-Salé-Kénitra,Pharmacie des Cliniques صيدلية المصحات,Parapharmacie,Formel,"Rue Ouazzane زنقة وزان, Rabat الرباط",34.0210339,-6.8213996,icons/pharmacy.png,OSM
Rabat-Salé-Kénitra,BİM,Supermarché,Formel,BİM,34.024685,-6.8450175,icons/supermarket.png,OSM
Rabat-Salé-Kénitra,Supérette / Mini-market sans nom,Supérette / Mini-market,Formel,Supérette / Mini-market sans nom,34.0247063,-6.8447084,icons/convenience.png,OSM
Rabat-Salé-Kénitra,Supérette / Mini-market sans nom,Supérette / Mini-market,Formel,Supérette / Mini-market sans nom,34.0175391,-6.8508668,icons/convenience.png,OSM
Rabat-Salé-Kénitra,Supérette / Mini-market sans nom,Supérette / Mini-market,Formel,Supérette / Mini-market sans nom,34.0169522,-6.8519129,icons/convenience.png,OSM
Rabat-Salé-Kénitra,Bim بيم,Supermarché,Formel,Bim بيم,34.0165342,-6.8522294,icons/supermarket.png,OSM
Rabat-Salé-Kénitra,4You,Café,Formel,4You,34.025619,-6.8452645,icons/cafe.png,OSM
Rabat-Salé-Kénitra,Pharmacie de la Marne صيدلية مارل,Parapharmacie,Formel,"Avenue Patrice Lumumba شارع باتريس لومومبا, Rabat ⵔⴱⴰⵟ الرباط",34.0140629,-6.8290191,icons/pharmacy.png,OSM
Rabat-Salé-Kénitra,Guelzim,Café,Formel,Guelzim,34.0204392,-6.8367645,icons/cafe.png,OSM
Rabat-Salé-Kénitra,L'imperial,Café,Formel,L'imperial,33.9996923,-6.8486913,icons/cafe.png,OSM
Rabat-Salé-Kénitra,Saytlia,Épicerie,Informel,"Rue Doukkala, Rabat",33.9933992,-6.8237071,icons/greengrocer.png,OSM
Rabat-Salé-Kénitra,Tout Va Bien,Restaurant,Formel,Tout Va Bien,34.0179112,-6.8514265,icons/restaurant.png,OSM
Rabat-Salé-Kénitra,Acima آسيما,Supermarché,Formel,Acima آسيما,34.0178059,-6.8516447,icons/supermarket.png,OSM
Rabat-Salé-Kénitra,Pizza Risse,Restaurant,Formel,Pizza Risse,34.0176887,-6.8518931,icons/restaurant.png,OSM
Rabat-Salé-Kénitra,Pharmacie Ibn El Haytam صيدلية ابن الهيثم,Parapharmacie,Formel,"Avenue Al Mouqaouama شارع المقاومة, Rabat",34.0170042,-6.8531909,icons/pharmacy.png,OSM
Rabat-Salé-Kénitra,Pharmacie Aya صيدلية اًية,Parapharmacie,Formel,"Avenue El Hachimi El Mestari زنقة الهاشمي المستاري, Rabat",34.0166735,-6.8567883,icons/pharmacy.png,OSM
Rabat-Salé-Kénitra,Supérette / Mini-market sans nom,Supérette / Mini-market,Formel,Supérette / Mini-market sans nom,34.014077,-6.854336,icons/convenience.png,OSM
Rabat-Salé-Kénitra,Le Dhow,Restaurant,Formel,Le Dhow,34.0290184,-6.8324165,icons/restaurant.png,OSM
Rabat-Salé-Kénitra,Supérette / Mini-market sans nom,Supérette / Mini-market,Formel,Supérette / Mini-market sans nom,34.0204169,-6.8497957,icons/convenience.png,OSM
Rabat-Salé-Kénitra,Supérette / Mini-market sans nom,Supérette / Mini-market,Formel,Supérette / Mini-market sans nom,34.0205334,-6.8493256,icons/convenience.png,OSM
Rabat-Salé-Kénitra,Supérette / Mini-market sans nom,Supérette / Mini-market,Formel,Supérette / Mini-market sans nom,34.0221872,-6.8489896,icons/convenience.png,OSM
Rabat-Salé-Kénitra,Supérette / Mini-market sans nom,Supérette / Mini-market,Formel,Supérette / Mini-market sans nom,34.031792,-6.8360109,icons/convenience.png,OSM
Rabat-Salé-Kénitra,La Gafiera,Café,Formel,"Rue Ibn Hajar زنقة ابن حجر, Rabat",34.0085412,-6.8514521,icons/cafe.png,OSM
Rabat-Salé-Kénitra,Supérette / Mini-market sans nom,Supérette / Mini-market,Formel,Supérette / Mini-market sans nom,34.008551,-6.8512633,icons/convenience.png,OSM
Rabat-Salé-Kénitra,Sushi House,Restaurant,Formel,Sushi House,33.9897439,-6.848208,icons/restaurant.png,OSM
Rabat-Salé-Kénitra,Quick,Restaurant,Formel,Quick,33.9954967,-6.8477997,icons/restaurant.png,OSM
Rabat-Salé-Kénitra,La Grillardiere,Restaurant,Formel,La Grillardiere,33.9581699,-6.872866,icons/restaurant.png,OSM
Rabat-Salé-Kénitra,La Piazza Verde,Café,Formel,La Piazza Verde,33.9574329,-6.8726944,icons/cafe.png,OSM
Rabat-Salé-Kénitra,Yoka Sushi,Restaurant,Formel,Yoka Sushi,33.9573701,-6.8727667,icons/restaurant.png,OSM
Rabat-Salé-Kénitra,Grillade Adil,Restaurant,Formel,Grillade Adil,33.9574967,-6.8726141,icons/restaurant.png,OSM
Rabat-Salé-Kénitra,Almasjid,Café,Formel,Almasjid,33.957253,-6.8728792,icons/cafe.png,OSM
Rabat-Salé-Kénitra,Il Bam Bino,Restaurant,Formel,Il Bam Bino,33.9571488,-6.8730212,icons/restaurant.png,OSM
Rabat-Salé-Kénitra,Goss!p,Café,Formel,Goss!p,33.9573326,-6.872823,icons/cafe.png,OSM
Rabat-Salé-Kénitra,Les Domaines,Supermarché,Formel,Les Domaines,33.9757027,-6.8599642,icons/supermarket.png,OSM
Rabat-Salé-Kénitra,Supérette / Mini-market sans nom,Supérette / Mini-market,Formel,Supérette / Mini-market sans nom,34.0219574,-6.8496339,icons/convenience.png,OSM
Rabat-Salé-Kénitra,Pharmacie Maghrebine الصيدلية المغاربية,Parapharmacie,Formel,"Place des Alliés ساحة الحلفاء, Rabat ⵔⴱⴰⵟ الرباط",34.0221318,-6.8497586,icons/pharmacy.png,OSM
Rabat-Salé-Kénitra,Café sans nom,Café,Formel,Café sans nom,34.0221764,-6.8498136,icons/cafe.png,OSM
Rabat-Salé-Kénitra,Café Fennick,Café,Formel,Café Fennick,34.0321213,-6.8226597,icons/cafe.png,OSM
Rabat-Salé-Kénitra,Supérette / Mini-market sans nom,Supérette / Mini-market,Formel,Supérette / Mini-market sans nom,34.0371232,-6.8262153,icons/convenience.png,OSM
Rabat-Salé-Kénitra,Café sans nom,Café,Formel,Café sans nom,34.0243092,-6.8472719,icons/cafe.png,OSM
Rabat-Salé-Kénitra,Supérette / Mini-market sans nom,Supérette / Mini-market,Formel,Supérette / Mini-market sans nom,34.0260025,-6.8450241,icons/convenience.png,OSM
Rabat-Salé-Kénitra,Café sans nom,Café,Formel,Café sans nom,34.0172288,-6.8267442,icons/cafe.png,OSM
Rabat-Salé-Kénitra,La Deliciosa,Café,Formel,"Rue 16 Novembre شارع 16 نوفمبر, Rabat ⵔⴱⴰⵟ الرباط",33.9915537,-6.8484737,icons/cafe.png,OSM
Rabat-Salé-Kénitra,L'hacienda,Restaurant,Formel,L'hacienda,34.0177968,-6.8253706,icons/restaurant.png,OSM
Rabat-Salé-Kénitra,Krystal,Restaurant,Formel,Krystal,34.0172493,-6.8351892,icons/restaurant.png,OSM
Rabat-Salé-Kénitra,Pharmacie Cherqi صيدلية الشرقي,Parapharmacie,Formel,"Avenue Laalou شارع لعلو, Rabat",34.0286307,-6.8387859,icons/pharmacy.png,OSM
Rabat-Salé-Kénitra,Supérette / Mini-market sans nom,Supérette / Mini-market,Formel,Supérette / Mini-market sans nom,34.0186457,-6.8307952,icons/convenience.png,OSM
Rabat-Salé-Kénitra,Boulangerie Patisserie,Boulangerie,Formel,Boulangerie Patisserie,33.9858561,-6.8284043,icons/bakery.png,OSM
Rabat-Salé-Kénitra,Boulangerie Patisserie,Boulangerie,Formel,Boulangerie Patisserie,33.9830984,-6.8293246,icons/bakery.png,OSM
Rabat-Salé-Kénitra,Bella Costa,Restaurant,Formel,Bd Moulay Youssef,33.7036094,-7.3862017,icons/restaurant.png,OSM
Rabat-Salé-Kénitra,Tacos De Mexico,Restaurant,Formel,Tacos De Mexico,34.0253428,-6.8461406,icons/restaurant.png,OSM
Rabat-Salé-Kénitra,Pharmacie Miramar صيدلية ميرامار,Parapharmacie,Formel,Témara تمارة,33.9436808,-6.9340169,icons/pharmacy.png,OSM
Rabat-Salé-Kénitra,Pharmacie de la Côte صيدلية الشاطئ,Parapharmacie,Formel,"Avenue Al Kifah شارع الكفاح, Rabat",33.9906974,-6.8765319,icons/pharmacy.png,OSM
Rabat-Salé-Kénitra,Pharmacie Sayegh صيدلية الصايغ,Parapharmacie,Formel,"Avenue Al Kifah شارع الكفاح, Rabat",33.9904097,-6.882226,icons/pharmacy.png,OSM
Rabat-Salé-Kénitra,Pharmacie la Grande Mosquée صيدلية المسجد الكبير,Parapharmacie,Formel,Témara تمارة,33.9414093,-6.9365945,icons/pharmacy.png,OSM
Rabat-Salé-Kénitra,Supérette / Mini-market sans nom,Supérette / Mini-market,Formel,Supérette / Mini-market sans nom,34.0161923,-6.8309612,icons/convenience.png,OSM
Rabat-Salé-Kénitra,la carré noir,Café,Formel,la carré noir,34.0191083,-6.8358451,icons/cafe.png,OSM
Rabat-Salé-Kénitra,Al Fanous,Restaurant,Formel,Al Fanous,34.0182035,-6.8341182,icons/restaurant.png,OSM
Rabat-Salé-Kénitra,Carrefour,Supermarché,Formel,Carrefour,33.8268123,-6.090933,icons/supermarket.png,OSM
Rabat-Salé-Kénitra,Abida,Café,Formel,Abida,33.8271082,-6.0906546,icons/cafe.png,OSM
Rabat-Salé-Kénitra,Zagora,Restaurant,Formel,Zagora,34.8762911,-6.2943887,icons/restaurant.png,OSM
Rabat-Salé-Kénitra,L'océan,Restaurant,Formel,L'océan,34.87626,-6.2944834,icons/restaurant.png,OSM
Rabat-Salé-Kénitra,Moulant Bouslam,Parapharmacie,Formel,Moulant Bouslam,34.8760297,-6.2952804,icons/pharmacy.png,OSM
Rabat-Salé-Kénitra,Milano,Restaurant,Formel,Milano,34.8760961,-6.2949997,icons/restaurant.png,OSM
Rabat-Salé-Kénitra,Miramar,Restaurant,Formel,Miramar,34.875793,-6.2962314,icons/restaurant.png,OSM
Rabat-Salé-Kénitra,Normandie,Restaurant,Formel,Normandie,34.8761681,-6.2947992,icons/restaurant.png,OSM
Rabat-Salé-Kénitra,Supérette / Mini-market sans nom,Supérette / Mini-market,Formel,Supérette / Mini-market sans nom,34.8762171,-6.2946236,icons/convenience.png,OSM
Rabat-Salé-Kénitra,Firdaousse,Restaurant,Formel,Firdaousse,34.875958,-6.295467,icons/restaurant.png,OSM
Rabat-Salé-Kénitra,Café l'Escale,Restaurant,Formel,Rabat ⵔⴱⴰⵟ الرباط,34.0167876,-6.8239355,icons/restaurant.png,OSM
Rabat-Salé-Kénitra,Café Ali Baba,Café,Formel,Café Ali Baba,33.7106089,-7.3673482,icons/cafe.png,OSM
Rabat-Salé-Kénitra,Supermaché Monica,Supermarché,Formel,Supermaché Monica,33.7121747,-7.3530257,icons/supermarket.png,OSM
Rabat-Salé-Kénitra,Ôblanc,Restaurant,Formel,Ôblanc,33.7042931,-7.3691472,icons/restaurant.png,OSM
Rabat-Salé-Kénitra,bouregreg,Café,Formel,Rabat,34.0242033,-6.8319921,icons/cafe.png,OSM
Rabat-Salé-Kénitra,goût du détroit,Restaurant,Formel,Rabat,34.0243524,-6.8313973,icons/restaurant.png,OSM
Rabat-Salé-Kénitra,trst,Supérette / Mini-market,Formel,trst,34.0100562,-6.8397277,icons/convenience.png,OSM
Rabat-Salé-Kénitra,Pharmacie Al Moustain,Parapharmacie,Formel,Pharmacie Al Moustain,34.8770389,-6.2944739,icons/pharmacy.png,OSM
Rabat-Salé-Kénitra,La caravela,Café,Formel,La caravela,34.8766284,-6.2942677,icons/cafe.png,OSM
Rabat-Salé-Kénitra,Supérette / Mini-market sans nom,Supérette / Mini-market,Formel,Supérette / Mini-market sans nom,34.8784275,-6.2922066,icons/convenience.png,OSM
Rabat-Salé-Kénitra,Nederland,Restaurant,Formel,Nederland,34.8774477,-6.2888883,icons/restaurant.png,OSM
Rabat-Salé-Kénitra,Restaurant sans nom,Restaurant,Formel,Restaurant sans nom,34.8769713,-6.2944658,icons/restaurant.png,OSM
Rabat-Salé-Kénitra,Lina,Café,Formel,Lina,34.8774209,-6.289054,icons/cafe.png,OSM
Rabat-Salé-Kénitra,Panorama,Restaurant,Formel,Panorama,34.8775776,-6.2913949,icons/restaurant.png,OSM
Rabat-Salé-Kénitra,Nassim,Restaurant,Formel,Nassim,34.8778039,-6.28649,icons/restaurant.png,OSM
Rabat-Salé-Kénitra,Café Izaguirre,Café,Formel,Café Izaguirre,34.8762149,-6.2894334,icons/cafe.png,OSM
Rabat-Salé-Kénitra,Sable d'or,Restaurant,Formel,Sable d'or,34.8763277,-6.2942501,icons/restaurant.png,OSM
Rabat-Salé-Kénitra,La plage,Restaurant,Formel,La plage,34.8763957,-6.2968498,icons/restaurant.png,OSM
Rabat-Salé-Kénitra,Supérette / Mini-market sans nom,Supérette / Mini-market,Formel,Supérette / Mini-market sans nom,34.8778783,-6.293907,icons/convenience.png,OSM
Rabat-Salé-Kénitra,Supérette / Mini-market sans nom,Supérette / Mini-market,Formel,Supérette / Mini-market sans nom,34.8771048,-6.2944854,icons/convenience.png,OSM
Rabat-Salé-Kénitra,Aux merveilles de la Médina,Boulangerie,Formel,Aux merveilles de la Médina,34.0225651,-6.8380887,icons/bakery.png,OSM
Rabat-Salé-Kénitra,Halinka,Café,Formel,Halinka,34.0201996,-6.8350376,icons/cafe.png,OSM
Rabat-Salé-Kénitra,Carrion,Café,Formel,Rabat ⵔⴱⴰⵟ الرباط,33.9602529,-6.868168,icons/cafe.png,OSM
Rabat-Salé-Kénitra,Café Ifrane,Café,Formel,Avenue Tadla,33.9943787,-6.8184338,icons/cafe.png,OSM
Rabat-Salé-Kénitra,Nour Al Arab,Café,Formel,Nour Al Arab,34.0083088,-6.8515226,icons/cafe.png,OSM
Rabat-Salé-Kénitra,Café Bahja,Café,Formel,Café Bahja,34.0436492,-6.7963353,icons/cafe.png,OSM
Rabat-Salé-Kénitra,Supérette / Mini-market sans nom,Supérette / Mini-market,Formel,Supérette / Mini-market sans nom,34.0175921,-6.834031,icons/convenience.png,OSM
Rabat-Salé-Kénitra,Faceburger,Restaurant,Formel,"Avenue de Michlifen شارع مشليفن, Rabat ⵔⴱⴰⵟ الرباط",33.9939453,-6.8493165,icons/restaurant.png,OSM
Rabat-Salé-Kénitra,Paparotti,Restaurant,Formel,Paparotti,34.0178571,-6.8344649,icons/restaurant.png,OSM
Rabat-Salé-Kénitra,La petite duchesse,Café,Formel,La petite duchesse,34.0178894,-6.8344227,icons/cafe.png,OSM
Rabat-Salé-Kénitra,Anoual Grillade,Restaurant,Formel,Anoual Grillade,34.0176199,-6.8349657,icons/restaurant.png,OSM
Rabat-Salé-Kénitra,Smoothie Frais,Café,Formel,Smoothie Frais,34.0183463,-6.8345388,icons/cafe.png,OSM
Rabat-Salé-Kénitra,Le pain bul,Boulangerie,Formel,Rue Prince Moulay Abdellah زنقة الأمير مولاي عبد الله,34.0174324,-6.8350318,icons/bakery.png,OSM
Rabat-Salé-Kénitra,Pharmacie Zahra صيدلية زهرة,Parapharmacie,Formel,"Rue Prince Moulay Abdellah, Rabat ⵔⴱⴰⵟ الرباط",34.0174629,-6.8350178,icons/pharmacy.png,OSM
Rabat-Salé-Kénitra,Salon de thé Amoun Er Rachid,Café,Formel,Salon de thé Amoun Er Rachid,34.0175462,-6.8349794,icons/cafe.png,OSM
Rabat-Salé-Kénitra,Youm Youm,Restaurant,Formel,Youm Youm,34.0181067,-6.8340996,icons/restaurant.png,OSM
Rabat-Salé-Kénitra,Pharmacie Al Boustane صيدلية البستان,Parapharmacie,Formel,"Avenue Al Mostakbal شارع المستقبل, Rabat",33.9803551,-6.8883849,icons/pharmacy.png,OSM
Rabat-Salé-Kénitra,Sandway,Restaurant,Formel,Sandway,33.9565173,-6.8692997,icons/restaurant.png,OSM
Rabat-Salé-Kénitra,Supérette / Mini-market sans nom,Supérette / Mini-market,Formel,Supérette / Mini-market sans nom,34.0255823,-6.8458248,icons/convenience.png,OSM
Rabat-Salé-Kénitra,Pharmacie Essoufi صيدلية الصوفي,Parapharmacie,Formel,Kénitra,34.2645965,-6.6012125,icons/pharmacy.png,OSM
Rabat-Salé-Kénitra,Hanout salah et mohammed,Supermarché,Formel,Boulevard de Sebta,33.6960822,-7.385975,icons/supermarket.png,OSM
Rabat-Salé-Kénitra,2 Rivieres,Café,Formel,Skhirat,33.8509915,-7.0390128,icons/cafe.png,OSM
Rabat-Salé-Kénitra,Café sans nom,Café,Formel,Café sans nom,33.8511563,-7.0388138,icons/cafe.png,OSM
Rabat-Salé-Kénitra,Pharmacie Taoufik صيدلية التوفيق,Parapharmacie,Formel,Skhirat,33.850861,-7.0377629,icons/pharmacy.png,OSM
Rabat-Salé-Kénitra,Supermarché sans nom,Supermarché,Formel,Supermarché sans nom,33.850806,-7.0372888,icons/supermarket.png,OSM
Rabat-Salé-Kénitra,Café sans nom,Café,Formel,Café sans nom,34.2634582,-6.5706602,icons/cafe.png,OSM
Rabat-Salé-Kénitra,Supérette / Mini-market sans nom,Supérette / Mini-market,Formel,Supérette / Mini-market sans nom,34.0199237,-6.8485255,icons/convenience.png,OSM
Rabat-Salé-Kénitra,Supérette / Mini-market sans nom,Supérette / Mini-market,Formel,Supérette / Mini-market sans nom,34.3107697,-6.3108971,icons/convenience.png,OSM
Rabat-Salé-Kénitra,Café sans nom,Café,Formel,Café sans nom,34.2894829,-6.5084541,icons/cafe.png,OSM
Rabat-Salé-Kénitra,Patisserie baghdad,Boutique de confiserie,Informel,Patisserie baghdad,34.0227783,-6.8490898,icons/confectionery.png,OSM
Rabat-Salé-Kénitra,Supermarché sans nom,Supermarché,Formel,Supermarché sans nom,34.0230492,-6.8483268,icons/supermarket.png,OSM
Rabat-Salé-Kénitra,Supérette / Mini-market sans nom,Supérette / Mini-market,Formel,Supérette / Mini-market sans nom,34.3094467,-6.3199252,icons/convenience.png,OSM
Rabat-Salé-Kénitra,Pâtisserie Lazreq,Boutique de confiserie,Informel,Pâtisserie Lazreq,34.0248119,-6.8468557,icons/confectionery.png,OSM
Rabat-Salé-Kénitra,Supérette / Mini-market sans nom,Supérette / Mini-market,Formel,Supérette / Mini-market sans nom,34.0215098,-6.8511783,icons/convenience.png,OSM
Rabat-Salé-Kénitra,Supérette / Mini-market sans nom,Supérette / Mini-market,Formel,Supérette / Mini-market sans nom,34.0196407,-6.8498513,icons/convenience.png,OSM
Rabat-Salé-Kénitra,Restaurant sans nom,Restaurant,Formel,Restaurant sans nom,34.0201595,-6.8498352,icons/restaurant.png,OSM
Rabat-Salé-Kénitra,Café Al Gharb,Café,Formel,Café Al Gharb,34.2660105,-6.5641214,icons/cafe.png,OSM
Rabat-Salé-Kénitra,Supérette / Mini-market sans nom,Supérette / Mini-market,Formel,Supérette / Mini-market sans nom,34.0233529,-6.8508942,icons/convenience.png,OSM
Rabat-Salé-Kénitra,Café sans nom,Café,Formel,Café sans nom,34.3085213,-6.3036547,icons/cafe.png,OSM
Rabat-Salé-Kénitra,Cafe Casablanca,Café,Formel,kenitra,34.2715402,-6.5587073,icons/cafe.png,OSM
Rabat-Salé-Kénitra,Café Loubana,Café,Formel,Café Loubana,34.2649124,-6.5664589,icons/cafe.png,OSM
Rabat-Salé-Kénitra,Pharmacie Atlantic Zone,Parapharmacie,Formel,Pharmacie Atlantic Zone,34.2976858,-6.4572662,icons/pharmacy.png,OSM
Rabat-Salé-Kénitra,Café sans nom,Café,Formel,Café sans nom,34.2680353,-6.56207,icons/cafe.png,OSM
Rabat-Salé-Kénitra,Supérette / Mini-market sans nom,Supérette / Mini-market,Formel,Supérette / Mini-market sans nom,34.0236109,-6.8480738,icons/convenience.png,OSM
Rabat-Salé-Kénitra,Supérette / Mini-market sans nom,Supérette / Mini-market,Formel,Supérette / Mini-market sans nom,34.0237653,-6.8467134,icons/convenience.png,OSM
Rabat-Salé-Kénitra,Café Mnara,Café,Formel,Café Mnara,34.2690473,-6.5612659,icons/cafe.png,OSM
Rabat-Salé-Kénitra,Supérette / Mini-market sans nom,Supérette / Mini-market,Formel,Supérette / Mini-market sans nom,34.2634491,-6.568949,icons/convenience.png,OSM
Rabat-Salé-Kénitra,Supérette / Mini-market sans nom,Supérette / Mini-market,Formel,Supérette / Mini-market sans nom,34.3077963,-6.3012462,icons/convenience.png,OSM
Rabat-Salé-Kénitra,Pharmacie de Mimosas صيدلية ميموزا,Parapharmacie,Formel,"Avenue Mohamed V شارع الحسن الثاني, Kénitra",34.2566861,-6.5924263,icons/pharmacy.png,OSM
Rabat-Salé-Kénitra,Retaurant Pizzeria Mini World,Restaurant,Formel,Retaurant Pizzeria Mini World,34.255898,-6.5937472,icons/restaurant.png,OSM
Rabat-Salé-Kénitra,Restaurant sans nom,Restaurant,Formel,Restaurant sans nom,34.022092,-6.8496947,icons/restaurant.png,OSM
Rabat-Salé-Kénitra,Supérette / Mini-market sans nom,Supérette / Mini-market,Formel,Supérette / Mini-market sans nom,34.3091678,-6.3044199,icons/convenience.png,OSM
Rabat-Salé-Kénitra,Boulangerie Saâdiyine,Boulangerie,Formel,Boulangerie Saâdiyine,34.0233757,-6.8471347,icons/bakery.png,OSM
Rabat-Salé-Kénitra,Café renosa,Café,Formel,Café renosa,34.2574507,-6.5903615,icons/cafe.png,OSM
Rabat-Salé-Kénitra,Supermarché sans nom,Supermarché,Formel,Supermarché sans nom,34.0227372,-6.8456429,icons/supermarket.png,OSM
Rabat-Salé-Kénitra,Boulangerie sans nom,Boulangerie,Formel,Boulangerie sans nom,34.0256683,-6.8372001,icons/bakery.png,OSM
Rabat-Salé-Kénitra,Restaurant sans nom,Restaurant,Formel,Restaurant sans nom,34.0285282,-6.8348712,icons/restaurant.png,OSM
Rabat-Salé-Kénitra,Supérette / Mini-market sans nom,Supérette / Mini-market,Formel,Supérette / Mini-market sans nom,34.0274327,-6.8351634,icons/convenience.png,OSM
Rabat-Salé-Kénitra,Supérette / Mini-market sans nom,Supérette / Mini-market,Formel,Supérette / Mini-market sans nom,34.0278476,-6.8357502,icons/convenience.png,OSM
Rabat-Salé-Kénitra,Supérette / Mini-market sans nom,Supérette / Mini-market,Formel,Supérette / Mini-market sans nom,34.0210936,-6.8495025,icons/convenience.png,OSM
Rabat-Salé-Kénitra,Supérette / Mini-market sans nom,Supérette / Mini-market,Formel,Supérette / Mini-market sans nom,34.0285202,-6.8347691,icons/convenience.png,OSM
Rabat-Salé-Kénitra,Supérette / Mini-market sans nom,Supérette / Mini-market,Formel,Supérette / Mini-market sans nom,34.0257098,-6.837113,icons/convenience.png,OSM
Rabat-Salé-Kénitra,Supérette / Mini-market sans nom,Supérette / Mini-market,Formel,الرباط,34.0251399,-6.8383931,icons/convenience.png,OSM
Rabat-Salé-Kénitra,Restaurant sans nom,Restaurant,Formel,Restaurant sans nom,33.8487582,-7.0422761,icons/restaurant.png,OSM
Rabat-Salé-Kénitra,Queens Land,Café,Formel,Queens Land,33.8487578,-7.0414676,icons/cafe.png,OSM
Rabat-Salé-Kénitra,Café sans nom,Café,Formel,Café sans nom,33.85027,-7.0383406,icons/cafe.png,OSM
Rabat-Salé-Kénitra,Nabab kebab,Restaurant,Formel,Nabab kebab,33.957802,-6.8730532,icons/restaurant.png,OSM
Rabat-Salé-Kénitra,Chez el Ouazzani,Restaurant,Formel,Chez el Ouazzani,33.9366632,-6.9419718,icons/restaurant.png,OSM
Rabat-Salé-Kénitra,Café Bravo,Café,Formel,Casablanca,33.6143776,-7.4888131,icons/cafe.png,OSM
Rabat-Salé-Kénitra,Snack Pizzeria Bella Maria,Restaurant,Formel,Casablanca,33.6155331,-7.4843667,icons/restaurant.png,OSM
Rabat-Salé-Kénitra,Pharmacie Ennakhil,Parapharmacie,Formel,Pharmacie Ennakhil,33.6159579,-7.484088,icons/pharmacy.png,OSM
Rabat-Salé-Kénitra,Café Africana,Café,Formel,Casablanca,33.6202172,-7.4872601,icons/cafe.png,OSM
Rabat-Salé-Kénitra,McDonald's,Restaurant,Formel,McDonald's,33.7794623,-7.2330798,icons/restaurant.png,OSM
Rabat-Salé-Kénitra,McDonald's,Restaurant,Formel,McDonald's,33.7776154,-7.2325869,icons/restaurant.png,OSM
Rabat-Salé-Kénitra,BIM,Supermarché,Formel,BIM,33.5925748,-7.4882884,icons/supermarket.png,OSM
Rabat-Salé-Kénitra,BIM,Supermarché,Formel,BIM,33.5935945,-7.49564,icons/supermarket.png,OSM
Rabat-Salé-Kénitra,Delice,Restaurant,Formel,Boulevard des Forces Armées Royales (FAR),33.7024644,-7.3920858,icons/restaurant.png,OSM
Rabat-Salé-Kénitra,Aromabalsam,Parapharmacie,Formel,Boulevard Al Horriya,33.6875631,-7.3876789,icons/pharmacy.png,OSM
Rabat-Salé-Kénitra,Cup's,Café,Formel,Bd Yacoub Al Mansoiur,33.703763,-7.3987961,icons/cafe.png,OSM
Rabat-Salé-Kénitra,Service Red-one,Restaurant,Formel,Boulevard des Forces Armées Royales (FAR),33.7014004,-7.3913939,icons/restaurant.png,OSM
Rabat-Salé-Kénitra,BIM,Supermarché,Formel,BIM,33.6039372,-7.4892783,icons/supermarket.png,OSM
Rabat-Salé-Kénitra,BIM بيم,Supermarché,Formel,Casablanca,33.6205532,-7.4870931,icons/supermarket.png,OSM
Rabat-Salé-Kénitra,cafe hosni,Café,Formel,cafe hosni,34.25289,-6.6020586,icons/cafe.png,OSM
Rabat-Salé-Kénitra,Pharmacie la Vitalité صيدلية الحيوية,Parapharmacie,Formel,"Avenue Atthuya, Rabat",33.9569468,-6.8595193,icons/pharmacy.png,OSM
Rabat-Salé-Kénitra,Pharmacie Attannoub صيدلية التنوب,Parapharmacie,Formel,Rabat,33.9568429,-6.8547399,icons/pharmacy.png,OSM
Rabat-Salé-Kénitra,el baladi,Boulangerie,Formel,el baladi,34.2550434,-6.5963519,icons/bakery.png,OSM
Rabat-Salé-Kénitra,cafe touilnouvis مقهى تويلنوفيس,Café,Formel,cafe touilnouvis مقهى تويلنوفيس,33.92492,-6.9161467,icons/cafe.png,OSM
Rabat-Salé-Kénitra,Venezia Ice,Café,Formel,Rabat ⵔⴱⴰⵟ الرباط,33.9618936,-6.8664381,icons/cafe.png,OSM
Rabat-Salé-Kénitra,café Orkidea Blanca,Café,Formel,Avenue D,34.0693994,-6.7921428,icons/cafe.png,OSM
Rabat-Salé-Kénitra,Pizzeria starpate,Restaurant,Formel,Pizzeria starpate,33.6042711,-7.4918255,icons/restaurant.png,OSM
Rabat-Salé-Kénitra,Épicerie sans nom,Épicerie,Informel,Épicerie sans nom,34.0236828,-6.8373133,icons/greengrocer.png,OSM
Rabat-Salé-Kénitra,Bim,Supermarché,Formel,Bim,33.9990888,-6.8642534,icons/supermarket.png,OSM
Rabat-Salé-Kénitra,Cafe yassmine مقهى ياسمين,Café,Formel,Avenue Tarik Ibn Ziad شارع طارق بن زياد,33.9096278,-6.9137995,icons/cafe.png,OSM
Rabat-Salé-Kénitra,MOKARI شركة موكاري,Supérette / Mini-market,Formel,MOKARI شركة موكاري,34.0303913,-6.7771206,icons/convenience.png,OSM
Rabat-Salé-Kénitra,Supérette / Mini-market sans nom,Supérette / Mini-market,Formel,Supérette / Mini-market sans nom,34.0008549,-6.8554544,icons/convenience.png,OSM
Rabat-Salé-Kénitra,Supérette / Mini-market sans nom,Supérette / Mini-market,Formel,Supérette / Mini-market sans nom,34.0026484,-6.8539854,icons/convenience.png,OSM
Rabat-Salé-Kénitra,Supérette / Mini-market sans nom,Supérette / Mini-market,Formel,Supérette / Mini-market sans nom,34.0046043,-6.8547778,icons/convenience.png,OSM
Rabat-Salé-Kénitra,Boulangerie sans nom,Boulangerie,Formel,Boulangerie sans nom,34.0060474,-6.8560225,icons/bakery.png,OSM
Rabat-Salé-Kénitra,Л-марса Сале,Restaurant,Formel,Л-марса Сале,34.0281368,-6.8226461,icons/restaurant.png,OSM
Rabat-Salé-Kénitra,Bim,Supermarché,Formel,Bim,33.9935572,-6.8506858,icons/supermarket.png,OSM
Rabat-Salé-Kénitra,MY BOU,Café,Formel,MY BOU,34.0155962,-6.8303308,icons/cafe.png,OSM
Rabat-Salé-Kénitra,Pharmacie Bab Marrakech صيدلية باب مراكش,Parapharmacie,Formel,"Rue Al Achaari زنقة الأشعري, Rabat",34.0074394,-6.8481517,icons/pharmacy.png,OSM
Rabat-Salé-Kénitra,Pharmacie SAOUMAÂ صيدلية الصومعة,Parapharmacie,Formel,Kénitra,34.2509512,-6.6089371,icons/pharmacy.png,OSM
Rabat-Salé-Kénitra,Pharmacie Al Hikma صيدلية الحكمة,Parapharmacie,Formel,Kénitra,34.254206,-6.6131693,icons/pharmacy.png,OSM
Rabat-Salé-Kénitra,Pharmacie Al Manal صيدلية المنال,Parapharmacie,Formel,Kénitra,34.2600085,-6.6121461,icons/pharmacy.png,OSM
Rabat-Salé-Kénitra,Pharmacie Chifae صيدلية الشفاء,Parapharmacie,Formel,Kénitra,34.2565708,-6.6192137,icons/pharmacy.png,OSM
Rabat-Salé-Kénitra,Pharmacie Farazdaq صيدلية الفرزدق,Parapharmacie,Formel,Kénitra,34.256768,-6.6221521,icons/pharmacy.png,OSM
Rabat-Salé-Kénitra,Para Pharmacie Ouled Oujih,Parapharmacie,Formel,Para Pharmacie Ouled Oujih,34.2580727,-6.6216612,icons/pharmacy.png,OSM
Rabat-Salé-Kénitra,Pharmacie Korchi صيدلية القرشي,Parapharmacie,Formel,"Avenue Said Daoudi, Kenitra",34.2589163,-6.5987424,icons/pharmacy.png,OSM
Rabat-Salé-Kénitra,Pharmacie Espace Santé صيدلية فضاء الصحة,Parapharmacie,Formel,"Rue Soufrane Al Aarbi, Kénitra",34.2506306,-6.59521,icons/pharmacy.png,OSM
Rabat-Salé-Kénitra,Pharmacie Amine صيدلية أمين,Parapharmacie,Formel,Kénitra,34.2433456,-6.6132819,icons/pharmacy.png,OSM
Rabat-Salé-Kénitra,Pharmacie de l'école صيدلية المدرسة,Parapharmacie,Formel,Kénitra,34.2627422,-6.6209624,icons/pharmacy.png,OSM
Rabat-Salé-Kénitra,Bim,Supermarché,Formel,Bim,34.0336155,-6.8052487,icons/supermarket.png,OSM
Rabat-Salé-Kénitra,Pharmacie Du Rif صيدلية الريف,Parapharmacie,Formel,"Avenue du 2 Mars, Kénitra",34.2481677,-6.5953142,icons/pharmacy.png,OSM
Rabat-Salé-Kénitra,Pharmacie Azharoune صيدلية أزهارون,Parapharmacie,Formel,"Rue Draa, Kénitra",34.2678735,-6.6019298,icons/pharmacy.png,OSM
Rabat-Salé-Kénitra,Pharmacie Grande Pharmacie الصيدلية الكبرى,Parapharmacie,Formel,"Rue El Moutanabi, Kénitra",34.2606311,-6.5853317,icons/pharmacy.png,OSM
Rabat-Salé-Kénitra,Pharmacie Centre Ville صيدلية وسط المدينة,Parapharmacie,Formel,"Rue Mohamed El Amraoui, Kénitra",34.2576566,-6.5832276,icons/pharmacy.png,OSM
Rabat-Salé-Kénitra,Pharmacie Siham صيدلية سهام,Parapharmacie,Formel,Kénitra,34.2558248,-6.6139945,icons/pharmacy.png,OSM
Rabat-Salé-Kénitra,Pharmacie Kénitra صيدلية القنيطرة,Parapharmacie,Formel,"hay Bir Rami Est, mosquée M'chiche ElAlami, Kénitra",34.248593,-6.5992208,icons/pharmacy.png,OSM
Rabat-Salé-Kénitra,Pharmacie Ghani صيدلية غاني,Parapharmacie,Formel,Kénitra,34.2522018,-6.6013654,icons/pharmacy.png,OSM
Rabat-Salé-Kénitra,Pharmacie Tahiri صيدلية الطاهري,Parapharmacie,Formel,Kénitra,34.2562404,-6.6026798,icons/pharmacy.png,OSM
Rabat-Salé-Kénitra,Pharmacie Sidi Al Boukhari صيدلية البخاري,Parapharmacie,Formel,Kénitra,34.2544891,-6.6070936,icons/pharmacy.png,OSM
Rabat-Salé-Kénitra,Fm,Café,Formel,Fm,34.043029,-6.782102,icons/cafe.png,OSM
Rabat-Salé-Kénitra,Pharmacie Diour Pam صيدلية ديور بام,Parapharmacie,Formel,Kénitra,34.2478186,-6.5444405,icons/pharmacy.png,OSM
Rabat-Salé-Kénitra,Pharmacie El Hilal صيدلية الهلال,Parapharmacie,Formel,Kénitra,34.2491444,-6.5415052,icons/pharmacy.png,OSM
Rabat-Salé-Kénitra,Pharmacie Khalid صيدلية خالد,Parapharmacie,Formel,Kénitra,34.2494346,-6.5377631,icons/pharmacy.png,OSM
Rabat-Salé-Kénitra,Pharmacie Des Palmiers صيدلية النخيل,Parapharmacie,Formel,Kénitra,34.2542928,-6.5434705,icons/pharmacy.png,OSM
Rabat-Salé-Kénitra,Pharmacie Bab Fés صيدلية باب فاس,Parapharmacie,Formel,"Avenue Mohamed V شارع الحسن الثاني, Kénitra",34.2677625,-6.5623436,icons/pharmacy.png,OSM
Rabat-Salé-Kénitra,Pharmacie Riad صيدلية الرياض,Parapharmacie,Formel,"Avenue Palestine شارع فلسطين, Kenitra",34.2664687,-6.5614928,icons/pharmacy.png,OSM
Rabat-Salé-Kénitra,Pharmacie Al Khabazat Al Chabia صيدلية الخبازات الشعبية,Parapharmacie,Formel,"Avenue John Kennedy, Kénitra",34.2646071,-6.565231,icons/pharmacy.png,OSM
Rabat-Salé-Kénitra,Pharmacie Hay Arrahma,Parapharmacie,Formel,Avenue Ali Ben Abi Taleb شارع علي بن أبي طالب,34.0575178,-6.7982334,icons/pharmacy.png,OSM
Rabat-Salé-Kénitra,BİM,Supermarché,Formel,BİM,34.2610305,-6.5932804,icons/supermarket.png,OSM
Rabat-Salé-Kénitra,BIM,Supermarché,Formel,BIM,34.257686,-6.6149112,icons/supermarket.png,OSM
Rabat-Salé-Kénitra,BIM,Supermarché,Formel,BIM,34.2488121,-6.5420609,icons/supermarket.png,OSM
Rabat-Salé-Kénitra,BİM,Supermarché,Formel,BİM,34.2626118,-6.5796858,icons/supermarket.png,OSM
Rabat-Salé-Kénitra,BİM,Supermarché,Formel,BİM,34.2537006,-6.580602,icons/supermarket.png,OSM
Rabat-Salé-Kénitra,BİM,Supermarché,Formel,BİM,34.2533158,-6.5916162,icons/supermarket.png,OSM
Rabat-Salé-Kénitra,BİM,Supermarché,Formel,BİM,34.2572481,-6.5926434,icons/supermarket.png,OSM
Rabat-Salé-Kénitra,Pharmacie Arrayhana صيدلية الريحانة,Parapharmacie,Formel,Kénitra,34.2607888,-6.6456614,icons/pharmacy.png,OSM
Rabat-Salé-Kénitra,Poissonneries Port de Mehdia سوق سمك بتقسيط ميناء مهدية,Épicerie,Informel,Poissonneries Port de Mehdia سوق سمك بتقسيط ميناء مهدية,34.2666917,-6.6561346,icons/greengrocer.png,OSM
Rabat-Salé-Kénitra,Souq,Épicerie,Informel,Souq,34.2621459,-6.5934849,icons/greengrocer.png,OSM
Rabat-Salé-Kénitra,La grande Pharmacie de Salé,Parapharmacie,Formel,La grande Pharmacie de Salé,34.0356505,-6.823897,icons/pharmacy.png,OSM
Rabat-Salé-Kénitra,Pharmacie de l'Union,Parapharmacie,Formel,Pharmacie de l'Union,34.0366326,-6.8239893,icons/pharmacy.png,OSM
Rabat-Salé-Kénitra,Pharmacie Ryad Sale,Parapharmacie,Formel,Pharmacie Ryad Sale,34.0357828,-6.8209248,icons/pharmacy.png,OSM
Rabat-Salé-Kénitra,Pharmacie Fennich,Parapharmacie,Formel,Pharmacie Fennich,34.0412544,-6.8283229,icons/pharmacy.png,OSM
Rabat-Salé-Kénitra,Pharmacie Al Wifak صيدلية الوفاق,Parapharmacie,Formel,"Avenue Ibn Sina, Rabat",34.0012208,-6.8512268,icons/pharmacy.png,OSM
Rabat-Salé-Kénitra,Pharmacie Atlas صيدلية أطلس,Parapharmacie,Formel,Kénitra,34.2681918,-6.6189189,icons/pharmacy.png,OSM
Rabat-Salé-Kénitra,Pharmacie Al Azhar صيدلية الأزهر,Parapharmacie,Formel,"Avenue du 2 Mars, Kénitra",34.2488484,-6.6046955,icons/pharmacy.png,OSM
Rabat-Salé-Kénitra,Pharmacie La Foret صيدلية الغابة,Parapharmacie,Formel,"Rue de l'Hôpital, Kénitra",34.2517798,-6.574801,icons/pharmacy.png,OSM
Rabat-Salé-Kénitra,Pharmacie Mostashfa Idrissi صيدلية مستشفى الادريسي,Parapharmacie,Formel,"Avenue de l'Universitè, Kénitra",34.2495639,-6.5794883,icons/pharmacy.png,OSM
Rabat-Salé-Kénitra,Pharmacie Bir Rami صيدلية بئر الرامي,Parapharmacie,Formel,"Avenue Said Daoudi, Kénitra",34.25349,-6.5954681,icons/pharmacy.png,OSM
Rabat-Salé-Kénitra,Parapharmacie Belle Attitude,Parapharmacie,Formel,Parapharmacie Belle Attitude,34.2475272,-6.6082761,icons/pharmacy.png,OSM
Rabat-Salé-Kénitra,Parapharmacie Parafine,Parapharmacie,Formel,Parapharmacie Parafine,34.255116,-6.5987975,icons/pharmacy.png,OSM
Rabat-Salé-Kénitra,Label vie,Supermarché,Formel,Label vie,34.2620224,-6.5874152,icons/supermarket.png,OSM
Rabat-Salé-Kénitra,BİM,Supermarché,Formel,BİM,34.261492,-6.5882187,icons/supermarket.png,OSM
Rabat-Salé-Kénitra,Supérette / Mini-market sans nom,Supérette / Mini-market,Formel,Supérette / Mini-market sans nom,34.0197691,-6.8315235,icons/convenience.png,OSM
Rabat-Salé-Kénitra,Tablit,Café,Formel,Tablit,34.0209373,-6.8315358,icons/cafe.png,OSM
Rabat-Salé-Kénitra,Label Vie,Supermarché,Formel,Label Vie,34.2597245,-6.582085,icons/supermarket.png,OSM
Rabat-Salé-Kénitra,Pharmacie Ait El Cadi صيدلية ايت القاضي,Parapharmacie,Formel,"Route de Haouzia, Kénitra",34.2532438,-6.6147881,icons/pharmacy.png,OSM
Rabat-Salé-Kénitra,Para Mall,Parapharmacie,Formel,"Résid. AlAhram, Kenitra",34.2566047,-6.587222,icons/pharmacy.png,OSM
Rabat-Salé-Kénitra,Pharmacie Laraki صيدلية العراقي,Parapharmacie,Formel,"Boulevard Gaza, Témara تمارة",33.9230063,-6.9310203,icons/pharmacy.png,OSM
Rabat-Salé-Kénitra,Pharmacie Al Bahaa صيدلية البهاء,Parapharmacie,Formel,"Bir Rami, Ouled M'barek n°75, Kénitra",34.246031,-6.6099352,icons/pharmacy.png,OSM
Rabat-Salé-Kénitra,Pharmacie Al Qods صيدلية القدس,Parapharmacie,Formel,"RUE CENTRALE N° 1 BENSOUDA, Kénitra",34.2625986,-6.6173971,icons/pharmacy.png,OSM
Rabat-Salé-Kénitra,Pharmacie Granada صيدلية غرناطة,Parapharmacie,Formel,Kénitra,34.2508661,-6.6123195,icons/pharmacy.png,OSM
Rabat-Salé-Kénitra,Pharmacie Ibn Baja,Parapharmacie,Formel,Pharmacie Ibn Baja,34.2589675,-6.6274069,icons/pharmacy.png,OSM
Rabat-Salé-Kénitra,Pharmacie Laila صيدلية ليلى,Parapharmacie,Formel,Kénitra,34.2506258,-6.6231385,icons/pharmacy.png,OSM
Rabat-Salé-Kénitra,Pharmacie Masjid Palestine صيدلية مسجد فلسطين,Parapharmacie,Formel,Kénitra,34.2429074,-6.6051373,icons/pharmacy.png,OSM
Rabat-Salé-Kénitra,Pharmacie Mohssine صيدلية محسن,Parapharmacie,Formel,Kénitra,34.2548252,-6.6172854,icons/pharmacy.png,OSM
Rabat-Salé-Kénitra,Pharmacie Zakat صيدلية الزكاة,Parapharmacie,Formel,"Avenue Abi Chita el Jamaai, Kénitra",34.2459335,-6.6119316,icons/pharmacy.png,OSM
Rabat-Salé-Kénitra,Pharmacie Kasbah صيدلية قصبة,Parapharmacie,Formel,Kénitra,34.2630275,-6.6496355,icons/pharmacy.png,OSM
Rabat-Salé-Kénitra,Pharmacie Al Ossra صيدلية الأسرة,Parapharmacie,Formel,Kénitra,34.2580885,-6.6030945,icons/pharmacy.png,OSM
Rabat-Salé-Kénitra,Pharmacie Regragui صيدلية الركراكي,Parapharmacie,Formel,"Avenue Imam Ali, Kénitra",34.2583583,-6.5950901,icons/pharmacy.png,OSM
Rabat-Salé-Kénitra,Pharmacie La Santé صيدلية الصحة,Parapharmacie,Formel,Kénitra,34.2574841,-6.61619,icons/pharmacy.png,OSM
Rabat-Salé-Kénitra,INZA,Restaurant,Formel,INZA,34.0239017,-6.8390483,icons/restaurant.png,OSM
Rabat-Salé-Kénitra,Café Restaurant Taghazoute,Café,Formel,Café Restaurant Taghazoute,34.0238533,-6.8387819,icons/cafe.png,OSM
Rabat-Salé-Kénitra,Pharmacie Route Mehdia صيدلية طريق مهدية,Parapharmacie,Formel,"Lotiss. Azharoune, n°1, Kénitra",34.2703875,-6.6014248,icons/pharmacy.png,OSM
Rabat-Salé-Kénitra,Pharmacie Al Maghrib Al Arabi صيدلية المغرب العربي,Parapharmacie,Formel,"Avenue Maghreb Arabe شارع المغرب العربي, Rabat ⵔⴱⴰⵟ الرباط",34.0195343,-6.8464862,icons/pharmacy.png,OSM
Rabat-Salé-Kénitra,Pharmacie Fellat صيدلية فلات,Parapharmacie,Formel,"Place de Russie ساحة روسيا, Rabat ⵔⴱⴰⵟ الرباط",34.0195444,-6.8499448,icons/pharmacy.png,OSM
Rabat-Salé-Kénitra,restaurant le mandarin,Restaurant,Formel,restaurant le mandarin,34.0246698,-6.8471627,icons/restaurant.png,OSM
Rabat-Salé-Kénitra,Café Al Osra قهوة الأسرة,Café,Formel,"Avenue Abdelkrim Al Khattabi شارع عبد الكريم الخطابي, Rabat ⵔⴱⴰⵟ الرباط",34.0215976,-6.8508931,icons/cafe.png,OSM
Rabat-Salé-Kénitra,Restaurant Tian An Men Chinois,Restaurant,Formel,Restaurant Tian An Men Chinois,34.0214861,-6.8484941,icons/restaurant.png,OSM
Rabat-Salé-Kénitra,Domino's,Restaurant,Formel,Domino's,34.2536721,-6.5807434,icons/restaurant.png,OSM
Rabat-Salé-Kénitra,Supérette / Mini-market sans nom,Supérette / Mini-market,Formel,Supérette / Mini-market sans nom,34.0314342,-6.8362918,icons/convenience.png,OSM
Rabat-Salé-Kénitra,Restaurant sans nom,Restaurant,Formel,Restaurant sans nom,34.0313967,-6.8363719,icons/restaurant.png,OSM
Rabat-Salé-Kénitra,Café SaniDiana مقهى ساني ديانا,Café,Formel,Café SaniDiana مقهى ساني ديانا,34.0195008,-6.8494479,icons/cafe.png,OSM
Rabat-Salé-Kénitra,Mirabilis,Restaurant,Formel,Mirabilis,34.0223029,-6.8466163,icons/restaurant.png,OSM
Rabat-Salé-Kénitra,Supérette / Mini-market sans nom,Supérette / Mini-market,Formel,Supérette / Mini-market sans nom,34.0147007,-6.8420496,icons/convenience.png,OSM
Rabat-Salé-Kénitra,Restaurant sans nom,Restaurant,Formel,Restaurant sans nom,34.0232976,-6.8484362,icons/restaurant.png,OSM
Rabat-Salé-Kénitra,Boulangerie Saadiyinear مخبزة السعديين,Boulangerie,Formel,Boulangerie Saadiyinear مخبزة السعديين,34.0234643,-6.8471251,icons/bakery.png,OSM
Rabat-Salé-Kénitra,Supérette / Mini-market sans nom,Supérette / Mini-market,Formel,Supérette / Mini-market sans nom,34.0207498,-6.8432956,icons/convenience.png,OSM
Rabat-Salé-Kénitra,Café Des Lys,Café,Formel,Avenue Al Mouqaouama شارع المقاومة,34.0215465,-6.8472068,icons/cafe.png,OSM
Rabat-Salé-Kénitra,Pharmacie Karam صيدلية كرم,Parapharmacie,Formel,Kénitra,34.2629525,-6.6052548,icons/pharmacy.png,OSM
Rabat-Salé-Kénitra,Café sans nom,Café,Formel,Avenue Abdelkrim El Khattabi,34.0423806,-6.7853254,icons/cafe.png,OSM
Rabat-Salé-Kénitra,قهوة البال,Café,Formel,قهوة البال,34.0547202,-6.8192637,icons/cafe.png,OSM
Rabat-Salé-Kénitra,Cafe Al Fath مقهى الفتح,Café,Formel,Cafe Al Fath مقهى الفتح,33.9000669,-6.9340574,icons/cafe.png,OSM
Rabat-Salé-Kénitra,Café sans nom,Café,Formel,Café sans nom,33.7807085,-7.1628062,icons/cafe.png,OSM
Rabat-Salé-Kénitra,Roma,Café,Formel,Roma,33.8489617,-7.0418844,icons/cafe.png,OSM
Rabat-Salé-Kénitra,Ichbilia اشبيلية,Café,Formel,Avenue Moulay Abdellah,34.0220462,-6.7716797,icons/cafe.png,OSM
Rabat-Salé-Kénitra,مقهى سرايا,Café,Formel,Avenue Abdelkrim El Khattabi,34.0357782,-6.7870388,icons/cafe.png,OSM
Rabat-Salé-Kénitra,مقهى بيكولو,Café,Formel,Avenue Abdelkrim El Khattabi,34.0361923,-6.7866607,icons/cafe.png,OSM
Rabat-Salé-Kénitra,مقهى فلسطين,Café,Formel,Avenue 20 Aout,34.0400059,-6.7849728,icons/cafe.png,OSM
Rabat-Salé-Kénitra,جولي فيراج,Café,Formel,جولي فيراج,33.9843209,-6.8075216,icons/cafe.png,OSM
Rabat-Salé-Kénitra,Café Ghita,Café,Formel,Avenue Maghreb Arabe شارع المغرب العربي,34.0208864,-6.8427846,icons/cafe.png,OSM
Rabat-Salé-Kénitra,مقهى لاتينا,Café,Formel,Avenue Abdelkrim El Khattabi,34.0389847,-6.7858294,icons/cafe.png,OSM
Rabat-Salé-Kénitra,مقهى اوتاوا,Café,Formel,Avenue Abdelkrim El Khattabi,34.0375515,-6.7860871,icons/cafe.png,OSM
Rabat-Salé-Kénitra,Café Rosalina مقهى روزالينا,Café,Formel,Avenue Abdelkrim El Khattabi,34.0366038,-6.7863542,icons/cafe.png,OSM
Rabat-Salé-Kénitra,Café sans nom,Café,Formel,Avenue Abdelkrim El Khattabi,34.0381391,-6.785929,icons/cafe.png,OSM
Rabat-Salé-Kénitra,مقهى دالي,Café,Formel,Avenue Abdelkrim El Khattabi,34.0415419,-6.7849697,icons/cafe.png,OSM
Rabat-Salé-Kénitra,مقهى أوتاوا,Café,Formel,Avenue Abdelkrim El Khattabi,34.0379238,-6.7859316,icons/cafe.png,OSM
Rabat-Salé-Kénitra,مقهى بريستيج,Café,Formel,Avenue Abdelkrim El Khattabi,34.0372101,-6.7860738,icons/cafe.png,OSM
Rabat-Salé-Kénitra,Café sans nom,Café,Formel,la pepiniere,34.0375428,-6.814447,icons/cafe.png,OSM
Rabat-Salé-Kénitra,Pharmacie Choukro Allah صيدلية شكر الله,Parapharmacie,Formel,Rabat,33.9877056,-6.8732178,icons/pharmacy.png,OSM
Rabat-Salé-Kénitra,Pharmacie Al Bouchra صيدلية البشرى,Parapharmacie,Formel,"Avenue El Majd شارع المجد, Rabat",33.9791681,-6.8794588,icons/pharmacy.png,OSM
Rabat-Salé-Kénitra,Pharmacie Mazhar صيدلية المزار,Parapharmacie,Formel,"Avenue El Majd شارع المجد, Rabat",33.9753505,-6.882405,icons/pharmacy.png,OSM
Rabat-Salé-Kénitra,Ichwa,Café,Formel,Avenue Hassan II شارع الحسن الثاني,34.0211977,-6.839708,icons/cafe.png,OSM
Rabat-Salé-Kénitra,Merzouga,Restaurant,Formel,Merzouga,34.2535676,-6.6785946,icons/restaurant.png,OSM
Rabat-Salé-Kénitra,El Bayt Achami,Restaurant,Formel,El Bayt Achami,34.2590659,-6.5879016,icons/restaurant.png,OSM
Rabat-Salé-Kénitra,Pharmacie Al Andalous صيدلية الأندلس,Parapharmacie,Formel,"Avenue Mohammed VI شارع محمد السادس, Rabat",33.9884197,-6.827869,icons/pharmacy.png,OSM
Rabat-Salé-Kénitra,Oliveri,Café,Formel,Oliveri,33.9879328,-6.8278849,icons/cafe.png,OSM
Rabat-Salé-Kénitra,Villa My Pearl,Café,Formel,Villa My Pearl,33.9883906,-6.8516456,icons/cafe.png,OSM
Rabat-Salé-Kénitra,Villa M,Restaurant,Formel,Villa M,33.9902716,-6.8515298,icons/restaurant.png,OSM
Rabat-Salé-Kénitra,McDonald's,Restaurant,Formel,McDonald's,34.2504398,-6.5725564,icons/restaurant.png,OSM
Rabat-Salé-Kénitra,Baba Ghannouge,Restaurant,Formel,Baba Ghannouge,34.0161227,-6.8346761,icons/restaurant.png,OSM
Rabat-Salé-Kénitra,Mini Chicken,Restaurant,Formel,Mini Chicken,34.2558939,-6.5946976,icons/restaurant.png,OSM
Rabat-Salé-Kénitra,Souq Sebta,Épicerie,Informel,Souq Sebta,34.2642335,-6.5647024,icons/greengrocer.png,OSM
Rabat-Salé-Kénitra,Supermarché sans nom,Supermarché,Formel,Supermarché sans nom,34.2627779,-6.5682292,icons/supermarket.png,OSM
Rabat-Salé-Kénitra,Café sans nom,Café,Formel,Café sans nom,34.2631681,-6.5689447,icons/cafe.png,OSM
Rabat-Salé-Kénitra,BIM,Supermarché,Formel,BIM,34.2535383,-6.6025649,icons/supermarket.png,OSM
Rabat-Salé-Kénitra,Laiterie Lilas,Boulangerie,Formel,Laiterie Lilas,34.2560817,-6.6047317,icons/bakery.png,OSM
Rabat-Salé-Kénitra,Marché Centrale,Épicerie,Informel,Marché Centrale,34.2635898,-6.5850244,icons/greengrocer.png,OSM
Rabat-Salé-Kénitra,Café sans nom,Café,Formel,Café sans nom,34.0509078,-6.7973197,icons/cafe.png,OSM
Rabat-Salé-Kénitra,BIM,Supermarché,Formel,BIM,34.2531445,-6.6232716,icons/supermarket.png,OSM
Rabat-Salé-Kénitra,Pharmacie Avicenne صيدلية ابن سينا,Parapharmacie,Formel,"Avenue Said Daoudi, Kénitra",34.2557944,-6.5971595,icons/pharmacy.png,OSM
Rabat-Salé-Kénitra,Pharmacie du Mausolée صيدلية الضريح,Parapharmacie,Formel,"Rue Al Mouahidine زنقة الموحدين, Rabat ⵔⴱⴰⵟ الرباط",34.0237902,-6.8253315,icons/pharmacy.png,OSM
Rabat-Salé-Kénitra,كوفي,Café,Formel,كوفي,33.6782114,-7.3927422,icons/cafe.png,OSM
Rabat-Salé-Kénitra,معشبة السعادة,Épicerie,Informel,معشبة السعادة,33.6819576,-7.3928405,icons/greengrocer.png,OSM
Rabat-Salé-Kénitra,CIBO Pizzerie Italiane,Restaurant,Formel,CIBO Pizzerie Italiane,33.9959749,-6.7368873,icons/restaurant.png,OSM
Rabat-Salé-Kénitra,Dar El Medina,Restaurant,Formel,"Rue Benjelloul, Souk sebat Medina, الرباط",34.0263347,-6.8336183,icons/restaurant.png,OSM
Rabat-Salé-Kénitra,BİM,Supermarché,Formel,BİM,34.2625095,-6.5674682,icons/supermarket.png,OSM
Rabat-Salé-Kénitra,Wlad aarfa,Café,Formel,"double voix wlad aarfa, Kenitra",34.2420264,-6.5457837,icons/cafe.png,OSM
Rabat-Salé-Kénitra,Marjane,Supermarché,Formel,Marjane,34.2550817,-6.5990013,icons/supermarket.png,OSM
Rabat-Salé-Kénitra,Aswak Assalam,Supermarché,Formel,Aswak Assalam,34.2472631,-6.6086825,icons/supermarket.png,OSM
Rabat-Salé-Kénitra,Marjane,Supermarché,Formel,Marjane,34.2413753,-6.5697995,icons/supermarket.png,OSM
Rabat-Salé-Kénitra,Marjane,Supermarché,Formel,"طريق عين حوالة, الرباط",34.0188825,-6.8159498,icons/supermarket.png,OSM
Rabat-Salé-Kénitra,Café,Café,Formel,Café,34.0081659,-6.5255168,icons/cafe.png,OSM
Rabat-Salé-Kénitra,Café sans nom,Café,Formel,Rue Zamzam,34.2533112,-6.5952305,icons/cafe.png,OSM
Rabat-Salé-Kénitra,Marjane Sale,Supermarché,Formel,Marjane Sale,34.0518518,-6.7956538,icons/supermarket.png,OSM
Rabat-Salé-Kénitra,Carrefour,Supermarché,Formel,Carrefour,34.0585009,-6.8014107,icons/supermarket.png,OSM
Rabat-Salé-Kénitra,Chez Mario,Restaurant,Formel,Chez Mario,34.0516389,-6.7958041,icons/restaurant.png,OSM
Rabat-Salé-Kénitra,Café Ouiam,Café,Formel,Café Ouiam,34.2580122,-6.5822695,icons/cafe.png,OSM
Rabat-Salé-Kénitra,Restaurant sans nom,Restaurant,Formel,Restaurant sans nom,34.0277614,-6.6505867,icons/restaurant.png,OSM
Rabat-Salé-Kénitra,Pharmacie Sebou صيدلية سبو,Parapharmacie,Formel,"Rue Mohamed Diouri زنقة محمد الديوري, kénitra",34.2640774,-6.5869281,icons/pharmacy.png,OSM
Rabat-Salé-Kénitra,Pharmacie Al Hamd صيدلية الحمد,Parapharmacie,Formel,Kénitra,34.249231,-6.6144744,icons/pharmacy.png,OSM
Rabat-Salé-Kénitra,Marché G5,Épicerie,Informel,Marché G5,33.9767975,-6.8850031,icons/greengrocer.png,OSM
Rabat-Salé-Kénitra,Café Méga,Café,Formel,Café Méga,34.2602104,-6.590583,icons/cafe.png,OSM
Rabat-Salé-Kénitra,شجرة الصنوبر,Restaurant,Formel,Avenue de France شارع فرنسا,33.9979318,-6.8476184,icons/restaurant.png,OSM
Rabat-Salé-Kénitra,Pharmacie Le Printemps صيدلية الربيع,Parapharmacie,Formel,"Route Cotière, Mohammédia المحمدية",33.7224358,-7.3366509,icons/pharmacy.png,OSM
Rabat-Salé-Kénitra,Boulangerie Patisserie,Boulangerie,Formel,Boulangerie Patisserie,33.7267141,-7.3339633,icons/bakery.png,OSM
Rabat-Salé-Kénitra,Kung Fu,Restaurant,Formel,Kung Fu,34.000914,-6.8439043,icons/restaurant.png,OSM
Rabat-Salé-Kénitra,Yamal Acham,Restaurant,Formel,Yamal Acham,34.0205096,-6.8431608,icons/restaurant.png,OSM
Rabat-Salé-Kénitra,Pharmacie Bella,Parapharmacie,Formel,Pharmacie Bella,34.2410953,-6.5702243,icons/pharmacy.png,OSM
Rabat-Salé-Kénitra,Le Petit Beur,Restaurant,Formel,Le Petit Beur,34.0178088,-6.8350104,icons/restaurant.png,OSM
Rabat-Salé-Kénitra,Restaurant sans nom,Restaurant,Formel,Restaurant sans nom,34.0244389,-6.8393538,icons/restaurant.png,OSM
Rabat-Salé-Kénitra,kentsuthai,Restaurant,Formel,Rue Farhat Hachad,34.2563862,-6.5765216,icons/restaurant.png,OSM
Rabat-Salé-Kénitra,Snack INNO,Restaurant,Formel,Avenue FAR,34.253632,-6.5808724,icons/restaurant.png,OSM
Rabat-Salé-Kénitra,Cosmopolite,Café,Formel,Rue Hassan Ibn Tabit,34.2576033,-6.5847869,icons/cafe.png,OSM
Rabat-Salé-Kénitra,La Verte,Café,Formel,La Verte,34.2574716,-6.5843661,icons/cafe.png,OSM
Rabat-Salé-Kénitra,Le Rouge et Le Noir,Café,Formel,Le Rouge et Le Noir,34.2575529,-6.5843187,icons/cafe.png,OSM
Rabat-Salé-Kénitra,Restaurant sans nom,Restaurant,Formel,Avenue Hassan 2,34.2582403,-6.5802251,icons/restaurant.png,OSM
Rabat-Salé-Kénitra,La Flamme,Café,Formel,La Flamme,34.2572806,-6.5839687,icons/cafe.png,OSM
Rabat-Salé-Kénitra,Tacobelle,Café,Formel,Avenue Tariq Ibn Ziad,34.2565392,-6.587331,icons/cafe.png,OSM
Rabat-Salé-Kénitra,Chicago,Café,Formel,Chicago,34.2564387,-6.5872678,icons/cafe.png,OSM
Rabat-Salé-Kénitra,Cramayel,Café,Formel,Cramayel,34.2572372,-6.5839561,icons/cafe.png,OSM
Rabat-Salé-Kénitra,VIP salle de jeux,Café,Formel,Rue Mohamed El Hansali,34.2574175,-6.5857926,icons/cafe.png,OSM
Rabat-Salé-Kénitra,Nada,Café,Formel,Rue Mohamed El Hansali,34.2567706,-6.5859373,icons/cafe.png,OSM
Rabat-Salé-Kénitra,Élite,Café,Formel,Avenue Tariq Ibn Ziad,34.256069,-6.5871577,icons/cafe.png,OSM
Rabat-Salé-Kénitra,Supermarché sans nom,Supermarché,Formel,Supermarché sans nom,34.2626048,-6.5904484,icons/supermarket.png,OSM
Rabat-Salé-Kénitra,La Gironde,Café,Formel,Rue Farhat Hachad,34.2563075,-6.5761759,icons/cafe.png,OSM
Rabat-Salé-Kénitra,Café Ba Brahim,Café,Formel,Rue Farhat Hachad,34.2561928,-6.5758525,icons/cafe.png,OSM
Rabat-Salé-Kénitra,Pause Café,Café,Formel,Avenue Hassan 2,34.2591063,-6.5808273,icons/cafe.png,OSM
Rabat-Salé-Kénitra,Le Bon Goût,Restaurant,Formel,Rue Al Amira Aicha,34.2625793,-6.580887,icons/restaurant.png,OSM
Rabat-Salé-Kénitra,Café Gentleman,Café,Formel,Rue de la Reine Elizabeth,34.2611223,-6.5829254,icons/cafe.png,OSM
Rabat-Salé-Kénitra,Café Venise,Café,Formel,Café Venise,34.2574666,-6.584092,icons/cafe.png,OSM
Rabat-Salé-Kénitra,Les Champs Élysée,Restaurant,Formel,Rue Al Amira Aicha,34.2626293,-6.5807244,icons/restaurant.png,OSM
Rabat-Salé-Kénitra,Flamand rose,Café,Formel,Rue de la Reine Elizabeth,34.2611955,-6.5827431,icons/cafe.png,OSM
Rabat-Salé-Kénitra,il Forno,Restaurant,Formel,il Forno,34.2551453,-6.5835556,icons/restaurant.png,OSM
Rabat-Salé-Kénitra,La belle Veilleuse,Boulangerie,Formel,La belle Veilleuse,34.2552895,-6.5844924,icons/bakery.png,OSM
Rabat-Salé-Kénitra,MUZNA,Restaurant,Formel,Rue Mohamed Diouri,34.2553153,-6.5821548,icons/restaurant.png,OSM
Rabat-Salé-Kénitra,Café Robiglio,Café,Formel,Rue Yarmouk,34.2554386,-6.5818181,icons/cafe.png,OSM
Rabat-Salé-Kénitra,Café Vabiano,Café,Formel,Café Vabiano,34.2552167,-6.5827342,icons/cafe.png,OSM
Rabat-Salé-Kénitra,Deutch Café,Café,Formel,Deutch Café,34.2597946,-6.5845752,icons/cafe.png,OSM
Rabat-Salé-Kénitra,Café Caprice,Café,Formel,Café Caprice,34.2611046,-6.5855398,icons/cafe.png,OSM
Rabat-Salé-Kénitra,Café Orlando,Café,Formel,Café Orlando,34.2598627,-6.5846206,icons/cafe.png,OSM
Rabat-Salé-Kénitra,All Day's Café Boulangerie,Boulangerie,Formel,Avenue FAR,34.2537945,-6.5800916,icons/bakery.png,OSM
Rabat-Salé-Kénitra,Café Boulangerie LOUIZIANA,Boulangerie,Formel,Café Boulangerie LOUIZIANA,34.2652706,-6.5904974,icons/bakery.png,OSM
Rabat-Salé-Kénitra,Café COLOGNE,Café,Formel,Avenue Mohamed V,34.2562185,-6.593188,icons/cafe.png,OSM
Rabat-Salé-Kénitra,Restaurant sans nom,Restaurant,Formel,Restaurant sans nom,34.0354597,-6.8243477,icons/restaurant.png,OSM
Rabat-Salé-Kénitra,Restaurant sans nom,Restaurant,Formel,Restaurant sans nom,33.7056203,-7.3970562,icons/restaurant.png,OSM
Rabat-Salé-Kénitra,Fruits et légumes en gros سوق الخضر و الفواكه بالجملة القنيطرة,Épicerie,Informel,Fruits et légumes en gros سوق الخضر و الفواكه بالجملة القنيطرة,34.2801874,-6.5562882,icons/greengrocer.png,OSM
Rabat-Salé-Kénitra,Kiosque sans nom,Kiosque,Informel,Kiosque sans nom,33.9520247,-6.8953869,icons/kiosk.png,OSM
Rabat-Salé-Kénitra,Kiosque sans nom,Kiosque,Informel,Kiosque sans nom,33.9522564,-6.8968744,icons/kiosk.png,OSM
Rabat-Salé-Kénitra,Kiosque sans nom,Kiosque,Informel,Kiosque sans nom,33.952275,-6.8936858,icons/kiosk.png,OSM
Rabat-Salé-Kénitra,Kiosque sans nom,Kiosque,Informel,Kiosque sans nom,33.9525551,-6.898653,icons/kiosk.png,OSM
Rabat-Salé-Kénitra,Kiosque sans nom,Kiosque,Informel,Kiosque sans nom,33.9527708,-6.8951224,icons/kiosk.png,OSM
Rabat-Salé-Kénitra,Kiosque sans nom,Kiosque,Informel,Kiosque sans nom,33.9536701,-6.8924365,icons/kiosk.png,OSM
Rabat-Salé-Kénitra,Kiosque sans nom,Kiosque,Informel,Kiosque sans nom,33.9541902,-6.8949611,icons/kiosk.png,OSM
Rabat-Salé-Kénitra,Restaurant sans nom,Restaurant,Formel,Restaurant sans nom,33.9551279,-6.8942507,icons/restaurant.png,OSM
Rabat-Salé-Kénitra,Tokyo Sushi,Restaurant,Formel,Tokyo Sushi,34.2621149,-6.5861175,icons/restaurant.png,OSM
Rabat-Salé-Kénitra,BIM,Supermarché,Formel,BIM,34.2662687,-6.6025444,icons/supermarket.png,OSM
Rabat-Salé-Kénitra,Wijdane,Restaurant,Formel,Wijdane,33.7001348,-7.363233,icons/restaurant.png,OSM
Rabat-Salé-Kénitra,Pharmacie Baghdad صيدلية بغداد,Parapharmacie,Formel,"Rue de Bagdad, Mohammédia المحمدية",33.6971373,-7.3864841,icons/pharmacy.png,OSM
Rabat-Salé-Kénitra,Bim,Supermarché,Formel,Bim,33.687304,-7.3385977,icons/supermarket.png,OSM
Rabat-Salé-Kénitra,Boulangerie,Boulangerie,Formel,Boulangerie,33.6919694,-7.3741681,icons/bakery.png,OSM
Rabat-Salé-Kénitra,Pharmacie Amina صيدلية أمينة,Parapharmacie,Formel,Mohammedia,33.6921021,-7.3744417,icons/pharmacy.png,OSM
Rabat-Salé-Kénitra,سناك أدرار,Restaurant,Formel,سناك أدرار,33.996654,-6.8712261,icons/restaurant.png,OSM
Rabat-Salé-Kénitra,أميكو سناك,Restaurant,Formel,أميكو سناك,33.9964715,-6.8709927,icons/restaurant.png,OSM
Rabat-Salé-Kénitra,Pharmacie Ziady صيدلية الزيادي,Parapharmacie,Formel,"Avenue Assalam شارع السلام, Rabat",33.9966312,-6.8710228,icons/pharmacy.png,OSM
Rabat-Salé-Kénitra,قسارية وادي الذهب,Supermarché,Formel,قسارية وادي الذهب,33.9979884,-6.8703795,icons/supermarket.png,OSM
Rabat-Salé-Kénitra,شواية الأخوين,Restaurant,Formel,شواية الأخوين,33.9125229,-6.9240105,icons/restaurant.png,OSM
Rabat-Salé-Kénitra,mini,Supérette / Mini-market,Formel,mini,33.8916723,-6.3196294,icons/convenience.png,OSM
Rabat-Salé-Kénitra,Festinette,Boulangerie,Formel,Festinette,34.270581,-6.6100614,icons/bakery.png,OSM
Rabat-Salé-Kénitra,Mr. Brochette,Restaurant,Formel,Mr. Brochette,34.0163765,-6.8344779,icons/restaurant.png,OSM
Rabat-Salé-Kénitra,Essouiri الصويري,Restaurant,Formel,Essouiri الصويري,33.7079901,-7.3989482,icons/restaurant.png,OSM
Rabat-Salé-Kénitra,Pacha guennoun الباشا كنون,Café,Formel,Pacha guennoun الباشا كنون,33.6695882,-7.3531208,icons/cafe.png,OSM
Rabat-Salé-Kénitra,Istanbul Express - Turkish Restaurant,Restaurant,Formel,Istanbul Express - Turkish Restaurant,34.0013919,-6.8503468,icons/restaurant.png,OSM
Rabat-Salé-Kénitra,JaponeZa,Restaurant,Formel,JaponeZa,34.0014813,-6.8503934,icons/restaurant.png,OSM
Rabat-Salé-Kénitra,Café Chez Ziyad,Café,Formel,"Avenue Sidi Mohammed, Salé سلا",34.0518483,-6.8126647,icons/cafe.png,OSM
Rabat-Salé-Kénitra,Tacos de lyon,Restaurant,Formel,Avenue Fal Ould Oumeir شارع فال ولد عمير,33.994442,-6.8469287,icons/restaurant.png,OSM
Rabat-Salé-Kénitra,Tacos de lyon,Restaurant,Formel,Avenue Fal Ould Oumeir شارع فال ولد عمير,34.0025975,-6.8510023,icons/restaurant.png,OSM
Rabat-Salé-Kénitra,Tacos de nice,Restaurant,Formel,Avenue Maghreb Arabe شارع المغرب العربي,34.021029,-6.8422133,icons/restaurant.png,OSM
Rabat-Salé-Kénitra,Hbibo,Restaurant,Formel,Rue Jbel Bouiblane زنقة جبل بويبلان,33.9947337,-6.8468608,icons/restaurant.png,OSM
Rabat-Salé-Kénitra,Card Posta,Kiosque,Informel,Card Posta,34.2610694,-6.5818812,icons/kiosk.png,OSM
Rabat-Salé-Kénitra,Domino's,Restaurant,Formel,Domino's,33.989307,-6.8509857,icons/restaurant.png,OSM
Rabat-Salé-Kénitra,Pharmacie Jnane Souissi صيدلية جنان السويسي,Parapharmacie,Formel,"Rue Sahel زنقة الساحل, Rabat",33.9487807,-6.8433871,icons/pharmacy.png,OSM
Rabat-Salé-Kénitra,Nardine,Café,Formel,Nardine,33.9416112,-6.8935466,icons/cafe.png,OSM
Rabat-Salé-Kénitra,Mazagan مزگان,Café,Formel,Avenue Abderrahim Bouabid,34.0005487,-6.742705,icons/cafe.png,OSM
Rabat-Salé-Kénitra,Starbucks,Café,Formel,Avenue Fal Ould Oumeir شارع فال ولد عمير,33.9957975,-6.8479807,icons/cafe.png,OSM
Rabat-Salé-Kénitra,Glacier Méli Mélo مقهى ميلي ميلو,Café,Formel,Bd Moulay Youssef,33.7063538,-7.3856,icons/cafe.png,OSM
Rabat-Salé-Kénitra,Sahbi,Restaurant,Formel,Sahbi,33.9972314,-6.8496625,icons/restaurant.png,OSM
Rabat-Salé-Kénitra,مقهى كول فيو,Café,Formel,مقهى كول فيو,34.2727801,-6.6134841,icons/cafe.png,OSM
Rabat-Salé-Kénitra,Zoom Pizza,Restaurant,Formel,Avenue Mohamed V,34.0156829,-6.8344541,icons/restaurant.png,OSM
Rabat-Salé-Kénitra,Café sans nom,Café,Formel,Old Oujih,34.2566754,-6.6231772,icons/cafe.png,OSM
Rabat-Salé-Kénitra,Le limonadier,Restaurant,Formel,Le limonadier,33.9965709,-6.8453165,icons/restaurant.png,OSM
Rabat-Salé-Kénitra,La Madrague لمظراك,Restaurant,Formel,R322,33.7200786,-7.3387822,icons/restaurant.png,OSM
Rabat-Salé-Kénitra,مقهى الرميلي,Café,Formel,مقهى الرميلي,34.2482257,-6.5548283,icons/cafe.png,OSM
Rabat-Salé-Kénitra,مشواة بوزين اطلس,Restaurant,Formel,مشواة بوزين اطلس,34.2623781,-6.5597157,icons/restaurant.png,OSM
Rabat-Salé-Kénitra,Pharmacie Bismillah صيدلية بسم الله,Parapharmacie,Formel,"Rue 287, Kénitra",34.2645998,-6.5563706,icons/pharmacy.png,OSM
Rabat-Salé-Kénitra,Restaurant sans nom,Restaurant,Formel,"Rue Ouet Zam, Residence Saad ll local 1, Le parc",33.7054476,-7.395065,icons/restaurant.png,OSM
Rabat-Salé-Kénitra,Zumba,Café,Formel,Zumba,33.9976366,-6.8477337,icons/cafe.png,OSM
Rabat-Salé-Kénitra,globe lounge,Restaurant,Formel,globe lounge,33.9980117,-6.8451742,icons/restaurant.png,OSM
Rabat-Salé-Kénitra,google,Café,Formel,google,33.9984731,-6.845378,icons/cafe.png,OSM
Rabat-Salé-Kénitra,miss one,Restaurant,Formel,miss one,33.9986388,-6.84561,icons/restaurant.png,OSM
Rabat-Salé-Kénitra,Pizzaria,Restaurant,Formel,Pizzaria,33.9979411,-6.846885,icons/restaurant.png,OSM
Rabat-Salé-Kénitra,Pharmacie La Fontaine صيدلية النافورة,Parapharmacie,Formel,"Avenue Mohamed V شارع الحسن الثاني, Kénitra",34.2598633,-6.5835675,icons/pharmacy.png,OSM
Rabat-Salé-Kénitra,Nourine,Restaurant,Formel,Nourine,33.9383852,-6.8972272,icons/restaurant.png,OSM
Rabat-Salé-Kénitra,Pharmacie Qabiss صيدلية قبيص,Parapharmacie,Formel,Kénitra,34.2334832,-6.530256,icons/pharmacy.png,OSM
Rabat-Salé-Kénitra,Pharmacie Boushaba صيدلية بوسحابة,Parapharmacie,Formel,Kénitra القنيطرة,34.230363,-6.5316032,icons/pharmacy.png,OSM
Rabat-Salé-Kénitra,Pharmacie Alhamdo Lillah صيدلية الحمد لله,Parapharmacie,Formel,Kénitra القنيطرة,34.2524515,-6.5249373,icons/pharmacy.png,OSM
Rabat-Salé-Kénitra,Croissant Chaud,Boulangerie,Formel,Croissant Chaud,34.2592019,-6.5984615,icons/bakery.png,OSM
Rabat-Salé-Kénitra,Le Croissanterie,Restaurant,Formel,Le Croissanterie,33.9060656,-6.7777328,icons/restaurant.png,OSM
Rabat-Salé-Kénitra,pharmacie Rif صيدلية الريف,Parapharmacie,Formel,"Boulevard de Sebta, Mohammédia المحمدية",33.6905777,-7.366423,icons/pharmacy.png,OSM
Rabat-Salé-Kénitra,Café sans nom,Café,Formel,Café sans nom,33.9306177,-6.7592882,icons/cafe.png,OSM
Rabat-Salé-Kénitra,Café rasha,Café,Formel,Café rasha,34.0734027,-6.7943783,icons/cafe.png,OSM
Rabat-Salé-Kénitra,Café Tomas مقهى توماس,Café,Formel,Café Tomas مقهى توماس,34.2569235,-6.622061,icons/cafe.png,OSM
Rabat-Salé-Kénitra,Pharmacie El Ismaili صيدلية الإسماعلي,Parapharmacie,Formel,Pharmacie El Ismaili صيدلية الإسماعلي,34.0450322,-6.7980612,icons/pharmacy.png,OSM
Rabat-Salé-Kénitra,Marwa4,Supermarché,Formel,Avenue Bouregreg,33.9926885,-6.7334292,icons/supermarket.png,OSM
Rabat-Salé-Kénitra,Taco Bueno,Restaurant,Formel,Taco Bueno,33.9964205,-6.8470482,icons/restaurant.png,OSM
Rabat-Salé-Kénitra,Mondolini Lounge,Restaurant,Formel,Rabat,34.0217548,-6.8314959,icons/restaurant.png,OSM
Rabat-Salé-Kénitra,Restaurant sans nom,Restaurant,Formel,Rue Oslo,34.0245774,-6.8447522,icons/restaurant.png,OSM
Rabat-Salé-Kénitra,Pharmacie el Mrami,Parapharmacie,Formel,Route de Rabat,33.6238082,-7.4856645,icons/pharmacy.png,OSM
Rabat-Salé-Kénitra,Pharmacie Feddan el Kheir,Parapharmacie,Formel,Route de Rabat,33.6209482,-7.4895899,icons/pharmacy.png,OSM
Rabat-Salé-Kénitra,Pharmacie Espace Santé صيدلية فضاء الصحة,Parapharmacie,Formel,Ain Harrouda,33.6342132,-7.4545723,icons/pharmacy.png,OSM
Rabat-Salé-Kénitra,Pharmacie Al Ikram صيدلية الإكرام,Parapharmacie,Formel,Tit Mellil تيط مليل,33.5509759,-7.4774435,icons/pharmacy.png,OSM
Rabat-Salé-Kénitra,Pharmacie Boukdad صيدلية بوقداد,Parapharmacie,Formel,"Rue Abderrahmane Ibn Khaldoune, Tit Mellil تيط مليل",33.5543657,-7.4827959,icons/pharmacy.png,OSM
Rabat-Salé-Kénitra,Pharmacie Semmat,Parapharmacie,Formel,Pharmacie Semmat,33.5478296,-7.4859166,icons/pharmacy.png,OSM
Rabat-Salé-Kénitra,Cafe El Makhfi,Café,Formel,Boulevard El Marinieene,33.5465565,-7.4828482,icons/cafe.png,OSM
Rabat-Salé-Kénitra,Espace Araha,Restaurant,Formel,Boulevard El Marinieene,33.5455617,-7.4849658,icons/restaurant.png,OSM
Rabat-Salé-Kénitra,Pharmacie Tit Mellil صيدلية تيط مليل,Parapharmacie,Formel,"Boulevard Annakhil, Tit Mellil ⵜⵉⵟ ⵎⵍⵉⵍ تيط مليل",33.5522612,-7.4826014,icons/pharmacy.png,OSM
Rabat-Salé-Kénitra,Pharmacie Chabab صيدلية الشباب,Parapharmacie,Formel,"Boulevard Al Horriya, MOHAMMEDIA",33.6865769,-7.3892151,icons/pharmacy.png,OSM
Rabat-Salé-Kénitra,Pharmacie Mohammedia صيدلية المحمدية,Parapharmacie,Formel,"Boulevard Achorfa, Mohammedia",33.6836696,-7.3930492,icons/pharmacy.png,OSM
Rabat-Salé-Kénitra,Pharmacie El Hassania صيدلية الحسانية,Parapharmacie,Formel,Mohammédia المحمدية,33.677093,-7.393481,icons/pharmacy.png,OSM
Rabat-Salé-Kénitra,Pharmacie Cadi Tazi صيدلية القاضي التازي,Parapharmacie,Formel,"Boulevard Cadi Tazi, Mohammedia",33.6787291,-7.3960425,icons/pharmacy.png,OSM
Rabat-Salé-Kénitra,Pharmacie Imane صيدلية إيمان,Parapharmacie,Formel,"Boulevard De La Resistance, Mohammédia المحمدية",33.679016,-7.3916839,icons/pharmacy.png,OSM
Rabat-Salé-Kénitra,Pharmacie Mesbahiate صيدلية المصباحيات,Parapharmacie,Formel,"Boulevard Cadi Tazi, Mohammédia المحمدية",33.674756,-7.3962222,icons/pharmacy.png,OSM
Rabat-Salé-Kénitra,Pharmacie Jamila صيدلية جميلة,Parapharmacie,Formel,"Boulevard de Tadla, Mohammédia المحمدية",33.6840168,-7.3866677,icons/pharmacy.png,OSM
Rabat-Salé-Kénitra,Pharmacie Moqawama صيدلية المقاومة,Parapharmacie,Formel,"Boulevard De La Resistance, Mohammédia المحمدية",33.6876032,-7.379985,icons/pharmacy.png,OSM
Rabat-Salé-Kénitra,Pharmacie La Plage صيدلية الشاطئ,Parapharmacie,Formel,"Boulevard de Fès, Mohammédia المحمدية",33.7078463,-7.3967397,icons/pharmacy.png,OSM
Rabat-Salé-Kénitra,Pharmacie Boulevard Hassan II صيدلية شارع الحسن الثاني,Parapharmacie,Formel,"Boulevard Hassan II, Mohammedia",33.6912566,-7.3941663,icons/pharmacy.png,OSM
Rabat-Salé-Kénitra,Pharmacie Yafa,Parapharmacie,Formel,Boulevard Mbarek Ben Boubker Hamadi,33.6121097,-7.4984264,icons/pharmacy.png,OSM
Rabat-Salé-Kénitra,Restaurant de la Liberation,Restaurant,Formel,"Avenue Mohamed V شارع محمد الخامس, الرباط",34.0235955,-6.8388874,icons/restaurant.png,OSM
Rabat-Salé-Kénitra,BİM,Supermarché,Formel,BİM,34.2440986,-6.5505941,icons/supermarket.png,OSM
Rabat-Salé-Kénitra,Café Ritch,Café,Formel,Rue Bucarest زنقة بوخارست,34.0204481,-6.8508344,icons/cafe.png,OSM
Rabat-Salé-Kénitra,Supérette / Mini-market sans nom,Supérette / Mini-market,Formel,Supérette / Mini-market sans nom,34.0206682,-6.8512823,icons/convenience.png,OSM
Rabat-Salé-Kénitra,Pharmacie Al Amal صيدلية الأمل,Parapharmacie,Formel,Khemisset,33.8229787,-6.0717525,icons/pharmacy.png,OSM
Rabat-Salé-Kénitra,Pharmacie Populaire الصيدلية الشعبية,Parapharmacie,Formel,"Avenue Ibn Sina, Khemisset",33.8280338,-6.0707597,icons/pharmacy.png,OSM
Rabat-Salé-Kénitra,Pharmacie Al Mouna صيدلية المنى,Parapharmacie,Formel,Khémisset,33.8280613,-6.0805464,icons/pharmacy.png,OSM
Rabat-Salé-Kénitra,Pharmacie Al Hayat,Parapharmacie,Formel,Pharmacie Al Hayat,33.8850916,-6.3125333,icons/pharmacy.png,OSM
Rabat-Salé-Kénitra,Pharmacie El Hamde,Parapharmacie,Formel,Pharmacie El Hamde,33.8858208,-6.319094,icons/pharmacy.png,OSM
Rabat-Salé-Kénitra,Cafe La Terrasse,Café,Formel,Cafe La Terrasse,33.8925439,-6.3302359,icons/cafe.png,OSM
Rabat-Salé-Kénitra,Cafe Ain Jarf,Café,Formel,Rue Sed Idriss I,33.8931005,-6.3302225,icons/cafe.png,OSM
Rabat-Salé-Kénitra,Pharmacie Birouni صيدلية البيروني,Parapharmacie,Formel,"Avenue Ibn Al Haytem, Salé سلا",34.0684678,-6.7609647,icons/pharmacy.png,OSM
Rabat-Salé-Kénitra,Pharmacie Charaf,Parapharmacie,Formel,Pharmacie Charaf,34.0610442,-6.8099242,icons/pharmacy.png,OSM
Rabat-Salé-Kénitra,Pharmacie Salam Eddine El Ayoubi,Parapharmacie,Formel,Boulevard Rahal Al Maskini,34.0558772,-6.8098055,icons/pharmacy.png,OSM
Rabat-Salé-Kénitra,Pharmacie Al Firdaous,Parapharmacie,Formel,Avenue D,34.0690016,-6.7921217,icons/pharmacy.png,OSM
Rabat-Salé-Kénitra,Pharmacie Al Kawthar,Parapharmacie,Formel,Avenue Allal Ben Abdellah,34.0672118,-6.7943171,icons/pharmacy.png,OSM
Rabat-Salé-Kénitra,Fritura,Restaurant,Formel,Fritura,34.0200227,-6.8496166,icons/restaurant.png,OSM
Rabat-Salé-Kénitra,Pharmacie Ibn Zohr صيدلية ابن زهر,Parapharmacie,Formel,"Avenue Al Kifah, Rabat",33.9915637,-6.8681016,icons/pharmacy.png,OSM
Rabat-Salé-Kénitra,Cafe Hatim,Café,Formel,Cafe Hatim,34.0022072,-6.8659736,icons/cafe.png,OSM
Rabat-Salé-Kénitra,Cafe Maher,Café,Formel,Avenue Annour,33.9943531,-6.8669526,icons/cafe.png,OSM
Rabat-Salé-Kénitra,Pharmacie Bouchra Al Oum صيدلية بشرى الأم,Parapharmacie,Formel,"Avenue de Chebanate, Rabat",33.9840482,-6.8885078,icons/pharmacy.png,OSM
Rabat-Salé-Kénitra,Pharmacie Amwaj صيدلية أمواج,Parapharmacie,Formel,"Rue Abou Bakr Achchafii, Rabat",33.9800111,-6.8914063,icons/pharmacy.png,OSM
Rabat-Salé-Kénitra,Pharmacie Al Kawthar صيدلية الكوثر,Parapharmacie,Formel,"rue Inbihat, Rabat",33.981253,-6.8786686,icons/pharmacy.png,OSM
Rabat-Salé-Kénitra,Snoopy Burger,Restaurant,Formel,Rue Moulay Ali Cherif,34.0173435,-6.8303257,icons/restaurant.png,OSM
Rabat-Salé-Kénitra,Pharmacie des Résidences صيدلية الإقامات,Parapharmacie,Formel,"Rue Al Kanari, Rabat",33.973653,-6.8985156,icons/pharmacy.png,OSM
Rabat-Salé-Kénitra,Pharmacie Idéale صيدلية إديال,Parapharmacie,Formel,"Avenue El Menzeh, Rabat",33.9752975,-6.8925723,icons/pharmacy.png,OSM
Rabat-Salé-Kénitra,Pharmacie Attaissir صيدلية التيسير,Parapharmacie,Formel,Rabat,33.9781106,-6.8914703,icons/pharmacy.png,OSM
Rabat-Salé-Kénitra,Pharmacie Sofia صيدلية صوفيا,Parapharmacie,Formel,"Avenue El Massira, Rabat",33.9709498,-6.894417,icons/pharmacy.png,OSM
Rabat-Salé-Kénitra,Pharmacie El Menzeh صيدلية المنزه,Parapharmacie,Formel,"Avenue El Massira, Rabat",33.9754894,-6.8892613,icons/pharmacy.png,OSM
Rabat-Salé-Kénitra,Pharmacie Al Amane صيدلية الأمان,Parapharmacie,Formel,"Rue Ibn Al Abbar, Rabat",33.9732709,-6.8874319,icons/pharmacy.png,OSM
Rabat-Salé-Kénitra,Pharmacie Marassa صيدلية المرسى,Parapharmacie,Formel,"Boulevard d'Egypte, Rabat",34.0251367,-6.8416741,icons/pharmacy.png,OSM
Rabat-Salé-Kénitra,Pharmacie Al Amana صيدلية الأمانة,Parapharmacie,Formel,"Avenue Hassan II, Rabat",34.0127439,-6.8488091,icons/pharmacy.png,OSM
Rabat-Salé-Kénitra,Pharmacie Diour Jamaâ صيدلية ديور الجامع,Parapharmacie,Formel,Rabat,34.0166694,-6.8465681,icons/pharmacy.png,OSM
Rabat-Salé-Kénitra,Costa Del Cafe,Café,Formel,Rue Al Hind,34.014819,-6.8531285,icons/cafe.png,OSM
Rabat-Salé-Kénitra,Pharmacie Belmahi صيدلية بن الماحي,Parapharmacie,Formel,"Avenue Tonkin شارع طونكان, Rabat",34.0162248,-6.8497592,icons/pharmacy.png,OSM
Rabat-Salé-Kénitra,Lys Rose,Restaurant,Formel,Rue Al Hind,34.0166521,-6.8508071,icons/restaurant.png,OSM
Rabat-Salé-Kénitra,Café Karim,Café,Formel,Avenue Madagascar,34.0152525,-6.8505053,icons/cafe.png,OSM
Rabat-Salé-Kénitra,Hungry Birds,Restaurant,Formel,Avenue Madagascar,34.0146823,-6.8506596,icons/restaurant.png,OSM
Rabat-Salé-Kénitra,L 'Escargot,Café,Formel,Avenue Madagascar,34.0143056,-6.8510413,icons/cafe.png,OSM
Rabat-Salé-Kénitra,Pharmacie du Minaret صيدلية المنارة,Parapharmacie,Formel,"Avenue Hassan II, Rabat",34.0140137,-6.8480362,icons/pharmacy.png,OSM
Rabat-Salé-Kénitra,Super Marché Aissa,Supérette / Mini-market,Formel,Rue Dahomey,34.0161532,-6.8497629,icons/convenience.png,OSM
Rabat-Salé-Kénitra,Pharmacie El Amine صيدلية الأمين,Parapharmacie,Formel,"Avenue Hassan II, Rabat",34.0173385,-6.8447823,icons/pharmacy.png,OSM
Rabat-Salé-Kénitra,Pharmacie Moussa صيدلية موسى,Parapharmacie,Formel,Kénitra,34.2440493,-6.5421522,icons/pharmacy.png,OSM
Rabat-Salé-Kénitra,Pharmacie Al Wahda صيدلية الوحدة,Parapharmacie,Formel,"Avenue Al Massira, Kénitra",34.2469815,-6.5531825,icons/pharmacy.png,OSM
Rabat-Salé-Kénitra,Pharmacie El Maghrib صيدلية المغرب,Parapharmacie,Formel,"Quartier Al Amal, Kénitra",34.250224,-6.5532777,icons/pharmacy.png,OSM
Rabat-Salé-Kénitra,Pharmacie La Corniche صيدلية الكرنيش,Parapharmacie,Formel,"Rue Addis-Abeba زنقة أديس أبابا, Rabat",34.0258963,-6.8485412,icons/pharmacy.png,OSM
Rabat-Salé-Kénitra,Sultina,Restaurant,Formel,Rue Seddik Hsain زنقة الصديق حساين,34.0227635,-6.8502653,icons/restaurant.png,OSM
Rabat-Salé-Kénitra,Le Large Café,Café,Formel,Avenue Mokhtar Gazoulit شارع المختار جزوليت,34.023407,-6.8519846,icons/cafe.png,OSM
Rabat-Salé-Kénitra,Sun Way,Restaurant,Formel,Rue Paris زنقة باريس,34.0216642,-6.8470895,icons/restaurant.png,OSM
Rabat-Salé-Kénitra,Glacier Café Patissier,Café,Formel,Avenue Abdelkrim Al Khattabi شارع عبد الكريم الخطابي,34.0238928,-6.8481208,icons/cafe.png,OSM
Rabat-Salé-Kénitra,Pharmacie de l'Océan صيدلية المحيط,Parapharmacie,Formel,"Avenue Abdelkrim Al Khattabi شارع عبد الكريم الخطابي, Rabat",34.0251959,-6.8464955,icons/pharmacy.png,OSM
Rabat-Salé-Kénitra,Pharmacie El Massira صيدلية المسيرة,Parapharmacie,Formel,"Quartier Achabab, Kénitra",34.2518481,-6.5502481,icons/pharmacy.png,OSM
Rabat-Salé-Kénitra,Parapharmacie,Parapharmacie,Formel,Avenue D,34.0629524,-6.7839141,icons/pharmacy.png,OSM
Rabat-Salé-Kénitra,Pharmacie El Manzeh صيدلية المنزه,Parapharmacie,Formel,Kénitra,34.2538223,-6.5559103,icons/pharmacy.png,OSM
Rabat-Salé-Kénitra,Parapharmacie sans nom,Parapharmacie,Formel,Route de Rabat,34.0828392,-6.7756958,icons/pharmacy.png,OSM
Rabat-Salé-Kénitra,Pharmacie Le Moulin صيدلية المطحنة,Parapharmacie,Formel,"Rue Pacha Abdelhamid el Alaoui, Kénitra",34.2576909,-6.5606135,icons/pharmacy.png,OSM
Rabat-Salé-Kénitra,Café Du Midi,Café,Formel,Avenue Patrice Lumumba,34.0119221,-6.8285434,icons/cafe.png,OSM
Rabat-Salé-Kénitra,Ardeco Cuisine and Parquet,Restaurant,Formel,Avenue Patrice Lumumba,34.01457,-6.8288156,icons/restaurant.png,OSM
Rabat-Salé-Kénitra,Restaurant Les 2 Palais,Restaurant,Formel,Rue Moulay Ali Cherif,34.0123699,-6.8262035,icons/restaurant.png,OSM
Rabat-Salé-Kénitra,Pharmacie Al Ikhlas,Parapharmacie,Formel,5,34.0594188,-6.7847959,icons/pharmacy.png,OSM
Rabat-Salé-Kénitra,Cafe Martima,Café,Formel,Rue Chobba Allail,33.955396,-6.8652548,icons/cafe.png,OSM
Rabat-Salé-Kénitra,Pharmacie Assounah صيدلية السنة,Parapharmacie,Formel,"Avenue Mohamed V شارع محمد الخامس, Rabat ⵔⴱⴰⵟ الرباط",34.011256,-6.8290584,icons/pharmacy.png,OSM
Rabat-Salé-Kénitra,Pharmacie Rania صيدلية رانيا,Parapharmacie,Formel,"Rue Temar, Rabat",33.9522471,-6.873729,icons/pharmacy.png,OSM
Rabat-Salé-Kénitra,Pharmacie les Colonnes صيدلية ليكولون,Parapharmacie,Formel,"Avenue Mohamed El Fassi شارع محمد الفاسي, Rabat ⵔⴱⴰⵟ الرباط",34.0132496,-6.822307,icons/pharmacy.png,OSM
Rabat-Salé-Kénitra,Pharmacie Hay Tbib صيدلية حي الطبيب,Parapharmacie,Formel,"Quartier Al Whada, Kénitra",34.2557466,-6.552245,icons/pharmacy.png,OSM
Rabat-Salé-Kénitra,Pharmacie El Fath صيدلية الفتح,Parapharmacie,Formel,Kénitra,34.2564925,-6.5575002,icons/pharmacy.png,OSM
Rabat-Salé-Kénitra,Bella Costa,Café,Formel,Rue Aguelmane Sidi Ali,34.0068916,-6.8477212,icons/cafe.png,OSM
Rabat-Salé-Kénitra,Globe Restaurant,Restaurant,Formel,Rue Al Achaari,34.0061634,-6.8473631,icons/restaurant.png,OSM
Rabat-Salé-Kénitra,Reggio,Restaurant,Formel,Avenue Oqba,34.0055219,-6.8470077,icons/restaurant.png,OSM
Rabat-Salé-Kénitra,Restaurant Havana,Restaurant,Formel,Avenue Oqba,34.0058713,-6.8465581,icons/restaurant.png,OSM
Rabat-Salé-Kénitra,Restaurant Pizza Musique & Expo,Restaurant,Formel,Avenue Oqba,34.0060867,-6.8463211,icons/restaurant.png,OSM
Rabat-Salé-Kénitra,Bistrot Burger,Restaurant,Formel,Avenue Oqba,34.0061223,-6.8462835,icons/restaurant.png,OSM
Rabat-Salé-Kénitra,Pharmacie Pasteur صيدلية باستور,Parapharmacie,Formel,Kénitra,34.2551869,-6.5478522,icons/pharmacy.png,OSM
Rabat-Salé-Kénitra,Pharmacie Riad Al Otor صيدلية رياض الأطر,Parapharmacie,Formel,"Rue Addouma, Rabat",33.9512032,-6.8570328,icons/pharmacy.png,OSM
Rabat-Salé-Kénitra,Pharmacie Moulay Youssef صيدلية مولاي يوسف,Parapharmacie,Formel,"Avenue Sidi Mohammed Ben Abdellah, Rabat",34.0066587,-6.8631591,icons/pharmacy.png,OSM
Rabat-Salé-Kénitra,Pharmacie Ziniber,Parapharmacie,Formel,Pharmacie Ziniber,34.0409161,-6.8126875,icons/pharmacy.png,OSM
Rabat-Salé-Kénitra,Pharmacie Lourak صيدلية الوراق,Parapharmacie,Formel,"Rue 164, Kénitra",34.2600008,-6.5572822,icons/pharmacy.png,OSM
Rabat-Salé-Kénitra,Pharmacie Du Croissant صيدلية الهلال,Parapharmacie,Formel,"Avenue Sidi Mohammed Ben Abdellah, Rabat",34.0105454,-6.8595631,icons/pharmacy.png,OSM
Rabat-Salé-Kénitra,La Petite Chaise,Café,Formel,Avenue Mohamed Zerktouni,34.0151303,-6.8545058,icons/cafe.png,OSM
Rabat-Salé-Kénitra,Café Joli Coin,Café,Formel,Avenue Mohamed Zerktouni,34.0148998,-6.8549004,icons/cafe.png,OSM
Rabat-Salé-Kénitra,Via Café,Café,Formel,Avenue Atlas,33.9957673,-6.8494371,icons/cafe.png,OSM
Rabat-Salé-Kénitra,Angelo Nardelli,Restaurant,Formel,Avenue Ibn Sina,33.9976548,-6.8510203,icons/restaurant.png,OSM
Rabat-Salé-Kénitra,Pharmacie Badr صيدلية بدر,Parapharmacie,Formel,"Avenue Fal Ould Oumeir, Rabat",34.003911,-6.8515426,icons/pharmacy.png,OSM
Rabat-Salé-Kénitra,Au Jour Le Jour,Café,Formel,Avenue Atlas,33.9952298,-6.8504329,icons/cafe.png,OSM
Rabat-Salé-Kénitra,Adelis,Restaurant,Formel,Rue Oued Baht,34.000063,-6.8482053,icons/restaurant.png,OSM
Rabat-Salé-Kénitra,Le Flamant Rose Cafe,Café,Formel,Rue Melouya,34.0008724,-6.8493131,icons/cafe.png,OSM
Rabat-Salé-Kénitra,La Italiana,Restaurant,Formel,Avenue de Bin El Ouidane,34.0051773,-6.848094,icons/restaurant.png,OSM
Rabat-Salé-Kénitra,Nour Cafe,Café,Formel,Rue Aguelmane Sidi Ali,34.0047948,-6.8491656,icons/cafe.png,OSM
Rabat-Salé-Kénitra,Super Marche Addoha,Supermarché,Formel,Avenue Omar Ibn Khattab,34.0000197,-6.8447064,icons/supermarket.png,OSM
Rabat-Salé-Kénitra,Pharmacie Hay Karima,Parapharmacie,Formel,Avenue Mohammed V,34.0552061,-6.7934252,icons/pharmacy.png,OSM
Rabat-Salé-Kénitra,Pharmacie de l'Agdal صيدلية أكدال,Parapharmacie,Formel,"Rue Ibn Hanbal, Rabat ⵔⴱⴰⵟ الرباط",33.9887734,-6.848024,icons/pharmacy.png,OSM
Rabat-Salé-Kénitra,La Galerie,Restaurant,Formel,Avenue Omar Ibn Khattab,33.9997651,-6.8445937,icons/restaurant.png,OSM
Rabat-Salé-Kénitra,Pharmacie Semlali,Parapharmacie,Formel,Boulevard Bocfeur Abd Karim Khatabi,34.0607103,-6.8133232,icons/pharmacy.png,OSM
Rabat-Salé-Kénitra,Ma Petite Pharmacie,Parapharmacie,Formel,Zankat Bouchoak,34.0538383,-6.7917073,icons/pharmacy.png,OSM
Rabat-Salé-Kénitra,Pharmacie Bab Sebta,Parapharmacie,Formel,Pharmacie Bab Sebta,34.0428986,-6.819845,icons/pharmacy.png,OSM
Rabat-Salé-Kénitra,Pharmacie du Quartier Industriel,Parapharmacie,Formel,Avenue Omar Ibn Laass,34.0586393,-6.7889178,icons/pharmacy.png,OSM
Rabat-Salé-Kénitra,Pharmacie Sidi Moussa,Parapharmacie,Formel,Avenue Nasser,34.0502727,-6.8226855,icons/pharmacy.png,OSM
Rabat-Salé-Kénitra,Parapharmacie sans nom,Parapharmacie,Formel,Parapharmacie sans nom,34.2460259,-6.6544144,icons/pharmacy.png,OSM
Rabat-Salé-Kénitra,Pharmacie Lahkim,Parapharmacie,Formel,Pharmacie Lahkim,34.0471208,-6.8239568,icons/pharmacy.png,OSM
Rabat-Salé-Kénitra,Pharmacie al Osra,Parapharmacie,Formel,Pharmacie al Osra,34.0482115,-6.8208495,icons/pharmacy.png,OSM
Rabat-Salé-Kénitra,Pharmacie Ibn Baytar صيدلية ابن البيطار,Parapharmacie,Formel,Kénitra,34.2642725,-6.6250107,icons/pharmacy.png,OSM
Rabat-Salé-Kénitra,Pharmacie Yassine صيدلية ياسين,Parapharmacie,Formel,Kénitra,34.2592626,-6.6483083,icons/pharmacy.png,OSM
Rabat-Salé-Kénitra,Pharmacie Benhaddou,Parapharmacie,Formel,Pharmacie Benhaddou,34.2714743,-6.6291614,icons/pharmacy.png,OSM
Rabat-Salé-Kénitra,Pharmacie Hammi,Parapharmacie,Formel,Avenue Ibn Al Haytem,34.051685,-6.7822069,icons/pharmacy.png,OSM
Rabat-Salé-Kénitra,Cooper Pharma,Parapharmacie,Formel,Boulevard Oujada,34.0530005,-6.8157861,icons/pharmacy.png,OSM
Rabat-Salé-Kénitra,Pharmacie Az-zahra,Parapharmacie,Formel,Rue Oued Roumane,34.0518705,-6.7787817,icons/pharmacy.png,OSM
Rabat-Salé-Kénitra,Pharmacie Annour,Parapharmacie,Formel,Avenue Ibn Al Haytem,34.0569994,-6.7774004,icons/pharmacy.png,OSM
Rabat-Salé-Kénitra,Pharmacie Nour Salé,Parapharmacie,Formel,Boulevard Oujada,34.0530067,-6.8157737,icons/pharmacy.png,OSM
Rabat-Salé-Kénitra,Parapharmacie Raputons,Parapharmacie,Formel,Boulevard Rahal Al Maskini,34.0637245,-6.8031389,icons/pharmacy.png,OSM
Rabat-Salé-Kénitra,Pharmacie Moulay Idriss,Parapharmacie,Formel,Rue Abed Allah Bnou Abbass,34.0645711,-6.8066458,icons/pharmacy.png,OSM
Rabat-Salé-Kénitra,Pharmacie Al Jazira,Parapharmacie,Formel,Boulevard Rahal Al Maskini,34.0677573,-6.8001549,icons/pharmacy.png,OSM
Rabat-Salé-Kénitra,Pharmacie des Nations صيدلية الأمم,Parapharmacie,Formel,Kénitra,34.2598268,-6.6203309,icons/pharmacy.png,OSM
Rabat-Salé-Kénitra,Pharmacie Anoual,Parapharmacie,Formel,Avenue de L'Aviation,34.0604448,-6.767845,icons/pharmacy.png,OSM
Rabat-Salé-Kénitra,Bio Cafe,Café,Formel,Avenue Al Haouz,33.9858338,-6.8212853,icons/cafe.png,OSM
Rabat-Salé-Kénitra,Pharmacie L'Opera,Parapharmacie,Formel,Pharmacie L'Opera,34.0458079,-6.8098189,icons/pharmacy.png,OSM
Rabat-Salé-Kénitra,Pharmacie Tahiri,Parapharmacie,Formel,Boulevard Jbel Saghro,34.0775797,-6.7908517,icons/pharmacy.png,OSM
Rabat-Salé-Kénitra,Pharmacie Taiba,Parapharmacie,Formel,Boulevard Oued Alokous,34.0813241,-6.7900255,icons/pharmacy.png,OSM
Rabat-Salé-Kénitra,Pharmacie Rizk,Parapharmacie,Formel,Avenue 6 Novembre,34.0479125,-6.8079038,icons/pharmacy.png,OSM
Rabat-Salé-Kénitra,Cafe Annahda,Café,Formel,Cafe Annahda,33.9771936,-6.8209407,icons/cafe.png,OSM
Rabat-Salé-Kénitra,Pharmacie Dar Essalam صيدلية دار السلام,Parapharmacie,Formel,"Rue Bani Jaber, Rabat",33.9792107,-6.8171898,icons/pharmacy.png,OSM
Rabat-Salé-Kénitra,Café Florida,Café,Formel,Café Florida,34.0210145,-6.8478774,icons/cafe.png,OSM
Rabat-Salé-Kénitra,Supérette / Mini-market sans nom,Supérette / Mini-market,Formel,Supérette / Mini-market sans nom,34.0227752,-6.8481121,icons/convenience.png,OSM
Rabat-Salé-Kénitra,Supérette / Mini-market sans nom,Supérette / Mini-market,Formel,Supérette / Mini-market sans nom,34.0219637,-6.8503622,icons/convenience.png,OSM
Rabat-Salé-Kénitra,Dar Dmana,Parapharmacie,Formel,Avenue Al Massira Al Khadra,34.0281209,-6.8008932,icons/pharmacy.png,OSM
Rabat-Salé-Kénitra,Cafe les Cinq H,Café,Formel,Avenue Moulay Youssef,34.0397626,-6.8016154,icons/cafe.png,OSM
Rabat-Salé-Kénitra,Pharmacie Bouchouk,Parapharmacie,Formel,Pharmacie Bouchouk,34.0814785,-6.7860545,icons/pharmacy.png,OSM
Rabat-Salé-Kénitra,Pharmacie Du Dispensaire,Parapharmacie,Formel,Boulevard Jbel Tobqal,34.0760995,-6.7843319,icons/pharmacy.png,OSM
Rabat-Salé-Kénitra,Pharmacie Aicha,Parapharmacie,Formel,Boulevard Jbel Bounacer,34.0743666,-6.7868015,icons/pharmacy.png,OSM
Rabat-Salé-Kénitra,Pharmacie du Haut Souissi صيدلية السويسي العالي,Parapharmacie,Formel,"Rue Abderahmane B. Abi Baker, Rabat",33.9376309,-6.8141721,icons/pharmacy.png,OSM
Rabat-Salé-Kénitra,Pharmacie L'Enfant صيدلية الطفل,Parapharmacie,Formel,"Rue Mghila, Rabat",33.9813791,-6.810289,icons/pharmacy.png,OSM
Rabat-Salé-Kénitra,Pharmacie Ibn Al Haytam,Parapharmacie,Formel,Avenue Mohamed V,34.066903,-6.7783727,icons/pharmacy.png,OSM
Rabat-Salé-Kénitra,Pharmacie du Golf صيدلية الكولف,Parapharmacie,Formel,"Rue Abd Elkader Rechdi, Rabat",33.940854,-6.8197973,icons/pharmacy.png,OSM
Rabat-Salé-Kénitra,Café Nohaila,Café,Formel,Avenue Mohamed V,34.0541756,-6.7946993,icons/cafe.png,OSM
Rabat-Salé-Kénitra,Pharmacie Essania,Parapharmacie,Formel,Avenue Salah Eddine el Ayoubi,34.0474325,-6.8129303,icons/pharmacy.png,OSM
Rabat-Salé-Kénitra,Pharmacie Nassiha,Parapharmacie,Formel,Rue Al Amal,34.0693482,-6.7823531,icons/pharmacy.png,OSM
Rabat-Salé-Kénitra,Parapharmacie sans nom,Parapharmacie,Formel,Boulevard Abedllah Ben Yassine,34.0406461,-6.8037088,icons/pharmacy.png,OSM
Rabat-Salé-Kénitra,Pharmacie Et Laboratoire al Hayat,Parapharmacie,Formel,Avenue du Haut-Atlas,34.0428108,-6.7909214,icons/pharmacy.png,OSM
Rabat-Salé-Kénitra,Pharmacie el Farah,Parapharmacie,Formel,Avenue Ali Ben Abi Taleb شارع علي بن أبي طالب,34.0694026,-6.785738,icons/pharmacy.png,OSM
Rabat-Salé-Kénitra,Pharmacie Ilham,Parapharmacie,Formel,Avenue Oued Eddahab,34.071921,-6.7856562,icons/pharmacy.png,OSM
Rabat-Salé-Kénitra,Pharmacie Inbiat,Parapharmacie,Formel,Avenue Assalam,34.0517494,-6.7908946,icons/pharmacy.png,OSM
Rabat-Salé-Kénitra,Pharmacie Alhan,Parapharmacie,Formel,Avenue Mohamed V,34.053215,-6.7952733,icons/pharmacy.png,OSM
Rabat-Salé-Kénitra,Pharmacie Volubilis,Parapharmacie,Formel,Avenue 20 Aout,34.0410484,-6.7798573,icons/pharmacy.png,OSM
Rabat-Salé-Kénitra,Pharmacie El Ouedgi,Parapharmacie,Formel,Avenue 20 Aout,34.0443499,-6.7788471,icons/pharmacy.png,OSM
Rabat-Salé-Kénitra,Café Ibiza,Café,Formel,Café Ibiza,33.6143051,-7.4881318,icons/cafe.png,OSM
Rabat-Salé-Kénitra,Pharmacie Ikram,Parapharmacie,Formel,Avenue Imam Malik,34.0445566,-6.7825127,icons/pharmacy.png,OSM
Rabat-Salé-Kénitra,Pharmacie Safir,Parapharmacie,Formel,Avenue Imam Malik,34.0407105,-6.7843419,icons/pharmacy.png,OSM
Rabat-Salé-Kénitra,Pharmacie Lazrak,Parapharmacie,Formel,Pharmacie Lazrak,34.0465707,-6.7806908,icons/pharmacy.png,OSM
Rabat-Salé-Kénitra,Pharmacie L'Hopital,Parapharmacie,Formel,Avenue Ali Ben Abi Taleb شارع علي بن أبي طالب,34.0644811,-6.7908671,icons/pharmacy.png,OSM
Rabat-Salé-Kénitra,Pharmacie Al Ahbab,Parapharmacie,Formel,Avenue Oued Eddahab,34.0691315,-6.7886858,icons/pharmacy.png,OSM
Rabat-Salé-Kénitra,Pharmacie Zohour,Parapharmacie,Formel,Avenue Omar Ibn Laass,34.0614525,-6.7928351,icons/pharmacy.png,OSM
Rabat-Salé-Kénitra,Pharmacie Super Arrahma,Parapharmacie,Formel,Avenue Mohamed V,34.0618886,-6.7828037,icons/pharmacy.png,OSM
Rabat-Salé-Kénitra,Pharmacie Centre De Santé,Parapharmacie,Formel,Rue Oued Bouregreg,34.0667763,-6.7911668,icons/pharmacy.png,OSM
Rabat-Salé-Kénitra,Bim,Supermarché,Formel,Bim,34.0199852,-6.8503793,icons/supermarket.png,OSM
Rabat-Salé-Kénitra,Tacos Avenue,Restaurant,Formel,Tacos Avenue,34.0218546,-6.8469813,icons/restaurant.png,OSM
Rabat-Salé-Kénitra,bim,Supermarché,Formel,bim,33.8932519,-6.3162526,icons/supermarket.png,OSM
Rabat-Salé-Kénitra,Café ITALI مقهى إيطاليا,Café,Formel,Avenue Mohamed V,34.0168935,-6.8349267,icons/cafe.png,OSM
Rabat-Salé-Kénitra,MF,Boutique de confiserie,Informel,Boulevard Jbel Moaskar,34.0771244,-6.7853284,icons/confectionery.png,OSM
Rabat-Salé-Kénitra,Pharmacie Al Houda صيدلية الهدى,Parapharmacie,Formel,"Avenue El Farah, Rabat",33.9897329,-6.8107592,icons/pharmacy.png,OSM
Rabat-Salé-Kénitra,Café Bel Air,Café,Formel,Café Bel Air,33.9953091,-6.8201162,icons/cafe.png,OSM
Rabat-Salé-Kénitra,Boulangerie مخبزة اكيوض,Boulangerie,Formel,Boulangerie مخبزة اكيوض,33.991312,-6.8153493,icons/bakery.png,OSM
Rabat-Salé-Kénitra,Dar Zaki,Restaurant,Formel,"Rue Moulay Brahim, Old Medina",34.0267279,-6.8339196,icons/restaurant.png,OSM
Rabat-Salé-Kénitra,Café مقهى آدم,Café,Formel,Café مقهى آدم,33.9906928,-6.8154751,icons/cafe.png,OSM
Rabat-Salé-Kénitra,Restaurant sans nom,Restaurant,Formel,Restaurant sans nom,34.0218033,-6.8467944,icons/restaurant.png,OSM
Rabat-Salé-Kénitra,Pharmacie l'Olivier صيدلية الزيتونة,Parapharmacie,Formel,Témara تمارة,33.9405327,-6.8930863,icons/pharmacy.png,OSM
Rabat-Salé-Kénitra,مقهى كالفورنيا- الساكنية,Café,Formel,Avenue Al Massira,34.2476579,-6.5540983,icons/cafe.png,OSM
Rabat-Salé-Kénitra,isola,Café,Formel,isola,34.0756799,-6.7649997,icons/cafe.png,OSM
Rabat-Salé-Kénitra,Afdal,Supérette / Mini-market,Formel,Afdal,34.0157931,-6.8306668,icons/convenience.png,OSM
Rabat-Salé-Kénitra,Miam - La petite brasserie,Café,Formel,Miam - La petite brasserie,33.9623895,-6.8646582,icons/cafe.png,OSM
Rabat-Salé-Kénitra,La Grillardiaire,Restaurant,Formel,"Bd Yacoub Al Mansoiur, Mohammedia",33.7033497,-7.3979841,icons/restaurant.png,OSM
Rabat-Salé-Kénitra,Restaurant sans nom,Restaurant,Formel,Restaurant sans nom,34.015366,-6.8349199,icons/restaurant.png,OSM
Rabat-Salé-Kénitra,BIM,Supermarché,Formel,BIM,34.2399335,-6.6158299,icons/supermarket.png,OSM
Rabat-Salé-Kénitra,BİM,Supermarché,Formel,BİM,34.2655462,-6.643944,icons/supermarket.png,OSM
Rabat-Salé-Kénitra,Café sans nom,Café,Formel,Café sans nom,34.2603028,-6.589226,icons/cafe.png,OSM
Rabat-Salé-Kénitra,Soopiza,Restaurant,Formel,Soopiza,34.2620413,-6.5838757,icons/restaurant.png,OSM
Rabat-Salé-Kénitra,Café Shazine,Café,Formel,Avenue Hassan II,34.0212241,-6.8396191,icons/cafe.png,OSM
Rabat-Salé-Kénitra,LEVEL CAFE,Café,Formel,"Avenue Moulay Abdel Aziz, Kenitra",34.2592854,-6.5890588,icons/cafe.png,OSM
Rabat-Salé-Kénitra,Supérette / Mini-market sans nom,Supérette / Mini-market,Formel,Supérette / Mini-market sans nom,34.8762144,-6.2889519,icons/convenience.png,OSM
Rabat-Salé-Kénitra,Restaurant Marja Zarka,Restaurant,Formel,Restaurant Marja Zarka,34.8769937,-6.2923926,icons/restaurant.png,OSM
Rabat-Salé-Kénitra,La Terrasse,Restaurant,Formel,La Terrasse,34.8772503,-6.2970904,icons/restaurant.png,OSM
Rabat-Salé-Kénitra,Restaurant sans nom,Restaurant,Formel,Restaurant sans nom,33.7215393,-7.3414141,icons/restaurant.png,OSM
Rabat-Salé-Kénitra,Restaurant sans nom,Restaurant,Formel,Restaurant sans nom,33.7290527,-7.3368611,icons/restaurant.png,OSM
Rabat-Salé-Kénitra,Restaurant sans nom,Restaurant,Formel,Restaurant sans nom,33.7268009,-7.3436294,icons/restaurant.png,OSM
Rabat-Salé-Kénitra,Restaurant L!Ocean Blue,Restaurant,Formel,Restaurant L!Ocean Blue,33.7378923,-7.3243238,icons/restaurant.png,OSM
Rabat-Salé-Kénitra,Mini Chicken,Restaurant,Formel,Mini Chicken,34.2627894,-6.5659481,icons/restaurant.png,OSM
Rabat-Salé-Kénitra,Café Arij,Café,Formel,Café Arij,33.8020524,-6.8030817,icons/cafe.png,OSM
Rabat-Salé-Kénitra,مقهى وليلي,Café,Formel,مقهى وليلي,33.8935297,-6.3126361,icons/cafe.png,OSM
Rabat-Salé-Kénitra,Säidoune,Restaurant,Formel,Avenue Mohamed V شارع محمد الخامس,34.0160161,-6.8345992,icons/restaurant.png,OSM
Rabat-Salé-Kénitra,مقهى ماكس بلاس,Café,Formel,مقهى ماكس بلاس,33.8846649,-6.3206076,icons/cafe.png,OSM
Rabat-Salé-Kénitra,Pharmacie Andalous صيدلية الاندلس,Parapharmacie,Formel,Tiflet ⵜⵉⴼⴼⵍⵜ تيفلت,33.8941908,-6.3278453,icons/pharmacy.png,OSM
Rabat-Salé-Kénitra,Cantine Universitaire,Restaurant,Formel,Cantine Universitaire,34.2483089,-6.5826252,icons/restaurant.png,OSM
Rabat-Salé-Kénitra,Cantine,Restaurant,Formel,Cantine,34.2450954,-6.5826952,icons/restaurant.png,OSM
Rabat-Salé-Kénitra,Carrefour,Supermarché,Formel,Carrefour,34.2530475,-6.5946387,icons/supermarket.png,OSM
Rabat-Salé-Kénitra,Pharmacie Abouab Al Wifaq صيدلية أبواب الوفاق,Parapharmacie,Formel,Témara,33.9267824,-6.9291602,icons/pharmacy.png,OSM
Rabat-Salé-Kénitra,Restaurant sans nom,Restaurant,Formel,Restaurant sans nom,33.9290099,-6.954233,icons/restaurant.png,OSM
Rabat-Salé-Kénitra,Supérette / Mini-market sans nom,Supérette / Mini-market,Formel,Supérette / Mini-market sans nom,33.9284235,-6.9552348,icons/convenience.png,OSM
Rabat-Salé-Kénitra,Ait Bihi,Supérette / Mini-market,Formel,Ait Bihi,33.9283615,-6.9553689,icons/convenience.png,OSM
Rabat-Salé-Kénitra,Café Tamazight,Café,Formel,Café Tamazight,33.9915361,-6.8676639,icons/cafe.png,OSM
Rabat-Salé-Kénitra,Venezia Ice & Bakery,Café,Formel,Venezia Ice & Bakery,34.0367798,-6.7477793,icons/cafe.png,OSM
Rabat-Salé-Kénitra,step burger,Restaurant,Formel,step burger,34.2618215,-6.5844159,icons/restaurant.png,OSM
Rabat-Salé-Kénitra,Pizza des Gourmets,Restaurant,Formel,"Rue Al Mouahidine زنقة الموحدين, Rabat ⵔⴱⴰⵟ الرباط",34.0239681,-6.8246452,icons/restaurant.png,OSM
Rabat-Salé-Kénitra,شوارما مازن الشام,Restaurant,Formel,شوارما مازن الشام,34.0015073,-6.8468562,icons/restaurant.png,OSM
Rabat-Salé-Kénitra,Cappuccino,Café,Formel,kenitra,34.2650257,-6.587532,icons/cafe.png,OSM
Rabat-Salé-Kénitra,Ifly,Café,Formel,kenitra,34.2653649,-6.5877033,icons/cafe.png,OSM
Rabat-Salé-Kénitra,سناك مرحبا,Restaurant,Formel,Avenue Mohamed Ben Lhassan Louazzani,34.0404622,-6.7899008,icons/restaurant.png,OSM
Rabat-Salé-Kénitra,dar diafa,Café,Formel,sdsd,33.9218904,-6.8970794,icons/cafe.png,OSM
Rabat-Salé-Kénitra,Carrefour,Supermarché,Formel,Carrefour,34.2570224,-6.5824618,icons/supermarket.png,OSM
Rabat-Salé-Kénitra,Le monde,Restaurant,Formel,Le monde,34.0230153,-6.8385757,icons/restaurant.png,OSM
Rabat-Salé-Kénitra,MESK LIL,Café,Formel,MESK LIL,34.0516011,-6.8128945,icons/cafe.png,OSM
Rabat-Salé-Kénitra,Chtirs,Café,Formel,Chtirs,33.9930034,-6.74331,icons/cafe.png,OSM
Rabat-Salé-Kénitra,Coffee Time,Café,Formel,Coffee Time,33.9776824,-6.8168805,icons/cafe.png,OSM
Rabat-Salé-Kénitra,Boulangerie sans nom,Boulangerie,Formel,Boulangerie sans nom,34.0154658,-6.8285204,icons/bakery.png,OSM
Rabat-Salé-Kénitra,Restaurant sans nom,Restaurant,Formel,Restaurant sans nom,34.0254836,-6.8283796,icons/restaurant.png,OSM
Rabat-Salé-Kénitra,Restaurant sans nom,Restaurant,Formel,Restaurant sans nom,34.0251745,-6.8291619,icons/restaurant.png,OSM
Rabat-Salé-Kénitra,Restaurant sans nom,Restaurant,Formel,Restaurant sans nom,34.016239,-6.8346477,icons/restaurant.png,OSM
Rabat-Salé-Kénitra,La Ruche,Restaurant,Formel,La Ruche,34.0198342,-6.8345369,icons/restaurant.png,OSM
Rabat-Salé-Kénitra,Ajax,Café,Formel,Ajax,34.0245919,-6.7593854,icons/cafe.png,OSM
Rabat-Salé-Kénitra,La Capitale,Restaurant,Formel,La Capitale,34.0308503,-6.8207871,icons/restaurant.png,OSM
Rabat-Salé-Kénitra,Good Way,Restaurant,Formel,الرباط,34.0257415,-6.8399812,icons/restaurant.png,OSM
Rabat-Salé-Kénitra,Ahmed,Restaurant,Formel,Ahmed,33.8723243,-6.8525788,icons/restaurant.png,OSM
Rabat-Salé-Kénitra,Restaurant sans nom,Restaurant,Formel,Restaurant sans nom,33.852046,-6.853302,icons/restaurant.png,OSM
Rabat-Salé-Kénitra,Restaurant sans nom,Restaurant,Formel,Restaurant sans nom,33.5184651,-7.2038704,icons/restaurant.png,OSM
Rabat-Salé-Kénitra,BIM,Supermarché,Formel,BIM,34.2711754,-6.6098461,icons/supermarket.png,OSM
Rabat-Salé-Kénitra,79,Boutique de confiserie,Informel,79,34.2557794,-6.6126666,icons/confectionery.png,OSM
Rabat-Salé-Kénitra,54 d m. Arabi,Café,Formel,54 d m. Arabi,34.2549607,-6.6150945,icons/cafe.png,OSM
Rabat-Salé-Kénitra,Café fettah,Café,Formel,Café fettah,34.2606529,-6.642622,icons/cafe.png,OSM
Rabat-Salé-Kénitra,Café à Nasr,Café,Formel,Café à Nasr,34.2658624,-6.646746,icons/cafe.png,OSM
Rabat-Salé-Kénitra,Café iqrae,Café,Formel,Café iqrae,34.2559869,-6.6152709,icons/cafe.png,OSM
Rabat-Salé-Kénitra,Pharmacie Saadaoui صيدلية سعداوي,Parapharmacie,Formel,Kénitra,34.2579819,-6.6553538,icons/pharmacy.png,OSM
Rabat-Salé-Kénitra,Pharmacie Eddebbagh صيدلية الدباغ,Parapharmacie,Formel,Kénitra,34.2438271,-6.6602871,icons/pharmacy.png,OSM
Rabat-Salé-Kénitra,Café El Baraka,Café,Formel,Avenue Moulay Rachid,34.0174879,-6.7641407,icons/cafe.png,OSM
Rabat-Salé-Kénitra,مقهى المهدي ايس,Café,Formel,Avenue Assalam شارع السلام,33.5900658,-7.4938116,icons/cafe.png,OSM
Rabat-Salé-Kénitra,Bricoma temara,Supermarché,Formel,Bricoma temara,33.9199138,-6.9244983,icons/supermarket.png,OSM
Rabat-Salé-Kénitra,Café houssam,Café,Formel,Café houssam,34.2590039,-6.6549916,icons/cafe.png,OSM
Rabat-Salé-Kénitra,Café jawharat al kesbah,Café,Formel,Café jawharat al kesbah,34.2585012,-6.655438,icons/cafe.png,OSM
Rabat-Salé-Kénitra,agourai,Café,Formel,agourai,34.0629413,-6.7650474,icons/cafe.png,OSM
Rabat-Salé-Kénitra,hda brahim,Boulangerie,Formel,hda brahim,34.0631866,-6.7627189,icons/bakery.png,OSM
Rabat-Salé-Kénitra,lhna,Boulangerie,Formel,lhna,34.0592245,-6.7759319,icons/bakery.png,OSM
Rabat-Salé-Kénitra,BİM,Supermarché,Formel,BİM,34.264434,-6.5887217,icons/supermarket.png,OSM
Rabat-Salé-Kénitra,Pharmacie Nouha صيدلية نوها,Parapharmacie,Formel,Mehdia,34.2434651,-6.6564397,icons/pharmacy.png,OSM
Rabat-Salé-Kénitra,Pharmacie Sirinine صيدلية سيرين,Parapharmacie,Formel,Kénitra,34.2318542,-6.6092357,icons/pharmacy.png,OSM
Rabat-Salé-Kénitra,Dar Safran,Restaurant,Formel,Dar Safran,34.0209795,-6.8315318,icons/restaurant.png,OSM
Rabat-Salé-Kénitra,Café doumas,Café,Formel,Café doumas,34.2612087,-6.6447064,icons/cafe.png,OSM
Rabat-Salé-Kénitra,Pharmacie Jabrane صيدلية جبران,Parapharmacie,Formel,Kénitra,34.2696547,-6.6144666,icons/pharmacy.png,OSM
Rabat-Salé-Kénitra,Boulangerie glorya,Boulangerie,Formel,Boulangerie glorya,34.2703762,-6.6251202,icons/bakery.png,OSM
Rabat-Salé-Kénitra,Café golf,Café,Formel,Café golf,34.2633699,-6.6414135,icons/cafe.png,OSM
Rabat-Salé-Kénitra,Le Ziryab,Restaurant,Formel,الرباط,34.0274972,-6.8342086,icons/restaurant.png,OSM
Rabat-Salé-Kénitra,Pharmacie Kasr Ismail صيدلية قصر اسماعيل,Parapharmacie,Formel,Kénitra,34.2621877,-6.6532579,icons/pharmacy.png,OSM
Rabat-Salé-Kénitra,Café sans nom,Café,Formel,Café sans nom,34.0150891,-6.7366498,icons/cafe.png,OSM
Rabat-Salé-Kénitra,a table,Restaurant,Formel,a table,33.9248348,-6.9589927,icons/restaurant.png,OSM
Rabat-Salé-Kénitra,café rakcha,Café,Formel,café rakcha,33.9247714,-6.9587339,icons/cafe.png,OSM
Rabat-Salé-Kénitra,constructeurs automobiles,Supermarché,Formel,constructeurs automobiles,33.9481698,-6.8708996,icons/supermarket.png,OSM
Rabat-Salé-Kénitra,Dipndip,Café,Formel,"Shaheed Deya Errahman, Rabat ⵔⴱⴰⵟ الرباط",33.9543167,-6.8494526,icons/cafe.png,OSM
Rabat-Salé-Kénitra,Paul,Boulangerie,Formel,Paul,33.9350028,-6.9443876,icons/bakery.png,OSM
Rabat-Salé-Kénitra,Campus Al Irfane,Restaurant,Formel,Campus Al Irfane,33.9815635,-6.8644706,icons/restaurant.png,OSM
Rabat-Salé-Kénitra,Restaurant sans nom,Restaurant,Formel,Restaurant sans nom,33.9815383,-6.8643642,icons/restaurant.png,OSM
Rabat-Salé-Kénitra,Restaurant sans nom,Restaurant,Formel,Restaurant sans nom,34.2494803,-6.6810123,icons/restaurant.png,OSM
Rabat-Salé-Kénitra,Café naklie erac,Café,Formel,Café naklie erac,34.2585213,-6.6485394,icons/cafe.png,OSM
Rabat-Salé-Kénitra,Restaurant sans nom,Restaurant,Formel,Restaurant sans nom,34.0208833,-6.8375138,icons/restaurant.png,OSM
Rabat-Salé-Kénitra,Restaurant sans nom,Restaurant,Formel,Restaurant sans nom,34.0200871,-6.8371267,icons/restaurant.png,OSM
Rabat-Salé-Kénitra,Pharmacie Familiale صيدلية العائلية,Parapharmacie,Formel,Kénitra,34.243427,-6.6525018,icons/pharmacy.png,OSM
Rabat-Salé-Kénitra,Café grano,Café,Formel,Café grano,34.2678173,-6.6254532,icons/cafe.png,OSM
Rabat-Salé-Kénitra,Pharmacie Aya صيدلية اية,Parapharmacie,Formel,kénitra,34.2681525,-6.6262105,icons/pharmacy.png,OSM
Rabat-Salé-Kénitra,Pharmacie Chateau صيدلية الشاطو,Parapharmacie,Formel,Kénitra,34.2554394,-6.6270006,icons/pharmacy.png,OSM
Rabat-Salé-Kénitra,Café boucherie,Restaurant,Formel,Café boucherie,34.0274741,-6.6495717,icons/restaurant.png,OSM
Rabat-Salé-Kénitra,Café sans nom,Café,Formel,Café sans nom,33.6154116,-7.4979764,icons/cafe.png,OSM
Rabat-Salé-Kénitra,Café boustane,Café,Formel,Café boustane,33.6157914,-7.4981454,icons/cafe.png,OSM
Rabat-Salé-Kénitra,Café breda,Café,Formel,Café breda,33.6157266,-7.4982876,icons/cafe.png,OSM
Rabat-Salé-Kénitra,Restaurant sans nom,Restaurant,Formel,Restaurant sans nom,33.6155792,-7.4989528,icons/restaurant.png,OSM
Rabat-Salé-Kénitra,Café sans nom,Café,Formel,Café sans nom,33.6152441,-7.4961391,icons/cafe.png,OSM
Rabat-Salé-Kénitra,Boulangerie sans nom,Boulangerie,Formel,Boulangerie sans nom,33.6144668,-7.4950716,icons/bakery.png,OSM
Rabat-Salé-Kénitra,Café Al falouja,Café,Formel,Café Al falouja,33.6140938,-7.4991512,icons/cafe.png,OSM
Rabat-Salé-Kénitra,Café sans nom,Café,Formel,Café sans nom,33.6139072,-7.4972938,icons/cafe.png,OSM
Rabat-Salé-Kénitra,Restaurant sans nom,Restaurant,Formel,Restaurant sans nom,33.6137676,-7.4972911,icons/restaurant.png,OSM
Rabat-Salé-Kénitra,Café sans nom,Café,Formel,Café sans nom,33.6139999,-7.4960399,icons/cafe.png,OSM
Rabat-Salé-Kénitra,City Pool,Restaurant,Formel,City Pool,33.6142457,-7.4959916,icons/restaurant.png,OSM
Rabat-Salé-Kénitra,Firstline,Restaurant,Formel,Firstline,33.6127893,-7.4946881,icons/restaurant.png,OSM
Rabat-Salé-Kénitra,Café sans nom,Café,Formel,Café sans nom,33.612682,-7.4946505,icons/cafe.png,OSM
Rabat-Salé-Kénitra,Boulangerie sans nom,Boulangerie,Formel,Boulangerie sans nom,33.6090276,-7.4975526,icons/bakery.png,OSM
Rabat-Salé-Kénitra,Café sans nom,Café,Formel,Café sans nom,33.6127982,-7.4991083,icons/cafe.png,OSM
Rabat-Salé-Kénitra,BİM,Supermarché,Formel,BİM,33.612414,-7.499001,icons/supermarket.png,OSM
Rabat-Salé-Kénitra,Boulangerie sans nom,Boulangerie,Formel,Boulangerie sans nom,33.616017,-7.4974856,icons/bakery.png,OSM
Rabat-Salé-Kénitra,Boulangerie sans nom,Boulangerie,Formel,Boulangerie sans nom,33.6155524,-7.4973622,icons/bakery.png,OSM
Rabat-Salé-Kénitra,snack said,Restaurant,Formel,snack said,33.6150341,-7.497786,icons/restaurant.png,OSM
Rabat-Salé-Kénitra,snack ounain,Restaurant,Formel,snack ounain,33.6149359,-7.4982473,icons/restaurant.png,OSM
Rabat-Salé-Kénitra,Parapharmacie sans nom,Parapharmacie,Formel,Parapharmacie sans nom,33.6152352,-7.4970564,icons/pharmacy.png,OSM
Rabat-Salé-Kénitra,Boulangerie sans nom,Boulangerie,Formel,Boulangerie sans nom,33.6126932,-7.4940846,icons/bakery.png,OSM
Rabat-Salé-Kénitra,Café sans nom,Café,Formel,Café sans nom,33.6113708,-7.4960908,icons/cafe.png,OSM
Rabat-Salé-Kénitra,Boulangerie sans nom,Boulangerie,Formel,Boulangerie sans nom,33.613998,-7.4967941,icons/bakery.png,OSM
Rabat-Salé-Kénitra,BİM,Supermarché,Formel,BİM,33.6180007,-7.4804327,icons/supermarket.png,OSM
Rabat-Salé-Kénitra,Parapharmacie sans nom,Parapharmacie,Formel,Parapharmacie sans nom,33.6177818,-7.479982,icons/pharmacy.png,OSM
Rabat-Salé-Kénitra,Droguerie أجزاخانة,Parapharmacie,Formel,Droguerie أجزاخانة,34.2447126,-6.657915,icons/pharmacy.png,OSM
Rabat-Salé-Kénitra,Restaurant sans nom,Restaurant,Formel,Restaurant sans nom,33.948226,-6.8320184,icons/restaurant.png,OSM
Rabat-Salé-Kénitra,épicerie,Supérette / Mini-market,Formel,épicerie,34.0073898,-6.8497156,icons/convenience.png,OSM
Rabat-Salé-Kénitra,épicerie,Supérette / Mini-market,Formel,épicerie,34.0075298,-6.8514697,icons/convenience.png,OSM
Rabat-Salé-Kénitra,marjane,Supermarché,Formel,"R401, Rabat",33.9887089,-6.82737,icons/supermarket.png,OSM
Rabat-Salé-Kénitra,Burger King,Restaurant,Formel,Rabat ⵔⴱⴰⵟ الرباط,33.9558523,-6.8412444,icons/restaurant.png,OSM
Rabat-Salé-Kénitra,La passion du jus,Restaurant,Formel,La passion du jus,34.0171004,-6.8348119,icons/restaurant.png,OSM
Rabat-Salé-Kénitra,MAYA-Restaurant lounge,Restaurant,Formel,"Avenue Mohammed VI شارع محمد السادس, Rabat ⵔⴱⴰⵟ الرباط",33.9833478,-6.8287415,icons/restaurant.png,OSM
Rabat-Salé-Kénitra,la rambla,Restaurant,Formel,"Avenue Mohammed VI شارع محمد السادس, Rabat ⵔⴱⴰⵟ الرباط",33.9840851,-6.8285645,icons/restaurant.png,OSM
Rabat-Salé-Kénitra,Chez Adil,Restaurant,Formel,Chez Adil,33.8560663,-6.8546731,icons/restaurant.png,OSM
Rabat-Salé-Kénitra,CHEZ SAID,Supermarché,Formel,CHEZ SAID,33.8575336,-6.8531007,icons/supermarket.png,OSM
Rabat-Salé-Kénitra,Chez guedi,Restaurant,Formel,Chez guedi,33.9751172,-6.8576625,icons/restaurant.png,OSM
Rabat-Salé-Kénitra,BIM,Supermarché,Formel,BIM,34.2617903,-6.5991884,icons/supermarket.png,OSM
Rabat-Salé-Kénitra,Relais Burger,Restaurant,Formel,Relais Burger,34.0677106,-6.793148,icons/restaurant.png,OSM
Rabat-Salé-Kénitra,911,Restaurant,Formel,911,34.015618,-6.8355673,icons/restaurant.png,OSM
Rabat-Salé-Kénitra,Sakniya,Café,Formel,Avenue Al Massira,34.2472726,-6.5538824,icons/cafe.png,OSM
Rabat-Salé-Kénitra,مشواة الغرب - الساكنية,Restaurant,Formel,Avenue Al Massira,34.2477909,-6.5541748,icons/restaurant.png,OSM
Rabat-Salé-Kénitra,Pharmacie Arrissala صيدلية الرسالة,Parapharmacie,Formel,Kénitra,34.2715777,-6.6098893,icons/pharmacy.png,OSM
Rabat-Salé-Kénitra,Pharmacie Azzahrae صيدلية الزهراء,Parapharmacie,Formel,Kénitra,34.2502741,-6.6202147,icons/pharmacy.png,OSM
Rabat-Salé-Kénitra,Pharmacie El Mowatin صيدلية المواطن,Parapharmacie,Formel,Kénitra,34.2535164,-6.63008,icons/pharmacy.png,OSM
Rabat-Salé-Kénitra,Pharmacie capitale du gharb صيدلية عاصمة الغرب,Parapharmacie,Formel,Kénitra,34.2669001,-6.6138045,icons/pharmacy.png,OSM
Rabat-Salé-Kénitra,Para Kenitra,Parapharmacie,Formel,Para Kenitra,34.2547718,-6.6040536,icons/pharmacy.png,OSM
Rabat-Salé-Kénitra,Big Para,Parapharmacie,Formel,Big Para,34.2646299,-6.5896305,icons/pharmacy.png,OSM
Rabat-Salé-Kénitra,Paraval Parapharmacie,Parapharmacie,Formel,Paraval Parapharmacie,34.2674667,-6.5928788,icons/pharmacy.png,OSM
Rabat-Salé-Kénitra,Pharmacie Al Haouzia صيدلية الحوزية,Parapharmacie,Formel,"Avenue Aqid Allam, Kénitra",34.2688265,-6.6118274,icons/pharmacy.png,OSM
Rabat-Salé-Kénitra,Café sans nom,Café,Formel,Café sans nom,34.266447,-6.6437907,icons/cafe.png,OSM
Rabat-Salé-Kénitra,Supérette / Mini-market sans nom,Supérette / Mini-market,Formel,Supérette / Mini-market sans nom,34.2643379,-6.6436388,icons/convenience.png,OSM
Rabat-Salé-Kénitra,Supérette / Mini-market sans nom,Supérette / Mini-market,Formel,Supérette / Mini-market sans nom,34.2652668,-6.643605,icons/convenience.png,OSM
Rabat-Salé-Kénitra,Supérette / Mini-market sans nom,Supérette / Mini-market,Formel,Supérette / Mini-market sans nom,34.2656882,-6.6432751,icons/convenience.png,OSM
Rabat-Salé-Kénitra,Pharmacie Ghiouz صيدلية غيوز,Parapharmacie,Formel,Kénitra القنيطرة,34.2656299,-6.6437401,icons/pharmacy.png,OSM
Rabat-Salé-Kénitra,Cocolico Café,Café,Formel,Cocolico Café,34.2713915,-6.6287717,icons/cafe.png,OSM
Rabat-Salé-Kénitra,Lelys Barbecue,Restaurant,Formel,Lelys Barbecue,34.2716077,-6.6274747,icons/restaurant.png,OSM
Rabat-Salé-Kénitra,Pharmacie Mecca صيدلية مكة,Parapharmacie,Formel,"Avenue Ailanthus, Rabat",33.9443673,-6.8692589,icons/pharmacy.png,OSM
Rabat-Salé-Kénitra,Mosquée Lalla Khadija,Épicerie,Informel,Mosquée Lalla Khadija,33.9458695,-6.8698044,icons/greengrocer.png,OSM
Rabat-Salé-Kénitra,Pharmacie Venezia صيدلية البندقية,Parapharmacie,Formel,Kénitra,34.2753962,-6.6041316,icons/pharmacy.png,OSM
Rabat-Salé-Kénitra,marjane market,Supermarché,Formel,marjane market,33.9696521,-6.8645104,icons/supermarket.png,OSM
Rabat-Salé-Kénitra,Pharmacie Ibn Toufail صيدلية ابن طفيل,Parapharmacie,Formel,Kénitra,34.2325953,-6.6149378,icons/pharmacy.png,OSM
Rabat-Salé-Kénitra,Café sans nom,Café,Formel,Café sans nom,34.2981109,-6.4549768,icons/cafe.png,OSM
Rabat-Salé-Kénitra,Pharmacie Liya صيدلية لييا,Parapharmacie,Formel,Kénitra,34.2712358,-6.6257689,icons/pharmacy.png,OSM
Rabat-Salé-Kénitra,Boumalek Patisserie Océan,Café,Formel,"Avenue Maghreb Arabe شارع المغرب العربي, Rabat",34.0202634,-6.8449581,icons/cafe.png,OSM
Rabat-Salé-Kénitra,Pharmacie du Golf صيدلية الكولف,Parapharmacie,Formel,Kénitra,34.2624151,-6.6430409,icons/pharmacy.png,OSM
Rabat-Salé-Kénitra,Paul,Boulangerie,Formel,Paul,33.953997,-6.8527407,icons/bakery.png,OSM
Rabat-Salé-Kénitra,La piz,Restaurant,Formel,La piz,33.9562969,-6.8673183,icons/restaurant.png,OSM
Rabat-Salé-Kénitra,Beyti Istanbul,Restaurant,Formel,Avenue Annakhil شارع النخيل,33.9564364,-6.8674722,icons/restaurant.png,OSM
Rabat-Salé-Kénitra,Domino's,Restaurant,Formel,Domino's,33.9351004,-6.9442278,icons/restaurant.png,OSM
Rabat-Salé-Kénitra,Pharmacie Mesk Ellil صيدلية مسك الليل,Parapharmacie,Formel,Rabat,33.9474695,-6.8607684,icons/pharmacy.png,OSM
Rabat-Salé-Kénitra,Pharmacie Eucalyptus صيدلية الكاليبتوس,Parapharmacie,Formel,Kénitra,34.2713063,-6.6201259,icons/pharmacy.png,OSM
Rabat-Salé-Kénitra,Pharmacie LHaddada صيدلية الحدادة,Parapharmacie,Formel,Kénitra,34.2698463,-6.6226883,icons/pharmacy.png,OSM
Rabat-Salé-Kénitra,Pharmacie Jalale صيدلية جلال,Parapharmacie,Formel,Kénitra,34.27202,-6.6170124,icons/pharmacy.png,OSM
Rabat-Salé-Kénitra,Metros de Pizza,Restaurant,Formel,Metros de Pizza,34.0034933,-6.8485214,icons/restaurant.png,OSM
Rabat-Salé-Kénitra,mitsuki sushi,Restaurant,Formel,"Avenue Omar Ibn Al Khattab, rabat",34.0031943,-6.8453073,icons/restaurant.png,OSM
Rabat-Salé-Kénitra,Café sans nom,Café,Formel,Café sans nom,34.0223712,-6.7980914,icons/cafe.png,OSM
Rabat-Salé-Kénitra,Dounia,Café,Formel,Dounia,34.0210639,-6.8433164,icons/cafe.png,OSM
Rabat-Salé-Kénitra,Supermarché sans nom,Supermarché,Formel,Supermarché sans nom,34.0219435,-6.844655,icons/supermarket.png,OSM
Rabat-Salé-Kénitra,Supérette / Mini-market sans nom,Supérette / Mini-market,Formel,Supérette / Mini-market sans nom,33.9966808,-6.856154,icons/convenience.png,OSM
Rabat-Salé-Kénitra,Restaurant sans nom,Restaurant,Formel,Restaurant sans nom,33.9961734,-6.8554125,icons/restaurant.png,OSM
Rabat-Salé-Kénitra,YOUBARBECUE,Restaurant,Formel,"Avenue D, Salé سلا",34.0632456,-6.7837469,icons/restaurant.png,OSM
Rabat-Salé-Kénitra,Grillade MR PINO,Restaurant,Formel,"Avenue Tarik Ibn Ziad شارع طارق بن زياد, Témara تمارة",33.9102217,-6.9058166,icons/restaurant.png,OSM
Rabat-Salé-Kénitra,Restaurant sans nom,Restaurant,Formel,Restaurant sans nom,34.0210439,-6.8421435,icons/restaurant.png,OSM
Rabat-Salé-Kénitra,Café sans nom,Café,Formel,Café sans nom,34.0204148,-6.842971,icons/cafe.png,OSM
Rabat-Salé-Kénitra,Pharmacie des Orangers صيدلية الليمون,Parapharmacie,Formel,"Avenue Hassan II شارع الحسن الثاني, Rabat",34.0198347,-6.8425075,icons/pharmacy.png,OSM
Rabat-Salé-Kénitra,Restaurant sans nom,Restaurant,Formel,Restaurant sans nom,34.020833,-6.843409,icons/restaurant.png,OSM
Rabat-Salé-Kénitra,Afoulki,Restaurant,Formel,Afoulki,34.0209437,-6.8435083,icons/restaurant.png,OSM
Rabat-Salé-Kénitra,Les Cinq B,Restaurant,Formel,Les Cinq B,33.9913637,-6.8511906,icons/restaurant.png,OSM
Rabat-Salé-Kénitra,Café PINO,Café,Formel,"Avenue Tarik Ibn Ziad شارع طارق بن زياد, Témara تمارة",33.9107258,-6.9065088,icons/cafe.png,OSM
Rabat-Salé-Kénitra,Pharmacie Bon Secours صيدلية العناية,Parapharmacie,Formel,"Rue Tchad زنقة نشاد, Rabat",34.0202562,-6.8433934,icons/pharmacy.png,OSM
Rabat-Salé-Kénitra,Chez Ayachi Randonnée Pedestre,Restaurant,Formel,"Ain Laqsab Commune Ain Tizgha, Benslimane",33.6016651,-7.0183627,icons/restaurant.png,OSM
Rabat-Salé-Kénitra,Carrefour Market,Supermarché,Formel,Carrefour Market,34.0055501,-6.8473634,icons/supermarket.png,OSM
Rabat-Salé-Kénitra,Café sans nom,Café,Formel,Café sans nom,34.0043049,-6.8516201,icons/cafe.png,OSM
Rabat-Salé-Kénitra,Supérette / Mini-market sans nom,Supérette / Mini-market,Formel,Supérette / Mini-market sans nom,34.0048252,-6.850617,icons/convenience.png,OSM
Rabat-Salé-Kénitra,Café sans nom,Café,Formel,Café sans nom,34.0051844,-6.8474546,icons/cafe.png,OSM
Rabat-Salé-Kénitra,Marjane,Supermarché,Formel,Marjane,34.0033837,-6.8444038,icons/supermarket.png,OSM
Rabat-Salé-Kénitra,Supérette / Mini-market sans nom,Supérette / Mini-market,Formel,Supérette / Mini-market sans nom,34.0046051,-6.8514619,icons/convenience.png,OSM
Rabat-Salé-Kénitra,Petits Radis,Restaurant,Formel,Petits Radis,33.954341,-6.8493242,icons/restaurant.png,OSM
Rabat-Salé-Kénitra,Restaurant sans nom,Restaurant,Formel,Restaurant sans nom,34.0099602,-6.8433838,icons/restaurant.png,OSM
Rabat-Salé-Kénitra,El Chapo,Restaurant,Formel,El Chapo,33.989165,-6.8513037,icons/restaurant.png,OSM
Rabat-Salé-Kénitra,L'Atelier du Sandwich,Restaurant,Formel,L'Atelier du Sandwich,33.9952688,-6.8492357,icons/restaurant.png,OSM
Rabat-Salé-Kénitra,Kimos,Café,Formel,Kimos,33.9949086,-6.8509818,icons/cafe.png,OSM
Rabat-Salé-Kénitra,Yamal Acham,Restaurant,Formel,Yamal Acham,34.0024606,-6.8509401,icons/restaurant.png,OSM
Rabat-Salé-Kénitra,Clandestino,Restaurant,Formel,Clandestino,34.0021734,-6.8505314,icons/restaurant.png,OSM
Rabat-Salé-Kénitra,L'Avant Goût,Restaurant,Formel,L'Avant Goût,34.0027297,-6.8501392,icons/restaurant.png,OSM
Rabat-Salé-Kénitra,Pastaway,Restaurant,Formel,Pastaway,34.0027771,-6.8500771,icons/restaurant.png,OSM
Rabat-Salé-Kénitra,Café sans nom,Café,Formel,Café sans nom,34.0223765,-6.8282155,icons/cafe.png,OSM
Rabat-Salé-Kénitra,F.café,Café,Formel,F.café,33.9973646,-6.844987,icons/cafe.png,OSM
Rabat-Salé-Kénitra,electro fikri,Supermarché,Formel,"Avenue Nasser, sale",34.0496167,-6.8168297,icons/supermarket.png,OSM
Rabat-Salé-Kénitra,épicerie jnane souissi,Supermarché,Formel,épicerie jnane souissi,33.9483571,-6.8433886,icons/supermarket.png,OSM
Rabat-Salé-Kénitra,مطعم سفره,Restaurant,Formel,مطعم سفره,34.0208301,-6.8304208,icons/restaurant.png,OSM
Rabat-Salé-Kénitra,Pharmacie Gueliz صيدلية كليز,Parapharmacie,Formel,"Avenue Bouregreg, Salé El Jadida",33.9890295,-6.7381193,icons/pharmacy.png,OSM
Rabat-Salé-Kénitra,Pharmacie Elixir صيدلية إلكسير,Parapharmacie,Formel,"Avenue H'ssaine, Salé El Jadida",33.9869735,-6.7378151,icons/pharmacy.png,OSM
Rabat-Salé-Kénitra,Supérette / Mini-market sans nom,Supérette / Mini-market,Formel,Supérette / Mini-market sans nom,33.9954866,-6.8558858,icons/convenience.png,OSM
Rabat-Salé-Kénitra,Pharmacie Bayti صيدلية بيتي,Parapharmacie,Formel,"Avenue Mohamed V شارع الحسن الثاني, Salé El Jadida",33.9879668,-6.7343864,icons/pharmacy.png,OSM
Rabat-Salé-Kénitra,Pharmacie Guissi صيدلية كيسي,Parapharmacie,Formel,"Avenue Bouregreg, Salé El Jadida",33.9910836,-6.7351757,icons/pharmacy.png,OSM
Rabat-Salé-Kénitra,Pharmacie Cité Royale صيدلية الحي الملكي,Parapharmacie,Formel,"Avenue Atlas شارع الأطلس, Salé El Jadida",33.9919551,-6.7403575,icons/pharmacy.png,OSM
Rabat-Salé-Kénitra,Pharmacie Ibn Hicham صيدلية ابن هشام,Parapharmacie,Formel,Salé El Jadida,33.9913245,-6.7311118,icons/pharmacy.png,OSM
Rabat-Salé-Kénitra,Pharmacie Yakoubi صيدلية اليعقوبي,Parapharmacie,Formel,"Avenue Lalla Meriem شارع للا مريم, Salé El Jadida",33.9939277,-6.7303623,icons/pharmacy.png,OSM
Rabat-Salé-Kénitra,Pharmacie Al Habayb صيدلية الحبايب,Parapharmacie,Formel,"Avenue Wahda, Salé El Jadida",33.9934432,-6.7357701,icons/pharmacy.png,OSM
Rabat-Salé-Kénitra,Pharmacie Principale الصيدلية الرئيسية,Parapharmacie,Formel,Salé El Jadida,33.9979868,-6.7468771,icons/pharmacy.png,OSM
Rabat-Salé-Kénitra,Pharmacie la Fontaine صيدلية النافورة,Parapharmacie,Formel,Salé El Jadida,33.9928932,-6.7427023,icons/pharmacy.png,OSM
Rabat-Salé-Kénitra,Pharmacie Chifaa صيدلية الشفاء,Parapharmacie,Formel,Salé El Jadida,33.9982345,-6.7432098,icons/pharmacy.png,OSM
Rabat-Salé-Kénitra,Pharmacie Centrale الصيدلية المركزية,Parapharmacie,Formel,"Avenue Sidi Mohamed Ben Hassan, Salé El Jadida",33.993877,-6.7441454,icons/pharmacy.png,OSM
Rabat-Salé-Kénitra,Pharmacie Sala El Jadida صيدلية سلا الجديدة,Parapharmacie,Formel,"Avenue Moulay Youssef شارع مولاي يوسف, Salé El Jadida",33.9962426,-6.7450454,icons/pharmacy.png,OSM
Rabat-Salé-Kénitra,Pharmacie Wahiba صيدلية وهيبة,Parapharmacie,Formel,"Avenue Lalla Meriem شارع للا مريم, Salé El Jadida",34.0019759,-6.7404392,icons/pharmacy.png,OSM
Rabat-Salé-Kénitra,Pharmacie El Maarid صيدلية المعرض,Parapharmacie,Formel,"Avenue Mohamed V شارع الحسن الثاني, Salé El Jadida",33.9999034,-6.7452214,icons/pharmacy.png,OSM
Rabat-Salé-Kénitra,Pharmacie Mimoza صيدلية ميموزا,Parapharmacie,Formel,"Avenue Moulay Youssef شارع مولاي يوسف, Salé El Jadida",33.9993447,-6.7396468,icons/pharmacy.png,OSM
Rabat-Salé-Kénitra,Phamacie Sebati صيدلية سباتي,Parapharmacie,Formel,Salé El Jadida,34.0069161,-6.7434941,icons/pharmacy.png,OSM
Rabat-Salé-Kénitra,Pharmacie Athena صيدلية أثينا,Parapharmacie,Formel,Salé El Jadida,34.003418,-6.7433238,icons/pharmacy.png,OSM
Rabat-Salé-Kénitra,Pharmacie Rihab صيدلية رحاب,Parapharmacie,Formel,Salé El Jadida,34.0044921,-6.7457725,icons/pharmacy.png,OSM
Rabat-Salé-Kénitra,Pharmacie Al Arz صيدلية الأرز,Parapharmacie,Formel,"Avenue Lalla Meriem شارع للا مريم, Salé El Jadida",33.996293,-6.732882,icons/pharmacy.png,OSM
Rabat-Salé-Kénitra,Pharmacie Errai صيدلية الراي,Parapharmacie,Formel,Salé El Jadida,34.0125781,-6.7366589,icons/pharmacy.png,OSM
Rabat-Salé-Kénitra,Pharmacie Al Aqsa صيدلية الأقصى,Parapharmacie,Formel,Salé,34.0105423,-6.7332257,icons/pharmacy.png,OSM
Rabat-Salé-Kénitra,Pharmacie Bouregrag صيدلية ابي رقراق,Parapharmacie,Formel,"Avenue Bouregreg, Salé El Jadida",33.9945515,-6.7305609,icons/pharmacy.png,OSM
Rabat-Salé-Kénitra,Pharmacie des Villas صيدلية الفيلات,Parapharmacie,Formel,Salé El Jadida,33.996983,-6.7300312,icons/pharmacy.png,OSM
Rabat-Salé-Kénitra,Pharmacie du Myrte صيدلية الريحان,Parapharmacie,Formel,Salé El Jadida,34.001919,-6.7348576,icons/pharmacy.png,OSM
Rabat-Salé-Kénitra,Pharmacie Assabil صيدلية السبيل,Parapharmacie,Formel,Salé El Jadida,34.0008065,-6.729394,icons/pharmacy.png,OSM
Rabat-Salé-Kénitra,Pharmacie MAIL CENTRAL صيدلية البريد المركزي,Parapharmacie,Formel,"Avenue Wahda, Salé El Jadida",33.9956835,-6.7382401,icons/pharmacy.png,OSM
Rabat-Salé-Kénitra,Pharmacie Al Wafae صيدلية الوفاء,Parapharmacie,Formel,Salé,34.0239456,-6.7567668,icons/pharmacy.png,OSM
Rabat-Salé-Kénitra,Pharmacie Kamil صيدلية كميل,Parapharmacie,Formel,Salé El Jadida,34.017893,-6.7409602,icons/pharmacy.png,OSM
Rabat-Salé-Kénitra,Pharmacie Hssain صيدلية حصين,Parapharmacie,Formel,Salé El Jadida,34.0195302,-6.7437123,icons/pharmacy.png,OSM
Rabat-Salé-Kénitra,Pharmacie du Soleil صيدلية شمس,Parapharmacie,Formel,Salé,34.025103,-6.7524119,icons/pharmacy.png,OSM
Rabat-Salé-Kénitra,Pharmacie Maghreb Arabe صيدلية المغرب العربي,Parapharmacie,Formel,Salé El Jadida,33.9982188,-6.7337354,icons/pharmacy.png,OSM
Rabat-Salé-Kénitra,Pharmacie Ambra صيدلية عنبرة,Parapharmacie,Formel,Salé El Jadida,34.0239444,-6.7494643,icons/pharmacy.png,OSM
Rabat-Salé-Kénitra,Pharmacie Taiba صيدلية طيبة,Parapharmacie,Formel,"Rue Calibtous, Sala El Jadida",34.0024214,-6.7217888,icons/pharmacy.png,OSM
Rabat-Salé-Kénitra,Pharmacie Hay Al Wafa صيدلية حي الوفاء,Parapharmacie,Formel,Kénitra القنيطرة,34.2279465,-6.5350708,icons/pharmacy.png,OSM
Rabat-Salé-Kénitra,Pharmacie Chark Almadina صيدلية شرق المدينة,Parapharmacie,Formel,Kénitra القنيطرة,34.2255579,-6.5366594,icons/pharmacy.png,OSM
Rabat-Salé-Kénitra,Pharmacie Al Hossoune صيدلية الحصون,Parapharmacie,Formel,Kénitra القنيطرة,34.2271443,-6.5457307,icons/pharmacy.png,OSM
Rabat-Salé-Kénitra,Pharmacie Massoudi صيدلية مسعودي,Parapharmacie,Formel,Kénitra القنيطرة,34.2269122,-6.518029,icons/pharmacy.png,OSM
Rabat-Salé-Kénitra,Pharmacie Alghofrane صيدلية الغفران,Parapharmacie,Formel,Kénitra القنيطرة,34.2333349,-6.5462317,icons/pharmacy.png,OSM
Rabat-Salé-Kénitra,Pharmacie Zouhair صيدلية زهير,Parapharmacie,Formel,Kénitra القنيطرة,34.2300373,-6.5471732,icons/pharmacy.png,OSM
Rabat-Salé-Kénitra,Pharmacie Omnia صيدلية أمنية,Parapharmacie,Formel,Kénitra القنيطرة,34.2281088,-6.5500843,icons/pharmacy.png,OSM
Rabat-Salé-Kénitra,Pharmacie Doukalla صيدلية دكالة,Parapharmacie,Formel,Kénitra,34.2330652,-6.540706,icons/pharmacy.png,OSM
Rabat-Salé-Kénitra,Pharmacie El Mkhalif صيدلية المخاليف,Parapharmacie,Formel,Kénitra القنيطرة,34.2310418,-6.5343876,icons/pharmacy.png,OSM
Rabat-Salé-Kénitra,Pharmacie Alwahab صيدلية الوهاب,Parapharmacie,Formel,Kénitra,34.2303034,-6.5510738,icons/pharmacy.png,OSM
Rabat-Salé-Kénitra,Pharmacie Principale الصيدلية الرئيسية,Parapharmacie,Formel,Kénitra,34.2553021,-6.5202976,icons/pharmacy.png,OSM
Rabat-Salé-Kénitra,Pharmacie Sofia صيدلية صوفيا,Parapharmacie,Formel,Kénitra القنيطرة,34.2339539,-6.5472238,icons/pharmacy.png,OSM
Rabat-Salé-Kénitra,Pharmacie Smiri صيدلية سميري,Parapharmacie,Formel,Kénitra,34.2383241,-6.5534031,icons/pharmacy.png,OSM
Rabat-Salé-Kénitra,Pharmacie Abbouda صيدلية عبودة,Parapharmacie,Formel,Kénitra القنيطرة,34.2551332,-6.5241208,icons/pharmacy.png,OSM
Rabat-Salé-Kénitra,Pharmacie Alkouweiti صيدلية الكويتي,Parapharmacie,Formel,Kénitra,34.2367514,-6.5508356,icons/pharmacy.png,OSM
Rabat-Salé-Kénitra,Pharmacie Maghreb Arabe صيدلية المغرب العربي,Parapharmacie,Formel,Kénitra,34.2369375,-6.544815,icons/pharmacy.png,OSM
Rabat-Salé-Kénitra,Pharmacie Cherkaoui صيدلية الشرقاوي,Parapharmacie,Formel,Kénitra,34.2415755,-6.5510467,icons/pharmacy.png,OSM
Rabat-Salé-Kénitra,Pharmacie Assafar صيدلية السفر,Parapharmacie,Formel,Kénitra,34.2533853,-6.5523257,icons/pharmacy.png,OSM
Rabat-Salé-Kénitra,Pharmacie Al Mouna صيدلية المنا,Parapharmacie,Formel,Kénitra,34.2437595,-6.5481687,icons/pharmacy.png,OSM
Rabat-Salé-Kénitra,Pharmacie Irchad صيدلية ارشاد,Parapharmacie,Formel,Kénitra,34.24117,-6.5484908,icons/pharmacy.png,OSM
Rabat-Salé-Kénitra,Pharmacie Elkhayr صيدلية الخير,Parapharmacie,Formel,Kénitra,34.238985,-6.5381331,icons/pharmacy.png,OSM
Rabat-Salé-Kénitra,Pharmacie Arzak صيدلية أرزاق,Parapharmacie,Formel,Kénitra,34.2385183,-6.5422017,icons/pharmacy.png,OSM
Rabat-Salé-Kénitra,Pharmacie Assafae صيدلية الصفاء,Parapharmacie,Formel,Kénitra,34.2443081,-6.5449575,icons/pharmacy.png,OSM
Rabat-Salé-Kénitra,Pharmacie Alhamdo Lillah صيدلية الحمد لله,Parapharmacie,Formel,Kénitra,34.252955,-6.5455668,icons/pharmacy.png,OSM
Rabat-Salé-Kénitra,Pharmacie Ouled Arfa صيدلية اولاد عرفة,Parapharmacie,Formel,Kenitra,34.2421565,-6.5456686,icons/pharmacy.png,OSM
Rabat-Salé-Kénitra,Pharmacie Mosquée صيدلية المسجد,Parapharmacie,Formel,Kénitra,34.2515851,-6.5467166,icons/pharmacy.png,OSM
Rabat-Salé-Kénitra,Pharmacie Kénitra صيدلية القنيطرة,Parapharmacie,Formel,Kénitra,34.251613,-6.5556937,icons/pharmacy.png,OSM
Rabat-Salé-Kénitra,Pharmacie Enasser صيدلية النصر,Parapharmacie,Formel,Kénitra,34.256645,-6.554779,icons/pharmacy.png,OSM
Rabat-Salé-Kénitra,Pharmacie Larma صيدلية لارما,Parapharmacie,Formel,Kénitra,34.2572665,-6.5554749,icons/pharmacy.png,OSM
Rabat-Salé-Kénitra,Pharmacie Hay Mariem صيدلية حي مريم,Parapharmacie,Formel,Kénitra,34.2575148,-6.550312,icons/pharmacy.png,OSM
Rabat-Salé-Kénitra,Pharmacie La Cigogne صيدلية اللقلاق,Parapharmacie,Formel,Kénitra,34.2589371,-6.5689805,icons/pharmacy.png,OSM
Rabat-Salé-Kénitra,Pharmacie Essalam صيدلية السلام,Parapharmacie,Formel,Kénitra,34.2518719,-6.5416837,icons/pharmacy.png,OSM
Rabat-Salé-Kénitra,Pharmacie Ibn Rochd صيدلية ابن رشد,Parapharmacie,Formel,"Avenue Arriyada, Kénitra",34.2606171,-6.5677373,icons/pharmacy.png,OSM
Rabat-Salé-Kénitra,Pharmacie Touijar صيدلية تويجر,Parapharmacie,Formel,"Rue Hamamm Ali, Kénitra",34.2628606,-6.5624,icons/pharmacy.png,OSM
Rabat-Salé-Kénitra,Pharmacie El Andalous صيدلية الاندلس,Parapharmacie,Formel,"Rue Pacha Abdelhamid El Alaoui, Kénitra",34.261301,-6.5597712,icons/pharmacy.png,OSM
Rabat-Salé-Kénitra,Pharmacie La Province صيدلية العمالة,Parapharmacie,Formel,"Avenue Hassan 2 شارع الحسن الثاني, Kénitra",34.2595715,-6.5806913,icons/pharmacy.png,OSM
Rabat-Salé-Kénitra,Pharmacie Du Passage صيدلية الممر,Parapharmacie,Formel,Kénitra,34.2695,-6.565086,icons/pharmacy.png,OSM
Rabat-Salé-Kénitra,Pharmacie Al Forkan صيدلية الفرقان,Parapharmacie,Formel,"Rue 175 زنقة, Kénitra",34.2706537,-6.5627286,icons/pharmacy.png,OSM
Rabat-Salé-Kénitra,Pharmacie Arssat Al Qadi صيدلية عرصة القاضي,Parapharmacie,Formel,"Avenue Mohamed V شارع الحسن الثاني, Kénitra",34.2703533,-6.5597708,icons/pharmacy.png,OSM
Rabat-Salé-Kénitra,Pharmacie Takaddoum صيدلية التقدم,Parapharmacie,Formel,"Rue Sidi Mohamed, Kénitra",34.2656005,-6.5738629,icons/pharmacy.png,OSM
Rabat-Salé-Kénitra,Pharmacie Firdaous صيدلية فردوس,Parapharmacie,Formel,"Avenue Mohamed V شارع الحسن الثاني, Kénitra",34.2619653,-6.5789191,icons/pharmacy.png,OSM
Rabat-Salé-Kénitra,Pharmacie Bismi Allah Assalama صيدلية باسم الله السلامة,Parapharmacie,Formel,"Avenue Mohamed V شارع الحسن الثاني, Kénitra",34.262846,-6.5756022,icons/pharmacy.png,OSM
Rabat-Salé-Kénitra,Pharmacie Universelle صيدلية الكونية,Parapharmacie,Formel,"Rue Youssef Ibn Tachfine, Kénitra",34.2595762,-6.5774926,icons/pharmacy.png,OSM
Rabat-Salé-Kénitra,Pharmacie de la Gare صيدلية المحطة,Parapharmacie,Formel,"Rue Mohamed Diouri زنقة محمد الديوري, Kénitra",34.2547194,-6.5819361,icons/pharmacy.png,OSM
Rabat-Salé-Kénitra,Pharmacie Al Manar صيدلية المنار,Parapharmacie,Formel,"Route de Rabat طريق الرباط, Kénitra",34.244316,-6.6168327,icons/pharmacy.png,OSM
Rabat-Salé-Kénitra,Pharmacie L'Horizon صيدلية الأفق,Parapharmacie,Formel,"Avenue Mohamed V شارع الحسن الثاني, Kénitra",34.2573692,-6.5899621,icons/pharmacy.png,OSM
Rabat-Salé-Kénitra,Pharmacie Mohammed صيدلية محمد,Parapharmacie,Formel,"Rue Ibn Benna, Kénitra",34.2541012,-6.5840229,icons/pharmacy.png,OSM
Rabat-Salé-Kénitra,Pharmacie La Domicienne صيدلية لادوميسيان,Parapharmacie,Formel,"Rue Mohamed El Quori, Kénitra",34.253996,-6.5919561,icons/pharmacy.png,OSM
Rabat-Salé-Kénitra,Pharmacie Dalia صيدلية داليا,Parapharmacie,Formel,Kénitra,34.2434506,-6.6102872,icons/pharmacy.png,OSM
Rabat-Salé-Kénitra,Pharmacie Al Hayat صيدلية الحياة,Parapharmacie,Formel,"Avenue Abi Chita El Jamaai, Kénitra",34.2382635,-6.6170309,icons/pharmacy.png,OSM
Rabat-Salé-Kénitra,Pharmacie Amicale صيدلية أميكال,Parapharmacie,Formel,"Rue 26 زنقة, Kénitra",34.246018,-6.6037947,icons/pharmacy.png,OSM
Rabat-Salé-Kénitra,Pharmacie Amri صيدلية عمري,Parapharmacie,Formel,Kénitra,34.2215178,-6.628677,icons/pharmacy.png,OSM
Rabat-Salé-Kénitra,Pharmacie Fouarat صيدلية فوارات,Parapharmacie,Formel,Kénitra,34.2527564,-6.5217112,icons/pharmacy.png,OSM
Rabat-Salé-Kénitra,Pharmacie Al Boustane صيدلية البستان,Parapharmacie,Formel,Kénitra,34.2231366,-6.617499,icons/pharmacy.png,OSM
Rabat-Salé-Kénitra,Pharmacie Mabrouka صيدلية مبروكة,Parapharmacie,Formel,"Avenue Abi Chita El Jamaai, Kénitra",34.2407851,-6.6152841,icons/pharmacy.png,OSM
Rabat-Salé-Kénitra,Pharmacie Lafouissi صيدلية لفويسي,Parapharmacie,Formel,Kénitra,34.2290584,-6.610728,icons/pharmacy.png,OSM
Rabat-Salé-Kénitra,Pharmacie Bakkli صيدلية بقلي,Parapharmacie,Formel,Kénitra,34.2407008,-6.6190541,icons/pharmacy.png,OSM
Rabat-Salé-Kénitra,Pharmacie Grande Avenue صيدلية الشارع الكبير,Parapharmacie,Formel,"Rocade Sud, Kénitra",34.2345098,-6.6116834,icons/pharmacy.png,OSM
Rabat-Salé-Kénitra,Pharmacie Badyine صيدلية باديين,Parapharmacie,Formel,Kénitra,34.2315296,-6.6174279,icons/pharmacy.png,OSM
Rabat-Salé-Kénitra,Pharmacie Falh صيدلية فالح,Parapharmacie,Formel,Kénitra,34.2232704,-6.627373,icons/pharmacy.png,OSM
Rabat-Salé-Kénitra,Pharmacie Bir Rami Sud صيدلية بئر الرامي جنوب,Parapharmacie,Formel,Kénitra,34.2343347,-6.6066858,icons/pharmacy.png,OSM
Rabat-Salé-Kénitra,Pharmacie Al Felline صيدلية الفلين,Parapharmacie,Formel,Kénitra,34.2288236,-6.6164372,icons/pharmacy.png,OSM
Rabat-Salé-Kénitra,Pharmacie Bassine صيدلية باسين,Parapharmacie,Formel,Kénitra,34.218365,-6.625507,icons/pharmacy.png,OSM
Rabat-Salé-Kénitra,Pharmacie Al Houda صيدلية الهدى,Parapharmacie,Formel,Kénitra,34.2270478,-6.6199491,icons/pharmacy.png,OSM
Rabat-Salé-Kénitra,Pharmacie Jenane Lkbal صيدلية جنان لكبال,Parapharmacie,Formel,Kénitra,34.2214611,-6.6141491,icons/pharmacy.png,OSM
Rabat-Salé-Kénitra,Pharmacie Janane صيدلية جنان,Parapharmacie,Formel,Kénitra,34.2169731,-6.6315661,icons/pharmacy.png,OSM
Rabat-Salé-Kénitra,Pharmacie Al Ridouane صيدلية الرضوان,Parapharmacie,Formel,Kénitra,34.2143048,-6.6295792,icons/pharmacy.png,OSM
Rabat-Salé-Kénitra,Pharmacie Moderne صيدلية الحديثة,Parapharmacie,Formel,"Rue Liban زنقة لبنان, Kénitra",34.26548,-6.5922718,icons/pharmacy.png,OSM
Rabat-Salé-Kénitra,Pharmacie Hay Essalam صيدلية حي السلام,Parapharmacie,Formel,Kénitra,34.2680734,-6.5964743,icons/pharmacy.png,OSM
Rabat-Salé-Kénitra,Pharmacie Abderrahman Annassir صيدلية عبد الرحمان الناصر,Parapharmacie,Formel,"Rue Tanger زنقة طنجة, Kenitra",34.2606084,-6.5964792,icons/pharmacy.png,OSM
Rabat-Salé-Kénitra,Pharmacie Saad Kenitra صيدلية سعد قنيطرة,Parapharmacie,Formel,"Rue Hommane El Fetouaki, Kénitra",34.2624974,-6.594308,icons/pharmacy.png,OSM
Rabat-Salé-Kénitra,Pharmacie Sarah صيدلية صارة,Parapharmacie,Formel,"Rue Al Jahid, Kénitra",34.2667871,-6.5905584,icons/pharmacy.png,OSM
Rabat-Salé-Kénitra,Pharmacie Cité d'Urgence صيدلية حي الطوارئ,Parapharmacie,Formel,Kénitra,34.2708283,-6.5938993,icons/pharmacy.png,OSM
Rabat-Salé-Kénitra,Pharmacie Taibia صيدلية طيبية,Parapharmacie,Formel,Kénitra,34.275246,-6.5974252,icons/pharmacy.png,OSM
Rabat-Salé-Kénitra,Pharmacie Omar صيدلية عمر,Parapharmacie,Formel,"Avenue Azharoun, Kénitra",34.2728275,-6.5996219,icons/pharmacy.png,OSM
Rabat-Salé-Kénitra,Pharmacie Haddioui صيدلية الحديوي,Parapharmacie,Formel,"Route Mahdia, Kénitra",34.2769971,-6.594221,icons/pharmacy.png,OSM
Rabat-Salé-Kénitra,Pharmacie Al Widad صيدلية الوداد,Parapharmacie,Formel,"Rue Dafir Mohamed, Kénitra",34.2757041,-6.6009803,icons/pharmacy.png,OSM
Rabat-Salé-Kénitra,Pharmacie Al Wiam صيدلية الوئام,Parapharmacie,Formel,"Avenue Aqid Allam, Kénitra",34.2753168,-6.6071656,icons/pharmacy.png,OSM
Rabat-Salé-Kénitra,Pharmacie Romanova صيدلية رومانوفا,Parapharmacie,Formel,"Rue Draa, Kénitra",34.2659552,-6.6085139,icons/pharmacy.png,OSM
Rabat-Salé-Kénitra,Pharmacie Corsica صيدلية كورسيكا,Parapharmacie,Formel,Kénitra,34.269117,-6.6049903,icons/pharmacy.png,OSM
Rabat-Salé-Kénitra,Pharmacie Rayane صيدلية ريان,Parapharmacie,Formel,Kénitra,34.2706575,-6.6065653,icons/pharmacy.png,OSM
Rabat-Salé-Kénitra,Pharmacie Echam صيدلية الشام,Parapharmacie,Formel,Kénitra,34.2684734,-6.6099719,icons/pharmacy.png,OSM
Rabat-Salé-Kénitra,Pharmacie L'Avenir صيدلية المستقبل,Parapharmacie,Formel,"Route de Haouzia, Kénitra",34.2655707,-6.6165661,icons/pharmacy.png,OSM
Rabat-Salé-Kénitra,Pharmacie Al Majd صيدلية المجد,Parapharmacie,Formel,"Route de Haouzia, Kénitra",34.2689867,-6.6151433,icons/pharmacy.png,OSM
Rabat-Salé-Kénitra,Pharmacie Tourabi صيدلية الترابي,Parapharmacie,Formel,Kénitra,34.2621832,-6.6020412,icons/pharmacy.png,OSM
Rabat-Salé-Kénitra,Pharmacie Shem's صيدلية شمس,Parapharmacie,Formel,Kénitra,34.2530477,-6.6194913,icons/pharmacy.png,OSM
Rabat-Salé-Kénitra,Pharmacie Tariq صيدلية طارق,Parapharmacie,Formel,Kénitra,34.2553913,-6.6094654,icons/pharmacy.png,OSM
Rabat-Salé-Kénitra,Pharmacie Ismailia صيدلية اسماعيلية,Parapharmacie,Formel,Kénitra,34.2541046,-6.6264593,icons/pharmacy.png,OSM
Rabat-Salé-Kénitra,Pharmacie des Résidences صيدلية الاقامات,Parapharmacie,Formel,Kénitra,34.2541187,-6.6238089,icons/pharmacy.png,OSM
Rabat-Salé-Kénitra,Pharmacie Rim صيدلية ريم,Parapharmacie,Formel,"Route Maqbara, Kénitra",34.2520283,-6.6273797,icons/pharmacy.png,OSM
Rabat-Salé-Kénitra,Pharmacie Masjid Arrahma صيدلية مسجد الرحمة,Parapharmacie,Formel,Kénitra,34.2583475,-6.6200266,icons/pharmacy.png,OSM
Rabat-Salé-Kénitra,Pharmacie Al Masbah صيدلية المسبح,Parapharmacie,Formel,Kénitra,34.260667,-6.6077236,icons/pharmacy.png,OSM
Rabat-Salé-Kénitra,Pharmacie Sanae صيدلية سناء,Parapharmacie,Formel,Kénitra,34.2666669,-6.6210188,icons/pharmacy.png,OSM
Rabat-Salé-Kénitra,Pharmacie Les Iris صيدلية ليزيريس,Parapharmacie,Formel,"Route de Haouzia, Kénitra",34.2724177,-6.6137096,icons/pharmacy.png,OSM
Rabat-Salé-Kénitra,Pharmacie Chourafa صيدلية شرفاء,Parapharmacie,Formel,Kénitra,34.2626159,-6.6463499,icons/pharmacy.png,OSM
Rabat-Salé-Kénitra,Pharmacie Mehdia صيدلية مهدية,Parapharmacie,Formel,Kénitra,34.2648909,-6.6520185,icons/pharmacy.png,OSM
Rabat-Salé-Kénitra,Pharmacie Ocean صيدلية المحيط,Parapharmacie,Formel,Kénitra,34.2573586,-6.6521473,icons/pharmacy.png,OSM
Rabat-Salé-Kénitra,Pharmacie Rahma صيدلية رحمة,Parapharmacie,Formel,Kénitra,34.255793,-6.6473001,icons/pharmacy.png,OSM
Rabat-Salé-Kénitra,Pharmacie Doha صيدلية ضحى,Parapharmacie,Formel,Kénitra,34.2580832,-6.6443154,icons/pharmacy.png,OSM
Rabat-Salé-Kénitra,Pharmacie Alati Allah صيدلية العاطي الله,Parapharmacie,Formel,Kénitra,34.2542184,-6.6537228,icons/pharmacy.png,OSM
Rabat-Salé-Kénitra,Pharmacie Alliance صيدلية أليونس,Parapharmacie,Formel,Kénitra,34.2538916,-6.650492,icons/pharmacy.png,OSM
Rabat-Salé-Kénitra,Pharmacie Des Jardins صيدلية الحدائق,Parapharmacie,Formel,Kénitra,34.2521505,-6.6479219,icons/pharmacy.png,OSM
Rabat-Salé-Kénitra,Pharmacie Sarah Santé صيدلية صارة صحة,Parapharmacie,Formel,Kénitra,34.2465871,-6.6509386,icons/pharmacy.png,OSM
Rabat-Salé-Kénitra,Pharmacie Al Kaoutar صيدلية الكوثر,Parapharmacie,Formel,Kénitra,34.248495,-6.6546796,icons/pharmacy.png,OSM
Rabat-Salé-Kénitra,Pharmacie Ala صيدلية ألاء,Parapharmacie,Formel,Kénitra,34.2415416,-6.6547595,icons/pharmacy.png,OSM
Rabat-Salé-Kénitra,Pharmacie Ahlane صيدلية أهلا,Parapharmacie,Formel,Kénitra,34.24722,-6.6585804,icons/pharmacy.png,OSM
Rabat-Salé-Kénitra,Pharmacie Ain Sbâa صيدلية عين السبع,Parapharmacie,Formel,Kénitra,34.2430179,-6.550215,icons/pharmacy.png,OSM
Rabat-Salé-Kénitra,Pharmacie Youssef صيدلية يوسف,Parapharmacie,Formel,Kénitra,34.2726264,-6.6042945,icons/pharmacy.png,OSM
Rabat-Salé-Kénitra,Pharmacie Al Anouar صيدلية الأنوار,Parapharmacie,Formel,Kénitra,34.2754216,-6.6110097,icons/pharmacy.png,OSM
Rabat-Salé-Kénitra,Pharmacie Imane صيدلية ايمان,Parapharmacie,Formel,Kénitra,34.2353631,-6.5530575,icons/pharmacy.png,OSM
Rabat-Salé-Kénitra,Pharmacie Al Omouma صيدلية الأمومة,Parapharmacie,Formel,Kénitra,34.2403323,-6.5568636,icons/pharmacy.png,OSM
Rabat-Salé-Kénitra,Pharmacie Arrohama صيدلية الرحماء,Parapharmacie,Formel,Kénitra,34.233904,-6.5501607,icons/pharmacy.png,OSM
Rabat-Salé-Kénitra,Pharmacie Maison d'Espoir صيدلية دار الأمل,Parapharmacie,Formel,Kénitra,34.2413944,-6.5407654,icons/pharmacy.png,OSM
Rabat-Salé-Kénitra,Pharmacie Hotel De Ville صيدلية فندق المدينة,Parapharmacie,Formel,"Avenue Mohamed V شارع الحسن الثاني, Kénitra",34.258304,-6.5882253,icons/pharmacy.png,OSM
Rabat-Salé-Kénitra,Pharmacie Basma صيدلية بسمة,Parapharmacie,Formel,Kénitra,34.2597862,-6.6171076,icons/pharmacy.png,OSM
Rabat-Salé-Kénitra,Pharmacie Maamoura صيدلية معمورة,Parapharmacie,Formel,"Rue Mohamed El Hansali, Kénitra",34.2564908,-6.5861366,icons/pharmacy.png,OSM
Rabat-Salé-Kénitra,Pharmacie Baddou صيدلية بادو,Parapharmacie,Formel,Kénitra,34.2561942,-6.5450816,icons/pharmacy.png,OSM
Rabat-Salé-Kénitra,Pharmacie Benlahcen صيدلية بنلحسن,Parapharmacie,Formel,Kénitra,34.2612257,-6.5919217,icons/pharmacy.png,OSM
Rabat-Salé-Kénitra,Pharmacie Badr صيدلية بدر,Parapharmacie,Formel,Kénitra,34.2486721,-6.5551669,icons/pharmacy.png,OSM
Rabat-Salé-Kénitra,Pharmacie Ouled Oujih صيدلية أولاد أوجيه,Parapharmacie,Formel,Kénitra,34.2641177,-6.6133719,icons/pharmacy.png,OSM
Rabat-Salé-Kénitra,Pharmacie Dar Doua صيدلية دار الدواء,Parapharmacie,Formel,"Rue Idris Al Akbar, Kénitra",34.254084,-6.5861316,icons/pharmacy.png,OSM
Rabat-Salé-Kénitra,Pharmacie Hamza صيدلية حمزة,Parapharmacie,Formel,Kénitra,34.2446275,-6.5538795,icons/pharmacy.png,OSM
Rabat-Salé-Kénitra,Pharmacie Du Port صيدلية الميناء,Parapharmacie,Formel,Kénitra,34.2640181,-6.580874,icons/pharmacy.png,OSM
Rabat-Salé-Kénitra,Pharmacie Hind صيدلية هند,Parapharmacie,Formel,Kénitra,34.2563828,-6.5764181,icons/pharmacy.png,OSM
Rabat-Salé-Kénitra,Pharmacie Ittihad صيدلية الاتحاد,Parapharmacie,Formel,Kénitra ⵇⵏⵉⵟⵔⴰ القنيطرة,34.263619,-6.5710079,icons/pharmacy.png,OSM
Rabat-Salé-Kénitra,Pharmacie Iskan Chaabi صيدلية اسكان شعبي,Parapharmacie,Formel,Kénitra,34.273153,-6.5951511,icons/pharmacy.png,OSM
Rabat-Salé-Kénitra,Pharmacie Ibn Khaldoun صيدلية ابن خلدون,Parapharmacie,Formel,Kénitra,34.2421729,-6.5534572,icons/pharmacy.png,OSM
Rabat-Salé-Kénitra,Pharmacie L'Hopital صيدلية المستشفى,Parapharmacie,Formel,"Avenue Al Massira, Kénitra",34.2537806,-6.5590956,icons/pharmacy.png,OSM
Rabat-Salé-Kénitra,Restaurant Gardenia,Restaurant,Formel,"Avenue Atlas شارع الأطلس, Rabat ⵔⴱⴰⵟ الرباط",33.9962299,-6.8474284,icons/restaurant.png,OSM
Rabat-Salé-Kénitra,Pharmacie Al Reda صيدلية الرضى,Parapharmacie,Formel,Kénitra,34.2485363,-6.5473709,icons/pharmacy.png,OSM
Rabat-Salé-Kénitra,Pharmacie Sidi Larbi Boujemaâ صيدلية سيدي العربي بوجمعة,Parapharmacie,Formel,"Avenue Mohamed V شارع الحسن الثاني, Kénitra",34.2631994,-6.5741981,icons/pharmacy.png,OSM
Rabat-Salé-Kénitra,Pharmacie Saknia صيدلية الساكنية,Parapharmacie,Formel,Kénitra,34.246333,-6.5505542,icons/pharmacy.png,OSM
Rabat-Salé-Kénitra,Pharmacie de la Ville Haute صيدلية لافيلوط,Parapharmacie,Formel,"Rue Jamil Sidki Zouahaoui, Kénitra",34.2622662,-6.5889061,icons/pharmacy.png,OSM
Rabat-Salé-Kénitra,Pharmacie Train Medina صيدلية قطار المدينة,Parapharmacie,Formel,"Rue 24 زنقة, Kénitra",34.2669585,-6.5651395,icons/pharmacy.png,OSM
Rabat-Salé-Kénitra,Pharmacie des F.a.r. صيدلية الجيش الملكي,Parapharmacie,Formel,"Avenue Far, Kénitra",34.2541472,-6.5792543,icons/pharmacy.png,OSM
Rabat-Salé-Kénitra,Pharmacie du Marché صيدلية السوق,Parapharmacie,Formel,"Rue Moulay Abdellah, Kénitra القنيطرة",34.2634309,-6.5842031,icons/pharmacy.png,OSM
Rabat-Salé-Kénitra,Pharmacie Maaoui صيدلية المعاوي,Parapharmacie,Formel,"Route Mahdia, Kénitra",34.25584,-6.6761597,icons/pharmacy.png,OSM
Rabat-Salé-Kénitra,Pharmacie Annahda صيدلية النهضة,Parapharmacie,Formel,"Rue Pacha Abdelhamid El Alaoui, Kénitra",34.266856,-6.5591266,icons/pharmacy.png,OSM
Rabat-Salé-Kénitra,Pharmacie El Houria صيدلية الحرية,Parapharmacie,Formel,"Rue 150, Kénitra",34.2599876,-6.5646278,icons/pharmacy.png,OSM
Rabat-Salé-Kénitra,Pharmacie Al Abridi صيدلية العبريدي,Parapharmacie,Formel,Salé El Jadida,34.0031947,-6.7467236,icons/pharmacy.png,OSM
Rabat-Salé-Kénitra,Pharmacie Al Andaloussia صيدلية الأندلسية,Parapharmacie,Formel,"Avenue Mohamed V شارع الحسن الثاني, Salé Al Jadida",33.9955298,-6.7416676,icons/pharmacy.png,OSM
Rabat-Salé-Kénitra,Pharmacie Les Pyramides صيدلية الأهرامات,Parapharmacie,Formel,Salé El Jadida,33.999408,-6.7443113,icons/pharmacy.png,OSM
Rabat-Salé-Kénitra,Pharmacie Faculté صيدلية الجامعة,Parapharmacie,Formel,Salé El Jadida,34.0158739,-6.735822,icons/pharmacy.png,OSM
Rabat-Salé-Kénitra,دار الناجي,Restaurant,Formel,Rabat ⵕⵕⴱⴰⵟ الرباط,33.9794775,-6.8956636,icons/restaurant.png,OSM
Rabat-Salé-Kénitra,Maison Beyrouth,Restaurant,Formel,Maison Beyrouth,34.0013525,-6.8467198,icons/restaurant.png,OSM
Rabat-Salé-Kénitra,Café sans nom,Café,Formel,Lotissement Halima 2,34.0918879,-6.7684513,icons/cafe.png,OSM
Rabat-Salé-Kénitra,Café Galicia,Café,Formel,"Allée Nord الممر الشمالي, Rabat",33.9635913,-6.8656215,icons/cafe.png,OSM
Rabat-Salé-Kénitra,Coffee House Company,Café,Formel,Coffee House Company,33.9896172,-6.8482449,icons/cafe.png,OSM
Rabat-Salé-Kénitra,Maison Chorouk,Boulangerie,Formel,Maison Chorouk,34.0014273,-6.8503761,icons/bakery.png,OSM
Rabat-Salé-Kénitra,Le Galapagos,Café,Formel,Le Galapagos,34.0011635,-6.8506742,icons/cafe.png,OSM
Rabat-Salé-Kénitra,Maya Sushi,Restaurant,Formel,Maya Sushi,34.0012824,-6.8503064,icons/restaurant.png,OSM
Rabat-Salé-Kénitra,Restaurant sans nom,Restaurant,Formel,Restaurant sans nom,33.9924918,-6.8714513,icons/restaurant.png,OSM
Rabat-Salé-Kénitra,Rôtisserie des voyageurs,Restaurant,Formel,Rôtisserie des voyageurs,33.9916116,-6.8671672,icons/restaurant.png,OSM
Rabat-Salé-Kénitra,Restaurant sans nom,Restaurant,Formel,Restaurant sans nom,33.9916561,-6.8666911,icons/restaurant.png,OSM
Rabat-Salé-Kénitra,Grande Saveur Isabel,Restaurant,Formel,Grande Saveur Isabel,33.991645,-6.8668386,icons/restaurant.png,OSM
Rabat-Salé-Kénitra,Café sans nom,Café,Formel,Café sans nom,33.9913403,-6.871039,icons/cafe.png,OSM
Rabat-Salé-Kénitra,Supérette / Mini-market sans nom,Supérette / Mini-market,Formel,Supérette / Mini-market sans nom,33.9923505,-6.8711919,icons/convenience.png,OSM
Rabat-Salé-Kénitra,Pharmacie Achifaa صيدلية الشفاء,Parapharmacie,Formel,Mohammédia المحمدية,33.6743355,-7.3937147,icons/pharmacy.png,OSM
Rabat-Salé-Kénitra,Pharmacie Hay Lasamir صيدلية حي لاسامير,Parapharmacie,Formel,Mohammédia المحمدية,33.6734996,-7.3889184,icons/pharmacy.png,OSM
Rabat-Salé-Kénitra,Pharmacie Jardins Des Fleurs صيدلية حدائق الورود,Parapharmacie,Formel,Mohammédia المحمدية,33.6719759,-7.3950628,icons/pharmacy.png,OSM
Rabat-Salé-Kénitra,Pharmacie El Idrissi صيدلية الادريسي,Parapharmacie,Formel,Mohammédia المحمدية,33.6780972,-7.3860567,icons/pharmacy.png,OSM
Rabat-Salé-Kénitra,Pharmacie Hay Falah صيدلية حي فلاح,Parapharmacie,Formel,Mohammédia المحمدية,33.6829409,-7.3810164,icons/pharmacy.png,OSM
Rabat-Salé-Kénitra,Pharmacie Essalam صيدلية السلام,Parapharmacie,Formel,Mohammédia المحمدية,33.6756847,-7.3874107,icons/pharmacy.png,OSM
Rabat-Salé-Kénitra,Pharmacie Al Inaya صيدلية العناية,Parapharmacie,Formel,Mohammédia المحمدية,33.6776344,-7.3827308,icons/pharmacy.png,OSM
Rabat-Salé-Kénitra,Pharmacie Sarah صيدلية صراح,Parapharmacie,Formel,Mohammédia المحمدية,33.6821026,-7.3769044,icons/pharmacy.png,OSM
Rabat-Salé-Kénitra,Pharmacie Fedala صيدلية فضالة,Parapharmacie,Formel,Mohammédia المحمدية,33.6811127,-7.3823768,icons/pharmacy.png,OSM
Rabat-Salé-Kénitra,Pharmacie Nasser صيدلية ناصر,Parapharmacie,Formel,Mohammédia المحمدية,33.6852596,-7.3786399,icons/pharmacy.png,OSM
Rabat-Salé-Kénitra,Pharmacie Bismillah صيدلية باسم الله,Parapharmacie,Formel,Mohammédia المحمدية,33.6794296,-7.3765227,icons/pharmacy.png,OSM
Rabat-Salé-Kénitra,Pharmacie Majorelle صيدلية ماجوريل,Parapharmacie,Formel,Mohammédia المحمدية,33.6974339,-7.3656405,icons/pharmacy.png,OSM
Rabat-Salé-Kénitra,Pharmacie Al Akssa صيدلية الأقصى,Parapharmacie,Formel,Pharmacie Al Akssa صيدلية الأقصى,33.687663,-7.3744439,icons/pharmacy.png,OSM
Rabat-Salé-Kénitra,Pharmacie Abderrahim صيدلية عبد الرحيم,Parapharmacie,Formel,Mohammédia المحمدية,33.6864402,-7.3705346,icons/pharmacy.png,OSM
Rabat-Salé-Kénitra,Pharmacie Espoir صيدلية الأمل,Parapharmacie,Formel,Mohammédia المحمدية,33.689236,-7.3630786,icons/pharmacy.png,OSM
Rabat-Salé-Kénitra,Pharmacie Aicha صيدلية عائشة,Parapharmacie,Formel,Mohammédia المحمدية,33.6933043,-7.3582414,icons/pharmacy.png,OSM
Rabat-Salé-Kénitra,Pharmacie Fadelallah صيدلية فضل الله,Parapharmacie,Formel,Mohammédia المحمدية,33.6899104,-7.3703069,icons/pharmacy.png,OSM
Rabat-Salé-Kénitra,Pharmacie Al Fajr صيدلية الفجر,Parapharmacie,Formel,Mohammedia,33.6927388,-7.3708896,icons/pharmacy.png,OSM
Rabat-Salé-Kénitra,Pharmacie Santé صيدلية الصحة,Parapharmacie,Formel,Mohammédia المحمدية,33.6960623,-7.3576094,icons/pharmacy.png,OSM
Rabat-Salé-Kénitra,Pharmacie Chaker صيدلية شاكر,Parapharmacie,Formel,Mohammédia المحمدية,33.7021986,-7.3542589,icons/pharmacy.png,OSM
Rabat-Salé-Kénitra,Pharmacie Riad Essalam صيدلية رياض السلام,Parapharmacie,Formel,Mohammedia,33.7000252,-7.3600006,icons/pharmacy.png,OSM
Rabat-Salé-Kénitra,Pharmacie Idham صيدلية إدهام,Parapharmacie,Formel,"Boulevard Mohamed VI ش. محمد السادس, Mohammédia المحمدية",33.6999691,-7.3626973,icons/pharmacy.png,OSM
Rabat-Salé-Kénitra,Pharmacie Riad Al Ali صيدلية رياض العلي,Parapharmacie,Formel,Mohammédia المحمدية,33.6991418,-7.3571747,icons/pharmacy.png,OSM
Rabat-Salé-Kénitra,Pharmacie Ville Des Fleurs صيدلية مدينة الورود,Parapharmacie,Formel,Mohammédia المحمدية,33.7025351,-7.3586691,icons/pharmacy.png,OSM
Rabat-Salé-Kénitra,Pharmacie Annahda صيدلية النهضة,Parapharmacie,Formel,Mohammédia المحمدية,33.6993395,-7.352182,icons/pharmacy.png,OSM
Rabat-Salé-Kénitra,Pharmacie Jawhart El Fatah 2 صيدلية جوهرة الفتح,Parapharmacie,Formel,Mohammédia المحمدية,33.6695246,-7.3888723,icons/pharmacy.png,OSM
Rabat-Salé-Kénitra,Pharmacie Assil صيدلية أصيل,Parapharmacie,Formel,Mohammédia المحمدية,33.671119,-7.3852486,icons/pharmacy.png,OSM
Rabat-Salé-Kénitra,Pharmacie Al Machrouae صيدلية المشروع,Parapharmacie,Formel,Mohammedia,33.6619107,-7.3631995,icons/pharmacy.png,OSM
Rabat-Salé-Kénitra,Pharmacie Des Résidences صيدلية الاقامات,Parapharmacie,Formel,Mohammedia,33.6677623,-7.3671404,icons/pharmacy.png,OSM
Rabat-Salé-Kénitra,Pharmacie Mimouna صيدلية ميمونة,Parapharmacie,Formel,Mohammedia,33.6650452,-7.3648026,icons/pharmacy.png,OSM
Rabat-Salé-Kénitra,Pharmacie Centre De Santé صيدلية المركز الصحي,Parapharmacie,Formel,Mohammed,33.6611358,-7.3588546,icons/pharmacy.png,OSM
Rabat-Salé-Kénitra,Pharmacie Diyar El Alia صيدلية ديار العالية,Parapharmacie,Formel,Mohammedia,33.6744821,-7.3648676,icons/pharmacy.png,OSM
Rabat-Salé-Kénitra,Pharmacie Jnan Zitoune صيدلية جنان الزيتون,Parapharmacie,Formel,Mohammédia المحمدية,33.6782939,-7.3621117,icons/pharmacy.png,OSM
Rabat-Salé-Kénitra,Pharmacie Youssef صيدلية يوسف,Parapharmacie,Formel,Mohammédia المحمدية,33.6766534,-7.3899685,icons/pharmacy.png,OSM
Rabat-Salé-Kénitra,Pharmacie Al Wahda صيدلية الوحدة,Parapharmacie,Formel,Mohammédia المحمدية,33.6811497,-7.3854121,icons/pharmacy.png,OSM
Rabat-Salé-Kénitra,Pharmacie Sarah صيدلية صارة,Parapharmacie,Formel,Mohammédia المحمدية,33.6859114,-7.3801692,icons/pharmacy.png,OSM
Rabat-Salé-Kénitra,Pharmacie Soleil صيدلية شمس,Parapharmacie,Formel,Mohammédia المحمدية,33.7072137,-7.3573384,icons/pharmacy.png,OSM
Rabat-Salé-Kénitra,Pharmacie Marjane صيدلية مرجان,Parapharmacie,Formel,Mohammédia المحمدية,33.7081272,-7.3468585,icons/pharmacy.png,OSM
Rabat-Salé-Kénitra,Pharmacie Monica Plage صيدلية شاطئ مونيكا,Parapharmacie,Formel,Mohammédia المحمدية,33.7108882,-7.353739,icons/pharmacy.png,OSM
Rabat-Salé-Kénitra,Pharmacie Nabil صيدلية نبيل,Parapharmacie,Formel,Mohammédia المحمدية,33.713637,-7.345823,icons/pharmacy.png,OSM
Rabat-Salé-Kénitra,Pharmacie Espoir صيدلية الأمل,Parapharmacie,Formel,Mohammedia,33.6911969,-7.3737297,icons/pharmacy.png,OSM
Rabat-Salé-Kénitra,Pharmacie Zeyneb صيدلية زينب,Parapharmacie,Formel,Mohammedia,33.7019989,-7.3665498,icons/pharmacy.png,OSM
Rabat-Salé-Kénitra,Pharmacie Al Qods صيدلية القدس,Parapharmacie,Formel,Mohammedia,33.6982691,-7.3686958,icons/pharmacy.png,OSM
Rabat-Salé-Kénitra,Pharmacie Jardin Des Orchidées صيدلية بساتين الفاكهة,Parapharmacie,Formel,Mohammédia المحمدية,33.7111655,-7.3450107,icons/pharmacy.png,OSM
Rabat-Salé-Kénitra,Pharmacie Oued Lmakhazin صيدلية واد المخازن,Parapharmacie,Formel,Mohammedia,33.695717,-7.3686059,icons/pharmacy.png,OSM
Rabat-Salé-Kénitra,Pharmacie Al Hamd صيدلية الحمد,Parapharmacie,Formel,Mohammedia,33.702393,-7.362434,icons/pharmacy.png,OSM
Rabat-Salé-Kénitra,Pharmacie Bradaa صيدلية البرادعة,Parapharmacie,Formel,Mohammedia,33.7003444,-7.3700723,icons/pharmacy.png,OSM
Rabat-Salé-Kénitra,Pharmacie Yasmina صيدلية ياسمينة,Parapharmacie,Formel,"Boulevard Hassan II شارع الحسن الثاني, Mohammedia",33.7079027,-7.3605078,icons/pharmacy.png,OSM
Rabat-Salé-Kénitra,Pharmacie Anajm صيدلية النجم,Parapharmacie,Formel,Mohammedia,33.7181266,-7.3347524,icons/pharmacy.png,OSM
Rabat-Salé-Kénitra,Chichawa,Café,Formel,Avenue Al Kifah,33.9908974,-6.8744289,icons/cafe.png,OSM
Rabat-Salé-Kénitra,Pharmacie Souss صيدلية سوس,Parapharmacie,Formel,Mohammedia,33.7013591,-7.3787269,icons/pharmacy.png,OSM
Rabat-Salé-Kénitra,Pharmacie Manismane صيدلية مانيسمان,Parapharmacie,Formel,Mohammédia المحمدية,33.7058613,-7.3687767,icons/pharmacy.png,OSM
Rabat-Salé-Kénitra,Pharmacie Rachad صيدلية رشاد,Parapharmacie,Formel,Mohammedia,33.7010067,-7.3828014,icons/pharmacy.png,OSM
Rabat-Salé-Kénitra,Pharmacie La Siesta صيدلية لا سيبسطا,Parapharmacie,Formel,Mohammédia المحمدية,33.7155216,-7.3501934,icons/pharmacy.png,OSM
Rabat-Salé-Kénitra,Pharmacie 3 Mars صيدلية 3 مارس,Parapharmacie,Formel,Mohammédia المحمدية,33.7047857,-7.38277,icons/pharmacy.png,OSM
Rabat-Salé-Kénitra,Pharmacie Miramar صيدلية ميرامار,Parapharmacie,Formel,"Boulevard des Forces Armées Royales (FAR), MOHAMMEDIA",33.7041875,-7.3927197,icons/pharmacy.png,OSM
Rabat-Salé-Kénitra,Pharmacie Radia صيدلية راضية,Parapharmacie,Formel,Mohammedia,33.7008329,-7.3845548,icons/pharmacy.png,OSM
Rabat-Salé-Kénitra,Pharmacie L'Hôpital صيدلية المستشفى,Parapharmacie,Formel,"Rue La fontaine, Mohammedia",33.6991148,-7.3844459,icons/pharmacy.png,OSM
Rabat-Salé-Kénitra,Pharmacie Palmier صيدلية النخيل,Parapharmacie,Formel,Mohammédia المحمدية,33.705342,-7.3971812,icons/pharmacy.png,OSM
Rabat-Salé-Kénitra,Pharmacie Corniche صيدلية كورنيش,Parapharmacie,Formel,Mohammédia المحمدية,33.7036033,-7.3866409,icons/pharmacy.png,OSM
Rabat-Salé-Kénitra,Pharmacie Wafa صيدلية الوفا,Parapharmacie,Formel,Mohammedia,33.6996321,-7.397617,icons/pharmacy.png,OSM
Rabat-Salé-Kénitra,Pharmacie Eucalyptus صيدلية الكالبتوس,Parapharmacie,Formel,Mohammedia,33.6975761,-7.3953194,icons/pharmacy.png,OSM
Rabat-Salé-Kénitra,Pharmacie Nour صيدلية نور,Parapharmacie,Formel,Mohammédia المحمدية,33.7063859,-7.3902702,icons/pharmacy.png,OSM
Rabat-Salé-Kénitra,Pharmacie Claude Monet صيدلية كلود موني,Parapharmacie,Formel,Mohammedia,33.7020423,-7.3965745,icons/pharmacy.png,OSM
Rabat-Salé-Kénitra,Pharmacie La Piscine صيدلية المسبح,Parapharmacie,Formel,"Rue Abderrahmane Serghini, Mohammédia ⵎⵓⵃⴰⵎⴰⴷⵉⵢⴰ المحمدية",33.6956437,-7.3903903,icons/pharmacy.png,OSM
Rabat-Salé-Kénitra,Pharmacie de L'Avenue صيدلية الشارع,Parapharmacie,Formel,"Boulevard Mohammed V شارع محمد الخامس, Mohammedia",33.6995011,-7.3928085,icons/pharmacy.png,OSM
Rabat-Salé-Kénitra,La Grande Pharmacie الصيدلية الكبرى,Parapharmacie,Formel,Mohammedia,33.6935917,-7.3919184,icons/pharmacy.png,OSM
Rabat-Salé-Kénitra,Pharmacie Malak صيدلية ملاك,Parapharmacie,Formel,Mohammedia,33.6830497,-7.4002862,icons/pharmacy.png,OSM
Rabat-Salé-Kénitra,Pharmacie Sebta صيدلية سبتة,Parapharmacie,Formel,Mohammedia,33.6950705,-7.38126,icons/pharmacy.png,OSM
Rabat-Salé-Kénitra,Pharmacie Liberté صيدلية الحرية,Parapharmacie,Formel,Mohammédia المحمدية,33.6902228,-7.3784751,icons/pharmacy.png,OSM
Rabat-Salé-Kénitra,Pharmacie Karama صيدلية كرامة,Parapharmacie,Formel,Mohammedia,33.6787339,-7.4125188,icons/pharmacy.png,OSM
Rabat-Salé-Kénitra,Pharmacie Centrale الصيدلية المركزية,Parapharmacie,Formel,Mohammedia,33.6781346,-7.4133686,icons/pharmacy.png,OSM
Rabat-Salé-Kénitra,Pharmacie Nassim صيدلية النسيم,Parapharmacie,Formel,Mohammedia,33.678645,-7.3995468,icons/pharmacy.png,OSM
Rabat-Salé-Kénitra,Pharmacie Aswak Assalam صيدلية أسواق السلام,Parapharmacie,Formel,Mohammedia,33.688323,-7.4008127,icons/pharmacy.png,OSM
Rabat-Salé-Kénitra,Pharmacie Essaada صيدلية السعادة,Parapharmacie,Formel,Mohammedia,33.6808914,-7.3940196,icons/pharmacy.png,OSM
Rabat-Salé-Kénitra,Pharmacie Alia صيدلية عالية,Parapharmacie,Formel,MOHAMMEDIA,33.6879494,-7.3906383,icons/pharmacy.png,OSM
Rabat-Salé-Kénitra,Pharmacie Ibn Rochd صيدلية ابن رشد,Parapharmacie,Formel,Mohammedia,33.6901605,-7.3873124,icons/pharmacy.png,OSM
Rabat-Salé-Kénitra,Pharmacie Mesk Lil صيدلية مسك الليل,Parapharmacie,Formel,Mohammedia,33.6921925,-7.3875143,icons/pharmacy.png,OSM
Rabat-Salé-Kénitra,Pharmacie Ibn Nafis صيدلية ابن النفيس,Parapharmacie,Formel,Mohammedia,33.6898614,-7.3909642,icons/pharmacy.png,OSM
Rabat-Salé-Kénitra,Pharmacie Anfa صيدلية أنفا,Parapharmacie,Formel,Mohammedia,33.6945948,-7.3766587,icons/pharmacy.png,OSM
Rabat-Salé-Kénitra,Pharmacie Laayoune صيدلية لعيون,Parapharmacie,Formel,Mohammédia المحمدية,33.6943834,-7.3843837,icons/pharmacy.png,OSM
Rabat-Salé-Kénitra,Pharmacie Al Yakout صيدلية الياقوت,Parapharmacie,Formel,Bouznika,33.755505,-7.1545015,icons/pharmacy.png,OSM
Rabat-Salé-Kénitra,Pharmacie Les Résidences صيدلية الإقامات,Parapharmacie,Formel,Bouznika,33.7630302,-7.1527862,icons/pharmacy.png,OSM
Rabat-Salé-Kénitra,Pharmacie El Woroud صيدلية الورود,Parapharmacie,Formel,Bouznika,33.7675958,-7.1597246,icons/pharmacy.png,OSM
Rabat-Salé-Kénitra,Pharmacie Al Amine Taha صيدلية الأمين طه,Parapharmacie,Formel,Bouznika,33.7659262,-7.1564806,icons/pharmacy.png,OSM
Rabat-Salé-Kénitra,Pharmacie Azir صيدلية أزير,Parapharmacie,Formel,Bouznika,33.7647253,-7.1595745,icons/pharmacy.png,OSM
Rabat-Salé-Kénitra,Pharmacie Oulaya صيدلية عليا,Parapharmacie,Formel,Bouznika,33.768089,-7.1596123,icons/pharmacy.png,OSM
Rabat-Salé-Kénitra,Pharmacie El Mahjoubi صيدلية المحجوبي,Parapharmacie,Formel,Bouznika,33.7688263,-7.1561337,icons/pharmacy.png,OSM
Rabat-Salé-Kénitra,Pharmacie Reghay صيدلية الرغاي,Parapharmacie,Formel,Bouznika,33.7695007,-7.1641229,icons/pharmacy.png,OSM
Rabat-Salé-Kénitra,Pharmacie Altruisme صيدلية الإيثار,Parapharmacie,Formel,Bouznika,33.7703374,-7.1620169,icons/pharmacy.png,OSM
Rabat-Salé-Kénitra,Pharmacie Tazi صيدلية التازي,Parapharmacie,Formel,Bouznika ⴱⵓⵣⵏⵉⵇⴰ بوزنيقة,33.7800423,-7.1623527,icons/pharmacy.png,OSM
Rabat-Salé-Kénitra,Pharmacie Bismillah صيدلية بسم الله,Parapharmacie,Formel,Bouznika,33.7747602,-7.1572593,icons/pharmacy.png,OSM
Rabat-Salé-Kénitra,Pharmacie Rajae صيدلية رجاء,Parapharmacie,Formel,Bouznika ⴱⵓⵣⵏⵉⵇⴰ بوزنيقة,33.7785396,-7.1605219,icons/pharmacy.png,OSM
Rabat-Salé-Kénitra,Pharmacie Nabil صيدلية نبيل,Parapharmacie,Formel,Bouznika ⴱⵓⵣⵏⵉⵇⴰ بوزنيقة,33.7806924,-7.1607103,icons/pharmacy.png,OSM
Rabat-Salé-Kénitra,Pharmacie El Houda صيدلية الهدى,Parapharmacie,Formel,"Avenue La Victoire, Bouznika ⴱⵓⵣⵏⵉⵇⴰ بوزنيقة",33.781277,-7.162347,icons/pharmacy.png,OSM
Rabat-Salé-Kénitra,Pharmacie J.Amina صيدلية أمينة,Parapharmacie,Formel,Bouznika,33.7716583,-7.1582998,icons/pharmacy.png,OSM
Rabat-Salé-Kénitra,Pharmacie Hay Othmane صيدلية حي عثمان,Parapharmacie,Formel,Bouznika ⴱⵓⵣⵏⵉⵇⴰ بوزنيقة,33.7842311,-7.1613119,icons/pharmacy.png,OSM
Rabat-Salé-Kénitra,Pharmacie Pikmar صيدلية بيكمار,Parapharmacie,Formel,Bouznika ⴱⵓⵣⵏⵉⵇⴰ بوزنيقة,33.7822565,-7.1594356,icons/pharmacy.png,OSM
Rabat-Salé-Kénitra,Pharmacie Al Amal صيدلية الأمل,Parapharmacie,Formel,Bouznika ⴱⵓⵣⵏⵉⵇⴰ بوزنيقة,33.7824116,-7.1577698,icons/pharmacy.png,OSM
Rabat-Salé-Kénitra,Pharmacie Ibn Rochd صيدلية ابن رشد,Parapharmacie,Formel,Bouznika ⴱⵓⵣⵏⵉⵇⴰ بوزنيقة,33.7838703,-7.1579086,icons/pharmacy.png,OSM
Rabat-Salé-Kénitra,Pharmacie Les Urgences صيدلية المستعجلات,Parapharmacie,Formel,Bouznika ⴱⵓⵣⵏⵉⵇⴰ بوزنيقة,33.7833023,-7.1547598,icons/pharmacy.png,OSM
Rabat-Salé-Kénitra,Pharmacie La Paix صيدلية السلام,Parapharmacie,Formel,"Boulevard de la Paix, Bouznika ⴱⵓⵣⵏⵉⵇⴰ بوزنيقة",33.7853647,-7.1624486,icons/pharmacy.png,OSM
Rabat-Salé-Kénitra,Pharmacie Salim صيدلية سليم,Parapharmacie,Formel,Bouznika,33.7849448,-7.1638278,icons/pharmacy.png,OSM
Rabat-Salé-Kénitra,Pharmacie La Famille صيدلية العائلة,Parapharmacie,Formel,Bouznika ⴱⵓⵣⵏⵉⵇⴰ بوزنيقة,33.7867907,-7.1640467,icons/pharmacy.png,OSM
Rabat-Salé-Kénitra,Pharmacie La Santé صيدلية الصحة,Parapharmacie,Formel,"Rue Des Habous, Bouznika ⴱⵓⵣⵏⵉⵇⴰ بوزنيقة",33.7886386,-7.1598499,icons/pharmacy.png,OSM
Rabat-Salé-Kénitra,Pharmacie Centrale الصيدلية المركزية,Parapharmacie,Formel,"Avenue Hassan II, Bouznika ⴱⵓⵣⵏⵉⵇⴰ بوزنيقة",33.7897781,-7.1585961,icons/pharmacy.png,OSM
Rabat-Salé-Kénitra,Pharmacie Bir Anzarane صيدلية بئر أنزران,Parapharmacie,Formel,Bouznika ⴱⵓⵣⵏⵉⵇⴰ بوزنيقة,33.7859603,-7.158128,icons/pharmacy.png,OSM
Rabat-Salé-Kénitra,Pharmacie Bouznika صيدلية بوزنيقة,Parapharmacie,Formel,"Avenue Bir Anzarane, Bouznika ⴱⵓⵣⵏⵉⵇⴰ بوزنيقة",33.7890289,-7.1583977,icons/pharmacy.png,OSM
Rabat-Salé-Kénitra,Pharmacie Harim صيدلية حريم,Parapharmacie,Formel,"Avenue Hassan II, Bouznika ⴱⵓⵣⵏⵉⵇⴰ بوزنيقة",33.7894313,-7.1594143,icons/pharmacy.png,OSM
Rabat-Salé-Kénitra,Pharmacie Tafilalt صيدلية تافيلالت,Parapharmacie,Formel,"Avenue Hassan II, Bouznika ⴱⵓⵣⵏⵉⵇⴰ بوزنيقة",33.7902348,-7.1573641,icons/pharmacy.png,OSM
Rabat-Salé-Kénitra,Pharmacie Shems Bouznika صيدلية شمس بوزنيقة,Parapharmacie,Formel,Bouznika,33.7921863,-7.1632873,icons/pharmacy.png,OSM
Rabat-Salé-Kénitra,Pharmacie la Perle d'Eddoha صيدلية جوهرة الضحى,Parapharmacie,Formel,Bouznika ⴱⵓⵣⵏⵉⵇⴰ بوزنيقة,33.8050654,-7.1547337,icons/pharmacy.png,OSM
Rabat-Salé-Kénitra,Pharmacie Kasbah صيدلية القصبة,Parapharmacie,Formel,"الطريق البحرية, Bouznika ⴱⵓⵣⵏⵉⵇⴰ بوزنيقة",33.8093338,-7.1569282,icons/pharmacy.png,OSM
Rabat-Salé-Kénitra,Pharmacie Oued Eddahab صيدلية واد الذهب,Parapharmacie,Formel,Bouznika ⴱⵓⵣⵏⵉⵇⴰ بوزنيقة,33.787732,-7.1580129,icons/pharmacy.png,OSM
Rabat-Salé-Kénitra,Pharmacie Najmi صيدلية نجمي,Parapharmacie,Formel,Bouznika ⴱⵓⵣⵏⵉⵇⴰ بوزنيقة,33.7786898,-7.1583733,icons/pharmacy.png,OSM
Rabat-Salé-Kénitra,Pharmacie Youssef صيدلية يوسف,Parapharmacie,Formel,Tit Mellil تيط مليل,33.5424012,-7.479469,icons/pharmacy.png,OSM
Rabat-Salé-Kénitra,Pharmacie Hay Alia صيدلية حي علياء,Parapharmacie,Formel,Tit Mellil,33.5445419,-7.4870704,icons/pharmacy.png,OSM
Rabat-Salé-Kénitra,Pharmacie Le Jasmin صيدلية الياسمين,Parapharmacie,Formel,Tit Mellil تيط مليل,33.5450802,-7.4822458,icons/pharmacy.png,OSM
Rabat-Salé-Kénitra,Pharmacie Bouchama صيدلية بوشامة,Parapharmacie,Formel,Tit Mellil تيط مليل,33.5488153,-7.4817686,icons/pharmacy.png,OSM
Rabat-Salé-Kénitra,Pharmacie Alliance صيدلية أليانس,Parapharmacie,Formel,"Avenue Al Masjid, Tit Mellil تيط مليل",33.549637,-7.4872239,icons/pharmacy.png,OSM
Rabat-Salé-Kénitra,Pharmacie Bakri صيدلية بكري,Parapharmacie,Formel,Tit Mellil ⵜⵉⵟ ⵎⵍⵉⵍ تيط مليل,33.5500583,-7.4837862,icons/pharmacy.png,OSM
Rabat-Salé-Kénitra,Pharmacie Zine Essalam صيدلية زين السلام,Parapharmacie,Formel,Tit Mellil تيط مليل,33.5528826,-7.4751169,icons/pharmacy.png,OSM
Rabat-Salé-Kénitra,Pharmacie Jnane Essafia صيدلية جنان الصافية,Parapharmacie,Formel,Tit Mellil تيط مليل,33.5560088,-7.4724584,icons/pharmacy.png,OSM
Rabat-Salé-Kénitra,Pharmacie Messaoudi صيدلية المسعودي,Parapharmacie,Formel,Tit Mellil تيط مليل,33.5447985,-7.4653683,icons/pharmacy.png,OSM
Rabat-Salé-Kénitra,Pharmacie La Permanence صيدلية الدوام,Parapharmacie,Formel,"Boulevard Okba Bnou Nafie, Tit Mellil",33.5480164,-7.4570364,icons/pharmacy.png,OSM
Rabat-Salé-Kénitra,Pharmacie Souk Sebt صيدلية سوق السبت,Parapharmacie,Formel,"Boulevard Okba Bnou Nafie, Tit Mellil تيط مليل",33.5549773,-7.4802272,icons/pharmacy.png,OSM
Rabat-Salé-Kénitra,Pharmacie Shems El Madina صيدلية شمس المدينة,Parapharmacie,Formel,Tit Mellil تيط مليل,33.5515188,-7.4639495,icons/pharmacy.png,OSM
Rabat-Salé-Kénitra,Boulangerie Ibn al Hassan,Boulangerie,Formel,Boulangerie Ibn al Hassan,34.2498556,-6.6525778,icons/bakery.png,OSM
Rabat-Salé-Kénitra,Boulangerie sans nom,Boulangerie,Formel,Boulangerie sans nom,34.2559674,-6.6490906,icons/bakery.png,OSM
Rabat-Salé-Kénitra,BIM,Supermarché,Formel,BIM,34.2460275,-6.6554549,icons/supermarket.png,OSM
Rabat-Salé-Kénitra,Pharmacie Sami صيدلية سامي,Parapharmacie,Formel,Tit Mellil تيط مليل,33.5621879,-7.4846857,icons/pharmacy.png,OSM
Rabat-Salé-Kénitra,Pharmacie Riad Echallalate صيدلية رياض الشلالات,Parapharmacie,Formel,Ain Harrouda عين حرودة,33.6188064,-7.4457767,icons/pharmacy.png,OSM
Rabat-Salé-Kénitra,Pharmacie Hay Riad صيدلية حي الرياض,Parapharmacie,Formel,Ain Harrouda عين حرودة,33.620225,-7.4486547,icons/pharmacy.png,OSM
Rabat-Salé-Kénitra,Pharmacie Solb صيدلية الصلب,Parapharmacie,Formel,Ain Harrouda عين حرودة,33.6275418,-7.4399033,icons/pharmacy.png,OSM
Rabat-Salé-Kénitra,Pharmacie Zaitoune صيدلية الزيتون,Parapharmacie,Formel,Ain Harrouda عين حرودة,33.6271798,-7.4362403,icons/pharmacy.png,OSM
Rabat-Salé-Kénitra,Pharmacie Dr.Salah صيدلية د.صلاح,Parapharmacie,Formel,Ain Harrouda عين حرودة,33.6339743,-7.4208001,icons/pharmacy.png,OSM
Rabat-Salé-Kénitra,Pharmacie Omar Al Farouk صيدلية عمر الفاروق,Parapharmacie,Formel,Ain Harrouda عين حرودة,33.6510104,-7.414294,icons/pharmacy.png,OSM
Rabat-Salé-Kénitra,Pharmacie Zenata صيدلية زناتة,Parapharmacie,Formel,Ain Harrouda ⵄⵉⵏ ⵃⴰⵔⵓⴷⴰ عين حرودة,33.6339426,-7.4500004,icons/pharmacy.png,OSM
Rabat-Salé-Kénitra,Pharmacie Siècle صيدلية القرن,Parapharmacie,Formel,Ain Harrouda,33.6332131,-7.4581042,icons/pharmacy.png,OSM
Rabat-Salé-Kénitra,Pharmacie El Ezz صيدلية العز,Parapharmacie,Formel,"Boulevard de Palestine, Ain Harrouda",33.6317087,-7.4563667,icons/pharmacy.png,OSM
Rabat-Salé-Kénitra,Pharmacie Ibnou Sahl صيدلية ابن السهل,Parapharmacie,Formel,Ain Harrouda,33.6360838,-7.4469982,icons/pharmacy.png,OSM
Rabat-Salé-Kénitra,Pharmacie El Moustawsaf صيدلية المستوصف,Parapharmacie,Formel,Ain Harrouda,33.638738,-7.4482679,icons/pharmacy.png,OSM
Rabat-Salé-Kénitra,Pharmacie Zahra صيدلية زهرة,Parapharmacie,Formel,Ain Harrouda ⵄⵉⵏ ⵃⴰⵔⵓⴷⴰ عين حرودة,33.6362342,-7.4505974,icons/pharmacy.png,OSM
Rabat-Salé-Kénitra,Pharmacie Aït Taleb صيدلية أيت الطالب,Parapharmacie,Formel,Ain Harrouda ⵄⵉⵏ ⵃⴰⵔⵓⴷⴰ عين حرودة,33.6362382,-7.4531351,icons/pharmacy.png,OSM
Rabat-Salé-Kénitra,Pharmacie Zaynab صيدلية زينب,Parapharmacie,Formel,Ain Harrouda,33.6372947,-7.4601645,icons/pharmacy.png,OSM
Rabat-Salé-Kénitra,Pharmacie Ain Harrouda صيدلية عين حرودة,Parapharmacie,Formel,"Avenue Ibn Rochd, Ain Harrouda",33.6405941,-7.4509547,icons/pharmacy.png,OSM
Rabat-Salé-Kénitra,Pharmacie Rim صيدلية ريم,Parapharmacie,Formel,"Avenue Ibn Battouta, Ain Harrouda",33.638872,-7.4525694,icons/pharmacy.png,OSM
Rabat-Salé-Kénitra,Pharmacie Moustaid صيدلية مستعيد,Parapharmacie,Formel,Ain Harrouda,33.6389782,-7.4551621,icons/pharmacy.png,OSM
Rabat-Salé-Kénitra,Pharmacie Amal Soussi صيدلية أمل السوسي,Parapharmacie,Formel,Ain Harrouda عين حرودة,33.6618355,-7.4377611,icons/pharmacy.png,OSM
Rabat-Salé-Kénitra,Pharmacie Al Madina صيدلية المدينة,Parapharmacie,Formel,"Boulevard Chefchaouni, Ain Harrouda عين حرودة",33.6643582,-7.4403059,icons/pharmacy.png,OSM
Rabat-Salé-Kénitra,Pharmacie Km 15 صيدلية كلم,Parapharmacie,Formel,Ain Harrouda,33.6330076,-7.4705889,icons/pharmacy.png,OSM
Rabat-Salé-Kénitra,Pharmacie Al Okhowa صيدلية الأخوة,Parapharmacie,Formel,Benslimane,33.5826041,-7.1155172,icons/pharmacy.png,OSM
Rabat-Salé-Kénitra,Pharmacie Zineb صيدلية زينب,Parapharmacie,Formel,Benslimane بن سليمان,33.6004553,-7.1117675,icons/pharmacy.png,OSM
Rabat-Salé-Kénitra,Grande Pharmacie L'Oisis الصيدلية الكبرى الواحة,Parapharmacie,Formel,Benslimane بن سليمان,33.5887353,-7.1333596,icons/pharmacy.png,OSM
Rabat-Salé-Kénitra,Pharmacie Najmat Benslimane صيدلية نجمة بنسليمان,Parapharmacie,Formel,Benslimane,33.5855303,-7.1178485,icons/pharmacy.png,OSM
Rabat-Salé-Kénitra,Pharmacie Sofia صيدلية صوفيا,Parapharmacie,Formel,Benslimane,33.6032742,-7.1104495,icons/pharmacy.png,OSM
Rabat-Salé-Kénitra,Pharmacie Benslimane صيدلية بن سليمان,Parapharmacie,Formel,Benslimane,33.6125822,-7.1206078,icons/pharmacy.png,OSM
Rabat-Salé-Kénitra,Pharmacie Santé صيدلية الصحة,Parapharmacie,Formel,Benslimane,33.6159576,-7.1207835,icons/pharmacy.png,OSM
Rabat-Salé-Kénitra,Pharmacie Armées Royales صيدلية الجيش الملكي,Parapharmacie,Formel,Benslimane,33.6109041,-7.1238974,icons/pharmacy.png,OSM
Rabat-Salé-Kénitra,Pharmacie Mouna صيدلية منى,Parapharmacie,Formel,Benslimane,33.61269,-7.1230143,icons/pharmacy.png,OSM
Rabat-Salé-Kénitra,Pharmacie Annassim صيدلية النسيم,Parapharmacie,Formel,Benslimane,33.6114889,-7.127448,icons/pharmacy.png,OSM
Rabat-Salé-Kénitra,Pharmacie Arroud صيدلية الروض,Parapharmacie,Formel,Benslimane,33.619451,-7.1324292,icons/pharmacy.png,OSM
Rabat-Salé-Kénitra,Pharmacie Centre صيدلية المركز,Parapharmacie,Formel,Benslimane,33.6198641,-7.1248628,icons/pharmacy.png,OSM
Rabat-Salé-Kénitra,Pharmacie Souk صيدلية السوق,Parapharmacie,Formel,Benslimane,33.6225775,-7.1215709,icons/pharmacy.png,OSM
Rabat-Salé-Kénitra,Pharmacie Al Qods صيدلية القدس,Parapharmacie,Formel,Benslimane,33.6169588,-7.1189464,icons/pharmacy.png,OSM
Rabat-Salé-Kénitra,Pharmacie La Gare صيدلية المحطة,Parapharmacie,Formel,Benslimane,33.6184466,-7.1216656,icons/pharmacy.png,OSM
Rabat-Salé-Kénitra,Pharmacie Al Azhar صيدلية الأزهر,Parapharmacie,Formel,Benslimane,33.6154149,-7.1180306,icons/pharmacy.png,OSM
Rabat-Salé-Kénitra,Pharmacie Chadi صيدلية شادي,Parapharmacie,Formel,Benslimane,33.6135216,-7.1204233,icons/pharmacy.png,OSM
Rabat-Salé-Kénitra,Pharmacie Hassan 2 صيدلية حسن,Parapharmacie,Formel,Benslimane ⴱⴰⵏⵙⵍⵉⵎⴰⵏ بن سليمان,33.6206904,-7.1269987,icons/pharmacy.png,OSM
Rabat-Salé-Kénitra,Pharmacie Résistance صيدلية المقاومة,Parapharmacie,Formel,Benslimane,33.6237968,-7.1297179,icons/pharmacy.png,OSM
Rabat-Salé-Kénitra,Pharmacie Al Ossra صيدلية الأسرة,Parapharmacie,Formel,Benslimane,33.6249524,-7.124513,icons/pharmacy.png,OSM
Rabat-Salé-Kénitra,Pharmacie Hay Karim صيدلية حي كريم,Parapharmacie,Formel,Benslimane,33.6260752,-7.131648,icons/pharmacy.png,OSM
Rabat-Salé-Kénitra,Pharmacie Chaouia صيدلية الشاوية,Parapharmacie,Formel,Benslimane,33.6158093,-7.1159318,icons/pharmacy.png,OSM
Rabat-Salé-Kénitra,Pharmacie Jorio صيدلية جوريو,Parapharmacie,Formel,Benslimane,33.627792,-7.1324121,icons/pharmacy.png,OSM
Rabat-Salé-Kénitra,Pharmacie Oum Kasser صيدلية أم قصر,Parapharmacie,Formel,Benslimane ⴱⴰⵏⵙⵍⵉⵎⴰⵏ بن سليمان,33.6221266,-7.1249762,icons/pharmacy.png,OSM
Rabat-Salé-Kénitra,Pharmacie Al Farah صيدلية الفرح,Parapharmacie,Formel,Benslimane,33.6252097,-7.1263895,icons/pharmacy.png,OSM
Rabat-Salé-Kénitra,Pharmacie Aziz صيدلية عزيز,Parapharmacie,Formel,Benslimane,33.6140461,-7.1216137,icons/pharmacy.png,OSM
Rabat-Salé-Kénitra,Pharmacie Omar صيدلية عمر,Parapharmacie,Formel,Benslimane,33.6258272,-7.1357043,icons/pharmacy.png,OSM
Rabat-Salé-Kénitra,Pharmacie Mosquée Al Fath صيدلية مسجد الفتح,Parapharmacie,Formel,Benslimane,33.6243679,-7.1368001,icons/pharmacy.png,OSM
Rabat-Salé-Kénitra,Pharmacie Al Joulane صيدلية الجولان,Parapharmacie,Formel,Benslimane,33.6219155,-7.1295234,icons/pharmacy.png,OSM
Rabat-Salé-Kénitra,Pharmacie Ibtissame صيدلية ابتسام,Parapharmacie,Formel,Benslimane,33.6179714,-7.1250688,icons/pharmacy.png,OSM
Rabat-Salé-Kénitra,Pharmacie Al Bachir صيدلية البشير,Parapharmacie,Formel,Mohammédia المحمدية,33.7020048,-7.3982737,icons/pharmacy.png,OSM
Rabat-Salé-Kénitra,Pharmacie Al Fath صيدلية الفتح,Parapharmacie,Formel,"Boulevard Oued Al Makhazine, Mohammédia المحمدية",33.6819076,-7.3912556,icons/pharmacy.png,OSM
Rabat-Salé-Kénitra,Pharmacie Al Majd صيدلية المجد,Parapharmacie,Formel,"Boulevard de la Resistance, Mohammedia",33.6858915,-7.3827021,icons/pharmacy.png,OSM
Rabat-Salé-Kénitra,Pharmacie Al Mouna صيدلية المنى,Parapharmacie,Formel,Mohammedia,33.6902091,-7.384695,icons/pharmacy.png,OSM
Rabat-Salé-Kénitra,Pharmacie Riad صيدلية الرياض,Parapharmacie,Formel,"Boulevard Monastir, Mohammedia",33.688186,-7.3843147,icons/pharmacy.png,OSM
Rabat-Salé-Kénitra,Pharmacie Assounah صيدلية السنة,Parapharmacie,Formel,"Boulevard de la Resistance, Mohammédia المحمدية",33.681629,-7.3883894,icons/pharmacy.png,OSM
Rabat-Salé-Kénitra,Pharmacie Atlantic صيدلية أطلنتيك,Parapharmacie,Formel,"Route Cotière, Mohammedia",33.7254476,-7.334962,icons/pharmacy.png,OSM
Rabat-Salé-Kénitra,Pharmacie Ibn Yassine صيدلية ابن ياسين,Parapharmacie,Formel,"Rue de Bir Anzarane, Mohammedia",33.7005866,-7.3881139,icons/pharmacy.png,OSM
Rabat-Salé-Kénitra,Pharmacie Mekka صيدلية مكة,Parapharmacie,Formel,Mohammedia,33.6915786,-7.3827277,icons/pharmacy.png,OSM
Rabat-Salé-Kénitra,Pharmacie Palestine صيدلية فلسطين,Parapharmacie,Formel,"Boulevard de Palestine, Mohammédia المحمدية",33.6898042,-7.3808236,icons/pharmacy.png,OSM
Rabat-Salé-Kénitra,Pharmacie du Port صيدلية الميناء,Parapharmacie,Formel,"Bd Fâchât Hassad, Mohammedia",33.7083916,-7.3999213,icons/pharmacy.png,OSM
Rabat-Salé-Kénitra,Pharmacie de la Kasbah صيدلية القصبة,Parapharmacie,Formel,"Rue Mansour Eddahbi, Mohammedia",33.6987758,-7.3895011,icons/pharmacy.png,OSM
Rabat-Salé-Kénitra,Pharmacie du Maghreb صيدلية المغرب,Parapharmacie,Formel,"Boulevard des Forces Armées Royales (FAR), Mohammedia",33.7007884,-7.3910276,icons/pharmacy.png,OSM
Rabat-Salé-Kénitra,Boulangerie sans nom,Boulangerie,Formel,Boulangerie sans nom,34.2528079,-6.6512379,icons/bakery.png,OSM
Rabat-Salé-Kénitra,Pharmacie les Sablettes صيدلية سابليت,Parapharmacie,Formel,"Boulevard Hassan II شارع الحسن الثاني, Mohammédia المحمدية",33.7148346,-7.3430323,icons/pharmacy.png,OSM
Rabat-Salé-Kénitra,Pharmacie Les Crêtes صيدلية القمم,Parapharmacie,Formel,Mohammédia المحمدية,33.6884075,-7.395669,icons/pharmacy.png,OSM
Rabat-Salé-Kénitra,Souq,Épicerie,Informel,Souq,34.2624697,-6.647061,icons/greengrocer.png,OSM
Rabat-Salé-Kénitra,Pharmacie Skalli صيدلية صقلي,Parapharmacie,Formel,Sidi Allal El Bahraoui ⵙⵉⴷⵉ ⵄⵍⵍⴰⵍ ⴰⴱⵃⵔⴰⵡⵉ سيدي علال البحراوي,34.0034755,-6.5325903,icons/pharmacy.png,OSM
Rabat-Salé-Kénitra,Pharmacie Jnane Sidi Allal Behroui صيدلية جنان سيدي علال البحراوي,Parapharmacie,Formel,Sidi Allal El Bahraoui ⵙⵉⴷⵉ ⵄⵍⵍⴰⵍ ⴰⴱⵃⵔⴰⵡⵉ سيدي علال البحراوي,33.9937402,-6.5301334,icons/pharmacy.png,OSM
Rabat-Salé-Kénitra,Pharmacie Ennajm Al Behri صيدلية النجم البحري,Parapharmacie,Formel,Sidi Allal El Bahraoui ⵙⵉⴷⵉ ⵄⵍⵍⴰⵍ ⴰⴱⵃⵔⴰⵡⵉ سيدي علال البحراوي,33.9991394,-6.5212553,icons/pharmacy.png,OSM
Rabat-Salé-Kénitra,Pharmacie Machaa Allah صيدلية ما شاء الله,Parapharmacie,Formel,Sidi Allal El Bahraoui ⵙⵉⴷⵉ ⵄⵍⵍⴰⵍ ⴰⴱⵃⵔⴰⵡⵉ سيدي علال البحراوي,34.0035155,-6.5280842,icons/pharmacy.png,OSM
Rabat-Salé-Kénitra,Pharmacie Jnane Maamoura صيدلية جنان معمورة,Parapharmacie,Formel,Sidi Allal El Bahraoui ⵙⵉⴷⵉ ⵄⵍⵍⴰⵍ ⴰⴱⵃⵔⴰⵡⵉ سيدي علال البحراوي,34.010933,-6.52103,icons/pharmacy.png,OSM
Rabat-Salé-Kénitra,Pharmacie Centrale الصيدلية المركزية,Parapharmacie,Formel,Sidi Allal El Bahraoui ⵙⵉⴷⵉ ⵄⵍⵍⴰⵍ ⴰⴱⵃⵔⴰⵡⵉ سيدي علال البحراوي,34.0046273,-6.528449,icons/pharmacy.png,OSM
Rabat-Salé-Kénitra,Pharmacie Rbah صيدلية رباح,Parapharmacie,Formel,Sidi Allal Behraoui,34.0069664,-6.5237551,icons/pharmacy.png,OSM
Rabat-Salé-Kénitra,Pharmacie Niamat Chifaa صيدلية نعمة الشفاء,Parapharmacie,Formel,Sidi Allal El Bahraoui ⵙⵉⴷⵉ ⵄⵍⵍⴰⵍ ⴰⴱⵃⵔⴰⵡⵉ سيدي علال البحراوي,34.0126716,-6.5271723,icons/pharmacy.png,OSM
Rabat-Salé-Kénitra,Pharmacie El Manzeh صيدلية المنزه,Parapharmacie,Formel,Sidi Allal El Bahraoui ⵙⵉⴷⵉ ⵄⵍⵍⴰⵍ ⴰⴱⵃⵔⴰⵡⵉ سيدي علال البحراوي,34.0101681,-6.5254503,icons/pharmacy.png,OSM
Rabat-Salé-Kénitra,Pharmacie Al Massira صيدلية المسيرة,Parapharmacie,Formel,Sidi Allal El Bahraoui ⵙⵉⴷⵉ ⵄⵍⵍⴰⵍ ⴰⴱⵃⵔⴰⵡⵉ سيدي علال البحراوي,34.0058057,-6.5292859,icons/pharmacy.png,OSM
Rabat-Salé-Kénitra,Pharmacie Moumen صيدلية مومن,Parapharmacie,Formel,Sidi Allal El Bahraoui ⵙⵉⴷⵉ ⵄⵍⵍⴰⵍ ⴰⴱⵃⵔⴰⵡⵉ سيدي علال البحراوي,34.0130496,-6.5236049,icons/pharmacy.png,OSM
Rabat-Salé-Kénitra,Pharmacie Avicenne صيدلية ابن سينا,Parapharmacie,Formel,Sidi Allal El Bahraoui ⵙⵉⴷⵉ ⵄⵍⵍⴰⵍ ⴰⴱⵃⵔⴰⵡⵉ سيدي علال البحراوي,34.0065439,-6.5358197,icons/pharmacy.png,OSM
Rabat-Salé-Kénitra,Pharmacie Nada صيدلية نادا,Parapharmacie,Formel,Sidi Allal El Bahraoui ⵙⵉⴷⵉ ⵄⵍⵍⴰⵍ ⴰⴱⵃⵔⴰⵡⵉ سيدي علال البحراوي,34.0086429,-6.5325957,icons/pharmacy.png,OSM
Rabat-Salé-Kénitra,Pharmacie Belmouna صيدلية بلمونا,Parapharmacie,Formel,Sidi Allal El Bahraoui ⵙⵉⴷⵉ ⵄⵍⵍⴰⵍ ⴰⴱⵃⵔⴰⵡⵉ سيدي علال البحراوي,34.0100837,-6.529774,icons/pharmacy.png,OSM
Rabat-Salé-Kénitra,Pharmacie Chibh Al Jazeera صيدلية شبه الجزيرة,Parapharmacie,Formel,Sidi Allal El Bahraoui ⵙⵉⴷⵉ ⵄⵍⵍⴰⵍ ⴰⴱⵃⵔⴰⵡⵉ سيدي علال البحراوي,34.0109775,-6.5387648,icons/pharmacy.png,OSM
Rabat-Salé-Kénitra,Pharmacie Ouled Cherifa صيدلية أولاد شريفة,Parapharmacie,Formel,Tiflet ⵜⵉⴼⴼⵍⵜ تيفلت,33.8875255,-6.3102405,icons/pharmacy.png,OSM
Rabat-Salé-Kénitra,Pharmacie Nicolas صيدلية نيكولا,Parapharmacie,Formel,Tifelt,33.8876056,-6.3183354,icons/pharmacy.png,OSM
Rabat-Salé-Kénitra,Pharmacie Hay El Jadid صيدلية حي الجديد,Parapharmacie,Formel,Tiflet ⵜⵉⴼⴼⵍⵜ تيفلت,33.8832414,-6.3166027,icons/pharmacy.png,OSM
Rabat-Salé-Kénitra,Pharmacie Hamidi صيدلية حميدي,Parapharmacie,Formel,Tiflet ⵜⵉⴼⴼⵍⵜ تيفلت,33.8859134,-6.3152187,icons/pharmacy.png,OSM
Rabat-Salé-Kénitra,Pharmacie Prestige صيدلية بريستيج,Parapharmacie,Formel,Tifelt,33.8895383,-6.3105034,icons/pharmacy.png,OSM
Rabat-Salé-Kénitra,Pharmacie Laadir صيدلية لعادير,Parapharmacie,Formel,Tifelt,33.8900949,-6.3127457,icons/pharmacy.png,OSM
Rabat-Salé-Kénitra,Pharmacie Oued Eddahab صيدلية واد الذهب,Parapharmacie,Formel,Tifelt,33.8880777,-6.3153153,icons/pharmacy.png,OSM
Rabat-Salé-Kénitra,Pharmacie Abdelkrim El Khattabi صيدلية عبد الكريم الخطابي,Parapharmacie,Formel,Tiflet ⵜⵉⴼⴼⵍⵜ تيفلت,33.8885631,-6.3244241,icons/pharmacy.png,OSM
Rabat-Salé-Kénitra,Pharmacie Riad صيدلية رياض,Parapharmacie,Formel,Tiflet ⵜⵉⴼⴼⵍⵜ تيفلت,33.8896496,-6.320669,icons/pharmacy.png,OSM
Rabat-Salé-Kénitra,Pharmacie Al Boustane صيدلية البستان,Parapharmacie,Formel,Tiflet ⵜⵉⴼⴼⵍⵜ تيفلت,33.8854681,-6.3292145,icons/pharmacy.png,OSM
Rabat-Salé-Kénitra,Pharmacie Nabouia صيدلية نبوية,Parapharmacie,Formel,Tiflet ⵜⵉⴼⴼⵍⵜ تيفلت,33.8892221,-6.3298421,icons/pharmacy.png,OSM
Rabat-Salé-Kénitra,Pharmacie Intilak صيدلية الانطلاق,Parapharmacie,Formel,Tiflet ⵜⵉⴼⴼⵍⵜ تيفلت,33.8931051,-6.3301425,icons/pharmacy.png,OSM
Rabat-Salé-Kénitra,Pharmacie El Louani صيدلية اللواني,Parapharmacie,Formel,Tiflet ⵜⵉⴼⴼⵍⵜ تيفلت,33.8919429,-6.3229006,icons/pharmacy.png,OSM
Rabat-Salé-Kénitra,Pharmacie El Aissi صيدلية العايسي,Parapharmacie,Formel,Tiflet ⵜⵉⴼⴼⵍⵜ تيفلت,33.8927623,-6.3181531,icons/pharmacy.png,OSM
Rabat-Salé-Kénitra,Pharmacie Grande Mosquée صيدلية المسجد الكبير,Parapharmacie,Formel,Tiflet,33.8926064,-6.3110398,icons/pharmacy.png,OSM
Rabat-Salé-Kénitra,Pharmacie Nahda صيدلية النهضة,Parapharmacie,Formel,Tiflet ⵜⵉⴼⴼⵍⵜ تيفلت,33.8928736,-6.3160395,icons/pharmacy.png,OSM
Rabat-Salé-Kénitra,Pharmacie Hay Al Amal صيدلية حي الأمل,Parapharmacie,Formel,Tiflet,33.890892,-6.3107823,icons/pharmacy.png,OSM
Rabat-Salé-Kénitra,Pharmacie Al Aqsa صيدلية الأقصى,Parapharmacie,Formel,Tiflet ⵜⵉⴼⴼⵍⵜ تيفلت,33.8967876,-6.3180297,icons/pharmacy.png,OSM
Rabat-Salé-Kénitra,Pharmacie Centre Tiflet صيدلية مركز تيفلت,Parapharmacie,Formel,Tiflet,33.8929715,-6.3086956,icons/pharmacy.png,OSM
Rabat-Salé-Kénitra,Pharmacie Issraa صيدلية اسراء,Parapharmacie,Formel,Tiflet,33.8959505,-6.3078856,icons/pharmacy.png,OSM
Rabat-Salé-Kénitra,Pharmacie Arrachad صيدلية الرشاد,Parapharmacie,Formel,Tiflet,33.8989783,-6.3156049,icons/pharmacy.png,OSM
Rabat-Salé-Kénitra,Pharmacie El Khiryia صيدلية الخيرية,Parapharmacie,Formel,Tiflet,33.8955319,-6.3121717,icons/pharmacy.png,OSM
Rabat-Salé-Kénitra,Pharmacie El Farah صيدلية الفرح,Parapharmacie,Formel,Tiflet ⵜⵉⴼⴼⵍⵜ تيفلت,33.8941649,-6.3149237,icons/pharmacy.png,OSM
Rabat-Salé-Kénitra,Pharmacie Tiflet صيدلية تيفلت,Parapharmacie,Formel,Tiflet,33.8934658,-6.3128155,icons/pharmacy.png,OSM
Rabat-Salé-Kénitra,Pharmacie Ibn Nafiss صيدلية ابن النفيس,Parapharmacie,Formel,Tiflet,33.8951312,-6.3306736,icons/pharmacy.png,OSM
Rabat-Salé-Kénitra,Pharmacie Al Qutbeen صيدلية الكتبيين,Parapharmacie,Formel,Tiflet ⵜⵉⴼⴼⵍⵜ تيفلت,33.898346,-6.3180297,icons/pharmacy.png,OSM
Rabat-Salé-Kénitra,Pharmacie Walili صيدلية وليلي,Parapharmacie,Formel,Tiflet,33.8962176,-6.3271599,icons/pharmacy.png,OSM
Rabat-Salé-Kénitra,Pharmacie Larbi صيدلية لعربي,Parapharmacie,Formel,Tiflet,33.8986176,-6.3326745,icons/pharmacy.png,OSM
Rabat-Salé-Kénitra,Pharmacie Nour صيدلية نور,Parapharmacie,Formel,Tiflet,33.8967164,-6.329134,icons/pharmacy.png,OSM
Rabat-Salé-Kénitra,Pharmacie Dalia صيدلية دالية,Parapharmacie,Formel,Tiflet,33.8956076,-6.3364404,icons/pharmacy.png,OSM
Rabat-Salé-Kénitra,Pharmacie Pastor صيدلية باستور,Parapharmacie,Formel,Tiflet ⵜⵉⴼⴼⵍⵜ تيفلت,33.9000469,-6.3292306,icons/pharmacy.png,OSM
Rabat-Salé-Kénitra,Pharmacie Hajji صيدلية حجي,Parapharmacie,Formel,Tiflet,33.898582,-6.3400399,icons/pharmacy.png,OSM
Rabat-Salé-Kénitra,Pharmacie Al Felline صيدلية الفلين,Parapharmacie,Formel,Tiflet,33.9035287,-6.3353138,icons/pharmacy.png,OSM
Rabat-Salé-Kénitra,Pharmacie Al Khalil صيدلية الخليل,Parapharmacie,Formel,Tiflet,33.9016097,-6.3395839,icons/pharmacy.png,OSM
Rabat-Salé-Kénitra,Pharmacie Limoges صيدلية ليموج,Parapharmacie,Formel,Khémisset,33.8192074,-6.0821074,icons/pharmacy.png,OSM
Rabat-Salé-Kénitra,Pharmacie Hay Assaada صيدلية حي السعادة,Parapharmacie,Formel,Khémisset,33.8134503,-6.0643894,icons/pharmacy.png,OSM
Rabat-Salé-Kénitra,Pharmacie Al Mansour صيدلية المنصور,Parapharmacie,Formel,Khémisset,33.8225174,-6.0847575,icons/pharmacy.png,OSM
Rabat-Salé-Kénitra,Pharmacie Haykal صيدلية هيكل,Parapharmacie,Formel,Khémisset,33.8338388,-6.0846039,icons/pharmacy.png,OSM
Rabat-Salé-Kénitra,Pharmacie Mohamed Zerktouni صيدلية محمد الزرقطوني,Parapharmacie,Formel,Khémisset,33.8348037,-6.0781568,icons/pharmacy.png,OSM
Rabat-Salé-Kénitra,Pharmacie Kadi Ayyad صيدلية القاضي عياض,Parapharmacie,Formel,Khémisset,33.8113394,-6.0751378,icons/pharmacy.png,OSM
Rabat-Salé-Kénitra,Pharmacie Assafar صيدلية السفر,Parapharmacie,Formel,Khémisset,33.8149238,-6.0576133,icons/pharmacy.png,OSM
Rabat-Salé-Kénitra,Pharmacie Al Masjid Al Kadim صيدلية المسجد القديم,Parapharmacie,Formel,KHEMISSET,33.8240073,-6.0691628,icons/pharmacy.png,OSM
Rabat-Salé-Kénitra,Pharmacie Annasr صيدلية النصر,Parapharmacie,Formel,Khémisset,33.834177,-6.0656779,icons/pharmacy.png,OSM
Rabat-Salé-Kénitra,Pharmacie Assalam صيدلية السلام,Parapharmacie,Formel,KHEMISSET,33.8272186,-6.0674074,icons/pharmacy.png,OSM
Rabat-Salé-Kénitra,Pharmacie Khémisset صيدلية الخميسات,Parapharmacie,Formel,KHEMISSET,33.823884,-6.0665943,icons/pharmacy.png,OSM
Rabat-Salé-Kénitra,Pharmacie Khalid صيدلية خالد,Parapharmacie,Formel,Khémisset,33.8107817,-6.0720853,icons/pharmacy.png,OSM
Rabat-Salé-Kénitra,Pharmacie Belmiloudi صيدلية بلميلودي,Parapharmacie,Formel,Khémisset,33.8070063,-6.0887899,icons/pharmacy.png,OSM
Rabat-Salé-Kénitra,Pharmacie El Hanae صيدلية الهناء,Parapharmacie,Formel,Khémisset,33.8202275,-6.06309,icons/pharmacy.png,OSM
Rabat-Salé-Kénitra,Pharmacie Hakamat صيدلية حكمات,Parapharmacie,Formel,Khémisset,33.8304728,-6.0596374,icons/pharmacy.png,OSM
Rabat-Salé-Kénitra,Pharmacie Al Firdaouss صيدلية الفردوس,Parapharmacie,Formel,Khémisset,33.8295721,-6.0675107,icons/pharmacy.png,OSM
Rabat-Salé-Kénitra,Pharmacie Lotissement Rahali صيدلية تجزئة رحالي,Parapharmacie,Formel,Khémisset,33.808768,-6.0825582,icons/pharmacy.png,OSM
Rabat-Salé-Kénitra,Pharmacie Clinique صيدلية المصحة,Parapharmacie,Formel,Khémisset,33.8313359,-6.0630706,icons/pharmacy.png,OSM
Rabat-Salé-Kénitra,Pharmacie Carrefour صيدلية كارفور,Parapharmacie,Formel,Khémisset,33.826625,-6.0913791,icons/pharmacy.png,OSM
Rabat-Salé-Kénitra,Pharmacie Arrachad صيدلية الرشاد,Parapharmacie,Formel,Khémisset,33.8259218,-6.0750514,icons/pharmacy.png,OSM
Rabat-Salé-Kénitra,Pharmacie Marhaba صيدلية مرحبا,Parapharmacie,Formel,KHEMISSET,33.8258355,-6.0658392,icons/pharmacy.png,OSM
Rabat-Salé-Kénitra,Pharmacie Ait Ben Moussa صيدلية أيت بن موسى,Parapharmacie,Formel,Khémisset,33.8169773,-6.0864957,icons/pharmacy.png,OSM
Rabat-Salé-Kénitra,Pharmacie Ibn Al Baitar صيدلية ابن البيطار,Parapharmacie,Formel,Khémisset,33.8102994,-6.0784088,icons/pharmacy.png,OSM
Rabat-Salé-Kénitra,Pharmacie Zone Industrielle صيدلية المنطقة الصناعية,Parapharmacie,Formel,Khémisset,33.8209947,-6.0784847,icons/pharmacy.png,OSM
Rabat-Salé-Kénitra,Pharmacie Assafar صيدلية السفر,Parapharmacie,Formel,Khémisset,33.8252355,-6.0866613,icons/pharmacy.png,OSM
Rabat-Salé-Kénitra,Pharmacie Jihan صيدلية جهان,Parapharmacie,Formel,Khémisset,33.8133758,-6.09041,icons/pharmacy.png,OSM
Rabat-Salé-Kénitra,Pharmacie Al Karama صيدلية الكرامة,Parapharmacie,Formel,Khémisset,33.8355917,-6.0701351,icons/pharmacy.png,OSM
Rabat-Salé-Kénitra,Pharmacie Al Wafae صيدلية الوفاء,Parapharmacie,Formel,"Avenue Mohamed V, Khémisset",33.8260397,-6.0779813,icons/pharmacy.png,OSM
Rabat-Salé-Kénitra,Pharmacie Bellamine صيدلية بلامين,Parapharmacie,Formel,Khémisset,33.8364824,-6.0738683,icons/pharmacy.png,OSM
Rabat-Salé-Kénitra,Pharmacie Nezha صيدلية نزهة,Parapharmacie,Formel,KHEMISSET,33.8394528,-6.0701329,icons/pharmacy.png,OSM
Rabat-Salé-Kénitra,Pharmacie Taibi صيدلية طيبي,Parapharmacie,Formel,Khémisset ⵅⴻⵎⵉⵙⵙⴻⵜ الخميسات,33.8321283,-6.0884426,icons/pharmacy.png,OSM
Rabat-Salé-Kénitra,Pharmacie Masjid Al Yamane صيدلية مسجد اليمن,Parapharmacie,Formel,"Rue Chouaib Doukkali, Khémisset ⵅⴻⵎⵉⵙⵙⴻⵜ الخميسات",33.8310881,-6.0716682,icons/pharmacy.png,OSM
Rabat-Salé-Kénitra,Pharmacie Mimouza صيدلية ميموزا,Parapharmacie,Formel,Khémisset,33.8276966,-6.0836815,icons/pharmacy.png,OSM
Rabat-Salé-Kénitra,Pharmacie Chana صيدلية شانة,Parapharmacie,Formel,Khémisset,33.8326165,-6.0755238,icons/pharmacy.png,OSM
Rabat-Salé-Kénitra,Pharmacie Taddart صيدلية تدارت,Parapharmacie,Formel,Khémisset,33.8307575,-6.0977702,icons/pharmacy.png,OSM
Rabat-Salé-Kénitra,Pharmacie Arrayhane صيدلية الريحان,Parapharmacie,Formel,Khémisset,33.830594,-6.0832433,icons/pharmacy.png,OSM
Rabat-Salé-Kénitra,Pharmacie Najah صيدلية نجاح,Parapharmacie,Formel,Khémisset,33.8336833,-6.0690831,icons/pharmacy.png,OSM
Rabat-Salé-Kénitra,Pharmacie Imam Malik صيدلية امام مالك,Parapharmacie,Formel,Khémisset,33.8334742,-6.0812674,icons/pharmacy.png,OSM
Rabat-Salé-Kénitra,Pharmacie Al Mostakbal صيدلية المستقبل,Parapharmacie,Formel,Khémisset,33.8299083,-6.0775527,icons/pharmacy.png,OSM
Rabat-Salé-Kénitra,Pharmacie Hourri صيدلية حوري,Parapharmacie,Formel,Khémisset,33.8316033,-6.0681409,icons/pharmacy.png,OSM
Rabat-Salé-Kénitra,Pharmacie Sahara صيدلية الصحراء,Parapharmacie,Formel,Khémisset ⵅⴻⵎⵉⵙⵙⴻⵜ الخميسات,33.8301666,-6.072581,icons/pharmacy.png,OSM
Rabat-Salé-Kénitra,Pharmacie Maamoura صيدلية معمورة,Parapharmacie,Formel,Khémisset,33.8341175,-6.0714645,icons/pharmacy.png,OSM
Rabat-Salé-Kénitra,Pharmacie Chateau صيدلية الشاطو,Parapharmacie,Formel,Khémisset,33.8378438,-6.0797827,icons/pharmacy.png,OSM
Rabat-Salé-Kénitra,Pharmacie Belhassan Louazzani صيدلية بلحسن الوزاني,Parapharmacie,Formel,Khémisset,33.8371416,-6.0877399,icons/pharmacy.png,OSM
Rabat-Salé-Kénitra,Pharmacie Al Warda صيدلية الوردة,Parapharmacie,Formel,Khémisset,33.8367717,-6.0828611,icons/pharmacy.png,OSM
Rabat-Salé-Kénitra,Pharmacie L'Hôpital صيدلية المستشفى,Parapharmacie,Formel,Khémisset,33.8438073,-6.0660822,icons/pharmacy.png,OSM
Rabat-Salé-Kénitra,Pharmacie Boutayna صيدلية بثينة,Parapharmacie,Formel,Benslimane,33.5972429,-7.1142164,icons/pharmacy.png,OSM
Rabat-Salé-Kénitra,Pharmacie Hay Annasr صيدلية حي النصر,Parapharmacie,Formel,Ain El Aouda ⵄⵉⵏ ⵄⵡⴷⴰ عين العودة,33.7970987,-6.8041633,icons/pharmacy.png,OSM
Rabat-Salé-Kénitra,Pharmacie Souk صيدلية السوق,Parapharmacie,Formel,Ain El Aouda ⵄⵉⵏ ⵄⵡⴷⴰ عين العودة,33.7949159,-6.8013431,icons/pharmacy.png,OSM
Rabat-Salé-Kénitra,Pharmacie Nadine صيدلية نادين,Parapharmacie,Formel,Ain El Aouda,33.7991956,-6.7924179,icons/pharmacy.png,OSM
Rabat-Salé-Kénitra,Pharmacie Firdaous صيدلية فردوس,Parapharmacie,Formel,Ain El Aouda ⵄⵉⵏ ⵄⵡⴷⴰ عين العودة,33.7941705,-6.8091067,icons/pharmacy.png,OSM
Rabat-Salé-Kénitra,Pharmacie Phenix صيدلية فينكس,Parapharmacie,Formel,Ain El Aouda ⵄⵉⵏ ⵄⵡⴷⴰ عين العودة,33.7871423,-6.7919483,icons/pharmacy.png,OSM
Rabat-Salé-Kénitra,Pharmacie Wadi Laymoun صيدلية واد الليمون,Parapharmacie,Formel,Ain El Aouda ⵄⵉⵏ ⵄⵡⴷⴰ عين العودة,33.792023,-6.7949233,icons/pharmacy.png,OSM
Rabat-Salé-Kénitra,Pharmacie Musalla صيدلية مصلى,Parapharmacie,Formel,Ain El Aouda,33.7905159,-6.7979113,icons/pharmacy.png,OSM
Rabat-Salé-Kénitra,Pharmacie Riad Al Kheir صيدلية رياض الخير,Parapharmacie,Formel,Ain El Aouda ⵄⵉⵏ ⵄⵡⴷⴰ عين العودة,33.8054178,-6.8097714,icons/pharmacy.png,OSM
Rabat-Salé-Kénitra,Pharmacie Mohamed Ghali صيدلية محمد غالي,Parapharmacie,Formel,Ain El Aouda,33.7992385,-6.795735,icons/pharmacy.png,OSM
Rabat-Salé-Kénitra,Pharmacie Azzahrae صيدلية الزهراء,Parapharmacie,Formel,Ain El Aouda,33.804855,-6.7983072,icons/pharmacy.png,OSM
Rabat-Salé-Kénitra,Pharmacie Karim صيدلية كريم,Parapharmacie,Formel,Ain El Aouda,33.797694,-6.8012979,icons/pharmacy.png,OSM
Rabat-Salé-Kénitra,Pharmacie Hafsa صيدلية حفصى,Parapharmacie,Formel,Ain El Aouda,33.7985681,-6.8076288,icons/pharmacy.png,OSM
Rabat-Salé-Kénitra,Pharmacie Ain Aouda صيدلية عين عودة,Parapharmacie,Formel,Ain El Aouda,33.8034268,-6.7900107,icons/pharmacy.png,OSM
Rabat-Salé-Kénitra,Pharmacie Assanabil صيدلية السنابل,Parapharmacie,Formel,Ain El Aouda,33.8012817,-6.8053378,icons/pharmacy.png,OSM
Rabat-Salé-Kénitra,Pharmacie Al Amal صيدلية الأمل,Parapharmacie,Formel,Ain El Aouda ⵄⵉⵏ ⵄⵡⴷⴰ عين العودة,33.8026438,-6.794128,icons/pharmacy.png,OSM
Rabat-Salé-Kénitra,Pharmacie Al Hayat صيدلية الحياة,Parapharmacie,Formel,Ain El Aouda ⵄⵉⵏ ⵄⵡⴷⴰ عين العودة,33.8032234,-6.7803525,icons/pharmacy.png,OSM
Rabat-Salé-Kénitra,Pharmacie Addoha صيدلية الضحى,Parapharmacie,Formel,Ain El Aouda,33.8020546,-6.7973193,icons/pharmacy.png,OSM
Rabat-Salé-Kénitra,Pharmacie Les Parents صيدلية الوالدين,Parapharmacie,Formel,Ain El Aouda,33.8050299,-6.7869474,icons/pharmacy.png,OSM
Rabat-Salé-Kénitra,Pharmacie Chiguer صيدلية شيكر,Parapharmacie,Formel,Ain El Aouda ⵄⵉⵏ ⵄⵡⴷⴰ عين العودة,33.8098186,-6.7952564,icons/pharmacy.png,OSM
Rabat-Salé-Kénitra,Pharmacie Ouled Zaer صيدلية أولاد زعير,Parapharmacie,Formel,Ain El Aouda ⵄⵉⵏ ⵄⵡⴷⴰ عين العودة,33.8040832,-6.7844797,icons/pharmacy.png,OSM
Rabat-Salé-Kénitra,Pharmacie Zone Industrielle صيدلية المنطقة الصناعية,Parapharmacie,Formel,Ain El Aouda ⵄⵉⵏ ⵄⵡⴷⴰ عين العودة,33.8012124,-6.7855209,icons/pharmacy.png,OSM
Rabat-Salé-Kénitra,Pharmacie Al Fadl صيدلية الفضل,Parapharmacie,Formel,Ain El Aouda ⵄⵉⵏ ⵄⵡⴷⴰ عين العودة,33.8066036,-6.7761639,icons/pharmacy.png,OSM
Rabat-Salé-Kénitra,Pharmacie Al Irchad صيدلية الارشاد,Parapharmacie,Formel,Ain El Aouda,33.806791,-6.7859226,icons/pharmacy.png,OSM
Rabat-Salé-Kénitra,Pharmacie Arrajae صيدلية الرجاء,Parapharmacie,Formel,Ain El Aouda ⵄⵉⵏ ⵄⵡⴷⴰ عين العودة,33.8063695,-6.7818332,icons/pharmacy.png,OSM
Rabat-Salé-Kénitra,Pharmacie La Vallée صيدلية لافالي,Parapharmacie,Formel,Ain El Aouda ⵄⵉⵏ ⵄⵡⴷⴰ عين العودة,33.8067405,-6.791105,icons/pharmacy.png,OSM
Rabat-Salé-Kénitra,Pharmacie Saber صيدلية صابر,Parapharmacie,Formel,Mers El Kheir ⵄⵉⵏ ⵄⵜⵉⵇ مرس الخير,33.8647617,-6.9331717,icons/pharmacy.png,OSM
Rabat-Salé-Kénitra,Pharmacie Bel Hssain صيدلية بلحساين,Parapharmacie,Formel,Tamesna,33.8273291,-6.9018171,icons/pharmacy.png,OSM
Rabat-Salé-Kénitra,Pharmacie El Basma صيدلية البسمة,Parapharmacie,Formel,Tamesna,33.8280874,-6.9039744,icons/pharmacy.png,OSM
Rabat-Salé-Kénitra,Pharmacie Attaouhid صيدلية التوحيد,Parapharmacie,Formel,Tamesna,33.8308233,-6.9011989,icons/pharmacy.png,OSM
Rabat-Salé-Kénitra,Pharmacie Centrale الصيدلية المركزية,Parapharmacie,Formel,Tamesna,33.8289753,-6.9158519,icons/pharmacy.png,OSM
Rabat-Salé-Kénitra,Pharmacie Sidi YAhya Zaer صيدلية سيدي يحيى زعير,Parapharmacie,Formel,Tamesna,33.826477,-6.9032987,icons/pharmacy.png,OSM
Rabat-Salé-Kénitra,Pharmacie Centrale Alaoui الصيدلية المركزية العلوي,Parapharmacie,Formel,Tamesna,33.8271995,-6.9041089,icons/pharmacy.png,OSM
Rabat-Salé-Kénitra,Pharmacie Principale الصيدلية الرئيسية,Parapharmacie,Formel,Tamesna,33.8303983,-6.9131197,icons/pharmacy.png,OSM
Rabat-Salé-Kénitra,Pharmacie La Commune صيدلية الجماعة,Parapharmacie,Formel,Tamesna,33.8302219,-6.9065651,icons/pharmacy.png,OSM
Rabat-Salé-Kénitra,Pharmacie Tamesna صيدلية تامسنا,Parapharmacie,Formel,Tamesna,33.8387902,-6.913033,icons/pharmacy.png,OSM
Rabat-Salé-Kénitra,Pharmacie Al Boraq صيدلية البراق,Parapharmacie,Formel,Tamesna,33.8388973,-6.9324059,icons/pharmacy.png,OSM
Rabat-Salé-Kénitra,Pharmacie Sendid صيدلية صنديد,Parapharmacie,Formel,Tamesna,33.8360458,-6.925908,icons/pharmacy.png,OSM
Rabat-Salé-Kénitra,Pharmacie Soussan صيدلية سوسن,Parapharmacie,Formel,Temsna,33.8335635,-6.9238843,icons/pharmacy.png,OSM
Rabat-Salé-Kénitra,Pharmacie Al Ward صيدلية الورد,Parapharmacie,Formel,Tamesna,33.8369218,-6.9220432,icons/pharmacy.png,OSM
Rabat-Salé-Kénitra,Pharmacie Nassim Assabah صيدلية نسيم الصباح,Parapharmacie,Formel,Tamesna,33.8485737,-6.9281727,icons/pharmacy.png,OSM
Rabat-Salé-Kénitra,La Grande Pharmacie الصيدلية الكبرى,Parapharmacie,Formel,Tamesna,33.838862,-6.9247683,icons/pharmacy.png,OSM
Rabat-Salé-Kénitra,Pharmacie Nouvelle الصيدلية الجديدة,Parapharmacie,Formel,Tamesna,33.8335296,-6.9280706,icons/pharmacy.png,OSM
Rabat-Salé-Kénitra,Pharmacie Madar Annour صيدلية مدار النور,Parapharmacie,Formel,Tamesna,33.8475508,-6.9312341,icons/pharmacy.png,OSM
Rabat-Salé-Kénitra,Pharmacie Labbayk صيدلية لبيك,Parapharmacie,Formel,Mers El Kheir ⵎⵔⵙ ⵍⵅⵉⵔ مرس الخير,33.8637995,-6.9296526,icons/pharmacy.png,OSM
Rabat-Salé-Kénitra,Pharmacie Masjid Annour صيدلية مسجد النور,Parapharmacie,Formel,Tamesna,33.8470047,-6.9359075,icons/pharmacy.png,OSM
Rabat-Salé-Kénitra,Pharmacie Nouvelle Ville صيدلية المدينة الجديدة,Parapharmacie,Formel,Tamesna,33.8504085,-6.9332897,icons/pharmacy.png,OSM
Rabat-Salé-Kénitra,Pharmacie Al Imrane صيدلية العمران,Parapharmacie,Formel,Mers El Kheir ⵄⵉⵏ ⵄⵜⵉⵇ مرس الخير,33.8610201,-6.9288978,icons/pharmacy.png,OSM
Rabat-Salé-Kénitra,Pharmacie Mers El Kheir صيدلية مرس الخير,Parapharmacie,Formel,Mers El Kheir,33.8708641,-6.9186411,icons/pharmacy.png,OSM
Rabat-Salé-Kénitra,Pharmacie Bab Zair صيدلية باب زعير,Parapharmacie,Formel,Ain El Aouda,33.8104789,-6.7862524,icons/pharmacy.png,OSM
Rabat-Salé-Kénitra,Pharmacie Dounia Al Ossra صيدلية دنيا الأسرة,Parapharmacie,Formel,Ain El Aouda ⵄⵉⵏ ⵄⵡⴷⴰ عين العودة,33.8038708,-6.803564,icons/pharmacy.png,OSM
Rabat-Salé-Kénitra,Pharmacie Chrata صيدلية شراطة,Parapharmacie,Formel,Ain El Aouda,33.8000619,-6.8000439,icons/pharmacy.png,OSM
Rabat-Salé-Kénitra,Pharmacie la Mosquée Pam صيدلية مسجد بام,Parapharmacie,Formel,Ain El Aouda ⵄⵉⵏ ⵄⵡⴷⴰ عين العودة,33.808085,-6.7928416,icons/pharmacy.png,OSM
Rabat-Salé-Kénitra,Pharmacie Hafsa Bint Omar صيدلية حفصة بنت عمر,Parapharmacie,Formel,Tiflet ⵜⵉⴼⴼⵍⵜ تيفلت,33.8889792,-6.3175273,icons/pharmacy.png,OSM
Rabat-Salé-Kénitra,Pharmacie Naji صيدلية الناجي,Parapharmacie,Formel,Khémisset,33.8380249,-6.0751614,icons/pharmacy.png,OSM
Rabat-Salé-Kénitra,Pharmacie Al Fajr صيدلية الفجر,Parapharmacie,Formel,Khemisset,33.8071806,-6.0857853,icons/pharmacy.png,OSM
Rabat-Salé-Kénitra,Pharmacie Al Amala صيدلية العمالة,Parapharmacie,Formel,"Zenkat Al Qods, Khemisset",33.8190053,-6.0682527,icons/pharmacy.png,OSM
Rabat-Salé-Kénitra,Pharmacie Al Houda صيدلية الهدى,Parapharmacie,Formel,Khemisset,33.8165575,-6.0677983,icons/pharmacy.png,OSM
Rabat-Salé-Kénitra,Pharmacie Al Fath صيدلية الفتح,Parapharmacie,Formel,"Boulevard Cadi Ayad, Khemisset",33.8134214,-6.0735056,icons/pharmacy.png,OSM
Rabat-Salé-Kénitra,Pharmacie Sidi Ghrib صيدلية سيدي غريب,Parapharmacie,Formel,"Avenue Al Wardnine, Khémisset",33.8342588,-6.0647357,icons/pharmacy.png,OSM
Rabat-Salé-Kénitra,Pharmacie Filatova صيدلية فيلاتوفا,Parapharmacie,Formel,"Rue Quiraouane, Khémisset",33.8330394,-6.0614047,icons/pharmacy.png,OSM
Rabat-Salé-Kénitra,Pharmacie et Laboratoire Atlas صيدلية و مختبر الأطلس,Parapharmacie,Formel,"Avenue Mohamed V, KHEMISSET",33.8258559,-6.0691902,icons/pharmacy.png,OSM
Rabat-Salé-Kénitra,Pharmacie Centrale الصيدلية المركزية,Parapharmacie,Formel,"Zenkat Comnandant Rahmani Allal, KHEMISSET",33.8272307,-6.0638701,icons/pharmacy.png,OSM
Rabat-Salé-Kénitra,Pharmacie Al Wahda صيدلية الوحدة,Parapharmacie,Formel,Khemisset,33.823629,-6.0773064,icons/pharmacy.png,OSM
Rabat-Salé-Kénitra,Pharmacie El Yassamine صيدلية الياسمين,Parapharmacie,Formel,Khémisset,33.8287424,-6.0891561,icons/pharmacy.png,OSM
Rabat-Salé-Kénitra,Pharmacie Zemmour صيدلية زمور,Parapharmacie,Formel,"Boulevard Mohamed V, Khemisset",33.8260867,-6.0714923,icons/pharmacy.png,OSM
Rabat-Salé-Kénitra,Pharmacie Al Kawtar صيدلية الكوثر,Parapharmacie,Formel,"Rue Hilali, Khémisset",33.8284161,-6.0690121,icons/pharmacy.png,OSM
Rabat-Salé-Kénitra,Pharmacie Lirac صيدلية ليراك,Parapharmacie,Formel,Khemisset,33.8208441,-6.0709123,icons/pharmacy.png,OSM
Rabat-Salé-Kénitra,Pharmacie El Kachla صيدلية القشلة,Parapharmacie,Formel,Rommani ⵕⵯⵎⵎⴰⵏⵉ الرماني,33.517233,-6.6011552,icons/pharmacy.png,OSM
Rabat-Salé-Kénitra,La Grande Pharmacie الصيدلية الكبرى,Parapharmacie,Formel,Rommani ⵕⵯⵎⵎⴰⵏⵉ الرماني,33.5288234,-6.605735,icons/pharmacy.png,OSM
Rabat-Salé-Kénitra,Pharmacie Centrale الصيدلية المركزية,Parapharmacie,Formel,"Avenue Ibn Yassine, Rommani ⵕⵯⵎⵎⴰⵏⵉ الرماني",33.5305165,-6.6022678,icons/pharmacy.png,OSM
Rabat-Salé-Kénitra,Green Village Rabat,Supermarché,Formel,Green Village Rabat,33.9883456,-6.8278641,icons/supermarket.png,OSM
Rabat-Salé-Kénitra,Pharmacie Al Fajr صيدلية الفجر,Parapharmacie,Formel,Sidi Yahya du Gharb,34.3013916,-6.3104253,icons/pharmacy.png,OSM
Rabat-Salé-Kénitra,Pharmacie Tahiri صيدلية الطاهري,Parapharmacie,Formel,"Rue Belkssis, Sidi Yahya du Rharb",34.3086277,-6.3088469,icons/pharmacy.png,OSM
Rabat-Salé-Kénitra,Pharmacie Al Ooma صيدلية الأمة,Parapharmacie,Formel,Sidi Yahya du Gharb,34.3034642,-6.3016199,icons/pharmacy.png,OSM
Rabat-Salé-Kénitra,Pharmacie Malak صيدلية ملاك,Parapharmacie,Formel,"Avenue Mohamed V, Sidi Yahya du Gharb ⵙⵉⴷⵉ ⵉⵃⵢⴰ ⵏ ⵍⵖⴰⵔⴱ سيدي يحيى الغرب",34.3075921,-6.3022126,icons/pharmacy.png,OSM
Rabat-Salé-Kénitra,MOOJOOD (موجود),Restaurant,Formel,MOOJOOD (موجود),34.0008186,-6.856458,icons/restaurant.png,OSM
Rabat-Salé-Kénitra,ستاربكس,Café,Formel,ستاربكس,34.0003715,-6.8569275,icons/cafe.png,OSM
Rabat-Salé-Kénitra,Pharmacie Meriem صيدلية مريم,Parapharmacie,Formel,Souk El Arbaa ⵙⵓⵇ ⵍⴰⵔⴱⵄⴰ سوق الأربعاء,34.6781595,-6.0097456,icons/pharmacy.png,OSM
Rabat-Salé-Kénitra,Pharmacie Al Amane صيدلية الأمان,Parapharmacie,Formel,"Rue des Ecoles, Souk El Arbaa ⵙⵓⵇ ⵍⴰⵔⴱⵄⴰ سوق الأربعاء",34.68266,-6.0039079,icons/pharmacy.png,OSM
Rabat-Salé-Kénitra,Pharmacie Pam صيدلية بام,Parapharmacie,Formel,Souk El Arbaa ⵙⵓⵇ ⵍⴰⵔⴱⵄⴰ سوق الأربعاء,34.6797725,-6.004848,icons/pharmacy.png,OSM
Rabat-Salé-Kénitra,Pharmacie L'Hopital صيدلية المستشفى,Parapharmacie,Formel,"Mfadel Cherkaoui, Souk El Arbaa ⵙⵓⵇ ⵍⴰⵔⴱⵄⴰ سوق الأربعاء",34.6823087,-6.0020829,icons/pharmacy.png,OSM
Rabat-Salé-Kénitra,Pharmacie Badr صيدلية بدر,Parapharmacie,Formel,"Avenue Abdelmoumen Ben Ali, Souk El Arbaa ⵙⵓⵇ ⵍⴰⵔⴱⵄⴰ سوق الأربعاء",34.6847598,-6.0015233,icons/pharmacy.png,OSM
Rabat-Salé-Kénitra,Pharmacie Du Grand Maghreb صيدلية المغرب الكبير,Parapharmacie,Formel,Souk El Arbaa ⵙⵓⵇ ⵍⴰⵔⴱⵄⴰ سوق الأربعاء,34.6859234,-6.0028666,icons/pharmacy.png,OSM
Rabat-Salé-Kénitra,Pharmacie Arrazi صيدلية الرازي,Parapharmacie,Formel,Souk El Arbaa ⵙⵓⵇ ⵍⴰⵔⴱⵄⴰ سوق الأربعاء,34.6895356,-6.0071354,icons/pharmacy.png,OSM
Rabat-Salé-Kénitra,Pharmacie Al Masjid صيدلية المسجد,Parapharmacie,Formel,"Avenue Al Moukaouama, Souk El Arba Du Gharb ⵙⵓⵇ ⵍⴰⵔⴱⵄⴰ ⵏ ⵍⵖⴰⵔⴱ سوق الأربعاء الغرب",34.6887379,-6.0001529,icons/pharmacy.png,OSM
Rabat-Salé-Kénitra,Pharmacie Al Fath صيدلية الفتح,Parapharmacie,Formel,"Rue Youssef Ibn Tachafine, Souk El Arbaa ⵙⵓⵇ ⵍⴰⵔⴱⵄⴰ سوق الأربعاء",34.6868216,-6.0027086,icons/pharmacy.png,OSM
Rabat-Salé-Kénitra,Supérette / Mini-market sans nom,Supérette / Mini-market,Formel,Supérette / Mini-market sans nom,34.2673179,-6.6435276,icons/convenience.png,OSM
Rabat-Salé-Kénitra,Boulangerie Pâtisserie Balima,Boulangerie,Formel,Boulangerie Pâtisserie Balima,34.2558102,-6.6222404,icons/bakery.png,OSM
Rabat-Salé-Kénitra,Restaurant sans nom,Restaurant,Formel,Restaurant sans nom,34.2572854,-6.622472,icons/restaurant.png,OSM
Rabat-Salé-Kénitra,مقهى الموعد,Café,Formel,مقهى الموعد,34.0345134,-6.8243357,icons/cafe.png,OSM
Rabat-Salé-Kénitra,Bim,Supermarché,Formel,Bim,34.0410363,-6.806028,icons/supermarket.png,OSM
Rabat-Salé-Kénitra,Supérette / Mini-market sans nom,Supérette / Mini-market,Formel,Supérette / Mini-market sans nom,33.9894352,-6.8513228,icons/convenience.png,OSM
Rabat-Salé-Kénitra,Domino's,Restaurant,Formel,"Bd Yacoub Al Mansoiur, Mohammédia المحمدية",33.7034038,-7.3983982,icons/restaurant.png,OSM
Rabat-Salé-Kénitra,Eat Néocantine,Restaurant,Formel,Eat Néocantine,33.9561737,-6.868444,icons/restaurant.png,OSM
Rabat-Salé-Kénitra,MY PARA PHARMACIE,Parapharmacie,Formel,"Avenue Bouabid شارع بوعبيد, salé",34.0472516,-6.7794141,icons/pharmacy.png,OSM
Rabat-Salé-Kénitra,Sandfood,Restaurant,Formel,Sandfood,33.9558207,-6.8690994,icons/restaurant.png,OSM
Rabat-Salé-Kénitra,مقتصدية التعليم سيدي البرنوصي,Supermarché,Formel,مقتصدية التعليم سيدي البرنوصي,33.6083504,-7.4998647,icons/supermarket.png,OSM
Rabat-Salé-Kénitra,Restaurant sans nom,Restaurant,Formel,Restaurant sans nom,33.5007548,-7.3378948,icons/restaurant.png,OSM
Rabat-Salé-Kénitra,Allo Beldi,Restaurant,Formel,Allo Beldi,34.003439,-6.8463787,icons/restaurant.png,OSM
Rabat-Salé-Kénitra,La Table d'à Côté,Café,Formel,La Table d'à Côté,34.0180194,-6.8291722,icons/cafe.png,OSM
Rabat-Salé-Kénitra,Café Carrion,Café,Formel,Rue 16 Novembre شارع 16 نوفمبر,33.9924418,-6.8474788,icons/cafe.png,OSM
Rabat-Salé-Kénitra,Villarica,Restaurant,Formel,Villarica,34.0003815,-6.8470908,icons/restaurant.png,OSM
Rabat-Salé-Kénitra,Meeting,Café,Formel,Meeting,33.9868822,-6.8504739,icons/cafe.png,OSM
Rabat-Salé-Kénitra,Tacos,Restaurant,Formel,Tacos,33.8684555,-7.0584334,icons/restaurant.png,OSM
Rabat-Salé-Kénitra,Restaurant sans nom,Restaurant,Formel,Restaurant sans nom,33.8684766,-7.0627496,icons/restaurant.png,OSM
Rabat-Salé-Kénitra,Restaurant sans nom,Restaurant,Formel,Restaurant sans nom,33.99226,-6.8828604,icons/restaurant.png,OSM
Rabat-Salé-Kénitra,Café sans nom,Café,Formel,Café sans nom,33.9923885,-6.88279,icons/cafe.png,OSM
Rabat-Salé-Kénitra,Restaurant sans nom,Restaurant,Formel,Restaurant sans nom,34.0530327,-6.8233054,icons/restaurant.png,OSM
Rabat-Salé-Kénitra,Café sans nom,Café,Formel,Café sans nom,34.0586819,-6.8177426,icons/cafe.png,OSM
Rabat-Salé-Kénitra,Restaurant sans nom,Restaurant,Formel,Restaurant sans nom,34.0292784,-6.8231517,icons/restaurant.png,OSM
Rabat-Salé-Kénitra,SUNRISE,Café,Formel,"Rue Ibn Yassin شارع ابن ياسين, Sidi Yahya El Gharb ⵙⵉⴷⵉ ⵉⵃⵢⴰ ⵏ ⵍⵖⴰⵔⴱ سيدي يحيى الغرب",34.3078022,-6.3047366,icons/cafe.png,OSM
Rabat-Salé-Kénitra,Pharmacie Jawharat Skhirat صيدلية جوهرة الصخيرات,Parapharmacie,Formel,Skhirate الصخيرات,33.8299291,-7.0781534,icons/pharmacy.png,OSM
Rabat-Salé-Kénitra,Pharmacie Al Mandar صيدلية المنظر,Parapharmacie,Formel,Skhirate,33.8434966,-7.0559183,icons/pharmacy.png,OSM
Rabat-Salé-Kénitra,Pharmacie Amani صيدلية أماني,Parapharmacie,Formel,Skhirate الصخيرات,33.8331123,-7.0570035,icons/pharmacy.png,OSM
Rabat-Salé-Kénitra,Pharmacie Kanza صيدلية كنزة,Parapharmacie,Formel,Skhirate الصخيرات,33.8314388,-7.0538728,icons/pharmacy.png,OSM
Rabat-Salé-Kénitra,Pharmacie Bichifa صيدلية بالشفاء,Parapharmacie,Formel,Skhirate الصخيرات,33.8440205,-7.0462371,icons/pharmacy.png,OSM
Rabat-Salé-Kénitra,Pharmacie Bassatine Skhirate صيدلية بساتين الصخيرات,Parapharmacie,Formel,Skhirat,33.8375833,-7.0385862,icons/pharmacy.png,OSM
Rabat-Salé-Kénitra,Pharmacie Rifki صيدلية رفقي,Parapharmacie,Formel,Skhirat,33.8392868,-7.0451249,icons/pharmacy.png,OSM
Rabat-Salé-Kénitra,Pharmacie Abderrahmane صيدلية عبد الرحمان,Parapharmacie,Formel,Skhirate الصخيرات,33.8455538,-7.0450252,icons/pharmacy.png,OSM
Rabat-Salé-Kénitra,Pharmacie Jnane Skhirat صيدلية جنان الصخيرات,Parapharmacie,Formel,Skhirat,33.8436255,-7.0328618,icons/pharmacy.png,OSM
Rabat-Salé-Kénitra,Pharmacie Arrachade صيدلية الرشاد,Parapharmacie,Formel,Skhirate الصخيرات,33.8470104,-7.0433719,icons/pharmacy.png,OSM
Rabat-Salé-Kénitra,Pharmacie Hicham صيدلية هشام,Parapharmacie,Formel,Skhirate الصخيرات,33.8483679,-7.0412448,icons/pharmacy.png,OSM
Rabat-Salé-Kénitra,Pharmacie Zouhair صيدلية زهير,Parapharmacie,Formel,Skhirate الصخيرات,33.8456772,-7.02746,icons/pharmacy.png,OSM
Rabat-Salé-Kénitra,Pharmacie Annour صيدلية النور,Parapharmacie,Formel,Skhirat,33.8443302,-7.0362838,icons/pharmacy.png,OSM
Rabat-Salé-Kénitra,Pharmacie du Bien Etre صيدلية الراحة,Parapharmacie,Formel,Skhirat,33.8430193,-7.0396416,icons/pharmacy.png,OSM
Rabat-Salé-Kénitra,Pharmacie Taha صيدلية طه,Parapharmacie,Formel,Skhirate الصخيرات,33.8488898,-7.0396307,icons/pharmacy.png,OSM
Rabat-Salé-Kénitra,Pharmacie Aïn Arroz صيدلية عين الروز,Parapharmacie,Formel,Skhirat,33.8508787,-7.0351058,icons/pharmacy.png,OSM
Rabat-Salé-Kénitra,Pharmacie l'Erac صيدلية ليراك,Parapharmacie,Formel,Skhirat,33.8517991,-7.0399973,icons/pharmacy.png,OSM
Rabat-Salé-Kénitra,Pharmacie Salma صيدلية سلمى,Parapharmacie,Formel,Skhirat,33.8572628,-7.0308915,icons/pharmacy.png,OSM
Rabat-Salé-Kénitra,Pharmacie Ouled Ghanem صيدلية أولاد غانم,Parapharmacie,Formel,Skhirat,33.8576178,-7.0287165,icons/pharmacy.png,OSM
Rabat-Salé-Kénitra,Pharmacie Chiahna صيدلية الشياحنة,Parapharmacie,Formel,Skhirat,33.8787188,-7.0011622,icons/pharmacy.png,OSM
Rabat-Salé-Kénitra,Pharmacie Chaouki صيدلية شوقي,Parapharmacie,Formel,Skhirat,33.8538426,-7.0347048,icons/pharmacy.png,OSM
Rabat-Salé-Kénitra,Pharmacie Ain ElHayat صيدلية الحياة,Parapharmacie,Formel,Skhirat,33.8552192,-7.0258699,icons/pharmacy.png,OSM
Rabat-Salé-Kénitra,Pharmacie Raji صيدلية الراجي,Parapharmacie,Formel,Skhirat,33.848757,-7.0319172,icons/pharmacy.png,OSM
Rabat-Salé-Kénitra,Pharmacie Achokr صيدلية الشكر,Parapharmacie,Formel,Skhirat,33.8511311,-7.0238618,icons/pharmacy.png,OSM
Rabat-Salé-Kénitra,Pharmacie Fadoua صيدلية فدوى,Parapharmacie,Formel,Skhirat ⵚⵅⵉⵔⴰⵜ الصخيرات,33.8514549,-7.0277403,icons/pharmacy.png,OSM
Rabat-Salé-Kénitra,Pharmacie Mariem صيدلية مريم,Parapharmacie,Formel,Skhirat,33.8560629,-7.0160351,icons/pharmacy.png,OSM
Rabat-Salé-Kénitra,Pharmacie Al Hay Al Jadid صيدلية الحي الجديد,Parapharmacie,Formel,Skhirat,33.8606475,-7.0183203,icons/pharmacy.png,OSM
Rabat-Salé-Kénitra,Pharmacie Jnane Zahra صيدلية جنان زهرة,Parapharmacie,Formel,Témara,33.8746108,-6.9783761,icons/pharmacy.png,OSM
Rabat-Salé-Kénitra,Pharmacie Al Hamd صيدلية الحمد,Parapharmacie,Formel,Témara,33.8844585,-6.9678158,icons/pharmacy.png,OSM
Rabat-Salé-Kénitra,Pharmacie Al Jid صيدلية الجد,Parapharmacie,Formel,Témara,33.8867602,-6.9646063,icons/pharmacy.png,OSM
Rabat-Salé-Kénitra,Pharmacie Najm صيدلية نجم,Parapharmacie,Formel,Témara,33.8925579,-6.9606901,icons/pharmacy.png,OSM
Rabat-Salé-Kénitra,Pharmacie Hind صيدلية هند,Parapharmacie,Formel,Témara تمارة,33.8959471,-6.9355343,icons/pharmacy.png,OSM
Rabat-Salé-Kénitra,Pharmacie la Référence صيدلية المرجع,Parapharmacie,Formel,Témara تمارة,33.8946815,-6.93196,icons/pharmacy.png,OSM
Rabat-Salé-Kénitra,Pharmacie l'Amitié صيدلية الصداقة,Parapharmacie,Formel,Témara تمارة,33.8966775,-6.9297096,icons/pharmacy.png,OSM
Rabat-Salé-Kénitra,Pharmacie Al Bouchra صيدلية البشرى,Parapharmacie,Formel,Témara تمارة,33.9014891,-6.9346514,icons/pharmacy.png,OSM
Rabat-Salé-Kénitra,Pharmacie Annaourass صيدلية النورس,Parapharmacie,Formel,Témara,33.9039311,-6.9319935,icons/pharmacy.png,OSM
Rabat-Salé-Kénitra,Phamacie Ghouroub صيدلية الغروب,Parapharmacie,Formel,Témara,33.9025831,-6.9282568,icons/pharmacy.png,OSM
Rabat-Salé-Kénitra,Pharmacie Centrale Annasr الصيدلية المركزية النصر,Parapharmacie,Formel,Témara تمارة,33.8995265,-6.9306125,icons/pharmacy.png,OSM
Rabat-Salé-Kénitra,Pharmacie Islah صيدلية إصلاح,Parapharmacie,Formel,Témara تمارة,33.906197,-6.9343977,icons/pharmacy.png,OSM
Rabat-Salé-Kénitra,Café sans nom,Café,Formel,Café sans nom,33.9920312,-6.883185,icons/cafe.png,OSM
Rabat-Salé-Kénitra,Pharmacie Sonia صيدلية صونية,Parapharmacie,Formel,Témara تمارة,33.8906682,-6.9211785,icons/pharmacy.png,OSM
Rabat-Salé-Kénitra,Pharmacie la Paix صيدلية السلام,Parapharmacie,Formel,"Avenue Tarik Ibn Ziad شارع طارق بن زياد, Témara تمارة",33.899662,-6.9249127,icons/pharmacy.png,OSM
Rabat-Salé-Kénitra,Pharmacie Essafae صيدلية الصفاء,Parapharmacie,Formel,Témara,33.9076189,-6.9236075,icons/pharmacy.png,OSM
Rabat-Salé-Kénitra,Pharmacie Socrate صيدلية سقراط,Parapharmacie,Formel,Témara تمارة,33.9018538,-6.9233913,icons/pharmacy.png,OSM
Rabat-Salé-Kénitra,Pharmacie Koutoubia صيدلية الكتبية,Parapharmacie,Formel,"Avenue Hamza Bnou Abdelmottaleb, Témara",33.9049666,-6.9260325,icons/pharmacy.png,OSM
Rabat-Salé-Kénitra,Pharmacie Lamia صيدلية لمياء,Parapharmacie,Formel,Témara,33.9053782,-6.9230663,icons/pharmacy.png,OSM
Rabat-Salé-Kénitra,Pharmacie Sijilmassa صيدلية سجلماسة,Parapharmacie,Formel,Témara,33.9072147,-6.9270748,icons/pharmacy.png,OSM
Rabat-Salé-Kénitra,Pharmacie Al Kasbah صيدلية القصبة,Parapharmacie,Formel,Témara,33.9059939,-6.9295412,icons/pharmacy.png,OSM
Rabat-Salé-Kénitra,Pharmacie Amina صيدلية أمينة,Parapharmacie,Formel,Témara,33.913484,-6.9283621,icons/pharmacy.png,OSM
Rabat-Salé-Kénitra,Pharmacie Skikina صيدلية سكيكينة,Parapharmacie,Formel,Témara,33.9107361,-6.9322297,icons/pharmacy.png,OSM
Rabat-Salé-Kénitra,Pharmacie Atlal صيدلية أطلال,Parapharmacie,Formel,Témara,33.9087987,-6.9311325,icons/pharmacy.png,OSM
Rabat-Salé-Kénitra,Pharmacie Sables d'Or صيدلية الرمال الذهبية,Parapharmacie,Formel,Témara,33.9161007,-6.970836,icons/pharmacy.png,OSM
Rabat-Salé-Kénitra,Pharmacie Atlantique صيدلية اطلنتيك,Parapharmacie,Formel,Témara تمارة,33.9467779,-6.9330918,icons/pharmacy.png,OSM
Rabat-Salé-Kénitra,Pharmacie Izdihar صيدلية إزدهار,Parapharmacie,Formel,Témara,33.9116419,-6.9698401,icons/pharmacy.png,OSM
Rabat-Salé-Kénitra,Pharmacie Tarik El Fellah صيدلية طريق الفلاح,Parapharmacie,Formel,Témara,33.9140096,-6.9618995,icons/pharmacy.png,OSM
Rabat-Salé-Kénitra,Pharmacie Chatea صيدلية الشاطئ,Parapharmacie,Formel,Témara,33.9209668,-6.9620737,icons/pharmacy.png,OSM
Rabat-Salé-Kénitra,Pharmacie Mirador صيدلية ميرادور,Parapharmacie,Formel,Témara,33.9248926,-6.9588618,icons/pharmacy.png,OSM
Rabat-Salé-Kénitra,Pharmacie Acima صيدلية أسيما,Parapharmacie,Formel,Témara تمارة,33.9372478,-6.9393493,icons/pharmacy.png,OSM
Rabat-Salé-Kénitra,Pharmacie Assaka صيدلية السكة,Parapharmacie,Formel,Témara,33.8914394,-6.9695212,icons/pharmacy.png,OSM
Rabat-Salé-Kénitra,Pharmacie Mosquée Lamdouar صيدلية مسجد لمضور,Parapharmacie,Formel,Témara,33.8849696,-6.9866044,icons/pharmacy.png,OSM
Rabat-Salé-Kénitra,Pharmacie Sami صيدلية السامي,Parapharmacie,Formel,Témara تمارة,33.9147773,-6.9404058,icons/pharmacy.png,OSM
Rabat-Salé-Kénitra,Pharmacie Oum Hani صيدلية أم هاني,Parapharmacie,Formel,Témara تمارة,33.9128603,-6.9373046,icons/pharmacy.png,OSM
Rabat-Salé-Kénitra,Pharmacie Mariman صيدلية ماريمان,Parapharmacie,Formel,Témara تمارة,33.9182108,-6.9361179,icons/pharmacy.png,OSM
Rabat-Salé-Kénitra,Pharmacie Noufa صيدلية نوفا,Parapharmacie,Formel,Témara تمارة,33.9187879,-6.9337317,icons/pharmacy.png,OSM
Rabat-Salé-Kénitra,أسواق السلام,Supermarché,Formel,"شارع المجد, الرباط",33.9673749,-6.8962738,icons/supermarket.png,OSM
Rabat-Salé-Kénitra,Lily Gourmet,Café,Formel,Rue Soumaya,33.9901181,-6.8518641,icons/cafe.png,OSM
Rabat-Salé-Kénitra,Pharmacie Fidaa صيدلية الفداء,Parapharmacie,Formel,Témara تمارة,33.9270462,-6.9374179,icons/pharmacy.png,OSM
Rabat-Salé-Kénitra,Pharmacie Errachad صيدلية الرشاد,Parapharmacie,Formel,Témara تمارة,33.9187315,-6.930025,icons/pharmacy.png,OSM
Rabat-Salé-Kénitra,Pharmacie Attadamoun صيدلية التضامن,Parapharmacie,Formel,Témara,33.9249094,-6.9362756,icons/pharmacy.png,OSM
Rabat-Salé-Kénitra,Pharmacie El Fadi صيدلية الفاضي,Parapharmacie,Formel,Témara,33.9231017,-6.928671,icons/pharmacy.png,OSM
Rabat-Salé-Kénitra,Pharmacie Camelia صيدلية كاميليا,Parapharmacie,Formel,Témara,33.9251264,-6.9205466,icons/pharmacy.png,OSM
Rabat-Salé-Kénitra,Pharmacie Zamzam صيدلية زمزم,Parapharmacie,Formel,Témara,33.9238885,-6.9248428,icons/pharmacy.png,OSM
Rabat-Salé-Kénitra,Pharmacie Kenzi Témara صيدلية كنزي تمارة,Parapharmacie,Formel,Témara,33.9257001,-6.9272041,icons/pharmacy.png,OSM
Rabat-Salé-Kénitra,Pharmacie Manar Al Wifak صيدلية منار الوفاق,Parapharmacie,Formel,Témara,33.9270952,-6.9325478,icons/pharmacy.png,OSM
Rabat-Salé-Kénitra,Pharmacie Al Woroud صيدلية الورود,Parapharmacie,Formel,Témara,33.9281361,-6.9265001,icons/pharmacy.png,OSM
Rabat-Salé-Kénitra,Pharmacie Malak صيدلية ملاك,Parapharmacie,Formel,Témara,33.9296684,-6.929014,icons/pharmacy.png,OSM
Rabat-Salé-Kénitra,Pharmacie Cherkawa صيدلية شرقاوة,Parapharmacie,Formel,Témara تمارة,33.937401,-6.920648,icons/pharmacy.png,OSM
Rabat-Salé-Kénitra,Pharmacie Lahkim صيدلية لحكيم,Parapharmacie,Formel,Témara تمارة,33.8974704,-6.9206679,icons/pharmacy.png,OSM
Rabat-Salé-Kénitra,Pharmacie le Cactus صيدلية الصبار,Parapharmacie,Formel,Témara تمارة,33.8980005,-6.9170177,icons/pharmacy.png,OSM
Rabat-Salé-Kénitra,Pharmacie Bensaid صيدلية بنسعيد,Parapharmacie,Formel,Témara تمارة,33.9016216,-6.9187741,icons/pharmacy.png,OSM
Rabat-Salé-Kénitra,Grande Pharmacie de Témara الصيدلية الكبرى تمارة,Parapharmacie,Formel,Témara تمارة,33.903609,-6.9140238,icons/pharmacy.png,OSM
Rabat-Salé-Kénitra,Pharmacie Oum Aicha صيدلية أم عائشة,Parapharmacie,Formel,Témara تمارة,33.9058091,-6.9121661,icons/pharmacy.png,OSM
Rabat-Salé-Kénitra,Pharmacie Ghita صيدلية غيثة,Parapharmacie,Formel,Témara تمارة,33.904325,-6.9178434,icons/pharmacy.png,OSM
Rabat-Salé-Kénitra,Pharmacie Al Hilal صيدلية الهلال,Parapharmacie,Formel,Témara تمارة,33.9066687,-6.9152836,icons/pharmacy.png,OSM
Rabat-Salé-Kénitra,Pharmacie Zahrat Al Amal صيدلية زهرة الأمل,Parapharmacie,Formel,Témara تمارة,33.9079077,-6.9086815,icons/pharmacy.png,OSM
Rabat-Salé-Kénitra,Pharmacie Dakar صيدلية دكار,Parapharmacie,Formel,Témara تمارة,33.910868,-6.9087569,icons/pharmacy.png,OSM
Rabat-Salé-Kénitra,Pharmacie Mouram صيدلية مرام,Parapharmacie,Formel,Témara تمارة,33.9109904,-6.9053822,icons/pharmacy.png,OSM
Rabat-Salé-Kénitra,Pharmacie Anniema صيدلية النعمة,Parapharmacie,Formel,Témara تمارة,33.913744,-6.906729,icons/pharmacy.png,OSM
Rabat-Salé-Kénitra,Pharmacie Riad Fès صيدلية رياض فاس,Parapharmacie,Formel,Témara تمارة,33.9201526,-6.9003706,icons/pharmacy.png,OSM
Rabat-Salé-Kénitra,Pharmacie Rochdi صيدلية رشدي,Parapharmacie,Formel,Témara تمارة,33.9217184,-6.8854504,icons/pharmacy.png,OSM
Rabat-Salé-Kénitra,Pharmacie Assalam صيدلية السلام,Parapharmacie,Formel,Témara تمارة,33.9146273,-6.8889785,icons/pharmacy.png,OSM
Rabat-Salé-Kénitra,Pharmacie Al Kawthar صيدلية الكوثر,Parapharmacie,Formel,Témara تمارة,33.9157845,-6.8867194,icons/pharmacy.png,OSM
Rabat-Salé-Kénitra,Pharmacie Al Maarif صيدلية المعارف,Parapharmacie,Formel,Témara تمارة,33.9170967,-6.8904975,icons/pharmacy.png,OSM
Rabat-Salé-Kénitra,Pharmacie Al Ghait صيدلية الغيث,Parapharmacie,Formel,Témara تمارة,33.9192774,-6.8874284,icons/pharmacy.png,OSM
Rabat-Salé-Kénitra,Pharmacie la Santé صيدلية الصحة,Parapharmacie,Formel,"Avenue Tarik Ibn Ziad شارع طارق بن زياد, Témara تمارة",33.928809,-6.8909732,icons/pharmacy.png,OSM
Rabat-Salé-Kénitra,Pharmacie Ennassim صيدلية النسيم,Parapharmacie,Formel,Témara تمارة,33.9262605,-6.8865728,icons/pharmacy.png,OSM
Rabat-Salé-Kénitra,Pharmacie de la Famille صيدلية العائلة,Parapharmacie,Formel,Témara تمارة,33.9264648,-6.893479,icons/pharmacy.png,OSM
Rabat-Salé-Kénitra,Pharmacie Naimi صيدلية النعيمي,Parapharmacie,Formel,Témara تمارة,33.9262586,-6.8900068,icons/pharmacy.png,OSM
Rabat-Salé-Kénitra,Pharmacie Fatine صيدلية فاتن,Parapharmacie,Formel,"Boulevard Moulay Ali Cherif, Témara تمارة",33.9242032,-6.8919994,icons/pharmacy.png,OSM
Rabat-Salé-Kénitra,Pharmacie Al Hay صيدلية الحي,Parapharmacie,Formel,"Avenue Tarik Ibn Ziad شارع طارق بن زياد, Témara تمارة",33.9228441,-6.897484,icons/pharmacy.png,OSM
Rabat-Salé-Kénitra,Pharmacie Badr صيدلية بدر,Parapharmacie,Formel,Témara تمارة,33.9228264,-6.8950291,icons/pharmacy.png,OSM
Rabat-Salé-Kénitra,Pharmacie Al Maghrib Al Arabi صيدلية المغرب العربي,Parapharmacie,Formel,"Boulevard des Idrissides, Témara تمارة",33.9198499,-6.8966467,icons/pharmacy.png,OSM
Rabat-Salé-Kénitra,Pharmacie de la Victoire صيدلية النصر,Parapharmacie,Formel,"Avenue Ibn Khaldoun شارع ابن خلدون, Témara تمارة",33.921263,-6.8932382,icons/pharmacy.png,OSM
Rabat-Salé-Kénitra,Pharmacie l'Espoir صيدلية الأمل,Parapharmacie,Formel,Témara تمارة,33.9216662,-6.8897352,icons/pharmacy.png,OSM
Rabat-Salé-Kénitra,Pharmacie Al Yassmine صيدلية الياسمين,Parapharmacie,Formel,"Rue de Melillia, Témara تمارة",33.9201295,-6.8913652,icons/pharmacy.png,OSM
Rabat-Salé-Kénitra,Pharmacie El Mostaocef صيدلية المستوصف,Parapharmacie,Formel,Témara تمارة,33.9177626,-6.8940202,icons/pharmacy.png,OSM
Rabat-Salé-Kénitra,Pharmacie Soundous صيدلية سندس,Parapharmacie,Formel,Témara تمارة,33.9371878,-6.8849284,icons/pharmacy.png,OSM
Rabat-Salé-Kénitra,Pharmacie Narjis صيدلية النرجس,Parapharmacie,Formel,Témara,33.9405698,-6.8844553,icons/pharmacy.png,OSM
Rabat-Salé-Kénitra,Pharmacie Al Mamoune صيدلية المامون,Parapharmacie,Formel,Témara تمارة,33.9427007,-6.8834139,icons/pharmacy.png,OSM
Rabat-Salé-Kénitra,Pharmacie Erraha صيدلية الراحة,Parapharmacie,Formel,Témara تمارة,33.9423669,-6.8862505,icons/pharmacy.png,OSM
Rabat-Salé-Kénitra,Pharmacie Azur صيدلية أزور,Parapharmacie,Formel,Témara تمارة,33.9364125,-6.8876555,icons/pharmacy.png,OSM
Rabat-Salé-Kénitra,Pharmacie Rim صيدلية ريم,Parapharmacie,Formel,Témara تمارة,33.9403017,-6.8877409,icons/pharmacy.png,OSM
Rabat-Salé-Kénitra,Pharmacie El Guich صيدلية الكيش,Parapharmacie,Formel,Témara تمارة,33.9389333,-6.8866628,icons/pharmacy.png,OSM
Rabat-Salé-Kénitra,Pharmacie des Cités صيدلية الإقامات,Parapharmacie,Formel,Témara تمارة,33.9371887,-6.8933101,icons/pharmacy.png,OSM
Rabat-Salé-Kénitra,Pharmacie Al Anouar صيدلية الأنوار,Parapharmacie,Formel,Témara تمارة,33.9390192,-6.8911083,icons/pharmacy.png,OSM
Rabat-Salé-Kénitra,Pharmacie Granada صيدلية غرناطة,Parapharmacie,Formel,Témara تمارة,33.9386033,-6.8951207,icons/pharmacy.png,OSM
Rabat-Salé-Kénitra,Pharmacie la Source صيدلية المنبع,Parapharmacie,Formel,Témara تمارة,33.9344817,-6.8919746,icons/pharmacy.png,OSM
Rabat-Salé-Kénitra,Pharmacie Anassiha صيدلية النصيحة,Parapharmacie,Formel,Témara تمارة,33.9410053,-6.9004563,icons/pharmacy.png,OSM
Rabat-Salé-Kénitra,Pharmacie Al Masjid صيدلية المسجد,Parapharmacie,Formel,Témara تمارة,33.9416153,-6.8975602,icons/pharmacy.png,OSM
Rabat-Salé-Kénitra,Pharmacie Al Mouhafada صيدلية المحافظة,Parapharmacie,Formel,Témara تمارة,33.9334471,-6.8948429,icons/pharmacy.png,OSM
Rabat-Salé-Kénitra,Pharmacie Al Farabi صيدلية الفرابي,Parapharmacie,Formel,Témara تمارة,33.9366248,-6.8982848,icons/pharmacy.png,OSM
Rabat-Salé-Kénitra,Pharmacie Moulay Idriss صيدلية مولاي إدريس,Parapharmacie,Formel,Témara تمارة,33.9327124,-6.8980801,icons/pharmacy.png,OSM
Rabat-Salé-Kénitra,Pharmacie Bahia صيدلية باهية,Parapharmacie,Formel,"Avenue Moulay Idriss Ier, Témara تمارة",33.9300581,-6.8992114,icons/pharmacy.png,OSM
Rabat-Salé-Kénitra,Pharmacie Bouarouss صيدلية بوعروس,Parapharmacie,Formel,Témara تمارة,33.9312391,-6.9014276,icons/pharmacy.png,OSM
Rabat-Salé-Kénitra,Pharmacie Ibn Nafiss صيدلية ابن النفيس,Parapharmacie,Formel,"Boulevard Moulay Ali Cherif, Témara تمارة",33.9305512,-6.9039631,icons/pharmacy.png,OSM
Rabat-Salé-Kénitra,Pharmacie Moulay Ali Cherif صيدلية مولاي علي الشريف,Parapharmacie,Formel,"Boulevard Moulay Ali Cherif, Témara",33.9327517,-6.9071789,icons/pharmacy.png,OSM
Rabat-Salé-Kénitra,Pharmacie Jardins des Oudaya صيدلية حدائق الوداية,Parapharmacie,Formel,"Boulevard Sahl Rhône, Témara تمارة",33.9393475,-6.8991335,icons/pharmacy.png,OSM
Rabat-Salé-Kénitra,Pharmacie Al Hiba صيدلية الهبة,Parapharmacie,Formel,Témara,33.9337937,-6.9020855,icons/pharmacy.png,OSM
Rabat-Salé-Kénitra,Pharmacie Beni Hachem صيدلية بني هاشم,Parapharmacie,Formel,Témara,33.9357349,-6.9064874,icons/pharmacy.png,OSM
Rabat-Salé-Kénitra,Pharmacie Macha Allah صيدلية ما شاء الله,Parapharmacie,Formel,Témara,33.9343147,-6.9097087,icons/pharmacy.png,OSM
Rabat-Salé-Kénitra,Pharmacie El Massira صيدلية المسيرة,Parapharmacie,Formel,Témara تمارة,33.9286568,-6.8957097,icons/pharmacy.png,OSM
Rabat-Salé-Kénitra,Pharmacie Al Ihssan صيدلية الإحسان,Parapharmacie,Formel,Témara تمارة,33.9303761,-6.8932609,icons/pharmacy.png,OSM
Rabat-Salé-Kénitra,Pharmacie Al Fajr صيدلية الفجر,Parapharmacie,Formel,"Boulevard Moulay Ali Cherif, Témara تمارة",33.927296,-6.8967799,icons/pharmacy.png,OSM
Rabat-Salé-Kénitra,Pharmacie 2000 صيدلية,Parapharmacie,Formel,"Boulevard Moulay Ali Cherif, Témara تمارة",33.9287041,-6.9000699,icons/pharmacy.png,OSM
Rabat-Salé-Kénitra,Pharmacie El Qods صيدلية القدس,Parapharmacie,Formel,Témara,33.9266607,-6.901968,icons/pharmacy.png,OSM
Rabat-Salé-Kénitra,Pharmacie Leila صيدلية ليلى,Parapharmacie,Formel,Témara تمارة,33.9254898,-6.8994468,icons/pharmacy.png,OSM
Rabat-Salé-Kénitra,Pharmacie du Centre صيدلية المركز,Parapharmacie,Formel,"Avenue Hassan II شارع الحسن الثاني, Témara تمارة",33.9245592,-6.917565,icons/pharmacy.png,OSM
Rabat-Salé-Kénitra,Pharmacie du Marché صيدلية السوق,Parapharmacie,Formel,"Avenue Mohamed V, Témara",33.9281315,-6.9079699,icons/pharmacy.png,OSM
Rabat-Salé-Kénitra,Pharmacie Houdaya صيدلية هوداية,Parapharmacie,Formel,Témara تمارة,33.921258,-6.9095421,icons/pharmacy.png,OSM
Rabat-Salé-Kénitra,Pharmacie El Moumen صيدلية المومن,Parapharmacie,Formel,"Avenue Mohemed Zerktouni, Témara",33.9250446,-6.9086836,icons/pharmacy.png,OSM
Rabat-Salé-Kénitra,Pharmacie Moulay Slimane صيدلية مولاي سليمان,Parapharmacie,Formel,Témara تمارة,33.9234948,-6.9051324,icons/pharmacy.png,OSM
Rabat-Salé-Kénitra,Pharmacie Bakkali صيدلية البقالي,Parapharmacie,Formel,"Avenue Allal Ben Abdellah, Témara",33.9263421,-6.9057074,icons/pharmacy.png,OSM
Rabat-Salé-Kénitra,Pharmacie Nahda صيدلية النهضة,Parapharmacie,Formel,"Avenue Mohamed Zerktouni, Témara تمارة",33.9210433,-6.9030973,icons/pharmacy.png,OSM
Rabat-Salé-Kénitra,Pharmacie Tarik Ibn Ziad صيدلية طارق بن زياد,Parapharmacie,Formel,"Avenue Tarik Ibn Ziad شارع طارق بن زياد, Témara تمارة",33.9186575,-6.9031235,icons/pharmacy.png,OSM
Rabat-Salé-Kénitra,Pharmacie Al Khiam صيدلية الخيام,Parapharmacie,Formel,"Avenue Moulay Rachid, Témara تمارة",33.9187178,-6.9053563,icons/pharmacy.png,OSM
Rabat-Salé-Kénitra,Pharmacie de Prestige صيدلية المجد,Parapharmacie,Formel,Témara تمارة,33.9207794,-6.906389,icons/pharmacy.png,OSM
Rabat-Salé-Kénitra,Pharmacie Témara صيدلية تمارة,Parapharmacie,Formel,Témara تمارة,33.9252812,-6.9172712,icons/pharmacy.png,OSM
Rabat-Salé-Kénitra,Pharmacie Hatim صيدلية حاتم,Parapharmacie,Formel,"Avenue Tarik Ibn Ziad شارع طارق بن زياد, Témara تمارة",33.9160794,-6.9064637,icons/pharmacy.png,OSM
Rabat-Salé-Kénitra,Pharmacie Aredouane صيدلية الرضوان,Parapharmacie,Formel,Témara تمارة,33.9189754,-6.9088554,icons/pharmacy.png,OSM
Rabat-Salé-Kénitra,Pharmacie Nouvelle الصيدلية الجديدة,Parapharmacie,Formel,"Rue Hassan, Témara تمارة",33.9211395,-6.9124989,icons/pharmacy.png,OSM
Rabat-Salé-Kénitra,Pharmacie Fathallah صيدلية فتح الله,Parapharmacie,Formel,Témara تمارة,33.9160241,-6.9093014,icons/pharmacy.png,OSM
Rabat-Salé-Kénitra,Pharmacie Al Fouarat صيدلية الفوارات,Parapharmacie,Formel,"Avenue Tarik Ibn Ziad شارع طارق بن زياد, Témara تمارة",33.9130534,-6.9107743,icons/pharmacy.png,OSM
Rabat-Salé-Kénitra,Pharmacie Labchir صيدلية لبشير,Parapharmacie,Formel,"Avenue Abdelkrim Al Khattabi, Témara",33.9156295,-6.9120998,icons/pharmacy.png,OSM
Rabat-Salé-Kénitra,Pharmacie Abi Houraira صيدلية أبي هريرة,Parapharmacie,Formel,"Avenue du Caire, Témara تمارة",33.9107831,-6.9155249,icons/pharmacy.png,OSM
Rabat-Salé-Kénitra,Pharmacie les Urgences صيدلية المستعجلات,Parapharmacie,Formel,Témara تمارة,33.910824,-6.9132135,icons/pharmacy.png,OSM
Rabat-Salé-Kénitra,Pharmacie Essalama صيدلية السلامة,Parapharmacie,Formel,"Avenue Mohamed V شارع محمد الخامس, Témara تمارة",33.9233742,-6.9138331,icons/pharmacy.png,OSM
Rabat-Salé-Kénitra,Pharmacie Hay Al Azrak صيدلية حي الأزرق,Parapharmacie,Formel,Témara تمارة,33.922906,-6.9162382,icons/pharmacy.png,OSM
Rabat-Salé-Kénitra,Pharmacie et Laboratoire Chifaa صيدلية و مختبر الشفاء,Parapharmacie,Formel,"Avenue Hassan II شارع الحسن الثاني, Témara",33.9221981,-6.9199735,icons/pharmacy.png,OSM
Rabat-Salé-Kénitra,Pharmacie Al Maarifa صيدلية المعرفة,Parapharmacie,Formel,Témara ⵜⵎⴰⵔⴰ تمارة,33.9153701,-6.9224901,icons/pharmacy.png,OSM
Rabat-Salé-Kénitra,Pharmacie Fath El Kheir,Parapharmacie,Formel,"Avenue Abdelkrim Al Khattabi, Témara",33.9067659,-6.9206488,icons/pharmacy.png,OSM
Rabat-Salé-Kénitra,Pharmacie Moulat صيدلية مولات,Parapharmacie,Formel,"Avenue Hassan I شارع الحسن الأول, Témara",33.90906,-6.9210455,icons/pharmacy.png,OSM
Rabat-Salé-Kénitra,Pharmacie Al Afaq,Parapharmacie,Formel,Témara,33.911779,-6.9195283,icons/pharmacy.png,OSM
Rabat-Salé-Kénitra,Pharmacie Mosquée Zahra صيدلية مسجد الزهراء,Parapharmacie,Formel,"Avenue Hassan I شارع الحسن الأول, Témara تمارة",33.9112587,-6.9219571,icons/pharmacy.png,OSM
Rabat-Salé-Kénitra,Pharmacie Khizrane صيدلية خيزران,Parapharmacie,Formel,Témara تمارة,33.9183439,-6.9142993,icons/pharmacy.png,OSM
Rabat-Salé-Kénitra,Pharmacie Ibn Sina صيدلية بن سينا,Parapharmacie,Formel,"Avenue Mohamed V شارع محمد الخامس, Témara",33.9132048,-6.9242799,icons/pharmacy.png,OSM
Rabat-Salé-Kénitra,Pharmacie Roudani صيدلية الروداني,Parapharmacie,Formel,Témara تمارة,33.917612,-6.9159627,icons/pharmacy.png,OSM
Rabat-Salé-Kénitra,Pharmacie Kenza صيدلية كنزة,Parapharmacie,Formel,"Avenue Mohamed V شارع محمد الخامس, Témara",33.9204252,-6.9164897,icons/pharmacy.png,OSM
Rabat-Salé-Kénitra,Pharmacie Andaloussi صيدلية أندلسي,Parapharmacie,Formel,"Avenue Mohamed V شارع محمد الخامس, Témara تمارة",33.9169582,-6.9199853,icons/pharmacy.png,OSM
Rabat-Salé-Kénitra,Pharmacie Echoumoue صيدلية الشموع,Parapharmacie,Formel,Témara تمارة,33.9141061,-6.9173491,icons/pharmacy.png,OSM
Rabat-Salé-Kénitra,Pharmacie Oum Kaltoum صيدلية أم كلثوم,Parapharmacie,Formel,"Avenue du Caire, Témara ⵜⵎⴰⵔⴰ تمارة",33.9140077,-6.9209603,icons/pharmacy.png,OSM
Rabat-Salé-Kénitra,Pharmacie Ilias صيدلية إلياس,Parapharmacie,Formel,"Rue de Rabat, Témara تمارة",33.9154505,-6.9190345,icons/pharmacy.png,OSM
Rabat-Salé-Kénitra,Pharmacie Aswak Assalam صيدلية أسواق السلام,Parapharmacie,Formel,"Avenue Hassan II شارع الحسن الثاني, Témara تمارة",33.9051823,-6.9404555,icons/pharmacy.png,OSM
Rabat-Salé-Kénitra,Pharmacie la Liberté صيدلية الحرية,Parapharmacie,Formel,"Avenue Hassan II شارع الحسن الثاني, Témara",33.9226632,-6.9194801,icons/pharmacy.png,OSM
Rabat-Salé-Kénitra,Pharmacie Carré Santé Beauté صيدلية الجمال و الصحة,Parapharmacie,Formel,"Avenue Mehdi Ben Barka, Rabat",33.9604086,-6.8558563,icons/pharmacy.png,OSM
Rabat-Salé-Kénitra,Pharmacie Ibn Toumerte صيدلية ابن تومرت,Parapharmacie,Formel,"Avenue Ibn Toumert شارع ابن تومرت, Rabat",34.0161602,-6.8391178,icons/pharmacy.png,OSM
Rabat-Salé-Kénitra,Pharmacie Ryad Andalous صيدلية رياض الأندلس,Parapharmacie,Formel,"Rue Morino, Rabat",33.9570777,-6.8831228,icons/pharmacy.png,OSM
Rabat-Salé-Kénitra,Joli Coin,Restaurant,Formel,Joli Coin,33.9900747,-6.8541283,icons/restaurant.png,OSM
Rabat-Salé-Kénitra,Pharmacie Al Baraka صيدلية البركة,Parapharmacie,Formel,"Zankat Oulad Hariz, Rabat",33.9888007,-6.8239329,icons/pharmacy.png,OSM
Rabat-Salé-Kénitra,Supérette / Mini-market sans nom,Supérette / Mini-market,Formel,Supérette / Mini-market sans nom,33.9556328,-6.8690667,icons/convenience.png,OSM
Rabat-Salé-Kénitra,Oh My Bun!,Restaurant,Formel,Oh My Bun!,33.9556215,-6.869496,icons/restaurant.png,OSM
Rabat-Salé-Kénitra,Pharmacie Hay El Fath صيدلية حي الفتح,Parapharmacie,Formel,"شارع المسيرة, Rabat",33.9648165,-6.9037249,icons/pharmacy.png,OSM
Rabat-Salé-Kénitra,Pharmacie El Ighata صيدلية الإغاثة,Parapharmacie,Formel,Rabat,33.9669117,-6.905958,icons/pharmacy.png,OSM
Rabat-Salé-Kénitra,Pharmacie Al Mountazah صيدلية المنتزه,Parapharmacie,Formel,Rabat,33.9686741,-6.8978006,icons/pharmacy.png,OSM
Rabat-Salé-Kénitra,Pharmacie Al Mountalak صيدلية المنطلق,Parapharmacie,Formel,Rabat ⵔⴱⴰⵟ الرباط,33.9696951,-6.9008125,icons/pharmacy.png,OSM
Rabat-Salé-Kénitra,Pharmacie Marjolaine صيدلية مارجولين,Parapharmacie,Formel,Rabat,33.969775,-6.9043704,icons/pharmacy.png,OSM
Rabat-Salé-Kénitra,Pharmacie Yacoub El Mansour صيدلية يعقوب المنصور,Parapharmacie,Formel,Rabat,33.9725882,-6.8836256,icons/pharmacy.png,OSM
Rabat-Salé-Kénitra,Pharmacie l'Avenir صيدلية المستقبل,Parapharmacie,Formel,"Avenue El Majd شارع المجد, Rabat",33.9712315,-6.8859781,icons/pharmacy.png,OSM
Rabat-Salé-Kénitra,Pharmacie Al Bahja صيدلية البهجة,Parapharmacie,Formel,"Avenue El Majd شارع المجد, Rabat",33.9685567,-6.8884884,icons/pharmacy.png,OSM
Rabat-Salé-Kénitra,Pharmacie Kasry صيدلية قصري,Parapharmacie,Formel,Rabat,33.9687435,-6.893351,icons/pharmacy.png,OSM
Rabat-Salé-Kénitra,Pharmacie Al Hikma صيدلية الحكمة,Parapharmacie,Formel,Rabat,33.9707695,-6.8909279,icons/pharmacy.png,OSM
Rabat-Salé-Kénitra,Pharmacie Al Massira صيدلية المسيرة,Parapharmacie,Formel,"شارع المسيرة, Rabat",33.9733091,-6.8912277,icons/pharmacy.png,OSM
Rabat-Salé-Kénitra,Pharmacie Attine صيدلية التين,Parapharmacie,Formel,"Avenue des Far شارع الجيش الملكي, Rabat",33.9772954,-6.8893143,icons/pharmacy.png,OSM
Rabat-Salé-Kénitra,Pharmacie Al Khawarizmi صيدلية الخوارزمي,Parapharmacie,Formel,"شارع المنزه, Rabat",33.9731035,-6.8945642,icons/pharmacy.png,OSM
Rabat-Salé-Kénitra,Pharmacie Lotus صيدلية لوتس,Parapharmacie,Formel,"Avenue des Far شارع الجيش الملكي, Rabat ⵕⵕⴱⴰⵟ الرباط",33.9794101,-6.8954273,icons/pharmacy.png,OSM
Rabat-Salé-Kénitra,Pharmacie Al Azhar صيدلية الأزهر,Parapharmacie,Formel,"شارع المحيط الهادي, Rabat",33.973203,-6.897132,icons/pharmacy.png,OSM
Rabat-Salé-Kénitra,Pharmacie El Mouna صيدلية المنى,Parapharmacie,Formel,Rabat,33.9869334,-6.8875054,icons/pharmacy.png,OSM
Rabat-Salé-Kénitra,Pharmacie Al Hamd صيدلية الحمد,Parapharmacie,Formel,"شارع المسيرة, Rabat",33.9896223,-6.874472,icons/pharmacy.png,OSM
Rabat-Salé-Kénitra,Pharmacie Al Amal صيدلية الأمل,Parapharmacie,Formel,"شارع المسيرة, Rabat",33.9871927,-6.8756888,icons/pharmacy.png,OSM
Rabat-Salé-Kénitra,Pharmacie Al Kifah صيدلية الكفاح,Parapharmacie,Formel,"Avenue Al Kifah شارع الكفاح, Rabat",33.9906675,-6.8716954,icons/pharmacy.png,OSM
Rabat-Salé-Kénitra,Pharmacie Chbanat صيدلية الشبانات,Parapharmacie,Formel,"Rue Abou Zaraa Addinachqi, Rabat",33.982118,-6.8913054,icons/pharmacy.png,OSM
Rabat-Salé-Kénitra,Pharmacie Abi Hourayra صيدلية أبي هريرة,Parapharmacie,Formel,Rabat,33.9882321,-6.8824171,icons/pharmacy.png,OSM
Rabat-Salé-Kénitra,Supérette / Mini-market sans nom,Supérette / Mini-market,Formel,Supérette / Mini-market sans nom,33.9945824,-6.8499354,icons/convenience.png,OSM
Rabat-Salé-Kénitra,Café sans nom,Café,Formel,Café sans nom,33.9946407,-6.8500313,icons/cafe.png,OSM
Rabat-Salé-Kénitra,Café 7 fruits,Café,Formel,Café 7 fruits,33.9946795,-6.8500893,icons/cafe.png,OSM
Rabat-Salé-Kénitra,Pharmacie Bouitat صيدلية البويتات,Parapharmacie,Formel,Rabat,33.9865506,-6.8795935,icons/pharmacy.png,OSM
Rabat-Salé-Kénitra,Pharmacie Ennaim صيدلية النعيم,Parapharmacie,Formel,Rabat,33.988957,-6.8781018,icons/pharmacy.png,OSM
Rabat-Salé-Kénitra,Pharmacie Ar-Rahman صيدلية الرحمان,Parapharmacie,Formel,"Avenue Al Mostakbal شارع المستقبل, Rabat",33.9861083,-6.8822802,icons/pharmacy.png,OSM
Rabat-Salé-Kénitra,Pharmacie El Kouass صيدلية القواس,Parapharmacie,Formel,"شارع المسيرة, Rabat",33.9824049,-6.8809576,icons/pharmacy.png,OSM
Rabat-Salé-Kénitra,Pharmacie El Mansour صيدلية المنصور,Parapharmacie,Formel,"Avenue Al Izdihar شارع الإزدهار, Rabat",33.9812502,-6.8845478,icons/pharmacy.png,OSM
Rabat-Salé-Kénitra,El Tropic,Restaurant,Formel,El Tropic,33.9811949,-6.8290121,icons/restaurant.png,OSM
Rabat-Salé-Kénitra,Pharmacie Ibn Baytar صيدلية بن البيطار,Parapharmacie,Formel,"شارع المسيرة, Rabat",33.9836714,-6.8792088,icons/pharmacy.png,OSM
Rabat-Salé-Kénitra,Pharmacie Tarik صيدلية طارق,Parapharmacie,Formel,"شارع المسيرة, Rabat",33.9781948,-6.8854167,icons/pharmacy.png,OSM
Rabat-Salé-Kénitra,Pharmacie Al Majd صيدلية المجد,Parapharmacie,Formel,Rabat,33.9834241,-6.876612,icons/pharmacy.png,OSM
Rabat-Salé-Kénitra,Pharmacie Bekkari صيدلية البكاري,Parapharmacie,Formel,Rabat,33.9783383,-6.8825148,icons/pharmacy.png,OSM
Rabat-Salé-Kénitra,Pharmacie Assabah صيدلية الصباح,Parapharmacie,Formel,Rabat,33.9925619,-6.8817746,icons/pharmacy.png,OSM
Rabat-Salé-Kénitra,Pharmacie Hay Al Kora صيدلية حي الكورة,Parapharmacie,Formel,Rabat,33.9962381,-6.8780082,icons/pharmacy.png,OSM
Rabat-Salé-Kénitra,Pharmacie Ibn Rochd صيدلية ابن رشد,Parapharmacie,Formel,"Avenue Assalam شارع السلام, Rabat",34.0040184,-6.865602,icons/pharmacy.png,OSM
Rabat-Salé-Kénitra,Pharmacie Nadia صيدلية نادية,Parapharmacie,Formel,Rabat,34.0013575,-6.8710003,icons/pharmacy.png,OSM
Rabat-Salé-Kénitra,Pharmacie Al Masjid صيدلية المسجد,Parapharmacie,Formel,"Avenue Sidi Mohammed Ben Abdellah شارع سيدي محمد بن عبد الله, Rabat",34.0025588,-6.8692028,icons/pharmacy.png,OSM
Rabat-Salé-Kénitra,Pharmacie Marché de Gros صيدلية سوق الجملة,Parapharmacie,Formel,Rabat,34.0042521,-6.8688539,icons/pharmacy.png,OSM
Rabat-Salé-Kénitra,Pharmacie El Atlas صيدلية الأطلس,Parapharmacie,Formel,"Avenue Sidi Mohammed Ben Abdellah شارع سيدي محمد بن عبد الله, Rabat",33.9988325,-6.8729038,icons/pharmacy.png,OSM
Rabat-Salé-Kénitra,Pharmacie Al Khair صيدلية الخير,Parapharmacie,Formel,"Avenue Sidi Mohammed Ben Abdellah شارع سيدي محمد بن عبد الله, Rabat",33.9961903,-6.8751656,icons/pharmacy.png,OSM
Rabat-Salé-Kénitra,Pharmacie Hay Bouhlal صيدلية حي بوهلال,Parapharmacie,Formel,"Avenue Sidi Mohammed Ben Abdellah شارع سيدي محمد بن عبد الله, Rabat",33.9938882,-6.8773241,icons/pharmacy.png,OSM
Rabat-Salé-Kénitra,Pharmacie Nahim صيدلية نهيم,Parapharmacie,Formel,Rabat,33.9945332,-6.8697116,icons/pharmacy.png,OSM
Rabat-Salé-Kénitra,Café sans nom,Café,Formel,Café sans nom,33.9787483,-6.8807902,icons/cafe.png,OSM
Rabat-Salé-Kénitra,Boulangerie sans nom,Boulangerie,Formel,Boulangerie sans nom,33.9787882,-6.8807491,icons/bakery.png,OSM
Rabat-Salé-Kénitra,Fast Food,Restaurant,Formel,Fast Food,33.9787197,-6.8808027,icons/restaurant.png,OSM
Rabat-Salé-Kénitra,Supérette / Mini-market sans nom,Supérette / Mini-market,Formel,Supérette / Mini-market sans nom,33.9789848,-6.8805259,icons/convenience.png,OSM
Rabat-Salé-Kénitra,Pizza des Nations,Restaurant,Formel,Pizza des Nations,34.1507211,-6.7347267,icons/restaurant.png,OSM
Rabat-Salé-Kénitra,Chirimguito Bech,Café,Formel,Chirimguito Bech,34.1506026,-6.7348196,icons/cafe.png,OSM
Rabat-Salé-Kénitra,Maeya Brunch,Café,Formel,Maeya Brunch,34.0167984,-6.8318692,icons/cafe.png,OSM
Rabat-Salé-Kénitra,Supérette / Mini-market sans nom,Supérette / Mini-market,Formel,Supérette / Mini-market sans nom,33.9899562,-6.8541372,icons/convenience.png,OSM
Rabat-Salé-Kénitra,بيم,Supermarché,Formel,بيم,34.0167238,-6.7706659,icons/supermarket.png,OSM
Rabat-Salé-Kénitra,Eat & Chill,Restaurant,Formel,Eat & Chill,33.8246658,-7.1485469,icons/restaurant.png,OSM
Rabat-Salé-Kénitra,Marché aux poissons,Épicerie,Informel,Marché aux poissons,33.8233195,-7.1474731,icons/greengrocer.png,OSM
Rabat-Salé-Kénitra,Sur les vagues de Bouznika,Restaurant,Formel,Sur les vagues de Bouznika,33.8247846,-7.1488341,icons/restaurant.png,OSM
Rabat-Salé-Kénitra,Expo,Restaurant,Formel,Expo,33.8246526,-7.1482833,icons/restaurant.png,OSM
Rabat-Salé-Kénitra,Obozen,Café,Formel,Obozen,33.8033648,-7.1586823,icons/cafe.png,OSM
Rabat-Salé-Kénitra,Tamaris,Restaurant,Formel,Tamaris,34.2494415,-6.6808775,icons/restaurant.png,OSM
Rabat-Salé-Kénitra,Thony Sandwich Express,Restaurant,Formel,Thony Sandwich Express,34.2489421,-6.6808671,icons/restaurant.png,OSM
Rabat-Salé-Kénitra,Restaurant sans nom,Restaurant,Formel,Restaurant sans nom,34.2545716,-6.6772158,icons/restaurant.png,OSM
Rabat-Salé-Kénitra,Supérette / Mini-market sans nom,Supérette / Mini-market,Formel,Supérette / Mini-market sans nom,34.2486427,-6.6794119,icons/convenience.png,OSM
Rabat-Salé-Kénitra,مقهى هابي داي,Café,Formel,"شارع الفتح, الرباط",33.9722953,-6.8831629,icons/cafe.png,OSM
Rabat-Salé-Kénitra,الحوس,Supérette / Mini-market,Formel,"زنقة بحر الشمال, الرباط",33.9697048,-6.8997435,icons/convenience.png,OSM
Rabat-Salé-Kénitra,Café ZILIS,Café,Formel,"شارع المجد, الرباط",33.967943,-6.8969979,icons/cafe.png,OSM
Rabat-Salé-Kénitra,مقهى التنس,Café,Formel,"شارع المجد, الرباط",33.9680887,-6.8971666,icons/cafe.png,OSM
Rabat-Salé-Kénitra,أودادن,Supérette / Mini-market,Formel,"ساحة أودادن, الرباط",33.9683064,-6.9014185,icons/convenience.png,OSM
Rabat-Salé-Kénitra,BIM Hay Moulay Ismail,Supermarché,Formel,BIM Hay Moulay Ismail,34.0265899,-6.7804085,icons/supermarket.png,OSM
Rabat-Salé-Kénitra,Le Délice Africain,Restaurant,Formel,Le Délice Africain,33.9955796,-6.8494652,icons/restaurant.png,OSM
Rabat-Salé-Kénitra,Café sans nom,Café,Formel,Café sans nom,33.9695493,-6.8969111,icons/cafe.png,OSM
Rabat-Salé-Kénitra,Épicerie sans nom,Épicerie,Informel,Épicerie sans nom,33.9694965,-6.8974301,icons/greengrocer.png,OSM
Rabat-Salé-Kénitra,Épicerie sans nom,Épicerie,Informel,Épicerie sans nom,33.9691339,-6.8980202,icons/greengrocer.png,OSM
Rabat-Salé-Kénitra,Boulangerie sans nom,Boulangerie,Formel,"شارع المجد, الرباط",33.9683263,-6.8974121,icons/bakery.png,OSM
Rabat-Salé-Kénitra,مقهى لاكاشيت,Café,Formel,مقهى لاكاشيت,33.9677329,-6.8967321,icons/cafe.png,OSM
Rabat-Salé-Kénitra,مقهى هيرمانوس,Café,Formel,الرباط,33.9673242,-6.9026853,icons/cafe.png,OSM
Rabat-Salé-Kénitra,Azafran,Restaurant,Formel,Azafran,34.0139654,-6.7850409,icons/restaurant.png,OSM
Rabat-Salé-Kénitra,Berrada traiteur,Boutique de confiserie,Informel,Berrada traiteur,34.0024111,-6.8505159,icons/confectionery.png,OSM
Rabat-Salé-Kénitra,واينوت,Restaurant,Formel,الرباط,33.9816809,-6.8643669,icons/restaurant.png,OSM
Rabat-Salé-Kénitra,Café sans nom,Café,Formel,Café sans nom,33.9855005,-6.8741604,icons/cafe.png,OSM
Rabat-Salé-Kénitra,سميرميس,Café,Formel,سميرميس,34.0465518,-6.7871148,icons/cafe.png,OSM
Rabat-Salé-Kénitra,Café sans nom,Café,Formel,Café sans nom,34.0465074,-6.7872534,icons/cafe.png,OSM
Rabat-Salé-Kénitra,Café Jannat de Hamza,Café,Formel,Café Jannat de Hamza,34.0247286,-6.8386468,icons/cafe.png,OSM
Rabat-Salé-Kénitra,اوليفيري,Café,Formel,"محج الرياض, Rabat ⵔⴱⴰⵟ الرباط",33.9626325,-6.8656551,icons/cafe.png,OSM
Rabat-Salé-Kénitra,باربيرا,Café,Formel,"محج الرياض, الرباط",33.9618062,-6.8657221,icons/cafe.png,OSM
Rabat-Salé-Kénitra,Sushi House,Restaurant,Formel,"محج الرياض, الرباط",33.9619665,-6.8655461,icons/restaurant.png,OSM
Rabat-Salé-Kénitra,Blend,Restaurant,Formel,Blend,33.9619238,-6.8655898,icons/restaurant.png,OSM
Rabat-Salé-Kénitra,Burger King,Restaurant,Formel,"محج الرياض, الرباط",33.9627749,-6.8658097,icons/restaurant.png,OSM
Rabat-Salé-Kénitra,Dinarjat,Restaurant,Formel,Dinarjat,34.0281632,-6.8376448,icons/restaurant.png,OSM
Rabat-Salé-Kénitra,Le goéland,Restaurant,Formel,Le goéland,34.0145407,-6.8281738,icons/restaurant.png,OSM
Rabat-Salé-Kénitra,Casa José,Restaurant,Formel,Casa José,34.0189901,-6.8361186,icons/restaurant.png,OSM
Rabat-Salé-Kénitra,Restaurant sans nom,Restaurant,Formel,"شارع المجد, الرباط",33.9688905,-6.8980937,icons/restaurant.png,OSM
Rabat-Salé-Kénitra,Restaurant Bouznika Bay,Restaurant,Formel,Restaurant Bouznika Bay,33.8106912,-7.155243,icons/restaurant.png,OSM
Rabat-Salé-Kénitra,Restaurant Al Walima,Restaurant,Formel,Restaurant Al Walima,33.8106272,-7.1553769,icons/restaurant.png,OSM
Rabat-Salé-Kénitra,La maison bleue,Restaurant,Formel,La maison bleue,33.957037,-6.7269301,icons/restaurant.png,OSM
Rabat-Salé-Kénitra,Supérette / Mini-market sans nom,Supérette / Mini-market,Formel,Supérette / Mini-market sans nom,33.9681058,-6.9014195,icons/convenience.png,OSM
Rabat-Salé-Kénitra,الحوس,Supérette / Mini-market,Formel,"زنقة بحر الشمال, الرباط",33.9696872,-6.9002515,icons/convenience.png,OSM
Rabat-Salé-Kénitra,Primus,Restaurant,Formel,Primus,34.0153944,-6.8350059,icons/restaurant.png,OSM
Rabat-Salé-Kénitra,Restaurant sans nom,Restaurant,Formel,Restaurant sans nom,33.9771769,-6.8858062,icons/restaurant.png,OSM
Rabat-Salé-Kénitra,Boulangerie sans nom,Boulangerie,Formel,Boulangerie sans nom,34.2631728,-6.649595,icons/bakery.png,OSM
Rabat-Salé-Kénitra,Kiosque sans nom,Kiosque,Informel,Kiosque sans nom,34.2667308,-6.6444081,icons/kiosk.png,OSM
Rabat-Salé-Kénitra,Restaurant sans nom,Restaurant,Formel,Restaurant sans nom,33.9898649,-6.8541377,icons/restaurant.png,OSM
Rabat-Salé-Kénitra,Café restaurant du Gharb,Restaurant,Formel,Café restaurant du Gharb,34.5223549,-6.322354,icons/restaurant.png,OSM
Rabat-Salé-Kénitra,Sufra,Restaurant,Formel,Sufra,34.0206332,-6.8304218,icons/restaurant.png,OSM
Rabat-Salé-Kénitra,Felicita,Restaurant,Formel,Felicita,33.9610385,-6.8673328,icons/restaurant.png,OSM
Rabat-Salé-Kénitra,Little Mamma,Restaurant,Formel,Rabat ⵔⴱⴰⵟ الرباط,33.9601638,-6.867717,icons/restaurant.png,OSM
Rabat-Salé-Kénitra,Oceanos,Restaurant,Formel,Oceanos,33.9601602,-6.8674561,icons/restaurant.png,OSM
Rabat-Salé-Kénitra,Dar Naji Agdal,Restaurant,Formel,Dar Naji Agdal,34.0033035,-6.8463067,icons/restaurant.png,OSM
Rabat-Salé-Kénitra,La Pagode,Restaurant,Formel,La Pagode,34.0153111,-6.8376916,icons/restaurant.png,OSM
Rabat-Salé-Kénitra,Luna Palace,Café,Formel,Luna Palace,33.9803511,-6.8846693,icons/cafe.png,OSM
Rabat-Salé-Kénitra,Glacier,Café,Formel,Glacier,34.015678,-6.836674,icons/cafe.png,OSM
Rabat-Salé-Kénitra,Carrefour Market,Supermarché,Formel,Carrefour Market,33.7063312,-7.3951297,icons/supermarket.png,OSM
Rabat-Salé-Kénitra,Cafe Zagoura,Café,Formel,Cafe Zagoura,33.9296822,-6.8899956,icons/cafe.png,OSM
Rabat-Salé-Kénitra,Anass,Restaurant,Formel,Anass,34.8767598,-6.2894697,icons/restaurant.png,OSM
Rabat-Salé-Kénitra,Lac des Flamants,Restaurant,Formel,Lac des Flamants,34.8772569,-6.2899727,icons/restaurant.png,OSM
Rabat-Salé-Kénitra,Al Abrar,Café,Formel,Al Abrar,34.877364,-6.2891415,icons/cafe.png,OSM
Rabat-Salé-Kénitra,Supérette / Mini-market sans nom,Supérette / Mini-market,Formel,Supérette / Mini-market sans nom,34.8771534,-6.2915587,icons/convenience.png,OSM
Rabat-Salé-Kénitra,Clay Oven,Restaurant,Formel,Clay Oven,33.9617161,-6.864708,icons/restaurant.png,OSM
Rabat-Salé-Kénitra,Le Medina,Restaurant,Formel,Rue Annakhil,33.959691,-6.8734776,icons/restaurant.png,OSM
Rabat-Salé-Kénitra,Saladbar - Green is better,Restaurant,Formel,Saladbar - Green is better,33.9625506,-6.8648192,icons/restaurant.png,OSM
Rabat-Salé-Kénitra,As'iam,Restaurant,Formel,As'iam,33.9540727,-6.8746584,icons/restaurant.png,OSM
Rabat-Salé-Kénitra,Restaurant sans nom,Restaurant,Formel,Restaurant sans nom,34.0180605,-6.8263114,icons/restaurant.png,OSM
Rabat-Salé-Kénitra,Restaurant sans nom,Restaurant,Formel,Restaurant sans nom,34.0249409,-6.8397704,icons/restaurant.png,OSM
Rabat-Salé-Kénitra,L'Atelier Burger,Restaurant,Formel,L'Atelier Burger,33.9537687,-6.8739709,icons/restaurant.png,OSM
Rabat-Salé-Kénitra,Boca Buena,Restaurant,Formel,Boca Buena,34.0031527,-6.8494679,icons/restaurant.png,OSM
Rabat-Salé-Kénitra,Épicerie,Supérette / Mini-market,Formel,Épicerie,33.9918553,-6.8495222,icons/convenience.png,OSM
Rabat-Salé-Kénitra,Pharmacie Bin El Ouidane,Parapharmacie,Formel,Pharmacie Bin El Ouidane,34.0066391,-6.8508352,icons/pharmacy.png,OSM
Rabat-Salé-Kénitra,Supérette / Mini-market sans nom,Supérette / Mini-market,Formel,Supérette / Mini-market sans nom,34.0062469,-6.8502273,icons/convenience.png,OSM
Rabat-Salé-Kénitra,BIM,Supermarché,Formel,BIM,34.0060606,-6.8504204,icons/supermarket.png,OSM
Rabat-Salé-Kénitra,Yogorino & Two Brothers,Restaurant,Formel,Yogorino & Two Brothers,33.9949395,-6.8454025,icons/restaurant.png,OSM
Rabat-Salé-Kénitra,Mogador,Restaurant,Formel,Mogador,33.7076784,-7.3990008,icons/restaurant.png,OSM
Rabat-Salé-Kénitra,Chez Mustapha,Restaurant,Formel,Chez Mustapha,33.8675078,-7.0574257,icons/restaurant.png,OSM
Rabat-Salé-Kénitra,Supérette / Mini-market sans nom,Supérette / Mini-market,Formel,Supérette / Mini-market sans nom,33.8675783,-7.0572647,icons/convenience.png,OSM
Rabat-Salé-Kénitra,Mania Club Café,Café,Formel,Mania Club Café,34.0182886,-6.8481902,icons/cafe.png,OSM
Rabat-Salé-Kénitra,Supérette / Mini-market sans nom,Supérette / Mini-market,Formel,Supérette / Mini-market sans nom,34.0184006,-6.8463369,icons/convenience.png,OSM
Rabat-Salé-Kénitra,Pharmacie de Rabat,Parapharmacie,Formel,Pharmacie de Rabat,34.0184271,-6.8457835,icons/pharmacy.png,OSM
Rabat-Salé-Kénitra,Épicerie sans nom,Épicerie,Informel,Épicerie sans nom,34.0719713,-6.7948657,icons/greengrocer.png,OSM
Rabat-Salé-Kénitra,Supermarché sans nom,Supermarché,Formel,Supermarché sans nom,34.0727593,-6.7951128,icons/supermarket.png,OSM
Rabat-Salé-Kénitra,Boho,Café,Formel,Rue El Yamama,34.0150951,-6.8369471,icons/cafe.png,OSM
Rabat-Salé-Kénitra,Dunkin',Restaurant,Formel,Dunkin',33.9623476,-6.8662715,icons/restaurant.png,OSM
Rabat-Salé-Kénitra,Pizza Hut,Restaurant,Formel,Rabat ⵔⴱⴰⵟ الرباط,33.9618432,-6.8658522,icons/restaurant.png,OSM
Rabat-Salé-Kénitra,Espace 5 Octobre,Café,Formel,Espace 5 Octobre,33.7025842,-7.3925875,icons/cafe.png,OSM
Rabat-Salé-Kénitra,Wedo Burgers,Restaurant,Formel,Wedo Burgers,33.9600424,-6.8678269,icons/restaurant.png,OSM
Rabat-Salé-Kénitra,"Magasin ""B'rik""",Épicerie,Informel,"Magasin ""B'rik""",34.0030128,-6.8644354,icons/greengrocer.png,OSM
Rabat-Salé-Kénitra,"Magasin ""Late Boukarrou""",Épicerie,Informel,"Magasin ""Late Boukarrou""",34.0030963,-6.8645821,icons/greengrocer.png,OSM
Rabat-Salé-Kénitra,"Magasin ""Lehri""",Épicerie,Informel,"Magasin ""Lehri""",34.0031975,-6.8647664,icons/greengrocer.png,OSM
Rabat-Salé-Kénitra,"Magasin ""Boukarrou Jr""",Épicerie,Informel,"Magasin ""Boukarrou Jr""",34.0032242,-6.8648924,icons/greengrocer.png,OSM
Rabat-Salé-Kénitra,BİM,Supermarché,Formel,BİM,33.8446205,-7.0464741,icons/supermarket.png,OSM
Rabat-Salé-Kénitra,cafe El Fath,Café,Formel,cafe El Fath,33.8356315,-7.0590766,icons/cafe.png,OSM
Rabat-Salé-Kénitra,Café sans nom,Café,Formel,Café sans nom,33.8463711,-7.0440889,icons/cafe.png,OSM
Rabat-Salé-Kénitra,Restaurant sans nom,Restaurant,Formel,Restaurant sans nom,33.84621,-7.0442535,icons/restaurant.png,OSM
Rabat-Salé-Kénitra,Café sans nom,Café,Formel,Café sans nom,33.8463591,-7.0450151,icons/cafe.png,OSM
Rabat-Salé-Kénitra,Parapharmacie sans nom,Parapharmacie,Formel,Parapharmacie sans nom,33.9934305,-6.8685522,icons/pharmacy.png,OSM
Rabat-Salé-Kénitra,Restaurant sans nom,Restaurant,Formel,Restaurant sans nom,33.9935029,-6.8685577,icons/restaurant.png,OSM
Rabat-Salé-Kénitra,Supérette / Mini-market sans nom,Supérette / Mini-market,Formel,Supérette / Mini-market sans nom,33.9933668,-6.868544,icons/convenience.png,OSM
Rabat-Salé-Kénitra,Supérette / Mini-market sans nom,Supérette / Mini-market,Formel,Supérette / Mini-market sans nom,33.9933552,-6.869128,icons/convenience.png,OSM
Rabat-Salé-Kénitra,Pharmacie Mimosa,Parapharmacie,Formel,Pharmacie Mimosa,33.8383537,-7.0558201,icons/pharmacy.png,OSM
Rabat-Salé-Kénitra,Supérette / Mini-market sans nom,Supérette / Mini-market,Formel,Supérette / Mini-market sans nom,33.9920204,-6.8678725,icons/convenience.png,OSM
Rabat-Salé-Kénitra,Inza,Restaurant,Formel,Inza,34.021767,-6.8381833,icons/restaurant.png,OSM
Rabat-Salé-Kénitra,مقهي فيراس,Café,Formel,مقهي فيراس,34.2403124,-6.5479133,icons/cafe.png,OSM
Rabat-Salé-Kénitra,Café sans nom,Café,Formel,Rue Omar El Jadidi زنقة عمر الجديدي,34.0100849,-6.8567352,icons/cafe.png,OSM
Rabat-Salé-Kénitra,Le Picolo's,Restaurant,Formel,Le Picolo's,33.9867191,-6.8282633,icons/restaurant.png,OSM
Rabat-Salé-Kénitra,Restaurant sans nom,Restaurant,Formel,Restaurant sans nom,34.0125709,-6.8289325,icons/restaurant.png,OSM
Rabat-Salé-Kénitra,Restaurant sans nom,Restaurant,Formel,Restaurant sans nom,34.2423465,-6.5950342,icons/restaurant.png,OSM
Rabat-Salé-Kénitra,Marjane,Supermarché,Formel,Marjane,33.7039231,-7.3971393,icons/supermarket.png,OSM
Rabat-Salé-Kénitra,Café sans nom,Café,Formel,Café sans nom,33.8613183,-7.0518634,icons/cafe.png,OSM
Rabat-Salé-Kénitra,Scoop,Café,Formel,Scoop,34.2528117,-6.602195,icons/cafe.png,OSM
Rabat-Salé-Kénitra,Restaurant sans nom,Restaurant,Formel,Rue Sidi Fatah زنقة سيدي فاتح,34.0270404,-6.8395515,icons/restaurant.png,OSM
Rabat-Salé-Kénitra,BİM,Supermarché,Formel,BİM,33.9910154,-6.8696498,icons/supermarket.png,OSM
Rabat-Salé-Kénitra,Supermarché sans nom,Supermarché,Formel,Supermarché sans nom,33.9534406,-6.8804285,icons/supermarket.png,OSM
Rabat-Salé-Kénitra,Café sans nom,Café,Formel,Café sans nom,33.9532881,-6.8806368,icons/cafe.png,OSM
Rabat-Salé-Kénitra,Café sans nom,Café,Formel,Café sans nom,33.9912124,-6.8682498,icons/cafe.png,OSM
Rabat-Salé-Kénitra,Pharmacie & Para Al Bassatine,Parapharmacie,Formel,Pharmacie & Para Al Bassatine,33.8396912,-7.0595421,icons/pharmacy.png,OSM
Rabat-Salé-Kénitra,صيدلية الحسناء,Parapharmacie,Formel,صيدلية الحسناء,33.8346611,-7.059588,icons/pharmacy.png,OSM
Rabat-Salé-Kénitra,Restaurant sans nom,Restaurant,Formel,Restaurant sans nom,33.6989596,-7.3967822,icons/restaurant.png,OSM
Rabat-Salé-Kénitra,BİM,Supermarché,Formel,BİM,33.6995239,-7.395863,icons/supermarket.png,OSM
Rabat-Salé-Kénitra,Boulangerie sans nom,Boulangerie,Formel,Boulangerie sans nom,34.2569825,-6.6497738,icons/bakery.png,OSM
Rabat-Salé-Kénitra,Pharmacie Souissi,Parapharmacie,Formel,GH 102,34.250615,-6.641976,icons/pharmacy.png,OSM
Rabat-Salé-Kénitra,Pharmacie Espace Golf,Parapharmacie,Formel,Pharmacie Espace Golf,34.2494186,-6.6373138,icons/pharmacy.png,OSM
Rabat-Salé-Kénitra,Super U Express,Supermarché,Formel,Rabat ⵔⴱⴰⵟ الرباط,33.9544627,-6.8494316,icons/supermarket.png,OSM
Rabat-Salé-Kénitra,صيدلية النزهة,Parapharmacie,Formel,صيدلية النزهة,33.9566815,-6.8171845,icons/pharmacy.png,OSM
Rabat-Salé-Kénitra,Snail Ldid,Restaurant,Formel,Snail Ldid,34.2613098,-6.5906556,icons/restaurant.png,OSM
Rabat-Salé-Kénitra,Café sans nom,Café,Formel,Café sans nom,33.9979035,-6.8674774,icons/cafe.png,OSM
Rabat-Salé-Kénitra,Carrefour Market,Supermarché,Formel,Carrefour Market,34.0232465,-6.8501651,icons/supermarket.png,OSM
Rabat-Salé-Kénitra,Café sans nom,Café,Formel,Café sans nom,33.9707164,-6.8226014,icons/cafe.png,OSM
Rabat-Salé-Kénitra,صيدلية عز الدين,Parapharmacie,Formel,صيدلية عز الدين,34.0867589,-6.7817856,icons/pharmacy.png,OSM
Rabat-Salé-Kénitra,S'moody,Café,Formel,Avenue Oued Daraa,34.0112783,-6.7355369,icons/cafe.png,OSM
Rabat-Salé-Kénitra,Restaurant Moogly's,Restaurant,Formel,Restaurant Moogly's,33.704397,-7.3969605,icons/restaurant.png,OSM
Rabat-Salé-Kénitra,صيدلية الحساني,Parapharmacie,Formel,صيدلية الحساني,34.0148984,-6.7651773,icons/pharmacy.png,OSM
Rabat-Salé-Kénitra,Pharmacie Ennasr,Parapharmacie,Formel,Pharmacie Ennasr,34.0126624,-6.7648397,icons/pharmacy.png,OSM
Rabat-Salé-Kénitra,Café sans nom,Café,Formel,Café sans nom,34.2639192,-6.6554279,icons/cafe.png,OSM
Rabat-Salé-Kénitra,Pharmacie Florida,Parapharmacie,Formel,Pharmacie Florida,34.2681247,-6.6413079,icons/pharmacy.png,OSM
Rabat-Salé-Kénitra,Mutawakkil Pharmacy,Parapharmacie,Formel,Mutawakkil Pharmacy,34.0168961,-6.7677242,icons/pharmacy.png,OSM
Rabat-Salé-Kénitra,Pharmacie Printemps,Parapharmacie,Formel,Pharmacie Printemps,34.0178129,-6.7652398,icons/pharmacy.png,OSM
Rabat-Salé-Kénitra,Fire Place,Restaurant,Formel,Kénitra,34.2663909,-6.5900895,icons/restaurant.png,OSM
Rabat-Salé-Kénitra,Yours,Restaurant,Formel,Yours,34.2515729,-6.60222,icons/restaurant.png,OSM
Rabat-Salé-Kénitra,Boulangerie sans nom,Boulangerie,Formel,Boulangerie sans nom,34.0175666,-6.8493806,icons/bakery.png,OSM
Rabat-Salé-Kénitra,Primos Chicken,Restaurant,Formel,"Place Abou Bakr Asseddik ساحة أبو بكر الصديق, RABAT",33.9998339,-6.8504201,icons/restaurant.png,OSM
Rabat-Salé-Kénitra,Little Mamma Agdal,Restaurant,Formel,"Avenue Fal Ould Oumeir شارع فال ولد عمير, RABAT",33.9989185,-6.8491499,icons/restaurant.png,OSM
Rabat-Salé-Kénitra,Casketa,Restaurant,Formel,"Place Abou Bakr Asseddik ساحة أبو بكر الصديق, RABAT",33.9999928,-6.8500457,icons/restaurant.png,OSM
Rabat-Salé-Kénitra,GOLDEN FISH,Restaurant,Formel,"Avenue Imam Malek, Rabat ⵔⴱⴰⵟ الرباط",33.9899813,-6.8376905,icons/restaurant.png,OSM
Rabat-Salé-Kénitra,Marina Palms,Café,Formel,Marina Palms,34.0276629,-6.8301854,icons/cafe.png,OSM
Rabat-Salé-Kénitra,Ober Mamma,Restaurant,Formel,Ober Mamma,34.0163571,-6.8304629,icons/restaurant.png,OSM
Rabat-Salé-Kénitra,Café sans nom,Café,Formel,Café sans nom,34.0219974,-6.8395531,icons/cafe.png,OSM
Rabat-Salé-Kénitra,Restaurant sans nom,Restaurant,Formel,Restaurant sans nom,34.0199115,-6.8345701,icons/restaurant.png,OSM
Rabat-Salé-Kénitra,Boulangerie sans nom,Boulangerie,Formel,Rue Sidi Fatah زنقة سيدي فاتح,34.0241758,-6.8378347,icons/bakery.png,OSM
Rabat-Salé-Kénitra,BİM,Supermarché,Formel,BİM,34.2559158,-6.5864484,icons/supermarket.png,OSM
Rabat-Salé-Kénitra,Pietri Palace,Café,Formel,Pietri Palace,34.01737,-6.8299176,icons/cafe.png,OSM
Rabat-Salé-Kénitra,Restaurant sans nom,Restaurant,Formel,Restaurant sans nom,34.0160237,-6.8391124,icons/restaurant.png,OSM
Rabat-Salé-Kénitra,Restaurant sans nom,Restaurant,Formel,Restaurant sans nom,34.0148394,-6.8396426,icons/restaurant.png,OSM
Rabat-Salé-Kénitra,Had El Brachoua,Parapharmacie,Formel,Had El Brachoua,33.6933748,-6.6330256,icons/pharmacy.png,OSM
Rabat-Salé-Kénitra,Les Saveurs de Chine,Restaurant,Formel,"Rue Benzert زنقة بنزرت, Rabat",34.0163634,-6.8325103,icons/restaurant.png,OSM
Rabat-Salé-Kénitra,STORE TAHAR,Supérette / Mini-market,Formel,Rue Al Kilass,34.0432052,-6.7783521,icons/convenience.png,OSM
Rabat-Salé-Kénitra,Radia Restaurant - Café,Restaurant,Formel,"Diar Elmansour, Rabat ⵔⴱⴰⵟ الرباط",33.9951968,-6.8797646,icons/restaurant.png,OSM
Rabat-Salé-Kénitra,Café Crusty,Café,Formel,Café Crusty,33.9918488,-6.8833825,icons/cafe.png,OSM
Rabat-Salé-Kénitra,Boulangerie sans nom,Boulangerie,Formel,Boulangerie sans nom,33.9941205,-6.8806643,icons/bakery.png,OSM
Rabat-Salé-Kénitra,Sabahacham,Restaurant,Formel,Sabahacham,33.9933152,-6.8813958,icons/restaurant.png,OSM
Rabat-Salé-Kénitra,Café sans nom,Café,Formel,Rue Joutia,34.0255569,-6.8349256,icons/cafe.png,OSM
Rabat-Salé-Kénitra,Restaurant sans nom,Restaurant,Formel,Restaurant sans nom,34.120699,-6.560234,icons/restaurant.png,OSM
Rabat-Salé-Kénitra,Club Mariposa,Restaurant,Formel,Club Mariposa,34.1150304,-6.5656955,icons/restaurant.png,OSM
Rabat-Salé-Kénitra,BİM,Supermarché,Formel,BİM,34.2702065,-6.5582845,icons/supermarket.png,OSM
Rabat-Salé-Kénitra,Marjane,Supermarché,Formel,Marjane,34.2582548,-6.5865591,icons/supermarket.png,OSM
Rabat-Salé-Kénitra,Marjane,Supermarché,Formel,Marjane,34.2680807,-6.5934475,icons/supermarket.png,OSM
Rabat-Salé-Kénitra,Le Treffle,Café,Formel,Le Treffle,34.2577377,-6.5888636,icons/cafe.png,OSM
Rabat-Salé-Kénitra,Carrefour,Supermarché,Formel,Carrefour,34.2577681,-6.5920797,icons/supermarket.png,OSM
Rabat-Salé-Kénitra,Narjiss,Café,Formel,Narjiss,34.2574654,-6.5895889,icons/cafe.png,OSM
Rabat-Salé-Kénitra,Mini Chicken 2,Restaurant,Formel,Mini Chicken 2,34.2573117,-6.590005,icons/restaurant.png,OSM
Rabat-Salé-Kénitra,Black Gold,Restaurant,Formel,Black Gold,34.2574853,-6.590539,icons/restaurant.png,OSM
Rabat-Salé-Kénitra,Tres Forcas,Restaurant,Formel,Tres Forcas,34.2581929,-6.5877711,icons/restaurant.png,OSM
Rabat-Salé-Kénitra,BİM,Supermarché,Formel,BİM,34.2674479,-6.6263746,icons/supermarket.png,OSM
Rabat-Salé-Kénitra,Boutique de confiserie sans nom,Boutique de confiserie,Informel,Boutique de confiserie sans nom,34.0242395,-6.8378576,icons/confectionery.png,OSM
Rabat-Salé-Kénitra,El yassmine,Parapharmacie,Formel,El yassmine,33.9889539,-6.8143609,icons/pharmacy.png,OSM
Rabat-Salé-Kénitra,Tagadirt Restaurant,Restaurant,Formel,Tagadirt Restaurant,34.0205409,-6.8370985,icons/restaurant.png,OSM
Rabat-Salé-Kénitra,Snack Al Boughaz,Restaurant,Formel,Snack Al Boughaz,34.0343767,-6.8211693,icons/restaurant.png,OSM
Rabat-Salé-Kénitra,Itri Foods,Restaurant,Formel,Itri Foods,34.0344674,-6.8210307,icons/restaurant.png,OSM
Rabat-Salé-Kénitra,Restaurant sans nom,Restaurant,Formel,Restaurant sans nom,34.0344445,-6.8209848,icons/restaurant.png,OSM
Rabat-Salé-Kénitra,Café sans nom,Café,Formel,Café sans nom,34.0923556,-6.7682339,icons/cafe.png,OSM
Rabat-Salé-Kénitra,Cafétéria Marché Central,Café,Formel,Cafétéria Marché Central,34.0227959,-6.8383811,icons/cafe.png,OSM
Rabat-Salé-Kénitra,Piéces Rabab,Épicerie,Informel,Piéces Rabab,34.26559,-6.5684057,icons/greengrocer.png,OSM
Rabat-Salé-Kénitra,Café Dalia,Café,Formel,"Avenue Mohamed V شارع محمد الخامس, Kenitra",34.261096,-6.5803654,icons/cafe.png,OSM
Rabat-Salé-Kénitra,Café Rendez-vous,Café,Formel,Café Rendez-vous,34.2604892,-6.5676416,icons/cafe.png,OSM
Rabat-Salé-Kénitra,Rotisserie al Mizane,Restaurant,Formel,Rotisserie al Mizane,34.2716566,-6.5585541,icons/restaurant.png,OSM
Rabat-Salé-Kénitra,إلكترو السلام,Épicerie,Informel,إلكترو السلام,33.5842705,-7.4788628,icons/greengrocer.png,OSM
Rabat-Salé-Kénitra,Restaurant sans nom,Restaurant,Formel,Restaurant sans nom,34.2648155,-6.643356,icons/restaurant.png,OSM
Rabat-Salé-Kénitra,Merkal,Supermarché,Formel,Merkal,34.2681265,-6.6273904,icons/supermarket.png,OSM
Rabat-Salé-Kénitra,Farinette,Boulangerie,Formel,Farinette,34.2715871,-6.6239278,icons/bakery.png,OSM
Rabat-Salé-Kénitra,Café YAFA,Restaurant,Formel,Café YAFA,34.2719623,-6.6253615,icons/restaurant.png,OSM
Rabat-Salé-Kénitra,Merry Time Coffee Snack,Restaurant,Formel,Merry Time Coffee Snack,34.2716929,-6.6271812,icons/restaurant.png,OSM
Rabat-Salé-Kénitra,For You,Café,Formel,For You,34.2552626,-6.6191952,icons/cafe.png,OSM
Rabat-Salé-Kénitra,Café sans nom,Café,Formel,Café sans nom,34.2167752,-6.6642255,icons/cafe.png,OSM
Rabat-Salé-Kénitra,Café sans nom,Café,Formel,"Place Moulay Youssef, KENITRA",34.2646543,-6.5703582,icons/cafe.png,OSM
Rabat-Salé-Kénitra,Café sans nom,Café,Formel,Café sans nom,34.2526544,-6.5916228,icons/cafe.png,OSM
Rabat-Salé-Kénitra,Liya,Supermarché,Formel,Liya,34.2649014,-6.590258,icons/supermarket.png,OSM
Rabat-Salé-Kénitra,Boulangerie sans nom,Boulangerie,Formel,Boulangerie sans nom,34.047018,-6.7971278,icons/bakery.png,OSM
Rabat-Salé-Kénitra,Supérette / Mini-market sans nom,Supérette / Mini-market,Formel,Supérette / Mini-market sans nom,34.0500677,-6.8008259,icons/convenience.png,OSM
Rabat-Salé-Kénitra,Café sans nom,Café,Formel,Café sans nom,34.0490673,-6.7997831,icons/cafe.png,OSM
Rabat-Salé-Kénitra,Café sans nom,Café,Formel,Café sans nom,34.0189354,-6.8280527,icons/cafe.png,OSM
Rabat-Salé-Kénitra,Top Batido,Café,Formel,Top Batido,34.0158346,-6.834501,icons/cafe.png,OSM
Rabat-Salé-Kénitra,Lina,Café,Formel,Lina,33.9283767,-6.9552836,icons/cafe.png,OSM
Rabat-Salé-Kénitra,Au bon délice,Restaurant,Formel,Au bon délice,33.9282984,-6.9553838,icons/restaurant.png,OSM
Rabat-Salé-Kénitra,Burger King,Restaurant,Formel,Burger King,34.0290672,-6.823351,icons/restaurant.png,OSM
Rabat-Salé-Kénitra,Pasteur,Parapharmacie,Formel,Pasteur,34.0481748,-6.8006116,icons/pharmacy.png,OSM
Rabat-Salé-Kénitra,Burger King,Restaurant,Formel,Burger King,34.0032698,-6.8447557,icons/restaurant.png,OSM
Rabat-Salé-Kénitra,Grillades De Poisson,Restaurant,Formel,Grillades De Poisson,34.0401596,-6.8324634,icons/restaurant.png,OSM
Rabat-Salé-Kénitra,Instagrill Rabat,Restaurant,Formel,Instagrill Rabat,34.0193504,-6.8427468,icons/restaurant.png,OSM
Rabat-Salé-Kénitra,Snack Boukana,Restaurant,Formel,Snack Boukana,34.0214923,-6.8437635,icons/restaurant.png,OSM
Rabat-Salé-Kénitra,BİM,Supermarché,Formel,BİM,34.0176488,-6.8334566,icons/supermarket.png,OSM
Rabat-Salé-Kénitra,BİM,Supermarché,Formel,BİM,34.0195515,-6.8446384,icons/supermarket.png,OSM
Rabat-Salé-Kénitra,BİM,Supermarché,Formel,BİM,34.0185065,-6.8247,icons/supermarket.png,OSM
Rabat-Salé-Kénitra,BİM,Supermarché,Formel,BİM,34.024395,-6.82826,icons/supermarket.png,OSM
Rabat-Salé-Kénitra,Dar el Karam Fatima,Café,Formel,Dar el Karam Fatima,34.0321495,-6.8352488,icons/cafe.png,OSM
Rabat-Salé-Kénitra,Supérette / Mini-market sans nom,Supérette / Mini-market,Formel,Supérette / Mini-market sans nom,33.9038025,-6.9238872,icons/convenience.png,OSM
Rabat-Salé-Kénitra,مقهى لبدر,Café,Formel,مقهى لبدر,33.9035709,-6.9238826,icons/cafe.png,OSM
Rabat-Salé-Kénitra,Oscar,Café,Formel,Oscar,33.9029759,-6.9247033,icons/cafe.png,OSM
Rabat-Salé-Kénitra,Café Bab Tamesna,Café,Formel,Café Bab Tamesna,33.9019101,-6.9233194,icons/cafe.png,OSM
Rabat-Salé-Kénitra,مقهى الأحلام,Café,Formel,مقهى الأحلام,33.9016703,-6.9235928,icons/cafe.png,OSM
Rabat-Salé-Kénitra,العطرية الفيلالية,Supérette / Mini-market,Formel,العطرية الفيلالية,33.9043029,-6.9231011,icons/convenience.png,OSM
Rabat-Salé-Kénitra,La Soie,Café,Formel,La Soie,33.9007965,-6.9246997,icons/cafe.png,OSM
Rabat-Salé-Kénitra,Badr Bacery,Boulangerie,Formel,Badr Bacery,33.9008796,-6.9245805,icons/bakery.png,OSM
Rabat-Salé-Kénitra,الزعراوي إخوان,Boulangerie,Formel,الزعراوي إخوان,33.9015266,-6.9247228,icons/bakery.png,OSM
Rabat-Salé-Kénitra,Café Alexandra,Café,Formel,Café Alexandra,33.9015739,-6.9247832,icons/cafe.png,OSM
Rabat-Salé-Kénitra,مقهى يوري,Café,Formel,مقهى يوري,33.901993,-6.9254138,icons/cafe.png,OSM
Rabat-Salé-Kénitra,Kabano Beach,Restaurant,Formel,Kabano Beach,34.8768076,-6.2967427,icons/restaurant.png,OSM
Rabat-Salé-Kénitra,AROMASHOP,Supermarché,Formel,"Rue Toudgha زنقة تودغة /Résidence KAYS, Rabat",33.9993127,-6.8470809,icons/supermarket.png,OSM
Rabat-Salé-Kénitra,Botroch Professionnelle,Boulangerie,Formel,Botroch Professionnelle,33.9026743,-6.9247775,icons/bakery.png,OSM
Rabat-Salé-Kénitra,مخبزة أمين,Boulangerie,Formel,مخبزة أمين,33.9036805,-6.9255804,icons/bakery.png,OSM
Rabat-Salé-Kénitra,صيدلية الرياض,Parapharmacie,Formel,صيدلية الرياض,34.0438361,-6.804304,icons/pharmacy.png,OSM
Rabat-Salé-Kénitra,Supérette / Mini-market sans nom,Supérette / Mini-market,Formel,Supérette / Mini-market sans nom,34.043864,-6.8042016,icons/convenience.png,OSM
Rabat-Salé-Kénitra,سناك بلادي,Restaurant,Formel,سناك بلادي,33.9033236,-6.9249313,icons/restaurant.png,OSM
Rabat-Salé-Kénitra,Para Life,Parapharmacie,Formel,Para Life,33.9028356,-6.9242374,icons/pharmacy.png,OSM
Rabat-Salé-Kénitra,Supérette / Mini-market sans nom,Supérette / Mini-market,Formel,Supérette / Mini-market sans nom,33.9025273,-6.9240916,icons/convenience.png,OSM
Rabat-Salé-Kénitra,Café Jad,Café,Formel,Café Jad,33.9027602,-6.9222876,icons/cafe.png,OSM
Rabat-Salé-Kénitra,Pâtisserie Ennakhil,Boulangerie,Formel,Pâtisserie Ennakhil,33.9026062,-6.9195317,icons/bakery.png,OSM
Rabat-Salé-Kénitra,Supérette / Mini-market sans nom,Supérette / Mini-market,Formel,Supérette / Mini-market sans nom,33.9027861,-6.919332,icons/convenience.png,OSM
Rabat-Salé-Kénitra,Supérette / Mini-market sans nom,Supérette / Mini-market,Formel,Supérette / Mini-market sans nom,33.902129,-6.9201107,icons/convenience.png,OSM
Rabat-Salé-Kénitra,مقهى زين,Café,Formel,مقهى زين,33.90211,-6.9218954,icons/cafe.png,OSM
Rabat-Salé-Kénitra,Supérette / Mini-market sans nom,Supérette / Mini-market,Formel,Supérette / Mini-market sans nom,33.9047645,-6.9225934,icons/convenience.png,OSM
Rabat-Salé-Kénitra,Market Belhaj,Supérette / Mini-market,Formel,Market Belhaj,33.9065401,-6.9246846,icons/convenience.png,OSM
Rabat-Salé-Kénitra,Supérette / Mini-market sans nom,Supérette / Mini-market,Formel,Supérette / Mini-market sans nom,33.9062988,-6.9254133,icons/convenience.png,OSM
Rabat-Salé-Kénitra,La Manga,Café,Formel,La Manga,33.9062589,-6.9253351,icons/cafe.png,OSM
Rabat-Salé-Kénitra,مقهى جواهر,Café,Formel,مقهى جواهر,33.9071821,-6.9241294,icons/cafe.png,OSM
Rabat-Salé-Kénitra,Ahmed Market,Supérette / Mini-market,Formel,Ahmed Market,33.9065737,-6.924646,icons/convenience.png,OSM
Rabat-Salé-Kénitra,مخبزة باسم,Boulangerie,Formel,مخبزة باسم,33.9072548,-6.9240587,icons/bakery.png,OSM
Rabat-Salé-Kénitra,مقهى جباليا,Café,Formel,مقهى جباليا,33.9066245,-6.9246018,icons/cafe.png,OSM
Rabat-Salé-Kénitra,عطار تفيلالت,Supérette / Mini-market,Formel,عطار تفيلالت,33.90715,-6.9202053,icons/convenience.png,OSM
Rabat-Salé-Kénitra,مخبزة وحلويات خالد,Boulangerie,Formel,مخبزة وحلويات خالد,33.8999777,-6.9241259,icons/bakery.png,OSM
Rabat-Salé-Kénitra,Restaurant sans nom,Restaurant,Formel,Restaurant sans nom,33.9004113,-6.9241199,icons/restaurant.png,OSM
Rabat-Salé-Kénitra,محلبة وحلويات تاليوين,Boulangerie,Formel,محلبة وحلويات تاليوين,33.9001483,-6.9241235,icons/bakery.png,OSM
Rabat-Salé-Kénitra,Supérette / Mini-market sans nom,Supérette / Mini-market,Formel,Supérette / Mini-market sans nom,33.9001782,-6.9241619,icons/convenience.png,OSM
Rabat-Salé-Kénitra,Épicerie sans nom,Épicerie,Informel,Épicerie sans nom,33.9000842,-6.9240688,icons/greengrocer.png,OSM
Rabat-Salé-Kénitra,Supérette / Mini-market sans nom,Supérette / Mini-market,Formel,Supérette / Mini-market sans nom,33.8997156,-6.9246779,icons/convenience.png,OSM
Rabat-Salé-Kénitra,متجر ويديرن,Supérette / Mini-market,Formel,متجر ويديرن,33.8998281,-6.9258793,icons/convenience.png,OSM
Rabat-Salé-Kénitra,Trois Gourmets,Café,Formel,Trois Gourmets,33.8999284,-6.925753,icons/cafe.png,OSM
Rabat-Salé-Kénitra,Arzak,Restaurant,Formel,Témara تمارة,33.9005033,-6.9256242,icons/restaurant.png,OSM
Rabat-Salé-Kénitra,Supérette / Mini-market sans nom,Supérette / Mini-market,Formel,Supérette / Mini-market sans nom,33.9016935,-6.9238778,icons/convenience.png,OSM
Rabat-Salé-Kénitra,أسماك هشام,Restaurant,Formel,أسماك هشام,33.9051359,-6.9225359,icons/restaurant.png,OSM
Rabat-Salé-Kénitra,Supérette / Mini-market sans nom,Supérette / Mini-market,Formel,Supérette / Mini-market sans nom,33.9031321,-6.9237617,icons/convenience.png,OSM
Rabat-Salé-Kénitra,مخبزة روزاليندا,Boulangerie,Formel,مخبزة روزاليندا,33.9050838,-6.9264395,icons/bakery.png,OSM
Rabat-Salé-Kénitra,مقهى الخيام,Café,Formel,مقهى الخيام,33.905853,-6.9256969,icons/cafe.png,OSM
Rabat-Salé-Kénitra,Café sans nom,Café,Formel,Café sans nom,34.2603285,-6.5860118,icons/cafe.png,OSM
Rabat-Salé-Kénitra,Café sans nom,Café,Formel,Café sans nom,34.2621417,-6.5836478,icons/cafe.png,OSM
Rabat-Salé-Kénitra,Dunkin',Restaurant,Formel,Dunkin',33.9515846,-6.8852014,icons/restaurant.png,OSM
Rabat-Salé-Kénitra,Wakame,Restaurant,Formel,"458 Guy Ville Plage, Harhoura",33.9341892,-6.9427548,icons/restaurant.png,OSM
Rabat-Salé-Kénitra,Supermarché sans nom,Supermarché,Formel,Supermarché sans nom,33.9145019,-6.815832,icons/supermarket.png,OSM
Rabat-Salé-Kénitra,Superette Brahim,Supermarché,Formel,Superette Brahim,33.9151812,-6.9705626,icons/supermarket.png,OSM
Rabat-Salé-Kénitra,Supérette / Mini-market sans nom,Supérette / Mini-market,Formel,Supérette / Mini-market sans nom,33.9015036,-6.9253957,icons/convenience.png,OSM
Rabat-Salé-Kénitra,Café Urbano,Café,Formel,Café Urbano,33.9018426,-6.9256296,icons/cafe.png,OSM
Rabat-Salé-Kénitra,ماكسي همزة,Supérette / Mini-market,Formel,ماكسي همزة,33.9023268,-6.9228069,icons/convenience.png,OSM
Rabat-Salé-Kénitra,Traiteur Benbrahim,Café,Formel,Traiteur Benbrahim,33.9405135,-6.8946117,icons/cafe.png,OSM
Rabat-Salé-Kénitra,Champion,Supermarché,Formel,Champion,33.916215,-6.9657737,icons/supermarket.png,OSM
Rabat-Salé-Kénitra,Café sans nom,Café,Formel,Café sans nom,34.2480312,-6.6365665,icons/cafe.png,OSM
Rabat-Salé-Kénitra,Blue berry,Restaurant,Formel,Blue berry,34.2476603,-6.6093266,icons/restaurant.png,OSM
Rabat-Salé-Kénitra,BİM,Supermarché,Formel,BİM,33.9336665,-6.942528,icons/supermarket.png,OSM
Rabat-Salé-Kénitra,Agha Acham,Restaurant,Formel,Agha Acham,33.9345746,-6.9429564,icons/restaurant.png,OSM
Rabat-Salé-Kénitra,Al Andalous,Restaurant,Formel,Al Andalous,33.9347715,-6.943313,icons/restaurant.png,OSM
Rabat-Salé-Kénitra,Sushi Box,Restaurant,Formel,Sushi Box,33.9350269,-6.9429808,icons/restaurant.png,OSM
Rabat-Salé-Kénitra,Little Mamma,Restaurant,Formel,Little Mamma,34.0164388,-6.8343002,icons/restaurant.png,OSM
Rabat-Salé-Kénitra,Supérette / Mini-market sans nom,Supérette / Mini-market,Formel,Supérette / Mini-market sans nom,34.0134806,-6.8412363,icons/convenience.png,OSM
Rabat-Salé-Kénitra,Mille Délices,Café,Formel,Mille Délices,33.9038606,-6.919916,icons/cafe.png,OSM
Rabat-Salé-Kénitra,Our corner,Café,Formel,Our corner,33.9040033,-6.919706,icons/cafe.png,OSM
Rabat-Salé-Kénitra,Café Dialna,Café,Formel,Café Dialna,33.9040726,-6.9196417,icons/cafe.png,OSM
Rabat-Salé-Kénitra,BIM,Supermarché,Formel,BIM,33.9041389,-6.919544,icons/supermarket.png,OSM
Rabat-Salé-Kénitra,Burger King,Restaurant,Formel,Burger King,34.0585411,-6.8027093,icons/restaurant.png,OSM
Rabat-Salé-Kénitra,Supérette / Mini-market sans nom,Supérette / Mini-market,Formel,Supérette / Mini-market sans nom,33.9026877,-6.9264299,icons/convenience.png,OSM
Rabat-Salé-Kénitra,Café sans nom,Café,Formel,Café sans nom,33.9207502,-6.9161457,icons/cafe.png,OSM
Rabat-Salé-Kénitra,PARADEL CAFE,Café,Formel,PARADEL CAFE,33.9207913,-6.9160852,icons/cafe.png,OSM
Rabat-Salé-Kénitra,Green House,Café,Formel,Green House,33.9212445,-6.9159753,icons/cafe.png,OSM
Rabat-Salé-Kénitra,مقهى اليمامة,Café,Formel,مقهى اليمامة,33.9210536,-6.9162541,icons/cafe.png,OSM
Rabat-Salé-Kénitra,Liya,Supermarché,Formel,Liya,34.2674322,-6.6020546,icons/supermarket.png,OSM
Rabat-Salé-Kénitra,AL MASBAH,Parapharmacie,Formel,"Rue Ibn Taimia, Rabat",33.9862189,-6.8876238,icons/pharmacy.png,OSM
Rabat-Salé-Kénitra,Supérette / Mini-market sans nom,Supérette / Mini-market,Formel,Supérette / Mini-market sans nom,34.256685,-6.6482743,icons/convenience.png,OSM
Rabat-Salé-Kénitra,CAMPUS,Restaurant,Formel,"RUE LEMFEDDEL CHERKAOUI, RABAT",34.8532702,-6.0595325,icons/restaurant.png,OSM
Rabat-Salé-Kénitra,Boulangerie sans nom,Boulangerie,Formel,Boulangerie sans nom,34.262577,-6.5689439,icons/bakery.png,OSM
Rabat-Salé-Kénitra,WW,Restaurant,Formel,WW,34.1771072,-6.7021916,icons/restaurant.png,OSM
Rabat-Salé-Kénitra,Para Bée Lilia's,Parapharmacie,Formel,Para Bée Lilia's,33.9209805,-6.9162844,icons/pharmacy.png,OSM
Rabat-Salé-Kénitra,Restaurant sans nom,Restaurant,Formel,Restaurant sans nom,33.9205848,-6.9166813,icons/restaurant.png,OSM
Rabat-Salé-Kénitra,Supérette / Mini-market sans nom,Supérette / Mini-market,Formel,Supérette / Mini-market sans nom,33.920737,-6.9165438,icons/convenience.png,OSM
Rabat-Salé-Kénitra,سناك الشعب,Restaurant,Formel,سناك الشعب,33.9207017,-6.9165718,icons/restaurant.png,OSM
Rabat-Salé-Kénitra,مشواة يونس,Restaurant,Formel,مشواة يونس,33.9206365,-6.9166208,icons/restaurant.png,OSM
Rabat-Salé-Kénitra,Café Atlantis,Café,Formel,Café Atlantis,33.9064516,-6.9214195,icons/cafe.png,OSM
Rabat-Salé-Kénitra,Nice Smile Coffe,Café,Formel,Nice Smile Coffe,33.9205116,-6.9167661,icons/cafe.png,OSM
Rabat-Salé-Kénitra,Pharmacie La Plage,Parapharmacie,Formel,Pharmacie La Plage,34.2548806,-6.6771113,icons/pharmacy.png,OSM
Rabat-Salé-Kénitra,Café sans nom,Café,Formel,Café sans nom,34.0174328,-6.8450684,icons/cafe.png,OSM
Rabat-Salé-Kénitra,Carrefour,Supermarché,Formel,Carrefour,34.0152177,-6.8461064,icons/supermarket.png,OSM
Rabat-Salé-Kénitra,Pharmacie 16 Novembre,Parapharmacie,Formel,"rue du 16 novembre, Rabat",33.991146,-6.8489787,icons/pharmacy.png,OSM
Rabat-Salé-Kénitra,Café sans nom,Café,Formel,Café sans nom,34.2401536,-6.6156914,icons/cafe.png,OSM
Rabat-Salé-Kénitra,Supermaket,Supermarché,Formel,Supermaket,33.9096039,-6.9728511,icons/supermarket.png,OSM
Rabat-Salé-Kénitra,Club Apostrophe,Café,Formel,"X5RC+FQM, R401, Rabat",33.9913103,-6.8281138,icons/cafe.png,OSM
Rabat-Salé-Kénitra,pharmacie al bahae,Parapharmacie,Formel,bir rami sud,34.2351843,-6.6190221,icons/pharmacy.png,OSM
Rabat-Salé-Kénitra,Restaurant sans nom,Restaurant,Formel,Restaurant sans nom,33.8246596,-7.1481488,icons/restaurant.png,OSM
Rabat-Salé-Kénitra,Restaurant sans nom,Restaurant,Formel,Restaurant sans nom,34.2485529,-6.5810988,icons/restaurant.png,OSM
Rabat-Salé-Kénitra,Rayhan Parapharmacie,Supermarché,Formel,Rayhan Parapharmacie,33.9151608,-6.9057284,icons/supermarket.png,OSM
Rabat-Salé-Kénitra,Rotisserie Hassan,Restaurant,Formel,Rotisserie Hassan,34.258983,-6.5864635,icons/restaurant.png,OSM
Rabat-Salé-Kénitra,Boulangerie sans nom,Boulangerie,Formel,Boulangerie sans nom,34.2531365,-6.5938902,icons/bakery.png,OSM
Rabat-Salé-Kénitra,Pharmacie Al Balsem صيدلية البلسم,Parapharmacie,Formel,Pharmacie Al Balsem صيدلية البلسم,33.9215482,-6.9584707,icons/pharmacy.png,OSM
Rabat-Salé-Kénitra,Market Ben Salah,Supermarché,Formel,Market Ben Salah,33.9216214,-6.9585639,icons/supermarket.png,OSM
Rabat-Salé-Kénitra,Hamid Market,Supermarché,Formel,Hamid Market,33.9237329,-6.958297,icons/supermarket.png,OSM
Rabat-Salé-Kénitra,Mille Délices,Restaurant,Formel,Mille Délices,34.2636774,-6.5700167,icons/restaurant.png,OSM
Rabat-Salé-Kénitra,Castle Food,Restaurant,Formel,Place Abou Bakr Asseddik ساحة أبو بكر الصديق,34.0003148,-6.8494302,icons/restaurant.png,OSM
Rabat-Salé-Kénitra,Kiosque plage Mahdia,Kiosque,Informel,Kiosque plage Mahdia,34.2539832,-6.6788353,icons/kiosk.png,OSM
Rabat-Salé-Kénitra,Kiosque plage Mahdia,Kiosque,Informel,Kiosque plage Mahdia,34.2526039,-6.679585,icons/kiosk.png,OSM
Rabat-Salé-Kénitra,Pharmacie le jardin,Parapharmacie,Formel,Pharmacie le jardin,34.2375564,-6.6379923,icons/pharmacy.png,OSM
Rabat-Salé-Kénitra,Boulangerie sans nom,Boulangerie,Formel,Boulangerie sans nom,34.2545855,-6.6775792,icons/bakery.png,OSM
Rabat-Salé-Kénitra,Kiosque plage Mahdia,Kiosque,Informel,Kiosque plage Mahdia,34.2508353,-6.6804761,icons/kiosk.png,OSM
Rabat-Salé-Kénitra,Kiosque plage Mahdia,Kiosque,Informel,Kiosque plage Mahdia,34.2495849,-6.6811136,icons/kiosk.png,OSM
Rabat-Salé-Kénitra,BİM,Supermarché,Formel,BİM,34.2598118,-6.577741,icons/supermarket.png,OSM
Rabat-Salé-Kénitra,Deep coffee,Café,Formel,"Avenue Mohamed V شارع محمد الخامس immeuble irac magasin 10, SALE",34.0457364,-6.8056767,icons/cafe.png,OSM
Rabat-Salé-Kénitra,VITTEL Café,Café,Formel,VITTEL Café,33.9072903,-6.922608,icons/cafe.png,OSM
Rabat-Salé-Kénitra,Pharmacie ANZI,Parapharmacie,Formel,"Angle Avenue Hassan 2 et Rue Abbas Ibn Farnas N° 1, Rabat",34.0031796,-6.8585763,icons/pharmacy.png,OSM
Rabat-Salé-Kénitra,Restaurant sans nom,Restaurant,Formel,Restaurant sans nom,34.0208938,-6.831562,icons/restaurant.png,OSM
Rabat-Salé-Kénitra,Pharmacie Rochdi,Parapharmacie,Formel,Pharmacie Rochdi,34.2517251,-6.5821413,icons/pharmacy.png,OSM
Rabat-Salé-Kénitra,Pharmacie Ibn Sina,Parapharmacie,Formel,Pharmacie Ibn Sina,34.1873728,-6.6817926,icons/pharmacy.png,OSM
Rabat-Salé-Kénitra,Pharmacie Mgadid,Parapharmacie,Formel,Pharmacie Mgadid,34.2242733,-6.5122197,icons/pharmacy.png,OSM
Rabat-Salé-Kénitra,صيدلية مشرع الكتان,Parapharmacie,Formel,صيدلية مشرع الكتان,34.1246191,-6.5608681,icons/pharmacy.png,OSM
Rabat-Salé-Kénitra,Pharmacie Zhana,Parapharmacie,Formel,Pharmacie Zhana,34.216851,-6.5078223,icons/pharmacy.png,OSM
Rabat-Salé-Kénitra,Pizza Hut,Restaurant,Formel,Pizza Hut,34.2510829,-6.6023431,icons/restaurant.png,OSM
Rabat-Salé-Kénitra,دجاج كنتاكي,Restaurant,Formel,دجاج كنتاكي,34.2603717,-6.5830476,icons/restaurant.png,OSM
Rabat-Salé-Kénitra,Wakame Sushi,Restaurant,Formel,Wakame Sushi,34.2660272,-6.5895147,icons/restaurant.png,OSM
Rabat-Salé-Kénitra,Moon Plaza,Restaurant,Formel,Moon Plaza,34.2521855,-6.6016884,icons/restaurant.png,OSM
Rabat-Salé-Kénitra,Le Saphir Palace,Café,Formel,Le Saphir Palace,34.2485379,-6.6051509,icons/cafe.png,OSM
Rabat-Salé-Kénitra,Sushi Hay,Restaurant,Formel,Sushi Hay,34.26134,-6.5919894,icons/restaurant.png,OSM
Rabat-Salé-Kénitra,Chhiwate Ryad Naji,Restaurant,Formel,Chhiwate Ryad Naji,34.260994,-6.5794266,icons/restaurant.png,OSM
Rabat-Salé-Kénitra,Cafe Badr,Café,Formel,Cafe Badr,34.2543193,-6.6034149,icons/cafe.png,OSM
Rabat-Salé-Kénitra,Four Seasons snack & grill,Restaurant,Formel,Four Seasons snack & grill,34.2684081,-6.5613659,icons/restaurant.png,OSM
Rabat-Salé-Kénitra,Rippele,Café,Formel,Rippele,34.2372502,-6.5549565,icons/cafe.png,OSM
Rabat-Salé-Kénitra,Pizza Hut,Restaurant,Formel,Pizza Hut,34.2412038,-6.5707985,icons/restaurant.png,OSM
Rabat-Salé-Kénitra,BİM,Supermarché,Formel,BİM,34.2558093,-6.5264467,icons/supermarket.png,OSM
Rabat-Salé-Kénitra,Pharmacie Ilias Assam,Parapharmacie,Formel,Pharmacie Ilias Assam,34.2814418,-6.5362222,icons/pharmacy.png,OSM
Rabat-Salé-Kénitra,BİM,Supermarché,Formel,BİM,34.255252,-6.5459575,icons/supermarket.png,OSM
Rabat-Salé-Kénitra,Café sans nom,Café,Formel,Café sans nom,33.9148657,-6.9401415,icons/cafe.png,OSM
Rabat-Salé-Kénitra,Pharmacie Nour,Parapharmacie,Formel,Pharmacie Nour,34.1576552,-6.7107494,icons/pharmacy.png,OSM
Rabat-Salé-Kénitra,BİM,Supermarché,Formel,BİM,34.1263565,-6.7368763,icons/supermarket.png,OSM
Rabat-Salé-Kénitra,Pharmacie Malkia,Parapharmacie,Formel,Pharmacie Malkia,34.1030754,-6.7575549,icons/pharmacy.png,OSM
Rabat-Salé-Kénitra,Little Japan,Restaurant,Formel,Little Japan,34.2610945,-6.5890416,icons/restaurant.png,OSM
Rabat-Salé-Kénitra,Parapharmacie sans nom,Parapharmacie,Formel,Parapharmacie sans nom,34.2395237,-6.6382209,icons/pharmacy.png,OSM
Rabat-Salé-Kénitra,Carrefour Express,Supermarché,Formel,Carrefour Express,34.2645622,-6.6265425,icons/supermarket.png,OSM
Rabat-Salé-Kénitra,Cafe Mina,Café,Formel,Cafe Mina,34.2554126,-6.5603715,icons/cafe.png,OSM
Rabat-Salé-Kénitra,Cafe Dar Chabab,Café,Formel,Cafe Dar Chabab,34.2556214,-6.5605995,icons/cafe.png,OSM
Rabat-Salé-Kénitra,Café sans nom,Café,Formel,Café sans nom,34.2735926,-6.5568815,icons/cafe.png,OSM
Rabat-Salé-Kénitra,Cafe La Lune,Café,Formel,Cafe La Lune,34.2562209,-6.6495785,icons/cafe.png,OSM
Rabat-Salé-Kénitra,Café sans nom,Café,Formel,Café sans nom,34.2577058,-6.5922365,icons/cafe.png,OSM
Rabat-Salé-Kénitra,BİM,Supermarché,Formel,BİM,34.2696375,-6.595925,icons/supermarket.png,OSM
Rabat-Salé-Kénitra,Boulangerie sans nom,Boulangerie,Formel,Boulangerie sans nom,34.2530815,-6.5914737,icons/bakery.png,OSM
Rabat-Salé-Kénitra,Boulangerie sans nom,Boulangerie,Formel,Boulangerie sans nom,34.2565412,-6.5833067,icons/bakery.png,OSM
Rabat-Salé-Kénitra,awal cafe,Café,Formel,"Avenue Oqba شارع عقبة, Rabat ⵔⴱⴰⵟ الرباط",34.0075592,-6.8450438,icons/cafe.png,OSM
Rabat-Salé-Kénitra,Snack Barcelona,Restaurant,Formel,Snack Barcelona,34.0474885,-6.8278095,icons/restaurant.png,OSM
Rabat-Salé-Kénitra,Restaurant Al Ghorub,Restaurant,Formel,Restaurant Al Ghorub,34.0493066,-6.8268157,icons/restaurant.png,OSM
Rabat-Salé-Kénitra,Snack Cherkaoui,Restaurant,Formel,Snack Cherkaoui,34.047305,-6.8278609,icons/restaurant.png,OSM
Rabat-Salé-Kénitra,Venezia Palace,Café,Formel,Venezia Palace,34.2609964,-6.5805736,icons/cafe.png,OSM
Rabat-Salé-Kénitra,Restaurant sans nom,Restaurant,Formel,Restaurant sans nom,34.0263797,-6.8345593,icons/restaurant.png,OSM
Rabat-Salé-Kénitra,Café sans nom,Café,Formel,Café sans nom,34.0380168,-6.8245337,icons/cafe.png,OSM
Rabat-Salé-Kénitra,Café sans nom,Café,Formel,Café sans nom,34.0226925,-6.8386383,icons/cafe.png,OSM
Rabat-Salé-Kénitra,Pharmacie et ParaPharmacie Line,Parapharmacie,Formel,Témara تمارة,33.9170964,-6.8990926,icons/pharmacy.png,OSM
Rabat-Salé-Kénitra,Le Rocher,Restaurant,Formel,Le Rocher,34.0283149,-6.8151099,icons/restaurant.png,OSM
Rabat-Salé-Kénitra,La p'tite pause,Restaurant,Formel,La p'tite pause,33.9908297,-6.7231588,icons/restaurant.png,OSM
Rabat-Salé-Kénitra,Smart Resto,Restaurant,Formel,Smart Resto,34.7023458,-6.0006822,icons/restaurant.png,OSM
Rabat-Salé-Kénitra,Achibest,Supérette / Mini-market,Formel,"Rue Abbas Ben Farnas زنقة عباس بن فرناس, Rabat",34.0026339,-6.8576795,icons/convenience.png,OSM
Rabat-Salé-Kénitra,Vazzy's Cafe,Café,Formel,"Rue Mohamed Triki زنقة محمد التريكي, Rabat",34.0027765,-6.8574423,icons/cafe.png,OSM
Rabat-Salé-Kénitra,Kazyon Market,Supérette / Mini-market,Formel,Kazyon Market,33.8370957,-7.0576775,icons/convenience.png,OSM
Rabat-Salé-Kénitra,Chérifa,Café,Formel,Chérifa,33.9028745,-6.9169121,icons/cafe.png,OSM
Rabat-Salé-Kénitra,MSK pharma,Parapharmacie,Formel,MSK pharma,33.9015442,-6.9181276,icons/pharmacy.png,OSM
Rabat-Salé-Kénitra,La bonne dose,Café,Formel,La bonne dose,33.9032719,-6.9172785,icons/cafe.png,OSM
Rabat-Salé-Kénitra,مطعم النسيم,Restaurant,Formel,مطعم النسيم,33.9023239,-6.9172852,icons/restaurant.png,OSM
Rabat-Salé-Kénitra,La Javanaise,Restaurant,Formel,Avenue Hassan II شارع الحسن الثاني,34.0060569,-6.8562358,icons/restaurant.png,OSM
Rabat-Salé-Kénitra,cafécarrion,Café,Formel,"Avenue Mohamed Al Yazidi شارع محمد اليزيدي, Rabat",33.9534305,-6.8803685,icons/cafe.png,OSM
Rabat-Salé-Kénitra,proxi,Supermarché,Formel,"X44M+2PP, Av. Annakhil, Rabat, Rabat",33.9553464,-6.8658003,icons/supermarket.png,OSM
Rabat-Salé-Kénitra,cafe barozas,Café,Formel,"Rue Al Hind زنقة الهند, Rabat",34.0172825,-6.8502934,icons/cafe.png,OSM
Rabat-Salé-Kénitra,La Ola,Restaurant,Formel,"Rue du Rif, Rabat ⵔⴱⴰⵟ الرباط",33.9746719,-6.8293635,icons/restaurant.png,OSM
Rabat-Salé-Kénitra,Chiken GZA,Restaurant,Formel,Chiken GZA,34.0250271,-6.8395424,icons/restaurant.png,OSM
Rabat-Salé-Kénitra,Supérette / Mini-market sans nom,Supérette / Mini-market,Formel,Supérette / Mini-market sans nom,34.0240084,-6.8382826,icons/convenience.png,OSM
Rabat-Salé-Kénitra,Épicerie sans nom,Épicerie,Informel,Épicerie sans nom,34.02464,-6.8371039,icons/greengrocer.png,OSM
Rabat-Salé-Kénitra,Dar Mounia,Café,Formel,Dar Mounia,34.029533,-6.835859,icons/cafe.png,OSM
Rabat-Salé-Kénitra,Ourize Food,Restaurant,Formel,Ourize Food,34.0248276,-6.8395669,icons/restaurant.png,OSM
Rabat-Salé-Kénitra,Nour's Food,Restaurant,Formel,Nour's Food,34.0246116,-6.83945,icons/restaurant.png,OSM
Rabat-Salé-Kénitra,Habricha Istanbul,Restaurant,Formel,Habricha Istanbul,34.0246786,-6.8394923,icons/restaurant.png,OSM
Rabat-Salé-Kénitra,Chérie Chéri,Restaurant,Formel,Chérie Chéri,34.0307495,-6.8222848,icons/restaurant.png,OSM
Rabat-Salé-Kénitra,Royal Burger,Restaurant,Formel,Royal Burger,34.0308823,-6.8222147,icons/restaurant.png,OSM
Rabat-Salé-Kénitra,Yoyorino,Café,Formel,Yoyorino,34.0291308,-6.8244789,icons/cafe.png,OSM
Rabat-Salé-Kénitra,Parapharmacie sans nom,Parapharmacie,Formel,Parapharmacie sans nom,34.0293437,-6.8245096,icons/pharmacy.png,OSM
Rabat-Salé-Kénitra,KFC,Restaurant,Formel,KFC,34.0213197,-6.8395266,icons/restaurant.png,OSM
Rabat-Salé-Kénitra,Bayt Al Quds,Restaurant,Formel,Bayt Al Quds,34.0303266,-6.82729,icons/restaurant.png,OSM
Rabat-Salé-Kénitra,Le Repère Gourmand,Restaurant,Formel,Le Repère Gourmand,34.029661,-6.825649,icons/restaurant.png,OSM
Rabat-Salé-Kénitra,The Frame,Restaurant,Formel,The Frame,34.0302868,-6.8271706,icons/restaurant.png,OSM
Rabat-Salé-Kénitra,Panda Crêpes,Restaurant,Formel,Panda Crêpes,34.0303626,-6.8273911,icons/restaurant.png,OSM
Rabat-Salé-Kénitra,Le 18 Bouregreg Street,Restaurant,Formel,Le 18 Bouregreg Street,34.0298773,-6.8258907,icons/restaurant.png,OSM
Rabat-Salé-Kénitra,Le Positano,Restaurant,Formel,Le Positano,34.0297078,-6.8257827,icons/restaurant.png,OSM
Rabat-Salé-Kénitra,Café Carrion,Café,Formel,"rue Bani Maskin, Souissi, Rabat",33.9510269,-6.8418155,icons/cafe.png,OSM
Rabat-Salé-Kénitra,Tacos de Paris,Restaurant,Formel,Tacos de Paris,33.9958844,-6.8472458,icons/restaurant.png,OSM
Rabat-Salé-Kénitra,Café mogador,Café,Formel,Café mogador,33.9296652,-6.8902533,icons/cafe.png,OSM
Rabat-Salé-Kénitra,Pokawa,Restaurant,Formel,Pokawa,33.9360253,-6.9417237,icons/restaurant.png,OSM
Rabat-Salé-Kénitra,Court Food,Restaurant,Formel,Court Food,33.9387111,-6.938644,icons/restaurant.png,OSM
Rabat-Salé-Kénitra,La Maison Du Pain,Café,Formel,La Maison Du Pain,33.9380172,-6.9393055,icons/cafe.png,OSM
Rabat-Salé-Kénitra,Burger King,Restaurant,Formel,Burger King,33.9377483,-6.9396536,icons/restaurant.png,OSM
Rabat-Salé-Kénitra,Achab Harhoura,Restaurant,Formel,Achab Harhoura,33.9378375,-6.939563,icons/restaurant.png,OSM
Rabat-Salé-Kénitra,Andaluz Traiteur,Café,Formel,Andaluz Traiteur,33.9381852,-6.9391227,icons/cafe.png,OSM
Rabat-Salé-Kénitra,Pizza Hut,Restaurant,Formel,Pizza Hut,33.9372003,-6.9402222,icons/restaurant.png,OSM
Rabat-Salé-Kénitra,U Express,Supermarché,Formel,U Express,34.0316964,-6.8230108,icons/supermarket.png,OSM
Rabat-Salé-Kénitra,Epicerié,Supérette / Mini-market,Formel,Epicerié,33.9277942,-6.8913765,icons/convenience.png,OSM
Rabat-Salé-Kénitra,Restaurant sans nom,Restaurant,Formel,Restaurant sans nom,33.9985627,-6.8453106,icons/restaurant.png,OSM
Rabat-Salé-Kénitra,Café sans nom,Café,Formel,Café sans nom,33.532251,-6.6038269,icons/cafe.png,OSM
Rabat-Salé-Kénitra,Le Nautilus,Café,Formel,"Rue Ouhoud زنقة أحد, Rabat",33.9938585,-6.8493701,icons/cafe.png,OSM
Rabat-Salé-Kénitra,Café sans nom,Café,Formel,Café sans nom,33.9241648,-6.8895348,icons/cafe.png,OSM
Rabat-Salé-Kénitra,Supérette / Mini-market sans nom,Supérette / Mini-market,Formel,Supérette / Mini-market sans nom,34.0610948,-6.8076141,icons/convenience.png,OSM
Rabat-Salé-Kénitra,Mr.Bricolage,Parapharmacie,Formel,Mr.Bricolage,34.0577957,-6.8017291,icons/pharmacy.png,OSM
Rabat-Salé-Kénitra,Cigala,Restaurant,Formel,Cigala,34.265177,-6.5876505,icons/restaurant.png,OSM
Rabat-Salé-Kénitra,Supérette / Mini-market sans nom,Supérette / Mini-market,Formel,Supérette / Mini-market sans nom,33.7133172,-7.350574,icons/convenience.png,OSM
Rabat-Salé-Kénitra,Supérette / Mini-market sans nom,Supérette / Mini-market,Formel,Supérette / Mini-market sans nom,33.7176987,-7.3480782,icons/convenience.png,OSM
Rabat-Salé-Kénitra,Carrefour,Supermarché,Formel,Carrefour,33.7145762,-7.3443178,icons/supermarket.png,OSM
Rabat-Salé-Kénitra,Maitres du pain,Boulangerie,Formel,Maitres du pain,33.7141764,-7.3450326,icons/bakery.png,OSM
Rabat-Salé-Kénitra,Café sans nom,Café,Formel,Café sans nom,33.703407,-7.3954582,icons/cafe.png,OSM
Rabat-Salé-Kénitra,Sushi Kai,Restaurant,Formel,Sushi Kai,33.7030508,-7.3985432,icons/restaurant.png,OSM
Rabat-Salé-Kénitra,Restaurant sans nom,Restaurant,Formel,Restaurant sans nom,33.7068469,-7.3992745,icons/restaurant.png,OSM
Rabat-Salé-Kénitra,Boulangerie sans nom,Boulangerie,Formel,Boulangerie sans nom,34.2601464,-6.5823062,icons/bakery.png,OSM
Rabat-Salé-Kénitra,Supérette / Mini-market sans nom,Supérette / Mini-market,Formel,Supérette / Mini-market sans nom,33.843247,-7.0962525,icons/convenience.png,OSM
Rabat-Salé-Kénitra,Carrefour Market Bouznika,Supermarché,Formel,Avenue Hassan,33.7899139,-7.1579246,icons/supermarket.png,OSM
Rabat-Salé-Kénitra,Fried fish,Restaurant,Formel,Fried fish,34.0270629,-6.8327084,icons/restaurant.png,OSM
Rabat-Salé-Kénitra,U Express MegaMall,Supermarché,Formel,Rabat ⵔⴱⴰⵟ الرباط,33.9675926,-6.8308492,icons/supermarket.png,OSM
Rabat-Salé-Kénitra,Marjane Market,Supermarché,Formel,Marjane Market,33.9648773,-6.8517837,icons/supermarket.png,OSM
Rabat-Salé-Kénitra,Carrefour Market,Supermarché,Formel,Rabat ⵔⴱⴰⵟ الرباط,33.9739333,-6.8289221,icons/supermarket.png,OSM
Rabat-Salé-Kénitra,Vittoria,Café,Formel,"Rue 16 Novembre شارع 16 نوفمبر, Rabat",33.9923084,-6.8476138,icons/cafe.png,OSM
Rabat-Salé-Kénitra,Sofia Palace,Restaurant,Formel,Avenue Mehdi Ben Barka شارع المهدي بن بركة,33.9686194,-6.8470185,icons/restaurant.png,OSM
Rabat-Salé-Kénitra,ماكدونالدز,Restaurant,Formel,ماكدونالدز,34.0034562,-6.8447118,icons/restaurant.png,OSM
Rabat-Salé-Kénitra,Café,Café,Formel,Café,33.9633975,-6.8662782,icons/cafe.png,OSM
Rabat-Salé-Kénitra,Supermarché Kazyon,Supermarché,Formel,Avenue Ibn Sina شارع ابن سينا,33.990605,-6.8512552,icons/supermarket.png,OSM
Rabat-Salé-Kénitra,La Bodega,Restaurant,Formel,"Avenue de Michlifen شارع مشليفن, Rabat ⵔⴱⴰⵟ الرباط",33.9930228,-6.8477333,icons/restaurant.png,OSM
Rabat-Salé-Kénitra,Café Be You,Café,Formel,"Avenue Fal Ould Oumeir شارع فال ولد عمير, Rabat ⵔⴱⴰⵟ الرباط",33.9940759,-6.8470675,icons/cafe.png,OSM
Rabat-Salé-Kénitra,Café,Café,Formel,Café,33.9612113,-6.8649562,icons/cafe.png,OSM
Rabat-Salé-Kénitra,Supérette / Mini-market sans nom,Supérette / Mini-market,Formel,Supérette / Mini-market sans nom,33.9620025,-6.8636728,icons/convenience.png,OSM
Rabat-Salé-Kénitra,Supermarché sans nom,Supermarché,Formel,Supermarché sans nom,33.9621378,-6.8641211,icons/supermarket.png,OSM
Rabat-Salé-Kénitra,Épicerie,Supérette / Mini-market,Formel,Épicerie,33.9407626,-6.8200158,icons/convenience.png,OSM
Rabat-Salé-Kénitra,ماكدونالدز,Restaurant,Formel,ماكدونالدز,34.0015985,-6.8583429,icons/restaurant.png,OSM
Rabat-Salé-Kénitra,Cafés Carrion,Café,Formel,Cafés Carrion,34.0019609,-6.8578561,icons/cafe.png,OSM
Rabat-Salé-Kénitra,Marjane Market,Supermarché,Formel,Marjane Market,34.0171682,-6.8313048,icons/supermarket.png,OSM
Rabat-Salé-Kénitra,شاورما أبطال الشام المدينة,Restaurant,Formel,شاورما أبطال الشام المدينة,34.0163506,-6.8345568,icons/restaurant.png,OSM
Rabat-Salé-Kénitra,Café Hawaii,Café,Formel,Café Hawaii,34.0162809,-6.8346461,icons/cafe.png,OSM
Rabat-Salé-Kénitra,Café Le Calisson,Café,Formel,Café Le Calisson,33.9879697,-6.8513309,icons/cafe.png,OSM
Rabat-Salé-Kénitra,Pharmacie des Universités,Parapharmacie,Formel,Pharmacie des Universités,33.9881575,-6.8513294,icons/pharmacy.png,OSM
Rabat-Salé-Kénitra,Sushi B ox,Restaurant,Formel,Sushi B ox,33.959946,-6.8679549,icons/restaurant.png,OSM
Rabat-Salé-Kénitra,Fratello,Café,Formel,Fratello,33.9605071,-6.8673408,icons/cafe.png,OSM
Rabat-Salé-Kénitra,Soleil d'Argan,Épicerie,Informel,Soleil d'Argan,33.9606434,-6.8672262,icons/greengrocer.png,OSM
Rabat-Salé-Kénitra,Nigela,Café,Formel,Nigela,33.9609801,-6.8673953,icons/cafe.png,OSM
Rabat-Salé-Kénitra,Gotham,Restaurant,Formel,Gotham,33.9610465,-6.8665625,icons/restaurant.png,OSM
Rabat-Salé-Kénitra,Soy,Restaurant,Formel,Soy,33.9614102,-6.8669313,icons/restaurant.png,OSM
Rabat-Salé-Kénitra,Chez Kimo,Restaurant,Formel,Chez Kimo,33.9614913,-6.8668572,icons/restaurant.png,OSM
Rabat-Salé-Kénitra,Tapéo,Restaurant,Formel,Tapéo,33.9612135,-6.8665923,icons/restaurant.png,OSM
Rabat-Salé-Kénitra,PInchos,Restaurant,Formel,PInchos,33.9613177,-6.8665377,icons/restaurant.png,OSM
Rabat-Salé-Kénitra,Zila Russi,Épicerie,Informel,Zila Russi,33.9614093,-6.8664482,icons/greengrocer.png,OSM
Rabat-Salé-Kénitra,Maymana,Boulangerie,Formel,Maymana,33.9612685,-6.8673816,icons/bakery.png,OSM
Rabat-Salé-Kénitra,Green Chili,Restaurant,Formel,Green Chili,33.9623046,-6.8663143,icons/restaurant.png,OSM
Rabat-Salé-Kénitra,Lyn,Restaurant,Formel,Lyn,33.9618767,-6.8656594,icons/restaurant.png,OSM
Rabat-Salé-Kénitra,Le Noble,Boulangerie,Formel,Le Noble,33.9615195,-6.8651792,icons/bakery.png,OSM
Rabat-Salé-Kénitra,Café RH,Café,Formel,Café RH,33.9613496,-6.8656324,icons/cafe.png,OSM
Rabat-Salé-Kénitra,Café Carrion,Café,Formel,Café Carrion,33.9612965,-6.864896,icons/cafe.png,OSM
Rabat-Salé-Kénitra,Pizza Verra,Restaurant,Formel,Pizza Verra,33.9631602,-6.8661126,icons/restaurant.png,OSM
Rabat-Salé-Kénitra,Café Lala,Café,Formel,Café Lala,33.9619583,-6.864707,icons/cafe.png,OSM
Rabat-Salé-Kénitra,Miam Petite Brasserie,Café,Formel,Miam Petite Brasserie,33.9618031,-6.8648657,icons/cafe.png,OSM
Rabat-Salé-Kénitra,Or du temps,Épicerie,Informel,Or du temps,33.9616516,-6.866716,icons/greengrocer.png,OSM
Rabat-Salé-Kénitra,À L'Ancienne,Boulangerie,Formel,À L'Ancienne,33.9614067,-6.8652676,icons/bakery.png,OSM
Rabat-Salé-Kénitra,Lobi,Épicerie,Informel,Lobi,33.9616361,-6.865889,icons/greengrocer.png,OSM
Rabat-Salé-Kénitra,Anaè,Épicerie,Informel,Anaè,33.9609296,-6.8674553,icons/greengrocer.png,OSM
Rabat-Salé-Kénitra,Paraland,Parapharmacie,Formel,Paraland,33.960859,-6.8675488,icons/pharmacy.png,OSM
Rabat-Salé-Kénitra,Café sans nom,Café,Formel,Café sans nom,34.0272684,-6.8326562,icons/cafe.png,OSM
Rabat-Salé-Kénitra,Boulangerie sans nom,Boulangerie,Formel,Boulangerie sans nom,34.2630152,-6.5841979,icons/bakery.png,OSM
Rabat-Salé-Kénitra,Buvette de l'ENA,Restaurant,Formel,Buvette de l'ENA,33.9878532,-6.8619473,icons/restaurant.png,OSM
Rabat-Salé-Kénitra,Para Efficience,Parapharmacie,Formel,Para Efficience,34.0404449,-6.8066351,icons/pharmacy.png,OSM
Rabat-Salé-Kénitra,Café sans nom,Café,Formel,Café sans nom,34.0204735,-6.8366779,icons/cafe.png,OSM
Rabat-Salé-Kénitra,Bun & Pizz,Restaurant,Formel,Bun & Pizz,34.2687449,-6.6268771,icons/restaurant.png,OSM
Rabat-Salé-Kénitra,Supérette / Mini-market sans nom,Supérette / Mini-market,Formel,Supérette / Mini-market sans nom,34.0029056,-6.857279,icons/convenience.png,OSM
Rabat-Salé-Kénitra,Parapharmacie,Parapharmacie,Formel,Rue Mohamed Triki زنقة محمد التريكي,34.0026489,-6.8575656,icons/pharmacy.png,OSM
Rabat-Salé-Kénitra,Le PAvillon des Gourmets,Restaurant,Formel,Le PAvillon des Gourmets,33.9505561,-6.8416822,icons/restaurant.png,OSM
Rabat-Salé-Kénitra,Barco Blanco,Restaurant,Formel,Barco Blanco,34.0277243,-6.8305932,icons/restaurant.png,OSM
Rabat-Salé-Kénitra,Blue Berry,Restaurant,Formel,Blue Berry,34.0276219,-6.8297655,icons/restaurant.png,OSM
Rabat-Salé-Kénitra,Venezia Ice,Restaurant,Formel,Venezia Ice,34.0275782,-6.8293732,icons/restaurant.png,OSM
Rabat-Salé-Kénitra,مطعم النرجس,Restaurant,Formel,مطعم النرجس,33.9691647,-6.8799189,icons/restaurant.png,OSM
Rabat-Salé-Kénitra,L'Endroit,Restaurant,Formel,Rue Jabal Oukaïmeden زنقة جبل أوكايمدن,33.9960654,-6.8467333,icons/restaurant.png,OSM
Rabat-Salé-Kénitra,Le Four A Bois,Restaurant,Formel,Le Four A Bois,33.9971949,-6.8592134,icons/restaurant.png,OSM
Rabat-Salé-Kénitra,Restaurant sans nom,Restaurant,Formel,Restaurant sans nom,33.9901701,-6.837266,icons/restaurant.png,OSM
Rabat-Salé-Kénitra,Out Of Africa,Restaurant,Formel,Out Of Africa,33.9522112,-6.8974688,icons/restaurant.png,OSM
Rabat-Salé-Kénitra,Panda,Restaurant,Formel,Avenue Annakhil شارع النخيل,33.9562005,-6.8679194,icons/restaurant.png,OSM
Rabat-Salé-Kénitra,Le Safran,Restaurant,Formel,Le Safran,33.9438438,-6.8159295,icons/restaurant.png,OSM
Rabat-Salé-Kénitra,Borjeddar,Restaurant,Formel,Borjeddar,34.0321616,-6.8400816,icons/restaurant.png,OSM
Rabat-Salé-Kénitra,Ciconia,Restaurant,Formel,Ciconia,34.006118,-6.8219385,icons/restaurant.png,OSM
Rabat-Salé-Kénitra,Alhayba Sweets,Boutique de confiserie,Informel,Alhayba Sweets,34.0013972,-6.8575352,icons/confectionery.png,OSM
Rabat-Salé-Kénitra,Paul,Boulangerie,Formel,Paul,34.0367526,-6.7481804,icons/bakery.png,OSM
Rabat-Salé-Kénitra,Le Patio,Restaurant,Formel,Le Patio,34.0068827,-6.8232425,icons/restaurant.png,OSM
Rabat-Salé-Kénitra,BİM,Supermarché,Formel,BİM,34.2583392,-6.5874059,icons/supermarket.png,OSM
Rabat-Salé-Kénitra,BİM,Supermarché,Formel,BİM,34.2499303,-6.6487849,icons/supermarket.png,OSM
Rabat-Salé-Kénitra,BİM,Supermarché,Formel,BİM,34.2723306,-6.6231349,icons/supermarket.png,OSM
Rabat-Salé-Kénitra,BİM,Supermarché,Formel,BİM,34.2561332,-6.6099364,icons/supermarket.png,OSM
Rabat-Salé-Kénitra,Kazyon Market,Supermarché,Formel,Kazyon Market,34.2530707,-6.5949539,icons/supermarket.png,OSM
Rabat-Salé-Kénitra,Lbahia,Restaurant,Formel,La plage de Rabat,34.0327009,-6.8386957,icons/restaurant.png,OSM
Rabat-Salé-Kénitra,Pharmacie Arrayane صيدلية الريان,Parapharmacie,Formel,Tamesna,33.8268628,-6.9386288,icons/pharmacy.png,OSM
Rabat-Salé-Kénitra,Cafés Carrion,Café,Formel,"Rue Almanar, Témara تمارة",33.9225984,-6.9321474,icons/cafe.png,OSM
Rabat-Salé-Kénitra,Café Mia Luna,Café,Formel,Café Mia Luna,34.0214259,-6.8308556,icons/cafe.png,OSM
Rabat-Salé-Kénitra,Bee Coffee,Café,Formel,"Boulevard Al Imam Ben Hanbel, Casablanca ⵜⴰⴷⴷⴰⵔⵜ ⵜⵓⵎⵍⵉⵍⵜ الدار البيضاء",33.6196512,-7.48546,icons/cafe.png,OSM
Rabat-Salé-Kénitra,The Kitch,Restaurant,Formel,Rue Ghaza,34.0209565,-6.8369104,icons/restaurant.png,OSM
Rabat-Salé-Kénitra,La Bamba,Restaurant,Formel,La Bamba,34.0182999,-6.8347923,icons/restaurant.png,OSM
Rabat-Salé-Kénitra,Kasr al Assil,Restaurant,Formel,Kasr al Assil,34.0130405,-6.8306797,icons/restaurant.png,OSM
Rabat-Salé-Kénitra,Chez Lhaja,Restaurant,Formel,Chez Lhaja,34.0233897,-6.8359775,icons/restaurant.png,OSM
Rabat-Salé-Kénitra,Restaurant sans nom,Restaurant,Formel,Restaurant sans nom,34.0182931,-6.834908,icons/restaurant.png,OSM
Rabat-Salé-Kénitra,Dalla Zia,Restaurant,Formel,Dalla Zia,33.9963315,-6.8785146,icons/restaurant.png,OSM
Rabat-Salé-Kénitra,Mocaccino,Café,Formel,Mocaccino,33.99571,-6.8791211,icons/cafe.png,OSM
Rabat-Salé-Kénitra,Bocadillos Del Costa,Restaurant,Formel,Bocadillos Del Costa,33.9959373,-6.8783867,icons/restaurant.png,OSM
Rabat-Salé-Kénitra,Café Jour à la Mer,Café,Formel,Café Jour à la Mer,33.995468,-6.8789133,icons/cafe.png,OSM
Rabat-Salé-Kénitra,Ice Burg,Café,Formel,Ice Burg,33.9957446,-6.8790902,icons/cafe.png,OSM
Rabat-Salé-Kénitra,Café Picardi,Café,Formel,Café Picardi,33.9963779,-6.8784666,icons/cafe.png,OSM
Rabat-Salé-Kénitra,Droguerie dakhla,Parapharmacie,Formel,Droguerie dakhla,33.996055,-6.8761403,icons/pharmacy.png,OSM
Rabat-Salé-Kénitra,Restaurant sans nom,Restaurant,Formel,Restaurant sans nom,33.9951825,-6.877062,icons/restaurant.png,OSM
Rabat-Salé-Kénitra,Droguerie el mansour,Parapharmacie,Formel,Droguerie el mansour,33.9952111,-6.8781656,icons/pharmacy.png,OSM
Rabat-Salé-Kénitra,Restaurant sans nom,Restaurant,Formel,Restaurant sans nom,33.9965551,-6.8782985,icons/restaurant.png,OSM
Rabat-Salé-Kénitra,Mini Market Razane,Supermarché,Formel,"X4VC+VQ4, Rabat, Rabat ⵔⴱⴰⵟ الرباط",33.9946105,-6.8780533,icons/supermarket.png,OSM
Rabat-Salé-Kénitra,La vue de Rabat,Café,Formel,"La corniche de Rabat Résidence Assabah, Rabat 10000, Rabat ⵔⴱⴰⵟ الرباط",33.994364,-6.8804758,icons/cafe.png,OSM
Rabat-Salé-Kénitra,La porte de la mer,Café,Formel,Rabat ⵔⴱⴰⵟ الرباط,33.9949115,-6.8798872,icons/cafe.png,OSM
Rabat-Salé-Kénitra,Café point de vue,Café,Formel,"Avenue Mustapha Assayeh شارع مصطفى السايح, Rabat ⵔⴱⴰⵟ الرباط",33.9952559,-6.8795344,icons/cafe.png,OSM
Rabat-Salé-Kénitra,Restaurant sans nom,Restaurant,Formel,"Avenue Mustapha Assayeh شارع مصطفى السايح, Rabat ⵔⴱⴰⵟ الرباط",33.9951777,-6.8796035,icons/restaurant.png,OSM
Rabat-Salé-Kénitra,مطعم بدر الشام,Restaurant,Formel,Avenue Mohamed V شارع محمد الخامس,34.25191,-6.6019303,icons/restaurant.png,OSM
Rabat-Salé-Kénitra,Kazyon Market,Supermarché,Formel,Kazyon Market,34.2614235,-6.5883028,icons/supermarket.png,OSM
Rabat-Salé-Kénitra,Kazyon Market,Supermarché,Formel,Kazyon Market,34.2579596,-6.594011,icons/supermarket.png,OSM
Rabat-Salé-Kénitra,Kazyon Market,Supermarché,Formel,Kazyon Market,34.2596935,-6.5798295,icons/supermarket.png,OSM
Rabat-Salé-Kénitra,Kazyon Market,Supermarché,Formel,Kazyon Market,34.2551589,-6.5839868,icons/supermarket.png,OSM
Rabat-Salé-Kénitra,Restaurant sans nom,Restaurant,Formel,"Avenue Mustapha Assayeh شارع مصطفى السايح, Rabat ⵔⴱⴰⵟ الرباط",33.9938519,-6.8808365,icons/restaurant.png,OSM
Rabat-Salé-Kénitra,Marché traditionnel du quartier,Supérette / Mini-market,Formel,Marché traditionnel du quartier,33.9895517,-6.7314181,icons/convenience.png,OSM
Rabat-Salé-Kénitra,Supérette / Mini-market sans nom,Supérette / Mini-market,Formel,Supérette / Mini-market sans nom,33.7960711,-7.2276035,icons/convenience.png,OSM
Rabat-Salé-Kénitra,Marché de légumes au gros,Épicerie,Informel,Marché de légumes au gros,34.0620062,-6.7983816,icons/greengrocer.png,OSM
Rabat-Salé-Kénitra,Divers commerces,Supérette / Mini-market,Formel,Divers commerces,33.9579351,-6.8794553,icons/convenience.png,OSM
Rabat-Salé-Kénitra,Marché d'El Karia,Épicerie,Informel,Marché d'El Karia,34.0212844,-6.7664701,icons/greengrocer.png,OSM
Rabat-Salé-Kénitra,سوق البالي,Épicerie,Informel,سوق البالي,34.0133223,-6.7637546,icons/greengrocer.png,OSM
Rabat-Salé-Kénitra,Épicerie sans nom,Épicerie,Informel,Épicerie sans nom,34.288901,-6.3076731,icons/greengrocer.png,OSM
Rabat-Salé-Kénitra,primeur,Café,Formel,Rabat,33.9539196,-6.8831942,icons/cafe.png,OSM
Rabat-Salé-Kénitra,Centre commercial,Supermarché,Formel,Centre commercial,33.9693269,-6.864395,icons/supermarket.png,OSM
Rabat-Salé-Kénitra,Marché désorganisé سوق غير منظم,Épicerie,Informel,Marché désorganisé سوق غير منظم,34.0651596,-6.7725846,icons/greengrocer.png,OSM
Rabat-Salé-Kénitra,Centre commercial,Supermarché,Formel,Centre commercial,33.9918085,-6.8290895,icons/supermarket.png,OSM
Rabat-Salé-Kénitra,La Minaudière,Café,Formel,La Minaudière,33.9890746,-6.8286152,icons/cafe.png,OSM
Rabat-Salé-Kénitra,Épicerie sans nom,Épicerie,Informel,Épicerie sans nom,34.2263558,-6.5185647,icons/greengrocer.png,OSM
Rabat-Salé-Kénitra,Épicerie sans nom,Épicerie,Informel,Épicerie sans nom,33.8582667,-6.9315147,icons/greengrocer.png,OSM
Rabat-Salé-Kénitra,Marché youssoufia,Épicerie,Informel,Marché youssoufia,33.9974342,-6.8152412,icons/greengrocer.png,OSM
Rabat-Salé-Kénitra,Marché sidi moussa,Épicerie,Informel,Marché sidi moussa,34.0537937,-6.8195463,icons/greengrocer.png,OSM
Rabat-Salé-Kénitra,atacadao,Restaurant,Formel,atacadao,34.0292428,-6.7609376,icons/restaurant.png,OSM
Rabat-Salé-Kénitra,Épicerie sans nom,Épicerie,Informel,Épicerie sans nom,33.8692765,-7.0618269,icons/greengrocer.png,OSM
Rabat-Salé-Kénitra,Restaurant sans nom,Restaurant,Formel,Restaurant sans nom,33.8690835,-7.0561865,icons/restaurant.png,OSM
Rabat-Salé-Kénitra,Les Trois Palmiers Restaurant,Restaurant,Formel,Les Trois Palmiers Restaurant,33.9083682,-6.9883888,icons/restaurant.png,OSM
Rabat-Salé-Kénitra,Marjane,Supermarché,Formel,Marjane,33.7076102,-7.3468417,icons/supermarket.png,OSM
Rabat-Salé-Kénitra,Épicerie sans nom,Épicerie,Informel,Épicerie sans nom,33.8984691,-6.9510647,icons/greengrocer.png,OSM
Rabat-Salé-Kénitra,أسواق السلام,Supermarché,Formel,Témara تمارة,33.9051196,-6.9410295,icons/supermarket.png,OSM
Rabat-Salé-Kénitra,Marjane,Supermarché,Formel,Avenue Hassan II شارع الحسن الثاني,33.9208659,-6.9244929,icons/supermarket.png,OSM
Rabat-Salé-Kénitra,Marché de Gros سوق الخضر و الفواكه بالجملة,Épicerie,Informel,Témara تمارة,33.8941025,-6.9341783,icons/greengrocer.png,OSM
Rabat-Salé-Kénitra,Yacoub Al Mansour,Épicerie,Informel,Yacoub Al Mansour,34.0059748,-6.8671423,icons/greengrocer.png,OSM
Rabat-Salé-Kénitra,Souk d'Akkari,Épicerie,Informel,Souk d'Akkari,34.0088532,-6.8589612,icons/greengrocer.png,OSM
Rabat-Salé-Kénitra,Souk Tidass سوق تيداس,Épicerie,Informel,Souk Tidass سوق تيداس,34.2586194,-6.6133727,icons/greengrocer.png,OSM
Rabat-Salé-Kénitra,Souq Al Houria سوق الحرية,Épicerie,Informel,Souq Al Houria سوق الحرية,34.2603978,-6.5649017,icons/greengrocer.png,OSM
Rabat-Salé-Kénitra,Souq Al Hofra,Épicerie,Informel,Souq Al Hofra,34.266367,-6.5579337,icons/greengrocer.png,OSM
Rabat-Salé-Kénitra,Souq Al Massira,Épicerie,Informel,Souq Al Massira,34.2497906,-6.5495552,icons/greengrocer.png,OSM
Rabat-Salé-Kénitra,Atacadão,Supermarché,Formel,Atacadão,34.0280547,-6.7615646,icons/supermarket.png,OSM
Rabat-Salé-Kénitra,BIM,Supermarché,Formel,BIM,33.8984847,-6.9289384,icons/supermarket.png,OSM
Rabat-Salé-Kénitra,Aswak Assalam,Supermarché,Formel,"Boulevard Hassan II شارع الحسن الثاني, Mohammedia",33.6886521,-7.4008019,icons/supermarket.png,OSM
Rabat-Salé-Kénitra,Épicerie sans nom,Épicerie,Informel,Épicerie sans nom,34.2605132,-6.564371,icons/greengrocer.png,OSM
Rabat-Salé-Kénitra,Marché aux grains,Épicerie,Informel,Marché aux grains,33.9869518,-6.8680759,icons/greengrocer.png,OSM
Rabat-Salé-Kénitra,Hypermarché Asswak Assalam,Supermarché,Formel,Hypermarché Asswak Assalam,33.948328,-6.8690247,icons/supermarket.png,OSM
Rabat-Salé-Kénitra,McDonald's,Restaurant,Formel,McDonald's,33.953268,-6.8547312,icons/restaurant.png,OSM
Rabat-Salé-Kénitra,Centre Commercial Al Weaam,Épicerie,Informel,Centre Commercial Al Weaam,34.2420115,-6.5472273,icons/greengrocer.png,OSM
Rabat-Salé-Kénitra,Café Nassim,Café,Formel,Café Nassim,33.6797568,-7.4012456,icons/cafe.png,OSM
Rabat-Salé-Kénitra,Ocoin,Café,Formel,Ocoin,33.7013982,-7.3617415,icons/cafe.png,OSM
Rabat-Salé-Kénitra,Annasr,Café,Formel,Annasr,33.6976839,-7.3585111,icons/cafe.png,OSM
Rabat-Salé-Kénitra,Épicerie sans nom,Épicerie,Informel,Épicerie sans nom,33.8000441,-6.2661109,icons/greengrocer.png,OSM
Rabat-Salé-Kénitra,McDonald's,Restaurant,Formel,McDonald's,33.7086022,-7.3500802,icons/restaurant.png,OSM
Rabat-Salé-Kénitra,Adosani,Café,Formel,Boulevard Imam Chafii,33.6202084,-7.486741,icons/cafe.png,OSM
Rabat-Salé-Kénitra,Papparoti Café,Café,Formel,Papparoti Café,33.6083048,-7.4806766,icons/cafe.png,OSM
Rabat-Salé-Kénitra,Marché Central Skhirat,Épicerie,Informel,Marché Central Skhirat,33.8486232,-7.04575,icons/greengrocer.png,OSM
Rabat-Salé-Kénitra,Épicerie sans nom,Épicerie,Informel,Épicerie sans nom,33.6380043,-7.4517062,icons/greengrocer.png,OSM
Rabat-Salé-Kénitra,Épicerie sans nom,Épicerie,Informel,Épicerie sans nom,33.6372498,-7.4507549,icons/greengrocer.png,OSM
Rabat-Salé-Kénitra,Pharmacie Bouknadel,Parapharmacie,Formel,Route de Rabat,34.1204165,-6.741573,icons/pharmacy.png,OSM
Rabat-Salé-Kénitra,Parapharmacie sans nom,Parapharmacie,Formel,Route de Rabat,34.1545064,-6.7134656,icons/pharmacy.png,OSM
Rabat-Salé-Kénitra,Pharmacie al Kasba,Parapharmacie,Formel,Avenue Sidi Moussa,34.0564026,-6.8198596,icons/pharmacy.png,OSM
Rabat-Salé-Kénitra,Parapharmacie sans nom,Parapharmacie,Formel,Rue Al Izdihar,34.0709515,-6.7586181,icons/pharmacy.png,OSM
Rabat-Salé-Kénitra,Pharmacie Ambassador,Parapharmacie,Formel,Rue Ain Khalouiya زنقة عين خلوية,33.9600755,-6.8196068,icons/pharmacy.png,OSM
Rabat-Salé-Kénitra,Pharmacie Yamina,Parapharmacie,Formel,Rue Ain Khalouiya زنقة عين خلوية,33.9590961,-6.8233224,icons/pharmacy.png,OSM
Rabat-Salé-Kénitra,Pharmacie Ibtissam,Parapharmacie,Formel,Avenue Lalla Amina,34.0410362,-6.8101288,icons/pharmacy.png,OSM
Rabat-Salé-Kénitra,Pharmacie Achouhadaa,Parapharmacie,Formel,Avenue Achouhada,34.0385712,-6.7920811,icons/pharmacy.png,OSM
Rabat-Salé-Kénitra,Pharmacie Elamana,Parapharmacie,Formel,Avenue Omar Bnou Abdelazziz,34.0429026,-6.7812576,icons/pharmacy.png,OSM
Rabat-Salé-Kénitra,Épicerie sans nom,Épicerie,Informel,Épicerie sans nom,34.2548798,-6.676965,icons/greengrocer.png,OSM
Rabat-Salé-Kénitra,Marché central,Épicerie,Informel,Marché central,34.0224447,-6.8387589,icons/greengrocer.png,OSM
Rabat-Salé-Kénitra,Marché de Tabriquet,Épicerie,Informel,Marché de Tabriquet,34.0431934,-6.8053799,icons/greengrocer.png,OSM
Rabat-Salé-Kénitra,Épicerie sans nom,Épicerie,Informel,Épicerie sans nom,33.8605798,-6.8565856,icons/greengrocer.png,OSM
Rabat-Salé-Kénitra,Café sans nom,Café,Formel,Café sans nom,33.860323,-6.8566282,icons/cafe.png,OSM
Rabat-Salé-Kénitra,le rivage,Café,Formel,le rivage,33.9253895,-6.958585,icons/cafe.png,OSM
Rabat-Salé-Kénitra,Marjane Market,Supermarché,Formel,Marjane Market,33.9372634,-6.9396326,icons/supermarket.png,OSM
Rabat-Salé-Kénitra,Café sans nom,Café,Formel,Café sans nom,33.6083797,-7.4997145,icons/cafe.png,OSM
Rabat-Salé-Kénitra,Carrefour Market,Supermarché,Formel,"Rue Jaafar Assidiq, Rabat ⵔⴱⴰⵟ الرباط",33.9873172,-6.8495328,icons/supermarket.png,OSM
Rabat-Salé-Kénitra,warda-pharmacie,Parapharmacie,Formel,"Avenue Bir Kacem, Rabat ⵔⴱⴰⵟ الرباط",33.9579784,-6.8482276,icons/pharmacy.png,OSM
Rabat-Salé-Kénitra,Épicerie sans nom,Épicerie,Informel,Épicerie sans nom,33.6147985,-7.4974842,icons/greengrocer.png,OSM
Rabat-Salé-Kénitra,Souk Laghzal,Épicerie,Informel,Souk Laghzal,34.0380532,-6.8242863,icons/greengrocer.png,OSM
Rabat-Salé-Kénitra,Quartier général,Restaurant,Formel,Quartier général,33.983236,-6.7252059,icons/restaurant.png,OSM
Rabat-Salé-Kénitra,Epicerie Val d'Or,Supérette / Mini-market,Formel,Val d'Or,33.9048772,-6.9892031,icons/convenience.png,OSM
Rabat-Salé-Kénitra,Marché El Kamra (Souk de Kamra) سوق القامرة,Épicerie,Informel,Marché El Kamra (Souk de Kamra) سوق القامرة,33.9938013,-6.8703034,icons/greengrocer.png,OSM
Rabat-Salé-Kénitra,Café sans nom,Café,Formel,Salé,34.0363727,-6.8063235,icons/cafe.png,OSM
Rabat-Salé-Kénitra,Café sans nom,Café,Formel,Café sans nom,34.0352241,-6.8062151,icons/cafe.png,OSM
Rabat-Salé-Kénitra,Restaurant sans nom,Restaurant,Formel,Restaurant sans nom,33.8379821,-7.1031243,icons/restaurant.png,OSM
Rabat-Salé-Kénitra,Marché,Épicerie,Informel,Marché,34.0363698,-6.8229439,icons/greengrocer.png,OSM
Rabat-Salé-Kénitra,رواق قصر الذهب,Épicerie,Informel,"شارع المسيرة, الرباط",33.9766427,-6.8876639,icons/greengrocer.png,OSM
Rabat-Salé-Kénitra,Grillade Doha,Restaurant,Formel,Grillade Doha,34.2623994,-6.6620111,icons/restaurant.png,OSM
Rabat-Salé-Kénitra,Burger King,Restaurant,Formel,Burger King,33.9875441,-6.8518544,icons/restaurant.png,OSM
Rabat-Salé-Kénitra,Épicerie sans nom,Épicerie,Informel,Épicerie sans nom,34.2367015,-6.54309,icons/greengrocer.png,OSM
Rabat-Salé-Kénitra,Atacadão,Supermarché,Formel,Atacadão,34.2824774,-6.5365314,icons/supermarket.png,OSM
Rabat-Salé-Kénitra,Souk Assalihine,Épicerie,Informel,Souk Assalihine,34.0472007,-6.7904551,icons/greengrocer.png,OSM
Rabat-Salé-Kénitra,Souk Assalihine,Épicerie,Informel,Souk Assalihine,34.048885,-6.7907672,icons/greengrocer.png,OSM
Rabat-Salé-Kénitra,Ancien Marché de Gros,Épicerie,Informel,"Avenue Al Houria شارع الحرية, Rabat ⵔⴱⴰⵟ الرباط",34.0066222,-6.8673738,icons/greengrocer.png,OSM
Rabat-Salé-Kénitra,Himoud Market,Supermarché,Formel,"Rue Al Maarif, Rabat",33.991782,-6.8232465,icons/supermarket.png,OSM
Rabat-Salé-Kénitra,Supérette / Mini-market sans nom,Supérette / Mini-market,Formel,Supérette / Mini-market sans nom,33.9582556,-6.8569974,icons/convenience.png,OSM
Rabat-Salé-Kénitra,Mouradallah,Parapharmacie,Formel,"Avenue Mohamed Al Yazidi شارع محمد اليزيدي, Rabat",33.953348,-6.869598,icons/pharmacy.png,OSM
Rabat-Salé-Kénitra,super marché,Supérette / Mini-market,Formel,"commune el menzeh, rabat",33.8566269,-6.8545923,icons/convenience.png,OSM
Rabat-Salé-Kénitra,McDonald's,Restaurant,Formel,McDonald's,34.0313677,-6.8167048,icons/restaurant.png,OSM
Rabat-Salé-Kénitra,Carrefour,Supermarché,Formel,Carrefour,33.9082928,-6.9397095,icons/supermarket.png,OSM
Rabat-Salé-Kénitra,FLO,Épicerie,Informel,FLO,33.9078258,-6.9394501,icons/greengrocer.png,OSM
Rabat-Salé-Kénitra,Mr Bricolage,Épicerie,Informel,Mr Bricolage,33.9077151,-6.9391989,icons/greengrocer.png,OSM
Rabat-Salé-Kénitra,Decathlon,Épicerie,Informel,Decathlon,33.9067006,-6.9378071,icons/greengrocer.png,OSM
Rabat-Salé-Kénitra,Lefties,Épicerie,Informel,Lefties,33.9069138,-6.9380908,icons/greengrocer.png,OSM
Rabat-Salé-Kénitra,Defacto,Épicerie,Informel,Defacto,33.9070969,-6.9383336,icons/greengrocer.png,OSM
Rabat-Salé-Kénitra,Marwa,Épicerie,Informel,Marwa,33.9072301,-6.9385191,icons/greengrocer.png,OSM
Rabat-Salé-Kénitra,Lc Waikiki,Épicerie,Informel,Lc Waikiki,33.9073585,-6.9386986,icons/greengrocer.png,OSM
Rabat-Salé-Kénitra,Mobilium,Épicerie,Informel,Mobilium,33.9074916,-6.9388873,icons/greengrocer.png,OSM
Rabat-Salé-Kénitra,Adidas,Épicerie,Informel,Adidas,33.9075833,-6.9390142,icons/greengrocer.png,OSM
Rabat-Salé-Kénitra,Kiosque sans nom,Kiosque,Informel,Kiosque sans nom,34.2533039,-6.5954232,icons/kiosk.png,OSM
Rabat-Salé-Kénitra,Kiosque sans nom,Kiosque,Informel,Kiosque sans nom,34.2552116,-6.5970163,icons/kiosk.png,OSM
Rabat-Salé-Kénitra,Épicerie sans nom,Épicerie,Informel,Épicerie sans nom,34.2623143,-6.5935771,icons/greengrocer.png,OSM
Rabat-Salé-Kénitra,Kiosque sans nom,Kiosque,Informel,Kiosque sans nom,34.2621211,-6.5785847,icons/kiosk.png,OSM
Rabat-Salé-Kénitra,السوق النمودجي أولاد أوجيه,Épicerie,Informel,السوق النمودجي أولاد أوجيه,34.2543114,-6.6289757,icons/greengrocer.png,OSM
Rabat-Salé-Kénitra,Épicerie sans nom,Épicerie,Informel,Épicerie sans nom,34.2504082,-6.5383042,icons/greengrocer.png,OSM
Rabat-Salé-Kénitra,Épicerie sans nom,Épicerie,Informel,Épicerie sans nom,34.2268944,-6.6215725,icons/greengrocer.png,OSM
Rabat-Salé-Kénitra,Kiosque sans nom,Kiosque,Informel,Kiosque sans nom,34.2583612,-6.5839744,icons/kiosk.png,OSM
Rabat-Salé-Kénitra,Restaurant sans nom,Restaurant,Formel,Restaurant sans nom,34.0006828,-6.8571602,icons/restaurant.png,OSM
Rabat-Salé-Kénitra,Restaurant sans nom,Restaurant,Formel,Restaurant sans nom,34.0012058,-6.8577553,icons/restaurant.png,OSM
Rabat-Salé-Kénitra,Café sans nom,Café,Formel,Café sans nom,34.0009618,-6.8570207,icons/cafe.png,OSM
Rabat-Salé-Kénitra,Commerce,Supermarché,Formel,Commerce,34.0007982,-6.8567155,icons/supermarket.png,OSM
Rabat-Salé-Kénitra,Épicerie sans nom,Épicerie,Informel,Épicerie sans nom,33.9337193,-6.9001285,icons/greengrocer.png,OSM
Rabat-Salé-Kénitra,Crispy,Restaurant,Formel,"Ave Tarik Ibn Ziad, Souk El Arba Du Gharb ⵙⵓⵇ ⵍⴰⵔⴱⵄⴰ ⵏ ⵍⵖⴰⵔⴱ سوق الأربعاء الغرب",34.6864126,-6.0011398,icons/restaurant.png,OSM
Rabat-Salé-Kénitra,Épicerie sans nom,Épicerie,Informel,Épicerie sans nom,34.6858512,-6.0002644,icons/greengrocer.png,OSM
Rabat-Salé-Kénitra,Épicerie sans nom,Épicerie,Informel,Épicerie sans nom,34.6867283,-6.0000164,icons/greengrocer.png,OSM
Rabat-Salé-Kénitra,Café Restaurant Les Boulistes,Café,Formel,Café Restaurant Les Boulistes,34.6833168,-6.004915,icons/cafe.png,OSM
Rabat-Salé-Kénitra,Café Istanbul,Café,Formel,Café Istanbul,34.6825532,-6.0140131,icons/cafe.png,OSM
Rabat-Salé-Kénitra,Marché,Épicerie,Informel,Marché,34.264382,-6.5739808,icons/greengrocer.png,OSM
Rabat-Salé-Kénitra,Café sans nom,Café,Formel,Café sans nom,34.2571983,-6.6774432,icons/cafe.png,OSM
Rabat-Salé-Kénitra,Cafe al andalouss,Café,Formel,Cafe al andalouss,33.8947601,-6.3276157,icons/cafe.png,OSM
Rabat-Salé-Kénitra,Pharmacie Jnan Al Mansour صيدلية جنان المنصور,Parapharmacie,Formel,Tamesna,33.8354431,-6.9324549,icons/pharmacy.png,OSM
Rabat-Salé-Kénitra,Pharmacie Riad 1 صيدلية رياض,Parapharmacie,Formel,Tamesna,33.818638,-6.9348883,icons/pharmacy.png,OSM
Rabat-Salé-Kénitra,Pharmacie Kessouba صيدلية كسوبة,Parapharmacie,Formel,Tamesna,33.8244239,-6.9422688,icons/pharmacy.png,OSM
Rabat-Salé-Kénitra,Pharmacie Sedrati صيدلية السدراتي,Parapharmacie,Formel,Témara,33.9216086,-6.9548718,icons/pharmacy.png,OSM
Rabat-Salé-Kénitra,Pharmacie Regragui صيدلية الرجراجي,Parapharmacie,Formel,Témara,33.9249658,-6.9546066,icons/pharmacy.png,OSM
Rabat-Salé-Kénitra,Pharmacie Sid El Abed صيدلية سيد العابد,Parapharmacie,Formel,Témara,33.9107817,-6.9749028,icons/pharmacy.png,OSM
Rabat-Salé-Kénitra,Pharmacie Vital صيدلية فيتال,Parapharmacie,Formel,Témara,33.9170188,-6.9663375,icons/pharmacy.png,OSM
Rabat-Salé-Kénitra,Pharmacie les Roches Blanches صيدلية الصخور البيضاء,Parapharmacie,Formel,Témara تمارة,33.9304396,-6.9510769,icons/pharmacy.png,OSM
Rabat-Salé-Kénitra,Pharmacie Internationale الصيدلية الدولية,Parapharmacie,Formel,Témara تمارة,33.9219426,-6.9390991,icons/pharmacy.png,OSM
Rabat-Salé-Kénitra,Pharmacie Jorio صيدلية جوريو,Parapharmacie,Formel,Témara تمارة,33.921436,-6.9342956,icons/pharmacy.png,OSM
Rabat-Salé-Kénitra,Pharmacie Santé صيدلية الصحة,Parapharmacie,Formel,Témara تمارة,33.9208422,-6.9362284,icons/pharmacy.png,OSM
Rabat-Salé-Kénitra,Pharmacie Ryad El Wifak صيدلية رياض الوفاق,Parapharmacie,Formel,Témara,33.9242785,-6.9336763,icons/pharmacy.png,OSM
Rabat-Salé-Kénitra,Pharmacie Al Moubaraka صيدلية المباركة,Parapharmacie,Formel,Témara تمارة,33.9269659,-6.9351078,icons/pharmacy.png,OSM
Rabat-Salé-Kénitra,"Restaurant "" la marée """,Restaurant,Formel,Harhoura هرهورة,33.9288258,-6.9546262,icons/restaurant.png,OSM
Rabat-Salé-Kénitra,Pharmacie Harhoura صيدلية هرهورة,Parapharmacie,Formel,"Rue Dar Essalam, Témara تمارة",33.940205,-6.9390632,icons/pharmacy.png,OSM
Rabat-Salé-Kénitra,Pharmacie le Rivage صيدلية لوريفاج,Parapharmacie,Formel,Témara,33.9287877,-6.9548697,icons/pharmacy.png,OSM
Rabat-Salé-Kénitra,Pharmacie Bouchra Al Hamd صيدلية بشرى الحمد,Parapharmacie,Formel,Témara,33.8833557,-6.9715263,icons/pharmacy.png,OSM
Rabat-Salé-Kénitra,Pharmacie Hassouni صيدلية الحسوني,Parapharmacie,Formel,Témara,33.8924265,-6.9653531,icons/pharmacy.png,OSM
Rabat-Salé-Kénitra,Pharmacie El Amal صيدلية الأمل,Parapharmacie,Formel,Témara,33.8934537,-6.9554898,icons/pharmacy.png,OSM
Rabat-Salé-Kénitra,Pharmacie Aïn Atiq صيدلية عين عتيق,Parapharmacie,Formel,Témara,33.8883681,-6.9715061,icons/pharmacy.png,OSM
Rabat-Salé-Kénitra,Pharmacie Aya صيدلية اًية,Parapharmacie,Formel,Témara,33.8928565,-6.9729862,icons/pharmacy.png,OSM
Rabat-Salé-Kénitra,Pharmacie Kouchy صيدلية كوشي,Parapharmacie,Formel,Témara,33.8810924,-6.9656255,icons/pharmacy.png,OSM
Rabat-Salé-Kénitra,Norza market,Épicerie,Informel,Norza market,33.9378674,-6.8870769,icons/greengrocer.png,OSM
Rabat-Salé-Kénitra,Restaurant sans nom,Restaurant,Formel,Restaurant sans nom,34.0280962,-6.8236226,icons/restaurant.png,OSM
Rabat-Salé-Kénitra,Marché de Proximite le Valon,Épicerie,Informel,Marché de Proximite le Valon,34.2611358,-6.610574,icons/greengrocer.png,OSM
Rabat-Salé-Kénitra,Souq,Épicerie,Informel,Souq,34.314955,-6.4781787,icons/greengrocer.png,OSM
Rabat-Salé-Kénitra,Art'Chill,Restaurant,Formel,Art'Chill,33.9841764,-6.7230726,icons/restaurant.png,OSM
Rabat-Salé-Kénitra,Restaurant sans nom,Restaurant,Formel,Restaurant sans nom,33.9904202,-6.8449072,icons/restaurant.png,OSM
Rabat-Salé-Kénitra,Épicerie sans nom,Épicerie,Informel,Épicerie sans nom,33.5840376,-7.4775738,icons/greengrocer.png,OSM
Rabat-Salé-Kénitra,epicerie hassan bir kaceim,Supérette / Mini-market,Formel,epicerie hassan bir kaceim,33.9610623,-6.8363371,icons/convenience.png,OSM
